{"schema_version": "qqtt_calibration_v1", "created_at_utc": "2026-04-27T18:36:15.414520+00:00", "serial_numbers": ["239222300412", "239222300781", "239222303506"], "calibration_reference_serials": ["239222300412", "239222300781", "239222303506"], "logical_camera_names": ["cam0", "cam1", "cam2"], "WH": [1280, 720], "fps": 5, "transform_count": 3, "per_camera_reprojection_error": [0.10233483463525772, 0.174419566988945, 0.14966817200183868]}