ply
format ascii 1.0
element vertex 16143
property float x
property float y
property float z
property uchar red
property uchar green
property uchar blue
end_header
-0.0367298 -0.0130924 -0.1519746 255 0 0
-0.0379928 -0.0146201 -0.1512793 255 0 0
-0.0388436 -0.0162284 -0.1507960 255 0 0
-0.0380308 -0.0181379 -0.1511689 255 0 0
-0.0405508 -0.0194560 -0.1498262 255 0 0
-0.0439314 -0.0206367 -0.1480402 255 0 0
-0.0469173 -0.0219012 -0.1464570 255 0 0
-0.0340579 -0.0097964 -0.1516594 255 0 0
-0.0344887 -0.0114716 -0.1513914 255 0 0
-0.0336842 -0.0133789 -0.1517621 255 0 0
-0.0345266 -0.0149795 -0.1512813 255 0 0
-0.0357845 -0.0165086 -0.1505856 255 0 0
-0.0362174 -0.0181915 -0.1503164 255 0 0
-0.0374809 -0.0197296 -0.1496175 255 0 0
-0.0425211 -0.0206159 -0.1469649 255 0 0
-0.0446529 -0.0220261 -0.1458163 255 0 0
-0.0455206 -0.0236606 -0.1453215 255 0 0
-0.0455398 -0.0254408 -0.1452656 255 0 0
-0.0318237 -0.0081821 -0.1510776 255 0 0
-0.0310263 -0.0100894 -0.1514465 255 0 0
-0.0314545 -0.0117609 -0.1511790 255 0 0
-0.0322935 -0.0133578 -0.1506981 255 0 0
-0.0335622 -0.0166380 -0.1499486 255 0 0
-0.0352327 -0.0180967 -0.1490354 255 0 0
-0.0369107 -0.0195620 -0.1481180 255 0 0
-0.0394326 -0.0208881 -0.1467618 255 0 0
-0.0432386 -0.0220053 -0.1447379 255 0 0
-0.0436808 -0.0237117 -0.1444621 255 0 0
-0.0445480 -0.0253491 -0.1439655 255 0 0
-0.0454170 -0.0269902 -0.1434677 255 0 0
-0.0287628 -0.0049844 -0.1509760 255 0 0
-0.0291892 -0.0066512 -0.1507085 255 0 0
-0.0288005 -0.0084783 -0.1508663 255 0 0
-0.0292270 -0.0101471 -0.1505987 255 0 0
-0.0296540 -0.0118178 -0.1503309 255 0 0
-0.0296729 -0.0135668 -0.1502760 255 0 0
-0.0317553 -0.0166923 -0.1490988 255 0 0
-0.0330085 -0.0182244 -0.1483994 255 0 0
-0.0338525 -0.0198350 -0.1479134 255 0 0
-0.0371909 -0.0210134 -0.1461248 255 0 0
-0.0405599 -0.0222026 -0.1443198 255 0 0
-0.0426885 -0.0236190 -0.1431622 255 0 0
-0.0427077 -0.0253992 -0.1431063 255 0 0
-0.0439985 -0.0269694 -0.1423861 255 0 0
-0.0249232 -0.0037080 -0.1512452 255 0 0
-0.0257506 -0.0052877 -0.1507668 255 0 0
-0.0261743 -0.0069509 -0.1504998 255 0 0
-0.0270045 -0.0085369 -0.1500198 255 0 0
-0.0278366 -0.0101266 -0.1495386 255 0 0
-0.0282628 -0.0117972 -0.1492701 255 0 0
-0.0286894 -0.0134698 -0.1490014 255 0 0
-0.0299344 -0.0149930 -0.1483034 255 0 0
-0.0311998 -0.0182778 -0.1475494 255 0 0
-0.0328658 -0.0197411 -0.1466303 255 0 0
-0.0362015 -0.0209197 -0.1448348 255 0 0
-0.0395680 -0.0221092 -0.1430228 255 0 0
-0.0408504 -0.0236701 -0.1423040 255 0 0
-0.0412916 -0.0253785 -0.1420267 255 0 0
-0.0421565 -0.0270187 -0.1415269 255 0 0
-0.0550978 -0.0266930 -0.1346870 255 0 0
-0.0231166 -0.0020289 -0.1504560 255 0 0
-0.0235382 -0.0036874 -0.1501893 255 0 0
-0.0239603 -0.0053479 -0.1499223 255 0 0
-0.0243828 -0.0070102 -0.1496549 255 0 0
-0.0252106 -0.0085954 -0.1491742 255 0 0
-0.0256345 -0.0102624 -0.1489060 255 0 0
-0.0260590 -0.0119313 -0.1486374 255 0 0
-0.0272974 -0.0134493 -0.1479401 255 0 0
-0.0281316 -0.0150481 -0.1474555 255 0 0
-0.0293933 -0.0183312 -0.1467005 255 0 0
-0.0302323 -0.0199402 -0.1462131 255 0 0
-0.0339648 -0.0210449 -0.1442003 255 0 0
-0.0373172 -0.0222336 -0.1423874 255 0 0
-0.0398564 -0.0235773 -0.1410029 255 0 0
-0.0398756 -0.0253576 -0.1409470 255 0 0
-0.0403166 -0.0270680 -0.1406686 255 0 0
-0.0776015 -0.0246321 -0.1209079 255 0 0
-0.0196916 0.0010508 -0.1505692 255 0 0
-0.0213121 -0.0003517 -0.1496676 255 0 0
-0.0213308 -0.0020908 -0.1496130 255 0 0
-0.0221533 -0.0036669 -0.1491333 255 0 0
-0.0221720 -0.0054080 -0.1490786 255 0 0
-0.0225933 -0.0070694 -0.1488110 255 0 0
-0.0234185 -0.0086538 -0.1483295 255 0 0
-0.0238413 -0.0103199 -0.1480610 255 0 0
-0.0242644 -0.0119879 -0.1477922 255 0 0
-0.0246881 -0.0136578 -0.1475230 255 0 0
-0.0263309 -0.0151032 -0.1466084 255 0 0
-0.0279973 -0.0183107 -0.1456361 255 0 0
-0.0288346 -0.0199196 -0.1451475 255 0 0
-0.0296739 -0.0215323 -0.1446578 255 0 0
-0.0338230 -0.0225744 -0.1424147 255 0 0
-0.0380198 -0.0236285 -0.1401459 255 0 0
-0.0384595 -0.0253369 -0.1398673 255 0 0
-0.0393211 -0.0269771 -0.1393650 255 0 0
-0.0178940 0.0027215 -0.1497830 255 0 0
-0.0183113 0.0010712 -0.1495168 255 0 0
-0.0183300 -0.0006640 -0.1494623 255 0 0
-0.0195470 -0.0021527 -0.1487710 255 0 0
-0.0195658 -0.0038908 -0.1487164 255 0 0
-0.0203857 -0.0054681 -0.1482359 255 0 0
-0.0200037 -0.0072877 -0.1483943 255 0 0
-0.0208246 -0.0088698 -0.1479132 255 0 0
-0.0216473 -0.0104553 -0.1474311 255 0 0
-0.0224719 -0.0120445 -0.1469478 255 0 0
-0.0228943 -0.0137135 -0.1466784 255 0 0
-0.0261745 -0.0166100 -0.1448437 255 0 0
-0.0274181 -0.0181420 -0.1441370 255 0 0
-0.0282558 -0.0197526 -0.1436462 255 0 0
-0.0311552 -0.0210036 -0.1420581 255 0 0
-0.0344946 -0.0221921 -0.1402354 255 0 0
-0.0366046 -0.0236077 -0.1390668 255 0 0
-0.0378840 -0.0251739 -0.1383400 255 0 0
-0.0370625 -0.0270964 -0.1387316 255 0 0
-0.0149149 0.0041349 -0.1496293 255 0 0
-0.0149280 0.0024033 -0.1495779 255 0 0
-0.0153426 0.0007565 -0.1493122 255 0 0
-0.0161602 -0.0008081 -0.1488313 255 0 0
-0.0169739 -0.0023776 -0.1483524 255 0 0
-0.0165949 -0.0041938 -0.1485103 255 0 0
-0.0178027 -0.0056888 -0.1478207 255 0 0
-0.0182263 -0.0073456 -0.1475500 255 0 0
-0.0194395 -0.0088493 -0.1468572 255 0 0
-0.0206625 -0.0103569 -0.1461592 255 0 0
-0.0214865 -0.0119469 -0.1456742 255 0 0
-0.0223123 -0.0135405 -0.1451881 255 0 0
-0.0247793 -0.0165894 -0.1437799 255 0 0
-0.0264288 -0.0180472 -0.1428531 255 0 0
-0.0268565 -0.0197320 -0.1425793 255 0 0
-0.0309895 -0.0207639 -0.1403244 255 0 0
-0.0334997 -0.0220987 -0.1389368 255 0 0
-0.0351892 -0.0235869 -0.1379877 255 0 0
-0.0368865 -0.0250819 -0.1370342 255 0 0
-0.0373265 -0.0267951 -0.1367531 255 0 0
-0.0139335 0.0042409 -0.1483679 255 0 0
-0.0139523 0.0025095 -0.1483135 255 0 0
-0.0135757 0.0006946 -0.1484711 255 0 0
-0.0143853 -0.0008705 -0.1479925 255 0 0
-0.0144039 -0.0026028 -0.1479381 255 0 0
-0.0152152 -0.0041734 -0.1474584 255 0 0
-0.0160284 -0.0057475 -0.1469776 255 0 0
-0.0164451 -0.0074045 -0.1467095 255 0 0
-0.0176548 -0.0089074 -0.1460157 255 0 0
-0.0180732 -0.0105699 -0.1457465 255 0 0
-0.0192995 -0.0120795 -0.1450436 255 0 0
-0.0205244 -0.0135952 -0.1443412 255 0 0
-0.0217535 -0.0151161 -0.1436365 255 0 0
-0.0250303 -0.0180266 -0.1417869 255 0 0
-0.0250549 -0.0197837 -0.1417286 255 0 0
-0.0267088 -0.0212521 -0.1407951 255 0 0
-0.0291942 -0.0225834 -0.1394146 255 0 0
-0.0325285 -0.0237806 -0.1375777 255 0 0
-0.0346295 -0.0252034 -0.1364031 255 0 0
-0.0367483 -0.0266335 -0.1352187 255 0 0
-0.0121432 0.0059062 -0.1475847 255 0 0
-0.0129511 0.0043470 -0.1471051 255 0 0
-0.0125749 0.0025300 -0.1472634 255 0 0
-0.0121991 0.0007150 -0.1474216 255 0 0
-0.0126122 -0.0009328 -0.1471546 255 0 0
-0.0126309 -0.0026641 -0.1471002 255 0 0
-0.0126495 -0.0043955 -0.1470458 255 0 0
-0.0138543 -0.0058873 -0.1463520 255 0 0
-0.0142692 -0.0075425 -0.1460839 255 0 0
-0.0154795 -0.0090429 -0.1453868 255 0 0
-0.0170931 -0.0104706 -0.1444720 255 0 0
-0.0175118 -0.0121359 -0.1442016 255 0 0
-0.0179309 -0.0138031 -0.1439309 255 0 0
-0.0215732 -0.0148685 -0.1419213 255 0 0
-0.0232307 -0.0180792 -0.1409371 255 0 0
-0.0232496 -0.0198363 -0.1408819 255 0 0
-0.0253071 -0.0212315 -0.1397264 255 0 0
-0.0310963 -0.0219835 -0.1365562 255 0 0
-0.0311155 -0.0237598 -0.1365004 255 0 0
-0.0348936 -0.0248966 -0.1344150 255 0 0
-0.0107667 0.0059267 -0.1465351 255 0 0
-0.0096070 0.0039403 -0.1471186 255 0 0
-0.0104107 0.0023814 -0.1466393 255 0 0
-0.0100365 0.0005686 -0.1467976 255 0 0
-0.0104479 -0.0010775 -0.1465306 255 0 0
-0.0108598 -0.0027254 -0.1462633 255 0 0
-0.0120609 -0.0042135 -0.1455685 255 0 0
-0.0128701 -0.0057867 -0.1450859 255 0 0
-0.0132847 -0.0074429 -0.1448169 255 0 0
-0.0136998 -0.0091009 -0.1445475 255 0 0
-0.0157072 -0.0104501 -0.1434154 255 0 0
-0.0161251 -0.0121154 -0.1431443 255 0 0
-0.0177448 -0.0135541 -0.1422219 255 0 0
-0.0193719 -0.0149994 -0.1412953 255 0 0
-0.0210063 -0.0164512 -0.1403645 255 0 0
-0.0218519 -0.0198157 -0.1398162 255 0 0
-0.0271848 -0.0206275 -0.1368793 255 0 0
-0.0309295 -0.0217442 -0.1348031 255 0 0
-0.0334541 -0.0230902 -0.1333882 255 0 0
-0.0347324 -0.0246610 -0.1326491 255 0 0
-0.0086056 0.0057744 -0.1459121 255 0 0
-0.0082327 0.0039607 -0.1460707 255 0 0
-0.0086429 0.0023175 -0.1458035 255 0 0
-0.0086614 0.0005890 -0.1457492 255 0 0
-0.0086801 -0.0011395 -0.1456949 255 0 0
-0.0086987 -0.0028680 -0.1456406 255 0 0
-0.0095019 -0.0044354 -0.1451593 255 0 0
-0.0110949 -0.0058464 -0.1442481 255 0 0
-0.0115083 -0.0075016 -0.1439788 255 0 0
-0.0119221 -0.0091588 -0.1437092 255 0 0
-0.0139235 -0.0105074 -0.1425753 255 0 0
-0.0147384 -0.0120950 -0.1420871 255 0 0
-0.0159548 -0.0136099 -0.1413801 255 0 0
-0.0171754 -0.0151300 -0.1406708 255 0 0
-0.0196100 -0.0164306 -0.1393000 255 0 0
-0.0200332 -0.0181117 -0.1390247 255 0 0
-0.0245458 -0.0208262 -0.1364763 255 0 0
-0.0303456 -0.0215772 -0.1332707 255 0 0
-0.0320337 -0.0230693 -0.1323053 255 0 0
-0.0337295 -0.0245684 -0.1313354 255 0 0
-0.0068212 0.0074362 -0.1451315 255 0 0
-0.0064494 0.0056225 -0.1452905 255 0 0
-0.0068583 0.0039811 -0.1450230 255 0 0
-0.0068769 0.0022536 -0.1449686 255 0 0
-0.0061153 0.0003597 -0.1453408 255 0 0
-0.0069141 -0.0012015 -0.1448601 255 0 0
-0.0077149 -0.0027661 -0.1443782 255 0 0
-0.0077335 -0.0044957 -0.1443239 255 0 0
-0.0089287 -0.0059859 -0.1436262 255 0 0
-0.0097339 -0.0075603 -0.1431417 255 0 0
-0.0105409 -0.0091383 -0.1426560 255 0 0
-0.0125383 -0.0104869 -0.1415192 255 0 0
-0.0129541 -0.0121514 -0.1412472 255 0 0
-0.0141669 -0.0136656 -0.1405393 255 0 0
-0.0145846 -0.0153356 -0.1402662 255 0 0
-0.0186335 -0.0180916 -0.1379611 255 0 0
-0.0198656 -0.0196280 -0.1372418 255 0 0
-0.0219157 -0.0210243 -0.1360747 255 0 0
-0.0289286 -0.0215563 -0.1321903 255 0 0
-0.0314490 -0.0229033 -0.1307648 255 0 0
-0.0331454 -0.0244037 -0.1297902 255 0 0
-0.0054283 0.0091841 -0.1441380 255 0 0
-0.0050573 0.0073695 -0.1442975 255 0 0
-0.0046868 0.0055569 -0.1444568 255 0 0
-0.0047054 0.0038313 -0.1444026 255 0 0
-0.0043351 0.0020216 -0.1445619 255 0 0
-0.0051316 0.0004632 -0.1440805 255 0 0
-0.0051502 -0.0012634 -0.1440262 255 0 0
-0.0063390 -0.0027457 -0.1433292 255 0 0
-0.0063577 -0.0044753 -0.1432748 255 0 0
-0.0075505 -0.0059655 -0.1425755 255 0 0
-0.0079614 -0.0076190 -0.1423055 255 0 0
-0.0091596 -0.0091179 -0.1416029 255 0 0
-0.0107572 -0.0105442 -0.1406806 255 0 0
-0.0119649 -0.0120540 -0.1399725 255 0 0
-0.0123808 -0.0137212 -0.1396993 255 0 0
-0.0155936 -0.0148620 -0.1378887 255 0 0
-0.0184472 -0.0178482 -0.1362302 255 0 0
-0.0188707 -0.0195340 -0.1359525 255 0 0
-0.0221425 -0.0207118 -0.1341081 255 0 0
-0.0287574 -0.0213155 -0.1304245 255 0 0
-0.0312817 -0.0226640 -0.1289904 255 0 0
-0.0325600 -0.0242387 -0.1282414 255 0 0
-0.0032582 0.0107541 -0.1435729 255 0 0
-0.0032768 0.0090285 -0.1435186 255 0 0
-0.0025199 0.0071291 -0.1438920 255 0 0
-0.0033139 0.0055773 -0.1434102 255 0 0
-0.0033325 0.0038517 -0.1433559 255 0 0
-0.0037394 0.0022102 -0.1430875 255 0 0
-0.0033697 0.0004004 -0.1432475 255 0 0
-0.0037766 -0.0012430 -0.1429789 255 0 0
-0.0045733 -0.0028069 -0.1424953 255 0 0
-0.0049818 -0.0044549 -0.1422258 255 0 0
-0.0065638 -0.0058651 -0.1413085 255 0 0
-0.0069743 -0.0075195 -0.1410377 255 0 0
-0.0081716 -0.0090191 -0.1403326 255 0 0
-0.0097678 -0.0104460 -0.1394069 255 0 0
-0.0113714 -0.0118794 -0.1384771 255 0 0
-0.0117875 -0.0135484 -0.1382028 255 0 0
-0.0141998 -0.0148414 -0.1368259 255 0 0
-0.0174516 -0.0177532 -0.1349402 255 0 0
-0.0182794 -0.0193662 -0.1344380 255 0 0
-0.0248359 -0.0199555 -0.1307701 255 0 0
-0.0285857 -0.0210739 -0.1286525 255 0 0
-0.0298571 -0.0226431 -0.1279043 255 0 0
-0.0315528 -0.0241455 -0.1269213 255 0 0
-0.0022544 0.0125901 -0.1423658 255 0 0
-0.0014982 0.0106857 -0.1427407 255 0 0
-0.0015168 0.0089611 -0.1426865 255 0 0
-0.0011486 0.0071496 -0.1428465 255 0 0
-0.0011672 0.0054259 -0.1427923 255 0 0
-0.0011857 0.0037022 -0.1427382 255 0 0
-0.0015910 0.0020624 -0.1424696 255 0 0
-0.0016096 0.0003377 -0.1424154 255 0 0
-0.0027911 -0.0011403 -0.1417165 255 0 0
-0.0031982 -0.0027865 -0.1414468 255 0 0
-0.0039952 -0.0043538 -0.1409608 255 0 0
-0.0044037 -0.0060046 -0.1406903 255 0 0
-0.0059862 -0.0074199 -0.1397685 255 0 0
-0.0063969 -0.0090770 -0.1394965 255 0 0
-0.0083826 -0.0104255 -0.1383508 255 0 0
-0.0095870 -0.0119360 -0.1376383 255 0 0
-0.0107954 -0.0134515 -0.1369234 255 0 0
-0.0120079 -0.0149723 -0.1362061 255 0 0
-0.0164548 -0.0176580 -0.1336487 255 0 0
-0.0176866 -0.0191981 -0.1329201 255 0 0
-0.0221887 -0.0201563 -0.1303757 255 0 0
-0.0271636 -0.0210530 -0.1275683 255 0 0
-0.0284326 -0.0226221 -0.1268182 255 0 0
-0.0318059 -0.0238349 -0.1248991 255 0 0
-0.0460142 -0.0250618 -0.1169151 255 0 0
-0.0004755 0.0142462 -0.1415880 255 0 0
-0.0001076 0.0124308 -0.1417488 255 0 0
0.0002598 0.0106174 -0.1419093 255 0 0
0.0002412 0.0088937 -0.1418552 255 0 0
0.0002227 0.0071700 -0.1418010 255 0 0
-0.0001819 0.0055322 -0.1415319 255 0 0
0.0001856 0.0037225 -0.1416926 255 0 0
0.0001671 0.0019988 -0.1416384 255 0 0
-0.0002375 0.0003581 -0.1413693 255 0 0
-0.0010294 -0.0012022 -0.1408843 255 0 0
-0.0018231 -0.0027661 -0.1403983 255 0 0
-0.0026186 -0.0043334 -0.1399112 255 0 0
-0.0030262 -0.0059841 -0.1396400 255 0 0
-0.0049969 -0.0073202 -0.1384979 255 0 0
-0.0057995 -0.0088997 -0.1380064 255 0 0
-0.0073913 -0.0103272 -0.1370750 255 0 0
-0.0085947 -0.0118383 -0.1363600 255 0 0
-0.0086134 -0.0135836 -0.1363052 255 0 0
-0.0098208 -0.0151028 -0.1355876 255 0 0
-0.0158602 -0.0174881 -0.1321308 255 0 0
-0.0174978 -0.0189556 -0.1311726 255 0 0
-0.0220065 -0.0199139 -0.1286128 255 0 0
-0.0269887 -0.0208104 -0.1257883 255 0 0
-0.0278420 -0.0224551 -0.1252667 255 0 0
-0.0295350 -0.0239589 -0.1242765 255 0 0
-0.0329252 -0.0251822 -0.1223390 255 0 0
0.0016682 0.0140852 -0.1409721 255 0 0
0.0024187 0.0121823 -0.1413479 255 0 0
0.0024002 0.0104605 -0.1412938 255 0 0
0.0023817 0.0087388 -0.1412397 255 0 0
0.0023632 0.0070170 -0.1411856 255 0 0
0.0019603 0.0053809 -0.1409164 255 0 0
0.0011717 0.0038279 -0.1404315 255 0 0
0.0015385 0.0020192 -0.1405928 255 0 0
0.0011347 0.0003784 -0.1403231 255 0 0
-0.0004292 -0.0010171 -0.1394041 255 0 0
-0.0004478 -0.0027457 -0.1393498 255 0 0
-0.0008539 -0.0043937 -0.1390786 255 0 0
-0.0024266 -0.0058039 -0.1381543 255 0 0
-0.0032250 -0.0073790 -0.1376633 255 0 0
-0.0048084 -0.0088007 -0.1367327 255 0 0
-0.0063989 -0.0102287 -0.1357978 255 0 0
-0.0072063 -0.0118178 -0.1353014 255 0 0
-0.0084113 -0.0133341 -0.1345821 255 0 0
-0.0112299 -0.0163076 -0.1329142 255 0 0
-0.0152643 -0.0173177 -0.1306093 255 0 0
-0.0173084 -0.0187122 -0.1294191 255 0 0
-0.0218236 -0.0196706 -0.1268438 255 0 0
-0.0251487 -0.0208635 -0.1249349 255 0 0
-0.0272499 -0.0222877 -0.1237117 255 0 0
-0.0285242 -0.0238654 -0.1229518 255 0 0
-0.0298029 -0.0254487 -0.1221892 255 0 0
0.0038255 0.0156462 -0.1404119 255 0 0
0.0041901 0.0138341 -0.1405729 255 0 0
0.0037886 0.0122027 -0.1403036 255 0 0
0.0033864 0.0105696 -0.1400339 255 0 0
0.0033679 0.0088468 -0.1399798 255 0 0
0.0037330 0.0070373 -0.1401412 255 0 0
0.0037145 0.0053155 -0.1400870 255 0 0
0.0033123 0.0036785 -0.1398173 255 0 0
0.0032938 0.0019557 -0.1397631 255 0 0
0.0021218 0.0004820 -0.1390605 255 0 0
0.0009459 -0.0009966 -0.1383556 255 0 0
0.0009273 -0.0027253 -0.1383013 255 0 0
-0.0002525 -0.0042118 -0.1375939 255 0 0
-0.0010476 -0.0057834 -0.1371028 255 0 0
-0.0018444 -0.0073586 -0.1366107 255 0 0
-0.0030336 -0.0088588 -0.1358976 255 0 0
-0.0042268 -0.0103641 -0.1351822 255 0 0
-0.0062120 -0.0117201 -0.1340210 255 0 0
-0.0070205 -0.0133135 -0.1335217 255 0 0
-0.0098336 -0.0162870 -0.1318496 255 0 0
-0.0142633 -0.0172220 -0.1293117 255 0 0
-0.0171182 -0.0184680 -0.1276596 255 0 0
-0.0237057 -0.0190528 -0.1239057 255 0 0
-0.0253863 -0.0205461 -0.1229140 255 0 0
-0.0274929 -0.0219727 -0.1216821 255 0 0
-0.0275123 -0.0237719 -0.1216255 255 0 0
-0.0279506 -0.0254994 -0.1213330 255 0 0
-0.0317628 -0.0266607 -0.1191397 255 0 0
0.0052139 0.0173885 -0.1394216 255 0 0
0.0055777 0.0155753 -0.1395831 255 0 0
0.0051769 0.0139450 -0.1393133 255 0 0
0.0051584 0.0122232 -0.1392591 255 0 0
0.0055223 0.0104128 -0.1394208 255 0 0
0.0058857 0.0086046 -0.1395823 255 0 0
0.0054854 0.0069711 -0.1393126 255 0 0
0.0050844 0.0053359 -0.1390426 255 0 0
0.0046830 0.0036989 -0.1387723 255 0 0
0.0046645 0.0019760 -0.1387181 255 0 0
0.0038790 0.0004192 -0.1382308 255 0 0
0.0027066 -0.0010587 -0.1375248 255 0 0
0.0023026 -0.0027049 -0.1372527 255 0 0
0.0011250 -0.0041914 -0.1365436 255 0 0
0.0007192 -0.0058430 -0.1362704 255 0 0
-0.0004637 -0.0073382 -0.1355580 255 0 0
-0.0020409 -0.0087597 -0.1346226 255 0 0
-0.0032331 -0.0102657 -0.1339046 255 0 0
-0.0052167 -0.0116222 -0.1327392 255 0 0
-0.0064196 -0.0131399 -0.1320148 255 0 0
-0.0096324 -0.0160407 -0.1301092 255 0 0
-0.0124558 -0.0172763 -0.1284679 255 0 0
-0.0157075 -0.0184472 -0.1265840 255 0 0
-0.0214559 -0.0191816 -0.1232874 255 0 0
-0.0247909 -0.0203764 -0.1213554 255 0 0
-0.0260616 -0.0219517 -0.1205909 255 0 0
-0.0264992 -0.0236782 -0.1202977 255 0 0
-0.0269371 -0.0254067 -0.1200042 255 0 0
-0.0299006 -0.0267109 -0.1182812 255 0 0
0.0062387 0.0209468 -0.1382689 255 0 0
0.0066023 0.0191307 -0.1384313 255 0 0
0.0062017 0.0175014 -0.1381606 255 0 0
0.0073280 0.0155045 -0.1387554 255 0 0
0.0069283 0.0138750 -0.1384852 255 0 0
0.0072910 0.0120647 -0.1386472 255 0 0
0.0076534 0.0102565 -0.1388090 255 0 0
0.0072541 0.0086249 -0.1385390 255 0 0
0.0072356 0.0069050 -0.1384849 255 0 0
0.0064542 0.0053563 -0.1379982 255 0 0
0.0060536 0.0037192 -0.1377272 255 0 0
0.0056526 0.0020804 -0.1374560 255 0 0
0.0052511 0.0004396 -0.1371845 255 0 0
0.0040811 -0.0010383 -0.1364768 255 0 0
0.0032927 -0.0026029 -0.1359856 255 0 0
0.0021161 -0.0040900 -0.1352739 255 0 0
0.0020975 -0.0058226 -0.1352195 255 0 0
0.0001402 -0.0071590 -0.1340643 255 0 0
-0.0014374 -0.0085818 -0.1331245 255 0 0
-0.0026299 -0.0100892 -0.1324032 255 0 0
-0.0038266 -0.0116017 -0.1316794 255 0 0
-0.0054221 -0.0130426 -0.1307289 255 0 0
-0.0090311 -0.0158692 -0.1285898 255 0 0
-0.0118552 -0.0171055 -0.1269405 255 0 0
-0.0147021 -0.0183518 -0.1252780 255 0 0
-0.0208582 -0.0190109 -0.1217345 255 0 0
-0.0233622 -0.0203553 -0.1202660 255 0 0
-0.0254654 -0.0217831 -0.1190249 255 0 0
-0.0246497 -0.0237298 -0.1194430 255 0 0
-0.0263412 -0.0252419 -0.1184357 255 0 0
-0.0322918 -0.0278634 -0.1149603 255 0 0
0.0072461 0.0227855 -0.1370609 255 0 0
0.0076093 0.0209674 -0.1372240 255 0 0
0.0079721 0.0191512 -0.1373868 255 0 0
0.0083344 0.0173371 -0.1375496 255 0 0
0.0094559 0.0153426 -0.1381446 255 0 0
0.0094374 0.0136246 -0.1380906 255 0 0
0.0090394 0.0119958 -0.1378204 255 0 0
0.0090210 0.0102769 -0.1377664 255 0 0
0.0090025 0.0085579 -0.1377123 255 0 0
0.0086040 0.0069254 -0.1374417 255 0 0
0.0085856 0.0052054 -0.1373876 255 0 0
0.0078056 0.0036548 -0.1368996 255 0 0
0.0074058 0.0020168 -0.1366280 255 0 0
0.0062407 0.0005432 -0.1359202 255 0 0
0.0058391 -0.0011003 -0.1356475 255 0 0
0.0050531 -0.0026641 -0.1351556 255 0 0
0.0038801 -0.0041505 -0.1344430 255 0 0
0.0030898 -0.0057221 -0.1339483 255 0 0
0.0019103 -0.0072179 -0.1332316 255 0 0
0.0003375 -0.0086401 -0.1322905 255 0 0
-0.0012423 -0.0100686 -0.1313451 255 0 0
-0.0028293 -0.0115037 -0.1303954 255 0 0
-0.0048183 -0.0128683 -0.1292161 255 0 0
-0.0088279 -0.0156215 -0.1268388 255 0 0
-0.0112533 -0.0169343 -0.1254096 255 0 0
-0.0149134 -0.0180313 -0.1232753 255 0 0
-0.0190227 -0.0190649 -0.1208840 255 0 0
-0.0223483 -0.0202598 -0.1189396 255 0 0
-0.0244499 -0.0216881 -0.1176940 255 0 0
-0.0236349 -0.0236361 -0.1181139 255 0 0
-0.0257438 -0.0250768 -0.1168636 255 0 0
-0.0295556 -0.0262394 -0.1146403 255 0 0
-0.0438470 -0.0275249 -0.1063822 255 0 0
0.0013395 0.0281239 -0.1319410 255 0 0
0.0063419 0.0251105 -0.1347576 255 0 0
0.0086176 0.0228061 -0.1360153 255 0 0
0.0101201 0.0207050 -0.1368311 255 0 0
0.0097221 0.0190783 -0.1365598 255 0 0
0.0100832 0.0172652 -0.1367229 255 0 0
0.0108228 0.0153630 -0.1371025 255 0 0
0.0111827 0.0135550 -0.1372650 255 0 0
0.0111642 0.0118379 -0.1372110 255 0 0
0.0111458 0.0101209 -0.1371570 255 0 0
0.0103701 0.0085783 -0.1366695 255 0 0
0.0099724 0.0069457 -0.1363983 255 0 0
0.0095742 0.0053114 -0.1361268 255 0 0
0.0091755 0.0036752 -0.1358550 255 0 0
0.0083955 0.0021211 -0.1353647 255 0 0
0.0072314 0.0006468 -0.1346544 255 0 0
0.0068302 -0.0009975 -0.1343809 255 0 0
0.0060449 -0.0025620 -0.1338873 255 0 0
0.0056422 -0.0042109 -0.1336129 255 0 0
0.0044690 -0.0057017 -0.1328968 255 0 0
0.0029047 -0.0071180 -0.1319565 255 0 0
0.0021105 -0.0086983 -0.1314574 255 0 0
0.0005356 -0.0101262 -0.1305107 255 0 0
-0.0014384 -0.0114831 -0.1293350 255 0 0
-0.0038342 -0.0145255 -0.1278728 255 0 0
-0.0082238 -0.0154490 -0.1253113 255 0 0
-0.0102476 -0.0168382 -0.1241059 255 0 0
-0.0147182 -0.0177848 -0.1214969 255 0 0
-0.0196584 -0.0186682 -0.1186180 255 0 0
-0.0217485 -0.0200894 -0.1173736 255 0 0
-0.0230161 -0.0216670 -0.1166008 255 0 0
-0.0230354 -0.0234694 -0.1165441 255 0 0
-0.0251452 -0.0249113 -0.1152878 255 0 0
-0.0276892 -0.0262900 -0.1137819 255 0 0
-0.0345457 -0.0287940 -0.1097540 255 0 0
-0.0011625 0.0308977 -0.1286950 255 0 0
0.0019477 0.0283440 -0.1304374 255 0 0
0.0073349 0.0252284 -0.1334884 255 0 0
0.0084643 0.0232096 -0.1340936 255 0 0
0.0107304 0.0209140 -0.1353521 255 0 0
0.0110912 0.0190988 -0.1355159 255 0 0
0.0122081 0.0171014 -0.1361144 255 0 0
0.0125672 0.0152924 -0.1362774 255 0 0
0.0125488 0.0135754 -0.1362235 255 0 0
0.0121528 0.0119474 -0.1359523 255 0 0
0.0121343 0.0102294 -0.1358983 255 0 0
0.0121159 0.0085113 -0.1358442 255 0 0
0.0120975 0.0067933 -0.1357902 255 0 0
0.0113224 0.0052462 -0.1353009 255 0 0
0.0109249 0.0036108 -0.1350288 255 0 0
0.0097670 0.0021415 -0.1343191 255 0 0
0.0093678 0.0005008 -0.1340458 255 0 0
0.0085867 -0.0010595 -0.1335527 255 0 0
0.0074209 -0.0025416 -0.1328381 255 0 0
0.0062513 -0.0040288 -0.1321211 255 0 0
0.0062327 -0.0057613 -0.1320666 255 0 0
0.0046732 -0.0071770 -0.1311250 255 0 0
0.0034944 -0.0086778 -0.1304023 255 0 0
0.0015333 -0.0100276 -0.1292290 255 0 0
-0.0000475 -0.0114626 -0.1282745 255 0 0
-0.0032276 -0.0143526 -0.1263542 255 0 0
-0.0072186 -0.0153522 -0.1240105 255 0 0
-0.0092407 -0.0167420 -0.1228007 255 0 0
-0.0137075 -0.0176885 -0.1201820 255 0 0
-0.0178193 -0.0187225 -0.1177672 255 0 0
-0.0207319 -0.0199936 -0.1160432 255 0 0
-0.0224152 -0.0214978 -0.1150274 255 0 0
-0.0224346 -0.0233023 -0.1149707 255 0 0
-0.0237071 -0.0248902 -0.1141913 255 0 0
-0.0254043 -0.0264122 -0.1131670 255 0 0
-0.0288197 -0.0294780 -0.1111056 255 0 0
-0.0032966 0.0335993 -0.1256407 255 0 0
0.0002314 0.0309186 -0.1276322 255 0 0
0.0021676 0.0286646 -0.1287054 255 0 0
0.0087116 0.0252490 -0.1324386 255 0 0
0.0102199 0.0231342 -0.1332656 255 0 0
0.0113419 0.0211235 -0.1338698 255 0 0
0.0128384 0.0190261 -0.1346904 255 0 0
0.0131977 0.0172140 -0.1348544 255 0 0
0.0143099 0.0152219 -0.1354533 255 0 0
0.0142914 0.0135058 -0.1353993 255 0 0
0.0138965 0.0118787 -0.1351278 255 0 0
0.0142546 0.0100735 -0.1352914 255 0 0
0.0142362 0.0083574 -0.1352374 255 0 0
0.0138412 0.0067274 -0.1349658 255 0 0
0.0130686 0.0051810 -0.1344759 255 0 0
0.0119155 0.0037159 -0.1337661 255 0 0
0.0115179 0.0020779 -0.1334927 255 0 0
0.0107401 0.0005211 -0.1329996 255 0 0
0.0099605 -0.0010391 -0.1325053 255 0 0
0.0087970 -0.0025212 -0.1317889 255 0 0
0.0076298 -0.0040083 -0.1310702 255 0 0
0.0072274 -0.0056608 -0.1307937 255 0 0
0.0060548 -0.0071566 -0.1300717 255 0 0
0.0041041 -0.0084998 -0.1288994 255 0 0
0.0029210 -0.0100071 -0.1281709 255 0 0
0.0013434 -0.0114420 -0.1272140 255 0 0
-0.0022249 -0.0142557 -0.1250606 255 0 0
-0.0062124 -0.0152553 -0.1227082 255 0 0
-0.0094392 -0.0164184 -0.1207957 255 0 0
-0.0122894 -0.0176677 -0.1191007 255 0 0
-0.0159824 -0.0187768 -0.1169174 255 0 0
-0.0188858 -0.0200473 -0.1151910 255 0 0
-0.0209797 -0.0214767 -0.1139329 255 0 0
-0.0218323 -0.0231348 -0.1133935 255 0 0
-0.0226869 -0.0247967 -0.1128529 255 0 0
-0.0260864 -0.0278492 -0.1107920 255 0 0
-0.0046548 0.0361174 -0.1230174 255 0 0
-0.0022911 0.0337242 -0.1243431 255 0 0
0.0016254 0.0309395 -0.1265694 255 0 0
0.0039466 0.0285854 -0.1278712 255 0 0
0.0097065 0.0253669 -0.1311674 255 0 0
0.0119735 0.0230590 -0.1324385 255 0 0
0.0130920 0.0210495 -0.1330438 255 0 0
0.0145838 0.0189534 -0.1338657 255 0 0
0.0149419 0.0171423 -0.1340301 255 0 0
0.0156752 0.0152423 -0.1344123 255 0 0
0.0156568 0.0135261 -0.1343583 255 0 0
0.0156385 0.0118100 -0.1343043 255 0 0
0.0156201 0.0100939 -0.1342503 255 0 0
0.0156016 0.0083777 -0.1341963 255 0 0
0.0152074 0.0067478 -0.1339242 255 0 0
0.0144362 0.0052014 -0.1334331 255 0 0
0.0136634 0.0036516 -0.1329409 255 0 0
0.0128887 0.0020983 -0.1324476 255 0 0
0.0121124 0.0005415 -0.1319533 255 0 0
0.0117143 -0.0011011 -0.1316785 255 0 0
0.0109353 -0.0026640 -0.1311824 255 0 0
0.0093908 -0.0040689 -0.1302415 255 0 0
0.0089896 -0.0057205 -0.1299647 255 0 0
0.0074363 -0.0071361 -0.1290183 255 0 0
0.0062621 -0.0086369 -0.1282921 255 0 0
0.0043088 -0.0099866 -0.1271128 255 0 0
0.0027344 -0.0114215 -0.1261535 255 0 0
-0.0024056 -0.0139290 -0.1230767 255 0 0
-0.0060033 -0.0150056 -0.1209401 255 0 0
-0.0084289 -0.0163216 -0.1194848 255 0 0
-0.0112767 -0.0175713 -0.1177836 255 0 0
-0.0149666 -0.0186805 -0.1155922 255 0 0
-0.0178675 -0.0199514 -0.1138593 255 0 0
-0.0199596 -0.0213814 -0.1125966 255 0 0
-0.0199790 -0.0231870 -0.1125398 255 0 0
-0.0212480 -0.0247756 -0.1117558 255 0 0
-0.0246379 -0.0278284 -0.1096913 255 0 0
-0.0267893 -0.0311178 -0.1083471 255 0 0
-0.0116787 0.0401716 -0.1170802 255 0 0
-0.0036460 0.0362442 -0.1217131 255 0 0
-0.0016800 0.0339532 -0.1228137 255 0 0
0.0030194 0.0309604 -0.1255066 255 0 0
0.0061108 0.0284064 -0.1272634 255 0 0
0.0114654 0.0252903 -0.1303392 255 0 0
0.0137252 0.0229838 -0.1316123 255 0 0
0.0152172 0.0208811 -0.1324384 255 0 0
0.0167025 0.0187878 -0.1332607 255 0 0
0.0166841 0.0170707 -0.1332066 255 0 0
0.0177893 0.0150810 -0.1338076 255 0 0
0.0177709 0.0133668 -0.1337537 255 0 0
0.0177525 0.0116526 -0.1336997 255 0 0
0.0169854 0.0101142 -0.1332093 255 0 0
0.0173416 0.0083110 -0.1333737 255 0 0
0.0165737 0.0067681 -0.1328825 255 0 0
0.0154277 0.0053073 -0.1321708 255 0 0
0.0150326 0.0036719 -0.1318970 255 0 0
0.0146371 0.0020347 -0.1316228 255 0 0
0.0138631 0.0004788 -0.1311277 255 0 0
0.0130874 -0.0010807 -0.1306316 255 0 0
0.0115494 -0.0024804 -0.1296904 255 0 0
0.0107685 -0.0040484 -0.1291910 255 0 0
0.0103681 -0.0057001 -0.1289137 255 0 0
0.0084339 -0.0070362 -0.1277408 255 0 0
0.0072608 -0.0085377 -0.1270120 255 0 0
0.0056966 -0.0099661 -0.1260546 255 0 0
0.0029563 -0.0111679 -0.1244102 255 0 0
-0.0017948 -0.0137548 -0.1215466 255 0 0
-0.0061941 -0.0146782 -0.1189319 255 0 0
-0.0074175 -0.0162248 -0.1181724 255 0 0
-0.0110745 -0.0173232 -0.1159906 255 0 0
-0.0147697 -0.0184332 -0.1137860 255 0 0
-0.0168480 -0.0198554 -0.1125260 255 0 0
-0.0181085 -0.0214346 -0.1117438 255 0 0
-0.0185425 -0.0231659 -0.1114447 255 0 0
-0.0210604 -0.0245368 -0.1099270 255 0 0
-0.0236127 -0.0277363 -0.1083431 255 0 0
-0.0236323 -0.0295546 -0.1082859 255 0 0
-0.0253392 -0.0310965 -0.1072416 255 0 0
-0.0139138 0.0429799 -0.1138994 255 0 0
-0.0110690 0.0404117 -0.1155184 255 0 0
-0.0034326 0.0365831 -0.1199414 255 0 0
-0.0002765 0.0339743 -0.1217436 255 0 0
0.0024591 0.0314914 -0.1233001 255 0 0
0.0067252 0.0286271 -0.1257527 255 0 0
0.0132222 0.0252137 -0.1295118 255 0 0
0.0147195 0.0231001 -0.1303448 255 0 0
0.0169622 0.0208074 -0.1316144 255 0 0
0.0176942 0.0189012 -0.1319997 255 0 0
0.0184245 0.0169992 -0.1323842 255 0 0
0.0184062 0.0152831 -0.1323302 255 0 0
0.0191348 0.0133872 -0.1327138 255 0 0
0.0191164 0.0116729 -0.1326599 255 0 0
0.0187247 0.0100466 -0.1323872 255 0 0
0.0183325 0.0084184 -0.1321142 255 0 0
0.0179399 0.0067884 -0.1318409 255 0 0
0.0171717 0.0052421 -0.1313475 255 0 0
0.0167778 0.0036076 -0.1310733 255 0 0
0.0160071 0.0020551 -0.1305782 255 0 0
0.0152346 0.0004991 -0.1300820 255 0 0
0.0144604 -0.0010603 -0.1295847 255 0 0
0.0133053 -0.0025417 -0.1288639 255 0 0
0.0121462 -0.0040280 -0.1281406 255 0 0
0.0113651 -0.0055996 -0.1276389 255 0 0
0.0098163 -0.0070157 -0.1266868 255 0 0
0.0086455 -0.0085172 -0.1259562 255 0 0
0.0063106 -0.0097890 -0.1245425 255 0 0
0.0043496 -0.0111473 -0.1233479 255 0 0
-0.0015787 -0.0135030 -0.1197805 255 0 0
-0.0051826 -0.0145805 -0.1176207 255 0 0
-0.0064049 -0.0161278 -0.1168585 255 0 0
-0.0104650 -0.0171504 -0.1144301 255 0 0
-0.0125223 -0.0185632 -0.1131772 255 0 0
-0.0150030 -0.0199093 -0.1116753 255 0 0
-0.0166730 -0.0214134 -0.1106493 255 0 0
-0.0171061 -0.0231448 -0.1103494 255 0 0
-0.0196190 -0.0245157 -0.1088279 255 0 0
-0.0225865 -0.0276439 -0.1069932 255 0 0
-0.0242920 -0.0291823 -0.1059453 255 0 0
-0.0251575 -0.0308672 -0.1053908 255 0 0
-0.0149317 0.0454774 -0.1114142 255 0 0
-0.0112547 0.0426677 -0.1135297 255 0 0
-0.0092371 0.0403237 -0.1146705 255 0 0
-0.0012277 0.0363923 -0.1193337 255 0 0
0.0011271 0.0339954 -0.1206735 255 0 0
0.0042481 0.0314101 -0.1224641 255 0 0
0.0073409 0.0288483 -0.1242386 255 0 0
0.0138394 0.0254289 -0.1280163 255 0 0
0.0164697 0.0230250 -0.1295198 255 0 0
0.0183306 0.0208279 -0.1305710 255 0 0
0.0194349 0.0188287 -0.1311774 255 0 0
0.0197899 0.0170196 -0.1313431 255 0 0
0.0201445 0.0152126 -0.1315085 255 0 0
0.0204988 0.0134076 -0.1316739 255 0 0
0.0208526 0.0116045 -0.1318390 255 0 0
0.0200894 0.0100669 -0.1313467 255 0 0
0.0196980 0.0084388 -0.1310731 255 0 0
0.0193061 0.0068088 -0.1307992 255 0 0
0.0185395 0.0052624 -0.1303047 255 0 0
0.0185211 0.0035433 -0.1302506 255 0 0
0.0173772 0.0020754 -0.1295336 255 0 0
0.0169827 0.0004364 -0.1292580 255 0 0
0.0162109 -0.0011222 -0.1287601 255 0 0
0.0143018 -0.0024396 -0.1275919 255 0 0
0.0135239 -0.0040076 -0.1270902 255 0 0
0.0123633 -0.0054989 -0.1263627 255 0 0
0.0111987 -0.0069953 -0.1256328 255 0 0
0.0096461 -0.0084178 -0.1246740 255 0 0
0.0077001 -0.0097684 -0.1234832 255 0 0
0.0049484 -0.0127247 -0.1217731 255 0 0
-0.0001734 -0.0134823 -0.1187090 255 0 0
-0.0037700 -0.0145597 -0.1165437 255 0 0
-0.0065974 -0.0158015 -0.1148316 255 0 0
-0.0078271 -0.0173572 -0.1140615 255 0 0
-0.0098732 -0.0187681 -0.1128097 255 0 0
-0.0123404 -0.0201126 -0.1113091 255 0 0
-0.0156503 -0.0213181 -0.1093110 255 0 0
-0.0173267 -0.0228300 -0.1082764 255 0 0
-0.0194283 -0.0242760 -0.1069907 255 0 0
-0.0228215 -0.0273374 -0.1048965 255 0 0
-0.0232630 -0.0290906 -0.1045901 255 0 0
-0.0237050 -0.0308459 -0.1042832 255 0 0
-0.0184354 0.0505033 -0.1074941 255 0 0
-0.0167875 0.0482229 -0.1084212 255 0 0
-0.0130837 0.0453858 -0.1105623 255 0 0
-0.0114607 0.0431345 -0.1114752 255 0 0
-0.0082181 0.0404546 -0.1133448 255 0 0
-0.0002158 0.0365194 -0.1180257 255 0 0
0.0013481 0.0343294 -0.1189049 255 0 0
0.0048645 0.0316358 -0.1209377 255 0 0
0.0083452 0.0289695 -0.1229497 255 0 0
0.0148378 0.0255470 -0.1267419 255 0 0
0.0178421 0.0230455 -0.1284735 255 0 0
0.0200731 0.0207542 -0.1297486 255 0 0
0.0211738 0.0187562 -0.1303560 255 0 0
0.0207827 0.0171320 -0.1300817 255 0 0
0.0218811 0.0151422 -0.1306879 255 0 0
0.0222342 0.0133382 -0.1308535 255 0 0
0.0218444 0.0117136 -0.1305800 255 0 0
0.0210819 0.0101753 -0.1300860 255 0 0
0.0214358 0.0083720 -0.1302522 255 0 0
0.0210451 0.0067429 -0.1299780 255 0 0
0.0206540 0.0051119 -0.1297035 255 0 0
0.0195149 0.0036483 -0.1289865 255 0 0
0.0187473 0.0020958 -0.1284891 255 0 0
0.0183535 0.0004568 -0.1282128 255 0 0
0.0175833 -0.0011019 -0.1277137 255 0 0
0.0164340 -0.0025825 -0.1269901 255 0 0
0.0149018 -0.0039872 -0.1260397 255 0 0
0.0137433 -0.0054785 -0.1253105 255 0 0
0.0121990 -0.0068952 -0.1243526 255 0 0
0.0102635 -0.0082393 -0.1231628 255 0 0
0.0087035 -0.0096694 -0.1221952 255 0 0
0.0051749 -0.0124726 -0.1200174 255 0 0
0.0004417 -0.0133070 -0.1171694 255 0 0
-0.0031559 -0.0143847 -0.1149937 255 0 0
-0.0055814 -0.0157040 -0.1135119 255 0 0
-0.0072141 -0.0171845 -0.1124997 255 0 0
-0.0076378 -0.0188974 -0.1122037 255 0 0
-0.0113194 -0.0200169 -0.1099766 255 0 0
-0.0142139 -0.0212970 -0.1082158 255 0 0
-0.0158868 -0.0228088 -0.1071786 255 0 0
-0.0188355 -0.0259264 -0.1053393 255 0 0
-0.0209502 -0.0273876 -0.1040397 255 0 0
-0.0226548 -0.0289281 -0.1029829 255 0 0
-0.0218308 -0.0308941 -0.1034258 255 0 0
-0.0851764 -0.0264208 -0.0657030 255 0 0
-0.0165528 0.0522249 -0.1066956 255 0 0
-0.0161560 0.0502914 -0.1068853 255 0 0
-0.0141016 0.0478990 -0.1080581 255 0 0
-0.0116482 0.0454074 -0.1094678 255 0 0
-0.0100285 0.0431560 -0.1103833 255 0 0
-0.0071979 0.0405856 -0.1120175 255 0 0
0.0000039 0.0368591 -0.1162456 255 0 0
0.0019652 0.0345598 -0.1173648 255 0 0
0.0054824 0.0318619 -0.1194077 255 0 0
0.0093505 0.0290908 -0.1216594 255 0 0
0.0162163 0.0255677 -0.1256908 255 0 0
0.0195895 0.0229704 -0.1276499 255 0 0
0.0218135 0.0206806 -0.1289271 255 0 0
0.0225394 0.0187766 -0.1293149 255 0 0
0.0225210 0.0170605 -0.1292609 255 0 0
0.0228741 0.0152534 -0.1294275 255 0 0
0.0235974 0.0133585 -0.1298141 255 0 0
0.0228373 0.0118229 -0.1293196 255 0 0
0.0228189 0.0101076 -0.1292656 255 0 0
0.0224290 0.0084794 -0.1289909 255 0 0
0.0224107 0.0067632 -0.1289369 255 0 0
0.0216479 0.0052176 -0.1284405 255 0 0
0.0212567 0.0035840 -0.1281649 255 0 0
0.0204914 0.0020323 -0.1276668 255 0 0
0.0200989 0.0003942 -0.1273902 255 0 0
0.0189557 -0.0010815 -0.1266674 255 0 0
0.0178087 -0.0025621 -0.1259420 255 0 0
0.0166578 -0.0040477 -0.1252142 255 0 0
0.0155030 -0.0055383 -0.1244840 255 0 0
0.0139635 -0.0069543 -0.1235248 255 0 0
0.0116506 -0.0082187 -0.1221053 255 0 0
0.0085486 -0.0093342 -0.1202160 255 0 0
0.0057926 -0.0122972 -0.1184880 255 0 0
-0.0001309 -0.0128983 -0.1149187 255 0 0
-0.0037417 -0.0139770 -0.1127250 255 0 0
-0.0053693 -0.0154527 -0.1117115 255 0 0
-0.0070043 -0.0169353 -0.1106932 255 0 0
-0.0082403 -0.0185002 -0.1099124 255 0 0
-0.0102972 -0.0199210 -0.1086426 255 0 0
-0.0127773 -0.0212759 -0.1071205 255 0 0
-0.0165374 -0.0242341 -0.1047903 255 0 0
-0.0199002 -0.0254711 -0.1027415 255 0 0
-0.0199198 -0.0272948 -0.1026841 255 0 0
-0.0216230 -0.0288361 -0.1016234 255 0 0
-0.0212209 -0.0307338 -0.1018172 255 0 0
-0.0267616 -0.0316627 -0.0984693 255 0 0
-0.0171719 0.0546603 -0.1044092 255 0 0
-0.0159394 0.0524829 -0.1050977 255 0 0
-0.0138820 0.0500799 -0.1062778 255 0 0
-0.0130740 0.0480358 -0.1067137 255 0 0
-0.0110334 0.0456556 -0.1078843 255 0 0
-0.0081887 0.0430661 -0.1095344 255 0 0
-0.0073940 0.0410467 -0.1099629 255 0 0
0.0006220 0.0370934 -0.1146962 255 0 0
0.0025837 0.0347907 -0.1158212 255 0 0
0.0057106 0.0321915 -0.1176411 255 0 0
0.0103572 0.0292123 -0.1203676 255 0 0
0.0183499 0.0253935 -0.1250902 255 0 0
0.0205867 0.0230866 -0.1263809 255 0 0
0.0235521 0.0206071 -0.1281064 255 0 0
0.0239049 0.0187970 -0.1282738 255 0 0
0.0242572 0.0169890 -0.1284409 255 0 0
0.0249791 0.0150922 -0.1288287 255 0 0
0.0249608 0.0133789 -0.1287748 255 0 0
0.0245724 0.0117543 -0.1285000 255 0 0
0.0241837 0.0101280 -0.1282250 255 0 0
0.0241653 0.0084127 -0.1281711 255 0 0
0.0234050 0.0068698 -0.1276741 255 0 0
0.0226430 0.0053235 -0.1271761 255 0 0
0.0229966 0.0035198 -0.1273441 255 0 0
0.0218608 0.0020526 -0.1266228 255 0 0
0.0214690 0.0004145 -0.1263456 255 0 0
0.0210768 -0.0012255 -0.1260681 255 0 0
0.0191834 -0.0025417 -0.1248938 255 0 0
0.0180348 -0.0040272 -0.1241643 255 0 0
0.0165036 -0.0054376 -0.1232060 255 0 0
0.0157261 -0.0070134 -0.1226979 255 0 0
0.0118871 -0.0079604 -0.1203600 255 0 0
0.0091522 -0.0109096 -0.1186375 255 0 0
0.0060211 -0.0120436 -0.1167217 255 0 0
0.0016761 -0.0129553 -0.1140797 255 0 0
-0.0027241 -0.0138785 -0.1114041 255 0 0
-0.0043502 -0.0153548 -0.1103869 255 0 0
-0.0067938 -0.0166851 -0.1088805 255 0 0
-0.0068130 -0.0184792 -0.1088241 255 0 0
-0.0088657 -0.0199000 -0.1075512 255 0 0
-0.0117518 -0.0211804 -0.1057793 255 0 0
-0.0146616 -0.0224713 -0.1039930 255 0 0
-0.0184493 -0.0254499 -0.1016352 255 0 0
-0.0193080 -0.0271303 -0.1010755 255 0 0
-0.0205899 -0.0287439 -0.1002624 255 0 0
-0.0206096 -0.0305731 -0.1002048 255 0 0
-0.0223194 -0.0321267 -0.0991352 255 0 0
-0.1461429 -0.0227125 -0.0247279 255 0 0
-0.0173725 0.0569878 -0.1023619 255 0 0
-0.0161395 0.0548020 -0.1030540 255 0 0
-0.0140766 0.0523865 -0.1042429 255 0 0
-0.0128525 0.0502183 -0.1049300 255 0 0
-0.0128720 0.0484037 -0.1048729 255 0 0
-0.0108283 0.0460182 -0.1060509 255 0 0
-0.0071642 0.0431991 -0.1081995 255 0 0
-0.0059642 0.0410682 -0.1088729 255 0 0
0.0016385 0.0372213 -0.1133811 255 0 0
0.0035985 0.0349170 -0.1145105 255 0 0
0.0071135 0.0322126 -0.1165715 255 0 0
0.0102056 0.0296368 -0.1183797 255 0 0
0.0132697 0.0270843 -0.1201716 255 0 0
0.0200845 0.0235872 -0.1242113 255 0 0
0.0245476 0.0207215 -0.1268426 255 0 0
0.0256404 0.0187246 -0.1274544 255 0 0
0.0256220 0.0170094 -0.1274004 255 0 0
0.0256036 0.0152942 -0.1273464 255 0 0
0.0266927 0.0133096 -0.1279564 255 0 0
0.0259364 0.0117747 -0.1274600 255 0 0
0.0255485 0.0101483 -0.1271845 255 0 0
0.0255302 0.0084330 -0.1271305 255 0 0
0.0251418 0.0068039 -0.1268545 255 0 0
0.0243821 0.0052583 -0.1263558 255 0 0
0.0239924 0.0036247 -0.1260791 255 0 0
0.0236022 0.0019892 -0.1258019 255 0 0
0.0224662 0.0005179 -0.1250771 255 0 0
0.0220743 -0.0011230 -0.1247988 255 0 0
0.0205581 -0.0025213 -0.1238457 255 0 0
0.0194119 -0.0040068 -0.1231143 255 0 0
0.0182618 -0.0054974 -0.1223806 255 0 0
0.0163488 -0.0068338 -0.1211887 255 0 0
0.0132766 -0.0079398 -0.1193006 255 0 0
0.0105472 -0.0108889 -0.1175739 255 0 0
0.0070322 -0.0119451 -0.1154188 255 0 0
0.0018994 -0.0127008 -0.1122915 255 0 0
-0.0013049 -0.0138575 -0.1103221 255 0 0
-0.0037323 -0.0151796 -0.1088190 255 0 0
-0.0049620 -0.0167406 -0.1080353 255 0 0
-0.0049812 -0.0185336 -0.1079789 255 0 0
-0.0078414 -0.0198040 -0.1062150 255 0 0
-0.0111362 -0.0210102 -0.1041895 255 0 0
-0.0140636 -0.0241187 -0.1023390 255 0 0
-0.0165805 -0.0255012 -0.1007802 255 0 0
-0.0166000 -0.0273238 -0.1007228 255 0 0
-0.0195557 -0.0286517 -0.0988997 255 0 0
-0.0191543 -0.0305518 -0.0990953 255 0 0
-0.0212837 -0.0320362 -0.0977686 255 0 0
-0.1415333 -0.0231239 -0.0251679 255 0 0
-0.0146497 0.0584701 -0.1020626 255 0 0
-0.0155039 0.0568892 -0.1015035 255 0 0
-0.0138561 0.0545844 -0.1024485 255 0 0
-0.0126302 0.0524084 -0.1031401 255 0 0
-0.0118217 0.0503567 -0.1035807 255 0 0
-0.0114280 0.0484254 -0.1037720 255 0 0
-0.0085683 0.0458124 -0.1054466 255 0 0
-0.0061386 0.0433324 -0.1068630 255 0 0
-0.0041298 0.0409795 -0.1080263 255 0 0
-0.0013295 0.0384238 -0.1096663 255 0 0
0.0042200 0.0351487 -0.1129608 255 0 0
0.0073448 0.0325433 -0.1147969 255 0 0
0.0100533 0.0300633 -0.1163828 255 0 0
0.0135095 0.0274034 -0.1184192 255 0 0
0.0207095 0.0238007 -0.1227097 255 0 0
0.0248022 0.0210247 -0.1251304 255 0 0
0.0266359 0.0188379 -0.1261915 255 0 0
0.0266176 0.0171217 -0.1261375 255 0 0
0.0269684 0.0153145 -0.1263058 255 0 0
0.0280553 0.0133299 -0.1269175 255 0 0
0.0269317 0.0118840 -0.1261978 255 0 0
0.0269134 0.0101687 -0.1261439 255 0 0
0.0268950 0.0084534 -0.1260899 255 0 0
0.0261377 0.0069105 -0.1255906 255 0 0
0.0261193 0.0051933 -0.1255366 255 0 0
0.0253603 0.0036450 -0.1250362 255 0 0
0.0249709 0.0020096 -0.1247584 255 0 0
0.0242094 0.0004552 -0.1242563 255 0 0
0.0234460 -0.0011026 -0.1237530 255 0 0
0.0223073 -0.0025825 -0.1230232 255 0 0
0.0207890 -0.0039864 -0.1220644 255 0 0
0.0196412 -0.0054770 -0.1213289 255 0 0
0.0169728 -0.0066537 -0.1196761 255 0 0
0.0131322 -0.0076009 -0.1173158 255 0 0
0.0103960 -0.0105553 -0.1155774 255 0 0
0.0068722 -0.0116122 -0.1134071 255 0 0
0.0025201 -0.0125238 -0.1107365 255 0 0
-0.0006850 -0.0136810 -0.1087577 255 0 0
-0.0035162 -0.0149266 -0.1070040 255 0 0
-0.0043430 -0.0165665 -0.1064601 255 0 0
-0.0039582 -0.0184372 -0.1066475 255 0 0
-0.0072233 -0.0196328 -0.1046312 255 0 0
-0.0101078 -0.0209144 -0.1028442 255 0 0
-0.0122049 -0.0241705 -0.1014871 255 0 0
-0.0147137 -0.0255524 -0.0999262 255 0 0
-0.0164027 -0.0270877 -0.0988604 255 0 0
-0.0185201 -0.0285593 -0.0975353 255 0 0
-0.0176991 -0.0305305 -0.0979857 255 0 0
-0.0194020 -0.0320840 -0.0969108 255 0 0
-0.1179348 -0.0264019 -0.0371054 255 0 0
-0.1335571 -0.0261756 -0.0276064 255 0 0
-0.0140097 0.0605609 -0.1005127 255 0 0
-0.0140291 0.0587356 -0.1004553 255 0 0
-0.0136347 0.0567900 -0.1006478 255 0 0
-0.0124071 0.0546062 -0.1013437 255 0 0
-0.0111836 0.0524302 -0.1020372 255 0 0
-0.0103769 0.0503785 -0.1024791 255 0 0
-0.0079294 0.0478709 -0.1039125 255 0 0
-0.0059061 0.0454939 -0.1050899 255 0 0
-0.0047055 0.0433539 -0.1057703 255 0 0
-0.0027009 0.0410010 -0.1069369 255 0 0
-0.0007080 0.0386617 -0.1080967 255 0 0
0.0048429 0.0353809 -0.1114076 255 0 0
0.0079684 0.0327716 -0.1132529 255 0 0
0.0102891 0.0303896 -0.1146119 255 0 0
0.0137500 0.0277235 -0.1166608 255 0 0
0.0220873 0.0238213 -0.1216593 255 0 0
0.0261716 0.0210451 -0.1240864 255 0 0
0.0276327 0.0189513 -0.1249272 255 0 0
0.0283516 0.0170502 -0.1253192 255 0 0
0.0283332 0.0153349 -0.1252652 255 0 0
0.0286830 0.0135297 -0.1254340 255 0 0
0.0286646 0.0118154 -0.1253800 255 0 0
0.0286463 0.0101010 -0.1253260 255 0 0
0.0282599 0.0084737 -0.1250492 255 0 0
0.0278730 0.0068446 -0.1247722 255 0 0
0.0274857 0.0052136 -0.1244948 255 0 0
0.0270979 0.0035808 -0.1242171 255 0 0
0.0263396 0.0020299 -0.1237149 255 0 0
0.0255796 0.0004756 -0.1232116 255 0 0
0.0248179 -0.0010823 -0.1227072 255 0 0
0.0240543 -0.0026436 -0.1222016 255 0 0
0.0225409 -0.0040469 -0.1212416 255 0 0
0.0202672 -0.0052959 -0.1198207 255 0 0
0.0172180 -0.0063932 -0.1179296 255 0 0
0.0129710 -0.0090152 -0.1152685 255 0 0
0.0094664 -0.0100624 -0.1131003 255 0 0
0.0071037 -0.0113563 -0.1116239 255 0 0
0.0019507 -0.0121107 -0.1084555 255 0 0
-0.0016682 -0.0131910 -0.1062167 255 0 0
-0.0024924 -0.0148280 -0.1056721 255 0 0
-0.0041274 -0.0163151 -0.1046357 255 0 0
-0.0041466 -0.0181134 -0.1045791 255 0 0
-0.0053827 -0.0196868 -0.1037844 255 0 0
-0.0066231 -0.0212658 -0.1029868 255 0 0
-0.0120007 -0.0239298 -0.0996336 255 0 0
-0.0149304 -0.0252405 -0.0978102 255 0 0
-0.0157859 -0.0269228 -0.0972454 255 0 0
-0.0174832 -0.0284669 -0.0961694 255 0 0
-0.0170827 -0.0303693 -0.0963668 255 0 0
-0.0179432 -0.0320627 -0.0957986 255 0 0
-0.0704386 -0.0293641 -0.0637803 255 0 0
-0.1296043 -0.0264869 -0.0276895 255 0 0
-0.0171442 0.0637867 -0.0966686 255 0 0
-0.0142254 0.0610778 -0.0983933 255 0 0
-0.0121636 0.0586361 -0.0995985 255 0 0
-0.0121831 0.0568119 -0.0995411 255 0 0
-0.0109580 0.0546281 -0.1002389 255 0 0
-0.0101501 0.0525702 -0.1006838 255 0 0
-0.0089321 0.0504003 -0.1013775 255 0 0
-0.0060810 0.0477777 -0.1030629 255 0 0
-0.0044706 0.0455155 -0.1039954 255 0 0
-0.0028676 0.0432638 -0.1049236 255 0 0
-0.0020785 0.0412429 -0.1053577 255 0 0
0.0015168 0.0384666 -0.1074962 255 0 0
0.0058620 0.0355079 -0.1100906 255 0 0
0.0078099 0.0332083 -0.1112294 255 0 0
0.0105259 0.0307171 -0.1128350 255 0 0
0.0136060 0.0281451 -0.1146622 255 0 0
0.0189434 0.0250075 -0.1178614 255 0 0
0.0271708 0.0211601 -0.1228174 255 0 0
0.0282616 0.0191580 -0.1234373 255 0 0
0.0293488 0.0171625 -0.1240551 255 0 0
0.0296981 0.0153553 -0.1242246 255 0 0
0.0304140 0.0134603 -0.1246170 255 0 0
0.0300288 0.0118358 -0.1243400 255 0 0
0.0300105 0.0101214 -0.1242860 255 0 0
0.0299921 0.0084070 -0.1242320 255 0 0
0.0296064 0.0067787 -0.1239546 255 0 0
0.0292203 0.0051486 -0.1236770 255 0 0
0.0280961 0.0036857 -0.1229502 255 0 0
0.0280778 0.0019665 -0.1228961 255 0 0
0.0276899 0.0003301 -0.1226172 255 0 0
0.0269313 -0.0012262 -0.1221127 255 0 0
0.0254277 -0.0026232 -0.1211545 255 0 0
0.0242909 -0.0041073 -0.1204196 255 0 0
0.0216482 -0.0052754 -0.1187678 255 0 0
0.0170826 -0.0060512 -0.1159451 255 0 0
0.0128253 -0.0086771 -0.1132655 255 0 0
0.0104807 -0.0099626 -0.1117938 255 0 0
0.0073360 -0.0110996 -0.1098346 255 0 0
0.0029718 -0.0120111 -0.1071321 255 0 0
-0.0014482 -0.0129342 -0.1043952 255 0 0
-0.0018702 -0.0146516 -0.1040932 255 0 0
-0.0039109 -0.0160629 -0.1028050 255 0 0
-0.0043359 -0.0177881 -0.1025011 255 0 0
-0.0051680 -0.0194401 -0.1019489 255 0 0
-0.0068188 -0.0209468 -0.1008978 255 0 0
-0.0113812 -0.0237618 -0.0980262 255 0 0
-0.0138946 -0.0251464 -0.0964485 255 0 0
-0.0151677 -0.0267574 -0.0956266 255 0 0
-0.0164453 -0.0283743 -0.0948018 255 0 0
-0.0164649 -0.0302078 -0.0947441 255 0 0
-0.0173257 -0.0319030 -0.0941733 255 0 0
-0.0232906 -0.0327762 -0.0904890 255 0 0
-0.1201174 -0.0276240 -0.0311628 255 0 0
-0.1324638 -0.0279214 -0.0235743 255 0 0
-0.0156626 0.0656460 -0.0956118 255 0 0
-0.0161031 0.0639350 -0.0952974 255 0 0
-0.0131869 0.0612239 -0.0970289 255 0 0
-0.0132065 0.0593932 -0.0969712 255 0 0
-0.0115592 0.0570756 -0.0979297 255 0 0
-0.0107509 0.0550096 -0.0983769 255 0 0
-0.0078790 0.0523558 -0.1000824 255 0 0
-0.0066665 0.0501887 -0.1007765 255 0 0
-0.0050499 0.0479143 -0.1017171 255 0 0
-0.0030350 0.0455371 -0.1029008 255 0 0
-0.0018393 0.0433971 -0.1035851 255 0 0
-0.0002453 0.0411542 -0.1045126 255 0 0
0.0017418 0.0388131 -0.1056801 255 0 0
0.0064880 0.0357409 -0.1085314 255 0 0
0.0084363 0.0334381 -0.1096759 255 0 0
0.0107633 0.0310457 -0.1110519 255 0 0
0.0142336 0.0283671 -0.1131259 255 0 0
0.0188120 0.0254205 -0.1158768 255 0 0
0.0270593 0.0215595 -0.1208681 255 0 0
0.0292610 0.0192717 -0.1221693 255 0 0
0.0299793 0.0173671 -0.1225651 255 0 0
0.0314296 0.0152849 -0.1234078 255 0 0
0.0310447 0.0136604 -0.1231300 255 0 0
0.0310263 0.0119451 -0.1230760 255 0 0
0.0310080 0.0102297 -0.1230220 255 0 0
0.0313562 0.0084273 -0.1231920 255 0 0
0.0309712 0.0067990 -0.1229140 255 0 0
0.0305859 0.0051689 -0.1226357 255 0 0
0.0298324 0.0036215 -0.1221323 255 0 0
0.0298139 0.0019032 -0.1220782 255 0 0
0.0286896 0.0004333 -0.1213480 255 0 0
0.0283016 -0.0012058 -0.1210679 255 0 0
0.0268010 -0.0026029 -0.1201075 255 0 0
0.0260389 -0.0041676 -0.1195985 255 0 0
0.0234047 -0.0053354 -0.1179444 255 0 0
0.0180922 -0.0059501 -0.1146521 255 0 0
0.0134524 -0.0084971 -0.1117266 255 0 0
0.0111074 -0.0097835 -0.1102481 255 0 0
0.0079619 -0.0109209 -0.1082794 255 0 0
0.0035967 -0.0118324 -0.1055640 255 0 0
-0.0000198 -0.0129131 -0.1033061 255 0 0
-0.0012466 -0.0144747 -0.1025106 255 0 0
-0.0032878 -0.0158872 -0.1012163 255 0 0
-0.0037130 -0.0176144 -0.1009111 255 0 0
-0.0053604 -0.0191168 -0.0998574 255 0 0
-0.0074256 -0.0205512 -0.0985478 255 0 0
-0.0099328 -0.0237405 -0.0969218 255 0 0
-0.0120249 -0.0251979 -0.0955950 255 0 0
-0.0132939 -0.0268082 -0.0947721 255 0 0
-0.0154060 -0.0282816 -0.0934326 255 0 0
-0.0145870 -0.0302566 -0.0938886 255 0 0
-0.0154452 -0.0319508 -0.0933171 255 0 0
-0.0163054 -0.0336491 -0.0927442 255 0 0
-0.1080972 -0.0270669 -0.0362851 255 0 0
-0.1301997 -0.0279799 -0.0226282 255 0 0
-0.1347815 -0.0294544 -0.0197652 255 0 0
-0.0146207 0.0657955 -0.0942400 255 0 0
-0.0142202 0.0638310 -0.0944393 255 0 0
-0.0121472 0.0613702 -0.0956628 255 0 0
-0.0117497 0.0594153 -0.0958605 255 0 0
-0.0096939 0.0569770 -0.0970739 255 0 0
-0.0088856 0.0549115 -0.0975235 255 0 0
-0.0068440 0.0524957 -0.0987286 255 0 0
-0.0056326 0.0503271 -0.0994254 255 0 0
-0.0040175 0.0480510 -0.1003697 255 0 0
-0.0020043 0.0456720 -0.1015581 255 0 0
-0.0000030 0.0433069 -0.1027395 255 0 0
0.0007828 0.0412860 -0.1031763 255 0 0
0.0027679 0.0389431 -0.1043482 255 0 0
0.0051388 0.0365068 -0.1057569 255 0 0
0.0094563 0.0335638 -0.1083593 255 0 0
0.0117812 0.0311695 -0.1097406 255 0 0
0.0144767 0.0286906 -0.1113493 255 0 0
0.0190612 0.0257367 -0.1141170 255 0 0
0.0280619 0.0216751 -0.1195938 255 0 0
0.0309975 0.0191989 -0.1213514 255 0 0
0.0317135 0.0172954 -0.1217478 255 0 0
0.0320618 0.0154871 -0.1219187 255 0 0
0.0324095 0.0136808 -0.1220893 255 0 0
0.0327570 0.0118764 -0.1222598 255 0 0
0.0323729 0.0102501 -0.1219814 255 0 0
0.0327204 0.0084476 -0.1221519 255 0 0
0.0323362 0.0068193 -0.1218733 255 0 0
0.0319517 0.0051892 -0.1215945 255 0 0
0.0315666 0.0035573 -0.1213152 255 0 0
0.0311812 0.0019235 -0.1210358 255 0 0
0.0307953 0.0002879 -0.1207560 255 0 0
0.0300406 -0.0012676 -0.1202497 255 0 0
0.0278035 -0.0025010 -0.1188326 255 0 0
0.0266700 -0.0039857 -0.1180933 255 0 0
0.0244102 -0.0052345 -0.1166619 255 0 0
0.0171774 -0.0071989 -0.1121308 255 0 0
0.0129198 -0.0080766 -0.1094705 255 0 0
0.0109565 -0.0094449 -0.1082198 255 0 0
0.0085894 -0.0107419 -0.1067207 255 0 0
0.0042230 -0.0116533 -0.1039921 255 0 0
0.0002034 -0.0126554 -0.1014763 255 0 0
-0.0014290 -0.0141409 -0.1004277 255 0 0
-0.0018528 -0.0158661 -0.1001222 255 0 0
-0.0026825 -0.0175168 -0.0995670 255 0 0
-0.0043285 -0.0190198 -0.0985096 255 0 0
-0.0076409 -0.0220477 -0.0963816 255 0 0
-0.0097238 -0.0234984 -0.0950548 255 0 0
-0.0114029 -0.0250307 -0.0939761 255 0 0
-0.0126724 -0.0266426 -0.0931494 255 0 0
-0.0147851 -0.0281172 -0.0918035 255 0 0
-0.0143850 -0.0300245 -0.0920039 255 0 0
-0.0156651 -0.0316520 -0.0911702 255 0 0
-0.0169497 -0.0332853 -0.0903335 255 0 0
-0.0342954 -0.0342455 -0.0795605 255 0 0
-0.1285039 -0.0279552 -0.0213353 255 0 0
-0.1319342 -0.0295946 -0.0191687 255 0 0
-0.1325278 -0.0316540 -0.0187497 255 0 0
-0.0123004 0.0673992 -0.0936977 255 0 0
-0.0127386 0.0656902 -0.0933825 255 0 0
-0.0131775 0.0639793 -0.0930668 255 0 0
-0.0115234 0.0616413 -0.0940385 255 0 0
-0.0107090 0.0595605 -0.0944938 255 0 0
-0.0070030 0.0566356 -0.0967284 255 0 0
-0.0066107 0.0546938 -0.0969244 255 0 0
-0.0053975 0.0525175 -0.0976256 255 0 0
-0.0037801 0.0502323 -0.0985758 255 0 0
-0.0025769 0.0480727 -0.0992713 255 0 0
-0.0001637 0.0455804 -0.1007117 255 0 0
0.0010269 0.0434402 -0.1013998 255 0 0
0.0022134 0.0413075 -0.1020855 255 0 0
0.0045931 0.0388559 -0.1035061 255 0 0
0.0061640 0.0366351 -0.1044290 255 0 0
0.0104775 0.0336896 -0.1070413 255 0 0
0.0120215 0.0314997 -0.1079481 255 0 0
0.0147206 0.0290151 -0.1095668 255 0 0
0.0181648 0.0263515 -0.1116448 255 0 0
0.0290657 0.0217907 -0.1183180 255 0 0
0.0316309 0.0194061 -0.1198558 255 0 0
0.0330799 0.0173159 -0.1207060 255 0 0
0.0334274 0.0155075 -0.1208775 255 0 0
0.0341395 0.0136112 -0.1212737 255 0 0
0.0341212 0.0118968 -0.1212197 255 0 0
0.0337378 0.0102704 -0.1209407 255 0 0
0.0340846 0.0084680 -0.1211118 255 0 0
0.0337012 0.0068397 -0.1208327 255 0 0
0.0336829 0.0051242 -0.1207787 255 0 0
0.0332990 0.0034932 -0.1204992 255 0 0
0.0332807 0.0017768 -0.1204451 255 0 0
0.0328963 0.0001429 -0.1201653 255 0 0
0.0321449 -0.0014110 -0.1196589 255 0 0
0.0299173 -0.0026436 -0.1182415 255 0 0
0.0273026 -0.0038034 -0.1165848 255 0 0
0.0239159 -0.0048106 -0.1144514 255 0 0
0.0170413 -0.0068567 -0.1101207 255 0 0
0.0112144 -0.0074112 -0.1064794 255 0 0
0.0104136 -0.0090246 -0.1059407 255 0 0
0.0084317 -0.0104035 -0.1046726 255 0 0
0.0032558 -0.0111556 -0.1014317 255 0 0
0.0008302 -0.0124760 -0.0998887 255 0 0
0.0000051 -0.0141198 -0.0993342 255 0 0
-0.0020373 -0.0155346 -0.0980276 255 0 0
-0.0032761 -0.0171118 -0.0972172 255 0 0
-0.0041109 -0.0187708 -0.0966563 255 0 0
-0.0061941 -0.0220265 -0.0952785 255 0 0
-0.0099288 -0.0231813 -0.0929247 255 0 0
-0.0111957 -0.0247898 -0.0920961 255 0 0
-0.0124670 -0.0264042 -0.0912645 255 0 0
-0.0145829 -0.0278808 -0.0899106 255 0 0
-0.0141823 -0.0297915 -0.0901126 255 0 0
-0.0158859 -0.0313517 -0.0890132 255 0 0
-0.0159056 -0.0331951 -0.0889551 255 0 0
-0.0176176 -0.0347672 -0.0878503 255 0 0
-0.1245567 -0.0282623 -0.0214356 255 0 0
-0.1290947 -0.0297343 -0.0185739 255 0 0
-0.1308237 -0.0316292 -0.0174505 255 0 0
-0.0108392 0.0674213 -0.0925837 255 0 0
-0.0116948 0.0658398 -0.0920093 255 0 0
-0.0112962 0.0638752 -0.0922099 255 0 0
-0.0100639 0.0616633 -0.0929258 255 0 0
-0.0096672 0.0597059 -0.0931253 255 0 0
-0.0059645 0.0567785 -0.0953685 255 0 0
-0.0055724 0.0548354 -0.0955655 255 0 0
-0.0039509 0.0525393 -0.0965227 255 0 0
-0.0031525 0.0504875 -0.0969711 255 0 0
-0.0011361 0.0480944 -0.0981729 255 0 0
0.0004647 0.0458288 -0.0991179 255 0 0
0.0024601 0.0434618 -0.1003071 255 0 0
0.0032435 0.0414394 -0.1007469 255 0 0
0.0060188 0.0388774 -0.1024191 255 0 0
0.0075864 0.0366565 -0.1033445 255 0 0
0.0107165 0.0340254 -0.1052368 255 0 0
0.0130424 0.0316241 -0.1066320 255 0 0
0.0153525 0.0292391 -0.1080176 255 0 0
0.0195622 0.0263724 -0.1105794 255 0 0
0.0289581 0.0221929 -0.1163521 255 0 0
0.0318978 0.0197075 -0.1181291 255 0 0
0.0340809 0.0174284 -0.1194379 255 0 0
0.0347931 0.0155279 -0.1198362 255 0 0
0.0351394 0.0137215 -0.1200080 255 0 0
0.0354854 0.0119172 -0.1201796 255 0 0
0.0351028 0.0102908 -0.1199000 255 0 0
0.0354488 0.0084883 -0.1200716 255 0 0
0.0350662 0.0068600 -0.1197919 255 0 0
0.0354121 0.0050593 -0.1199637 255 0 0
0.0346648 0.0035135 -0.1194579 255 0 0
0.0342812 0.0018806 -0.1191775 255 0 0
0.0338973 0.0002459 -0.1188968 255 0 0
0.0335129 -0.0013907 -0.1186158 255 0 0
0.0316583 -0.0027045 -0.1174233 255 0 0
0.0279366 -0.0036206 -0.1150729 255 0 0
0.0245494 -0.0046281 -0.1129294 255 0 0
0.0149748 -0.0061070 -0.1069046 255 0 0
0.0114545 -0.0071470 -0.1046771 255 0 0
0.0106524 -0.0087629 -0.1041353 255 0 0
0.0086679 -0.0101435 -0.1028599 255 0 0
0.0046834 -0.0111345 -0.1003433 255 0 0
0.0014585 -0.0122962 -0.0982975 255 0 0
0.0010365 -0.0140203 -0.0979908 255 0 0
-0.0018159 -0.0152797 -0.0961756 255 0 0
-0.0022418 -0.0170136 -0.0958662 255 0 0
-0.0030926 -0.0204881 -0.0952479 255 0 0
-0.0063902 -0.0217068 -0.0931552 255 0 0
-0.0097191 -0.0229371 -0.0910428 255 0 0
-0.0101544 -0.0246951 -0.0907269 255 0 0
-0.0122609 -0.0261649 -0.0893729 255 0 0
-0.0135387 -0.0277874 -0.0885336 255 0 0
-0.0143995 -0.0294868 -0.0879529 255 0 0
-0.0152626 -0.0311903 -0.0873709 255 0 0
-0.0148603 -0.0331049 -0.0875750 255 0 0
-0.0161474 -0.0347457 -0.0867293 255 0 0
-0.1031682 -0.0290692 -0.0324448 255 0 0
-0.1240100 -0.0302006 -0.0193817 255 0 0
-0.1251577 -0.0321690 -0.0186150 255 0 0
-0.1234941 -0.0345364 -0.0195967 255 0 0
-0.0106106 0.0696682 -0.0907504 255 0 0
-0.0097950 0.0675718 -0.0912109 255 0 0
-0.0102320 0.0658619 -0.0908940 255 0 0
-0.0106695 0.0641501 -0.0905766 255 0 0
-0.0086045 0.0616854 -0.0918130 255 0 0
-0.0082086 0.0597279 -0.0920133 255 0 0
-0.0049246 0.0569216 -0.0940070 255 0 0
-0.0041224 0.0548573 -0.0944599 255 0 0
-0.0025042 0.0525612 -0.0954198 255 0 0
-0.0017076 0.0505092 -0.0958694 255 0 0
-0.0001007 0.0482313 -0.0968226 255 0 0
0.0023052 0.0457369 -0.0982724 255 0 0
0.0030905 0.0437073 -0.0987156 255 0 0
0.0042748 0.0415716 -0.0994067 255 0 0
0.0058538 0.0393342 -0.1003434 255 0 0
0.0082181 0.0368922 -0.1017684 255 0 0
0.0097789 0.0346785 -0.1026942 255 0 0
0.0132855 0.0319557 -0.1048300 255 0 0
0.0155987 0.0295656 -0.1062241 255 0 0
0.0201963 0.0265923 -0.1090392 255 0 0
0.0295939 0.0224050 -0.1148400 255 0 0
0.0325340 0.0199159 -0.1166256 255 0 0
0.0354481 0.0174489 -0.1183954 255 0 0
0.0361589 0.0155483 -0.1187949 255 0 0
0.0361406 0.0138320 -0.1187409 255 0 0
0.0368497 0.0119375 -0.1191395 255 0 0
0.0364678 0.0103111 -0.1188593 255 0 0
0.0368130 0.0085086 -0.1190315 255 0 0
0.0367948 0.0067941 -0.1189775 255 0 0
0.0364128 0.0051649 -0.1186972 255 0 0
0.0367581 0.0033652 -0.1188695 255 0 0
0.0356477 0.0019009 -0.1181356 255 0 0
0.0356294 0.0001835 -0.1180815 255 0 0
0.0352463 -0.0014522 -0.1178002 255 0 0
0.0315570 -0.0023582 -0.1154598 255 0 0
0.0285721 -0.0034374 -0.1135576 255 0 0
0.0240534 -0.0042008 -0.1106996 255 0 0
0.0175379 -0.0063300 -0.1065530 255 0 0
0.0128680 -0.0071261 -0.1035992 255 0 0
0.0128491 -0.0089027 -0.1035433 255 0 0
0.0092995 -0.0099627 -0.1012867 255 0 0
0.0057126 -0.0110337 -0.0990066 255 0 0
0.0020883 -0.0121160 -0.0967025 255 0 0
0.0016661 -0.0138420 -0.0963945 255 0 0
-0.0012037 -0.0169157 -0.0945152 255 0 0
-0.0016298 -0.0186527 -0.0942045 255 0 0
-0.0040998 -0.0200143 -0.0926188 255 0 0
-0.0074138 -0.0212352 -0.0905063 255 0 0
-0.0099248 -0.0226173 -0.0888943 255 0 0
-0.0111970 -0.0242316 -0.0880551 255 0 0
-0.0116351 -0.0259977 -0.0877360 255 0 0
-0.0133337 -0.0275498 -0.0866303 255 0 0
-0.0141959 -0.0292520 -0.0860463 255 0 0
-0.0150602 -0.0309582 -0.0854611 255 0 0
-0.0129723 -0.0331523 -0.0867186 255 0 0
-0.0142552 -0.0347922 -0.0858719 255 0 0
-0.0553716 -0.0340399 -0.0600566 255 0 0
-0.1206383 -0.0304200 -0.0191387 255 0 0
-0.1206610 -0.0325443 -0.0190718 255 0 0
-0.1179020 -0.0350586 -0.0207430 255 0 0
-0.0108197 0.0702109 -0.0885913 255 0 0
-0.0095839 0.0679798 -0.0893161 255 0 0
-0.0100216 0.0662672 -0.0889974 255 0 0
-0.0096232 0.0642988 -0.0892002 255 0 0
-0.0067304 0.0615829 -0.0909589 255 0 0
-0.0067499 0.0597499 -0.0909012 255 0 0
-0.0042948 0.0571862 -0.0923874 255 0 0
-0.0039031 0.0552394 -0.0925865 255 0 0
-0.0018738 0.0528197 -0.0938075 255 0 0
-0.0006696 0.0506480 -0.0945138 255 0 0
0.0009358 0.0483684 -0.0954707 255 0 0
0.0025337 0.0460994 -0.0964231 255 0 0
0.0045254 0.0437288 -0.0976216 255 0 0
0.0057071 0.0415931 -0.0983146 255 0 0
0.0076804 0.0392466 -0.0995021 255 0 0
0.0092469 0.0370210 -0.1004358 255 0 0
0.0104123 0.0349116 -0.1011192 255 0 0
0.0139197 0.0321846 -0.1032655 255 0 0
0.0173936 0.0294848 -0.1053914 255 0 0
0.0196835 0.0271126 -0.1067781 255 0 0
0.0230985 0.0244616 -0.1088680 255 0 0
0.0324345 0.0203134 -0.1146582 255 0 0
0.0364510 0.0175616 -0.1171253 255 0 0
0.0371610 0.0156599 -0.1175264 255 0 0
0.0378695 0.0137623 -0.1179266 255 0 0
0.0382139 0.0119579 -0.1180994 255 0 0
0.0378327 0.0103315 -0.1178185 255 0 0
0.0385396 0.0084419 -0.1182179 255 0 0
0.0381590 0.0068145 -0.1179374 255 0 0
0.0381407 0.0051000 -0.1178834 255 0 0
0.0373963 0.0035541 -0.1173753 255 0 0
0.0370142 0.0019212 -0.1170937 255 0 0
0.0366319 0.0002865 -0.1168119 255 0 0
0.0344205 -0.0009397 -0.1153857 255 0 0
0.0314552 -0.0020103 -0.1134875 255 0 0
0.0295813 -0.0033354 -0.1122719 255 0 0
0.0254439 -0.0041803 -0.1096394 255 0 0
0.0204749 -0.0066332 -0.1064422 255 0 0
0.0166103 -0.0075911 -0.1039793 255 0 0
0.0134829 -0.0087211 -0.1019773 255 0 0
0.0111136 -0.0100217 -0.1004496 255 0 0
0.0055468 -0.0106925 -0.0969191 255 0 0
0.0035241 -0.0120948 -0.0956078 255 0 0
0.0006637 -0.0151596 -0.0937264 255 0 0
-0.0017953 -0.0165074 -0.0921409 255 0 0
-0.0030410 -0.0180956 -0.0913153 255 0 0
-0.0059389 -0.0193846 -0.0894542 255 0 0
-0.0080291 -0.0208360 -0.0880990 255 0 0
-0.0092970 -0.0224462 -0.0872588 255 0 0
-0.0101514 -0.0241362 -0.0866777 255 0 0
-0.0122666 -0.0256104 -0.0853061 255 0 0
-0.0127069 -0.0273837 -0.0849842 255 0 0
-0.0127266 -0.0292305 -0.0849261 255 0 0
-0.0123256 -0.0311474 -0.0851317 255 0 0
-0.0140311 -0.0327164 -0.0840164 255 0 0
-0.0157446 -0.0342930 -0.0828958 255 0 0
-0.0542886 -0.0339448 -0.0585754 255 0 0
-0.1167260 -0.0307193 -0.0192447 255 0 0
-0.1145386 -0.0331541 -0.0205652 255 0 0
-0.1140105 -0.0353442 -0.0208443 255 0 0
-0.0085168 0.0699726 -0.0879960 255 0 0
-0.0081192 0.0680020 -0.0881994 255 0 0
-0.0089737 0.0664174 -0.0876184 255 0 0
-0.0081586 0.0643210 -0.0880834 255 0 0
-0.0069296 0.0621043 -0.0888079 255 0 0
-0.0061193 0.0600193 -0.0892701 255 0 0
-0.0048976 0.0578168 -0.0899903 255 0 0
-0.0024505 0.0552613 -0.0914789 255 0 0
-0.0016506 0.0531978 -0.0919351 255 0 0
-0.0000373 0.0509042 -0.0929014 255 0 0
0.0019736 0.0485056 -0.0941172 255 0 0
0.0031667 0.0463490 -0.0948205 255 0 0
0.0047576 0.0440874 -0.0957732 255 0 0
0.0063410 0.0418363 -0.0967217 255 0 0
0.0075189 0.0397051 -0.0974159 255 0 0
0.0090894 0.0374733 -0.0983566 255 0 0
0.0106528 0.0352517 -0.0992929 255 0 0
0.0137741 0.0326225 -0.1012072 255 0 0
0.0172567 0.0299143 -0.1033486 255 0 0
0.0191677 0.0276359 -0.1045040 255 0 0
0.0225950 0.0249747 -0.1066115 255 0 0
0.0327042 0.0206178 -0.1129140 255 0 0
0.0374550 0.0176745 -0.1158538 255 0 0
0.0385275 0.0156803 -0.1164845 255 0 0
0.0392344 0.0137827 -0.1168858 255 0 0
0.0395781 0.0119782 -0.1170592 255 0 0
0.0395598 0.0102638 -0.1170052 255 0 0
0.0395416 0.0085493 -0.1169512 255 0 0
0.0395233 0.0068348 -0.1168972 255 0 0
0.0395049 0.0051202 -0.1168432 255 0 0
0.0391245 0.0034900 -0.1165617 255 0 0
0.0383809 0.0019415 -0.1160518 255 0 0
0.0372714 0.0004724 -0.1153119 255 0 0
0.0339575 -0.0005067 -0.1131864 255 0 0
0.0324637 -0.0019077 -0.1122045 255 0 0
0.0317050 -0.0034779 -0.1116846 255 0 0
0.0290827 -0.0046476 -0.1099929 255 0 0
0.0214938 -0.0065316 -0.1051341 255 0 0
0.0187902 -0.0077316 -0.1033901 255 0 0
0.0164528 -0.0090213 -0.1018760 255 0 0
0.0121413 -0.0099207 -0.0991199 255 0 0
0.0073770 -0.0107516 -0.0960782 255 0 0
0.0033523 -0.0117543 -0.0935014 255 0 0
0.0004844 -0.0148249 -0.0916069 255 0 0
-0.0032105 -0.0159401 -0.0892364 255 0 0
-0.0036408 -0.0176888 -0.0889203 255 0 0
-0.0044835 -0.0193632 -0.0883445 255 0 0
-0.0073993 -0.0206628 -0.0864635 255 0 0
-0.0095025 -0.0221241 -0.0850936 255 0 0
-0.0091044 -0.0240406 -0.0852987 255 0 0
-0.0112178 -0.0255155 -0.0839221 255 0 0
-0.0112376 -0.0273622 -0.0838639 255 0 0
-0.0112573 -0.0292090 -0.0838058 255 0 0
-0.0129611 -0.0307743 -0.0826867 255 0 0
-0.0155223 -0.0322075 -0.0810272 255 0 0
-0.0163934 -0.0339276 -0.0804322 255 0 0
-0.0503859 -0.0342835 -0.0588686 255 0 0
-0.1122856 -0.0310972 -0.0196965 255 0 0
-0.1117595 -0.0332872 -0.0199760 255 0 0
-0.1117820 -0.0353971 -0.0199096 255 0 0
-0.0070512 0.0699948 -0.0868787 255 0 0
-0.0070708 0.0681532 -0.0868206 255 0 0
-0.0075072 0.0664396 -0.0865003 255 0 0
-0.0071101 0.0644699 -0.0867046 255 0 0
-0.0054675 0.0621265 -0.0876931 255 0 0
-0.0050728 0.0601652 -0.0878961 255 0 0
-0.0042651 0.0580836 -0.0883592 255 0 0
-0.0026360 0.0557649 -0.0893397 255 0 0
-0.0006083 0.0533387 -0.0905715 255 0 0
0.0010036 0.0510434 -0.0915416 255 0 0
0.0026079 0.0487588 -0.0925071 255 0 0
0.0033975 0.0467137 -0.0929596 255 0 0
0.0049906 0.0444472 -0.0939185 255 0 0
0.0069764 0.0420800 -0.0951250 255 0 0
0.0081546 0.0399459 -0.0958228 255 0 0
0.0097255 0.0377109 -0.0967683 255 0 0
0.0112891 0.0354862 -0.0977094 255 0 0
0.0124523 0.0333771 -0.0983983 255 0 0
0.0171193 0.0303457 -0.1012964 255 0 0
0.0198058 0.0278587 -0.1029463 255 0 0
0.0220888 0.0254906 -0.1043421 255 0 0
0.0288821 0.0219753 -0.1085827 255 0 0
0.0384601 0.0177875 -0.1145808 255 0 0
0.0398940 0.0157007 -0.1154426 255 0 0
0.0409607 0.0137131 -0.1160730 255 0 0
0.0413033 0.0119096 -0.1162467 255 0 0
0.0409241 0.0102841 -0.1159650 255 0 0
0.0412667 0.0084825 -0.1161388 255 0 0
0.0412484 0.0067690 -0.1160848 255 0 0
0.0405080 0.0052258 -0.1155750 255 0 0
0.0404896 0.0035103 -0.1155209 255 0 0
0.0397474 0.0019618 -0.1150099 255 0 0
0.0379123 0.0006587 -0.1138087 255 0 0
0.0345979 -0.0003205 -0.1116731 255 0 0
0.0334734 -0.0018050 -0.1109202 255 0 0
0.0323451 -0.0032945 -0.1101646 255 0 0
0.0300956 -0.0045459 -0.1087008 255 0 0
0.0240371 -0.0067532 -0.1047868 255 0 0
0.0190425 -0.0074687 -0.1015875 255 0 0
0.0170901 -0.0088400 -0.1003098 255 0 0
0.0139540 -0.0099798 -0.0982840 255 0 0
0.0099978 -0.0109705 -0.0957394 255 0 0
0.0047916 -0.0117331 -0.0924040 255 0 0
-0.0005113 -0.0143306 -0.0889618 255 0 0
-0.0042246 -0.0154471 -0.0865688 255 0 0
-0.0058986 -0.0169677 -0.0854648 255 0 0
-0.0055038 -0.0188815 -0.0856691 255 0 0
-0.0063526 -0.0205653 -0.0850868 255 0 0
-0.0072034 -0.0222531 -0.0845031 255 0 0
-0.0076395 -0.0240191 -0.0841817 255 0 0
-0.0105877 -0.0253468 -0.0822708 255 0 0
-0.0122920 -0.0269047 -0.0811467 255 0 0
-0.0123118 -0.0287581 -0.0810883 255 0 0
-0.0136003 -0.0303990 -0.0802270 255 0 0
-0.0148935 -0.0320459 -0.0793625 255 0 0
-0.0157649 -0.0337679 -0.0787649 255 0 0
-0.0709558 -0.0308473 -0.0436792 255 0 0
-0.1089654 -0.0313130 -0.0194548 255 0 0
-0.1100808 -0.0332628 -0.0186961 255 0 0
-0.0072521 0.0705389 -0.0847076 255 0 0
-0.0064375 0.0684339 -0.0851770 255 0 0
-0.0056249 0.0663338 -0.0856452 255 0 0
-0.0064768 0.0647462 -0.0850608 255 0 0
-0.0048338 0.0623992 -0.0860544 255 0 0
-0.0044389 0.0604354 -0.0862586 255 0 0
-0.0036311 0.0583510 -0.0867242 255 0 0
-0.0024130 0.0561502 -0.0874493 255 0 0
-0.0003824 0.0537185 -0.0886889 255 0 0
0.0020458 0.0511828 -0.0901802 255 0 0
0.0028384 0.0491288 -0.0906368 255 0 0
0.0036291 0.0470796 -0.0910922 255 0 0
0.0056270 0.0446950 -0.0923119 255 0 0
0.0068124 0.0425476 -0.0930175 255 0 0
0.0087917 0.0401873 -0.0942259 255 0 0
0.0107594 0.0378407 -0.0954272 255 0 0
0.0119269 0.0357213 -0.0961221 255 0 0
0.0130904 0.0336092 -0.0968145 255 0 0
0.0173700 0.0306759 -0.0994809 255 0 0
0.0204453 0.0280820 -0.1013850 255 0 0
0.0227287 0.0257105 -0.1027877 255 0 0
0.0295233 0.0221890 -0.1070490 255 0 0
0.0391027 0.0179933 -0.1130758 255 0 0
0.0405368 0.0159038 -0.1139420 255 0 0
0.0423250 0.0137334 -0.1150328 255 0 0
0.0426669 0.0119300 -0.1152071 255 0 0
0.0422885 0.0103045 -0.1149248 255 0 0
0.0422702 0.0085899 -0.1148708 255 0 0
0.0426121 0.0067893 -0.1150452 255 0 0
0.0422336 0.0051609 -0.1147628 255 0 0
0.0411324 0.0036996 -0.1140220 255 0 0
0.0407523 0.0020658 -0.1137384 255 0 0
0.0392827 0.0006791 -0.1127638 255 0 0
0.0356078 -0.0002170 -0.1103899 255 0 0
0.0344843 -0.0017022 -0.1096343 255 0 0
0.0322446 -0.0029469 -0.1081703 255 0 0
0.0314823 -0.0045254 -0.1076435 255 0 0
0.0269495 -0.0070544 -0.1046803 255 0 0
0.0227531 -0.0079312 -0.1019732 255 0 0
0.0188906 -0.0088994 -0.0994776 255 0 0
0.0177099 -0.0104371 -0.0986840 255 0 0
0.0133965 -0.0113477 -0.0959012 255 0 0
0.0046057 -0.0132045 -0.0902297 255 0 0
0.0021592 -0.0145462 -0.0886310 255 0 0
-0.0035909 -0.0152677 -0.0849334 255 0 0
-0.0060959 -0.0166327 -0.0832967 255 0 0
-0.0065315 -0.0183964 -0.0829744 255 0 0
-0.0065511 -0.0202387 -0.0829164 255 0 0
-0.0069872 -0.0220057 -0.0825937 255 0 0
-0.0082594 -0.0236257 -0.0817396 255 0 0
-0.0103765 -0.0251037 -0.0803483 255 0 0
-0.0125064 -0.0265907 -0.0789486 255 0 0
-0.0121031 -0.0285207 -0.0791590 255 0 0
-0.0125460 -0.0303064 -0.0788315 255 0 0
-0.0134135 -0.0320243 -0.0782340 255 0 0
-0.0134333 -0.0338844 -0.0781755 255 0 0
-0.0986474 -0.0304693 -0.0237271 255 0 0
-0.0070354 0.0709542 -0.0827920 255 0 0
-0.0053861 0.0685855 -0.0837939 255 0 0
-0.0054058 0.0667406 -0.0837358 255 0 0
-0.0050094 0.0647684 -0.0839420 255 0 0
-0.0037839 0.0625469 -0.0846752 255 0 0
-0.0033895 0.0605819 -0.0848803 255 0 0
-0.0021698 0.0583731 -0.0856100 255 0 0
-0.0013655 0.0562936 -0.0860758 255 0 0
-0.0009739 0.0543392 -0.0862794 255 0 0
0.0022759 0.0515581 -0.0883001 255 0 0
0.0030698 0.0495000 -0.0887598 255 0 0
0.0042667 0.0473315 -0.0894758 255 0 0
0.0058624 0.0450569 -0.0904455 255 0 0
0.0074506 0.0427930 -0.0914108 255 0 0
0.0090314 0.0405396 -0.0923716 255 0 0
0.0113985 0.0380792 -0.0938327 255 0 0
0.0125662 0.0359569 -0.0945311 255 0 0
0.0137299 0.0338420 -0.0952271 255 0 0
0.0183989 0.0308004 -0.0981538 255 0 0
0.0191554 0.0288146 -0.0985912 255 0 0
0.0229875 0.0260306 -0.1009862 255 0 0
0.0275323 0.0230830 -0.1038353 255 0 0
0.0386531 0.0184791 -0.1108713 255 0 0
0.0422663 0.0158328 -0.1131290 255 0 0
0.0436893 0.0137538 -0.1139926 255 0 0
0.0440305 0.0119503 -0.1141675 255 0 0
0.0432930 0.0104129 -0.1136555 255 0 0
0.0439939 0.0085232 -0.1140595 255 0 0
0.0436162 0.0068957 -0.1137766 255 0 0
0.0432381 0.0052664 -0.1134934 255 0 0
0.0417766 0.0038892 -0.1125198 255 0 0
0.0417582 0.0021698 -0.1124656 255 0 0
0.0399266 0.0008659 -0.1112560 255 0 0
0.0366188 -0.0001135 -0.1091053 255 0 0
0.0343888 -0.0013514 -0.1076411 255 0 0
0.0328875 -0.0027622 -0.1066411 255 0 0
0.0306322 -0.0040162 -0.1051603 255 0 0
0.0283455 -0.0070337 -0.1036159 255 0 0
0.0237764 -0.0078301 -0.1006588 255 0 0
0.0210741 -0.0090387 -0.0988917 255 0 0
0.0198985 -0.0105750 -0.0980982 255 0 0
0.0163854 -0.0116437 -0.0958133 255 0 0
0.0124412 -0.0126447 -0.0932528 255 0 0
0.0032015 -0.0144460 -0.0872684 255 0 0
-0.0025433 -0.0151671 -0.0835574 255 0 0
-0.0050460 -0.0165326 -0.0819148 255 0 0
-0.0042359 -0.0185298 -0.0823863 255 0 0
-0.0055008 -0.0201407 -0.0815334 255 0 0
-0.0051049 -0.0220595 -0.0817407 255 0 0
-0.0055401 -0.0238276 -0.0814173 255 0 0
-0.0097435 -0.0249340 -0.0786877 255 0 0
-0.0106059 -0.0266423 -0.0780911 255 0 0
-0.0106257 -0.0284991 -0.0780326 255 0 0
-0.0114904 -0.0302137 -0.0774345 255 0 0
-0.0127814 -0.0318622 -0.0765639 255 0 0
-0.0932429 -0.0268504 -0.0249596 255 0 0
-0.0063995 0.0712394 -0.0811366 255 0 0
-0.0047496 0.0688672 -0.0821437 255 0 0
-0.0035223 0.0666344 -0.0828814 255 0 0
-0.0039572 0.0649178 -0.0825582 255 0 0
-0.0027328 0.0626948 -0.0832942 255 0 0
-0.0019255 0.0606040 -0.0837642 255 0 0
-0.0011202 0.0585182 -0.0842330 255 0 0
-0.0003167 0.0564372 -0.0847006 255 0 0
0.0000746 0.0544815 -0.0849052 255 0 0
0.0025070 0.0519348 -0.0864135 255 0 0
0.0037084 0.0497556 -0.0871357 255 0 0
0.0049056 0.0475840 -0.0878555 255 0 0
0.0060985 0.0454201 -0.0885726 255 0 0
0.0072872 0.0432639 -0.0892872 255 0 0
0.0092720 0.0408932 -0.0905108 255 0 0
0.0116424 0.0384272 -0.0919809 255 0 0
0.0128118 0.0363006 -0.0926838 255 0 0
0.0139771 0.0341814 -0.0933842 255 0 0
0.0163147 0.0317557 -0.0948342 255 0 0
0.0190219 0.0292450 -0.0965209 255 0 0
0.0213246 0.0268545 -0.0979492 255 0 0
0.0251400 0.0240849 -0.1003451 255 0 0
0.0378342 0.0190616 -0.1084199 255 0 0
0.0432731 0.0159446 -0.1118558 255 0 0
0.0446947 0.0138642 -0.1127228 255 0 0
0.0450354 0.0120596 -0.1128984 255 0 0
0.0450171 0.0103451 -0.1128444 255 0 0
0.0446398 0.0087178 -0.1125606 255 0 0
0.0449806 0.0069160 -0.1127363 255 0 0
0.0438839 0.0054576 -0.1119922 255 0 0
0.0435054 0.0038248 -0.1117075 255 0 0
0.0424039 0.0023580 -0.1109600 255 0 0
0.0398438 0.0012202 -0.1092786 255 0 0
0.0361597 0.0003241 -0.1068771 255 0 0
0.0350333 -0.0011652 -0.1061131 255 0 0
0.0324153 -0.0023297 -0.1043935 255 0 0
0.0305111 -0.0054210 -0.1030876 255 0 0
0.0267213 -0.0063677 -0.1006167 255 0 0
0.0248008 -0.0077289 -0.0993428 255 0 0
0.0224854 -0.0090179 -0.0978157 255 0 0
0.0205405 -0.0103953 -0.0965258 255 0 0
0.0181957 -0.0117018 -0.0949792 255 0 0
0.0185655 -0.0135646 -0.0951721 255 0 0
0.0078729 -0.0150535 -0.0882298 255 0 0
-0.0056387 -0.0142687 -0.0795227 255 0 0
-0.0056584 -0.0161165 -0.0794645 255 0 0
-0.0048452 -0.0181202 -0.0799403 255 0 0
-0.0052812 -0.0198890 -0.0796153 255 0 0
-0.0053008 -0.0217358 -0.0795571 255 0 0
-0.0082480 -0.0230579 -0.0776211 255 0 0
-0.0150527 -0.0237143 -0.0732102 255 0 0
-0.0129383 -0.0259581 -0.0745206 255 0 0
-0.0129581 -0.0278249 -0.0744618 255 0 0
-0.0246773 -0.0296201 -0.0668488 255 0 0
-0.0847958 -0.0258224 -0.0281153 255 0 0
-0.0915923 -0.0268264 -0.0237011 255 0 0
-0.0926672 -0.0287401 -0.0229598 255 0 0
-0.0045086 0.0711302 -0.0802806 255 0 0
-0.0045283 0.0692798 -0.0802223 255 0 0
-0.0037150 0.0671711 -0.0806981 255 0 0
-0.0029037 0.0650675 -0.0811728 255 0 0
-0.0016804 0.0628429 -0.0819117 255 0 0
-0.0017000 0.0610000 -0.0818536 255 0 0
-0.0004812 0.0587866 -0.0825900 255 0 0
0.0007334 0.0565810 -0.0833238 255 0 0
0.0007138 0.0547447 -0.0832660 255 0 0
0.0035545 0.0520753 -0.0850433 255 0 0
0.0043486 0.0500117 -0.0855079 255 0 0
0.0055461 0.0478372 -0.0862313 255 0 0
0.0071425 0.0455560 -0.0872110 255 0 0
0.0083302 0.0433982 -0.0879285 255 0 0
0.0095136 0.0412479 -0.0886434 255 0 0
0.0118872 0.0387764 -0.0901227 255 0 0
0.0134541 0.0365375 -0.0910842 255 0 0
0.0146196 0.0344154 -0.0917882 255 0 0
0.0169576 0.0319862 -0.0932454 255 0 0
0.0181110 0.0298830 -0.0939420 255 0 0
0.0200345 0.0275843 -0.0951335 255 0 0
0.0231047 0.0249985 -0.0970618 255 0 0
0.0246199 0.0228283 -0.0979915 255 0 0
0.0439204 0.0161482 -0.1103495 255 0 0
0.0467759 0.0137046 -0.1121421 255 0 0
0.0463998 0.0120800 -0.1118582 255 0 0
0.0463816 0.0103655 -0.1118042 255 0 0
0.0467212 0.0085638 -0.1119802 255 0 0
0.0459867 0.0070226 -0.1114657 255 0 0
0.0452506 0.0054779 -0.1109502 255 0 0
0.0445129 0.0039299 -0.1104335 255 0 0
0.0434124 0.0024624 -0.1096834 255 0 0
0.0408549 0.0013244 -0.1079961 255 0 0
0.0375425 0.0003446 -0.1058228 255 0 0
0.0349388 -0.0008120 -0.1041051 255 0 0
0.0338058 -0.0023091 -0.1033333 255 0 0
0.0300294 -0.0049935 -0.1008171 255 0 0
0.0277451 -0.0062658 -0.0993037 255 0 0
0.0265877 -0.0077885 -0.0985153 255 0 0
0.0238967 -0.0089970 -0.0967396 255 0 0
0.0211841 -0.0102153 -0.0949498 255 0 0
0.0196161 -0.0116808 -0.0938963 255 0 0
0.0184305 -0.0132314 -0.0930890 255 0 0
0.0109282 -0.0135361 -0.0882139 255 0 0
-0.0025082 -0.0145673 -0.0794710 255 0 0
-0.0058563 -0.0157775 -0.0772690 255 0 0
-0.0071325 -0.0173940 -0.0764012 255 0 0
-0.0067329 -0.0193272 -0.0766129 255 0 0
-0.0071720 -0.0211053 -0.0762843 255 0 0
-0.0088742 -0.0226587 -0.0751417 255 0 0
-0.0148641 -0.0253417 -0.0711894 255 0 0
-0.0183315 -0.0266257 -0.0689082 255 0 0
-0.0654837 -0.0245717 -0.0383660 255 0 0
-0.0831376 -0.0237419 -0.0269324 255 0 0
-0.0883492 -0.0249765 -0.0235207 255 0 0
-0.0888940 -0.0269655 -0.0231183 255 0 0
-0.0894396 -0.0289571 -0.0227153 255 0 0
-0.0022046 0.0708900 -0.0796931 255 0 0
-0.0026397 0.0691718 -0.0793673 255 0 0
-0.0022441 0.0671934 -0.0795766 255 0 0
-0.0014344 0.0650898 -0.0800526 255 0 0
-0.0006267 0.0629911 -0.0805275 255 0 0
-0.0010598 0.0612723 -0.0802030 255 0 0
0.0005714 0.0589321 -0.0812087 255 0 0
0.0013742 0.0568470 -0.0816808 255 0 0
0.0013546 0.0550085 -0.0816228 255 0 0
0.0029743 0.0526914 -0.0826216 255 0 0
0.0053965 0.0501510 -0.0841380 255 0 0
0.0061880 0.0480909 -0.0846033 255 0 0
0.0077848 0.0458064 -0.0855879 255 0 0
0.0089728 0.0436456 -0.0863091 255 0 0
0.0109562 0.0412696 -0.0875435 255 0 0
0.0125307 0.0390171 -0.0885144 255 0 0
0.0140979 0.0367750 -0.0894808 255 0 0
0.0152636 0.0346501 -0.0901884 255 0 0
0.0168180 0.0324272 -0.0911470 255 0 0
0.0187557 0.0301111 -0.0923531 255 0 0
0.0214548 0.0276055 -0.0940507 255 0 0
0.0229806 0.0254193 -0.0949915 255 0 0
0.0241157 0.0233419 -0.0956803 255 0 0
0.0438465 0.0165362 -0.1083734 255 0 0
0.0481396 0.0137250 -0.1111025 255 0 0
0.0481213 0.0120113 -0.1110485 255 0 0
0.0473884 0.0104740 -0.1105330 255 0 0
0.0477276 0.0086713 -0.1107098 255 0 0
0.0473518 0.0070429 -0.1104249 255 0 0
0.0462586 0.0055839 -0.1096765 255 0 0
0.0458811 0.0039502 -0.1093903 255 0 0
0.0444222 0.0025669 -0.1084054 255 0 0
0.0418673 0.0014287 -0.1067122 255 0 0
0.0392922 0.0002815 -0.1050056 255 0 0
0.0366968 -0.0008747 -0.1032856 255 0 0
0.0336921 -0.0037092 -0.1012575 255 0 0
0.0314280 -0.0049728 -0.0997508 255 0 0
0.0302808 -0.0064881 -0.0989658 255 0 0
0.0287513 -0.0079284 -0.0979336 255 0 0
0.0233903 -0.0085748 -0.0944234 255 0 0
0.0206678 -0.0097948 -0.0926190 255 0 0
0.0202608 -0.0115016 -0.0923118 255 0 0
0.0206297 -0.0133668 -0.0925064 255 0 0
0.0127639 -0.0135938 -0.0873740 255 0 0
0.0119498 -0.0152449 -0.0868029 255 0 0
-0.0027177 -0.0160732 -0.0772224 255 0 0
-0.0069142 -0.0171357 -0.0744611 255 0 0
-0.0065141 -0.0190725 -0.0746743 255 0 0
-0.0090612 -0.0204687 -0.0729799 255 0 0
-0.0116268 -0.0218749 -0.0712731 255 0 0
-0.0185441 -0.0244160 -0.0667021 255 0 0
-0.0579950 -0.0215191 -0.0410597 255 0 0
-0.0768772 -0.0224165 -0.0287306 255 0 0
-0.0825314 -0.0235517 -0.0250173 255 0 0
-0.0867018 -0.0249525 -0.0222647 255 0 0
-0.0877679 -0.0268599 -0.0215230 255 0 0
-0.0003197 0.0707812 -0.0788395 255 0 0
-0.0007534 0.0690640 -0.0785133 255 0 0
-0.0011876 0.0673447 -0.0781868 255 0 0
-0.0007927 0.0653674 -0.0783969 255 0 0
0.0000151 0.0632659 -0.0788742 255 0 0
0.0008211 0.0611693 -0.0793506 255 0 0
0.0016251 0.0590778 -0.0798257 255 0 0
0.0028374 0.0568690 -0.0805652 255 0 0
0.0019970 0.0552729 -0.0799758 255 0 0
0.0036171 0.0529525 -0.0809797 255 0 0
0.0040063 0.0509976 -0.0811865 255 0 0
0.0068316 0.0483452 -0.0829714 255 0 0
0.0084288 0.0460575 -0.0839611 255 0 0
0.0096170 0.0438937 -0.0846860 255 0 0
0.0116007 0.0415141 -0.0859265 255 0 0
0.0139700 0.0390387 -0.0874171 255 0 0
0.0151387 0.0369048 -0.0881300 255 0 0
0.0163034 0.0347783 -0.0888404 255 0 0
0.0170711 0.0327647 -0.0892937 255 0 0
0.0190114 0.0304436 -0.0905072 255 0 0
0.0197729 0.0284432 -0.0909567 255 0 0
0.0224695 0.0259428 -0.0926610 255 0 0
0.0228370 0.0240575 -0.0928554 255 0 0
0.0430465 0.0171111 -0.1059177 255 0 0
0.0491469 0.0138353 -0.1098317 255 0 0
0.0491287 0.0121207 -0.1097776 255 0 0
0.0491103 0.0104062 -0.1097236 255 0 0
0.0490921 0.0086916 -0.1096696 255 0 0
0.0483599 0.0071496 -0.1091523 255 0 0
0.0476260 0.0056042 -0.1086339 255 0 0
0.0461718 0.0042254 -0.1076479 255 0 0
0.0447111 0.0028404 -0.1066574 255 0 0
0.0428806 0.0015331 -0.1054268 255 0 0
0.0399415 0.0004694 -0.1034763 255 0 0
0.0362190 -0.0021857 -0.1009737 255 0 0
0.0350858 -0.0036886 -0.1001948 255 0 0
0.0332010 -0.0050337 -0.0989277 255 0 0
0.0320575 -0.0065482 -0.0981418 255 0 0
0.0286412 -0.0075859 -0.0958794 255 0 0
0.0240372 -0.0083926 -0.0928451 255 0 0
0.0224757 -0.0098539 -0.0917868 255 0 0
0.0212951 -0.0114014 -0.0909758 255 0 0
0.0185499 -0.0126393 -0.0891479 255 0 0
0.0133893 -0.0152237 -0.0857054 255 0 0
-0.0083627 -0.0146917 -0.0714759 255 0 0
-0.0088255 -0.0183468 -0.0710831 255 0 0
-0.0174338 -0.0205365 -0.0653929 255 0 0
-0.0307112 -0.0200702 -0.0567105 255 0 0
-0.0539814 -0.0199164 -0.0414776 255 0 0
-0.0662062 -0.0218563 -0.0334255 255 0 0
-0.0757581 -0.0223093 -0.0271600 255 0 0
-0.0814079 -0.0234445 -0.0234328 255 0 0
-0.0855750 -0.0248456 -0.0206699 255 0 0
-0.0855971 -0.0269174 -0.0206046 255 0 0
0.0007374 0.0709346 -0.0774501 255 0 0
0.0007176 0.0690863 -0.0773918 255 0 0
0.0002843 0.0673670 -0.0770647 255 0 0
-0.0001495 0.0656457 -0.0767371 255 0 0
0.0010717 0.0634146 -0.0774857 255 0 0
0.0022886 0.0611915 -0.0782317 255 0 0
0.0030909 0.0591000 -0.0787081 255 0 0
0.0034815 0.0571357 -0.0789169 255 0 0
0.0030516 0.0554163 -0.0785920 255 0 0
0.0034423 0.0534543 -0.0788009 255 0 0
0.0054668 0.0510196 -0.0800729 255 0 0
0.0070712 0.0487168 -0.0810718 255 0 0
0.0086707 0.0464241 -0.0820677 255 0 0
0.0106644 0.0440288 -0.0833204 255 0 0
0.0130451 0.0415358 -0.0848253 255 0 0
0.0146166 0.0392800 -0.0858037 255 0 0
0.0157856 0.0371432 -0.0865203 255 0 0
0.0173442 0.0349068 -0.0874907 255 0 0
0.0177184 0.0329976 -0.0876901 255 0 0
0.0196591 0.0306730 -0.0889096 255 0 0
0.0192489 0.0289791 -0.0885983 255 0 0
0.0211807 0.0266716 -0.0898124 255 0 0
0.0211616 0.0248787 -0.0897559 255 0 0
0.0418760 0.0177833 -0.1032075 255 0 0
0.0505113 0.0138557 -0.1087914 255 0 0
0.0504930 0.0121411 -0.1087373 255 0 0
0.0504747 0.0104265 -0.1086833 255 0 0
0.0493873 0.0089739 -0.1079324 255 0 0
0.0497258 0.0071700 -0.1081109 255 0 0
0.0489935 0.0056246 -0.1075913 255 0 0
0.0461031 0.0045869 -0.1056646 255 0 0
0.0457239 0.0029453 -0.1053749 255 0 0
0.0438952 0.0016376 -0.1041400 255 0 0
0.0398582 0.0008259 -0.1014646 255 0 0
0.0383660 -0.0005833 -0.1004485 255 0 0
0.0361080 -0.0035858 -0.0988897 255 0 0
0.0342251 -0.0049314 -0.0976182 255 0 0
0.0330827 -0.0064467 -0.0968296 255 0 0
0.0311825 -0.0078066 -0.0955463 255 0 0
0.0281309 -0.0089345 -0.0935114 255 0 0
0.0246665 -0.0099929 -0.0912067 255 0 0
0.0227179 -0.0113804 -0.0898909 255 0 0
0.0188058 -0.0123811 -0.0872931 255 0 0
0.0140381 -0.0150468 -0.0840917 255 0 0
0.0136214 -0.0167807 -0.0837751 255 0 0
-0.0056136 -0.0149119 -0.0711685 255 0 0
-0.0064952 -0.0184821 -0.0705011 255 0 0
-0.0142019 -0.0208268 -0.0653743 255 0 0
-0.0364560 -0.0207001 -0.0507391 255 0 0
-0.0562477 -0.0192281 -0.0377566 255 0 0
-0.0665810 -0.0215007 -0.0309039 255 0 0
-0.0731179 -0.0224524 -0.0265807 255 0 0
-0.0802827 -0.0233371 -0.0218462 255 0 0
-0.0834070 -0.0249044 -0.0197526 255 0 0
0.0009686 0.0713512 -0.0755190 255 0 0
0.0017759 0.0692388 -0.0760007 255 0 0
0.0009292 0.0676479 -0.0754023 255 0 0
0.0013233 0.0656680 -0.0756142 255 0 0
0.0029536 0.0633103 -0.0766338 255 0 0
0.0025222 0.0615896 -0.0763066 255 0 0
0.0041469 0.0592458 -0.0773228 255 0 0
0.0049465 0.0571578 -0.0778000 255 0 0
0.0036973 0.0556817 -0.0769385 255 0 0
0.0040880 0.0537171 -0.0771485 255 0 0
0.0057051 0.0513976 -0.0781603 255 0 0
0.0069079 0.0492063 -0.0789015 255 0 0
0.0089135 0.0467921 -0.0801677 255 0 0
0.0113118 0.0442777 -0.0816908 255 0 0
0.0140916 0.0416691 -0.0834638 255 0 0
0.0152648 0.0395219 -0.0841866 255 0 0
0.0164340 0.0373821 -0.0849068 255 0 0
0.0175991 0.0352498 -0.0856245 255 0 0
0.0187602 0.0331249 -0.0863397 255 0 0
0.0199172 0.0310075 -0.0870524 255 0 0
0.0198981 0.0292072 -0.0869957 255 0 0
0.0202700 0.0273046 -0.0871949 255 0 0
0.0210319 0.0253032 -0.0876493 255 0 0
0.0256585 0.0223152 -0.0906334 255 0 0
0.0522306 0.0137860 -0.1079833 255 0 0
0.0515023 0.0122506 -0.1074645 255 0 0
0.0518392 0.0104469 -0.1076430 255 0 0
0.0507540 0.0089943 -0.1068904 255 0 0
0.0507357 0.0072768 -0.1068362 255 0 0
0.0496469 0.0058165 -0.1060809 255 0 0
0.0467562 0.0047785 -0.1041453 255 0 0
0.0460157 0.0032200 -0.1036178 255 0 0
0.0445480 0.0018265 -0.1026139 255 0 0
0.0412449 0.0008465 -0.1004073 255 0 0
0.0393871 -0.0004790 -0.0991472 255 0 0
0.0378735 -0.0036473 -0.0980695 255 0 0
0.0352503 -0.0048290 -0.0963071 255 0 0
0.0348578 -0.0065068 -0.0960067 255 0 0
0.0322107 -0.0077054 -0.0942281 255 0 0
0.0287814 -0.0087533 -0.0919364 255 0 0
0.0268524 -0.0101316 -0.0906280 255 0 0
0.0233675 -0.0112006 -0.0882990 255 0 0
0.0186704 -0.0120424 -0.0851745 255 0 0
0.0150828 -0.0149473 -0.0827328 255 0 0
0.0146665 -0.0166822 -0.0824152 255 0 0
-0.0083687 -0.0159550 -0.0672115 255 0 0
-0.0275844 -0.0142471 -0.0545556 255 0 0
-0.0307741 -0.0175284 -0.0523676 255 0 0
-0.0376416 -0.0182400 -0.0478121 255 0 0
-0.0479425 -0.0183842 -0.0410018 255 0 0
-0.0570964 -0.0207907 -0.0348941 255 0 0
-0.0634845 -0.0217264 -0.0306499 255 0 0
-0.0669794 -0.0231743 -0.0283051 255 0 0
-0.0776155 -0.0234800 -0.0212693 255 0 0
0.0032478 0.0692611 -0.0748785 255 0 0
0.0028158 0.0675408 -0.0745496 255 0 0
0.0027961 0.0656902 -0.0744913 255 0 0
0.0044230 0.0633326 -0.0755136 255 0 0
0.0048138 0.0613611 -0.0757248 255 0 0
0.0047941 0.0595160 -0.0756666 255 0 0
0.0055939 0.0574251 -0.0761465 255 0 0
0.0051649 0.0557038 -0.0758195 255 0 0
0.0055547 0.0537392 -0.0760303 255 0 0
0.0067607 0.0515385 -0.0767770 255 0 0
0.0067411 0.0496989 -0.0767190 255 0 0
0.0099661 0.0469297 -0.0787921 255 0 0
0.0119606 0.0445272 -0.0800574 255 0 0
0.0151390 0.0418026 -0.0821007 255 0 0
0.0174986 0.0393233 -0.0836064 255 0 0
0.0178742 0.0374037 -0.0838088 255 0 0
0.0182494 0.0354863 -0.0840110 255 0 0
0.0198032 0.0332524 -0.0849878 255 0 0
0.0213499 0.0310289 -0.0859601 255 0 0
0.0205486 0.0294359 -0.0853893 255 0 0
0.0228702 0.0270196 -0.0868713 255 0 0
0.0228510 0.0252236 -0.0868146 255 0 0
0.0220535 0.0236274 -0.0862462 255 0 0
0.0521756 0.0141670 -0.1060107 255 0 0
0.0528675 0.0122710 -0.1064236 255 0 0
0.0528492 0.0105554 -0.1063695 255 0 0
0.0517652 0.0091022 -0.1056143 255 0 0
0.0517468 0.0073838 -0.1055602 255 0 0
0.0499441 0.0060949 -0.1043319 255 0 0
0.0481313 0.0047989 -0.1030969 255 0 0
0.0473924 0.0032405 -0.1025682 255 0 0
0.0459278 0.0018470 -0.1015619 255 0 0
0.0422655 0.0009513 -0.0991089 255 0 0
0.0403934 -0.0021238 -0.0977910 255 0 0
0.0381561 -0.0033800 -0.0962751 255 0 0
0.0355296 -0.0045627 -0.0945026 255 0 0
0.0355108 -0.0063243 -0.0944471 255 0 0
0.0321083 -0.0073620 -0.0921630 255 0 0
0.0290521 -0.0084911 -0.0901067 255 0 0
0.0267368 -0.0097910 -0.0885379 255 0 0
0.0240185 -0.0110203 -0.0867033 255 0 0
0.0201048 -0.0120213 -0.0840809 255 0 0
0.0165248 -0.0149261 -0.0816333 255 0 0
0.0161093 -0.0166610 -0.0813151 255 0 0
0.0056250 -0.0164604 -0.0743603 255 0 0
-0.0515413 -0.0114545 -0.0365343 255 0 0
-0.0539864 -0.0150130 -0.0348242 255 0 0
-0.0569150 -0.0165011 -0.0328437 255 0 0
-0.0569364 -0.0185097 -0.0327804 255 0 0
-0.0569577 -0.0205183 -0.0327171 255 0 0
-0.0589301 -0.0221986 -0.0313667 255 0 0
-0.0638739 -0.0233973 -0.0280555 255 0 0
0.0034840 0.0696748 -0.0729416 255 0 0
0.0042887 0.0675631 -0.0734267 255 0 0
0.0042689 0.0657125 -0.0733684 255 0 0
0.0063019 0.0632284 -0.0746634 255 0 0
0.0062822 0.0613832 -0.0746052 255 0 0
0.0058531 0.0596624 -0.0742770 255 0 0
0.0066521 0.0575700 -0.0747587 255 0 0
0.0062233 0.0558479 -0.0744307 255 0 0
0.0074295 0.0536409 -0.0751812 255 0 0
0.0082248 0.0515606 -0.0756607 255 0 0
0.0086119 0.0496030 -0.0758711 255 0 0
0.0110200 0.0470674 -0.0774150 255 0 0
0.0126111 0.0447772 -0.0784201 255 0 0
0.0145943 0.0423853 -0.0796842 255 0 0
0.0157709 0.0402291 -0.0804161 255 0 0
0.0165465 0.0381902 -0.0808836 255 0 0
0.0192952 0.0356156 -0.0826537 255 0 0
0.0208475 0.0333801 -0.0836343 255 0 0
0.0227826 0.0310504 -0.0848678 255 0 0
0.0219831 0.0294574 -0.0842957 255 0 0
0.0235228 0.0272452 -0.0852685 255 0 0
0.0246682 0.0251440 -0.0859810 255 0 0
0.0292643 0.0221606 -0.0889731 255 0 0
0.0528323 0.0143684 -0.1044995 255 0 0
0.0531693 0.0125594 -0.1046800 255 0 0
0.0535058 0.0107525 -0.1048603 255 0 0
0.0531327 0.0091226 -0.1045716 255 0 0
0.0531144 0.0074041 -0.1045175 255 0 0
0.0513155 0.0061153 -0.1032864 255 0 0
0.0491472 0.0049051 -0.1018108 255 0 0
0.0484089 0.0033459 -0.1012804 255 0 0
0.0473077 0.0018675 -0.1005099 255 0 0
0.0432873 0.0010563 -0.0978090 255 0 0
0.0417849 -0.0021032 -0.0967301 255 0 0
0.0388110 -0.0031943 -0.0947201 255 0 0
0.0373044 -0.0046239 -0.0936805 255 0 0
0.0365391 -0.0062224 -0.0931312 255 0 0
0.0331399 -0.0072603 -0.0908390 255 0 0
0.0308481 -0.0085507 -0.0892791 255 0 0
0.0273899 -0.0096097 -0.0869471 255 0 0
0.0254447 -0.0109993 -0.0856159 255 0 0
0.0207566 -0.0118407 -0.0824691 255 0 0
0.0195599 -0.0134089 -0.0816327 255 0 0
0.0175523 -0.0166398 -0.0802150 255 0 0
0.0079049 -0.0165960 -0.0737826 255 0 0
-0.0552740 -0.0124606 -0.0317517 255 0 0
-0.0557811 -0.0143820 -0.0313666 255 0 0
-0.0562888 -0.0163059 -0.0309810 255 0 0
-0.0519584 -0.0190746 -0.0338012 255 0 0
-0.0658962 0.0921913 -0.0248991 255 0 0
0.0016283 0.0688864 -0.0695666 255 0 0
0.0045070 0.0661202 -0.0714276 255 0 0
0.0065429 0.0636303 -0.0727307 255 0 0
0.0069328 0.0616563 -0.0729438 255 0 0
0.0073224 0.0596846 -0.0731566 255 0 0
0.0081198 0.0575922 -0.0736398 255 0 0
0.0068739 0.0561142 -0.0727691 255 0 0
0.0084882 0.0537834 -0.0737937 255 0 0
0.0092827 0.0517018 -0.0742751 255 0 0
0.0100753 0.0496251 -0.0747554 255 0 0
0.0104611 0.0476698 -0.0749662 255 0 0
0.0136647 0.0449135 -0.0770451 255 0 0
0.0152468 0.0426323 -0.0780493 255 0 0
0.0156266 0.0406961 -0.0782565 255 0 0
0.0168020 0.0385416 -0.0789914 255 0 0
0.0195544 0.0359611 -0.0807723 255 0 0
0.0215011 0.0336143 -0.0820192 255 0 0
0.0226561 0.0314910 -0.0827411 255 0 0
0.0245848 0.0291681 -0.0839765 255 0 0
0.0265022 0.0268587 -0.0852047 255 0 0
0.0295560 0.0242634 -0.0871872 255 0 0
0.0333418 0.0214957 -0.0896558 255 0 0
0.0370843 0.0187596 -0.0920963 255 0 0
0.0548909 0.0124904 -0.1038724 255 0 0
0.0545185 0.0108614 -0.1035832 255 0 0
0.0545003 0.0091429 -0.1035290 255 0 0
0.0541274 0.0075112 -0.1032394 255 0 0
0.0523303 0.0062220 -0.1020040 255 0 0
0.0494452 0.0051834 -0.1000458 255 0 0
0.0501459 0.0032814 -0.1004689 255 0 0
0.0486875 0.0018880 -0.0994579 255 0 0
0.0450407 0.0009925 -0.0969930 255 0 0
0.0428093 -0.0019997 -0.0954251 255 0 0
0.0402088 -0.0031736 -0.0936544 255 0 0
0.0368401 -0.0041922 -0.0913727 255 0 0
0.0368213 -0.0059579 -0.0913171 255 0 0
0.0356781 -0.0074819 -0.0905140 255 0 0
0.0330206 -0.0086907 -0.0887042 255 0 0
0.0299599 -0.0098292 -0.0866260 255 0 0
0.0264851 -0.0108985 -0.0842721 255 0 0
0.0214100 -0.0116598 -0.0808536 255 0 0
0.0194089 -0.0148836 -0.0794343 255 0 0
0.0186003 -0.0165411 -0.0788522 255 0 0
0.0097743 -0.0166529 -0.0729367 255 0 0
-0.0541604 -0.0123487 -0.0302106 255 0 0
-0.0541817 -0.0143585 -0.0301472 255 0 0
-0.0627726 0.0917396 -0.0246549 255 0 0
-0.0632927 0.0898572 -0.0242590 255 0 0
-0.0628161 0.0876604 -0.0245263 255 0 0
0.0051389 0.0645440 -0.0696959 255 0 0
0.0071754 0.0620558 -0.0710058 255 0 0
0.0087918 0.0597068 -0.0720364 255 0 0
0.0095873 0.0576144 -0.0725208 255 0 0
0.0091603 0.0558922 -0.0721914 255 0 0
0.0091407 0.0540470 -0.0721333 255 0 0
0.0099354 0.0519625 -0.0726173 255 0 0
0.0103222 0.0500012 -0.0728298 255 0 0
0.0111140 0.0479253 -0.0733120 255 0 0
0.0151202 0.0449354 -0.0759354 255 0 0
0.0159008 0.0428800 -0.0764106 255 0 0
0.0158814 0.0410533 -0.0763530 255 0 0
0.0162612 0.0391156 -0.0765614 255 0 0
0.0182314 0.0367430 -0.0778295 255 0 0
0.0194002 0.0345992 -0.0785639 255 0 0
0.0201707 0.0325693 -0.0790330 255 0 0
0.0221179 0.0302296 -0.0802864 255 0 0
0.0263849 0.0272880 -0.0830863 255 0 0
0.0328809 0.0237871 -0.0873727 255 0 0
0.0377607 0.0207394 -0.0905825 255 0 0
0.0381159 0.0188762 -0.0907761 255 0 0
0.0548419 0.0128693 -0.1018862 255 0 0
0.0551781 0.0110592 -0.1020683 255 0 0
0.0544503 0.0095146 -0.1015409 255 0 0
0.0544320 0.0077923 -0.1014866 255 0 0
0.0533463 0.0063288 -0.1007203 255 0 0
0.0504640 0.0052901 -0.0987552 255 0 0
0.0508050 0.0034719 -0.0989404 255 0 0
0.0489855 0.0021620 -0.0976840 255 0 0
0.0475188 0.0007605 -0.0966627 255 0 0
0.0449500 -0.0003965 -0.0949058 255 0 0
0.0427133 -0.0034003 -0.0933273 255 0 0
0.0382451 -0.0041715 -0.0903015 255 0 0
0.0374788 -0.0057741 -0.0897467 255 0 0
0.0355836 -0.0071376 -0.0884380 255 0 0
0.0348112 -0.0087501 -0.0878789 255 0 0
0.0340370 -0.0103662 -0.0873185 255 0 0
0.0290656 -0.0111165 -0.0839545 255 0 0
0.0236290 -0.0117984 -0.0802791 255 0 0
0.0192739 -0.0145483 -0.0772811 255 0 0
0.0180668 -0.0161314 -0.0764302 255 0 0
-0.0007042 -0.0143176 -0.0638417 255 0 0
-0.0520774 -0.0124137 -0.0293145 255 0 0
-0.0606744 0.0895676 -0.0236849 255 0 0
-0.0602001 0.0873738 -0.0239521 255 0 0
-0.0567680 0.0842636 -0.0261968 255 0 0
-0.0548302 0.0816324 -0.0274429 255 0 0
-0.0362729 0.0739374 -0.0398015 255 0 0
-0.0316771 0.0705681 -0.0428267 255 0 0
0.0057130 0.0573886 -0.0677842 255 0 0
0.0093870 0.0544324 -0.0701961 255 0 0
0.0105897 0.0522239 -0.0709555 255 0 0
0.0113826 0.0501416 -0.0714408 255 0 0
0.0153944 0.0471333 -0.0740798 255 0 0
0.0165758 0.0449573 -0.0748256 255 0 0
0.0169557 0.0430150 -0.0750352 255 0 0
0.0181317 0.0408514 -0.0757775 255 0 0
0.0177143 0.0391374 -0.0754536 255 0 0
0.0184904 0.0370925 -0.0759285 255 0 0
0.0196608 0.0349444 -0.0766675 255 0 0
0.0216152 0.0325909 -0.0779316 255 0 0
0.0231667 0.0303558 -0.0789261 255 0 0
0.0266550 0.0276167 -0.0812178 255 0 0
0.0361868 0.0233135 -0.0875571 255 0 0
0.0399131 0.0205671 -0.0900095 255 0 0
0.0406382 0.0186108 -0.0904522 255 0 0
0.0508571 0.0142488 -0.0972547 255 0 0
0.0558392 0.0112574 -0.1005501 255 0 0
0.0561752 0.0094471 -0.1007332 255 0 0
0.0558026 0.0078127 -0.1004415 255 0 0
0.0543634 0.0064356 -0.0994350 255 0 0
0.0522017 0.0052244 -0.0979441 255 0 0
0.0521833 0.0034924 -0.0978895 255 0 0
0.0503677 0.0021825 -0.0966301 255 0 0
0.0485418 0.0008652 -0.0953636 255 0 0
0.0455940 -0.0019584 -0.0933020 255 0 0
0.0441088 -0.0033796 -0.0922633 255 0 0
0.0396503 -0.0041507 -0.0892302 255 0 0
0.0377635 -0.0055080 -0.0879215 255 0 0
0.0366186 -0.0070356 -0.0871104 255 0 0
0.0362236 -0.0087292 -0.0868021 255 0 0
0.0358281 -0.0104247 -0.0864934 255 0 0
0.0274120 -0.0104560 -0.0808028 255 0 0
0.0223124 -0.0130289 -0.0772924 255 0 0
0.0203248 -0.0144482 -0.0759141 255 0 0
0.0175303 -0.0157193 -0.0739940 255 0 0
-0.0094148 -0.0142166 -0.0558138 255 0 0
-0.0475966 -0.0129188 -0.0300317 255 0 0
-0.0541382 0.0880349 -0.0257475 255 0 0
-0.0536713 0.0858565 -0.0260117 255 0 0
-0.0536928 0.0838328 -0.0259479 255 0 0
-0.0527393 0.0815081 -0.0265390 255 0 0
-0.0542184 0.0799332 -0.0254961 255 0 0
-0.0474613 0.0758522 -0.0299861 255 0 0
-0.0474826 0.0738455 -0.0299228 255 0 0
-0.0455888 0.0712684 -0.0311464 255 0 0
0.0005009 0.0556572 -0.0620694 255 0 0
0.0075445 0.0517151 -0.0667572 255 0 0
0.0107992 0.0489090 -0.0688995 255 0 0
0.0176324 0.0450936 -0.0734476 255 0 0
0.0188085 0.0429237 -0.0741937 255 0 0
0.0191867 0.0409850 -0.0744033 255 0 0
0.0191673 0.0391592 -0.0743458 255 0 0
0.0195450 0.0372238 -0.0745553 255 0 0
0.0203185 0.0351824 -0.0750310 255 0 0
0.0214851 0.0330388 -0.0757712 255 0 0
0.0226474 0.0309028 -0.0765087 255 0 0
0.0261487 0.0281527 -0.0788197 255 0 0
0.0326771 0.0246271 -0.0831678 255 0 0
0.0360740 0.0219506 -0.0854098 255 0 0
0.0412992 0.0188226 -0.0888826 255 0 0
0.0420229 0.0168682 -0.0893265 255 0 0
0.0565018 0.0114560 -0.0990285 255 0 0
0.0564835 0.0097318 -0.0989742 255 0 0
0.0561106 0.0080948 -0.0986811 255 0 0
0.0550259 0.0066293 -0.0979088 255 0 0
0.0550075 0.0049012 -0.0978543 255 0 0
0.0532038 0.0035981 -0.0965976 255 0 0
0.0521094 0.0021184 -0.0958183 255 0 0
0.0502895 0.0008017 -0.0945503 255 0 0
0.0473512 -0.0020207 -0.0924861 255 0 0
0.0444025 -0.0031115 -0.0904569 255 0 0
0.0410554 -0.0041299 -0.0881589 255 0 0
0.0399194 -0.0056508 -0.0873505 255 0 0
0.0372790 -0.0068522 -0.0855279 255 0 0
0.0372601 -0.0086280 -0.0854719 255 0 0
0.0353556 -0.0100061 -0.0841449 255 0 0
0.0269089 -0.0100321 -0.0784076 255 0 0
0.0190214 -0.0120477 -0.0730017 255 0 0
0.0162099 -0.0133141 -0.0710614 255 0 0
0.0101286 -0.0139502 -0.0669157 255 0 0
-0.0122266 -0.0133647 -0.0517471 255 0 0
-0.0403002 -0.0119547 -0.0327148 255 0 0
-0.0520607 0.0858809 -0.0247837 255 0 0
-0.0515953 0.0837053 -0.0250483 255 0 0
-0.0516168 0.0816829 -0.0249846 255 0 0
-0.0511463 0.0795096 -0.0252528 255 0 0
-0.0502031 0.0771953 -0.0258401 255 0 0
-0.0492566 0.0748852 -0.0264298 255 0 0
-0.0463861 0.0720060 -0.0283183 255 0 0
-0.0440170 0.0692909 -0.0298688 255 0 0
-0.0421371 0.0667322 -0.0310893 255 0 0
-0.0416844 0.0645982 -0.0313463 255 0 0
-0.0370010 0.0612498 -0.0344604 255 0 0
0.0178722 0.0436266 -0.0714709 255 0 0
0.0194481 0.0413431 -0.0724906 255 0 0
0.0198264 0.0394029 -0.0727016 255 0 0
0.0198070 0.0375750 -0.0726440 255 0 0
0.0189916 0.0359652 -0.0720486 255 0 0
0.0169743 0.0346772 -0.0706409 255 0 0
0.0137162 0.0318619 -0.0683496 255 0 0
0.0141009 0.0299112 -0.0685648 255 0 0
0.0136769 0.0281732 -0.0682333 255 0 0
0.0095863 0.0273780 -0.0654230 255 0 0
0.0083357 0.0258364 -0.0645324 255 0 0
0.0575202 0.0115657 -0.0977431 255 0 0
0.0575019 0.0098405 -0.0976887 255 0 0
0.0574836 0.0081153 -0.0976343 255 0 0
0.0556898 0.0068234 -0.0963791 255 0 0
0.0553151 0.0051793 -0.0960835 255 0 0
0.0535093 0.0038748 -0.0948198 255 0 0
0.0524135 0.0023931 -0.0940362 255 0 0
0.0523950 0.0006543 -0.0939814 255 0 0
0.0505729 -0.0006689 -0.0927060 255 0 0
0.0476310 -0.0035027 -0.0906300 255 0 0
0.0435714 -0.0043560 -0.0878395 255 0 0
0.0416989 -0.0057116 -0.0865291 255 0 0
0.0401896 -0.0071561 -0.0854642 255 0 0
0.0375456 -0.0083656 -0.0836310 255 0 0
0.0337396 -0.0093438 -0.0810105 255 0 0
0.0228628 -0.0106894 -0.0735568 255 0 0
0.0164866 -0.0112158 -0.0691937 255 0 0
0.0132431 -0.0124052 -0.0669519 255 0 0
0.0050272 -0.0126282 -0.0613410 255 0 0
-0.0217432 -0.0131624 -0.0430633 255 0 0
-0.0424929 -0.0112262 -0.0289533 255 0 0
-0.0485537 0.0812564 -0.0247426 255 0 0
-0.0480919 0.0790895 -0.0250065 255 0 0
-0.0476307 0.0769253 -0.0252702 255 0 0
-0.0457308 0.0743293 -0.0265094 255 0 0
-0.0443155 0.0718888 -0.0274203 255 0 0
-0.0448150 0.0700238 -0.0270326 255 0 0
-0.0434034 0.0675948 -0.0279412 255 0 0
-0.0429482 0.0654520 -0.0282013 255 0 0
-0.0420184 0.0631749 -0.0287833 255 0 0
-0.0016444 0.0496387 -0.0561270 255 0 0
0.0189127 0.0419281 -0.0700298 255 0 0
0.0188932 0.0400937 -0.0699720 255 0 0
0.0128260 0.0399368 -0.0658097 255 0 0
0.0164517 0.0370847 -0.0682256 255 0 0
0.0144146 0.0357923 -0.0667980 255 0 0
0.0123654 0.0344922 -0.0653619 255 0 0
0.0098940 0.0332935 -0.0636390 255 0 0
0.0057483 0.0325229 -0.0607789 255 0 0
0.0065577 0.0304365 -0.0612830 255 0 0
0.0065379 0.0285688 -0.0612241 255 0 0
0.0081704 0.0262788 -0.0622875 255 0 0
0.0560542 0.0123040 -0.0947678 255 0 0
0.0588749 0.0098609 -0.0966419 255 0 0
0.0588565 0.0081357 -0.0965874 255 0 0
0.0577765 0.0066703 -0.0958116 255 0 0
0.0566927 0.0051998 -0.0950332 255 0 0
0.0548908 0.0038954 -0.0937665 255 0 0
0.0537974 0.0024137 -0.0929811 255 0 0
0.0530602 0.0008428 -0.0924378 255 0 0
0.0526817 -0.0008149 -0.0921382 255 0 0
0.0508573 -0.0021445 -0.0908554 255 0 0
0.0479116 -0.0049898 -0.0887675 255 0 0
0.0442168 -0.0059354 -0.0862121 255 0 0
0.0408533 -0.0069730 -0.0838816 255 0 0
0.0385854 -0.0082640 -0.0822959 255 0 0
0.0324921 -0.0087567 -0.0781077 255 0 0
0.0199623 -0.0097704 -0.0694951 255 0 0
0.0159407 -0.0107854 -0.0667142 255 0 0
0.0090069 -0.0112368 -0.0619509 255 0 0
-0.0074396 -0.0117484 -0.0506662 255 0 0
-0.0251474 -0.0121991 -0.0385183 255 0 0
-0.0446097 0.0744984 -0.0249630 255 0 0
-0.0431955 0.0720560 -0.0258775 255 0 0
-0.0436947 0.0701899 -0.0254886 255 0 0
-0.0422843 0.0677590 -0.0264007 255 0 0
-0.0418295 0.0656146 -0.0266619 255 0 0
-0.0418509 0.0636105 -0.0265987 255 0 0
-0.0413967 0.0614702 -0.0268596 255 0 0
0.0040414 0.0465799 -0.0577843 255 0 0
0.0118755 0.0424958 -0.0630794 255 0 0
0.0110375 0.0408657 -0.0624628 255 0 0
0.0130599 0.0384437 -0.0637967 255 0 0
0.0109980 0.0371461 -0.0623455 255 0 0
0.0085165 0.0359505 -0.0606080 255 0 0
0.0055958 0.0348587 -0.0585705 255 0 0
0.0080586 0.0323279 -0.0602050 255 0 0
0.0072113 0.0306766 -0.0595816 255 0 0
0.0071915 0.0288066 -0.0595227 255 0 0
0.0063476 0.0271476 -0.0589014 255 0 0
0.0050744 0.0255930 -0.0579871 255 0 0
0.0570590 0.0106808 -0.0934187 255 0 0
0.0609338 0.0079816 -0.0960213 255 0 0
0.0591518 0.0066907 -0.0947630 255 0 0
0.0562907 0.0056518 -0.0927680 255 0 0
0.0555577 0.0040872 -0.0922253 255 0 0
0.0555392 0.0023494 -0.0921705 255 0 0
0.0544456 0.0008633 -0.0913815 255 0 0
0.0544271 -0.0008775 -0.0913266 255 0 0
0.0533298 -0.0023715 -0.0905349 255 0 0
0.0493081 -0.0049692 -0.0877028 255 0 0
0.0441421 -0.0055883 -0.0841309 255 0 0
0.0396453 -0.0063814 -0.0810155 255 0 0
0.0369853 -0.0075941 -0.0791547 255 0 0
0.0288968 -0.0094824 -0.0735397 255 0 0
0.0174255 -0.0089224 -0.0656550 255 0 0
0.0113259 -0.0095221 -0.0614407 255 0 0
-0.0007824 -0.0108392 -0.0530719 255 0 0
-0.0406881 0.0677830 -0.0251838 255 0 0
-0.0407094 0.0657775 -0.0251206 255 0 0
-0.0407307 0.0637720 -0.0250573 255 0 0
-0.0383829 0.0610869 -0.0266162 255 0 0
0.0038639 0.0470777 -0.0554984 255 0 0
0.0088386 0.0437886 -0.0588598 255 0 0
0.0063304 0.0426121 -0.0570964 255 0 0
0.0100363 0.0397073 -0.0595895 255 0 0
0.0091920 0.0380660 -0.0589658 255 0 0
0.0054371 0.0372072 -0.0563478 255 0 0
0.0049996 0.0354400 -0.0560024 255 0 0
0.0078920 0.0327881 -0.0579388 255 0 0
0.0074576 0.0310245 -0.0575956 255 0 0
0.0057145 0.0239487 -0.0562188 255 0 0
0.0608982 0.0083517 -0.0940108 255 0 0
0.0594664 0.0069719 -0.0929870 255 0 0
0.0576673 0.0056736 -0.0917112 255 0 0
0.0583604 0.0037667 -0.0921445 255 0 0
0.0572791 0.0022852 -0.0913607 255 0 0
0.0565466 0.0007159 -0.0908161 255 0 0
0.0558125 -0.0008570 -0.0902703 255 0 0
0.0529154 -0.0019376 -0.0882402 255 0 0
0.0481467 -0.0043759 -0.0848828 255 0 0
0.0448092 -0.0054038 -0.0825495 255 0 0
0.0406874 -0.0062785 -0.0796774 255 0 0
0.0357518 -0.0070002 -0.0762460 255 0 0
0.0236863 -0.0080632 -0.0678749 255 0 0
0.0111681 -0.0091653 -0.0591896 255 0 0
0.0057580 -0.0118203 -0.0553833 255 0 0
-0.0391132 0.0658015 -0.0239036 255 0 0
-0.0391345 0.0637960 -0.0238403 255 0 0
-0.0363209 0.0609754 -0.0257271 255 0 0
-0.0349329 0.0585762 -0.0266336 255 0 0
0.0070124 0.0447458 -0.0554446 255 0 0
0.0032248 0.0439191 -0.0527928 255 0 0
0.0069725 0.0409877 -0.0553261 255 0 0
0.0044453 0.0397952 -0.0535412 255 0 0
0.0010533 0.0388232 -0.0511609 255 0 0
0.0051231 0.0244963 -0.0536425 255 0 0
0.0071893 0.0220930 -0.0550200 255 0 0
0.0075850 0.0201125 -0.0552472 255 0 0
0.0594040 0.0056076 -0.0909025 255 0 0
0.0586748 0.0040438 -0.0903581 255 0 0
0.0579439 0.0024765 -0.0898123 255 0 0
0.0572115 0.0009056 -0.0892654 255 0 0
0.0506773 -0.0010826 -0.0846772 255 0 0
0.0495675 -0.0025935 -0.0838695 255 0 0
0.0480812 -0.0040259 -0.0828021 255 0 0
0.0439918 -0.0048894 -0.0799398 255 0 0
0.0394731 -0.0056813 -0.0767809 255 0 0
0.0345030 -0.0064003 -0.0733100 255 0 0
0.0259290 -0.0082077 -0.0673088 255 0 0
0.0151109 -0.0077886 -0.0598021 255 0 0
0.0118309 -0.0089754 -0.0574944 255 0 0
-0.0333459 0.0586001 -0.0254236 255 0 0
0.0093377 0.0445336 -0.0548780 255 0 0
0.0087038 0.0239933 -0.0539397 255 0 0
0.0086839 0.0221152 -0.0538805 255 0 0
0.0086640 0.0202371 -0.0538212 255 0 0
0.0086441 0.0183591 -0.0537620 255 0 0
0.0597020 0.0041501 -0.0890583 255 0 0
0.0593279 0.0024970 -0.0887572 255 0 0
0.0578829 0.0010947 -0.0877148 255 0 0
0.0458288 0.0003778 -0.0792834 255 0 0
0.0424523 -0.0006337 -0.0769022 255 0 0
0.0405529 -0.0019958 -0.0755435 255 0 0
0.0405339 -0.0037861 -0.0754870 255 0 0
0.0386233 -0.0051613 -0.0741203 255 0 0
0.0285719 -0.0066104 -0.0670692 255 0 0
0.0198345 -0.0065925 -0.0609708 255 0 0
0.0096086 -0.0081913 -0.0537943 255 0 0
0.0097842 0.0241204 -0.0525121 255 0 0
0.0097643 0.0222412 -0.0524528 255 0 0
0.0097443 0.0203619 -0.0523935 255 0 0
0.0097244 0.0184827 -0.0523342 255 0 0
0.0603750 0.0043425 -0.0875099 255 0 0
0.0603566 0.0026026 -0.0874550 255 0 0
0.0560275 0.0001258 -0.0843597 255 0 0
0.0416390 0.0016927 -0.0743082 255 0 0
0.0404878 0.0001598 -0.0734639 255 0 0
0.0358830 -0.0024121 -0.0701731 255 0 0
0.0292799 -0.0027712 -0.0655343 255 0 0
0.0245330 -0.0035696 -0.0621864 255 0 0
0.0181040 -0.0040335 -0.0576671 255 0 0
0.0082185 -0.0056882 -0.0506955 255 0 0
0.0242450 0.0190064 -0.0603809 255 0 0
0.0153328 0.0174961 -0.0540667 255 0 0
0.0128512 0.0162252 -0.0522880 255 0 0
0.0494500 0.0055703 -0.0778120 255 0 0
0.0563598 0.0021543 -0.0825972 255 0 0
0.0552571 0.0006535 -0.0817842 255 0 0
0.0331239 0.0021919 -0.0662304 255 0 0
0.0176188 0.0020067 -0.0553040 255 0 0
0.0097967 0.0018653 -0.0497907 255 0 0
0.0068566 0.0006181 -0.0476895 255 0 0
0.0089250 -0.0017216 -0.0490901 255 0 0
0.0047150 -0.0027178 -0.0461006 255 0 0
0.0902700 0.0011281 -0.1045149 255 0 0
0.0504937 0.0056797 -0.0764774 255 0 0
0.0467710 0.0047848 -0.0738217 255 0 0
0.0338163 0.0042116 -0.0646407 255 0 0
0.0050610 0.0070741 -0.0443614 255 0 0
0.0050408 0.0051740 -0.0443015 255 0 0
0.0054426 0.0031806 -0.0445378 255 0 0
0.0062647 0.0010978 -0.0450695 255 0 0
0.0145553 -0.0025891 -0.0508475 255 0 0
0.1029778 -0.0049646 -0.1114491 255 0 0
0.0266263 0.0043931 -0.0573984 255 0 0
0.0044405 0.0056701 -0.0416581 255 0 0
0.0044203 0.0037641 -0.0415979 255 0 0
0.1042606 -0.0065788 -0.1104064 255 0 0
0.1014351 -0.0075421 -0.1083655 255 0 0
0.1113550 -0.0112049 -0.1134604 255 0 0
0.1079773 -0.0120370 -0.1110175 255 0 0
0.0992279 -0.0116476 -0.1047502 255 0 0
0.2992133 -0.0378527 -0.0665914 255 0 0
0.2991985 -0.0392887 -0.0665457 255 0 0
0.2991838 -0.0407247 -0.0665000 255 0 0
0.2988040 -0.0420618 -0.0660270 255 0 0
0.2991543 -0.0435966 -0.0664086 255 0 0
0.2984086 -0.0448401 -0.0655073 255 0 0
0.2987597 -0.0463738 -0.0658898 255 0 0
0.2983791 -0.0477175 -0.0654158 255 0 0
0.2983643 -0.0491561 -0.0653700 255 0 0
0.2983496 -0.0505948 -0.0653242 255 0 0
0.2983348 -0.0520336 -0.0652785 255 0 0
0.2986860 -0.0535606 -0.0656612 255 0 0
0.2986712 -0.0549980 -0.0656155 255 0 0
0.2986565 -0.0564354 -0.0655698 255 0 0
0.2986402 -0.0578725 -0.0655223 255 0 0
0.2993554 -0.0594754 -0.0663315 255 0 0
0.2993407 -0.0609102 -0.0662858 255 0 0
0.2989613 -0.0622650 -0.0658131 255 0 0
0.2985812 -0.0636223 -0.0653394 255 0 0
0.2985665 -0.0650598 -0.0652937 255 0 0
0.3015479 -0.0281197 -0.0673176 255 0 0
0.3015332 -0.0295515 -0.0672720 255 0 0
0.3015186 -0.0309835 -0.0672265 255 0 0
0.3015038 -0.0324154 -0.0671809 255 0 0
0.3014892 -0.0338473 -0.0671354 255 0 0
0.3014745 -0.0352793 -0.0670898 255 0 0
0.3010978 -0.0366077 -0.0666186 255 0 0
0.3010831 -0.0380409 -0.0665730 255 0 0
0.3010684 -0.0394742 -0.0665274 255 0 0
0.3010537 -0.0409075 -0.0664818 255 0 0
0.3010390 -0.0423409 -0.0664363 255 0 0
0.3006616 -0.0436771 -0.0659640 255 0 0
0.3006469 -0.0451118 -0.0659184 255 0 0
0.3002687 -0.0464518 -0.0654452 255 0 0
0.2998899 -0.0477943 -0.0649713 255 0 0
0.2998751 -0.0492317 -0.0649255 255 0 0
0.2998604 -0.0506691 -0.0648798 255 0 0
0.3002098 -0.0521960 -0.0652625 255 0 0
0.2998309 -0.0535438 -0.0647883 255 0 0
0.3001788 -0.0550677 -0.0651693 255 0 0
0.2997999 -0.0564183 -0.0646951 255 0 0
0.3001494 -0.0579399 -0.0650780 255 0 0
0.3001346 -0.0593761 -0.0650323 255 0 0
0.3001199 -0.0608122 -0.0649866 255 0 0
0.2997409 -0.0621681 -0.0645122 255 0 0
0.2993612 -0.0635266 -0.0640368 255 0 0
0.2997114 -0.0650431 -0.0644207 255 0 0
0.2996967 -0.0664806 -0.0643750 255 0 0
0.2996820 -0.0679181 -0.0643293 255 0 0
0.2911085 0.1179271 -0.0555702 255 0 0
0.2910933 0.1164484 -0.0555232 255 0 0
0.2910782 0.1149698 -0.0554761 255 0 0
0.2922108 0.1127423 -0.0567769 255 0 0
0.2921956 0.1112679 -0.0567300 255 0 0
0.3117408 -0.0070336 -0.0776075 255 0 0
0.3117264 -0.0084330 -0.0775629 255 0 0
0.3117121 -0.0098324 -0.0775184 255 0 0
0.3113531 -0.0111076 -0.0770673 255 0 0
0.3109936 -0.0123851 -0.0766153 255 0 0
0.3102869 -0.0135425 -0.0757537 255 0 0
0.3102725 -0.0149471 -0.0757090 255 0 0
0.3095632 -0.0161113 -0.0748442 255 0 0
0.3092004 -0.0173992 -0.0743883 255 0 0
0.3084872 -0.0185710 -0.0735186 255 0 0
0.3081225 -0.0198647 -0.0730602 255 0 0
0.3063466 -0.0206937 -0.0709359 255 0 0
0.3052543 -0.0231870 -0.0695903 255 0 0
0.3041692 -0.0242670 -0.0682810 255 0 0
0.3034375 -0.0254667 -0.0673889 255 0 0
0.3030633 -0.0267835 -0.0669188 255 0 0
0.3030487 -0.0282141 -0.0668733 255 0 0
0.3030340 -0.0296447 -0.0668278 255 0 0
0.3026592 -0.0309666 -0.0663568 255 0 0
0.3026445 -0.0323985 -0.0663113 255 0 0
0.3029900 -0.0339365 -0.0666913 255 0 0
0.3026151 -0.0352624 -0.0662202 255 0 0
0.3026004 -0.0366944 -0.0661746 255 0 0
0.3025858 -0.0381264 -0.0661291 255 0 0
0.3025711 -0.0395584 -0.0660835 255 0 0
0.3021954 -0.0408907 -0.0656114 255 0 0
0.3021807 -0.0423241 -0.0655658 255 0 0
0.3018043 -0.0436603 -0.0650927 255 0 0
0.3014272 -0.0449990 -0.0646188 255 0 0
0.3017749 -0.0465297 -0.0650015 255 0 0
0.3013978 -0.0478710 -0.0645275 255 0 0
0.3013831 -0.0493071 -0.0644818 255 0 0
0.3013683 -0.0507431 -0.0644361 255 0 0
0.3013536 -0.0521792 -0.0643904 255 0 0
0.3016999 -0.0537029 -0.0647715 255 0 0
0.3016852 -0.0551377 -0.0647258 255 0 0
0.3020322 -0.0566577 -0.0651080 255 0 0
0.3012932 -0.0579232 -0.0642059 255 0 0
0.3016410 -0.0594421 -0.0645889 255 0 0
0.3016263 -0.0608769 -0.0645433 255 0 0
0.3012491 -0.0622317 -0.0640688 255 0 0
0.3012343 -0.0636678 -0.0640231 255 0 0
0.3012196 -0.0651040 -0.0639774 255 0 0
0.3008416 -0.0664640 -0.0635020 255 0 0
0.3008269 -0.0679015 -0.0634563 255 0 0
0.3008122 -0.0693390 -0.0634106 255 0 0
0.2919494 0.1226405 -0.0543615 255 0 0
0.2919342 0.1211605 -0.0543144 255 0 0
0.2923019 0.1194242 -0.0547190 255 0 0
0.2926689 0.1176913 -0.0551228 255 0 0
0.2930352 0.1159616 -0.0555258 255 0 0
0.2934008 0.1142353 -0.0559280 255 0 0
0.2937657 0.1125122 -0.0563295 255 0 0
0.2937506 0.1110391 -0.0562827 255 0 0
0.2941149 0.1093206 -0.0566835 255 0 0
0.2940998 0.1078490 -0.0566366 255 0 0
0.2940847 0.1063773 -0.0565898 255 0 0
0.2940696 0.1049056 -0.0565430 255 0 0
0.2940545 0.1034339 -0.0564961 255 0 0
0.2944181 0.1017242 -0.0568964 255 0 0
0.3135980 -0.0016848 -0.0777475 255 0 0
0.3139253 -0.0032128 -0.0781079 255 0 0
0.3135694 -0.0044785 -0.0776586 255 0 0
0.3135551 -0.0058754 -0.0776142 255 0 0
0.3135407 -0.0072723 -0.0775697 255 0 0
0.3135265 -0.0086692 -0.0775253 255 0 0
0.3128269 -0.0098157 -0.0766684 255 0 0
0.3128125 -0.0112152 -0.0766239 255 0 0
0.3127982 -0.0126146 -0.0765794 255 0 0
0.3124402 -0.0138924 -0.0761274 255 0 0
0.3117369 -0.0150515 -0.0752657 255 0 0
0.3113770 -0.0163349 -0.0748113 255 0 0
0.3113626 -0.0177395 -0.0747666 255 0 0
0.3110021 -0.0190266 -0.0743114 255 0 0
0.3095967 -0.0199653 -0.0726168 255 0 0
0.3092330 -0.0212603 -0.0721575 255 0 0
0.3081667 -0.0223271 -0.0708648 255 0 0
0.3070945 -0.0233997 -0.0695649 255 0 0
0.3063585 -0.0260155 -0.0686358 255 0 0
0.3049192 -0.0269913 -0.0669000 255 0 0
0.3045467 -0.0283083 -0.0664299 255 0 0
0.3045321 -0.0297376 -0.0663844 255 0 0
0.3045174 -0.0311669 -0.0663389 255 0 0
0.3045028 -0.0325962 -0.0662935 255 0 0
0.3044881 -0.0340255 -0.0662480 255 0 0
0.3044735 -0.0354549 -0.0662025 255 0 0
0.3044589 -0.0368842 -0.0661570 255 0 0
0.3044442 -0.0383136 -0.0661116 255 0 0
0.3040710 -0.0396423 -0.0656404 255 0 0
0.3036970 -0.0409736 -0.0651683 255 0 0
0.3036824 -0.0424056 -0.0651228 255 0 0
0.3033077 -0.0437406 -0.0646497 255 0 0
0.3029324 -0.0450782 -0.0641758 255 0 0
0.3029177 -0.0465129 -0.0641302 255 0 0
0.3032636 -0.0480408 -0.0645129 255 0 0
0.3025269 -0.0492903 -0.0636097 255 0 0
0.3032328 -0.0509072 -0.0644199 255 0 0
0.3028573 -0.0522515 -0.0639458 255 0 0
0.3032034 -0.0537741 -0.0643287 255 0 0
0.3028279 -0.0551210 -0.0638545 255 0 0
0.3031740 -0.0566410 -0.0642375 255 0 0
0.3035194 -0.0581582 -0.0646197 255 0 0
0.3035047 -0.0595904 -0.0645742 255 0 0
0.3031299 -0.0609415 -0.0641007 255 0 0
0.3031152 -0.0623750 -0.0640551 255 0 0
0.3027397 -0.0637299 -0.0635806 255 0 0
0.3027250 -0.0651648 -0.0635350 255 0 0
0.3023488 -0.0665236 -0.0630596 255 0 0
0.3023341 -0.0679597 -0.0630139 255 0 0
0.3019571 -0.0693224 -0.0625376 255 0 0
0.3023046 -0.0708322 -0.0629225 255 0 0
0.3026515 -0.0723392 -0.0633067 255 0 0
0.2919945 0.1249236 -0.0521471 255 0 0
0.2931288 0.1226591 -0.0534623 255 0 0
0.2931136 0.1211791 -0.0534152 255 0 0
0.2953781 0.1181689 -0.0560703 255 0 0
0.2946059 0.1172027 -0.0551261 255 0 0
0.2942113 0.1159802 -0.0546292 255 0 0
0.2945758 0.1142537 -0.0550323 255 0 0
0.2945606 0.1127793 -0.0549853 255 0 0
0.2953027 0.1108107 -0.0558362 255 0 0
0.2956651 0.1090941 -0.0562370 255 0 0
0.2960268 0.1073808 -0.0566370 255 0 0
0.2960117 0.1059119 -0.0565903 255 0 0
0.2963728 0.1042031 -0.0569897 255 0 0
0.2971064 0.1022610 -0.0578309 255 0 0
0.2967166 0.1010323 -0.0573397 255 0 0
0.2959500 0.1000371 -0.0564015 255 0 0
0.2966866 0.0981000 -0.0572464 255 0 0
0.2970463 0.0964018 -0.0576444 255 0 0
0.2966565 0.0951676 -0.0571531 255 0 0
0.3147681 0.0039193 -0.0770769 255 0 0
0.3147537 0.0025225 -0.0770324 255 0 0
0.3150800 0.0009907 -0.0773935 255 0 0
0.3150657 -0.0004049 -0.0773491 255 0 0
0.3150514 -0.0018005 -0.0773047 255 0 0
0.3150371 -0.0031961 -0.0772603 255 0 0
0.3146822 -0.0044618 -0.0768102 255 0 0
0.3146679 -0.0058587 -0.0767657 255 0 0
0.3149942 -0.0073830 -0.0771271 255 0 0
0.3149799 -0.0087786 -0.0770827 255 0 0
0.3146250 -0.0100495 -0.0766324 255 0 0
0.3146106 -0.0114464 -0.0765879 255 0 0
0.3142550 -0.0127208 -0.0761368 255 0 0
0.3138987 -0.0139975 -0.0756849 255 0 0
0.3135417 -0.0152764 -0.0752321 255 0 0
0.3131842 -0.0165578 -0.0747785 255 0 0
0.3128260 -0.0178414 -0.0743241 255 0 0
0.3124671 -0.0191274 -0.0738688 255 0 0
0.3121076 -0.0204158 -0.0734128 255 0 0
0.3114010 -0.0215911 -0.0725430 255 0 0
0.3103435 -0.0226559 -0.0712548 255 0 0
0.3092803 -0.0237265 -0.0699596 255 0 0
0.3085633 -0.0249164 -0.0690771 255 0 0
0.3071231 -0.0273100 -0.0673043 255 0 0
0.3056853 -0.0282915 -0.0655619 255 0 0
0.3056706 -0.0297208 -0.0655164 255 0 0
0.3056560 -0.0311501 -0.0654709 255 0 0
0.3056414 -0.0325794 -0.0654255 255 0 0
0.3056267 -0.0340087 -0.0653799 255 0 0
0.3059689 -0.0355424 -0.0657601 255 0 0
0.3059542 -0.0369705 -0.0657147 255 0 0
0.3055828 -0.0382968 -0.0652435 255 0 0
0.3052106 -0.0396255 -0.0647715 255 0 0
0.3051959 -0.0410562 -0.0647260 255 0 0
0.3051812 -0.0424869 -0.0646804 255 0 0
0.3048083 -0.0438209 -0.0642075 255 0 0
0.3044348 -0.0451572 -0.0637336 255 0 0
0.3047775 -0.0466846 -0.0641145 255 0 0
0.3044039 -0.0480236 -0.0636406 255 0 0
0.3043745 -0.0508905 -0.0635494 255 0 0
0.3047189 -0.0524130 -0.0639323 255 0 0
0.3047042 -0.0538451 -0.0638868 255 0 0
0.3046895 -0.0552773 -0.0638412 255 0 0
0.3046748 -0.0567094 -0.0637956 255 0 0
0.3050185 -0.0582252 -0.0641779 255 0 0
0.3050039 -0.0596560 -0.0641324 255 0 0
0.3046308 -0.0610059 -0.0636589 255 0 0
0.3049745 -0.0625178 -0.0640413 255 0 0
0.3049599 -0.0639486 -0.0639958 255 0 0
0.3045868 -0.0653025 -0.0635222 255 0 0
0.3049305 -0.0668104 -0.0639047 255 0 0
0.3045574 -0.0681670 -0.0634310 255 0 0
0.3045428 -0.0695993 -0.0633855 255 0 0
0.3052444 -0.0711748 -0.0641956 255 0 0
0.3059435 -0.0727446 -0.0650028 255 0 0
0.3059289 -0.0741716 -0.0649574 255 0 0
0.2965960 0.1226023 -0.0553167 255 0 0
0.2962039 0.1213873 -0.0548209 255 0 0
0.2958111 0.1201700 -0.0543242 255 0 0
0.2961738 0.1184412 -0.0547272 255 0 0
0.2961587 0.1169682 -0.0546803 255 0 0
0.2965206 0.1152442 -0.0550826 255 0 0
0.2961285 0.1140221 -0.0545866 255 0 0
0.2964905 0.1123008 -0.0549890 255 0 0
0.2968518 0.1105828 -0.0553906 255 0 0
0.2972124 0.1088680 -0.0557914 255 0 0
0.2979450 0.1069153 -0.0566356 255 0 0
0.2983035 0.1052088 -0.0570342 255 0 0
0.2979150 0.1039830 -0.0565423 255 0 0
0.2982736 0.1022793 -0.0569410 255 0 0
0.2982585 0.1008145 -0.0568943 255 0 0
0.2986165 0.0991153 -0.0572923 255 0 0
0.2986015 0.0976519 -0.0572457 255 0 0
0.2978399 0.0966521 -0.0563090 255 0 0
0.2985715 0.0947249 -0.0571526 255 0 0
0.2981835 0.0934903 -0.0566613 255 0 0
0.2981685 0.0920254 -0.0566147 255 0 0
0.2985266 0.0903345 -0.0570129 255 0 0
0.2988839 0.0886468 -0.0574103 255 0 0
0.3152573 0.0098091 -0.0755919 255 0 0
0.3152429 0.0084098 -0.0755473 255 0 0
0.3155693 0.0068700 -0.0759104 255 0 0
0.3158952 0.0053329 -0.0762729 255 0 0
0.3162204 0.0037986 -0.0766347 255 0 0
0.3162062 0.0024030 -0.0765903 255 0 0
0.3161918 0.0010075 -0.0765458 255 0 0
0.3165165 -0.0005216 -0.0769071 255 0 0
0.3168406 -0.0020479 -0.0772676 255 0 0
0.3164880 -0.0033104 -0.0768183 255 0 0
0.3164737 -0.0047047 -0.0767739 255 0 0
0.3164594 -0.0060991 -0.0767296 255 0 0
0.3164451 -0.0074935 -0.0766852 255 0 0
0.3164308 -0.0088879 -0.0766408 255 0 0
0.3160775 -0.0101577 -0.0761906 255 0 0
0.3157235 -0.0114298 -0.0757395 255 0 0
0.3157091 -0.0128267 -0.0756950 255 0 0
0.3153545 -0.0141024 -0.0752431 255 0 0
0.3146577 -0.0152598 -0.0743813 255 0 0
0.3146433 -0.0166606 -0.0743367 255 0 0
0.3142867 -0.0179432 -0.0738824 255 0 0
0.3142724 -0.0193453 -0.0738378 255 0 0
0.3139152 -0.0206315 -0.0733825 255 0 0
0.3128684 -0.0216898 -0.0721013 255 0 0
0.3121625 -0.0228685 -0.0712283 255 0 0
0.3114541 -0.0240515 -0.0703521 255 0 0
0.3103939 -0.0251259 -0.0690544 255 0 0
0.3096790 -0.0263185 -0.0681702 255 0 0
0.3089615 -0.0275154 -0.0672829 255 0 0
0.3082283 -0.0301413 -0.0663487 255 0 0
0.3075054 -0.0313497 -0.0654547 255 0 0
0.3074908 -0.0327764 -0.0654093 255 0 0
0.3071211 -0.0340976 -0.0649383 255 0 0
0.3071064 -0.0355256 -0.0648928 255 0 0
0.3070918 -0.0369537 -0.0648474 255 0 0
0.3067214 -0.0382800 -0.0643754 255 0 0
0.3067052 -0.0397089 -0.0643281 255 0 0
0.3063209 -0.0424702 -0.0638115 255 0 0
0.3059491 -0.0438041 -0.0633378 255 0 0
0.3059344 -0.0452361 -0.0632922 255 0 0
0.3055618 -0.0465739 -0.0628175 255 0 0
0.3055472 -0.0480073 -0.0627719 255 0 0
0.3055310 -0.0494403 -0.0627245 255 0 0
0.3058742 -0.0509642 -0.0631081 255 0 0
0.3058596 -0.0523963 -0.0630625 255 0 0
0.3058449 -0.0538284 -0.0630170 255 0 0
0.3058302 -0.0552606 -0.0629714 255 0 0
0.3058156 -0.0566927 -0.0629258 255 0 0
0.3061582 -0.0582085 -0.0633090 255 0 0
0.3065002 -0.0597215 -0.0636913 255 0 0
0.3061289 -0.0610703 -0.0632179 255 0 0
0.3061143 -0.0625012 -0.0631724 255 0 0
0.3064563 -0.0640102 -0.0635549 255 0 0
0.3060849 -0.0653629 -0.0630813 255 0 0
0.3067831 -0.0669448 -0.0638913 255 0 0
0.3064124 -0.0682990 -0.0634184 255 0 0
0.3063977 -0.0697287 -0.0633729 255 0 0
0.3063831 -0.0711583 -0.0633274 255 0 0
0.3070801 -0.0727281 -0.0641362 255 0 0
0.3074203 -0.0742237 -0.0645168 255 0 0
0.3066953 -0.0755148 -0.0636186 255 0 0
0.3066807 -0.0769431 -0.0635731 255 0 0
0.2981439 0.1223633 -0.0548716 255 0 0
0.2985032 0.1206374 -0.0552729 255 0 0
0.2984882 0.1191686 -0.0552262 255 0 0
0.2984731 0.1176997 -0.0551794 255 0 0
0.2984581 0.1162309 -0.0551327 255 0 0
0.2984430 0.1147620 -0.0550860 255 0 0
0.2980535 0.1135418 -0.0545909 255 0 0
0.2984130 0.1118242 -0.0549925 255 0 0
0.2983979 0.1103553 -0.0549457 255 0 0
0.2995008 0.1081566 -0.0562375 255 0 0
0.2998576 0.1064506 -0.0566361 255 0 0
0.2998426 0.1049872 -0.0565895 255 0 0
0.3001986 0.1032857 -0.0569873 255 0 0
0.3001837 0.1018237 -0.0569408 255 0 0
0.3005391 0.1001268 -0.0573379 255 0 0
0.3001537 0.0988996 -0.0568477 255 0 0
0.3001388 0.0974376 -0.0568012 255 0 0
0.3001238 0.0959755 -0.0567547 255 0 0
0.2997377 0.0947432 -0.0562635 255 0 0
0.3000938 0.0930513 -0.0566616 255 0 0
0.3000789 0.0915892 -0.0566151 255 0 0
0.3000639 0.0901271 -0.0565686 255 0 0
0.3000489 0.0886650 -0.0565220 255 0 0
0.3000340 0.0872028 -0.0564755 255 0 0
0.3000190 0.0857406 -0.0564290 255 0 0
0.3000040 0.0842785 -0.0563824 255 0 0
0.2999890 0.0828163 -0.0563359 255 0 0
0.3147088 0.0147612 -0.0728253 255 0 0
0.3160604 0.0127703 -0.0744220 255 0 0
0.3163864 0.0112252 -0.0747865 255 0 0
0.3163720 0.0098259 -0.0747419 255 0 0
0.3163577 0.0084266 -0.0746974 255 0 0
0.3173608 0.0066065 -0.0758758 255 0 0
0.3176844 0.0050725 -0.0762376 255 0 0
0.3176702 0.0036781 -0.0761933 255 0 0
0.3176559 0.0022838 -0.0761489 255 0 0
0.3179790 0.0007550 -0.0765102 255 0 0
0.3179647 -0.0006382 -0.0764658 255 0 0
0.3182873 -0.0021630 -0.0768265 255 0 0
0.3179362 -0.0034244 -0.0763772 255 0 0
0.3179219 -0.0048175 -0.0763328 255 0 0
0.3182445 -0.0063387 -0.0766936 255 0 0
0.3178934 -0.0076039 -0.0762442 255 0 0
0.3178791 -0.0089970 -0.0761998 255 0 0
0.3178649 -0.0103902 -0.0761555 255 0 0
0.3171750 -0.0115368 -0.0752985 255 0 0
0.3171608 -0.0129325 -0.0752541 255 0 0
0.3168077 -0.0142071 -0.0748021 255 0 0
0.3164541 -0.0154840 -0.0743493 255 0 0
0.3157592 -0.0166439 -0.0734859 255 0 0
0.3157448 -0.0180447 -0.0734414 255 0 0
0.3153893 -0.0193286 -0.0729862 255 0 0
0.3150331 -0.0206148 -0.0725302 255 0 0
0.3143331 -0.0217884 -0.0716603 255 0 0
0.3139749 -0.0230803 -0.0712018 255 0 0
0.3132711 -0.0242616 -0.0703272 255 0 0
0.3129110 -0.0255593 -0.0698663 255 0 0
0.3118558 -0.0266370 -0.0685684 255 0 0
0.3114930 -0.0279417 -0.0681041 255 0 0
0.3107802 -0.0291394 -0.0672182 255 0 0
0.3104155 -0.0304500 -0.0667515 255 0 0
0.3100502 -0.0317630 -0.0662839 255 0 0
0.3093320 -0.0329722 -0.0653914 255 0 0
0.3089646 -0.0342912 -0.0649212 255 0 0
0.3085966 -0.0356126 -0.0644502 255 0 0
0.3085820 -0.0370394 -0.0644048 255 0 0
0.3082132 -0.0383645 -0.0639329 255 0 0
0.3078438 -0.0396922 -0.0634600 255 0 0
0.3078292 -0.0411216 -0.0634145 255 0 0
0.3074591 -0.0424530 -0.0629408 255 0 0
0.3074444 -0.0438838 -0.0628953 255 0 0
0.3074298 -0.0453145 -0.0628498 255 0 0
0.3070590 -0.0466511 -0.0623751 255 0 0
0.3070443 -0.0480832 -0.0623296 255 0 0
0.3070296 -0.0495153 -0.0622840 255 0 0
0.3070150 -0.0509475 -0.0622384 255 0 0
0.3070003 -0.0523796 -0.0621928 255 0 0
0.3076975 -0.0539868 -0.0630052 255 0 0
0.3073272 -0.0553302 -0.0625311 255 0 0
0.3073126 -0.0567610 -0.0624855 255 0 0
0.3072979 -0.0581919 -0.0624400 255 0 0
0.3076389 -0.0597049 -0.0628232 255 0 0
0.3079792 -0.0612152 -0.0632057 255 0 0
0.3079646 -0.0626434 -0.0631602 255 0 0
0.3083044 -0.0641496 -0.0635421 255 0 0
0.3082898 -0.0655766 -0.0634967 255 0 0
0.3082752 -0.0670036 -0.0634513 255 0 0
0.3082606 -0.0684306 -0.0634059 255 0 0
0.3085997 -0.0699301 -0.0637871 255 0 0
0.3082314 -0.0712846 -0.0633151 255 0 0
0.3082167 -0.0727116 -0.0632696 255 0 0
0.3082021 -0.0741386 -0.0632242 255 0 0
0.3081875 -0.0755657 -0.0631788 255 0 0
0.3078184 -0.0769267 -0.0627058 255 0 0
0.3078038 -0.0783550 -0.0626602 255 0 0
0.2996737 0.1206558 -0.0543805 255 0 0
0.2996587 0.1191870 -0.0543338 255 0 0
0.2996437 0.1177181 -0.0542870 255 0 0
0.2996286 0.1162493 -0.0542403 255 0 0
0.2999863 0.1145308 -0.0546418 255 0 0
0.2999713 0.1130633 -0.0545952 255 0 0
0.3006996 0.1111035 -0.0554427 255 0 0
0.3010536 0.1093957 -0.0558401 255 0 0
0.3010387 0.1079323 -0.0557936 255 0 0
0.3017629 0.1059877 -0.0566365 255 0 0
0.3021165 0.1042885 -0.0570335 255 0 0
0.3021015 0.1028292 -0.0569870 255 0 0
0.3017180 0.1016057 -0.0564970 255 0 0
0.3020717 0.0999106 -0.0568941 255 0 0
0.3020567 0.0984513 -0.0568477 255 0 0
0.3020418 0.0969920 -0.0568013 255 0 0
0.3020269 0.0955327 -0.0567548 255 0 0
0.3020119 0.0940733 -0.0567084 255 0 0
0.3023650 0.0923868 -0.0571049 255 0 0
0.3027173 0.0907035 -0.0575007 255 0 0
0.3023351 0.0894708 -0.0570122 255 0 0
0.3023202 0.0880128 -0.0569658 255 0 0
0.3023053 0.0865548 -0.0569194 255 0 0
0.3022903 0.0850968 -0.0568729 255 0 0
0.3015386 0.0840769 -0.0559391 255 0 0
0.3018924 0.0823982 -0.0563368 255 0 0
0.3022456 0.0807226 -0.0567337 255 0 0
0.3014937 0.0796944 -0.0557996 255 0 0
0.3018476 0.0780198 -0.0561975 255 0 0
0.3155007 0.0163335 -0.0716028 255 0 0
0.3171906 0.0141878 -0.0736159 255 0 0
0.3175156 0.0126414 -0.0739810 255 0 0
0.3178399 0.0110978 -0.0743455 255 0 0
0.3181637 0.0095569 -0.0747094 255 0 0
0.3184869 0.0080188 -0.0750726 255 0 0
0.3191459 0.0063440 -0.0758413 255 0 0
0.3191316 0.0049509 -0.0757970 255 0 0
0.3194531 0.0034211 -0.0761582 255 0 0
0.3194388 0.0020293 -0.0761139 255 0 0
0.3194246 0.0006374 -0.0760696 255 0 0
0.3194103 -0.0007545 -0.0760253 255 0 0
0.3193961 -0.0021463 -0.0759810 255 0 0
0.3197170 -0.0036685 -0.0763418 255 0 0
0.3197028 -0.0050591 -0.0762975 255 0 0
0.3196886 -0.0064498 -0.0762532 255 0 0
0.3196744 -0.0078405 -0.0762090 255 0 0
0.3193249 -0.0091059 -0.0757595 255 0 0
0.3193106 -0.0104978 -0.0757152 255 0 0
0.3192964 -0.0118898 -0.0756710 255 0 0
0.3186097 -0.0130381 -0.0748138 255 0 0
0.3182583 -0.0143116 -0.0743619 255 0 0
0.3182440 -0.0157073 -0.0743175 255 0 0
0.3178920 -0.0169845 -0.0738647 255 0 0
0.3172004 -0.0181461 -0.0730012 255 0 0
0.3171860 -0.0195457 -0.0729567 255 0 0
0.3164919 -0.0207141 -0.0720900 255 0 0
0.3161367 -0.0220016 -0.0716332 255 0 0
0.3157808 -0.0232914 -0.0711754 255 0 0
0.3150815 -0.0244709 -0.0703024 255 0 0
0.3143797 -0.0256547 -0.0694261 255 0 0
0.3140206 -0.0269537 -0.0689643 255 0 0
0.3136609 -0.0282552 -0.0685017 255 0 0
0.3133005 -0.0295590 -0.0680383 255 0 0
0.3122444 -0.0306496 -0.0667330 255 0 0
0.3115323 -0.0318535 -0.0658438 255 0 0
0.3115177 -0.0332736 -0.0657986 255 0 0
0.3108029 -0.0344845 -0.0649061 255 0 0
0.3104373 -0.0358037 -0.0644359 255 0 0
0.3100709 -0.0371253 -0.0639648 255 0 0
0.3097039 -0.0384494 -0.0634929 255 0 0
0.3096893 -0.0398761 -0.0634475 255 0 0
0.3093216 -0.0412040 -0.0629747 255 0 0
0.3089532 -0.0425342 -0.0625009 255 0 0
0.3089385 -0.0439637 -0.0624554 255 0 0
0.3085695 -0.0452978 -0.0619808 255 0 0
0.3085548 -0.0467286 -0.0619353 255 0 0
0.3085402 -0.0481594 -0.0618898 255 0 0
0.3085255 -0.0495902 -0.0618442 255 0 0
0.3088654 -0.0511111 -0.0622280 255 0 0
0.3088507 -0.0525406 -0.0621825 255 0 0
0.3088361 -0.0539701 -0.0621370 255 0 0
0.3088215 -0.0553996 -0.0620915 255 0 0
0.3091608 -0.0569139 -0.0624747 255 0 0
0.3091461 -0.0583421 -0.0624292 255 0 0
0.3091315 -0.0597703 -0.0623838 255 0 0
0.3094702 -0.0612792 -0.0627664 255 0 0
0.3101603 -0.0628642 -0.0635747 255 0 0
0.3101457 -0.0642885 -0.0635293 255 0 0
0.3101311 -0.0657129 -0.0634840 255 0 0
0.3097644 -0.0670622 -0.0630120 255 0 0
0.3101020 -0.0685616 -0.0633934 255 0 0
0.3104388 -0.0700583 -0.0637739 255 0 0
0.3100727 -0.0714104 -0.0633027 255 0 0
0.3100582 -0.0728348 -0.0632573 255 0 0
0.3100436 -0.0742593 -0.0632120 255 0 0
0.3096769 -0.0756165 -0.0627398 255 0 0
0.3089561 -0.0769102 -0.0618383 255 0 0
0.3092949 -0.0784034 -0.0622214 255 0 0
0.3089269 -0.0797670 -0.0617474 255 0 0
0.3099707 -0.0813815 -0.0629854 255 0 0
0.3008443 0.1206743 -0.0534881 255 0 0
0.3008292 0.1192055 -0.0534413 255 0 0
0.3008142 0.1177366 -0.0533946 255 0 0
0.3007992 0.1162677 -0.0533479 255 0 0
0.3018968 0.1140513 -0.0546460 255 0 0
0.3022498 0.1123407 -0.0550443 255 0 0
0.3026036 0.1106324 -0.0554435 255 0 0
0.3025886 0.1091704 -0.0553970 255 0 0
0.3029418 0.1074666 -0.0557956 255 0 0
0.3032943 0.1057660 -0.0561934 255 0 0
0.3036461 0.1040686 -0.0565904 255 0 0
0.3036312 0.1026107 -0.0565440 255 0 0
0.3036163 0.1011527 -0.0564976 255 0 0
0.3039675 0.0994612 -0.0568940 255 0 0
0.3039526 0.0980047 -0.0568477 255 0 0
0.3039376 0.0965481 -0.0568013 255 0 0
0.3039227 0.0950915 -0.0567549 255 0 0
0.3042734 0.0934072 -0.0571507 255 0 0
0.3046233 0.0917261 -0.0575457 255 0 0
0.3042436 0.0904967 -0.0570581 255 0 0
0.3045935 0.0888183 -0.0574532 255 0 0
0.3045787 0.0873643 -0.0574070 255 0 0
0.3041989 0.0861308 -0.0569191 255 0 0
0.3041840 0.0846755 -0.0568728 255 0 0
0.3041691 0.0832202 -0.0568265 255 0 0
0.3037886 0.0819816 -0.0563377 255 0 0
0.3041393 0.0803095 -0.0567338 255 0 0
0.3041244 0.0788542 -0.0566875 255 0 0
0.3044745 0.0771866 -0.0570830 255 0 0
0.3044596 0.0757326 -0.0570367 255 0 0
0.3048090 0.0740695 -0.0574314 255 0 0
0.3051578 0.0724095 -0.0578255 255 0 0
0.3051429 0.0709582 -0.0577793 255 0 0
0.3159659 0.0194697 -0.0700073 255 0 0
0.3159514 0.0180602 -0.0699625 255 0 0
0.3169630 0.0162007 -0.0711624 255 0 0
0.3186447 0.0140576 -0.0731756 255 0 0
0.3189680 0.0125127 -0.0735408 255 0 0
0.3192908 0.0109705 -0.0739054 255 0 0
0.3199489 0.0092889 -0.0746769 255 0 0
0.3199347 0.0078946 -0.0746326 255 0 0
0.3202558 0.0063607 -0.0749952 255 0 0
0.3205762 0.0048297 -0.0753571 255 0 0
0.3208961 0.0033013 -0.0757184 255 0 0
0.3208819 0.0019107 -0.0756742 255 0 0
0.3212012 0.0003863 -0.0760349 255 0 0
0.3211870 -0.0010031 -0.0759906 255 0 0
0.3211727 -0.0023925 -0.0759464 255 0 0
0.3211585 -0.0037819 -0.0759022 255 0 0
0.3211443 -0.0051713 -0.0758580 255 0 0
0.3211301 -0.0065608 -0.0758138 255 0 0
0.3211159 -0.0079502 -0.0757695 255 0 0
0.3214347 -0.0094645 -0.0761298 255 0 0
0.3207538 -0.0106053 -0.0752758 255 0 0
0.3207395 -0.0119960 -0.0752315 255 0 0
0.3203910 -0.0132652 -0.0747812 255 0 0
0.3200419 -0.0145367 -0.0743301 255 0 0
0.3200276 -0.0159299 -0.0742857 255 0 0
0.3193417 -0.0170865 -0.0734253 255 0 0
0.3189906 -0.0183649 -0.0729717 255 0 0
0.3183010 -0.0195291 -0.0721067 255 0 0
0.3179480 -0.0208132 -0.0716506 255 0 0
0.3175945 -0.0220996 -0.0711938 255 0 0
0.3168998 -0.0232748 -0.0703223 255 0 0
0.3168854 -0.0246795 -0.0702776 255 0 0
0.3158458 -0.0257498 -0.0689868 255 0 0
0.3154884 -0.0270478 -0.0685250 255 0 0
0.3151303 -0.0283482 -0.0680624 255 0 0
0.3144267 -0.0295423 -0.0671797 255 0 0
0.3137205 -0.0307408 -0.0662937 255 0 0
0.3133591 -0.0320505 -0.0658270 255 0 0
0.3129971 -0.0333626 -0.0653593 255 0 0
0.3122857 -0.0345725 -0.0644667 255 0 0
0.3122712 -0.0359941 -0.0644215 255 0 0
0.3115571 -0.0372111 -0.0635256 255 0 0
0.3115426 -0.0386353 -0.0634803 255 0 0
0.3111772 -0.0399595 -0.0630083 255 0 0
0.3111627 -0.0413850 -0.0629630 255 0 0
0.3107966 -0.0427130 -0.0624901 255 0 0
0.3107820 -0.0441398 -0.0624447 255 0 0
0.3100626 -0.0453764 -0.0615418 255 0 0
0.3104007 -0.0468998 -0.0619255 255 0 0
0.3100333 -0.0482354 -0.0614508 255 0 0
0.3100187 -0.0496649 -0.0614053 255 0 0
0.3096506 -0.0510043 -0.0609297 255 0 0
0.3099894 -0.0525239 -0.0613143 255 0 0
0.3103276 -0.0540408 -0.0616982 255 0 0
0.3099602 -0.0553830 -0.0612233 255 0 0
0.3102984 -0.0568972 -0.0616073 255 0 0
0.3106360 -0.0584087 -0.0619906 255 0 0
0.3106214 -0.0598356 -0.0619451 255 0 0
0.3106068 -0.0612626 -0.0618998 255 0 0
0.3112948 -0.0628476 -0.0627097 255 0 0
0.3112802 -0.0642720 -0.0626643 255 0 0
0.3116160 -0.0657726 -0.0630456 255 0 0
0.3116014 -0.0671956 -0.0630003 255 0 0
0.3119366 -0.0686922 -0.0633808 255 0 0
0.3115723 -0.0700418 -0.0629097 255 0 0
0.3119075 -0.0715358 -0.0632903 255 0 0
0.3115432 -0.0728880 -0.0628191 255 0 0
0.3118784 -0.0743794 -0.0631998 255 0 0
0.3115140 -0.0757343 -0.0627285 255 0 0
0.3114995 -0.0771575 -0.0626832 255 0 0
0.3118348 -0.0786450 -0.0630641 255 0 0
0.3114703 -0.0800038 -0.0625926 255 0 0
0.3111053 -0.0813651 -0.0621203 255 0 0
0.3121403 -0.0829709 -0.0633538 255 0 0
0.3020148 0.1206928 -0.0525957 255 0 0
0.3019998 0.1192239 -0.0525490 255 0 0
0.3023552 0.1175026 -0.0529521 255 0 0
0.3041805 0.1147880 -0.0551406 255 0 0
0.3037836 0.1121127 -0.0546018 255 0 0
0.3037687 0.1106507 -0.0545553 255 0 0
0.3041207 0.1089455 -0.0549546 255 0 0
0.3044721 0.1072435 -0.0553532 255 0 0
0.3048228 0.1055447 -0.0557511 255 0 0
0.3051729 0.1038491 -0.0561482 255 0 0
0.3051580 0.1023925 -0.0561018 255 0 0
0.3055074 0.1007015 -0.0564982 255 0 0
0.3054926 0.0992463 -0.0564519 255 0 0
0.3058414 0.0975597 -0.0568476 255 0 0
0.3058265 0.0961058 -0.0568013 255 0 0
0.3058116 0.0946520 -0.0567551 255 0 0
0.3061597 0.0929713 -0.0571500 255 0 0
0.3057818 0.0917442 -0.0566624 255 0 0
0.3061300 0.0900662 -0.0570576 255 0 0
0.3061152 0.0886136 -0.0570113 255 0 0
0.3061003 0.0871610 -0.0569651 255 0 0
0.3060854 0.0857085 -0.0569189 255 0 0
0.3057075 0.0844745 -0.0564311 255 0 0
0.3060557 0.0828033 -0.0568264 255 0 0
0.3060408 0.0813507 -0.0567801 255 0 0
0.3063885 0.0796839 -0.0571748 255 0 0
0.3063736 0.0782326 -0.0571286 255 0 0
0.3063588 0.0767813 -0.0570824 255 0 0
0.3063440 0.0753300 -0.0570363 255 0 0
0.3066910 0.0736704 -0.0574303 255 0 0
0.3066761 0.0722204 -0.0573841 255 0 0
0.3066613 0.0707704 -0.0573380 255 0 0
0.3066464 0.0693205 -0.0572918 255 0 0
0.3069928 0.0676680 -0.0576852 255 0 0
0.3066168 0.0664205 -0.0571995 255 0 0
0.3154007 0.0230868 -0.0671481 255 0 0
0.3164183 0.0212052 -0.0683611 255 0 0
0.3170888 0.0194867 -0.0691512 255 0 0
0.3177569 0.0177744 -0.0699384 255 0 0
0.3190987 0.0157708 -0.0715470 255 0 0
0.3197595 0.0140744 -0.0723257 255 0 0
0.3204180 0.0123842 -0.0731014 255 0 0
0.3207392 0.0108435 -0.0734660 255 0 0
0.3207249 0.0094479 -0.0734216 255 0 0
0.3213798 0.0077706 -0.0741933 255 0 0
0.3216993 0.0062382 -0.0745560 255 0 0
0.3220182 0.0047086 -0.0749180 255 0 0
0.3223365 0.0031817 -0.0752794 255 0 0
0.3223223 0.0017923 -0.0752351 255 0 0
0.3223081 0.0004029 -0.0751909 255 0 0
0.3226258 -0.0011188 -0.0755517 255 0 0
0.3226117 -0.0025069 -0.0755076 255 0 0
0.3229288 -0.0040247 -0.0758677 255 0 0
0.3225833 -0.0052833 -0.0754192 255 0 0
0.3222370 -0.0065442 -0.0749698 255 0 0
0.3225549 -0.0080597 -0.0753308 255 0 0
0.3222086 -0.0093231 -0.0748814 255 0 0
0.3225265 -0.0108361 -0.0752424 255 0 0
0.3221801 -0.0121020 -0.0747929 255 0 0
0.3218333 -0.0133702 -0.0743426 255 0 0
0.3214857 -0.0146406 -0.0738914 255 0 0
0.3214715 -0.0160326 -0.0738471 255 0 0
0.3204536 -0.0170700 -0.0725775 255 0 0
0.3204393 -0.0184657 -0.0725331 255 0 0
0.3197529 -0.0196290 -0.0716680 255 0 0
0.3187258 -0.0206809 -0.0703868 255 0 0
0.3187114 -0.0220830 -0.0703422 255 0 0
0.3183582 -0.0233718 -0.0698837 255 0 0
0.3183439 -0.0247752 -0.0698391 255 0 0
0.3176499 -0.0259563 -0.0689644 255 0 0
0.3169535 -0.0271417 -0.0680865 255 0 0
0.3165970 -0.0284410 -0.0676239 255 0 0
0.3162400 -0.0297426 -0.0671604 255 0 0
0.3158823 -0.0310467 -0.0666962 255 0 0
0.3151794 -0.0322468 -0.0658101 255 0 0
0.3148197 -0.0335567 -0.0653433 255 0 0
0.3141129 -0.0347648 -0.0644524 255 0 0
0.3140984 -0.0361838 -0.0644072 255 0 0
0.3130406 -0.0372967 -0.0630872 255 0 0
0.3130261 -0.0387196 -0.0630419 255 0 0
0.3126625 -0.0400427 -0.0625700 255 0 0
0.3126479 -0.0414669 -0.0625246 255 0 0
0.3122836 -0.0427938 -0.0620518 255 0 0
0.3119186 -0.0441231 -0.0615781 255 0 0
0.3119040 -0.0455500 -0.0615327 255 0 0
0.3115383 -0.0468831 -0.0610581 255 0 0
0.3115237 -0.0483113 -0.0610127 255 0 0
0.3115091 -0.0497395 -0.0609672 255 0 0
0.3111428 -0.0510777 -0.0604917 255 0 0
0.3111281 -0.0525072 -0.0604461 255 0 0
0.3114653 -0.0540241 -0.0608309 255 0 0
0.3114507 -0.0554523 -0.0607854 255 0 0
0.3117872 -0.0569651 -0.0611694 255 0 0
0.3117726 -0.0583921 -0.0611240 255 0 0
0.3121086 -0.0599008 -0.0615073 255 0 0
0.3124439 -0.0614067 -0.0618900 255 0 0
0.3124293 -0.0628311 -0.0618446 255 0 0
0.3127640 -0.0643330 -0.0622267 255 0 0
0.3130981 -0.0658322 -0.0626079 255 0 0
0.3130836 -0.0672539 -0.0625626 255 0 0
0.3130690 -0.0686757 -0.0625174 255 0 0
0.3130545 -0.0700975 -0.0624721 255 0 0
0.3130400 -0.0715193 -0.0624269 255 0 0
0.3130254 -0.0729412 -0.0623816 255 0 0
0.3133590 -0.0744311 -0.0627624 255 0 0
0.3129963 -0.0757849 -0.0622911 255 0 0
0.3129818 -0.0772067 -0.0622459 255 0 0
0.3133154 -0.0786928 -0.0626268 255 0 0
0.3129527 -0.0800505 -0.0621554 255 0 0
0.3129382 -0.0814723 -0.0621101 255 0 0
0.3136193 -0.0830148 -0.0629166 255 0 0
0.3139518 -0.0844929 -0.0632962 255 0 0
0.3146278 -0.0860253 -0.0640966 255 0 0
0.3046435 0.1182299 -0.0534542 255 0 0
0.3046285 0.1167665 -0.0534077 255 0 0
0.3057096 0.1145581 -0.0546989 255 0 0
0.3049636 0.1135930 -0.0537601 255 0 0
0.3053146 0.1118850 -0.0541602 255 0 0
0.3052997 0.1104244 -0.0541137 255 0 0
0.3056499 0.1087210 -0.0545131 255 0 0
0.3059996 0.1070208 -0.0549118 255 0 0
0.3063485 0.1053238 -0.0553096 255 0 0
0.3066968 0.1036300 -0.0557067 255 0 0
0.3066820 0.1021749 -0.0556604 255 0 0
0.3070296 0.1004856 -0.0560568 255 0 0
0.3073767 0.0987994 -0.0564525 255 0 0
0.3073618 0.0973469 -0.0564063 255 0 0
0.3073469 0.0958944 -0.0563600 255 0 0
0.3076933 0.0942141 -0.0567551 255 0 0
0.3080391 0.0925369 -0.0571494 255 0 0
0.3080243 0.0910871 -0.0571032 255 0 0
0.3080094 0.0896373 -0.0570571 255 0 0
0.3083546 0.0879659 -0.0574507 255 0 0
0.3083398 0.0865174 -0.0574046 255 0 0
0.3079650 0.0852877 -0.0569186 255 0 0
0.3083101 0.0836204 -0.0573124 255 0 0
0.3082953 0.0821718 -0.0572663 255 0 0
0.3079205 0.0809380 -0.0567802 255 0 0
0.3082657 0.0792747 -0.0571740 255 0 0
0.3086103 0.0776145 -0.0575673 255 0 0
0.3085955 0.0761673 -0.0575212 255 0 0
0.3085807 0.0747200 -0.0574751 255 0 0
0.3082064 0.0734803 -0.0569896 255 0 0
0.3081916 0.0720317 -0.0569435 255 0 0
0.3081768 0.0705831 -0.0568974 255 0 0
0.3085200 0.0689318 -0.0572890 255 0 0
0.3084904 0.0660371 -0.0571969 255 0 0
0.3088344 0.0643907 -0.0575896 255 0 0
0.3084608 0.0631425 -0.0571047 255 0 0
0.3080864 0.0618919 -0.0566189 255 0 0
0.3091482 0.0598581 -0.0578897 255 0 0
0.3165432 0.0245199 -0.0663331 255 0 0
0.3172154 0.0227906 -0.0671290 255 0 0
0.3178850 0.0210676 -0.0679220 255 0 0
0.3188922 0.0191983 -0.0691285 255 0 0
0.3195558 0.0174896 -0.0699143 255 0 0
0.3205524 0.0156390 -0.0711082 255 0 0
0.3212101 0.0139444 -0.0718869 255 0 0
0.3218653 0.0122559 -0.0726628 255 0 0
0.3225182 0.0105734 -0.0734359 255 0 0
0.3225040 0.0091804 -0.0733915 255 0 0
0.3231545 0.0075065 -0.0741619 255 0 0
0.3231403 0.0061159 -0.0741176 255 0 0
0.3234576 0.0045877 -0.0744797 255 0 0
0.3234434 0.0031984 -0.0744354 255 0 0
0.3234292 0.0018090 -0.0743912 255 0 0
0.3237460 0.0002860 -0.0747527 255 0 0
0.3240622 -0.0012343 -0.0751136 255 0 0
0.3240480 -0.0026212 -0.0750695 255 0 0
0.3240338 -0.0040081 -0.0750253 255 0 0
0.3240196 -0.0053951 -0.0749812 255 0 0
0.3243353 -0.0069090 -0.0753415 255 0 0
0.3243212 -0.0082947 -0.0752974 255 0 0
0.3243070 -0.0096804 -0.0752533 255 0 0
0.3239629 -0.0109430 -0.0748045 255 0 0
0.3239487 -0.0123300 -0.0747604 255 0 0
0.3236040 -0.0135961 -0.0743109 255 0 0
0.3232587 -0.0148645 -0.0738605 255 0 0
0.3229128 -0.0161351 -0.0734093 255 0 0
0.3225662 -0.0174081 -0.0729573 255 0 0
0.3218854 -0.0185664 -0.0720953 255 0 0
0.3212022 -0.0197288 -0.0712302 255 0 0
0.3208525 -0.0210108 -0.0707742 255 0 0
0.3201656 -0.0221808 -0.0699043 255 0 0
0.3198141 -0.0234686 -0.0694459 255 0 0
0.3194619 -0.0247586 -0.0689867 255 0 0
0.3191091 -0.0260509 -0.0685266 255 0 0
0.3184158 -0.0272355 -0.0676486 255 0 0
0.3180611 -0.0285337 -0.0671861 255 0 0
0.3177057 -0.0298342 -0.0667227 255 0 0
0.3173496 -0.0311371 -0.0662584 255 0 0
0.3169930 -0.0324425 -0.0657933 255 0 0
0.3162921 -0.0336452 -0.0649056 255 0 0
0.3155887 -0.0348524 -0.0640147 255 0 0
0.3155742 -0.0362700 -0.0639696 255 0 0
0.3148682 -0.0374842 -0.0630753 255 0 0
0.3145069 -0.0388038 -0.0626043 255 0 0
0.3141450 -0.0401258 -0.0621324 255 0 0
0.3141305 -0.0415487 -0.0620871 255 0 0
0.3137678 -0.0428744 -0.0616144 255 0 0
0.3134046 -0.0442026 -0.0611407 255 0 0
0.3133900 -0.0456282 -0.0610953 255 0 0
0.3133754 -0.0470537 -0.0610499 255 0 0
0.3130114 -0.0483870 -0.0605753 255 0 0
0.3129968 -0.0498139 -0.0605299 255 0 0
0.3126321 -0.0511510 -0.0600543 255 0 0
0.3126175 -0.0525792 -0.0600089 255 0 0
0.3129530 -0.0540946 -0.0603936 255 0 0
0.3129385 -0.0555216 -0.0603482 255 0 0
0.3132733 -0.0570329 -0.0607323 255 0 0
0.3132587 -0.0584586 -0.0606869 255 0 0
0.3135930 -0.0599658 -0.0610703 255 0 0
0.3135785 -0.0613902 -0.0610250 255 0 0
0.3142597 -0.0629721 -0.0618350 255 0 0
0.3142452 -0.0643939 -0.0617898 255 0 0
0.3142306 -0.0658157 -0.0617445 255 0 0
0.3145631 -0.0673121 -0.0621258 255 0 0
0.3145486 -0.0687326 -0.0620806 255 0 0
0.3145340 -0.0701531 -0.0620354 255 0 0
0.3148659 -0.0716443 -0.0624161 255 0 0
0.3148514 -0.0730635 -0.0623710 255 0 0
0.3144905 -0.0744147 -0.0618997 255 0 0
0.3148224 -0.0759020 -0.0622806 255 0 0
0.3148079 -0.0773213 -0.0622354 255 0 0
0.3147933 -0.0787406 -0.0621902 255 0 0
0.3147788 -0.0801598 -0.0621451 255 0 0
0.3144178 -0.0815176 -0.0616736 255 0 0
0.3147498 -0.0829984 -0.0620547 255 0 0
0.3150812 -0.0844766 -0.0624351 255 0 0
0.3154105 -0.0859518 -0.0628130 255 0 0
0.3167709 -0.0875920 -0.0644596 255 0 0
0.3069023 0.1174948 -0.0539052 255 0 0
0.3072359 0.1143285 -0.0542580 255 0 0
0.3064935 0.1133640 -0.0533193 255 0 0
0.3068427 0.1116579 -0.0537194 255 0 0
0.3071912 0.1099549 -0.0541188 255 0 0
0.3075390 0.1082552 -0.0545174 255 0 0
0.3078862 0.1065586 -0.0549153 255 0 0
0.3078714 0.1051034 -0.0548690 255 0 0
0.3082179 0.1034114 -0.0552662 255 0 0
0.3085638 0.1017225 -0.0556625 255 0 0
0.3085490 0.1002701 -0.0556163 255 0 0
0.3088943 0.0985856 -0.0560121 255 0 0
0.3092389 0.0969044 -0.0564071 255 0 0
0.3092241 0.0954546 -0.0563609 255 0 0
0.3092093 0.0940048 -0.0563147 255 0 0
0.3095532 0.0923294 -0.0567090 255 0 0
0.3098966 0.0906571 -0.0571027 255 0 0
0.3098819 0.0892099 -0.0570566 255 0 0
0.3102246 0.0875421 -0.0574495 255 0 0
0.3098523 0.0863156 -0.0569645 255 0 0
0.3098375 0.0848684 -0.0569184 255 0 0
0.3101802 0.0832046 -0.0573114 255 0 0
0.3101655 0.0817588 -0.0572654 255 0 0
0.3101507 0.0803129 -0.0572194 255 0 0
0.3101359 0.0788670 -0.0571733 255 0 0
0.3101211 0.0774211 -0.0571273 255 0 0
0.3101064 0.0759753 -0.0570813 255 0 0
0.3104471 0.0743221 -0.0574719 255 0 0
0.3104323 0.0728775 -0.0574260 255 0 0
0.3104175 0.0714329 -0.0573800 255 0 0
0.3107591 0.0697846 -0.0577718 255 0 0
0.3103880 0.0685437 -0.0572880 255 0 0
0.3110853 0.0666974 -0.0581170 255 0 0
0.3107149 0.0654548 -0.0576340 255 0 0
0.3107001 0.0640115 -0.0575880 255 0 0
0.3106854 0.0625682 -0.0575421 255 0 0
0.3106706 0.0611249 -0.0574962 255 0 0
0.3106558 0.0596815 -0.0574502 255 0 0
0.3109969 0.0580456 -0.0578416 255 0 0
0.3113373 0.0564127 -0.0582323 255 0 0
0.3106116 0.0553515 -0.0573124 255 0 0
0.3169988 0.0262726 -0.0646726 255 0 0
0.3186972 0.0240634 -0.0667356 255 0 0
0.3200419 0.0220291 -0.0683635 255 0 0
0.3203658 0.0204686 -0.0687351 255 0 0
0.3210261 0.0187591 -0.0695209 255 0 0
0.3213483 0.0172058 -0.0698904 255 0 0
0.3220036 0.0155075 -0.0706702 255 0 0
0.3226580 0.0138146 -0.0714490 255 0 0
0.3229772 0.0122727 -0.0718150 255 0 0
0.3236281 0.0105902 -0.0725897 255 0 0
0.3239456 0.0090553 -0.0729538 255 0 0
0.3242624 0.0075232 -0.0733172 255 0 0
0.3245787 0.0059938 -0.0736800 255 0 0
0.3248945 0.0044671 -0.0740421 255 0 0
0.3248803 0.0030789 -0.0739979 255 0 0
0.3251955 0.0015562 -0.0743594 255 0 0
0.3251813 0.0001693 -0.0743154 255 0 0
0.3251671 -0.0012177 -0.0742712 255 0 0
0.3251530 -0.0026046 -0.0742270 255 0 0
0.3257959 -0.0042501 -0.0749925 255 0 0
0.3257817 -0.0056346 -0.0749484 255 0 0
0.3257676 -0.0070191 -0.0749043 255 0 0
0.3257535 -0.0084036 -0.0748602 255 0 0
0.3257393 -0.0097881 -0.0748161 255 0 0
0.3257251 -0.0111726 -0.0747721 255 0 0
0.3257110 -0.0125572 -0.0747280 255 0 0
0.3253684 -0.0138212 -0.0742792 255 0 0
0.3253543 -0.0152070 -0.0742351 255 0 0
0.3250111 -0.0164746 -0.0737855 255 0 0
0.3243372 -0.0176270 -0.0729280 255 0 0
0.3239923 -0.0189002 -0.0724760 255 0 0
0.3233147 -0.0200602 -0.0716139 255 0 0
0.3229679 -0.0213390 -0.0711595 255 0 0
0.3222866 -0.0225064 -0.0702927 255 0 0
0.3219380 -0.0237910 -0.0698359 255 0 0
0.3209168 -0.0248541 -0.0685497 255 0 0
0.3205656 -0.0261454 -0.0680896 255 0 0
0.3198757 -0.0273291 -0.0672117 255 0 0
0.3195226 -0.0286262 -0.0667492 255 0 0
0.3188289 -0.0298176 -0.0658664 255 0 0
0.3188144 -0.0312275 -0.0658215 255 0 0
0.3181182 -0.0324258 -0.0649355 255 0 0
0.3177619 -0.0337335 -0.0644688 255 0 0
0.3167180 -0.0348357 -0.0631537 255 0 0
0.3167035 -0.0362533 -0.0631086 255 0 0
0.3163446 -0.0375694 -0.0626384 255 0 0
0.3159850 -0.0388878 -0.0621675 255 0 0
0.3159705 -0.0403081 -0.0621223 255 0 0
0.3152639 -0.0415320 -0.0612229 255 0 0
0.3155957 -0.0430519 -0.0616051 255 0 0
0.3152348 -0.0443778 -0.0611323 255 0 0
0.3152203 -0.0458008 -0.0610870 255 0 0
0.3148587 -0.0471305 -0.0606134 255 0 0
0.3148441 -0.0485547 -0.0605680 255 0 0
0.3144818 -0.0498882 -0.0600934 255 0 0
0.3144672 -0.0513138 -0.0600480 255 0 0
0.3144526 -0.0527394 -0.0600026 255 0 0
0.3144381 -0.0541650 -0.0599572 255 0 0
0.3144235 -0.0555907 -0.0599118 255 0 0
0.3147567 -0.0571006 -0.0602959 255 0 0
0.3150893 -0.0586077 -0.0606793 255 0 0
0.3154213 -0.0601121 -0.0610620 255 0 0
0.3154067 -0.0615339 -0.0610167 255 0 0
0.3157381 -0.0630342 -0.0613988 255 0 0
0.3160689 -0.0645318 -0.0617801 255 0 0
0.3163991 -0.0660267 -0.0621608 255 0 0
0.3160399 -0.0673702 -0.0616898 255 0 0
0.3160254 -0.0687894 -0.0616446 255 0 0
0.3163556 -0.0702805 -0.0620254 255 0 0
0.3163411 -0.0716984 -0.0619802 255 0 0
0.3163266 -0.0731163 -0.0619351 255 0 0
0.3163121 -0.0745343 -0.0618899 255 0 0
0.3166417 -0.0760188 -0.0622701 255 0 0
0.3162831 -0.0773702 -0.0617997 255 0 0
0.3166128 -0.0788521 -0.0621799 255 0 0
0.3162541 -0.0802062 -0.0617094 255 0 0
0.3162396 -0.0816242 -0.0616643 255 0 0
0.3162251 -0.0830422 -0.0616191 255 0 0
0.3162106 -0.0844603 -0.0615740 255 0 0
0.3165389 -0.0859355 -0.0619526 255 0 0
0.3168681 -0.0874083 -0.0623324 255 0 0
0.3168536 -0.0888238 -0.0622873 255 0 0
0.3171822 -0.0902926 -0.0626665 255 0 0
0.3080653 0.1175131 -0.0530187 255 0 0
0.3080504 0.1160539 -0.0529722 255 0 0
0.3083977 0.1143469 -0.0533723 255 0 0
0.3087445 0.1126430 -0.0537716 255 0 0
0.3090905 0.1109423 -0.0541702 255 0 0
0.3087147 0.1097300 -0.0536789 255 0 0
0.3086998 0.1082734 -0.0536325 255 0 0
0.3094063 0.1063372 -0.0544755 255 0 0
0.3093914 0.1048834 -0.0544292 255 0 0
0.3097362 0.1031932 -0.0548263 255 0 0
0.3097213 0.1017407 -0.0547801 255 0 0
0.3100655 0.1000549 -0.0551766 255 0 0
0.3104090 0.0983723 -0.0555723 255 0 0
0.3103942 0.0969225 -0.0555262 255 0 0
0.3107372 0.0952444 -0.0559213 255 0 0
0.3107224 0.0937959 -0.0558752 255 0 0
0.3110647 0.0921222 -0.0562696 255 0 0
0.3110499 0.0906751 -0.0562235 255 0 0
0.3113915 0.0890059 -0.0566171 255 0 0
0.3113768 0.0875601 -0.0565711 255 0 0
0.3117178 0.0858953 -0.0569641 255 0 0
0.3117030 0.0844508 -0.0569181 255 0 0
0.3116882 0.0830063 -0.0568721 255 0 0
0.3116735 0.0815618 -0.0568261 255 0 0
0.3120140 0.0799041 -0.0572186 255 0 0
0.3119992 0.0784609 -0.0571726 255 0 0
0.3119844 0.0770177 -0.0571266 255 0 0
0.3119682 0.0755754 -0.0570789 255 0 0
0.3119535 0.0741322 -0.0570329 255 0 0
0.3122933 0.0724829 -0.0574247 255 0 0
0.3119239 0.0712457 -0.0569410 255 0 0
0.3122638 0.0695990 -0.0573329 255 0 0
0.3122491 0.0681571 -0.0572870 255 0 0
0.3122343 0.0667152 -0.0572411 255 0 0
0.3125736 0.0650743 -0.0576323 255 0 0
0.3122049 0.0638312 -0.0571493 255 0 0
0.3125442 0.0621930 -0.0575406 255 0 0
0.3125294 0.0607524 -0.0574947 255 0 0
0.3128681 0.0591184 -0.0578854 255 0 0
0.3125000 0.0578710 -0.0574030 255 0 0
0.3128387 0.0562398 -0.0577937 255 0 0
0.3131768 0.0546115 -0.0581838 255 0 0
0.3131621 0.0531735 -0.0581380 255 0 0
0.3131474 0.0517355 -0.0580922 255 0 0
0.3138365 0.0499287 -0.0589160 255 0 0
0.3195108 0.0270647 -0.0655470 255 0 0
0.3191554 0.0258106 -0.0650804 255 0 0
0.3218510 0.0231410 -0.0683870 255 0 0
0.3218367 0.0217366 -0.0683423 255 0 0
0.3218223 0.0203323 -0.0682976 255 0 0
0.3221441 0.0187761 -0.0686686 255 0 0
0.3227986 0.0170734 -0.0694513 255 0 0
0.3231185 0.0155243 -0.0698202 255 0 0
0.3244352 0.0135390 -0.0714223 255 0 0
0.3244210 0.0121447 -0.0713780 255 0 0
0.3253988 0.0103211 -0.0725611 255 0 0
0.3250544 0.0090721 -0.0721083 255 0 0
0.3263572 0.0071204 -0.0736937 255 0 0
0.3260146 0.0058719 -0.0732431 255 0 0
0.3263288 0.0043466 -0.0736054 255 0 0
0.3259862 0.0030956 -0.0731547 255 0 0
0.3263004 0.0015728 -0.0735170 255 0 0
0.3266141 0.0000528 -0.0738787 255 0 0
0.3269272 -0.0014646 -0.0742397 255 0 0
0.3269131 -0.0028491 -0.0741956 255 0 0
0.3272256 -0.0043625 -0.0745560 255 0 0
0.3272114 -0.0057457 -0.0745119 255 0 0
0.3275234 -0.0072553 -0.0748717 255 0 0
0.3275093 -0.0086373 -0.0748277 255 0 0
0.3274952 -0.0100194 -0.0747837 255 0 0
0.3271549 -0.0112789 -0.0743358 255 0 0
0.3271407 -0.0126622 -0.0742917 255 0 0
0.3271266 -0.0140455 -0.0742477 255 0 0
0.3267857 -0.0153098 -0.0737989 255 0 0
0.3267715 -0.0166944 -0.0737548 255 0 0
0.3261020 -0.0178452 -0.0728988 255 0 0
0.3257592 -0.0191163 -0.0724476 255 0 0
0.3254158 -0.0203897 -0.0719956 255 0 0
0.3250718 -0.0216654 -0.0715427 255 0 0
0.3240646 -0.0227170 -0.0702681 255 0 0
0.3233854 -0.0238870 -0.0693997 255 0 0
0.3223690 -0.0249495 -0.0681134 255 0 0
0.3216836 -0.0261288 -0.0672371 255 0 0
0.3213328 -0.0274225 -0.0667754 255 0 0
0.3209814 -0.0287185 -0.0663129 255 0 0
0.3206292 -0.0300169 -0.0658495 255 0 0
0.3202765 -0.0313176 -0.0653854 255 0 0
0.3199232 -0.0326207 -0.0649203 255 0 0
0.3192289 -0.0338217 -0.0640327 255 0 0
0.3185322 -0.0350270 -0.0631417 255 0 0
0.3181756 -0.0363394 -0.0626725 255 0 0
0.3174750 -0.0375527 -0.0617766 255 0 0
0.3174604 -0.0389717 -0.0617314 255 0 0
0.3171019 -0.0402914 -0.0612596 255 0 0
0.3167427 -0.0416136 -0.0607870 255 0 0
0.3167281 -0.0430352 -0.0607417 255 0 0
0.3163683 -0.0443612 -0.0602681 255 0 0
0.3163538 -0.0457841 -0.0602228 255 0 0
0.3163392 -0.0472071 -0.0601775 255 0 0
0.3159787 -0.0485381 -0.0597030 255 0 0
0.3159641 -0.0499624 -0.0596577 255 0 0
0.3162956 -0.0514760 -0.0600416 255 0 0
0.3162811 -0.0528990 -0.0599963 255 0 0
0.3166119 -0.0544086 -0.0603796 255 0 0
0.3162520 -0.0557451 -0.0599057 255 0 0
0.3165829 -0.0572521 -0.0602891 255 0 0
0.3165683 -0.0586738 -0.0602438 255 0 0
0.3168986 -0.0601768 -0.0606265 255 0 0
0.3168841 -0.0615973 -0.0605813 255 0 0
0.3172139 -0.0630962 -0.0609634 255 0 0
0.3171993 -0.0645154 -0.0609182 255 0 0
0.3175285 -0.0660103 -0.0612997 255 0 0
0.3175140 -0.0674282 -0.0612545 255 0 0
0.3178426 -0.0689191 -0.0616353 255 0 0
0.3178281 -0.0703357 -0.0615902 255 0 0
0.3178136 -0.0717524 -0.0615450 255 0 0
0.3177991 -0.0731690 -0.0615000 255 0 0
0.3181272 -0.0746534 -0.0618802 255 0 0
0.3177702 -0.0760024 -0.0614097 255 0 0
0.3177557 -0.0774191 -0.0613646 255 0 0
0.3180838 -0.0788996 -0.0617450 255 0 0
0.3180693 -0.0803150 -0.0616999 255 0 0
0.3180548 -0.0817305 -0.0616549 255 0 0
0.3176978 -0.0830860 -0.0611843 255 0 0
0.3176833 -0.0845027 -0.0611392 255 0 0
0.3176674 -0.0859192 -0.0610922 255 0 0
0.3179955 -0.0873921 -0.0614728 255 0 0
0.3179810 -0.0888076 -0.0614278 255 0 0
0.3179666 -0.0902231 -0.0613827 255 0 0
0.3193164 -0.0918463 -0.0630330 255 0 0
0.3095894 0.1172809 -0.0525793 255 0 0
0.3095745 0.1158230 -0.0525329 255 0 0
0.3102799 0.1138709 -0.0533787 255 0 0
0.3102650 0.1124158 -0.0533324 255 0 0
0.3102502 0.1109606 -0.0532861 255 0 0
0.3102353 0.1095054 -0.0532397 255 0 0
0.3105797 0.1078093 -0.0536384 255 0 0
0.3109234 0.1061163 -0.0540363 255 0 0
0.3109085 0.1046638 -0.0539901 255 0 0
0.3112516 0.1029753 -0.0543874 255 0 0
0.3112368 0.1015242 -0.0543412 255 0 0
0.3115793 0.0998402 -0.0547377 255 0 0
0.3115644 0.0983904 -0.0546916 255 0 0
0.3115496 0.0969406 -0.0546454 255 0 0
0.3118914 0.0952624 -0.0550413 255 0 0
0.3122327 0.0935874 -0.0554364 255 0 0
0.3125732 0.0919155 -0.0558308 255 0 0
0.3125584 0.0904697 -0.0557848 255 0 0
0.3128984 0.0888022 -0.0561785 255 0 0
0.3132377 0.0871378 -0.0565715 255 0 0
0.3128689 0.0859132 -0.0560865 255 0 0
0.3132082 0.0842515 -0.0564796 255 0 0
0.3135469 0.0825929 -0.0568719 255 0 0
0.3131787 0.0813652 -0.0563877 255 0 0
0.3135174 0.0797092 -0.0567801 255 0 0
0.3138541 0.0780572 -0.0571700 255 0 0
0.3138393 0.0766166 -0.0571241 255 0 0
0.3138246 0.0751761 -0.0570782 255 0 0
0.3138099 0.0737356 -0.0570324 255 0 0
0.3137952 0.0722950 -0.0569865 255 0 0
0.3137804 0.0708544 -0.0569406 255 0 0
0.3141180 0.0692112 -0.0573318 255 0 0
0.3141033 0.0677719 -0.0572860 255 0 0
0.3144402 0.0661331 -0.0576765 255 0 0
0.3140738 0.0648934 -0.0571943 255 0 0
0.3144108 0.0632572 -0.0575849 255 0 0
0.3143961 0.0618192 -0.0575391 255 0 0
0.3147325 0.0601873 -0.0579290 255 0 0
0.3147178 0.0587507 -0.0578833 255 0 0
0.3143521 0.0575052 -0.0574018 255 0 0
0.3150389 0.0556878 -0.0582268 255 0 0
0.3150242 0.0542524 -0.0581810 255 0 0
0.3150095 0.0528170 -0.0581354 255 0 0
0.3153447 0.0511965 -0.0585240 255 0 0
0.3160277 0.0493957 -0.0593446 255 0 0
0.3160131 0.0479643 -0.0592991 255 0 0
0.3163464 0.0463527 -0.0596855 255 0 0
0.3289493 0.0245456 -0.0750442 255 0 0
0.3269772 0.0240883 -0.0725672 255 0 0
0.3253151 0.0234708 -0.0704751 255 0 0
0.3239588 0.0212914 -0.0687360 255 0 0
0.3236108 0.0200433 -0.0682766 255 0 0
0.3239302 0.0184903 -0.0686468 255 0 0
0.3245803 0.0167911 -0.0694282 255 0 0
0.3245660 0.0153931 -0.0693837 255 0 0
0.3255461 0.0135558 -0.0705754 255 0 0
0.3258621 0.0120169 -0.0709416 255 0 0
0.3265067 0.0103378 -0.0717163 255 0 0
0.3271489 0.0086648 -0.0724883 255 0 0
0.3271348 0.0072767 -0.0724441 255 0 0
0.3274479 0.0057502 -0.0728070 255 0 0
0.3277606 0.0042264 -0.0731694 255 0 0
0.3277465 0.0028407 -0.0731252 255 0 0
0.3280585 0.0013209 -0.0734869 255 0 0
0.3280444 -0.0000635 -0.0734428 255 0 0
0.3283559 -0.0015794 -0.0738038 255 0 0
0.3283418 -0.0029627 -0.0737598 255 0 0
0.3286527 -0.0044747 -0.0741203 255 0 0
0.3286386 -0.0058567 -0.0740763 255 0 0
0.3292717 -0.0074901 -0.0748375 255 0 0
0.3292435 -0.0102493 -0.0747496 255 0 0
0.3289053 -0.0115068 -0.0743024 255 0 0
0.3288912 -0.0128876 -0.0742585 255 0 0
0.3288771 -0.0142685 -0.0742145 255 0 0
0.3285384 -0.0155308 -0.0737665 255 0 0
0.3281990 -0.0167953 -0.0733176 255 0 0
0.3278590 -0.0180620 -0.0728680 255 0 0
0.3271787 -0.0206029 -0.0719680 255 0 0
0.3268369 -0.0218765 -0.0715159 255 0 0
0.3258362 -0.0229269 -0.0702435 255 0 0
0.3251614 -0.0240951 -0.0693766 255 0 0
0.3241517 -0.0251563 -0.0680926 255 0 0
0.3234708 -0.0263339 -0.0672179 255 0 0
0.3224519 -0.0274059 -0.0659222 255 0 0
0.3224375 -0.0288107 -0.0658775 255 0 0
0.3220871 -0.0301080 -0.0654142 255 0 0
0.3213987 -0.0313010 -0.0645298 255 0 0
0.3207078 -0.0324984 -0.0636422 255 0 0
0.3203542 -0.0338050 -0.0631748 255 0 0
0.3196594 -0.0350103 -0.0622822 255 0 0
0.3193039 -0.0363228 -0.0618122 255 0 0
0.3186053 -0.0375360 -0.0609148 255 0 0
0.3185908 -0.0389550 -0.0608696 255 0 0
0.3182333 -0.0402747 -0.0603970 255 0 0
0.3178751 -0.0415969 -0.0599235 255 0 0
0.3175164 -0.0429215 -0.0594492 255 0 0
0.3178461 -0.0444402 -0.0598330 255 0 0
0.3174873 -0.0457675 -0.0593586 255 0 0
0.3174728 -0.0471904 -0.0593133 255 0 0
0.3174582 -0.0486134 -0.0592680 255 0 0
0.3174437 -0.0500364 -0.0592227 255 0 0
0.3174291 -0.0514594 -0.0591774 255 0 0
0.3177590 -0.0529703 -0.0595614 255 0 0
0.3177445 -0.0543921 -0.0595162 255 0 0
0.3177299 -0.0558138 -0.0594709 255 0 0
0.3180591 -0.0573194 -0.0598543 255 0 0
0.3180447 -0.0587398 -0.0598091 255 0 0
0.3183733 -0.0602413 -0.0601919 255 0 0
0.3187014 -0.0617401 -0.0605740 255 0 0
0.3186869 -0.0631580 -0.0605288 255 0 0
0.3190144 -0.0646528 -0.0609102 255 0 0
0.3193413 -0.0661449 -0.0612909 255 0 0
0.3189855 -0.0674861 -0.0608201 255 0 0
0.3189710 -0.0689027 -0.0607750 255 0 0
0.3189565 -0.0703194 -0.0607299 255 0 0
0.3192835 -0.0718063 -0.0611107 255 0 0
0.3192690 -0.0732217 -0.0610657 255 0 0
0.3192545 -0.0746371 -0.0610206 255 0 0
0.3192401 -0.0760525 -0.0609755 255 0 0
0.3192256 -0.0774679 -0.0609305 255 0 0
0.3195506 -0.0789467 -0.0613090 255 0 0
0.3191822 -0.0817142 -0.0607952 255 0 0
0.3191663 -0.0831294 -0.0607484 255 0 0
0.3191519 -0.0845448 -0.0607033 255 0 0
0.3191374 -0.0859603 -0.0606583 255 0 0
0.3191229 -0.0873758 -0.0606132 255 0 0
0.3191085 -0.0887913 -0.0605681 255 0 0
0.3190940 -0.0902068 -0.0605231 255 0 0
0.3207783 -0.0918819 -0.0625992 255 0 0
0.3211018 -0.0933413 -0.0629763 255 0 0
0.2928664 0.1297458 -0.0294361 255 0 0
0.3110957 0.1155926 -0.0520945 255 0 0
0.3117977 0.1136427 -0.0529403 255 0 0
0.3121402 0.1119443 -0.0533389 255 0 0
0.3121254 0.1104919 -0.0532926 255 0 0
0.3121105 0.1090394 -0.0532463 255 0 0
0.3117383 0.1078275 -0.0527551 255 0 0
0.3120809 0.1061345 -0.0531538 255 0 0
0.3120660 0.1046820 -0.0531076 255 0 0
0.3127642 0.1027579 -0.0539492 255 0 0
0.3127494 0.1013081 -0.0539030 255 0 0
0.3130901 0.0996259 -0.0542996 255 0 0
0.3130753 0.0981774 -0.0542535 255 0 0
0.3130605 0.0967290 -0.0542073 255 0 0
0.3130457 0.0952805 -0.0541612 255 0 0
0.3137402 0.0933793 -0.0549985 255 0 0
0.3140790 0.0917091 -0.0553929 255 0 0
0.3140642 0.0902646 -0.0553469 255 0 0
0.3140495 0.0888202 -0.0553009 255 0 0
0.3140347 0.0873757 -0.0552549 255 0 0
0.3143730 0.0857126 -0.0556488 255 0 0
0.3147106 0.0840526 -0.0560418 255 0 0
0.3150476 0.0823957 -0.0564342 255 0 0
0.3153825 0.0807427 -0.0568240 255 0 0
0.3153678 0.0793036 -0.0567782 255 0 0
0.3153531 0.0778643 -0.0567324 255 0 0
0.3156888 0.0762162 -0.0571234 255 0 0
0.3156742 0.0747783 -0.0570776 255 0 0
0.3156595 0.0733404 -0.0570318 255 0 0
0.3156448 0.0719025 -0.0569860 255 0 0
0.3159800 0.0702613 -0.0573764 255 0 0
0.3159653 0.0688248 -0.0573307 255 0 0
0.3159506 0.0673882 -0.0572850 255 0 0
0.3159360 0.0659515 -0.0572392 255 0 0
0.3162706 0.0643174 -0.0576290 255 0 0
0.3162559 0.0628821 -0.0575833 255 0 0
0.3162412 0.0614468 -0.0575376 255 0 0
0.3162266 0.0600115 -0.0574919 255 0 0
0.3169087 0.0581928 -0.0583152 255 0 0
0.3165460 0.0569502 -0.0578354 255 0 0
0.3172268 0.0551389 -0.0586574 255 0 0
0.3175589 0.0535207 -0.0590444 255 0 0
0.3178905 0.0519054 -0.0594307 255 0 0
0.3182215 0.0502931 -0.0598163 255 0 0
0.3185518 0.0486838 -0.0602013 255 0 0
0.3205922 0.0461822 -0.0627199 255 0 0
0.3215975 0.0442340 -0.0639473 255 0 0
0.3225973 0.0422964 -0.0651680 255 0 0
0.3232560 0.0405412 -0.0659631 255 0 0
0.3313541 0.0253235 -0.0758591 255 0 0
0.3319815 0.0236403 -0.0766163 255 0 0
0.3319674 0.0222659 -0.0765725 255 0 0
0.3319534 0.0208914 -0.0765287 255 0 0
0.3303313 0.0202662 -0.0744767 255 0 0
0.3283683 0.0197862 -0.0719987 255 0 0
0.3257228 0.0196042 -0.0686679 255 0 0
0.3260396 0.0180557 -0.0690369 255 0 0
0.3260252 0.0166588 -0.0689924 255 0 0
0.3263414 0.0151143 -0.0693607 255 0 0
0.3266571 0.0135726 -0.0697284 255 0 0
0.3273007 0.0118893 -0.0705060 255 0 0
0.3279422 0.0102120 -0.0712809 255 0 0
0.3285813 0.0085406 -0.0720530 255 0 0
0.3285671 0.0071538 -0.0720088 255 0 0
0.3285529 0.0057669 -0.0719646 255 0 0
0.3291898 0.0041064 -0.0727341 255 0 0
0.3291757 0.0027220 -0.0726900 255 0 0
0.3291615 0.0013375 -0.0726459 255 0 0
0.3294721 -0.0001796 -0.0730077 255 0 0
0.3294579 -0.0015629 -0.0729636 255 0 0
0.3297679 -0.0030761 -0.0733248 255 0 0
0.3300774 -0.0045867 -0.0736853 255 0 0
0.3307073 -0.0062208 -0.0744465 255 0 0
0.3306932 -0.0075992 -0.0744026 255 0 0
0.3306791 -0.0089776 -0.0743587 255 0 0
0.3309869 -0.0104789 -0.0747173 255 0 0
0.3306510 -0.0117344 -0.0742710 255 0 0
0.3309588 -0.0132333 -0.0746297 255 0 0
0.3306229 -0.0144913 -0.0741832 255 0 0
0.3302863 -0.0157514 -0.0737359 255 0 0
0.3302722 -0.0171311 -0.0736920 255 0 0
0.3299350 -0.0183948 -0.0732439 255 0 0
0.3295971 -0.0196608 -0.0727949 255 0 0
0.3289338 -0.0208149 -0.0719388 255 0 0
0.3282554 -0.0233607 -0.0710371 255 0 0
0.3269310 -0.0243025 -0.0693536 255 0 0
0.3262582 -0.0254733 -0.0684851 255 0 0
0.3255829 -0.0266483 -0.0676135 255 0 0
0.3249051 -0.0278275 -0.0667387 255 0 0
0.3242250 -0.0290110 -0.0658607 255 0 0
0.3235423 -0.0301989 -0.0649796 255 0 0
0.3225209 -0.0312844 -0.0636743 255 0 0
0.3225065 -0.0326931 -0.0636294 255 0 0
0.3218176 -0.0338930 -0.0627402 255 0 0
0.3211262 -0.0350974 -0.0618477 255 0 0
0.3207723 -0.0364088 -0.0613777 255 0 0
0.3200771 -0.0376210 -0.0604803 255 0 0
0.3200626 -0.0390388 -0.0604352 255 0 0
0.3193648 -0.0402581 -0.0595344 255 0 0
0.3193503 -0.0416784 -0.0594891 255 0 0
0.3189931 -0.0430019 -0.0590148 255 0 0
0.3189786 -0.0444236 -0.0589696 255 0 0
0.3189641 -0.0458452 -0.0589243 255 0 0
0.3189496 -0.0472669 -0.0588790 255 0 0
0.3185917 -0.0485968 -0.0584037 255 0 0
0.3185772 -0.0500198 -0.0583584 255 0 0
0.3185627 -0.0514428 -0.0583131 255 0 0
0.3188915 -0.0529537 -0.0586980 255 0 0
0.3195618 -0.0545482 -0.0595107 255 0 0
0.3195473 -0.0559673 -0.0594655 255 0 0
0.3195328 -0.0573865 -0.0594203 255 0 0
0.3198598 -0.0588879 -0.0598031 255 0 0
0.3201862 -0.0603866 -0.0601852 255 0 0
0.3198309 -0.0617237 -0.0597129 255 0 0
0.3204976 -0.0632978 -0.0605216 255 0 0
0.3201428 -0.0646364 -0.0600499 255 0 0
0.3201284 -0.0660530 -0.0600048 255 0 0
0.3204543 -0.0675438 -0.0603864 255 0 0
0.3204398 -0.0689592 -0.0603413 255 0 0
0.3204253 -0.0703745 -0.0602962 255 0 0
0.3207507 -0.0718601 -0.0606771 255 0 0
0.3207362 -0.0732742 -0.0606321 255 0 0
0.3207217 -0.0746883 -0.0605871 255 0 0
0.3207073 -0.0761024 -0.0605420 255 0 0
0.3210306 -0.0775812 -0.0609207 255 0 0
0.3210162 -0.0789940 -0.0608757 255 0 0
0.3206625 -0.0803446 -0.0604052 255 0 0
0.3209873 -0.0818198 -0.0607857 255 0 0
0.3206337 -0.0831729 -0.0603152 255 0 0
0.3202793 -0.0845286 -0.0598437 255 0 0
0.3206048 -0.0860013 -0.0602251 255 0 0
0.3202504 -0.0873596 -0.0597536 255 0 0
0.3202359 -0.0887751 -0.0597085 255 0 0
0.3205614 -0.0902440 -0.0600900 255 0 0
0.3205470 -0.0916583 -0.0600449 255 0 0
0.3222231 -0.0933252 -0.0621214 255 0 0
0.3222087 -0.0947330 -0.0620765 255 0 0
0.2946713 0.1293540 -0.0292450 255 0 0
0.3122565 0.1156109 -0.0512095 255 0 0
0.3133126 0.1134150 -0.0525027 255 0 0
0.3132978 0.1119625 -0.0524564 255 0 0
0.3132829 0.1105101 -0.0524102 255 0 0
0.3129117 0.1092995 -0.0519181 255 0 0
0.3132533 0.1076051 -0.0523176 255 0 0
0.3135942 0.1059139 -0.0527164 255 0 0
0.3135794 0.1044628 -0.0526702 255 0 0
0.3139196 0.1027760 -0.0530683 255 0 0
0.3139048 0.1013262 -0.0530221 255 0 0
0.3142444 0.0996440 -0.0534195 255 0 0
0.3142296 0.0981955 -0.0533734 255 0 0
0.3142148 0.0967470 -0.0533273 255 0 0
0.3149070 0.0948431 -0.0541661 255 0 0
0.3148923 0.0933973 -0.0541201 255 0 0
0.3152301 0.0917271 -0.0545153 255 0 0
0.3155672 0.0900600 -0.0549098 255 0 0
0.3159037 0.0883960 -0.0553036 255 0 0
0.3158890 0.0869541 -0.0552577 255 0 0
0.3158743 0.0855123 -0.0552118 255 0 0
0.3169081 0.0834232 -0.0564788 255 0 0
0.3165441 0.0821997 -0.0559955 255 0 0
0.3165293 0.0807606 -0.0559497 255 0 0
0.3168640 0.0791097 -0.0563414 255 0 0
0.3171981 0.0774619 -0.0567324 255 0 0
0.3171834 0.0760254 -0.0566867 255 0 0
0.3171688 0.0745888 -0.0566410 255 0 0
0.3171541 0.0731523 -0.0565952 255 0 0
0.3174876 0.0715115 -0.0569856 255 0 0
0.3174729 0.0700762 -0.0569399 255 0 0
0.3178058 0.0684398 -0.0573296 255 0 0
0.3181380 0.0668064 -0.0577185 255 0 0
0.3181234 0.0653737 -0.0576729 255 0 0
0.3184551 0.0637446 -0.0580612 255 0 0
0.3184405 0.0623133 -0.0580157 255 0 0
0.3187715 0.0606885 -0.0584033 255 0 0
0.3191020 0.0590667 -0.0587902 255 0 0
0.3194318 0.0574479 -0.0591764 255 0 0
0.3197611 0.0558320 -0.0595620 255 0 0
0.3207742 0.0538466 -0.0608048 255 0 0
0.3217803 0.0518729 -0.0620390 255 0 0
0.3224441 0.0500906 -0.0628442 255 0 0
0.3234425 0.0481353 -0.0640689 255 0 0
0.3244355 0.0461907 -0.0652871 255 0 0
0.3244211 0.0447826 -0.0652422 255 0 0
0.3257415 0.0426789 -0.0668711 255 0 0
0.3267219 0.0407613 -0.0680739 255 0 0
0.3273678 0.0390231 -0.0688573 255 0 0
0.3293187 0.0366249 -0.0712775 255 0 0
0.3296302 0.0350710 -0.0716417 255 0 0
0.3299412 0.0335198 -0.0720054 255 0 0
0.3305756 0.0318100 -0.0727748 255 0 0
0.3308848 0.0302659 -0.0731364 255 0 0
0.3318376 0.0284087 -0.0743054 255 0 0
0.3311795 0.0273428 -0.0734534 255 0 0
0.3321306 0.0254950 -0.0746205 255 0 0
0.3327572 0.0238100 -0.0753804 255 0 0
0.3333815 0.0221310 -0.0761378 255 0 0
0.3333675 0.0207577 -0.0760940 255 0 0
0.3336718 0.0192356 -0.0764498 255 0 0
0.3333395 0.0180111 -0.0760065 255 0 0
0.3323668 0.0170785 -0.0747596 255 0 0
0.3320321 0.0158478 -0.0743133 255 0 0
0.3304059 0.0151984 -0.0722458 255 0 0
0.3284381 0.0146898 -0.0697492 255 0 0
0.3284239 0.0132979 -0.0697048 255 0 0
0.3284097 0.0119061 -0.0696605 255 0 0
0.3293751 0.0100863 -0.0708461 255 0 0
0.3296863 0.0085573 -0.0712105 255 0 0
0.3299969 0.0070311 -0.0715742 255 0 0
0.3299828 0.0056454 -0.0715301 255 0 0
0.3302928 0.0041231 -0.0718931 255 0 0
0.3306024 0.0026034 -0.0722556 255 0 0
0.3309114 0.0010865 -0.0726173 255 0 0
0.3308972 -0.0002955 -0.0725733 255 0 0
0.3312057 -0.0018085 -0.0729345 255 0 0
0.3311916 -0.0031894 -0.0728905 255 0 0
0.3318195 -0.0048260 -0.0736531 255 0 0
0.3318055 -0.0062043 -0.0736092 255 0 0
0.3324326 -0.0078333 -0.0743710 255 0 0
0.3324186 -0.0092093 -0.0743272 255 0 0
0.3324045 -0.0105852 -0.0742834 255 0 0
0.3320701 -0.0118397 -0.0738370 255 0 0
0.3323764 -0.0133372 -0.0741957 255 0 0
0.3323624 -0.0147132 -0.0741520 255 0 0
0.3320279 -0.0159713 -0.0737054 255 0 0
0.3316928 -0.0172317 -0.0732581 255 0 0
0.3313572 -0.0184944 -0.0728100 255 0 0
0.3310210 -0.0197594 -0.0723611 255 0 0
0.3306841 -0.0210266 -0.0719114 255 0 0
0.3303467 -0.0222960 -0.0714609 255 0 0
0.3293591 -0.0233438 -0.0701928 255 0 0
0.3276979 -0.0255676 -0.0680513 255 0 0
0.3270258 -0.0267417 -0.0671796 255 0 0
0.3260202 -0.0278110 -0.0658885 255 0 0
0.3253421 -0.0289945 -0.0650090 255 0 0
0.3243274 -0.0300748 -0.0637062 255 0 0
0.3239783 -0.0313744 -0.0632404 255 0 0
0.3239639 -0.0327818 -0.0631956 255 0 0
0.3229418 -0.0338764 -0.0618830 255 0 0
0.3222525 -0.0350807 -0.0609890 255 0 0
0.3218996 -0.0363921 -0.0605182 255 0 0
0.3212065 -0.0376044 -0.0596192 255 0 0
0.3211920 -0.0390221 -0.0595741 255 0 0
0.3204963 -0.0402414 -0.0586717 255 0 0
0.3201402 -0.0415636 -0.0581966 255 0 0
0.3201256 -0.0429852 -0.0581514 255 0 0
0.3201111 -0.0444069 -0.0581061 255 0 0
0.3200966 -0.0458286 -0.0580608 255 0 0
0.3200821 -0.0472503 -0.0580156 255 0 0
0.3197253 -0.0485801 -0.0575395 255 0 0
0.3200531 -0.0500937 -0.0579250 255 0 0
0.3203802 -0.0516045 -0.0583099 255 0 0
0.3207067 -0.0531125 -0.0586940 255 0 0
0.3210327 -0.0546178 -0.0590775 255 0 0
0.3213581 -0.0561203 -0.0594602 255 0 0
0.3213436 -0.0575369 -0.0594151 255 0 0
0.3216684 -0.0590355 -0.0597972 255 0 0
0.3216539 -0.0604507 -0.0597521 255 0 0
0.3219782 -0.0619453 -0.0601335 255 0 0
0.3216251 -0.0632814 -0.0596620 255 0 0
0.3216106 -0.0646967 -0.0596169 255 0 0
0.3219348 -0.0661874 -0.0599985 255 0 0
0.3219204 -0.0676015 -0.0599534 255 0 0
0.3219060 -0.0690156 -0.0599084 255 0 0
0.3218915 -0.0704297 -0.0598634 255 0 0
0.3218771 -0.0718438 -0.0598184 255 0 0
0.3222007 -0.0733266 -0.0601994 255 0 0
0.3218482 -0.0746720 -0.0597283 255 0 0
0.3221705 -0.0761520 -0.0601076 255 0 0
0.3218049 -0.0789144 -0.0595932 255 0 0
0.3217890 -0.0803283 -0.0595463 255 0 0
0.3217745 -0.0817425 -0.0595013 255 0 0
0.3217601 -0.0831567 -0.0594563 255 0 0
0.3217457 -0.0845709 -0.0594113 255 0 0
0.3217312 -0.0859851 -0.0593662 255 0 0
0.3217168 -0.0873993 -0.0593212 255 0 0
0.3213634 -0.0887589 -0.0588489 255 0 0
0.3213490 -0.0901744 -0.0588038 255 0 0
0.3213345 -0.0915900 -0.0587587 255 0 0
0.3219973 -0.0931071 -0.0595677 255 0 0
0.3229942 -0.0946678 -0.0607980 255 0 0
0.3219684 -0.0959330 -0.0594776 255 0 0
0.3130601 0.1158780 -0.0498755 255 0 0
0.3144701 0.1134333 -0.0516201 255 0 0
0.3144553 0.1119808 -0.0515739 255 0 0
0.3144405 0.1105283 -0.0515276 255 0 0
0.3144256 0.1090759 -0.0514813 255 0 0
0.3144108 0.1076234 -0.0514351 255 0 0
0.3151046 0.1056937 -0.0522798 255 0 0
0.3150898 0.1042440 -0.0522336 255 0 0
0.3154284 0.1025590 -0.0526318 255 0 0
0.3154136 0.1011105 -0.0525857 255 0 0
0.3157515 0.0994300 -0.0529831 255 0 0
0.3153840 0.0982136 -0.0524934 255 0 0
0.3157220 0.0965358 -0.0528909 255 0 0
0.3157072 0.0950886 -0.0528448 255 0 0
0.3163960 0.0931895 -0.0536837 255 0 0
0.3163812 0.0917450 -0.0536377 255 0 0
0.3167173 0.0900779 -0.0540330 255 0 0
0.3167025 0.0886348 -0.0539871 255 0 0
0.3173875 0.0867529 -0.0548215 255 0 0
0.3177203 0.0850959 -0.0552128 255 0 0
0.3180539 0.0834411 -0.0556052 255 0 0
0.3180392 0.0820033 -0.0555594 255 0 0
0.3183722 0.0803528 -0.0559512 255 0 0
0.3183575 0.0789163 -0.0559054 255 0 0
0.3186899 0.0772702 -0.0562965 255 0 0
0.3186752 0.0758349 -0.0562507 255 0 0
0.3190070 0.0741932 -0.0566411 255 0 0
0.3189924 0.0727593 -0.0565954 255 0 0
0.3189777 0.0713254 -0.0565497 255 0 0
0.3193089 0.0696893 -0.0569395 255 0 0
0.3192943 0.0682567 -0.0568938 255 0 0
0.3199694 0.0664262 -0.0577167 255 0 0
0.3199548 0.0649962 -0.0576712 255 0 0
0.3202842 0.0633704 -0.0580587 255 0 0
0.3206129 0.0617477 -0.0584456 255 0 0
0.3209411 0.0601279 -0.0588318 255 0 0
0.3212687 0.0585110 -0.0592172 255 0 0
0.3215956 0.0568971 -0.0596020 255 0 0
0.3232778 0.0545408 -0.0616939 255 0 0
0.3236011 0.0529394 -0.0620742 255 0 0
0.3245964 0.0509764 -0.0633011 255 0 0
0.3252521 0.0492038 -0.0641004 255 0 0
0.3262383 0.0472598 -0.0653162 255 0 0
0.3268880 0.0455020 -0.0661082 255 0 0
0.3275354 0.0437505 -0.0668973 255 0 0
0.3278511 0.0421776 -0.0672685 255 0 0
0.3301287 0.0395890 -0.0701121 255 0 0
0.3307644 0.0378638 -0.0708870 255 0 0
0.3310744 0.0363101 -0.0712513 255 0 0
0.3320292 0.0344318 -0.0724284 255 0 0
0.3326582 0.0327249 -0.0731950 255 0 0
0.3329648 0.0311841 -0.0735553 255 0 0
0.3329507 0.0298048 -0.0735114 255 0 0
0.3335764 0.0281107 -0.0742739 255 0 0
0.3338814 0.0265780 -0.0746323 255 0 0
0.3345037 0.0248941 -0.0753909 255 0 0
0.3348071 0.0233684 -0.0757474 255 0 0
0.3347931 0.0219963 -0.0757037 255 0 0
0.3354122 0.0203250 -0.0764584 255 0 0
0.3360277 0.0186601 -0.0772087 255 0 0
0.3360138 0.0172929 -0.0771652 255 0 0
0.3356846 0.0160710 -0.0767241 255 0 0
0.3363005 0.0144144 -0.0774749 255 0 0
0.3366007 0.0129059 -0.0778277 255 0 0
0.3334077 0.0115872 -0.0737478 255 0 0
0.3321112 0.0107769 -0.0720859 255 0 0
0.3317751 0.0095361 -0.0716356 255 0 0
0.3317609 0.0081529 -0.0715915 255 0 0
0.3317468 0.0067697 -0.0715474 255 0 0
0.3323763 0.0051119 -0.0723156 255 0 0
0.3320407 0.0038671 -0.0718659 255 0 0
0.3320265 0.0024851 -0.0718218 255 0 0
0.3323340 0.0009696 -0.0721837 255 0 0
0.3326409 -0.0005432 -0.0725449 255 0 0
0.3323058 -0.0017920 -0.0720957 255 0 0
0.3329332 -0.0034317 -0.0728616 255 0 0
0.3332376 -0.0049374 -0.0732197 255 0 0
0.3332236 -0.0063145 -0.0731759 255 0 0
0.3338477 -0.0079419 -0.0739378 255 0 0
0.3341519 -0.0094401 -0.0742958 255 0 0
0.3338196 -0.0106913 -0.0738502 255 0 0
0.3338055 -0.0120661 -0.0738064 255 0 0
0.3337915 -0.0134409 -0.0737626 255 0 0
0.3340957 -0.0149343 -0.0741208 255 0 0
0.3334446 -0.0160728 -0.0732723 255 0 0
0.3331110 -0.0173322 -0.0728250 255 0 0
0.3334165 -0.0188249 -0.0731847 255 0 0
0.3324423 -0.0198578 -0.0719280 255 0 0
0.3321071 -0.0211239 -0.0714783 255 0 0
0.3317712 -0.0223924 -0.0710278 255 0 0
0.3311118 -0.0235513 -0.0701685 255 0 0
0.3297873 -0.0258823 -0.0684424 255 0 0
0.3291208 -0.0270539 -0.0675738 255 0 0
0.3271354 -0.0277944 -0.0650384 255 0 0
0.3267904 -0.0290861 -0.0645759 255 0 0
0.3257806 -0.0301657 -0.0632730 255 0 0
0.3257663 -0.0315705 -0.0632283 255 0 0
0.3254188 -0.0328704 -0.0627626 255 0 0
0.3247365 -0.0340685 -0.0618734 255 0 0
0.3237155 -0.0351677 -0.0605560 255 0 0
0.3233643 -0.0364779 -0.0600853 255 0 0
0.3226745 -0.0376893 -0.0591863 255 0 0
0.3219821 -0.0389050 -0.0582840 255 0 0
0.3216277 -0.0402247 -0.0578090 255 0 0
0.3216132 -0.0416451 -0.0577638 255 0 0
0.3215987 -0.0430655 -0.0577186 255 0 0
0.3215842 -0.0444858 -0.0576733 255 0 0
0.3212292 -0.0458120 -0.0571974 255 0 0
0.3212146 -0.0472336 -0.0571520 255 0 0
0.3212001 -0.0486554 -0.0571068 255 0 0
0.3211856 -0.0500771 -0.0570616 255 0 0
0.3218518 -0.0516768 -0.0578773 255 0 0
0.3225154 -0.0532707 -0.0586901 255 0 0
0.3225010 -0.0546873 -0.0586450 255 0 0
0.3231623 -0.0562728 -0.0594549 255 0 0
0.3231478 -0.0576868 -0.0594099 255 0 0
0.3231334 -0.0591008 -0.0593648 255 0 0
0.3231190 -0.0605148 -0.0593198 255 0 0
0.3231045 -0.0619289 -0.0592747 255 0 0
0.3230901 -0.0633429 -0.0592297 255 0 0
0.3230757 -0.0647570 -0.0591847 255 0 0
0.3230612 -0.0661710 -0.0591396 255 0 0
0.3233838 -0.0676590 -0.0595213 255 0 0
0.3233694 -0.0690718 -0.0594763 255 0 0
0.3233550 -0.0704846 -0.0594313 255 0 0
0.3233405 -0.0718975 -0.0593863 255 0 0
0.3229890 -0.0732415 -0.0589145 255 0 0
0.3229746 -0.0746557 -0.0588695 255 0 0
0.3229602 -0.0760698 -0.0588244 255 0 0
0.3232814 -0.0775486 -0.0592045 255 0 0
0.3229299 -0.0788978 -0.0587325 255 0 0
0.3232526 -0.0803744 -0.0591145 255 0 0
0.3229010 -0.0817262 -0.0586425 255 0 0
0.3228866 -0.0831404 -0.0585974 255 0 0
0.3228721 -0.0845546 -0.0585524 255 0 0
0.3231949 -0.0860260 -0.0589345 255 0 0
0.3228432 -0.0873831 -0.0584623 255 0 0
0.3228288 -0.0887973 -0.0584173 255 0 0
0.3228144 -0.0902116 -0.0583723 255 0 0
0.3234739 -0.0917298 -0.0591811 255 0 0
0.3237956 -0.0931921 -0.0595621 255 0 0
0.3241166 -0.0946517 -0.0599422 255 0 0
0.3241023 -0.0960609 -0.0598974 255 0 0
0.3159812 0.1132059 -0.0511841 255 0 0
0.3159664 0.1117548 -0.0511379 255 0 0
0.3159516 0.1103037 -0.0510917 255 0 0
0.3159367 0.1088525 -0.0510455 255 0 0
0.3162748 0.1071617 -0.0514451 255 0 0
0.3159072 0.1059502 -0.0509531 255 0 0
0.3162452 0.1042621 -0.0513527 255 0 0
0.3162304 0.1028123 -0.0513066 255 0 0
0.3169195 0.1008952 -0.0521500 255 0 0
0.3165531 0.0996802 -0.0516594 255 0 0
0.3168900 0.0980009 -0.0520577 255 0 0
0.3168752 0.0965538 -0.0520117 255 0 0
0.3168604 0.0951067 -0.0519656 255 0 0
0.3171967 0.0934333 -0.0523632 255 0 0
0.3175324 0.0917630 -0.0527601 255 0 0
0.3178674 0.0900958 -0.0531563 255 0 0
0.3178526 0.0886527 -0.0531103 255 0 0
0.3181870 0.0869900 -0.0535057 255 0 0
0.3192144 0.0848968 -0.0547774 255 0 0
0.3195463 0.0832437 -0.0551699 255 0 0
0.3195316 0.0818072 -0.0551241 255 0 0
0.3198629 0.0801584 -0.0555159 255 0 0
0.3198483 0.0787232 -0.0554702 255 0 0
0.3201790 0.0770788 -0.0558612 255 0 0
0.3201644 0.0756449 -0.0558156 255 0 0
0.3201497 0.0742110 -0.0557699 255 0 0
0.3204798 0.0725722 -0.0561603 255 0 0
0.3204651 0.0711396 -0.0561147 255 0 0
0.3211381 0.0693038 -0.0569390 255 0 0
0.3211236 0.0678738 -0.0568934 255 0 0
0.3214518 0.0662455 -0.0572817 255 0 0
0.3217795 0.0646200 -0.0576694 255 0 0
0.3217650 0.0631926 -0.0576239 255 0 0
0.3224331 0.0613781 -0.0584424 255 0 0
0.3227590 0.0597616 -0.0588279 255 0 0
0.3234234 0.0579584 -0.0596419 255 0 0
0.3247581 0.0557882 -0.0613044 255 0 0
0.3257502 0.0538174 -0.0625333 255 0 0
0.3267369 0.0518572 -0.0637557 255 0 0
0.3273869 0.0500880 -0.0645519 255 0 0
0.3283647 0.0481468 -0.0657631 255 0 0
0.3290088 0.0463922 -0.0665521 255 0 0
0.3299778 0.0444697 -0.0677525 255 0 0
0.3302901 0.0429018 -0.0681216 255 0 0
0.3318987 0.0406566 -0.0701322 255 0 0
0.3331735 0.0385976 -0.0717203 255 0 0
0.3338005 0.0368834 -0.0724882 255 0 0
0.3337864 0.0355028 -0.0724442 255 0 0
0.3344111 0.0337971 -0.0732094 255 0 0
0.3347157 0.0322581 -0.0735691 255 0 0
0.3353371 0.0305627 -0.0743302 255 0 0
0.3353231 0.0291882 -0.0742865 255 0 0
0.3359424 0.0275012 -0.0750450 255 0 0
0.3365594 0.0258201 -0.0758008 255 0 0
0.3362301 0.0246036 -0.0753577 255 0 0
0.3365315 0.0230808 -0.0757136 255 0 0
0.3368322 0.0215607 -0.0760688 255 0 0
0.3374447 0.0198952 -0.0768191 255 0 0
0.3380564 0.0182348 -0.0775685 255 0 0
0.3380425 0.0168712 -0.0775251 255 0 0
0.3377160 0.0156521 -0.0770854 255 0 0
0.3386382 0.0138578 -0.0782286 255 0 0
0.3398649 0.0119320 -0.0797578 255 0 0
0.3404680 0.0102972 -0.0804968 255 0 0
0.3395278 0.0093573 -0.0792792 255 0 0
0.3373332 0.0089665 -0.0764711 255 0 0
0.3354158 0.0070574 -0.0739881 255 0 0
0.3341298 0.0062332 -0.0723315 255 0 0
0.3341158 0.0048549 -0.0722876 255 0 0
0.3334623 0.0037477 -0.0714329 255 0 0
0.3337682 0.0022325 -0.0717948 255 0 0
0.3334341 0.0009861 -0.0713449 255 0 0
0.3340595 -0.0006585 -0.0721121 255 0 0
0.3343629 -0.0021666 -0.0724709 255 0 0
0.3343489 -0.0035437 -0.0724270 255 0 0
0.3346532 -0.0050485 -0.0727871 255 0 0
0.3349570 -0.0065507 -0.0731465 255 0 0
0.3352602 -0.0080502 -0.0735052 255 0 0
0.3355628 -0.0095470 -0.0738633 255 0 0
0.3352321 -0.0107973 -0.0734177 255 0 0
0.3352181 -0.0121708 -0.0733740 255 0 0
0.3352041 -0.0135444 -0.0733303 255 0 0
0.3351901 -0.0149180 -0.0732865 255 0 0
0.3351761 -0.0162916 -0.0732427 255 0 0
0.3345268 -0.0174325 -0.0723927 255 0 0
0.3345128 -0.0188085 -0.0723489 255 0 0
0.3338612 -0.0199560 -0.0714957 255 0 0
0.3335275 -0.0212211 -0.0710461 255 0 0
0.3328724 -0.0223760 -0.0701883 255 0 0
0.3322149 -0.0235350 -0.0693274 255 0 0
0.3312187 -0.0259759 -0.0680101 255 0 0
0.3302299 -0.0270374 -0.0667282 255 0 0
0.3289079 -0.0279959 -0.0650231 255 0 0
0.3279065 -0.0290696 -0.0637249 255 0 0
0.3275620 -0.0303637 -0.0632609 255 0 0
0.3265533 -0.0314477 -0.0619532 255 0 0
0.3262063 -0.0327486 -0.0614859 255 0 0
0.3258587 -0.0340519 -0.0610178 255 0 0
0.3251759 -0.0352544 -0.0601238 255 0 0
0.3248264 -0.0365636 -0.0596530 255 0 0
0.3238029 -0.0376726 -0.0583259 255 0 0
0.3234508 -0.0389888 -0.0578519 255 0 0
0.3227592 -0.0402081 -0.0569463 255 0 0
0.3227447 -0.0416285 -0.0569011 255 0 0
0.3227302 -0.0430488 -0.0568559 255 0 0
0.3223762 -0.0443736 -0.0563791 255 0 0
0.3223617 -0.0457953 -0.0563339 255 0 0
0.3226868 -0.0473100 -0.0567202 255 0 0
0.3223327 -0.0486388 -0.0562433 255 0 0
0.3226577 -0.0501509 -0.0566297 255 0 0
0.3233206 -0.0517490 -0.0574455 255 0 0
0.3236438 -0.0532542 -0.0578297 255 0 0
0.3239666 -0.0547566 -0.0582133 255 0 0
0.3239521 -0.0561719 -0.0581682 255 0 0
0.3242742 -0.0576703 -0.0585510 255 0 0
0.3242598 -0.0590844 -0.0585060 255 0 0
0.3245813 -0.0605788 -0.0588882 255 0 0
0.3245669 -0.0619915 -0.0588432 255 0 0
0.3245525 -0.0634043 -0.0587982 255 0 0
0.3245381 -0.0648171 -0.0587532 255 0 0
0.3245236 -0.0662299 -0.0587082 255 0 0
0.3245093 -0.0676427 -0.0586633 255 0 0
0.3244948 -0.0690555 -0.0586183 255 0 0
0.3248158 -0.0705395 -0.0590000 255 0 0
0.3244660 -0.0718811 -0.0585283 255 0 0
0.3244516 -0.0732940 -0.0584832 255 0 0
0.3244371 -0.0747068 -0.0584382 255 0 0
0.3244213 -0.0761194 -0.0583914 255 0 0
0.3244069 -0.0775323 -0.0583465 255 0 0
0.3243925 -0.0789452 -0.0583014 255 0 0
0.3243780 -0.0803581 -0.0582564 255 0 0
0.3240274 -0.0817099 -0.0577836 255 0 0
0.3243492 -0.0831839 -0.0581665 255 0 0
0.3243348 -0.0845969 -0.0581215 255 0 0
0.3243204 -0.0860098 -0.0580765 255 0 0
0.3243060 -0.0874228 -0.0580315 255 0 0
0.3242915 -0.0888357 -0.0579865 255 0 0
0.3246127 -0.0903020 -0.0583687 255 0 0
0.3245983 -0.0917137 -0.0583238 255 0 0
0.3249190 -0.0931760 -0.0587055 255 0 0
0.3255728 -0.0946847 -0.0595116 255 0 0
0.3252246 -0.0960448 -0.0590416 255 0 0
0.3262101 -0.0975934 -0.0602700 255 0 0
0.3178257 0.1112859 -0.0511484 255 0 0
0.3178109 0.1098375 -0.0511023 255 0 0
0.3174450 0.1086297 -0.0506104 255 0 0
0.3174303 0.1071798 -0.0505643 255 0 0
0.3177666 0.1054921 -0.0509639 255 0 0
0.3174007 0.1042802 -0.0504719 255 0 0
0.3177370 0.1025952 -0.0508716 255 0 0
0.3177222 0.1011467 -0.0508255 255 0 0
0.3180580 0.0994662 -0.0512246 255 0 0
0.3183932 0.0977887 -0.0516229 255 0 0
0.3180285 0.0965718 -0.0511324 255 0 0
0.3183637 0.0948971 -0.0515308 255 0 0
0.3186982 0.0932255 -0.0519285 255 0 0
0.3186835 0.0917810 -0.0518824 255 0 0
0.3190174 0.0901138 -0.0522794 255 0 0
0.3193507 0.0884497 -0.0526756 255 0 0
0.3200302 0.0865700 -0.0535117 255 0 0
0.3207057 0.0846980 -0.0543429 255 0 0
0.3210359 0.0830466 -0.0547353 255 0 0
0.3206764 0.0818250 -0.0542513 255 0 0
0.3213509 0.0799644 -0.0550814 255 0 0
0.3213363 0.0785304 -0.0550358 255 0 0
0.3213216 0.0770965 -0.0549901 255 0 0
0.3216507 0.0754551 -0.0553812 255 0 0
0.3216360 0.0740225 -0.0553356 255 0 0
0.3219645 0.0723855 -0.0557261 255 0 0
0.3222923 0.0707515 -0.0561157 255 0 0
0.3229607 0.0689197 -0.0569386 255 0 0
0.3229461 0.0674924 -0.0568931 255 0 0
0.3232721 0.0658673 -0.0572807 255 0 0
0.3235976 0.0642452 -0.0576676 255 0 0
0.3242611 0.0624321 -0.0584845 255 0 0
0.3249222 0.0606257 -0.0592984 255 0 0
0.3259151 0.0586370 -0.0605344 255 0 0
0.3265702 0.0568457 -0.0613410 255 0 0
0.3268897 0.0552466 -0.0617206 255 0 0
0.3282047 0.0530992 -0.0633667 255 0 0
0.3288515 0.0513292 -0.0641629 255 0 0
0.3294959 0.0495657 -0.0649562 255 0 0
0.3307920 0.0474542 -0.0665788 255 0 0
0.3314295 0.0457071 -0.0673635 255 0 0
0.3333550 0.0432774 -0.0697873 255 0 0
0.3339834 0.0415502 -0.0705606 255 0 0
0.3346094 0.0398292 -0.0713312 255 0 0
0.3349146 0.0382807 -0.0716935 255 0 0
0.3358549 0.0364055 -0.0728642 255 0 0
0.3364744 0.0347027 -0.0736266 255 0 0
0.3364603 0.0333283 -0.0735828 255 0 0
0.3367622 0.0317937 -0.0739412 255 0 0
0.3376926 0.0299456 -0.0750997 255 0 0
0.3376787 0.0285760 -0.0750560 255 0 0
0.3376647 0.0272064 -0.0750124 255 0 0
0.3379645 0.0256826 -0.0753683 255 0 0
0.3382637 0.0241615 -0.0757235 255 0 0
0.3385624 0.0226431 -0.0760780 255 0 0
0.3388592 0.0211281 -0.0764302 255 0 0
0.3394679 0.0194670 -0.0771797 255 0 0
0.3394540 0.0181045 -0.0771363 255 0 0
0.3397506 0.0165967 -0.0774884 255 0 0
0.3400467 0.0150916 -0.0778398 255 0 0
0.3409595 0.0133049 -0.0789769 255 0 0
0.3412535 0.0118079 -0.0793258 255 0 0
0.3415470 0.0103135 -0.0796742 255 0 0
0.3412258 0.0090972 -0.0792395 255 0 0
0.3412120 0.0077418 -0.0791963 255 0 0
0.3411982 0.0063864 -0.0791531 255 0 0
0.3411843 0.0050310 -0.0791099 255 0 0
0.3399357 0.0042105 -0.0774932 255 0 0
0.3380530 0.0036526 -0.0750684 255 0 0
0.3348674 0.0022490 -0.0709567 255 0 0
0.3348533 0.0008694 -0.0709128 255 0 0
0.3357916 -0.0009043 -0.0720828 255 0 0
0.3354602 -0.0021501 -0.0716344 255 0 0
0.3357635 -0.0036561 -0.0719951 255 0 0
0.3360663 -0.0051595 -0.0723552 255 0 0
0.3366842 -0.0067860 -0.0731171 255 0 0
0.3366702 -0.0081583 -0.0730734 255 0 0
0.3366562 -0.0095307 -0.0730297 255 0 0
0.3366422 -0.0109030 -0.0729860 255 0 0
0.3369434 -0.0123961 -0.0733442 255 0 0
0.3366142 -0.0136477 -0.0728985 255 0 0
0.3366002 -0.0150201 -0.0728549 255 0 0
0.3362704 -0.0162752 -0.0724084 255 0 0
0.3359400 -0.0175326 -0.0719611 255 0 0
0.3359260 -0.0189074 -0.0719173 255 0 0
0.3352775 -0.0200540 -0.0710641 255 0 0
0.3349454 -0.0213182 -0.0706145 255 0 0
0.3342934 -0.0224722 -0.0697567 255 0 0
0.3333181 -0.0235185 -0.0684864 255 0 0
0.3323248 -0.0259595 -0.0671667 255 0 0
0.3313390 -0.0270209 -0.0658826 255 0 0
0.3303479 -0.0280881 -0.0645915 255 0 0
0.3290227 -0.0290531 -0.0628739 255 0 0
0.3286792 -0.0303471 -0.0624092 255 0 0
0.3276736 -0.0314311 -0.0610993 255 0 0
0.3269954 -0.0326267 -0.0602070 255 0 0
0.3266481 -0.0339310 -0.0597372 255 0 0
0.3263002 -0.0352378 -0.0592666 255 0 0
0.3259517 -0.0365470 -0.0587951 255 0 0
0.3249313 -0.0376560 -0.0574656 255 0 0
0.3242430 -0.0388717 -0.0565602 255 0 0
0.3238907 -0.0401914 -0.0560836 255 0 0
0.3238763 -0.0416118 -0.0560384 255 0 0
0.3235233 -0.0429353 -0.0555609 255 0 0
0.3235088 -0.0443570 -0.0555156 255 0 0
0.3234943 -0.0457787 -0.0554704 255 0 0
0.3238183 -0.0472934 -0.0558574 255 0 0
0.3234653 -0.0486221 -0.0553798 255 0 0
0.3241272 -0.0502245 -0.0561986 255 0 0
0.3247868 -0.0518211 -0.0570145 255 0 0
0.3251084 -0.0533248 -0.0573987 255 0 0
0.3254295 -0.0548258 -0.0577823 255 0 0
0.3257500 -0.0563241 -0.0581652 255 0 0
0.3257355 -0.0577369 -0.0581202 255 0 0
0.3260554 -0.0592311 -0.0585023 255 0 0
0.3257067 -0.0605624 -0.0580302 255 0 0
0.3260266 -0.0620541 -0.0584124 255 0 0
0.3260122 -0.0634656 -0.0583675 255 0 0
0.3259978 -0.0648771 -0.0583225 255 0 0
0.3259834 -0.0662886 -0.0582776 255 0 0
0.3259690 -0.0677001 -0.0582326 255 0 0
0.3259546 -0.0691117 -0.0581876 255 0 0
0.3259402 -0.0705232 -0.0581427 255 0 0
0.3259258 -0.0719348 -0.0580977 255 0 0
0.3259100 -0.0733460 -0.0580510 255 0 0
0.3258956 -0.0747576 -0.0580060 255 0 0
0.3255467 -0.0761031 -0.0575334 255 0 0
0.3255323 -0.0775160 -0.0574884 255 0 0
0.3251828 -0.0788653 -0.0570149 255 0 0
0.3255035 -0.0803418 -0.0573983 255 0 0
0.3254891 -0.0817548 -0.0573534 255 0 0
0.3251395 -0.0831079 -0.0568797 255 0 0
0.3254603 -0.0845806 -0.0572634 255 0 0
0.3254458 -0.0859936 -0.0572183 255 0 0
0.3254314 -0.0874066 -0.0571733 255 0 0
0.3257516 -0.0888741 -0.0575564 255 0 0
0.3257371 -0.0902858 -0.0575114 255 0 0
0.3257228 -0.0916975 -0.0574665 255 0 0
0.3260424 -0.0931598 -0.0578489 255 0 0
0.3263615 -0.0946195 -0.0582307 255 0 0
0.3263471 -0.0960287 -0.0581858 255 0 0
0.3266656 -0.0974844 -0.0585669 255 0 0
0.3276461 -0.0990278 -0.0597954 255 0 0
0.3189800 0.1113041 -0.0502684 255 0 0
0.3189653 0.1098556 -0.0502222 255 0 0
0.3189505 0.1084072 -0.0501761 255 0 0
0.3189357 0.1069588 -0.0501300 255 0 0
0.3189209 0.1055103 -0.0500838 255 0 0
0.3192556 0.1038257 -0.0504836 255 0 0
0.3192409 0.1023786 -0.0504375 255 0 0
0.3192261 0.1009314 -0.0503914 255 0 0
0.3192114 0.0994842 -0.0503453 255 0 0
0.3191966 0.0980371 -0.0502992 255 0 0
0.3195307 0.0963610 -0.0506984 255 0 0
0.3195159 0.0949151 -0.0506524 255 0 0
0.3198494 0.0932435 -0.0510508 255 0 0
0.3201823 0.0915749 -0.0514486 255 0 0
0.3205145 0.0899095 -0.0518456 255 0 0
0.3208461 0.0882471 -0.0522418 255 0 0
0.3215207 0.0863704 -0.0530761 255 0 0
0.3221943 0.0844996 -0.0539091 255 0 0
0.3225228 0.0828499 -0.0543016 255 0 0
0.3225082 0.0814160 -0.0542559 255 0 0
0.3228361 0.0797707 -0.0546477 255 0 0
0.3231634 0.0781284 -0.0550388 255 0 0
0.3231489 0.0766971 -0.0549932 255 0 0
0.3231343 0.0752658 -0.0549476 255 0 0
0.3234610 0.0736291 -0.0553381 255 0 0
0.3234464 0.0721991 -0.0552925 255 0 0
0.3241127 0.0703647 -0.0561168 255 0 0
0.3244377 0.0687370 -0.0565052 255 0 0
0.3247620 0.0671124 -0.0568927 255 0 0
0.3254234 0.0652940 -0.0577111 255 0 0
0.3257460 0.0636768 -0.0580965 255 0 0
0.3260679 0.0620627 -0.0584812 255 0 0
0.3273918 0.0598795 -0.0601464 255 0 0
0.3280436 0.0580876 -0.0609528 255 0 0
0.3283613 0.0564888 -0.0613324 255 0 0
0.3296699 0.0543388 -0.0629785 255 0 0
0.3303134 0.0525682 -0.0637747 255 0 0
0.3312815 0.0506239 -0.0649858 255 0 0
0.3322443 0.0486901 -0.0661905 255 0 0
0.3328786 0.0469423 -0.0669751 255 0 0
0.3344741 0.0446810 -0.0689890 255 0 0
0.3347805 0.0431227 -0.0693547 255 0 0
0.3354057 0.0413973 -0.0701281 255 0 0
0.3360288 0.0396781 -0.0708988 255 0 0
0.3369661 0.0377991 -0.0720716 255 0 0
0.3372681 0.0362579 -0.0724320 255 0 0
0.3378845 0.0345569 -0.0731944 255 0 0
0.3381848 0.0330226 -0.0735528 255 0 0
0.3381708 0.0316506 -0.0735091 255 0 0
0.3384707 0.0301203 -0.0738669 255 0 0
0.3387700 0.0285926 -0.0742240 255 0 0
0.3390688 0.0270676 -0.0745806 255 0 0
0.3390549 0.0256992 -0.0745370 255 0 0
0.3390409 0.0243308 -0.0744934 255 0 0
0.3399606 0.0225095 -0.0756446 255 0 0
0.3402573 0.0209952 -0.0759986 255 0 0
0.3405535 0.0194835 -0.0763520 255 0 0
0.3408491 0.0179745 -0.0767047 255 0 0
0.3414527 0.0163233 -0.0774517 255 0 0
0.3414389 0.0149644 -0.0774084 255 0 0
0.3420404 0.0133213 -0.0781528 255 0 0
0.3420266 0.0119648 -0.0781097 255 0 0
0.3426260 0.0103298 -0.0788516 255 0 0
0.3426122 0.0089756 -0.0788084 255 0 0
0.3425984 0.0076214 -0.0787653 255 0 0
0.3428904 0.0061319 -0.0791138 255 0 0
0.3425708 0.0049130 -0.0786790 255 0 0
0.3425570 0.0035587 -0.0786359 255 0 0
0.3425431 0.0022044 -0.0785927 255 0 0
0.3416083 0.0012433 -0.0773701 255 0 0
0.3394265 0.0008023 -0.0745502 255 0 0
0.3394126 -0.0005639 -0.0745066 255 0 0
0.3381477 -0.0014108 -0.0728607 255 0 0
0.3371896 -0.0023936 -0.0716077 255 0 0
0.3368598 -0.0036397 -0.0711593 255 0 0
0.3374768 -0.0052703 -0.0719240 255 0 0
0.3377776 -0.0067696 -0.0722835 255 0 0
0.3377636 -0.0081419 -0.0722398 255 0 0
0.3377496 -0.0095143 -0.0721961 255 0 0
0.3380498 -0.0110086 -0.0725550 255 0 0
0.3377216 -0.0122590 -0.0721087 255 0 0
0.3377076 -0.0136314 -0.0720649 255 0 0
0.3376936 -0.0150038 -0.0720212 255 0 0
0.3379939 -0.0164932 -0.0723803 255 0 0
0.3376656 -0.0177486 -0.0719338 255 0 0
0.3370214 -0.0188911 -0.0710822 255 0 0
0.3366913 -0.0201519 -0.0706333 255 0 0
0.3363608 -0.0214150 -0.0701837 255 0 0
0.3357119 -0.0225682 -0.0693259 255 0 0
0.3344213 -0.0235021 -0.0676453 255 0 0
0.3334310 -0.0259431 -0.0663234 255 0 0
0.3327716 -0.0271137 -0.0654517 255 0 0
0.3314600 -0.0280717 -0.0637436 255 0 0
0.3307935 -0.0292525 -0.0628625 255 0 0
0.3297964 -0.0303306 -0.0615574 255 0 0
0.3287938 -0.0314146 -0.0602452 255 0 0
0.3284488 -0.0327155 -0.0597762 255 0 0
0.3281033 -0.0340188 -0.0593065 255 0 0
0.3274245 -0.0352212 -0.0584093 255 0 0
0.3267434 -0.0364281 -0.0575090 255 0 0
0.3263946 -0.0377407 -0.0570350 255 0 0
0.3253736 -0.0388550 -0.0556983 255 0 0
0.3246849 -0.0400752 -0.0547880 255 0 0
0.3246704 -0.0414969 -0.0547427 255 0 0
0.3246559 -0.0429186 -0.0546974 255 0 0
0.3246414 -0.0443403 -0.0546522 255 0 0
0.3249643 -0.0458564 -0.0550399 255 0 0
0.3249498 -0.0472768 -0.0549947 255 0 0
0.3252722 -0.0487888 -0.0553818 255 0 0
0.3259297 -0.0503880 -0.0561992 255 0 0
0.3262503 -0.0518930 -0.0565842 255 0 0
0.3265703 -0.0533953 -0.0569685 255 0 0
0.3265559 -0.0548094 -0.0569235 255 0 0
0.3272086 -0.0563918 -0.0577350 255 0 0
0.3271942 -0.0578033 -0.0576901 255 0 0
0.3271798 -0.0592147 -0.0576451 255 0 0
0.3274981 -0.0607063 -0.0580274 255 0 0
0.3271510 -0.0620377 -0.0575552 255 0 0
0.3274693 -0.0635268 -0.0579376 255 0 0
0.3271222 -0.0648607 -0.0574652 255 0 0
0.3274406 -0.0663472 -0.0578477 255 0 0
0.3270935 -0.0676838 -0.0573753 255 0 0
0.3270790 -0.0690953 -0.0573304 255 0 0
0.3270646 -0.0705069 -0.0572854 255 0 0
0.3270502 -0.0719184 -0.0572404 255 0 0
0.3270358 -0.0733300 -0.0571955 255 0 0
0.3266880 -0.0746742 -0.0567221 255 0 0
0.3266722 -0.0760868 -0.0566753 255 0 0
0.3263107 -0.0788492 -0.0561577 255 0 0
0.3266290 -0.0803256 -0.0565403 255 0 0
0.3266146 -0.0817385 -0.0564952 255 0 0
0.3266001 -0.0831514 -0.0564502 255 0 0
0.3265857 -0.0845644 -0.0564052 255 0 0
0.3265713 -0.0859774 -0.0563603 255 0 0
0.3265569 -0.0873903 -0.0563152 255 0 0
0.3268760 -0.0888579 -0.0566991 255 0 0
0.3268616 -0.0902696 -0.0566541 255 0 0
0.3268473 -0.0916813 -0.0566091 255 0 0
0.3271659 -0.0931437 -0.0569924 255 0 0
0.3271515 -0.0945541 -0.0569474 255 0 0
0.3274696 -0.0960126 -0.0573300 255 0 0
0.3277870 -0.0974684 -0.0577118 255 0 0
0.3274408 -0.0988310 -0.0572403 255 0 0
0.3280895 -0.1003282 -0.0580482 255 0 0
0.3201344 0.1113222 -0.0493883 255 0 0
0.3201196 0.1098738 -0.0493422 255 0 0
0.3201049 0.1084254 -0.0492960 255 0 0
0.3200901 0.1069769 -0.0492499 255 0 0
0.3204237 0.1052909 -0.0496505 255 0 0
0.3204090 0.1038438 -0.0496044 255 0 0
0.3207419 0.1021623 -0.0500042 255 0 0
0.3207271 0.1007165 -0.0499581 255 0 0
0.3207124 0.0992707 -0.0499120 255 0 0
0.3206977 0.0978248 -0.0498660 255 0 0
0.3206829 0.0963790 -0.0498199 255 0 0
0.3210153 0.0947060 -0.0502191 255 0 0
0.3213471 0.0930361 -0.0506177 255 0 0
0.3213324 0.0915929 -0.0505717 255 0 0
0.3216635 0.0899274 -0.0509695 255 0 0
0.3226813 0.0878261 -0.0522483 255 0 0
0.3226666 0.0863882 -0.0522025 255 0 0
0.3236802 0.0843016 -0.0534761 255 0 0
0.3236656 0.0828677 -0.0534304 255 0 0
0.3239924 0.0812210 -0.0538230 255 0 0
0.3239778 0.0797884 -0.0537773 255 0 0
0.3246443 0.0779367 -0.0546060 255 0 0
0.3249694 0.0762991 -0.0549963 255 0 0
0.3246152 0.0750768 -0.0545148 255 0 0
0.3249402 0.0734417 -0.0549053 255 0 0
0.3252647 0.0718097 -0.0552951 255 0 0
0.3255886 0.0701807 -0.0556841 255 0 0
0.3262491 0.0683551 -0.0565055 255 0 0
0.3262346 0.0669316 -0.0564601 255 0 0
0.3272281 0.0649194 -0.0577092 255 0 0
0.3275484 0.0633055 -0.0580939 255 0 0
0.3285333 0.0613114 -0.0593321 255 0 0
0.3291830 0.0595168 -0.0601400 255 0 0
0.3294998 0.0579167 -0.0605204 255 0 0
0.3308042 0.0557616 -0.0621694 255 0 0
0.3311180 0.0541721 -0.0625462 255 0 0
0.3317584 0.0524034 -0.0633424 255 0 0
0.3327217 0.0504612 -0.0645537 255 0 0
0.3336798 0.0485296 -0.0657584 255 0 0
0.3339885 0.0469593 -0.0661290 255 0 0
0.3362176 0.0443524 -0.0689670 255 0 0
0.3365219 0.0427972 -0.0693320 255 0 0
0.3371429 0.0410755 -0.0701041 255 0 0
0.3374455 0.0395273 -0.0704671 255 0 0
0.3380632 0.0378159 -0.0712352 255 0 0
0.3386787 0.0361106 -0.0720004 255 0 0
0.3386647 0.0347362 -0.0719566 255 0 0
0.3395909 0.0328786 -0.0731215 255 0 0
0.3402010 0.0311895 -0.0738800 255 0 0
0.3398753 0.0299789 -0.0734356 255 0 0
0.3401731 0.0284527 -0.0737928 255 0 0
0.3407811 0.0267744 -0.0745488 255 0 0
0.3404565 0.0255619 -0.0741058 255 0 0
0.3410621 0.0238908 -0.0748589 255 0 0
0.3416669 0.0222249 -0.0756111 255 0 0
0.3416530 0.0208625 -0.0755677 255 0 0
0.3422557 0.0192048 -0.0763173 255 0 0
0.3422419 0.0178447 -0.0762740 255 0 0
0.3425355 0.0163397 -0.0766262 255 0 0
0.3428286 0.0148374 -0.0769778 255 0 0
0.3431213 0.0133377 -0.0773288 255 0 0
0.3431074 0.0119812 -0.0772856 255 0 0
0.3430936 0.0106246 -0.0772423 255 0 0
0.3436912 0.0089919 -0.0779857 255 0 0
0.3436774 0.0076377 -0.0779426 255 0 0
0.3436636 0.0062835 -0.0778995 255 0 0
0.3439547 0.0047951 -0.0782487 255 0 0
0.3439409 0.0034420 -0.0782056 255 0 0
0.3442315 0.0019574 -0.0785543 255 0 0
0.3436083 0.0008664 -0.0777269 255 0 0
0.3435946 -0.0004878 -0.0776838 255 0 0
0.3435808 -0.0018421 -0.0776407 255 0 0
0.3426487 -0.0028140 -0.0764155 255 0 0
0.3414029 -0.0036636 -0.0747864 255 0 0
0.3398369 -0.0043919 -0.0727448 255 0 0
0.3395108 -0.0056342 -0.0722994 255 0 0
0.3391842 -0.0068788 -0.0718532 255 0 0
0.3391702 -0.0082499 -0.0718095 255 0 0
0.3394689 -0.0097440 -0.0721684 255 0 0
0.3394549 -0.0111139 -0.0721248 255 0 0
0.3391283 -0.0123634 -0.0716785 255 0 0
0.3391142 -0.0137345 -0.0716348 255 0 0
0.3394130 -0.0152238 -0.0719939 255 0 0
0.3390863 -0.0164769 -0.0715474 255 0 0
0.3387590 -0.0177322 -0.0711001 255 0 0
0.3387450 -0.0191047 -0.0710565 255 0 0
0.3377877 -0.0201356 -0.0697975 255 0 0
0.3374581 -0.0213987 -0.0693471 255 0 0
0.3364939 -0.0224394 -0.0680790 255 0 0
0.3358435 -0.0235975 -0.0672152 255 0 0
0.3345371 -0.0259266 -0.0654800 255 0 0
0.3342017 -0.0272063 -0.0650217 255 0 0
0.3325721 -0.0280552 -0.0628956 255 0 0
0.3322330 -0.0293436 -0.0624325 255 0 0
0.3309135 -0.0303140 -0.0607056 255 0 0
0.3302430 -0.0315043 -0.0598151 255 0 0
0.3298997 -0.0328041 -0.0593462 255 0 0
0.3295557 -0.0341063 -0.0588765 255 0 0
0.3285488 -0.0352046 -0.0575521 255 0 0
0.3282024 -0.0365138 -0.0570791 255 0 0
0.3275220 -0.0377241 -0.0561754 255 0 0
0.3268392 -0.0389388 -0.0552685 255 0 0
0.3261538 -0.0401581 -0.0543582 255 0 0
0.3261394 -0.0415785 -0.0543130 255 0 0
0.3261249 -0.0429989 -0.0542677 255 0 0
0.3257740 -0.0443237 -0.0537886 255 0 0
0.3257595 -0.0457454 -0.0537433 255 0 0
0.3260815 -0.0472602 -0.0541320 255 0 0
0.3267380 -0.0488636 -0.0549524 255 0 0
0.3273922 -0.0504612 -0.0557697 255 0 0
0.3277112 -0.0519648 -0.0561548 255 0 0
0.3280296 -0.0534657 -0.0565391 255 0 0
0.3280152 -0.0548785 -0.0564941 255 0 0
0.3283330 -0.0563754 -0.0568778 255 0 0
0.3283186 -0.0577868 -0.0568328 255 0 0
0.3286359 -0.0592797 -0.0572158 255 0 0
0.3282898 -0.0606098 -0.0567428 255 0 0
0.3282754 -0.0620213 -0.0566979 255 0 0
0.3285927 -0.0635104 -0.0570810 255 0 0
0.3289095 -0.0649968 -0.0574635 255 0 0
0.3285640 -0.0663309 -0.0569912 255 0 0
0.3285496 -0.0677411 -0.0569463 255 0 0
0.3285352 -0.0691514 -0.0569013 255 0 0
0.3285209 -0.0705617 -0.0568565 255 0 0
0.3281747 -0.0719021 -0.0563831 255 0 0
0.3281603 -0.0733137 -0.0563382 255 0 0
0.3277991 -0.0760708 -0.0558190 255 0 0
0.3277833 -0.0774834 -0.0557722 255 0 0
0.3274358 -0.0788327 -0.0552970 255 0 0
0.3274214 -0.0802469 -0.0552520 255 0 0
0.3274070 -0.0816611 -0.0552070 255 0 0
0.3273925 -0.0830754 -0.0551619 255 0 0
0.3277113 -0.0845482 -0.0555471 255 0 0
0.3280293 -0.0860183 -0.0559316 255 0 0
0.3276824 -0.0873741 -0.0554571 255 0 0
0.3283325 -0.0888962 -0.0562705 255 0 0
0.3279862 -0.0902534 -0.0557967 255 0 0
0.3283037 -0.0917171 -0.0561807 255 0 0
0.3282894 -0.0931275 -0.0561358 255 0 0
0.3286064 -0.0945873 -0.0565191 255 0 0
0.3285920 -0.0959965 -0.0564742 255 0 0
0.3289084 -0.0974523 -0.0568568 255 0 0
0.3292243 -0.0989055 -0.0572388 255 0 0
0.3292100 -0.1003122 -0.0571939 255 0 0
0.3212888 0.1113404 -0.0485082 255 0 0
0.3216213 0.1096504 -0.0489095 255 0 0
0.3216065 0.1082033 -0.0488634 255 0 0
0.3215918 0.1067561 -0.0488173 255 0 0
0.3215770 0.1053090 -0.0487712 255 0 0
0.3215623 0.1038619 -0.0487251 255 0 0
0.3215475 0.1024147 -0.0486789 255 0 0
0.3222254 0.1005020 -0.0495256 255 0 0
0.3222107 0.0990575 -0.0494796 255 0 0
0.3221960 0.0976130 -0.0494336 255 0 0
0.3218352 0.0963970 -0.0489415 255 0 0
0.3221665 0.0947240 -0.0493415 255 0 0
0.3224972 0.0930541 -0.0497409 255 0 0
0.3224825 0.0916108 -0.0496949 255 0 0
0.3228126 0.0899453 -0.0500934 255 0 0
0.3238272 0.0878440 -0.0513747 255 0 0
0.3241548 0.0861881 -0.0517702 255 0 0
0.3244818 0.0845353 -0.0521651 255 0 0
0.3251486 0.0826714 -0.0529982 255 0 0
0.3254739 0.0810263 -0.0533908 255 0 0
0.3254592 0.0795951 -0.0533452 255 0 0
0.3261224 0.0777454 -0.0541739 255 0 0
0.3264458 0.0761095 -0.0545643 255 0 0
0.3264313 0.0746821 -0.0545188 255 0 0
0.3270909 0.0728465 -0.0553431 255 0 0
0.3270763 0.0714218 -0.0552976 255 0 0
0.3277335 0.0695955 -0.0561190 255 0 0
0.3277190 0.0681734 -0.0560736 255 0 0
0.3283738 0.0663564 -0.0568919 255 0 0
0.3286931 0.0647413 -0.0572774 255 0 0
0.3300062 0.0625503 -0.0589454 255 0 0
0.3306526 0.0607552 -0.0597533 255 0 0
0.3309678 0.0591554 -0.0601337 255 0 0
0.3316107 0.0573712 -0.0609372 255 0 0
0.3319241 0.0557788 -0.0613155 255 0 0
0.3325636 0.0540056 -0.0621147 255 0 0
0.3332008 0.0522388 -0.0629110 255 0 0
0.3341593 0.0502988 -0.0641223 255 0 0
0.3347907 0.0485466 -0.0649114 255 0 0
0.3354198 0.0468007 -0.0656977 255 0 0
0.3370027 0.0445420 -0.0677155 255 0 0
0.3376239 0.0428141 -0.0684918 255 0 0
0.3379267 0.0412616 -0.0688569 255 0 0
0.3388598 0.0393767 -0.0700362 255 0 0
0.3394744 0.0376671 -0.0708043 255 0 0
0.3397740 0.0361274 -0.0711655 255 0 0
0.3400729 0.0345903 -0.0715260 255 0 0
0.3406833 0.0328953 -0.0722887 255 0 0
0.3409806 0.0313652 -0.0726472 255 0 0
0.3409666 0.0299956 -0.0726036 255 0 0
0.3415738 0.0283130 -0.0733624 255 0 0
0.3418696 0.0267910 -0.0737190 255 0 0
0.3418556 0.0254249 -0.0736755 255 0 0
0.3424583 0.0237555 -0.0744286 255 0 0
0.3430601 0.0220913 -0.0751809 255 0 0
0.3430462 0.0207300 -0.0751375 255 0 0
0.3433394 0.0192212 -0.0754910 255 0 0
0.3436321 0.0177151 -0.0758439 255 0 0
0.3439243 0.0162116 -0.0761962 255 0 0
0.3439105 0.0148538 -0.0761530 255 0 0
0.3445071 0.0132124 -0.0768989 255 0 0
0.3444933 0.0118570 -0.0768557 255 0 0
0.3441745 0.0106409 -0.0764183 255 0 0
0.3447702 0.0090083 -0.0771631 255 0 0
0.3447564 0.0076540 -0.0771200 255 0 0
0.3450466 0.0061645 -0.0774698 255 0 0
0.3450328 0.0048114 -0.0774267 255 0 0
0.3450190 0.0034583 -0.0773836 255 0 0
0.3453087 0.0019737 -0.0777331 255 0 0
0.3452949 0.0006217 -0.0776900 255 0 0
0.3452811 -0.0007302 -0.0776469 255 0 0
0.3452673 -0.0020821 -0.0776038 255 0 0
0.3452536 -0.0034341 -0.0775608 255 0 0
0.3452398 -0.0047860 -0.0775177 255 0 0
0.3449225 -0.0060136 -0.0770819 255 0 0
0.3433828 -0.0067471 -0.0750646 255 0 0
0.3415201 -0.0073626 -0.0726292 255 0 0
0.3415062 -0.0087289 -0.0725856 255 0 0
0.3411822 -0.0099729 -0.0721409 255 0 0
0.3408576 -0.0112191 -0.0716954 255 0 0
0.3408436 -0.0125879 -0.0716517 255 0 0
0.3408297 -0.0139566 -0.0716082 255 0 0
0.3405045 -0.0152075 -0.0711617 255 0 0
0.3404905 -0.0165775 -0.0711181 255 0 0
0.3404766 -0.0179475 -0.0710744 255 0 0
0.3398384 -0.0190884 -0.0702228 255 0 0
0.3391981 -0.0202333 -0.0693682 255 0 0
0.3382402 -0.0212691 -0.0681024 255 0 0
0.3379104 -0.0225355 -0.0676497 255 0 0
0.3369457 -0.0235811 -0.0663748 255 0 0
0.3356434 -0.0259102 -0.0646366 255 0 0
0.3353088 -0.0271898 -0.0641775 255 0 0
0.3340075 -0.0281472 -0.0624663 255 0 0
0.3333462 -0.0293272 -0.0615838 255 0 0
0.3323569 -0.0304045 -0.0602763 255 0 0
0.3313623 -0.0314877 -0.0589618 255 0 0
0.3310200 -0.0327876 -0.0584922 255 0 0
0.3303478 -0.0339856 -0.0575952 255 0 0
0.3300036 -0.0352913 -0.0571230 255 0 0
0.3293278 -0.0364972 -0.0562211 255 0 0
0.3289818 -0.0378087 -0.0557464 255 0 0
0.3283022 -0.0390225 -0.0548394 255 0 0
0.3272854 -0.0401414 -0.0534955 255 0 0
0.3269356 -0.0414635 -0.0530156 255 0 0
0.3269211 -0.0428853 -0.0529703 255 0 0
0.3272420 -0.0444027 -0.0533597 255 0 0
0.3268921 -0.0457287 -0.0528798 255 0 0
0.3272130 -0.0472436 -0.0532692 255 0 0
0.3282011 -0.0489383 -0.0545235 255 0 0
0.3288521 -0.0505343 -0.0553410 255 0 0
0.3288376 -0.0519483 -0.0552959 255 0 0
0.3291550 -0.0534493 -0.0556810 255 0 0
0.3291406 -0.0548620 -0.0556360 255 0 0
0.3294574 -0.0563589 -0.0560204 255 0 0
0.3294430 -0.0577704 -0.0559755 255 0 0
0.3297593 -0.0592633 -0.0563593 255 0 0
0.3297449 -0.0606735 -0.0563143 255 0 0
0.3297305 -0.0620838 -0.0562695 255 0 0
0.3297161 -0.0634940 -0.0562245 255 0 0
0.3297018 -0.0649043 -0.0561796 255 0 0
0.3296874 -0.0663145 -0.0561346 255 0 0
0.3300032 -0.0677984 -0.0565180 255 0 0
0.3296587 -0.0691351 -0.0560448 255 0 0
0.3296443 -0.0705454 -0.0559999 255 0 0
0.3292847 -0.0732974 -0.0554808 255 0 0
0.3289390 -0.0746416 -0.0550059 255 0 0
0.3289246 -0.0760545 -0.0549609 255 0 0
0.3285624 -0.0788164 -0.0544382 255 0 0
0.3285479 -0.0802306 -0.0543931 255 0 0
0.3288656 -0.0817060 -0.0547790 255 0 0
0.3285191 -0.0830591 -0.0543029 255 0 0
0.3288368 -0.0845319 -0.0546890 255 0 0
0.3288223 -0.0859449 -0.0546440 255 0 0
0.3291395 -0.0874138 -0.0550293 255 0 0
0.3287936 -0.0887709 -0.0545540 255 0 0
0.3291107 -0.0902372 -0.0549394 255 0 0
0.3294272 -0.0917009 -0.0553241 255 0 0
0.3294128 -0.0931114 -0.0552792 255 0 0
0.3297289 -0.0945712 -0.0556633 255 0 0
0.3297145 -0.0959804 -0.0556184 255 0 0
0.3300299 -0.0974362 -0.0560018 255 0 0
0.3303448 -0.0988894 -0.0563845 255 0 0
0.3306591 -0.1003400 -0.0567665 255 0 0
0.3309728 -0.1017880 -0.0571478 255 0 0
0.3227746 0.1096685 -0.0480302 255 0 0
0.3231054 0.1079816 -0.0484315 255 0 0
0.3230906 0.1065359 -0.0483854 255 0 0
0.3230759 0.1050900 -0.0483394 255 0 0
0.3230612 0.1036442 -0.0482933 255 0 0
0.3233913 0.1019645 -0.0486939 255 0 0
0.3233766 0.1005200 -0.0486479 255 0 0
0.3233619 0.0990755 -0.0486019 255 0 0
0.3236915 0.0974015 -0.0490019 255 0 0
0.3236768 0.0959584 -0.0489559 255 0 0
0.3233177 0.0947420 -0.0484638 255 0 0
0.3236474 0.0930720 -0.0488639 255 0 0
0.3239764 0.0914052 -0.0492633 255 0 0
0.3239617 0.0899633 -0.0492173 255 0 0
0.3246326 0.0880807 -0.0500599 255 0 0
0.3252997 0.0862059 -0.0508974 255 0 0
0.3259656 0.0843372 -0.0517337 255 0 0
0.3262903 0.0826891 -0.0521278 255 0 0
0.3266145 0.0810441 -0.0525212 255 0 0
0.3269380 0.0794021 -0.0529139 255 0 0
0.3275979 0.0775545 -0.0537426 255 0 0
0.3279196 0.0759202 -0.0541331 255 0 0
0.3285759 0.0740840 -0.0549572 255 0 0
0.3285614 0.0726606 -0.0549119 255 0 0
0.3288814 0.0710353 -0.0553002 255 0 0
0.3292007 0.0694129 -0.0556878 255 0 0
0.3298522 0.0675953 -0.0565061 255 0 0
0.3301699 0.0659805 -0.0568915 255 0 0
0.3311467 0.0639809 -0.0581318 255 0 0
0.3317910 0.0621831 -0.0589412 255 0 0
0.3321052 0.0605820 -0.0593224 255 0 0
0.3324188 0.0589838 -0.0597028 255 0 0
0.3330585 0.0572015 -0.0605064 255 0 0
0.3336959 0.0554258 -0.0613070 255 0 0
0.3343309 0.0536564 -0.0621047 255 0 0
0.3349638 0.0518934 -0.0628996 255 0 0
0.3352723 0.0503159 -0.0632738 255 0 0
0.3362226 0.0483864 -0.0644809 255 0 0
0.3368486 0.0466423 -0.0652671 255 0 0
0.3381067 0.0445589 -0.0668738 255 0 0
0.3387260 0.0428310 -0.0676516 255 0 0
0.3393430 0.0411092 -0.0684267 255 0 0
0.3399579 0.0393935 -0.0691990 255 0 0
0.3405706 0.0376839 -0.0699686 255 0 0
0.3408692 0.0361441 -0.0703304 255 0 0
0.3414786 0.0344448 -0.0710959 255 0 0
0.3414647 0.0330728 -0.0710523 255 0 0
0.3420720 0.0313818 -0.0718151 255 0 0
0.3423679 0.0298544 -0.0721738 255 0 0
0.3426632 0.0283296 -0.0725318 255 0 0
0.3429581 0.0268075 -0.0728891 255 0 0
0.3429442 0.0254415 -0.0728456 255 0 0
0.3435449 0.0237720 -0.0736003 255 0 0
0.3438382 0.0222580 -0.0739557 255 0 0
0.3441309 0.0207465 -0.0743106 255 0 0
0.3447288 0.0190905 -0.0750617 255 0 0
0.3447149 0.0177315 -0.0750184 255 0 0
0.3450062 0.0162280 -0.0753714 255 0 0
0.3452969 0.0147270 -0.0757238 255 0 0
0.3452831 0.0133705 -0.0756806 255 0 0
0.3458768 0.0117330 -0.0764267 255 0 0
0.3455595 0.0105179 -0.0759892 255 0 0
0.3458492 0.0090246 -0.0763404 255 0 0
0.3461385 0.0075338 -0.0766910 255 0 0
0.3461247 0.0061808 -0.0766479 255 0 0
0.3461109 0.0048277 -0.0766048 255 0 0
0.3460971 0.0034746 -0.0765617 255 0 0
0.3466879 0.0018586 -0.0773043 255 0 0
0.3466741 0.0005078 -0.0772613 255 0 0
0.3466603 -0.0008429 -0.0772182 255 0 0
0.3466466 -0.0021937 -0.0771752 255 0 0
0.3466328 -0.0035445 -0.0771322 255 0 0
0.3463170 -0.0047699 -0.0766965 255 0 0
0.3463032 -0.0061219 -0.0766533 255 0 0
0.3462894 -0.0074738 -0.0766103 255 0 0
0.3456698 -0.0085814 -0.0757795 255 0 0
0.3450481 -0.0096928 -0.0749458 255 0 0
0.3444241 -0.0108082 -0.0741091 255 0 0
0.3434910 -0.0118072 -0.0728704 255 0 0
0.3431697 -0.0130507 -0.0724271 255 0 0
0.3425390 -0.0141779 -0.0715815 255 0 0
0.3422160 -0.0154268 -0.0711359 255 0 0
0.3418923 -0.0166779 -0.0706895 255 0 0
0.3415681 -0.0179312 -0.0702422 255 0 0
0.3409319 -0.0190721 -0.0693891 255 0 0
0.3406060 -0.0203309 -0.0689396 255 0 0
0.3396527 -0.0213660 -0.0676738 255 0 0
0.3386944 -0.0224067 -0.0664013 255 0 0
0.3380480 -0.0235647 -0.0655344 255 0 0
0.3370811 -0.0246160 -0.0642505 255 0 0
0.3364161 -0.0271734 -0.0633334 255 0 0
0.3351187 -0.0281307 -0.0616191 255 0 0
0.3344594 -0.0293106 -0.0607350 255 0 0
0.3337978 -0.0304948 -0.0598478 255 0 0
0.3331337 -0.0316833 -0.0589573 255 0 0
0.3324672 -0.0328761 -0.0580637 255 0 0
0.3321259 -0.0341772 -0.0575932 255 0 0
0.3317839 -0.0354806 -0.0571218 255 0 0
0.3311126 -0.0366847 -0.0562216 255 0 0
0.3301082 -0.0377921 -0.0548876 255 0 0
0.3297625 -0.0391060 -0.0544112 255 0 0
0.3284170 -0.0401247 -0.0526327 255 0 0
0.3280682 -0.0414469 -0.0521521 255 0 0
0.3280537 -0.0428686 -0.0521068 255 0 0
0.3280392 -0.0442903 -0.0520615 255 0 0
0.3280247 -0.0457121 -0.0520162 255 0 0
0.3290115 -0.0474126 -0.0532751 255 0 0
0.3299929 -0.0491038 -0.0545272 255 0 0
0.3299785 -0.0505178 -0.0544821 255 0 0
0.3299641 -0.0519318 -0.0544370 255 0 0
0.3302805 -0.0534328 -0.0548230 255 0 0
0.3305962 -0.0549310 -0.0552081 255 0 0
0.3305818 -0.0563425 -0.0551631 255 0 0
0.3308970 -0.0578367 -0.0555477 255 0 0
0.3308827 -0.0592469 -0.0555027 255 0 0
0.3311974 -0.0607372 -0.0558867 255 0 0
0.3308539 -0.0620674 -0.0554129 255 0 0
0.3311687 -0.0635551 -0.0557969 255 0 0
0.3308252 -0.0648879 -0.0553231 255 0 0
0.3308108 -0.0662982 -0.0552781 255 0 0
0.3311242 -0.0677818 -0.0556604 255 0 0
0.3307678 -0.0705291 -0.0551434 255 0 0
0.3304236 -0.0718695 -0.0546685 255 0 0
0.3304092 -0.0732811 -0.0546235 255 0 0
0.3300645 -0.0746253 -0.0541478 255 0 0
0.3300501 -0.0760382 -0.0541027 255 0 0
0.3297047 -0.0773861 -0.0536261 255 0 0
0.3296889 -0.0788001 -0.0535792 255 0 0
0.3293429 -0.0801518 -0.0531017 255 0 0
0.3296601 -0.0816286 -0.0534891 255 0 0
0.3296457 -0.0830428 -0.0534441 255 0 0
0.3296312 -0.0844571 -0.0533990 255 0 0
0.3299479 -0.0859287 -0.0537858 255 0 0
0.3299335 -0.0873417 -0.0537408 255 0 0
0.3299191 -0.0887547 -0.0536958 255 0 0
0.3302352 -0.0902211 -0.0540819 255 0 0
0.3302208 -0.0916328 -0.0540370 255 0 0
0.3305364 -0.0930953 -0.0544225 255 0 0
0.3308514 -0.0945550 -0.0548074 255 0 0
0.3305076 -0.0959163 -0.0543326 255 0 0
0.3311514 -0.0974201 -0.0551467 255 0 0
0.3311371 -0.0988281 -0.0551018 255 0 0
0.3314509 -0.1002801 -0.0554854 255 0 0
0.3314366 -0.1016868 -0.0554406 255 0 0
0.3281129 -0.1026757 -0.0510757 255 0 0
0.3242723 0.1094456 -0.0475990 255 0 0
0.3242576 0.1079998 -0.0475529 255 0 0
0.3245867 0.1063160 -0.0479543 255 0 0
0.3249152 0.1046353 -0.0483550 255 0 0
0.3249005 0.1031921 -0.0483090 255 0 0
0.3248858 0.1017490 -0.0482630 255 0 0
0.3252136 0.1000742 -0.0486629 255 0 0
0.3251989 0.0986323 -0.0486170 255 0 0
0.3248416 0.0974196 -0.0481250 255 0 0
0.3251696 0.0957487 -0.0485251 255 0 0
0.3248123 0.0945332 -0.0480331 255 0 0
0.3244543 0.0933154 -0.0475401 255 0 0
0.3247828 0.0916468 -0.0479411 255 0 0
0.3251108 0.0899812 -0.0483413 255 0 0
0.3261190 0.0878797 -0.0496274 255 0 0
0.3267840 0.0860061 -0.0504668 255 0 0
0.3274466 0.0841395 -0.0513030 255 0 0
0.3277697 0.0824931 -0.0516972 255 0 0
0.3280922 0.0808498 -0.0520906 255 0 0
0.3287499 0.0789995 -0.0529208 255 0 0
0.3290707 0.0773639 -0.0533121 255 0 0
0.3297248 0.0755250 -0.0541378 255 0 0
0.3300437 0.0738971 -0.0545268 255 0 0
0.3300292 0.0724750 -0.0544814 255 0 0
0.3310114 0.0704494 -0.0557348 255 0 0
0.3313280 0.0688320 -0.0561210 255 0 0
0.3316439 0.0672175 -0.0565064 255 0 0
0.3322872 0.0654114 -0.0573184 255 0 0
0.3329295 0.0636110 -0.0581292 255 0 0
0.3332426 0.0620086 -0.0585110 255 0 0
0.3335552 0.0604091 -0.0588923 255 0 0
0.3341928 0.0586243 -0.0596972 255 0 0
0.3345036 0.0570322 -0.0600763 255 0 0
0.3348139 0.0554430 -0.0604546 255 0 0
0.3354469 0.0536736 -0.0612539 255 0 0
0.3360777 0.0519105 -0.0620503 255 0 0
0.3367063 0.0501538 -0.0628439 255 0 0
0.3370126 0.0485807 -0.0632174 255 0 0
0.3379566 0.0466593 -0.0644224 255 0 0
0.3392107 0.0445759 -0.0660321 255 0 0
0.3395126 0.0430190 -0.0664000 255 0 0
0.3404432 0.0411261 -0.0675880 255 0 0
0.3407429 0.0395778 -0.0679532 255 0 0
0.3413547 0.0378663 -0.0687257 255 0 0
0.3416528 0.0363250 -0.0690890 255 0 0
0.3422615 0.0346238 -0.0698574 255 0 0
0.3422475 0.0332506 -0.0698136 255 0 0
0.3428539 0.0315578 -0.0705793 255 0 0
0.3431494 0.0300289 -0.0709394 255 0 0
0.3437527 0.0283463 -0.0717011 255 0 0
0.3440466 0.0268241 -0.0720592 255 0 0
0.3446454 0.0251523 -0.0728152 255 0 0
0.3446315 0.0237886 -0.0727718 255 0 0
0.3452295 0.0221243 -0.0735270 255 0 0
0.3452156 0.0207630 -0.0734836 255 0 0
0.3452018 0.0194017 -0.0734402 255 0 0
0.3457977 0.0177480 -0.0741929 255 0 0
0.3457839 0.0163890 -0.0741495 255 0 0
0.3463778 0.0147434 -0.0748997 255 0 0
0.3463640 0.0133869 -0.0748565 255 0 0
0.3466533 0.0118897 -0.0752090 255 0 0
0.3469421 0.0103951 -0.0755609 255 0 0
0.3472303 0.0089032 -0.0759121 255 0 0
0.3472166 0.0075501 -0.0758690 255 0 0
0.3475044 0.0060619 -0.0762198 255 0 0
0.3477917 0.0045763 -0.0765699 255 0 0
0.3477779 0.0032256 -0.0765268 255 0 0
0.3477641 0.0018748 -0.0764838 255 0 0
0.3477504 0.0005240 -0.0764407 255 0 0
0.3477366 -0.0008267 -0.0763977 255 0 0
0.3480234 -0.0023051 -0.0767473 255 0 0
0.3480097 -0.0036547 -0.0767043 255 0 0
0.3479959 -0.0050044 -0.0766613 255 0 0
0.3479822 -0.0063540 -0.0766183 255 0 0
0.3473667 -0.0074577 -0.0757890 255 0 0
0.3473529 -0.0088097 -0.0757459 255 0 0
0.3473391 -0.0101617 -0.0757028 255 0 0
0.3464185 -0.0111538 -0.0744747 255 0 0
0.3457976 -0.0122708 -0.0736380 255 0 0
0.3448689 -0.0132728 -0.0723991 255 0 0
0.3442425 -0.0143984 -0.0715550 255 0 0
0.3433056 -0.0154105 -0.0703052 255 0 0
0.3432917 -0.0167781 -0.0702616 255 0 0
0.3426597 -0.0179149 -0.0694100 255 0 0
0.3420254 -0.0190558 -0.0685554 255 0 0
0.3413889 -0.0202007 -0.0676978 255 0 0
0.3410628 -0.0214627 -0.0672459 255 0 0
0.3397947 -0.0223903 -0.0655624 255 0 0
0.3385177 -0.0233245 -0.0638668 255 0 0
0.3381863 -0.0245996 -0.0634078 255 0 0
0.3375233 -0.0271570 -0.0624893 255 0 0
0.3368707 -0.0283309 -0.0616099 255 0 0
0.3358945 -0.0294017 -0.0603073 255 0 0
0.3349130 -0.0304783 -0.0589975 255 0 0
0.3342510 -0.0316667 -0.0581055 255 0 0
0.3339119 -0.0329644 -0.0576360 255 0 0
0.3332462 -0.0341606 -0.0567391 255 0 0
0.3329053 -0.0354641 -0.0562669 255 0 0
0.3322359 -0.0366681 -0.0553651 255 0 0
0.3315642 -0.0378766 -0.0544600 255 0 0
0.3308900 -0.0390894 -0.0535516 255 0 0
0.3295486 -0.0401081 -0.0517700 255 0 0
0.3292009 -0.0414302 -0.0512885 255 0 0
0.3291864 -0.0428519 -0.0512432 255 0 0
0.3291719 -0.0442737 -0.0511979 255 0 0
0.3298234 -0.0458841 -0.0520244 255 0 0
0.3311338 -0.0476733 -0.0537134 255 0 0
0.3311194 -0.0490873 -0.0536683 255 0 0
0.3314347 -0.0505908 -0.0540549 255 0 0
0.3314203 -0.0520035 -0.0540099 255 0 0
0.3314059 -0.0534163 -0.0539649 255 0 0
0.3317207 -0.0549145 -0.0543508 255 0 0
0.3317063 -0.0563260 -0.0543059 255 0 0
0.3320205 -0.0578203 -0.0546912 255 0 0
0.3323342 -0.0593118 -0.0550758 255 0 0
0.3319917 -0.0606407 -0.0546013 255 0 0
0.3319774 -0.0620510 -0.0545564 255 0 0
0.3319630 -0.0634613 -0.0545114 255 0 0
0.3319486 -0.0648715 -0.0544665 255 0 0
0.3319343 -0.0662818 -0.0544215 255 0 0
0.3319199 -0.0676921 -0.0543766 255 0 0
0.3319056 -0.0691024 -0.0543317 255 0 0
0.3318912 -0.0705127 -0.0542867 255 0 0
0.3315337 -0.0732648 -0.0537662 255 0 0
0.3311900 -0.0746089 -0.0532896 255 0 0
0.3311756 -0.0760219 -0.0532446 255 0 0
0.3308313 -0.0773698 -0.0527671 255 0 0
0.3304863 -0.0787202 -0.0522889 255 0 0
0.3308011 -0.0801980 -0.0526752 255 0 0
0.3307866 -0.0816123 -0.0526302 255 0 0
0.3307723 -0.0830266 -0.0525851 255 0 0
0.3307579 -0.0844409 -0.0525401 255 0 0
0.3307434 -0.0858552 -0.0524950 255 0 0
0.3310591 -0.0873255 -0.0528826 255 0 0
0.3313741 -0.0887931 -0.0532696 255 0 0
0.3313598 -0.0902049 -0.0532246 255 0 0
0.3313454 -0.0916167 -0.0531796 255 0 0
0.3319883 -0.0931297 -0.0539965 255 0 0
0.3316455 -0.0944896 -0.0535209 255 0 0
0.3319595 -0.0959482 -0.0539067 255 0 0
0.3322729 -0.0974040 -0.0542916 255 0 0
0.3325858 -0.0988573 -0.0546759 255 0 0
0.3325714 -0.1002640 -0.0546311 255 0 0
0.3325571 -0.1016708 -0.0545863 255 0 0
0.3325427 -0.1030775 -0.0545414 255 0 0
0.3254246 0.1094636 -0.0467206 255 0 0
0.3254099 0.1080179 -0.0466745 255 0 0
0.3257379 0.1063340 -0.0470767 255 0 0
0.3260653 0.1046533 -0.0474781 255 0 0
0.3263921 0.1029758 -0.0478787 255 0 0
0.3263774 0.1015340 -0.0478328 255 0 0
0.3263627 0.1000922 -0.0477869 255 0 0
0.3266889 0.0984204 -0.0481869 255 0 0
0.3263333 0.0972085 -0.0476949 255 0 0
0.3259771 0.0959944 -0.0472022 255 0 0
0.3263040 0.0943248 -0.0476031 255 0 0
0.3259478 0.0931080 -0.0471102 255 0 0
0.3262746 0.0914410 -0.0475112 255 0 0
0.3262599 0.0899992 -0.0474652 255 0 0
0.3272649 0.0878976 -0.0487537 255 0 0
0.3279278 0.0860240 -0.0495947 255 0 0
0.3285883 0.0841573 -0.0504326 255 0 0
0.3289104 0.0825109 -0.0508276 255 0 0
0.3295672 0.0806558 -0.0516608 255 0 0
0.3298874 0.0790172 -0.0520536 255 0 0
0.3305407 0.0771737 -0.0528823 255 0 0
0.3311915 0.0753369 -0.0537080 255 0 0
0.3311770 0.0739147 -0.0536627 255 0 0
0.3318255 0.0720872 -0.0544854 255 0 0
0.3324716 0.0702665 -0.0553052 255 0 0
0.3327865 0.0686507 -0.0556913 255 0 0
0.3331009 0.0670379 -0.0560768 255 0 0
0.3340680 0.0650390 -0.0573171 255 0 0
0.3340536 0.0636284 -0.0572722 255 0 0
0.3346916 0.0618345 -0.0580816 255 0 0
0.3350025 0.0602366 -0.0584628 255 0 0
0.3356369 0.0584537 -0.0592679 255 0 0
0.3359462 0.0568632 -0.0596470 255 0 0
0.3362549 0.0552756 -0.0600254 255 0 0
0.3368848 0.0535080 -0.0608247 255 0 0
0.3375124 0.0517468 -0.0616212 255 0 0
0.3374982 0.0503502 -0.0615767 255 0 0
0.3381236 0.0485978 -0.0623704 255 0 0
0.3400133 0.0461526 -0.0648209 255 0 0
0.3396830 0.0449391 -0.0643624 255 0 0
0.3409301 0.0428648 -0.0659712 255 0 0
0.3415433 0.0411429 -0.0667492 255 0 0
0.3421542 0.0394272 -0.0675245 255 0 0
0.3421402 0.0380490 -0.0674806 255 0 0
0.3424379 0.0365062 -0.0678453 255 0 0
0.3430457 0.0348032 -0.0686166 255 0 0
0.3433418 0.0332673 -0.0689794 255 0 0
0.3436373 0.0317341 -0.0693414 255 0 0
0.3442408 0.0300455 -0.0701073 255 0 0
0.3445348 0.0285192 -0.0704675 255 0 0
0.3451351 0.0268407 -0.0712293 255 0 0
0.3451212 0.0254747 -0.0711858 255 0 0
0.3454137 0.0239564 -0.0715441 255 0 0
0.3460095 0.0222910 -0.0723003 255 0 0
0.3463004 0.0207795 -0.0726566 255 0 0
0.3465907 0.0192706 -0.0730122 255 0 0
0.3468806 0.0177644 -0.0733673 255 0 0
0.3468667 0.0164055 -0.0733240 255 0 0
0.3471561 0.0149031 -0.0736785 255 0 0
0.3474450 0.0134032 -0.0740324 255 0 0
0.3477333 0.0119061 -0.0743856 255 0 0
0.3480211 0.0104115 -0.0747382 255 0 0
0.3483085 0.0089195 -0.0750902 255 0 0
0.3482947 0.0075664 -0.0750471 255 0 0
0.3485816 0.0060782 -0.0753985 255 0 0
0.3488679 0.0045926 -0.0757493 255 0 0
0.3491538 0.0031095 -0.0760995 255 0 0
0.3488404 0.0018910 -0.0756632 255 0 0
0.3491262 0.0004103 -0.0760134 255 0 0
0.3491125 -0.0009393 -0.0759704 255 0 0
0.3490988 -0.0022889 -0.0759274 255 0 0
0.3490850 -0.0036386 -0.0758844 255 0 0
0.3490713 -0.0049882 -0.0758414 255 0 0
0.3490576 -0.0063378 -0.0757984 255 0 0
0.3490438 -0.0076875 -0.0757554 255 0 0
0.3487304 -0.0089155 -0.0753188 255 0 0
0.3487166 -0.0102663 -0.0752758 255 0 0
0.3481018 -0.0113779 -0.0744434 255 0 0
0.3477867 -0.0126123 -0.0740046 255 0 0
0.3471687 -0.0137308 -0.0731677 255 0 0
0.3468519 -0.0149706 -0.0727266 255 0 0
0.3456210 -0.0158631 -0.0710845 255 0 0
0.3449952 -0.0169943 -0.0702374 255 0 0
0.3446746 -0.0182446 -0.0697909 255 0 0
0.3434283 -0.0191542 -0.0681283 255 0 0
0.3427949 -0.0202983 -0.0672707 255 0 0
0.3412225 -0.0211066 -0.0651792 255 0 0
0.3408951 -0.0223739 -0.0647235 255 0 0
0.3402525 -0.0235320 -0.0638536 255 0 0
0.3392915 -0.0245831 -0.0625651 255 0 0
0.3386305 -0.0271405 -0.0616451 255 0 0
0.3379799 -0.0283144 -0.0607642 255 0 0
0.3373270 -0.0294926 -0.0598802 255 0 0
0.3363502 -0.0305685 -0.0585705 255 0 0
0.3360140 -0.0318616 -0.0581026 255 0 0
0.3353539 -0.0330526 -0.0572090 255 0 0
0.3350159 -0.0343515 -0.0567386 255 0 0
0.3346772 -0.0356528 -0.0562674 255 0 0
0.3343379 -0.0369565 -0.0557953 255 0 0
0.3333450 -0.0380616 -0.0544637 255 0 0
0.3323467 -0.0391728 -0.0531248 255 0 0
0.3310118 -0.0401908 -0.0513433 255 0 0
0.3300007 -0.0413150 -0.0499872 255 0 0
0.3306513 -0.0429323 -0.0508167 255 0 0
0.3312995 -0.0445437 -0.0516431 255 0 0
0.3319454 -0.0461491 -0.0524665 255 0 0
0.3329170 -0.0478407 -0.0537184 255 0 0
0.3325745 -0.0491615 -0.0532418 255 0 0
0.3325602 -0.0505743 -0.0531968 255 0 0
0.3328739 -0.0520751 -0.0535834 255 0 0
0.3325314 -0.0533998 -0.0531068 255 0 0
0.3331726 -0.0549834 -0.0539245 255 0 0
0.3331583 -0.0563936 -0.0538795 255 0 0
0.3331439 -0.0578039 -0.0538346 255 0 0
0.3331296 -0.0592141 -0.0537897 255 0 0
0.3331152 -0.0606244 -0.0537447 255 0 0
0.3334279 -0.0621134 -0.0541302 255 0 0
0.3330865 -0.0634449 -0.0536549 255 0 0
0.3333992 -0.0649314 -0.0540405 255 0 0
0.3330578 -0.0662655 -0.0535650 255 0 0
0.3333705 -0.0677494 -0.0539506 255 0 0
0.3330147 -0.0704964 -0.0534302 255 0 0
0.3329989 -0.0719065 -0.0533834 255 0 0
0.3323156 -0.0745926 -0.0524315 255 0 0
0.3319722 -0.0759392 -0.0519533 255 0 0
0.3316283 -0.0772883 -0.0514742 255 0 0
0.3316139 -0.0787039 -0.0514291 255 0 0
0.3315995 -0.0801194 -0.0513841 255 0 0
0.3319133 -0.0815960 -0.0517712 255 0 0
0.3318989 -0.0830103 -0.0517261 255 0 0
0.3318844 -0.0844246 -0.0516811 255 0 0
0.3321990 -0.0858962 -0.0520694 255 0 0
0.3325131 -0.0873652 -0.0524571 255 0 0
0.3324987 -0.0887769 -0.0524121 255 0 0
0.3324843 -0.0901887 -0.0523672 255 0 0
0.3324699 -0.0916005 -0.0523221 255 0 0
0.3331108 -0.0931136 -0.0531406 255 0 0
0.3327691 -0.0944735 -0.0526643 255 0 0
0.3330821 -0.0959321 -0.0530508 255 0 0
0.3337206 -0.0974346 -0.0538664 255 0 0
0.3337063 -0.0988413 -0.0538216 255 0 0
0.3336920 -0.1002480 -0.0537767 255 0 0
0.3336776 -0.1016547 -0.0537319 255 0 0
0.3339889 -0.1031029 -0.0541163 255 0 0
0.3296950 -0.1039811 -0.0484294 255 0 0
0.3275999 0.1087610 -0.0471864 255 0 0
0.3275853 0.1073192 -0.0471405 255 0 0
0.3275706 0.1058774 -0.0470946 255 0 0
0.3272155 0.1046714 -0.0466012 255 0 0
0.3275412 0.1029938 -0.0470027 255 0 0
0.3278663 0.1013193 -0.0474034 255 0 0
0.3275118 0.1001102 -0.0469108 255 0 0
0.3274972 0.0986683 -0.0468648 255 0 0
0.3278223 0.0969978 -0.0472657 255 0 0
0.3278076 0.0955573 -0.0472198 255 0 0
0.3274531 0.0943428 -0.0467270 255 0 0
0.3274384 0.0929009 -0.0466810 255 0 0
0.3270833 0.0916827 -0.0461873 255 0 0
0.3274091 0.0900171 -0.0465891 255 0 0
0.3277343 0.0883546 -0.0469902 255 0 0
0.3287343 0.0862595 -0.0482789 255 0 0
0.3293939 0.0843906 -0.0491199 255 0 0
0.3300511 0.0825286 -0.0499580 255 0 0
0.3307058 0.0806735 -0.0507928 255 0 0
0.3313581 0.0788253 -0.0516246 255 0 0
0.3320080 0.0769837 -0.0524534 255 0 0
0.3326556 0.0751490 -0.0532791 255 0 0
0.3329712 0.0735244 -0.0536682 255 0 0
0.3329568 0.0721048 -0.0536229 255 0 0
0.3339292 0.0700839 -0.0548763 255 0 0
0.3342425 0.0684697 -0.0552626 255 0 0
0.3348804 0.0666630 -0.0560760 255 0 0
0.3351921 0.0650564 -0.0564601 255 0 0
0.3355031 0.0634526 -0.0568435 255 0 0
0.3361378 0.0616607 -0.0576529 255 0 0
0.3361235 0.0602539 -0.0576081 255 0 0
0.3367559 0.0584710 -0.0584147 255 0 0
0.3370642 0.0568804 -0.0587946 255 0 0
0.3373719 0.0552928 -0.0591738 255 0 0
0.3376790 0.0537080 -0.0595523 255 0 0
0.3383058 0.0519448 -0.0603517 255 0 0
0.3386112 0.0503673 -0.0607282 255 0 0
0.3392346 0.0486149 -0.0615233 255 0 0
0.3398558 0.0468688 -0.0623157 255 0 0
0.3407891 0.0449561 -0.0635192 255 0 0
0.3414047 0.0432243 -0.0643044 255 0 0
0.3420181 0.0414987 -0.0650868 255 0 0
0.3423170 0.0399473 -0.0654550 255 0 0
0.3426153 0.0383986 -0.0658225 255 0 0
0.3432244 0.0366877 -0.0665994 255 0 0
0.3435211 0.0351460 -0.0669649 255 0 0
0.3438173 0.0336071 -0.0673297 255 0 0
0.3444221 0.0319107 -0.0681012 255 0 0
0.3450247 0.0302203 -0.0688700 255 0 0
0.3453183 0.0286925 -0.0692316 255 0 0
0.3456113 0.0271674 -0.0695924 255 0 0
0.3459039 0.0256449 -0.0699527 255 0 0
0.3464999 0.0239736 -0.0707130 255 0 0
0.3470952 0.0223075 -0.0714725 255 0 0
0.3470813 0.0209450 -0.0714291 255 0 0
0.3470674 0.0195825 -0.0713857 255 0 0
0.3476607 0.0179269 -0.0721426 255 0 0
0.3482518 0.0162772 -0.0728969 255 0 0
0.3485398 0.0147762 -0.0732515 255 0 0
0.3485259 0.0134196 -0.0732082 255 0 0
0.3488133 0.0119224 -0.0735621 255 0 0
0.3491003 0.0104278 -0.0739155 255 0 0
0.3493867 0.0089358 -0.0742682 255 0 0
0.3493729 0.0075827 -0.0742250 255 0 0
0.3499579 0.0059596 -0.0749717 255 0 0
0.3499442 0.0046088 -0.0749287 255 0 0
0.3505273 0.0029936 -0.0756729 255 0 0
0.3499167 0.0019073 -0.0748426 255 0 0
0.3504998 0.0002968 -0.0755869 255 0 0
0.3504861 -0.0010517 -0.0755440 255 0 0
0.3504724 -0.0024001 -0.0755010 255 0 0
0.3504586 -0.0037486 -0.0754580 255 0 0
0.3501467 -0.0049721 -0.0750215 255 0 0
0.3504311 -0.0064456 -0.0753720 255 0 0
0.3504174 -0.0077941 -0.0753291 255 0 0
0.3498067 -0.0088993 -0.0744982 255 0 0
0.3497929 -0.0102502 -0.0744552 255 0 0
0.3494799 -0.0114815 -0.0740171 255 0 0
0.3494661 -0.0128336 -0.0739740 255 0 0
0.3488520 -0.0139506 -0.0731386 255 0 0
0.3485373 -0.0151883 -0.0726981 255 0 0
0.3482220 -0.0164283 -0.0722570 255 0 0
0.3473006 -0.0174405 -0.0710156 255 0 0
0.3466790 -0.0185725 -0.0701698 255 0 0
0.3460552 -0.0197085 -0.0693210 255 0 0
0.3445069 -0.0205092 -0.0672516 255 0 0
0.3429449 -0.0213170 -0.0651638 255 0 0
0.3419954 -0.0223576 -0.0638846 255 0 0
0.3413549 -0.0235156 -0.0630132 255 0 0
0.3400683 -0.0258445 -0.0612630 255 0 0
0.3397378 -0.0271241 -0.0608009 255 0 0
0.3390892 -0.0282980 -0.0599185 255 0 0
0.3381189 -0.0293687 -0.0586112 255 0 0
0.3377849 -0.0306585 -0.0581443 255 0 0
0.3374502 -0.0319506 -0.0576764 255 0 0
0.3371150 -0.0332450 -0.0572077 255 0 0
0.3361342 -0.0343350 -0.0558860 255 0 0
0.3357965 -0.0356363 -0.0554140 255 0 0
0.3357822 -0.0370413 -0.0553692 255 0 0
0.3347942 -0.0381456 -0.0540377 255 0 0
0.3341276 -0.0393557 -0.0531309 255 0 0
0.3334588 -0.0405702 -0.0522209 255 0 0
0.3317974 -0.0414952 -0.0499991 255 0 0
0.3331018 -0.0433020 -0.0516970 255 0 0
0.3334156 -0.0448121 -0.0520858 255 0 0
0.3334012 -0.0462262 -0.0520407 255 0 0
0.3337144 -0.0477323 -0.0524288 255 0 0
0.3337001 -0.0491450 -0.0523838 255 0 0
0.3336857 -0.0505578 -0.0523387 255 0 0
0.3336713 -0.0519705 -0.0522937 255 0 0
0.3339840 -0.0534701 -0.0526811 255 0 0
0.3339696 -0.0548816 -0.0526362 255 0 0
0.3342817 -0.0563772 -0.0530230 255 0 0
0.3342674 -0.0577874 -0.0529780 255 0 0
0.3342530 -0.0591977 -0.0529331 255 0 0
0.3342386 -0.0606080 -0.0528882 255 0 0
0.3342243 -0.0620182 -0.0528432 255 0 0
0.3342099 -0.0634285 -0.0527983 255 0 0
0.3345216 -0.0649150 -0.0531846 255 0 0
0.3345073 -0.0663241 -0.0531397 255 0 0
0.3344929 -0.0677331 -0.0530948 255 0 0
0.3344772 -0.0691419 -0.0530481 255 0 0
0.3341368 -0.0704798 -0.0525718 255 0 0
0.3341224 -0.0718902 -0.0525268 255 0 0
0.3331132 -0.0745087 -0.0511394 255 0 0
0.3330988 -0.0759229 -0.0510943 255 0 0
0.3330845 -0.0773372 -0.0510493 255 0 0
0.3327415 -0.0786876 -0.0505694 255 0 0
0.3330543 -0.0801655 -0.0509574 255 0 0
0.3330398 -0.0815797 -0.0509122 255 0 0
0.3330255 -0.0829941 -0.0508672 255 0 0
0.3330111 -0.0844084 -0.0508221 255 0 0
0.3329967 -0.0858227 -0.0507770 255 0 0
0.3333103 -0.0872931 -0.0511662 255 0 0
0.3332959 -0.0887061 -0.0511212 255 0 0
0.3336089 -0.0901725 -0.0515097 255 0 0
0.3339214 -0.0916363 -0.0518976 255 0 0
0.3335802 -0.0929961 -0.0514197 255 0 0
0.3338927 -0.0944574 -0.0518077 255 0 0
0.3342046 -0.0959159 -0.0521949 255 0 0
0.3345160 -0.0973719 -0.0525814 255 0 0
0.3345016 -0.0987799 -0.0525365 255 0 0
0.3354611 -0.1003198 -0.0537815 255 0 0
0.3351227 -0.1016814 -0.0533074 255 0 0
0.3351084 -0.1030868 -0.0532627 255 0 0
0.3354182 -0.1045324 -0.0536472 255 0 0
0.3297631 0.1080621 -0.0476498 255 0 0
0.3294111 0.1068616 -0.0471583 255 0 0
0.3293964 0.1054225 -0.0471124 255 0 0
0.3290437 0.1042183 -0.0466200 255 0 0
0.3293671 0.1025442 -0.0470207 255 0 0
0.3290144 0.1013373 -0.0465282 255 0 0
0.3289997 0.0998968 -0.0464822 255 0 0
0.3289850 0.0984563 -0.0464363 255 0 0
0.3293085 0.0967875 -0.0468372 255 0 0
0.3289557 0.0955753 -0.0463445 255 0 0
0.3289411 0.0941347 -0.0462986 255 0 0
0.3285876 0.0929188 -0.0458049 255 0 0
0.3285729 0.0914769 -0.0457590 255 0 0
0.3282188 0.0902574 -0.0452644 255 0 0
0.3285436 0.0885931 -0.0456671 255 0 0
0.3288677 0.0869319 -0.0460690 255 0 0
0.3298646 0.0848407 -0.0473602 255 0 0
0.3301863 0.0831891 -0.0477591 255 0 0
0.3311771 0.0811151 -0.0490426 255 0 0
0.3321625 0.0790526 -0.0503191 255 0 0
0.3331425 0.0770014 -0.0515885 255 0 0
0.3341170 0.0749615 -0.0528509 255 0 0
0.3344310 0.0733385 -0.0532400 255 0 0
0.3347445 0.0717185 -0.0536284 255 0 0
0.3350573 0.0701014 -0.0540161 255 0 0
0.3360200 0.0680922 -0.0552633 255 0 0
0.3363305 0.0664843 -0.0556480 255 0 0
0.3366406 0.0648793 -0.0560321 255 0 0
0.3366262 0.0634700 -0.0559872 255 0 0
0.3372589 0.0616780 -0.0567982 255 0 0
0.3375673 0.0600817 -0.0571803 255 0 0
0.3375530 0.0586762 -0.0571355 255 0 0
0.3381823 0.0568977 -0.0579422 255 0 0
0.3384889 0.0553100 -0.0583222 255 0 0
0.3387950 0.0537252 -0.0587014 255 0 0
0.3391006 0.0521432 -0.0590800 255 0 0
0.3394056 0.0505640 -0.0594579 255 0 0
0.3400281 0.0488097 -0.0602560 255 0 0
0.3403315 0.0472378 -0.0606318 255 0 0
0.3406343 0.0456687 -0.0610070 255 0 0
0.3418810 0.0435851 -0.0626317 255 0 0
0.3428078 0.0416855 -0.0638329 255 0 0
0.3431062 0.0401326 -0.0642025 255 0 0
0.3430921 0.0387495 -0.0641584 255 0 0
0.3433900 0.0372005 -0.0645274 255 0 0
0.3439983 0.0354901 -0.0653073 255 0 0
0.3442945 0.0339482 -0.0656743 255 0 0
0.3445903 0.0324089 -0.0660405 255 0 0
0.3451943 0.0307131 -0.0668151 255 0 0
0.3454885 0.0291808 -0.0671794 255 0 0
0.3460892 0.0274952 -0.0679498 255 0 0
0.3463819 0.0259697 -0.0683121 255 0 0
0.3469795 0.0242942 -0.0690785 255 0 0
0.3475736 0.0226253 -0.0698403 255 0 0
0.3481670 0.0209615 -0.0706014 255 0 0
0.3481531 0.0195990 -0.0705579 255 0 0
0.3487445 0.0179434 -0.0713163 255 0 0
0.3493338 0.0162936 -0.0720721 255 0 0
0.3493199 0.0149359 -0.0720288 255 0 0
0.3499072 0.0132942 -0.0727819 255 0 0
0.3498934 0.0119388 -0.0727387 255 0 0
0.3504786 0.0103052 -0.0734893 255 0 0
0.3504648 0.0089521 -0.0734462 255 0 0
0.3507498 0.0074627 -0.0737990 255 0 0
0.3510343 0.0059758 -0.0741512 255 0 0
0.3513182 0.0044915 -0.0745028 255 0 0
0.3513044 0.0031420 -0.0744597 255 0 0
0.3515880 0.0016614 -0.0748107 255 0 0
0.3515742 0.0003130 -0.0747678 255 0 0
0.3515605 -0.0010355 -0.0747248 255 0 0
0.3515468 -0.0023839 -0.0746818 255 0 0
0.3518299 -0.0038585 -0.0750323 255 0 0
0.3515193 -0.0050809 -0.0745958 255 0 0
0.3515056 -0.0064294 -0.0745529 255 0 0
0.3514919 -0.0077780 -0.0745099 255 0 0
0.3511809 -0.0090049 -0.0740726 255 0 0
0.3508693 -0.0102341 -0.0736346 255 0 0
0.3508555 -0.0115850 -0.0735916 255 0 0
0.3508418 -0.0129359 -0.0735485 255 0 0
0.3505296 -0.0141695 -0.0731096 255 0 0
0.3499175 -0.0152889 -0.0722727 255 0 0
0.3496037 -0.0165279 -0.0718315 255 0 0
0.3495899 -0.0178835 -0.0717883 255 0 0
0.3492755 -0.0191259 -0.0713463 255 0 0
0.3486589 -0.0202579 -0.0705033 255 0 0
0.3477371 -0.0212820 -0.0692551 255 0 0
0.3461990 -0.0220882 -0.0671890 255 0 0
0.3443381 -0.0227899 -0.0646943 255 0 0
0.3427697 -0.0236108 -0.0625876 255 0 0
0.3418164 -0.0246613 -0.0612969 255 0 0
0.3408450 -0.0271077 -0.0599566 255 0 0
0.3401984 -0.0282815 -0.0590728 255 0 0
0.3395495 -0.0294596 -0.0581857 255 0 0
0.3388982 -0.0306420 -0.0572955 255 0 0
0.3385645 -0.0319341 -0.0568269 255 0 0
0.3382303 -0.0332285 -0.0563574 255 0 0
0.3375743 -0.0344220 -0.0554606 255 0 0
0.3372382 -0.0357222 -0.0549887 255 0 0
0.3369015 -0.0370247 -0.0545158 255 0 0
0.3362407 -0.0382295 -0.0536124 255 0 0
0.3355775 -0.0394386 -0.0527057 255 0 0
0.3352377 -0.0407505 -0.0522286 255 0 0
0.3335876 -0.0416747 -0.0500109 255 0 0
0.3342293 -0.0432854 -0.0508373 255 0 0
0.3345421 -0.0447956 -0.0512269 255 0 0
0.3342005 -0.0461160 -0.0507471 255 0 0
0.3345133 -0.0476236 -0.0511367 255 0 0
0.3344989 -0.0490377 -0.0510916 255 0 0
0.3348112 -0.0505413 -0.0514806 255 0 0
0.3351228 -0.0520421 -0.0518688 255 0 0
0.3351084 -0.0534537 -0.0518238 255 0 0
0.3354196 -0.0549505 -0.0522114 255 0 0
0.3354052 -0.0563608 -0.0521665 255 0 0
0.3353909 -0.0577710 -0.0521215 255 0 0
0.3353765 -0.0591813 -0.0520765 255 0 0
0.3353622 -0.0605916 -0.0520316 255 0 0
0.3353478 -0.0620018 -0.0519866 255 0 0
0.3356585 -0.0634897 -0.0523738 255 0 0
0.3356441 -0.0648987 -0.0523289 255 0 0
0.3356298 -0.0663077 -0.0522839 255 0 0
0.3356155 -0.0677168 -0.0522391 255 0 0
0.3355997 -0.0691255 -0.0521923 255 0 0
0.3352603 -0.0704635 -0.0517151 255 0 0
0.3352460 -0.0718739 -0.0516702 255 0 0
0.3345667 -0.0745600 -0.0507151 255 0 0
0.3342255 -0.0759066 -0.0502354 255 0 0
0.3342111 -0.0773209 -0.0501903 255 0 0
0.3338692 -0.0786713 -0.0497096 255 0 0
0.3341809 -0.0801492 -0.0500984 255 0 0
0.3341665 -0.0815635 -0.0500532 255 0 0
0.3341521 -0.0829778 -0.0500082 255 0 0
0.3341377 -0.0843921 -0.0499631 255 0 0
0.3344503 -0.0858638 -0.0503530 255 0 0
0.3344359 -0.0872768 -0.0503080 255 0 0
0.3347479 -0.0887446 -0.0506973 255 0 0
0.3347335 -0.0901564 -0.0506523 255 0 0
0.3347192 -0.0915682 -0.0506073 255 0 0
0.3350306 -0.0930307 -0.0509960 255 0 0
0.3350163 -0.0944412 -0.0509510 255 0 0
0.3356519 -0.0959478 -0.0517711 255 0 0
0.3359617 -0.0974024 -0.0521577 255 0 0
0.3359474 -0.0988092 -0.0521129 255 0 0
0.3365795 -0.1003038 -0.0529287 255 0 0
0.3362423 -0.1016653 -0.0524539 255 0 0
0.3362280 -0.1030708 -0.0524091 255 0 0
0.3368591 -0.1045564 -0.0532237 255 0 0
0.3332657 -0.1055295 -0.0484134 255 0 0
0.3309090 0.1080802 -0.0467761 255 0 0
0.3308944 0.1066424 -0.0467303 255 0 0
0.3305434 0.1054405 -0.0462379 255 0 0
0.3308651 0.1037668 -0.0466386 255 0 0
0.3308505 0.1023290 -0.0465929 255 0 0
0.3308359 0.1008912 -0.0465470 255 0 0
0.3308213 0.0994533 -0.0465012 255 0 0
0.3304702 0.0982447 -0.0460086 255 0 0
0.3304555 0.0968055 -0.0459627 255 0 0
0.3301038 0.0955932 -0.0454692 255 0 0
0.3300892 0.0941527 -0.0454233 255 0 0
0.3300745 0.0927121 -0.0453774 255 0 0
0.3300599 0.0912715 -0.0453315 255 0 0
0.3297074 0.0900530 -0.0448369 255 0 0
0.3296927 0.0886110 -0.0447909 255 0 0
0.3293397 0.0873888 -0.0442954 255 0 0
0.3303370 0.0852925 -0.0455939 255 0 0
0.3309949 0.0834219 -0.0464415 255 0 0
0.3316503 0.0815582 -0.0472860 255 0 0
0.3329684 0.0792803 -0.0490111 255 0 0
0.3342769 0.0770190 -0.0507236 255 0 0
0.3349203 0.0751842 -0.0515524 255 0 0
0.3358882 0.0731529 -0.0528127 255 0 0
0.3365257 0.0713335 -0.0536340 255 0 0
0.3365113 0.0699191 -0.0535889 255 0 0
0.3368220 0.0683066 -0.0539759 255 0 0
0.3377780 0.0663060 -0.0552208 255 0 0
0.3377637 0.0648967 -0.0551758 255 0 0
0.3377494 0.0634874 -0.0551309 255 0 0
0.3383800 0.0616953 -0.0559435 255 0 0
0.3386874 0.0600990 -0.0563263 255 0 0
0.3389941 0.0585055 -0.0567084 255 0 0
0.3386588 0.0572879 -0.0562367 255 0 0
0.3389655 0.0556970 -0.0566189 255 0 0
0.3395917 0.0539254 -0.0574259 255 0 0
0.3395774 0.0525237 -0.0573812 255 0 0
0.3402014 0.0507611 -0.0581853 255 0 0
0.3401871 0.0493619 -0.0581407 255 0 0
0.3411259 0.0474313 -0.0593637 255 0 0
0.3417443 0.0456857 -0.0601607 255 0 0
0.3417301 0.0442927 -0.0601163 255 0 0
0.3426592 0.0423852 -0.0613268 255 0 0
0.3435847 0.0404871 -0.0625326 255 0 0
0.3438827 0.0389338 -0.0629036 255 0 0
0.3438686 0.0375495 -0.0628595 255 0 0
0.3444771 0.0358355 -0.0636438 255 0 0
0.3447735 0.0342904 -0.0640129 255 0 0
0.3450694 0.0327481 -0.0643813 255 0 0
0.3453647 0.0312085 -0.0647491 255 0 0
0.3459679 0.0295133 -0.0655266 255 0 0
0.3465689 0.0278241 -0.0663013 255 0 0
0.3468616 0.0262957 -0.0666657 255 0 0
0.3471538 0.0247699 -0.0670295 255 0 0
0.3480551 0.0229435 -0.0682043 255 0 0
0.3486474 0.0212769 -0.0689676 255 0 0
0.3492389 0.0196154 -0.0697302 255 0 0
0.3495269 0.0181063 -0.0700887 255 0 0
0.3501154 0.0164548 -0.0708472 255 0 0
0.3504019 0.0149523 -0.0712039 255 0 0
0.3509872 0.0133106 -0.0719584 255 0 0
0.3512723 0.0118148 -0.0723132 255 0 0
0.3512585 0.0104605 -0.0722700 255 0 0
0.3515430 0.0089684 -0.0726241 255 0 0
0.3521243 0.0073429 -0.0733736 255 0 0
0.3521106 0.0059921 -0.0733306 255 0 0
0.3523936 0.0045078 -0.0736829 255 0 0
0.3523799 0.0031582 -0.0736399 255 0 0
0.3526624 0.0016776 -0.0739916 255 0 0
0.3526487 0.0003292 -0.0739486 255 0 0
0.3526350 -0.0010193 -0.0739056 255 0 0
0.3526213 -0.0023678 -0.0738626 255 0 0
0.3529034 -0.0038423 -0.0742139 255 0 0
0.3525938 -0.0050648 -0.0737766 255 0 0
0.3528746 -0.0065364 -0.0741262 255 0 0
0.3525527 -0.0091104 -0.0736477 255 0 0
0.3522425 -0.0103385 -0.0732097 255 0 0
0.3519319 -0.0115688 -0.0727709 255 0 0
0.3522137 -0.0130375 -0.0731219 255 0 0
0.3515932 -0.0155055 -0.0722451 255 0 0
0.3515794 -0.0168577 -0.0722021 255 0 0
0.3512676 -0.0180959 -0.0717616 255 0 0
0.3509553 -0.0193363 -0.0713204 255 0 0
0.3506424 -0.0205788 -0.0708784 255 0 0
0.3500289 -0.0217124 -0.0700353 255 0 0
0.3491113 -0.0227394 -0.0687869 255 0 0
0.3469702 -0.0233302 -0.0659064 255 0 0
0.3448024 -0.0239282 -0.0629900 255 0 0
0.3429207 -0.0246449 -0.0604549 255 0 0
0.3422795 -0.0258112 -0.0595742 255 0 0
0.3409916 -0.0281568 -0.0578054 255 0 0
0.3406608 -0.0294432 -0.0573385 255 0 0
0.3400114 -0.0306255 -0.0564466 255 0 0
0.3396788 -0.0319176 -0.0559773 255 0 0
0.3393456 -0.0332120 -0.0555071 255 0 0
0.3386916 -0.0344054 -0.0546088 255 0 0
0.3386773 -0.0358079 -0.0545640 255 0 0
0.3376989 -0.0369069 -0.0532327 255 0 0
0.3373621 -0.0382129 -0.0527574 255 0 0
0.3373478 -0.0396205 -0.0527126 255 0 0
0.3370103 -0.0409302 -0.0522364 255 0 0
0.3347172 -0.0416581 -0.0491498 255 0 0
0.3350301 -0.0431725 -0.0495415 255 0 0
0.3350157 -0.0445891 -0.0494963 255 0 0
0.3353281 -0.0460994 -0.0498874 255 0 0
0.3353137 -0.0475148 -0.0498423 255 0 0
0.3352993 -0.0489301 -0.0497972 255 0 0
0.3359367 -0.0505248 -0.0506225 255 0 0
0.3359223 -0.0519376 -0.0505775 255 0 0
0.3362330 -0.0534372 -0.0509665 255 0 0
0.3362186 -0.0548487 -0.0509215 255 0 0
0.3365287 -0.0563443 -0.0513099 255 0 0
0.3368383 -0.0578373 -0.0516976 255 0 0
0.3365000 -0.0591649 -0.0512199 255 0 0
0.3364857 -0.0605752 -0.0511750 255 0 0
0.3367953 -0.0620643 -0.0515628 255 0 0
0.3367809 -0.0634733 -0.0515179 255 0 0
0.3367666 -0.0648824 -0.0514730 255 0 0
0.3370742 -0.0663659 -0.0518583 255 0 0
0.3370599 -0.0677737 -0.0518134 255 0 0
0.3367223 -0.0691092 -0.0513365 255 0 0
0.3367079 -0.0705183 -0.0512915 255 0 0
0.3366936 -0.0719274 -0.0512466 255 0 0
0.3356923 -0.0745437 -0.0498569 255 0 0
0.3350256 -0.0758238 -0.0489401 255 0 0
0.3350112 -0.0772394 -0.0488950 255 0 0
0.3349968 -0.0786549 -0.0488499 255 0 0
0.3353075 -0.0801329 -0.0492394 255 0 0
0.3352931 -0.0815472 -0.0491943 255 0 0
0.3352787 -0.0829615 -0.0491492 255 0 0
0.3352644 -0.0843759 -0.0491041 255 0 0
0.3355759 -0.0858475 -0.0494948 255 0 0
0.3355615 -0.0872606 -0.0494498 255 0 0
0.3358725 -0.0887284 -0.0498398 255 0 0
0.3355328 -0.0900868 -0.0493598 255 0 0
0.3358438 -0.0915520 -0.0497498 255 0 0
0.3361542 -0.0930145 -0.0501392 255 0 0
0.3364641 -0.0944744 -0.0505280 255 0 0
0.3367735 -0.0959317 -0.0509160 255 0 0
0.3374047 -0.0974329 -0.0517347 255 0 0
0.3377124 -0.0988835 -0.0521206 255 0 0
0.3376981 -0.1002877 -0.0520759 255 0 0
0.3376838 -0.1016920 -0.0520311 255 0 0
0.3376696 -0.1030962 -0.0519864 255 0 0
0.3376552 -0.1045004 -0.0519415 255 0 0
0.3389231 -0.1060593 -0.0536125 255 0 0
0.3320550 0.1080982 -0.0459025 255 0 0
0.3320404 0.1066604 -0.0458567 255 0 0
0.3320257 0.1052226 -0.0458108 255 0 0
0.3323458 0.1035507 -0.0462115 255 0 0
0.3323312 0.1021142 -0.0461657 255 0 0
0.3323166 0.1006777 -0.0461200 255 0 0
0.3323020 0.0992412 -0.0460742 255 0 0
0.3319526 0.0980334 -0.0455817 255 0 0
0.3319380 0.0965955 -0.0455359 255 0 0
0.3315880 0.0953842 -0.0450424 255 0 0
0.3315733 0.0939450 -0.0449965 255 0 0
0.3315587 0.0925058 -0.0449506 255 0 0
0.3312080 0.0912895 -0.0444562 255 0 0
0.3311933 0.0898489 -0.0444102 255 0 0
0.3311787 0.0884082 -0.0443643 255 0 0
0.3308273 0.0871870 -0.0438688 255 0 0
0.3308126 0.0857450 -0.0438229 255 0 0
0.3314694 0.0838710 -0.0446735 255 0 0
0.3321252 0.0820031 -0.0455228 255 0 0
0.3337758 0.0795084 -0.0477007 255 0 0
0.3350826 0.0772442 -0.0494196 255 0 0
0.3367060 0.0747918 -0.0515617 255 0 0
0.3370174 0.0731705 -0.0519517 255 0 0
0.3373283 0.0715521 -0.0523410 255 0 0
0.3379626 0.0697372 -0.0531623 255 0 0
0.3385932 0.0679297 -0.0539789 255 0 0
0.3389012 0.0663234 -0.0543645 255 0 0
0.3388868 0.0649141 -0.0543196 255 0 0
0.3391943 0.0633119 -0.0547045 255 0 0
0.3395011 0.0617127 -0.0550888 255 0 0
0.3394868 0.0603058 -0.0550439 255 0 0
0.3397931 0.0587107 -0.0554276 255 0 0
0.3397788 0.0573052 -0.0553828 255 0 0
0.3400846 0.0557142 -0.0557657 255 0 0
0.3403898 0.0541261 -0.0561479 255 0 0
0.3403756 0.0527231 -0.0561032 255 0 0
0.3409986 0.0509586 -0.0569103 255 0 0
0.3413022 0.0493790 -0.0572905 255 0 0
0.3416052 0.0478023 -0.0576700 255 0 0
0.3419077 0.0462285 -0.0580488 255 0 0
0.3422096 0.0446574 -0.0584269 255 0 0
0.3431405 0.0427447 -0.0596460 255 0 0
0.3440650 0.0408430 -0.0608566 255 0 0
0.3443631 0.0392866 -0.0612299 255 0 0
0.3443490 0.0378997 -0.0611857 255 0 0
0.3449577 0.0361820 -0.0619743 255 0 0
0.3452542 0.0346339 -0.0623456 255 0 0
0.3455502 0.0330885 -0.0627161 255 0 0
0.3458456 0.0315459 -0.0630861 255 0 0
0.3464490 0.0298471 -0.0638679 255 0 0
0.3467428 0.0283114 -0.0642357 255 0 0
0.3470362 0.0267784 -0.0646030 255 0 0
0.3473290 0.0252482 -0.0649696 255 0 0
0.3482323 0.0234156 -0.0661529 255 0 0
0.3494325 0.0214433 -0.0677336 255 0 0
0.3497211 0.0199285 -0.0680949 255 0 0
0.3500093 0.0184163 -0.0684555 255 0 0
0.3505979 0.0167613 -0.0692182 255 0 0
0.3511844 0.0151122 -0.0699783 255 0 0
0.3517689 0.0134688 -0.0707357 255 0 0
0.3520535 0.0119715 -0.0710918 255 0 0
0.3523376 0.0104768 -0.0714473 255 0 0
0.3526212 0.0089847 -0.0718021 255 0 0
0.3532006 0.0073591 -0.0725530 255 0 0
0.3531869 0.0060083 -0.0725100 255 0 0
0.3534690 0.0045240 -0.0728630 255 0 0
0.3534552 0.0031744 -0.0728199 255 0 0
0.3537369 0.0016938 -0.0731724 255 0 0
0.3540180 0.0002158 -0.0735242 255 0 0
0.3537094 -0.0010031 -0.0730864 255 0 0
0.3539906 -0.0024789 -0.0734383 255 0 0
0.3539769 -0.0038262 -0.0733954 255 0 0
0.3542563 -0.0052976 -0.0737449 255 0 0
0.3539482 -0.0065203 -0.0733077 255 0 0
0.3536271 -0.0090943 -0.0728285 255 0 0
0.3536121 -0.0104423 -0.0727838 255 0 0
0.3533029 -0.0116716 -0.0723450 255 0 0
0.3529808 -0.0142546 -0.0718641 255 0 0
0.3526568 -0.0168416 -0.0713807 255 0 0
0.3523321 -0.0194331 -0.0708963 255 0 0
0.3520207 -0.0206747 -0.0704544 255 0 0
0.3520070 -0.0220292 -0.0704112 255 0 0
0.3513963 -0.0231644 -0.0695680 255 0 0
0.3501824 -0.0240849 -0.0679163 255 0 0
0.3462092 -0.0240228 -0.0625658 255 0 0
0.3443367 -0.0247393 -0.0600307 255 0 0
0.3424312 -0.0268563 -0.0574257 255 0 0
0.3424170 -0.0282487 -0.0573813 255 0 0
0.3417721 -0.0294267 -0.0564912 255 0 0
0.3408074 -0.0305025 -0.0551723 255 0 0
0.3404752 -0.0317956 -0.0547014 255 0 0
0.3404609 -0.0331955 -0.0546567 255 0 0
0.3404467 -0.0345954 -0.0546121 255 0 0
0.3397947 -0.0357914 -0.0537121 255 0 0
0.3388194 -0.0368904 -0.0523785 255 0 0
0.3384835 -0.0381964 -0.0519024 255 0 0
0.3384692 -0.0396040 -0.0518576 255 0 0
0.3381327 -0.0409137 -0.0513806 255 0 0
0.3361731 -0.0417392 -0.0487261 255 0 0
0.3358324 -0.0430593 -0.0482433 255 0 0
0.3361443 -0.0445725 -0.0486358 255 0 0
0.3361299 -0.0459891 -0.0485907 255 0 0
0.3364412 -0.0474982 -0.0489826 255 0 0
0.3364269 -0.0489136 -0.0489375 255 0 0
0.3367376 -0.0504187 -0.0493287 255 0 0
0.3370478 -0.0519211 -0.0497193 255 0 0
0.3370335 -0.0533339 -0.0496742 255 0 0
0.3373432 -0.0548323 -0.0500641 255 0 0
0.3373288 -0.0562438 -0.0500191 255 0 0
0.3376379 -0.0577382 -0.0504083 255 0 0
0.3376235 -0.0591485 -0.0503633 255 0 0
0.3379321 -0.0606389 -0.0507519 255 0 0
0.3375948 -0.0619691 -0.0502734 255 0 0
0.3379035 -0.0634570 -0.0506621 255 0 0
0.3378891 -0.0648660 -0.0506172 255 0 0
0.3381958 -0.0663496 -0.0510032 255 0 0
0.3378591 -0.0676838 -0.0505255 255 0 0
0.3381671 -0.0691652 -0.0509135 255 0 0
0.3378305 -0.0705020 -0.0504357 255 0 0
0.3374931 -0.0718412 -0.0499569 255 0 0
0.3371551 -0.0731829 -0.0494773 255 0 0
0.3368165 -0.0745271 -0.0489969 255 0 0
0.3364643 -0.0772883 -0.0484724 255 0 0
0.3361245 -0.0786386 -0.0479901 255 0 0
0.3361101 -0.0800542 -0.0479449 255 0 0
0.3364198 -0.0815309 -0.0483353 255 0 0
0.3367303 -0.0830052 -0.0487266 255 0 0
0.3367159 -0.0844182 -0.0486816 255 0 0
0.3367016 -0.0858313 -0.0486366 255 0 0
0.3366872 -0.0872444 -0.0485915 255 0 0
0.3369972 -0.0887122 -0.0489824 255 0 0
0.3369828 -0.0901240 -0.0489374 255 0 0
0.3372922 -0.0915878 -0.0493276 255 0 0
0.3376011 -0.0930490 -0.0497170 255 0 0
0.3375868 -0.0944583 -0.0496721 255 0 0
0.3382171 -0.0959635 -0.0504938 255 0 0
0.3385243 -0.0974168 -0.0508811 255 0 0
0.3388309 -0.0988675 -0.0512677 255 0 0
0.3388166 -0.1002717 -0.0512230 255 0 0
0.3388024 -0.1016759 -0.0511782 255 0 0
0.3391085 -0.1031215 -0.0515642 255 0 0
0.3390942 -0.1045245 -0.0515195 255 0 0
0.3400377 -0.1060433 -0.0527627 255 0 0
0.3335346 0.1078781 -0.0454761 255 0 0
0.3338529 0.1062053 -0.0458767 255 0 0
0.3338383 0.1047701 -0.0458309 255 0 0
0.3331571 0.1038028 -0.0448913 255 0 0
0.3334761 0.1021322 -0.0452929 255 0 0
0.3337945 0.1004646 -0.0456937 255 0 0
0.3334469 0.0992591 -0.0452013 255 0 0
0.3334323 0.0978226 -0.0451555 255 0 0
0.3334177 0.0963860 -0.0451097 255 0 0
0.3334031 0.0949495 -0.0450639 255 0 0
0.3327204 0.0939630 -0.0441220 255 0 0
0.3323708 0.0927480 -0.0436267 255 0 0
0.3326911 0.0910844 -0.0440302 255 0 0
0.3323415 0.0898668 -0.0435349 255 0 0
0.3319912 0.0886469 -0.0430386 255 0 0
0.3323122 0.0869856 -0.0434431 255 0 0
0.3326312 0.0853282 -0.0438448 255 0 0
0.3326165 0.0838889 -0.0437989 255 0 0
0.3336034 0.0818072 -0.0450971 255 0 0
0.3339214 0.0801598 -0.0454977 255 0 0
0.3349010 0.0780961 -0.0467862 255 0 0
0.3362035 0.0758371 -0.0485085 255 0 0
0.3374966 0.0735946 -0.0502181 255 0 0
0.3381324 0.0717710 -0.0510456 255 0 0
0.3384421 0.0701538 -0.0514356 255 0 0
0.3390744 0.0683415 -0.0522586 255 0 0
0.3397030 0.0665365 -0.0530768 255 0 0
0.3400100 0.0649315 -0.0534633 255 0 0
0.3399957 0.0635221 -0.0534183 255 0 0
0.3403021 0.0619211 -0.0538041 255 0 0
0.3406080 0.0603231 -0.0541892 255 0 0
0.3405936 0.0589163 -0.0541444 255 0 0
0.3408990 0.0573225 -0.0545288 255 0 0
0.3408847 0.0559169 -0.0544840 255 0 0
0.3411894 0.0543272 -0.0548677 255 0 0
0.3414937 0.0527403 -0.0552508 255 0 0
0.3417974 0.0511563 -0.0556331 255 0 0
0.3421005 0.0495752 -0.0560148 255 0 0
0.3424031 0.0479968 -0.0563958 255 0 0
0.3430208 0.0462455 -0.0572002 255 0 0
0.3430066 0.0448488 -0.0571557 255 0 0
0.3439361 0.0429338 -0.0583792 255 0 0
0.3451711 0.0408599 -0.0600133 255 0 0
0.3454682 0.0393035 -0.0603873 255 0 0
0.3457648 0.0377498 -0.0607606 255 0 0
0.3460609 0.0361989 -0.0611333 255 0 0
0.3466655 0.0344872 -0.0619206 255 0 0
0.3463424 0.0332676 -0.0614612 255 0 0
0.3466374 0.0317234 -0.0618325 255 0 0
0.3478542 0.0297052 -0.0634431 255 0 0
0.3478402 0.0283281 -0.0633992 255 0 0
0.3478262 0.0269511 -0.0633553 255 0 0
0.3487297 0.0251107 -0.0645450 255 0 0
0.3490205 0.0235846 -0.0649109 255 0 0
0.3496146 0.0219103 -0.0656847 255 0 0
0.3505072 0.0200936 -0.0668601 255 0 0
0.3507949 0.0185800 -0.0672221 255 0 0
0.3513827 0.0169233 -0.0679877 255 0 0
0.3519684 0.0152724 -0.0687506 255 0 0
0.3522535 0.0137696 -0.0691094 255 0 0
0.3528362 0.0121285 -0.0698683 255 0 0
0.3531198 0.0106324 -0.0702251 255 0 0
0.3536994 0.0090010 -0.0709801 255 0 0
0.3536857 0.0076479 -0.0709370 255 0 0
0.3542632 0.0060246 -0.0716894 255 0 0
0.3545444 0.0045403 -0.0720430 255 0 0
0.3545307 0.0031906 -0.0720000 255 0 0
0.3548114 0.0017100 -0.0723532 255 0 0
0.3550916 0.0002320 -0.0727057 255 0 0
0.3550779 -0.0011154 -0.0726627 255 0 0
0.3550642 -0.0024627 -0.0726198 255 0 0
0.3553427 -0.0039353 -0.0729700 255 0 0
0.3553289 -0.0052815 -0.0729271 255 0 0
0.3550218 -0.0065042 -0.0724892 255 0 0
0.3550081 -0.0078516 -0.0724463 255 0 0
0.3549944 -0.0091990 -0.0724033 255 0 0
0.3546866 -0.0104262 -0.0719645 255 0 0
0.3546729 -0.0117747 -0.0719216 255 0 0
0.3546592 -0.0131233 -0.0718786 255 0 0
0.3543510 -0.0143550 -0.0714390 255 0 0
0.3540422 -0.0155889 -0.0709986 255 0 0
0.3540284 -0.0169399 -0.0709556 255 0 0
0.3537190 -0.0181771 -0.0705144 255 0 0
0.3534091 -0.0194165 -0.0700725 255 0 0
0.3533954 -0.0207699 -0.0700293 255 0 0
0.3527752 -0.0232581 -0.0691448 255 0 0
0.3524637 -0.0245052 -0.0687006 255 0 0
0.3509531 -0.0253221 -0.0666411 255 0 0
0.3472927 -0.0253839 -0.0616852 255 0 0
0.3444921 -0.0257783 -0.0578873 255 0 0
0.3428975 -0.0280154 -0.0556884 255 0 0
0.3428834 -0.0294102 -0.0556439 255 0 0
0.3419217 -0.0304859 -0.0543227 255 0 0
0.3415905 -0.0317791 -0.0538510 255 0 0
0.3415762 -0.0331790 -0.0538063 255 0 0
0.3409263 -0.0343724 -0.0529050 255 0 0
0.3405933 -0.0356726 -0.0524307 255 0 0
0.3399398 -0.0368738 -0.0515243 255 0 0
0.3399255 -0.0382801 -0.0514795 255 0 0
0.3395906 -0.0395874 -0.0510026 255 0 0
0.3395763 -0.0409950 -0.0509577 255 0 0
0.3382740 -0.0420151 -0.0491764 255 0 0
0.3372874 -0.0431393 -0.0478205 255 0 0
0.3369477 -0.0444606 -0.0473368 255 0 0
0.3369333 -0.0458785 -0.0472916 255 0 0
0.3375688 -0.0474817 -0.0481229 255 0 0
0.3375545 -0.0488970 -0.0480778 255 0 0
0.3375401 -0.0503124 -0.0480327 255 0 0
0.3378499 -0.0518163 -0.0484248 255 0 0
0.3381591 -0.0533174 -0.0488161 255 0 0
0.3384677 -0.0548158 -0.0492067 255 0 0
0.3387758 -0.0563115 -0.0495966 255 0 0
0.3387614 -0.0577218 -0.0495517 255 0 0
0.3387471 -0.0591321 -0.0495067 255 0 0
0.3390546 -0.0606225 -0.0498961 255 0 0
0.3387184 -0.0619527 -0.0494168 255 0 0
0.3387040 -0.0633630 -0.0493718 255 0 0
0.3390116 -0.0648496 -0.0497613 255 0 0
0.3389973 -0.0662587 -0.0497164 255 0 0
0.3393030 -0.0677411 -0.0501033 255 0 0
0.3392887 -0.0691489 -0.0500584 255 0 0
0.3389530 -0.0704857 -0.0495798 255 0 0
0.3389387 -0.0718948 -0.0495349 255 0 0
0.3382797 -0.0731666 -0.0486199 255 0 0
0.3376054 -0.0758576 -0.0476584 255 0 0
0.3375910 -0.0772719 -0.0476133 255 0 0
0.3375753 -0.0786860 -0.0475664 255 0 0
0.3375609 -0.0801003 -0.0475214 255 0 0
0.3375465 -0.0815146 -0.0474762 255 0 0
0.3375321 -0.0829290 -0.0474312 255 0 0
0.3378416 -0.0844020 -0.0478234 255 0 0
0.3378272 -0.0858151 -0.0477784 255 0 0
0.3381361 -0.0872842 -0.0481699 255 0 0
0.3381218 -0.0886960 -0.0481249 255 0 0
0.3381074 -0.0901078 -0.0480799 255 0 0
0.3387381 -0.0916236 -0.0489060 255 0 0
0.3390453 -0.0930835 -0.0492955 255 0 0
0.3393520 -0.0945407 -0.0496843 255 0 0
0.3396581 -0.0959953 -0.0500723 255 0 0
0.3399638 -0.0974472 -0.0504597 255 0 0
0.3402689 -0.0988966 -0.0508463 255 0 0
0.3402546 -0.1002996 -0.0508016 255 0 0
0.3399210 -0.1016600 -0.0503254 255 0 0
0.3402261 -0.1031055 -0.0507122 255 0 0
0.3408488 -0.1045884 -0.0515283 255 0 0
0.3411522 -0.1060274 -0.0519129 255 0 0
0.3408203 -0.1073893 -0.0514390 255 0 0
0.3349968 0.1062233 -0.0450046 255 0 0
0.3353135 0.1045535 -0.0454054 255 0 0
0.3349676 0.1033529 -0.0449131 255 0 0
0.3352844 0.1016858 -0.0453140 255 0 0
0.3355992 0.1000227 -0.0457121 255 0 0
0.3352406 0.0973842 -0.0451768 255 0 0
0.3348947 0.0961769 -0.0446844 255 0 0
0.3345480 0.0949674 -0.0441910 255 0 0
0.3342008 0.0937556 -0.0436968 255 0 0
0.3341862 0.0923177 -0.0436509 255 0 0
0.3341715 0.0908798 -0.0436051 255 0 0
0.3338236 0.0896631 -0.0431098 255 0 0
0.3338089 0.0882238 -0.0430639 255 0 0
0.3337943 0.0867845 -0.0430180 255 0 0
0.3341117 0.0851288 -0.0434198 255 0 0
0.3340970 0.0836909 -0.0433740 255 0 0
0.3344152 0.0820387 -0.0437769 255 0 0
0.3347328 0.0803896 -0.0441792 255 0 0
0.3350497 0.0787435 -0.0445807 255 0 0
0.3353661 0.0771005 -0.0449814 255 0 0
0.3363408 0.0750471 -0.0462702 255 0 0
0.3373102 0.0730050 -0.0475519 255 0 0
0.3385991 0.0707729 -0.0492650 255 0 0
0.3392328 0.0689544 -0.0500942 255 0 0
0.3405064 0.0667500 -0.0517868 255 0 0
0.3408129 0.0651433 -0.0521748 255 0 0
0.3407985 0.0637327 -0.0521298 255 0 0
0.3411045 0.0621301 -0.0525171 255 0 0
0.3410902 0.0607207 -0.0524722 255 0 0
0.3417148 0.0589337 -0.0532896 255 0 0
0.3417005 0.0575268 -0.0532447 255 0 0
0.3416862 0.0561200 -0.0531999 255 0 0
0.3419905 0.0545286 -0.0535851 255 0 0
0.3422943 0.0529401 -0.0539697 255 0 0
0.3422800 0.0515358 -0.0539249 255 0 0
0.3425833 0.0499514 -0.0543089 255 0 0
0.3432024 0.0481918 -0.0551192 255 0 0
0.3435040 0.0466147 -0.0555010 255 0 0
0.3438050 0.0450405 -0.0558821 255 0 0
0.3447332 0.0431232 -0.0571102 255 0 0
0.3453445 0.0413869 -0.0579104 255 0 0
0.3465734 0.0393204 -0.0595447 255 0 0
0.3468690 0.0377667 -0.0599188 255 0 0
0.3477807 0.0358860 -0.0611251 255 0 0
0.3477667 0.0345041 -0.0610810 255 0 0
0.3477526 0.0331222 -0.0610369 255 0 0
0.3483531 0.0314190 -0.0618231 255 0 0
0.3486456 0.0298806 -0.0621931 255 0 0
0.3489375 0.0283448 -0.0625625 255 0 0
0.3492289 0.0268118 -0.0629313 255 0 0
0.3498242 0.0251274 -0.0637106 255 0 0
0.3504173 0.0234488 -0.0644871 255 0 0
0.3504033 0.0220779 -0.0644433 255 0 0
0.3506922 0.0205571 -0.0648088 255 0 0
0.3509805 0.0190390 -0.0651736 255 0 0
0.3518688 0.0172315 -0.0663494 255 0 0
0.3524547 0.0155772 -0.0671165 255 0 0
0.3530385 0.0139286 -0.0678808 255 0 0
0.3536202 0.0122858 -0.0686426 255 0 0
0.3541999 0.0106487 -0.0694016 255 0 0
0.3544822 0.0091551 -0.0697586 255 0 0
0.3550588 0.0075278 -0.0705137 255 0 0
0.3553396 0.0060408 -0.0708687 255 0 0
0.3556198 0.0045565 -0.0712231 255 0 0
0.3558995 0.0030747 -0.0715769 255 0 0
0.3558859 0.0017262 -0.0715339 255 0 0
0.3558722 0.0003777 -0.0714909 255 0 0
0.3561515 -0.0010992 -0.0718442 255 0 0
0.3561378 -0.0024465 -0.0718013 255 0 0
0.3564166 -0.0039198 -0.0721540 255 0 0
0.3566936 -0.0053899 -0.0725043 255 0 0
0.3563879 -0.0066116 -0.0720664 255 0 0
0.3563743 -0.0079578 -0.0720235 255 0 0
0.3563606 -0.0093040 -0.0719806 255 0 0
0.3560543 -0.0105303 -0.0715418 255 0 0
0.3560406 -0.0118777 -0.0714989 255 0 0
0.3557338 -0.0131072 -0.0710593 255 0 0
0.3557200 -0.0144559 -0.0710163 255 0 0
0.3551186 -0.0155728 -0.0701779 255 0 0
0.3551048 -0.0169238 -0.0701348 255 0 0
0.3550911 -0.0182748 -0.0700918 255 0 0
0.3547827 -0.0195132 -0.0696499 255 0 0
0.3544737 -0.0207538 -0.0692072 255 0 0
0.3541642 -0.0219966 -0.0687637 255 0 0
0.3541504 -0.0233511 -0.0687205 255 0 0
0.3535311 -0.0258461 -0.0678330 255 0 0
0.3520252 -0.0266689 -0.0657697 255 0 0
0.3505061 -0.0274990 -0.0636882 255 0 0
0.3471331 -0.0276925 -0.0590965 255 0 0
0.3439947 -0.0293938 -0.0547966 255 0 0
0.3433514 -0.0305760 -0.0539002 255 0 0
0.3427058 -0.0317626 -0.0530006 255 0 0
0.3426916 -0.0331625 -0.0529560 255 0 0
0.3420437 -0.0343559 -0.0520530 255 0 0
0.3420294 -0.0357584 -0.0520083 255 0 0
0.3410602 -0.0368573 -0.0506701 255 0 0
0.3410459 -0.0382636 -0.0506252 255 0 0
0.3407121 -0.0395709 -0.0501475 255 0 0
0.3406978 -0.0409785 -0.0501026 255 0 0
0.3393995 -0.0419986 -0.0483182 255 0 0
0.3384160 -0.0431226 -0.0469600 255 0 0
0.3380773 -0.0444440 -0.0464755 255 0 0
0.3377380 -0.0457678 -0.0459900 255 0 0
0.3383728 -0.0473726 -0.0468245 255 0 0
0.3386821 -0.0488805 -0.0472181 255 0 0
0.3386677 -0.0502959 -0.0471730 255 0 0
0.3389764 -0.0517998 -0.0475658 255 0 0
0.3389621 -0.0532139 -0.0475207 255 0 0
0.3395922 -0.0547993 -0.0483493 255 0 0
0.3395779 -0.0562109 -0.0483043 255 0 0
0.3398850 -0.0577054 -0.0486951 255 0 0
0.3398707 -0.0591157 -0.0486501 255 0 0
0.3398563 -0.0605260 -0.0486051 255 0 0
0.3401629 -0.0620152 -0.0489953 255 0 0
0.3401485 -0.0634242 -0.0489504 255 0 0
0.3404545 -0.0649095 -0.0493398 255 0 0
0.3404389 -0.0663170 -0.0492931 255 0 0
0.3404245 -0.0677248 -0.0492481 255 0 0
0.3407300 -0.0692048 -0.0496370 255 0 0
0.3403959 -0.0705404 -0.0491584 255 0 0
0.3403816 -0.0719483 -0.0491135 255 0 0
0.3394043 -0.0731503 -0.0477625 255 0 0
0.3390678 -0.0744944 -0.0472805 255 0 0
0.3387177 -0.0772556 -0.0467543 255 0 0
0.3387019 -0.0786697 -0.0467073 255 0 0
0.3386876 -0.0800840 -0.0466623 255 0 0
0.3389960 -0.0815596 -0.0470552 255 0 0
0.3389817 -0.0829727 -0.0470102 255 0 0
0.3389673 -0.0843858 -0.0469651 255 0 0
0.3392752 -0.0858561 -0.0473574 255 0 0
0.3395825 -0.0873239 -0.0477490 255 0 0
0.3395682 -0.0887344 -0.0477040 255 0 0
0.3395539 -0.0901450 -0.0476591 255 0 0
0.3398607 -0.0916075 -0.0480500 255 0 0
0.3401669 -0.0930674 -0.0484403 255 0 0
0.3407920 -0.0945737 -0.0492634 255 0 0
0.3407778 -0.0959792 -0.0492187 255 0 0
0.3410824 -0.0974312 -0.0496068 255 0 0
0.3413864 -0.0988806 -0.0499943 255 0 0
0.3413722 -0.1002835 -0.0499495 255 0 0
0.3413579 -0.1016865 -0.0499048 255 0 0
0.3416614 -0.1031308 -0.0502916 255 0 0
0.3419644 -0.1045724 -0.0506777 255 0 0
0.3422668 -0.1060115 -0.0510631 255 0 0
0.3419359 -0.1073734 -0.0505884 255 0 0
0.3361407 0.1062413 -0.0441325 255 0 0
0.3364536 0.1045734 -0.0445303 255 0 0
0.3367686 0.1029067 -0.0449310 255 0 0
0.3374102 0.1010133 -0.0457741 255 0 0
0.3373957 0.0995834 -0.0457285 255 0 0
0.3373812 0.0981535 -0.0456829 255 0 0
0.3370382 0.0969503 -0.0451924 255 0 0
0.3366944 0.0957448 -0.0447008 255 0 0
0.3363501 0.0945371 -0.0442084 255 0 0
0.3360080 0.0933253 -0.0437188 255 0 0
0.3356492 0.0906755 -0.0431807 255 0 0
0.3353030 0.0894597 -0.0426855 255 0 0
0.3352883 0.0880218 -0.0426396 255 0 0
0.3352724 0.0865847 -0.0425919 255 0 0
0.3352577 0.0851467 -0.0425461 255 0 0
0.3352431 0.0837087 -0.0425003 255 0 0
0.3352285 0.0822707 -0.0424544 255 0 0
0.3355456 0.0806198 -0.0428582 255 0 0
0.3358621 0.0789720 -0.0432612 255 0 0
0.3358476 0.0775366 -0.0432155 255 0 0
0.3364934 0.0756855 -0.0440651 255 0 0
0.3374650 0.0736360 -0.0453565 255 0 0
0.3387569 0.0713954 -0.0470824 255 0 0
0.3390676 0.0697711 -0.0474778 255 0 0
0.3397017 0.0679511 -0.0483119 255 0 0
0.3412969 0.0655508 -0.0504494 255 0 0
0.3412825 0.0641376 -0.0504044 255 0 0
0.3419084 0.0623394 -0.0512277 255 0 0
0.3418941 0.0609287 -0.0511827 255 0 0
0.3421991 0.0593287 -0.0515709 255 0 0
0.3421848 0.0579193 -0.0515260 255 0 0
0.3428074 0.0561372 -0.0523451 255 0 0
0.3431107 0.0545458 -0.0527311 255 0 0
0.3434134 0.0529573 -0.0531164 255 0 0
0.3433992 0.0515530 -0.0530716 255 0 0
0.3433849 0.0501486 -0.0530269 255 0 0
0.3440031 0.0483871 -0.0538403 255 0 0
0.3446191 0.0466318 -0.0546508 255 0 0
0.3452328 0.0448829 -0.0554584 255 0 0
0.3461564 0.0429678 -0.0566865 255 0 0
0.3480014 0.0405548 -0.0591654 255 0 0
0.3486030 0.0388338 -0.0599569 255 0 0
0.3492026 0.0371190 -0.0607457 255 0 0
0.3494945 0.0355742 -0.0611169 255 0 0
0.3497859 0.0340321 -0.0614876 255 0 0
0.3500768 0.0324927 -0.0618576 255 0 0
0.3503672 0.0309560 -0.0622270 255 0 0
0.3506572 0.0294221 -0.0625957 255 0 0
0.3509465 0.0278908 -0.0629638 255 0 0
0.3512354 0.0263623 -0.0633311 255 0 0
0.3515237 0.0248365 -0.0636978 255 0 0
0.3518116 0.0233133 -0.0640640 255 0 0
0.3517976 0.0219435 -0.0640203 255 0 0
0.3517837 0.0205737 -0.0639766 255 0 0
0.3523705 0.0189083 -0.0647488 255 0 0
0.3523566 0.0175408 -0.0647052 255 0 0
0.3532418 0.0157382 -0.0658829 255 0 0
0.3538248 0.0140879 -0.0666502 255 0 0
0.3544056 0.0124433 -0.0674147 255 0 0
0.3549846 0.0108045 -0.0681766 255 0 0
0.3555614 0.0091715 -0.0689358 255 0 0
0.3561362 0.0075441 -0.0696923 255 0 0
0.3564160 0.0060571 -0.0700481 255 0 0
0.3566953 0.0045727 -0.0704032 255 0 0
0.3566816 0.0032231 -0.0703602 255 0 0
0.3569604 0.0017424 -0.0707147 255 0 0
0.3569467 0.0003939 -0.0706717 255 0 0
0.3575166 -0.0012112 -0.0714220 255 0 0
0.3575029 -0.0025574 -0.0713791 255 0 0
0.3574893 -0.0039036 -0.0713362 255 0 0
0.3574743 -0.0052493 -0.0712915 255 0 0
0.3574606 -0.0065955 -0.0712486 255 0 0
0.3574469 -0.0079417 -0.0712056 255 0 0
0.3574333 -0.0092879 -0.0711627 255 0 0
0.3574196 -0.0106342 -0.0711198 255 0 0
0.3571142 -0.0118616 -0.0706803 255 0 0
0.3568084 -0.0130912 -0.0702401 255 0 0
0.3567947 -0.0144398 -0.0701970 255 0 0
0.3567809 -0.0157884 -0.0701541 255 0 0
0.3564745 -0.0170225 -0.0697129 255 0 0
0.3564608 -0.0183723 -0.0696699 255 0 0
0.3561538 -0.0196098 -0.0692280 255 0 0
0.3561401 -0.0209608 -0.0691850 255 0 0
0.3558326 -0.0222016 -0.0687422 255 0 0
0.3552297 -0.0233351 -0.0678976 255 0 0
0.3552159 -0.0246897 -0.0678545 255 0 0
0.3549068 -0.0259370 -0.0674094 255 0 0
0.3533958 -0.0281218 -0.0653045 255 0 0
0.3515829 -0.0288518 -0.0628130 255 0 0
0.3479128 -0.0289518 -0.0577940 255 0 0
0.3447786 -0.0306659 -0.0534785 255 0 0
0.3444506 -0.0319569 -0.0530068 255 0 0
0.3434914 -0.0330416 -0.0516761 255 0 0
0.3431611 -0.0343394 -0.0512011 255 0 0
0.3425128 -0.0355371 -0.0502933 255 0 0
0.3428158 -0.0370433 -0.0506805 255 0 0
0.3421664 -0.0382471 -0.0497710 255 0 0
0.3421521 -0.0396534 -0.0497262 255 0 0
0.3418193 -0.0409620 -0.0492476 255 0 0
0.3411662 -0.0421761 -0.0483330 255 0 0
0.3395447 -0.0431060 -0.0460995 255 0 0
0.3392070 -0.0444274 -0.0456142 255 0 0
0.3388688 -0.0457512 -0.0451280 255 0 0
0.3391782 -0.0472633 -0.0455238 255 0 0
0.3394870 -0.0487727 -0.0459188 255 0 0
0.3397954 -0.0502794 -0.0463132 255 0 0
0.3401031 -0.0517833 -0.0467068 255 0 0
0.3400887 -0.0531974 -0.0466618 255 0 0
0.3403958 -0.0546973 -0.0470546 255 0 0
0.3403815 -0.0561102 -0.0470096 255 0 0
0.3410085 -0.0576889 -0.0478384 255 0 0
0.3406738 -0.0590177 -0.0473569 255 0 0
0.3409798 -0.0605096 -0.0477484 255 0 0
0.3412854 -0.0619988 -0.0481394 255 0 0
0.3412711 -0.0634079 -0.0480945 255 0 0
0.3415760 -0.0648931 -0.0484847 255 0 0
0.3415604 -0.0663006 -0.0484379 255 0 0
0.3418649 -0.0677820 -0.0488275 255 0 0
0.3415318 -0.0691163 -0.0483482 255 0 0
0.3415175 -0.0705241 -0.0483033 255 0 0
0.3411838 -0.0718622 -0.0478231 255 0 0
0.3408495 -0.0732028 -0.0473420 255 0 0
0.3401935 -0.0744781 -0.0464222 255 0 0
0.3398444 -0.0772393 -0.0458953 255 0 0
0.3398287 -0.0786534 -0.0458483 255 0 0
0.3398143 -0.0800677 -0.0458032 255 0 0
0.3397999 -0.0814821 -0.0457581 255 0 0
0.3401074 -0.0829564 -0.0461519 255 0 0
0.3404142 -0.0844281 -0.0465449 255 0 0
0.3403998 -0.0858399 -0.0464999 255 0 0
0.3407062 -0.0873077 -0.0468923 255 0 0
0.3406918 -0.0887182 -0.0468473 255 0 0
0.3413172 -0.0902352 -0.0476749 255 0 0
0.3416218 -0.0916950 -0.0480651 255 0 0
0.3419259 -0.0931522 -0.0484546 255 0 0
0.3419117 -0.0945577 -0.0484099 255 0 0
0.3425325 -0.0960586 -0.0492316 255 0 0
0.3425183 -0.0974616 -0.0491869 255 0 0
0.3428207 -0.0989096 -0.0495743 255 0 0
0.3428065 -0.1003114 -0.0495296 255 0 0
0.3431084 -0.1017555 -0.0499164 255 0 0
0.3430942 -0.1031560 -0.0498718 255 0 0
0.3430800 -0.1045565 -0.0498271 255 0 0
0.3436965 -0.1060341 -0.0506434 255 0 0
0.3433672 -0.1073948 -0.0501687 255 0 0
0.3369666 0.1079341 -0.0428536 255 0 0
0.3366216 0.1067345 -0.0423581 255 0 0
0.3389058 0.1036582 -0.0454412 255 0 0
0.3395430 0.1017677 -0.0462828 255 0 0
0.3398535 0.1001127 -0.0466797 255 0 0
0.3388622 0.0993724 -0.0453045 255 0 0
0.3385209 0.0981714 -0.0448140 255 0 0
0.3385063 0.0967414 -0.0447684 255 0 0
0.3378363 0.0957627 -0.0438303 255 0 0
0.3374930 0.0945550 -0.0433371 255 0 0
0.3378071 0.0928974 -0.0437389 255 0 0
0.3374639 0.0916871 -0.0432456 255 0 0
0.3371200 0.0904744 -0.0427514 255 0 0
0.3371054 0.0890391 -0.0427057 255 0 0
0.3367637 0.0878210 -0.0422143 255 0 0
0.3367490 0.0863844 -0.0421684 255 0 0
0.3367344 0.0849477 -0.0421227 255 0 0
0.3367198 0.0835110 -0.0420768 255 0 0
0.3370325 0.0818623 -0.0424768 255 0 0
0.3373474 0.0802149 -0.0428799 255 0 0
0.3373328 0.0787808 -0.0428341 255 0 0
0.3376470 0.0771378 -0.0432364 255 0 0
0.3376353 0.0757032 -0.0431946 255 0 0
0.3386009 0.0736554 -0.0444845 255 0 0
0.3389129 0.0720230 -0.0448839 255 0 0
0.3392271 0.0703919 -0.0452863 255 0 0
0.3401867 0.0683664 -0.0465683 255 0 0
0.3411410 0.0663519 -0.0478433 255 0 0
0.3417695 0.0645431 -0.0486744 255 0 0
0.3420744 0.0629347 -0.0490644 255 0 0
0.3426995 0.0611371 -0.0498910 255 0 0
0.3430040 0.0595354 -0.0502807 255 0 0
0.3429897 0.0581247 -0.0502357 255 0 0
0.3432937 0.0565272 -0.0506247 255 0 0
0.3435971 0.0549325 -0.0510131 255 0 0
0.3435828 0.0535243 -0.0509681 255 0 0
0.3435685 0.0521161 -0.0509232 255 0 0
0.3445041 0.0501658 -0.0521736 255 0 0
0.3448054 0.0485826 -0.0525592 255 0 0
0.3454204 0.0468255 -0.0533727 255 0 0
0.3463460 0.0449000 -0.0546097 255 0 0
0.3485037 0.0422988 -0.0575275 255 0 0
0.3497193 0.0402339 -0.0591606 255 0 0
0.3506218 0.0383499 -0.0603668 255 0 0
0.3509122 0.0368053 -0.0607381 255 0 0
0.3515056 0.0351002 -0.0615227 255 0 0
0.3517945 0.0335626 -0.0618920 255 0 0
0.3523846 0.0318677 -0.0626724 255 0 0
0.3523707 0.0304955 -0.0626287 255 0 0
0.3526580 0.0289661 -0.0629960 255 0 0
0.3529449 0.0274393 -0.0633628 255 0 0
0.3532312 0.0259151 -0.0637288 255 0 0
0.3532173 0.0245466 -0.0636852 255 0 0
0.3535031 0.0230264 -0.0640506 255 0 0
0.3531895 0.0218094 -0.0635979 255 0 0
0.3531756 0.0204408 -0.0635543 255 0 0
0.3534614 0.0189242 -0.0639198 255 0 0
0.3537455 0.0174108 -0.0642829 255 0 0
0.3540303 0.0158995 -0.0646472 255 0 0
0.3546124 0.0142475 -0.0654173 255 0 0
0.3554886 0.0124598 -0.0665890 255 0 0
0.3557705 0.0109606 -0.0669494 255 0 0
0.3560518 0.0094642 -0.0673091 255 0 0
0.3569204 0.0076968 -0.0684707 255 0 0
0.3571998 0.0062084 -0.0688279 255 0 0
0.3577707 0.0045889 -0.0695832 255 0 0
0.3580486 0.0031071 -0.0699385 255 0 0
0.3580349 0.0017586 -0.0698955 255 0 0
0.3580213 0.0004101 -0.0698525 255 0 0
0.3582987 -0.0010669 -0.0702072 255 0 0
0.3582850 -0.0024142 -0.0701642 255 0 0
0.3588508 -0.0040126 -0.0709129 255 0 0
0.3588371 -0.0053577 -0.0708700 255 0 0
0.3588234 -0.0067027 -0.0708272 255 0 0
0.3588098 -0.0080478 -0.0707843 255 0 0
0.3587961 -0.0093928 -0.0707414 255 0 0
0.3587825 -0.0107379 -0.0706985 255 0 0
0.3584786 -0.0119644 -0.0702590 255 0 0
0.3581742 -0.0131930 -0.0698188 255 0 0
0.3578692 -0.0144237 -0.0693777 255 0 0
0.3584376 -0.0160033 -0.0701303 255 0 0
0.3581331 -0.0172354 -0.0696899 255 0 0
0.3578281 -0.0184697 -0.0692487 255 0 0
0.3578144 -0.0198184 -0.0692057 255 0 0
0.3578007 -0.0211670 -0.0691628 255 0 0
0.3572029 -0.0222958 -0.0683212 255 0 0
0.3568963 -0.0235378 -0.0678777 255 0 0
0.3568826 -0.0248900 -0.0678346 255 0 0
0.3565754 -0.0261353 -0.0673903 255 0 0
0.3562677 -0.0273829 -0.0669452 255 0 0
0.3550605 -0.0296765 -0.0652456 255 0 0
0.3526597 -0.0302046 -0.0619377 255 0 0
0.3465149 -0.0308617 -0.0534838 255 0 0
0.3452506 -0.0318351 -0.0517293 255 0 0
0.3449224 -0.0331295 -0.0512552 255 0 0
0.3445936 -0.0344262 -0.0507802 255 0 0
0.3436322 -0.0355206 -0.0494398 255 0 0
0.3433011 -0.0368242 -0.0489615 255 0 0
0.3429693 -0.0381302 -0.0484823 255 0 0
0.3429550 -0.0395378 -0.0484374 255 0 0
0.3429407 -0.0409454 -0.0483925 255 0 0
0.3422897 -0.0421596 -0.0474764 255 0 0
0.3413159 -0.0432821 -0.0461184 255 0 0
0.3406589 -0.0445061 -0.0451938 255 0 0
0.3399995 -0.0457346 -0.0442658 255 0 0
0.3403079 -0.0472467 -0.0446624 255 0 0
0.3406157 -0.0487562 -0.0450583 255 0 0
0.3406014 -0.0501729 -0.0450131 255 0 0
0.3409086 -0.0516782 -0.0454083 255 0 0
0.3408943 -0.0530937 -0.0453632 255 0 0
0.3415215 -0.0546808 -0.0461965 255 0 0
0.3418271 -0.0561780 -0.0465894 255 0 0
0.3418128 -0.0575896 -0.0465445 255 0 0
0.3417984 -0.0590012 -0.0464995 255 0 0
0.3421035 -0.0604932 -0.0468919 255 0 0
0.3420891 -0.0619035 -0.0468468 255 0 0
0.3423937 -0.0633915 -0.0472386 255 0 0
0.3426963 -0.0648765 -0.0476277 255 0 0
0.3426819 -0.0662843 -0.0475828 255 0 0
0.3429855 -0.0677657 -0.0479732 255 0 0
0.3429711 -0.0691722 -0.0479283 255 0 0
0.3426391 -0.0705079 -0.0474482 255 0 0
0.3429425 -0.0719854 -0.0478386 255 0 0
0.3419732 -0.0731864 -0.0464853 255 0 0
0.3416393 -0.0745294 -0.0460025 255 0 0
0.3413048 -0.0758749 -0.0455189 255 0 0
0.3409698 -0.0772227 -0.0450344 255 0 0
0.3412618 -0.0801140 -0.0453838 255 0 0
0.3412474 -0.0815271 -0.0453387 255 0 0
0.3412331 -0.0829402 -0.0452936 255 0 0
0.3415389 -0.0844119 -0.0456874 255 0 0
0.3418442 -0.0858809 -0.0460805 255 0 0
0.3421490 -0.0873473 -0.0464729 255 0 0
0.3424532 -0.0888111 -0.0468646 255 0 0
0.3427567 -0.0902721 -0.0472555 255 0 0
0.3430599 -0.0917306 -0.0476458 255 0 0
0.3433624 -0.0931864 -0.0480354 255 0 0
0.3433481 -0.0945906 -0.0479906 255 0 0
0.3439658 -0.0960902 -0.0488123 255 0 0
0.3439516 -0.0974919 -0.0487677 255 0 0
0.3439373 -0.0988936 -0.0487230 255 0 0
0.3442383 -0.1003391 -0.0491105 255 0 0
0.3442240 -0.1017396 -0.0490658 255 0 0
0.3445244 -0.1031812 -0.0494527 255 0 0
0.3448243 -0.1046202 -0.0498389 255 0 0
0.3454366 -0.1060951 -0.0506536 255 0 0
0.3447959 -0.1074162 -0.0497498 255 0 0
0.3450952 -0.1088502 -0.0501353 255 0 0
0.3377822 0.1081904 -0.0415302 255 0 0
0.3380969 0.1065156 -0.0419349 255 0 0
0.3406941 0.1032115 -0.0454618 255 0 0
0.3410035 0.1015552 -0.0458594 255 0 0
0.3409891 0.1001305 -0.0458140 255 0 0
0.3409746 0.0987058 -0.0457686 255 0 0
0.3406361 0.0975075 -0.0452799 255 0 0
0.3402970 0.0963070 -0.0447902 255 0 0
0.3396315 0.0953293 -0.0438539 255 0 0
0.3396170 0.0938993 -0.0438083 255 0 0
0.3392761 0.0926921 -0.0433160 255 0 0
0.3392615 0.0912608 -0.0432703 255 0 0
0.3382639 0.0904923 -0.0418792 255 0 0
0.3382494 0.0890570 -0.0418335 255 0 0
0.3382348 0.0876216 -0.0417877 255 0 0
0.3382202 0.0861863 -0.0417419 255 0 0
0.3382057 0.0847509 -0.0416962 255 0 0
0.3385194 0.0831008 -0.0421000 255 0 0
0.3381765 0.0818802 -0.0416047 255 0 0
0.3384903 0.0802327 -0.0420085 255 0 0
0.3391307 0.0783783 -0.0428596 255 0 0
0.3387890 0.0771555 -0.0423659 255 0 0
0.3394282 0.0753084 -0.0432155 255 0 0
0.3397397 0.0736731 -0.0436164 255 0 0
0.3397252 0.0722442 -0.0435708 255 0 0
0.3400361 0.0706131 -0.0439710 255 0 0
0.3409944 0.0685850 -0.0452579 255 0 0
0.3413030 0.0669633 -0.0456550 255 0 0
0.3422542 0.0649527 -0.0469325 255 0 0
0.3435207 0.0627591 -0.0486419 255 0 0
0.3435064 0.0613459 -0.0485969 255 0 0
0.3438104 0.0597425 -0.0489880 255 0 0
0.3441112 0.0581437 -0.0493748 255 0 0
0.3440996 0.0567313 -0.0493335 255 0 0
0.3447194 0.0549498 -0.0501574 255 0 0
0.3447050 0.0535416 -0.0501125 255 0 0
0.3453225 0.0517691 -0.0509334 255 0 0
0.3459351 0.0500045 -0.0517476 255 0 0
0.3465481 0.0482448 -0.0525626 255 0 0
0.3471589 0.0464913 -0.0533747 255 0 0
0.3502352 0.0433613 -0.0575663 255 0 0
0.3511380 0.0414657 -0.0587789 255 0 0
0.3520359 0.0395801 -0.0599850 255 0 0
0.3526272 0.0378700 -0.0607709 255 0 0
0.3532165 0.0361660 -0.0615540 255 0 0
0.3532052 0.0347912 -0.0615139 255 0 0
0.3537923 0.0330956 -0.0622942 255 0 0
0.3537784 0.0317246 -0.0622505 255 0 0
0.3543635 0.0300375 -0.0630283 255 0 0
0.3543496 0.0286689 -0.0629846 255 0 0
0.3546345 0.0271451 -0.0633507 255 0 0
0.3546205 0.0257777 -0.0633070 255 0 0
0.3549049 0.0242577 -0.0636725 255 0 0
0.3548910 0.0228916 -0.0636289 255 0 0
0.3548758 0.0215260 -0.0635836 255 0 0
0.3548481 0.0187936 -0.0634965 255 0 0
0.3551320 0.0172811 -0.0638614 255 0 0
0.3551181 0.0159160 -0.0638179 255 0 0
0.3559945 0.0141208 -0.0649959 255 0 0
0.3559807 0.0127593 -0.0649525 255 0 0
0.3565578 0.0111170 -0.0657200 255 0 0
0.3568388 0.0096191 -0.0660811 255 0 0
0.3577060 0.0078498 -0.0672470 255 0 0
0.3579850 0.0063599 -0.0676055 255 0 0
0.3585551 0.0047388 -0.0683637 255 0 0
0.3591232 0.0031233 -0.0691192 255 0 0
0.3591095 0.0017748 -0.0690762 255 0 0
0.3593860 0.0002967 -0.0694316 255 0 0
0.3593723 -0.0010507 -0.0693886 255 0 0
0.3593586 -0.0023981 -0.0693457 255 0 0
0.3596347 -0.0038714 -0.0697005 255 0 0
0.3599089 -0.0053415 -0.0700529 255 0 0
0.3598952 -0.0066866 -0.0700100 255 0 0
0.3598816 -0.0080317 -0.0699671 255 0 0
0.3601567 -0.0094976 -0.0703208 255 0 0
0.3598543 -0.0107219 -0.0698813 255 0 0
0.3598406 -0.0120670 -0.0698384 255 0 0
0.3595377 -0.0132946 -0.0693982 255 0 0
0.3595240 -0.0146409 -0.0693553 255 0 0
0.3595103 -0.0159872 -0.0693124 255 0 0
0.3592068 -0.0172194 -0.0688713 255 0 0
0.3594830 -0.0186799 -0.0692265 255 0 0
0.3591794 -0.0199144 -0.0687853 255 0 0
0.3588753 -0.0211510 -0.0683434 255 0 0
0.3585707 -0.0223898 -0.0679007 255 0 0
0.3582656 -0.0236308 -0.0674573 255 0 0
0.3582519 -0.0249819 -0.0674143 255 0 0
0.3579462 -0.0262262 -0.0669700 255 0 0
0.3579325 -0.0275785 -0.0669269 255 0 0
0.3576263 -0.0288262 -0.0664818 255 0 0
0.3573196 -0.0300761 -0.0660360 255 0 0
0.3549305 -0.0319698 -0.0627035 255 0 0
0.3497833 -0.0315819 -0.0556036 255 0 0
0.3457243 -0.0330085 -0.0499737 255 0 0
0.3457100 -0.0344097 -0.0499291 255 0 0
0.3450670 -0.0356065 -0.0490198 255 0 0
0.3444216 -0.0368077 -0.0481072 255 0 0
0.3440908 -0.0381137 -0.0476272 255 0 0
0.3437595 -0.0394221 -0.0471464 255 0 0
0.3434276 -0.0407329 -0.0466647 255 0 0
0.3437309 -0.0422399 -0.0470566 255 0 0
0.3430807 -0.0434575 -0.0461371 255 0 0
0.3417876 -0.0444895 -0.0443332 255 0 0
0.3408080 -0.0456236 -0.0429604 255 0 0
0.3417588 -0.0473229 -0.0442429 255 0 0
0.3417445 -0.0487396 -0.0441978 255 0 0
0.3414088 -0.0500662 -0.0437107 255 0 0
0.3420363 -0.0516617 -0.0445485 255 0 0
0.3423420 -0.0531644 -0.0449437 255 0 0
0.3426472 -0.0546644 -0.0453383 255 0 0
0.3426328 -0.0560772 -0.0452932 255 0 0
0.3429374 -0.0575732 -0.0456870 255 0 0
0.3429230 -0.0589848 -0.0456420 255 0 0
0.3432271 -0.0604768 -0.0460352 255 0 0
0.3435306 -0.0619661 -0.0464276 255 0 0
0.3438322 -0.0634523 -0.0468175 255 0 0
0.3438179 -0.0648601 -0.0467726 255 0 0
0.3441203 -0.0663428 -0.0471637 255 0 0
0.3441060 -0.0677494 -0.0471188 255 0 0
0.3440917 -0.0691559 -0.0470740 255 0 0
0.3440774 -0.0705625 -0.0470291 255 0 0
0.3437464 -0.0718995 -0.0465481 255 0 0
0.3434148 -0.0732388 -0.0460663 255 0 0
0.3430825 -0.0745806 -0.0455836 255 0 0
0.3427496 -0.0759249 -0.0451000 255 0 0
0.3424162 -0.0772716 -0.0446156 255 0 0
0.3420821 -0.0786208 -0.0441302 255 0 0
0.3420678 -0.0800352 -0.0440851 255 0 0
0.3423731 -0.0815108 -0.0444804 255 0 0
0.3423588 -0.0829239 -0.0444353 255 0 0
0.3426636 -0.0843957 -0.0448299 255 0 0
0.3429679 -0.0858647 -0.0452238 255 0 0
0.3432716 -0.0873311 -0.0456170 255 0 0
0.3435748 -0.0887949 -0.0460094 255 0 0
0.3441938 -0.0903090 -0.0468370 255 0 0
0.3441795 -0.0917145 -0.0467921 255 0 0
0.3444811 -0.0931704 -0.0471825 255 0 0
0.3447820 -0.0946236 -0.0475721 255 0 0
0.3453966 -0.0961217 -0.0483939 255 0 0
0.3453823 -0.0975222 -0.0483492 255 0 0
0.3456817 -0.0989676 -0.0487367 255 0 0
0.3453539 -0.1003231 -0.0482599 255 0 0
0.3459663 -0.1018084 -0.0490790 255 0 0
0.3462646 -0.1032473 -0.0494651 255 0 0
0.3462504 -0.1046441 -0.0494206 255 0 0
0.3465482 -0.1060792 -0.0498061 255 0 0
0.3465326 -0.1074745 -0.0497597 255 0 0
0.3389282 0.1082084 -0.0406564 255 0 0
0.3392420 0.1065337 -0.0410619 255 0 0
0.3415072 0.1034615 -0.0441505 255 0 0
0.3418162 0.1018033 -0.0445498 255 0 0
0.3421246 0.1001483 -0.0449483 255 0 0
0.3424325 0.0984963 -0.0453461 255 0 0
0.3424180 0.0970729 -0.0453007 255 0 0
0.3420812 0.0958742 -0.0448120 255 0 0
0.3417438 0.0946733 -0.0443224 255 0 0
0.3414057 0.0934701 -0.0438319 255 0 0
0.3410670 0.0922647 -0.0433405 255 0 0
0.3407277 0.0910571 -0.0428482 255 0 0
0.3403878 0.0898472 -0.0423550 255 0 0
0.3400472 0.0886351 -0.0418608 255 0 0
0.3400327 0.0872024 -0.0418151 255 0 0
0.3396915 0.0859867 -0.0413200 255 0 0
0.3396769 0.0845527 -0.0412743 255 0 0
0.3399891 0.0829042 -0.0416780 255 0 0
0.3403006 0.0812589 -0.0420811 255 0 0
0.3402861 0.0798274 -0.0420354 255 0 0
0.3405970 0.0781864 -0.0424377 255 0 0
0.3409075 0.0765484 -0.0428393 255 0 0
0.3408930 0.0751196 -0.0427937 255 0 0
0.3412028 0.0734858 -0.0431946 255 0 0
0.3411883 0.0720583 -0.0431491 255 0 0
0.3418208 0.0702274 -0.0439942 255 0 0
0.3418064 0.0688024 -0.0439487 255 0 0
0.3421145 0.0671790 -0.0443475 255 0 0
0.3427436 0.0653620 -0.0451880 255 0 0
0.3443263 0.0629712 -0.0473417 255 0 0
0.3446299 0.0613649 -0.0477344 255 0 0
0.3449330 0.0597615 -0.0481264 255 0 0
0.3455518 0.0579728 -0.0489531 255 0 0
0.3455375 0.0565634 -0.0489082 255 0 0
0.3461540 0.0547838 -0.0497320 255 0 0
0.3464544 0.0531935 -0.0501205 255 0 0
0.3470675 0.0514248 -0.0509399 255 0 0
0.3473662 0.0498419 -0.0513261 255 0 0
0.3485980 0.0477293 -0.0529978 255 0 0
0.3510479 0.0449370 -0.0563475 255 0 0
0.3528598 0.0425234 -0.0588188 255 0 0
0.3537516 0.0406384 -0.0600227 255 0 0
0.3546386 0.0387634 -0.0612202 255 0 0
0.3549240 0.0372266 -0.0615888 255 0 0
0.3555071 0.0355297 -0.0623677 255 0 0
0.3560881 0.0338388 -0.0631438 255 0 0
0.3563709 0.0323131 -0.0635090 255 0 0
0.3566532 0.0307901 -0.0638737 255 0 0
0.3566394 0.0294264 -0.0638302 255 0 0
0.3569199 0.0279079 -0.0641925 255 0 0
0.3572012 0.0263914 -0.0645558 255 0 0
0.3571874 0.0250300 -0.0645124 255 0 0
0.3568784 0.0238201 -0.0640621 255 0 0
0.3568646 0.0224575 -0.0640187 255 0 0
0.3568507 0.0210949 -0.0639752 255 0 0
0.3568369 0.0197323 -0.0639318 255 0 0
0.3568231 0.0183696 -0.0638883 255 0 0
0.3568092 0.0170070 -0.0638449 255 0 0
0.3570907 0.0154999 -0.0642085 255 0 0
0.3573716 0.0139956 -0.0645716 255 0 0
0.3573578 0.0126353 -0.0645282 255 0 0
0.3573466 0.0112737 -0.0644884 255 0 0
0.3582141 0.0094969 -0.0656606 255 0 0
0.3587853 0.0078661 -0.0664242 255 0 0
0.3590633 0.0063762 -0.0667834 255 0 0
0.3596315 0.0047550 -0.0675430 255 0 0
0.3599080 0.0032717 -0.0679003 255 0 0
0.3601841 0.0017910 -0.0682570 255 0 0
0.3604596 0.0003128 -0.0686130 255 0 0
0.3601567 -0.0009061 -0.0681709 255 0 0
0.3610080 -0.0026353 -0.0693215 255 0 0
0.3607061 -0.0038547 -0.0688809 255 0 0
0.3609807 -0.0053254 -0.0692357 255 0 0
0.3609670 -0.0066705 -0.0691928 255 0 0
0.3609534 -0.0080156 -0.0691499 255 0 0
0.3612276 -0.0094815 -0.0695043 255 0 0
0.3612139 -0.0108255 -0.0694615 255 0 0
0.3609124 -0.0120509 -0.0690213 255 0 0
0.3608988 -0.0133961 -0.0689784 255 0 0
0.3608851 -0.0147412 -0.0689355 255 0 0
0.3608715 -0.0160864 -0.0688926 255 0 0
0.3608578 -0.0174315 -0.0688497 255 0 0
0.3605557 -0.0186639 -0.0684086 255 0 0
0.3605421 -0.0200102 -0.0683657 255 0 0
0.3602395 -0.0212459 -0.0679238 255 0 0
0.3599363 -0.0224837 -0.0674811 255 0 0
0.3599226 -0.0238324 -0.0674381 255 0 0
0.3596189 -0.0250736 -0.0669946 255 0 0
0.3596052 -0.0264235 -0.0669516 255 0 0
0.3595915 -0.0277735 -0.0669085 255 0 0
0.3592873 -0.0290192 -0.0664642 255 0 0
0.3589825 -0.0302671 -0.0660191 255 0 0
0.3580925 -0.0313122 -0.0647656 255 0 0
0.3568908 -0.0336218 -0.0630569 255 0 0
0.3539014 -0.0339755 -0.0589026 255 0 0
0.3477624 -0.0347024 -0.0503711 255 0 0
0.3464991 -0.0356923 -0.0486005 255 0 0
0.3452266 -0.0366895 -0.0468170 255 0 0
0.3458427 -0.0382976 -0.0476432 255 0 0
0.3455136 -0.0396038 -0.0471633 255 0 0
0.3454992 -0.0410102 -0.0471184 255 0 0
0.3454850 -0.0424166 -0.0470735 255 0 0
0.3451552 -0.0437277 -0.0465926 255 0 0
0.3438732 -0.0447579 -0.0447954 255 0 0
0.3422611 -0.0457013 -0.0425416 255 0 0
0.3428876 -0.0473063 -0.0433823 255 0 0
0.3428732 -0.0487230 -0.0433372 255 0 0
0.3425387 -0.0500496 -0.0428494 255 0 0
0.3431640 -0.0516452 -0.0436887 255 0 0
0.3431497 -0.0530607 -0.0436437 255 0 0
0.3434543 -0.0545621 -0.0440396 255 0 0
0.3437585 -0.0560608 -0.0444350 255 0 0
0.3440620 -0.0575568 -0.0448295 255 0 0
0.3443651 -0.0590500 -0.0452235 255 0 0
0.3446675 -0.0605406 -0.0456167 255 0 0
0.3446532 -0.0619497 -0.0455717 255 0 0
0.3449538 -0.0634360 -0.0459623 255 0 0
0.3452552 -0.0649199 -0.0463541 255 0 0
0.3452409 -0.0663265 -0.0463093 255 0 0
0.3455417 -0.0678064 -0.0467003 255 0 0
0.3455274 -0.0692118 -0.0466555 255 0 0
0.3451980 -0.0705463 -0.0461747 255 0 0
0.3451838 -0.0719529 -0.0461299 255 0 0
0.3445374 -0.0732225 -0.0452104 255 0 0
0.3442062 -0.0745643 -0.0447268 255 0 0
0.3435563 -0.0758422 -0.0438023 255 0 0
0.3435419 -0.0772553 -0.0437573 255 0 0
0.3432089 -0.0786045 -0.0432711 255 0 0
0.3431945 -0.0800189 -0.0432260 255 0 0
0.3434989 -0.0814946 -0.0436221 255 0 0
0.3438027 -0.0829676 -0.0440174 255 0 0
0.3437884 -0.0843794 -0.0439724 255 0 0
0.3440916 -0.0858485 -0.0443670 255 0 0
0.3447108 -0.0873707 -0.0451991 255 0 0
0.3450124 -0.0888331 -0.0455916 255 0 0
0.3453134 -0.0902929 -0.0459833 255 0 0
0.3456139 -0.0917500 -0.0463744 255 0 0
0.3459139 -0.0932046 -0.0467647 255 0 0
0.3462133 -0.0946564 -0.0471543 255 0 0
0.3465122 -0.0961057 -0.0475433 255 0 0
0.3468105 -0.0975524 -0.0479315 255 0 0
0.3471083 -0.0989965 -0.0483190 255 0 0
0.3470941 -0.1003945 -0.0482745 255 0 0
0.3470799 -0.1017924 -0.0482299 255 0 0
0.3473772 -0.1032314 -0.0486168 255 0 0
0.3479831 -0.1047073 -0.0494312 255 0 0
0.3479548 -0.1074958 -0.0493422 255 0 0
0.3363756 -0.1104396 -0.0332226 255 0 0
0.3407282 0.1077504 -0.0406860 255 0 0
0.3407136 0.1063152 -0.0406403 255 0 0
0.3419982 0.1039448 -0.0423896 255 0 0
0.3429528 0.1018212 -0.0436832 255 0 0
0.3435815 0.0999375 -0.0445266 255 0 0
0.3435670 0.0985141 -0.0444812 255 0 0
0.3435526 0.0970907 -0.0444357 255 0 0
0.3435381 0.0956673 -0.0443904 255 0 0
0.3435237 0.0942439 -0.0443450 255 0 0
0.3431878 0.0930425 -0.0438553 255 0 0
0.3425289 0.0920605 -0.0429190 255 0 0
0.3421913 0.0908538 -0.0424268 255 0 0
0.3415287 0.0898650 -0.0414852 255 0 0
0.3415141 0.0884336 -0.0414396 255 0 0
0.3414996 0.0870023 -0.0413939 255 0 0
0.3414851 0.0855709 -0.0413482 255 0 0
0.3411455 0.0843547 -0.0408532 255 0 0
0.3411310 0.0829220 -0.0408075 255 0 0
0.3414415 0.0812766 -0.0412113 255 0 0
0.3417514 0.0796343 -0.0416143 255 0 0
0.3420607 0.0779949 -0.0420167 255 0 0
0.3423695 0.0763585 -0.0424183 255 0 0
0.3426778 0.0747252 -0.0428191 255 0 0
0.3423405 0.0735035 -0.0423272 255 0 0
0.3429709 0.0716699 -0.0431738 255 0 0
0.3429565 0.0702450 -0.0431283 255 0 0
0.3435845 0.0684207 -0.0439719 255 0 0
0.3435701 0.0669984 -0.0439265 255 0 0
0.3441960 0.0651834 -0.0447671 255 0 0
0.3454537 0.0629887 -0.0464822 255 0 0
0.3460727 0.0611909 -0.0473135 255 0 0
0.3463742 0.0595891 -0.0477054 255 0 0
0.3466751 0.0579901 -0.0480967 255 0 0
0.3472895 0.0562080 -0.0489220 255 0 0
0.3472753 0.0548010 -0.0488772 255 0 0
0.3478875 0.0530278 -0.0496996 255 0 0
0.3484976 0.0512610 -0.0505190 255 0 0
0.3491055 0.0495005 -0.0513355 255 0 0
0.3497111 0.0477464 -0.0521490 255 0 0
0.3527619 0.0446080 -0.0563478 255 0 0
0.3548620 0.0420310 -0.0592307 255 0 0
0.3563421 0.0398185 -0.0612555 255 0 0
0.3566255 0.0382835 -0.0616235 255 0 0
0.3566115 0.0369149 -0.0615798 255 0 0
0.3571906 0.0352216 -0.0623573 255 0 0
0.3574725 0.0336947 -0.0627233 255 0 0
0.3574587 0.0323297 -0.0626798 255 0 0
0.3583276 0.0304920 -0.0638590 255 0 0
0.3583138 0.0291307 -0.0638156 255 0 0
0.3582999 0.0277693 -0.0637721 255 0 0
0.3585798 0.0262543 -0.0641356 255 0 0
0.3585660 0.0248940 -0.0640922 255 0 0
0.3588454 0.0233828 -0.0644550 255 0 0
0.3585384 0.0221736 -0.0640054 255 0 0
0.3582309 0.0209622 -0.0635551 255 0 0
0.3582171 0.0196008 -0.0635116 255 0 0
0.3582032 0.0182393 -0.0634682 255 0 0
0.3584832 0.0167326 -0.0638319 255 0 0
0.3584694 0.0153723 -0.0637885 255 0 0
0.3584555 0.0140120 -0.0637451 255 0 0
0.3587351 0.0125102 -0.0641083 255 0 0
0.3587213 0.0111511 -0.0640649 255 0 0
0.3592926 0.0095145 -0.0648327 255 0 0
0.3598620 0.0078836 -0.0655977 255 0 0
0.3601390 0.0063937 -0.0659576 255 0 0
0.3607080 0.0047713 -0.0667223 255 0 0
0.3609835 0.0032880 -0.0670803 255 0 0
0.3612586 0.0018072 -0.0674377 255 0 0
0.3615333 0.0003290 -0.0677945 255 0 0
0.3615196 -0.0010184 -0.0677515 255 0 0
0.3617938 -0.0024929 -0.0681077 255 0 0
0.3620636 -0.0039631 -0.0684578 255 0 0
0.3623368 -0.0054325 -0.0688129 255 0 0
0.3620389 -0.0066544 -0.0683757 255 0 0
0.3623121 -0.0081215 -0.0687307 255 0 0
0.3625823 -0.0095850 -0.0690815 255 0 0
0.3625686 -0.0109278 -0.0690387 255 0 0
0.3622712 -0.0121534 -0.0686022 255 0 0
0.3622576 -0.0134974 -0.0685593 255 0 0
0.3625278 -0.0149563 -0.0689102 255 0 0
0.3625167 -0.0163001 -0.0688710 255 0 0
0.3622167 -0.0175294 -0.0684307 255 0 0
0.3619160 -0.0187607 -0.0679896 255 0 0
0.3619023 -0.0201059 -0.0679467 255 0 0
0.3616012 -0.0213406 -0.0675049 255 0 0
0.3612995 -0.0225774 -0.0670622 255 0 0
0.3612858 -0.0239250 -0.0670192 255 0 0
0.3612721 -0.0252726 -0.0669762 255 0 0
0.3609699 -0.0265139 -0.0665327 255 0 0
0.3609562 -0.0278627 -0.0664897 255 0 0
0.3606534 -0.0291074 -0.0660454 255 0 0
0.3606398 -0.0304574 -0.0660024 255 0 0
0.3603365 -0.0317055 -0.0655573 255 0 0
0.3591591 -0.0326521 -0.0638987 255 0 0
0.3582673 -0.0337062 -0.0626363 255 0 0
0.3564708 -0.0358317 -0.0600933 255 0 0
0.3534644 -0.0362066 -0.0558941 255 0 0
0.3516292 -0.0369893 -0.0533209 255 0 0
0.3497742 -0.0377804 -0.0507199 255 0 0
0.3485087 -0.0401780 -0.0489127 255 0 0
0.3472469 -0.0411888 -0.0471352 255 0 0
0.3475454 -0.0426886 -0.0475249 255 0 0
0.3472185 -0.0439965 -0.0470457 255 0 0
0.3475170 -0.0454938 -0.0474355 255 0 0
0.3443492 -0.0459669 -0.0430095 255 0 0
0.3440163 -0.0472897 -0.0425218 255 0 0
0.3440019 -0.0487065 -0.0424766 255 0 0
0.3439876 -0.0501232 -0.0424314 255 0 0
0.3442917 -0.0516287 -0.0428289 255 0 0
0.3445954 -0.0531314 -0.0432257 255 0 0
0.3448985 -0.0546314 -0.0436217 255 0 0
0.3448842 -0.0560443 -0.0435767 255 0 0
0.3448698 -0.0574572 -0.0435316 255 0 0
0.3458044 -0.0591151 -0.0448056 255 0 0
0.3457901 -0.0605242 -0.0447607 255 0 0
0.3457758 -0.0619333 -0.0447158 255 0 0
0.3460767 -0.0634199 -0.0451090 255 0 0
0.3463758 -0.0649036 -0.0454997 255 0 0
0.3466756 -0.0663848 -0.0458916 255 0 0
0.3469749 -0.0678635 -0.0462827 255 0 0
0.3463329 -0.0691234 -0.0453652 255 0 0
0.3463187 -0.0705300 -0.0453203 255 0 0
0.3459896 -0.0718669 -0.0448378 255 0 0
0.3456601 -0.0732063 -0.0443544 255 0 0
0.3453298 -0.0745480 -0.0438701 255 0 0
0.3449990 -0.0758923 -0.0433850 255 0 0
0.3443500 -0.0771738 -0.0424571 255 0 0
0.3443357 -0.0785882 -0.0424120 255 0 0
0.3446390 -0.0800652 -0.0428088 255 0 0
0.3446247 -0.0814783 -0.0427638 255 0 0
0.3449274 -0.0829514 -0.0431598 255 0 0
0.3449131 -0.0843632 -0.0431148 255 0 0
0.3455313 -0.0858895 -0.0439500 255 0 0
0.3461473 -0.0874102 -0.0447820 255 0 0
0.3464474 -0.0888713 -0.0451745 255 0 0
0.3470600 -0.0903826 -0.0460021 255 0 0
0.3473584 -0.0918370 -0.0463924 255 0 0
0.3473442 -0.0932387 -0.0463476 255 0 0
0.3476420 -0.0946893 -0.0467373 255 0 0
0.3479393 -0.0961372 -0.0471263 255 0 0
0.3482361 -0.0975826 -0.0475145 255 0 0
0.3482219 -0.0989805 -0.0474699 255 0 0
0.3488281 -0.1004655 -0.0482890 255 0 0
0.3494308 -0.1019450 -0.0491031 255 0 0
0.3494166 -0.1033380 -0.0490586 255 0 0
0.3490937 -0.1046914 -0.0485843 255 0 0
0.3490795 -0.1060857 -0.0485398 255 0 0
0.3493742 -0.1075170 -0.0489254 255 0 0
0.3487418 -0.1088383 -0.0480201 255 0 0
0.3421971 0.1075311 -0.0402651 255 0 0
0.3431524 0.1053927 -0.0415663 255 0 0
0.3437825 0.1034972 -0.0424159 255 0 0
0.3444102 0.1016087 -0.0432622 255 0 0
0.3450356 0.0997271 -0.0441055 255 0 0
0.3450212 0.0983050 -0.0440602 255 0 0
0.3450068 0.0968829 -0.0440148 255 0 0
0.3449924 0.0954608 -0.0439695 255 0 0
0.3449779 0.0940386 -0.0439242 255 0 0
0.3446438 0.0928382 -0.0434346 255 0 0
0.3439881 0.0918567 -0.0424983 255 0 0
0.3436521 0.0906509 -0.0420061 255 0 0
0.3433155 0.0894429 -0.0415130 255 0 0
0.3429783 0.0882326 -0.0410190 255 0 0
0.3429638 0.0868025 -0.0409734 255 0 0
0.3426259 0.0855887 -0.0404784 255 0 0
0.3429347 0.0839423 -0.0408821 255 0 0
0.3432430 0.0822990 -0.0412851 255 0 0
0.3429057 0.0810821 -0.0407909 255 0 0
0.3432140 0.0794414 -0.0411940 255 0 0
0.3435218 0.0778037 -0.0415964 255 0 0
0.3438289 0.0761690 -0.0419980 255 0 0
0.3438145 0.0747428 -0.0419525 255 0 0
0.3441210 0.0731124 -0.0423534 255 0 0
0.3444271 0.0714850 -0.0427536 255 0 0
0.3447326 0.0698606 -0.0431530 255 0 0
0.3447182 0.0684382 -0.0431077 255 0 0
0.3450231 0.0668181 -0.0435064 255 0 0
0.3456457 0.0650051 -0.0443469 255 0 0
0.3465811 0.0630061 -0.0456226 255 0 0
0.3471980 0.0612083 -0.0464554 255 0 0
0.3478127 0.0594170 -0.0472853 255 0 0
0.3477984 0.0580075 -0.0472403 255 0 0
0.3484108 0.0562252 -0.0480672 255 0 0
0.3487091 0.0546337 -0.0484571 255 0 0
0.3493183 0.0528623 -0.0492795 255 0 0
0.3499252 0.0510974 -0.0500989 255 0 0
0.3502207 0.0495177 -0.0504853 255 0 0
0.3517470 0.0472337 -0.0525841 255 0 0
0.3544699 0.0442802 -0.0563481 255 0 0
0.3568535 0.0415411 -0.0596403 255 0 0
0.3571369 0.0400020 -0.0600103 255 0 0
0.3571230 0.0386310 -0.0599666 255 0 0
0.3577022 0.0369316 -0.0607483 255 0 0
0.3582793 0.0352383 -0.0615273 255 0 0
0.3585602 0.0337113 -0.0618940 255 0 0
0.3594263 0.0318700 -0.0630752 255 0 0
0.3597052 0.0303513 -0.0634393 255 0 0
0.3596914 0.0289912 -0.0633959 255 0 0
0.3599698 0.0274764 -0.0637593 255 0 0
0.3599560 0.0261173 -0.0637160 255 0 0
0.3599422 0.0247583 -0.0636727 255 0 0
0.3599285 0.0233993 -0.0636293 255 0 0
0.3599147 0.0220402 -0.0635860 255 0 0
0.3599009 0.0206812 -0.0635426 255 0 0
0.3598871 0.0193221 -0.0634992 255 0 0
0.3595810 0.0181093 -0.0630488 255 0 0
0.3595672 0.0167490 -0.0630055 255 0 0
0.3595534 0.0153887 -0.0629621 255 0 0
0.3598319 0.0138857 -0.0633259 255 0 0
0.3601100 0.0123854 -0.0636891 255 0 0
0.3600962 0.0110274 -0.0636458 255 0 0
0.3603738 0.0095308 -0.0640084 255 0 0
0.3609412 0.0078999 -0.0647749 255 0 0
0.3615067 0.0062747 -0.0655386 255 0 0
0.3617818 0.0047887 -0.0658980 255 0 0
0.3620565 0.0033054 -0.0662567 255 0 0
0.3623306 0.0018246 -0.0666148 255 0 0
0.3623170 0.0004760 -0.0665718 255 0 0
0.3625907 -0.0010011 -0.0669293 255 0 0
0.3631491 -0.0026019 -0.0676836 255 0 0
0.3631354 -0.0039470 -0.0676407 255 0 0
0.3631218 -0.0052921 -0.0675978 255 0 0
0.3633941 -0.0067604 -0.0679535 255 0 0
0.3633805 -0.0081043 -0.0679106 255 0 0
0.3636523 -0.0095689 -0.0682657 255 0 0
0.3633532 -0.0107923 -0.0678249 255 0 0
0.3639100 -0.0123727 -0.0685775 255 0 0
0.3638964 -0.0137143 -0.0685347 255 0 0
0.3638828 -0.0150560 -0.0684919 255 0 0
0.3635842 -0.0162831 -0.0680516 255 0 0
0.3635705 -0.0176260 -0.0680088 255 0 0
0.3635569 -0.0189688 -0.0679660 255 0 0
0.3632603 -0.0202014 -0.0675285 255 0 0
0.3629606 -0.0214351 -0.0670866 255 0 0
0.3632305 -0.0228886 -0.0674392 255 0 0
0.3629307 -0.0241246 -0.0669972 255 0 0
0.3629170 -0.0254699 -0.0669543 255 0 0
0.3629034 -0.0268151 -0.0669114 255 0 0
0.3626031 -0.0280557 -0.0664686 255 0 0
0.3623023 -0.0292985 -0.0660250 255 0 0
0.3620035 -0.0305443 -0.0655843 255 0 0
0.3619872 -0.0318922 -0.0655377 255 0 0
0.3619736 -0.0332410 -0.0654947 255 0 0
0.3610938 -0.0342913 -0.0642431 255 0 0
0.3610801 -0.0356436 -0.0642000 255 0 0
0.3610664 -0.0369960 -0.0641568 255 0 0
0.3598906 -0.0379620 -0.0624919 255 0 0
0.3592927 -0.0391273 -0.0616333 255 0 0
0.3583989 -0.0402014 -0.0603617 255 0 0
0.3536158 -0.0400370 -0.0536609 255 0 0
0.3574877 -0.0426483 -0.0590414 255 0 0
0.3553911 -0.0433650 -0.0560902 255 0 0
0.3499042 -0.0430545 -0.0484058 255 0 0
0.3492705 -0.0442638 -0.0474962 255 0 0
0.3492563 -0.0456638 -0.0474516 255 0 0
0.3483085 -0.0467878 -0.0461034 255 0 0
0.3473555 -0.0479179 -0.0447477 255 0 0
0.3457652 -0.0488724 -0.0425020 255 0 0
0.3454338 -0.0501967 -0.0420142 255 0 0
0.3454195 -0.0516121 -0.0419691 255 0 0
0.3454051 -0.0530276 -0.0419240 255 0 0
0.3457078 -0.0545291 -0.0423216 255 0 0
0.3466409 -0.0561965 -0.0436000 255 0 0
0.3466266 -0.0576068 -0.0435550 255 0 0
0.3466123 -0.0590172 -0.0435100 255 0 0
0.3469128 -0.0605078 -0.0439048 255 0 0
0.3475249 -0.0620741 -0.0447350 255 0 0
0.3475107 -0.0634807 -0.0446902 255 0 0
0.3471827 -0.0648111 -0.0442071 255 0 0
0.3477952 -0.0663685 -0.0450379 255 0 0
0.3477809 -0.0677739 -0.0449931 255 0 0
0.3477666 -0.0691792 -0.0449483 255 0 0
0.3474393 -0.0705137 -0.0444659 255 0 0
0.3474250 -0.0719204 -0.0444211 255 0 0
0.3470970 -0.0732585 -0.0439377 255 0 0
0.3467685 -0.0745992 -0.0434535 255 0 0
0.3458078 -0.0758096 -0.0420857 255 0 0
0.3457935 -0.0772227 -0.0420406 255 0 0
0.3457791 -0.0786358 -0.0419955 255 0 0
0.3457648 -0.0800489 -0.0419505 255 0 0
0.3457504 -0.0814620 -0.0419054 255 0 0
0.3460522 -0.0829351 -0.0423023 255 0 0
0.3460378 -0.0843470 -0.0422572 255 0 0
0.3466541 -0.0858733 -0.0430940 255 0 0
0.3472680 -0.0873941 -0.0439276 255 0 0
0.3475670 -0.0888552 -0.0443208 255 0 0
0.3481776 -0.0903665 -0.0451499 255 0 0
0.3484750 -0.0918209 -0.0455410 255 0 0
0.3487719 -0.0932728 -0.0459313 255 0 0
0.3487577 -0.0946732 -0.0458867 255 0 0
0.3493640 -0.0961686 -0.0467100 255 0 0
0.3496592 -0.0976127 -0.0470983 255 0 0
0.3496451 -0.0990094 -0.0470538 255 0 0
0.3502481 -0.1004930 -0.0478727 255 0 0
0.3511544 -0.1020130 -0.0491160 255 0 0
0.3508336 -0.1033629 -0.0486425 255 0 0
0.3514324 -0.1048334 -0.0494557 255 0 0
0.3508053 -0.1061464 -0.0485538 255 0 0
0.3507912 -0.1075381 -0.0485094 255 0 0
0.3501619 -0.1088584 -0.0476041 255 0 0
0.3430307 0.1092217 -0.0389875 255 0 0
0.3433400 0.1075490 -0.0393938 255 0 0
0.3433255 0.1061151 -0.0393480 255 0 0
0.3449202 0.1035151 -0.0415485 255 0 0
0.3455458 0.1016265 -0.0423965 255 0 0
0.3464872 0.0995171 -0.0436853 255 0 0
0.3464727 0.0980963 -0.0436400 255 0 0
0.3461403 0.0969007 -0.0431507 255 0 0
0.3464440 0.0952546 -0.0435494 255 0 0
0.3467470 0.0936116 -0.0439473 255 0 0
0.3464151 0.0924129 -0.0434588 255 0 0
0.3460826 0.0912120 -0.0429693 255 0 0
0.3457495 0.0900090 -0.0424788 255 0 0
0.3450958 0.0890222 -0.0415407 255 0 0
0.3447609 0.0878138 -0.0410477 255 0 0
0.3444253 0.0866031 -0.0405537 255 0 0
0.3444108 0.0851743 -0.0405081 255 0 0
0.3443963 0.0837455 -0.0404625 255 0 0
0.3443818 0.0823167 -0.0404170 255 0 0
0.3446885 0.0806764 -0.0408200 255 0 0
0.3449946 0.0790391 -0.0412224 255 0 0
0.3449801 0.0776129 -0.0411768 255 0 0
0.3452856 0.0759799 -0.0415784 255 0 0
0.3452712 0.0745550 -0.0415330 255 0 0
0.3455762 0.0729262 -0.0419339 255 0 0
0.3455617 0.0715026 -0.0418885 255 0 0
0.3458662 0.0698781 -0.0422888 255 0 0
0.3461701 0.0682567 -0.0426883 255 0 0
0.3467906 0.0664410 -0.0435303 255 0 0
0.3470928 0.0648271 -0.0439275 255 0 0
0.3480234 0.0628304 -0.0452032 255 0 0
0.3486371 0.0610345 -0.0460361 255 0 0
0.3489360 0.0594343 -0.0464289 255 0 0
0.3492344 0.0578369 -0.0468210 255 0 0
0.3498437 0.0560566 -0.0476478 255 0 0
0.3504507 0.0542827 -0.0484717 255 0 0
0.3507464 0.0526972 -0.0488602 255 0 0
0.3516583 0.0507541 -0.0501105 255 0 0
0.3528714 0.0486439 -0.0517820 255 0 0
0.3552842 0.0458525 -0.0551315 255 0 0
0.3570688 0.0434404 -0.0576027 255 0 0
0.3582433 0.0413896 -0.0592210 255 0 0
0.3585253 0.0398519 -0.0595911 255 0 0
0.3588068 0.0383169 -0.0599605 255 0 0
0.3593819 0.0366210 -0.0607408 255 0 0
0.3599552 0.0349312 -0.0615185 255 0 0
0.3605263 0.0332472 -0.0622933 255 0 0
0.3605125 0.0318859 -0.0622499 255 0 0
0.3610804 0.0302109 -0.0630203 255 0 0
0.3613574 0.0286963 -0.0633838 255 0 0
0.3613436 0.0273385 -0.0633405 255 0 0
0.3616202 0.0258278 -0.0637034 255 0 0
0.3616064 0.0244711 -0.0636601 255 0 0
0.3613023 0.0232650 -0.0632105 255 0 0
0.3612885 0.0219071 -0.0631672 255 0 0
0.3612748 0.0205492 -0.0631239 255 0 0
0.3612610 0.0191914 -0.0630806 255 0 0
0.3612472 0.0178334 -0.0630373 255 0 0
0.3609426 0.0166204 -0.0625868 255 0 0
0.3612197 0.0151176 -0.0629507 255 0 0
0.3614963 0.0136175 -0.0633139 255 0 0
0.3614825 0.0122607 -0.0632707 255 0 0
0.3614687 0.0109040 -0.0632274 255 0 0
0.3617449 0.0094088 -0.0635900 255 0 0
0.3623095 0.0077795 -0.0643565 255 0 0
0.3625841 0.0062910 -0.0647172 255 0 0
0.3631457 0.0046713 -0.0654797 255 0 0
0.3634189 0.0031894 -0.0658385 255 0 0
0.3634053 0.0018408 -0.0657955 255 0 0
0.3636781 0.0003625 -0.0661537 255 0 0
0.3636644 -0.0009849 -0.0661107 255 0 0
0.3642209 -0.0025858 -0.0668664 255 0 0
0.3642073 -0.0039309 -0.0668235 255 0 0
0.3644786 -0.0054003 -0.0671799 255 0 0
0.3644650 -0.0067443 -0.0671370 255 0 0
0.3647359 -0.0082101 -0.0674928 255 0 0
0.3647223 -0.0095529 -0.0674500 255 0 0
0.3647087 -0.0108957 -0.0674071 255 0 0
0.3649792 -0.0123567 -0.0677624 255 0 0
0.3649656 -0.0136983 -0.0677196 255 0 0
0.3649519 -0.0150400 -0.0676768 255 0 0
0.3649383 -0.0163817 -0.0676340 255 0 0
0.3646406 -0.0176100 -0.0671929 255 0 0
0.3646269 -0.0189528 -0.0671501 255 0 0
0.3646133 -0.0202958 -0.0671073 255 0 0
0.3645997 -0.0216386 -0.0670644 255 0 0
0.3643014 -0.0228726 -0.0666226 255 0 0
0.3642878 -0.0242167 -0.0665798 255 0 0
0.3642742 -0.0255608 -0.0665369 255 0 0
0.3639753 -0.0267992 -0.0660941 255 0 0
0.3636760 -0.0280398 -0.0656506 255 0 0
0.3633761 -0.0292825 -0.0652063 255 0 0
0.3636487 -0.0307327 -0.0655647 255 0 0
0.3633488 -0.0319778 -0.0651204 255 0 0
0.3630483 -0.0332251 -0.0646752 255 0 0
0.3627474 -0.0344746 -0.0642294 255 0 0
0.3627337 -0.0358246 -0.0641863 255 0 0
0.3624322 -0.0370775 -0.0637396 255 0 0
0.3621302 -0.0383325 -0.0632921 255 0 0
0.3612485 -0.0393989 -0.0620314 255 0 0
0.3606535 -0.0405657 -0.0611729 255 0 0
0.3603484 -0.0418304 -0.0607208 255 0 0
0.3591639 -0.0428186 -0.0590350 255 0 0
0.3579584 -0.0451833 -0.0572954 255 0 0
0.3573519 -0.0463717 -0.0564201 255 0 0
0.3561462 -0.0473848 -0.0547040 255 0 0
0.3561322 -0.0487613 -0.0546601 255 0 0
0.3558190 -0.0500502 -0.0541962 255 0 0
0.3555052 -0.0513415 -0.0537314 255 0 0
0.3554912 -0.0527204 -0.0536874 255 0 0
0.3548759 -0.0539308 -0.0527995 255 0 0
0.3542584 -0.0551456 -0.0519083 255 0 0
0.3542444 -0.0565295 -0.0518641 255 0 0
0.3542303 -0.0579135 -0.0518200 255 0 0
0.3539137 -0.0592175 -0.0513511 255 0 0
0.3542022 -0.0606814 -0.0517317 255 0 0
0.3535825 -0.0619104 -0.0508371 255 0 0
0.3505066 -0.0625262 -0.0464937 255 0 0
0.3495631 -0.0636951 -0.0451441 255 0 0
0.3492379 -0.0650221 -0.0446627 255 0 0
0.3489148 -0.0663522 -0.0441843 255 0 0
0.3492094 -0.0678303 -0.0445732 255 0 0
0.3491952 -0.0692344 -0.0445284 255 0 0
0.3488720 -0.0705683 -0.0440498 255 0 0
0.3485457 -0.0719041 -0.0435666 255 0 0
0.3482187 -0.0732423 -0.0430824 255 0 0
0.3482044 -0.0746502 -0.0430376 255 0 0
0.3475630 -0.0759260 -0.0421115 255 0 0
0.3469192 -0.0772064 -0.0411823 255 0 0
0.3465893 -0.0785556 -0.0406938 255 0 0
0.3468905 -0.0800327 -0.0410921 255 0 0
0.3468762 -0.0814458 -0.0410471 255 0 0
0.3468619 -0.0828589 -0.0410020 255 0 0
0.3471627 -0.0843308 -0.0413997 255 0 0
0.3477768 -0.0858571 -0.0422379 255 0 0
0.3483888 -0.0873780 -0.0430731 255 0 0
0.3486867 -0.0888391 -0.0434670 255 0 0
0.3492954 -0.0903504 -0.0442978 255 0 0
0.3495917 -0.0918049 -0.0446896 255 0 0
0.3498876 -0.0932567 -0.0450808 255 0 0
0.3501829 -0.0947060 -0.0454712 255 0 0
0.3507861 -0.0962000 -0.0462945 255 0 0
0.3513871 -0.0976887 -0.0471148 255 0 0
0.3510656 -0.0990382 -0.0466383 255 0 0
0.3525813 -0.1006498 -0.0487449 255 0 0
0.3528718 -0.1020808 -0.0491288 255 0 0
0.3522480 -0.1033877 -0.0482271 255 0 0
0.3537543 -0.1049744 -0.0503210 255 0 0
0.3528296 -0.1062449 -0.0489960 255 0 0
0.3528155 -0.1076330 -0.0489518 255 0 0
0.3515795 -0.1088784 -0.0471888 255 0 0
0.3334591 -0.1111683 -0.0216250 255 0 0
0.3444975 0.1090009 -0.0385681 255 0 0
0.3444830 0.1075670 -0.0385224 255 0 0
0.3447907 0.1058975 -0.0389287 255 0 0
0.3454175 0.1039986 -0.0397827 255 0 0
0.3460434 0.1021056 -0.0406356 255 0 0
0.3476197 0.0995348 -0.0428219 255 0 0
0.3479217 0.0978879 -0.0432205 255 0 0
0.3479073 0.0964684 -0.0431753 255 0 0
0.3478929 0.0950488 -0.0431300 255 0 0
0.3485097 0.0931860 -0.0439704 255 0 0
0.3478641 0.0922097 -0.0430394 255 0 0
0.3478497 0.0907901 -0.0429941 255 0 0
0.3475188 0.0895888 -0.0425046 255 0 0
0.3465514 0.0888214 -0.0411217 255 0 0
0.3465369 0.0873966 -0.0410762 255 0 0
0.3465225 0.0859717 -0.0410307 255 0 0
0.3458697 0.0849766 -0.0400892 255 0 0
0.3461747 0.0833353 -0.0404922 255 0 0
0.3461602 0.0819091 -0.0404467 255 0 0
0.3467830 0.0800619 -0.0412959 255 0 0
0.3464502 0.0788473 -0.0408035 255 0 0
0.3470719 0.0770073 -0.0416513 255 0 0
0.3470575 0.0755850 -0.0416060 255 0 0
0.3467253 0.0743675 -0.0411143 255 0 0
0.3470287 0.0727404 -0.0415153 255 0 0
0.3470142 0.0713181 -0.0414698 255 0 0
0.3473171 0.0696952 -0.0418701 255 0 0
0.3476193 0.0680754 -0.0422696 255 0 0
0.3479211 0.0664585 -0.0426683 255 0 0
0.3482223 0.0648446 -0.0430664 255 0 0
0.3491498 0.0628478 -0.0443444 255 0 0
0.3497615 0.0610519 -0.0451788 255 0 0
0.3503710 0.0592625 -0.0460102 255 0 0
0.3509782 0.0574795 -0.0468386 255 0 0
0.3512739 0.0558883 -0.0472292 255 0 0
0.3518778 0.0541163 -0.0480531 255 0 0
0.3530934 0.0519883 -0.0497365 255 0 0
0.3536908 0.0502328 -0.0505514 255 0 0
0.3570003 0.0469034 -0.0551780 255 0 0
0.3578818 0.0450050 -0.0563926 255 0 0
0.3596447 0.0426081 -0.0588462 255 0 0
0.3605122 0.0407361 -0.0600414 255 0 0
0.3604984 0.0393700 -0.0599979 255 0 0
0.3607773 0.0378395 -0.0603659 255 0 0
0.3613476 0.0361489 -0.0611435 255 0 0
0.3622048 0.0343044 -0.0623246 255 0 0
0.3621910 0.0329454 -0.0622813 255 0 0
0.3621772 0.0315864 -0.0622379 255 0 0
0.3624533 0.0300707 -0.0626021 255 0 0
0.3627288 0.0285576 -0.0629656 255 0 0
0.3627151 0.0272009 -0.0629224 255 0 0
0.3627013 0.0258443 -0.0628791 255 0 0
0.3632647 0.0241849 -0.0636475 255 0 0
0.3629626 0.0229806 -0.0631987 255 0 0
0.3629488 0.0216251 -0.0631555 255 0 0
0.3629351 0.0202696 -0.0631123 255 0 0
0.3626325 0.0190608 -0.0626627 255 0 0
0.3626187 0.0177041 -0.0626194 255 0 0
0.3628938 0.0162030 -0.0629825 255 0 0
0.3628801 0.0148475 -0.0629393 255 0 0
0.3628663 0.0134919 -0.0628960 255 0 0
0.3631411 0.0119958 -0.0632587 255 0 0
0.3631274 0.0106414 -0.0632155 255 0 0
0.3634015 0.0091491 -0.0635774 255 0 0
0.3636753 0.0076593 -0.0639389 255 0 0
0.3639485 0.0061722 -0.0642996 255 0 0
0.3645073 0.0045541 -0.0650622 255 0 0
0.3644936 0.0032056 -0.0650192 255 0 0
0.3644800 0.0018570 -0.0649762 255 0 0
0.3650368 0.0002492 -0.0657363 255 0 0
0.3647381 -0.0009687 -0.0652921 255 0 0
0.3652928 -0.0025696 -0.0660492 255 0 0
0.3655632 -0.0040403 -0.0664062 255 0 0
0.3655496 -0.0053843 -0.0663634 255 0 0
0.3658195 -0.0068512 -0.0667198 255 0 0
0.3658059 -0.0081940 -0.0666770 255 0 0
0.3660755 -0.0096573 -0.0670328 255 0 0
0.3657787 -0.0108797 -0.0665913 255 0 0
0.3657651 -0.0122225 -0.0665485 255 0 0
0.3660347 -0.0136823 -0.0669045 255 0 0
0.3660210 -0.0150240 -0.0668617 255 0 0
0.3660074 -0.0163657 -0.0668189 255 0 0
0.3659938 -0.0177075 -0.0667761 255 0 0
0.3659803 -0.0190492 -0.0667333 255 0 0
0.3659666 -0.0203910 -0.0666905 255 0 0
0.3653861 -0.0215125 -0.0658489 255 0 0
0.3656561 -0.0229656 -0.0662058 255 0 0
0.3653588 -0.0242007 -0.0657632 255 0 0
0.3653452 -0.0255449 -0.0657203 255 0 0
0.3650472 -0.0267833 -0.0652768 255 0 0
0.3647488 -0.0280238 -0.0648326 255 0 0
0.3647352 -0.0293703 -0.0647897 255 0 0
0.3644362 -0.0306142 -0.0643447 255 0 0
0.3641367 -0.0318603 -0.0638989 255 0 0
0.3638368 -0.0331086 -0.0634523 255 0 0
0.3638231 -0.0344587 -0.0634092 255 0 0
0.3635226 -0.0357103 -0.0629619 255 0 0
0.3635088 -0.0370615 -0.0629187 255 0 0
0.3632078 -0.0383166 -0.0624706 255 0 0
0.3631941 -0.0396690 -0.0624274 255 0 0
0.3631804 -0.0410215 -0.0623843 255 0 0
0.3625903 -0.0421881 -0.0615286 255 0 0
0.3614179 -0.0431740 -0.0598515 255 0 0
0.3605296 -0.0442588 -0.0585751 255 0 0
0.3605158 -0.0456220 -0.0585316 255 0 0
0.3593162 -0.0479946 -0.0567918 255 0 0
0.3581207 -0.0490107 -0.0550816 255 0 0
0.3584030 -0.0504706 -0.0554556 255 0 0
0.3583891 -0.0518423 -0.0554118 255 0 0
0.3577822 -0.0530447 -0.0545317 255 0 0
0.3580650 -0.0545023 -0.0549064 255 0 0
0.3568608 -0.0555452 -0.0531835 255 0 0
0.3568469 -0.0569230 -0.0531395 255 0 0
0.3556340 -0.0579783 -0.0514041 255 0 0
0.3550173 -0.0592014 -0.0505096 255 0 0
0.3550033 -0.0605866 -0.0504655 255 0 0
0.3552909 -0.0620493 -0.0508469 255 0 0
0.3549752 -0.0633571 -0.0503771 255 0 0
0.3528344 -0.0642139 -0.0473315 255 0 0
0.3503565 -0.0650058 -0.0438099 255 0 0
0.3503423 -0.0664099 -0.0437651 255 0 0
0.3506380 -0.0678872 -0.0441578 255 0 0
0.3500033 -0.0691461 -0.0432372 255 0 0
0.3499891 -0.0705514 -0.0431924 255 0 0
0.3499748 -0.0719568 -0.0431475 255 0 0
0.3493404 -0.0732260 -0.0422273 255 0 0
0.3496352 -0.0747006 -0.0426186 255 0 0
0.3489969 -0.0759753 -0.0416927 255 0 0
0.3483590 -0.0772552 -0.0407673 255 0 0
0.3483420 -0.0786665 -0.0407184 255 0 0
0.3489541 -0.0802032 -0.0415579 255 0 0
0.3486268 -0.0815514 -0.0410710 255 0 0
0.3489255 -0.0830218 -0.0414680 255 0 0
0.3492235 -0.0844895 -0.0418641 255 0 0
0.3495211 -0.0859545 -0.0422597 255 0 0
0.3504388 -0.0875279 -0.0435313 255 0 0
0.3507341 -0.0889849 -0.0439238 255 0 0
0.3510290 -0.0904393 -0.0443157 255 0 0
0.3513232 -0.0918911 -0.0447068 255 0 0
0.3516197 -0.0933408 -0.0451010 255 0 0
0.3525234 -0.0948839 -0.0463532 255 0 0
0.3528150 -0.0963252 -0.0467407 255 0 0
0.3528008 -0.0977182 -0.0466963 255 0 0
0.3533980 -0.0992004 -0.0475156 255 0 0
0.3539916 -0.1006770 -0.0483300 255 0 0
0.3539776 -0.1020650 -0.0482858 255 0 0
0.3539635 -0.1034530 -0.0482415 255 0 0
0.3542525 -0.1048803 -0.0486257 255 0 0
0.3542385 -0.1062671 -0.0485815 255 0 0
0.3545270 -0.1076906 -0.0489649 255 0 0
0.3532993 -0.1089340 -0.0472051 255 0 0
0.3548010 -0.1104960 -0.0493035 255 0 0
0.3456405 0.1090189 -0.0376967 255 0 0
0.3456259 0.1075850 -0.0376510 255 0 0
0.3459326 0.1059154 -0.0380581 255 0 0
0.3465573 0.1040165 -0.0389137 255 0 0
0.3471811 0.1021235 -0.0397682 255 0 0
0.3487522 0.0995526 -0.0419585 255 0 0
0.3487378 0.0981318 -0.0419132 255 0 0
0.3490388 0.0964861 -0.0423127 255 0 0
0.3493392 0.0948434 -0.0427113 255 0 0
0.3493248 0.0934252 -0.0426661 255 0 0
0.3496247 0.0917867 -0.0430642 255 0 0
0.3496104 0.0903698 -0.0430190 255 0 0
0.3492817 0.0891703 -0.0425304 255 0 0
0.3486370 0.0881856 -0.0415959 255 0 0
0.3483065 0.0869808 -0.0411047 255 0 0
0.3479754 0.0857738 -0.0406125 255 0 0
0.3476437 0.0845646 -0.0401195 255 0 0
0.3473114 0.0833531 -0.0396255 255 0 0
0.3479321 0.0815031 -0.0404763 255 0 0
0.3482344 0.0798696 -0.0408778 255 0 0
0.3482200 0.0784472 -0.0408325 255 0 0
0.3482056 0.0770250 -0.0407871 255 0 0
0.3485073 0.0753969 -0.0411879 255 0 0
0.3484929 0.0739759 -0.0411426 255 0 0
0.3484785 0.0725549 -0.0410973 255 0 0
0.3487797 0.0709324 -0.0414975 255 0 0
0.3487653 0.0695127 -0.0414522 255 0 0
0.3490660 0.0678945 -0.0418517 255 0 0
0.3493662 0.0662792 -0.0422505 255 0 0
0.3496657 0.0646669 -0.0426485 255 0 0
0.3509001 0.0624800 -0.0443666 255 0 0
0.3511970 0.0608785 -0.0447609 255 0 0
0.3521128 0.0589025 -0.0460293 255 0 0
0.3524074 0.0573100 -0.0464206 255 0 0
0.3527015 0.0557203 -0.0468113 255 0 0
0.3533023 0.0539502 -0.0476352 255 0 0
0.3545117 0.0518246 -0.0493186 255 0 0
0.3578160 0.0484767 -0.0539613 255 0 0
0.3592896 0.0462257 -0.0560186 255 0 0
0.3601620 0.0443358 -0.0572267 255 0 0
0.3610297 0.0424559 -0.0584284 255 0 0
0.3616010 0.0407528 -0.0592114 255 0 0
0.3618790 0.0392210 -0.0595801 255 0 0
0.3624473 0.0375281 -0.0603591 255 0 0
0.3633016 0.0356800 -0.0615423 255 0 0
0.3632879 0.0343210 -0.0614989 255 0 0
0.3638512 0.0326440 -0.0622711 255 0 0
0.3641253 0.0311300 -0.0626346 255 0 0
0.3638237 0.0299307 -0.0621846 255 0 0
0.3640978 0.0284190 -0.0625481 255 0 0
0.3643714 0.0269100 -0.0629110 255 0 0
0.3646446 0.0254036 -0.0632733 255 0 0
0.3646308 0.0240504 -0.0632301 255 0 0
0.3646171 0.0226973 -0.0631869 255 0 0
0.3643165 0.0214927 -0.0627382 255 0 0
0.3643028 0.0201384 -0.0626950 255 0 0
0.3645760 0.0186378 -0.0630575 255 0 0
0.3642753 0.0174297 -0.0626087 255 0 0
0.3639741 0.0162194 -0.0621590 255 0 0
0.3645348 0.0145783 -0.0629280 255 0 0
0.3645211 0.0132251 -0.0628848 255 0 0
0.3642204 0.0120121 -0.0624358 255 0 0
0.3644937 0.0105186 -0.0627985 255 0 0
0.3647664 0.0090276 -0.0631605 255 0 0
0.3653242 0.0074033 -0.0639257 255 0 0
0.3653105 0.0060536 -0.0638827 255 0 0
0.3658665 0.0044371 -0.0646454 255 0 0
0.3658528 0.0030897 -0.0646024 255 0 0
0.3661233 0.0016116 -0.0649613 255 0 0
0.3661096 0.0002654 -0.0649184 255 0 0
0.3663783 -0.0012084 -0.0652749 255 0 0
0.3666478 -0.0026802 -0.0656326 255 0 0
0.3666342 -0.0040242 -0.0655898 255 0 0
0.3669032 -0.0054923 -0.0659468 255 0 0
0.3668896 -0.0068351 -0.0659040 255 0 0
0.3668760 -0.0081779 -0.0658611 255 0 0
0.3668624 -0.0095208 -0.0658183 255 0 0
0.3668488 -0.0108636 -0.0657755 255 0 0
0.3671174 -0.0123246 -0.0661322 255 0 0
0.3671038 -0.0136663 -0.0660893 255 0 0
0.3670902 -0.0150080 -0.0660465 255 0 0
0.3670766 -0.0163497 -0.0660037 255 0 0
0.3670630 -0.0176915 -0.0659610 255 0 0
0.3673312 -0.0191454 -0.0663171 255 0 0
0.3667535 -0.0202638 -0.0654756 255 0 0
0.3670222 -0.0217168 -0.0658326 255 0 0
0.3667262 -0.0229497 -0.0653899 255 0 0
0.3667126 -0.0242926 -0.0653471 255 0 0
0.3664162 -0.0255289 -0.0649037 255 0 0
0.3661192 -0.0267673 -0.0644595 255 0 0
0.3661056 -0.0281126 -0.0644167 255 0 0
0.3658081 -0.0293544 -0.0639717 255 0 0
0.3657945 -0.0307009 -0.0639288 255 0 0
0.3652115 -0.0318444 -0.0630794 255 0 0
0.3649125 -0.0330927 -0.0626321 255 0 0
0.3648987 -0.0344427 -0.0625890 255 0 0
0.3648851 -0.0357928 -0.0625460 255 0 0
0.3642991 -0.0369482 -0.0616921 255 0 0
0.3642854 -0.0383007 -0.0616490 255 0 0
0.3639847 -0.0395579 -0.0611993 255 0 0
0.3639710 -0.0409115 -0.0611560 255 0 0
0.3633819 -0.0420790 -0.0602975 255 0 0
0.3625011 -0.0431580 -0.0590256 255 0 0
0.3624873 -0.0445176 -0.0589822 255 0 0
0.3618930 -0.0456966 -0.0581160 255 0 0
0.3612966 -0.0468797 -0.0572468 255 0 0
0.3600987 -0.0492588 -0.0555009 255 0 0
0.3600848 -0.0506281 -0.0554572 255 0 0
0.3600709 -0.0519973 -0.0554135 255 0 0
0.3588771 -0.0530286 -0.0536969 255 0 0
0.3594542 -0.0545696 -0.0544911 255 0 0
0.3588492 -0.0557769 -0.0536093 255 0 0
0.3585389 -0.0570698 -0.0531452 255 0 0
0.3579306 -0.0582848 -0.0522586 255 0 0
0.3567217 -0.0593450 -0.0505200 255 0 0
0.3564076 -0.0606492 -0.0500503 255 0 0
0.3560929 -0.0619557 -0.0495798 255 0 0
0.3560788 -0.0633410 -0.0495356 255 0 0
0.3560648 -0.0647263 -0.0494915 255 0 0
0.3524002 -0.0652164 -0.0442691 255 0 0
0.3514610 -0.0663936 -0.0429122 255 0 0
0.3520640 -0.0679440 -0.0437431 255 0 0
0.3517415 -0.0692738 -0.0432609 255 0 0
0.3514182 -0.0706060 -0.0427778 255 0 0
0.3510945 -0.0719406 -0.0422938 255 0 0
0.3507701 -0.0732776 -0.0418091 255 0 0
0.3510660 -0.0747514 -0.0422042 255 0 0
0.3504309 -0.0760251 -0.0412784 255 0 0
0.3501054 -0.0773683 -0.0407917 255 0 0
0.3497792 -0.0787140 -0.0403042 255 0 0
0.3500768 -0.0801869 -0.0407019 255 0 0
0.3503738 -0.0816572 -0.0410987 255 0 0
0.3503596 -0.0830652 -0.0410538 255 0 0
0.3506560 -0.0845316 -0.0414500 255 0 0
0.3509520 -0.0859953 -0.0418455 255 0 0
0.3515566 -0.0875118 -0.0426792 255 0 0
0.3518509 -0.0889688 -0.0430724 255 0 0
0.3527591 -0.0905284 -0.0443373 255 0 0
0.3530513 -0.0919775 -0.0447277 255 0 0
0.3533429 -0.0934240 -0.0451173 255 0 0
0.3539388 -0.0949163 -0.0459391 255 0 0
0.3545326 -0.0964033 -0.0467579 255 0 0
0.3551229 -0.0978848 -0.0475718 255 0 0
0.3551088 -0.0992728 -0.0475275 255 0 0
0.3557010 -0.1007471 -0.0483443 255 0 0
0.3562858 -0.1022153 -0.0491506 255 0 0
0.3562718 -0.1035984 -0.0491065 255 0 0
0.3565577 -0.1050205 -0.0494885 255 0 0
0.3565437 -0.1064024 -0.0494444 255 0 0
0.3562323 -0.1077481 -0.0489779 255 0 0
0.3565157 -0.1091662 -0.0493563 255 0 0
0.3585869 -0.1107848 -0.0522748 255 0 0
0.3567872 -0.1119628 -0.0496936 255 0 0
0.3467835 0.1090369 -0.0368254 255 0 0
0.3474086 0.1071294 -0.0376860 255 0 0
0.3480300 0.1052300 -0.0385415 255 0 0
0.3476971 0.1040344 -0.0380448 255 0 0
0.3480011 0.1023726 -0.0384504 255 0 0
0.3498847 0.0995704 -0.0410950 255 0 0
0.3501846 0.0979234 -0.0414953 255 0 0
0.3501703 0.0965038 -0.0414500 255 0 0
0.3507829 0.0946384 -0.0422935 255 0 0
0.3507685 0.0932214 -0.0422483 255 0 0
0.3510668 0.0915847 -0.0426463 255 0 0
0.3507398 0.0903874 -0.0421579 255 0 0
0.3510381 0.0887533 -0.0425560 255 0 0
0.3500839 0.0879863 -0.0411783 255 0 0
0.3500696 0.0865666 -0.0411330 255 0 0
0.3494257 0.0855763 -0.0401951 255 0 0
0.3490956 0.0843679 -0.0397021 255 0 0
0.3490812 0.0829443 -0.0396567 255 0 0
0.3496975 0.0810986 -0.0405057 255 0 0
0.3493680 0.0798872 -0.0400136 255 0 0
0.3493536 0.0784649 -0.0399682 255 0 0
0.3496543 0.0768356 -0.0403697 255 0 0
0.3499544 0.0752092 -0.0407706 255 0 0
0.3499400 0.0737895 -0.0407253 255 0 0
0.3499256 0.0723697 -0.0406800 255 0 0
0.3502253 0.0707489 -0.0410802 255 0 0
0.3505244 0.0691310 -0.0414797 255 0 0
0.3505100 0.0677139 -0.0414345 255 0 0
0.3508085 0.0661003 -0.0418333 255 0 0
0.3514170 0.0642959 -0.0426720 255 0 0
0.3523346 0.0623053 -0.0439495 255 0 0
0.3526299 0.0607053 -0.0443438 255 0 0
0.3535409 0.0587316 -0.0456121 255 0 0
0.3538341 0.0571407 -0.0460036 255 0 0
0.3544328 0.0553680 -0.0468288 255 0 0
0.3553341 0.0534194 -0.0480836 255 0 0
0.3565328 0.0513015 -0.0497608 255 0 0
0.3601046 0.0477928 -0.0548070 255 0 0
0.3606811 0.0460697 -0.0556014 255 0 0
0.3612556 0.0443526 -0.0563929 255 0 0
0.3621204 0.0424727 -0.0575968 255 0 0
0.3629806 0.0406027 -0.0587943 255 0 0
0.3632572 0.0390724 -0.0591631 255 0 0
0.3643984 0.0370556 -0.0607599 255 0 0
0.3643847 0.0356966 -0.0607165 255 0 0
0.3649462 0.0340171 -0.0614901 255 0 0
0.3652193 0.0325019 -0.0618543 255 0 0
0.3654919 0.0309893 -0.0622178 255 0 0
0.3654782 0.0296350 -0.0621746 255 0 0
0.3657503 0.0281263 -0.0625375 255 0 0
0.3657366 0.0267731 -0.0624943 255 0 0
0.3660083 0.0252681 -0.0628566 255 0 0
0.3659946 0.0239162 -0.0628135 255 0 0
0.3662659 0.0224149 -0.0631752 255 0 0
0.3662522 0.0210641 -0.0631321 255 0 0
0.3656681 0.0200074 -0.0622785 255 0 0
0.3659398 0.0185083 -0.0626410 255 0 0
0.3659261 0.0171562 -0.0625978 255 0 0
0.3659124 0.0158042 -0.0625547 255 0 0
0.3658987 0.0144522 -0.0625116 255 0 0
0.3658850 0.0131002 -0.0624684 255 0 0
0.3658713 0.0117481 -0.0624253 255 0 0
0.3661427 0.0102574 -0.0627874 255 0 0
0.3661290 0.0089065 -0.0627443 255 0 0
0.3663999 0.0074195 -0.0631057 255 0 0
0.3666703 0.0059351 -0.0634666 255 0 0
0.3672234 0.0043203 -0.0642293 255 0 0
0.3672097 0.0029740 -0.0641864 255 0 0
0.3671961 0.0016278 -0.0641434 255 0 0
0.3674651 0.0001523 -0.0645024 255 0 0
0.3677324 -0.0013202 -0.0648590 255 0 0
0.3677188 -0.0026641 -0.0648161 255 0 0
0.3677052 -0.0040081 -0.0647732 255 0 0
0.3679732 -0.0054762 -0.0651310 255 0 0
0.3679596 -0.0068190 -0.0650882 255 0 0
0.3679460 -0.0081619 -0.0650453 255 0 0
0.3679324 -0.0095047 -0.0650024 255 0 0
0.3684809 -0.0110860 -0.0657593 255 0 0
0.3681865 -0.0123086 -0.0653170 255 0 0
0.3681729 -0.0136503 -0.0652742 255 0 0
0.3684402 -0.0151077 -0.0656310 255 0 0
0.3681458 -0.0163338 -0.0651886 255 0 0
0.3684130 -0.0177888 -0.0655454 255 0 0
0.3681186 -0.0190173 -0.0651030 255 0 0
0.3681049 -0.0203591 -0.0650602 255 0 0
0.3680913 -0.0217008 -0.0650174 255 0 0
0.3677964 -0.0229338 -0.0645741 255 0 0
0.3675009 -0.0241688 -0.0641301 255 0 0
0.3677691 -0.0256197 -0.0644884 255 0 0
0.3671912 -0.0267514 -0.0636423 255 0 0
0.3671775 -0.0280967 -0.0635994 255 0 0
0.3668810 -0.0293385 -0.0631537 255 0 0
0.3665839 -0.0305824 -0.0627072 255 0 0
0.3662863 -0.0318285 -0.0622600 255 0 0
0.3662726 -0.0331773 -0.0622170 255 0 0
0.3656896 -0.0343272 -0.0613633 255 0 0
0.3656759 -0.0356784 -0.0613201 255 0 0
0.3653767 -0.0369323 -0.0608705 255 0 0
0.3653630 -0.0382847 -0.0608273 255 0 0
0.3650633 -0.0395420 -0.0603769 255 0 0
0.3647631 -0.0408014 -0.0599257 255 0 0
0.3644623 -0.0420630 -0.0594737 255 0 0
0.3644485 -0.0434190 -0.0594304 255 0 0
0.3638592 -0.0445930 -0.0585673 255 0 0
0.3635569 -0.0458613 -0.0581128 255 0 0
0.3626743 -0.0469532 -0.0568319 255 0 0
0.3629506 -0.0484047 -0.0572017 255 0 0
0.3623561 -0.0495926 -0.0563309 255 0 0
0.3623422 -0.0509570 -0.0562873 255 0 0
0.3614533 -0.0520663 -0.0549970 255 0 0
0.3611467 -0.0533503 -0.0545362 255 0 0
0.3602389 -0.0558432 -0.0531946 255 0 0
0.3599301 -0.0571350 -0.0527306 255 0 0
0.3599162 -0.0585092 -0.0526868 255 0 0
0.3590145 -0.0596466 -0.0513777 255 0 0
0.3581080 -0.0607900 -0.0500615 255 0 0
0.3583920 -0.0622486 -0.0504423 255 0 0
0.3580799 -0.0635532 -0.0499734 255 0 0
0.3577673 -0.0648600 -0.0495036 255 0 0
0.3574542 -0.0661692 -0.0490330 255 0 0
0.3538079 -0.0666745 -0.0438104 255 0 0
0.3531806 -0.0679278 -0.0428917 255 0 0
0.3525512 -0.0691856 -0.0419697 255 0 0
0.3528449 -0.0706604 -0.0423640 255 0 0
0.3522142 -0.0719243 -0.0414402 255 0 0
0.3521999 -0.0733298 -0.0413953 255 0 0
0.3518766 -0.0746681 -0.0409097 255 0 0
0.3515527 -0.0760089 -0.0404231 255 0 0
0.3512282 -0.0773521 -0.0399357 255 0 0
0.3509030 -0.0786977 -0.0394474 255 0 0
0.3511996 -0.0801707 -0.0398458 255 0 0
0.3514956 -0.0816410 -0.0402435 255 0 0
0.3517911 -0.0831086 -0.0406404 255 0 0
0.3517768 -0.0845154 -0.0405956 255 0 0
0.3523804 -0.0860360 -0.0414321 255 0 0
0.3526743 -0.0874957 -0.0418269 255 0 0
0.3532746 -0.0890067 -0.0426590 255 0 0
0.3538728 -0.0905124 -0.0434881 255 0 0
0.3544688 -0.0920126 -0.0443142 255 0 0
0.3547589 -0.0934578 -0.0447040 255 0 0
0.3550485 -0.0949004 -0.0450929 255 0 0
0.3562427 -0.0964809 -0.0467730 255 0 0
0.3568302 -0.0979598 -0.0475874 255 0 0
0.3565157 -0.0993012 -0.0471143 255 0 0
0.3571022 -0.1007737 -0.0479272 255 0 0
0.3573876 -0.1021996 -0.0483105 255 0 0
0.3573736 -0.1035827 -0.0482664 255 0 0
0.3579570 -0.1050437 -0.0490752 255 0 0
0.3576446 -0.1063867 -0.0486051 255 0 0
0.3576306 -0.1077686 -0.0485610 255 0 0
0.3585104 -0.1092560 -0.0497932 255 0 0
0.3593856 -0.1107356 -0.0510189 255 0 0
0.3590758 -0.1120777 -0.0505525 255 0 0
0.3485639 0.1085787 -0.0368619 255 0 0
0.3488673 0.1069113 -0.0372689 255 0 0
0.3488528 0.1054813 -0.0372233 255 0 0
0.3491544 0.1038192 -0.0376278 255 0 0
0.3497728 0.1019283 -0.0384838 255 0 0
0.3503890 0.1000443 -0.0393366 255 0 0
0.3510028 0.0981673 -0.0401863 255 0 0
0.3513018 0.0965216 -0.0405873 255 0 0
0.3519123 0.0946561 -0.0414324 255 0 0
0.3525207 0.0927974 -0.0422744 255 0 0
0.3528168 0.0911640 -0.0426717 255 0 0
0.3528025 0.0897509 -0.0426266 255 0 0
0.3527882 0.0883377 -0.0425816 255 0 0
0.3524633 0.0871397 -0.0420939 255 0 0
0.3521379 0.0859394 -0.0416054 255 0 0
0.3518118 0.0847369 -0.0411159 255 0 0
0.3514852 0.0835322 -0.0406256 255 0 0
0.3508445 0.0825372 -0.0396876 255 0 0
0.3508301 0.0811162 -0.0396423 255 0 0
0.3508157 0.0796952 -0.0395969 255 0 0
0.3508013 0.0782742 -0.0395516 255 0 0
0.3511004 0.0766465 -0.0399532 255 0 0
0.3510861 0.0752268 -0.0399079 255 0 0
0.3513846 0.0736033 -0.0403088 255 0 0
0.3513702 0.0721849 -0.0402636 255 0 0
0.3513559 0.0707665 -0.0402183 255 0 0
0.3516539 0.0691485 -0.0406186 255 0 0
0.3519514 0.0675336 -0.0410182 255 0 0
0.3528680 0.0655313 -0.0423006 255 0 0
0.3528537 0.0641193 -0.0422556 255 0 0
0.3537666 0.0621309 -0.0435330 255 0 0
0.3540602 0.0605325 -0.0439273 255 0 0
0.3549666 0.0585611 -0.0451957 255 0 0
0.3558680 0.0566003 -0.0464571 255 0 0
0.3564615 0.0548334 -0.0472794 255 0 0
0.3576562 0.0527104 -0.0489595 255 0 0
0.3597357 0.0500697 -0.0519021 255 0 0
0.3620841 0.0472872 -0.0552288 255 0 0
0.3626555 0.0455696 -0.0560202 255 0 0
0.3629335 0.0440281 -0.0563931 255 0 0
0.3637924 0.0421524 -0.0575948 255 0 0
0.3646468 0.0402865 -0.0587903 255 0 0
0.3652092 0.0385946 -0.0595692 255 0 0
0.3657685 0.0369094 -0.0603437 255 0 0
0.3660411 0.0353903 -0.0607091 255 0 0
0.3665987 0.0337143 -0.0614814 255 0 0
0.3668698 0.0322020 -0.0618448 255 0 0
0.3668561 0.0308489 -0.0618017 255 0 0
0.3674108 0.0291852 -0.0625699 255 0 0
0.3673971 0.0278345 -0.0625269 255 0 0
0.3673835 0.0264837 -0.0624838 255 0 0
0.3673698 0.0251329 -0.0624407 255 0 0
0.3676395 0.0236320 -0.0628023 255 0 0
0.3673424 0.0224313 -0.0623545 255 0 0
0.3676122 0.0209327 -0.0627163 255 0 0
0.3675985 0.0195831 -0.0626732 255 0 0
0.3675849 0.0182334 -0.0626301 255 0 0
0.3672876 0.0170280 -0.0621821 255 0 0
0.3675575 0.0155341 -0.0625440 255 0 0
0.3675438 0.0141844 -0.0625010 255 0 0
0.3678133 0.0126942 -0.0628623 255 0 0
0.3675165 0.0114850 -0.0624149 255 0 0
0.3675028 0.0101353 -0.0623718 255 0 0
0.3677723 0.0086485 -0.0627333 255 0 0
0.3680413 0.0071643 -0.0630941 255 0 0
0.3683098 0.0056828 -0.0634543 255 0 0
0.3682962 0.0043365 -0.0634114 255 0 0
0.3685642 0.0028586 -0.0637709 255 0 0
0.3688319 0.0013833 -0.0641300 255 0 0
0.3688170 0.0000399 -0.0640853 255 0 0
0.3688034 -0.0013040 -0.0640424 255 0 0
0.3687898 -0.0026480 -0.0639996 255 0 0
0.3690569 -0.0041173 -0.0643580 255 0 0
0.3690433 -0.0054602 -0.0643152 255 0 0
0.3690297 -0.0068030 -0.0642723 255 0 0
0.3692965 -0.0082675 -0.0646303 255 0 0
0.3692829 -0.0096092 -0.0645875 255 0 0
0.3692693 -0.0109509 -0.0645447 255 0 0
0.3695356 -0.0124106 -0.0649021 255 0 0
0.3695220 -0.0137511 -0.0648593 255 0 0
0.3695084 -0.0150917 -0.0648165 255 0 0
0.3694948 -0.0164323 -0.0647737 255 0 0
0.3694813 -0.0177729 -0.0647310 255 0 0
0.3694677 -0.0191135 -0.0646882 255 0 0
0.3688937 -0.0202319 -0.0638439 255 0 0
0.3688800 -0.0215748 -0.0638010 255 0 0
0.3688664 -0.0229178 -0.0637582 255 0 0
0.3685719 -0.0241529 -0.0633135 255 0 0
0.3685583 -0.0254970 -0.0632706 255 0 0
0.3682632 -0.0267354 -0.0628250 255 0 0
0.3679675 -0.0279760 -0.0623786 255 0 0
0.3676714 -0.0292187 -0.0619316 255 0 0
0.3676578 -0.0305664 -0.0618885 255 0 0
0.3673611 -0.0318125 -0.0614406 255 0 0
0.3667799 -0.0329600 -0.0605854 255 0 0
0.3667662 -0.0343112 -0.0605423 255 0 0
0.3664680 -0.0355639 -0.0600921 255 0 0
0.3664543 -0.0369163 -0.0600489 255 0 0
0.3661556 -0.0381724 -0.0595978 255 0 0
0.3661419 -0.0395260 -0.0595546 255 0 0
0.3658426 -0.0407855 -0.0591027 255 0 0
0.3658289 -0.0421403 -0.0590594 255 0 0
0.3658152 -0.0434952 -0.0590162 255 0 0
0.3652287 -0.0446682 -0.0581531 255 0 0
0.3652150 -0.0460254 -0.0581098 255 0 0
0.3643383 -0.0471159 -0.0568310 255 0 0
0.3646126 -0.0485646 -0.0572002 255 0 0
0.3645988 -0.0499243 -0.0571567 255 0 0
0.3640083 -0.0511128 -0.0562874 255 0 0
0.3637052 -0.0523903 -0.0558298 255 0 0
0.3636914 -0.0537535 -0.0557863 255 0 0
0.3633879 -0.0550345 -0.0553278 255 0 0
0.3625018 -0.0561546 -0.0540349 255 0 0
0.3619038 -0.0573615 -0.0531546 255 0 0
0.3609971 -0.0598674 -0.0518082 255 0 0
0.3612758 -0.0613187 -0.0521835 255 0 0
0.3612619 -0.0626917 -0.0521398 255 0 0
0.3597603 -0.0650677 -0.0499406 255 0 0
0.3585569 -0.0661532 -0.0481923 255 0 0
0.3585429 -0.0675372 -0.0481481 255 0 0
0.3561239 -0.0683474 -0.0446578 255 0 0
0.3545889 -0.0693848 -0.0424338 255 0 0
0.3536557 -0.0705735 -0.0410720 255 0 0
0.3539484 -0.0720471 -0.0414671 255 0 0
0.3533197 -0.0733135 -0.0405416 255 0 0
0.3526887 -0.0745846 -0.0396127 255 0 0
0.3526745 -0.0759926 -0.0395679 255 0 0
0.3526601 -0.0774006 -0.0395229 255 0 0
0.3526459 -0.0788087 -0.0394780 255 0 0
0.3526316 -0.0802167 -0.0394331 255 0 0
0.3526174 -0.0816248 -0.0393881 255 0 0
0.3529119 -0.0830924 -0.0397859 255 0 0
0.3528976 -0.0844992 -0.0397410 255 0 0
0.3534992 -0.0860198 -0.0405792 255 0 0
0.3540985 -0.0875349 -0.0414143 255 0 0
0.3546958 -0.0890446 -0.0422464 255 0 0
0.3549865 -0.0904963 -0.0426390 255 0 0
0.3555805 -0.0919966 -0.0434667 255 0 0
0.3561724 -0.0934915 -0.0442913 255 0 0
0.3570620 -0.0950289 -0.0455430 255 0 0
0.3576486 -0.0965118 -0.0463604 255 0 0
0.3579341 -0.0979439 -0.0467458 255 0 0
0.3582190 -0.0993736 -0.0471305 255 0 0
0.3585035 -0.1008007 -0.0475146 255 0 0
0.3587875 -0.1022253 -0.0478980 255 0 0
0.3587735 -0.1036072 -0.0478539 255 0 0
0.3587595 -0.1049891 -0.0478098 255 0 0
0.3590430 -0.1064087 -0.0481926 255 0 0
0.3590289 -0.1077894 -0.0481485 255 0 0
0.3596084 -0.1092404 -0.0489561 255 0 0
0.3604807 -0.1107200 -0.0501840 255 0 0
0.3604667 -0.1120946 -0.0501401 255 0 0
0.3500216 0.1083592 -0.0364455 255 0 0
0.3503221 0.1066945 -0.0368507 255 0 0
0.3503076 0.1052658 -0.0368051 255 0 0
0.3502931 0.1038371 -0.0367595 255 0 0
0.3505944 0.1021771 -0.0371659 255 0 0
0.3512096 0.1002909 -0.0380220 255 0 0
0.3521354 0.0981851 -0.0393228 255 0 0
0.3524333 0.0965393 -0.0397246 255 0 0
0.3530418 0.0946738 -0.0405713 255 0 0
0.3542664 0.0923749 -0.0423004 255 0 0
0.3545605 0.0907449 -0.0426970 255 0 0
0.3545462 0.0893343 -0.0426520 255 0 0
0.3545319 0.0879238 -0.0426069 255 0 0
0.3545176 0.0865131 -0.0425620 255 0 0
0.3541949 0.0853156 -0.0420752 255 0 0
0.3538717 0.0841158 -0.0415875 255 0 0
0.3535478 0.0829138 -0.0410990 255 0 0
0.3529127 0.0819203 -0.0401644 255 0 0
0.3528983 0.0805032 -0.0401192 255 0 0
0.3528839 0.0790861 -0.0400740 255 0 0
0.3525583 0.0778763 -0.0395827 255 0 0
0.3528552 0.0762519 -0.0399836 255 0 0
0.3528409 0.0748347 -0.0399383 255 0 0
0.3528265 0.0734176 -0.0398931 255 0 0
0.3531229 0.0717988 -0.0402932 255 0 0
0.3531086 0.0703829 -0.0402481 255 0 0
0.3537142 0.0685699 -0.0410915 255 0 0
0.3543163 0.0667644 -0.0419299 255 0 0
0.3543020 0.0653537 -0.0418849 255 0 0
0.3545957 0.0637495 -0.0422815 255 0 0
0.3551959 0.0619568 -0.0431173 255 0 0
0.3557938 0.0601706 -0.0439501 255 0 0
0.3569975 0.0580168 -0.0456514 255 0 0
0.3578909 0.0560628 -0.0469082 255 0 0
0.3605694 0.0530331 -0.0507245 255 0 0
0.3611482 0.0512914 -0.0515304 255 0 0
0.3623135 0.0492036 -0.0531775 255 0 0
0.3637620 0.0469573 -0.0552309 255 0 0
0.3643295 0.0452432 -0.0560210 255 0 0
0.3648950 0.0435352 -0.0568083 255 0 0
0.3657465 0.0416657 -0.0580058 255 0 0
0.3668781 0.0396416 -0.0596052 255 0 0
0.3671498 0.0381201 -0.0599714 255 0 0
0.3674209 0.0366013 -0.0603369 255 0 0
0.3679757 0.0349247 -0.0611091 255 0 0
0.3682454 0.0334126 -0.0614726 255 0 0
0.3685147 0.0319032 -0.0618355 255 0 0
0.3685010 0.0305524 -0.0617923 255 0 0
0.3687698 0.0290468 -0.0621546 255 0 0
0.3690382 0.0275437 -0.0625163 255 0 0
0.3690245 0.0261953 -0.0624732 255 0 0
0.3692924 0.0246960 -0.0628343 255 0 0
0.3692788 0.0233487 -0.0627913 255 0 0
0.3692652 0.0220014 -0.0627483 255 0 0
0.3692515 0.0206541 -0.0627053 255 0 0
0.3695190 0.0191609 -0.0630659 255 0 0
0.3692242 0.0179595 -0.0626194 255 0 0
0.3692106 0.0166122 -0.0625764 255 0 0
0.3691969 0.0152648 -0.0625334 255 0 0
0.3691833 0.0139175 -0.0624904 255 0 0
0.3694508 0.0124301 -0.0628511 255 0 0
0.3691560 0.0112227 -0.0624044 255 0 0
0.3691424 0.0098754 -0.0623614 255 0 0
0.3694099 0.0083914 -0.0627223 255 0 0
0.3693963 0.0070452 -0.0626793 255 0 0
0.3693826 0.0056989 -0.0626364 255 0 0
0.3696498 0.0042199 -0.0629967 255 0 0
0.3699165 0.0027434 -0.0633563 255 0 0
0.3699028 0.0013994 -0.0633135 255 0 0
0.3698880 0.0000561 -0.0632688 255 0 0
0.3701542 -0.0014156 -0.0636279 255 0 0
0.3701406 -0.0027584 -0.0635850 255 0 0
0.3704064 -0.0042264 -0.0639435 255 0 0
0.3703928 -0.0055680 -0.0639007 255 0 0
0.3703792 -0.0069097 -0.0638580 255 0 0
0.3706446 -0.0083729 -0.0642159 255 0 0
0.3706310 -0.0097134 -0.0641731 255 0 0
0.3706174 -0.0110540 -0.0641304 255 0 0
0.3706038 -0.0123945 -0.0640876 255 0 0
0.3705903 -0.0137351 -0.0640448 255 0 0
0.3705767 -0.0150757 -0.0640020 255 0 0
0.3705631 -0.0164163 -0.0639593 255 0 0
0.3705495 -0.0177569 -0.0639165 255 0 0
0.3702569 -0.0189854 -0.0634727 255 0 0
0.3702433 -0.0203271 -0.0634298 255 0 0
0.3702298 -0.0216689 -0.0633870 255 0 0
0.3699366 -0.0229019 -0.0629424 255 0 0
0.3696430 -0.0241369 -0.0624969 255 0 0
0.3696294 -0.0254811 -0.0624540 255 0 0
0.3693352 -0.0267195 -0.0620077 255 0 0
0.3690405 -0.0279601 -0.0615606 255 0 0
0.3690269 -0.0293066 -0.0615177 255 0 0
0.3687317 -0.0305505 -0.0610698 255 0 0
0.3684359 -0.0317966 -0.0606211 255 0 0
0.3687044 -0.0332459 -0.0609838 255 0 0
0.3684086 -0.0344944 -0.0605350 255 0 0
0.3681124 -0.0357450 -0.0600855 255 0 0
0.3680986 -0.0370951 -0.0600424 255 0 0
0.3686498 -0.0386369 -0.0608118 255 0 0
0.3680713 -0.0397953 -0.0599563 255 0 0
0.3677745 -0.0410517 -0.0595059 255 0 0
0.3677608 -0.0424030 -0.0594627 255 0 0
0.3683130 -0.0439370 -0.0602337 255 0 0
0.3674498 -0.0450153 -0.0589683 255 0 0
0.3674361 -0.0463679 -0.0589252 255 0 0
0.3668535 -0.0475439 -0.0580635 255 0 0
0.3671245 -0.0489860 -0.0584299 255 0 0
0.3668261 -0.0502537 -0.0579770 255 0 0
0.3662414 -0.0514387 -0.0571120 255 0 0
0.3665134 -0.0528799 -0.0574800 255 0 0
0.3662139 -0.0541533 -0.0570255 255 0 0
0.3659139 -0.0554290 -0.0565701 255 0 0
0.3650383 -0.0565453 -0.0552861 255 0 0
0.3644474 -0.0577476 -0.0544119 255 0 0
0.3638544 -0.0589541 -0.0535345 255 0 0
0.3626761 -0.0600083 -0.0518143 255 0 0
0.3623698 -0.0613027 -0.0513495 255 0 0
0.3614628 -0.0638236 -0.0499959 255 0 0
0.3608592 -0.0650517 -0.0491028 255 0 0
0.3602535 -0.0662842 -0.0482067 255 0 0
0.3599428 -0.0675936 -0.0477353 255 0 0
0.3593338 -0.0688340 -0.0468343 255 0 0
0.3587227 -0.0700788 -0.0459301 255 0 0
0.3559947 -0.0708393 -0.0419768 255 0 0
0.3553715 -0.0721002 -0.0410548 255 0 0
0.3547459 -0.0733656 -0.0401294 255 0 0
0.3544252 -0.0747027 -0.0396430 255 0 0
0.3537962 -0.0759764 -0.0387125 255 0 0
0.3537820 -0.0773844 -0.0386676 255 0 0
0.3534595 -0.0787289 -0.0381786 255 0 0
0.3540612 -0.0802627 -0.0390212 255 0 0
0.3540469 -0.0816695 -0.0389763 255 0 0
0.3540327 -0.0830763 -0.0389314 255 0 0
0.3543255 -0.0845413 -0.0393291 255 0 0
0.3549240 -0.0860604 -0.0401673 255 0 0
0.3555202 -0.0875741 -0.0410023 255 0 0
0.3561144 -0.0890823 -0.0418344 255 0 0
0.3567064 -0.0905851 -0.0426635 255 0 0
0.3572962 -0.0920825 -0.0434896 255 0 0
0.3581828 -0.0936238 -0.0447436 255 0 0
0.3587674 -0.0951091 -0.0455623 255 0 0
0.3587534 -0.0964959 -0.0455180 255 0 0
0.3590379 -0.0979281 -0.0459042 255 0 0
0.3593219 -0.0993578 -0.0462897 255 0 0
0.3599024 -0.1008276 -0.0471027 255 0 0
0.3601848 -0.1022509 -0.0474861 255 0 0
0.3604668 -0.1036717 -0.0478688 255 0 0
0.3607482 -0.1050900 -0.0482509 255 0 0
0.3610292 -0.1065058 -0.0486322 255 0 0
0.3616036 -0.1079552 -0.0494367 255 0 0
0.3618830 -0.1093647 -0.0498160 255 0 0
0.3621620 -0.1107717 -0.0501946 255 0 0
0.3618552 -0.1121114 -0.0497284 255 0 0
0.3618413 -0.1134849 -0.0496846 255 0 0
0.3511615 0.1083771 -0.0355765 255 0 0
0.3514622 0.1067114 -0.0359844 255 0 0
0.3517611 0.1050497 -0.0363896 255 0 0
0.3517466 0.1036224 -0.0363441 255 0 0
0.3520463 0.1019640 -0.0367505 255 0 0
0.3520318 0.1005379 -0.0367050 255 0 0
0.3529562 0.0984295 -0.0380106 255 0 0
0.3538755 0.0963326 -0.0393091 255 0 0
0.3541713 0.0946915 -0.0397103 255 0 0
0.3556991 0.0921731 -0.0418848 255 0 0
0.3559916 0.0905447 -0.0422813 255 0 0
0.3559773 0.0891354 -0.0422364 255 0 0
0.3559631 0.0877261 -0.0421914 255 0 0
0.3559488 0.0863168 -0.0421464 255 0 0
0.3556277 0.0851201 -0.0416597 255 0 0
0.3553060 0.0839212 -0.0411721 255 0 0
0.3549838 0.0827201 -0.0406837 255 0 0
0.3543518 0.0817272 -0.0397491 255 0 0
0.3543375 0.0803114 -0.0397040 255 0 0
0.3543232 0.0788956 -0.0396588 255 0 0
0.3543088 0.0774797 -0.0396136 255 0 0
0.3539848 0.0762694 -0.0391224 255 0 0
0.3542801 0.0746480 -0.0395233 255 0 0
0.3545750 0.0730295 -0.0399235 255 0 0
0.3545607 0.0716150 -0.0398783 255 0 0
0.3548550 0.0700007 -0.0402778 255 0 0
0.3551475 0.0683902 -0.0406747 255 0 0
0.3554407 0.0667819 -0.0410727 255 0 0
0.3557334 0.0651764 -0.0414700 255 0 0
0.3563315 0.0633811 -0.0423073 255 0 0
0.3572317 0.0614019 -0.0435800 255 0 0
0.3578243 0.0596215 -0.0444096 255 0 0
0.3587164 0.0576614 -0.0456709 255 0 0
0.3596036 0.0557118 -0.0469254 255 0 0
0.3619685 0.0528700 -0.0503095 255 0 0
0.3631319 0.0507747 -0.0519623 255 0 0
0.3642871 0.0486943 -0.0536036 255 0 0
0.3654342 0.0466285 -0.0552332 255 0 0
0.3659977 0.0449181 -0.0560218 255 0 0
0.3662718 0.0433826 -0.0563933 255 0 0
0.3668324 0.0416823 -0.0571779 255 0 0
0.3682447 0.0394933 -0.0591904 255 0 0
0.3685149 0.0379733 -0.0595565 255 0 0
0.3690677 0.0362943 -0.0603300 255 0 0
0.3693365 0.0347810 -0.0606942 255 0 0
0.3696049 0.0332704 -0.0610578 255 0 0
0.3701538 0.0316054 -0.0618260 255 0 0
0.3704207 0.0301014 -0.0621876 255 0 0
0.3706872 0.0286001 -0.0625486 255 0 0
0.3706736 0.0272540 -0.0625057 255 0 0
0.3709396 0.0257564 -0.0628661 255 0 0
0.3712052 0.0242613 -0.0632259 255 0 0
0.3709124 0.0230665 -0.0627803 255 0 0
0.3711780 0.0215738 -0.0631402 255 0 0
0.3708851 0.0203765 -0.0626944 255 0 0
0.3708715 0.0190316 -0.0626515 255 0 0
0.3708579 0.0176866 -0.0626086 255 0 0
0.3708443 0.0163416 -0.0625657 255 0 0
0.3705509 0.0151387 -0.0621191 255 0 0
0.3708170 0.0136515 -0.0624799 255 0 0
0.3708034 0.0123065 -0.0624369 255 0 0
0.3705100 0.0111001 -0.0619902 255 0 0
0.3704964 0.0097539 -0.0619473 255 0 0
0.3704828 0.0084077 -0.0619043 255 0 0
0.3707489 0.0069263 -0.0622652 255 0 0
0.3707353 0.0055812 -0.0622223 255 0 0
0.3710011 0.0041035 -0.0625827 255 0 0
0.3709875 0.0027595 -0.0625398 255 0 0
0.3712515 0.0012861 -0.0628977 255 0 0
0.3712379 -0.0000567 -0.0628549 255 0 0
0.3712243 -0.0013995 -0.0628120 255 0 0
0.3714892 -0.0028686 -0.0631712 255 0 0
0.3717536 -0.0043353 -0.0635298 255 0 0
0.3714620 -0.0055520 -0.0630856 255 0 0
0.3717264 -0.0070163 -0.0634443 255 0 0
0.3717128 -0.0083569 -0.0634015 255 0 0
0.3716992 -0.0096974 -0.0633587 255 0 0
0.3716857 -0.0110380 -0.0633159 255 0 0
0.3716721 -0.0123785 -0.0632731 255 0 0
0.3719361 -0.0138358 -0.0636313 255 0 0
0.3719226 -0.0151752 -0.0635886 255 0 0
0.3719090 -0.0165146 -0.0635459 255 0 0
0.3716178 -0.0177409 -0.0631020 255 0 0
0.3716042 -0.0190816 -0.0630592 255 0 0
0.3713126 -0.0203112 -0.0626147 255 0 0
0.3710203 -0.0215430 -0.0621693 255 0 0
0.3710068 -0.0228859 -0.0621264 255 0 0
0.3707140 -0.0241210 -0.0616803 255 0 0
0.3707004 -0.0254652 -0.0616373 255 0 0
0.3701271 -0.0265976 -0.0607855 255 0 0
0.3701135 -0.0279441 -0.0607426 255 0 0
0.3698192 -0.0291868 -0.0602940 255 0 0
0.3698056 -0.0305346 -0.0602510 255 0 0
0.3695108 -0.0317807 -0.0598017 255 0 0
0.3694971 -0.0331296 -0.0597586 255 0 0
0.3692018 -0.0343790 -0.0593084 255 0 0
0.3686233 -0.0355320 -0.0584488 255 0 0
0.3688923 -0.0369819 -0.0588143 255 0 0
0.3688786 -0.0383332 -0.0587712 255 0 0
0.3688650 -0.0396845 -0.0587281 255 0 0
0.3685686 -0.0409419 -0.0582762 255 0 0
0.3688376 -0.0423872 -0.0586418 255 0 0
0.3691061 -0.0438299 -0.0590068 255 0 0
0.3690924 -0.0451801 -0.0589637 255 0 0
0.3687965 -0.0464412 -0.0585124 255 0 0
0.3687828 -0.0477926 -0.0584694 255 0 0
0.3690514 -0.0492307 -0.0588345 255 0 0
0.3690377 -0.0505809 -0.0587914 255 0 0
0.3690241 -0.0519311 -0.0587483 255 0 0
0.3690104 -0.0532813 -0.0587052 255 0 0
0.3687144 -0.0545496 -0.0582537 255 0 0
0.3687007 -0.0559010 -0.0582106 255 0 0
0.3686871 -0.0572525 -0.0581675 255 0 0
0.3675390 -0.0582887 -0.0564830 255 0 0
0.3672405 -0.0595669 -0.0560277 255 0 0
0.3660823 -0.0606158 -0.0543283 255 0 0
0.3646265 -0.0615953 -0.0521981 255 0 0
0.3634498 -0.0626598 -0.0504716 255 0 0
0.3616634 -0.0649612 -0.0478387 255 0 0
0.3613543 -0.0662682 -0.0473674 255 0 0
0.3607484 -0.0675051 -0.0464666 255 0 0
0.3610306 -0.0689604 -0.0468512 255 0 0
0.3601263 -0.0701331 -0.0455182 255 0 0
0.3601122 -0.0715197 -0.0454740 255 0 0
0.3589035 -0.0726341 -0.0437001 255 0 0
0.3564740 -0.0734856 -0.0401586 255 0 0
0.3558505 -0.0747536 -0.0392316 255 0 0
0.3555307 -0.0760920 -0.0387444 255 0 0
0.3558220 -0.0775620 -0.0391420 255 0 0
0.3561128 -0.0790294 -0.0395389 255 0 0
0.3564030 -0.0804940 -0.0399349 255 0 0
0.3563888 -0.0818958 -0.0398902 255 0 0
0.3566786 -0.0833566 -0.0402857 255 0 0
0.3566644 -0.0847571 -0.0402410 255 0 0
0.3575588 -0.0863266 -0.0415123 255 0 0
0.3569395 -0.0876132 -0.0405912 255 0 0
0.3581335 -0.0892272 -0.0422968 255 0 0
0.3590199 -0.0907777 -0.0435569 255 0 0
0.3590058 -0.0921682 -0.0435125 255 0 0
0.3595882 -0.0936572 -0.0443323 255 0 0
0.3598723 -0.0950933 -0.0447199 255 0 0
0.3598582 -0.0964800 -0.0446757 255 0 0
0.3604387 -0.0979576 -0.0454930 255 0 0
0.3607212 -0.0993860 -0.0458785 255 0 0
0.3612987 -0.1008545 -0.0466916 255 0 0
0.3612847 -0.1022352 -0.0466475 255 0 0
0.3615657 -0.1036560 -0.0470309 255 0 0
0.3615518 -0.1050355 -0.0469869 255 0 0
0.3618322 -0.1064525 -0.0473697 255 0 0
0.3629910 -0.1079757 -0.0490257 255 0 0
0.3635604 -0.1094187 -0.0498274 255 0 0
0.3638374 -0.1108232 -0.0502054 255 0 0
0.3635326 -0.1121606 -0.0497399 255 0 0
0.3632273 -0.1135005 -0.0492736 255 0 0
0.3535531 0.1074505 -0.0365176 255 0 0
0.3532263 0.1062602 -0.0360203 255 0 0
0.3538362 0.1043682 -0.0368777 255 0 0
0.3531975 0.1034080 -0.0359294 255 0 0
0.3534954 0.1017513 -0.0363357 255 0 0
0.3537929 0.1000978 -0.0367414 255 0 0
0.3540899 0.0984472 -0.0371464 255 0 0
0.3546964 0.0965748 -0.0379993 255 0 0
0.3553008 0.0947092 -0.0388491 255 0 0
0.3565172 0.0924102 -0.0405844 255 0 0
0.3571149 0.0905623 -0.0414249 255 0 0
0.3571007 0.0891530 -0.0413799 255 0 0
0.3570864 0.0877437 -0.0413350 255 0 0
0.3570721 0.0863343 -0.0412900 255 0 0
0.3570579 0.0849250 -0.0412450 255 0 0
0.3567378 0.0837270 -0.0407575 255 0 0
0.3564171 0.0825268 -0.0402690 255 0 0
0.3560959 0.0813245 -0.0397798 255 0 0
0.3557741 0.0801199 -0.0392895 255 0 0
0.3554517 0.0789131 -0.0387985 255 0 0
0.3554373 0.0774973 -0.0387532 255 0 0
0.3557311 0.0758762 -0.0391541 255 0 0
0.3560244 0.0742581 -0.0395542 255 0 0
0.3560101 0.0728448 -0.0395091 255 0 0
0.3559958 0.0714315 -0.0394640 255 0 0
0.3565937 0.0696208 -0.0403054 255 0 0
0.3568854 0.0680128 -0.0407034 255 0 0
0.3571766 0.0664076 -0.0411007 255 0 0
0.3574671 0.0648054 -0.0414972 255 0 0
0.3580610 0.0630140 -0.0423329 255 0 0
0.3589548 0.0610394 -0.0436033 255 0 0
0.3592423 0.0594506 -0.0439954 255 0 0
0.3601297 0.0574927 -0.0452566 255 0 0
0.3613102 0.0553621 -0.0469425 255 0 0
0.3636586 0.0525278 -0.0503204 255 0 0
0.3648140 0.0504375 -0.0519704 255 0 0
0.3659612 0.0483619 -0.0536086 255 0 0
0.3671003 0.0463010 -0.0552352 255 0 0
0.3673735 0.0447643 -0.0556074 255 0 0
0.3679322 0.0430616 -0.0563934 255 0 0
0.3696226 0.0407007 -0.0588194 255 0 0
0.3696089 0.0393453 -0.0587761 255 0 0
0.3704413 0.0375013 -0.0599591 255 0 0
0.3707088 0.0359883 -0.0603233 255 0 0
0.3712558 0.0343186 -0.0610928 255 0 0
0.3715218 0.0328123 -0.0614550 255 0 0
0.3717873 0.0313086 -0.0618167 255 0 0
0.3720523 0.0298075 -0.0621777 255 0 0
0.3725946 0.0281557 -0.0629406 255 0 0
0.3725811 0.0268131 -0.0628978 255 0 0
0.3728448 0.0253197 -0.0632569 255 0 0
0.3728312 0.0239783 -0.0632141 255 0 0
0.3725403 0.0227852 -0.0627692 255 0 0
0.3728040 0.0212953 -0.0631285 255 0 0
0.3725131 0.0200999 -0.0626835 255 0 0
0.3727769 0.0186123 -0.0630428 255 0 0
0.3727633 0.0172708 -0.0630001 255 0 0
0.3727497 0.0159293 -0.0629573 255 0 0
0.3724588 0.0147292 -0.0625122 255 0 0
0.3724452 0.0133865 -0.0624693 255 0 0
0.3721537 0.0121831 -0.0620234 255 0 0
0.3721401 0.0108392 -0.0619805 255 0 0
0.3718481 0.0096326 -0.0615338 255 0 0
0.3721129 0.0081514 -0.0618948 255 0 0
0.3723772 0.0066728 -0.0622551 255 0 0
0.3720857 0.0054636 -0.0618090 255 0 0
0.3723500 0.0039873 -0.0621693 255 0 0
0.3723352 0.0026451 -0.0621247 255 0 0
0.3723216 0.0013023 -0.0620818 255 0 0
0.3725855 -0.0001692 -0.0624417 255 0 0
0.3728490 -0.0016381 -0.0628009 255 0 0
0.3725584 -0.0028525 -0.0623561 255 0 0
0.3728218 -0.0043192 -0.0627154 255 0 0
0.3728082 -0.0056597 -0.0626726 255 0 0
0.3727947 -0.0070003 -0.0626298 255 0 0
0.3730578 -0.0084621 -0.0629885 255 0 0
0.3727676 -0.0096814 -0.0625443 255 0 0
0.3733068 -0.0112597 -0.0633039 255 0 0
0.3730170 -0.0124803 -0.0628603 255 0 0
0.3727268 -0.0137031 -0.0624159 255 0 0
0.3729899 -0.0151592 -0.0627748 255 0 0
0.3726997 -0.0163844 -0.0623303 255 0 0
0.3726861 -0.0177250 -0.0622875 255 0 0
0.3726726 -0.0190656 -0.0622448 255 0 0
0.3723818 -0.0202953 -0.0617995 255 0 0
0.3723682 -0.0216371 -0.0617566 255 0 0
0.3720769 -0.0228700 -0.0613105 255 0 0
0.3720633 -0.0242130 -0.0612676 255 0 0
0.3717715 -0.0254492 -0.0608207 255 0 0
0.3714792 -0.0266876 -0.0603730 255 0 0
0.3714656 -0.0280330 -0.0603300 255 0 0
0.3711728 -0.0292747 -0.0598815 255 0 0
0.3708794 -0.0305186 -0.0594322 255 0 0
0.3708659 -0.0318664 -0.0593893 255 0 0
0.3708522 -0.0332141 -0.0593462 255 0 0
0.3705583 -0.0344626 -0.0588960 255 0 0
0.3705446 -0.0358115 -0.0588529 255 0 0
0.3702503 -0.0370633 -0.0584020 255 0 0
0.3710774 -0.0387008 -0.0595807 255 0 0
0.3705037 -0.0398584 -0.0587239 255 0 0
0.3707703 -0.0413008 -0.0590882 255 0 0
0.3707567 -0.0426486 -0.0590452 255 0 0
0.3707431 -0.0439964 -0.0590022 255 0 0
0.3704491 -0.0452543 -0.0585516 255 0 0
0.3704354 -0.0466033 -0.0585086 255 0 0
0.3709820 -0.0481274 -0.0592799 255 0 0
0.3712477 -0.0495602 -0.0596431 255 0 0
0.3709547 -0.0508208 -0.0591940 255 0 0
0.3714994 -0.0523349 -0.0599628 255 0 0
0.3720422 -0.0538438 -0.0607289 255 0 0
0.3717507 -0.0551049 -0.0602819 255 0 0
0.3720150 -0.0565280 -0.0606432 255 0 0
0.3720015 -0.0578701 -0.0606004 255 0 0
0.3714314 -0.0590570 -0.0597482 255 0 0
0.3711388 -0.0603248 -0.0592996 255 0 0
0.3716827 -0.0618212 -0.0600675 255 0 0
0.3716691 -0.0631645 -0.0600246 255 0 0
0.3716407 -0.0658509 -0.0599371 255 0 0
0.3724599 -0.0674055 -0.0611058 255 0 0
0.3729992 -0.0688833 -0.0618673 255 0 0
0.3715998 -0.0698809 -0.0598085 255 0 0
0.3715863 -0.0712243 -0.0597657 255 0 0
0.3726823 -0.0728306 -0.0613373 255 0 0
0.3723921 -0.0741050 -0.0608920 255 0 0
0.3715455 -0.0752545 -0.0596370 255 0 0
0.3715318 -0.0765979 -0.0595942 255 0 0
0.3698390 -0.0775715 -0.0571075 255 0 0
0.3689666 -0.0800934 -0.0557915 255 0 0
0.3655227 -0.0807351 -0.0507557 255 0 0
0.3652198 -0.0820446 -0.0502912 255 0 0
0.3619911 -0.0827735 -0.0455680 255 0 0
0.3595863 -0.0850858 -0.0420196 255 0 0
0.3595722 -0.0864787 -0.0419751 255 0 0
0.3598573 -0.0879263 -0.0423663 255 0 0
0.3595440 -0.0892647 -0.0418863 255 0 0
0.3607222 -0.0908653 -0.0435778 255 0 0
0.3607081 -0.0922533 -0.0435335 255 0 0
0.3609912 -0.0936906 -0.0439219 255 0 0
0.3609771 -0.0950774 -0.0438775 255 0 0
0.3612596 -0.0965109 -0.0442652 255 0 0
0.3615416 -0.0979418 -0.0446521 255 0 0
0.3621182 -0.0994142 -0.0454681 255 0 0
0.3623986 -0.1008388 -0.0458529 255 0 0
0.3626786 -0.1022608 -0.0462371 255 0 0
0.3635435 -0.1037603 -0.0474733 255 0 0
0.3635296 -0.1051361 -0.0474294 255 0 0
0.3646803 -0.1066612 -0.0490821 255 0 0
0.3655346 -0.1081398 -0.0503032 255 0 0
0.3660957 -0.1095760 -0.0510973 255 0 0
0.3657940 -0.1109077 -0.0506342 255 0 0
0.3654792 -0.1136092 -0.0501287 255 0 0
0.3549997 0.1072330 -0.0361035 255 0 0
0.3549853 0.1058095 -0.0360581 255 0 0
0.3552811 0.1041538 -0.0364636 255 0 0
0.3552667 0.1027316 -0.0364182 255 0 0
0.3552523 0.1013094 -0.0363728 255 0 0
0.3552379 0.0998872 -0.0363275 255 0 0
0.3555332 0.0982384 -0.0367324 255 0 0
0.3561366 0.0963680 -0.0375852 255 0 0
0.3567378 0.0945045 -0.0384350 255 0 0
0.3576426 0.0924278 -0.0397264 255 0 0
0.3585425 0.0903624 -0.0410108 255 0 0
0.3585283 0.0889544 -0.0409659 255 0 0
0.3585140 0.0875463 -0.0409209 255 0 0
0.3588034 0.0859251 -0.0413176 255 0 0
0.3587891 0.0845183 -0.0412727 255 0 0
0.3587749 0.0831115 -0.0412278 255 0 0
0.3584570 0.0819140 -0.0407412 255 0 0
0.3578337 0.0809232 -0.0398102 255 0 0
0.3575140 0.0797204 -0.0393209 255 0 0
0.3578051 0.0781018 -0.0397201 255 0 0
0.3574854 0.0768965 -0.0392308 255 0 0
0.3574712 0.0754845 -0.0391858 255 0 0
0.3577623 0.0738696 -0.0395851 255 0 0
0.3580516 0.0722586 -0.0399818 255 0 0
0.3580374 0.0708492 -0.0399368 255 0 0
0.3583274 0.0692414 -0.0403349 255 0 0
0.3586170 0.0676366 -0.0407321 255 0 0
0.3592088 0.0658402 -0.0415692 255 0 0
0.3591946 0.0644357 -0.0415244 255 0 0
0.3600853 0.0624573 -0.0427968 255 0 0
0.3603718 0.0608672 -0.0431897 255 0 0
0.3612562 0.0589055 -0.0444532 255 0 0
0.3621358 0.0569543 -0.0457098 255 0 0
0.3647731 0.0539255 -0.0495255 255 0 0
0.3659245 0.0518301 -0.0511783 255 0 0
0.3664902 0.0501014 -0.0519783 255 0 0
0.3676295 0.0480307 -0.0536136 255 0 0
0.3684752 0.0461460 -0.0548216 255 0 0
0.3693165 0.0442712 -0.0560233 255 0 0
0.3695867 0.0427417 -0.0563935 255 0 0
0.3709845 0.0405518 -0.0584058 255 0 0
0.3712519 0.0390335 -0.0587721 255 0 0
0.3720785 0.0371936 -0.0599529 255 0 0
0.3726228 0.0355232 -0.0607224 255 0 0
0.3728873 0.0340171 -0.0610847 255 0 0
0.3731514 0.0325138 -0.0614462 255 0 0
0.3736918 0.0308572 -0.0622105 255 0 0
0.3739546 0.0293604 -0.0625702 255 0 0
0.3742169 0.0278661 -0.0629293 255 0 0
0.3744787 0.0263745 -0.0632878 255 0 0
0.3747400 0.0248854 -0.0636457 255 0 0
0.3750010 0.0233988 -0.0640029 255 0 0
0.3747130 0.0222093 -0.0635603 255 0 0
0.3749739 0.0207251 -0.0639175 255 0 0
0.3746859 0.0195333 -0.0634749 255 0 0
0.3743974 0.0183395 -0.0630314 255 0 0
0.3743838 0.0170003 -0.0629886 255 0 0
0.3743702 0.0156610 -0.0629459 255 0 0
0.3740812 0.0144628 -0.0625015 255 0 0
0.3740677 0.0131224 -0.0624588 255 0 0
0.3737781 0.0119209 -0.0620137 255 0 0
0.3737645 0.0105793 -0.0619709 255 0 0
0.3734745 0.0093745 -0.0615249 255 0 0
0.3734609 0.0080318 -0.0614820 255 0 0
0.3731703 0.0068237 -0.0610353 255 0 0
0.3734337 0.0053462 -0.0613963 255 0 0
0.3734201 0.0040034 -0.0613535 255 0 0
0.3736818 0.0025302 -0.0617122 255 0 0
0.3739444 0.0010590 -0.0620720 255 0 0
0.3736547 -0.0001531 -0.0616265 255 0 0
0.3739172 -0.0016221 -0.0619864 255 0 0
0.3739037 -0.0029626 -0.0619437 255 0 0
0.3741657 -0.0044279 -0.0623029 255 0 0
0.3738765 -0.0056437 -0.0618581 255 0 0
0.3741387 -0.0071067 -0.0622175 255 0 0
0.3741251 -0.0084461 -0.0621747 255 0 0
0.3741115 -0.0097855 -0.0621320 255 0 0
0.3740980 -0.0111249 -0.0620892 255 0 0
0.3743597 -0.0125820 -0.0624481 255 0 0
0.3740709 -0.0138038 -0.0620038 255 0 0
0.3740573 -0.0151433 -0.0619610 255 0 0
0.3740438 -0.0164827 -0.0619183 255 0 0
0.3740302 -0.0178222 -0.0618755 255 0 0
0.3740166 -0.0191617 -0.0618328 255 0 0
0.3737273 -0.0203903 -0.0613874 255 0 0
0.3731607 -0.0215110 -0.0605374 255 0 0
0.3734239 -0.0229630 -0.0608986 255 0 0
0.3731335 -0.0241970 -0.0604517 255 0 0
0.3725649 -0.0253263 -0.0595985 255 0 0
0.3725513 -0.0266717 -0.0595556 255 0 0
0.3725377 -0.0280171 -0.0595127 255 0 0
0.3722458 -0.0292588 -0.0590635 255 0 0
0.3716742 -0.0303999 -0.0582057 255 0 0
0.3716605 -0.0317488 -0.0581626 255 0 0
0.3722049 -0.0332985 -0.0589346 255 0 0
0.3719125 -0.0345460 -0.0584844 255 0 0
0.3716195 -0.0357956 -0.0580335 255 0 0
0.3718852 -0.0372415 -0.0583984 255 0 0
0.3724288 -0.0387804 -0.0591692 255 0 0
0.3726930 -0.0402200 -0.0595322 255 0 0
0.3726795 -0.0415644 -0.0594893 255 0 0
0.3726658 -0.0429087 -0.0594464 255 0 0
0.3732066 -0.0444338 -0.0602134 255 0 0
0.3734696 -0.0458648 -0.0605745 255 0 0
0.3737320 -0.0472934 -0.0609350 255 0 0
0.3737184 -0.0486331 -0.0608922 255 0 0
0.3742555 -0.0501432 -0.0616541 255 0 0
0.3750633 -0.0517312 -0.0628114 255 0 0
0.3750498 -0.0530652 -0.0627689 255 0 0
0.3747626 -0.0543180 -0.0623263 255 0 0
0.3752961 -0.0558131 -0.0630831 255 0 0
0.3752826 -0.0571460 -0.0630406 255 0 0
0.3749958 -0.0584013 -0.0625986 255 0 0
0.3744343 -0.0595819 -0.0617551 255 0 0
0.3746950 -0.0609939 -0.0621133 255 0 0
0.3749553 -0.0624034 -0.0624709 255 0 0
0.3749418 -0.0637375 -0.0624283 255 0 0
0.3743802 -0.0649274 -0.0615845 255 0 0
0.3743667 -0.0662638 -0.0615419 255 0 0
0.3743531 -0.0676002 -0.0614991 255 0 0
0.3740649 -0.0688678 -0.0610547 255 0 0
0.3737760 -0.0701376 -0.0606095 255 0 0
0.3737625 -0.0714764 -0.0605668 255 0 0
0.3737489 -0.0728151 -0.0605240 255 0 0
0.3737354 -0.0741539 -0.0604814 255 0 0
0.3731698 -0.0753660 -0.0596312 255 0 0
0.3726022 -0.0765823 -0.0587781 255 0 0
0.3728659 -0.0779871 -0.0591408 255 0 0
0.3725750 -0.0792692 -0.0586923 255 0 0
0.3725615 -0.0806127 -0.0586495 255 0 0
0.3725478 -0.0819561 -0.0586066 255 0 0
0.3725342 -0.0832996 -0.0585637 255 0 0
0.3727980 -0.0846986 -0.0589266 255 0 0
0.3725071 -0.0859866 -0.0584780 255 0 0
0.3713793 -0.0871166 -0.0568049 255 0 0
0.3673916 -0.0890875 -0.0509234 255 0 0
0.3633170 -0.0897254 -0.0449373 255 0 0
0.3624196 -0.0909528 -0.0436004 255 0 0
0.3621100 -0.0922879 -0.0431237 255 0 0
0.3620960 -0.0936747 -0.0430794 255 0 0
0.3620819 -0.0950615 -0.0430351 255 0 0
0.3626585 -0.0965417 -0.0438554 255 0 0
0.3626445 -0.0979260 -0.0438112 255 0 0
0.3632191 -0.0993984 -0.0446287 255 0 0
0.3640841 -0.1009082 -0.0458713 255 0 0
0.3649445 -0.1024099 -0.0471074 255 0 0
0.3660892 -0.1039433 -0.0487600 255 0 0
0.3660753 -0.1053130 -0.0487162 255 0 0
0.3663499 -0.1067198 -0.0490948 255 0 0
0.3663360 -0.1080884 -0.0490510 255 0 0
0.3674695 -0.1095949 -0.0506876 255 0 0
0.3674557 -0.1109587 -0.0506441 255 0 0
0.3671555 -0.1122904 -0.0501811 255 0 0
0.3665673 -0.1135936 -0.0492963 255 0 0
0.3567521 0.1067814 -0.0361409 255 0 0
0.3567377 0.1053606 -0.0360956 255 0 0
0.3564148 0.1041716 -0.0355994 255 0 0
0.3564004 0.1027494 -0.0355540 255 0 0
0.3566946 0.1010980 -0.0359596 255 0 0
0.3566802 0.0996770 -0.0359142 255 0 0
0.3569740 0.0980299 -0.0363191 255 0 0
0.3572672 0.0963857 -0.0367233 255 0 0
0.3572528 0.0949674 -0.0366781 255 0 0
0.3584633 0.0926653 -0.0384230 255 0 0
0.3599674 0.0901630 -0.0405974 255 0 0
0.3596506 0.0889719 -0.0401102 255 0 0
0.3602411 0.0871352 -0.0409493 255 0 0
0.3608281 0.0853061 -0.0417833 255 0 0
0.3605129 0.0841140 -0.0412984 255 0 0
0.3598821 0.0817221 -0.0403280 255 0 0
0.3592619 0.0807318 -0.0393972 255 0 0
0.3592476 0.0793224 -0.0393521 255 0 0
0.3595366 0.0777071 -0.0397507 255 0 0
0.3595224 0.0762989 -0.0397057 255 0 0
0.3598096 0.0746886 -0.0401016 255 0 0
0.3600976 0.0730803 -0.0404988 255 0 0
0.3600834 0.0716747 -0.0404539 255 0 0
0.3600692 0.0702691 -0.0404090 255 0 0
0.3603566 0.0686663 -0.0408055 255 0 0
0.3606436 0.0670663 -0.0412012 255 0 0
0.3606293 0.0656632 -0.0411564 255 0 0
0.3615155 0.0636832 -0.0424288 255 0 0
0.3620988 0.0619035 -0.0432583 255 0 0
0.3626801 0.0601302 -0.0440848 255 0 0
0.3635550 0.0581775 -0.0453412 255 0 0
0.3658876 0.0553231 -0.0487306 255 0 0
0.3670350 0.0532229 -0.0503861 255 0 0
0.3678868 0.0513144 -0.0516091 255 0 0
0.3690201 0.0492412 -0.0532443 255 0 0
0.3698615 0.0473550 -0.0544522 255 0 0
0.3704153 0.0456492 -0.0552395 255 0 0
0.3706846 0.0441185 -0.0556104 255 0 0
0.3720776 0.0419226 -0.0576262 255 0 0
0.3726237 0.0402382 -0.0584024 255 0 0
0.3731678 0.0385596 -0.0591759 255 0 0
0.3737101 0.0368869 -0.0599468 255 0 0
0.3745269 0.0350605 -0.0611195 255 0 0
0.3745133 0.0337167 -0.0610766 255 0 0
0.3750508 0.0320596 -0.0618408 255 0 0
0.3753122 0.0305630 -0.0622005 255 0 0
0.3758470 0.0289156 -0.0629608 255 0 0
0.3758335 0.0275776 -0.0629181 255 0 0
0.3766391 0.0257878 -0.0640750 255 0 0
0.3768964 0.0243050 -0.0644291 255 0 0
0.3768829 0.0229716 -0.0643865 255 0 0
0.3768694 0.0216381 -0.0643440 255 0 0
0.3765838 0.0204502 -0.0639028 255 0 0
0.3765703 0.0191156 -0.0638602 255 0 0
0.3765568 0.0177810 -0.0638176 255 0 0
0.3762707 0.0165887 -0.0633756 255 0 0
0.3759840 0.0153943 -0.0629328 255 0 0
0.3759705 0.0140574 -0.0628901 255 0 0
0.3753970 0.0116595 -0.0620040 255 0 0
0.3750952 0.0091173 -0.0615160 255 0 0
0.3748066 0.0079123 -0.0610701 255 0 0
0.3750669 0.0064370 -0.0614287 255 0 0
0.3747782 0.0052296 -0.0609826 255 0 0
0.3747646 0.0038880 -0.0609398 255 0 0
0.3747510 0.0025464 -0.0608970 255 0 0
0.3752873 0.0009457 -0.0616602 255 0 0
0.3752738 -0.0003937 -0.0616174 255 0 0
0.3749855 -0.0016060 -0.0611719 255 0 0
0.3752467 -0.0030725 -0.0615320 255 0 0
0.3752331 -0.0044118 -0.0614892 255 0 0
0.3752196 -0.0057512 -0.0614465 255 0 0
0.3752060 -0.0070906 -0.0614037 255 0 0
0.3751925 -0.0084301 -0.0613609 255 0 0
0.3754532 -0.0098894 -0.0617204 255 0 0
0.3751654 -0.0111089 -0.0612755 255 0 0
0.3751518 -0.0124484 -0.0612327 255 0 0
0.3751383 -0.0137878 -0.0611899 255 0 0
0.3751248 -0.0151273 -0.0611472 255 0 0
0.3751112 -0.0164668 -0.0611044 255 0 0
0.3748228 -0.0176931 -0.0606585 255 0 0
0.3750841 -0.0191458 -0.0610190 255 0 0
0.3745203 -0.0202634 -0.0601690 255 0 0
0.3745067 -0.0216052 -0.0601262 255 0 0
0.3742173 -0.0228381 -0.0596786 255 0 0
0.3744796 -0.0242889 -0.0600405 255 0 0
0.3739138 -0.0254174 -0.0591874 255 0 0
0.3736233 -0.0266557 -0.0587382 255 0 0
0.3738866 -0.0281058 -0.0591016 255 0 0
0.3733188 -0.0292429 -0.0582454 255 0 0
0.3730274 -0.0304868 -0.0577947 255 0 0
0.3730137 -0.0318345 -0.0577516 255 0 0
0.3730001 -0.0331823 -0.0577087 255 0 0
0.3732643 -0.0346292 -0.0580735 255 0 0
0.3726944 -0.0357797 -0.0572140 255 0 0
0.3735144 -0.0374191 -0.0583947 255 0 0
0.3743303 -0.0390501 -0.0595694 255 0 0
0.3754160 -0.0407657 -0.0611404 255 0 0
0.3754024 -0.0421031 -0.0610977 255 0 0
0.3764794 -0.0438020 -0.0626563 255 0 0
0.3761937 -0.0450457 -0.0622140 255 0 0
0.3767242 -0.0465554 -0.0629702 255 0 0
0.3769821 -0.0479736 -0.0633262 255 0 0
0.3769687 -0.0493041 -0.0632837 255 0 0
0.3769552 -0.0506347 -0.0632413 255 0 0
0.3772126 -0.0520482 -0.0635967 255 0 0
0.3774697 -0.0534593 -0.0639515 255 0 0
0.3774562 -0.0547876 -0.0639091 255 0 0
0.3774428 -0.0561159 -0.0638667 255 0 0
0.3768879 -0.0572876 -0.0630290 255 0 0
0.3766030 -0.0585408 -0.0625877 255 0 0
0.3763176 -0.0597962 -0.0621458 255 0 0
0.3763042 -0.0611292 -0.0621032 255 0 0
0.3757454 -0.0623136 -0.0612595 255 0 0
0.3754586 -0.0635755 -0.0608153 255 0 0
0.3757184 -0.0649840 -0.0611743 255 0 0
0.3754315 -0.0662483 -0.0607300 255 0 0
0.3756914 -0.0676546 -0.0610891 255 0 0
0.3754045 -0.0689211 -0.0606447 255 0 0
0.3753909 -0.0702576 -0.0606020 255 0 0
0.3751035 -0.0715275 -0.0601568 255 0 0
0.3750900 -0.0728651 -0.0601141 255 0 0
0.3750764 -0.0742027 -0.0600714 255 0 0
0.3750629 -0.0755404 -0.0600287 255 0 0
0.3745001 -0.0767538 -0.0591785 255 0 0
0.3744866 -0.0780938 -0.0591358 255 0 0
0.3741976 -0.0793739 -0.0586881 255 0 0
0.3744594 -0.0807738 -0.0590502 255 0 0
0.3744459 -0.0821138 -0.0590075 255 0 0
0.3747073 -0.0835101 -0.0593690 255 0 0
0.3749682 -0.0849041 -0.0597299 255 0 0
0.3738539 -0.0860255 -0.0580684 255 0 0
0.3743917 -0.0874738 -0.0588364 255 0 0
0.3749276 -0.0889172 -0.0596018 255 0 0
0.3757348 -0.0904059 -0.0607662 255 0 0
0.3732462 -0.0912955 -0.0570831 255 0 0
0.3712805 -0.0922978 -0.0541688 255 0 0
0.3687090 -0.0945788 -0.0503398 255 0 0
0.3666874 -0.0956156 -0.0473425 255 0 0
0.3669618 -0.0970334 -0.0477230 255 0 0
0.3663707 -0.0983152 -0.0468299 255 0 0
0.3669341 -0.0997752 -0.0476354 255 0 0
0.3677824 -0.1012720 -0.0488603 255 0 0
0.3689098 -0.1028011 -0.0504960 255 0 0
0.3691804 -0.1042027 -0.0508711 255 0 0
0.3708627 -0.1057902 -0.0533235 255 0 0
0.3694368 -0.1069621 -0.0512020 255 0 0
0.3694230 -0.1083223 -0.0511586 255 0 0
0.3682705 -0.1095450 -0.0494391 255 0 0
0.3682567 -0.1109100 -0.0493955 255 0 0
0.3690978 -0.1123710 -0.0506104 255 0 0
0.3687996 -0.1137016 -0.0501481 255 0 0
0.3578847 0.1067993 -0.0352775 255 0 0
0.3581774 0.1051456 -0.0356829 255 0 0
0.3581630 0.1037261 -0.0356376 255 0 0
0.3581487 0.1023065 -0.0355923 255 0 0
0.3581343 0.1008869 -0.0355470 255 0 0
0.3581200 0.0994672 -0.0355017 255 0 0
0.3587181 0.0975963 -0.0363561 255 0 0
0.3587038 0.0961793 -0.0363109 255 0 0
0.3589948 0.0945398 -0.0367143 255 0 0
0.3595897 0.0926829 -0.0375642 255 0 0
0.3607872 0.0903975 -0.0392994 255 0 0
0.3613756 0.0885583 -0.0401399 255 0 0
0.3619606 0.0867266 -0.0409755 255 0 0
0.3622459 0.0851119 -0.0413707 255 0 0
0.3619322 0.0839206 -0.0408859 255 0 0
0.3616180 0.0827271 -0.0404003 255 0 0
0.3609892 0.0803327 -0.0394282 255 0 0
0.3609737 0.0789267 -0.0393814 255 0 0
0.3609595 0.0775198 -0.0393365 255 0 0
0.3612464 0.0759090 -0.0397343 255 0 0
0.3615328 0.0743011 -0.0401313 255 0 0
0.3615186 0.0728968 -0.0400865 255 0 0
0.3618045 0.0712930 -0.0404829 255 0 0
0.3617903 0.0698899 -0.0404381 255 0 0
0.3620757 0.0682904 -0.0408338 255 0 0
0.3623606 0.0666936 -0.0412287 255 0 0
0.3623464 0.0652930 -0.0411840 255 0 0
0.3632263 0.0633175 -0.0424540 255 0 0
0.3635091 0.0617311 -0.0428461 255 0 0
0.3643827 0.0597723 -0.0441070 255 0 0
0.3667113 0.0569040 -0.0475081 255 0 0
0.3678569 0.0547962 -0.0491695 255 0 0
0.3689944 0.0527034 -0.0508191 255 0 0
0.3698387 0.0508014 -0.0520378 255 0 0
0.3703946 0.0490835 -0.0528320 255 0 0
0.3712315 0.0471993 -0.0540400 255 0 0
0.3720640 0.0453251 -0.0552416 255 0 0
0.3731706 0.0432934 -0.0568465 255 0 0
0.3739930 0.0414408 -0.0580334 255 0 0
0.3742571 0.0399257 -0.0583989 255 0 0
0.3747975 0.0382506 -0.0591711 255 0 0
0.3753360 0.0365813 -0.0599406 255 0 0
0.3755978 0.0350769 -0.0603030 255 0 0
0.3761335 0.0334174 -0.0610685 255 0 0
0.3766674 0.0317636 -0.0618314 255 0 0
0.3771995 0.0301155 -0.0625916 255 0 0
0.3777297 0.0284731 -0.0633492 255 0 0
0.3782569 0.0268370 -0.0641025 255 0 0
0.3785136 0.0253551 -0.0644578 255 0 0
0.3787700 0.0238758 -0.0648125 255 0 0
0.3787565 0.0225458 -0.0647700 255 0 0
0.3787431 0.0212158 -0.0647276 255 0 0
0.3787296 0.0198858 -0.0646852 255 0 0
0.3787162 0.0185558 -0.0646427 255 0 0
0.3787027 0.0172258 -0.0646002 255 0 0
0.3784194 0.0160371 -0.0641604 255 0 0
0.3778647 0.0149870 -0.0633210 255 0 0
0.3781221 0.0135140 -0.0636773 255 0 0
0.3778378 0.0123200 -0.0632358 255 0 0
0.3772812 0.0112617 -0.0623934 255 0 0
0.3767227 0.0101997 -0.0615481 255 0 0
0.3764360 0.0089977 -0.0611029 255 0 0
0.3761487 0.0077936 -0.0606570 255 0 0
0.3758610 0.0065874 -0.0602103 255 0 0
0.3761216 0.0051127 -0.0605714 255 0 0
0.3761081 0.0037722 -0.0605286 255 0 0
0.3760945 0.0024317 -0.0604858 255 0 0
0.3763547 0.0009617 -0.0608464 255 0 0
0.3763412 -0.0003776 -0.0608037 255 0 0
0.3763276 -0.0017170 -0.0607609 255 0 0
0.3763141 -0.0030564 -0.0607181 255 0 0
0.3763005 -0.0043958 -0.0606754 255 0 0
0.3762870 -0.0057352 -0.0606326 255 0 0
0.3762735 -0.0070746 -0.0605899 255 0 0
0.3765333 -0.0085351 -0.0609501 255 0 0
0.3765197 -0.0098734 -0.0609074 255 0 0
0.3765062 -0.0112117 -0.0608646 255 0 0
0.3764927 -0.0125500 -0.0608220 255 0 0
0.3764791 -0.0138883 -0.0607792 255 0 0
0.3764656 -0.0152267 -0.0607365 255 0 0
0.3761786 -0.0164508 -0.0602906 255 0 0
0.3761651 -0.0177903 -0.0602479 255 0 0
0.3761515 -0.0191298 -0.0602051 255 0 0
0.3758640 -0.0203585 -0.0597584 255 0 0
0.3758505 -0.0216992 -0.0597156 255 0 0
0.3758369 -0.0230399 -0.0596728 255 0 0
0.3758233 -0.0243806 -0.0596300 255 0 0
0.3749850 -0.0254014 -0.0583708 255 0 0
0.3752468 -0.0268513 -0.0587341 255 0 0
0.3752332 -0.0281944 -0.0586912 255 0 0
0.3749442 -0.0294341 -0.0582421 255 0 0
0.3746546 -0.0306760 -0.0577921 255 0 0
0.3749170 -0.0321226 -0.0581563 255 0 0
0.3751789 -0.0335667 -0.0585197 255 0 0
0.3795080 -0.0364650 -0.0648839 255 0 0
0.3800294 -0.0379791 -0.0656306 255 0 0
0.3800160 -0.0393016 -0.0655883 255 0 0
0.3797355 -0.0405318 -0.0651520 255 0 0
0.3797221 -0.0418555 -0.0651097 255 0 0
0.3797088 -0.0431792 -0.0650675 255 0 0
0.3794277 -0.0444139 -0.0646302 255 0 0
0.3788777 -0.0455625 -0.0637960 255 0 0
0.3788642 -0.0468896 -0.0637536 255 0 0
0.3791194 -0.0483026 -0.0641077 255 0 0
0.3791060 -0.0496286 -0.0640653 255 0 0
0.3788240 -0.0508710 -0.0636265 255 0 0
0.3790792 -0.0522807 -0.0639807 255 0 0
0.3790658 -0.0536067 -0.0639383 255 0 0
0.3787837 -0.0548525 -0.0634995 255 0 0
0.3787703 -0.0561797 -0.0634571 255 0 0
0.3784878 -0.0574287 -0.0630174 255 0 0
0.3773932 -0.0584478 -0.0613786 255 0 0
0.3768363 -0.0596275 -0.0605336 255 0 0
0.3765503 -0.0608871 -0.0600887 255 0 0
0.3765369 -0.0622235 -0.0600461 255 0 0
0.3765233 -0.0635599 -0.0600034 255 0 0
0.3765098 -0.0648963 -0.0599608 255 0 0
0.3764963 -0.0662328 -0.0599181 255 0 0
0.3767553 -0.0676391 -0.0602779 255 0 0
0.3767417 -0.0689743 -0.0602353 255 0 0
0.3764558 -0.0702421 -0.0597902 255 0 0
0.3767148 -0.0716449 -0.0601501 255 0 0
0.3767013 -0.0729803 -0.0601074 255 0 0
0.3761422 -0.0741872 -0.0592588 255 0 0
0.3764017 -0.0755880 -0.0596195 255 0 0
0.3763882 -0.0769245 -0.0595769 255 0 0
0.3758282 -0.0781393 -0.0587266 255 0 0
0.3758146 -0.0794781 -0.0586839 255 0 0
0.3760746 -0.0808755 -0.0590453 255 0 0
0.3768789 -0.0823849 -0.0602112 255 0 0
0.3760475 -0.0835509 -0.0589599 255 0 0
0.3765797 -0.0849986 -0.0597239 255 0 0
0.3762936 -0.0862802 -0.0592783 255 0 0
0.3770966 -0.0877744 -0.0604425 255 0 0
0.3773544 -0.0891587 -0.0608009 255 0 0
0.3784213 -0.0906901 -0.0623556 255 0 0
0.3786756 -0.0920659 -0.0627090 255 0 0
0.3791988 -0.0934867 -0.0634600 255 0 0
0.3783799 -0.0946723 -0.0622267 255 0 0
0.3783664 -0.0959999 -0.0621844 255 0 0
0.3788905 -0.0974152 -0.0629368 255 0 0
0.3778002 -0.0985690 -0.0613019 255 0 0
0.3750491 -0.1008181 -0.0571885 255 0 0
0.3730996 -0.1018758 -0.0542825 255 0 0
0.3730859 -0.1032252 -0.0542393 255 0 0
0.3741816 -0.1047279 -0.0558370 255 0 0
0.3755438 -0.1062569 -0.0578292 255 0 0
0.3747061 -0.1074891 -0.0565674 255 0 0
0.3724737 -0.1085534 -0.0532422 255 0 0
0.3704929 -0.1096670 -0.0502890 255 0 0
0.3704792 -0.1110272 -0.0502456 255 0 0
0.3704654 -0.1123874 -0.0502022 255 0 0
0.3698851 -0.1136862 -0.0493205 255 0 0
0.3593234 0.1065830 -0.0348655 255 0 0
0.3596144 0.1049311 -0.0352711 255 0 0
0.3592947 0.1037438 -0.0347750 255 0 0
0.3595857 0.1020945 -0.0351805 255 0 0
0.3595714 0.1006762 -0.0351353 255 0 0
0.3598620 0.0990311 -0.0355402 255 0 0
0.3598477 0.0976140 -0.0354949 255 0 0
0.3601377 0.0959733 -0.0358991 255 0 0
0.3601234 0.0945575 -0.0358539 255 0 0
0.3607162 0.0927006 -0.0367053 255 0 0
0.3613069 0.0908504 -0.0375536 255 0 0
0.3621960 0.0887912 -0.0388426 255 0 0
0.3633774 0.0865311 -0.0405636 255 0 0
0.3636611 0.0849180 -0.0409588 255 0 0
0.3633490 0.0837276 -0.0404741 255 0 0
0.3633348 0.0823258 -0.0404294 255 0 0
0.3627232 0.0813403 -0.0395020 255 0 0
0.3627090 0.0799359 -0.0394572 255 0 0
0.3623953 0.0787377 -0.0389698 255 0 0
0.3623810 0.0773321 -0.0389250 255 0 0
0.3626664 0.0757229 -0.0393227 255 0 0
0.3629513 0.0741166 -0.0397198 255 0 0
0.3632356 0.0725132 -0.0401161 255 0 0
0.3632215 0.0711114 -0.0400714 255 0 0
0.3635053 0.0695122 -0.0404671 255 0 0
0.3634911 0.0681115 -0.0404223 255 0 0
0.3640715 0.0663223 -0.0412562 255 0 0
0.3640574 0.0649242 -0.0412116 255 0 0
0.3649310 0.0629532 -0.0424792 255 0 0
0.3657999 0.0609929 -0.0437400 255 0 0
0.3660792 0.0594156 -0.0441291 255 0 0
0.3683916 0.0565550 -0.0475240 255 0 0
0.3695292 0.0544522 -0.0491824 255 0 0
0.3703737 0.0525421 -0.0504075 255 0 0
0.3714972 0.0504664 -0.0520455 255 0 0
0.3720492 0.0487522 -0.0528384 255 0 0
0.3725992 0.0470440 -0.0536285 255 0 0
0.3742637 0.0446643 -0.0560668 255 0 0
0.3748060 0.0429751 -0.0568458 255 0 0
0.3750696 0.0414573 -0.0572127 255 0 0
0.3756090 0.0397781 -0.0579875 255 0 0
0.3761466 0.0381047 -0.0587598 255 0 0
0.3769563 0.0362767 -0.0599345 255 0 0
0.3772162 0.0347752 -0.0602962 255 0 0
0.3777483 0.0331190 -0.0610604 255 0 0
0.3782784 0.0314686 -0.0618220 255 0 0
0.3788068 0.0298239 -0.0625809 255 0 0
0.3790635 0.0283369 -0.0629382 255 0 0
0.3801253 0.0264017 -0.0644864 255 0 0
0.3803798 0.0249240 -0.0648404 255 0 0
0.3803664 0.0235963 -0.0647981 255 0 0
0.3806205 0.0221223 -0.0651516 255 0 0
0.3811407 0.0205061 -0.0658990 255 0 0
0.3808607 0.0193253 -0.0654621 255 0 0
0.3808473 0.0179998 -0.0654198 255 0 0
0.3805668 0.0168158 -0.0649822 255 0 0
0.3805535 0.0154892 -0.0649399 255 0 0
0.3800044 0.0144417 -0.0641046 255 0 0
0.3799909 0.0131128 -0.0640622 255 0 0
0.3797089 0.0119216 -0.0636222 255 0 0
0.3794265 0.0107283 -0.0631816 255 0 0
0.3791436 0.0095329 -0.0627401 255 0 0
0.3788601 0.0083355 -0.0622979 255 0 0
0.3777621 0.0075396 -0.0606496 255 0 0
0.3774762 0.0063352 -0.0602036 255 0 0
0.3771899 0.0051288 -0.0597569 255 0 0
0.3774492 0.0036566 -0.0601181 255 0 0
0.3774356 0.0023172 -0.0600754 255 0 0
0.3774221 0.0009778 -0.0600326 255 0 0
0.3776809 -0.0004896 -0.0603933 255 0 0
0.3779393 -0.0019545 -0.0607533 255 0 0
0.3779258 -0.0032916 -0.0607106 255 0 0
0.3776404 -0.0045043 -0.0602651 255 0 0
0.3776268 -0.0058426 -0.0602224 255 0 0
0.3776133 -0.0071809 -0.0601797 255 0 0
0.3775997 -0.0085191 -0.0601369 255 0 0
0.3775862 -0.0098574 -0.0600943 255 0 0
0.3778447 -0.0113143 -0.0604545 255 0 0
0.3775592 -0.0125341 -0.0600088 255 0 0
0.3778177 -0.0139887 -0.0603692 255 0 0
0.3775321 -0.0152107 -0.0599234 255 0 0
0.3775186 -0.0165491 -0.0598807 255 0 0
0.3772325 -0.0177744 -0.0594340 255 0 0
0.3769460 -0.0190019 -0.0589867 255 0 0
0.3772054 -0.0204535 -0.0593485 255 0 0
0.3769189 -0.0216832 -0.0589011 255 0 0
0.3769053 -0.0230239 -0.0588582 255 0 0
0.3766182 -0.0242571 -0.0584100 255 0 0
0.3763306 -0.0254923 -0.0579610 255 0 0
0.3760426 -0.0267297 -0.0575112 255 0 0
0.3760290 -0.0280739 -0.0574682 255 0 0
0.3762899 -0.0295215 -0.0578323 255 0 0
0.3808706 -0.0325743 -0.0646013 255 0 0
0.3805905 -0.0337999 -0.0641636 255 0 0
0.3813757 -0.0354150 -0.0653056 255 0 0
0.3816277 -0.0368318 -0.0656569 255 0 0
0.3813490 -0.0380578 -0.0652212 255 0 0
0.3816010 -0.0394723 -0.0655726 255 0 0
0.3810565 -0.0406085 -0.0647426 255 0 0
0.3807769 -0.0418400 -0.0643056 255 0 0
0.3804968 -0.0430735 -0.0638677 255 0 0
0.3807501 -0.0444874 -0.0642211 255 0 0
0.3799352 -0.0455469 -0.0629897 255 0 0
0.3804566 -0.0470480 -0.0637408 255 0 0
0.3799083 -0.0482011 -0.0629050 255 0 0
0.3796268 -0.0494433 -0.0624648 255 0 0
0.3796133 -0.0507716 -0.0624224 255 0 0
0.3793313 -0.0520171 -0.0619815 255 0 0
0.3790487 -0.0532647 -0.0615396 255 0 0
0.3793044 -0.0546760 -0.0618965 255 0 0
0.3784822 -0.0557664 -0.0606539 255 0 0
0.3779272 -0.0569415 -0.0598077 255 0 0
0.3773703 -0.0581207 -0.0589586 255 0 0
0.3773568 -0.0594583 -0.0589159 255 0 0
0.3770708 -0.0607199 -0.0584689 255 0 0
0.3773297 -0.0621334 -0.0588305 255 0 0
0.3770438 -0.0633973 -0.0583835 255 0 0
0.3773027 -0.0648085 -0.0587451 255 0 0
0.3772891 -0.0661461 -0.0587024 255 0 0
0.3775477 -0.0675537 -0.0590636 255 0 0
0.3775342 -0.0688901 -0.0590209 255 0 0
0.3777922 -0.0702941 -0.0593815 255 0 0
0.3777787 -0.0716295 -0.0593389 255 0 0
0.3777652 -0.0729648 -0.0592962 255 0 0
0.3780228 -0.0743642 -0.0596563 255 0 0
0.3780093 -0.0756984 -0.0596136 255 0 0
0.3777247 -0.0769709 -0.0591684 255 0 0
0.3779823 -0.0783668 -0.0595285 255 0 0
0.3776977 -0.0796416 -0.0590831 255 0 0
0.3779554 -0.0810353 -0.0594434 255 0 0
0.3776707 -0.0823124 -0.0589979 255 0 0
0.3779284 -0.0837038 -0.0593581 255 0 0
0.3781857 -0.0850928 -0.0597178 255 0 0
0.3784426 -0.0864794 -0.0600769 255 0 0
0.3789684 -0.0879159 -0.0608355 255 0 0
0.3800267 -0.0894487 -0.0623856 255 0 0
0.3802671 -0.0921474 -0.0626979 255 0 0
0.3810525 -0.0936127 -0.0638426 255 0 0
0.3810391 -0.0949334 -0.0638004 255 0 0
0.3812911 -0.0962988 -0.0641526 255 0 0
0.3812777 -0.0976184 -0.0641104 255 0 0
0.3815294 -0.0989803 -0.0644621 255 0 0
0.3812511 -0.1002576 -0.0640262 255 0 0
0.3793704 -0.1012948 -0.0612085 255 0 0
0.3790883 -0.1025829 -0.0607667 255 0 0
0.3787924 -0.1052030 -0.0602820 255 0 0
0.3771423 -0.1076516 -0.0577837 255 0 0
0.3754874 -0.1087818 -0.0553006 255 0 0
0.3735371 -0.1098900 -0.0523779 255 0 0
0.3724060 -0.1111107 -0.0506732 255 0 0
0.3735098 -0.1125938 -0.0522916 255 0 0
0.3712533 -0.1137015 -0.0489131 255 0 0
0.3607737 0.1077854 -0.0344997 255 0 0
0.3613664 0.1059010 -0.0353551 255 0 0
0.3613521 0.1044853 -0.0353099 255 0 0
0.3610345 0.1032999 -0.0348147 255 0 0
0.3613235 0.1016539 -0.0352195 255 0 0
0.3613092 0.1002382 -0.0351743 255 0 0
0.3612949 0.0988225 -0.0351291 255 0 0
0.3618856 0.0969578 -0.0359818 255 0 0
0.3618713 0.0955447 -0.0359367 255 0 0
0.3621587 0.0939102 -0.0363394 255 0 0
0.3618428 0.0927182 -0.0358465 255 0 0
0.3627320 0.0906502 -0.0371425 255 0 0
0.3636164 0.0885933 -0.0384316 255 0 0
0.3644947 0.0865486 -0.0397117 255 0 0
0.3650738 0.0847245 -0.0405477 255 0 0
0.3650596 0.0833253 -0.0405030 255 0 0
0.3653413 0.0817180 -0.0408975 255 0 0
0.3650313 0.0805268 -0.0404137 255 0 0
0.3647208 0.0793335 -0.0399289 255 0 0
0.3644097 0.0781379 -0.0394432 255 0 0
0.3643956 0.0767361 -0.0393985 255 0 0
0.3643814 0.0753343 -0.0393537 255 0 0
0.3646642 0.0737312 -0.0397500 255 0 0
0.3649465 0.0721311 -0.0401457 255 0 0
0.3652282 0.0705338 -0.0405405 255 0 0
0.3649182 0.0693324 -0.0400563 255 0 0
0.3657903 0.0673478 -0.0413281 255 0 0
0.3660706 0.0657591 -0.0417210 255 0 0
0.3663504 0.0641732 -0.0421130 255 0 0
0.3669224 0.0624007 -0.0429393 255 0 0
0.3677837 0.0604471 -0.0441955 255 0 0
0.3697928 0.0577677 -0.0471572 255 0 0
0.3706388 0.0558437 -0.0483910 255 0 0
0.3717644 0.0537509 -0.0500404 255 0 0
0.3725999 0.0518494 -0.0512589 255 0 0
0.3734311 0.0499579 -0.0524710 255 0 0
0.3736980 0.0484220 -0.0528447 255 0 0
0.3753568 0.0460352 -0.0552871 255 0 0
0.3758972 0.0443436 -0.0560674 255 0 0
0.3764357 0.0426579 -0.0568449 255 0 0
0.3766974 0.0411430 -0.0572112 255 0 0
0.3775070 0.0393039 -0.0583920 255 0 0
0.3780400 0.0376357 -0.0591615 255 0 0
0.3785710 0.0359732 -0.0599284 255 0 0
0.3791003 0.0343164 -0.0606926 255 0 0
0.3796277 0.0326653 -0.0614542 255 0 0
0.3801532 0.0310200 -0.0622131 255 0 0
0.3806758 0.0293809 -0.0629676 255 0 0
0.3811978 0.0277467 -0.0637214 255 0 0
0.3817180 0.0261181 -0.0644726 255 0 0
0.3819707 0.0246432 -0.0648259 255 0 0
0.3819573 0.0233178 -0.0647836 255 0 0
0.3822096 0.0218465 -0.0651365 255 0 0
0.3827263 0.0202335 -0.0658827 255 0 0
0.3827130 0.0189114 -0.0658405 255 0 0
0.3826996 0.0175893 -0.0657983 255 0 0
0.3826862 0.0162672 -0.0657561 255 0 0
0.3824080 0.0150848 -0.0653199 255 0 0
0.3823947 0.0137615 -0.0652776 255 0 0
0.3826462 0.0123008 -0.0656295 255 0 0
0.3821025 0.0112514 -0.0647983 255 0 0
0.3818234 0.0100627 -0.0643605 255 0 0
0.3815437 0.0088719 -0.0639220 255 0 0
0.3817966 0.0074115 -0.0642759 255 0 0
0.3812501 0.0063511 -0.0634403 255 0 0
0.3807018 0.0052871 -0.0626017 255 0 0
0.3796129 0.0044826 -0.0609587 255 0 0
0.3793294 0.0032787 -0.0605142 255 0 0
0.3790454 0.0020728 -0.0600689 255 0 0
0.3787609 0.0008647 -0.0596229 255 0 0
0.3787474 -0.0004735 -0.0595802 255 0 0
0.3787339 -0.0018118 -0.0595374 255 0 0
0.3789914 -0.0032756 -0.0598982 255 0 0
0.3789778 -0.0046127 -0.0598555 255 0 0
0.3789644 -0.0059498 -0.0598128 255 0 0
0.3789508 -0.0072869 -0.0597701 255 0 0
0.3789373 -0.0086240 -0.0597274 255 0 0
0.3786528 -0.0098414 -0.0592811 255 0 0
0.3789103 -0.0112984 -0.0596421 255 0 0
0.3786257 -0.0125181 -0.0591956 255 0 0
0.3788832 -0.0139727 -0.0595567 255 0 0
0.3785987 -0.0151948 -0.0591102 255 0 0
0.3783135 -0.0164189 -0.0586630 255 0 0
0.3783000 -0.0177584 -0.0586201 255 0 0
0.3780144 -0.0189859 -0.0581721 255 0 0
0.3782729 -0.0204375 -0.0585347 255 0 0
0.3782594 -0.0217771 -0.0584919 255 0 0
0.3782458 -0.0231166 -0.0584491 255 0 0
0.3819922 -0.0259407 -0.0640084 255 0 0
0.3827731 -0.0275745 -0.0651497 255 0 0
0.3830237 -0.0289966 -0.0655008 255 0 0
0.3832738 -0.0304163 -0.0658512 255 0 0
0.3832605 -0.0317343 -0.0658091 255 0 0
0.3832471 -0.0330523 -0.0657671 255 0 0
0.3829703 -0.0342731 -0.0653323 255 0 0
0.3829570 -0.0355922 -0.0652902 255 0 0
0.3826798 -0.0368162 -0.0648547 255 0 0
0.3826664 -0.0381365 -0.0648125 255 0 0
0.3826531 -0.0394568 -0.0647704 255 0 0
0.3826397 -0.0407771 -0.0647282 255 0 0
0.3823619 -0.0420065 -0.0642919 255 0 0
0.3823485 -0.0433280 -0.0642496 255 0 0
0.3820703 -0.0445607 -0.0638125 255 0 0
0.3815257 -0.0457076 -0.0629782 255 0 0
0.3812460 -0.0469455 -0.0625388 255 0 0
0.3809659 -0.0481856 -0.0620988 255 0 0
0.3801493 -0.0492573 -0.0608587 255 0 0
0.3790586 -0.0502500 -0.0592097 255 0 0
0.3785036 -0.0514176 -0.0583595 255 0 0
0.3787611 -0.0528378 -0.0587210 255 0 0
0.3782051 -0.0540109 -0.0578693 255 0 0
0.3776349 -0.0565294 -0.0569736 255 0 0
0.3773485 -0.0577918 -0.0565237 255 0 0
0.3776066 -0.0592111 -0.0568862 255 0 0
0.3778655 -0.0606283 -0.0572498 255 0 0
0.3778520 -0.0619682 -0.0572071 255 0 0
0.3781104 -0.0633818 -0.0575702 255 0 0
0.3780969 -0.0647205 -0.0575274 255 0 0
0.3783549 -0.0661305 -0.0578899 255 0 0
0.3786125 -0.0675381 -0.0582518 255 0 0
0.3785990 -0.0688746 -0.0582091 255 0 0
0.3788562 -0.0702787 -0.0585703 255 0 0
0.3791129 -0.0716803 -0.0589310 255 0 0
0.3790994 -0.0730145 -0.0588883 255 0 0
0.3788157 -0.0742847 -0.0584424 255 0 0
0.3790724 -0.0756829 -0.0588032 255 0 0
0.3793287 -0.0770788 -0.0591634 255 0 0
0.3793153 -0.0784119 -0.0591208 255 0 0
0.3790319 -0.0796856 -0.0586753 255 0 0
0.3792883 -0.0810781 -0.0590357 255 0 0
0.3800816 -0.0825817 -0.0601976 255 0 0
0.3797997 -0.0838558 -0.0597543 255 0 0
0.3800547 -0.0852411 -0.0601127 255 0 0
0.3800413 -0.0865709 -0.0600703 255 0 0
0.3813622 -0.0881600 -0.0620204 255 0 0
0.3816145 -0.0895346 -0.0623750 255 0 0
0.3813354 -0.0908081 -0.0619359 255 0 0
0.3818532 -0.0922287 -0.0626868 255 0 0
0.3823691 -0.0936444 -0.0634352 255 0 0
0.3823558 -0.0949640 -0.0633931 255 0 0
0.3823424 -0.0962836 -0.0633510 255 0 0
0.3823291 -0.0976033 -0.0633089 255 0 0
0.3828434 -0.0990075 -0.0640549 255 0 0
0.3830933 -0.1003660 -0.0644060 255 0 0
0.3820246 -0.1015221 -0.0627873 255 0 0
0.3814808 -0.1027646 -0.0619527 255 0 0
0.3804012 -0.1039348 -0.0603173 255 0 0
0.3806551 -0.1052995 -0.0606742 255 0 0
0.3798384 -0.1065177 -0.0594316 255 0 0
0.3776504 -0.1089045 -0.0561170 255 0 0
0.3768182 -0.1101437 -0.0548507 255 0 0
0.3768046 -0.1114862 -0.0548078 255 0 0
0.3762428 -0.1127665 -0.0539456 255 0 0
0.3737386 -0.1138392 -0.0501798 255 0 0
0.3714778 -0.1149586 -0.0467775 255 0 0
0.3625093 0.1073345 -0.0345399 255 0 0
0.3627966 0.1056864 -0.0349446 255 0 0
0.3627823 0.1042720 -0.0348994 255 0 0
0.3627681 0.1028575 -0.0348543 255 0 0
0.3630549 0.1012150 -0.0352584 255 0 0
0.3630407 0.0998018 -0.0352132 255 0 0
0.3633270 0.0981635 -0.0356165 255 0 0
0.3633127 0.0967516 -0.0355715 255 0 0
0.3632984 0.0953397 -0.0355264 255 0 0
0.3635843 0.0937070 -0.0359291 255 0 0
0.3638697 0.0920771 -0.0363310 255 0 0
0.3644530 0.0902331 -0.0371777 255 0 0
0.3647368 0.0886109 -0.0375774 255 0 0
0.3662033 0.0861412 -0.0397420 255 0 0
0.3667782 0.0843212 -0.0405764 255 0 0
0.3664698 0.0831334 -0.0400926 255 0 0
0.3664557 0.0817354 -0.0400480 255 0 0
0.3667358 0.0801309 -0.0404426 255 0 0
0.3664274 0.0789394 -0.0399587 255 0 0
0.3667076 0.0773375 -0.0403534 255 0 0
0.3663992 0.0761433 -0.0398695 255 0 0
0.3660901 0.0749470 -0.0393846 255 0 0
0.3666653 0.0731471 -0.0402196 255 0 0
0.3669450 0.0715518 -0.0406137 255 0 0
0.3666371 0.0703535 -0.0401304 255 0 0
0.3672101 0.0685650 -0.0409626 255 0 0
0.3677812 0.0667829 -0.0417918 255 0 0
0.3683502 0.0650072 -0.0426180 255 0 0
0.3689171 0.0632379 -0.0434412 255 0 0
0.3703454 0.0609140 -0.0455508 255 0 0
0.3711914 0.0589782 -0.0467910 255 0 0
0.3726007 0.0566888 -0.0488726 255 0 0
0.3734348 0.0547778 -0.0500953 255 0 0
0.3742645 0.0528770 -0.0513116 255 0 0
0.3748106 0.0511615 -0.0521043 255 0 0
0.3753548 0.0494521 -0.0528943 255 0 0
0.3764499 0.0474060 -0.0545074 255 0 0
0.3767126 0.0458818 -0.0548770 255 0 0
0.3775249 0.0440240 -0.0560679 255 0 0
0.3783332 0.0421758 -0.0572528 255 0 0
0.3785926 0.0406653 -0.0576177 255 0 0
0.3791236 0.0389947 -0.0583886 255 0 0
0.3796528 0.0373298 -0.0591567 255 0 0
0.3804499 0.0355117 -0.0603254 255 0 0
0.3809745 0.0338600 -0.0610869 255 0 0
0.3809610 0.0325255 -0.0610443 255 0 0
0.3814839 0.0308817 -0.0618033 255 0 0
0.3822703 0.0290917 -0.0629563 255 0 0
0.3827887 0.0274609 -0.0637088 255 0 0
0.3833053 0.0258355 -0.0644587 255 0 0
0.3835562 0.0243634 -0.0648116 255 0 0
0.3835429 0.0230402 -0.0647693 255 0 0
0.3837934 0.0215716 -0.0651215 255 0 0
0.3837800 0.0202495 -0.0650794 255 0 0
0.3840302 0.0187846 -0.0654311 255 0 0
0.3842798 0.0173221 -0.0657822 255 0 0
0.3840034 0.0161426 -0.0653467 255 0 0
0.3842532 0.0146824 -0.0656980 255 0 0
0.3842399 0.0133625 -0.0656558 255 0 0
0.3842265 0.0120426 -0.0656137 255 0 0
0.3839501 0.0108585 -0.0651780 255 0 0
0.3839367 0.0095375 -0.0651359 255 0 0
0.3836598 0.0083502 -0.0646995 255 0 0
0.3839100 0.0068953 -0.0650515 255 0 0
0.3836331 0.0057058 -0.0646150 255 0 0
0.3833557 0.0045143 -0.0641778 255 0 0
0.3828128 0.0034507 -0.0633434 255 0 0
0.3827994 0.0021251 -0.0633011 255 0 0
0.3822547 0.0010556 -0.0624639 255 0 0
0.3806362 0.0004944 -0.0600199 255 0 0
0.3803536 -0.0007130 -0.0595745 255 0 0
0.3800704 -0.0019224 -0.0591284 255 0 0
0.3803266 -0.0033849 -0.0594893 255 0 0
0.3803131 -0.0047208 -0.0594466 255 0 0
0.3800299 -0.0059338 -0.0590004 255 0 0
0.3800164 -0.0072709 -0.0589577 255 0 0
0.3800029 -0.0086081 -0.0589150 255 0 0
0.3802592 -0.0100648 -0.0592760 255 0 0
0.3799759 -0.0112824 -0.0588296 255 0 0
0.3799624 -0.0126196 -0.0587870 255 0 0
0.3802186 -0.0140729 -0.0591480 255 0 0
0.3804744 -0.0155237 -0.0595085 255 0 0
0.3807297 -0.0169720 -0.0598683 255 0 0
0.3815199 -0.0186415 -0.0610291 255 0 0
0.3823061 -0.0203024 -0.0621839 255 0 0
0.3841415 -0.0223856 -0.0649099 255 0 0
0.3849143 -0.0240229 -0.0660450 255 0 0
0.3849010 -0.0253386 -0.0660030 255 0 0
0.3848877 -0.0266543 -0.0659610 255 0 0
0.3843507 -0.0277648 -0.0651346 255 0 0
0.3843374 -0.0290828 -0.0650925 255 0 0
0.3843241 -0.0304007 -0.0650505 255 0 0
0.3840482 -0.0316192 -0.0646151 255 0 0
0.3842975 -0.0330368 -0.0649663 255 0 0
0.3842841 -0.0343548 -0.0649242 255 0 0
0.3842708 -0.0356728 -0.0648822 255 0 0
0.3839949 -0.0368958 -0.0644466 255 0 0
0.3839816 -0.0382150 -0.0644045 255 0 0
0.3837051 -0.0394412 -0.0639682 255 0 0
0.3836918 -0.0407615 -0.0639262 255 0 0
0.3836785 -0.0420819 -0.0638840 255 0 0
0.3836651 -0.0434022 -0.0638418 255 0 0
0.3833882 -0.0446339 -0.0634046 255 0 0
0.3825814 -0.0456920 -0.0621733 255 0 0
0.3809687 -0.0464929 -0.0597341 255 0 0
0.3795976 -0.0487274 -0.0576342 255 0 0
0.3793136 -0.0499797 -0.0571860 255 0 0
0.3787577 -0.0511499 -0.0563302 255 0 0
0.3781997 -0.0523241 -0.0554713 255 0 0
0.3779133 -0.0535850 -0.0550194 255 0 0
0.3778998 -0.0549295 -0.0549765 255 0 0
0.3778861 -0.0562740 -0.0549335 255 0 0
0.3781455 -0.0576974 -0.0552998 255 0 0
0.3786751 -0.0591955 -0.0560715 255 0 0
0.3789331 -0.0606127 -0.0564359 255 0 0
0.3791907 -0.0620274 -0.0567996 255 0 0
0.3791771 -0.0633662 -0.0567569 255 0 0
0.3794342 -0.0647774 -0.0571200 255 0 0
0.3796909 -0.0661862 -0.0574825 255 0 0
0.3802164 -0.0676623 -0.0582483 255 0 0
0.3804717 -0.0690650 -0.0586088 255 0 0
0.3801894 -0.0703307 -0.0581630 255 0 0
0.3807131 -0.0717972 -0.0589263 255 0 0
0.3806997 -0.0731291 -0.0588838 255 0 0
0.3809541 -0.0745248 -0.0592432 255 0 0
0.3809407 -0.0758556 -0.0592007 255 0 0
0.3809272 -0.0771863 -0.0591582 255 0 0
0.3811813 -0.0785774 -0.0595172 255 0 0
0.3817016 -0.0800248 -0.0602755 255 0 0
0.3819542 -0.0814098 -0.0606324 255 0 0
0.3816747 -0.0826797 -0.0601908 255 0 0
0.3827221 -0.0842276 -0.0617403 255 0 0
0.3827087 -0.0855506 -0.0616981 255 0 0
0.3826953 -0.0868735 -0.0616558 255 0 0
0.3834738 -0.0883509 -0.0628021 255 0 0
0.3834605 -0.0896705 -0.0627601 255 0 0
0.3831837 -0.0909409 -0.0623223 255 0 0
0.3834338 -0.0923097 -0.0626758 255 0 0
0.3836836 -0.0936761 -0.0630286 255 0 0
0.3834071 -0.0949489 -0.0625915 255 0 0
0.3833938 -0.0962685 -0.0625494 255 0 0
0.3833805 -0.0975882 -0.0625073 255 0 0
0.3836303 -0.0989502 -0.0628602 255 0 0
0.3838797 -0.1003099 -0.0632126 255 0 0
0.3838664 -0.1016273 -0.0631706 255 0 0
0.3838531 -0.1029447 -0.0631285 255 0 0
0.3835770 -0.1042244 -0.0626919 255 0 0
0.3830369 -0.1054694 -0.0618585 255 0 0
0.3814321 -0.1065749 -0.0594261 255 0 0
0.3803486 -0.1077622 -0.0577763 255 0 0
0.3797973 -0.1090262 -0.0569259 255 0 0
0.3800395 -0.1117271 -0.0572451 255 0 0
0.3792170 -0.1129682 -0.0559871 255 0 0
0.3775606 -0.1154700 -0.0534536 255 0 0
0.3639385 0.1071186 -0.0341301 255 0 0
0.3645238 0.1052406 -0.0349838 255 0 0
0.3642100 0.1040590 -0.0344897 255 0 0
0.3647943 0.1021883 -0.0353420 255 0 0
0.3644810 0.1010050 -0.0348487 255 0 0
0.3644668 0.0995931 -0.0348036 255 0 0
0.3647515 0.0979564 -0.0352069 255 0 0
0.3653339 0.0961001 -0.0360564 255 0 0
0.3650216 0.0949134 -0.0355645 255 0 0
0.3653054 0.0932840 -0.0359665 255 0 0
0.3652912 0.0918759 -0.0359215 255 0 0
0.3655744 0.0902507 -0.0363227 255 0 0
0.3658572 0.0886284 -0.0367232 255 0 0
0.3676124 0.0859467 -0.0393323 255 0 0
0.3678916 0.0843385 -0.0397276 255 0 0
0.3678774 0.0829418 -0.0396830 255 0 0
0.3678633 0.0815451 -0.0396384 255 0 0
0.3678492 0.0801483 -0.0395938 255 0 0
0.3684202 0.0783423 -0.0404269 255 0 0
0.3684061 0.0769480 -0.0403824 255 0 0
0.3680997 0.0757557 -0.0398993 255 0 0
0.3680856 0.0743601 -0.0398548 255 0 0
0.3686556 0.0725661 -0.0406867 255 0 0
0.3689328 0.0709756 -0.0410793 255 0 0
0.3686275 0.0697800 -0.0405978 255 0 0
0.3691955 0.0679974 -0.0414268 255 0 0
0.3694717 0.0664137 -0.0418181 255 0 0
0.3700366 0.0646419 -0.0426427 255 0 0
0.3720317 0.0619364 -0.0456141 255 0 0
0.3725876 0.0601866 -0.0464255 255 0 0
0.3734247 0.0582597 -0.0476590 255 0 0
0.3745385 0.0561620 -0.0493081 255 0 0
0.3753653 0.0542575 -0.0505264 255 0 0
0.3759094 0.0525396 -0.0513205 255 0 0
0.3764517 0.0508277 -0.0521118 255 0 0
0.3767153 0.0492952 -0.0524848 255 0 0
0.3778047 0.0472514 -0.0540979 255 0 0
0.3786142 0.0453901 -0.0552909 255 0 0
0.3791471 0.0437054 -0.0560685 255 0 0
0.3794061 0.0421923 -0.0564349 255 0 0
0.3799362 0.0405175 -0.0572084 255 0 0
0.3804644 0.0388486 -0.0579793 255 0 0
0.3812601 0.0370250 -0.0591520 255 0 0
0.3817838 0.0353693 -0.0599162 255 0 0
0.3823057 0.0337193 -0.0606777 255 0 0
0.3830906 0.0319204 -0.0618346 255 0 0
0.3833429 0.0304367 -0.0621913 255 0 0
0.3835946 0.0289556 -0.0625472 255 0 0
0.3841103 0.0273264 -0.0632998 255 0 0
0.3846242 0.0257027 -0.0640497 255 0 0
0.3848738 0.0242319 -0.0644026 255 0 0
0.3848605 0.0229098 -0.0643604 255 0 0
0.3848471 0.0215877 -0.0643182 255 0 0
0.3850963 0.0201216 -0.0646706 255 0 0
0.3853451 0.0186580 -0.0650224 255 0 0
0.3855935 0.0171969 -0.0653735 255 0 0
0.3853185 0.0160182 -0.0649381 255 0 0
0.3858281 0.0144206 -0.0656821 255 0 0
0.3855535 0.0132406 -0.0652472 255 0 0
0.3855402 0.0119218 -0.0652051 255 0 0
0.3852652 0.0107386 -0.0647696 255 0 0
0.3855135 0.0092842 -0.0651209 255 0 0
0.3855003 0.0079653 -0.0650788 255 0 0
0.3854869 0.0066465 -0.0650367 255 0 0
0.3852118 0.0054588 -0.0646009 255 0 0
0.3854603 0.0040088 -0.0649525 255 0 0
0.3857083 0.0025613 -0.0653034 255 0 0
0.3851718 0.0014988 -0.0644746 255 0 0
0.3854203 0.0000522 -0.0648261 255 0 0
0.3848828 -0.0010154 -0.0639957 255 0 0
0.3832862 -0.0015844 -0.0615722 255 0 0
0.3830073 -0.0027873 -0.0611305 255 0 0
0.3829939 -0.0041164 -0.0610881 255 0 0
0.3821812 -0.0050761 -0.0598434 255 0 0
0.3821677 -0.0064087 -0.0598008 255 0 0
0.3818869 -0.0076199 -0.0593560 255 0 0
0.3821408 -0.0090738 -0.0597157 255 0 0
0.3818600 -0.0102874 -0.0592709 255 0 0
0.3850240 -0.0130213 -0.0640091 255 0 0
0.3855341 -0.0145698 -0.0647546 255 0 0
0.3857819 -0.0160005 -0.0651055 255 0 0
0.3860292 -0.0174287 -0.0654556 255 0 0
0.3860160 -0.0187444 -0.0654137 255 0 0
0.3857420 -0.0199509 -0.0649794 255 0 0
0.3857287 -0.0212677 -0.0649373 255 0 0
0.3857154 -0.0225845 -0.0648952 255 0 0
0.3859628 -0.0240072 -0.0652456 255 0 0
0.3854276 -0.0251132 -0.0644180 255 0 0
0.3856755 -0.0265350 -0.0647691 255 0 0
0.3856622 -0.0278519 -0.0647271 255 0 0
0.3853877 -0.0290671 -0.0642918 255 0 0
0.3853744 -0.0303852 -0.0642497 255 0 0
0.3853610 -0.0317031 -0.0642076 255 0 0
0.3853477 -0.0330212 -0.0641655 255 0 0
0.3855957 -0.0344364 -0.0645168 255 0 0
0.3853211 -0.0356572 -0.0640814 255 0 0
0.3853078 -0.0369753 -0.0640393 255 0 0
0.3850327 -0.0381994 -0.0636030 255 0 0
0.3847573 -0.0394257 -0.0631661 255 0 0
0.3850061 -0.0408378 -0.0635188 255 0 0
0.3849928 -0.0421570 -0.0634767 255 0 0
0.3839279 -0.0431169 -0.0618507 255 0 0
0.3833860 -0.0442623 -0.0610123 255 0 0
0.3823102 -0.0452344 -0.0593694 255 0 0
0.3787801 -0.0467587 -0.0540069 255 0 0
0.3782203 -0.0479294 -0.0531410 255 0 0
0.3787529 -0.0494499 -0.0539210 255 0 0
0.3787393 -0.0507955 -0.0538779 255 0 0
0.3779057 -0.0518891 -0.0525993 255 0 0
0.3778920 -0.0532382 -0.0525562 255 0 0
0.3781523 -0.0546692 -0.0529259 255 0 0
0.3786850 -0.0561780 -0.0537061 255 0 0
0.3789439 -0.0576028 -0.0540738 255 0 0
0.3789303 -0.0589473 -0.0540309 255 0 0
0.3797301 -0.0605209 -0.0552140 255 0 0
0.3799872 -0.0619369 -0.0555791 255 0 0
0.3805135 -0.0634242 -0.0563501 255 0 0
0.3805000 -0.0647618 -0.0563074 255 0 0
0.3810246 -0.0662417 -0.0570758 255 0 0
0.3812794 -0.0676468 -0.0574377 255 0 0
0.3815339 -0.0690496 -0.0577991 255 0 0
0.3815204 -0.0703826 -0.0577565 255 0 0
0.3820414 -0.0718478 -0.0585198 255 0 0
0.3820279 -0.0731786 -0.0584773 255 0 0
0.3825472 -0.0746365 -0.0592380 255 0 0
0.3825337 -0.0759650 -0.0591956 255 0 0
0.3827860 -0.0773547 -0.0595539 255 0 0
0.3830378 -0.0787420 -0.0599114 255 0 0
0.3832892 -0.0801269 -0.0602685 255 0 0
0.3835401 -0.0815095 -0.0606249 255 0 0
0.3843160 -0.0830016 -0.0617730 255 0 0
0.3843026 -0.0843223 -0.0617309 255 0 0
0.3842893 -0.0856429 -0.0616887 255 0 0
0.3848007 -0.0870686 -0.0624382 255 0 0
0.3853104 -0.0884895 -0.0631851 255 0 0
0.3847740 -0.0897055 -0.0623539 255 0 0
0.3850225 -0.0910730 -0.0627068 255 0 0
0.3852704 -0.0924382 -0.0630590 255 0 0
0.3849959 -0.0937078 -0.0626227 255 0 0
0.3849825 -0.0950252 -0.0625806 255 0 0
0.3849693 -0.0963426 -0.0625386 255 0 0
0.3846941 -0.0976166 -0.0621014 255 0 0
0.3849426 -0.0989774 -0.0624544 255 0 0
0.3849293 -0.1002948 -0.0624124 255 0 0
0.3849160 -0.1016123 -0.0623703 255 0 0
0.3849027 -0.1029297 -0.0623282 255 0 0
0.3848894 -0.1042472 -0.0622862 255 0 0
0.3840892 -0.1054544 -0.0610562 255 0 0
0.3838126 -0.1067395 -0.0606167 255 0 0
0.3827418 -0.1079223 -0.0589780 255 0 0
0.3816638 -0.1091133 -0.0573282 255 0 0
0.3816504 -0.1104444 -0.0572857 255 0 0
0.3813696 -0.1117437 -0.0568395 255 0 0
0.3800001 -0.1142603 -0.0547271 255 0 0
0.3786311 -0.1154548 -0.0526373 255 0 0
0.3656636 0.1066701 -0.0341709 255 0 0
0.3656493 0.1052583 -0.0341258 255 0 0
0.3659330 0.1036165 -0.0345298 255 0 0
0.3662162 0.1019777 -0.0349330 255 0 0
0.3664990 0.1003419 -0.0353355 255 0 0
0.3661878 0.0991591 -0.0348430 255 0 0
0.3664705 0.0975258 -0.0352456 255 0 0
0.3667527 0.0958955 -0.0356474 255 0 0
0.3667385 0.0944887 -0.0356025 255 0 0
0.3667243 0.0930819 -0.0355576 255 0 0
0.3667101 0.0916750 -0.0355126 255 0 0
0.3672872 0.0898351 -0.0363592 255 0 0
0.3675680 0.0882161 -0.0367590 255 0 0
0.3687268 0.0859642 -0.0384827 255 0 0
0.3690049 0.0843559 -0.0388787 255 0 0
0.3692826 0.0827505 -0.0392740 255 0 0
0.3692685 0.0813551 -0.0392295 255 0 0
0.3692544 0.0799596 -0.0391849 255 0 0
0.3695316 0.0783596 -0.0395796 255 0 0
0.3695175 0.0769653 -0.0395350 255 0 0
0.3695034 0.0755710 -0.0394906 255 0 0
0.3697801 0.0739764 -0.0398846 255 0 0
0.3703460 0.0721862 -0.0407149 255 0 0
0.3706212 0.0705989 -0.0411068 255 0 0
0.3706072 0.0692096 -0.0410625 255 0 0
0.3711701 0.0674328 -0.0418884 255 0 0
0.3717310 0.0656623 -0.0427115 255 0 0
0.3731442 0.0633317 -0.0448205 255 0 0
0.3739813 0.0613929 -0.0460605 255 0 0
0.3745323 0.0596488 -0.0468689 255 0 0
0.3759219 0.0573644 -0.0489428 255 0 0
0.3764661 0.0556380 -0.0497412 255 0 0
0.3772856 0.0537399 -0.0509551 255 0 0
0.3775486 0.0522034 -0.0513294 255 0 0
0.3783624 0.0503209 -0.0525349 255 0 0
0.3791708 0.0484490 -0.0537324 255 0 0
0.3794306 0.0469265 -0.0541019 255 0 0
0.3802345 0.0450692 -0.0552929 255 0 0
0.3802209 0.0437219 -0.0552498 255 0 0
0.3810208 0.0418777 -0.0564348 255 0 0
0.3812774 0.0403701 -0.0567997 255 0 0
0.3818028 0.0387029 -0.0575706 255 0 0
0.3823265 0.0370414 -0.0583389 255 0 0
0.3831154 0.0352271 -0.0595076 255 0 0
0.3836345 0.0335787 -0.0602693 255 0 0
0.3844154 0.0317818 -0.0614262 255 0 0
0.3846663 0.0302995 -0.0617829 255 0 0
0.3849167 0.0288198 -0.0621389 255 0 0
0.3851667 0.0273425 -0.0624943 255 0 0
0.3856789 0.0257187 -0.0632457 255 0 0
0.3859276 0.0242479 -0.0635993 255 0 0
0.3859142 0.0229258 -0.0635571 255 0 0
0.3864237 0.0213138 -0.0643046 255 0 0
0.3864104 0.0199939 -0.0642625 255 0 0
0.3863971 0.0186740 -0.0642204 255 0 0
0.3869049 0.0170718 -0.0649655 255 0 0
0.3866312 0.0158941 -0.0645301 255 0 0
0.3868783 0.0144365 -0.0648814 255 0 0
0.3868650 0.0131188 -0.0648393 255 0 0
0.3868517 0.0118012 -0.0647972 255 0 0
0.3865780 0.0106189 -0.0643617 255 0 0
0.3868251 0.0091658 -0.0647131 255 0 0
0.3870718 0.0077151 -0.0650639 255 0 0
0.3867984 0.0065304 -0.0646289 255 0 0
0.3867851 0.0052126 -0.0645868 255 0 0
0.3870319 0.0037653 -0.0649378 255 0 0
0.3867585 0.0025771 -0.0645027 255 0 0
0.3867452 0.0012594 -0.0644606 255 0 0
0.3864714 0.0000681 -0.0640247 255 0 0
0.3872384 -0.0016262 -0.0651622 255 0 0
0.3872250 -0.0029418 -0.0651201 255 0 0
0.3866920 -0.0040118 -0.0642923 255 0 0
0.3874566 -0.0056937 -0.0654263 255 0 0
0.3879604 -0.0072481 -0.0661662 255 0 0
0.3871707 -0.0082036 -0.0649503 255 0 0
0.3874168 -0.0096372 -0.0653004 255 0 0
0.3876623 -0.0110684 -0.0656498 255 0 0
0.3876490 -0.0123818 -0.0656079 255 0 0
0.3873769 -0.0135808 -0.0651745 255 0 0
0.3873636 -0.0148953 -0.0651325 255 0 0
0.3873504 -0.0162098 -0.0650905 255 0 0
0.3873371 -0.0175244 -0.0650486 255 0 0
0.3873238 -0.0188390 -0.0650066 255 0 0
0.3873105 -0.0201535 -0.0649646 255 0 0
0.3867781 -0.0212520 -0.0641372 255 0 0
0.3867648 -0.0225689 -0.0640952 255 0 0
0.3870113 -0.0239916 -0.0644462 255 0 0
0.3867382 -0.0252025 -0.0640111 255 0 0
0.3867249 -0.0265194 -0.0639690 255 0 0
0.3864513 -0.0277335 -0.0635331 255 0 0
0.3864380 -0.0290515 -0.0634910 255 0 0
0.3864247 -0.0303695 -0.0634489 255 0 0
0.3864114 -0.0316876 -0.0634069 255 0 0
0.3861373 -0.0329071 -0.0629700 255 0 0
0.3858627 -0.0341289 -0.0625326 255 0 0
0.3858494 -0.0354491 -0.0624904 255 0 0
0.3860973 -0.0368647 -0.0628437 255 0 0
0.3852988 -0.0379011 -0.0616130 255 0 0
0.3855477 -0.0393169 -0.0619677 255 0 0
0.3847464 -0.0403614 -0.0607327 255 0 0
0.3807195 -0.0416393 -0.0545918 255 0 0
0.3798931 -0.0427061 -0.0533182 255 0 0
0.3801510 -0.0441425 -0.0536863 255 0 0
0.3795940 -0.0453076 -0.0528206 255 0 0
0.3787619 -0.0463877 -0.0515381 255 0 0
0.3787482 -0.0477380 -0.0514949 255 0 0
0.3790080 -0.0491750 -0.0518658 255 0 0
0.3789943 -0.0505241 -0.0518227 255 0 0
0.3789807 -0.0518733 -0.0517797 255 0 0
0.3786937 -0.0531393 -0.0513225 255 0 0
0.3792264 -0.0546534 -0.0521069 255 0 0
0.3794853 -0.0560820 -0.0524766 255 0 0
0.3794717 -0.0574288 -0.0524336 255 0 0
0.3794581 -0.0587756 -0.0523906 255 0 0
0.3807987 -0.0605052 -0.0543993 255 0 0
0.3810548 -0.0619213 -0.0547650 255 0 0
0.3813106 -0.0633350 -0.0551303 255 0 0
0.3815658 -0.0647463 -0.0554948 255 0 0
0.3820885 -0.0662262 -0.0562646 255 0 0
0.3823425 -0.0676313 -0.0566272 255 0 0
0.3825960 -0.0690341 -0.0569892 255 0 0
0.3831151 -0.0705016 -0.0577538 255 0 0
0.3836325 -0.0719641 -0.0585158 255 0 0
0.3838838 -0.0733572 -0.0588746 255 0 0
0.3838704 -0.0746845 -0.0588322 255 0 0
0.3841213 -0.0760741 -0.0591905 255 0 0
0.3846352 -0.0775222 -0.0599474 255 0 0
0.3848848 -0.0789058 -0.0603038 255 0 0
0.3853949 -0.0803451 -0.0610551 255 0 0
0.3856432 -0.0817228 -0.0614096 255 0 0
0.3856299 -0.0830423 -0.0613675 255 0 0
0.3861386 -0.0844712 -0.0621169 255 0 0
0.3863856 -0.0858419 -0.0624696 255 0 0
0.3866323 -0.0872103 -0.0628217 255 0 0
0.3863591 -0.0884744 -0.0623855 255 0 0
0.3866057 -0.0898406 -0.0627377 255 0 0
0.3865924 -0.0911557 -0.0626957 255 0 0
0.3865792 -0.0924709 -0.0626537 255 0 0
0.3863059 -0.0937394 -0.0622174 255 0 0
0.3862926 -0.0950557 -0.0621753 255 0 0
0.3862793 -0.0963720 -0.0621334 255 0 0
0.3860056 -0.0976449 -0.0616963 255 0 0
0.3862527 -0.0990046 -0.0620493 255 0 0
0.3859790 -0.1002798 -0.0616121 255 0 0
0.3862261 -0.1016372 -0.0619652 255 0 0
0.3862129 -0.1029536 -0.0619232 255 0 0
0.3856781 -0.1041943 -0.0610899 255 0 0
0.3851415 -0.1054393 -0.0602539 255 0 0
0.3856515 -0.1068315 -0.0610057 255 0 0
0.3848525 -0.1080464 -0.0597714 255 0 0
0.3835207 -0.1091999 -0.0577284 255 0 0
0.3837719 -0.1105603 -0.0580875 255 0 0
0.3832288 -0.1118237 -0.0572413 255 0 0
0.3818832 -0.1129995 -0.0551768 255 0 0
0.3755781 -0.1150012 -0.0455616 255 0 0
0.3673824 0.1062233 -0.0342115 255 0 0
0.3676640 0.1045837 -0.0346146 255 0 0
0.3679452 0.1029470 -0.0350170 255 0 0
0.3679309 0.1015403 -0.0349721 255 0 0
0.3682116 0.0999077 -0.0353739 255 0 0
0.3681974 0.0985022 -0.0353290 255 0 0
0.3681833 0.0970967 -0.0352841 255 0 0
0.3684634 0.0954697 -0.0356851 255 0 0
0.3687430 0.0938457 -0.0360855 255 0 0
0.3687289 0.0924426 -0.0360407 255 0 0
0.3687147 0.0910397 -0.0359959 255 0 0
0.3689938 0.0894210 -0.0363956 255 0 0
0.3692712 0.0878063 -0.0367926 255 0 0
0.3698412 0.0859816 -0.0376331 255 0 0
0.3704090 0.0841634 -0.0384705 255 0 0
0.3703950 0.0827679 -0.0384260 255 0 0
0.3709608 0.0809588 -0.0392604 255 0 0
0.3709468 0.0795658 -0.0392160 255 0 0
0.3712219 0.0779691 -0.0396098 255 0 0
0.3709186 0.0767798 -0.0391270 255 0 0
0.3711938 0.0751855 -0.0395209 255 0 0
0.3717567 0.0733948 -0.0403512 255 0 0
0.3723176 0.0716105 -0.0411785 255 0 0
0.3725903 0.0700279 -0.0415690 255 0 0
0.3731481 0.0682544 -0.0423918 255 0 0
0.3728485 0.0670637 -0.0419145 255 0 0
0.3745399 0.0645373 -0.0444564 255 0 0
0.3756537 0.0624100 -0.0461227 255 0 0
0.3764805 0.0604823 -0.0473537 255 0 0
0.3770246 0.0587474 -0.0481562 255 0 0
0.3778441 0.0568377 -0.0493765 255 0 0
0.3783835 0.0551168 -0.0501720 255 0 0
0.3789209 0.0534019 -0.0509646 255 0 0
0.3794565 0.0516930 -0.0517545 255 0 0
0.3802620 0.0498175 -0.0529540 255 0 0
0.3805209 0.0482938 -0.0533242 255 0 0
0.3810509 0.0466027 -0.0541058 255 0 0
0.3815790 0.0449174 -0.0548849 255 0 0
0.3818356 0.0434045 -0.0552518 255 0 0
0.3820918 0.0418942 -0.0556182 255 0 0
0.3828847 0.0400596 -0.0567990 255 0 0
0.3834065 0.0383957 -0.0575686 255 0 0
0.3839265 0.0367376 -0.0583355 255 0 0
0.3844447 0.0350852 -0.0590998 255 0 0
0.3854880 0.0331269 -0.0606612 255 0 0
0.3857380 0.0316434 -0.0610185 255 0 0
0.3859875 0.0301625 -0.0613752 255 0 0
0.3859741 0.0288359 -0.0613328 255 0 0
0.3864852 0.0272083 -0.0620867 255 0 0
0.3867335 0.0257349 -0.0624416 255 0 0
0.3869813 0.0242640 -0.0627958 255 0 0
0.3872287 0.0227957 -0.0631495 255 0 0
0.3874757 0.0213298 -0.0635026 255 0 0
0.3877223 0.0198664 -0.0638551 255 0 0
0.3879684 0.0184055 -0.0642069 255 0 0
0.3879551 0.0170878 -0.0641649 255 0 0
0.3879418 0.0157701 -0.0641228 255 0 0
0.3881876 0.0143139 -0.0644741 255 0 0
0.3881743 0.0129973 -0.0644321 255 0 0
0.3879019 0.0118171 -0.0639966 255 0 0
0.3884063 0.0102292 -0.0647408 255 0 0
0.3883930 0.0089138 -0.0646988 255 0 0
0.3883798 0.0075983 -0.0646569 255 0 0
0.3883665 0.0062828 -0.0646148 255 0 0
0.3883532 0.0049673 -0.0645728 255 0 0
0.3883399 0.0036518 -0.0645308 255 0 0
0.3885849 0.0022082 -0.0648813 255 0 0
0.3883134 0.0010207 -0.0644468 255 0 0
0.3885584 -0.0004207 -0.0647973 255 0 0
0.3885439 -0.0017346 -0.0647535 255 0 0
0.3885306 -0.0030490 -0.0647115 255 0 0
0.3887753 -0.0044858 -0.0650615 255 0 0
0.3890195 -0.0059201 -0.0654108 255 0 0
0.3890062 -0.0072323 -0.0653689 255 0 0
0.3889930 -0.0085446 -0.0653270 255 0 0
0.3887223 -0.0097393 -0.0648938 255 0 0
0.3887090 -0.0110527 -0.0648518 255 0 0
0.3884378 -0.0122505 -0.0644177 255 0 0
0.3886825 -0.0136795 -0.0647679 255 0 0
0.3886692 -0.0149930 -0.0647260 255 0 0
0.3886560 -0.0163064 -0.0646840 255 0 0
0.3883847 -0.0175087 -0.0642498 255 0 0
0.3886295 -0.0189333 -0.0646001 255 0 0
0.3886162 -0.0202468 -0.0645581 255 0 0
0.3880864 -0.0213445 -0.0637308 255 0 0
0.3880731 -0.0226602 -0.0636888 255 0 0
0.3883184 -0.0240817 -0.0640399 255 0 0
0.3880466 -0.0252917 -0.0636047 255 0 0
0.3880333 -0.0266075 -0.0635628 255 0 0
0.3875016 -0.0277179 -0.0627322 255 0 0
0.3874883 -0.0290359 -0.0626902 255 0 0
0.3866940 -0.0300513 -0.0614602 255 0 0
0.3866807 -0.0313727 -0.0614180 255 0 0
0.3861445 -0.0324961 -0.0605803 255 0 0
0.3848160 -0.0333273 -0.0585373 255 0 0
0.3863661 -0.0365629 -0.0608517 255 0 0
0.3845113 -0.0372198 -0.0580076 255 0 0
0.3815465 -0.0388443 -0.0534520 255 0 0
0.3801784 -0.0397155 -0.0513477 255 0 0
0.3793463 -0.0407828 -0.0500590 255 0 0
0.3796059 -0.0422283 -0.0504318 255 0 0
0.3793190 -0.0434881 -0.0499727 255 0 0
0.3795786 -0.0449312 -0.0503455 255 0 0
0.3795650 -0.0462827 -0.0503023 255 0 0
0.3798243 -0.0477222 -0.0506746 255 0 0
0.3795377 -0.0489857 -0.0502160 255 0 0
0.3797970 -0.0504228 -0.0505883 255 0 0
0.3795104 -0.0516887 -0.0501297 255 0 0
0.3797697 -0.0531235 -0.0505021 255 0 0
0.3800285 -0.0545558 -0.0508738 255 0 0
0.3802870 -0.0559857 -0.0512449 255 0 0
0.3802733 -0.0573337 -0.0512018 255 0 0
0.3802598 -0.0586817 -0.0511588 255 0 0
0.3818673 -0.0604896 -0.0535845 255 0 0
0.3821225 -0.0619057 -0.0539511 255 0 0
0.3826452 -0.0633931 -0.0547249 255 0 0
0.3828991 -0.0648031 -0.0550895 255 0 0
0.3834190 -0.0662817 -0.0558592 255 0 0
0.3839373 -0.0677552 -0.0566265 255 0 0
0.3844537 -0.0692236 -0.0573911 255 0 0
0.3844403 -0.0705533 -0.0573487 255 0 0
0.3852182 -0.0720800 -0.0585118 255 0 0
0.3854678 -0.0734706 -0.0588700 255 0 0
0.3857169 -0.0748588 -0.0592276 255 0 0
0.3859656 -0.0762447 -0.0595846 255 0 0
0.3867345 -0.0777489 -0.0607344 255 0 0
0.3867212 -0.0790684 -0.0606923 255 0 0
0.3869682 -0.0804461 -0.0610468 255 0 0
0.3872148 -0.0818214 -0.0614007 255 0 0
0.3872015 -0.0831387 -0.0613587 255 0 0
0.3877067 -0.0845650 -0.0621068 255 0 0
0.3876934 -0.0858801 -0.0620648 255 0 0
0.3879387 -0.0872473 -0.0624170 255 0 0
0.3879254 -0.0885613 -0.0623750 255 0 0
0.3879122 -0.0898754 -0.0623330 255 0 0
0.3878989 -0.0911894 -0.0622911 255 0 0
0.3878857 -0.0925034 -0.0622491 255 0 0
0.3876137 -0.0937709 -0.0618128 255 0 0
0.3876005 -0.0950861 -0.0617708 255 0 0
0.3878458 -0.0964456 -0.0621232 255 0 0
0.3875739 -0.0977165 -0.0616868 255 0 0
0.3873015 -0.0989895 -0.0612497 255 0 0
0.3872882 -0.1003058 -0.0612077 255 0 0
0.3872749 -0.1016222 -0.0611656 255 0 0
0.3872617 -0.1029385 -0.0611236 255 0 0
0.3869887 -0.1042171 -0.0606855 255 0 0
0.3869754 -0.1055346 -0.0606436 255 0 0
0.3867020 -0.1068165 -0.0602047 255 0 0
0.3861672 -0.1080660 -0.0593672 255 0 0
0.3845785 -0.1091849 -0.0569219 255 0 0
0.3845651 -0.1105125 -0.0568795 255 0 0
0.3845517 -0.1118402 -0.0568371 255 0 0
0.3824122 -0.1129227 -0.0535511 255 0 0
0.3675106 -0.1154115 -0.0307475 255 0 0
0.3693888 0.1055473 -0.0346992 255 0 0
0.3693746 0.1041418 -0.0346543 255 0 0
0.3699464 0.1022810 -0.0355017 255 0 0
0.3702245 0.1006524 -0.0359018 255 0 0
0.3702103 0.0992507 -0.0358570 255 0 0
0.3701962 0.0978490 -0.0358123 255 0 0
0.3704737 0.0962257 -0.0362117 255 0 0
0.3704596 0.0948253 -0.0361670 255 0 0
0.3704455 0.0934248 -0.0361223 255 0 0
0.3704313 0.0920243 -0.0360775 255 0 0
0.3707072 0.0904087 -0.0364746 255 0 0
0.3706931 0.0890094 -0.0364299 255 0 0
0.3706790 0.0876101 -0.0363852 255 0 0
0.3712458 0.0857874 -0.0372256 255 0 0
0.3718107 0.0839713 -0.0380630 255 0 0
0.3720853 0.0823691 -0.0384583 255 0 0
0.3720713 0.0809761 -0.0384139 255 0 0
0.3723454 0.0793781 -0.0388085 255 0 0
0.3726190 0.0777829 -0.0392024 255 0 0
0.3728922 0.0761906 -0.0395957 255 0 0
0.3731649 0.0746011 -0.0399882 255 0 0
0.3734371 0.0730145 -0.0403800 255 0 0
0.3739939 0.0712340 -0.0412058 255 0 0
0.3745488 0.0694599 -0.0420285 255 0 0
0.3756654 0.0673084 -0.0437075 255 0 0
0.3764950 0.0653608 -0.0449494 255 0 0
0.3775990 0.0632362 -0.0466094 255 0 0
0.3784184 0.0613114 -0.0478359 255 0 0
0.3789577 0.0595796 -0.0486355 255 0 0
0.3794951 0.0578539 -0.0494322 255 0 0
0.3797562 0.0563138 -0.0498079 255 0 0
0.3802909 0.0545983 -0.0506005 255 0 0
0.3813669 0.0525379 -0.0522188 255 0 0
0.3816248 0.0510119 -0.0525897 255 0 0
0.3816111 0.0496612 -0.0525465 255 0 0
0.3824095 0.0477967 -0.0537415 255 0 0
0.3823958 0.0464494 -0.0536985 255 0 0
0.3829212 0.0447659 -0.0544775 255 0 0
0.3831764 0.0432544 -0.0548445 255 0 0
0.3836991 0.0415808 -0.0556195 255 0 0
0.3842199 0.0399129 -0.0563917 255 0 0
0.3847390 0.0382507 -0.0571613 255 0 0
0.3852562 0.0365943 -0.0579283 255 0 0
0.3857717 0.0349435 -0.0586926 255 0 0
0.3862854 0.0332984 -0.0594544 255 0 0
0.3867962 0.0316596 -0.0602117 255 0 0
0.3867828 0.0303319 -0.0601692 255 0 0
0.3872930 0.0287003 -0.0609258 255 0 0
0.3872796 0.0273748 -0.0608835 255 0 0
0.3875274 0.0259000 -0.0612397 255 0 0
0.3880351 0.0242801 -0.0619925 255 0 0
0.3882816 0.0228117 -0.0623468 255 0 0
0.3882683 0.0214907 -0.0623046 255 0 0
0.3885144 0.0200259 -0.0626585 255 0 0
0.3885010 0.0187060 -0.0626163 255 0 0
0.3887467 0.0172449 -0.0629695 255 0 0
0.3887334 0.0159261 -0.0629274 255 0 0
0.3889787 0.0144684 -0.0632800 255 0 0
0.3892235 0.0130133 -0.0636320 255 0 0
0.3889521 0.0118331 -0.0631958 255 0 0
0.3891970 0.0103801 -0.0635480 255 0 0
0.3891837 0.0090635 -0.0635059 255 0 0
0.3891704 0.0077469 -0.0634639 255 0 0
0.3894149 0.0062986 -0.0638154 255 0 0
0.3894017 0.0049831 -0.0637735 255 0 0
0.3893884 0.0036676 -0.0637315 255 0 0
0.3896325 0.0022240 -0.0640825 255 0 0
0.3896192 0.0009096 -0.0640406 255 0 0
0.3896060 -0.0004049 -0.0639986 255 0 0
0.3895915 -0.0017188 -0.0639548 255 0 0
0.3895783 -0.0030333 -0.0639129 255 0 0
0.3895650 -0.0043477 -0.0638708 255 0 0
0.3895518 -0.0056622 -0.0638289 255 0 0
0.3897955 -0.0070968 -0.0641795 255 0 0
0.3900388 -0.0085289 -0.0645296 255 0 0
0.3895119 -0.0096057 -0.0637030 255 0 0
0.3892412 -0.0108033 -0.0632676 255 0 0
0.3894854 -0.0122348 -0.0636190 255 0 0
0.3897292 -0.0136638 -0.0639699 255 0 0
0.3897160 -0.0149773 -0.0639279 255 0 0
0.3894456 -0.0161785 -0.0634930 255 0 0
0.3894323 -0.0174931 -0.0634511 255 0 0
0.3894191 -0.0188076 -0.0634091 255 0 0
0.3894058 -0.0201222 -0.0633671 255 0 0
0.3893926 -0.0214369 -0.0633252 255 0 0
0.3888636 -0.0225375 -0.0624949 255 0 0
0.3891084 -0.0239603 -0.0628474 255 0 0
0.3888371 -0.0251713 -0.0624109 255 0 0
0.3883063 -0.0262802 -0.0615777 255 0 0
0.3875135 -0.0272894 -0.0603438 255 0 0
0.3869782 -0.0284067 -0.0595036 255 0 0
0.3869649 -0.0297315 -0.0594613 255 0 0
0.3858899 -0.0319827 -0.0577739 255 0 0
0.3853492 -0.0331138 -0.0569249 255 0 0
0.3848064 -0.0342489 -0.0560730 255 0 0
0.3831942 -0.0349959 -0.0535853 255 0 0
0.3821055 -0.0359467 -0.0518981 255 0 0
0.3810092 -0.0369042 -0.0501991 255 0 0
0.3812670 -0.0383505 -0.0505711 255 0 0
0.3809820 -0.0396046 -0.0501129 255 0 0
0.3806965 -0.0408610 -0.0496539 255 0 0
0.3804105 -0.0421195 -0.0491941 255 0 0
0.3809411 -0.0436554 -0.0499835 255 0 0
0.3806556 -0.0449154 -0.0495244 255 0 0
0.3806420 -0.0462668 -0.0494813 255 0 0
0.3806283 -0.0476183 -0.0494381 255 0 0
0.3806147 -0.0489698 -0.0493950 255 0 0
0.3808730 -0.0504070 -0.0497679 255 0 0
0.3811309 -0.0518417 -0.0501403 255 0 0
0.3811172 -0.0531909 -0.0500972 255 0 0
0.3811037 -0.0545401 -0.0500542 255 0 0
0.3813611 -0.0559699 -0.0504259 255 0 0
0.3816181 -0.0573974 -0.0507971 255 0 0
0.3829495 -0.0591329 -0.0528127 255 0 0
0.3834711 -0.0606263 -0.0535891 255 0 0
0.3839910 -0.0621146 -0.0543629 255 0 0
0.3845091 -0.0635978 -0.0551339 255 0 0
0.3847608 -0.0650040 -0.0554972 255 0 0
0.3850120 -0.0664078 -0.0558599 255 0 0
0.3855265 -0.0678785 -0.0566258 255 0 0
0.3860393 -0.0693443 -0.0573890 255 0 0
0.3862884 -0.0707384 -0.0577484 255 0 0
0.3865370 -0.0721301 -0.0581073 255 0 0
0.3870463 -0.0735836 -0.0588654 255 0 0
0.3875540 -0.0750322 -0.0596210 255 0 0
0.3877993 -0.0764141 -0.0599749 255 0 0
0.3880453 -0.0777940 -0.0603300 255 0 0
0.3882910 -0.0791716 -0.0606846 255 0 0
0.3882777 -0.0804889 -0.0606425 255 0 0
0.3885229 -0.0818630 -0.0609965 255 0 0
0.3887678 -0.0832347 -0.0613499 255 0 0
0.3890122 -0.0846042 -0.0617026 255 0 0
0.3889989 -0.0859182 -0.0616606 255 0 0
0.3889857 -0.0872322 -0.0616187 255 0 0
0.3892297 -0.0885972 -0.0619709 255 0 0
0.3889592 -0.0898603 -0.0615348 255 0 0
0.3889459 -0.0911743 -0.0614928 255 0 0
0.3889326 -0.0924884 -0.0614509 255 0 0
0.3889194 -0.0938024 -0.0614089 255 0 0
0.3883901 -0.0950255 -0.0605761 255 0 0
0.3886351 -0.0963862 -0.0609299 255 0 0
0.3886218 -0.0977014 -0.0608879 255 0 0
0.3883503 -0.0989745 -0.0604500 255 0 0
0.3880783 -0.1002497 -0.0600115 255 0 0
0.3880650 -0.1015671 -0.0599694 255 0 0
0.3883104 -0.1029235 -0.0603239 255 0 0
0.3882972 -0.1042399 -0.0602819 255 0 0
0.3880251 -0.1055196 -0.0598432 255 0 0
0.3877526 -0.1068015 -0.0594037 255 0 0
0.3872196 -0.1080510 -0.0585648 255 0 0
0.3861614 -0.1092374 -0.0569205 255 0 0
0.3864099 -0.1105954 -0.0572798 255 0 0
0.3858723 -0.1118567 -0.0564336 255 0 0
0.3853328 -0.1131224 -0.0555845 255 0 0
0.3638591 -0.1163284 -0.0225611 255 0 0
0.3708014 0.1053345 -0.0342922 255 0 0
0.3707873 0.1039303 -0.0342473 255 0 0
0.3713560 0.1020716 -0.0350947 255 0 0
0.3716325 0.1004446 -0.0354948 255 0 0
0.3716184 0.0990442 -0.0354500 255 0 0
0.3718945 0.0974212 -0.0358495 255 0 0
0.3718804 0.0960221 -0.0358048 255 0 0
0.3721547 0.0944043 -0.0362017 255 0 0
0.3721406 0.0930063 -0.0361571 255 0 0
0.3721264 0.0916084 -0.0361124 255 0 0
0.3721124 0.0902104 -0.0360678 255 0 0
0.3720982 0.0888124 -0.0360231 255 0 0
0.3720841 0.0874144 -0.0359785 255 0 0
0.3723593 0.0858048 -0.0363767 255 0 0
0.3729221 0.0839886 -0.0372157 255 0 0
0.3734829 0.0821789 -0.0380515 255 0 0
0.3734688 0.0807872 -0.0380071 255 0 0
0.3737415 0.0791907 -0.0384017 255 0 0
0.3742994 0.0773945 -0.0392333 255 0 0
0.3742854 0.0760064 -0.0391890 255 0 0
0.3745565 0.0744185 -0.0395815 255 0 0
0.3751114 0.0726355 -0.0404087 255 0 0
0.3753812 0.0710548 -0.0407991 255 0 0
0.3770576 0.0685095 -0.0433447 255 0 0
0.3781615 0.0663700 -0.0450134 255 0 0
0.3787037 0.0646216 -0.0458215 255 0 0
0.3795202 0.0626932 -0.0470500 255 0 0
0.3800575 0.0609589 -0.0478510 255 0 0
0.3808669 0.0590485 -0.0490688 255 0 0
0.3811266 0.0575087 -0.0494444 255 0 0
0.3813859 0.0559716 -0.0498194 255 0 0
0.3816447 0.0544372 -0.0501937 255 0 0
0.3827151 0.0523792 -0.0518119 255 0 0
0.3829716 0.0508546 -0.0521829 255 0 0
0.3832277 0.0493326 -0.0525532 255 0 0
0.3834833 0.0478132 -0.0529228 255 0 0
0.3840068 0.0461273 -0.0537031 255 0 0
0.3845284 0.0444472 -0.0544807 255 0 0
0.3847818 0.0429387 -0.0548471 255 0 0
0.3850348 0.0414327 -0.0552129 255 0 0
0.3858180 0.0396039 -0.0563917 255 0 0
0.3858045 0.0382671 -0.0563489 255 0 0
0.3865837 0.0364512 -0.0575218 255 0 0
0.3870965 0.0348021 -0.0582862 255 0 0
0.3876063 0.0331593 -0.0590461 255 0 0
0.3875929 0.0318305 -0.0590037 255 0 0
0.3878410 0.0303481 -0.0593624 255 0 0
0.3880888 0.0288683 -0.0597205 255 0 0
0.3883361 0.0273910 -0.0600780 255 0 0
0.3885830 0.0259162 -0.0604349 255 0 0
0.3888295 0.0244438 -0.0607912 255 0 0
0.3890755 0.0229741 -0.0611469 255 0 0
0.3890622 0.0216519 -0.0611047 255 0 0
0.3895664 0.0200419 -0.0618564 255 0 0
0.3895531 0.0187220 -0.0618143 255 0 0
0.3897978 0.0172608 -0.0621681 255 0 0
0.3897845 0.0159420 -0.0621260 255 0 0
0.3900289 0.0144844 -0.0624793 255 0 0
0.3902729 0.0130292 -0.0628321 255 0 0
0.3902597 0.0117126 -0.0627901 255 0 0
0.3899890 0.0105313 -0.0623531 255 0 0
0.3902331 0.0090794 -0.0627059 255 0 0
0.3904766 0.0076300 -0.0630581 255 0 0
0.3904634 0.0063145 -0.0630161 255 0 0
0.3904501 0.0049990 -0.0629741 255 0 0
0.3904369 0.0036834 -0.0629321 255 0 0
0.3906801 0.0022398 -0.0632839 255 0 0
0.3906668 0.0009254 -0.0632419 255 0 0
0.3906536 -0.0003891 -0.0631999 255 0 0
0.3903705 -0.0028944 -0.0627220 255 0 0
0.3903560 -0.0042094 -0.0626782 255 0 0
0.3905993 -0.0056465 -0.0630302 255 0 0
0.3903295 -0.0068407 -0.0625941 255 0 0
0.3905728 -0.0082755 -0.0629462 255 0 0
0.3903030 -0.0094719 -0.0625101 255 0 0
0.3905463 -0.0109045 -0.0628623 255 0 0
0.3905331 -0.0122191 -0.0628203 255 0 0
0.3905198 -0.0135337 -0.0627783 255 0 0
0.3905066 -0.0148482 -0.0627363 255 0 0
0.3907495 -0.0162751 -0.0630879 255 0 0
0.3904800 -0.0174774 -0.0626523 255 0 0
0.3902101 -0.0186817 -0.0622160 255 0 0
0.3904535 -0.0201066 -0.0625684 255 0 0
0.3901835 -0.0213132 -0.0621319 255 0 0
0.3899131 -0.0225219 -0.0616949 255 0 0
0.3898998 -0.0238387 -0.0616528 255 0 0
0.3896289 -0.0250506 -0.0612149 255 0 0
0.3880607 -0.0257415 -0.0587833 255 0 0
0.3875133 -0.0281856 -0.0578984 255 0 0
0.3872382 -0.0294105 -0.0574539 255 0 0
0.3869627 -0.0306376 -0.0570087 255 0 0
0.3843033 -0.0309574 -0.0528991 255 0 0
0.3837551 -0.0320966 -0.0520343 255 0 0
0.3842763 -0.0336392 -0.0528134 255 0 0
0.3831913 -0.0345853 -0.0511235 255 0 0
0.3820989 -0.0355380 -0.0494219 255 0 0
0.3815429 -0.0366932 -0.0485450 255 0 0
0.3818007 -0.0381422 -0.0489191 255 0 0
0.3820580 -0.0395888 -0.0492925 255 0 0
0.3817734 -0.0408451 -0.0488328 255 0 0
0.3817598 -0.0421966 -0.0487896 255 0 0
0.3817461 -0.0435480 -0.0487465 255 0 0
0.3820035 -0.0449899 -0.0491200 255 0 0
0.3817189 -0.0462510 -0.0486602 255 0 0
0.3819762 -0.0476905 -0.0490338 255 0 0
0.3816916 -0.0489540 -0.0485739 255 0 0
0.3819490 -0.0503912 -0.0489475 255 0 0
0.3819354 -0.0517415 -0.0489044 255 0 0
0.3821923 -0.0531751 -0.0492775 255 0 0
0.3824489 -0.0546062 -0.0496500 255 0 0
0.3824353 -0.0559542 -0.0496069 255 0 0
0.3842985 -0.0578548 -0.0524514 255 0 0
0.3848174 -0.0593491 -0.0532277 255 0 0
0.3848039 -0.0606867 -0.0531850 255 0 0
0.3855857 -0.0622481 -0.0543660 255 0 0
0.3861002 -0.0637285 -0.0551358 255 0 0
0.3863500 -0.0651322 -0.0554984 255 0 0
0.3865995 -0.0665335 -0.0558605 255 0 0
0.3868484 -0.0679323 -0.0562218 255 0 0
0.3873585 -0.0693968 -0.0569851 255 0 0
0.3876062 -0.0707896 -0.0573446 255 0 0
0.3881138 -0.0722454 -0.0581040 255 0 0
0.3883602 -0.0736324 -0.0584616 255 0 0
0.3886063 -0.0750170 -0.0588188 255 0 0
0.3891091 -0.0764604 -0.0595712 255 0 0
0.3893539 -0.0778390 -0.0599264 255 0 0
0.3893406 -0.0791563 -0.0598843 255 0 0
0.3898422 -0.0805894 -0.0606350 255 0 0
0.3898289 -0.0819045 -0.0605929 255 0 0
0.3900724 -0.0832751 -0.0609464 255 0 0
0.3900592 -0.0845891 -0.0609044 255 0 0
0.3903023 -0.0859563 -0.0612572 255 0 0
0.3902890 -0.0872692 -0.0612152 255 0 0
0.3902758 -0.0885821 -0.0611733 255 0 0
0.3902625 -0.0898950 -0.0611314 255 0 0
0.3902493 -0.0912080 -0.0610895 255 0 0
0.3899796 -0.0924733 -0.0606526 255 0 0
0.3899664 -0.0937874 -0.0606107 255 0 0
0.3896962 -0.0950560 -0.0601729 255 0 0
0.3896830 -0.0963712 -0.0601310 255 0 0
0.3896697 -0.0976864 -0.0600889 255 0 0
0.3893991 -0.0989594 -0.0596504 255 0 0
0.3893858 -0.1002758 -0.0596083 255 0 0
0.3891147 -0.1015521 -0.0591691 255 0 0
0.3893593 -0.1029085 -0.0595243 255 0 0
0.3890881 -0.1041871 -0.0590849 255 0 0
0.3893327 -0.1055413 -0.0594402 255 0 0
0.3888032 -0.1067865 -0.0586027 255 0 0
0.3885312 -0.1080706 -0.0581618 255 0 0
0.3874784 -0.1092560 -0.0565176 255 0 0
0.3874650 -0.1105803 -0.0564754 255 0 0
0.3871906 -0.1118732 -0.0560307 255 0 0
0.3869158 -0.1131682 -0.0555854 255 0 0
0.3719350 0.1067564 -0.0334835 255 0 0
0.3719209 0.1053522 -0.0334387 255 0 0
0.3724876 0.1034909 -0.0342875 255 0 0
0.3727631 0.1018626 -0.0346883 255 0 0
0.3730381 0.1002371 -0.0350885 255 0 0
0.3733126 0.0986147 -0.0354879 255 0 0
0.3735854 0.0969960 -0.0358847 255 0 0
0.3738589 0.0953794 -0.0362827 255 0 0
0.3735572 0.0942027 -0.0357955 255 0 0
0.3738308 0.0925885 -0.0361936 255 0 0
0.3738167 0.0911930 -0.0361490 255 0 0
0.3738027 0.0897975 -0.0361045 255 0 0
0.3737886 0.0884020 -0.0360599 255 0 0
0.3734868 0.0872190 -0.0355725 255 0 0
0.3737605 0.0856111 -0.0359707 255 0 0
0.3740336 0.0840060 -0.0363683 255 0 0
0.3748780 0.0819891 -0.0376455 255 0 0
0.3745783 0.0808045 -0.0371612 255 0 0
0.3748500 0.0792080 -0.0375566 255 0 0
0.3754058 0.0774117 -0.0383897 255 0 0
0.3753919 0.0760236 -0.0383453 255 0 0
0.3756620 0.0744357 -0.0387386 255 0 0
0.3762150 0.0726527 -0.0395673 255 0 0
0.3781682 0.0699023 -0.0425525 255 0 0
0.3798222 0.0673756 -0.0450772 255 0 0
0.3806357 0.0654399 -0.0463077 255 0 0
0.3811712 0.0637008 -0.0471100 255 0 0
0.3811574 0.0623383 -0.0470665 255 0 0
0.3816910 0.0606077 -0.0478660 255 0 0
0.3822227 0.0588832 -0.0486627 255 0 0
0.3827524 0.0571648 -0.0494566 255 0 0
0.3827388 0.0558094 -0.0494132 255 0 0
0.3838054 0.0537466 -0.0510342 255 0 0
0.3840609 0.0522208 -0.0514058 255 0 0
0.3843161 0.0506976 -0.0517768 255 0 0
0.3845708 0.0491770 -0.0521472 255 0 0
0.3848250 0.0476591 -0.0525168 255 0 0
0.3853457 0.0459749 -0.0532971 255 0 0
0.3855986 0.0444637 -0.0536648 255 0 0
0.3858511 0.0429551 -0.0540319 255 0 0
0.3863682 0.0412848 -0.0548069 255 0 0
0.3868836 0.0396203 -0.0555792 255 0 0
0.3871338 0.0381223 -0.0559431 255 0 0
0.3876466 0.0364675 -0.0567115 255 0 0
0.3878956 0.0349761 -0.0570735 255 0 0
0.3881441 0.0334872 -0.0574348 255 0 0
0.3886521 0.0318467 -0.0581962 255 0 0
0.3888994 0.0303643 -0.0585556 255 0 0
0.3891462 0.0288844 -0.0589144 255 0 0
0.3891328 0.0275578 -0.0588720 255 0 0
0.3893792 0.0260816 -0.0592302 255 0 0
0.3896252 0.0246079 -0.0595878 255 0 0
0.3898708 0.0231367 -0.0599448 255 0 0
0.3901160 0.0216680 -0.0603012 255 0 0
0.3903607 0.0202018 -0.0606570 255 0 0
0.3903474 0.0188808 -0.0606148 255 0 0
0.3905917 0.0174181 -0.0609700 255 0 0
0.3905784 0.0160982 -0.0609278 255 0 0
0.3908224 0.0146392 -0.0612825 255 0 0
0.3910659 0.0131826 -0.0616365 255 0 0
0.3907958 0.0120015 -0.0611983 255 0 0
0.3910393 0.0105472 -0.0615523 255 0 0
0.3912824 0.0090953 -0.0619059 255 0 0
0.3915251 0.0076459 -0.0622588 255 0 0
0.3915119 0.0063304 -0.0622167 255 0 0
0.3914986 0.0050148 -0.0621747 255 0 0
0.3912293 0.0038287 -0.0617377 255 0 0
0.3914720 0.0023838 -0.0620907 255 0 0
0.3914588 0.0010682 -0.0620487 255 0 0
0.3914456 -0.0002474 -0.0620067 255 0 0
0.3914323 -0.0015630 -0.0619646 255 0 0
0.3914190 -0.0028786 -0.0619226 255 0 0
0.3914046 -0.0041936 -0.0618788 255 0 0
0.3913913 -0.0055093 -0.0618367 255 0 0
0.3911219 -0.0067044 -0.0613994 255 0 0
0.3913648 -0.0081405 -0.0617527 255 0 0
0.3913515 -0.0094562 -0.0617107 255 0 0
0.3915939 -0.0108888 -0.0620635 255 0 0
0.3913250 -0.0120875 -0.0616267 255 0 0
0.3913117 -0.0134032 -0.0615846 255 0 0
0.3912984 -0.0147189 -0.0615427 255 0 0
0.3912852 -0.0160346 -0.0615006 255 0 0
0.3910157 -0.0172388 -0.0610629 255 0 0
0.3910024 -0.0185556 -0.0610209 255 0 0
0.3909891 -0.0198725 -0.0609788 255 0 0
0.3904620 -0.0209724 -0.0601433 255 0 0
0.3901912 -0.0221839 -0.0597034 255 0 0
0.3899199 -0.0233974 -0.0592627 255 0 0
0.3891298 -0.0244010 -0.0580207 255 0 0
0.3872762 -0.0263191 -0.0551139 255 0 0
0.3867364 -0.0274434 -0.0542581 255 0 0
0.3867229 -0.0287784 -0.0542156 255 0 0
0.3859164 -0.0298064 -0.0529476 255 0 0
0.3845719 -0.0306353 -0.0508485 255 0 0
0.3840227 -0.0317769 -0.0499778 255 0 0
0.3840091 -0.0331236 -0.0499348 255 0 0
0.3834579 -0.0342715 -0.0490611 255 0 0
0.3829049 -0.0354235 -0.0481844 255 0 0
0.3831612 -0.0368723 -0.0485584 255 0 0
0.3831476 -0.0382226 -0.0485153 255 0 0
0.3828640 -0.0394778 -0.0480548 255 0 0
0.3828504 -0.0408292 -0.0480117 255 0 0
0.3831068 -0.0422734 -0.0483859 255 0 0
0.3828231 -0.0435321 -0.0479254 255 0 0
0.3833491 -0.0450643 -0.0487164 255 0 0
0.3830659 -0.0463244 -0.0482565 255 0 0
0.3830523 -0.0476747 -0.0482134 255 0 0
0.3827686 -0.0489381 -0.0477527 255 0 0
0.3830251 -0.0503754 -0.0481271 255 0 0
0.3832811 -0.0518101 -0.0485009 255 0 0
0.3835367 -0.0532424 -0.0488741 255 0 0
0.3832538 -0.0545085 -0.0484147 255 0 0
0.3843143 -0.0561798 -0.0500326 255 0 0
0.3858967 -0.0579959 -0.0524578 255 0 0
0.3861479 -0.0594105 -0.0528243 255 0 0
0.3866622 -0.0608984 -0.0535981 255 0 0
0.3871749 -0.0623811 -0.0543691 255 0 0
0.3874238 -0.0637859 -0.0547324 255 0 0
0.3879338 -0.0652599 -0.0554996 255 0 0
0.3881815 -0.0666587 -0.0558610 255 0 0
0.3884287 -0.0680551 -0.0562218 255 0 0
0.3889353 -0.0695168 -0.0569837 255 0 0
0.3891812 -0.0709072 -0.0573426 255 0 0
0.3894267 -0.0722953 -0.0577009 255 0 0
0.3896719 -0.0736810 -0.0580586 255 0 0
0.3901730 -0.0751267 -0.0588124 255 0 0
0.3904168 -0.0765065 -0.0591682 255 0 0
0.3904035 -0.0778238 -0.0591261 255 0 0
0.3906470 -0.0792002 -0.0594814 255 0 0
0.3908900 -0.0805742 -0.0598360 255 0 0
0.3908768 -0.0818893 -0.0597940 255 0 0
0.3908635 -0.0832044 -0.0597520 255 0 0
0.3911062 -0.0845739 -0.0601061 255 0 0
0.3913484 -0.0859411 -0.0604596 255 0 0
0.3913351 -0.0872541 -0.0604176 255 0 0
0.3913219 -0.0885670 -0.0603757 255 0 0
0.3913087 -0.0898799 -0.0603338 255 0 0
0.3912954 -0.0911929 -0.0602919 255 0 0
0.3910267 -0.0924582 -0.0598543 255 0 0
0.3907574 -0.0937257 -0.0594160 255 0 0
0.3907441 -0.0950409 -0.0593740 255 0 0
0.3907309 -0.0963561 -0.0593320 255 0 0
0.3904612 -0.0976280 -0.0588928 255 0 0
0.3901910 -0.0989021 -0.0584529 255 0 0
0.3904346 -0.1002607 -0.0588087 255 0 0
0.3904213 -0.1015771 -0.0587667 255 0 0
0.3901511 -0.1028546 -0.0583267 255 0 0
0.3901378 -0.1041721 -0.0582846 255 0 0
0.3898671 -0.1054528 -0.0578438 255 0 0
0.3901112 -0.1068071 -0.0582004 255 0 0
0.3898405 -0.1080901 -0.0577596 255 0 0
0.3887931 -0.1092746 -0.0561154 255 0 0
0.3887798 -0.1105978 -0.0560731 255 0 0
0.3885068 -0.1118896 -0.0556286 255 0 0
0.3871884 -0.1130617 -0.0535643 255 0 0
0.3733442 0.1065427 -0.0330780 255 0 0
0.3739078 0.1046810 -0.0339267 255 0 0
0.3741817 0.1030530 -0.0343275 255 0 0
0.3744553 0.1014280 -0.0347277 255 0 0
0.3750136 0.0995831 -0.0355684 255 0 0
0.3752856 0.0979656 -0.0359663 255 0 0
0.3752715 0.0965714 -0.0359217 255 0 0
0.3752575 0.0951772 -0.0358772 255 0 0
0.3749573 0.0940014 -0.0353900 255 0 0
0.3752294 0.0923888 -0.0357881 255 0 0
0.3752153 0.0909946 -0.0357436 255 0 0
0.3752013 0.0896004 -0.0356990 255 0 0
0.3751872 0.0882061 -0.0356545 255 0 0
0.3754588 0.0866002 -0.0360520 255 0 0
0.3754448 0.0852072 -0.0360075 255 0 0
0.3754307 0.0838142 -0.0359630 255 0 0
0.3759865 0.0820064 -0.0368004 255 0 0
0.3759725 0.0806158 -0.0367559 255 0 0
0.3765264 0.0788170 -0.0375904 255 0 0
0.3767956 0.0772266 -0.0379844 255 0 0
0.3773465 0.0754386 -0.0388144 255 0 0
0.3776142 0.0738554 -0.0392062 255 0 0
0.3792787 0.0712951 -0.0417603 255 0 0
0.3809269 0.0687611 -0.0442893 255 0 0
0.3825576 0.0662538 -0.0467914 255 0 0
0.3830883 0.0645179 -0.0475907 255 0 0
0.3830745 0.0631590 -0.0475473 255 0 0
0.3830608 0.0618000 -0.0475039 255 0 0
0.3835897 0.0600749 -0.0483006 255 0 0
0.3835760 0.0587183 -0.0482572 255 0 0
0.3843726 0.0568221 -0.0494686 255 0 0
0.3846281 0.0552909 -0.0498423 255 0 0
0.3848821 0.0537632 -0.0502134 255 0 0
0.3854045 0.0520625 -0.0510004 255 0 0
0.3859251 0.0503678 -0.0517848 255 0 0
0.3861780 0.0488502 -0.0521545 255 0 0
0.3864304 0.0473352 -0.0525235 255 0 0
0.3866823 0.0458228 -0.0528918 255 0 0
0.3869339 0.0443130 -0.0532596 255 0 0
0.3871849 0.0428058 -0.0536267 255 0 0
0.3876994 0.0411372 -0.0544017 255 0 0
0.3879491 0.0396366 -0.0547669 255 0 0
0.3884609 0.0379778 -0.0555379 255 0 0
0.3887094 0.0364838 -0.0559012 255 0 0
0.3889574 0.0349924 -0.0562639 255 0 0
0.3897247 0.0331918 -0.0574311 255 0 0
0.3897113 0.0318629 -0.0573886 255 0 0
0.3899576 0.0303805 -0.0577487 255 0 0
0.3899443 0.0290527 -0.0577063 255 0 0
0.3901902 0.0275740 -0.0580659 255 0 0
0.3904357 0.0260977 -0.0584247 255 0 0
0.3906808 0.0246240 -0.0587830 255 0 0
0.3906675 0.0232996 -0.0587407 255 0 0
0.3909122 0.0218295 -0.0590984 255 0 0
0.3911565 0.0203619 -0.0594555 255 0 0
0.3914003 0.0188968 -0.0598120 255 0 0
0.3913870 0.0175757 -0.0597698 255 0 0
0.3916305 0.0161142 -0.0601259 255 0 0
0.3916172 0.0147942 -0.0600837 255 0 0
0.3918602 0.0133363 -0.0604390 255 0 0
0.3918469 0.0120175 -0.0603968 255 0 0
0.3920896 0.0105631 -0.0607516 255 0 0
0.3920763 0.0092454 -0.0607095 255 0 0
0.3923185 0.0077946 -0.0610638 255 0 0
0.3923053 0.0064779 -0.0610217 255 0 0
0.3922920 0.0051612 -0.0609797 255 0 0
0.3922787 0.0038446 -0.0609376 255 0 0
0.3922654 0.0025279 -0.0608955 255 0 0
0.3922522 0.0012112 -0.0608535 255 0 0
0.3922389 -0.0001055 -0.0608114 255 0 0
0.3924808 -0.0015472 -0.0611652 255 0 0
0.3924675 -0.0028628 -0.0611232 255 0 0
0.3921991 -0.0040557 -0.0606852 255 0 0
0.3921846 -0.0053719 -0.0606413 255 0 0
0.3921714 -0.0066886 -0.0605993 255 0 0
0.3919024 -0.0078858 -0.0601605 255 0 0
0.3918891 -0.0092037 -0.0601184 255 0 0
0.3918758 -0.0105216 -0.0600763 255 0 0
0.3918625 -0.0118395 -0.0600342 255 0 0
0.3915931 -0.0130422 -0.0595945 255 0 0
0.3913232 -0.0142468 -0.0591542 255 0 0
0.3915665 -0.0156803 -0.0595103 255 0 0
0.3915532 -0.0169994 -0.0594682 255 0 0
0.3910262 -0.0180962 -0.0586286 255 0 0
0.3904852 -0.0205210 -0.0577457 255 0 0
0.3899546 -0.0216276 -0.0569003 255 0 0
0.3896819 -0.0228459 -0.0564553 255 0 0
0.3891485 -0.0239594 -0.0556056 255 0 0
0.3883517 -0.0249705 -0.0543467 255 0 0
0.3870236 -0.0257749 -0.0522626 255 0 0
0.3864810 -0.0269031 -0.0513982 255 0 0
0.3867323 -0.0283481 -0.0517666 255 0 0
0.3861887 -0.0294818 -0.0509006 255 0 0
0.3851095 -0.0304143 -0.0492026 255 0 0
0.3850959 -0.0317610 -0.0491596 255 0 0
0.3850823 -0.0331077 -0.0491166 255 0 0
0.3845330 -0.0342556 -0.0482414 255 0 0
0.3842509 -0.0355062 -0.0477811 255 0 0
0.3842373 -0.0368564 -0.0477380 255 0 0
0.3842236 -0.0382067 -0.0476949 255 0 0
0.3842101 -0.0395570 -0.0476518 255 0 0
0.3841964 -0.0409072 -0.0476086 255 0 0
0.3841828 -0.0422576 -0.0475655 255 0 0
0.3839001 -0.0435163 -0.0471042 255 0 0
0.3841556 -0.0449582 -0.0474792 255 0 0
0.3841420 -0.0463085 -0.0474361 255 0 0
0.3841284 -0.0476589 -0.0473930 255 0 0
0.3841147 -0.0490092 -0.0473498 255 0 0
0.3843698 -0.0504451 -0.0477243 255 0 0
0.3843562 -0.0517943 -0.0476812 255 0 0
0.3846109 -0.0532266 -0.0480551 255 0 0
0.3851324 -0.0547380 -0.0488438 255 0 0
0.3867120 -0.0565632 -0.0512773 255 0 0
0.3874895 -0.0581365 -0.0524642 255 0 0
0.3880012 -0.0596253 -0.0532379 255 0 0
0.3885111 -0.0611089 -0.0540089 255 0 0
0.3884977 -0.0624397 -0.0539665 255 0 0
0.3890058 -0.0639160 -0.0547349 255 0 0
0.3895122 -0.0653872 -0.0555007 255 0 0
0.3897581 -0.0667835 -0.0558615 255 0 0
0.3900036 -0.0681775 -0.0562217 255 0 0
0.3902486 -0.0695690 -0.0565811 255 0 0
0.3904933 -0.0709582 -0.0569401 255 0 0
0.3909945 -0.0724100 -0.0576982 255 0 0
0.3909813 -0.0737296 -0.0576561 255 0 0
0.3914797 -0.0751740 -0.0584100 255 0 0
0.3914665 -0.0764913 -0.0583679 255 0 0
0.3917090 -0.0778688 -0.0587238 255 0 0
0.3919512 -0.0792439 -0.0590791 255 0 0
0.3921929 -0.0806168 -0.0594337 255 0 0
0.3919247 -0.0818741 -0.0589951 255 0 0
0.3921664 -0.0832448 -0.0593498 255 0 0
0.3924077 -0.0846131 -0.0597039 255 0 0
0.3923945 -0.0859260 -0.0596620 255 0 0
0.3923813 -0.0872390 -0.0596201 255 0 0
0.3926223 -0.0886028 -0.0599737 255 0 0
0.3923548 -0.0898649 -0.0595362 255 0 0
0.3923416 -0.0911778 -0.0594942 255 0 0
0.3920737 -0.0924431 -0.0590560 255 0 0
0.3918053 -0.0937106 -0.0586170 255 0 0
0.3917921 -0.0950258 -0.0585750 255 0 0
0.3915232 -0.0962966 -0.0581352 255 0 0
0.3912540 -0.0975696 -0.0576947 255 0 0
0.3914967 -0.0989293 -0.0580511 255 0 0
0.3914834 -0.1002457 -0.0580091 255 0 0
0.3909577 -0.1014819 -0.0571691 255 0 0
0.3912008 -0.1028395 -0.0575263 255 0 0
0.3909310 -0.1041192 -0.0570849 255 0 0
0.3909177 -0.1054378 -0.0570427 255 0 0
0.3903902 -0.1066850 -0.0561998 255 0 0
0.3903768 -0.1080059 -0.0561576 255 0 0
0.3898473 -0.1092596 -0.0553116 255 0 0
0.3895752 -0.1105502 -0.0548664 255 0 0
0.3895619 -0.1118746 -0.0548241 255 0 0
0.3871996 -0.1129238 -0.0511234 255 0 0
0.3750383 0.1060990 -0.0331202 255 0 0
0.3755978 0.1042414 -0.0339673 255 0 0
0.3758698 0.1026167 -0.0343674 255 0 0
0.3761401 0.1009960 -0.0347648 255 0 0
0.3764111 0.0993772 -0.0351634 255 0 0
0.3766816 0.0977613 -0.0355614 255 0 0
0.3763830 0.0965888 -0.0350744 255 0 0
0.3766536 0.0949754 -0.0354724 255 0 0
0.3763549 0.0938005 -0.0349853 255 0 0
0.3766254 0.0921895 -0.0353834 255 0 0
0.3766114 0.0907965 -0.0353389 255 0 0
0.3765974 0.0894035 -0.0352944 255 0 0
0.3765833 0.0880105 -0.0352499 255 0 0
0.3768534 0.0864062 -0.0356473 255 0 0
0.3765553 0.0852245 -0.0351609 255 0 0
0.3768254 0.0836227 -0.0355584 255 0 0
0.3770950 0.0820237 -0.0359553 255 0 0
0.3773642 0.0804275 -0.0363514 255 0 0
0.3779151 0.0786307 -0.0371858 255 0 0
0.3784640 0.0768401 -0.0380173 255 0 0
0.3787307 0.0752557 -0.0384098 255 0 0
0.3792767 0.0734760 -0.0392368 255 0 0
0.3812057 0.0707278 -0.0422161 255 0 0
0.3831122 0.0680126 -0.0451606 255 0 0
0.3836428 0.0662706 -0.0459641 255 0 0
0.3844421 0.0643479 -0.0471858 255 0 0
0.3846985 0.0628048 -0.0475628 255 0 0
0.3846848 0.0614482 -0.0475194 255 0 0
0.3852098 0.0597268 -0.0483147 255 0 0
0.3854648 0.0581918 -0.0486895 255 0 0
0.3857194 0.0566594 -0.0490639 255 0 0
0.3862396 0.0549531 -0.0498517 255 0 0
0.3864929 0.0534275 -0.0502241 255 0 0
0.3870116 0.0517304 -0.0510097 255 0 0
0.3872635 0.0502116 -0.0513800 255 0 0
0.3872499 0.0488667 -0.0513371 255 0 0
0.3877660 0.0471819 -0.0521188 255 0 0
0.3880167 0.0456709 -0.0524872 255 0 0
0.3882668 0.0441625 -0.0528550 255 0 0
0.3885166 0.0426568 -0.0532221 255 0 0
0.3885031 0.0413176 -0.0531794 255 0 0
0.3890148 0.0396530 -0.0539545 255 0 0
0.3895247 0.0379941 -0.0547269 255 0 0
0.3897722 0.0365001 -0.0550909 255 0 0
0.3900194 0.0350086 -0.0554542 255 0 0
0.3902661 0.0335197 -0.0558169 255 0 0
0.3905124 0.0320334 -0.0561790 255 0 0
0.3907572 0.0305502 -0.0565386 255 0 0
0.3910026 0.0290689 -0.0568994 255 0 0
0.3912477 0.0275901 -0.0572597 255 0 0
0.3914922 0.0261139 -0.0576192 255 0 0
0.3914789 0.0247883 -0.0575768 255 0 0
0.3917231 0.0233157 -0.0579359 255 0 0
0.3917098 0.0219913 -0.0578936 255 0 0
0.3919536 0.0205223 -0.0582520 255 0 0
0.3919403 0.0191990 -0.0582098 255 0 0
0.3921836 0.0177336 -0.0585676 255 0 0
0.3921703 0.0164114 -0.0585254 255 0 0
0.3924133 0.0149496 -0.0588827 255 0 0
0.3926559 0.0134902 -0.0592394 255 0 0
0.3926426 0.0121703 -0.0591972 255 0 0
0.3928848 0.0107145 -0.0595533 255 0 0
0.3931265 0.0092613 -0.0599087 255 0 0
0.3931133 0.0079435 -0.0598666 255 0 0
0.3928449 0.0067579 -0.0594268 255 0 0
0.3930867 0.0053079 -0.0597825 255 0 0
0.3933282 0.0038604 -0.0601375 255 0 0
0.3930601 0.0026723 -0.0596983 255 0 0
0.3930469 0.0013545 -0.0596562 255 0 0
0.3930336 0.0000367 -0.0596141 255 0 0
0.3930203 -0.0012812 -0.0595720 255 0 0
0.3927519 -0.0024748 -0.0591320 255 0 0
0.3927386 -0.0037937 -0.0590898 255 0 0
0.3927253 -0.0051127 -0.0590477 255 0 0
0.3929672 -0.0065527 -0.0594036 255 0 0
0.3926987 -0.0077507 -0.0589634 255 0 0
0.3926854 -0.0090698 -0.0589213 255 0 0
0.3929262 -0.0105059 -0.0592755 255 0 0
0.3926576 -0.0117073 -0.0588351 255 0 0
0.3923887 -0.0129109 -0.0583942 255 0 0
0.3923753 -0.0142311 -0.0583520 255 0 0
0.3921059 -0.0154378 -0.0579101 255 0 0
0.3918238 -0.0179696 -0.0574271 255 0 0
0.3915534 -0.0191816 -0.0569837 255 0 0
0.3910246 -0.0202860 -0.0561371 255 0 0
0.3904940 -0.0213941 -0.0552875 255 0 0
0.3897014 -0.0223977 -0.0540289 255 0 0
0.3894273 -0.0236219 -0.0535794 255 0 0
0.3886292 -0.0246347 -0.0523121 255 0 0
0.3878269 -0.0256528 -0.0510381 255 0 0
0.3875496 -0.0268873 -0.0505835 255 0 0
0.3872717 -0.0281239 -0.0501280 255 0 0
0.3867282 -0.0292591 -0.0492578 255 0 0
0.3864488 -0.0305010 -0.0487999 255 0 0
0.3861691 -0.0317451 -0.0483413 255 0 0
0.3858888 -0.0329913 -0.0478819 255 0 0
0.3858753 -0.0343392 -0.0478389 255 0 0
0.3855945 -0.0355887 -0.0473786 255 0 0
0.3855809 -0.0369378 -0.0473355 255 0 0
0.3855674 -0.0382869 -0.0472925 255 0 0
0.3852861 -0.0395411 -0.0468314 255 0 0
0.3852725 -0.0408914 -0.0467882 255 0 0
0.3852589 -0.0422417 -0.0467451 255 0 0
0.3852453 -0.0435920 -0.0467020 255 0 0
0.3854994 -0.0450326 -0.0470770 255 0 0
0.3857530 -0.0464707 -0.0474514 255 0 0
0.3854721 -0.0477310 -0.0469908 255 0 0
0.3854586 -0.0490801 -0.0469477 255 0 0
0.3859791 -0.0506001 -0.0477391 255 0 0
0.3859655 -0.0519469 -0.0476960 255 0 0
0.3864842 -0.0534593 -0.0484847 255 0 0
0.3877923 -0.0552088 -0.0505067 255 0 0
0.3885670 -0.0567856 -0.0516956 255 0 0
0.3893378 -0.0583544 -0.0528784 255 0 0
0.3895849 -0.0597626 -0.0532430 255 0 0
0.3898316 -0.0611685 -0.0536069 255 0 0
0.3905958 -0.0627193 -0.0547797 255 0 0
0.3910987 -0.0641901 -0.0555442 255 0 0
0.3910853 -0.0655141 -0.0555019 255 0 0
0.3913294 -0.0669079 -0.0558620 255 0 0
0.3915731 -0.0682994 -0.0562215 255 0 0
0.3915598 -0.0696211 -0.0561794 255 0 0
0.3918031 -0.0710091 -0.0565383 255 0 0
0.3920460 -0.0723948 -0.0568966 255 0 0
0.3925427 -0.0738414 -0.0576518 255 0 0
0.3927843 -0.0752211 -0.0580083 255 0 0
0.3927711 -0.0765373 -0.0579662 255 0 0
0.3930123 -0.0779136 -0.0583221 255 0 0
0.3929991 -0.0792287 -0.0582801 255 0 0
0.3932399 -0.0806016 -0.0586355 255 0 0
0.3932267 -0.0819156 -0.0585935 255 0 0
0.3932134 -0.0832296 -0.0585515 255 0 0
0.3934539 -0.0845980 -0.0589063 255 0 0
0.3934407 -0.0859109 -0.0588644 255 0 0
0.3936807 -0.0872759 -0.0592187 255 0 0
0.3934142 -0.0885368 -0.0587805 255 0 0
0.3931472 -0.0897999 -0.0583416 255 0 0
0.3931340 -0.0911140 -0.0582997 255 0 0
0.3928666 -0.0923803 -0.0578600 255 0 0
0.3928533 -0.0936956 -0.0578181 255 0 0
0.3925853 -0.0949652 -0.0573775 255 0 0
0.3928268 -0.0963260 -0.0577340 255 0 0
0.3925588 -0.0975979 -0.0572934 255 0 0
0.3922904 -0.0988720 -0.0568523 255 0 0
0.3922772 -0.1001895 -0.0568101 255 0 0
0.3922639 -0.1015070 -0.0567681 255 0 0
0.3922506 -0.1028245 -0.0567259 255 0 0
0.3919817 -0.1041041 -0.0562839 255 0 0
0.3917123 -0.1053859 -0.0558409 255 0 0
0.3916990 -0.1067057 -0.0557988 255 0 0
0.3909149 -0.1079214 -0.0545501 255 0 0
0.3909016 -0.1092446 -0.0545078 255 0 0
0.3903721 -0.1105025 -0.0536576 255 0 0
0.3901000 -0.1117965 -0.0532102 255 0 0
0.3704715 -0.1150587 -0.0223912 255 0 0
0.3764409 0.1058865 -0.0327161 255 0 0
0.3769974 0.1040310 -0.0335631 255 0 0
0.3772666 0.1024090 -0.0339613 255 0 0
0.3775366 0.1007888 -0.0343606 255 0 0
0.3775226 0.0993947 -0.0343161 255 0 0
0.3775085 0.0980005 -0.0342715 255 0 0
0.3777780 0.0963858 -0.0346703 255 0 0
0.3774804 0.0952121 -0.0341825 255 0 0
0.3777500 0.0935999 -0.0345813 255 0 0
0.3777359 0.0922069 -0.0345367 255 0 0
0.3782876 0.0903841 -0.0353767 255 0 0
0.3779910 0.0892071 -0.0348904 255 0 0
0.3782596 0.0876031 -0.0352878 255 0 0
0.3782456 0.0862126 -0.0352435 255 0 0
0.3779489 0.0850318 -0.0347570 255 0 0
0.3782175 0.0834315 -0.0351546 255 0 0
0.3784857 0.0818341 -0.0355514 255 0 0
0.3787534 0.0802396 -0.0359476 255 0 0
0.3793013 0.0784446 -0.0367820 255 0 0
0.3798473 0.0766560 -0.0376134 255 0 0
0.3798333 0.0752729 -0.0375692 255 0 0
0.3828625 0.0717267 -0.0422849 255 0 0
0.3842131 0.0693932 -0.0443754 255 0 0
0.3850122 0.0674590 -0.0456034 255 0 0
0.3852685 0.0659105 -0.0459823 255 0 0
0.3857935 0.0641782 -0.0467817 255 0 0
0.3860484 0.0626367 -0.0471585 255 0 0
0.3863030 0.0610978 -0.0475349 255 0 0
0.3862893 0.0597435 -0.0474916 255 0 0
0.3868107 0.0580280 -0.0482855 255 0 0
0.3875949 0.0561409 -0.0494907 255 0 0
0.3878468 0.0546157 -0.0498631 255 0 0
0.3880982 0.0530930 -0.0502347 255 0 0
0.3883491 0.0515731 -0.0506057 255 0 0
0.3885997 0.0500557 -0.0509761 255 0 0
0.3888498 0.0485410 -0.0513458 255 0 0
0.3888363 0.0471984 -0.0513029 255 0 0
0.3893487 0.0455193 -0.0520833 255 0 0
0.3893352 0.0441790 -0.0520405 255 0 0
0.3898459 0.0425080 -0.0528182 255 0 0
0.3900938 0.0410063 -0.0531847 255 0 0
0.3900803 0.0396694 -0.0531420 255 0 0
0.3905884 0.0380104 -0.0539159 255 0 0
0.3908351 0.0365164 -0.0542805 255 0 0
0.3910814 0.0350249 -0.0546446 255 0 0
0.3913272 0.0335360 -0.0550080 255 0 0
0.3915714 0.0320503 -0.0553689 255 0 0
0.3915580 0.0307202 -0.0553264 255 0 0
0.3918030 0.0292375 -0.0556886 255 0 0
0.3920476 0.0277573 -0.0560501 255 0 0
0.3920342 0.0264295 -0.0560077 255 0 0
0.3922784 0.0249529 -0.0563687 255 0 0
0.3925221 0.0234789 -0.0567290 255 0 0
0.3925087 0.0221533 -0.0566867 255 0 0
0.3930083 0.0205383 -0.0574479 255 0 0
0.3929950 0.0192150 -0.0574056 255 0 0
0.3929817 0.0178917 -0.0573633 255 0 0
0.3929683 0.0165683 -0.0573210 255 0 0
0.3932109 0.0151052 -0.0576797 255 0 0
0.3931975 0.0137829 -0.0576374 255 0 0
0.3931842 0.0124606 -0.0575952 255 0 0
0.3934264 0.0110022 -0.0579532 255 0 0
0.3934131 0.0096811 -0.0579111 255 0 0
0.3936548 0.0082262 -0.0582685 255 0 0
0.3938961 0.0067738 -0.0586255 255 0 0
0.3936282 0.0055861 -0.0581842 255 0 0
0.3938695 0.0041359 -0.0585411 255 0 0
0.3938562 0.0028170 -0.0584990 255 0 0
0.3938430 0.0014980 -0.0584569 255 0 0
0.3935750 0.0003058 -0.0580155 255 0 0
0.3935617 -0.0010143 -0.0579734 255 0 0
0.3932932 -0.0022097 -0.0575311 255 0 0
0.3937898 -0.0037779 -0.0582883 255 0 0
0.3932666 -0.0048522 -0.0574468 255 0 0
0.3932533 -0.0061734 -0.0574045 255 0 0
0.3932400 -0.0074947 -0.0573624 255 0 0
0.3932267 -0.0088160 -0.0573201 255 0 0
0.3932134 -0.0101373 -0.0572779 255 0 0
0.3932001 -0.0114586 -0.0572357 255 0 0
0.3931867 -0.0127799 -0.0571935 255 0 0
0.3926617 -0.0138714 -0.0563487 255 0 0
0.3929045 -0.0153089 -0.0567081 255 0 0
0.3926350 -0.0165186 -0.0562641 255 0 0
0.3923650 -0.0177304 -0.0558193 255 0 0
0.3920946 -0.0189443 -0.0553737 255 0 0
0.3913075 -0.0199399 -0.0541176 255 0 0
0.3912941 -0.0212692 -0.0540751 255 0 0
0.3905029 -0.0222733 -0.0528123 255 0 0
0.3899686 -0.0233907 -0.0519525 255 0 0
0.3891705 -0.0244047 -0.0506788 255 0 0
0.3891571 -0.0257432 -0.0506361 255 0 0
0.3883547 -0.0267659 -0.0493555 255 0 0
0.3878131 -0.0278989 -0.0484839 255 0 0
0.3877995 -0.0292432 -0.0484409 255 0 0
0.3875212 -0.0304851 -0.0479824 255 0 0
0.3875076 -0.0318306 -0.0479394 255 0 0
0.3869630 -0.0329754 -0.0470630 255 0 0
0.3866832 -0.0342237 -0.0466020 255 0 0
0.3869359 -0.0356712 -0.0469769 255 0 0
0.3866560 -0.0369219 -0.0465159 255 0 0
0.3863758 -0.0381749 -0.0460541 255 0 0
0.3866289 -0.0396202 -0.0464297 255 0 0
0.3866153 -0.0409693 -0.0463866 255 0 0
0.3866017 -0.0423184 -0.0463434 255 0 0
0.3865881 -0.0436676 -0.0463004 255 0 0
0.3868408 -0.0451069 -0.0466754 255 0 0
0.3868272 -0.0464549 -0.0466323 255 0 0
0.3868136 -0.0478029 -0.0465893 255 0 0
0.3870659 -0.0492374 -0.0469638 255 0 0
0.3873178 -0.0506694 -0.0473376 255 0 0
0.3873042 -0.0520151 -0.0472946 255 0 0
0.3878202 -0.0535261 -0.0480832 255 0 0
0.3888592 -0.0551932 -0.0496934 255 0 0
0.3893698 -0.0566908 -0.0504738 255 0 0
0.3901391 -0.0582612 -0.0516608 255 0 0
0.3909045 -0.0598234 -0.0528416 255 0 0
0.3914081 -0.0613029 -0.0536113 255 0 0
0.3916526 -0.0627039 -0.0539740 255 0 0
0.3918967 -0.0641025 -0.0543360 255 0 0
0.3923969 -0.0655697 -0.0551005 255 0 0
0.3928954 -0.0670319 -0.0558626 255 0 0
0.3928821 -0.0683525 -0.0558203 255 0 0
0.3928688 -0.0696732 -0.0557782 255 0 0
0.3931107 -0.0710599 -0.0561371 255 0 0
0.3938597 -0.0725735 -0.0572928 255 0 0
0.3935924 -0.0738261 -0.0568515 255 0 0
0.3940867 -0.0752682 -0.0576073 255 0 0
0.3940735 -0.0765833 -0.0575652 255 0 0
0.3943135 -0.0779584 -0.0579212 255 0 0
0.3940470 -0.0792135 -0.0574812 255 0 0
0.3942870 -0.0805864 -0.0578372 255 0 0
0.3945265 -0.0819570 -0.0581926 255 0 0
0.3945133 -0.0832699 -0.0581506 255 0 0
0.3945000 -0.0845829 -0.0581087 255 0 0
0.3944868 -0.0858958 -0.0580668 255 0 0
0.3944736 -0.0872087 -0.0580248 255 0 0
0.3944603 -0.0885217 -0.0579829 255 0 0
0.3941942 -0.0897848 -0.0575433 255 0 0
0.3939277 -0.0910500 -0.0571031 255 0 0
0.3939145 -0.0923652 -0.0570610 255 0 0
0.3939012 -0.0936805 -0.0570190 255 0 0
0.3936342 -0.0949501 -0.0565779 255 0 0
0.3936209 -0.0962665 -0.0565358 255 0 0
0.3930988 -0.0974959 -0.0556934 255 0 0
0.3933402 -0.0988569 -0.0560519 255 0 0
0.3933269 -0.1001744 -0.0560098 255 0 0
0.3930589 -0.1014518 -0.0555670 255 0 0
0.3930457 -0.1027704 -0.0555249 255 0 0
0.3930323 -0.1040891 -0.0554827 255 0 0
0.3930191 -0.1054078 -0.0554406 255 0 0
0.3927506 -0.1066907 -0.0549970 255 0 0
0.3919692 -0.1079063 -0.0537463 255 0 0
0.3919558 -0.1092295 -0.0537040 255 0 0
0.3914282 -0.1104875 -0.0528524 255 0 0
0.3914148 -0.1118130 -0.0528100 255 0 0
0.3724720 -0.1151345 -0.0229109 255 0 0
0.3775563 0.1059041 -0.0318657 255 0 0
0.3778268 0.1042765 -0.0322680 255 0 0
0.3783803 0.1024255 -0.0331151 255 0 0
0.3786481 0.1008063 -0.0335133 255 0 0
0.3786340 0.0994122 -0.0334687 255 0 0
0.3789026 0.0977962 -0.0338682 255 0 0
0.3791706 0.0961832 -0.0342668 255 0 0
0.3794382 0.0945729 -0.0346649 255 0 0
0.3791426 0.0933997 -0.0341779 255 0 0
0.3794101 0.0917920 -0.0345760 255 0 0
0.3793961 0.0904015 -0.0345316 255 0 0
0.3796632 0.0887979 -0.0349290 255 0 0
0.3793681 0.0876205 -0.0344427 255 0 0
0.3796353 0.0860193 -0.0348402 255 0 0
0.3793401 0.0848394 -0.0343539 255 0 0
0.3796073 0.0832407 -0.0347514 255 0 0
0.3795933 0.0818514 -0.0347070 255 0 0
0.3798600 0.0802568 -0.0351039 255 0 0
0.3804059 0.0784618 -0.0359399 255 0 0
0.3812281 0.0764723 -0.0372101 255 0 0
0.3831468 0.0737031 -0.0402047 255 0 0
0.3844996 0.0713547 -0.0423098 255 0 0
0.3858406 0.0690270 -0.0443964 255 0 0
0.3863655 0.0672862 -0.0451998 255 0 0
0.3868886 0.0655515 -0.0460006 255 0 0
0.3868749 0.0641950 -0.0459572 255 0 0
0.3871289 0.0626534 -0.0463348 255 0 0
0.3873825 0.0611145 -0.0467119 255 0 0
0.3876356 0.0595783 -0.0470882 255 0 0
0.3886833 0.0575060 -0.0487144 255 0 0
0.3889343 0.0559795 -0.0490873 255 0 0
0.3889207 0.0546323 -0.0490443 255 0 0
0.3891712 0.0531096 -0.0494166 255 0 0
0.3896844 0.0514160 -0.0502024 255 0 0
0.3899335 0.0499001 -0.0505727 255 0 0
0.3899200 0.0485575 -0.0505298 255 0 0
0.3904306 0.0468760 -0.0513116 255 0 0
0.3906785 0.0453679 -0.0516800 255 0 0
0.3906650 0.0440288 -0.0516372 255 0 0
0.3911729 0.0423595 -0.0524150 255 0 0
0.3911594 0.0410226 -0.0523723 255 0 0
0.3914061 0.0395234 -0.0527390 255 0 0
0.3919114 0.0378662 -0.0535128 255 0 0
0.3918980 0.0365327 -0.0534702 255 0 0
0.3921434 0.0350412 -0.0538349 255 0 0
0.3921299 0.0337089 -0.0537924 255 0 0
0.3926327 0.0320658 -0.0545624 255 0 0
0.3928757 0.0305826 -0.0549234 255 0 0
0.3926048 0.0294064 -0.0544756 255 0 0
0.3928489 0.0279248 -0.0548385 255 0 0
0.3930926 0.0264456 -0.0552008 255 0 0
0.3933358 0.0249691 -0.0555625 255 0 0
0.3933225 0.0236424 -0.0555201 255 0 0
0.3938211 0.0220235 -0.0562839 255 0 0
0.3938078 0.0206990 -0.0562416 255 0 0
0.3937944 0.0193745 -0.0561992 255 0 0
0.3937811 0.0180501 -0.0561569 255 0 0
0.3940232 0.0165844 -0.0565169 255 0 0
0.3942648 0.0151212 -0.0568762 255 0 0
0.3942514 0.0137989 -0.0568339 255 0 0
0.3942381 0.0124767 -0.0567917 255 0 0
0.3942248 0.0111544 -0.0567494 255 0 0
0.3944661 0.0096970 -0.0571082 255 0 0
0.3944528 0.0083759 -0.0570660 255 0 0
0.3944395 0.0070547 -0.0570238 255 0 0
0.3944261 0.0057335 -0.0569816 255 0 0
0.3944128 0.0044123 -0.0569394 255 0 0
0.3946538 0.0029618 -0.0572977 255 0 0
0.3946404 0.0016418 -0.0572555 255 0 0
0.3946272 0.0003217 -0.0572134 255 0 0
0.3943596 -0.0008726 -0.0567705 255 0 0
0.3943463 -0.0021938 -0.0567283 255 0 0
0.3943330 -0.0035150 -0.0566861 255 0 0
0.3943197 -0.0048363 -0.0566439 255 0 0
0.3943064 -0.0061576 -0.0566017 255 0 0
0.3942931 -0.0074789 -0.0565595 255 0 0
0.3942797 -0.0088002 -0.0565172 255 0 0
0.3940117 -0.0100033 -0.0560735 255 0 0
0.3942531 -0.0114428 -0.0564328 255 0 0
0.3939850 -0.0126482 -0.0559889 255 0 0
0.3937166 -0.0138556 -0.0555444 255 0 0
0.3937032 -0.0151792 -0.0555021 255 0 0
0.3934342 -0.0163899 -0.0550567 255 0 0
0.3934208 -0.0177146 -0.0550143 255 0 0
0.3931514 -0.0189285 -0.0545681 255 0 0
0.3926244 -0.0200344 -0.0537159 255 0 0
0.3918373 -0.0210345 -0.0524532 255 0 0
0.3918239 -0.0223661 -0.0524106 255 0 0
0.3915516 -0.0235903 -0.0519599 255 0 0
0.3904983 -0.0244960 -0.0502772 255 0 0
0.3902238 -0.0257273 -0.0498227 255 0 0
0.3894243 -0.0267500 -0.0485401 255 0 0
0.3891478 -0.0279876 -0.0480825 255 0 0
0.3888709 -0.0292273 -0.0476241 255 0 0
0.3885935 -0.0304692 -0.0471648 255 0 0
0.3880508 -0.0316115 -0.0462870 255 0 0
0.3880372 -0.0329594 -0.0462440 255 0 0
0.3880237 -0.0343074 -0.0462009 255 0 0
0.3877448 -0.0355569 -0.0457392 255 0 0
0.3879965 -0.0370032 -0.0461148 255 0 0
0.3877176 -0.0382552 -0.0456530 255 0 0
0.3877040 -0.0396043 -0.0456100 255 0 0
0.3876904 -0.0409534 -0.0455669 255 0 0
0.3879422 -0.0423951 -0.0459426 255 0 0
0.3879286 -0.0437431 -0.0458995 255 0 0
0.3881800 -0.0451811 -0.0462746 255 0 0
0.3879015 -0.0464391 -0.0458133 255 0 0
0.3881529 -0.0478748 -0.0461885 255 0 0
0.3881392 -0.0492217 -0.0461454 255 0 0
0.3883902 -0.0506537 -0.0465199 255 0 0
0.3889043 -0.0521670 -0.0473100 255 0 0
0.3894166 -0.0536750 -0.0480973 255 0 0
0.3904482 -0.0553387 -0.0497046 255 0 0
0.3912148 -0.0569125 -0.0508934 255 0 0
0.3917192 -0.0584008 -0.0516684 255 0 0
0.3922219 -0.0598841 -0.0524409 255 0 0
0.3924659 -0.0612875 -0.0528049 255 0 0
0.3932221 -0.0628353 -0.0539777 255 0 0
0.3934643 -0.0642314 -0.0543391 255 0 0
0.3937063 -0.0656252 -0.0547000 255 0 0
0.3939478 -0.0670166 -0.0550602 255 0 0
0.3941888 -0.0684056 -0.0554198 255 0 0
0.3941755 -0.0697251 -0.0553776 255 0 0
0.3946686 -0.0711763 -0.0561353 255 0 0
0.3949084 -0.0725583 -0.0564931 255 0 0
0.3948952 -0.0738745 -0.0564511 255 0 0
0.3948819 -0.0751907 -0.0564090 255 0 0
0.3951214 -0.0765681 -0.0567662 255 0 0
0.3953604 -0.0779432 -0.0571228 255 0 0
0.3953472 -0.0792572 -0.0570809 255 0 0
0.3953340 -0.0805713 -0.0570389 255 0 0
0.3955727 -0.0819419 -0.0573950 255 0 0
0.3955594 -0.0832548 -0.0573530 255 0 0
0.3955462 -0.0845677 -0.0573111 255 0 0
0.3955330 -0.0858807 -0.0572691 255 0 0
0.3955198 -0.0871937 -0.0572272 255 0 0
0.3955065 -0.0885066 -0.0571852 255 0 0
0.3952413 -0.0897697 -0.0567451 255 0 0
0.3952281 -0.0910838 -0.0567030 255 0 0
0.3949625 -0.0923502 -0.0562621 255 0 0
0.3949492 -0.0936654 -0.0562200 255 0 0
0.3944298 -0.0948893 -0.0553778 255 0 0
0.3944165 -0.0962068 -0.0553356 255 0 0
0.3944032 -0.0975243 -0.0552936 255 0 0
0.3941361 -0.0987994 -0.0548502 255 0 0
0.3943767 -0.1001594 -0.0552094 255 0 0
0.3941096 -0.1014367 -0.0547659 255 0 0
0.3940963 -0.1027554 -0.0547238 255 0 0
0.3940830 -0.1040741 -0.0546817 255 0 0
0.3940698 -0.1053927 -0.0546396 255 0 0
0.3935475 -0.1066399 -0.0537925 255 0 0
0.3932790 -0.1079261 -0.0533467 255 0 0
0.3927541 -0.1091807 -0.0524952 255 0 0
0.3924842 -0.1104724 -0.0520472 255 0 0
0.3823630 -0.1132987 -0.0359722 255 0 0
0.3792384 0.1054627 -0.0319100 255 0 0
0.3792243 0.1040661 -0.0318653 255 0 0
0.3797736 0.1022180 -0.0327104 255 0 0
0.3800411 0.1005995 -0.0331105 255 0 0
0.3803081 0.0989840 -0.0335099 255 0 0
0.3802941 0.0975923 -0.0334654 255 0 0
0.3802801 0.0962006 -0.0334210 255 0 0
0.3805467 0.0945903 -0.0338197 255 0 0
0.3805327 0.0931999 -0.0337753 255 0 0
0.3805186 0.0918094 -0.0337308 255 0 0
0.3805047 0.0904188 -0.0336865 255 0 0
0.3807708 0.0888152 -0.0340846 255 0 0
0.3807568 0.0874259 -0.0340402 255 0 0
0.3810225 0.0858264 -0.0344377 255 0 0
0.3807288 0.0846474 -0.0339514 255 0 0
0.3809945 0.0830503 -0.0343490 255 0 0
0.3809805 0.0816622 -0.0343047 255 0 0
0.3812457 0.0800692 -0.0347015 255 0 0
0.3815105 0.0784791 -0.0350977 255 0 0
0.3823297 0.0764894 -0.0363703 255 0 0
0.3845149 0.0735232 -0.0398020 255 0 0
0.3861310 0.0709841 -0.0423345 255 0 0
0.3869258 0.0690439 -0.0435690 255 0 0
0.3879836 0.0669250 -0.0452194 255 0 0
0.3879700 0.0655684 -0.0451761 255 0 0
0.3879563 0.0642118 -0.0451327 255 0 0
0.3884757 0.0624855 -0.0459321 255 0 0
0.3887279 0.0609481 -0.0463091 255 0 0
0.3897718 0.0588710 -0.0479380 255 0 0
0.3900218 0.0573433 -0.0483116 255 0 0
0.3900082 0.0559961 -0.0482686 255 0 0
0.3905204 0.0542960 -0.0490569 255 0 0
0.3907691 0.0527762 -0.0494287 255 0 0
0.3910173 0.0512592 -0.0497997 255 0 0
0.3912651 0.0497447 -0.0501701 255 0 0
0.3915125 0.0482328 -0.0505399 255 0 0
0.3914990 0.0468925 -0.0504970 255 0 0
0.3917459 0.0453844 -0.0508662 255 0 0
0.3922520 0.0437128 -0.0516453 255 0 0
0.3922386 0.0423759 -0.0516026 255 0 0
0.3924842 0.0408755 -0.0519699 255 0 0
0.3924708 0.0395398 -0.0519272 255 0 0
0.3927161 0.0380431 -0.0522938 255 0 0
0.3929609 0.0365490 -0.0526598 255 0 0
0.3934628 0.0348997 -0.0534326 255 0 0
0.3934493 0.0335685 -0.0533900 255 0 0
0.3936929 0.0320820 -0.0537542 255 0 0
0.3936784 0.0307527 -0.0537098 255 0 0
0.3939216 0.0292699 -0.0540734 255 0 0
0.3941643 0.0277897 -0.0544363 255 0 0
0.3941510 0.0264618 -0.0543939 255 0 0
0.3941376 0.0251340 -0.0543514 255 0 0
0.3941242 0.0238061 -0.0543090 255 0 0
0.3946219 0.0221856 -0.0550756 255 0 0
0.3940975 0.0211504 -0.0542242 255 0 0
0.3943399 0.0196783 -0.0545867 255 0 0
0.3945819 0.0182087 -0.0549485 255 0 0
0.3948234 0.0167416 -0.0553097 255 0 0
0.3948101 0.0154171 -0.0552674 255 0 0
0.3947968 0.0140926 -0.0552252 255 0 0
0.3947834 0.0127681 -0.0551828 255 0 0
0.3950247 0.0113068 -0.0555436 255 0 0
0.3952654 0.0098481 -0.0559037 255 0 0
0.3952521 0.0085258 -0.0558614 255 0 0
0.3952388 0.0072035 -0.0558192 255 0 0
0.3952255 0.0058812 -0.0557769 255 0 0
0.3952121 0.0045588 -0.0557346 255 0 0
0.3954526 0.0031070 -0.0560943 255 0 0
0.3954393 0.0017858 -0.0560521 255 0 0
0.3951722 0.0005918 -0.0556079 255 0 0
0.3951589 -0.0007306 -0.0555657 255 0 0
0.3951456 -0.0020530 -0.0555234 255 0 0
0.3951323 -0.0033754 -0.0554812 255 0 0
0.3951190 -0.0046978 -0.0554389 255 0 0
0.3948514 -0.0058984 -0.0549939 255 0 0
0.3950923 -0.0073426 -0.0553544 255 0 0
0.3950790 -0.0086650 -0.0553122 255 0 0
0.3948114 -0.0098690 -0.0548669 255 0 0
0.3950524 -0.0113099 -0.0552277 255 0 0
0.3950391 -0.0126324 -0.0551854 255 0 0
0.3947715 -0.0138398 -0.0547401 255 0 0
0.3947581 -0.0151634 -0.0546978 255 0 0
0.3944900 -0.0163741 -0.0542517 255 0 0
0.3944766 -0.0176988 -0.0542094 255 0 0
0.3942081 -0.0189127 -0.0537625 255 0 0
0.3936829 -0.0200185 -0.0529087 255 0 0
0.3934130 -0.0212376 -0.0524596 255 0 0
0.3928851 -0.0223503 -0.0516016 255 0 0
0.3923554 -0.0234668 -0.0507404 255 0 0
0.3915642 -0.0244801 -0.0494646 255 0 0
0.3910299 -0.0256052 -0.0485961 255 0 0
0.3904938 -0.0267341 -0.0477247 255 0 0
0.3902183 -0.0279717 -0.0472663 255 0 0
0.3899423 -0.0292114 -0.0468072 255 0 0
0.3894024 -0.0303506 -0.0459296 255 0 0
0.3893889 -0.0316973 -0.0458865 255 0 0
0.3893753 -0.0330440 -0.0458435 255 0 0
0.3890979 -0.0342914 -0.0453819 255 0 0
0.3890843 -0.0356394 -0.0453389 255 0 0
0.3890707 -0.0369873 -0.0452958 255 0 0
0.3887928 -0.0382393 -0.0448333 255 0 0
0.3890436 -0.0396833 -0.0452097 255 0 0
0.3890300 -0.0410312 -0.0451666 255 0 0
0.3890164 -0.0423793 -0.0451235 255 0 0
0.3892668 -0.0438184 -0.0454992 255 0 0
0.3895168 -0.0452551 -0.0458743 255 0 0
0.3895032 -0.0466008 -0.0458314 255 0 0
0.3892261 -0.0478590 -0.0453701 255 0 0
0.3897393 -0.0493784 -0.0461629 255 0 0
0.3899883 -0.0508078 -0.0465367 255 0 0
0.3904988 -0.0523183 -0.0473253 255 0 0
0.3912667 -0.0539049 -0.0485226 255 0 0
0.3922905 -0.0555639 -0.0501261 255 0 0
0.3922771 -0.0568970 -0.0500835 255 0 0
0.3930370 -0.0584628 -0.0512684 255 0 0
0.3935370 -0.0599446 -0.0520409 255 0 0
0.3937796 -0.0613468 -0.0524048 255 0 0
0.3942771 -0.0628199 -0.0531733 255 0 0
0.3947728 -0.0642881 -0.0539392 255 0 0
0.3947595 -0.0656098 -0.0538969 255 0 0
0.3950001 -0.0670012 -0.0542578 255 0 0
0.3952403 -0.0683903 -0.0546181 255 0 0
0.3954801 -0.0697769 -0.0549778 255 0 0
0.3957183 -0.0711610 -0.0553350 255 0 0
0.3962091 -0.0726076 -0.0560933 255 0 0
0.3961959 -0.0739227 -0.0560513 255 0 0
0.3961826 -0.0752378 -0.0560093 255 0 0
0.3961693 -0.0765529 -0.0559673 255 0 0
0.3964075 -0.0779281 -0.0563245 255 0 0
0.3963943 -0.0792421 -0.0562826 255 0 0
0.3966320 -0.0806138 -0.0566392 255 0 0
0.3963678 -0.0818702 -0.0561986 255 0 0
0.3966056 -0.0832397 -0.0565553 255 0 0
0.3965924 -0.0845526 -0.0565135 255 0 0
0.3963281 -0.0858123 -0.0560726 255 0 0
0.3963149 -0.0871264 -0.0560307 255 0 0
0.3963017 -0.0884405 -0.0559887 255 0 0
0.3962884 -0.0897546 -0.0559467 255 0 0
0.3957717 -0.0909709 -0.0551047 255 0 0
0.3960104 -0.0923351 -0.0554630 255 0 0
0.3957452 -0.0936036 -0.0550206 255 0 0
0.3957319 -0.0949199 -0.0549785 255 0 0
0.3954663 -0.0961917 -0.0545353 255 0 0
0.3954530 -0.0975093 -0.0544932 255 0 0
0.3951868 -0.0987844 -0.0540492 255 0 0
0.3951735 -0.1001030 -0.0540070 255 0 0
0.3951603 -0.1014217 -0.0539649 255 0 0
0.3948936 -0.1027012 -0.0535200 255 0 0
0.3951337 -0.1040590 -0.0538806 255 0 0
0.3951204 -0.1053777 -0.0538385 255 0 0
0.3948538 -0.1066606 -0.0533935 255 0 0
0.3938226 -0.1078413 -0.0517330 255 0 0
0.3935537 -0.1091319 -0.0512843 255 0 0
0.3937959 -0.1104900 -0.0516484 255 0 0
0.3750194 -0.1137258 -0.0217037 255 0 0
0.3803518 0.1054803 -0.0310610 255 0 0
0.3808991 0.1036297 -0.0319076 255 0 0
0.3811657 0.1020100 -0.0323084 255 0 0
0.3814316 0.1003931 -0.0327085 255 0 0
0.3814176 0.0990014 -0.0326640 255 0 0
0.3816832 0.0973887 -0.0330635 255 0 0
0.3816692 0.0959982 -0.0330190 255 0 0
0.3813756 0.0948263 -0.0325306 255 0 0
0.3816412 0.0932173 -0.0329301 255 0 0
0.3816272 0.0918268 -0.0328857 255 0 0
0.3816132 0.0904362 -0.0328413 255 0 0
0.3818783 0.0888326 -0.0332402 255 0 0
0.3818643 0.0874433 -0.0331958 255 0 0
0.3821290 0.0858437 -0.0335941 255 0 0
0.3821150 0.0844557 -0.0335497 255 0 0
0.3823792 0.0828602 -0.0339472 255 0 0
0.3823653 0.0814733 -0.0339029 255 0 0
0.3823513 0.0800865 -0.0338586 255 0 0
0.3826151 0.0784963 -0.0342556 255 0 0
0.3834314 0.0765066 -0.0355304 255 0 0
0.3866934 0.0727559 -0.0406914 255 0 0
0.3874882 0.0708077 -0.0419325 255 0 0
0.3882787 0.0688696 -0.0431669 255 0 0
0.3887989 0.0671307 -0.0439719 255 0 0
0.3893172 0.0653978 -0.0447739 255 0 0
0.3895689 0.0638565 -0.0451523 255 0 0
0.3900845 0.0621338 -0.0459502 255 0 0
0.3903349 0.0605994 -0.0463265 255 0 0
0.3911093 0.0587072 -0.0475359 255 0 0
0.3910957 0.0573600 -0.0474929 255 0 0
0.3913443 0.0558350 -0.0478665 255 0 0
0.3918537 0.0541366 -0.0486549 255 0 0
0.3918402 0.0527928 -0.0486120 255 0 0
0.3920875 0.0512757 -0.0489838 255 0 0
0.3925944 0.0495896 -0.0497681 255 0 0
0.3925809 0.0482493 -0.0497253 255 0 0
0.3925674 0.0469090 -0.0496825 255 0 0
0.3928134 0.0454008 -0.0500523 255 0 0
0.3933177 0.0437291 -0.0508329 255 0 0
0.3935625 0.0422276 -0.0512008 255 0 0
0.3938068 0.0407287 -0.0515681 255 0 0
0.3940507 0.0392323 -0.0519347 255 0 0
0.3940372 0.0378988 -0.0518921 255 0 0
0.3942808 0.0364061 -0.0522582 255 0 0
0.3942674 0.0350738 -0.0522156 255 0 0
0.3945104 0.0335847 -0.0525810 255 0 0
0.3950076 0.0319440 -0.0533507 255 0 0
0.3949943 0.0306150 -0.0533083 255 0 0
0.3949808 0.0292861 -0.0532658 255 0 0
0.3952228 0.0278058 -0.0536294 255 0 0
0.3952093 0.0264780 -0.0535869 255 0 0
0.3951960 0.0251501 -0.0535446 255 0 0
0.3951826 0.0238223 -0.0535021 255 0 0
0.3956785 0.0222017 -0.0542700 255 0 0
0.3954108 0.0210211 -0.0538228 255 0 0
0.3956518 0.0195504 -0.0541853 255 0 0
0.3958925 0.0180822 -0.0545472 255 0 0
0.3956251 0.0168992 -0.0541006 255 0 0
0.3956118 0.0155735 -0.0540582 255 0 0
0.3958525 0.0141086 -0.0544202 255 0 0
0.3960928 0.0126462 -0.0547817 255 0 0
0.3958258 0.0114596 -0.0543356 255 0 0
0.3960662 0.0099994 -0.0546971 255 0 0
0.3960528 0.0086760 -0.0546547 255 0 0
0.3962927 0.0072194 -0.0550157 255 0 0
0.3960262 0.0060291 -0.0545702 255 0 0
0.3962661 0.0045747 -0.0549311 255 0 0
0.3962528 0.0032524 -0.0548888 255 0 0
0.3964923 0.0018017 -0.0552492 255 0 0
0.3962262 0.0006077 -0.0548044 255 0 0
0.3964657 -0.0008408 -0.0551648 255 0 0
0.3964524 -0.0021621 -0.0551226 255 0 0
0.3961862 -0.0033595 -0.0546776 255 0 0
0.3961729 -0.0046819 -0.0546353 255 0 0
0.3961596 -0.0060043 -0.0545931 255 0 0
0.3961463 -0.0073267 -0.0545508 255 0 0
0.3961330 -0.0086492 -0.0545086 255 0 0
0.3958663 -0.0098532 -0.0540628 255 0 0
0.3958530 -0.0111768 -0.0540204 255 0 0
0.3958397 -0.0125004 -0.0539782 255 0 0
0.3955725 -0.0137088 -0.0535314 255 0 0
0.3955592 -0.0150335 -0.0534891 255 0 0
0.3952915 -0.0162451 -0.0530415 255 0 0
0.3950234 -0.0174588 -0.0525933 255 0 0
0.3947548 -0.0186746 -0.0521442 255 0 0
0.3949967 -0.0201129 -0.0525085 255 0 0
0.3942163 -0.0211124 -0.0512438 255 0 0
0.3936894 -0.0222258 -0.0503828 255 0 0
0.3929023 -0.0232351 -0.0491072 255 0 0
0.3923708 -0.0243570 -0.0482388 255 0 0
0.3915769 -0.0253762 -0.0469521 255 0 0
0.3913023 -0.0266126 -0.0464931 255 0 0
0.3910272 -0.0278511 -0.0460333 255 0 0
0.3907517 -0.0290918 -0.0455726 255 0 0
0.3904757 -0.0303346 -0.0451112 255 0 0
0.3904622 -0.0316814 -0.0450683 255 0 0
0.3904486 -0.0330281 -0.0450252 255 0 0
0.3904351 -0.0343749 -0.0449822 255 0 0
0.3901585 -0.0356235 -0.0445199 255 0 0
0.3904079 -0.0370685 -0.0448961 255 0 0
0.3903944 -0.0384153 -0.0448531 255 0 0
0.3903808 -0.0397621 -0.0448100 255 0 0
0.3906298 -0.0412023 -0.0451857 255 0 0
0.3906163 -0.0425480 -0.0451427 255 0 0
0.3908649 -0.0439845 -0.0455178 255 0 0
0.3908513 -0.0453290 -0.0454748 255 0 0
0.3908378 -0.0466736 -0.0454319 255 0 0
0.3905621 -0.0479307 -0.0449707 255 0 0
0.3910725 -0.0494487 -0.0457634 255 0 0
0.3913202 -0.0508769 -0.0461372 255 0 0
0.3923461 -0.0525517 -0.0477526 255 0 0
0.3931085 -0.0541340 -0.0489476 255 0 0
0.3933528 -0.0555484 -0.0493163 255 0 0
0.3941100 -0.0571176 -0.0505031 255 0 0
0.3943526 -0.0585246 -0.0508690 255 0 0
0.3951045 -0.0600808 -0.0520478 255 0 0
0.3953455 -0.0614805 -0.0524112 255 0 0
0.3955860 -0.0628778 -0.0527739 255 0 0
0.3958261 -0.0642727 -0.0531361 255 0 0
0.3963183 -0.0657359 -0.0539007 255 0 0
0.3965572 -0.0671248 -0.0542610 255 0 0
0.3967957 -0.0685114 -0.0546207 255 0 0
0.3965307 -0.0697616 -0.0541768 255 0 0
0.3970193 -0.0712115 -0.0549358 255 0 0
0.3970061 -0.0725277 -0.0548938 255 0 0
0.3974943 -0.0739708 -0.0556522 255 0 0
0.3974810 -0.0752848 -0.0556102 255 0 0
0.3974678 -0.0765988 -0.0555682 255 0 0
0.3974546 -0.0779129 -0.0555263 255 0 0
0.3974414 -0.0792269 -0.0554842 255 0 0
0.3974282 -0.0805409 -0.0554423 255 0 0
0.3976650 -0.0819116 -0.0557997 255 0 0
0.3974017 -0.0831691 -0.0553583 255 0 0
0.3976386 -0.0845375 -0.0557157 255 0 0
0.3973752 -0.0857972 -0.0552743 255 0 0
0.3976122 -0.0871634 -0.0556318 255 0 0
0.3975990 -0.0884764 -0.0555899 255 0 0
0.3970849 -0.0896895 -0.0547480 255 0 0
0.3970717 -0.0910047 -0.0547061 255 0 0
0.3968073 -0.0922721 -0.0542629 255 0 0
0.3967941 -0.0935885 -0.0542209 255 0 0
0.3965293 -0.0948592 -0.0537770 255 0 0
0.3967676 -0.0962213 -0.0541368 255 0 0
0.3965028 -0.0974942 -0.0536928 255 0 0
0.3962375 -0.0987693 -0.0532480 255 0 0
0.3964763 -0.1001293 -0.0536086 255 0 0
0.3964630 -0.1014468 -0.0535665 255 0 0
0.3961977 -0.1027253 -0.0531217 255 0 0
0.3961844 -0.1040440 -0.0530795 255 0 0
0.3959187 -0.1053258 -0.0526339 255 0 0
0.3959054 -0.1066456 -0.0525917 255 0 0
0.3951320 -0.1078612 -0.0513348 255 0 0
0.3948645 -0.1091506 -0.0508862 255 0 0
0.3945965 -0.1104423 -0.0504368 255 0 0
0.3767143 -0.1137733 -0.0217659 255 0 0
0.3811843 0.1057271 -0.0297636 255 0 0
0.3820106 0.1036472 -0.0310602 255 0 0
0.3822761 0.1020275 -0.0314617 255 0 0
0.3825412 0.1004106 -0.0318626 255 0 0
0.3825271 0.0990189 -0.0318181 255 0 0
0.3825131 0.0976272 -0.0317737 255 0 0
0.3827777 0.0960156 -0.0321739 255 0 0
0.3827637 0.0946251 -0.0321295 255 0 0
0.3827497 0.0932347 -0.0320850 255 0 0
0.3830139 0.0916285 -0.0324846 255 0 0
0.3829999 0.0902392 -0.0324402 255 0 0
0.3829859 0.0888499 -0.0323958 255 0 0
0.3832496 0.0872491 -0.0327948 255 0 0
0.3832356 0.0858610 -0.0327504 255 0 0
0.3832216 0.0844729 -0.0327060 255 0 0
0.3832076 0.0830848 -0.0326617 255 0 0
0.3831937 0.0816967 -0.0326173 255 0 0
0.3834569 0.0801037 -0.0330157 255 0 0
0.3839960 0.0783105 -0.0338546 255 0 0
0.3845330 0.0765237 -0.0346905 255 0 0
0.3869736 0.0733607 -0.0385668 255 0 0
0.3888429 0.0706316 -0.0415311 255 0 0
0.3896292 0.0686957 -0.0427655 255 0 0
0.3898813 0.0671475 -0.0431466 255 0 0
0.3903977 0.0654145 -0.0439502 255 0 0
0.3906485 0.0638732 -0.0443293 255 0 0
0.3908988 0.0623346 -0.0447077 255 0 0
0.3916742 0.0604338 -0.0459252 255 0 0
0.3921832 0.0587238 -0.0467171 255 0 0
0.3924309 0.0571976 -0.0470915 255 0 0
0.3926781 0.0556741 -0.0474651 255 0 0
0.3926646 0.0543292 -0.0474222 255 0 0
0.3931713 0.0526348 -0.0482107 255 0 0
0.3934172 0.0511191 -0.0485824 255 0 0
0.3934037 0.0497777 -0.0485396 255 0 0
0.3939079 0.0480956 -0.0493241 255 0 0
0.3941526 0.0465877 -0.0496939 255 0 0
0.3941391 0.0452497 -0.0496512 255 0 0
0.3943833 0.0437455 -0.0500204 255 0 0
0.3946272 0.0422440 -0.0503890 255 0 0
0.3948706 0.0407450 -0.0507570 255 0 0
0.3951136 0.0392486 -0.0511243 255 0 0
0.3953562 0.0377547 -0.0514911 255 0 0
0.3953428 0.0364224 -0.0514485 255 0 0
0.3953294 0.0350900 -0.0514059 255 0 0
0.3955716 0.0336010 -0.0517720 255 0 0
0.3958133 0.0321145 -0.0521375 255 0 0
0.3957988 0.0307851 -0.0520932 255 0 0
0.3962945 0.0291499 -0.0528648 255 0 0
0.3960268 0.0279733 -0.0524157 255 0 0
0.3965217 0.0263442 -0.0531862 255 0 0
0.3962544 0.0251663 -0.0527376 255 0 0
0.3962411 0.0238384 -0.0526952 255 0 0
0.3964817 0.0223640 -0.0530590 255 0 0
0.3967218 0.0208921 -0.0534221 255 0 0
0.3967085 0.0195665 -0.0533797 255 0 0
0.3966951 0.0182409 -0.0533374 255 0 0
0.3966818 0.0169152 -0.0532950 255 0 0
0.3966684 0.0155896 -0.0532526 255 0 0
0.3969082 0.0141247 -0.0536153 255 0 0
0.3968949 0.0128001 -0.0535730 255 0 0
0.3971343 0.0113388 -0.0539351 255 0 0
0.3971210 0.0100154 -0.0538928 255 0 0
0.3971077 0.0086920 -0.0538505 255 0 0
0.3973467 0.0072354 -0.0542121 255 0 0
0.3970810 0.0060450 -0.0537659 255 0 0
0.3973201 0.0045907 -0.0541275 255 0 0
0.3973068 0.0032683 -0.0540853 255 0 0
0.3972935 0.0019459 -0.0540431 255 0 0
0.3972802 0.0006236 -0.0540008 255 0 0
0.3972669 -0.0006988 -0.0539585 255 0 0
0.3972535 -0.0020212 -0.0539163 255 0 0
0.3972402 -0.0033436 -0.0538740 255 0 0
0.3969745 -0.0045431 -0.0534276 255 0 0
0.3972136 -0.0059885 -0.0537895 255 0 0
0.3969479 -0.0071902 -0.0533430 255 0 0
0.3969345 -0.0085138 -0.0533007 255 0 0
0.3969212 -0.0098374 -0.0532584 255 0 0
0.3969079 -0.0111610 -0.0532161 255 0 0
0.3966416 -0.0123682 -0.0527687 255 0 0
0.3966283 -0.0136930 -0.0527264 255 0 0
0.3966150 -0.0150177 -0.0526841 255 0 0
0.3960944 -0.0161159 -0.0518292 255 0 0
0.3960811 -0.0174430 -0.0517869 255 0 0
0.3958134 -0.0186588 -0.0513372 255 0 0
0.3955453 -0.0198766 -0.0508866 255 0 0
0.3950211 -0.0209870 -0.0500258 255 0 0
0.3947516 -0.0222100 -0.0495730 255 0 0
0.3942247 -0.0233273 -0.0487077 255 0 0
0.3934376 -0.0243411 -0.0474255 255 0 0
0.3926465 -0.0253603 -0.0461366 255 0 0
0.3923728 -0.0265966 -0.0456769 255 0 0
0.3923593 -0.0279399 -0.0456340 255 0 0
0.3918241 -0.0290758 -0.0447550 255 0 0
0.3915491 -0.0303187 -0.0442930 255 0 0
0.3915355 -0.0316655 -0.0442499 255 0 0
0.3915219 -0.0330122 -0.0442069 255 0 0
0.3915084 -0.0343590 -0.0441638 255 0 0
0.3914948 -0.0357058 -0.0441208 255 0 0
0.3914813 -0.0370526 -0.0440778 255 0 0
0.3914677 -0.0383994 -0.0440347 255 0 0
0.3917157 -0.0398408 -0.0444110 255 0 0
0.3914406 -0.0410931 -0.0439487 255 0 0
0.3916887 -0.0425322 -0.0443251 255 0 0
0.3916751 -0.0438778 -0.0442820 255 0 0
0.3921836 -0.0454028 -0.0450760 255 0 0
0.3919093 -0.0466578 -0.0446149 255 0 0
0.3921565 -0.0480896 -0.0449901 255 0 0
0.3926632 -0.0496047 -0.0457814 255 0 0
0.3934256 -0.0511984 -0.0469826 255 0 0
0.3939279 -0.0527016 -0.0477671 255 0 0
0.3941717 -0.0541184 -0.0481369 255 0 0
0.3949274 -0.0556927 -0.0493279 255 0 0
0.3956792 -0.0572589 -0.0505127 255 0 0
0.3959201 -0.0586633 -0.0508780 255 0 0
0.3964139 -0.0601411 -0.0516491 255 0 0
0.3966534 -0.0615395 -0.0520125 255 0 0
0.3968926 -0.0629355 -0.0523753 255 0 0
0.3971315 -0.0643292 -0.0527375 255 0 0
0.3973699 -0.0657205 -0.0530991 255 0 0
0.3978586 -0.0671788 -0.0538625 255 0 0
0.3978454 -0.0684961 -0.0538204 255 0 0
0.3980814 -0.0698801 -0.0541782 255 0 0
0.3983182 -0.0712620 -0.0545374 255 0 0
0.3983050 -0.0725771 -0.0544953 255 0 0
0.3985413 -0.0739556 -0.0548539 255 0 0
0.3985281 -0.0752696 -0.0548119 255 0 0
0.3985149 -0.0765836 -0.0547699 255 0 0
0.3987509 -0.0779576 -0.0551279 255 0 0
0.3987376 -0.0792705 -0.0550859 255 0 0
0.3984752 -0.0805258 -0.0546439 255 0 0
0.3987112 -0.0818964 -0.0550020 255 0 0
0.3984488 -0.0831539 -0.0545599 255 0 0
0.3986848 -0.0845224 -0.0549181 255 0 0
0.3984223 -0.0857821 -0.0544760 255 0 0
0.3984091 -0.0870962 -0.0544340 255 0 0
0.3983959 -0.0884103 -0.0543920 255 0 0
0.3981330 -0.0896744 -0.0539490 255 0 0
0.3981197 -0.0909896 -0.0539070 255 0 0
0.3978563 -0.0922570 -0.0534632 255 0 0
0.3975924 -0.0935266 -0.0530187 255 0 0
0.3975791 -0.0948441 -0.0529766 255 0 0
0.3975658 -0.0961616 -0.0529344 255 0 0
0.3973015 -0.0974355 -0.0524891 255 0 0
0.3972882 -0.0987542 -0.0524470 255 0 0
0.3972750 -0.1000729 -0.0524048 255 0 0
0.3972617 -0.1013916 -0.0523627 255 0 0
0.3974996 -0.1027493 -0.0527240 255 0 0
0.3974863 -0.1040669 -0.0526818 255 0 0
0.3972219 -0.1053477 -0.0522363 255 0 0
0.3967050 -0.1065948 -0.0513850 255 0 0
0.3956793 -0.1077762 -0.0497163 255 0 0
0.3954117 -0.1090678 -0.0492655 255 0 0
0.3925607 -0.1113698 -0.0446426 255 0 0
0.3825789 0.1055154 -0.0293632 255 0 0
0.3831222 0.1036647 -0.0302128 255 0 0
0.3833867 0.1020449 -0.0306151 255 0 0
0.3836507 0.1004280 -0.0310167 255 0 0
0.3833587 0.0992590 -0.0305261 255 0 0
0.3836227 0.0976446 -0.0309278 255 0 0
0.3838863 0.0960331 -0.0313287 255 0 0
0.3838723 0.0946425 -0.0312843 255 0 0
0.3835807 0.0934693 -0.0307943 255 0 0
0.3838443 0.0918615 -0.0311954 255 0 0
0.3841075 0.0902566 -0.0315958 255 0 0
0.3840935 0.0888672 -0.0315514 255 0 0
0.3843562 0.0872664 -0.0319511 255 0 0
0.3843422 0.0858783 -0.0319067 255 0 0
0.3843282 0.0844902 -0.0318624 255 0 0
0.3845905 0.0828947 -0.0322614 255 0 0
0.3845765 0.0815078 -0.0322171 255 0 0
0.3845626 0.0801209 -0.0321728 255 0 0
0.3845486 0.0787340 -0.0321285 255 0 0
0.3850857 0.0769433 -0.0329689 255 0 0
0.3880665 0.0733777 -0.0377336 255 0 0
0.3896625 0.0708415 -0.0402748 255 0 0
0.3912417 0.0683320 -0.0427893 255 0 0
0.3909637 0.0671643 -0.0423214 255 0 0
0.3914782 0.0654313 -0.0431263 255 0 0
0.3919910 0.0637044 -0.0439285 255 0 0
0.3925020 0.0619835 -0.0447279 255 0 0
0.3932708 0.0600877 -0.0459414 255 0 0
0.3935175 0.0585603 -0.0463164 255 0 0
0.3937638 0.0570356 -0.0466908 255 0 0
0.3940096 0.0555135 -0.0470645 255 0 0
0.3942551 0.0539940 -0.0474376 255 0 0
0.3942416 0.0526514 -0.0473947 255 0 0
0.3942281 0.0513088 -0.0473518 255 0 0
0.3949889 0.0494512 -0.0485530 255 0 0
0.3949754 0.0481120 -0.0485102 255 0 0
0.3952191 0.0466042 -0.0488807 255 0 0
0.3952057 0.0452661 -0.0488380 255 0 0
0.3957054 0.0435961 -0.0496199 255 0 0
0.3959479 0.0420960 -0.0499886 255 0 0
0.3959345 0.0407614 -0.0499459 255 0 0
0.3959210 0.0394267 -0.0499032 255 0 0
0.3961631 0.0379314 -0.0502713 255 0 0
0.3964049 0.0364387 -0.0506388 255 0 0
0.3966461 0.0349485 -0.0510055 255 0 0
0.3968870 0.0334608 -0.0513717 255 0 0
0.3971263 0.0319764 -0.0517355 255 0 0
0.3971129 0.0306475 -0.0516930 255 0 0
0.3973529 0.0291660 -0.0520579 255 0 0
0.3973396 0.0278382 -0.0520155 255 0 0
0.3975792 0.0263604 -0.0523799 255 0 0
0.3975659 0.0250336 -0.0523374 255 0 0
0.3975525 0.0237069 -0.0522951 255 0 0
0.3975392 0.0223802 -0.0522526 255 0 0
0.3977785 0.0209082 -0.0526165 255 0 0
0.3977651 0.0195826 -0.0525741 255 0 0
0.3977518 0.0182569 -0.0525317 255 0 0
0.3977385 0.0169313 -0.0524894 255 0 0
0.3977251 0.0156056 -0.0524470 255 0 0
0.3982158 0.0140017 -0.0532155 255 0 0
0.3976984 0.0129543 -0.0523623 255 0 0
0.3979374 0.0114916 -0.0527258 255 0 0
0.3979240 0.0101670 -0.0526834 255 0 0
0.3981626 0.0087079 -0.0530463 255 0 0
0.3978974 0.0075178 -0.0525987 255 0 0
0.3983874 0.0059290 -0.0533662 255 0 0
0.3983741 0.0046066 -0.0533240 255 0 0
0.3983608 0.0032842 -0.0532818 255 0 0
0.3980960 0.0020905 -0.0528348 255 0 0
0.3983342 0.0006395 -0.0531972 255 0 0
0.3983209 -0.0006829 -0.0531549 255 0 0
0.3983076 -0.0020053 -0.0531127 255 0 0
0.3980427 -0.0032036 -0.0526656 255 0 0
0.3982809 -0.0046502 -0.0530281 255 0 0
0.3980161 -0.0058508 -0.0525810 255 0 0
0.3980028 -0.0071744 -0.0525388 255 0 0
0.3979895 -0.0084980 -0.0524965 255 0 0
0.3979762 -0.0098216 -0.0524541 255 0 0
0.3977108 -0.0110276 -0.0520061 255 0 0
0.3976975 -0.0123524 -0.0519637 255 0 0
0.3976842 -0.0136772 -0.0519214 255 0 0
0.3974183 -0.0148876 -0.0514725 255 0 0
0.3974050 -0.0162135 -0.0514302 255 0 0
0.3971387 -0.0174272 -0.0509805 255 0 0
0.3966182 -0.0185315 -0.0501214 255 0 0
0.3966048 -0.0198608 -0.0500789 255 0 0
0.3960824 -0.0209711 -0.0492167 255 0 0
0.3955582 -0.0220853 -0.0483514 255 0 0
0.3947753 -0.0230951 -0.0470694 255 0 0
0.3939883 -0.0241101 -0.0457807 255 0 0
0.3937160 -0.0253444 -0.0453212 255 0 0
0.3934433 -0.0265807 -0.0448607 255 0 0
0.3929100 -0.0277144 -0.0439805 255 0 0
0.3928965 -0.0290599 -0.0439375 255 0 0
0.3926224 -0.0303028 -0.0434746 255 0 0
0.3928694 -0.0317511 -0.0438515 255 0 0
0.3928559 -0.0330967 -0.0438084 255 0 0
0.3925817 -0.0343431 -0.0433455 255 0 0
0.3925682 -0.0356899 -0.0433025 255 0 0
0.3928153 -0.0371336 -0.0436794 255 0 0
0.3928017 -0.0384793 -0.0436364 255 0 0
0.3927882 -0.0398250 -0.0435934 255 0 0
0.3930349 -0.0412639 -0.0439698 255 0 0
0.3930214 -0.0426084 -0.0439269 255 0 0
0.3932676 -0.0440437 -0.0443026 255 0 0
0.3932541 -0.0453871 -0.0442597 255 0 0
0.3935000 -0.0468187 -0.0446349 255 0 0
0.3934865 -0.0481609 -0.0445920 255 0 0
0.3939905 -0.0496746 -0.0453832 255 0 0
0.3947488 -0.0512668 -0.0465846 255 0 0
0.3949921 -0.0526860 -0.0469558 255 0 0
0.3954909 -0.0541841 -0.0477390 255 0 0
0.3962425 -0.0557569 -0.0489298 255 0 0
0.3967370 -0.0572434 -0.0497063 255 0 0
0.3969769 -0.0586479 -0.0500722 255 0 0
0.3977210 -0.0602012 -0.0512511 255 0 0
0.3977077 -0.0615241 -0.0512088 255 0 0
0.3984479 -0.0630661 -0.0523817 255 0 0
0.3984346 -0.0643857 -0.0523395 255 0 0
0.3986717 -0.0657758 -0.0527011 255 0 0
0.3989083 -0.0671635 -0.0530621 255 0 0
0.3988951 -0.0684808 -0.0530200 255 0 0
0.3993794 -0.0699316 -0.0537804 255 0 0
0.3993662 -0.0712468 -0.0537384 255 0 0
0.3996017 -0.0726264 -0.0540976 255 0 0
0.3995884 -0.0739404 -0.0540556 255 0 0
0.3998235 -0.0753166 -0.0544141 255 0 0
0.3998103 -0.0766295 -0.0543722 255 0 0
0.3995488 -0.0778825 -0.0539296 255 0 0
0.3997839 -0.0792554 -0.0542882 255 0 0
0.3997707 -0.0805683 -0.0542463 255 0 0
0.3995091 -0.0818247 -0.0538036 255 0 0
0.3997442 -0.0831943 -0.0541623 255 0 0
0.3997311 -0.0845072 -0.0541204 255 0 0
0.3997178 -0.0858202 -0.0540784 255 0 0
0.3997046 -0.0871332 -0.0540365 255 0 0
0.3994430 -0.0883952 -0.0535936 255 0 0
0.3991809 -0.0896593 -0.0531499 255 0 0
0.3989184 -0.0909255 -0.0527055 255 0 0
0.3989052 -0.0922419 -0.0526635 255 0 0
0.3988919 -0.0935583 -0.0526214 255 0 0
0.3986289 -0.0948290 -0.0521761 255 0 0
0.3986157 -0.0961465 -0.0521340 255 0 0
0.3983522 -0.0974205 -0.0516880 255 0 0
0.3983390 -0.0987391 -0.0516459 255 0 0
0.3985759 -0.1000992 -0.0520077 255 0 0
0.3985627 -0.1014167 -0.0519657 255 0 0
0.3985494 -0.1027343 -0.0519235 255 0 0
0.3985361 -0.1040519 -0.0518814 255 0 0
0.3982726 -0.1053326 -0.0514351 255 0 0
0.3980087 -0.1066156 -0.0509881 255 0 0
0.3972407 -0.1078310 -0.0497271 255 0 0
0.3964688 -0.1090528 -0.0484596 255 0 0
0.3823546 -0.1113382 -0.0255983 255 0 0
0.3806623 -0.1125333 -0.0228428 255 0 0
0.3836924 0.1055329 -0.0285142 255 0 0
0.3842337 0.1036823 -0.0293653 255 0 0
0.3842197 0.1022880 -0.0293208 255 0 0
0.3844832 0.1006694 -0.0297239 255 0 0
0.3847463 0.0990538 -0.0301263 255 0 0
0.3844552 0.0978834 -0.0296349 255 0 0
0.3847183 0.0962703 -0.0300373 255 0 0
0.3847043 0.0948785 -0.0299929 255 0 0
0.3849669 0.0932694 -0.0303947 255 0 0
0.3849529 0.0918789 -0.0303502 255 0 0
0.3849389 0.0904883 -0.0303058 255 0 0
0.3849249 0.0890977 -0.0302614 255 0 0
0.3851871 0.0874953 -0.0306626 255 0 0
0.3854488 0.0858956 -0.0310631 255 0 0
0.3851592 0.0847166 -0.0305738 255 0 0
0.3854209 0.0831194 -0.0309744 255 0 0
0.3854069 0.0817313 -0.0309300 255 0 0
0.3853930 0.0803431 -0.0308856 255 0 0
0.3856543 0.0787513 -0.0312855 255 0 0
0.3856403 0.0773643 -0.0312412 255 0 0
0.3891594 0.0733947 -0.0369003 255 0 0
0.3907497 0.0708584 -0.0394459 255 0 0
0.3920598 0.0685389 -0.0415396 255 0 0
0.3915180 0.0675600 -0.0406434 255 0 0
0.3928213 0.0652610 -0.0427264 255 0 0
0.3930697 0.0637211 -0.0431061 255 0 0
0.3938395 0.0618167 -0.0443279 255 0 0
0.3943447 0.0601043 -0.0451226 255 0 0
0.3945906 0.0585769 -0.0454983 255 0 0
0.3948359 0.0570522 -0.0458734 255 0 0
0.3953389 0.0553531 -0.0466645 255 0 0
0.3953254 0.0540105 -0.0466216 255 0 0
0.3955695 0.0524936 -0.0469948 255 0 0
0.3958131 0.0509794 -0.0473673 255 0 0
0.3957997 0.0496390 -0.0473244 255 0 0
0.3965550 0.0477890 -0.0485236 255 0 0
0.3965416 0.0464521 -0.0484809 255 0 0
0.3965282 0.0451152 -0.0484381 255 0 0
0.3967702 0.0436125 -0.0488081 255 0 0
0.3967568 0.0422767 -0.0487655 255 0 0
0.3972529 0.0406147 -0.0495462 255 0 0
0.3972395 0.0392812 -0.0495035 255 0 0
0.3974803 0.0377873 -0.0498716 255 0 0
0.3977207 0.0362960 -0.0502391 255 0 0
0.3979606 0.0348072 -0.0506059 255 0 0
0.3976939 0.0336335 -0.0501540 255 0 0
0.3981856 0.0319926 -0.0509278 255 0 0
0.3981723 0.0306637 -0.0508854 255 0 0
0.3981589 0.0293347 -0.0508429 255 0 0
0.3983980 0.0278544 -0.0512086 255 0 0
0.3983847 0.0265265 -0.0511661 255 0 0
0.3986234 0.0250498 -0.0515312 255 0 0
0.3986101 0.0237230 -0.0514888 255 0 0
0.3985968 0.0223963 -0.0514464 255 0 0
0.3985834 0.0210695 -0.0514040 255 0 0
0.3985701 0.0197427 -0.0513616 255 0 0
0.3988084 0.0182730 -0.0517261 255 0 0
0.3990464 0.0168059 -0.0520901 255 0 0
0.3990331 0.0154813 -0.0520478 255 0 0
0.3987684 0.0142960 -0.0515991 255 0 0
0.3990065 0.0128322 -0.0519631 255 0 0
0.3989931 0.0115076 -0.0519208 255 0 0
0.3989798 0.0101830 -0.0518785 255 0 0
0.3989665 0.0088584 -0.0518361 255 0 0
0.3994547 0.0072673 -0.0526049 255 0 0
0.3991908 0.0060769 -0.0521575 255 0 0
0.3991776 0.0047534 -0.0521152 255 0 0
0.3991642 0.0034299 -0.0520729 255 0 0
0.3994015 0.0019778 -0.0524359 255 0 0
0.3993882 0.0006554 -0.0523936 255 0 0
0.3993749 -0.0006670 -0.0523514 255 0 0
0.3993616 -0.0019894 -0.0523091 255 0 0
0.3993483 -0.0033119 -0.0522668 255 0 0
0.3993350 -0.0046343 -0.0522245 255 0 0
0.3990711 -0.0058349 -0.0517768 255 0 0
0.3990577 -0.0071585 -0.0517344 255 0 0
0.3990444 -0.0084821 -0.0516922 255 0 0
0.3987800 -0.0096871 -0.0512434 255 0 0
0.3987667 -0.0110118 -0.0512011 255 0 0
0.3987533 -0.0123366 -0.0511587 255 0 0
0.3984884 -0.0135459 -0.0507092 255 0 0
0.3982231 -0.0147572 -0.0502590 255 0 0
0.3979573 -0.0159707 -0.0498079 255 0 0
0.3979439 -0.0172989 -0.0497654 255 0 0
0.3971705 -0.0182920 -0.0484926 255 0 0
0.3966482 -0.0194016 -0.0476262 255 0 0
0.3961241 -0.0205150 -0.0467567 255 0 0
0.3958547 -0.0217418 -0.0462995 255 0 0
0.3953278 -0.0228621 -0.0454255 255 0 0
0.3950570 -0.0240942 -0.0449660 255 0 0
0.3942687 -0.0251145 -0.0436685 255 0 0
0.3939959 -0.0263528 -0.0432059 255 0 0
0.3942416 -0.0278033 -0.0435826 255 0 0
0.3939689 -0.0290440 -0.0431198 255 0 0
0.3939553 -0.0303896 -0.0430768 255 0 0
0.3939418 -0.0317352 -0.0430338 255 0 0
0.3939283 -0.0330808 -0.0429908 255 0 0
0.3939148 -0.0344265 -0.0429478 255 0 0
0.3941605 -0.0358700 -0.0433248 255 0 0
0.3938877 -0.0371178 -0.0428618 255 0 0
0.3938741 -0.0384634 -0.0428188 255 0 0
0.3941199 -0.0399036 -0.0431959 255 0 0
0.3941064 -0.0412481 -0.0431529 255 0 0
0.3940929 -0.0425926 -0.0431100 255 0 0
0.3945967 -0.0441185 -0.0439052 255 0 0
0.3945832 -0.0454607 -0.0438623 255 0 0
0.3945697 -0.0468030 -0.0438194 255 0 0
0.3948142 -0.0482322 -0.0441945 255 0 0
0.3955710 -0.0498294 -0.0453999 255 0 0
0.3960697 -0.0513350 -0.0461872 255 0 0
0.3963116 -0.0527530 -0.0465584 255 0 0
0.3970618 -0.0543308 -0.0477533 255 0 0
0.3975554 -0.0558210 -0.0485324 255 0 0
0.3977948 -0.0572279 -0.0488997 255 0 0
0.3982858 -0.0587094 -0.0496748 255 0 0
0.3985240 -0.0601102 -0.0500402 255 0 0
0.3990126 -0.0615830 -0.0508114 255 0 0
0.3994994 -0.0630508 -0.0515800 255 0 0
0.3999846 -0.0645136 -0.0523460 255 0 0
0.3997223 -0.0657604 -0.0519001 255 0 0
0.4002056 -0.0672171 -0.0526630 255 0 0
0.4004406 -0.0686013 -0.0530235 255 0 0
0.4001791 -0.0698495 -0.0525788 255 0 0
0.4004141 -0.0712315 -0.0529394 255 0 0
0.4008961 -0.0726756 -0.0537004 255 0 0
0.4006355 -0.0739252 -0.0532572 255 0 0
0.4006223 -0.0752392 -0.0532152 255 0 0
0.4008565 -0.0766143 -0.0535745 255 0 0
0.4008433 -0.0779273 -0.0535325 255 0 0
0.4008301 -0.0792402 -0.0534906 255 0 0
0.4005694 -0.0804954 -0.0530472 255 0 0
0.4005562 -0.0818095 -0.0530052 255 0 0
0.4007905 -0.0831791 -0.0533646 255 0 0
0.4007773 -0.0844921 -0.0533227 255 0 0
0.4007641 -0.0858051 -0.0532808 255 0 0
0.4002554 -0.0870137 -0.0524350 255 0 0
0.4004902 -0.0883801 -0.0527953 255 0 0
0.4002290 -0.0896442 -0.0523509 255 0 0
0.3997185 -0.0908613 -0.0515020 255 0 0
0.3999541 -0.0922268 -0.0518637 255 0 0
0.3996920 -0.0934964 -0.0514179 255 0 0
0.3996788 -0.0948139 -0.0513757 255 0 0
0.3996655 -0.0961314 -0.0513336 255 0 0
0.3996522 -0.0974490 -0.0512915 255 0 0
0.3996390 -0.0987665 -0.0512494 255 0 0
0.3996257 -0.1000841 -0.0512073 255 0 0
0.3993632 -0.1013615 -0.0507604 255 0 0
0.3995993 -0.1027193 -0.0511231 255 0 0
0.3995860 -0.1040369 -0.0510810 255 0 0
0.3995728 -0.1053545 -0.0510388 255 0 0
0.3990603 -0.1066005 -0.0501863 255 0 0
0.3977916 -0.1077461 -0.0481058 255 0 0
0.3954787 -0.1101002 -0.0443090 255 0 0
0.3834618 -0.1113224 -0.0247542 255 0 0
0.3826139 -0.1126150 -0.0233555 255 0 0
0.3845280 0.1057798 -0.0272145 255 0 0
0.3847920 0.1041537 -0.0276206 255 0 0
0.3853313 0.1023055 -0.0284733 255 0 0
0.3853173 0.1009113 -0.0284288 255 0 0
0.3855798 0.0992939 -0.0288327 255 0 0
0.3855658 0.0979009 -0.0287882 255 0 0
0.3855518 0.0965079 -0.0287437 255 0 0
0.3858139 0.0948959 -0.0291469 255 0 0
0.3857999 0.0935041 -0.0291024 255 0 0
0.3860615 0.0918963 -0.0295050 255 0 0
0.3857719 0.0907205 -0.0290135 255 0 0
0.3860336 0.0891151 -0.0294161 255 0 0
0.3860196 0.0877245 -0.0293717 255 0 0
0.3860056 0.0863339 -0.0293273 255 0 0
0.3865415 0.0845248 -0.0301750 255 0 0
0.3862528 0.0833445 -0.0296849 255 0 0
0.3865136 0.0817485 -0.0300862 255 0 0
0.3864996 0.0803604 -0.0300419 255 0 0
0.3864857 0.0789722 -0.0299975 255 0 0
0.3861969 0.0777869 -0.0295072 255 0 0
0.3864578 0.0761959 -0.0299088 255 0 0
0.3918369 0.0708753 -0.0386170 255 0 0
0.3926160 0.0689371 -0.0398602 255 0 0
0.3928657 0.0673873 -0.0402442 255 0 0
0.3941620 0.0650910 -0.0423270 255 0 0
0.3941484 0.0637379 -0.0422838 255 0 0
0.3949153 0.0618334 -0.0435076 255 0 0
0.3954188 0.0601210 -0.0443037 255 0 0
0.3956636 0.0585935 -0.0446802 255 0 0
0.3961656 0.0568904 -0.0454741 255 0 0
0.3964092 0.0553697 -0.0458485 255 0 0
0.3966523 0.0538516 -0.0462224 255 0 0
0.3968951 0.0523362 -0.0465955 255 0 0
0.3968816 0.0509959 -0.0465527 255 0 0
0.3971239 0.0494842 -0.0469252 255 0 0
0.3973658 0.0479751 -0.0472971 255 0 0
0.3976073 0.0464686 -0.0476684 255 0 0
0.3975939 0.0451316 -0.0476257 255 0 0
0.3978350 0.0436289 -0.0479963 255 0 0
0.3980756 0.0421287 -0.0483663 255 0 0
0.3985692 0.0404683 -0.0491471 255 0 0
0.3985558 0.0391360 -0.0491045 255 0 0
0.3985424 0.0378036 -0.0490620 255 0 0
0.3987818 0.0363123 -0.0494301 255 0 0
0.3992717 0.0346668 -0.0502051 255 0 0
0.3992583 0.0333378 -0.0501627 255 0 0
0.3994965 0.0318541 -0.0505289 255 0 0
0.3994832 0.0305262 -0.0504864 255 0 0
0.3994698 0.0291984 -0.0504440 255 0 0
0.3994565 0.0278705 -0.0504016 255 0 0
0.3996943 0.0263927 -0.0507673 255 0 0
0.3999318 0.0249173 -0.0511324 255 0 0
0.3996677 0.0237392 -0.0506825 255 0 0
0.3999051 0.0222661 -0.0510477 255 0 0
0.3998918 0.0209404 -0.0510053 255 0 0
0.3998784 0.0196148 -0.0509629 255 0 0
0.3998651 0.0182891 -0.0509205 255 0 0
0.4001022 0.0168219 -0.0512852 255 0 0
0.4000889 0.0154973 -0.0512429 255 0 0
0.4000756 0.0141727 -0.0512005 255 0 0
0.4000623 0.0128482 -0.0511582 255 0 0
0.4000489 0.0115236 -0.0511158 255 0 0
0.4000356 0.0101990 -0.0510736 255 0 0
0.4002724 0.0087399 -0.0514378 255 0 0
0.4002591 0.0074164 -0.0513955 255 0 0
0.4002458 0.0060929 -0.0513532 255 0 0
0.4004821 0.0046385 -0.0517168 255 0 0
0.4004688 0.0033161 -0.0516745 255 0 0
0.4004555 0.0019937 -0.0516323 255 0 0
0.4004422 0.0006713 -0.0515900 255 0 0
0.4004289 -0.0006511 -0.0515477 255 0 0
0.4001659 -0.0018483 -0.0510994 255 0 0
0.4001526 -0.0031719 -0.0510570 255 0 0
0.4001393 -0.0044955 -0.0510148 255 0 0
0.4001260 -0.0058191 -0.0509725 255 0 0
0.4001127 -0.0071427 -0.0509302 255 0 0
0.3998492 -0.0083465 -0.0504808 255 0 0
0.3998359 -0.0096712 -0.0504384 255 0 0
0.3995719 -0.0108782 -0.0499882 255 0 0
0.3995585 -0.0122041 -0.0499459 255 0 0
0.3992941 -0.0134144 -0.0494950 255 0 0
0.3990293 -0.0146267 -0.0490433 255 0 0
0.3987639 -0.0158411 -0.0485907 255 0 0
0.3982452 -0.0169445 -0.0477259 255 0 0
0.3979785 -0.0181641 -0.0472712 255 0 0
0.3972026 -0.0191628 -0.0459875 255 0 0
0.3966785 -0.0202777 -0.0451137 255 0 0
0.3958958 -0.0212863 -0.0438189 255 0 0
0.3958822 -0.0226284 -0.0437759 255 0 0
0.3956114 -0.0238624 -0.0433142 255 0 0
0.3953401 -0.0250986 -0.0428517 255 0 0
0.3953266 -0.0264430 -0.0428087 255 0 0
0.3950548 -0.0276825 -0.0423452 255 0 0
0.3952996 -0.0291319 -0.0427227 255 0 0
0.3950278 -0.0303737 -0.0422592 255 0 0
0.3950142 -0.0317193 -0.0422162 255 0 0
0.3950007 -0.0330650 -0.0421732 255 0 0
0.3949872 -0.0344106 -0.0421302 255 0 0
0.3952320 -0.0358542 -0.0425079 255 0 0
0.3952185 -0.0371987 -0.0424649 255 0 0
0.3954629 -0.0386386 -0.0428419 255 0 0
0.3954493 -0.0399820 -0.0427990 255 0 0
0.3954358 -0.0413253 -0.0427560 255 0 0
0.3954223 -0.0426687 -0.0427131 255 0 0
0.3959234 -0.0441932 -0.0435083 255 0 0
0.3956529 -0.0454450 -0.0430467 255 0 0
0.3958965 -0.0468754 -0.0434226 255 0 0
0.3961397 -0.0483033 -0.0437979 255 0 0
0.3968924 -0.0498990 -0.0450032 255 0 0
0.3973883 -0.0514032 -0.0457903 255 0 0
0.3978826 -0.0529023 -0.0465748 255 0 0
0.3983751 -0.0543962 -0.0473565 255 0 0
0.3988660 -0.0558850 -0.0481357 255 0 0
0.3993552 -0.0573688 -0.0489120 255 0 0
0.3998427 -0.0588475 -0.0496858 255 0 0
0.4000792 -0.0602458 -0.0500506 255 0 0
0.4003153 -0.0616418 -0.0504148 255 0 0
0.4007995 -0.0631082 -0.0511833 255 0 0
0.4010344 -0.0644982 -0.0515456 255 0 0
0.4012689 -0.0658859 -0.0519072 255 0 0
0.4015018 -0.0672709 -0.0522664 255 0 0
0.4014886 -0.0685860 -0.0522244 255 0 0
0.4014754 -0.0699011 -0.0521824 255 0 0
0.4017091 -0.0712819 -0.0525429 255 0 0
0.4016959 -0.0725959 -0.0525009 255 0 0
0.4016826 -0.0739100 -0.0524588 255 0 0
0.4016695 -0.0752240 -0.0524169 255 0 0
0.4019028 -0.0765992 -0.0527768 255 0 0
0.4018896 -0.0779121 -0.0527348 255 0 0
0.4018764 -0.0792251 -0.0526929 255 0 0
0.4018632 -0.0805380 -0.0526509 255 0 0
0.4018499 -0.0818510 -0.0526089 255 0 0
0.4015902 -0.0831085 -0.0521649 255 0 0
0.4018236 -0.0844770 -0.0525250 255 0 0
0.4013167 -0.0856833 -0.0516780 255 0 0
0.4013035 -0.0869985 -0.0516359 255 0 0
0.4012903 -0.0883138 -0.0515939 255 0 0
0.4010295 -0.0895789 -0.0511481 255 0 0
0.4010163 -0.0908953 -0.0511060 255 0 0
0.4007551 -0.0921637 -0.0506595 255 0 0
0.4007419 -0.0934812 -0.0506174 255 0 0
0.4007286 -0.0947988 -0.0505753 255 0 0
0.4004669 -0.0960716 -0.0501279 255 0 0
0.4007021 -0.0974339 -0.0504911 255 0 0
0.4006889 -0.0987515 -0.0504489 255 0 0
0.4006757 -0.1000690 -0.0504069 255 0 0
0.4006624 -0.1013866 -0.0503647 255 0 0
0.4008972 -0.1027433 -0.0507274 255 0 0
0.4008839 -0.1040598 -0.0506853 255 0 0
0.4006227 -0.1053395 -0.0502384 255 0 0
0.3996129 -0.1065137 -0.0485699 255 0 0
0.3952750 -0.1085764 -0.0414486 255 0 0
0.3854094 -0.1100210 -0.0253032 255 0 0
0.3848450 -0.1113401 -0.0243604 255 0 0
0.3856426 0.1057974 -0.0263648 255 0 0
0.3859055 0.1041713 -0.0267717 255 0 0
0.3861668 0.1025491 -0.0271759 255 0 0
0.3861528 0.1011535 -0.0271313 255 0 0
0.3864149 0.0995345 -0.0275367 255 0 0
0.3861248 0.0983625 -0.0270421 255 0 0
0.3863868 0.0967460 -0.0274476 255 0 0
0.3866484 0.0951323 -0.0278524 255 0 0
0.3866344 0.0937392 -0.0278079 255 0 0
0.3866204 0.0923462 -0.0277634 255 0 0
0.3868815 0.0907379 -0.0281675 255 0 0
0.3868676 0.0893461 -0.0281230 255 0 0
0.3871282 0.0877419 -0.0285265 255 0 0
0.3871142 0.0863513 -0.0284820 255 0 0
0.3871002 0.0849607 -0.0284376 255 0 0
0.3870863 0.0835700 -0.0283931 255 0 0
0.3870723 0.0821794 -0.0283487 255 0 0
0.3873326 0.0805830 -0.0287516 255 0 0
0.3870443 0.0793981 -0.0282598 255 0 0
0.3875784 0.0776013 -0.0291094 255 0 0
0.3875645 0.0762131 -0.0290651 255 0 0
0.3923951 0.0712794 -0.0369251 255 0 0
0.3937004 0.0689539 -0.0390335 255 0 0
0.3942111 0.0672148 -0.0398456 255 0 0
0.3955004 0.0649212 -0.0419284 255 0 0
0.3957460 0.0633843 -0.0423082 255 0 0
0.3965064 0.0614849 -0.0435280 255 0 0
0.3967503 0.0599563 -0.0439051 255 0 0
0.3969938 0.0584303 -0.0442815 255 0 0
0.3972369 0.0569069 -0.0446574 255 0 0
0.3974795 0.0553863 -0.0450325 255 0 0
0.3977217 0.0538682 -0.0454070 255 0 0
0.3979635 0.0523527 -0.0457809 255 0 0
0.3979501 0.0510124 -0.0457380 255 0 0
0.3984459 0.0493296 -0.0465267 255 0 0
0.3986865 0.0478219 -0.0468986 255 0 0
0.3986731 0.0464850 -0.0468559 255 0 0
0.3986596 0.0451481 -0.0468131 255 0 0
0.3988998 0.0436453 -0.0471846 255 0 0
0.3993923 0.0419809 -0.0479679 255 0 0
0.3993789 0.0406474 -0.0479253 255 0 0
0.3996178 0.0391523 -0.0482947 255 0 0
0.3998564 0.0376598 -0.0486636 255 0 0
0.3995911 0.0364876 -0.0482096 255 0 0
0.4000811 0.0348397 -0.0489892 255 0 0
0.4003177 0.0333541 -0.0493550 255 0 0
0.4005550 0.0318703 -0.0497219 255 0 0
0.4005417 0.0305424 -0.0496795 255 0 0
0.4005283 0.0292146 -0.0496370 255 0 0
0.4007652 0.0277356 -0.0500034 255 0 0
0.4010018 0.0262591 -0.0503692 255 0 0
0.4009884 0.0249335 -0.0503268 255 0 0
0.4007253 0.0237553 -0.0498762 255 0 0
0.4012112 0.0221361 -0.0506496 255 0 0
0.4009485 0.0209565 -0.0501997 255 0 0
0.4009351 0.0196308 -0.0501573 255 0 0
0.4011713 0.0181625 -0.0505226 255 0 0
0.4011580 0.0168380 -0.0504802 255 0 0
0.4013938 0.0153732 -0.0508450 255 0 0
0.4011314 0.0141888 -0.0503956 255 0 0
0.4013672 0.0127263 -0.0507604 255 0 0
0.4011048 0.0115396 -0.0503109 255 0 0
0.4013406 0.0100793 -0.0506758 255 0 0
0.4013273 0.0087558 -0.0506335 255 0 0
0.4015627 0.0072992 -0.0509978 255 0 0
0.4013007 0.0061089 -0.0505489 255 0 0
0.4017845 0.0045237 -0.0513192 255 0 0
0.4015228 0.0033320 -0.0508710 255 0 0
0.4012608 0.0021382 -0.0504220 255 0 0
0.4014963 0.0006872 -0.0507864 255 0 0
0.4014829 -0.0006352 -0.0507441 255 0 0
0.4012209 -0.0018324 -0.0502950 255 0 0
0.4014564 -0.0032801 -0.0506596 255 0 0
0.4011943 -0.0044796 -0.0502104 255 0 0
0.4011810 -0.0058032 -0.0501681 255 0 0
0.4011677 -0.0071268 -0.0501258 255 0 0
0.4011543 -0.0084504 -0.0500835 255 0 0
0.4008918 -0.0096554 -0.0496334 255 0 0
0.4006287 -0.0108624 -0.0491826 255 0 0
0.4001146 -0.0119544 -0.0483211 255 0 0
0.4001012 -0.0132826 -0.0482786 255 0 0
0.3998368 -0.0144959 -0.0478255 255 0 0
0.3993200 -0.0155970 -0.0469594 255 0 0
0.3985481 -0.0165883 -0.0456759 255 0 0
0.3982810 -0.0178107 -0.0452182 255 0 0
0.3975038 -0.0188111 -0.0439259 255 0 0
0.3967225 -0.0198168 -0.0426268 255 0 0
0.3964522 -0.0210494 -0.0421636 255 0 0
0.3966955 -0.0225032 -0.0425409 255 0 0
0.3964251 -0.0237382 -0.0420777 255 0 0
0.3964117 -0.0250826 -0.0420347 255 0 0
0.3963981 -0.0264270 -0.0419917 255 0 0
0.3966415 -0.0278763 -0.0423692 255 0 0
0.3963711 -0.0291159 -0.0419058 255 0 0
0.3963576 -0.0304604 -0.0418628 255 0 0
0.3963440 -0.0318049 -0.0418198 255 0 0
0.3963306 -0.0331493 -0.0417769 255 0 0
0.3963171 -0.0344938 -0.0417340 255 0 0
0.3963035 -0.0358383 -0.0416909 255 0 0
0.3965470 -0.0372795 -0.0420686 255 0 0
0.3967900 -0.0387181 -0.0424456 255 0 0
0.3965200 -0.0399662 -0.0419827 255 0 0
0.3970192 -0.0414953 -0.0427792 255 0 0
0.3970057 -0.0428364 -0.0427363 255 0 0
0.3969922 -0.0441774 -0.0426934 255 0 0
0.3972344 -0.0456077 -0.0430693 255 0 0
0.3974763 -0.0470355 -0.0434445 255 0 0
0.3979709 -0.0485468 -0.0442339 255 0 0
0.3984650 -0.0500533 -0.0450223 255 0 0
0.3984516 -0.0513876 -0.0449797 255 0 0
0.3991963 -0.0529689 -0.0461787 255 0 0
0.3996862 -0.0544614 -0.0469604 255 0 0
0.4001744 -0.0559489 -0.0477395 255 0 0
0.4004112 -0.0573533 -0.0481069 255 0 0
0.4011458 -0.0589086 -0.0492897 255 0 0
0.4013810 -0.0603057 -0.0496546 255 0 0
0.4016158 -0.0617005 -0.0500187 255 0 0
0.4020974 -0.0631656 -0.0507873 255 0 0
0.4023310 -0.0645544 -0.0511496 255 0 0
0.4025630 -0.0659405 -0.0515094 255 0 0
0.4027958 -0.0673246 -0.0518705 255 0 0
0.4025366 -0.0685708 -0.0514254 255 0 0
0.4027694 -0.0699527 -0.0517865 255 0 0
0.4030018 -0.0713322 -0.0521469 255 0 0
0.4029886 -0.0726451 -0.0521050 255 0 0
0.4027298 -0.0738947 -0.0516605 255 0 0
0.4029622 -0.0752710 -0.0520211 255 0 0
0.4029490 -0.0765840 -0.0519790 255 0 0
0.4029358 -0.0778969 -0.0519371 255 0 0
0.4029226 -0.0792099 -0.0518951 255 0 0
0.4026638 -0.0804651 -0.0514505 255 0 0
0.4026506 -0.0817792 -0.0514085 255 0 0
0.4028831 -0.0831489 -0.0517693 255 0 0
0.4026242 -0.0844074 -0.0513245 255 0 0
0.4023648 -0.0856682 -0.0508789 255 0 0
0.4025978 -0.0870357 -0.0512405 255 0 0
0.4020917 -0.0882474 -0.0503904 255 0 0
0.4018315 -0.0895135 -0.0499433 255 0 0
0.4018182 -0.0908311 -0.0499012 255 0 0
0.4015575 -0.0921005 -0.0494532 255 0 0
0.4015442 -0.0934192 -0.0494110 255 0 0
0.4015310 -0.0947378 -0.0493689 255 0 0
0.4017652 -0.0961012 -0.0497327 255 0 0
0.4015045 -0.0973752 -0.0492846 255 0 0
0.4017388 -0.0987364 -0.0496485 255 0 0
0.4014780 -0.1000126 -0.0492003 255 0 0
0.4014647 -0.1013313 -0.0491581 255 0 0
0.4016990 -0.1026892 -0.0495221 255 0 0
0.4016858 -0.1040068 -0.0494801 255 0 0
0.4016725 -0.1053245 -0.0494379 255 0 0
0.3994157 -0.1063179 -0.0457148 255 0 0
0.3919187 -0.1079617 -0.0333727 255 0 0
0.3876049 -0.1101432 -0.0262517 255 0 0
0.3870463 -0.1114578 -0.0253139 255 0 0
0.3867572 0.1058150 -0.0255150 255 0 0
0.3867431 0.1044170 -0.0254703 255 0 0
0.3872806 0.1025656 -0.0263296 255 0 0
0.3872654 0.1011711 -0.0262830 255 0 0
0.3875265 0.0995520 -0.0266892 255 0 0
0.3872374 0.0983800 -0.0261938 255 0 0
0.3872233 0.0969845 -0.0261492 255 0 0
0.3874844 0.0953691 -0.0265555 255 0 0
0.3874704 0.0939748 -0.0265110 255 0 0
0.3877310 0.0923636 -0.0269166 255 0 0
0.3879912 0.0907553 -0.0273216 255 0 0
0.3877030 0.0895774 -0.0268276 255 0 0
0.3879632 0.0879716 -0.0272325 255 0 0
0.3879492 0.0865797 -0.0271881 255 0 0
0.3882089 0.0849780 -0.0275924 255 0 0
0.3881949 0.0835873 -0.0275479 255 0 0
0.3881810 0.0821967 -0.0275035 255 0 0
0.3881670 0.0808060 -0.0274590 255 0 0
0.3884263 0.0792109 -0.0278627 255 0 0
0.3886851 0.0776185 -0.0282657 255 0 0
0.3883983 0.0764320 -0.0277739 255 0 0
0.3886572 0.0748421 -0.0281769 255 0 0
0.3955677 0.0683992 -0.0394911 255 0 0
0.3968500 0.0661025 -0.0415736 255 0 0
0.3968364 0.0647518 -0.0415304 255 0 0
0.3968228 0.0634011 -0.0414872 255 0 0
0.3975804 0.0615015 -0.0427092 255 0 0
0.3978234 0.0599729 -0.0430870 255 0 0
0.3980659 0.0584469 -0.0434641 255 0 0
0.3983081 0.0569235 -0.0438407 255 0 0
0.3985498 0.0554028 -0.0442165 255 0 0
0.3987912 0.0538847 -0.0445918 255 0 0
0.3992860 0.0521955 -0.0453830 255 0 0
0.3992725 0.0508563 -0.0453402 255 0 0
0.3992591 0.0495171 -0.0452974 255 0 0
0.3994992 0.0480080 -0.0456707 255 0 0
0.3997388 0.0465014 -0.0460434 255 0 0
0.3997254 0.0451645 -0.0460006 255 0 0
0.3999646 0.0436617 -0.0463727 255 0 0
0.4002035 0.0421614 -0.0467441 255 0 0
0.4004419 0.0406637 -0.0471148 255 0 0
0.4006800 0.0391686 -0.0474851 255 0 0
0.4006666 0.0378362 -0.0474424 255 0 0
0.4009042 0.0363448 -0.0478120 255 0 0
0.4013905 0.0346993 -0.0485898 255 0 0
0.4013771 0.0333703 -0.0485473 255 0 0
0.4018629 0.0317320 -0.0493243 255 0 0
0.4016002 0.0305586 -0.0488724 255 0 0
0.4015868 0.0292307 -0.0488300 255 0 0
0.4020717 0.0276009 -0.0496058 255 0 0
0.4020585 0.0262752 -0.0495635 255 0 0
0.4020452 0.0249496 -0.0495212 255 0 0
0.4020318 0.0236239 -0.0494788 255 0 0
0.4022671 0.0221522 -0.0498447 255 0 0
0.4022537 0.0208277 -0.0498023 255 0 0
0.4024886 0.0193595 -0.0501677 255 0 0
0.4022271 0.0181786 -0.0497176 255 0 0
0.4024620 0.0167127 -0.0500830 255 0 0
0.4022005 0.0155294 -0.0496330 255 0 0
0.4024354 0.0140657 -0.0499984 255 0 0
0.4024221 0.0127423 -0.0499561 255 0 0
0.4024089 0.0114188 -0.0499139 255 0 0
0.4023955 0.0100953 -0.0498715 255 0 0
0.4023823 0.0087718 -0.0498292 255 0 0
0.4023689 0.0074483 -0.0497869 255 0 0
0.4026035 0.0059927 -0.0501519 255 0 0
0.4025902 0.0046704 -0.0501096 255 0 0
0.4025769 0.0033479 -0.0500673 255 0 0
0.4025636 0.0020255 -0.0500250 255 0 0
0.4025503 0.0007031 -0.0499828 255 0 0
0.4025371 -0.0006194 -0.0499405 255 0 0
0.4025238 -0.0019418 -0.0498982 255 0 0
0.4025105 -0.0032643 -0.0498560 255 0 0
0.4022492 -0.0044637 -0.0494061 255 0 0
0.4022360 -0.0057873 -0.0493638 255 0 0
0.4022227 -0.0071110 -0.0493215 255 0 0
0.4022094 -0.0084346 -0.0492792 255 0 0
0.4016988 -0.0095206 -0.0484192 255 0 0
0.4016854 -0.0108465 -0.0483768 255 0 0
0.4014229 -0.0120556 -0.0479246 255 0 0
0.4006591 -0.0130343 -0.0466481 255 0 0
0.4006457 -0.0143648 -0.0466055 255 0 0
0.3991196 -0.0150070 -0.0440752 255 0 0
0.3985985 -0.0161157 -0.0431974 255 0 0
0.3983305 -0.0173420 -0.0427360 255 0 0
0.3978065 -0.0184575 -0.0418535 255 0 0
0.3975372 -0.0196890 -0.0413897 255 0 0
0.3977796 -0.0211440 -0.0417676 255 0 0
0.3977661 -0.0224873 -0.0417247 255 0 0
0.3974967 -0.0237223 -0.0412608 255 0 0
0.3974831 -0.0250667 -0.0412178 255 0 0
0.3974696 -0.0264111 -0.0411748 255 0 0
0.3974561 -0.0277556 -0.0411318 255 0 0
0.3974426 -0.0291000 -0.0410888 255 0 0
0.3974291 -0.0304445 -0.0410459 255 0 0
0.3976716 -0.0318903 -0.0414241 255 0 0
0.3976581 -0.0332336 -0.0413812 255 0 0
0.3976446 -0.0345769 -0.0413382 255 0 0
0.3978867 -0.0360179 -0.0417159 255 0 0
0.3978732 -0.0373601 -0.0416730 255 0 0
0.3981149 -0.0387974 -0.0420500 255 0 0
0.3981014 -0.0401385 -0.0420072 255 0 0
0.3980879 -0.0414795 -0.0419643 255 0 0
0.3980744 -0.0428206 -0.0419214 255 0 0
0.3983158 -0.0442520 -0.0422980 255 0 0
0.3985566 -0.0456810 -0.0426739 255 0 0
0.3990495 -0.0471946 -0.0434645 255 0 0
0.3990360 -0.0485311 -0.0434218 255 0 0
0.3997805 -0.0501225 -0.0446269 255 0 0
0.4000189 -0.0515391 -0.0449988 255 0 0
0.4007583 -0.0531174 -0.0461957 255 0 0
0.4007449 -0.0544459 -0.0461532 255 0 0
0.4014806 -0.0560127 -0.0473441 255 0 0
0.4019645 -0.0574937 -0.0481206 255 0 0
0.4024467 -0.0589697 -0.0488943 255 0 0
0.4026806 -0.0603656 -0.0492592 255 0 0
0.4029141 -0.0617591 -0.0496233 255 0 0
0.4033931 -0.0632229 -0.0503920 255 0 0
0.4036243 -0.0646101 -0.0507524 255 0 0
0.4038562 -0.0659954 -0.0511141 255 0 0
0.4035979 -0.0672403 -0.0506684 255 0 0
0.4038298 -0.0686234 -0.0510301 255 0 0
0.4038166 -0.0699374 -0.0509881 255 0 0
0.4038034 -0.0712514 -0.0509461 255 0 0
0.4040349 -0.0726299 -0.0513073 255 0 0
0.4040217 -0.0739429 -0.0512653 255 0 0
0.4040085 -0.0752558 -0.0512234 255 0 0
0.4039953 -0.0765688 -0.0511814 255 0 0
0.4039821 -0.0778817 -0.0511394 255 0 0
0.4039689 -0.0791947 -0.0510975 255 0 0
0.4037109 -0.0804499 -0.0506520 255 0 0
0.4039426 -0.0818207 -0.0510135 255 0 0
0.4034393 -0.0830225 -0.0501638 255 0 0
0.4036714 -0.0843923 -0.0505261 255 0 0
0.4034128 -0.0856530 -0.0500798 255 0 0
0.4033996 -0.0869683 -0.0500377 255 0 0
0.4031407 -0.0882323 -0.0495906 255 0 0
0.4028813 -0.0894984 -0.0491428 255 0 0
0.4028681 -0.0908159 -0.0491008 255 0 0
0.4026082 -0.0920854 -0.0486520 255 0 0
0.4028416 -0.0934510 -0.0490165 255 0 0
0.4028284 -0.0947686 -0.0489743 255 0 0
0.4028152 -0.0960862 -0.0489323 255 0 0
0.4028019 -0.0974037 -0.0488901 255 0 0
0.4027887 -0.0987213 -0.0488480 255 0 0
0.4027754 -0.1000389 -0.0488058 255 0 0
0.4025155 -0.1013163 -0.0483570 255 0 0
0.4025022 -0.1026350 -0.0483148 255 0 0
0.4027357 -0.1039918 -0.0486795 255 0 0
0.4024757 -0.1052725 -0.0482305 255 0 0
0.3961432 -0.1070239 -0.0377448 255 0 0
0.3889896 -0.1087821 -0.0259032 255 0 0
0.3887052 -0.1101275 -0.0254128 255 0 0
0.3886913 -0.1115085 -0.0253686 255 0 0
0.3881328 0.1042064 -0.0250736 255 0 0
0.3881187 0.1028096 -0.0250290 255 0 0
0.3881047 0.1014128 -0.0249844 255 0 0
0.3883640 0.0997930 -0.0253901 255 0 0
0.3883500 0.0983975 -0.0253455 255 0 0
0.3880614 0.0972234 -0.0248484 255 0 0
0.3883220 0.0956063 -0.0252563 255 0 0
0.3885821 0.0939922 -0.0256634 255 0 0
0.3885681 0.0925979 -0.0256189 255 0 0
0.3885541 0.0912035 -0.0255743 255 0 0
0.3888137 0.0895948 -0.0259808 255 0 0
0.3887997 0.0882017 -0.0259362 255 0 0
0.3893315 0.0863860 -0.0267916 255 0 0
0.3893176 0.0849953 -0.0267471 255 0 0
0.3890309 0.0838133 -0.0262530 255 0 0
0.3890169 0.0824214 -0.0262085 255 0 0
0.3895480 0.0806176 -0.0270627 255 0 0
0.3895340 0.0792281 -0.0270182 255 0 0
0.3897918 0.0776358 -0.0274220 255 0 0
0.3892338 0.0766512 -0.0264804 255 0 0
0.3894921 0.0750597 -0.0268849 255 0 0
0.3969084 0.0682262 -0.0390939 255 0 0
0.3979269 0.0661193 -0.0407526 255 0 0
0.3979133 0.0647685 -0.0407095 255 0 0
0.3981566 0.0632331 -0.0410900 255 0 0
0.3986544 0.0615182 -0.0418903 255 0 0
0.3991517 0.0598085 -0.0426897 255 0 0
0.3991381 0.0584635 -0.0426467 255 0 0
0.3993794 0.0569401 -0.0430239 255 0 0
0.3998741 0.0552427 -0.0438193 255 0 0
0.4001140 0.0537260 -0.0441945 255 0 0
0.4001006 0.0523857 -0.0441517 255 0 0
0.4005927 0.0507005 -0.0449431 255 0 0
0.4008314 0.0491917 -0.0453162 255 0 0
0.4008180 0.0478548 -0.0452736 255 0 0
0.4008045 0.0465179 -0.0452308 255 0 0
0.4007911 0.0451809 -0.0451881 255 0 0
0.4012808 0.0435124 -0.0459756 255 0 0
0.4012674 0.0421778 -0.0459329 255 0 0
0.4015049 0.0406801 -0.0463043 255 0 0
0.4017421 0.0391849 -0.0466753 255 0 0
0.4017287 0.0378525 -0.0466327 255 0 0
0.4022151 0.0362023 -0.0474150 255 0 0
0.4024498 0.0347155 -0.0477821 255 0 0
0.4026854 0.0332306 -0.0481504 255 0 0
0.4024232 0.0320575 -0.0476971 255 0 0
0.4026587 0.0305748 -0.0480655 255 0 0
0.4028938 0.0290947 -0.0484332 255 0 0
0.4031285 0.0276170 -0.0488003 255 0 0
0.4031152 0.0262914 -0.0487579 255 0 0
0.4033495 0.0248173 -0.0491244 255 0 0
0.4033362 0.0234928 -0.0490820 255 0 0
0.4033229 0.0221683 -0.0490397 255 0 0
0.4033096 0.0208437 -0.0489973 255 0 0
0.4032963 0.0195192 -0.0489550 255 0 0
0.4035302 0.0180522 -0.0493210 255 0 0
0.4035169 0.0167287 -0.0492787 255 0 0
0.4037505 0.0152653 -0.0496442 255 0 0
0.4037372 0.0139429 -0.0496019 255 0 0
0.4037240 0.0126206 -0.0495597 255 0 0
0.4034638 0.0114348 -0.0491095 255 0 0
0.4034505 0.0101113 -0.0490672 255 0 0
0.4036841 0.0086535 -0.0494328 255 0 0
0.4036708 0.0073311 -0.0493905 255 0 0
0.4036575 0.0060087 -0.0493482 255 0 0
0.4038908 0.0045556 -0.0497133 255 0 0
0.4038775 0.0032343 -0.0496710 255 0 0
0.4036177 0.0020414 -0.0492214 255 0 0
0.4038510 0.0005917 -0.0495866 255 0 0
0.4035911 -0.0006035 -0.0491369 255 0 0
0.4035778 -0.0019259 -0.0490946 255 0 0
0.4035646 -0.0032484 -0.0490523 255 0 0
0.4033042 -0.0044479 -0.0486017 255 0 0
0.4032910 -0.0057715 -0.0485595 255 0 0
0.4032776 -0.0070951 -0.0485171 255 0 0
0.4030169 -0.0082989 -0.0480657 255 0 0
0.4030036 -0.0096237 -0.0480234 255 0 0
0.4024940 -0.0107127 -0.0471606 255 0 0
0.4017329 -0.0116880 -0.0458821 255 0 0
0.4012189 -0.0127852 -0.0450119 255 0 0
0.4007032 -0.0138862 -0.0441388 255 0 0
0.3994261 -0.0146442 -0.0420068 255 0 0
0.3994127 -0.0159851 -0.0419640 255 0 0
0.3991451 -0.0172123 -0.0415010 255 0 0
0.3988771 -0.0184416 -0.0410373 255 0 0
0.3986087 -0.0196731 -0.0405728 255 0 0
0.3985952 -0.0210175 -0.0405298 255 0 0
0.3985817 -0.0223619 -0.0404868 255 0 0
0.3988231 -0.0238146 -0.0408655 255 0 0
0.3988096 -0.0251579 -0.0408226 255 0 0
0.3985412 -0.0263952 -0.0403578 255 0 0
0.3987827 -0.0278444 -0.0407366 255 0 0
0.3985142 -0.0290841 -0.0402719 255 0 0
0.3985007 -0.0304286 -0.0402289 255 0 0
0.3984872 -0.0317731 -0.0401859 255 0 0
0.3987287 -0.0332177 -0.0405649 255 0 0
0.3989699 -0.0346599 -0.0409433 255 0 0
0.3987017 -0.0359044 -0.0404790 255 0 0
0.3989429 -0.0373442 -0.0408574 255 0 0
0.3991837 -0.0387816 -0.0412352 255 0 0
0.3991702 -0.0401227 -0.0411923 255 0 0
0.3994106 -0.0415564 -0.0415695 255 0 0
0.3993971 -0.0428963 -0.0415266 255 0 0
0.3996371 -0.0443265 -0.0419032 255 0 0
0.3998766 -0.0457541 -0.0422790 255 0 0
0.4001157 -0.0471794 -0.0426543 255 0 0
0.4006050 -0.0486879 -0.0434436 255 0 0
0.4010938 -0.0501916 -0.0442321 255 0 0
0.4013308 -0.0516069 -0.0446040 255 0 0
0.4018171 -0.0531018 -0.0453885 255 0 0
0.4025499 -0.0546720 -0.0465813 255 0 0
0.4027846 -0.0560763 -0.0469494 255 0 0
0.4032658 -0.0575560 -0.0477258 255 0 0
0.4037454 -0.0590306 -0.0484996 255 0 0
0.4042234 -0.0605003 -0.0492707 255 0 0
0.4042102 -0.0618176 -0.0492287 255 0 0
0.4049297 -0.0633521 -0.0503998 255 0 0
0.4049165 -0.0646661 -0.0503578 255 0 0
0.4049033 -0.0659801 -0.0503158 255 0 0
0.4048901 -0.0672941 -0.0502737 255 0 0
0.4048769 -0.0686081 -0.0502318 255 0 0
0.4051075 -0.0699888 -0.0505935 255 0 0
0.4046063 -0.0711705 -0.0497432 255 0 0
0.4048373 -0.0725502 -0.0501057 255 0 0
0.4048241 -0.0738643 -0.0500637 255 0 0
0.4050547 -0.0752406 -0.0504256 255 0 0
0.4050416 -0.0765536 -0.0503837 255 0 0
0.4047845 -0.0778065 -0.0499377 255 0 0
0.4050152 -0.0791796 -0.0502997 255 0 0
0.4047581 -0.0804348 -0.0498537 255 0 0
0.4047449 -0.0817489 -0.0498116 255 0 0
0.4044874 -0.0830074 -0.0493648 255 0 0
0.4047185 -0.0843772 -0.0497276 255 0 0
0.4042161 -0.0855843 -0.0488750 255 0 0
0.4042029 -0.0869007 -0.0488329 255 0 0
0.4036988 -0.0881143 -0.0479774 255 0 0
0.4039312 -0.0894833 -0.0483423 255 0 0
0.4039180 -0.0908008 -0.0483002 255 0 0
0.4036590 -0.0920702 -0.0478509 255 0 0
0.4038915 -0.0934359 -0.0482160 255 0 0
0.4036325 -0.0947076 -0.0477665 255 0 0
0.4036193 -0.0960263 -0.0477245 255 0 0
0.4038518 -0.0973887 -0.0480896 255 0 0
0.4035928 -0.0986638 -0.0476401 255 0 0
0.4038254 -0.1000239 -0.0480054 255 0 0
0.4030735 -0.1012205 -0.0467388 255 0 0
0.4028133 -0.1025021 -0.0462871 255 0 0
0.4030470 -0.1038625 -0.0466544 255 0 0
0.4015451 -0.1049599 -0.0441439 255 0 0
0.3909088 -0.1074966 -0.0264454 255 0 0
0.3898195 -0.1087308 -0.0246179 255 0 0
0.3898056 -0.1101118 -0.0245737 255 0 0
0.3892324 0.1028271 -0.0241799 255 0 0
0.3892183 0.1014303 -0.0241353 255 0 0
0.3894767 0.0998105 -0.0245419 255 0 0
0.3894626 0.0984150 -0.0244972 255 0 0
0.3894487 0.0970194 -0.0244527 255 0 0
0.3897077 0.0954040 -0.0248605 255 0 0
0.3896937 0.0940097 -0.0248160 255 0 0
0.3899524 0.0923984 -0.0252231 255 0 0
0.3899384 0.0910053 -0.0251786 255 0 0
0.3899244 0.0896122 -0.0251340 255 0 0
0.3904542 0.0877939 -0.0259908 255 0 0
0.3901686 0.0866144 -0.0254960 255 0 0
0.3904263 0.0850126 -0.0259019 255 0 0
0.3906836 0.0834137 -0.0263070 255 0 0
0.3906696 0.0820243 -0.0262625 255 0 0
0.3906557 0.0806348 -0.0262181 255 0 0
0.3906417 0.0792454 -0.0261737 255 0 0
0.3906278 0.0778559 -0.0261292 255 0 0
0.3906138 0.0764665 -0.0260848 255 0 0
0.3908707 0.0748766 -0.0264894 255 0 0
0.3905859 0.0736875 -0.0259960 255 0 0
0.3987473 0.0663234 -0.0395065 255 0 0
0.3989902 0.0647852 -0.0398885 255 0 0
0.3989766 0.0634345 -0.0398452 255 0 0
0.3997285 0.0615348 -0.0410714 255 0 0
0.4002239 0.0598251 -0.0418722 255 0 0
0.4002104 0.0584801 -0.0418292 255 0 0
0.4004507 0.0569567 -0.0422072 255 0 0
0.4006905 0.0554359 -0.0425844 255 0 0
0.4011826 0.0537426 -0.0433799 255 0 0
0.4014212 0.0522285 -0.0437552 255 0 0
0.4016594 0.0507170 -0.0441298 255 0 0
0.4016460 0.0493789 -0.0440871 255 0 0
0.4018838 0.0478712 -0.0444610 255 0 0
0.4021212 0.0463660 -0.0448344 255 0 0
0.4021078 0.0450302 -0.0447917 255 0 0
0.4023448 0.0435288 -0.0451645 255 0 0
0.4023314 0.0421941 -0.0451218 255 0 0
0.4025680 0.0406964 -0.0454940 255 0 0
0.4025546 0.0393629 -0.0454513 255 0 0
0.4030400 0.0377086 -0.0462364 255 0 0
0.4032754 0.0362186 -0.0466066 255 0 0
0.4032620 0.0348884 -0.0465641 255 0 0
0.4037439 0.0332468 -0.0473433 255 0 0
0.4037305 0.0319189 -0.0473008 255 0 0
0.4039648 0.0304376 -0.0476693 255 0 0
0.4041986 0.0289588 -0.0480371 255 0 0
0.4039381 0.0277840 -0.0475844 255 0 0
0.4044186 0.0261580 -0.0483618 255 0 0
0.4044053 0.0248335 -0.0483194 255 0 0
0.4043920 0.0235089 -0.0482771 255 0 0
0.4046251 0.0220385 -0.0486437 255 0 0
0.4043654 0.0208598 -0.0481924 255 0 0
0.4045985 0.0193917 -0.0485591 255 0 0
0.4048311 0.0179260 -0.0489251 255 0 0
0.4048178 0.0166036 -0.0488828 255 0 0
0.4045587 0.0154213 -0.0484322 255 0 0
0.4045453 0.0140978 -0.0483898 255 0 0
0.4047780 0.0126366 -0.0487560 255 0 0
0.4045188 0.0114508 -0.0483052 255 0 0
0.4045055 0.0101273 -0.0482629 255 0 0
0.4044922 0.0088038 -0.0482205 255 0 0
0.4047249 0.0073470 -0.0485869 255 0 0
0.4047116 0.0060246 -0.0485446 255 0 0
0.4046983 0.0047022 -0.0485023 255 0 0
0.4049307 0.0032502 -0.0488681 255 0 0
0.4049174 0.0019289 -0.0488259 255 0 0
0.4046585 0.0007349 -0.0483755 255 0 0
0.4046452 -0.0005876 -0.0483332 255 0 0
0.4046320 -0.0019101 -0.0482909 255 0 0
0.4043726 -0.0031084 -0.0478397 255 0 0
0.4046054 -0.0045550 -0.0482064 255 0 0
0.4043460 -0.0057556 -0.0477551 255 0 0
0.4038391 -0.0068371 -0.0468925 255 0 0
0.4038257 -0.0081629 -0.0468501 255 0 0
0.4033171 -0.0092504 -0.0459846 255 0 0
0.4025576 -0.0102228 -0.0447020 255 0 0
0.4022946 -0.0114365 -0.0442446 255 0 0
0.4017806 -0.0125352 -0.0433700 255 0 0
0.4007610 -0.0134044 -0.0416549 255 0 0
0.4004948 -0.0146282 -0.0411920 255 0 0
0.4002283 -0.0158542 -0.0407284 255 0 0
0.4002148 -0.0171963 -0.0406855 255 0 0
0.3999477 -0.0184256 -0.0402210 255 0 0
0.3999343 -0.0197689 -0.0401781 255 0 0
0.3996667 -0.0210015 -0.0397128 255 0 0
0.3999073 -0.0224554 -0.0400922 255 0 0
0.3998938 -0.0237986 -0.0400492 255 0 0
0.3996262 -0.0250348 -0.0395839 255 0 0
0.3998668 -0.0264852 -0.0399633 255 0 0
0.3998533 -0.0278285 -0.0399204 255 0 0
0.3998398 -0.0291718 -0.0398774 255 0 0
0.4000800 -0.0306175 -0.0402564 255 0 0
0.4000665 -0.0319596 -0.0402135 255 0 0
0.4000531 -0.0333018 -0.0401706 255 0 0
0.4000396 -0.0346440 -0.0401277 255 0 0
0.4002794 -0.0360837 -0.0405061 255 0 0
0.4002659 -0.0374247 -0.0404632 255 0 0
0.4002525 -0.0387658 -0.0404203 255 0 0
0.4004919 -0.0402007 -0.0407982 255 0 0
0.4007309 -0.0416332 -0.0411753 255 0 0
0.4004650 -0.0428806 -0.0407125 255 0 0
0.4009561 -0.0444008 -0.0415090 255 0 0
0.4011943 -0.0458272 -0.0418850 255 0 0
0.4014309 -0.0472507 -0.0422583 255 0 0
0.4016683 -0.0486722 -0.0426329 255 0 0
0.4024048 -0.0502605 -0.0438380 255 0 0
0.4026405 -0.0516746 -0.0442099 255 0 0
0.4033719 -0.0532498 -0.0454068 255 0 0
0.4038530 -0.0547368 -0.0461872 255 0 0
0.4043325 -0.0562188 -0.0469649 255 0 0
0.4045649 -0.0576182 -0.0473317 255 0 0
0.4052865 -0.0591676 -0.0485125 255 0 0
0.4052733 -0.0604849 -0.0484703 255 0 0
0.4055042 -0.0618760 -0.0488346 255 0 0
0.4059769 -0.0633368 -0.0496014 255 0 0
0.4059637 -0.0646508 -0.0495594 255 0 0
0.4061933 -0.0660348 -0.0499217 255 0 0
0.4061802 -0.0673478 -0.0498798 255 0 0
0.4059241 -0.0685929 -0.0494333 255 0 0
0.4059109 -0.0699069 -0.0493914 255 0 0
0.4061406 -0.0712865 -0.0497538 255 0 0
0.4061275 -0.0725995 -0.0497119 255 0 0
0.4058713 -0.0738491 -0.0492653 255 0 0
0.4058581 -0.0751632 -0.0492233 255 0 0
0.4058449 -0.0764773 -0.0491813 255 0 0
0.4058317 -0.0777914 -0.0491393 255 0 0
0.4055751 -0.0790464 -0.0486918 255 0 0
0.4055619 -0.0803617 -0.0486498 255 0 0
0.4055487 -0.0816769 -0.0486077 255 0 0
0.4055355 -0.0829922 -0.0485657 255 0 0
0.4057657 -0.0843620 -0.0489292 255 0 0
0.4052652 -0.0855692 -0.0480753 255 0 0
0.4047628 -0.0867805 -0.0472184 255 0 0
0.4049944 -0.0881506 -0.0475840 255 0 0
0.4049811 -0.0894681 -0.0475419 255 0 0
0.4047231 -0.0907364 -0.0470919 255 0 0
0.4047098 -0.0920551 -0.0470497 255 0 0
0.4046966 -0.0933738 -0.0470075 255 0 0
0.4046834 -0.0946925 -0.0469655 255 0 0
0.4044249 -0.0959664 -0.0465145 255 0 0
0.4046569 -0.0973299 -0.0468811 255 0 0
0.4046436 -0.0986487 -0.0468389 255 0 0
0.4046304 -0.0999674 -0.0467968 255 0 0
0.4041262 -0.1012054 -0.0459363 255 0 0
0.4033732 -0.1024081 -0.0446613 255 0 0
0.4031125 -0.1036940 -0.0442064 255 0 0
0.4018557 -0.1048320 -0.0420914 255 0 0
0.3917381 -0.1074444 -0.0251639 255 0 0
0.3917243 -0.1088217 -0.0251200 255 0 0
0.3914428 -0.1101648 -0.0246297 255 0 0
0.3910491 0.0910227 -0.0243318 255 0 0
0.3913062 0.0894156 -0.0247390 255 0 0
0.3915629 0.0878112 -0.0251455 255 0 0
0.3917913 0.0834310 -0.0254624 255 0 0
0.3920471 0.0818349 -0.0258676 255 0 0
0.3920332 0.0804467 -0.0258232 255 0 0
0.3919775 0.0748938 -0.0256456 255 0 0
0.3922329 0.0733067 -0.0260502 255 0 0
0.3987988 0.0670930 -0.0369740 255 0 0
0.4000670 0.0648019 -0.0390674 255 0 0
0.4003085 0.0632665 -0.0394494 255 0 0
0.4005496 0.0617336 -0.0398307 255 0 0
0.4010428 0.0600228 -0.0406325 255 0 0
0.4012826 0.0584967 -0.0410118 255 0 0
0.4017744 0.0567952 -0.0418113 255 0 0
0.4020130 0.0552758 -0.0421886 255 0 0
0.4022511 0.0537591 -0.0425652 255 0 0
0.4022376 0.0524187 -0.0425224 255 0 0
0.4024753 0.0509057 -0.0428984 255 0 0
0.4029630 0.0492245 -0.0436912 255 0 0
0.4029495 0.0478876 -0.0436485 255 0 0
0.4031861 0.0463824 -0.0440226 255 0 0
0.4034221 0.0448798 -0.0443960 255 0 0
0.4031592 0.0437108 -0.0439371 255 0 0
0.4033954 0.0422105 -0.0443106 255 0 0
0.4036311 0.0407127 -0.0446835 255 0 0
0.4038664 0.0392175 -0.0450557 255 0 0
0.4038530 0.0378851 -0.0450131 255 0 0
0.4040879 0.0363936 -0.0453847 255 0 0
0.4043224 0.0349047 -0.0457557 255 0 0
0.4048024 0.0332630 -0.0465363 255 0 0
0.4050357 0.0317805 -0.0469054 255 0 0
0.4050224 0.0304538 -0.0468629 255 0 0
0.4050091 0.0291270 -0.0468206 255 0 0
0.4052419 0.0276493 -0.0471889 255 0 0
0.4054745 0.0261741 -0.0475568 255 0 0
0.4054611 0.0248496 -0.0475144 255 0 0
0.4054479 0.0235250 -0.0474721 255 0 0
0.4056800 0.0220546 -0.0478394 255 0 0
0.4059117 0.0205867 -0.0482060 255 0 0
0.4056534 0.0194077 -0.0477548 255 0 0
0.4058852 0.0179420 -0.0481215 255 0 0
0.4058720 0.0166197 -0.0480793 255 0 0
0.4061033 0.0151576 -0.0484454 255 0 0
0.4058454 0.0139749 -0.0479947 255 0 0
0.4058321 0.0126526 -0.0479524 255 0 0
0.4058188 0.0113302 -0.0479101 255 0 0
0.4058056 0.0100078 -0.0478678 255 0 0
0.4060370 0.0085513 -0.0482341 255 0 0
0.4057790 0.0073630 -0.0477832 255 0 0
0.4060105 0.0059087 -0.0481496 255 0 0
0.4059972 0.0045874 -0.0481074 255 0 0
0.4059840 0.0032661 -0.0480651 255 0 0
0.4057259 0.0020733 -0.0476141 255 0 0
0.4057126 0.0007508 -0.0475718 255 0 0
0.4056993 -0.0005717 -0.0475295 255 0 0
0.4056861 -0.0018942 -0.0474872 255 0 0
0.4056728 -0.0032167 -0.0474449 255 0 0
0.4054143 -0.0044161 -0.0469930 255 0 0
0.4051553 -0.0056176 -0.0465403 255 0 0
0.4048959 -0.0068212 -0.0460868 255 0 0
0.4043891 -0.0079063 -0.0452200 255 0 0
0.4041284 -0.0091150 -0.0447642 255 0 0
0.4031212 -0.0099685 -0.0430611 255 0 0
0.4023578 -0.0109470 -0.0417654 255 0 0
0.4020936 -0.0121666 -0.0413035 255 0 0
0.4015771 -0.0132713 -0.0404201 255 0 0
0.4010588 -0.0143799 -0.0395336 255 0 0
0.4012980 -0.0158383 -0.0399129 255 0 0
0.4012845 -0.0171803 -0.0398700 255 0 0
0.4010183 -0.0184096 -0.0394048 255 0 0
0.4010048 -0.0197529 -0.0393618 255 0 0
0.4007382 -0.0209855 -0.0388958 255 0 0
0.4009779 -0.0224394 -0.0392760 255 0 0
0.4009644 -0.0237827 -0.0392330 255 0 0
0.4009509 -0.0251260 -0.0391901 255 0 0
0.4009374 -0.0264693 -0.0391471 255 0 0
0.4009239 -0.0278126 -0.0391041 255 0 0
0.4011632 -0.0292594 -0.0394838 255 0 0
0.4014021 -0.0307037 -0.0398627 255 0 0
0.4013886 -0.0320447 -0.0398199 255 0 0
0.4011228 -0.0332860 -0.0393550 255 0 0
0.4013617 -0.0347268 -0.0397341 255 0 0
0.4013482 -0.0360679 -0.0396912 255 0 0
0.4015867 -0.0375051 -0.0400697 255 0 0
0.4018248 -0.0389398 -0.0404474 255 0 0
0.4018114 -0.0402786 -0.0404046 255 0 0
0.4017979 -0.0416174 -0.0403618 255 0 0
0.4020356 -0.0430474 -0.0407390 255 0 0
0.4020222 -0.0443851 -0.0406962 255 0 0
0.4027584 -0.0459881 -0.0419075 255 0 0
0.4029945 -0.0474095 -0.0422821 255 0 0
0.4034787 -0.0489141 -0.0430719 255 0 0
0.4034654 -0.0502449 -0.0430293 255 0 0
0.4041953 -0.0518252 -0.0442303 255 0 0
0.4044289 -0.0532343 -0.0446009 255 0 0
0.4051539 -0.0548015 -0.0457937 255 0 0
0.4053859 -0.0562033 -0.0461618 255 0 0
0.4061059 -0.0577577 -0.0473466 255 0 0
0.4063363 -0.0591522 -0.0477121 255 0 0
0.4065663 -0.0605444 -0.0480770 255 0 0
0.4070372 -0.0620075 -0.0488450 255 0 0
0.4070241 -0.0633215 -0.0488030 255 0 0
0.4070109 -0.0646355 -0.0487610 255 0 0
0.4069977 -0.0659495 -0.0487189 255 0 0
0.4069845 -0.0672636 -0.0486770 255 0 0
0.4069713 -0.0685776 -0.0486349 255 0 0
0.4072001 -0.0699584 -0.0489981 255 0 0
0.4071870 -0.0712713 -0.0489561 255 0 0
0.4069317 -0.0725198 -0.0485089 255 0 0
0.4069186 -0.0738339 -0.0484669 255 0 0
0.4069053 -0.0751479 -0.0484249 255 0 0
0.4071342 -0.0765232 -0.0487882 255 0 0
0.4068789 -0.0777762 -0.0483409 255 0 0
0.4066232 -0.0790313 -0.0478927 255 0 0
0.4063670 -0.0802885 -0.0474438 255 0 0
0.4063538 -0.0816048 -0.0474017 255 0 0
0.4063406 -0.0829212 -0.0473596 255 0 0
0.4063274 -0.0842376 -0.0473175 255 0 0
0.4060707 -0.0855004 -0.0468678 255 0 0
0.4053247 -0.0866598 -0.0455984 255 0 0
0.4055561 -0.0880323 -0.0459659 255 0 0
0.4055429 -0.0893521 -0.0459237 255 0 0
0.4057739 -0.0907213 -0.0462907 255 0 0
0.4060046 -0.0920881 -0.0466571 255 0 0
0.4057474 -0.0933587 -0.0462064 255 0 0
0.4057342 -0.0946774 -0.0461642 255 0 0
0.4057209 -0.0959961 -0.0461221 255 0 0
0.4057077 -0.0973149 -0.0460799 255 0 0
0.4056945 -0.0986336 -0.0460378 255 0 0
0.4056813 -0.0999523 -0.0459956 255 0 0
0.4054236 -0.1012307 -0.0455439 255 0 0
0.4049203 -0.1024719 -0.0446805 255 0 0
0.4036745 -0.1036018 -0.0425729 255 0 0
0.3968057 -0.1052529 -0.0310220 255 0 0
0.3938976 -0.1075749 -0.0261070 255 0 0
0.3930880 -0.1088415 -0.0247293 255 0 0
0.3938700 -0.1103198 -0.0260192 255 0 0
0.3936065 0.0731254 -0.0256561 255 0 0
0.3957176 0.0701750 -0.0291730 255 0 0
0.3988370 0.0665065 -0.0343801 255 0 0
0.4011304 0.0634679 -0.0382032 255 0 0
0.4018767 0.0615682 -0.0394337 255 0 0
0.4021160 0.0600394 -0.0398143 255 0 0
0.4021025 0.0586933 -0.0397713 255 0 0
0.4028448 0.0568117 -0.0409952 255 0 0
0.4030824 0.0552923 -0.0413733 255 0 0
0.4033197 0.0537756 -0.0417506 255 0 0
0.4035564 0.0522614 -0.0421273 255 0 0
0.4035430 0.0509222 -0.0420844 255 0 0
0.4040287 0.0492410 -0.0428786 255 0 0
0.4040154 0.0479041 -0.0428359 255 0 0
0.4042509 0.0463988 -0.0432107 255 0 0
0.4044861 0.0448962 -0.0435848 255 0 0
0.4044727 0.0435615 -0.0435421 255 0 0
0.4044594 0.0422269 -0.0434995 255 0 0
0.4049419 0.0405663 -0.0442885 255 0 0
0.4046808 0.0393955 -0.0438303 255 0 0
0.4051625 0.0377412 -0.0446182 255 0 0
0.4051492 0.0364099 -0.0445756 255 0 0
0.4053827 0.0349210 -0.0449472 255 0 0
0.4056149 0.0334352 -0.0453165 255 0 0
0.4058476 0.0319513 -0.0456868 255 0 0
0.4060801 0.0304699 -0.0460566 255 0 0
0.4063120 0.0289911 -0.0464256 255 0 0
0.4062987 0.0276655 -0.0463833 255 0 0
0.4062854 0.0263398 -0.0463409 255 0 0
0.4067616 0.0247175 -0.0471197 255 0 0
0.4067483 0.0233941 -0.0470774 255 0 0
0.4067350 0.0220707 -0.0470351 255 0 0
0.4067217 0.0207472 -0.0469927 255 0 0
0.4069526 0.0192804 -0.0473601 255 0 0
0.4069393 0.0179580 -0.0473178 255 0 0
0.4069260 0.0166357 -0.0472756 255 0 0
0.4069127 0.0153133 -0.0472333 255 0 0
0.4071432 0.0138523 -0.0476002 255 0 0
0.4071300 0.0125311 -0.0475579 255 0 0
0.4071167 0.0112098 -0.0475156 255 0 0
0.4071035 0.0098885 -0.0474734 255 0 0
0.4068464 0.0087014 -0.0470218 255 0 0
0.4068331 0.0073789 -0.0469795 255 0 0
0.4068199 0.0060565 -0.0469373 255 0 0
0.4070504 0.0046033 -0.0473044 255 0 0
0.4067933 0.0034116 -0.0468527 255 0 0
0.4070239 0.0019607 -0.0472199 255 0 0
0.4070106 0.0006393 -0.0471776 255 0 0
0.4067535 -0.0005558 -0.0467258 255 0 0
0.4067402 -0.0018783 -0.0466835 255 0 0
0.4062379 -0.0029522 -0.0458200 255 0 0
0.4062245 -0.0042769 -0.0457775 255 0 0
0.4059661 -0.0054794 -0.0453234 255 0 0
0.4054611 -0.0065622 -0.0444553 255 0 0
0.4049544 -0.0076488 -0.0435841 255 0 0
0.4044460 -0.0087391 -0.0427100 255 0 0
0.4031873 -0.0094735 -0.0405757 255 0 0
0.4026727 -0.0105736 -0.0396910 255 0 0
0.4026593 -0.0119145 -0.0396481 255 0 0
0.4023946 -0.0131381 -0.0391832 255 0 0
0.4021294 -0.0143639 -0.0387174 255 0 0
0.4023677 -0.0158223 -0.0390974 255 0 0
0.4023542 -0.0171643 -0.0390544 255 0 0
0.4020890 -0.0183936 -0.0385886 255 0 0
0.4020755 -0.0197369 -0.0385455 255 0 0
0.4020620 -0.0210802 -0.0385026 255 0 0
0.4020485 -0.0224235 -0.0384597 255 0 0
0.4020350 -0.0237668 -0.0384167 255 0 0
0.4020216 -0.0251101 -0.0383738 255 0 0
0.4022599 -0.0265592 -0.0387540 255 0 0
0.4019946 -0.0277967 -0.0382878 255 0 0
0.4022330 -0.0292435 -0.0386682 255 0 0
0.4022195 -0.0305857 -0.0386252 255 0 0
0.4022060 -0.0319279 -0.0385824 255 0 0
0.4021925 -0.0332701 -0.0385394 255 0 0
0.4024305 -0.0347110 -0.0389192 255 0 0
0.4024171 -0.0360521 -0.0388763 255 0 0
0.4026546 -0.0374893 -0.0392554 255 0 0
0.4028918 -0.0389241 -0.0396340 255 0 0
0.4028783 -0.0402629 -0.0395911 255 0 0
0.4033649 -0.0417863 -0.0403890 255 0 0
0.4031017 -0.0430317 -0.0399262 255 0 0
0.4038352 -0.0446382 -0.0411394 255 0 0
0.4038218 -0.0459725 -0.0410968 255 0 0
0.4045527 -0.0475677 -0.0423058 255 0 0
0.4047866 -0.0489841 -0.0426791 255 0 0
0.4047733 -0.0503138 -0.0426365 255 0 0
0.4052532 -0.0518096 -0.0434237 255 0 0
0.4059767 -0.0533818 -0.0446205 255 0 0
0.4064525 -0.0548661 -0.0454009 255 0 0
0.4069267 -0.0563453 -0.0461786 255 0 0
0.4071566 -0.0577423 -0.0465454 255 0 0
0.4076284 -0.0592129 -0.0473192 255 0 0
0.4076153 -0.0605291 -0.0472772 255 0 0
0.4080856 -0.0619925 -0.0480485 255 0 0
0.4080712 -0.0633062 -0.0480046 255 0 0
0.4080580 -0.0646202 -0.0479626 255 0 0
0.4080449 -0.0659342 -0.0479206 255 0 0
0.4082728 -0.0673172 -0.0482843 255 0 0
0.4082597 -0.0686302 -0.0482423 255 0 0
0.4082464 -0.0699431 -0.0482003 255 0 0
0.4079921 -0.0711905 -0.0477525 255 0 0
0.4079789 -0.0725046 -0.0477105 255 0 0
0.4079657 -0.0738186 -0.0476685 255 0 0
0.4079525 -0.0751327 -0.0476264 255 0 0
0.4076977 -0.0763856 -0.0471777 255 0 0
0.4076845 -0.0777008 -0.0471356 255 0 0
0.4076713 -0.0790161 -0.0470936 255 0 0
0.4074160 -0.0802733 -0.0466439 255 0 0
0.4074028 -0.0815897 -0.0466019 255 0 0
0.4071471 -0.0828502 -0.0461515 255 0 0
0.4066475 -0.0840578 -0.0452906 255 0 0
0.4066343 -0.0853776 -0.0452484 255 0 0
0.4063773 -0.0866446 -0.0447958 255 0 0
0.4066078 -0.0880172 -0.0451641 255 0 0
0.4068380 -0.0893875 -0.0455317 255 0 0
0.4070677 -0.0907554 -0.0458987 255 0 0
0.4068115 -0.0920249 -0.0454473 255 0 0
0.4070413 -0.0933906 -0.0458145 255 0 0
0.4067850 -0.0946623 -0.0453630 255 0 0
0.4065284 -0.0959362 -0.0449108 255 0 0
0.4067586 -0.0972998 -0.0452787 255 0 0
0.4067453 -0.0986185 -0.0452365 255 0 0
0.4067321 -0.0999373 -0.0451943 255 0 0
0.4064754 -0.1012157 -0.0447420 255 0 0
0.4059738 -0.1024568 -0.0438772 255 0 0
0.4049790 -0.1036253 -0.0421813 255 0 0
0.3955312 -0.1062619 -0.0262037 255 0 0
0.3952546 -0.1075957 -0.0257169 255 0 0
0.3947136 -0.1088965 -0.0247847 255 0 0
0.3946998 -0.1102702 -0.0247408 255 0 0
0.3949639 0.0715598 -0.0252184 255 0 0
0.3978487 0.0680464 -0.0300583 255 0 0
0.4004227 0.0647869 -0.0343750 255 0 0
0.4032027 0.0614022 -0.0390391 255 0 0
0.4031892 0.0600560 -0.0389962 255 0 0
0.4031757 0.0587099 -0.0389530 255 0 0
0.4036646 0.0570064 -0.0397569 255 0 0
0.4041519 0.0553089 -0.0405579 255 0 0
0.4043882 0.0537921 -0.0409359 255 0 0
0.4043747 0.0524517 -0.0408930 255 0 0
0.4048596 0.0507664 -0.0416901 255 0 0
0.4048461 0.0494283 -0.0416472 255 0 0
0.4050812 0.0479205 -0.0420233 255 0 0
0.4053159 0.0464152 -0.0423989 255 0 0
0.4055501 0.0449126 -0.0427736 255 0 0
0.4055368 0.0435779 -0.0427310 255 0 0
0.4057706 0.0420790 -0.0431051 255 0 0
0.4057572 0.0407454 -0.0430625 255 0 0
0.4057438 0.0394119 -0.0430198 255 0 0
0.4059774 0.0379177 -0.0433935 255 0 0
0.4062104 0.0364262 -0.0437665 255 0 0
0.4064431 0.0349372 -0.0441388 255 0 0
0.4069195 0.0332955 -0.0449222 255 0 0
0.4069062 0.0319675 -0.0448797 255 0 0
0.4071377 0.0304861 -0.0452502 255 0 0
0.4073687 0.0290073 -0.0456200 255 0 0
0.4075995 0.0275309 -0.0459892 255 0 0
0.4075862 0.0262064 -0.0459468 255 0 0
0.4075729 0.0248818 -0.0459044 255 0 0
0.4078033 0.0234102 -0.0462731 255 0 0
0.4077900 0.0220868 -0.0462308 255 0 0
0.4077767 0.0207633 -0.0461884 255 0 0
0.4080066 0.0192964 -0.0465564 255 0 0
0.4079934 0.0179740 -0.0465142 255 0 0
0.4082230 0.0165108 -0.0468817 255 0 0
0.4079669 0.0153293 -0.0464296 255 0 0
0.4081964 0.0138683 -0.0467972 255 0 0
0.4081832 0.0125470 -0.0467549 255 0 0
0.4081699 0.0112258 -0.0467126 255 0 0
0.4079138 0.0100397 -0.0462604 255 0 0
0.4079005 0.0087173 -0.0462181 255 0 0
0.4081302 0.0072619 -0.0465859 255 0 0
0.4078740 0.0060725 -0.0461336 255 0 0
0.4081037 0.0046192 -0.0465014 255 0 0
0.4080904 0.0032979 -0.0464591 255 0 0
0.4080772 0.0019766 -0.0464168 255 0 0
0.4075775 0.0009102 -0.0455536 255 0 0
0.4078076 -0.0005399 -0.0459221 255 0 0
0.4075510 -0.0017371 -0.0454690 255 0 0
0.4072938 -0.0029363 -0.0450148 255 0 0
0.4070363 -0.0041375 -0.0445601 255 0 0
0.4065331 -0.0052181 -0.0436906 255 0 0
0.4060283 -0.0063024 -0.0428182 255 0 0
0.4055217 -0.0073903 -0.0419427 255 0 0
0.4047652 -0.0083613 -0.0406452 255 0 0
0.4037549 -0.0092167 -0.0389191 255 0 0
0.4034912 -0.0104380 -0.0384534 255 0 0
0.4037280 -0.0118985 -0.0388333 255 0 0
0.4034643 -0.0131221 -0.0383677 255 0 0
0.4034508 -0.0144642 -0.0383247 255 0 0
0.4031866 -0.0156911 -0.0378582 255 0 0
0.4034239 -0.0171483 -0.0382388 255 0 0
0.4034104 -0.0184905 -0.0381960 255 0 0
0.4033969 -0.0198326 -0.0381530 255 0 0
0.4033835 -0.0211747 -0.0381101 255 0 0
0.4031192 -0.0224075 -0.0376434 255 0 0
0.4033566 -0.0238590 -0.0380242 255 0 0
0.4033431 -0.0252011 -0.0379814 255 0 0
0.4035801 -0.0266489 -0.0383616 255 0 0
0.4035666 -0.0279899 -0.0383187 255 0 0
0.4035532 -0.0293310 -0.0382758 255 0 0
0.4035397 -0.0306720 -0.0382329 255 0 0
0.4035262 -0.0320130 -0.0381900 255 0 0
0.4037629 -0.0334538 -0.0385698 255 0 0
0.4037494 -0.0347937 -0.0385269 255 0 0
0.4037360 -0.0361336 -0.0384841 255 0 0
0.4039722 -0.0375695 -0.0388632 255 0 0
0.4042080 -0.0390030 -0.0392417 255 0 0
0.4044434 -0.0404340 -0.0396196 255 0 0
0.4041812 -0.0416783 -0.0391562 255 0 0
0.4044166 -0.0431070 -0.0395341 255 0 0
0.4048986 -0.0446226 -0.0403287 255 0 0
0.4051328 -0.0460451 -0.0407047 255 0 0
0.4056133 -0.0475521 -0.0414971 255 0 0
0.4058464 -0.0489685 -0.0418711 255 0 0
0.4060789 -0.0503825 -0.0422445 255 0 0
0.4068009 -0.0519597 -0.0434453 255 0 0
0.4075192 -0.0535289 -0.0446400 255 0 0
0.4075059 -0.0548506 -0.0445977 255 0 0
0.4079784 -0.0563299 -0.0453769 255 0 0
0.4084492 -0.0578042 -0.0461533 255 0 0
0.4086775 -0.0591975 -0.0465195 255 0 0
0.4093850 -0.0607374 -0.0476965 255 0 0
0.4091316 -0.0619769 -0.0472482 255 0 0
0.4093587 -0.0633632 -0.0476125 255 0 0
0.4093454 -0.0646761 -0.0475705 255 0 0
0.4093323 -0.0659890 -0.0475286 255 0 0
0.4093191 -0.0673020 -0.0474865 255 0 0
0.4093060 -0.0686149 -0.0474445 255 0 0
0.4092928 -0.0699279 -0.0474026 255 0 0
0.4092796 -0.0712408 -0.0473606 255 0 0
0.4090261 -0.0724893 -0.0469120 255 0 0
0.4087723 -0.0737399 -0.0464627 255 0 0
0.4087591 -0.0750551 -0.0464207 255 0 0
0.4087459 -0.0763704 -0.0463786 255 0 0
0.4087327 -0.0776856 -0.0463366 255 0 0
0.4084783 -0.0789417 -0.0458863 255 0 0
0.4084651 -0.0802581 -0.0458442 255 0 0
0.4079682 -0.0814603 -0.0449835 255 0 0
0.4077125 -0.0827229 -0.0445310 255 0 0
0.4074564 -0.0839876 -0.0440777 255 0 0
0.4071998 -0.0852544 -0.0436236 255 0 0
0.4074299 -0.0866294 -0.0439932 255 0 0
0.4079021 -0.0880536 -0.0447727 255 0 0
0.4078888 -0.0893723 -0.0447305 255 0 0
0.4078756 -0.0906910 -0.0446883 255 0 0
0.4078624 -0.0920097 -0.0446461 255 0 0
0.4078491 -0.0933285 -0.0446040 255 0 0
0.4078359 -0.0946472 -0.0445618 255 0 0
0.4078227 -0.0959659 -0.0445196 255 0 0
0.4078094 -0.0972847 -0.0444775 255 0 0
0.4077962 -0.0986034 -0.0444353 255 0 0
0.4077830 -0.0999222 -0.0443932 255 0 0
0.4077697 -0.1012410 -0.0443509 255 0 0
0.4070274 -0.1024418 -0.0430740 255 0 0
0.4052982 -0.1034941 -0.0401256 255 0 0
0.3968844 -0.1062838 -0.0258141 255 0 0
0.3963472 -0.1075801 -0.0248837 255 0 0
0.3960711 -0.1089162 -0.0243955 255 0 0
0.3960573 -0.1102887 -0.0243515 255 0 0
0.3963327 0.0713804 -0.0248257 255 0 0
0.3968474 0.0696074 -0.0256768 255 0 0
0.3976218 0.0676491 -0.0269681 255 0 0
0.4007239 0.0640041 -0.0322031 255 0 0
0.4040115 0.0602541 -0.0377528 255 0 0
0.4042489 0.0587265 -0.0381349 255 0 0
0.4047360 0.0570230 -0.0389401 255 0 0
0.4052214 0.0553254 -0.0397425 255 0 0
0.4052080 0.0539839 -0.0396996 255 0 0
0.4054434 0.0524682 -0.0400784 255 0 0
0.4056783 0.0509552 -0.0404565 255 0 0
0.4061604 0.0492739 -0.0412535 255 0 0
0.4061470 0.0479369 -0.0412107 255 0 0
0.4063808 0.0464317 -0.0415869 255 0 0
0.4066141 0.0449290 -0.0419624 255 0 0
0.4068471 0.0434289 -0.0423372 255 0 0
0.4065874 0.0422596 -0.0418770 255 0 0
0.4068203 0.0407618 -0.0422520 255 0 0
0.4070529 0.0392665 -0.0426262 255 0 0
0.4070396 0.0379341 -0.0425837 255 0 0
0.4075169 0.0362836 -0.0433730 255 0 0
0.4077471 0.0347967 -0.0437435 255 0 0
0.4079781 0.0333117 -0.0441152 255 0 0
0.4082087 0.0318291 -0.0444863 255 0 0
0.4084389 0.0303491 -0.0448567 255 0 0
0.4084256 0.0290234 -0.0448143 255 0 0
0.4086553 0.0275471 -0.0451841 255 0 0
0.4086421 0.0262225 -0.0451418 255 0 0
0.4086288 0.0248979 -0.0450994 255 0 0
0.4088582 0.0234263 -0.0454688 255 0 0
0.4090872 0.0219572 -0.0458374 255 0 0
0.4090740 0.0206348 -0.0457951 255 0 0
0.4090607 0.0193125 -0.0457528 255 0 0
0.4090475 0.0179901 -0.0457106 255 0 0
0.4092762 0.0165268 -0.0460787 255 0 0
0.4092629 0.0152056 -0.0460364 255 0 0
0.4090077 0.0140230 -0.0455836 255 0 0
0.4092364 0.0125630 -0.0459519 255 0 0
0.4089812 0.0113782 -0.0454991 255 0 0
0.4089679 0.0100557 -0.0454568 255 0 0
0.4089547 0.0087333 -0.0454145 255 0 0
0.4089414 0.0074109 -0.0453722 255 0 0
0.4091702 0.0059565 -0.0457406 255 0 0
0.4089149 0.0047659 -0.0452876 255 0 0
0.4089016 0.0034435 -0.0452453 255 0 0
0.4088883 0.0021210 -0.0452030 255 0 0
0.4091172 0.0006711 -0.0455716 255 0 0
0.4086193 -0.0003975 -0.0447069 255 0 0
0.4083631 -0.0015956 -0.0442521 255 0 0
0.4078627 -0.0026709 -0.0433829 255 0 0
0.4073606 -0.0037498 -0.0425107 255 0 0
0.4066108 -0.0047088 -0.0412180 255 0 0
0.4061043 -0.0057959 -0.0403382 255 0 0
0.4058437 -0.0070090 -0.0398759 255 0 0
0.4053346 -0.0081030 -0.0389916 255 0 0
0.4050727 -0.0093212 -0.0385269 255 0 0
0.4045609 -0.0104220 -0.0376379 255 0 0
0.4045475 -0.0117640 -0.0375950 255 0 0
0.4045340 -0.0131061 -0.0375521 255 0 0
0.4047700 -0.0145643 -0.0379327 255 0 0
0.4047565 -0.0159052 -0.0378898 255 0 0
0.4044936 -0.0171324 -0.0374233 255 0 0
0.4044802 -0.0184745 -0.0373804 255 0 0
0.4044667 -0.0198166 -0.0373375 255 0 0
0.4047027 -0.0212690 -0.0377182 255 0 0
0.4046893 -0.0226100 -0.0376754 255 0 0
0.4049249 -0.0240588 -0.0380555 255 0 0
0.4046624 -0.0252920 -0.0375896 255 0 0
0.4048980 -0.0267385 -0.0379698 255 0 0
0.4048846 -0.0280784 -0.0379270 255 0 0
0.4046220 -0.0293151 -0.0374609 255 0 0
0.4048577 -0.0307581 -0.0378413 255 0 0
0.4050930 -0.0321987 -0.0382210 255 0 0
0.4048308 -0.0334379 -0.0377555 255 0 0
0.4048174 -0.0347779 -0.0377128 255 0 0
0.4050527 -0.0362150 -0.0380925 255 0 0
0.4050393 -0.0375538 -0.0380498 255 0 0
0.4052741 -0.0389873 -0.0384289 255 0 0
0.4057561 -0.0405116 -0.0392281 255 0 0
0.4054953 -0.0417548 -0.0387647 255 0 0
0.4062220 -0.0433633 -0.0399799 255 0 0
0.4062086 -0.0446964 -0.0399373 255 0 0
0.4064415 -0.0461176 -0.0403132 255 0 0
0.4069194 -0.0476233 -0.0411057 255 0 0
0.4071511 -0.0490384 -0.0414796 255 0 0
0.4076266 -0.0505351 -0.0422680 255 0 0
0.4081004 -0.0520268 -0.0430538 255 0 0
0.4088148 -0.0535945 -0.0442486 255 0 0
0.4090433 -0.0549949 -0.0446172 255 0 0
0.4092714 -0.0563930 -0.0449854 255 0 0
0.4094991 -0.0577888 -0.0453529 255 0 0
0.4099666 -0.0592581 -0.0461281 255 0 0
0.4104313 -0.0607221 -0.0468987 255 0 0
0.4104182 -0.0620350 -0.0468568 255 0 0
0.4104050 -0.0633479 -0.0468147 255 0 0
0.4103918 -0.0646608 -0.0467728 255 0 0
0.4103786 -0.0659738 -0.0467307 255 0 0
0.4103655 -0.0672867 -0.0466888 255 0 0
0.4101129 -0.0685318 -0.0462396 255 0 0
0.4100998 -0.0698459 -0.0461976 255 0 0
0.4100866 -0.0711600 -0.0461556 255 0 0
0.4100734 -0.0724741 -0.0461136 255 0 0
0.4098204 -0.0737247 -0.0456635 255 0 0
0.4098072 -0.0750399 -0.0456215 255 0 0
0.4095537 -0.0762937 -0.0451706 255 0 0
0.4095405 -0.0776101 -0.0451286 255 0 0
0.4092866 -0.0788672 -0.0446770 255 0 0
0.4092734 -0.0801847 -0.0446348 255 0 0
0.4082932 -0.0812731 -0.0429473 255 0 0
0.4082799 -0.0825951 -0.0429049 255 0 0
0.4082666 -0.0839172 -0.0428627 255 0 0
0.4084958 -0.0852933 -0.0432329 255 0 0
0.4092073 -0.0867724 -0.0444241 255 0 0
0.4091941 -0.0880900 -0.0443820 255 0 0
0.4094217 -0.0894579 -0.0447497 255 0 0
0.4091677 -0.0907252 -0.0442977 255 0 0
0.4091545 -0.0920428 -0.0442556 255 0 0
0.4091412 -0.0933604 -0.0442134 255 0 0
0.4088868 -0.0946321 -0.0437606 255 0 0
0.4088736 -0.0959508 -0.0437184 255 0 0
0.4088604 -0.0972696 -0.0436763 255 0 0
0.4086054 -0.0985457 -0.0432226 255 0 0
0.4088339 -0.0999071 -0.0435919 255 0 0
0.4085790 -0.1011855 -0.0431382 255 0 0
0.4080810 -0.1024267 -0.0422707 255 0 0
0.4026123 -0.1042370 -0.0329193 255 0 0
0.3977146 -0.1062308 -0.0245389 255 0 0
0.3974400 -0.1075645 -0.0240507 255 0 0
0.3974262 -0.1089358 -0.0240068 255 0 0
0.3984731 0.0692362 -0.0257313 255 0 0
0.3984592 0.0678577 -0.0256872 255 0 0
0.3989672 0.0660981 -0.0265319 255 0 0
0.4048351 0.0604526 -0.0365072 255 0 0
0.4055717 0.0585632 -0.0377418 255 0 0
0.4060561 0.0568614 -0.0385469 255 0 0
0.4062909 0.0553420 -0.0389271 255 0 0
0.4062775 0.0540004 -0.0388842 255 0 0
0.4065120 0.0524847 -0.0392637 255 0 0
0.4064985 0.0511443 -0.0392208 255 0 0
0.4072263 0.0492903 -0.0404409 255 0 0
0.4072129 0.0479534 -0.0403981 255 0 0
0.4076915 0.0462801 -0.0411939 255 0 0
0.4076782 0.0449453 -0.0411512 255 0 0
0.4079102 0.0434452 -0.0415267 255 0 0
0.4078968 0.0421117 -0.0414841 255 0 0
0.4081285 0.0406153 -0.0418591 255 0 0
0.4081151 0.0392828 -0.0418165 255 0 0
0.4083464 0.0377901 -0.0421908 255 0 0
0.4085772 0.0362999 -0.0425645 255 0 0
0.4088077 0.0348123 -0.0429375 255 0 0
0.4092797 0.0331721 -0.0437223 255 0 0
0.4092664 0.0318453 -0.0436799 255 0 0
0.4094956 0.0303653 -0.0440510 255 0 0
0.4094824 0.0290396 -0.0440086 255 0 0
0.4097113 0.0275632 -0.0443791 255 0 0
0.4099398 0.0260893 -0.0447491 255 0 0
0.4096847 0.0249140 -0.0442944 255 0 0
0.4096714 0.0235894 -0.0442520 255 0 0
0.4099000 0.0221189 -0.0446222 255 0 0
0.4101281 0.0206509 -0.0449915 255 0 0
0.4101149 0.0193285 -0.0449492 255 0 0
0.4101016 0.0180061 -0.0449069 255 0 0
0.4103294 0.0165428 -0.0452757 255 0 0
0.4100751 0.0153614 -0.0448222 255 0 0
0.4100618 0.0140390 -0.0447800 255 0 0
0.4102897 0.0125790 -0.0451489 255 0 0
0.4100353 0.0113941 -0.0446954 255 0 0
0.4100221 0.0100717 -0.0446531 255 0 0
0.4102499 0.0086151 -0.0450221 255 0 0
0.4099956 0.0074268 -0.0445685 255 0 0
0.4099823 0.0061043 -0.0445262 255 0 0
0.4099690 0.0047819 -0.0444839 255 0 0
0.4097142 0.0035893 -0.0440295 255 0 0
0.4097010 0.0022656 -0.0439872 255 0 0
0.4096877 0.0009420 -0.0439448 255 0 0
0.4091899 -0.0001280 -0.0430757 255 0 0
0.4091766 -0.0014539 -0.0430333 255 0 0
0.4086772 -0.0025298 -0.0421613 255 0 0
0.4076865 -0.0033601 -0.0404507 255 0 0
0.4071819 -0.0044449 -0.0395696 255 0 0
0.4069222 -0.0056568 -0.0391066 255 0 0
0.4064150 -0.0067484 -0.0382209 255 0 0
0.4064015 -0.0080869 -0.0381781 255 0 0
0.4061406 -0.0093052 -0.0377127 255 0 0
0.4058791 -0.0105255 -0.0372464 255 0 0
0.4058656 -0.0118665 -0.0372036 255 0 0
0.4056037 -0.0130901 -0.0367365 255 0 0
0.4058388 -0.0145483 -0.0371177 255 0 0
0.4058253 -0.0158892 -0.0370749 255 0 0
0.4058119 -0.0172302 -0.0370320 255 0 0
0.4060465 -0.0186836 -0.0374127 255 0 0
0.4057850 -0.0199121 -0.0369462 255 0 0
0.4055230 -0.0211428 -0.0364789 255 0 0
0.4057581 -0.0225941 -0.0368604 255 0 0
0.4059928 -0.0240429 -0.0372413 255 0 0
0.4059793 -0.0253827 -0.0371984 255 0 0
0.4059659 -0.0267226 -0.0371556 255 0 0
0.4059525 -0.0280625 -0.0371128 255 0 0
0.4059390 -0.0294024 -0.0370699 255 0 0
0.4061734 -0.0308441 -0.0374503 255 0 0
0.4061600 -0.0321829 -0.0374075 255 0 0
0.4061466 -0.0335216 -0.0373646 255 0 0
0.4061331 -0.0348604 -0.0373219 255 0 0
0.4063671 -0.0362962 -0.0377016 255 0 0
0.4063537 -0.0376339 -0.0376588 255 0 0
0.4065872 -0.0390661 -0.0380380 255 0 0
0.4068204 -0.0404958 -0.0384166 255 0 0
0.4070521 -0.0419227 -0.0387926 255 0 0
0.4070387 -0.0432570 -0.0387499 255 0 0
0.4075164 -0.0447700 -0.0395464 255 0 0
0.4077480 -0.0461901 -0.0399224 255 0 0
0.4082232 -0.0476942 -0.0407148 255 0 0
0.4084536 -0.0491081 -0.0410888 255 0 0
0.4089265 -0.0506035 -0.0418772 255 0 0
0.4091557 -0.0520113 -0.0422493 255 0 0
0.4096261 -0.0534979 -0.0430337 255 0 0
0.4100949 -0.0549795 -0.0438154 255 0 0
0.4105622 -0.0564561 -0.0445945 255 0 0
0.4107886 -0.0578506 -0.0449621 255 0 0
0.4110147 -0.0592427 -0.0453290 255 0 0
0.4112403 -0.0606325 -0.0456952 255 0 0
0.4114645 -0.0620197 -0.0460590 255 0 0
0.4114513 -0.0633326 -0.0460170 255 0 0
0.4116763 -0.0647167 -0.0463821 255 0 0
0.4116631 -0.0660285 -0.0463401 255 0 0
0.4114118 -0.0672714 -0.0458910 255 0 0
0.4113987 -0.0685844 -0.0458491 255 0 0
0.4111470 -0.0698306 -0.0453992 255 0 0
0.4113724 -0.0712104 -0.0457651 255 0 0
0.4108817 -0.0723942 -0.0449064 255 0 0
0.4106292 -0.0736458 -0.0444551 255 0 0
0.4106160 -0.0749621 -0.0444129 255 0 0
0.4106028 -0.0762785 -0.0443708 255 0 0
0.4101095 -0.0774740 -0.0435076 255 0 0
0.4100963 -0.0787926 -0.0434655 255 0 0
0.4096014 -0.0799944 -0.0425993 255 0 0
0.4091048 -0.0812003 -0.0417301 255 0 0
0.4093334 -0.0825799 -0.0421017 255 0 0
0.4095617 -0.0839571 -0.0424726 255 0 0
0.4105104 -0.0854934 -0.0440761 255 0 0
0.4102573 -0.0867573 -0.0436236 255 0 0
0.4104840 -0.0881263 -0.0439919 255 0 0
0.4104708 -0.0894428 -0.0439498 255 0 0
0.4104576 -0.0907593 -0.0439077 255 0 0
0.4102045 -0.0920277 -0.0434550 255 0 0
0.4101913 -0.0933453 -0.0434129 255 0 0
0.4101781 -0.0946629 -0.0433707 255 0 0
0.4099245 -0.0959357 -0.0429172 255 0 0
0.4101516 -0.0972982 -0.0432864 255 0 0
0.4098980 -0.0985733 -0.0428328 255 0 0
0.4098848 -0.0998921 -0.0427907 255 0 0
0.4098716 -0.1012109 -0.0427485 255 0 0
0.4091346 -0.1024116 -0.0414674 255 0 0
0.3998554 -0.1049996 -0.0255227 255 0 0
0.3995835 -0.1063275 -0.0250371 255 0 0
0.3987927 -0.1075853 -0.0236627 255 0 0
0.3985189 -0.1089202 -0.0231737 255 0 0
0.3995582 0.0678747 -0.0248494 255 0 0
0.3995444 0.0664963 -0.0248052 255 0 0
0.4008285 0.0641721 -0.0269840 255 0 0
0.4061463 0.0589401 -0.0360718 255 0 0
0.4071266 0.0568780 -0.0377308 255 0 0
0.4073605 0.0553585 -0.0381117 255 0 0
0.4070997 0.0541925 -0.0376450 255 0 0
0.4075806 0.0525012 -0.0384489 255 0 0
0.4078137 0.0509882 -0.0388285 255 0 0
0.4080464 0.0494777 -0.0392073 255 0 0
0.4085241 0.0478003 -0.0400058 255 0 0
0.4085107 0.0464645 -0.0399631 255 0 0
0.4087422 0.0449618 -0.0403400 255 0 0
0.4087288 0.0436270 -0.0402973 255 0 0
0.4089600 0.0421281 -0.0406735 255 0 0
0.4091907 0.0406315 -0.0410493 255 0 0
0.4094211 0.0391377 -0.0414242 255 0 0
0.4094077 0.0378064 -0.0413817 255 0 0
0.4101219 0.0360000 -0.0425859 255 0 0
0.4101086 0.0346721 -0.0425434 255 0 0
0.4100953 0.0333441 -0.0425010 255 0 0
0.4103241 0.0318615 -0.0428735 255 0 0
0.4105525 0.0303814 -0.0432453 255 0 0
0.4105392 0.0290558 -0.0432028 255 0 0
0.4107672 0.0275793 -0.0435741 255 0 0
0.4109948 0.0261054 -0.0439447 255 0 0
0.4109816 0.0247819 -0.0439024 255 0 0
0.4107274 0.0236056 -0.0434470 255 0 0
0.4111955 0.0219893 -0.0442301 255 0 0
0.4111823 0.0206669 -0.0441878 255 0 0
0.4111690 0.0193446 -0.0441455 255 0 0
0.4111558 0.0180222 -0.0441031 255 0 0
0.4111425 0.0166998 -0.0440609 255 0 0
0.4111293 0.0153774 -0.0440186 255 0 0
0.4111160 0.0140550 -0.0439762 255 0 0
0.4113429 0.0125950 -0.0443459 255 0 0
0.4110895 0.0114101 -0.0438917 255 0 0
0.4110762 0.0100877 -0.0438494 255 0 0
0.4110630 0.0087652 -0.0438071 255 0 0
0.4108091 0.0075760 -0.0433521 255 0 0
0.4107958 0.0062524 -0.0433097 255 0 0
0.4110232 0.0047978 -0.0436802 255 0 0
0.4105282 0.0037354 -0.0428114 255 0 0
0.4102734 0.0025398 -0.0423548 255 0 0
0.4105016 0.0010858 -0.0427266 255 0 0
0.4095198 0.0002701 -0.0410225 255 0 0
0.4097492 -0.0011857 -0.0413965 255 0 0
0.4090063 -0.0021373 -0.0401021 255 0 0
0.4082594 -0.0030938 -0.0388010 255 0 0
0.4077550 -0.0041800 -0.0379155 255 0 0
0.4077416 -0.0055174 -0.0378728 255 0 0
0.4074819 -0.0067323 -0.0374075 255 0 0
0.4074685 -0.0080709 -0.0373647 255 0 0
0.4072084 -0.0092892 -0.0368985 255 0 0
0.4069479 -0.0105095 -0.0364316 255 0 0
0.4069345 -0.0118504 -0.0363886 255 0 0
0.4071682 -0.0133085 -0.0367700 255 0 0
0.4071547 -0.0146482 -0.0367270 255 0 0
0.4068941 -0.0158733 -0.0362600 255 0 0
0.4071279 -0.0173278 -0.0366414 255 0 0
0.4071144 -0.0186676 -0.0365985 255 0 0
0.4071010 -0.0200075 -0.0365556 255 0 0
0.4073344 -0.0214572 -0.0369365 255 0 0
0.4070741 -0.0226871 -0.0364699 255 0 0
0.4073075 -0.0241346 -0.0368508 255 0 0
0.4072941 -0.0254733 -0.0368080 255 0 0
0.4072807 -0.0268121 -0.0367652 255 0 0
0.4075137 -0.0282548 -0.0371455 255 0 0
0.4072539 -0.0294895 -0.0366796 255 0 0
0.4072405 -0.0308283 -0.0366368 255 0 0
0.4074734 -0.0322676 -0.0370171 255 0 0
0.4074601 -0.0336052 -0.0369744 255 0 0
0.4074466 -0.0349428 -0.0369315 255 0 0
0.4076793 -0.0363773 -0.0373114 255 0 0
0.4076658 -0.0377138 -0.0372686 255 0 0
0.4078981 -0.0391448 -0.0376479 255 0 0
0.4078847 -0.0404801 -0.0376051 255 0 0
0.4083603 -0.0419988 -0.0384024 255 0 0
0.4083470 -0.0433320 -0.0383598 255 0 0
0.4088220 -0.0448436 -0.0391563 255 0 0
0.4088087 -0.0461744 -0.0391137 255 0 0
0.4092821 -0.0476786 -0.0399075 255 0 0
0.4097539 -0.0491777 -0.0406986 255 0 0
0.4102242 -0.0506717 -0.0414871 255 0 0
0.4102109 -0.0519958 -0.0414447 255 0 0
0.4109200 -0.0535636 -0.0426436 255 0 0
0.4113862 -0.0550438 -0.0434253 255 0 0
0.4116121 -0.0564407 -0.0437941 255 0 0
0.4118376 -0.0578352 -0.0441623 255 0 0
0.4120628 -0.0592274 -0.0445299 255 0 0
0.4120496 -0.0605425 -0.0444878 255 0 0
0.4122744 -0.0619313 -0.0448548 255 0 0
0.4122601 -0.0632450 -0.0448109 255 0 0
0.4122470 -0.0645590 -0.0447688 255 0 0
0.4124714 -0.0659432 -0.0451352 255 0 0
0.4124582 -0.0672562 -0.0450932 255 0 0
0.4122075 -0.0685013 -0.0446427 255 0 0
0.4121943 -0.0698154 -0.0446007 255 0 0
0.4121811 -0.0711295 -0.0445587 255 0 0
0.4121679 -0.0724436 -0.0445166 255 0 0
0.4119167 -0.0736942 -0.0440652 255 0 0
0.4116651 -0.0749469 -0.0436131 255 0 0
0.4114129 -0.0762017 -0.0431601 255 0 0
0.4111604 -0.0774587 -0.0427065 255 0 0
0.4104146 -0.0799208 -0.0413849 255 0 0
0.4101592 -0.0811850 -0.0409262 255 0 0
0.4103870 -0.0825646 -0.0412984 255 0 0
0.4110943 -0.0840520 -0.0424955 255 0 0
0.4117981 -0.0855319 -0.0436866 255 0 0
0.4117849 -0.0868472 -0.0436445 255 0 0
0.4115331 -0.0881112 -0.0431920 255 0 0
0.4115199 -0.0894277 -0.0431499 255 0 0
0.4112677 -0.0906949 -0.0426966 255 0 0
0.4112544 -0.0920125 -0.0426544 255 0 0
0.4110018 -0.0932831 -0.0422003 255 0 0
0.4109886 -0.0946019 -0.0421581 255 0 0
0.4109754 -0.0959206 -0.0421159 255 0 0
0.4107223 -0.0971956 -0.0416610 255 0 0
0.4109489 -0.0985582 -0.0420316 255 0 0
0.4109357 -0.0998770 -0.0419894 255 0 0
0.4106826 -0.1011554 -0.0415343 255 0 0
0.4047733 -0.1028588 -0.0313251 255 0 0
0.4014688 -0.1036979 -0.0256179 255 0 0
0.4011989 -0.1050223 -0.0251332 255 0 0
0.4001429 -0.1076060 -0.0232753 255 0 0
0.4009020 0.0663230 -0.0244126 255 0 0
0.4019226 0.0641891 -0.0261497 255 0 0
0.4031917 0.0618844 -0.0283149 255 0 0
0.4072070 0.0576093 -0.0352097 255 0 0
0.4081836 0.0555518 -0.0368718 255 0 0
0.4081701 0.0542091 -0.0368288 255 0 0
0.4084032 0.0526919 -0.0372105 255 0 0
0.4091267 0.0508323 -0.0384368 255 0 0
0.4093581 0.0493232 -0.0388156 255 0 0
0.4095891 0.0478167 -0.0391938 255 0 0
0.4095757 0.0464809 -0.0391512 255 0 0
0.4095623 0.0451450 -0.0391084 255 0 0
0.4097929 0.0436434 -0.0394860 255 0 0
0.4102663 0.0419804 -0.0402820 255 0 0
0.4102530 0.0406479 -0.0402394 255 0 0
0.4104824 0.0391540 -0.0406151 255 0 0
0.4104691 0.0378227 -0.0405725 255 0 0
0.4111806 0.0360162 -0.0417788 255 0 0
0.4111672 0.0346883 -0.0417363 255 0 0
0.4116359 0.0330490 -0.0425243 255 0 0
0.4118630 0.0315692 -0.0428962 255 0 0
0.4116093 0.0303976 -0.0424395 255 0 0
0.4115960 0.0290719 -0.0423971 255 0 0
0.4118231 0.0275955 -0.0427690 255 0 0
0.4120499 0.0261215 -0.0431404 255 0 0
0.4120366 0.0247980 -0.0430980 255 0 0
0.4120234 0.0234745 -0.0430557 255 0 0
0.4120101 0.0221511 -0.0430134 255 0 0
0.4122365 0.0206830 -0.0433841 255 0 0
0.4122232 0.0193606 -0.0433418 255 0 0
0.4122099 0.0180382 -0.0432995 255 0 0
0.4121967 0.0167158 -0.0432571 255 0 0
0.4121834 0.0153934 -0.0432149 255 0 0
0.4121702 0.0140710 -0.0431726 255 0 0
0.4121569 0.0127486 -0.0431303 255 0 0
0.4121437 0.0114261 -0.0430880 255 0 0
0.4118907 0.0102392 -0.0426323 255 0 0
0.4121172 0.0087812 -0.0430034 255 0 0
0.4118642 0.0075920 -0.0425476 255 0 0
0.4116108 0.0064008 -0.0420911 255 0 0
0.4113569 0.0052075 -0.0416338 255 0 0
0.4113436 0.0038816 -0.0415914 255 0 0
0.4110893 0.0026852 -0.0411333 255 0 0
0.4105928 0.0016154 -0.0402572 255 0 0
0.4100944 0.0005420 -0.0393780 255 0 0
0.4098380 -0.0006625 -0.0389160 255 0 0
0.4093370 -0.0017427 -0.0380323 255 0 0
0.4090793 -0.0029523 -0.0375679 255 0 0
0.4088210 -0.0041640 -0.0371027 255 0 0
0.4088076 -0.0055014 -0.0370600 255 0 0
0.4085489 -0.0067163 -0.0365940 255 0 0
0.4082898 -0.0079334 -0.0361272 255 0 0
0.4082763 -0.0092731 -0.0360843 255 0 0
0.4080168 -0.0104935 -0.0356167 255 0 0
0.4080033 -0.0118344 -0.0355737 255 0 0
0.4082361 -0.0132925 -0.0359558 255 0 0
0.4082227 -0.0146323 -0.0359129 255 0 0
0.4084550 -0.0160866 -0.0362942 255 0 0
0.4084416 -0.0174253 -0.0362515 255 0 0
0.4084282 -0.0187640 -0.0362086 255 0 0
0.4081690 -0.0199915 -0.0357414 255 0 0
0.4081555 -0.0213314 -0.0356986 255 0 0
0.4083880 -0.0227800 -0.0360802 255 0 0
0.4086200 -0.0242262 -0.0364610 255 0 0
0.4086066 -0.0255638 -0.0364183 255 0 0
0.4085931 -0.0269013 -0.0363754 255 0 0
0.4085798 -0.0282389 -0.0363327 255 0 0
0.4085664 -0.0295765 -0.0362898 255 0 0
0.4085530 -0.0309141 -0.0362471 255 0 0
0.4085396 -0.0322517 -0.0362042 255 0 0
0.4087713 -0.0336886 -0.0365848 255 0 0
0.4087579 -0.0350251 -0.0365420 255 0 0
0.4087445 -0.0363616 -0.0364993 255 0 0
0.4087311 -0.0376981 -0.0364565 255 0 0
0.4092067 -0.0392233 -0.0372583 255 0 0
0.4094362 -0.0406501 -0.0376350 255 0 0
0.4094228 -0.0419832 -0.0375924 255 0 0
0.4098960 -0.0434971 -0.0383901 255 0 0
0.4101254 -0.0449170 -0.0387668 255 0 0
0.4103543 -0.0463345 -0.0391427 255 0 0
0.4103410 -0.0476631 -0.0391002 255 0 0
0.4108110 -0.0491622 -0.0398927 255 0 0
0.4112795 -0.0506562 -0.0406825 255 0 0
0.4115064 -0.0520628 -0.0410552 255 0 0
0.4119725 -0.0535481 -0.0418411 255 0 0
0.4124369 -0.0550283 -0.0426241 255 0 0
0.4126620 -0.0564253 -0.0429936 255 0 0
0.4128866 -0.0578198 -0.0433625 255 0 0
0.4131109 -0.0592120 -0.0437307 255 0 0
0.4133348 -0.0606019 -0.0440983 255 0 0
0.4135573 -0.0619891 -0.0444634 255 0 0
0.4135441 -0.0633020 -0.0444214 255 0 0
0.4135309 -0.0646150 -0.0443794 255 0 0
0.4135178 -0.0659280 -0.0443374 255 0 0
0.4135046 -0.0672409 -0.0442955 255 0 0
0.4130176 -0.0684180 -0.0434344 255 0 0
0.4132416 -0.0698001 -0.0438022 255 0 0
0.4129913 -0.0710485 -0.0433502 255 0 0
0.4132153 -0.0724284 -0.0437182 255 0 0
0.4129649 -0.0736790 -0.0432661 255 0 0
0.4129517 -0.0749942 -0.0432240 255 0 0
0.4122245 -0.0761248 -0.0419474 255 0 0
0.4112413 -0.0785237 -0.0402088 255 0 0
0.4109876 -0.0797881 -0.0397506 255 0 0
0.4112137 -0.0811698 -0.0401222 255 0 0
0.4123969 -0.0827742 -0.0421489 255 0 0
0.4126218 -0.0841466 -0.0425185 255 0 0
0.4128463 -0.0855167 -0.0428874 255 0 0
0.4130704 -0.0868845 -0.0432557 255 0 0
0.4125822 -0.0880961 -0.0423921 255 0 0
0.4125690 -0.0894126 -0.0423500 255 0 0
0.4123177 -0.0906798 -0.0418960 255 0 0
0.4123045 -0.0919974 -0.0418539 255 0 0
0.4120527 -0.0932680 -0.0413990 255 0 0
0.4122781 -0.0946327 -0.0417696 255 0 0
0.4115479 -0.0958156 -0.0404871 255 0 0
0.4117741 -0.0971805 -0.0408590 255 0 0
0.4117608 -0.0985004 -0.0408168 255 0 0
0.4115082 -0.0997787 -0.0403603 255 0 0
0.4110148 -0.1010185 -0.0394873 255 0 0
0.4025685 -0.1023195 -0.0248334 255 0 0
0.4025549 -0.1036823 -0.0247899 255 0 0
0.4025412 -0.1050452 -0.0247463 255 0 0
0.4020165 -0.1063336 -0.0238181 255 0 0
0.4030168 0.0642060 -0.0253156 255 0 0
0.4032595 0.0626465 -0.0257158 255 0 0
0.4047754 0.0601667 -0.0283205 255 0 0
0.4094996 0.0553916 -0.0364808 255 0 0
0.4097313 0.0538747 -0.0368623 255 0 0
0.4094728 0.0527084 -0.0363950 255 0 0
0.4104373 0.0506766 -0.0380458 255 0 0
0.4104239 0.0493397 -0.0380030 255 0 0
0.4106540 0.0478331 -0.0383819 255 0 0
0.4108837 0.0463292 -0.0387602 255 0 0
0.4108704 0.0449945 -0.0387175 255 0 0
0.4110997 0.0434943 -0.0390951 255 0 0
0.4113286 0.0419967 -0.0394722 255 0 0
0.4115571 0.0405016 -0.0398485 255 0 0
0.4117852 0.0390091 -0.0402242 255 0 0
0.4122525 0.0373604 -0.0410142 255 0 0
0.4122392 0.0360324 -0.0409717 255 0 0
0.4127060 0.0343908 -0.0417610 255 0 0
0.4126927 0.0330652 -0.0417186 255 0 0
0.4126794 0.0317395 -0.0416762 255 0 0
0.4131447 0.0301080 -0.0424630 255 0 0
0.4128923 0.0289362 -0.0420064 255 0 0
0.4131182 0.0274611 -0.0423783 255 0 0
0.4131050 0.0261376 -0.0423360 255 0 0
0.4130917 0.0248141 -0.0422936 255 0 0
0.4128393 0.0236378 -0.0418369 255 0 0
0.4130651 0.0221671 -0.0422090 255 0 0
0.4130519 0.0208436 -0.0421667 255 0 0
0.4132774 0.0193767 -0.0425381 255 0 0
0.4132641 0.0180543 -0.0424958 255 0 0
0.4130121 0.0168731 -0.0420396 255 0 0
0.4132376 0.0154094 -0.0424112 255 0 0
0.4132244 0.0140870 -0.0423689 255 0 0
0.4129723 0.0129024 -0.0419126 255 0 0
0.4129591 0.0115788 -0.0418703 255 0 0
0.4129458 0.0102552 -0.0418279 255 0 0
0.4129326 0.0089316 -0.0417856 255 0 0
0.4126800 0.0077415 -0.0413283 255 0 0
0.4126668 0.0064168 -0.0412860 255 0 0
0.4121737 0.0053553 -0.0404117 255 0 0
0.4114377 0.0044214 -0.0391158 255 0 0
0.4116657 0.0029607 -0.0394917 255 0 0
0.4109270 0.0020190 -0.0381913 255 0 0
0.4106710 0.0008148 -0.0377278 255 0 0
0.4101712 -0.0002638 -0.0368414 255 0 0
0.4101578 -0.0016000 -0.0367987 255 0 0
0.4096561 -0.0026846 -0.0359090 255 0 0
0.4096428 -0.0040231 -0.0358662 255 0 0
0.4096293 -0.0053617 -0.0358233 255 0 0
0.4098603 -0.0068228 -0.0362044 255 0 0
0.4096025 -0.0080389 -0.0357377 255 0 0
0.4095891 -0.0093775 -0.0356949 255 0 0
0.4095757 -0.0107161 -0.0356520 255 0 0
0.4095623 -0.0120548 -0.0356092 255 0 0
0.4095488 -0.0133934 -0.0355664 255 0 0
0.4097799 -0.0148476 -0.0359477 255 0 0
0.4097665 -0.0161851 -0.0359049 255 0 0
0.4097531 -0.0175226 -0.0358621 255 0 0
0.4097397 -0.0188601 -0.0358193 255 0 0
0.4097263 -0.0201977 -0.0357765 255 0 0
0.4099570 -0.0216448 -0.0361573 255 0 0
0.4096995 -0.0228728 -0.0356910 255 0 0
0.4099303 -0.0243176 -0.0360719 255 0 0
0.4099168 -0.0256540 -0.0360291 255 0 0
0.4099035 -0.0269905 -0.0359864 255 0 0
0.4101337 -0.0284306 -0.0363666 255 0 0
0.4098767 -0.0296634 -0.0359009 255 0 0
0.4098633 -0.0309998 -0.0358581 255 0 0
0.4100937 -0.0324365 -0.0362385 255 0 0
0.4098365 -0.0336728 -0.0357726 255 0 0
0.4103102 -0.0352049 -0.0365756 255 0 0
0.4102969 -0.0365391 -0.0365329 255 0 0
0.4102835 -0.0378734 -0.0364902 255 0 0
0.4105121 -0.0393013 -0.0368676 255 0 0
0.4107412 -0.0407272 -0.0372461 255 0 0
0.4109701 -0.0421507 -0.0376240 255 0 0
0.4109567 -0.0434815 -0.0375814 255 0 0
0.4111852 -0.0449014 -0.0379588 255 0 0
0.4114132 -0.0463189 -0.0383354 255 0 0
0.4118814 -0.0478203 -0.0391292 255 0 0
0.4121083 -0.0492317 -0.0395039 255 0 0
0.4123348 -0.0506407 -0.0398780 255 0 0
0.4127998 -0.0521297 -0.0406664 255 0 0
0.4130251 -0.0535326 -0.0410385 255 0 0
0.4134878 -0.0550129 -0.0418229 255 0 0
0.4137119 -0.0564099 -0.0421931 255 0 0
0.4139357 -0.0578045 -0.0425627 255 0 0
0.4141591 -0.0591967 -0.0429316 255 0 0
0.4141459 -0.0605119 -0.0428895 255 0 0
0.4143679 -0.0619003 -0.0432560 255 0 0
0.4145905 -0.0632867 -0.0436236 255 0 0
0.4143415 -0.0645285 -0.0431719 255 0 0
0.4143284 -0.0658425 -0.0431298 255 0 0
0.4143152 -0.0671566 -0.0430878 255 0 0
0.4143021 -0.0684708 -0.0430458 255 0 0
0.4142889 -0.0697849 -0.0430037 255 0 0
0.4142757 -0.0710990 -0.0429617 255 0 0
0.4140263 -0.0723485 -0.0425090 255 0 0
0.4140131 -0.0736637 -0.0424669 255 0 0
0.4135261 -0.0748537 -0.0416012 255 0 0
0.4125482 -0.0772463 -0.0398629 255 0 0
0.4120562 -0.0784485 -0.0389884 255 0 0
0.4122826 -0.0798316 -0.0393625 255 0 0
0.4136973 -0.0814985 -0.0418028 255 0 0
0.4141573 -0.0829267 -0.0425833 255 0 0
0.4139077 -0.0841862 -0.0421303 255 0 0
0.4138946 -0.0855016 -0.0420882 255 0 0
0.4138814 -0.0868170 -0.0420462 255 0 0
0.4136313 -0.0880809 -0.0415922 255 0 0
0.4133810 -0.0893470 -0.0411376 255 0 0
0.4133677 -0.0906647 -0.0410954 255 0 0
0.4131169 -0.0919341 -0.0406399 255 0 0
0.4133414 -0.0933000 -0.0410112 255 0 0
0.4130905 -0.0945716 -0.0405556 255 0 0
0.4128392 -0.0958455 -0.0400993 255 0 0
0.4125874 -0.0971215 -0.0396422 255 0 0
0.4123352 -0.0983997 -0.0391843 255 0 0
0.4123220 -0.0997219 -0.0391420 255 0 0
0.4101397 -0.1006755 -0.0353265 255 0 0
0.4044149 -0.1024260 -0.0253282 255 0 0
0.4041483 -0.1037458 -0.0248445 255 0 0
0.4038812 -0.1050680 -0.0243599 255 0 0
0.4038675 -0.1064297 -0.0243164 255 0 0
0.4051144 0.0621056 -0.0262083 255 0 0
0.4053567 0.0605518 -0.0266101 255 0 0
0.4103246 0.0555850 -0.0352395 255 0 0
0.4108000 0.0538912 -0.0360476 255 0 0
0.4110304 0.0523769 -0.0364292 255 0 0
0.4115033 0.0506931 -0.0372331 255 0 0
0.4119724 0.0490166 -0.0380305 255 0 0
0.4122007 0.0475130 -0.0384087 255 0 0
0.4121895 0.0461779 -0.0383698 255 0 0
0.4121762 0.0448443 -0.0383272 255 0 0
0.4124042 0.0433455 -0.0387049 255 0 0
0.4126318 0.0418493 -0.0390819 255 0 0
0.4126184 0.0405180 -0.0390393 255 0 0
0.4130858 0.0388645 -0.0398340 255 0 0
0.4133122 0.0373759 -0.0402090 255 0 0
0.4135372 0.0358905 -0.0405816 255 0 0
0.4137628 0.0344070 -0.0409553 255 0 0
0.4139881 0.0329261 -0.0413285 255 0 0
0.4139748 0.0316015 -0.0412861 255 0 0
0.4141998 0.0301241 -0.0416586 255 0 0
0.4139483 0.0289523 -0.0412013 255 0 0
0.4139350 0.0276277 -0.0411589 255 0 0
0.4141600 0.0261537 -0.0415316 255 0 0
0.4143845 0.0246822 -0.0419036 255 0 0
0.4138952 0.0236539 -0.0410317 255 0 0
0.4141203 0.0221832 -0.0414046 255 0 0
0.4141070 0.0208597 -0.0413622 255 0 0
0.4140937 0.0195362 -0.0413199 255 0 0
0.4140805 0.0182126 -0.0412775 255 0 0
0.4140672 0.0168891 -0.0412352 255 0 0
0.4142918 0.0154254 -0.0416074 255 0 0
0.4142786 0.0141030 -0.0415651 255 0 0
0.4140274 0.0129184 -0.0411081 255 0 0
0.4140142 0.0115948 -0.0410658 255 0 0
0.4135239 0.0105430 -0.0401919 255 0 0
0.4137493 0.0090823 -0.0405656 255 0 0
0.4132582 0.0080253 -0.0396901 255 0 0
0.4132449 0.0066983 -0.0396476 255 0 0
0.4125116 0.0057678 -0.0383498 255 0 0
0.4122574 0.0045689 -0.0378872 255 0 0
0.4120028 0.0033678 -0.0374240 255 0 0
0.4112631 0.0024248 -0.0361148 255 0 0
0.4112497 0.0010885 -0.0360720 255 0 0
0.4109933 -0.0001197 -0.0356055 255 0 0
0.4109799 -0.0014571 -0.0355628 255 0 0
0.4109665 -0.0027945 -0.0355200 255 0 0
0.4109532 -0.0041319 -0.0354772 255 0 0
0.4109398 -0.0054693 -0.0354344 255 0 0
0.4109264 -0.0068068 -0.0353916 255 0 0
0.4106695 -0.0080229 -0.0349241 255 0 0
0.4106562 -0.0093615 -0.0348814 255 0 0
0.4108862 -0.0108192 -0.0352633 255 0 0
0.4108728 -0.0121566 -0.0352204 255 0 0
0.4108594 -0.0134941 -0.0351777 255 0 0
0.4108460 -0.0148316 -0.0351349 255 0 0
0.4113185 -0.0163974 -0.0359397 255 0 0
0.4110624 -0.0176197 -0.0354735 255 0 0
0.4110490 -0.0189561 -0.0354308 255 0 0
0.4110356 -0.0202925 -0.0353880 255 0 0
0.4110222 -0.0216289 -0.0353453 255 0 0
0.4112516 -0.0230736 -0.0357261 255 0 0
0.4112382 -0.0244089 -0.0356834 255 0 0
0.4114672 -0.0258499 -0.0360636 255 0 0
0.4112115 -0.0270794 -0.0355979 255 0 0
0.4111981 -0.0284147 -0.0355552 255 0 0
0.4114271 -0.0298524 -0.0359355 255 0 0
0.4114137 -0.0311866 -0.0358928 255 0 0
0.4114004 -0.0325208 -0.0358502 255 0 0
0.4113870 -0.0338550 -0.0358075 255 0 0
0.4116157 -0.0352868 -0.0361873 255 0 0
0.4116024 -0.0366198 -0.0361447 255 0 0
0.4118296 -0.0380476 -0.0365220 255 0 0
0.4118162 -0.0393795 -0.0364793 255 0 0
0.4118029 -0.0407115 -0.0364367 255 0 0
0.4120308 -0.0421350 -0.0368153 255 0 0
0.4122583 -0.0435561 -0.0371933 255 0 0
0.4124854 -0.0449747 -0.0375706 255 0 0
0.4127122 -0.0463910 -0.0379473 255 0 0
0.4129385 -0.0478048 -0.0383232 255 0 0
0.4131645 -0.0492162 -0.0386986 255 0 0
0.4136285 -0.0507089 -0.0394897 255 0 0
0.4136153 -0.0520318 -0.0394474 255 0 0
0.4140777 -0.0535172 -0.0402359 255 0 0
0.4143018 -0.0549178 -0.0406081 255 0 0
0.4145254 -0.0563160 -0.0409796 255 0 0
0.4147487 -0.0577118 -0.0413505 255 0 0
0.4152073 -0.0591814 -0.0421325 255 0 0
0.4151941 -0.0604965 -0.0420903 255 0 0
0.4154162 -0.0618853 -0.0424594 255 0 0
0.4154020 -0.0631991 -0.0424155 255 0 0
0.4153889 -0.0645132 -0.0423734 255 0 0
0.4153757 -0.0658273 -0.0423314 255 0 0
0.4153625 -0.0671414 -0.0422893 255 0 0
0.4153494 -0.0684555 -0.0422473 255 0 0
0.4151008 -0.0697027 -0.0417939 255 0 0
0.4150877 -0.0710179 -0.0417519 255 0 0
0.4150745 -0.0723332 -0.0417098 255 0 0
0.4148255 -0.0735848 -0.0412556 255 0 0
0.4141024 -0.0747128 -0.0399729 255 0 0
0.4131249 -0.0771089 -0.0382261 255 0 0
0.4131116 -0.0784332 -0.0381837 255 0 0
0.4142867 -0.0800504 -0.0402184 255 0 0
0.4149823 -0.0815404 -0.0414152 255 0 0
0.4152046 -0.0829115 -0.0417848 255 0 0
0.4151915 -0.0842258 -0.0417427 255 0 0
0.4147069 -0.0854328 -0.0408766 255 0 0
0.4149296 -0.0868018 -0.0412469 255 0 0
0.4146805 -0.0880658 -0.0407923 255 0 0
0.4144310 -0.0893319 -0.0403370 255 0 0
0.4144178 -0.0906496 -0.0402949 255 0 0
0.4144046 -0.0919672 -0.0402527 255 0 0
0.4141546 -0.0932377 -0.0397965 255 0 0
0.4143782 -0.0946025 -0.0401683 255 0 0
0.4138910 -0.0958304 -0.0392973 255 0 0
0.4136402 -0.0971064 -0.0388395 255 0 0
0.4136270 -0.0984275 -0.0387973 255 0 0
0.4131372 -0.0996650 -0.0379216 255 0 0
0.4065155 -0.1012177 -0.0263015 255 0 0
0.4057497 -0.1024510 -0.0249425 255 0 0
0.4059873 -0.1038484 -0.0253384 255 0 0
0.4057226 -0.1051672 -0.0248556 255 0 0
0.4054573 -0.1064884 -0.0243719 255 0 0
0.4064439 0.0605703 -0.0257757 255 0 0
0.4066825 0.0590208 -0.0261737 255 0 0
0.4099084 0.0553206 -0.0318012 255 0 0
0.4116098 0.0527430 -0.0347602 255 0 0
0.4128086 0.0505393 -0.0368396 255 0 0
0.4127953 0.0492034 -0.0367969 255 0 0
0.4130231 0.0476983 -0.0371765 255 0 0
0.4130098 0.0463635 -0.0371338 255 0 0
0.4134776 0.0446958 -0.0379338 255 0 0
0.4134643 0.0433633 -0.0378912 255 0 0
0.4139306 0.0417036 -0.0386884 255 0 0
0.4143953 0.0400495 -0.0394830 255 0 0
0.4141454 0.0388807 -0.0390261 255 0 0
0.4148441 0.0370761 -0.0402306 255 0 0
0.4148330 0.0357489 -0.0401919 255 0 0
0.4150552 0.0342682 -0.0405619 255 0 0
0.4150441 0.0329423 -0.0405234 255 0 0
0.4152681 0.0314637 -0.0408965 255 0 0
0.4152548 0.0301403 -0.0408542 255 0 0
0.4154763 0.0286668 -0.0412230 255 0 0
0.4152283 0.0274933 -0.0407696 255 0 0
0.4152151 0.0261698 -0.0407272 255 0 0
0.4152018 0.0248463 -0.0406849 255 0 0
0.4151886 0.0235228 -0.0406425 255 0 0
0.4151753 0.0221993 -0.0406002 255 0 0
0.4151599 0.0208771 -0.0405540 255 0 0
0.4149115 0.0196960 -0.0400996 255 0 0
0.4151356 0.0182287 -0.0404731 255 0 0
0.4151223 0.0169051 -0.0404308 255 0 0
0.4151091 0.0155816 -0.0403884 255 0 0
0.4150958 0.0142580 -0.0403460 255 0 0
0.4148452 0.0130725 -0.0398876 255 0 0
0.4148319 0.0117478 -0.0398452 255 0 0
0.4145808 0.0105591 -0.0393860 255 0 0
0.4143293 0.0093683 -0.0389260 255 0 0
0.4140773 0.0081756 -0.0384652 255 0 0
0.4138249 0.0069808 -0.0380035 255 0 0
0.4128511 0.0061825 -0.0362772 255 0 0
0.4128377 0.0048487 -0.0362345 255 0 0
0.4125832 0.0036458 -0.0357690 255 0 0
0.4125699 0.0023107 -0.0357263 255 0 0
0.4120728 0.0012338 -0.0348355 255 0 0
0.4120594 -0.0001036 -0.0347928 255 0 0
0.4120460 -0.0014410 -0.0347500 255 0 0
0.4120327 -0.0027785 -0.0347072 255 0 0
0.4120193 -0.0041158 -0.0346644 255 0 0
0.4117634 -0.0053297 -0.0341963 255 0 0
0.4119925 -0.0067908 -0.0345788 255 0 0
0.4119791 -0.0081282 -0.0345360 255 0 0
0.4122078 -0.0095857 -0.0349179 255 0 0
0.4121945 -0.0109220 -0.0348752 255 0 0
0.4121811 -0.0122584 -0.0348324 255 0 0
0.4121678 -0.0135947 -0.0347897 255 0 0
0.4121543 -0.0149311 -0.0347469 255 0 0
0.4123827 -0.0163815 -0.0351282 255 0 0
0.4123694 -0.0177167 -0.0350855 255 0 0
0.4123560 -0.0190520 -0.0350428 255 0 0
0.4123427 -0.0203872 -0.0350001 255 0 0
0.4123293 -0.0217225 -0.0349573 255 0 0
0.4123159 -0.0230577 -0.0349146 255 0 0
0.4125440 -0.0245000 -0.0352955 255 0 0
0.4125306 -0.0258341 -0.0352528 255 0 0
0.4125172 -0.0271683 -0.0352101 255 0 0
0.4125039 -0.0285024 -0.0351675 255 0 0
0.4127316 -0.0299388 -0.0355478 255 0 0
0.4129589 -0.0313727 -0.0359275 255 0 0
0.4127049 -0.0326049 -0.0354625 255 0 0
0.4129323 -0.0340365 -0.0358423 255 0 0
0.4129189 -0.0353684 -0.0357997 255 0 0
0.4129056 -0.0367004 -0.0357570 255 0 0
0.4131315 -0.0381268 -0.0361343 255 0 0
0.4133581 -0.0395513 -0.0365129 255 0 0
0.4133448 -0.0408810 -0.0364704 255 0 0
0.4135709 -0.0423020 -0.0368482 255 0 0
0.4135577 -0.0436305 -0.0368057 255 0 0
0.4135444 -0.0449591 -0.0367633 255 0 0
0.4140089 -0.0464629 -0.0375597 255 0 0
0.4142340 -0.0478754 -0.0379357 255 0 0
0.4144587 -0.0492856 -0.0383111 255 0 0
0.4146830 -0.0506934 -0.0386858 255 0 0
0.4146697 -0.0520163 -0.0386434 255 0 0
0.4151304 -0.0535017 -0.0394334 255 0 0
0.4155895 -0.0549821 -0.0402205 255 0 0
0.4158119 -0.0563791 -0.0405921 255 0 0
0.4160338 -0.0577737 -0.0409630 255 0 0
0.4160207 -0.0590900 -0.0409209 255 0 0
0.4162423 -0.0604812 -0.0412912 255 0 0
0.4164636 -0.0618700 -0.0416609 255 0 0
0.4164493 -0.0631837 -0.0416169 255 0 0
0.4164362 -0.0644979 -0.0415749 255 0 0
0.4164230 -0.0658120 -0.0415328 255 0 0
0.4161754 -0.0670569 -0.0410789 255 0 0
0.4166308 -0.0685082 -0.0418599 255 0 0
0.4161491 -0.0696874 -0.0409948 255 0 0
0.4159010 -0.0709367 -0.0405399 255 0 0
0.4161228 -0.0723180 -0.0409106 255 0 0
0.4146819 -0.0745716 -0.0383409 255 0 0
0.4141936 -0.0757693 -0.0374638 255 0 0
0.4141803 -0.0770936 -0.0374214 255 0 0
0.4146422 -0.0785377 -0.0382140 255 0 0
0.4155734 -0.0800935 -0.0398315 255 0 0
0.4157956 -0.0814682 -0.0402030 255 0 0
0.4157824 -0.0827847 -0.0401609 255 0 0
0.4160042 -0.0841559 -0.0405318 255 0 0
0.4157561 -0.0854176 -0.0400766 255 0 0
0.4159779 -0.0867867 -0.0404477 255 0 0
0.4157297 -0.0880506 -0.0399924 255 0 0
0.4157165 -0.0893672 -0.0399503 255 0 0
0.4154679 -0.0906344 -0.0394942 255 0 0
0.4154547 -0.0919521 -0.0394521 255 0 0
0.4154415 -0.0932698 -0.0394099 255 0 0
0.4154283 -0.0945874 -0.0393678 255 0 0
0.4151792 -0.0958602 -0.0389108 255 0 0
0.4146930 -0.0970913 -0.0380369 255 0 0
0.4142050 -0.0983265 -0.0371599 255 0 0
0.4081059 -0.0999329 -0.0263965 255 0 0
0.4073456 -0.1011607 -0.0250400 255 0 0
0.4068320 -0.1024355 -0.0241174 255 0 0
0.4068184 -0.1037936 -0.0240738 255 0 0
0.4068048 -0.1051518 -0.0240304 255 0 0
0.4075333 0.0605872 -0.0249451 255 0 0
0.4080219 0.0588548 -0.0257856 255 0 0
0.4085089 0.0571286 -0.0266231 255 0 0
0.4109711 0.0539874 -0.0309376 255 0 0
0.4129083 0.0512449 -0.0343284 255 0 0
0.4141006 0.0490495 -0.0364079 255 0 0
0.4140872 0.0477147 -0.0363652 255 0 0
0.4140739 0.0463800 -0.0363225 255 0 0
0.4147791 0.0445461 -0.0375449 255 0 0
0.4150044 0.0430501 -0.0379225 255 0 0
0.4154673 0.0413937 -0.0387184 255 0 0
0.4154540 0.0400657 -0.0386759 255 0 0
0.4156772 0.0385781 -0.0390497 255 0 0
0.4159010 0.0370923 -0.0394248 255 0 0
0.4158877 0.0357666 -0.0393823 255 0 0
0.4158744 0.0344409 -0.0393400 255 0 0
0.4160979 0.0329599 -0.0397144 255 0 0
0.4163210 0.0314813 -0.0400884 255 0 0
0.4163077 0.0301578 -0.0400460 255 0 0
0.4162945 0.0288343 -0.0400037 255 0 0
0.4162813 0.0275108 -0.0399614 255 0 0
0.4162680 0.0261873 -0.0399190 255 0 0
0.4162548 0.0248638 -0.0398766 255 0 0
0.4162415 0.0235403 -0.0398343 255 0 0
0.4159919 0.0223627 -0.0393754 255 0 0
0.4159786 0.0210381 -0.0393330 255 0 0
0.4157285 0.0198574 -0.0388733 255 0 0
0.4159521 0.0183887 -0.0392482 255 0 0
0.4157020 0.0172057 -0.0387885 255 0 0
0.4152137 0.0161618 -0.0379091 255 0 0
0.4154381 0.0146937 -0.0382855 255 0 0
0.4151871 0.0135055 -0.0378241 255 0 0
0.4149357 0.0123153 -0.0373620 255 0 0
0.4146838 0.0111230 -0.0368989 255 0 0
0.4146727 0.0097913 -0.0368603 255 0 0
0.4144204 0.0085958 -0.0363964 255 0 0
0.4141677 0.0073982 -0.0359319 255 0 0
0.4136742 0.0063320 -0.0350431 255 0 0
0.4136608 0.0049969 -0.0350003 255 0 0
0.4134068 0.0037931 -0.0345333 255 0 0
0.4133912 0.0024581 -0.0344867 255 0 0
0.4131389 0.0012499 -0.0340227 255 0 0
0.4133645 -0.0002145 -0.0344012 255 0 0
0.4133511 -0.0015507 -0.0343585 255 0 0
0.4135785 -0.0030125 -0.0347401 255 0 0
0.4135651 -0.0043477 -0.0346974 255 0 0
0.4135517 -0.0056829 -0.0346547 255 0 0
0.4135384 -0.0070180 -0.0346120 255 0 0
0.4137654 -0.0084740 -0.0349931 255 0 0
0.4135139 -0.0096895 -0.0345304 255 0 0
0.4134983 -0.0110236 -0.0344838 255 0 0
0.4139654 -0.0125932 -0.0352884 255 0 0
0.4137120 -0.0138102 -0.0348223 255 0 0
0.4139387 -0.0152591 -0.0352030 255 0 0
0.4139254 -0.0165920 -0.0351604 255 0 0
0.4139120 -0.0179250 -0.0351177 255 0 0
0.4141383 -0.0193691 -0.0354978 255 0 0
0.4138875 -0.0205919 -0.0350363 255 0 0
0.4141117 -0.0220328 -0.0354126 255 0 0
0.4136207 -0.0231500 -0.0345274 255 0 0
0.4138475 -0.0245909 -0.0349084 255 0 0
0.4138342 -0.0259239 -0.0348657 255 0 0
0.4138208 -0.0272569 -0.0348230 255 0 0
0.4140472 -0.0286931 -0.0352033 255 0 0
0.4140339 -0.0300250 -0.0351607 255 0 0
0.4140206 -0.0313569 -0.0351181 255 0 0
0.4142466 -0.0327884 -0.0354978 255 0 0
0.4142332 -0.0341192 -0.0354552 255 0 0
0.4142188 -0.0354495 -0.0354107 255 0 0
0.4142056 -0.0367803 -0.0353682 255 0 0
0.4146698 -0.0383006 -0.0361684 255 0 0
0.4146565 -0.0396292 -0.0361259 255 0 0
0.4146432 -0.0409578 -0.0360833 255 0 0
0.4146299 -0.0422863 -0.0360409 255 0 0
0.4148548 -0.0437049 -0.0364188 255 0 0
0.4150794 -0.0451210 -0.0367962 255 0 0
0.4153035 -0.0465347 -0.0371728 255 0 0
0.4152902 -0.0478599 -0.0371304 255 0 0
0.4155140 -0.0492701 -0.0375065 255 0 0
0.4159736 -0.0507614 -0.0382989 255 0 0
0.4161963 -0.0521655 -0.0386731 255 0 0
0.4164185 -0.0535673 -0.0390465 255 0 0
0.4166404 -0.0549667 -0.0394194 255 0 0
0.4168618 -0.0563637 -0.0397916 255 0 0
0.4168487 -0.0576811 -0.0397494 255 0 0
0.4170698 -0.0590746 -0.0401210 255 0 0
0.4175240 -0.0605406 -0.0409044 255 0 0
0.4175099 -0.0618544 -0.0408605 255 0 0
0.4174967 -0.0631685 -0.0408184 255 0 0
0.4174835 -0.0644826 -0.0407763 255 0 0
0.4172368 -0.0657264 -0.0403218 255 0 0
0.4174572 -0.0671108 -0.0406923 255 0 0
0.4174441 -0.0684250 -0.0406502 255 0 0
0.4171973 -0.0696722 -0.0401955 255 0 0
0.4171842 -0.0709874 -0.0401534 255 0 0
0.4155123 -0.0731699 -0.0371622 255 0 0
0.4150249 -0.0743662 -0.0362823 255 0 0
0.4150117 -0.0756916 -0.0362399 255 0 0
0.4164149 -0.0773825 -0.0387002 255 0 0
0.4161665 -0.0786416 -0.0382423 255 0 0
0.4163885 -0.0800199 -0.0386158 255 0 0
0.4168448 -0.0814530 -0.0394031 255 0 0
0.4170657 -0.0828254 -0.0397747 255 0 0
0.4168184 -0.0840860 -0.0393189 255 0 0
0.4170394 -0.0854562 -0.0396905 255 0 0
0.4167921 -0.0867190 -0.0392346 255 0 0
0.4170130 -0.0880870 -0.0396063 255 0 0
0.4167657 -0.0893520 -0.0391503 255 0 0
0.4167525 -0.0906686 -0.0391082 255 0 0
0.4165048 -0.0919370 -0.0386515 255 0 0
0.4167262 -0.0933017 -0.0390239 255 0 0
0.4164784 -0.0945723 -0.0385671 255 0 0
0.4162302 -0.0958451 -0.0381094 255 0 0
0.4155095 -0.0970321 -0.0368165 255 0 0
0.4114052 -0.0989557 -0.0295224 255 0 0
0.4084396 -0.0997895 -0.0242597 255 0 0
0.4086744 -0.1011868 -0.0246555 255 0 0
0.4084124 -0.1025010 -0.0241729 255 0 0
0.4081500 -0.1038175 -0.0236894 255 0 0
0.4081364 -0.1051744 -0.0236460 255 0 0
0.4096081 0.0585070 -0.0258390 255 0 0
0.4095945 0.0571454 -0.0257953 255 0 0
0.4098296 0.0556042 -0.0261920 255 0 0
0.4117889 0.0528297 -0.0296406 255 0 0
0.4151647 0.0490659 -0.0355966 255 0 0
0.4153904 0.0475622 -0.0359769 255 0 0
0.4156156 0.0460610 -0.0363566 255 0 0
0.4160782 0.0443966 -0.0371565 255 0 0
0.4163023 0.0429020 -0.0375342 255 0 0
0.4162890 0.0415729 -0.0374917 255 0 0
0.4167482 0.0399212 -0.0382858 255 0 0
0.4167350 0.0385943 -0.0382433 255 0 0
0.4169579 0.0371085 -0.0386190 255 0 0
0.4169446 0.0357828 -0.0385766 255 0 0
0.4171672 0.0343006 -0.0389517 255 0 0
0.4171539 0.0329760 -0.0389094 255 0 0
0.4173761 0.0314974 -0.0392840 255 0 0
0.4173629 0.0301739 -0.0392416 255 0 0
0.4171141 0.0290022 -0.0387821 255 0 0
0.4173364 0.0275270 -0.0391569 255 0 0
0.4170876 0.0263529 -0.0386974 255 0 0
0.4170744 0.0250282 -0.0386550 255 0 0
0.4170612 0.0237035 -0.0386126 255 0 0
0.4168120 0.0225252 -0.0381523 255 0 0
0.4165623 0.0213447 -0.0376912 255 0 0
0.4167854 0.0198735 -0.0380675 255 0 0
0.4165359 0.0186908 -0.0376064 255 0 0
0.4162858 0.0175060 -0.0371444 255 0 0
0.4160353 0.0163192 -0.0366817 255 0 0
0.4157844 0.0151304 -0.0362181 255 0 0
0.4157710 0.0138000 -0.0361755 255 0 0
0.4152812 0.0127466 -0.0352886 255 0 0
0.4150290 0.0115516 -0.0348227 255 0 0
0.4145366 0.0104915 -0.0339311 255 0 0
0.4147630 0.0090194 -0.0343132 255 0 0
0.4147497 0.0076844 -0.0342705 255 0 0
0.4144966 0.0064829 -0.0338029 255 0 0
0.4144832 0.0051467 -0.0337601 255 0 0
0.4144698 0.0038104 -0.0337174 255 0 0
0.4146962 0.0023440 -0.0340996 255 0 0
0.4144431 0.0011379 -0.0336318 255 0 0
0.4144297 -0.0001984 -0.0335891 255 0 0
0.4146561 -0.0016614 -0.0339714 255 0 0
0.4148822 -0.0031219 -0.0343531 255 0 0
0.4148689 -0.0044559 -0.0343104 255 0 0
0.4148555 -0.0057900 -0.0342678 255 0 0
0.4150812 -0.0072457 -0.0346489 255 0 0
0.4150679 -0.0085786 -0.0346063 255 0 0
0.4150546 -0.0099115 -0.0345636 255 0 0
0.4150412 -0.0112444 -0.0345209 255 0 0
0.4150279 -0.0125773 -0.0344783 255 0 0
0.4152533 -0.0140260 -0.0348589 255 0 0
0.4152399 -0.0153578 -0.0348162 255 0 0
0.4152266 -0.0166896 -0.0347736 255 0 0
0.4154516 -0.0181336 -0.0351537 255 0 0
0.4151999 -0.0193533 -0.0346884 255 0 0
0.4151866 -0.0206851 -0.0346458 255 0 0
0.4156496 -0.0222342 -0.0354480 255 0 0
0.4156363 -0.0235638 -0.0354054 255 0 0
0.4153850 -0.0247871 -0.0349407 255 0 0
0.4156097 -0.0262230 -0.0353203 255 0 0
0.4155964 -0.0275526 -0.0352778 255 0 0
0.4158196 -0.0289844 -0.0356548 255 0 0
0.4158063 -0.0303129 -0.0356123 255 0 0
0.4157930 -0.0316414 -0.0355698 255 0 0
0.4157819 -0.0329708 -0.0355311 255 0 0
0.4160036 -0.0343964 -0.0359057 255 0 0
0.4159904 -0.0357238 -0.0358632 255 0 0
0.4159771 -0.0370512 -0.0358207 255 0 0
0.4162006 -0.0384730 -0.0361985 255 0 0
0.4161873 -0.0397993 -0.0361560 255 0 0
0.4161741 -0.0411256 -0.0361136 255 0 0
0.4163973 -0.0425427 -0.0364908 255 0 0
0.4163841 -0.0438679 -0.0364485 255 0 0
0.4166069 -0.0452815 -0.0368251 255 0 0
0.4165958 -0.0466064 -0.0367866 255 0 0
0.4170514 -0.0481014 -0.0375764 255 0 0
0.4170382 -0.0494233 -0.0375342 255 0 0
0.4170272 -0.0507459 -0.0374957 255 0 0
0.4172489 -0.0521501 -0.0378705 255 0 0
0.4174702 -0.0535518 -0.0382446 255 0 0
0.4174570 -0.0548715 -0.0382024 255 0 0
0.4179118 -0.0563483 -0.0389910 255 0 0
0.4181320 -0.0577430 -0.0393633 255 0 0
0.4181189 -0.0590593 -0.0393211 255 0 0
0.4181057 -0.0603756 -0.0392790 255 0 0
0.4185582 -0.0618394 -0.0400638 255 0 0
0.4185441 -0.0631532 -0.0400199 255 0 0
0.4185309 -0.0644673 -0.0399778 255 0 0
0.4185177 -0.0657814 -0.0399358 255 0 0
0.4185046 -0.0670956 -0.0398937 255 0 0
0.4182588 -0.0683416 -0.0394385 255 0 0
0.4180125 -0.0695898 -0.0389823 255 0 0
0.4165801 -0.0718314 -0.0364006 255 0 0
0.4158578 -0.0729607 -0.0350988 255 0 0
0.4160813 -0.0743509 -0.0354769 255 0 0
0.4174791 -0.0760486 -0.0379411 255 0 0
0.4174659 -0.0773673 -0.0378989 255 0 0
0.4176867 -0.0787455 -0.0382724 255 0 0
0.4174395 -0.0800047 -0.0378145 255 0 0
0.4174263 -0.0813234 -0.0377724 255 0 0
0.4178807 -0.0827543 -0.0385610 255 0 0
0.4178676 -0.0840708 -0.0385189 255 0 0
0.4178544 -0.0853873 -0.0384768 255 0 0
0.4178413 -0.0867038 -0.0384346 255 0 0
0.4178281 -0.0880204 -0.0383926 255 0 0
0.4178149 -0.0893369 -0.0383504 255 0 0
0.4178017 -0.0906535 -0.0383083 255 0 0
0.4177886 -0.0919700 -0.0382661 255 0 0
0.4177754 -0.0932866 -0.0382240 255 0 0
0.4175285 -0.0945572 -0.0377665 255 0 0
0.4170467 -0.0957850 -0.0368913 255 0 0
0.4160913 -0.0969287 -0.0351744 255 0 0
0.4102745 -0.0985498 -0.0247966 255 0 0
0.4100144 -0.0998594 -0.0243149 255 0 0
0.4102475 -0.1012542 -0.0247100 255 0 0
0.4097403 -0.1025259 -0.0237891 255 0 0
0.4097268 -0.1038805 -0.0237458 255 0 0
0.4109279 0.0569815 -0.0254086 255 0 0
0.4111615 0.0554418 -0.0258051 255 0 0
0.4106529 0.0544387 -0.0248805 255 0 0
0.4157515 0.0494234 -0.0339358 255 0 0
0.4164536 0.0475786 -0.0351663 255 0 0
0.4166780 0.0460774 -0.0355467 255 0 0
0.4171387 0.0444129 -0.0363480 255 0 0
0.4173619 0.0429183 -0.0367264 255 0 0
0.4178204 0.0412636 -0.0375236 255 0 0
0.4180413 0.0397762 -0.0378981 255 0 0
0.4180281 0.0384504 -0.0378557 255 0 0
0.4180148 0.0371247 -0.0378132 255 0 0
0.4182364 0.0356414 -0.0381890 255 0 0
0.4182232 0.0343168 -0.0381466 255 0 0
0.4182099 0.0329922 -0.0381042 255 0 0
0.4184313 0.0315136 -0.0384796 255 0 0
0.4184180 0.0301901 -0.0384372 255 0 0
0.4184048 0.0288666 -0.0383948 255 0 0
0.4183915 0.0275431 -0.0383525 255 0 0
0.4183783 0.0262195 -0.0383101 255 0 0
0.4181305 0.0250443 -0.0378499 255 0 0
0.4178822 0.0238671 -0.0373890 255 0 0
0.4178689 0.0225413 -0.0373465 255 0 0
0.4176202 0.0213608 -0.0368848 255 0 0
0.4173711 0.0201784 -0.0364222 255 0 0
0.4173578 0.0188502 -0.0363797 255 0 0
0.4171083 0.0176646 -0.0359163 255 0 0
0.4168583 0.0164769 -0.0354521 255 0 0
0.4166078 0.0152872 -0.0349870 255 0 0
0.4165945 0.0139556 -0.0349445 255 0 0
0.4163437 0.0127627 -0.0344786 255 0 0
0.4160924 0.0115677 -0.0340120 255 0 0
0.4158407 0.0103706 -0.0335446 255 0 0
0.4158273 0.0090355 -0.0335018 255 0 0
0.4158140 0.0077004 -0.0334591 255 0 0
0.4155618 0.0064990 -0.0329908 255 0 0
0.4157872 0.0050302 -0.0333737 255 0 0
0.4157739 0.0036952 -0.0333309 255 0 0
0.4157605 0.0023600 -0.0332882 255 0 0
0.4159856 0.0008961 -0.0336704 255 0 0
0.4159723 -0.0004379 -0.0336277 255 0 0
0.4161970 -0.0018982 -0.0340094 255 0 0
0.4161837 -0.0032310 -0.0339668 255 0 0
0.4161704 -0.0045639 -0.0339241 255 0 0
0.4163948 -0.0060194 -0.0343052 255 0 0
0.4163814 -0.0073512 -0.0342626 255 0 0
0.4163681 -0.0086830 -0.0342200 255 0 0
0.4163548 -0.0100147 -0.0341774 255 0 0
0.4163415 -0.0113465 -0.0341347 255 0 0
0.4163281 -0.0126783 -0.0340921 255 0 0
0.4165522 -0.0141257 -0.0344727 255 0 0
0.4165389 -0.0154564 -0.0344302 255 0 0
0.4165256 -0.0167870 -0.0343876 255 0 0
0.4167493 -0.0182297 -0.0347676 255 0 0
0.4167360 -0.0195592 -0.0347250 255 0 0
0.4167227 -0.0208888 -0.0346825 255 0 0
0.4167094 -0.0222184 -0.0346400 255 0 0
0.4166961 -0.0235480 -0.0345974 255 0 0
0.4169194 -0.0249837 -0.0349769 255 0 0
0.4169061 -0.0263122 -0.0349344 255 0 0
0.4168928 -0.0276406 -0.0348918 255 0 0
0.4171148 -0.0290711 -0.0352689 255 0 0
0.4171015 -0.0303985 -0.0352264 255 0 0
0.4173241 -0.0318259 -0.0356047 255 0 0
0.4170749 -0.0330533 -0.0351415 255 0 0
0.4172976 -0.0344784 -0.0355198 255 0 0
0.4175198 -0.0359012 -0.0358976 255 0 0
0.4172711 -0.0371310 -0.0354350 255 0 0
0.4172578 -0.0384573 -0.0353925 255 0 0
0.4174801 -0.0398767 -0.0357704 255 0 0
0.4174668 -0.0412019 -0.0357279 255 0 0
0.4179235 -0.0427082 -0.0365242 255 0 0
0.4179103 -0.0440312 -0.0364818 255 0 0
0.4178971 -0.0453541 -0.0364395 255 0 0
0.4181183 -0.0467641 -0.0368155 255 0 0
0.4183391 -0.0481716 -0.0371909 255 0 0
0.4183259 -0.0494923 -0.0371486 255 0 0
0.4185463 -0.0508964 -0.0375234 255 0 0
0.4185331 -0.0522160 -0.0374811 255 0 0
0.4187532 -0.0536166 -0.0378553 255 0 0
0.4187421 -0.0549358 -0.0378169 255 0 0
0.4191922 -0.0564106 -0.0386017 255 0 0
0.4189487 -0.0576503 -0.0381483 255 0 0
0.4194002 -0.0591199 -0.0389357 255 0 0
0.4196187 -0.0605099 -0.0393073 255 0 0
0.4196034 -0.0618234 -0.0392615 255 0 0
0.4195914 -0.0631378 -0.0392213 255 0 0
0.4198096 -0.0645233 -0.0395924 255 0 0
0.4195630 -0.0657655 -0.0391334 255 0 0
0.4195519 -0.0670803 -0.0390951 255 0 0
0.4188301 -0.0695076 -0.0377689 255 0 0
0.4164687 -0.0701579 -0.0335332 255 0 0
0.4162184 -0.0714205 -0.0330674 255 0 0
0.4164422 -0.0728155 -0.0334482 255 0 0
0.4166655 -0.0742082 -0.0338283 255 0 0
0.4185300 -0.0760333 -0.0371398 255 0 0
0.4185169 -0.0773520 -0.0370977 255 0 0
0.4185037 -0.0786707 -0.0370554 255 0 0
0.4187236 -0.0800478 -0.0374297 255 0 0
0.4187104 -0.0813655 -0.0373875 255 0 0
0.4186951 -0.0826826 -0.0373415 255 0 0
0.4189147 -0.0840551 -0.0377152 255 0 0
0.4189036 -0.0853722 -0.0376768 255 0 0
0.4188905 -0.0866887 -0.0376347 255 0 0
0.4188773 -0.0880052 -0.0375926 255 0 0
0.4188641 -0.0893218 -0.0375504 255 0 0
0.4188510 -0.0906384 -0.0375083 255 0 0
0.4188378 -0.0919549 -0.0374661 255 0 0
0.4188246 -0.0932715 -0.0374240 255 0 0
0.4188114 -0.0945881 -0.0373819 255 0 0
0.4183322 -0.0958149 -0.0365068 255 0 0
0.4130731 -0.0974947 -0.0270699 255 0 0
0.4113521 -0.0985344 -0.0239750 255 0 0
0.4113386 -0.0998866 -0.0239317 255 0 0
0.4113251 -0.1012388 -0.0238884 255 0 0
0.4110659 -0.1025508 -0.0234060 255 0 0
0.4122453 0.0554586 -0.0249788 255 0 0
0.4122317 0.0540993 -0.0249354 255 0 0
0.4144152 0.0511635 -0.0288238 255 0 0
0.4175169 0.0475949 -0.0343557 255 0 0
0.4177403 0.0460937 -0.0347368 255 0 0
0.4181993 0.0444293 -0.0355395 255 0 0
0.4184216 0.0429346 -0.0359185 255 0 0
0.4186434 0.0414425 -0.0362969 255 0 0
0.4188639 0.0399537 -0.0366728 255 0 0
0.4190850 0.0384667 -0.0370499 255 0 0
0.4190717 0.0371410 -0.0370075 255 0 0
0.4192924 0.0356576 -0.0373839 255 0 0
0.4192792 0.0343330 -0.0373415 255 0 0
0.4192660 0.0330084 -0.0372991 255 0 0
0.4192527 0.0316837 -0.0372567 255 0 0
0.4192395 0.0303591 -0.0372143 255 0 0
0.4192262 0.0290345 -0.0371719 255 0 0
0.4192130 0.0277098 -0.0371295 255 0 0
0.4191998 0.0263851 -0.0370872 255 0 0
0.4187179 0.0253579 -0.0362056 255 0 0
0.4189392 0.0238832 -0.0365831 255 0 0
0.4186914 0.0227039 -0.0361207 255 0 0
0.4186781 0.0213769 -0.0360782 255 0 0
0.4184299 0.0201945 -0.0356150 255 0 0
0.4181813 0.0190100 -0.0351509 255 0 0
0.4179322 0.0178235 -0.0346860 255 0 0
0.4176827 0.0166349 -0.0342204 255 0 0
0.4176694 0.0153033 -0.0341778 255 0 0
0.4174195 0.0141115 -0.0337113 255 0 0
0.4171691 0.0129177 -0.0332440 255 0 0
0.4169183 0.0117218 -0.0327758 255 0 0
0.4169049 0.0103867 -0.0327331 255 0 0
0.4168916 0.0090516 -0.0326904 255 0 0
0.4168783 0.0077166 -0.0326477 255 0 0
0.4171024 0.0062481 -0.0330304 255 0 0
0.4170890 0.0049141 -0.0329877 255 0 0
0.4170757 0.0035801 -0.0329450 255 0 0
0.4172995 0.0021164 -0.0333273 255 0 0
0.4170491 0.0009121 -0.0328597 255 0 0
0.4172729 -0.0005493 -0.0332420 255 0 0
0.4174963 -0.0020083 -0.0336237 255 0 0
0.4177193 -0.0034647 -0.0340047 255 0 0
0.4174697 -0.0046718 -0.0335385 255 0 0
0.4174564 -0.0060035 -0.0334958 255 0 0
0.4179155 -0.0075776 -0.0343000 255 0 0
0.4179021 -0.0089071 -0.0342574 255 0 0
0.4176528 -0.0101178 -0.0337918 255 0 0
0.4176396 -0.0114485 -0.0337492 255 0 0
0.4176263 -0.0127791 -0.0337066 255 0 0
0.4178490 -0.0142252 -0.0340872 255 0 0
0.4178357 -0.0155547 -0.0340447 255 0 0
0.4180580 -0.0169972 -0.0344246 255 0 0
0.4180448 -0.0183256 -0.0343821 255 0 0
0.4182668 -0.0197645 -0.0347615 255 0 0
0.4180182 -0.0209825 -0.0342971 255 0 0
0.4180049 -0.0223109 -0.0342545 255 0 0
0.4179916 -0.0236394 -0.0342121 255 0 0
0.4179784 -0.0249679 -0.0341696 255 0 0
0.4184343 -0.0265053 -0.0349686 255 0 0
0.4181861 -0.0277280 -0.0345047 255 0 0
0.4184078 -0.0291577 -0.0348836 255 0 0
0.4183945 -0.0304840 -0.0348412 255 0 0
0.4183813 -0.0318102 -0.0347987 255 0 0
0.4183680 -0.0331365 -0.0347563 255 0 0
0.4185894 -0.0345604 -0.0351347 255 0 0
0.4185761 -0.0358855 -0.0350923 255 0 0
0.4185629 -0.0372107 -0.0350499 255 0 0
0.4187839 -0.0386300 -0.0354277 255 0 0
0.4190045 -0.0400468 -0.0358049 255 0 0
0.4189912 -0.0413697 -0.0357625 255 0 0
0.4192115 -0.0427830 -0.0361391 255 0 0
0.4191982 -0.0441048 -0.0360968 255 0 0
0.4191851 -0.0454267 -0.0360546 255 0 0
0.4196377 -0.0469220 -0.0368481 255 0 0
0.4196245 -0.0482417 -0.0368059 255 0 0
0.4196113 -0.0495613 -0.0367637 255 0 0
0.4200624 -0.0510471 -0.0375547 255 0 0
0.4200493 -0.0523645 -0.0375126 255 0 0
0.4200361 -0.0536819 -0.0374704 255 0 0
0.4200229 -0.0549994 -0.0374283 255 0 0
0.4202413 -0.0563952 -0.0378017 255 0 0
0.4202282 -0.0577115 -0.0377597 255 0 0
0.4204463 -0.0591039 -0.0381327 255 0 0
0.4204331 -0.0604191 -0.0380906 255 0 0
0.4206498 -0.0618077 -0.0384610 255 0 0
0.4206367 -0.0631219 -0.0384190 255 0 0
0.4206235 -0.0644360 -0.0383769 255 0 0
0.4194398 -0.0667173 -0.0362146 255 0 0
0.4166054 -0.0672049 -0.0311069 255 0 0
0.4163543 -0.0684693 -0.0306373 255 0 0
0.4163409 -0.0698039 -0.0305945 255 0 0
0.4165654 -0.0712051 -0.0309789 255 0 0
0.4165521 -0.0725385 -0.0309362 255 0 0
0.4165387 -0.0738720 -0.0308935 255 0 0
0.4172364 -0.0753945 -0.0321276 255 0 0
0.4193331 -0.0772755 -0.0358748 255 0 0
0.4197848 -0.0787145 -0.0366674 255 0 0
0.4197716 -0.0800321 -0.0366252 255 0 0
0.4197584 -0.0813497 -0.0365830 255 0 0
0.4199771 -0.0827234 -0.0369573 255 0 0
0.4201954 -0.0840948 -0.0373309 255 0 0
0.4199507 -0.0853565 -0.0368730 255 0 0
0.4201691 -0.0867257 -0.0372467 255 0 0
0.4199266 -0.0879901 -0.0367926 255 0 0
0.4201449 -0.0893571 -0.0371664 255 0 0
0.4199002 -0.0906233 -0.0367083 255 0 0
0.4198871 -0.0919398 -0.0366662 255 0 0
0.4198718 -0.0932560 -0.0366202 255 0 0
0.4196288 -0.0945271 -0.0361652 255 0 0
0.4182156 -0.0955739 -0.0336072 255 0 0
0.4146376 -0.0962259 -0.0271589 255 0 0
0.4136581 -0.0973900 -0.0253798 255 0 0
0.4134021 -0.0986930 -0.0249009 255 0 0
0.4133886 -0.1000405 -0.0248576 255 0 0
0.4131321 -0.1013469 -0.0243778 255 0 0
0.4128773 -0.1026559 -0.0239009 255 0 0
0.4133291 0.0554753 -0.0241526 255 0 0
0.4133155 0.0541160 -0.0241091 255 0 0
0.4137915 0.0524040 -0.0249466 255 0 0
0.4169179 0.0488005 -0.0305538 255 0 0
0.4188027 0.0461101 -0.0339268 255 0 0
0.4190248 0.0446114 -0.0343079 255 0 0
0.4194812 0.0429509 -0.0351107 255 0 0
0.4197022 0.0414588 -0.0354897 255 0 0
0.4201552 0.0398086 -0.0362865 255 0 0
0.4199084 0.0386431 -0.0358238 255 0 0
0.4201287 0.0371572 -0.0362016 255 0 0
0.4203485 0.0356738 -0.0365788 255 0 0
0.4201022 0.0345057 -0.0361167 255 0 0
0.4203221 0.0330246 -0.0364940 255 0 0
0.4205416 0.0315459 -0.0368706 255 0 0
0.4205284 0.0302224 -0.0368283 255 0 0
0.4200492 0.0292026 -0.0359470 255 0 0
0.4200359 0.0278768 -0.0359046 255 0 0
0.4200227 0.0265510 -0.0358621 255 0 0
0.4200094 0.0252251 -0.0358197 255 0 0
0.4197626 0.0240470 -0.0353566 255 0 0
0.4197493 0.0227200 -0.0353141 255 0 0
0.4195020 0.0215387 -0.0348502 255 0 0
0.4194887 0.0202106 -0.0348077 255 0 0
0.4192410 0.0190261 -0.0343429 255 0 0
0.4189928 0.0178396 -0.0338773 255 0 0
0.4187442 0.0166510 -0.0334110 255 0 0
0.4187309 0.0153194 -0.0333684 255 0 0
0.4184819 0.0141276 -0.0329013 255 0 0
0.4184686 0.0127949 -0.0328586 255 0 0
0.4184553 0.0114621 -0.0328159 255 0 0
0.4186777 0.0099929 -0.0331979 255 0 0
0.4184287 0.0087965 -0.0327306 255 0 0
0.4184153 0.0074637 -0.0326879 255 0 0
0.4184020 0.0061309 -0.0326453 255 0 0
0.4183887 0.0047981 -0.0326026 255 0 0
0.4186112 0.0033346 -0.0329848 255 0 0
0.4188332 0.0018736 -0.0333663 255 0 0
0.4185846 0.0006711 -0.0328996 255 0 0
0.4188066 -0.0007876 -0.0332811 255 0 0
0.4190284 -0.0022438 -0.0336622 255 0 0
0.4190151 -0.0035733 -0.0336196 255 0 0
0.4190018 -0.0049028 -0.0335771 255 0 0
0.4192232 -0.0063543 -0.0339575 255 0 0
0.4192100 -0.0076826 -0.0339150 255 0 0
0.4191966 -0.0090110 -0.0338724 255 0 0
0.4191834 -0.0103394 -0.0338299 255 0 0
0.4194044 -0.0117850 -0.0342098 255 0 0
0.4193912 -0.0131123 -0.0341673 255 0 0
0.4191435 -0.0143245 -0.0337023 255 0 0
0.4193646 -0.0157668 -0.0340823 255 0 0
0.4191170 -0.0169814 -0.0336173 255 0 0
0.4193381 -0.0184214 -0.0339973 255 0 0
0.4193248 -0.0197487 -0.0339549 255 0 0
0.4195455 -0.0211852 -0.0343342 255 0 0
0.4195323 -0.0225114 -0.0342918 255 0 0
0.4195180 -0.0238371 -0.0342475 255 0 0
0.4195047 -0.0251633 -0.0342050 255 0 0
0.4194914 -0.0264895 -0.0341626 255 0 0
0.4197118 -0.0279190 -0.0345414 255 0 0
0.4196986 -0.0292442 -0.0344990 255 0 0
0.4199186 -0.0306702 -0.0348773 255 0 0
0.4199054 -0.0319942 -0.0348350 255 0 0
0.4198922 -0.0333182 -0.0347926 255 0 0
0.4198789 -0.0346422 -0.0347502 255 0 0
0.4200986 -0.0360624 -0.0351280 255 0 0
0.4200854 -0.0373853 -0.0350856 255 0 0
0.4200722 -0.0387083 -0.0350433 255 0 0
0.4202915 -0.0401238 -0.0354204 255 0 0
0.4205105 -0.0415370 -0.0357971 255 0 0
0.4207290 -0.0429477 -0.0361729 255 0 0
0.4209473 -0.0443561 -0.0365482 255 0 0
0.4209341 -0.0456746 -0.0365060 255 0 0
0.4209209 -0.0469931 -0.0364638 255 0 0
0.4209077 -0.0483116 -0.0364215 255 0 0
0.4211256 -0.0497143 -0.0367963 255 0 0
0.4211124 -0.0510317 -0.0367541 255 0 0
0.4215603 -0.0525125 -0.0375439 255 0 0
0.4213168 -0.0537472 -0.0370861 255 0 0
0.4213037 -0.0550635 -0.0370440 255 0 0
0.4212905 -0.0563798 -0.0370019 255 0 0
0.4212773 -0.0576961 -0.0369597 255 0 0
0.4214946 -0.0590886 -0.0373334 255 0 0
0.4214814 -0.0604038 -0.0372913 255 0 0
0.4216983 -0.0617927 -0.0376644 255 0 0
0.4216841 -0.0631066 -0.0376204 255 0 0
0.4191070 -0.0649547 -0.0329314 255 0 0
0.4179178 -0.0659272 -0.0307661 255 0 0
0.4174313 -0.0671193 -0.0298690 255 0 0
0.4174179 -0.0684538 -0.0298263 255 0 0
0.4174046 -0.0697884 -0.0297836 255 0 0
0.4176281 -0.0711897 -0.0301686 255 0 0
0.4176148 -0.0725231 -0.0301259 255 0 0
0.4176015 -0.0738565 -0.0300832 255 0 0
0.4178246 -0.0752531 -0.0304675 255 0 0
0.4185184 -0.0767708 -0.0317017 255 0 0
0.4203719 -0.0785801 -0.0350305 255 0 0
0.4208217 -0.0800169 -0.0358246 255 0 0
0.4208086 -0.0813345 -0.0357824 255 0 0
0.4210263 -0.0827082 -0.0361573 255 0 0
0.4210131 -0.0840248 -0.0361152 255 0 0
0.4210000 -0.0853413 -0.0360731 255 0 0
0.4209868 -0.0866579 -0.0360309 255 0 0
0.4212043 -0.0880260 -0.0364054 255 0 0
0.4209605 -0.0892911 -0.0359466 255 0 0
0.4209474 -0.0906077 -0.0359045 255 0 0
0.4207032 -0.0918760 -0.0354449 255 0 0
0.4204586 -0.0931466 -0.0349847 255 0 0
0.4173882 -0.0951929 -0.0294003 255 0 0
0.4152265 -0.0961196 -0.0254757 255 0 0
0.4149722 -0.0974191 -0.0249976 255 0 0
0.4149588 -0.0987643 -0.0249546 255 0 0
0.4149454 -0.1001095 -0.0249115 255 0 0
0.4146907 -0.1014137 -0.0244324 255 0 0
0.4148870 0.0537776 -0.0241652 255 0 0
0.4158426 0.0517198 -0.0258755 255 0 0
0.4163117 0.0500209 -0.0267054 255 0 0
0.4189229 0.0467986 -0.0314120 255 0 0
0.4200863 0.0446278 -0.0334986 255 0 0
0.4207742 0.0428031 -0.0347250 255 0 0
0.4207609 0.0414751 -0.0346825 255 0 0
0.4209806 0.0399855 -0.0350617 255 0 0
0.4211989 0.0384991 -0.0354382 255 0 0
0.4211856 0.0371734 -0.0353958 255 0 0
0.4214046 0.0356900 -0.0357736 255 0 0
0.4211591 0.0345219 -0.0353109 255 0 0
0.4211459 0.0331961 -0.0352685 255 0 0
0.4213649 0.0317161 -0.0356464 255 0 0
0.4213516 0.0303914 -0.0356040 255 0 0
0.4211061 0.0292187 -0.0351411 255 0 0
0.4210929 0.0278929 -0.0350987 255 0 0
0.4208470 0.0267171 -0.0346350 255 0 0
0.4208337 0.0253901 -0.0345925 255 0 0
0.4205874 0.0242111 -0.0341280 255 0 0
0.4205741 0.0228830 -0.0340855 255 0 0
0.4203273 0.0217008 -0.0336201 255 0 0
0.4203140 0.0203715 -0.0335775 255 0 0
0.4203008 0.0190422 -0.0335350 255 0 0
0.4200535 0.0178557 -0.0330687 255 0 0
0.4198059 0.0166672 -0.0326017 255 0 0
0.4197925 0.0153355 -0.0325590 255 0 0
0.4200136 0.0138643 -0.0329410 255 0 0
0.4200003 0.0125338 -0.0328984 255 0 0
0.4197526 0.0113406 -0.0324312 255 0 0
0.4197393 0.0100090 -0.0323885 255 0 0
0.4199604 0.0085423 -0.0327706 255 0 0
0.4197127 0.0073457 -0.0323033 255 0 0
0.4199338 0.0058812 -0.0326854 255 0 0
0.4201547 0.0044193 -0.0330670 255 0 0
0.4201413 0.0030899 -0.0330244 255 0 0
0.4203618 0.0016316 -0.0334053 255 0 0
0.4203485 0.0003033 -0.0333627 255 0 0
0.4203352 -0.0010250 -0.0333202 255 0 0
0.4205553 -0.0024786 -0.0337005 255 0 0
0.4205420 -0.0038058 -0.0336580 255 0 0
0.4205287 -0.0051330 -0.0336155 255 0 0
0.4205155 -0.0064602 -0.0335731 255 0 0
0.4207352 -0.0079079 -0.0339527 255 0 0
0.4207219 -0.0092340 -0.0339103 255 0 0
0.4207087 -0.0105601 -0.0338679 255 0 0
0.4206955 -0.0118863 -0.0338254 255 0 0
0.4206822 -0.0132124 -0.0337830 255 0 0
0.4206689 -0.0145385 -0.0337405 255 0 0
0.4206557 -0.0158647 -0.0336981 255 0 0
0.4208751 -0.0173032 -0.0340773 255 0 0
0.4208618 -0.0186282 -0.0340349 255 0 0
0.4208486 -0.0199533 -0.0339926 255 0 0
0.4208354 -0.0212784 -0.0339502 255 0 0
0.4208211 -0.0226029 -0.0339058 255 0 0
0.4208078 -0.0239280 -0.0338634 255 0 0
0.4210269 -0.0253585 -0.0342423 255 0 0
0.4210137 -0.0266825 -0.0341999 255 0 0
0.4212324 -0.0281094 -0.0345781 255 0 0
0.4209872 -0.0293305 -0.0341151 255 0 0
0.4214376 -0.0308557 -0.0349133 255 0 0
0.4211927 -0.0320780 -0.0344510 255 0 0
0.4214112 -0.0334992 -0.0348288 255 0 0
0.4213979 -0.0348210 -0.0347864 255 0 0
0.4216160 -0.0362387 -0.0351636 255 0 0
0.4213715 -0.0374646 -0.0347018 255 0 0
0.4218204 -0.0389735 -0.0354977 255 0 0
0.4215764 -0.0402007 -0.0350367 255 0 0
0.4220245 -0.0417037 -0.0358314 255 0 0
0.4220114 -0.0430221 -0.0357892 255 0 0
0.4222283 -0.0444293 -0.0361644 255 0 0
0.4217545 -0.0455714 -0.0352865 255 0 0
0.4222020 -0.0470640 -0.0360801 255 0 0
0.4224186 -0.0484665 -0.0364548 255 0 0
0.4224055 -0.0497828 -0.0364126 255 0 0
0.4226217 -0.0511819 -0.0367868 255 0 0
0.4228376 -0.0525786 -0.0371602 255 0 0
0.4225954 -0.0538123 -0.0367025 255 0 0
0.4225823 -0.0551275 -0.0366605 255 0 0
0.4225692 -0.0564427 -0.0366184 255 0 0
0.4227850 -0.0578350 -0.0369920 255 0 0
0.4225429 -0.0590732 -0.0365342 255 0 0
0.4227588 -0.0604633 -0.0369078 255 0 0
0.4227446 -0.0617771 -0.0368639 255 0 0
0.4192413 -0.0633206 -0.0304684 255 0 0
0.4189929 -0.0645795 -0.0299991 255 0 0
0.4187442 -0.0658406 -0.0295290 255 0 0
0.4187309 -0.0671740 -0.0294864 255 0 0
0.4189530 -0.0685762 -0.0298712 255 0 0
0.4187042 -0.0698408 -0.0294010 255 0 0
0.4186909 -0.0711742 -0.0293583 255 0 0
0.4186776 -0.0725076 -0.0293157 255 0 0
0.4186642 -0.0738411 -0.0292729 255 0 0
0.4188865 -0.0752377 -0.0296580 255 0 0
0.4191083 -0.0766319 -0.0300424 255 0 0
0.4209610 -0.0784453 -0.0333881 255 0 0
0.4214106 -0.0798847 -0.0341863 255 0 0
0.4220887 -0.0813765 -0.0353995 255 0 0
0.4220756 -0.0826931 -0.0353573 255 0 0
0.4222921 -0.0840645 -0.0357323 255 0 0
0.4222790 -0.0853800 -0.0356902 255 0 0
0.4222658 -0.0866954 -0.0356481 255 0 0
0.4224820 -0.0880623 -0.0360225 255 0 0
0.4220098 -0.0892760 -0.0351466 255 0 0
0.4219967 -0.0905926 -0.0351045 255 0 0
0.4215228 -0.0918126 -0.0342255 255 0 0
0.4189354 -0.0939382 -0.0294884 255 0 0
0.4167895 -0.0948535 -0.0255713 255 0 0
0.4160578 -0.0960586 -0.0242233 255 0 0
0.4160443 -0.0974038 -0.0241803 255 0 0
0.4162707 -0.0987923 -0.0245730 255 0 0
0.4162573 -0.1001363 -0.0245300 255 0 0
0.4169208 0.0517364 -0.0250535 255 0 0
0.4173880 0.0500375 -0.0258849 255 0 0
0.4173745 0.0486876 -0.0258417 255 0 0
0.4209141 0.0448103 -0.0322642 255 0 0
0.4216006 0.0429835 -0.0334949 255 0 0
0.4215873 0.0416544 -0.0334523 255 0 0
0.4220385 0.0400018 -0.0342551 255 0 0
0.4220242 0.0386756 -0.0342107 255 0 0
0.4222426 0.0371896 -0.0345899 255 0 0
0.4219977 0.0360218 -0.0341258 255 0 0
0.4219845 0.0346949 -0.0340833 255 0 0
0.4219712 0.0333680 -0.0340408 255 0 0
0.4219580 0.0320411 -0.0339984 255 0 0
0.4219447 0.0307141 -0.0339559 255 0 0
0.4219314 0.0293872 -0.0339134 255 0 0
0.4216860 0.0282116 -0.0334482 255 0 0
0.4216727 0.0268835 -0.0334058 255 0 0
0.4218917 0.0254063 -0.0337860 255 0 0
0.4218784 0.0240793 -0.0337435 255 0 0
0.4216329 0.0228992 -0.0332782 255 0 0
0.4213871 0.0217169 -0.0328121 255 0 0
0.4213738 0.0203877 -0.0327696 255 0 0
0.4213605 0.0190583 -0.0327271 255 0 0
0.4211142 0.0178718 -0.0322601 255 0 0
0.4211009 0.0165414 -0.0322175 255 0 0
0.4210876 0.0152109 -0.0321749 255 0 0
0.4210743 0.0138804 -0.0321323 255 0 0
0.4212942 0.0124117 -0.0325143 255 0 0
0.4212809 0.0110823 -0.0324717 255 0 0
0.4212676 0.0097529 -0.0324292 255 0 0
0.4214870 0.0082890 -0.0328105 255 0 0
0.4214737 0.0069607 -0.0327680 255 0 0
0.4214605 0.0056324 -0.0327255 255 0 0
0.4214472 0.0043042 -0.0326830 255 0 0
0.4216663 0.0028460 -0.0330638 255 0 0
0.4216531 0.0015189 -0.0330213 255 0 0
0.4216398 0.0001917 -0.0329788 255 0 0
0.4216265 -0.0011355 -0.0329364 255 0 0
0.4218453 -0.0025877 -0.0333165 255 0 0
0.4220637 -0.0040375 -0.0336962 255 0 0
0.4220504 -0.0053624 -0.0336538 255 0 0
0.4220372 -0.0066874 -0.0336114 255 0 0
0.4220240 -0.0080124 -0.0335690 255 0 0
0.4222420 -0.0094563 -0.0339481 255 0 0
0.4222288 -0.0107802 -0.0339057 255 0 0
0.4219843 -0.0119873 -0.0334417 255 0 0
0.4222024 -0.0134279 -0.0338210 255 0 0
0.4221891 -0.0147518 -0.0337785 255 0 0
0.4221759 -0.0160757 -0.0337362 255 0 0
0.4219313 -0.0172874 -0.0332720 255 0 0
0.4221495 -0.0187235 -0.0336514 255 0 0
0.4223662 -0.0201567 -0.0340282 255 0 0
0.4223530 -0.0214795 -0.0339859 255 0 0
0.4223398 -0.0228023 -0.0339435 255 0 0
0.4223265 -0.0241252 -0.0339011 255 0 0
0.4223133 -0.0254480 -0.0338588 255 0 0
0.4223001 -0.0267709 -0.0338164 255 0 0
0.4225176 -0.0281965 -0.0341947 255 0 0
0.4225044 -0.0295183 -0.0341524 255 0 0
0.4227215 -0.0309404 -0.0345300 255 0 0
0.4227083 -0.0322611 -0.0344878 255 0 0
0.4226951 -0.0335817 -0.0344455 255 0 0
0.4231414 -0.0350959 -0.0352411 255 0 0
0.4231282 -0.0364143 -0.0351989 255 0 0
0.4228854 -0.0376383 -0.0347380 255 0 0
0.4231018 -0.0390512 -0.0351144 255 0 0
0.4230887 -0.0403697 -0.0350723 255 0 0
0.4230755 -0.0416881 -0.0350301 255 0 0
0.4235204 -0.0431860 -0.0358234 255 0 0
0.4235072 -0.0445023 -0.0357812 255 0 0
0.4234941 -0.0458185 -0.0357392 255 0 0
0.4237094 -0.0472209 -0.0361138 255 0 0
0.4236963 -0.0485361 -0.0360717 255 0 0
0.4236831 -0.0498513 -0.0360296 255 0 0
0.4238981 -0.0512491 -0.0364037 255 0 0
0.4238850 -0.0525632 -0.0363617 255 0 0
0.4240996 -0.0539576 -0.0367351 255 0 0
0.4236306 -0.0551121 -0.0358612 255 0 0
0.4238456 -0.0565055 -0.0362354 255 0 0
0.4238325 -0.0578197 -0.0361934 255 0 0
0.4238194 -0.0591338 -0.0361513 255 0 0
0.4238063 -0.0604480 -0.0361093 255 0 0
0.4235649 -0.0616884 -0.0356507 255 0 0
0.4203156 -0.0619740 -0.0297022 255 0 0
0.4198336 -0.0631583 -0.0288041 255 0 0
0.4195853 -0.0644192 -0.0283326 255 0 0
0.4198069 -0.0658250 -0.0287187 255 0 0
0.4197936 -0.0671585 -0.0286761 255 0 0
0.4197803 -0.0684919 -0.0286334 255 0 0
0.4197670 -0.0698253 -0.0285907 255 0 0
0.4197536 -0.0711587 -0.0285480 255 0 0
0.4197403 -0.0724922 -0.0285054 255 0 0
0.4197137 -0.0751591 -0.0284199 255 0 0
0.4199350 -0.0765546 -0.0288058 255 0 0
0.4206233 -0.0780690 -0.0300441 255 0 0
0.4213081 -0.0795756 -0.0312762 255 0 0
0.4222191 -0.0811319 -0.0329215 255 0 0
0.4228957 -0.0826218 -0.0341388 255 0 0
0.4231117 -0.0839945 -0.0345152 255 0 0
0.4230985 -0.0853110 -0.0344730 255 0 0
0.4230854 -0.0866276 -0.0344309 255 0 0
0.4230722 -0.0879442 -0.0343888 255 0 0
0.4230591 -0.0892608 -0.0343466 255 0 0
0.4225871 -0.0904786 -0.0334663 255 0 0
0.4211879 -0.0915056 -0.0308924 255 0 0
0.4185839 -0.0936394 -0.0260991 255 0 0
0.4178587 -0.0948382 -0.0247561 255 0 0
0.4178453 -0.0961799 -0.0247130 255 0 0
0.4178319 -0.0975216 -0.0246702 255 0 0
0.4173419 -0.0987769 -0.0237564 255 0 0
0.4175670 -0.1001630 -0.0241492 255 0 0
0.4184777 0.0514040 -0.0251076 255 0 0
0.4187030 0.0498812 -0.0255013 255 0 0
0.4189280 0.0483610 -0.0258943 255 0 0
0.4196273 0.0465044 -0.0271555 255 0 0
0.4228917 0.0428357 -0.0331106 255 0 0
0.4228785 0.0415077 -0.0330681 255 0 0
0.4230954 0.0400187 -0.0334467 255 0 0
0.4230821 0.0386918 -0.0334042 255 0 0
0.4232996 0.0372058 -0.0337841 255 0 0
0.4230556 0.0360381 -0.0333192 255 0 0
0.4228112 0.0348682 -0.0328536 255 0 0
0.4230291 0.0333842 -0.0332343 255 0 0
0.4232467 0.0319027 -0.0336143 255 0 0
0.4230026 0.0307303 -0.0331494 255 0 0
0.4229894 0.0294034 -0.0331069 255 0 0
0.4227448 0.0282278 -0.0326410 255 0 0
0.4227316 0.0268997 -0.0325985 255 0 0
0.4227183 0.0255716 -0.0325560 255 0 0
0.4227051 0.0242434 -0.0325134 255 0 0
0.4226918 0.0229153 -0.0324709 255 0 0
0.4224468 0.0217331 -0.0320042 255 0 0
0.4226653 0.0202589 -0.0323859 255 0 0
0.4226520 0.0189308 -0.0323434 255 0 0
0.4226387 0.0176026 -0.0323009 255 0 0
0.4228568 0.0161332 -0.0326820 255 0 0
0.4226122 0.0149462 -0.0322158 255 0 0
0.4228303 0.0134791 -0.0325970 255 0 0
0.4230481 0.0120144 -0.0329776 255 0 0
0.4228038 0.0108249 -0.0325121 255 0 0
0.4227906 0.0094977 -0.0324696 255 0 0
0.4227773 0.0081706 -0.0324271 255 0 0
0.4232257 0.0065777 -0.0332302 255 0 0
0.4232125 0.0052528 -0.0331879 255 0 0
0.4231993 0.0039279 -0.0331455 255 0 0
0.4229554 0.0027324 -0.0326805 255 0 0
0.4234031 0.0011501 -0.0334825 255 0 0
0.4231596 -0.0000468 -0.0330182 255 0 0
0.4233767 -0.0014975 -0.0333978 255 0 0
0.4233635 -0.0028213 -0.0333554 255 0 0
0.4233502 -0.0041451 -0.0333130 255 0 0
0.4235670 -0.0055911 -0.0336920 255 0 0
0.4233238 -0.0067928 -0.0332282 255 0 0
0.4235406 -0.0082365 -0.0336073 255 0 0
0.4235273 -0.0095592 -0.0335649 255 0 0
0.4235142 -0.0108820 -0.0335226 255 0 0
0.4235010 -0.0122047 -0.0334802 255 0 0
0.4234878 -0.0135275 -0.0334379 255 0 0
0.4234745 -0.0148503 -0.0333955 255 0 0
0.4234613 -0.0161730 -0.0333532 255 0 0
0.4234471 -0.0174953 -0.0333089 255 0 0
0.4236636 -0.0189288 -0.0336876 255 0 0
0.4236504 -0.0202505 -0.0336453 255 0 0
0.4236372 -0.0215722 -0.0336030 255 0 0
0.4236239 -0.0228939 -0.0335607 255 0 0
0.4236108 -0.0242157 -0.0335184 255 0 0
0.4238269 -0.0256423 -0.0338965 255 0 0
0.4238137 -0.0269629 -0.0338542 255 0 0
0.4240295 -0.0283859 -0.0342318 255 0 0
0.4240163 -0.0297055 -0.0341896 255 0 0
0.4242317 -0.0311250 -0.0345664 255 0 0
0.4242186 -0.0324434 -0.0345243 255 0 0
0.4242054 -0.0337618 -0.0344820 255 0 0
0.4241923 -0.0350803 -0.0344398 255 0 0
0.4241791 -0.0363987 -0.0343976 255 0 0
0.4243942 -0.0378115 -0.0347741 255 0 0
0.4246090 -0.0392218 -0.0351500 255 0 0
0.4245958 -0.0405380 -0.0351078 255 0 0
0.4248103 -0.0419449 -0.0354830 255 0 0
0.4247971 -0.0432600 -0.0354409 255 0 0
0.4250112 -0.0446634 -0.0358155 255 0 0
0.4247709 -0.0458903 -0.0353567 255 0 0
0.4249849 -0.0472915 -0.0357314 255 0 0
0.4249718 -0.0486056 -0.0356893 255 0 0
0.4251855 -0.0500033 -0.0360633 255 0 0
0.4251724 -0.0513162 -0.0360212 255 0 0
0.4251593 -0.0526292 -0.0359793 255 0 0
0.4251461 -0.0539422 -0.0359372 255 0 0
0.4251330 -0.0552552 -0.0358952 255 0 0
0.4248930 -0.0564902 -0.0354368 255 0 0
0.4248799 -0.0578043 -0.0353948 255 0 0
0.4250937 -0.0591943 -0.0357691 255 0 0
0.4246264 -0.0603578 -0.0348935 255 0 0
0.4241574 -0.0615252 -0.0340149 255 0 0
0.4209096 -0.0618094 -0.0280366 255 0 0
0.4208963 -0.0631428 -0.0279939 255 0 0
0.4208830 -0.0644761 -0.0279512 255 0 0
0.4208697 -0.0658096 -0.0279085 255 0 0
0.4208564 -0.0671430 -0.0278658 255 0 0
0.4210768 -0.0685453 -0.0282521 255 0 0
0.4208298 -0.0698098 -0.0277804 255 0 0
0.4210502 -0.0712099 -0.0281668 255 0 0
0.4212303 -0.0766012 -0.0284246 255 0 0
0.4212169 -0.0779324 -0.0283819 255 0 0
0.4214367 -0.0793232 -0.0287671 255 0 0
0.4218881 -0.0807698 -0.0295779 255 0 0
0.4227986 -0.0823246 -0.0312316 255 0 0
0.4234750 -0.0838140 -0.0324554 255 0 0
0.4236909 -0.0851880 -0.0328339 255 0 0
0.4236777 -0.0865069 -0.0327916 255 0 0
0.4238933 -0.0878775 -0.0331694 255 0 0
0.4229629 -0.0889923 -0.0314427 255 0 0
0.4222576 -0.0901648 -0.0301294 255 0 0
0.4210707 -0.0925764 -0.0279131 255 0 0
0.4201210 -0.0937189 -0.0261505 255 0 0
0.4194011 -0.0949159 -0.0248098 255 0 0
0.4191514 -0.0962099 -0.0243328 255 0 0
0.4189012 -0.0975062 -0.0238549 255 0 0
0.4186507 -0.0988048 -0.0233762 255 0 0
0.4197784 0.0498978 -0.0246814 255 0 0
0.4197649 0.0485490 -0.0246382 255 0 0
0.4204627 0.0466903 -0.0259037 255 0 0
0.4237200 0.0430161 -0.0318791 255 0 0
0.4243963 0.0411994 -0.0331055 255 0 0
0.4241533 0.0400350 -0.0326402 255 0 0
0.4241400 0.0387081 -0.0325977 255 0 0
0.4243566 0.0372221 -0.0329781 255 0 0
0.4243434 0.0358963 -0.0329358 255 0 0
0.4241003 0.0347273 -0.0324702 255 0 0
0.4240870 0.0334004 -0.0324278 255 0 0
0.4240738 0.0320735 -0.0323852 255 0 0
0.4240606 0.0307465 -0.0323428 255 0 0
0.4240473 0.0294195 -0.0323003 255 0 0
0.4240341 0.0280926 -0.0322578 255 0 0
0.4240208 0.0267656 -0.0322153 255 0 0
0.4240076 0.0254385 -0.0321728 255 0 0
0.4239943 0.0241116 -0.0321303 255 0 0
0.4242111 0.0226379 -0.0325113 255 0 0
0.4239678 0.0214575 -0.0320454 255 0 0
0.4241846 0.0199861 -0.0324264 255 0 0
0.4241714 0.0186602 -0.0323839 255 0 0
0.4241581 0.0173343 -0.0323415 255 0 0
0.4243746 0.0158676 -0.0327219 255 0 0
0.4245906 0.0144034 -0.0331017 255 0 0
0.4245774 0.0130797 -0.0330594 255 0 0
0.4245642 0.0117561 -0.0330170 255 0 0
0.4247799 0.0102966 -0.0333962 255 0 0
0.4247667 0.0089740 -0.0333538 255 0 0
0.4247535 0.0076514 -0.0333115 255 0 0
0.4247403 0.0063288 -0.0332691 255 0 0
0.4247271 0.0050061 -0.0332268 255 0 0
0.4247138 0.0036835 -0.0331844 255 0 0
0.4249293 0.0022321 -0.0335633 255 0 0
0.4246874 0.0010382 -0.0330998 255 0 0
0.4249029 -0.0004109 -0.0334786 255 0 0
0.4246610 -0.0016071 -0.0330151 255 0 0
0.4246478 -0.0029298 -0.0329728 255 0 0
0.4248633 -0.0043756 -0.0333517 255 0 0
0.4250784 -0.0058190 -0.0337301 255 0 0
0.4248369 -0.0070188 -0.0332671 255 0 0
0.4250520 -0.0084599 -0.0336455 255 0 0
0.4248105 -0.0096620 -0.0331824 255 0 0
0.4250257 -0.0111009 -0.0335609 255 0 0
0.4250115 -0.0124209 -0.0335167 255 0 0
0.4249983 -0.0137414 -0.0334745 255 0 0
0.4249851 -0.0150619 -0.0334322 255 0 0
0.4249719 -0.0163825 -0.0333899 255 0 0
0.4251867 -0.0178145 -0.0337678 255 0 0
0.4249456 -0.0190236 -0.0333054 255 0 0
0.4249324 -0.0203442 -0.0332631 255 0 0
0.4249192 -0.0216648 -0.0332208 255 0 0
0.4251340 -0.0230923 -0.0335988 255 0 0
0.4251208 -0.0244118 -0.0335566 255 0 0
0.4251077 -0.0257313 -0.0335144 255 0 0
0.4253222 -0.0271542 -0.0338919 255 0 0
0.4253090 -0.0284726 -0.0338497 255 0 0
0.4250681 -0.0296898 -0.0333876 255 0 0
0.4255100 -0.0312093 -0.0341844 255 0 0
0.4254969 -0.0325266 -0.0341422 255 0 0
0.4257107 -0.0339414 -0.0345186 255 0 0
0.4254706 -0.0351612 -0.0340579 255 0 0
0.4256844 -0.0365738 -0.0344343 255 0 0
0.4258979 -0.0379840 -0.0348100 255 0 0
0.4258848 -0.0392991 -0.0347680 255 0 0
0.4260979 -0.0407058 -0.0351431 255 0 0
0.4260848 -0.0420199 -0.0351011 255 0 0
0.4260717 -0.0433339 -0.0350589 255 0 0
0.4262844 -0.0447360 -0.0354335 255 0 0
0.4262713 -0.0460489 -0.0353914 255 0 0
0.4262582 -0.0473619 -0.0353495 255 0 0
0.4264707 -0.0487595 -0.0357236 255 0 0
0.4262320 -0.0499878 -0.0352654 255 0 0
0.4264445 -0.0513832 -0.0356396 255 0 0
0.4264314 -0.0526951 -0.0355975 255 0 0
0.4264183 -0.0540070 -0.0355555 255 0 0
0.4264052 -0.0553189 -0.0355135 255 0 0
0.4263921 -0.0566308 -0.0354715 255 0 0
0.4259274 -0.0577890 -0.0345962 255 0 0
0.4259143 -0.0591031 -0.0345541 255 0 0
0.4252207 -0.0601923 -0.0332565 255 0 0
0.4222184 -0.0605362 -0.0276983 255 0 0
0.4219724 -0.0617938 -0.0272263 255 0 0
0.4217260 -0.0630536 -0.0267533 255 0 0
0.4221785 -0.0645330 -0.0275704 255 0 0
0.4223976 -0.0659364 -0.0279565 255 0 0
0.4221519 -0.0671976 -0.0274851 255 0 0
0.4223710 -0.0685987 -0.0278713 255 0 0
0.4221253 -0.0698621 -0.0273997 255 0 0
0.4225101 -0.0779777 -0.0280015 255 0 0
0.4224967 -0.0793078 -0.0279588 255 0 0
0.4227152 -0.0806962 -0.0283440 255 0 0
0.4229332 -0.0820823 -0.0287285 255 0 0
0.4238401 -0.0836327 -0.0303851 255 0 0
0.4240563 -0.0850104 -0.0307662 255 0 0
0.4242721 -0.0863857 -0.0311468 255 0 0
0.4238005 -0.0876027 -0.0302580 255 0 0
0.4230968 -0.0887727 -0.0289405 255 0 0
0.4226090 -0.0913283 -0.0280036 255 0 0
0.4218992 -0.0925129 -0.0266746 255 0 0
0.4214195 -0.0937510 -0.0257705 255 0 0
0.4211724 -0.0950396 -0.0252960 255 0 0
0.4209248 -0.0963304 -0.0248206 255 0 0
0.4209115 -0.0976675 -0.0247778 255 0 0
0.4206635 -0.0989617 -0.0243015 255 0 0
0.4215621 0.0493973 -0.0251721 255 0 0
0.4213130 0.0482229 -0.0246930 255 0 0
0.4217706 0.0465374 -0.0255213 255 0 0
0.4254666 0.0425414 -0.0323421 255 0 0
0.4259101 0.0408914 -0.0331448 255 0 0
0.4254401 0.0398899 -0.0322572 255 0 0
0.4254269 0.0385641 -0.0322147 255 0 0
0.4251847 0.0373974 -0.0317486 255 0 0
0.4251715 0.0360705 -0.0317061 255 0 0
0.4251583 0.0347436 -0.0316637 255 0 0
0.4251450 0.0334166 -0.0316212 255 0 0
0.4251318 0.0320896 -0.0315787 255 0 0
0.4253475 0.0306093 -0.0319601 255 0 0
0.4253343 0.0292834 -0.0319177 255 0 0
0.4250920 0.0281087 -0.0314512 255 0 0
0.4250788 0.0267817 -0.0314088 255 0 0
0.4250655 0.0254547 -0.0313662 255 0 0
0.4252814 0.0239799 -0.0317478 255 0 0
0.4252681 0.0226540 -0.0317053 255 0 0
0.4257120 0.0210378 -0.0325091 255 0 0
0.4256987 0.0197142 -0.0324667 255 0 0
0.4256856 0.0183905 -0.0324244 255 0 0
0.4259003 0.0169255 -0.0328040 255 0 0
0.4258871 0.0156029 -0.0327617 255 0 0
0.4261015 0.0141415 -0.0331408 255 0 0
0.4260883 0.0128200 -0.0330985 255 0 0
0.4263023 0.0113622 -0.0334770 255 0 0
0.4262892 0.0100418 -0.0334348 255 0 0
0.4262760 0.0087214 -0.0333925 255 0 0
0.4262628 0.0074011 -0.0333502 255 0 0
0.4262497 0.0060807 -0.0333080 255 0 0
0.4262365 0.0047603 -0.0332657 255 0 0
0.4262233 0.0034399 -0.0332235 255 0 0
0.4264370 0.0019912 -0.0336014 255 0 0
0.4261970 0.0007991 -0.0331389 255 0 0
0.4261838 -0.0005213 -0.0330966 255 0 0
0.4261706 -0.0018418 -0.0330543 255 0 0
0.4263844 -0.0032860 -0.0334325 255 0 0
0.4263712 -0.0046054 -0.0333903 255 0 0
0.4263580 -0.0059247 -0.0333480 255 0 0
0.4263449 -0.0072441 -0.0333058 255 0 0
0.4263317 -0.0085634 -0.0332635 255 0 0
0.4265441 -0.0100003 -0.0336393 255 0 0
0.4263043 -0.0112017 -0.0331771 255 0 0
0.4262912 -0.0125211 -0.0331349 255 0 0
0.4265047 -0.0139551 -0.0335127 255 0 0
0.4262649 -0.0151599 -0.0330504 255 0 0
0.4262516 -0.0164793 -0.0330081 255 0 0
0.4264652 -0.0179100 -0.0333861 255 0 0
0.4264521 -0.0192284 -0.0333439 255 0 0
0.4264389 -0.0205467 -0.0333017 255 0 0
0.4261990 -0.0217571 -0.0328391 255 0 0
0.4264126 -0.0231834 -0.0332173 255 0 0
0.4266258 -0.0246073 -0.0335947 255 0 0
0.4266127 -0.0259245 -0.0335525 255 0 0
0.4265995 -0.0272418 -0.0335104 255 0 0
0.4268124 -0.0286611 -0.0338872 255 0 0
0.4265732 -0.0298764 -0.0334260 255 0 0
0.4267862 -0.0312934 -0.0338030 255 0 0
0.4269987 -0.0327080 -0.0341792 255 0 0
0.4269856 -0.0340232 -0.0341372 255 0 0
0.4271978 -0.0354343 -0.0345129 255 0 0
0.4271847 -0.0367483 -0.0344708 255 0 0
0.4271716 -0.0380623 -0.0344287 255 0 0
0.4273834 -0.0394689 -0.0348038 255 0 0
0.4273703 -0.0407818 -0.0347617 255 0 0
0.4275818 -0.0421849 -0.0351363 255 0 0
0.4275687 -0.0434967 -0.0350943 255 0 0
0.4277799 -0.0448963 -0.0354682 255 0 0
0.4277668 -0.0462071 -0.0354263 255 0 0
0.4277537 -0.0475178 -0.0353843 255 0 0
0.4275164 -0.0487441 -0.0349263 255 0 0
0.4277276 -0.0501393 -0.0353004 255 0 0
0.4279384 -0.0515322 -0.0356738 255 0 0
0.4279243 -0.0528415 -0.0356300 255 0 0
0.4279113 -0.0541512 -0.0355880 255 0 0
0.4276742 -0.0553821 -0.0351306 255 0 0
0.4272000 -0.0578506 -0.0342152 255 0 0
0.4249182 -0.0583992 -0.0299637 255 0 0
0.4235250 -0.0592653 -0.0273607 255 0 0
0.4232803 -0.0605207 -0.0268887 255 0 0
0.4230352 -0.0617783 -0.0264160 255 0 0
0.4232537 -0.0631852 -0.0268034 255 0 0
0.4232404 -0.0645175 -0.0267608 255 0 0
0.4234585 -0.0659209 -0.0271477 255 0 0
0.4232138 -0.0671821 -0.0266755 255 0 0
0.4233390 -0.0779016 -0.0267640 255 0 0
0.4235568 -0.0792924 -0.0271506 255 0 0
0.4237744 -0.0806809 -0.0275364 255 0 0
0.4239915 -0.0820670 -0.0279216 255 0 0
0.4246660 -0.0835619 -0.0291562 255 0 0
0.4246528 -0.0848863 -0.0291137 255 0 0
0.4246396 -0.0862108 -0.0290713 255 0 0
0.4239252 -0.0887064 -0.0277090 255 0 0
0.4236815 -0.0899840 -0.0272386 255 0 0
0.4232061 -0.0912145 -0.0263378 255 0 0
0.4231929 -0.0925459 -0.0262952 255 0 0
0.4224833 -0.0937357 -0.0249594 255 0 0
0.4222371 -0.0950243 -0.0244842 255 0 0
0.4222238 -0.0963602 -0.0244414 255 0 0
0.4222105 -0.0976962 -0.0243986 255 0 0
0.4228557 0.0478980 -0.0247474 255 0 0
0.4228423 0.0465539 -0.0247043 255 0 0
0.4239948 0.0443729 -0.0268307 255 0 0
0.4269653 0.0409076 -0.0323403 255 0 0
0.4267249 0.0397450 -0.0318750 255 0 0
0.4264839 0.0385804 -0.0314088 255 0 0
0.4262427 0.0374137 -0.0309421 255 0 0
0.4262294 0.0360867 -0.0308996 255 0 0
0.4262162 0.0347598 -0.0308571 255 0 0
0.4262030 0.0334328 -0.0308146 255 0 0
0.4264178 0.0319512 -0.0311966 255 0 0
0.4266323 0.0304722 -0.0315780 255 0 0
0.4266191 0.0291475 -0.0315357 255 0 0
0.4263781 0.0279737 -0.0310692 255 0 0
0.4265927 0.0264980 -0.0314508 255 0 0
0.4263517 0.0253219 -0.0309844 255 0 0
0.4267937 0.0237012 -0.0317893 255 0 0
0.4270075 0.0222317 -0.0321696 255 0 0
0.4269943 0.0209091 -0.0321272 255 0 0
0.4272078 0.0194432 -0.0325069 255 0 0
0.4274209 0.0179797 -0.0328859 255 0 0
0.4274077 0.0166594 -0.0328437 255 0 0
0.4276204 0.0151996 -0.0332220 255 0 0
0.4276073 0.0138803 -0.0331798 255 0 0
0.4278196 0.0124241 -0.0335576 255 0 0
0.4275810 0.0112419 -0.0330953 255 0 0
0.4277934 0.0097879 -0.0334732 255 0 0
0.4275546 0.0086035 -0.0330108 255 0 0
0.4277670 0.0071516 -0.0333887 255 0 0
0.4277539 0.0058335 -0.0333466 255 0 0
0.4277408 0.0045153 -0.0333043 255 0 0
0.4279529 0.0030681 -0.0336818 255 0 0
0.4279397 0.0017511 -0.0336396 255 0 0
0.4277013 0.0005608 -0.0331777 255 0 0
0.4279135 -0.0008830 -0.0335552 255 0 0
0.4276750 -0.0020756 -0.0330933 255 0 0
0.4278872 -0.0035172 -0.0334709 255 0 0
0.4278730 -0.0048338 -0.0334268 255 0 0
0.4278599 -0.0061509 -0.0333846 255 0 0
0.4278467 -0.0074680 -0.0333425 255 0 0
0.4280585 -0.0089039 -0.0337194 255 0 0
0.4278205 -0.0101023 -0.0332581 255 0 0
0.4278073 -0.0114195 -0.0332159 255 0 0
0.4280192 -0.0128520 -0.0335930 255 0 0
0.4280060 -0.0141681 -0.0335508 255 0 0
0.4277679 -0.0153710 -0.0330894 255 0 0
0.4279798 -0.0168002 -0.0334666 255 0 0
0.4277416 -0.0180054 -0.0330050 255 0 0
0.4279535 -0.0194324 -0.0333822 255 0 0
0.4277153 -0.0206399 -0.0329207 255 0 0
0.4277022 -0.0219571 -0.0328785 255 0 0
0.4276890 -0.0232744 -0.0328363 255 0 0
0.4279010 -0.0246970 -0.0332138 255 0 0
0.4278879 -0.0260131 -0.0331716 255 0 0
0.4278747 -0.0273293 -0.0331295 255 0 0
0.4278616 -0.0286455 -0.0330873 255 0 0
0.4280733 -0.0300623 -0.0334642 255 0 0
0.4280601 -0.0313774 -0.0334221 255 0 0
0.4282714 -0.0327908 -0.0337984 255 0 0
0.4284823 -0.0342018 -0.0341740 255 0 0
0.4284693 -0.0355146 -0.0341320 255 0 0
0.4284561 -0.0368275 -0.0340899 255 0 0
0.4286668 -0.0382340 -0.0344651 255 0 0
0.4288770 -0.0396380 -0.0348395 255 0 0
0.4288639 -0.0409487 -0.0347975 255 0 0
0.4288508 -0.0422594 -0.0347556 255 0 0
0.4290608 -0.0436589 -0.0351295 255 0 0
0.4290477 -0.0449686 -0.0350875 255 0 0
0.4290347 -0.0462782 -0.0350457 255 0 0
0.4290216 -0.0475879 -0.0350037 255 0 0
0.4287855 -0.0488132 -0.0345457 255 0 0
0.4289954 -0.0502072 -0.0349198 255 0 0
0.4289824 -0.0515169 -0.0348779 255 0 0
0.4291909 -0.0529071 -0.0352494 255 0 0
0.4291779 -0.0542157 -0.0352075 255 0 0
0.4282597 -0.0565222 -0.0334593 255 0 0
0.4246125 -0.0565876 -0.0266371 255 0 0
0.4248293 -0.0579965 -0.0270237 255 0 0
0.4243555 -0.0591729 -0.0261219 255 0 0
0.4243422 -0.0605052 -0.0260791 255 0 0
0.4243289 -0.0618374 -0.0260365 255 0 0
0.4243156 -0.0631697 -0.0259938 255 0 0
0.4243023 -0.0645020 -0.0259511 255 0 0
0.4242890 -0.0658343 -0.0259085 255 0 0
0.4250630 -0.0807238 -0.0271572 255 0 0
0.4252789 -0.0821087 -0.0275424 255 0 0
0.4257216 -0.0835466 -0.0283513 255 0 0
0.4254679 -0.0861424 -0.0278420 255 0 0
0.4247540 -0.0886397 -0.0264735 255 0 0
0.4247408 -0.0899687 -0.0264309 255 0 0
0.4244976 -0.0912486 -0.0259591 255 0 0
0.4242539 -0.0925306 -0.0254861 255 0 0
0.4237788 -0.0937677 -0.0245809 255 0 0
0.4237654 -0.0951013 -0.0245382 255 0 0
0.4235205 -0.0963900 -0.0240629 255 0 0
0.4237388 -0.0977687 -0.0244527 255 0 0
0.4246119 0.0460639 -0.0251932 255 0 0
0.4252929 0.0442228 -0.0264495 255 0 0
0.4264290 0.0420630 -0.0285575 255 0 0
0.4277810 0.0397612 -0.0310698 255 0 0
0.4291203 0.0374822 -0.0335584 255 0 0
0.4295549 0.0358506 -0.0343542 255 0 0
0.4293181 0.0346905 -0.0338933 255 0 0
0.4290808 0.0335284 -0.0334317 255 0 0
0.4286183 0.0325185 -0.0325485 255 0 0
0.4292787 0.0307400 -0.0337668 255 0 0
0.4294893 0.0292720 -0.0341435 255 0 0
0.4290283 0.0282566 -0.0332629 255 0 0
0.4287906 0.0270880 -0.0328004 255 0 0
0.4287774 0.0257689 -0.0327581 255 0 0
0.4285393 0.0245971 -0.0322948 255 0 0
0.4287511 0.0231306 -0.0326737 255 0 0
0.4289625 0.0216665 -0.0330519 255 0 0
0.4287248 0.0204923 -0.0325891 255 0 0
0.4289362 0.0190304 -0.0329674 255 0 0
0.4289231 0.0177124 -0.0329252 255 0 0
0.4291342 0.0162541 -0.0333030 255 0 0
0.4293450 0.0147983 -0.0336800 255 0 0
0.4291079 0.0136201 -0.0332186 255 0 0
0.4293187 0.0121665 -0.0335957 255 0 0
0.4293056 0.0108507 -0.0335536 255 0 0
0.4292925 0.0095348 -0.0335115 255 0 0
0.4295029 0.0080858 -0.0338880 255 0 0
0.4292662 0.0069030 -0.0334272 255 0 0
0.4294766 0.0054563 -0.0338038 255 0 0
0.4294636 0.0041414 -0.0337617 255 0 0
0.4292268 0.0029552 -0.0333008 255 0 0
0.4294374 0.0015118 -0.0336775 255 0 0
0.4294242 0.0001969 -0.0336354 255 0 0
0.4291875 -0.0009927 -0.0331744 255 0 0
0.4291743 -0.0023086 -0.0331322 255 0 0
0.4296071 -0.0038699 -0.0339254 255 0 0
0.4291471 -0.0049401 -0.0330460 255 0 0
0.4293576 -0.0063768 -0.0334229 255 0 0
0.4293445 -0.0076918 -0.0333808 255 0 0
0.4293315 -0.0090067 -0.0333388 255 0 0
0.4293183 -0.0103216 -0.0332966 255 0 0
0.4293052 -0.0116366 -0.0332545 255 0 0
0.4292921 -0.0129515 -0.0332124 255 0 0
0.4292790 -0.0142665 -0.0331703 255 0 0
0.4292658 -0.0155814 -0.0331282 255 0 0
0.4292527 -0.0168964 -0.0330861 255 0 0
0.4294630 -0.0183219 -0.0334626 255 0 0
0.4294499 -0.0196358 -0.0334206 255 0 0
0.4289896 -0.0207329 -0.0325402 255 0 0
0.4292003 -0.0221564 -0.0329176 255 0 0
0.4291871 -0.0234714 -0.0328755 255 0 0
0.4291740 -0.0247865 -0.0328335 255 0 0
0.4291609 -0.0261015 -0.0327913 255 0 0
0.4293713 -0.0275194 -0.0331682 255 0 0
0.4291347 -0.0287317 -0.0327071 255 0 0
0.4295682 -0.0302476 -0.0335023 255 0 0
0.4295551 -0.0315605 -0.0334602 255 0 0
0.4297648 -0.0329713 -0.0338359 255 0 0
0.4299741 -0.0343798 -0.0342109 255 0 0
0.4299610 -0.0356905 -0.0341689 255 0 0
0.4301700 -0.0370955 -0.0345433 255 0 0
0.4301569 -0.0384051 -0.0345013 255 0 0
0.4303656 -0.0398066 -0.0348752 255 0 0
0.4301308 -0.0410243 -0.0344175 255 0 0
0.4305608 -0.0425132 -0.0352064 255 0 0
0.4305477 -0.0438206 -0.0351645 255 0 0
0.4305348 -0.0451281 -0.0351227 255 0 0
0.4303003 -0.0463492 -0.0346656 255 0 0
0.4305076 -0.0477426 -0.0350370 255 0 0
0.4302732 -0.0489660 -0.0345799 255 0 0
0.4300263 -0.0515015 -0.0340820 255 0 0
0.4300123 -0.0528109 -0.0340381 255 0 0
0.4279737 -0.0547164 -0.0301788 255 0 0
0.4254573 -0.0551607 -0.0254402 255 0 0
0.4256735 -0.0565720 -0.0258281 255 0 0
0.4258894 -0.0579810 -0.0262155 255 0 0
0.4258761 -0.0593110 -0.0261729 255 0 0
0.4256337 -0.0605654 -0.0257003 255 0 0
0.4256203 -0.0618965 -0.0256576 255 0 0
0.4258364 -0.0633009 -0.0260451 255 0 0
0.4258231 -0.0646309 -0.0260026 255 0 0
0.4263496 -0.0807666 -0.0267787 255 0 0
0.4265641 -0.0821503 -0.0271638 255 0 0
0.4267773 -0.0835314 -0.0275464 255 0 0
0.4267641 -0.0848559 -0.0275041 255 0 0
0.4262834 -0.0874004 -0.0265662 255 0 0
0.4260287 -0.0900038 -0.0260527 255 0 0
0.4255578 -0.0912333 -0.0251507 255 0 0
0.4253150 -0.0925153 -0.0246771 255 0 0
0.4250719 -0.0937996 -0.0242029 255 0 0
0.4248284 -0.0950860 -0.0237277 255 0 0
0.4250453 -0.0964646 -0.0241175 255 0 0
0.4265888 0.0440729 -0.0260690 255 0 0
0.4268049 0.0425721 -0.0264578 255 0 0
0.4286113 0.0399386 -0.0298395 255 0 0
0.4299475 0.0376567 -0.0323365 255 0 0
0.4301579 0.0361804 -0.0327150 255 0 0
0.4303680 0.0347066 -0.0330929 255 0 0
0.4305777 0.0332353 -0.0334701 255 0 0
0.4305646 0.0319195 -0.0334280 255 0 0
0.4307739 0.0304518 -0.0338046 255 0 0
0.4307608 0.0291371 -0.0337625 255 0 0
0.4309699 0.0276730 -0.0341386 255 0 0
0.4309568 0.0263594 -0.0340965 255 0 0
0.4307215 0.0251932 -0.0336362 255 0 0
0.4309306 0.0237323 -0.0340123 255 0 0
0.4309175 0.0224188 -0.0339703 255 0 0
0.4311261 0.0209615 -0.0343457 255 0 0
0.4308913 0.0197916 -0.0338862 255 0 0
0.4308782 0.0184780 -0.0338441 255 0 0
0.4308651 0.0171644 -0.0338020 255 0 0
0.4310738 0.0157115 -0.0341776 255 0 0
0.4310607 0.0143990 -0.0341356 255 0 0
0.4310476 0.0130865 -0.0340936 255 0 0
0.4312561 0.0116382 -0.0344687 255 0 0
0.4312430 0.0103268 -0.0344267 255 0 0
0.4312299 0.0090154 -0.0343847 255 0 0
0.4312158 0.0077045 -0.0343408 255 0 0
0.4312027 0.0063931 -0.0342988 255 0 0
0.4311897 0.0050816 -0.0342568 255 0 0
0.4309550 0.0038991 -0.0337974 255 0 0
0.4309419 0.0025865 -0.0337553 255 0 0
0.4309289 0.0012739 -0.0337134 255 0 0
0.4311374 -0.0001645 -0.0340888 255 0 0
0.4309027 -0.0013514 -0.0336293 255 0 0
0.4311112 -0.0027875 -0.0340048 255 0 0
0.4310982 -0.0040991 -0.0339628 255 0 0
0.4310851 -0.0054107 -0.0339208 255 0 0
0.4310720 -0.0067222 -0.0338788 255 0 0
0.4310589 -0.0080338 -0.0338368 255 0 0
0.4312671 -0.0094632 -0.0342118 255 0 0
0.4312541 -0.0107736 -0.0341697 255 0 0
0.4310197 -0.0119686 -0.0337107 255 0 0
0.4310066 -0.0132802 -0.0336687 255 0 0
0.4307718 -0.0144784 -0.0332089 255 0 0
0.4309804 -0.0159035 -0.0335847 255 0 0
0.4309674 -0.0172152 -0.0335428 255 0 0
0.4307325 -0.0184167 -0.0330828 255 0 0
0.4309412 -0.0198385 -0.0334587 255 0 0
0.4304842 -0.0209341 -0.0325800 255 0 0
0.4304711 -0.0222480 -0.0325379 255 0 0
0.4304580 -0.0235619 -0.0324958 255 0 0
0.4306671 -0.0249807 -0.0328725 255 0 0
0.4306540 -0.0262935 -0.0328305 255 0 0
0.4308628 -0.0277088 -0.0332067 255 0 0
0.4308497 -0.0290205 -0.0331647 255 0 0
0.4308366 -0.0303323 -0.0331226 255 0 0
0.4310450 -0.0317430 -0.0334983 255 0 0
0.4312531 -0.0331513 -0.0338732 255 0 0
0.4314608 -0.0345572 -0.0342475 255 0 0
0.4314477 -0.0358657 -0.0342056 255 0 0
0.4316551 -0.0372682 -0.0345793 255 0 0
0.4318621 -0.0386683 -0.0349524 255 0 0
0.4316290 -0.0398830 -0.0344956 255 0 0
0.4316160 -0.0411904 -0.0344537 255 0 0
0.4318231 -0.0425873 -0.0348269 255 0 0
0.4318101 -0.0438936 -0.0347852 255 0 0
0.4317960 -0.0451996 -0.0347414 255 0 0
0.4317830 -0.0465059 -0.0346995 255 0 0
0.4319897 -0.0478972 -0.0350722 255 0 0
0.4319767 -0.0492024 -0.0350303 255 0 0
0.4315237 -0.0503422 -0.0341587 255 0 0
0.4306142 -0.0526337 -0.0324084 255 0 0
0.4263167 -0.0523979 -0.0242839 255 0 0
0.4272170 -0.0540567 -0.0259648 255 0 0
0.4269760 -0.0553055 -0.0254925 255 0 0
0.4269627 -0.0566355 -0.0254499 255 0 0
0.4267212 -0.0578876 -0.0249766 255 0 0
0.4271640 -0.0593720 -0.0257946 255 0 0
0.4269230 -0.0606254 -0.0253221 255 0 0
0.4271376 -0.0620297 -0.0257095 255 0 0
0.4271243 -0.0633586 -0.0256669 255 0 0
0.4276206 -0.0821350 -0.0263582 255 0 0
0.4278329 -0.0835161 -0.0267416 255 0 0
0.4278198 -0.0848406 -0.0266992 255 0 0
0.4275800 -0.0861117 -0.0262291 255 0 0
0.4273398 -0.0873849 -0.0257581 255 0 0
0.4270871 -0.0899885 -0.0252458 255 0 0
0.4268328 -0.0925964 -0.0247306 255 0 0
0.4265782 -0.0952088 -0.0242146 255 0 0
0.4280973 0.0424239 -0.0260779 255 0 0
0.4285389 0.0407641 -0.0268961 255 0 0
0.4298801 0.0384690 -0.0294169 255 0 0
0.4312088 0.0361965 -0.0319139 255 0 0
0.4316399 0.0345671 -0.0327125 255 0 0
0.4316268 0.0332513 -0.0326704 255 0 0
0.4318352 0.0317824 -0.0330476 255 0 0
0.4322641 0.0301646 -0.0338422 255 0 0
0.4322511 0.0288521 -0.0338002 255 0 0
0.4324585 0.0273907 -0.0341755 255 0 0
0.4322249 0.0262273 -0.0337161 255 0 0
0.4324324 0.0247680 -0.0340916 255 0 0
0.4326394 0.0233112 -0.0344663 255 0 0
0.4324062 0.0221453 -0.0340076 255 0 0
0.4326133 0.0206907 -0.0343824 255 0 0
0.4323801 0.0195226 -0.0339236 255 0 0
0.4323670 0.0182112 -0.0338815 255 0 0
0.4325741 0.0167599 -0.0342565 255 0 0
0.4325611 0.0154496 -0.0342146 255 0 0
0.4323278 0.0142770 -0.0337556 255 0 0
0.4325350 0.0128289 -0.0341307 255 0 0
0.4325219 0.0115186 -0.0340886 255 0 0
0.4327277 0.0100747 -0.0344612 255 0 0
0.4327147 0.0087655 -0.0344193 255 0 0
0.4327016 0.0074562 -0.0343773 255 0 0
0.4326886 0.0061470 -0.0343354 255 0 0
0.4326755 0.0048377 -0.0342934 255 0 0
0.4326625 0.0035284 -0.0342516 255 0 0
0.4326494 0.0022191 -0.0342096 255 0 0
0.4326364 0.0009098 -0.0341677 255 0 0
0.4326233 -0.0003995 -0.0341257 255 0 0
0.4323903 -0.0015846 -0.0336671 255 0 0
0.4328168 -0.0031411 -0.0344579 255 0 0
0.4328038 -0.0044493 -0.0344160 255 0 0
0.4330100 -0.0058781 -0.0347896 255 0 0
0.4327777 -0.0070658 -0.0343322 255 0 0
0.4329840 -0.0084924 -0.0347058 255 0 0
0.4331899 -0.0099166 -0.0350789 255 0 0
0.4329579 -0.0111068 -0.0346221 255 0 0
0.4327255 -0.0122990 -0.0341646 255 0 0
0.4327125 -0.0136073 -0.0341227 255 0 0
0.4326994 -0.0149156 -0.0340808 255 0 0
0.4324667 -0.0161121 -0.0336225 255 0 0
0.4326734 -0.0175323 -0.0339970 255 0 0
0.4326603 -0.0188407 -0.0339551 255 0 0
0.4324276 -0.0200405 -0.0334967 255 0 0
0.4324145 -0.0213500 -0.0334547 255 0 0
0.4324014 -0.0226595 -0.0334128 255 0 0
0.4323884 -0.0239690 -0.0333709 255 0 0
0.4323753 -0.0252785 -0.0333290 255 0 0
0.4323623 -0.0265880 -0.0332870 255 0 0
0.4323493 -0.0278976 -0.0332451 255 0 0
0.4325560 -0.0293079 -0.0336199 255 0 0
0.4325430 -0.0306163 -0.0335780 255 0 0
0.4325299 -0.0319248 -0.0335361 255 0 0
0.4329556 -0.0334278 -0.0343259 255 0 0
0.4329425 -0.0347340 -0.0342841 255 0 0
0.4327103 -0.0359454 -0.0338266 255 0 0
0.4331352 -0.0374403 -0.0346152 255 0 0
0.4331223 -0.0387455 -0.0345734 255 0 0
0.4333277 -0.0401421 -0.0349459 255 0 0
0.4333137 -0.0414458 -0.0349022 255 0 0
0.4330823 -0.0426608 -0.0344462 255 0 0
0.4332877 -0.0440541 -0.0348187 255 0 0
0.4334928 -0.0454451 -0.0351906 255 0 0
0.4332617 -0.0466624 -0.0347351 255 0 0
0.4332487 -0.0479666 -0.0346934 255 0 0
0.4330172 -0.0491871 -0.0342371 255 0 0
0.4318939 -0.0513887 -0.0320719 255 0 0
0.4289811 -0.0516331 -0.0265292 255 0 0
0.4289678 -0.0529585 -0.0264867 255 0 0
0.4289547 -0.0542838 -0.0264443 255 0 0
0.4287157 -0.0555297 -0.0259735 255 0 0
0.4284763 -0.0567776 -0.0255020 255 0 0
0.4280096 -0.0579499 -0.0245990 255 0 0
0.4282233 -0.0593565 -0.0249870 255 0 0
0.4284366 -0.0607607 -0.0253744 255 0 0
0.4281968 -0.0620143 -0.0249019 255 0 0
0.4288896 -0.0835011 -0.0259386 255 0 0
0.4288754 -0.0848254 -0.0258943 255 0 0
0.4288622 -0.0861499 -0.0258519 255 0 0
0.4286233 -0.0874221 -0.0253810 255 0 0
0.4281455 -0.0899733 -0.0244388 255 0 0
0.4281312 -0.0913010 -0.0243943 255 0 0
0.4281180 -0.0926290 -0.0243518 255 0 0
0.4281047 -0.0939570 -0.0243093 255 0 0
0.4298265 0.0406179 -0.0265167 255 0 0
0.4307123 0.0386453 -0.0281852 255 0 0
0.4315931 0.0366854 -0.0298442 255 0 0
0.4326889 0.0345832 -0.0319127 255 0 0
0.4333367 0.0328054 -0.0331285 255 0 0
0.4333236 0.0314930 -0.0330865 255 0 0
0.4335301 0.0300293 -0.0334624 255 0 0
0.4339552 0.0284184 -0.0342544 255 0 0
0.4337232 0.0272578 -0.0337958 255 0 0
0.4339291 0.0258002 -0.0341705 255 0 0
0.4343527 0.0241991 -0.0349599 255 0 0
0.4345575 0.0227477 -0.0353327 255 0 0
0.4343266 0.0215853 -0.0348761 255 0 0
0.4338769 0.0205636 -0.0340028 255 0 0
0.4336449 0.0193963 -0.0335440 255 0 0
0.4336319 0.0180860 -0.0335021 255 0 0
0.4340563 0.0164966 -0.0342932 255 0 0
0.4340433 0.0151885 -0.0342513 255 0 0
0.4340292 0.0138810 -0.0342075 255 0 0
0.4340162 0.0125729 -0.0341656 255 0 0
0.4340032 0.0112648 -0.0341237 255 0 0
0.4342084 0.0098229 -0.0344974 255 0 0
0.4341954 0.0085159 -0.0344556 255 0 0
0.4344003 0.0070775 -0.0348289 255 0 0
0.4343873 0.0057715 -0.0347870 255 0 0
0.4343743 0.0044656 -0.0347452 255 0 0
0.4343612 0.0031596 -0.0347034 255 0 0
0.4345658 0.0017269 -0.0350760 255 0 0
0.4345528 0.0004220 -0.0350342 255 0 0
0.4345399 -0.0008830 -0.0349925 255 0 0
0.4345268 -0.0021879 -0.0349506 255 0 0
0.4347311 -0.0036149 -0.0353228 255 0 0
0.4347181 -0.0049188 -0.0352810 255 0 0
0.4347051 -0.0062226 -0.0352393 255 0 0
0.4346921 -0.0075265 -0.0351975 255 0 0
0.4348961 -0.0089479 -0.0355691 255 0 0
0.4348831 -0.0102507 -0.0355274 255 0 0
0.4348702 -0.0115535 -0.0354857 255 0 0
0.4346401 -0.0127421 -0.0350304 255 0 0
0.4346272 -0.0140461 -0.0349887 255 0 0
0.4346142 -0.0153500 -0.0349469 255 0 0
0.4346012 -0.0166539 -0.0349051 255 0 0
0.4343708 -0.0178479 -0.0344491 255 0 0
0.4345752 -0.0192618 -0.0348216 255 0 0
0.4345622 -0.0205658 -0.0347799 255 0 0
0.4341140 -0.0216562 -0.0339085 255 0 0
0.4341010 -0.0229624 -0.0338667 255 0 0
0.4343058 -0.0243733 -0.0342400 255 0 0
0.4340750 -0.0255748 -0.0337830 255 0 0
0.4338437 -0.0267783 -0.0333251 255 0 0
0.4340489 -0.0281873 -0.0336993 255 0 0
0.4340359 -0.0294935 -0.0336575 255 0 0
0.4340229 -0.0307998 -0.0336157 255 0 0
0.4344453 -0.0323021 -0.0344039 255 0 0
0.4344322 -0.0336062 -0.0343621 255 0 0
0.4344192 -0.0349103 -0.0343204 255 0 0
0.4344063 -0.0362144 -0.0342786 255 0 0
0.4346105 -0.0376119 -0.0346510 255 0 0
0.4343803 -0.0388226 -0.0341951 255 0 0
0.4345835 -0.0402175 -0.0345657 255 0 0
0.4345706 -0.0415206 -0.0345240 255 0 0
0.4343403 -0.0427346 -0.0340678 255 0 0
0.4345446 -0.0441267 -0.0344405 255 0 0
0.4345316 -0.0454298 -0.0343987 255 0 0
0.4345186 -0.0467329 -0.0343570 255 0 0
0.4318618 -0.0483275 -0.0292551 255 0 0
0.4302884 -0.0490519 -0.0262367 255 0 0
0.4298259 -0.0502080 -0.0253372 255 0 0
0.4300376 -0.0516175 -0.0257237 255 0 0
0.4297995 -0.0528610 -0.0252523 255 0 0
0.4300111 -0.0542684 -0.0256388 255 0 0
0.4299979 -0.0555938 -0.0255963 255 0 0
0.4297599 -0.0568407 -0.0251248 255 0 0
0.4295214 -0.0580898 -0.0246525 255 0 0
0.4299583 -0.0595701 -0.0254689 255 0 0
0.4301422 -0.0861880 -0.0254754 255 0 0
0.4296800 -0.0874068 -0.0245754 255 0 0
0.4296667 -0.0887325 -0.0245329 255 0 0
0.4296535 -0.0900582 -0.0244905 255 0 0
0.4296403 -0.0913839 -0.0244480 255 0 0
0.4294019 -0.0926617 -0.0239756 255 0 0
0.4317695 0.0386615 -0.0273792 255 0 0
0.4322022 0.0370181 -0.0281903 255 0 0
0.4332973 0.0349108 -0.0302694 255 0 0
0.4339447 0.0331292 -0.0314915 255 0 0
0.4341510 0.0316617 -0.0318694 255 0 0
0.4347940 0.0298943 -0.0330833 255 0 0
0.4354337 0.0281358 -0.0342910 255 0 0
0.4360702 0.0263862 -0.0354927 255 0 0
0.4367026 0.0246461 -0.0366864 255 0 0
0.4369044 0.0232015 -0.0370559 255 0 0
0.4364616 0.0221886 -0.0361913 255 0 0
0.4362332 0.0210296 -0.0357370 255 0 0
0.4357882 0.0200104 -0.0348680 255 0 0
0.4355586 0.0188466 -0.0344115 255 0 0
0.4357621 0.0174009 -0.0347844 255 0 0
0.4359654 0.0159575 -0.0351567 255 0 0
0.4355196 0.0149289 -0.0342861 255 0 0
0.4355065 0.0136230 -0.0342442 255 0 0
0.4357102 0.0121816 -0.0346173 255 0 0
0.4359134 0.0107426 -0.0349897 255 0 0
0.4359004 0.0094389 -0.0349479 255 0 0
0.4361034 0.0080034 -0.0353198 255 0 0
0.4363060 0.0065702 -0.0356910 255 0 0
0.4362931 0.0052686 -0.0356493 255 0 0
0.4362801 0.0039670 -0.0356077 255 0 0
0.4360515 0.0027926 -0.0351528 255 0 0
0.4362542 0.0013638 -0.0355242 255 0 0
0.4362412 0.0000622 -0.0354826 255 0 0
0.4364435 -0.0013632 -0.0358533 255 0 0
0.4364306 -0.0026637 -0.0358117 255 0 0
0.4364176 -0.0039643 -0.0357700 255 0 0
0.4366196 -0.0053851 -0.0361402 255 0 0
0.4368213 -0.0068035 -0.0365098 255 0 0
0.4365937 -0.0079841 -0.0360570 255 0 0
0.4367954 -0.0094004 -0.0364267 255 0 0
0.4365678 -0.0105832 -0.0359737 255 0 0
0.4367695 -0.0119973 -0.0363434 255 0 0
0.4365420 -0.0131823 -0.0358905 255 0 0
0.4365290 -0.0144818 -0.0358488 255 0 0
0.4363010 -0.0156700 -0.0353950 255 0 0
0.4362880 -0.0169706 -0.0353533 255 0 0
0.4362751 -0.0182713 -0.0353117 255 0 0
0.4362621 -0.0195720 -0.0352700 255 0 0
0.4362492 -0.0208727 -0.0352283 255 0 0
0.4360208 -0.0220672 -0.0347737 255 0 0
0.4360078 -0.0233691 -0.0347320 255 0 0
0.4359949 -0.0246709 -0.0346903 255 0 0
0.4359819 -0.0259727 -0.0346486 255 0 0
0.4359689 -0.0272746 -0.0346069 255 0 0
0.4359559 -0.0285765 -0.0345652 255 0 0
0.4359430 -0.0298783 -0.0345235 255 0 0
0.4359300 -0.0311802 -0.0344818 255 0 0
0.4359170 -0.0324821 -0.0344401 255 0 0
0.4359041 -0.0337840 -0.0343984 255 0 0
0.4358911 -0.0350859 -0.0343567 255 0 0
0.4358771 -0.0363874 -0.0343131 255 0 0
0.4358642 -0.0376893 -0.0342714 255 0 0
0.4360668 -0.0390833 -0.0346431 255 0 0
0.4356222 -0.0402021 -0.0337737 255 0 0
0.4356093 -0.0415052 -0.0337320 255 0 0
0.4355963 -0.0428083 -0.0336902 255 0 0
0.4353669 -0.0440234 -0.0332335 255 0 0
0.4355703 -0.0454144 -0.0336067 255 0 0
0.4306988 -0.0461252 -0.0242285 255 0 0
0.4309098 -0.0475394 -0.0246161 255 0 0
0.4308966 -0.0488659 -0.0245736 255 0 0
0.4311073 -0.0502766 -0.0249606 255 0 0
0.4308701 -0.0515190 -0.0244886 255 0 0
0.4308569 -0.0528455 -0.0244461 255 0 0
0.4308437 -0.0541721 -0.0244036 255 0 0
0.4310544 -0.0555783 -0.0247908 255 0 0
0.4305930 -0.0567466 -0.0238882 255 0 0
0.4308041 -0.0581518 -0.0242761 255 0 0
0.4309208 -0.0914177 -0.0240723 255 0 0
0.4332575 0.0370343 -0.0273857 255 0 0
0.4334659 0.0355534 -0.0277698 255 0 0
0.4338946 0.0339194 -0.0285782 255 0 0
0.4358517 0.0312205 -0.0323288 255 0 0
0.4375641 0.0287117 -0.0356087 255 0 0
0.4375511 0.0274103 -0.0355670 255 0 0
0.4375381 0.0261089 -0.0355253 255 0 0
0.4379533 0.0245167 -0.0363077 255 0 0
0.4379403 0.0232174 -0.0362661 255 0 0
0.4379274 0.0219181 -0.0362245 255 0 0
0.4377005 0.0207608 -0.0357710 255 0 0
0.4374734 0.0196015 -0.0353168 255 0 0
0.4374604 0.0183000 -0.0352751 255 0 0
0.4374475 0.0169985 -0.0352334 255 0 0
0.4374345 0.0156969 -0.0351917 255 0 0
0.4374215 0.0143954 -0.0351500 255 0 0
0.4374085 0.0130938 -0.0351083 255 0 0
0.4373956 0.0117923 -0.0350667 255 0 0
0.4375969 0.0103572 -0.0354378 255 0 0
0.4375840 0.0090567 -0.0353961 255 0 0
0.4377851 0.0076252 -0.0357666 255 0 0
0.4379857 0.0061959 -0.0361366 255 0 0
0.4381861 0.0047691 -0.0365058 255 0 0
0.4381732 0.0034719 -0.0364642 255 0 0
0.4381603 0.0021746 -0.0364227 255 0 0
0.4383603 0.0007523 -0.0367914 255 0 0
0.4383474 -0.0005439 -0.0367499 255 0 0
0.4385471 -0.0019628 -0.0371180 255 0 0
0.4383216 -0.0031364 -0.0366669 255 0 0
0.4385213 -0.0045531 -0.0370351 255 0 0
0.4382958 -0.0057289 -0.0365838 255 0 0
0.4384955 -0.0071434 -0.0369521 255 0 0
0.4384827 -0.0084386 -0.0369107 255 0 0
0.4386821 -0.0098498 -0.0372783 255 0 0
0.4384568 -0.0110290 -0.0368276 255 0 0
0.4384440 -0.0123243 -0.0367862 255 0 0
0.4384311 -0.0136195 -0.0367447 255 0 0
0.4386306 -0.0150264 -0.0371125 255 0 0
0.4381925 -0.0160992 -0.0362516 255 0 0
0.4381796 -0.0173956 -0.0362101 255 0 0
0.4381667 -0.0186919 -0.0361685 255 0 0
0.4381538 -0.0199883 -0.0361270 255 0 0
0.4381409 -0.0212847 -0.0360855 255 0 0
0.4377013 -0.0223699 -0.0352215 255 0 0
0.4376884 -0.0236684 -0.0351799 255 0 0
0.4378890 -0.0250705 -0.0355499 255 0 0
0.4374486 -0.0261630 -0.0346842 255 0 0
0.4376496 -0.0275642 -0.0350550 255 0 0
0.4376357 -0.0288623 -0.0350116 255 0 0
0.4376227 -0.0301609 -0.0349700 255 0 0
0.4373958 -0.0313613 -0.0345158 255 0 0
0.4373828 -0.0326610 -0.0344741 255 0 0
0.4375839 -0.0340568 -0.0348451 255 0 0
0.4375710 -0.0353555 -0.0348036 255 0 0
0.4377717 -0.0367479 -0.0351739 255 0 0
0.4371167 -0.0377671 -0.0338942 255 0 0
0.4371037 -0.0390679 -0.0338525 255 0 0
0.4375193 -0.0405502 -0.0346372 255 0 0
0.4366480 -0.0414898 -0.0329400 255 0 0
0.4368502 -0.0428818 -0.0333133 255 0 0
0.4359744 -0.0438317 -0.0316074 255 0 0
0.4319936 -0.0448708 -0.0238949 255 0 0
0.4319804 -0.0461973 -0.0238523 255 0 0
0.4317439 -0.0474372 -0.0233790 255 0 0
0.4323996 -0.0490208 -0.0246270 255 0 0
0.4321638 -0.0502611 -0.0241551 255 0 0
0.4321505 -0.0515865 -0.0241126 255 0 0
0.4321374 -0.0529119 -0.0240702 255 0 0
0.4323469 -0.0543180 -0.0244574 255 0 0
0.4323337 -0.0556423 -0.0244150 255 0 0
0.4342997 0.0357268 -0.0265388 255 0 0
0.4345072 0.0342471 -0.0269235 255 0 0
0.4349342 0.0326153 -0.0277333 255 0 0
0.4390280 0.0284303 -0.0356427 255 0 0
0.4390151 0.0271310 -0.0356012 255 0 0
0.4387892 0.0259781 -0.0351472 255 0 0
0.4392018 0.0243875 -0.0359297 255 0 0
0.4391889 0.0230892 -0.0358881 255 0 0
0.4391760 0.0217910 -0.0358465 255 0 0
0.4391631 0.0204928 -0.0358049 255 0 0
0.4395744 0.0189139 -0.0365849 255 0 0
0.4397731 0.0174790 -0.0369532 255 0 0
0.4395486 0.0163218 -0.0365018 255 0 0
0.4393237 0.0151626 -0.0360497 255 0 0
0.4390984 0.0140015 -0.0355969 255 0 0
0.4392979 0.0125682 -0.0359666 255 0 0
0.4392850 0.0112710 -0.0359251 255 0 0
0.4394841 0.0098412 -0.0362942 255 0 0
0.4392591 0.0086766 -0.0358419 255 0 0
0.4394583 0.0072488 -0.0362112 255 0 0
0.4396571 0.0058235 -0.0365798 255 0 0
0.4398555 0.0044006 -0.0369478 255 0 0
0.4398426 0.0031066 -0.0369063 255 0 0
0.4398298 0.0018125 -0.0368648 255 0 0
0.4400279 0.0003940 -0.0372323 255 0 0
0.4398040 -0.0007756 -0.0367819 255 0 0
0.4400022 -0.0021919 -0.0371495 255 0 0
0.4399893 -0.0034849 -0.0371080 255 0 0
0.4399765 -0.0047779 -0.0370666 255 0 0
0.4399636 -0.0060709 -0.0370252 255 0 0
0.4399507 -0.0073640 -0.0369838 255 0 0
0.4401486 -0.0087737 -0.0373508 255 0 0
0.4403462 -0.0101810 -0.0377173 255 0 0
0.4403324 -0.0114714 -0.0376740 255 0 0
0.4400962 -0.0139411 -0.0371833 255 0 0
0.4398606 -0.0164154 -0.0366937 255 0 0
0.4398467 -0.0177080 -0.0366504 255 0 0
0.4396227 -0.0188930 -0.0361996 255 0 0
0.4393982 -0.0200798 -0.0357480 255 0 0
0.4393853 -0.0213751 -0.0357065 255 0 0
0.4391605 -0.0225651 -0.0352541 255 0 0
0.4393595 -0.0239658 -0.0356235 255 0 0
0.4391347 -0.0251580 -0.0351711 255 0 0
0.4391218 -0.0264544 -0.0351295 255 0 0
0.4391089 -0.0277508 -0.0350880 255 0 0
0.4390959 -0.0290473 -0.0350465 255 0 0
0.4390830 -0.0303437 -0.0350049 255 0 0
0.4390701 -0.0316402 -0.0349633 255 0 0
0.4390572 -0.0329367 -0.0349219 255 0 0
0.4392564 -0.0343287 -0.0352915 255 0 0
0.4390314 -0.0355296 -0.0348388 255 0 0
0.4392306 -0.0369196 -0.0352085 255 0 0
0.4392177 -0.0382150 -0.0351670 255 0 0
0.4387802 -0.0393277 -0.0343021 255 0 0
0.4387673 -0.0406254 -0.0342605 255 0 0
0.4385416 -0.0418336 -0.0338062 255 0 0
0.4374592 -0.0426885 -0.0316900 255 0 0
0.4337292 -0.0437979 -0.0244212 255 0 0
0.4332731 -0.0449439 -0.0235195 255 0 0
0.4334816 -0.0463568 -0.0239071 255 0 0
0.4332467 -0.0475947 -0.0234345 255 0 0
0.4334553 -0.0490053 -0.0238223 255 0 0
0.4332203 -0.0502455 -0.0233496 255 0 0
0.4332071 -0.0515710 -0.0233071 255 0 0
0.4336370 -0.0530599 -0.0241244 255 0 0
0.4334025 -0.0543025 -0.0236526 255 0 0
0.4355748 0.0355857 -0.0261619 255 0 0
0.4355617 0.0342633 -0.0261195 255 0 0
0.4357679 0.0327859 -0.0265043 255 0 0
0.4359737 0.0313112 -0.0268884 255 0 0
0.4400510 0.0271469 -0.0348114 255 0 0
0.4404612 0.0255556 -0.0355937 255 0 0
0.4402369 0.0244033 -0.0351405 255 0 0
0.4404354 0.0229613 -0.0355106 255 0 0
0.4408443 0.0213797 -0.0362905 255 0 0
0.4406207 0.0202258 -0.0358386 255 0 0
0.4408185 0.0187897 -0.0362074 255 0 0
0.4410160 0.0173560 -0.0365758 255 0 0
0.4407927 0.0161997 -0.0361245 255 0 0
0.4409903 0.0147681 -0.0364929 255 0 0
0.4407670 0.0136096 -0.0360416 255 0 0
0.4407541 0.0123146 -0.0360000 255 0 0
0.4409516 0.0108862 -0.0363685 255 0 0
0.4407283 0.0097244 -0.0359171 255 0 0
0.4407154 0.0084293 -0.0358756 255 0 0
0.4411231 0.0068745 -0.0366535 255 0 0
0.4411103 0.0055815 -0.0366121 255 0 0
0.4413072 0.0041611 -0.0369794 255 0 0
0.4415038 0.0027431 -0.0373462 255 0 0
0.4412815 0.0015773 -0.0368967 255 0 0
0.4416873 0.0000376 -0.0376710 255 0 0
0.4414653 -0.0011294 -0.0372221 255 0 0
0.4414524 -0.0024203 -0.0371808 255 0 0
0.4416487 -0.0038317 -0.0375470 255 0 0
0.4416359 -0.0051215 -0.0375057 255 0 0
0.4416231 -0.0064113 -0.0374644 255 0 0
0.4418181 -0.0078177 -0.0378282 255 0 0
0.4415964 -0.0089904 -0.0373798 255 0 0
0.4415836 -0.0102803 -0.0373385 255 0 0
0.4415708 -0.0115701 -0.0372972 255 0 0
0.4413487 -0.0127469 -0.0368480 255 0 0
0.4415451 -0.0141498 -0.0372145 255 0 0
0.4413230 -0.0153288 -0.0367653 255 0 0
0.4413101 -0.0166197 -0.0367239 255 0 0
0.4410876 -0.0178018 -0.0362739 255 0 0
0.4410748 -0.0190938 -0.0362324 255 0 0
0.4408519 -0.0202789 -0.0357816 255 0 0
0.4408390 -0.0215721 -0.0357402 255 0 0
0.4408262 -0.0228652 -0.0356988 255 0 0
0.4406029 -0.0240545 -0.0352471 255 0 0
0.4405901 -0.0253487 -0.0352057 255 0 0
0.4405771 -0.0266430 -0.0351641 255 0 0
0.4405643 -0.0279373 -0.0351227 255 0 0
0.4407618 -0.0293312 -0.0354915 255 0 0
0.4405385 -0.0305259 -0.0350398 255 0 0
0.4405256 -0.0318202 -0.0349983 255 0 0
0.4405127 -0.0331145 -0.0349568 255 0 0
0.4402891 -0.0343134 -0.0345042 255 0 0
0.4404870 -0.0357032 -0.0348739 255 0 0
0.4402633 -0.0369043 -0.0344212 255 0 0
0.4404612 -0.0382919 -0.0347909 255 0 0
0.4402375 -0.0394952 -0.0343382 255 0 0
0.4398018 -0.0406101 -0.0334719 255 0 0
0.4363424 -0.0417745 -0.0266907 255 0 0
0.4345767 -0.0423685 -0.0232295 255 0 0
0.4343428 -0.0436030 -0.0227564 255 0 0
0.4343296 -0.0449284 -0.0227139 255 0 0
0.4343164 -0.0462538 -0.0226715 255 0 0
0.4343032 -0.0475792 -0.0226290 255 0 0
0.4345109 -0.0489898 -0.0230174 255 0 0
0.4344977 -0.0503141 -0.0229750 255 0 0
0.4342636 -0.0515554 -0.0225016 255 0 0
0.4368215 0.0328021 -0.0257010 255 0 0
0.4372441 0.0311741 -0.0265122 255 0 0
0.4372310 0.0298549 -0.0264699 255 0 0
0.4406513 0.0261565 -0.0331519 255 0 0
0.4416927 0.0241297 -0.0351753 255 0 0
0.4416798 0.0228337 -0.0351337 255 0 0
0.4418768 0.0213954 -0.0355033 255 0 0
0.4416541 0.0202415 -0.0350507 255 0 0
0.4416412 0.0189454 -0.0350092 255 0 0
0.4420477 0.0173717 -0.0357893 255 0 0
0.4424528 0.0158033 -0.0365667 255 0 0
0.4428567 0.0142400 -0.0373416 255 0 0
0.4424272 0.0132197 -0.0364839 255 0 0
0.4422054 0.0120618 -0.0360333 255 0 0
0.4428182 0.0103710 -0.0372176 255 0 0
0.4425972 0.0092126 -0.0367684 255 0 0
0.4423757 0.0080523 -0.0363184 255 0 0
0.4423629 0.0067605 -0.0362769 255 0 0
0.4427668 0.0052122 -0.0370523 255 0 0
0.4429619 0.0037956 -0.0374184 255 0 0
0.4433639 0.0022561 -0.0381899 255 0 0
0.4431438 0.0010938 -0.0377426 255 0 0
0.4431311 -0.0001938 -0.0377013 255 0 0
0.4433255 -0.0016036 -0.0380662 255 0 0
0.4432989 -0.0041762 -0.0379819 255 0 0
0.4432861 -0.0054628 -0.0379407 255 0 0
0.4432733 -0.0067494 -0.0378994 255 0 0
0.4430532 -0.0079193 -0.0374519 255 0 0
0.4432477 -0.0093226 -0.0378169 255 0 0
0.4432349 -0.0106093 -0.0377758 255 0 0
0.4432221 -0.0118959 -0.0377345 255 0 0
0.4432094 -0.0131826 -0.0376933 255 0 0
0.4429892 -0.0143578 -0.0372455 255 0 0
0.4429764 -0.0156456 -0.0372043 255 0 0
0.4429635 -0.0169333 -0.0371630 255 0 0
0.4425349 -0.0180041 -0.0363065 255 0 0
0.4425221 -0.0192940 -0.0362652 255 0 0
0.4423008 -0.0204773 -0.0358151 255 0 0
0.4422880 -0.0217683 -0.0357738 255 0 0
0.4422751 -0.0230593 -0.0357324 255 0 0
0.4420534 -0.0242468 -0.0352815 255 0 0
0.4418314 -0.0254362 -0.0348299 255 0 0
0.4420277 -0.0268310 -0.0351987 255 0 0
0.4418056 -0.0280226 -0.0347470 255 0 0
0.4417928 -0.0293159 -0.0347056 255 0 0
0.4417799 -0.0306091 -0.0346641 255 0 0
0.4415575 -0.0318049 -0.0342116 255 0 0
0.4417542 -0.0331956 -0.0345812 255 0 0
0.4415317 -0.0343935 -0.0341287 255 0 0
0.4413089 -0.0355935 -0.0336753 255 0 0
0.4415060 -0.0369823 -0.0340458 255 0 0
0.4414931 -0.0382766 -0.0340042 255 0 0
0.4412702 -0.0394799 -0.0335508 255 0 0
0.4369699 -0.0402599 -0.0250818 255 0 0
0.4358650 -0.0411205 -0.0228977 255 0 0
0.4358519 -0.0424436 -0.0228553 255 0 0
0.4358387 -0.0437667 -0.0228129 255 0 0
0.4356061 -0.0450014 -0.0223398 255 0 0
0.4353730 -0.0462382 -0.0218659 255 0 0
0.4355797 -0.0476500 -0.0222550 255 0 0
0.4357860 -0.0490593 -0.0226433 255 0 0
0.4355534 -0.0502986 -0.0221701 255 0 0
0.4380792 0.0313433 -0.0252833 255 0 0
0.4384993 0.0297193 -0.0260944 255 0 0
0.4389181 0.0281006 -0.0269029 255 0 0
0.4397644 0.0261912 -0.0285535 255 0 0
0.4427132 0.0228494 -0.0343459 255 0 0
0.4433263 0.0211276 -0.0355374 255 0 0
0.4441431 0.0192746 -0.0371305 255 0 0
0.4443369 0.0178477 -0.0374962 255 0 0
0.4443242 0.0165601 -0.0374550 255 0 0
0.4445176 0.0151366 -0.0378201 255 0 0
0.4445048 0.0138501 -0.0377789 255 0 0
0.4440791 0.0128317 -0.0369241 255 0 0
0.4438593 0.0116763 -0.0364750 255 0 0
0.4444664 0.0099907 -0.0376552 255 0 0
0.4444536 0.0087042 -0.0376140 255 0 0
0.4444408 0.0074177 -0.0375727 255 0 0
0.4444280 0.0061312 -0.0375315 255 0 0
0.4448269 0.0045904 -0.0383016 255 0 0
0.4448141 0.0033059 -0.0382604 255 0 0
0.4450058 0.0018974 -0.0386221 255 0 0
0.4449930 0.0006140 -0.0385809 255 0 0
0.4451852 -0.0007917 -0.0389439 255 0 0
0.4449674 -0.0019527 -0.0384987 255 0 0
0.4449547 -0.0032361 -0.0384575 255 0 0
0.4449419 -0.0045196 -0.0384165 255 0 0
0.4447238 -0.0056846 -0.0379705 255 0 0
0.4449164 -0.0070864 -0.0383342 255 0 0
0.4449036 -0.0083698 -0.0382930 255 0 0
0.4446855 -0.0095381 -0.0378470 255 0 0
0.4446726 -0.0108227 -0.0378058 255 0 0
0.4446599 -0.0121072 -0.0377647 255 0 0
0.4442351 -0.0131672 -0.0369112 255 0 0
0.4440159 -0.0143424 -0.0364628 255 0 0
0.4442095 -0.0157406 -0.0368287 255 0 0
0.4439902 -0.0169180 -0.0363803 255 0 0
0.4437705 -0.0180973 -0.0359310 255 0 0
0.4437577 -0.0193862 -0.0358898 255 0 0
0.4437449 -0.0206750 -0.0358485 255 0 0
0.4437321 -0.0219639 -0.0358072 255 0 0
0.4435120 -0.0231485 -0.0353571 255 0 0
0.4432915 -0.0243350 -0.0349063 255 0 0
0.4432787 -0.0256261 -0.0348649 255 0 0
0.4432658 -0.0269171 -0.0348236 255 0 0
0.4430450 -0.0281078 -0.0343720 255 0 0
0.4428238 -0.0293005 -0.0339195 255 0 0
0.4430193 -0.0306922 -0.0342892 255 0 0
0.4430064 -0.0319843 -0.0342477 255 0 0
0.4427852 -0.0331803 -0.0337952 255 0 0
0.4427723 -0.0344736 -0.0337538 255 0 0
0.4425507 -0.0356726 -0.0333005 255 0 0
0.4425378 -0.0369670 -0.0332590 255 0 0
0.4418965 -0.0379842 -0.0319777 255 0 0
0.4375995 -0.0387401 -0.0234675 255 0 0
0.4369330 -0.0397818 -0.0221359 255 0 0
0.4369198 -0.0411049 -0.0220935 255 0 0
0.4369066 -0.0424280 -0.0220512 255 0 0
0.4368935 -0.0437512 -0.0220087 255 0 0
0.4366617 -0.0449858 -0.0215350 255 0 0
0.4368671 -0.0463975 -0.0219239 255 0 0
0.4368540 -0.0477206 -0.0218815 255 0 0
0.4395503 0.0297353 -0.0252932 255 0 0
0.4399673 0.0281167 -0.0261030 255 0 0
0.4401688 0.0266520 -0.0264858 255 0 0
0.4410101 0.0247491 -0.0281364 255 0 0
0.4414222 0.0231483 -0.0289367 255 0 0
0.4439290 0.0201319 -0.0338874 255 0 0
0.4455689 0.0177251 -0.0371205 255 0 0
0.4459659 0.0161652 -0.0378913 255 0 0
0.4459531 0.0148808 -0.0378501 255 0 0
0.4459404 0.0135965 -0.0378090 255 0 0
0.4461320 0.0121789 -0.0381728 255 0 0
0.4465271 0.0106319 -0.0389400 255 0 0
0.4467168 0.0092209 -0.0393001 255 0 0
0.4467041 0.0079408 -0.0392592 255 0 0
0.4466913 0.0066606 -0.0392181 255 0 0
0.4468818 0.0052534 -0.0395797 255 0 0
0.4466659 0.0041003 -0.0391361 255 0 0
0.4466532 0.0028201 -0.0390950 255 0 0
0.4468436 0.0014160 -0.0394567 255 0 0
0.4470337 0.0000142 -0.0398178 255 0 0
0.4468182 -0.0011423 -0.0393747 255 0 0
0.4468054 -0.0024215 -0.0393337 255 0 0
0.4467927 -0.0037006 -0.0392927 255 0 0
0.4465768 -0.0048612 -0.0388489 255 0 0
0.4465641 -0.0061414 -0.0388078 255 0 0
0.4463478 -0.0073050 -0.0383632 255 0 0
0.4463350 -0.0085863 -0.0383222 255 0 0
0.4463223 -0.0098677 -0.0382811 255 0 0
0.4461056 -0.0110353 -0.0378357 255 0 0
0.4460929 -0.0123177 -0.0377946 255 0 0
0.4458758 -0.0134883 -0.0373484 255 0 0
0.4456584 -0.0146609 -0.0369015 255 0 0
0.4456457 -0.0159455 -0.0368603 255 0 0
0.4454279 -0.0171211 -0.0364127 255 0 0
0.4452098 -0.0182987 -0.0359642 255 0 0
0.4451970 -0.0195854 -0.0359229 255 0 0
0.4451842 -0.0208721 -0.0358818 255 0 0
0.4449657 -0.0220538 -0.0354324 255 0 0
0.4447468 -0.0232375 -0.0349825 255 0 0
0.4445275 -0.0244231 -0.0345317 255 0 0
0.4447212 -0.0258153 -0.0348999 255 0 0
0.4445019 -0.0270031 -0.0344490 255 0 0
0.4444891 -0.0282931 -0.0344077 255 0 0
0.4442694 -0.0294840 -0.0339561 255 0 0
0.4444634 -0.0308732 -0.0343250 255 0 0
0.4442437 -0.0320662 -0.0338733 255 0 0
0.4444377 -0.0334532 -0.0342423 255 0 0
0.4440109 -0.0345534 -0.0333795 255 0 0
0.4435825 -0.0356573 -0.0325138 255 0 0
0.4416707 -0.0374107 -0.0286885 255 0 0
0.4395271 -0.0377823 -0.0244190 255 0 0
0.4380009 -0.0384431 -0.0213742 255 0 0
0.4382050 -0.0398591 -0.0217629 255 0 0
0.4381919 -0.0411811 -0.0217206 255 0 0
0.4379614 -0.0424125 -0.0212470 255 0 0
0.4379483 -0.0437356 -0.0212046 255 0 0
0.4379351 -0.0450588 -0.0211622 255 0 0
0.4377043 -0.0462946 -0.0206877 255 0 0
0.4410165 0.0281327 -0.0253030 255 0 0
0.4410034 0.0268169 -0.0252609 255 0 0
0.4416301 0.0250587 -0.0264935 255 0 0
0.4418297 0.0236003 -0.0268751 255 0 0
0.4420289 0.0221443 -0.0272560 255 0 0
0.4432807 0.0199795 -0.0297346 255 0 0
0.4467860 0.0163174 -0.0367042 255 0 0
0.4473839 0.0146259 -0.0378800 255 0 0
0.4479779 0.0129434 -0.0390481 255 0 0
0.4477629 0.0117967 -0.0386040 255 0 0
0.4477502 0.0105165 -0.0385630 255 0 0
0.4479398 0.0091061 -0.0389251 255 0 0
0.4481289 0.0076981 -0.0392866 255 0 0
0.4483178 0.0062923 -0.0396474 255 0 0
0.4485064 0.0048888 -0.0400078 255 0 0
0.4480908 0.0038639 -0.0391637 255 0 0
0.4482798 0.0024612 -0.0395247 255 0 0
0.4482670 0.0011842 -0.0394838 255 0 0
0.4484557 -0.0002151 -0.0398442 255 0 0
0.4482417 -0.0013699 -0.0394019 255 0 0
0.4484304 -0.0027671 -0.0397624 255 0 0
0.4482163 -0.0039241 -0.0393201 255 0 0
0.4482036 -0.0052011 -0.0392791 255 0 0
0.4477872 -0.0062437 -0.0384332 255 0 0
0.4477745 -0.0075229 -0.0383922 255 0 0
0.4475594 -0.0086866 -0.0379476 255 0 0
0.4477490 -0.0100813 -0.0383102 255 0 0
0.4475339 -0.0112472 -0.0378655 255 0 0
0.4473184 -0.0124150 -0.0374201 255 0 0
0.4471025 -0.0135848 -0.0369740 255 0 0
0.4470898 -0.0148672 -0.0369328 255 0 0
0.4468736 -0.0160400 -0.0364860 255 0 0
0.4468608 -0.0173235 -0.0364448 255 0 0
0.4464401 -0.0183914 -0.0355900 255 0 0
0.4466315 -0.0197839 -0.0359560 255 0 0
0.4464146 -0.0209628 -0.0355076 255 0 0
0.4461972 -0.0221435 -0.0350583 255 0 0
0.4461845 -0.0234303 -0.0350171 255 0 0
0.4461717 -0.0247171 -0.0349759 255 0 0
0.4457487 -0.0258000 -0.0341164 255 0 0
0.4461461 -0.0272907 -0.0348935 255 0 0
0.4459284 -0.0284778 -0.0344433 255 0 0
0.4455047 -0.0295678 -0.0335823 255 0 0
0.4454919 -0.0308579 -0.0335409 255 0 0
0.4454790 -0.0321479 -0.0334996 255 0 0
0.4454662 -0.0334380 -0.0334582 255 0 0
0.4446273 -0.0343476 -0.0317685 255 0 0
0.4410290 -0.0353285 -0.0245562 255 0 0
0.4405887 -0.0364515 -0.0236617 255 0 0
0.4405756 -0.0377668 -0.0236195 255 0 0
0.4392720 -0.0385215 -0.0210018 255 0 0
0.4394749 -0.0399362 -0.0213906 255 0 0
0.4394618 -0.0412571 -0.0213483 255 0 0
0.4394487 -0.0425780 -0.0213059 255 0 0
0.4396512 -0.0439880 -0.0216940 255 0 0
0.4420526 0.0268329 -0.0244609 255 0 0
0.4422523 0.0253693 -0.0248452 255 0 0
0.4426636 0.0237621 -0.0256535 255 0 0
0.4426506 0.0224495 -0.0256115 255 0 0
0.4428493 0.0209933 -0.0259938 255 0 0
0.4438885 0.0189735 -0.0280608 255 0 0
0.4449199 0.0169700 -0.0301124 255 0 0
0.4483935 0.0133593 -0.0370594 255 0 0
0.4489850 0.0116798 -0.0382296 255 0 0
0.4491734 0.0102696 -0.0385916 255 0 0
0.4489596 0.0091216 -0.0381476 255 0 0
0.4501485 0.0070717 -0.0405154 255 0 0
0.4501358 0.0057989 -0.0404746 255 0 0
0.4499237 0.0046519 -0.0400339 255 0 0
0.4497113 0.0035030 -0.0395925 255 0 0
0.4496986 0.0022281 -0.0395516 255 0 0
0.4496859 0.0009531 -0.0395108 255 0 0
0.4498730 -0.0004437 -0.0398706 255 0 0
0.4498604 -0.0017176 -0.0398298 255 0 0
0.4498477 -0.0029915 -0.0397889 255 0 0
0.4496353 -0.0041468 -0.0393474 255 0 0
0.4496226 -0.0054217 -0.0393065 255 0 0
0.4494097 -0.0065799 -0.0388641 255 0 0
0.4491964 -0.0077400 -0.0384209 255 0 0
0.4489828 -0.0089021 -0.0379771 255 0 0
0.4489701 -0.0101802 -0.0379362 255 0 0
0.4487562 -0.0113453 -0.0374916 255 0 0
0.4485419 -0.0125122 -0.0370463 255 0 0
0.4483273 -0.0136811 -0.0366002 255 0 0
0.4483145 -0.0149625 -0.0365591 255 0 0
0.4480995 -0.0161344 -0.0361122 255 0 0
0.4478842 -0.0173082 -0.0356647 255 0 0
0.4476684 -0.0184840 -0.0352163 255 0 0
0.4474524 -0.0196618 -0.0347673 255 0 0
0.4476429 -0.0210533 -0.0351340 255 0 0
0.4474268 -0.0222331 -0.0346849 255 0 0
0.4472103 -0.0234150 -0.0342349 255 0 0
0.4471976 -0.0247018 -0.0341938 255 0 0
0.4471847 -0.0259886 -0.0341525 255 0 0
0.4471720 -0.0272754 -0.0341113 255 0 0
0.4471592 -0.0285622 -0.0340700 255 0 0
0.4465331 -0.0295525 -0.0327982 255 0 0
0.4465203 -0.0308426 -0.0327568 255 0 0
0.4444288 -0.0324564 -0.0285282 255 0 0
0.4423140 -0.0327851 -0.0242682 255 0 0
0.4418762 -0.0339028 -0.0233738 255 0 0
0.4418632 -0.0352170 -0.0233318 255 0 0
0.4422748 -0.0367208 -0.0241420 255 0 0
0.4416242 -0.0377513 -0.0228201 255 0 0
0.4413978 -0.0389735 -0.0223498 255 0 0
0.4409570 -0.0401056 -0.0214491 255 0 0
0.4411580 -0.0415153 -0.0218365 255 0 0
0.4411449 -0.0428329 -0.0217943 255 0 0
0.4437103 0.0237781 -0.0248557 255 0 0
0.4439080 0.0223207 -0.0252386 255 0 0
0.4438950 0.0210092 -0.0251966 255 0 0
0.4438820 0.0196978 -0.0251545 255 0 0
0.4447078 0.0178236 -0.0268035 255 0 0
0.4502178 0.0128412 -0.0378966 255 0 0
0.4508038 0.0111679 -0.0390627 255 0 0
0.4509900 0.0097628 -0.0394229 255 0 0
0.4509774 0.0084889 -0.0393820 255 0 0
0.4513616 0.0069593 -0.0401415 255 0 0
0.4513490 0.0056876 -0.0401007 255 0 0
0.4513363 0.0044158 -0.0400599 255 0 0
0.4513237 0.0031440 -0.0400192 255 0 0
0.4511127 0.0019957 -0.0395785 255 0 0
0.4512984 0.0006003 -0.0399376 255 0 0
0.4512858 -0.0006715 -0.0398969 255 0 0
0.4514711 -0.0020636 -0.0402555 255 0 0
0.4512605 -0.0032152 -0.0398154 255 0 0
0.4510495 -0.0043687 -0.0393744 255 0 0
0.4510369 -0.0056416 -0.0393337 255 0 0
0.4508255 -0.0067981 -0.0388921 255 0 0
0.4506138 -0.0079565 -0.0384497 255 0 0
0.4504017 -0.0091168 -0.0380066 255 0 0
0.4501894 -0.0102790 -0.0375628 255 0 0
0.4499766 -0.0114431 -0.0371182 255 0 0
0.4497635 -0.0126092 -0.0366729 255 0 0
0.4495500 -0.0137772 -0.0362269 255 0 0
0.4493362 -0.0149472 -0.0357802 255 0 0
0.4493234 -0.0162286 -0.0357391 255 0 0
0.4493107 -0.0175100 -0.0356981 255 0 0
0.4488947 -0.0185764 -0.0348433 255 0 0
0.4488820 -0.0198600 -0.0348022 255 0 0
0.4488693 -0.0211436 -0.0347611 255 0 0
0.4484518 -0.0222178 -0.0339034 255 0 0
0.4482362 -0.0233997 -0.0334529 255 0 0
0.4484263 -0.0247893 -0.0338210 255 0 0
0.4480075 -0.0258714 -0.0329603 255 0 0
0.4479947 -0.0271593 -0.0329190 255 0 0
0.4479819 -0.0284472 -0.0328777 255 0 0
0.4465370 -0.0290396 -0.0299460 255 0 0
0.4433859 -0.0301458 -0.0235549 255 0 0
0.4433728 -0.0314577 -0.0235128 255 0 0
0.4431486 -0.0326715 -0.0230443 255 0 0
0.4431355 -0.0339845 -0.0230022 255 0 0
0.4435447 -0.0354892 -0.0238125 255 0 0
0.4435317 -0.0368000 -0.0237704 255 0 0
0.4439395 -0.0382974 -0.0245780 255 0 0
0.4432947 -0.0393292 -0.0232605 255 0 0
0.4424342 -0.0402744 -0.0215075 255 0 0
0.4451503 0.0208818 -0.0248242 255 0 0
0.4451373 0.0195714 -0.0247822 255 0 0
0.4451243 0.0182610 -0.0247402 255 0 0
0.4459452 0.0163932 -0.0263892 255 0 0
0.4520184 0.0110521 -0.0386893 255 0 0
0.4527948 0.0092593 -0.0402487 255 0 0
0.4525853 0.0081179 -0.0398088 255 0 0
0.4525727 0.0068472 -0.0397681 255 0 0
0.4527569 0.0054502 -0.0401265 255 0 0
0.4527443 0.0041804 -0.0400859 255 0 0
0.4527317 0.0029107 -0.0400451 255 0 0
0.4527191 0.0016409 -0.0400045 255 0 0
0.4529030 0.0002493 -0.0403623 255 0 0
0.4526939 -0.0008986 -0.0399230 255 0 0
0.4526812 -0.0021683 -0.0398823 255 0 0
0.4526687 -0.0034381 -0.0398416 255 0 0
0.4522619 -0.0044718 -0.0390014 255 0 0
0.4524465 -0.0058608 -0.0393607 255 0 0
0.4522367 -0.0070155 -0.0389198 255 0 0
0.4522241 -0.0082875 -0.0388791 255 0 0
0.4516177 -0.0092162 -0.0376338 255 0 0
0.4518033 -0.0106048 -0.0379951 255 0 0
0.4513938 -0.0116537 -0.0371491 255 0 0
0.4509830 -0.0127061 -0.0363003 255 0 0
0.4507707 -0.0138732 -0.0358543 255 0 0
0.4505581 -0.0150422 -0.0354076 255 0 0
0.4503451 -0.0162133 -0.0349603 255 0 0
0.4505327 -0.0176030 -0.0353256 255 0 0
0.4503196 -0.0187761 -0.0348781 255 0 0
0.4501063 -0.0199512 -0.0344298 255 0 0
0.4498926 -0.0211283 -0.0339808 255 0 0
0.4496785 -0.0223073 -0.0335311 255 0 0
0.4494641 -0.0234883 -0.0330807 255 0 0
0.4492493 -0.0246712 -0.0326294 255 0 0
0.4488316 -0.0257540 -0.0317660 255 0 0
0.4467612 -0.0273238 -0.0275327 255 0 0
0.4457124 -0.0281184 -0.0253883 255 0 0
0.4452826 -0.0292226 -0.0245004 255 0 0
0.4448514 -0.0303305 -0.0236094 255 0 0
0.4444188 -0.0314422 -0.0227154 255 0 0
0.4444057 -0.0327541 -0.0226734 255 0 0
0.4446027 -0.0341629 -0.0230578 255 0 0
0.4441692 -0.0352820 -0.0221620 255 0 0
0.4447864 -0.0368790 -0.0233995 255 0 0
0.4451917 -0.0383750 -0.0242069 255 0 0
0.4451788 -0.0396826 -0.0241651 255 0 0
0.4461821 0.0195873 -0.0239856 255 0 0
0.4463775 0.0181359 -0.0243686 255 0 0
0.4467792 0.0165483 -0.0251724 255 0 0
0.4469736 0.0151030 -0.0255535 255 0 0
0.4536112 0.0094041 -0.0390771 255 0 0
0.4539901 0.0078768 -0.0398351 255 0 0
0.4537819 0.0067352 -0.0393954 255 0 0
0.4537693 0.0054655 -0.0393546 255 0 0
0.4539524 0.0040707 -0.0397131 255 0 0
0.4537441 0.0029260 -0.0392733 255 0 0
0.4541226 0.0014105 -0.0400304 255 0 0
0.4541100 0.0001428 -0.0399898 255 0 0
0.4539020 -0.0010042 -0.0395505 255 0 0
0.4536937 -0.0021531 -0.0391105 255 0 0
0.4538768 -0.0035417 -0.0394691 255 0 0
0.4536685 -0.0046927 -0.0390291 255 0 0
0.4536559 -0.0059625 -0.0389884 255 0 0
0.4534472 -0.0071164 -0.0385475 255 0 0
0.4532382 -0.0082722 -0.0381060 255 0 0
0.4530288 -0.0094299 -0.0376637 255 0 0
0.4528190 -0.0105895 -0.0372207 255 0 0
0.4526090 -0.0117511 -0.0367770 255 0 0
0.4523986 -0.0129145 -0.0363324 255 0 0
0.4521878 -0.0140799 -0.0358872 255 0 0
0.4519767 -0.0152473 -0.0354413 255 0 0
0.4515662 -0.0163073 -0.0345883 255 0 0
0.4515535 -0.0175877 -0.0345473 255 0 0
0.4513413 -0.0187609 -0.0340992 255 0 0
0.4509287 -0.0198294 -0.0332417 255 0 0
0.4507155 -0.0210073 -0.0327914 255 0 0
0.4505020 -0.0221872 -0.0323404 255 0 0
0.4504892 -0.0234729 -0.0322991 255 0 0
0.4500738 -0.0245529 -0.0314359 255 0 0
0.4469859 -0.0255960 -0.0251012 255 0 0
0.4467660 -0.0267976 -0.0246367 255 0 0
0.4467530 -0.0281029 -0.0245949 255 0 0
0.4459086 -0.0290053 -0.0228554 255 0 0
0.4458956 -0.0303150 -0.0228133 255 0 0
0.4456738 -0.0315257 -0.0223451 255 0 0
0.4460779 -0.0330320 -0.0231549 255 0 0
0.4462731 -0.0344370 -0.0235379 255 0 0
0.4464679 -0.0358397 -0.0239203 255 0 0
0.4462471 -0.0370521 -0.0234541 255 0 0
0.4480279 0.0164249 -0.0248014 255 0 0
0.4480150 0.0151189 -0.0247595 255 0 0
0.4536440 0.0100699 -0.0362931 255 0 0
0.4550018 0.0078921 -0.0390639 255 0 0
0.4549891 0.0066234 -0.0390232 255 0 0
0.4549766 0.0053547 -0.0389826 255 0 0
0.4551585 0.0039612 -0.0393411 255 0 0
0.4549514 0.0028173 -0.0389012 255 0 0
0.4551333 0.0014258 -0.0392598 255 0 0
0.4551208 0.0001581 -0.0392192 255 0 0
0.4551082 -0.0011096 -0.0391785 255 0 0
0.4550956 -0.0023774 -0.0391378 255 0 0
0.4546935 -0.0034076 -0.0382979 255 0 0
0.4546809 -0.0046774 -0.0382571 255 0 0
0.4546683 -0.0059472 -0.0382165 255 0 0
0.4546557 -0.0072170 -0.0381757 255 0 0
0.4542523 -0.0082569 -0.0373328 255 0 0
0.4540437 -0.0094146 -0.0368899 255 0 0
0.4540311 -0.0106876 -0.0368491 255 0 0
0.4538222 -0.0118483 -0.0364054 255 0 0
0.4536130 -0.0130109 -0.0359610 255 0 0
0.4534034 -0.0141754 -0.0355158 255 0 0
0.4531935 -0.0153419 -0.0350699 255 0 0
0.4529832 -0.0165103 -0.0346233 255 0 0
0.4527726 -0.0176806 -0.0341760 255 0 0
0.4525616 -0.0188528 -0.0337279 255 0 0
0.4521514 -0.0199206 -0.0328706 255 0 0
0.4517398 -0.0209920 -0.0320105 255 0 0
0.4509252 -0.0218565 -0.0303230 255 0 0
0.4484626 -0.0231833 -0.0252362 255 0 0
0.4480386 -0.0242764 -0.0243503 255 0 0
0.4478196 -0.0254769 -0.0238853 255 0 0
0.4478066 -0.0267822 -0.0238434 255 0 0
0.4477937 -0.0280874 -0.0238016 255 0 0
0.4477807 -0.0293927 -0.0237597 255 0 0
0.4475613 -0.0305986 -0.0232939 255 0 0
0.4469267 -0.0316092 -0.0219753 255 0 0
0.4473285 -0.0331141 -0.0227852 255 0 0
0.4475224 -0.0345178 -0.0231681 255 0 0
0.4494664 0.0148593 -0.0248118 255 0 0
0.4492486 0.0136919 -0.0243472 255 0 0
0.4565934 0.0075241 -0.0394897 255 0 0
0.4561945 0.0065118 -0.0386518 255 0 0
0.4563752 0.0051184 -0.0390102 255 0 0
0.4565557 0.0037273 -0.0393680 255 0 0
0.4561567 0.0027088 -0.0385298 255 0 0
0.4563375 0.0013185 -0.0388884 255 0 0
0.4563249 0.0000518 -0.0388477 255 0 0
0.4563124 -0.0012149 -0.0388071 255 0 0
0.4561064 -0.0023621 -0.0383672 255 0 0
0.4562873 -0.0037483 -0.0387259 255 0 0
0.4558875 -0.0047799 -0.0378859 255 0 0
0.4558749 -0.0060487 -0.0378452 255 0 0
0.4558623 -0.0073175 -0.0378045 255 0 0
0.4554611 -0.0083567 -0.0369616 255 0 0
0.4550587 -0.0093994 -0.0361160 255 0 0
0.4550461 -0.0106724 -0.0360752 255 0 0
0.4550335 -0.0119454 -0.0360344 255 0 0
0.4548254 -0.0131071 -0.0355901 255 0 0
0.4546170 -0.0142708 -0.0351450 255 0 0
0.4538180 -0.0151066 -0.0334803 255 0 0
0.4532121 -0.0160578 -0.0322144 255 0 0
0.4531993 -0.0173403 -0.0321732 255 0 0
0.4529882 -0.0185152 -0.0317225 255 0 0
0.4517781 -0.0191556 -0.0292083 255 0 0
0.4501379 -0.0208857 -0.0257911 255 0 0
0.4499215 -0.0220784 -0.0253292 255 0 0
0.4497048 -0.0232731 -0.0248666 255 0 0
0.4496919 -0.0245739 -0.0248248 255 0 0
0.4494748 -0.0257717 -0.0243614 255 0 0
0.4492573 -0.0269715 -0.0238971 255 0 0
0.4490395 -0.0281734 -0.0234321 255 0 0
0.4490266 -0.0294775 -0.0233902 255 0 0
0.4492186 -0.0308808 -0.0237718 255 0 0
0.4490007 -0.0320860 -0.0233067 255 0 0
0.4504932 0.0135712 -0.0239773 255 0 0
0.4508873 0.0119971 -0.0247806 255 0 0
0.4572052 0.0065271 -0.0378811 255 0 0
0.4577693 0.0048829 -0.0390376 255 0 0
0.4579484 0.0034942 -0.0393949 255 0 0
0.4579359 0.0022306 -0.0393544 255 0 0
0.4579234 0.0009671 -0.0393139 255 0 0
0.4579108 -0.0002965 -0.0392734 255 0 0
0.4577066 -0.0014402 -0.0388349 255 0 0
0.4575021 -0.0025857 -0.0383958 255 0 0
0.4571047 -0.0036146 -0.0375559 255 0 0
0.4570921 -0.0048823 -0.0375153 255 0 0
0.4570795 -0.0061501 -0.0374746 255 0 0
0.4568740 -0.0073023 -0.0370332 255 0 0
0.4568614 -0.0085711 -0.0369925 255 0 0
0.4564619 -0.0096124 -0.0361484 255 0 0
0.4564493 -0.0108833 -0.0361076 255 0 0
0.4560485 -0.0119301 -0.0352606 255 0 0
0.4558412 -0.0130919 -0.0348156 255 0 0
0.4556337 -0.0142555 -0.0343699 255 0 0
0.4548380 -0.0150913 -0.0327027 255 0 0
0.4538392 -0.0158227 -0.0306135 255 0 0
0.4522316 -0.0162296 -0.0272593 255 0 0
0.4514013 -0.0183820 -0.0255050 255 0 0
0.4513884 -0.0196796 -0.0254634 255 0 0
0.4513755 -0.0209772 -0.0254218 255 0 0
0.4513627 -0.0222748 -0.0253803 255 0 0
0.4513498 -0.0235724 -0.0253386 255 0 0
0.4513370 -0.0248700 -0.0252970 255 0 0
0.4509192 -0.0259623 -0.0244141 255 0 0
0.4507033 -0.0271603 -0.0239507 255 0 0
0.4506904 -0.0284612 -0.0239090 255 0 0
0.4508805 -0.0298618 -0.0242891 255 0 0
0.4510694 -0.0312596 -0.0246666 255 0 0
0.4519252 0.0120129 -0.0239892 255 0 0
0.4558908 0.0080802 -0.0322551 255 0 0
0.4583952 0.0051491 -0.0374702 255 0 0
0.4587651 0.0036336 -0.0382283 255 0 0
0.4591339 0.0021230 -0.0389841 255 0 0
0.4591214 0.0008605 -0.0389436 255 0 0
0.4585364 -0.0000391 -0.0377075 255 0 0
0.4585238 -0.0013047 -0.0376669 255 0 0
0.4583198 -0.0024511 -0.0372264 255 0 0
0.4583073 -0.0037178 -0.0371858 255 0 0
0.4581029 -0.0048671 -0.0367446 255 0 0
0.4578982 -0.0060182 -0.0363026 255 0 0
0.4580778 -0.0074026 -0.0366633 255 0 0
0.4578730 -0.0085559 -0.0362212 255 0 0
0.4578605 -0.0098247 -0.0361806 255 0 0
0.4574626 -0.0108681 -0.0353351 255 0 0
0.4570635 -0.0119149 -0.0344868 255 0 0
0.4566630 -0.0129651 -0.0336356 255 0 0
0.4548889 -0.0132380 -0.0299149 255 0 0
0.4542832 -0.0141885 -0.0286349 255 0 0
0.4528632 -0.0159934 -0.0256388 255 0 0
0.4528504 -0.0172888 -0.0255972 255 0 0
0.4528376 -0.0185843 -0.0255557 255 0 0
0.4526240 -0.0197720 -0.0250948 255 0 0
0.4524101 -0.0209617 -0.0246330 255 0 0
0.4523972 -0.0222594 -0.0245914 255 0 0
0.4525845 -0.0236611 -0.0249681 255 0 0
0.4525716 -0.0249576 -0.0249265 255 0 0
0.4523448 -0.0274494 -0.0244230 255 0 0
0.4521306 -0.0286467 -0.0239605 255 0 0
0.4541529 0.0099281 -0.0256822 255 0 0
0.4549351 0.0081091 -0.0273107 255 0 0
0.4568863 0.0055352 -0.0313947 255 0 0
0.4580371 0.0035011 -0.0337978 255 0 0
0.4599385 0.0009976 -0.0377776 255 0 0
0.4599259 -0.0002661 -0.0377371 255 0 0
0.4597234 -0.0014097 -0.0372974 255 0 0
0.4595205 -0.0025552 -0.0368569 255 0 0
0.4593173 -0.0037026 -0.0364158 255 0 0
0.4593047 -0.0049693 -0.0363751 255 0 0
0.4591012 -0.0061196 -0.0359333 255 0 0
0.4590886 -0.0073874 -0.0358926 255 0 0
0.4588847 -0.0085406 -0.0354499 255 0 0
0.4584886 -0.0095819 -0.0346031 255 0 0
0.4577050 -0.0103996 -0.0329423 255 0 0
0.4565261 -0.0109955 -0.0304508 255 0 0
0.4547423 -0.0112550 -0.0266878 255 0 0
0.4543203 -0.0136128 -0.0257720 255 0 0
0.4541084 -0.0147944 -0.0253121 255 0 0
0.4538961 -0.0159780 -0.0248513 255 0 0
0.4538832 -0.0172734 -0.0248098 255 0 0
0.4536706 -0.0184601 -0.0243483 255 0 0
0.4536577 -0.0197566 -0.0243067 255 0 0
0.4536449 -0.0210531 -0.0242651 255 0 0
0.4538310 -0.0224546 -0.0246416 255 0 0
0.4538181 -0.0237501 -0.0246001 255 0 0
0.4534052 -0.0248387 -0.0237175 255 0 0
0.4553712 0.0085173 -0.0252724 255 0 0
0.4557542 0.0069634 -0.0260674 255 0 0
0.4561360 0.0054146 -0.0268596 255 0 0
0.4563200 0.0039978 -0.0272341 255 0 0
0.4597937 0.0004784 -0.0345604 255 0 0
0.4601623 -0.0010332 -0.0353252 255 0 0
0.4603399 -0.0024206 -0.0356863 255 0 0
0.4601372 -0.0035688 -0.0352439 255 0 0
0.4599341 -0.0047189 -0.0348006 255 0 0
0.4597308 -0.0058709 -0.0343567 255 0 0
0.4593357 -0.0069086 -0.0335076 255 0 0
0.4585542 -0.0077181 -0.0318416 255 0 0
0.4581552 -0.0087641 -0.0309841 255 0 0
0.4569758 -0.0093533 -0.0284767 255 0 0
0.4559817 -0.0100639 -0.0263613 255 0 0
0.4557717 -0.0112396 -0.0259029 255 0 0
0.4555613 -0.0124172 -0.0254438 255 0 0
0.4555485 -0.0137094 -0.0254024 255 0 0
0.4553377 -0.0148901 -0.0249425 255 0 0
0.4553249 -0.0161833 -0.0249010 255 0 0
0.4553121 -0.0174766 -0.0248595 255 0 0
0.4554973 -0.0188781 -0.0252366 255 0 0
0.4552865 -0.0200631 -0.0247766 255 0 0
0.4552736 -0.0213564 -0.0247350 255 0 0
0.4552608 -0.0226498 -0.0246936 255 0 0
0.4552480 -0.0239431 -0.0246521 255 0 0
0.4565876 0.0071088 -0.0248634 255 0 0
0.4569682 0.0055585 -0.0256583 255 0 0
0.4571517 0.0041403 -0.0260341 255 0 0
0.4588900 0.0017252 -0.0297149 255 0 0
0.4596476 -0.0000460 -0.0313115 255 0 0
0.4596350 -0.0013221 -0.0312705 255 0 0
0.4592378 -0.0023574 -0.0304120 255 0 0
0.4590323 -0.0035160 -0.0299612 255 0 0
0.4582453 -0.0043190 -0.0282739 255 0 0
0.4586204 -0.0058390 -0.0290573 255 0 0
0.4570367 -0.0074690 -0.0256617 255 0 0
0.4568276 -0.0086425 -0.0252029 255 0 0
0.4570103 -0.0100485 -0.0255771 255 0 0
0.4568011 -0.0112241 -0.0251181 255 0 0
0.4567883 -0.0125152 -0.0250767 255 0 0
0.4569719 -0.0139185 -0.0254530 255 0 0
0.4565659 -0.0149861 -0.0245754 255 0 0
0.4565532 -0.0162783 -0.0245340 255 0 0
0.4565403 -0.0175705 -0.0244926 255 0 0
0.4565276 -0.0188627 -0.0244511 255 0 0
0.4565147 -0.0201549 -0.0244097 255 0 0
0.4566988 -0.0215531 -0.0247868 255 0 0
0.4564891 -0.0227394 -0.0243267 255 0 0
0.4578147 0.0069946 -0.0244965 255 0 0
0.4578019 0.0057026 -0.0244550 255 0 0
0.4583753 0.0040289 -0.0256671 255 0 0
0.4593323 0.0021141 -0.0276994 255 0 0
0.4593196 0.0008305 -0.0276583 255 0 0
0.4593069 -0.0004530 -0.0276171 255 0 0
0.4591007 -0.0016148 -0.0271621 255 0 0
0.4590879 -0.0028994 -0.0271209 255 0 0
0.4584799 -0.0051119 -0.0257925 255 0 0
0.4584672 -0.0063997 -0.0257512 255 0 0
0.4584544 -0.0076876 -0.0257099 255 0 0
0.4582468 -0.0088593 -0.0252518 255 0 0
0.4584289 -0.0102632 -0.0256273 255 0 0
0.4582213 -0.0114372 -0.0251691 255 0 0
0.4582085 -0.0127261 -0.0251277 255 0 0
0.4581957 -0.0140151 -0.0250864 255 0 0
0.4583779 -0.0154148 -0.0254620 255 0 0
0.4579750 -0.0164832 -0.0245860 255 0 0
0.4579622 -0.0177732 -0.0245446 255 0 0
0.4579494 -0.0190633 -0.0245032 255 0 0
0.4581319 -0.0204600 -0.0248796 255 0 0
0.4592216 0.0054613 -0.0245072 255 0 0
0.4594030 0.0040444 -0.0248836 255 0 0
0.4601631 0.0022544 -0.0265048 255 0 0
0.4603431 0.0008460 -0.0268780 255 0 0
0.4599447 -0.0001917 -0.0260072 255 0 0
0.4599320 -0.0014774 -0.0259660 255 0 0
0.4597259 -0.0026420 -0.0255088 255 0 0
0.4599065 -0.0040488 -0.0258836 255 0 0
0.4597005 -0.0052155 -0.0254263 255 0 0
0.4598811 -0.0066202 -0.0258010 255 0 0
0.4596750 -0.0077891 -0.0253437 255 0 0
0.4596622 -0.0090759 -0.0253024 255 0 0
0.4594558 -0.0102478 -0.0248444 255 0 0
0.4592490 -0.0114217 -0.0243855 255 0 0
0.4594303 -0.0128236 -0.0247617 255 0 0
0.4594175 -0.0141115 -0.0247204 255 0 0
0.4592108 -0.0152887 -0.0242615 255 0 0
0.4613792 0.0021450 -0.0261389 255 0 0
0.4611747 0.0009854 -0.0256826 255 0 0
0.4613538 -0.0004220 -0.0260565 255 0 0
0.4613411 -0.0017056 -0.0260153 255 0 0
0.4611366 -0.0028685 -0.0255591 255 0 0
0.4611239 -0.0041531 -0.0255178 255 0 0
0.4611112 -0.0054378 -0.0254766 255 0 0
0.4610984 -0.0067224 -0.0254353 255 0 0
0.4610857 -0.0080071 -0.0253942 255 0 0
0.4610730 -0.0092917 -0.0253530 255 0 0
0.4608681 -0.0104619 -0.0248957 255 0 0
0.4610476 -0.0118611 -0.0252705 255 0 0
0.4608427 -0.0130335 -0.0248132 255 0 0
0.4623900 0.0008769 -0.0253174 255 0 0
0.4623773 -0.0004066 -0.0252762 255 0 0
0.4623646 -0.0016901 -0.0252350 255 0 0
0.4623519 -0.0029737 -0.0251938 255 0 0
0.4621482 -0.0041377 -0.0247368 255 0 0
0.4621355 -0.0054223 -0.0246956 255 0 0
0.4621228 -0.0067070 -0.0246544 255 0 0
0.4621101 -0.0079917 -0.0246132 255 0 0
0.4633627 -0.0042419 -0.0243723 255 0 0
