ply
format ascii 1.0
element vertex 14035
property float x
property float y
property float z
property uchar red
property uchar green
property uchar blue
end_header
0.2551304 0.0042809 -0.0702235 0 0 255
0.2560523 0.0081970 -0.0692191 0 0 255
0.2560684 0.0101479 -0.0690184 0 0 255
0.2569768 0.0121233 -0.0682122 0 0 255
0.2574399 0.0140902 -0.0677077 0 0 255
0.2583517 0.0160745 -0.0668983 0 0 255
0.2588166 0.0180478 -0.0663920 0 0 255
0.2592821 0.0200236 -0.0658850 0 0 255
0.2512062 -0.0056147 -0.0714793 0 0 255
0.2512221 -0.0036739 -0.0712796 0 0 255
0.2516785 -0.0017297 -0.0707803 0 0 255
0.2521356 0.0002170 -0.0702804 0 0 255
0.2521516 0.0021603 -0.0700804 0 0 255
0.2526093 0.0041108 -0.0695798 0 0 255
0.2535102 0.0060721 -0.0687768 0 0 255
0.2539697 0.0080289 -0.0682743 0 0 255
0.2544296 0.0099881 -0.0677712 0 0 255
0.2549018 0.0139008 -0.0670698 0 0 255
0.2558086 0.0158810 -0.0662611 0 0 255
0.2562709 0.0178504 -0.0657553 0 0 255
0.2567338 0.0198224 -0.0652490 0 0 255
0.2585431 0.0218524 -0.0638224 0 0 255
0.2590091 0.0238333 -0.0633131 0 0 255
0.2603780 0.0258591 -0.0621861 0 0 255
0.2482443 -0.0077022 -0.0713366 0 0 255
0.2482601 -0.0057663 -0.0711375 0 0 255
0.2482761 -0.0038304 -0.0709383 0 0 255
0.2487295 -0.0018912 -0.0704400 0 0 255
0.2491835 0.0000505 -0.0699412 0 0 255
0.2491994 0.0019889 -0.0697417 0 0 255
0.2496539 0.0039343 -0.0692421 0 0 255
0.2501091 0.0058822 -0.0687418 0 0 255
0.2510052 0.0078421 -0.0679394 0 0 255
0.2514622 0.0097963 -0.0674373 0 0 255
0.2523617 0.0117650 -0.0666316 0 0 255
0.2532637 0.0137387 -0.0658238 0 0 255
0.2541793 0.0176696 -0.0648162 0 0 255
0.2564420 0.0216659 -0.0628827 0 0 255
0.2573543 0.0236639 -0.0620654 0 0 255
0.2578194 0.0256460 -0.0615550 0 0 255
0.2600892 0.0277200 -0.0598036 0 0 255
0.2669548 0.0300473 -0.0548897 0 0 255
0.2452973 -0.0097791 -0.0711948 0 0 255
0.2453132 -0.0078481 -0.0709961 0 0 255
0.2453290 -0.0059171 -0.0707974 0 0 255
0.2453448 -0.0039861 -0.0705987 0 0 255
0.2453607 -0.0020550 -0.0704000 0 0 255
0.2458111 -0.0001196 -0.0699027 0 0 255
0.2462621 0.0018183 -0.0694047 0 0 255
0.2467137 0.0037587 -0.0689061 0 0 255
0.2467296 0.0056935 -0.0687070 0 0 255
0.2476186 0.0076470 -0.0679071 0 0 255
0.2485097 0.0096054 -0.0671051 0 0 255
0.2494033 0.0115688 -0.0663010 0 0 255
0.2498588 0.0135242 -0.0657982 0 0 255
0.2511972 0.0155108 -0.0646867 0 0 255
0.2512131 0.0174581 -0.0644863 0 0 255
0.2539008 0.0214616 -0.0622527 0 0 255
0.2552545 0.0234750 -0.0611280 0 0 255
0.2548240 0.0254129 -0.0612348 0 0 255
0.2566296 0.0274587 -0.0597969 0 0 255
0.2588956 0.0295387 -0.0580398 0 0 255
0.2699169 0.0321131 -0.0502269 0 0 255
0.2419342 -0.0118425 -0.0713505 0 0 255
0.2415195 -0.0099158 -0.0714492 0 0 255
0.2415352 -0.0079921 -0.0712512 0 0 255
0.2419816 -0.0060678 -0.0707563 0 0 255
0.2428601 -0.0041392 -0.0699629 0 0 255
0.2428759 -0.0022118 -0.0697646 0 0 255
0.2428917 -0.0002843 -0.0695663 0 0 255
0.2433397 0.0016486 -0.0690694 0 0 255
0.2433555 0.0035773 -0.0688709 0 0 255
0.2442374 0.0055219 -0.0680737 0 0 255
0.2446871 0.0074622 -0.0675749 0 0 255
0.2455723 0.0094155 -0.0667744 0 0 255
0.2460237 0.0113620 -0.0662738 0 0 255
0.2469124 0.0133240 -0.0654702 0 0 255
0.2473655 0.0152768 -0.0649678 0 0 255
0.2486964 0.0172630 -0.0638569 0 0 255
0.2500324 0.0192568 -0.0627416 0 0 255
0.2522760 0.0232481 -0.0608063 0 0 255
0.2536373 0.0272210 -0.0594812 0 0 255
0.2536535 0.0291784 -0.0592797 0 0 255
0.2631523 0.0316566 -0.0524882 0 0 255
0.2705693 0.0340680 -0.0471388 0 0 255
0.2398766 -0.0139059 -0.0706165 0 0 255
0.2394637 -0.0119803 -0.0707154 0 0 255
0.2394794 -0.0100591 -0.0705177 0 0 255
0.2390670 -0.0081371 -0.0706167 0 0 255
0.2390828 -0.0062170 -0.0704191 0 0 255
0.2395267 -0.0042951 -0.0699245 0 0 255
0.2395424 -0.0023738 -0.0697268 0 0 255
0.2399869 -0.0004482 -0.0692316 0 0 255
0.2404319 0.0014797 -0.0687357 0 0 255
0.2408774 0.0034102 -0.0682392 0 0 255
0.2417546 0.0053509 -0.0674426 0 0 255
0.2417704 0.0072784 -0.0672443 0 0 255
0.2426497 0.0092265 -0.0664454 0 0 255
0.2430981 0.0111681 -0.0659459 0 0 255
0.2444151 0.0131376 -0.0648417 0 0 255
0.2453011 0.0151006 -0.0640367 0 0 255
0.2461894 0.0170687 -0.0632297 0 0 255
0.2475181 0.0190583 -0.0621154 0 0 255
0.2492923 0.0210735 -0.0606898 0 0 255
0.2506329 0.0230798 -0.0595657 0 0 255
0.2510916 0.0250527 -0.0590559 0 0 255
0.2520063 0.0290060 -0.0580376 0 0 255
0.2560428 0.0311826 -0.0550285 0 0 255
0.2693373 0.0339151 -0.0455488 0 0 255
0.2698206 0.0359484 -0.0450161 0 0 255
0.2373973 -0.0159585 -0.0701810 0 0 255
0.2374130 -0.0140397 -0.0699835 0 0 255
0.2374287 -0.0121209 -0.0697860 0 0 255
0.2365924 -0.0101980 -0.0701817 0 0 255
0.2366080 -0.0082815 -0.0699845 0 0 255
0.2366237 -0.0063650 -0.0697873 0 0 255
0.2366394 -0.0044485 -0.0695900 0 0 255
0.2366552 -0.0025319 -0.0693927 0 0 255
0.2366709 -0.0006153 -0.0691955 0 0 255
0.2371125 0.0013065 -0.0687011 0 0 255
0.2379814 0.0032372 -0.0679081 0 0 255
0.2384247 0.0051652 -0.0674120 0 0 255
0.2392970 0.0071044 -0.0666159 0 0 255
0.2401715 0.0090486 -0.0658178 0 0 255
0.2406175 0.0109864 -0.0653188 0 0 255
0.2419272 0.0129519 -0.0642155 0 0 255
0.2423754 0.0148971 -0.0637142 0 0 255
0.2432578 0.0168599 -0.0629088 0 0 255
0.2450132 0.0188605 -0.0614916 0 0 255
0.2472162 0.0208892 -0.0597600 0 0 255
0.2498751 0.0229500 -0.0577076 0 0 255
0.2498912 0.0249037 -0.0575065 0 0 255
0.2508042 0.0288568 -0.0564863 0 0 255
0.2530442 0.0309347 -0.0547241 0 0 255
0.2667106 0.0336820 -0.0449379 0 0 255
0.2685878 0.0357955 -0.0434249 0 0 255
0.2357769 -0.0180172 -0.0691537 0 0 255
0.2357926 -0.0160996 -0.0689563 0 0 255
0.2341114 -0.0141641 -0.0699451 0 0 255
0.2337041 -0.0122479 -0.0700440 0 0 255
0.2337198 -0.0103362 -0.0698473 0 0 255
0.2337354 -0.0084246 -0.0696505 0 0 255
0.2337511 -0.0065128 -0.0694538 0 0 255
0.2337667 -0.0046011 -0.0692570 0 0 255
0.2337824 -0.0026893 -0.0690603 0 0 255
0.2342210 -0.0007736 -0.0685671 0 0 255
0.2346602 0.0011446 -0.0680732 0 0 255
0.2350999 0.0030651 -0.0675788 0 0 255
0.2355402 0.0049881 -0.0670837 0 0 255
0.2364066 0.0069223 -0.0662892 0 0 255
0.2364224 0.0088415 -0.0660917 0 0 255
0.2377184 0.0107942 -0.0649946 0 0 255
0.2390192 0.0127544 -0.0638935 0 0 255
0.2394646 0.0146946 -0.0633932 0 0 255
0.2407721 0.0166671 -0.0622863 0 0 255
0.2425178 0.0186635 -0.0608702 0 0 255
0.2438370 0.0206525 -0.0597534 0 0 255
0.2460362 0.0226869 -0.0580163 0 0 255
0.2469293 0.0246735 -0.0571980 0 0 255
0.2473848 0.0266437 -0.0566877 0 0 255
0.2509485 0.0307365 -0.0537952 0 0 255
0.2650181 0.0335029 -0.0436775 0 0 255
0.2678208 0.0356705 -0.0415049 0 0 255
0.2683038 0.0377077 -0.0409688 0 0 255
0.2337347 -0.0200652 -0.0684251 0 0 255
0.2333272 -0.0181430 -0.0685251 0 0 255
0.2320764 -0.0162117 -0.0692174 0 0 255
0.2316709 -0.0142967 -0.0693165 0 0 255
0.2308459 -0.0123807 -0.0697108 0 0 255
0.2304419 -0.0104717 -0.0698095 0 0 255
0.2304576 -0.0085659 -0.0696133 0 0 255
0.2304732 -0.0066601 -0.0694172 0 0 255
0.2309083 -0.0047529 -0.0689257 0 0 255
0.2309239 -0.0028459 -0.0687295 0 0 255
0.2309396 -0.0009389 -0.0685332 0 0 255
0.2317959 0.0009782 -0.0677444 0 0 255
0.2322327 0.0028939 -0.0672510 0 0 255
0.2326701 0.0048120 -0.0667570 0 0 255
0.2331080 0.0067325 -0.0662623 0 0 255
0.2339698 0.0086653 -0.0654682 0 0 255
0.2344093 0.0105919 -0.0649718 0 0 255
0.2352744 0.0125333 -0.0641746 0 0 255
0.2369954 0.0145066 -0.0627721 0 0 255
0.2378670 0.0164603 -0.0619691 0 0 255
0.2391707 0.0184350 -0.0608601 0 0 255
0.2400478 0.0203999 -0.0600521 0 0 255
0.2417928 0.0224071 -0.0586295 0 0 255
0.2431114 0.0244045 -0.0575077 0 0 255
0.2431273 0.0263458 -0.0573079 0 0 255
0.2493009 0.0305629 -0.0525550 0 0 255
0.2633278 0.0333240 -0.0424187 0 0 255
0.2675191 0.0355734 -0.0392515 0 0 255
0.2675357 0.0375839 -0.0390446 0 0 255
0.2338125 -0.0221554 -0.0662077 0 0 255
0.2308711 -0.0201787 -0.0680954 0 0 255
0.2304664 -0.0182613 -0.0681952 0 0 255
0.2288058 -0.0163288 -0.0691815 0 0 255
0.2284036 -0.0144196 -0.0692804 0 0 255
0.2280019 -0.0125129 -0.0693792 0 0 255
0.2284347 -0.0106129 -0.0688886 0 0 255
0.2276163 -0.0087074 -0.0692822 0 0 255
0.2284659 -0.0068061 -0.0684968 0 0 255
0.2280641 -0.0049040 -0.0685961 0 0 255
0.2289148 -0.0029967 -0.0678093 0 0 255
0.2285125 -0.0010957 -0.0679091 0 0 255
0.2285281 0.0008078 -0.0677131 0 0 255
0.2293799 0.0027235 -0.0669248 0 0 255
0.2302338 0.0046440 -0.0661346 0 0 255
0.2310898 0.0065693 -0.0653423 0 0 255
0.2315264 0.0084898 -0.0648471 0 0 255
0.2315421 0.0104018 -0.0646502 0 0 255
0.2328240 0.0123502 -0.0635546 0 0 255
0.2336865 0.0142926 -0.0627562 0 0 255
0.2349765 0.0162545 -0.0616535 0 0 255
0.2362714 0.0182239 -0.0605467 0 0 255
0.2371427 0.0201835 -0.0597403 0 0 255
0.2388760 0.0221851 -0.0583204 0 0 255
0.2406181 0.0241969 -0.0568933 0 0 255
0.2423690 0.0262189 -0.0554590 0 0 255
0.2476554 0.0303895 -0.0513163 0 0 255
0.2616397 0.0331453 -0.0411615 0 0 255
0.2658184 0.0353922 -0.0379889 0 0 255
0.2667664 0.0374599 -0.0371178 0 0 255
0.2663167 0.0394412 -0.0372432 0 0 255
0.2317872 -0.0222831 -0.0652851 0 0 255
0.2301170 -0.0203333 -0.0662824 0 0 255
0.2284552 -0.0183932 -0.0672747 0 0 255
0.2268018 -0.0164627 -0.0682621 0 0 255
0.2259859 -0.0145512 -0.0686561 0 0 255
0.2260014 -0.0126513 -0.0684606 0 0 255
0.2256020 -0.0107492 -0.0685597 0 0 255
0.2252030 -0.0088494 -0.0686586 0 0 255
0.2252185 -0.0069519 -0.0684633 0 0 255
0.2256485 -0.0050531 -0.0679734 0 0 255
0.2252495 -0.0031567 -0.0680726 0 0 255
0.2252651 -0.0012592 -0.0678774 0 0 255
0.2256951 0.0006432 -0.0673870 0 0 255
0.2265412 0.0025540 -0.0666003 0 0 255
0.2269728 0.0044623 -0.0661083 0 0 255
0.2269884 0.0063647 -0.0659124 0 0 255
0.2274206 0.0082767 -0.0654196 0 0 255
0.2286892 0.0102126 -0.0643303 0 0 255
0.2295427 0.0121438 -0.0635362 0 0 255
0.2308192 0.0140931 -0.0624399 0 0 255
0.2321006 0.0160497 -0.0613394 0 0 255
0.2333868 0.0180138 -0.0602348 0 0 255
0.2355308 0.0200193 -0.0585167 0 0 255
0.2376883 0.0220376 -0.0567876 0 0 255
0.2381341 0.0239900 -0.0562813 0 0 255
0.2407415 0.0260496 -0.0542286 0 0 255
0.2451209 0.0282151 -0.0509066 0 0 255
0.2604125 0.0329930 -0.0395775 0 0 255
0.2645837 0.0352391 -0.0363955 0 0 255
0.2650649 0.0372774 -0.0358558 0 0 255
0.2646166 0.0392574 -0.0359820 0 0 255
0.2293465 -0.0224008 -0.0646640 0 0 255
0.2264337 -0.0204292 -0.0665525 0 0 255
0.2252019 -0.0185032 -0.0672450 0 0 255
0.2243885 -0.0165903 -0.0676400 0 0 255
0.2239904 -0.0146870 -0.0677395 0 0 255
0.2231799 -0.0127823 -0.0681333 0 0 255
0.2231954 -0.0108872 -0.0679382 0 0 255
0.2232110 -0.0089920 -0.0677431 0 0 255
0.2224026 -0.0070968 -0.0681363 0 0 255
0.2224181 -0.0052039 -0.0679415 0 0 255
0.2220224 -0.0033133 -0.0680404 0 0 255
0.2224490 -0.0014181 -0.0675517 0 0 255
0.2224644 0.0004748 -0.0673569 0 0 255
0.2233039 0.0023794 -0.0665725 0 0 255
0.2233194 0.0042748 -0.0663775 0 0 255
0.2237477 0.0061783 -0.0658868 0 0 255
0.2245902 0.0080936 -0.0650991 0 0 255
0.2254350 0.0100137 -0.0643095 0 0 255
0.2258660 0.0119269 -0.0638160 0 0 255
0.2275482 0.0138815 -0.0624250 0 0 255
0.2288195 0.0158316 -0.0613279 0 0 255
0.2305166 0.0178047 -0.0599245 0 0 255
0.2317990 0.0197709 -0.0588179 0 0 255
0.2347891 0.0218171 -0.0564840 0 0 255
0.2365165 0.0238229 -0.0550559 0 0 255
0.2373913 0.0257972 -0.0542395 0 0 255
0.2417353 0.0279541 -0.0509281 0 0 255
0.2596436 0.0328667 -0.0376636 0 0 255
0.2633491 0.0350859 -0.0348022 0 0 255
0.2642939 0.0371532 -0.0339268 0 0 255
0.2633820 0.0391043 -0.0343885 0 0 255
0.2260802 -0.0224988 -0.0646423 0 0 255
0.2231907 -0.0205328 -0.0665250 0 0 255
0.2223808 -0.0186198 -0.0669204 0 0 255
0.2215729 -0.0167115 -0.0673149 0 0 255
0.2211775 -0.0148128 -0.0674143 0 0 255
0.2203726 -0.0129127 -0.0678075 0 0 255
0.2199786 -0.0110197 -0.0679065 0 0 255
0.2191767 -0.0091278 -0.0682982 0 0 255
0.2191921 -0.0072408 -0.0681040 0 0 255
0.2192075 -0.0053538 -0.0679097 0 0 255
0.2192229 -0.0034667 -0.0677155 0 0 255
0.2188303 -0.0015830 -0.0678143 0 0 255
0.2192537 0.0003074 -0.0673270 0 0 255
0.2200866 0.0022060 -0.0665450 0 0 255
0.2205115 0.0041023 -0.0660560 0 0 255
0.2209370 0.0060011 -0.0655663 0 0 255
0.2213630 0.0079022 -0.0650761 0 0 255
0.2222010 0.0098161 -0.0642889 0 0 255
0.2234543 0.0117465 -0.0632021 0 0 255
0.2247123 0.0136842 -0.0621113 0 0 255
0.2255588 0.0156149 -0.0613164 0 0 255
0.2268246 0.0175659 -0.0602186 0 0 255
0.2272580 0.0194911 -0.0597207 0 0 255
0.2293707 0.0214900 -0.0580107 0 0 255
0.2323444 0.0235400 -0.0556777 0 0 255
0.2340623 0.0255464 -0.0542502 0 0 255
0.2392365 0.0277391 -0.0503243 0 0 255
0.2556786 0.0325589 -0.0380576 0 0 255
0.2602683 0.0348225 -0.0345443 0 0 255
0.2625940 0.0369708 -0.0326668 0 0 255
0.2616848 0.0389209 -0.0331299 0 0 255
0.2203934 -0.0187503 -0.0660077 0 0 255
0.2187712 -0.0168321 -0.0669914 0 0 255
0.2179708 -0.0149330 -0.0673843 0 0 255
0.2171723 -0.0130386 -0.0677763 0 0 255
0.2167814 -0.0111515 -0.0678749 0 0 255
0.2163954 -0.0092666 -0.0679704 0 0 255
0.2164108 -0.0073842 -0.0677766 0 0 255
0.2164261 -0.0055018 -0.0675828 0 0 255
0.2160363 -0.0036215 -0.0676815 0 0 255
0.2160516 -0.0017402 -0.0674878 0 0 255
0.2164722 0.0001455 -0.0670015 0 0 255
0.2172996 0.0020392 -0.0662210 0 0 255
0.2177217 0.0039308 -0.0657330 0 0 255
0.2177371 0.0058169 -0.0655388 0 0 255
0.2181599 0.0077120 -0.0650500 0 0 255
0.2202305 0.0115438 -0.0631849 0 0 255
0.2210671 0.0134623 -0.0623953 0 0 255
0.2219059 0.0153857 -0.0616038 0 0 255
0.2223338 0.0172987 -0.0611095 0 0 255
0.2244192 0.0192795 -0.0594134 0 0 255
0.2256829 0.0212375 -0.0583120 0 0 255
0.2277893 0.0232407 -0.0565986 0 0 255
0.2299088 0.0252565 -0.0548744 0 0 255
0.2337453 0.0273719 -0.0519024 0 0 255
0.2481631 0.0320505 -0.0410509 0 0 255
0.2572036 0.0345606 -0.0342877 0 0 255
0.2576773 0.0365879 -0.0337493 0 0 255
0.2567794 0.0385283 -0.0342085 0 0 255
0.2163892 -0.0169582 -0.0663759 0 0 255
0.2147880 -0.0150526 -0.0673514 0 0 255
0.2144147 -0.0112876 -0.0672566 0 0 255
0.2140265 -0.0094061 -0.0673553 0 0 255
0.2136388 -0.0075269 -0.0674539 0 0 255
0.2136542 -0.0056491 -0.0672606 0 0 255
0.2132669 -0.0037733 -0.0673591 0 0 255
0.2132822 -0.0018966 -0.0671660 0 0 255
0.2132975 -0.0000199 -0.0669728 0 0 255
0.2133129 0.0018568 -0.0667795 0 0 255
0.2141338 0.0037468 -0.0660012 0 0 255
0.2145528 0.0056337 -0.0655145 0 0 255
0.2153767 0.0075319 -0.0647331 0 0 255
0.2162027 0.0094348 -0.0639499 0 0 255
0.2166243 0.0113311 -0.0634604 0 0 255
0.2178610 0.0132548 -0.0623774 0 0 255
0.2203440 0.0171237 -0.0602025 0 0 255
0.2211823 0.0190528 -0.0594077 0 0 255
0.2224361 0.0210042 -0.0583098 0 0 255
0.2241098 0.0229817 -0.0569049 0 0 255
0.2299951 0.0251707 -0.0524273 0 0 255
0.2312822 0.0271597 -0.0513015 0 0 255
0.2351411 0.0292940 -0.0482978 0 0 255
0.2523438 0.0341924 -0.0353554 0 0 255
0.2559917 0.0364070 -0.0324968 0 0 255
0.2555519 0.0383760 -0.0326244 0 0 255
0.2152148 -0.0189882 -0.0650742 0 0 255
0.2144201 -0.0170900 -0.0654688 0 0 255
0.2128258 -0.0151865 -0.0664453 0 0 255
0.2120371 -0.0132999 -0.0668367 0 0 255
0.2116511 -0.0114206 -0.0669354 0 0 255
0.2112656 -0.0095436 -0.0670342 0 0 255
0.2104807 -0.0076685 -0.0674238 0 0 255
0.2100966 -0.0057972 -0.0675220 0 0 255
0.2101119 -0.0039263 -0.0673294 0 0 255
0.2101272 -0.0020553 -0.0671367 0 0 255
0.2097436 -0.0001885 -0.0672350 0 0 255
0.2097588 0.0016813 -0.0670425 0 0 255
0.2109722 0.0035707 -0.0659754 0 0 255
0.2113879 0.0054517 -0.0654902 0 0 255
0.2118041 0.0073350 -0.0650044 0 0 255
0.2134279 0.0092507 -0.0636359 0 0 255
0.2138466 0.0111422 -0.0631475 0 0 255
0.2138620 0.0130237 -0.0629538 0 0 255
0.2159018 0.0149730 -0.0612791 0 0 255
0.2175571 0.0188115 -0.0597011 0 0 255
0.2183898 0.0207380 -0.0589077 0 0 255
0.2212823 0.0227618 -0.0566048 0 0 255
0.2267081 0.0249233 -0.0524435 0 0 255
0.2263044 0.0268203 -0.0525535 0 0 255
0.2373967 0.0293308 -0.0442314 0 0 255
0.2444255 0.0336437 -0.0386940 0 0 255
0.2547634 0.0362546 -0.0309116 0 0 255
0.2543244 0.0382237 -0.0310403 0 0 255
0.2136512 -0.0191251 -0.0638738 0 0 255
0.2116557 -0.0172091 -0.0651484 0 0 255
0.2100678 -0.0153098 -0.0661263 0 0 255
0.2088858 -0.0134238 -0.0668085 0 0 255
0.2081053 -0.0115474 -0.0671977 0 0 255
0.2077234 -0.0096772 -0.0672959 0 0 255
0.2069458 -0.0078087 -0.0676838 0 0 255
0.2069610 -0.0059435 -0.0674917 0 0 255
0.2061852 -0.0040819 -0.0678790 0 0 255
0.2069914 -0.0022130 -0.0671076 0 0 255
0.2066108 -0.0003518 -0.0672056 0 0 255
0.2078148 0.0015280 -0.0661421 0 0 255
0.2082272 0.0034020 -0.0656585 0 0 255
0.2082424 0.0052707 -0.0654661 0 0 255
0.2090536 0.0071569 -0.0646895 0 0 255
0.2094675 0.0090378 -0.0642041 0 0 255
0.2102817 0.0109321 -0.0634244 0 0 255
0.2102970 0.0128068 -0.0632314 0 0 255
0.2103122 0.0146814 -0.0630384 0 0 255
0.2115297 0.0165995 -0.0619613 0 0 255
0.2135586 0.0185563 -0.0602866 0 0 255
0.2164251 0.0224513 -0.0578109 0 0 255
0.2217809 0.0245982 -0.0536828 0 0 255
0.2238737 0.0266107 -0.0519559 0 0 255
0.2336149 0.0290440 -0.0445904 0 0 255
0.2410160 0.0333634 -0.0387547 0 0 255
0.2450015 0.0355725 -0.0356234 0 0 255
0.2521899 0.0380126 -0.0301257 0 0 255
0.2526594 0.0400382 -0.0295856 0 0 255
0.2092999 -0.0173338 -0.0645396 0 0 255
0.2073233 -0.0154326 -0.0658090 0 0 255
0.2065452 -0.0135549 -0.0661992 0 0 255
0.2049795 -0.0116760 -0.0671686 0 0 255
0.2042071 -0.0098097 -0.0675557 0 0 255
0.2034365 -0.0079480 -0.0679419 0 0 255
0.2038442 -0.0060890 -0.0674617 0 0 255
0.2034668 -0.0042311 -0.0675592 0 0 255
0.2038745 -0.0023698 -0.0670788 0 0 255
0.2042828 -0.0005062 -0.0665978 0 0 255
0.2042980 0.0013545 -0.0664062 0 0 255
0.2047068 0.0032216 -0.0659244 0 0 255
0.2051161 0.0050909 -0.0654421 0 0 255
0.2067126 0.0069882 -0.0640839 0 0 255
0.2071244 0.0088656 -0.0635990 0 0 255
0.2075366 0.0107454 -0.0631135 0 0 255
0.2075518 0.0126154 -0.0629210 0 0 255
0.2079646 0.0144986 -0.0624347 0 0 255
0.2087764 0.0163986 -0.0616534 0 0 255
0.2087917 0.0182721 -0.0614605 0 0 255
0.2104061 0.0202125 -0.0600849 0 0 255
0.2156847 0.0242185 -0.0558141 0 0 255
0.2218667 0.0264229 -0.0510535 0 0 255
0.2239637 0.0284450 -0.0493151 0 0 255
0.2380634 0.0331105 -0.0384924 0 0 255
0.2402638 0.0352037 -0.0366711 0 0 255
0.2424784 0.0373103 -0.0348380 0 0 255
0.2505285 0.0398248 -0.0286734 0 0 255
0.2061589 -0.0174453 -0.0645184 0 0 255
0.2061742 -0.0155756 -0.0643259 0 0 255
0.2050022 -0.0136936 -0.0650097 0 0 255
0.2034412 -0.0118156 -0.0659813 0 0 255
0.2022792 -0.0099485 -0.0666592 0 0 255
0.2022943 -0.0080901 -0.0664678 0 0 255
0.2015271 -0.0062326 -0.0668548 0 0 255
0.2011516 -0.0043780 -0.0669525 0 0 255
0.2007767 -0.0025257 -0.0670500 0 0 255
0.2015724 -0.0006639 -0.0662814 0 0 255
0.2015875 0.0011923 -0.0660903 0 0 255
0.2023851 0.0030609 -0.0653196 0 0 255
0.2024002 0.0049194 -0.0651282 0 0 255
0.2035928 0.0068033 -0.0640641 0 0 255
0.2036079 0.0086653 -0.0638724 0 0 255
0.2036231 0.0105273 -0.0636807 0 0 255
0.2036383 0.0123894 -0.0634889 0 0 255
0.2048353 0.0142905 -0.0624199 0 0 255
0.2052454 0.0161702 -0.0619345 0 0 255
0.2056560 0.0180522 -0.0614486 0 0 255
0.2068604 0.0199696 -0.0603725 0 0 255
0.2124836 0.0220906 -0.0560107 0 0 255
0.2186276 0.0261732 -0.0510738 0 0 255
0.2202939 0.0281663 -0.0496490 0 0 255
0.2312445 0.0306894 -0.0413106 0 0 255
0.2377468 0.0349729 -0.0360894 0 0 255
0.2403880 0.0371032 -0.0339308 0 0 255
0.2488528 0.0396424 -0.0274282 0 0 255
0.2497706 0.0416983 -0.0265505 0 0 255
0.2065814 -0.0194886 -0.0620522 0 0 255
0.2046143 -0.0175819 -0.0633284 0 0 255
0.2034459 -0.0156974 -0.0640136 0 0 255
0.2026744 -0.0138239 -0.0644051 0 0 255
0.2015131 -0.0119520 -0.0650862 0 0 255
0.2003559 -0.0100869 -0.0657648 0 0 255
0.1992031 -0.0082285 -0.0664409 0 0 255
0.1988298 -0.0063761 -0.0665386 0 0 255
0.1988449 -0.0045244 -0.0663480 0 0 255
0.1988599 -0.0026726 -0.0661573 0 0 255
0.1988750 -0.0008209 -0.0659666 0 0 255
0.1996674 0.0010407 -0.0651976 0 0 255
0.2000719 0.0029007 -0.0647168 0 0 255
0.2004768 0.0047631 -0.0642356 0 0 255
0.2001022 0.0066112 -0.0643348 0 0 255
0.2001172 0.0084664 -0.0641437 0 0 255
0.1993540 0.0103007 -0.0645328 0 0 255
0.1997580 0.0121654 -0.0640520 0 0 255
0.2009428 0.0140579 -0.0629885 0 0 255
0.2009579 0.0159155 -0.0627972 0 0 255
0.2001927 0.0177430 -0.0631884 0 0 255
0.2005978 0.0196146 -0.0627062 0 0 255
0.2025697 0.0215580 -0.0610532 0 0 255
0.2033710 0.0234574 -0.0602739 0 0 255
0.2097450 0.0256410 -0.0553280 0 0 255
0.2228737 0.0301398 -0.0451407 0 0 255
0.2292146 0.0324328 -0.0402088 0 0 255
0.2296563 0.0343983 -0.0396902 0 0 255
0.2158945 0.0354484 -0.0498098 0 0 255
0.2267172 0.0380787 -0.0415164 0 0 255
0.2263107 0.0399809 -0.0416340 0 0 255
0.2030715 -0.0177183 -0.0621399 0 0 255
0.2011222 -0.0158240 -0.0634112 0 0 255
0.2003550 -0.0139538 -0.0638027 0 0 255
0.1988109 -0.0120819 -0.0647737 0 0 255
0.1980493 -0.0102230 -0.0651620 0 0 255
0.1969028 -0.0083677 -0.0658380 0 0 255
0.1969178 -0.0065183 -0.0656475 0 0 255
0.1961607 -0.0046716 -0.0660336 0 0 255
0.1961758 -0.0028244 -0.0658434 0 0 255
0.1958054 -0.0009807 -0.0659412 0 0 255
0.1969780 0.0008798 -0.0648857 0 0 255
0.1981549 0.0027471 -0.0638263 0 0 255
0.1970081 0.0045790 -0.0645047 0 0 255
0.1962509 0.0064123 -0.0648922 0 0 255
0.1966518 0.0082690 -0.0644131 0 0 255
0.1924475 0.0100042 -0.0673829 0 0 255
0.1864278 0.0116609 -0.0717154 0 0 255
0.1905819 0.0136150 -0.0684254 0 0 255
0.1879712 0.0171753 -0.0700290 0 0 255
0.1838809 0.0188289 -0.0729217 0 0 255
0.1206034 0.0178398 -0.1202468 0 0 255
0.1215164 0.0195103 -0.1194034 0 0 255
0.1212295 0.0211260 -0.1194610 0 0 255
0.1203439 0.0227082 -0.1199687 0 0 255
0.1197594 0.0243021 -0.1202505 0 0 255
0.1194743 0.0259101 -0.1203074 0 0 255
0.1197858 0.0275532 -0.1199156 0 0 255
0.1197990 0.0291788 -0.1197483 0 0 255
0.1201110 0.0308245 -0.1193559 0 0 255
0.2003541 -0.0178348 -0.0618333 0 0 255
0.1988072 -0.0159501 -0.0628109 0 0 255
0.1992121 -0.0140960 -0.0623276 0 0 255
0.1968955 -0.0122175 -0.0638831 0 0 255
0.1953654 -0.0103566 -0.0648504 0 0 255
0.1946107 -0.0085065 -0.0652373 0 0 255
0.1950104 -0.0066601 -0.0647586 0 0 255
0.1942565 -0.0048155 -0.0651453 0 0 255
0.1935044 -0.0029754 -0.0655311 0 0 255
0.1931366 -0.0011361 -0.0656288 0 0 255
0.1943015 0.0007197 -0.0645753 0 0 255
0.1939327 0.0025590 -0.0646737 0 0 255
0.1935644 0.0043962 -0.0647719 0 0 255
0.1928140 0.0062231 -0.0651577 0 0 255
0.1871516 0.0079288 -0.0692395 0 0 255
0.1703650 0.0093047 -0.0816967 0 0 255
0.1491054 0.0104506 -0.0975313 0 0 255
0.1198490 0.0112132 -0.1194009 0 0 255
0.1189660 0.0128104 -0.1199084 0 0 255
0.1195764 0.0144595 -0.1192908 0 0 255
0.1192909 0.0160752 -0.1193484 0 0 255
0.1196029 0.0177156 -0.1189555 0 0 255
0.1199151 0.0193577 -0.1185621 0 0 255
0.1202278 0.0210016 -0.1181683 0 0 255
0.1193438 0.0225841 -0.1186781 0 0 255
0.1193570 0.0242114 -0.1185105 0 0 255
0.1190718 0.0258211 -0.1185685 0 0 255
0.1190851 0.0274476 -0.1184009 0 0 255
0.1185023 0.0290357 -0.1186841 0 0 255
0.1185155 0.0306604 -0.1185168 0 0 255
0.1451404 0.0885576 -0.0929375 0 0 255
0.1451542 0.0902591 -0.0927623 0 0 255
0.1451681 0.0919606 -0.0925870 0 0 255
0.1445335 0.0935508 -0.0929089 0 0 255
0.1445611 0.0969501 -0.0925589 0 0 255
0.1445749 0.0986497 -0.0923838 0 0 255
0.1449147 0.1004092 -0.0919586 0 0 255
0.1988185 -0.0179707 -0.0606492 0 0 255
0.1980540 -0.0160978 -0.0610440 0 0 255
0.1972914 -0.0142295 -0.0614378 0 0 255
0.1945992 -0.0123495 -0.0632848 0 0 255
0.1942293 -0.0104980 -0.0633843 0 0 255
0.1930925 -0.0086467 -0.0640618 0 0 255
0.1942593 -0.0068012 -0.0630036 0 0 255
0.1931224 -0.0049566 -0.0636818 0 0 255
0.1912267 -0.0031233 -0.0649330 0 0 255
0.1908609 -0.0012872 -0.0650309 0 0 255
0.1904955 0.0005467 -0.0651287 0 0 255
0.1893722 0.0023671 -0.0657990 0 0 255
0.1657020 0.0037797 -0.0835025 0 0 255
0.1557106 0.0053378 -0.0908822 0 0 255
0.1344612 0.0065719 -0.1067786 0 0 255
0.1215186 0.0079027 -0.1164046 0 0 255
0.1194326 0.0094776 -0.1178243 0 0 255
0.1179533 0.0110599 -0.1187860 0 0 255
0.1179665 0.0126862 -0.1186185 0 0 255
0.1185758 0.0143352 -0.1179995 0 0 255
0.1182910 0.0159511 -0.1180577 0 0 255
0.1189009 0.0176045 -0.1174378 0 0 255
0.1189141 0.0192334 -0.1172701 0 0 255
0.1189274 0.0208624 -0.1171023 0 0 255
0.1186420 0.0224757 -0.1171611 0 0 255
0.1183571 0.0240873 -0.1172197 0 0 255
0.1183702 0.0257146 -0.1170521 0 0 255
0.1177879 0.0273053 -0.1173370 0 0 255
0.1172068 0.0288927 -0.1176212 0 0 255
0.1175171 0.0305366 -0.1172281 0 0 255
0.1172332 0.0321405 -0.1172867 0 0 255
0.1420950 0.0813284 -0.0937835 0 0 255
0.1421088 0.0830241 -0.0936089 0 0 255
0.1427807 0.0865188 -0.0927639 0 0 255
0.1431190 0.0882694 -0.0923393 0 0 255
0.1424878 0.0898610 -0.0926609 0 0 255
0.1431504 0.0916673 -0.0919865 0 0 255
0.1434892 0.0934218 -0.0915612 0 0 255
0.1435031 0.0951215 -0.0913861 0 0 255
0.1431918 0.0967634 -0.0914617 0 0 255
0.1432056 0.0984622 -0.0912867 0 0 255
0.1438699 0.1002803 -0.0906100 0 0 255
0.1438837 0.1019809 -0.0904348 0 0 255
0.1442233 0.1037433 -0.0900081 0 0 255
0.1445632 0.1055076 -0.0895810 0 0 255
0.1449035 0.1072739 -0.0891534 0 0 255
0.1965075 -0.0180929 -0.0600540 0 0 255
0.1965227 -0.0162345 -0.0598626 0 0 255
0.1946028 -0.0143537 -0.0611345 0 0 255
0.1938471 -0.0124943 -0.0615268 0 0 255
0.1923262 -0.0106349 -0.0624986 0 0 255
0.1911942 -0.0087856 -0.0631770 0 0 255
0.1931232 -0.0069426 -0.0615374 0 0 255
0.1904616 -0.0051023 -0.0633750 0 0 255
0.1897160 -0.0032662 -0.0637620 0 0 255
0.1893513 -0.0014311 -0.0638605 0 0 255
0.1321205 -0.0002679 -0.1070939 0 0 255
0.1283953 0.0013478 -0.1097589 0 0 255
0.1287185 0.0030129 -0.1093529 0 0 255
0.1177939 0.0044492 -0.1174879 0 0 255
0.1172116 0.0060640 -0.1177726 0 0 255
0.1181186 0.0077147 -0.1169257 0 0 255
0.1175356 0.0093269 -0.1172112 0 0 255
0.1166568 0.0109262 -0.1177219 0 0 255
0.1172644 0.0125725 -0.1171023 0 0 255
0.1175753 0.0142110 -0.1167081 0 0 255
0.1175885 0.0158390 -0.1165404 0 0 255
0.1176018 0.0174671 -0.1163728 0 0 255
0.1182113 0.0191231 -0.1157507 0 0 255
0.1176282 0.0207233 -0.1160374 0 0 255
0.1176414 0.0223515 -0.1158697 0 0 255
0.1176546 0.0239797 -0.1157020 0 0 255
0.1164789 0.0255384 -0.1164415 0 0 255
0.1170860 0.0271996 -0.1158209 0 0 255
0.1170992 0.0288261 -0.1156533 0 0 255
0.1165185 0.0304127 -0.1159395 0 0 255
0.1168285 0.0320583 -0.1155453 0 0 255
0.1397361 0.0776203 -0.0937829 0 0 255
0.1400717 0.0793601 -0.0933602 0 0 255
0.1400855 0.0810530 -0.0931858 0 0 255
0.1404213 0.0827957 -0.0927626 0 0 255
0.1410806 0.0845911 -0.0920894 0 0 255
0.1401267 0.0861318 -0.0926628 0 0 255
0.1404626 0.0878774 -0.0922393 0 0 255
0.1407990 0.0896249 -0.0918153 0 0 255
0.1411357 0.0913744 -0.0913908 0 0 255
0.1417965 0.0931815 -0.0907153 0 0 255
0.1418102 0.0948792 -0.0905405 0 0 255
0.1415004 0.0965195 -0.0906163 0 0 255
0.1418378 0.0982749 -0.0901907 0 0 255
0.1421757 0.1000322 -0.0897647 0 0 255
0.1425139 0.1017915 -0.0893381 0 0 255
0.1425278 0.1034912 -0.0891630 0 0 255
0.1428664 0.1052535 -0.0887358 0 0 255
0.1438569 0.1071448 -0.0878025 0 0 255
0.1438707 0.1088484 -0.0876271 0 0 255
0.1438845 0.1105521 -0.0874516 0 0 255
0.1438984 0.1122558 -0.0872761 0 0 255
0.1439122 0.1139595 -0.0871007 0 0 255
0.1961411 -0.0182487 -0.0579906 0 0 255
0.1957681 -0.0163824 -0.0580938 0 0 255
0.1946214 -0.0145091 -0.0587851 0 0 255
0.1934790 -0.0126427 -0.0594739 0 0 255
0.1927246 -0.0107852 -0.0598682 0 0 255
0.1908244 -0.0089288 -0.0611347 0 0 255
0.1900764 -0.0070837 -0.0615253 0 0 255
0.1310531 -0.0054073 -0.1062849 0 0 255
0.1279534 -0.0037546 -0.1084840 0 0 255
0.1221439 -0.0021435 -0.1127496 0 0 255
0.1197409 -0.0005270 -0.1144219 0 0 255
0.1167663 0.0010672 -0.1165315 0 0 255
0.1149999 0.0026650 -0.1177212 0 0 255
0.1138330 0.0042646 -0.1184545 0 0 255
0.1144356 0.0058985 -0.1178376 0 0 255
0.1147439 0.0075281 -0.1174451 0 0 255
0.1144619 0.0091423 -0.1175035 0 0 255
0.1135913 0.0107360 -0.1180118 0 0 255
0.1138987 0.0123657 -0.1176201 0 0 255
0.1118583 0.0139083 -0.1190236 0 0 255
0.1124566 0.0155464 -0.1184097 0 0 255
0.1124697 0.0171625 -0.1182432 0 0 255
0.1130693 0.0188058 -0.1176278 0 0 255
0.1136702 0.0204527 -0.1170110 0 0 255
0.1139777 0.0220877 -0.1166187 0 0 255
0.1148757 0.0237571 -0.1157735 0 0 255
0.1122425 0.0252259 -0.1176354 0 0 255
0.1143118 0.0269670 -0.1158919 0 0 255
0.1137359 0.0285506 -0.1161769 0 0 255
0.1137491 0.0301702 -0.1160101 0 0 255
0.1128809 0.0317282 -0.1165199 0 0 255
0.1146595 0.0334739 -0.1149973 0 0 255
0.1143776 0.0350739 -0.1150569 0 0 255
0.1138017 0.0366490 -0.1153427 0 0 255
0.1367490 0.0738394 -0.0942769 0 0 255
0.1361255 0.0754347 -0.0945970 0 0 255
0.1383755 0.0774451 -0.0926899 0 0 255
0.1380687 0.0790885 -0.0927643 0 0 255
0.1377622 0.0807300 -0.0928386 0 0 255
0.1380962 0.0824687 -0.0924161 0 0 255
0.1390727 0.0843104 -0.0914946 0 0 255
0.1390864 0.0860034 -0.0913202 0 0 255
0.1394218 0.0877488 -0.0908960 0 0 255
0.1394356 0.0894428 -0.0907215 0 0 255
0.1400937 0.0912457 -0.0900460 0 0 255
0.1397851 0.0928862 -0.0901220 0 0 255
0.1401213 0.0946375 -0.0896966 0 0 255
0.1401350 0.0963335 -0.0895219 0 0 255
0.1401488 0.0980294 -0.0893473 0 0 255
0.1404853 0.0997847 -0.0889212 0 0 255
0.1411458 0.1016022 -0.0882426 0 0 255
0.1411595 0.1033011 -0.0880676 0 0 255
0.1405267 0.1048755 -0.0883968 0 0 255
0.1415110 0.1067621 -0.0874650 0 0 255
0.1412010 0.1083978 -0.0875426 0 0 255
0.1421876 0.1102923 -0.0866082 0 0 255
0.1418768 0.1119279 -0.0866864 0 0 255
0.1425402 0.1137631 -0.0860038 0 0 255
0.1428794 0.1155342 -0.0855742 0 0 255
0.1428932 0.1172379 -0.0853987 0 0 255
0.1429070 0.1189418 -0.0852232 0 0 255
0.1429209 0.1206456 -0.0850477 0 0 255
0.1416771 0.2068533 -0.0776475 0 0 255
0.1410440 0.2083134 -0.0779879 0 0 255
0.1407349 0.2098904 -0.0780705 0 0 255
0.1401038 0.2113447 -0.0784100 0 0 255
0.1407624 0.2132834 -0.0777211 0 0 255
0.1404535 0.2148568 -0.0778038 0 0 255
0.1401451 0.2164287 -0.0778863 0 0 255
0.1401588 0.2181233 -0.0777118 0 0 255
0.1404948 0.2199437 -0.0772798 0 0 255
0.1411542 0.2218931 -0.0765892 0 0 255
0.1411679 0.2235907 -0.0764144 0 0 255
0.1418288 0.2255464 -0.0757221 0 0 255
0.1421667 0.2273761 -0.0752877 0 0 255
0.1425049 0.2292079 -0.0748529 0 0 255
0.1938364 -0.0183704 -0.0574005 0 0 255
0.1942380 -0.0165189 -0.0569141 0 0 255
0.1942531 -0.0146604 -0.0567227 0 0 255
0.1919559 -0.0127809 -0.0582976 0 0 255
0.1219761 -0.0104971 -0.1115969 0 0 255
0.1174700 -0.0088354 -0.1148823 0 0 255
0.1145138 -0.0072005 -0.1169849 0 0 255
0.1133466 -0.0055784 -0.1177205 0 0 255
0.1139493 -0.0039534 -0.1171023 0 0 255
0.1136675 -0.0023323 -0.1171609 0 0 255
0.1127977 -0.0007197 -0.1176700 0 0 255
0.1125172 0.0008963 -0.1177281 0 0 255
0.1122369 0.0025105 -0.1177862 0 0 255
0.1116641 0.0041172 -0.1180688 0 0 255
0.1105091 0.0057070 -0.1187982 0 0 255
0.1116903 0.0073507 -0.1177357 0 0 255
0.1102440 0.0089253 -0.1186894 0 0 255
0.1105484 0.0105472 -0.1182996 0 0 255
0.1114372 0.0121910 -0.1174608 0 0 255
0.1094112 0.0137302 -0.1188612 0 0 255
0.1091343 0.0153285 -0.1189183 0 0 255
0.1106007 0.0170010 -0.1176349 0 0 255
0.1103225 0.0186010 -0.1176928 0 0 255
0.1097538 0.0201850 -0.1179743 0 0 255
0.1088966 0.0217504 -0.1184784 0 0 255
0.1106531 0.0234552 -0.1169700 0 0 255
0.1103749 0.0250519 -0.1170283 0 0 255
0.1103880 0.0266646 -0.1168621 0 0 255
0.1095288 0.0282216 -0.1173685 0 0 255
0.1095418 0.0298319 -0.1172026 0 0 255
0.1101361 0.0314827 -0.1165884 0 0 255
0.1101492 0.0330947 -0.1164223 0 0 255
0.1098716 0.0346847 -0.1164807 0 0 255
0.1101754 0.0363188 -0.1160901 0 0 255
0.1107711 0.0379783 -0.1154740 0 0 255
0.1113678 0.0396414 -0.1148566 0 0 255
0.1102147 0.0411550 -0.1155920 0 0 255
0.1325195 0.0699142 -0.0957494 0 0 255
0.1347457 0.0718943 -0.0938551 0 0 255
0.1357128 0.0737113 -0.0929396 0 0 255
0.1347730 0.0752614 -0.0935084 0 0 255
0.1351041 0.0769912 -0.0930876 0 0 255
0.1348003 0.0786285 -0.0931615 0 0 255
0.1348140 0.0803122 -0.0929881 0 0 255
0.1357813 0.0821431 -0.0920711 0 0 255
0.1364325 0.0839300 -0.0914001 0 0 255
0.1367654 0.0856695 -0.0909770 0 0 255
0.1370988 0.0874109 -0.0905535 0 0 255
0.1377530 0.0892076 -0.0898793 0 0 255
0.1380874 0.0909540 -0.0894544 0 0 255
0.1387437 0.0927576 -0.0887779 0 0 255
0.1387574 0.0944526 -0.0886033 0 0 255
0.1387712 0.0961476 -0.0884287 0 0 255
0.1391069 0.0979008 -0.0880023 0 0 255
0.1387988 0.0995377 -0.0880795 0 0 255
0.1394565 0.1013530 -0.0874007 0 0 255
0.1391482 0.1029889 -0.0874782 0 0 255
0.1394841 0.1047470 -0.0870511 0 0 255
0.1394979 0.1064440 -0.0868763 0 0 255
0.1398342 0.1082050 -0.0864486 0 0 255
0.1401710 0.1099680 -0.0860203 0 0 255
0.1398618 0.1116010 -0.0860987 0 0 255
0.1395529 0.1132323 -0.0861771 0 0 255
0.1402124 0.1150650 -0.0854953 0 0 255
0.1402261 0.1167640 -0.0853203 0 0 255
0.1408870 0.1186027 -0.0846369 0 0 255
0.1402537 0.1201622 -0.0849703 0 0 255
0.1399444 0.1217897 -0.0850493 0 0 255
0.1399582 0.1234879 -0.0848743 0 0 255
0.1409155 0.2017439 -0.0765669 0 0 255
0.1402829 0.2032103 -0.0769088 0 0 255
0.1402966 0.2049087 -0.0767339 0 0 255
0.1393434 0.2062517 -0.0773329 0 0 255
0.1380729 0.2074717 -0.0781865 0 0 255
0.1384072 0.2092831 -0.0777555 0 0 255
0.1384209 0.2109759 -0.0775812 0 0 255
0.1381142 0.2125472 -0.0776636 0 0 255
0.1381279 0.2142390 -0.0774894 0 0 255
0.1384621 0.2160542 -0.0770580 0 0 255
0.1378350 0.2174986 -0.0773978 0 0 255
0.1378487 0.2191896 -0.0772237 0 0 255
0.1381828 0.2210066 -0.0767923 0 0 255
0.1388381 0.2229529 -0.0761027 0 0 255
0.1388518 0.2246467 -0.0759282 0 0 255
0.1385445 0.2262115 -0.0760118 0 0 255
0.1392006 0.2281647 -0.0753209 0 0 255
0.1392143 0.2298596 -0.0751463 0 0 255
0.1938387 -0.0203942 -0.0552302 0 0 255
0.1926948 -0.0185125 -0.0559271 0 0 255
0.1930957 -0.0166611 -0.0554398 0 0 255
0.1173223 -0.0138729 -0.1134033 0 0 255
0.1170365 -0.0122336 -0.1134643 0 0 255
0.1143718 -0.0105809 -0.1153522 0 0 255
0.1137934 -0.0089510 -0.1156390 0 0 255
0.1135148 -0.0073248 -0.1156957 0 0 255
0.1114693 -0.0057045 -0.1171108 0 0 255
0.1126570 -0.0040790 -0.1160408 0 0 255
0.1120822 -0.0024612 -0.1163259 0 0 255
0.1123892 -0.0008369 -0.1159328 0 0 255
0.1115219 0.0007725 -0.1164437 0 0 255
0.1097823 0.0023620 -0.1176267 0 0 255
0.1097955 0.0039762 -0.1174604 0 0 255
0.1092268 0.0055771 -0.1177425 0 0 255
0.1089494 0.0071821 -0.1178004 0 0 255
0.1086723 0.0087855 -0.1178581 0 0 255
0.1086854 0.0103964 -0.1176922 0 0 255
0.1086984 0.0120073 -0.1175262 0 0 255
0.1078429 0.0135856 -0.1180310 0 0 255
0.1075670 0.0151823 -0.1180885 0 0 255
0.1075801 0.0167899 -0.1179229 0 0 255
0.1078820 0.0184108 -0.1175340 0 0 255
0.1070290 0.0199766 -0.1180379 0 0 255
0.1076192 0.0216127 -0.1174261 0 0 255
0.1076323 0.0232203 -0.1172604 0 0 255
0.1073565 0.0248112 -0.1173183 0 0 255
0.1076583 0.0264357 -0.1169292 0 0 255
0.1070943 0.0280065 -0.1172107 0 0 255
0.1076844 0.0296511 -0.1165980 0 0 255
0.1068321 0.0311986 -0.1171032 0 0 255
0.1071333 0.0328247 -0.1167144 0 0 255
0.1074347 0.0344526 -0.1163251 0 0 255
0.1083149 0.0361277 -0.1154866 0 0 255
0.1080386 0.0377136 -0.1155455 0 0 255
0.1080516 0.0393223 -0.1153798 0 0 255
0.1074869 0.0408806 -0.1156630 0 0 255
0.1083671 0.0425659 -0.1148234 0 0 255
0.1083802 0.0441755 -0.1146576 0 0 255
0.1086829 0.0458130 -0.1142665 0 0 255
0.1086959 0.0474235 -0.1141006 0 0 255
0.1092893 0.0490932 -0.1134830 0 0 255
0.1095930 0.0507359 -0.1130906 0 0 255
0.1107717 0.0524746 -0.1120165 0 0 255
0.1110770 0.0541235 -0.1116223 0 0 255
0.1131441 0.0559743 -0.1098546 0 0 255
0.1158208 0.0579082 -0.1076103 0 0 255
0.1152399 0.0594685 -0.1079058 0 0 255
0.1194388 0.0616104 -0.1044716 0 0 255
0.1218821 0.0652041 -0.1022460 0 0 255
0.1255655 0.0673344 -0.0992091 0 0 255
0.1261954 0.0690768 -0.0985564 0 0 255
0.1293108 0.0711634 -0.0959601 0 0 255
0.1312020 0.0730969 -0.0943196 0 0 255
0.1312156 0.0747730 -0.0941470 0 0 255
0.1312292 0.0764492 -0.0939743 0 0 255
0.1321864 0.0782658 -0.0930629 0 0 255
0.1325151 0.0799926 -0.0926431 0 0 255
0.1344274 0.0819660 -0.0909825 0 0 255
0.1350768 0.0837517 -0.0903106 0 0 255
0.1354088 0.0854901 -0.0898872 0 0 255
0.1360604 0.0872827 -0.0892130 0 0 255
0.1363935 0.0890260 -0.0887883 0 0 255
0.1367270 0.0907714 -0.0883631 0 0 255
0.1367407 0.0924635 -0.0881887 0 0 255
0.1367545 0.0941557 -0.0880144 0 0 255
0.1370884 0.0959049 -0.0875885 0 0 255
0.1377435 0.0977141 -0.0869099 0 0 255
0.1377573 0.0994092 -0.0867353 0 0 255
0.1374501 0.1010443 -0.0868132 0 0 255
0.1377848 0.1027994 -0.0863861 0 0 255
0.1381198 0.1045564 -0.0859586 0 0 255
0.1384552 0.1063154 -0.0855306 0 0 255
0.1381473 0.1079486 -0.0856091 0 0 255
0.1378397 0.1095801 -0.0856876 0 0 255
0.1384965 0.1114066 -0.0850061 0 0 255
0.1385103 0.1131038 -0.0848313 0 0 255
0.1385240 0.1148009 -0.0846565 0 0 255
0.1382161 0.1164295 -0.0847355 0 0 255
0.1388736 0.1182648 -0.0840526 0 0 255
0.1395326 0.1201042 -0.0833681 0 0 255
0.1395464 0.1218043 -0.0831929 0 0 255
0.1395602 0.1235043 -0.0830179 0 0 255
0.1395739 0.1252045 -0.0828427 0 0 255
0.1395878 0.1269046 -0.0826676 0 0 255
0.1391985 0.1979879 -0.0760873 0 0 255
0.1385686 0.1994569 -0.0764293 0 0 255
0.1385824 0.2011533 -0.0762545 0 0 255
0.1376330 0.2025011 -0.0768537 0 0 255
0.1373265 0.2040778 -0.0769367 0 0 255
0.1367006 0.2055353 -0.0772766 0 0 255
0.1367143 0.2072261 -0.0771025 0 0 255
0.1364087 0.2087977 -0.0771852 0 0 255
0.1361035 0.2103676 -0.0772678 0 0 255
0.1361172 0.2120566 -0.0770938 0 0 255
0.1358123 0.2136239 -0.0771765 0 0 255
0.1351935 0.2150683 -0.0775122 0 0 255
0.1352072 0.2167546 -0.0773385 0 0 255
0.1355388 0.2185653 -0.0769085 0 0 255
0.1358708 0.2203780 -0.0764779 0 0 255
0.1362031 0.2221928 -0.0760469 0 0 255
0.1358981 0.2237545 -0.0761301 0 0 255
0.1368688 0.2258283 -0.0751834 0 0 255
0.1356072 0.2270020 -0.0760394 0 0 255
0.1365769 0.2290800 -0.0750931 0 0 255
0.1375498 0.2311649 -0.0741436 0 0 255
0.1382148 0.2348172 -0.0732791 0 0 255
0.1919232 -0.0205202 -0.0543484 0 0 255
0.1171876 -0.0172875 -0.1117507 0 0 255
0.1154084 -0.0156207 -0.1129633 0 0 255
0.1154217 -0.0139869 -0.1127950 0 0 255
0.1151372 -0.0123502 -0.1128563 0 0 255
0.1121950 -0.0106976 -0.1149685 0 0 255
0.1125026 -0.0090743 -0.1145739 0 0 255
0.1122214 -0.0074489 -0.1146339 0 0 255
0.1107666 -0.0058276 -0.1156004 0 0 255
0.1110728 -0.0042061 -0.1152071 0 0 255
0.1107929 -0.0025874 -0.1152666 0 0 255
0.1102211 -0.0009737 -0.1155520 0 0 255
0.1093590 0.0006326 -0.1160624 0 0 255
0.1082095 0.0022289 -0.1167957 0 0 255
0.1082225 0.0038414 -0.1166295 0 0 255
0.1079457 0.0054474 -0.1166880 0 0 255
0.1073799 0.0070442 -0.1169704 0 0 255
0.1071039 0.0086460 -0.1170285 0 0 255
0.1065399 0.0102370 -0.1173101 0 0 255
0.1062648 0.0118346 -0.1173680 0 0 255
0.1057025 0.0134198 -0.1176489 0 0 255
0.1051414 0.0150017 -0.1179291 0 0 255
0.1054413 0.0166174 -0.1175412 0 0 255
0.1054543 0.0182217 -0.1173759 0 0 255
0.1048938 0.0197977 -0.1176563 0 0 255
0.1046205 0.0213854 -0.1177138 0 0 255
0.1043474 0.0229715 -0.1177712 0 0 255
0.1046464 0.0245890 -0.1173837 0 0 255
0.1043734 0.0261734 -0.1174413 0 0 255
0.1041006 0.0277561 -0.1174988 0 0 255
0.1041136 0.0293563 -0.1173340 0 0 255
0.1046984 0.0309963 -0.1167237 0 0 255
0.1049978 0.0326190 -0.1163355 0 0 255
0.1047243 0.0342001 -0.1163936 0 0 255
0.1050237 0.0358245 -0.1160053 0 0 255
0.1047503 0.0374040 -0.1160636 0 0 255
0.1050497 0.0390301 -0.1156750 0 0 255
0.1050627 0.0406329 -0.1155099 0 0 255
0.1050757 0.0422358 -0.1153448 0 0 255
0.1056624 0.0438921 -0.1147314 0 0 255
0.1056755 0.0454966 -0.1145661 0 0 255
0.1054014 0.0470728 -0.1146253 0 0 255
0.1057014 0.0487058 -0.1142356 0 0 255
0.1060018 0.0503406 -0.1138454 0 0 255
0.1063025 0.0519771 -0.1134548 0 0 255
0.1066035 0.0536153 -0.1130639 0 0 255
0.1066166 0.0552226 -0.1128983 0 0 255
0.1074954 0.0569307 -0.1120543 0 0 255
0.1083770 0.0586443 -0.1112077 0 0 255
0.1089706 0.0603278 -0.1105864 0 0 255
0.1113185 0.0622345 -0.1085888 0 0 255
0.1157632 0.0644239 -0.1049445 0 0 255
0.1148844 0.0659408 -0.1054763 0 0 255
0.1169836 0.0678520 -0.1036703 0 0 255
0.1215297 0.0717598 -0.0997815 0 0 255
0.1261402 0.0740676 -0.0959976 0 0 255
0.1264629 0.0757770 -0.0955831 0 0 255
0.1286501 0.0777657 -0.0937016 0 0 255
0.1305401 0.0797220 -0.0920528 0 0 255
0.1327587 0.0817401 -0.0901442 0 0 255
0.1337225 0.0835736 -0.0892224 0 0 255
0.1337362 0.0852600 -0.0890487 0 0 255
0.1347032 0.0871024 -0.0881236 0 0 255
0.1350355 0.0888447 -0.0876985 0 0 255
0.1356873 0.0906430 -0.0870211 0 0 255
0.1357010 0.0923352 -0.0868468 0 0 255
0.1353955 0.0939715 -0.0869244 0 0 255
0.1357284 0.0957196 -0.0864982 0 0 255
0.1357421 0.0974119 -0.0863238 0 0 255
0.1357558 0.0991041 -0.0861495 0 0 255
0.1360892 0.1008561 -0.0857225 0 0 255
0.1361029 0.1025494 -0.0855481 0 0 255
0.1361167 0.1042427 -0.0853736 0 0 255
0.1361304 0.1059360 -0.0851992 0 0 255
0.1361442 0.1076293 -0.0850248 0 0 255
0.1364778 0.1093871 -0.0845970 0 0 255
0.1364915 0.1110814 -0.0844225 0 0 255
0.1368257 0.1128421 -0.0839941 0 0 255
0.1371602 0.1146049 -0.0835651 0 0 255
0.1368532 0.1162327 -0.0836448 0 0 255
0.1371877 0.1179974 -0.0832157 0 0 255
0.1375226 0.1197640 -0.0827862 0 0 255
0.1375363 0.1214612 -0.0826113 0 0 255
0.1381935 0.1233032 -0.0819256 0 0 255
0.1378853 0.1249291 -0.0820062 0 0 255
0.1385432 0.1267760 -0.0813195 0 0 255
0.1382348 0.1284008 -0.0814005 0 0 255
0.1382486 0.1301001 -0.0812254 0 0 255
0.1382624 0.1317994 -0.0810503 0 0 255
0.1371647 0.1941287 -0.0758672 0 0 255
0.1365380 0.1955995 -0.0762089 0 0 255
0.1362320 0.1971799 -0.0762923 0 0 255
0.1362457 0.1988726 -0.0761179 0 0 255
0.1353024 0.2002212 -0.0767159 0 0 255
0.1349977 0.2017957 -0.0767988 0 0 255
0.1350115 0.2034847 -0.0766248 0 0 255
0.1343895 0.2049395 -0.0769644 0 0 255
0.1340858 0.2065089 -0.0770470 0 0 255
0.1337863 0.2080780 -0.0771265 0 0 255
0.1341169 0.2098828 -0.0766966 0 0 255
0.1331807 0.2112082 -0.0772913 0 0 255
0.1331943 0.2128917 -0.0771179 0 0 255
0.1332080 0.2145752 -0.0769445 0 0 255
0.1329057 0.2161360 -0.0770269 0 0 255
0.1332353 0.2179423 -0.0765976 0 0 255
0.1329330 0.2195013 -0.0766802 0 0 255
0.1329466 0.2211840 -0.0765069 0 0 255
0.1329603 0.2228667 -0.0763336 0 0 255
0.1336061 0.2248044 -0.0756472 0 0 255
0.1333035 0.2263605 -0.0757304 0 0 255
0.1339502 0.2283033 -0.0750430 0 0 255
0.1349160 0.2303812 -0.0740961 0 0 255
0.1355663 0.2323337 -0.0734050 0 0 255
0.1362180 0.2342906 -0.0727124 0 0 255
0.1143909 -0.0173796 -0.1118356 0 0 255
0.1141070 -0.0157411 -0.1118973 0 0 255
0.1138235 -0.0141043 -0.1119590 0 0 255
0.1141335 -0.0124751 -0.1115609 0 0 255
0.1111966 -0.0108218 -0.1136799 0 0 255
0.1109161 -0.0091963 -0.1137404 0 0 255
0.1103429 -0.0075722 -0.1140281 0 0 255
0.1100633 -0.0059509 -0.1140882 0 0 255
0.1097839 -0.0043314 -0.1141483 0 0 255
0.1083396 -0.0027227 -0.1151135 0 0 255
0.1071923 -0.0011193 -0.1158487 0 0 255
0.1066269 0.0004853 -0.1161323 0 0 255
0.1060628 0.0020865 -0.1164151 0 0 255
0.1054998 0.0036843 -0.1166974 0 0 255
0.1055129 0.0052918 -0.1165318 0 0 255
0.1049510 0.0068846 -0.1168137 0 0 255
0.1046770 0.0084823 -0.1168718 0 0 255
0.1038309 0.0100603 -0.1173757 0 0 255
0.1035582 0.0116530 -0.1174333 0 0 255
0.1032857 0.0132440 -0.1174909 0 0 255
0.1032986 0.0148449 -0.1173260 0 0 255
0.1027415 0.0164212 -0.1176058 0 0 255
0.1021855 0.0179942 -0.1178851 0 0 255
0.1021985 0.0195917 -0.1177205 0 0 255
0.1022114 0.0211893 -0.1175559 0 0 255
0.1016566 0.0227557 -0.1178349 0 0 255
0.1019533 0.0243681 -0.1174487 0 0 255
0.1016824 0.0259477 -0.1175061 0 0 255
0.1019791 0.0275617 -0.1171197 0 0 255
0.1014248 0.0291208 -0.1173990 0 0 255
0.1020050 0.0307554 -0.1167907 0 0 255
0.1017342 0.0323317 -0.1168484 0 0 255
0.1020309 0.0339492 -0.1164617 0 0 255
0.1014765 0.0355016 -0.1167417 0 0 255
0.1017730 0.0371200 -0.1163551 0 0 255
0.1015024 0.0386922 -0.1164130 0 0 255
0.1023667 0.0403617 -0.1155807 0 0 255
0.1018152 0.0419087 -0.1158591 0 0 255
0.1015447 0.0434785 -0.1159172 0 0 255
0.1018540 0.0466974 -0.1153657 0 0 255
0.1018799 0.0498899 -0.1150368 0 0 255
0.1024739 0.0531454 -0.1142610 0 0 255
0.1027713 0.0547757 -0.1138725 0 0 255
0.1033636 0.0580412 -0.1130970 0 0 255
0.1039476 0.0597116 -0.1124822 0 0 255
0.1045328 0.0613856 -0.1118661 0 0 255
0.1065584 0.0632477 -0.1101142 0 0 255
0.1062829 0.0648198 -0.1101758 0 0 255
0.1089028 0.0667786 -0.1079533 0 0 255
0.1127256 0.0689175 -0.1047799 0 0 255
0.1184028 0.0713386 -0.1001401 0 0 255
0.1199358 0.0748476 -0.0986111 0 0 255
0.1242207 0.0771324 -0.0950649 0 0 255
0.1282594 0.0794050 -0.0917111 0 0 255
0.1307787 0.0814661 -0.0895567 0 0 255
0.1317377 0.0832960 -0.0886355 0 0 255
0.1320671 0.0850304 -0.0882120 0 0 255
0.1330305 0.0868704 -0.0872865 0 0 255
0.1333613 0.0886107 -0.0868614 0 0 255
0.1336926 0.0903529 -0.0864359 0 0 255
0.1333887 0.0919875 -0.0865135 0 0 255
0.1337200 0.0937317 -0.0860878 0 0 255
0.1340517 0.0954778 -0.0856614 0 0 255
0.1340654 0.0971682 -0.0854873 0 0 255
0.1340790 0.0988586 -0.0853131 0 0 255
0.1340927 0.1005490 -0.0851390 0 0 255
0.1344247 0.1022999 -0.0847120 0 0 255
0.1344385 0.1039913 -0.0845377 0 0 255
0.1347709 0.1057452 -0.0841101 0 0 255
0.1351038 0.1075010 -0.0836820 0 0 255
0.1351175 0.1091943 -0.0835075 0 0 255
0.1351311 0.1108877 -0.0833331 0 0 255
0.1354643 0.1126474 -0.0829043 0 0 255
0.1354780 0.1143417 -0.0827298 0 0 255
0.1354918 0.1160361 -0.0825552 0 0 255
0.1358255 0.1177997 -0.0821257 0 0 255
0.1358392 0.1194951 -0.0819511 0 0 255
0.1358529 0.1211904 -0.0817764 0 0 255
0.1365074 0.1230301 -0.0810905 0 0 255
0.1362006 0.1246543 -0.0811715 0 0 255
0.1365349 0.1264247 -0.0807408 0 0 255
0.1362281 0.1280471 -0.0808220 0 0 255
0.1365624 0.1298195 -0.0803911 0 0 255
0.1365761 0.1315169 -0.0802162 0 0 255
0.1369109 0.1332922 -0.0797848 0 0 255
0.1362830 0.1348330 -0.0801229 0 0 255
0.1359765 0.1364499 -0.0802044 0 0 255
0.1341824 0.1899554 -0.0764208 0 0 255
0.1348326 0.1918648 -0.0757315 0 0 255
0.1348463 0.1935565 -0.0755573 0 0 255
0.1339058 0.1949131 -0.0761558 0 0 255
0.1339194 0.1966020 -0.0759819 0 0 255
0.1336157 0.1981775 -0.0760651 0 0 255
0.1336294 0.1998655 -0.0758912 0 0 255
0.1330093 0.2013236 -0.0762314 0 0 255
0.1323943 0.2027799 -0.0765678 0 0 255
0.1320922 0.2043478 -0.0766505 0 0 255
0.1317906 0.2059141 -0.0767331 0 0 255
0.1318042 0.2075967 -0.0765597 0 0 255
0.1315028 0.2091603 -0.0766423 0 0 255
0.1315165 0.2108420 -0.0764691 0 0 255
0.1315301 0.2125237 -0.0762958 0 0 255
0.1312290 0.2140838 -0.0763785 0 0 255
0.1309283 0.2156422 -0.0764612 0 0 255
0.1309419 0.2173221 -0.0762881 0 0 255
0.1312698 0.2191263 -0.0758591 0 0 255
0.1312835 0.2208071 -0.0756859 0 0 255
0.1309827 0.2223620 -0.0757689 0 0 255
0.1309963 0.2240420 -0.0755958 0 0 255
0.1310099 0.2257219 -0.0754227 0 0 255
0.1325989 0.2280473 -0.0739648 0 0 255
0.1329287 0.2298624 -0.0735332 0 0 255
0.1342105 0.2320749 -0.0723246 0 0 255
0.1351789 0.2341637 -0.0713710 0 0 255
0.1560221 0.2481265 -0.0538459 0 0 255
0.1116120 -0.0174711 -0.1119199 0 0 255
0.1113306 -0.0158378 -0.1119814 0 0 255
0.1116384 -0.0142138 -0.1115843 0 0 255
0.1104784 -0.0125734 -0.1123302 0 0 255
0.1096122 -0.0109419 -0.1128478 0 0 255
0.1096253 -0.0093192 -0.1126806 0 0 255
0.1090539 -0.0076958 -0.1129693 0 0 255
0.1084835 -0.0060759 -0.1132573 0 0 255
0.1076238 -0.0044607 -0.1137716 0 0 255
0.1067666 -0.0028506 -0.1142842 0 0 255
0.1059123 -0.0012456 -0.1147951 0 0 255
0.1047730 0.0003505 -0.1155291 0 0 255
0.1044988 0.0019541 -0.1155879 0 0 255
0.1039380 0.0035504 -0.1158708 0 0 255
0.1036646 0.0051498 -0.1159294 0 0 255
0.1031056 0.0067403 -0.1162114 0 0 255
0.1022629 0.0083194 -0.1167158 0 0 255
0.1022758 0.0099202 -0.1165509 0 0 255
0.1017197 0.0115016 -0.1168316 0 0 255
0.1011648 0.0130797 -0.1171117 0 0 255
0.1014616 0.0146886 -0.1167247 0 0 255
0.1006240 0.0162504 -0.1172267 0 0 255
0.1000714 0.0178203 -0.1175058 0 0 255
0.0995200 0.0193870 -0.1177843 0 0 255
0.0995329 0.0209796 -0.1176202 0 0 255
0.0987049 0.0225262 -0.1181163 0 0 255
0.0989989 0.0241325 -0.1177316 0 0 255
0.0987306 0.0257065 -0.1177886 0 0 255
0.0990247 0.0273146 -0.1174037 0 0 255
0.0990376 0.0289056 -0.1172399 0 0 255
0.0987692 0.0304772 -0.1172971 0 0 255
0.0990633 0.0320878 -0.1169120 0 0 255
0.0985141 0.0336365 -0.1171905 0 0 255
0.0985270 0.0352260 -0.1170267 0 0 255
0.0982592 0.0367927 -0.1170840 0 0 255
0.0988337 0.0384286 -0.1164778 0 0 255
0.0982850 0.0399701 -0.1167566 0 0 255
0.0988595 0.0416094 -0.1161501 0 0 255
0.0985914 0.0431736 -0.1162079 0 0 255
0.0980432 0.0447094 -0.1164868 0 0 255
0.0986172 0.0463529 -0.1158803 0 0 255
0.0983493 0.0479139 -0.1159382 0 0 255
0.0986429 0.0495321 -0.1155528 0 0 255
0.0989367 0.0511521 -0.1151670 0 0 255
0.0992309 0.0527737 -0.1147808 0 0 255
0.0986815 0.0543012 -0.1150614 0 0 255
0.0992567 0.0559565 -0.1144528 0 0 255
0.0989883 0.0575143 -0.1145115 0 0 255
0.0995640 0.0591738 -0.1139020 0 0 255
0.0998589 0.0608014 -0.1135147 0 0 255
0.1012858 0.0625759 -0.1122304 0 0 255
0.1018664 0.0642477 -0.1116160 0 0 255
0.1038852 0.0677190 -0.1097061 0 0 255
0.1070654 0.0697674 -0.1070282 0 0 255
0.1105758 0.0718817 -0.1040864 0 0 255
0.1180207 0.0745908 -0.0980191 0 0 255
0.1235201 0.0787145 -0.0933320 0 0 255
0.1291185 0.0812414 -0.0887222 0 0 255
0.1303882 0.0831185 -0.0875506 0 0 255
0.1310320 0.0849026 -0.0868760 0 0 255
0.1316773 0.0866906 -0.0862000 0 0 255
0.1326409 0.0885353 -0.0852701 0 0 255
0.1323376 0.0901710 -0.0853485 0 0 255
0.1323512 0.0918595 -0.0851745 0 0 255
0.1326819 0.0936035 -0.0847480 0 0 255
0.1330130 0.0953496 -0.0843209 0 0 255
0.1323923 0.0969250 -0.0846526 0 0 255
0.1327229 0.0986720 -0.0842258 0 0 255
0.1330541 0.1004209 -0.0837984 0 0 255
0.1324332 0.1019908 -0.0841307 0 0 255
0.1333993 0.1038632 -0.0831963 0 0 255
0.1330952 0.1054924 -0.0832759 0 0 255
0.1334267 0.1072461 -0.0828478 0 0 255
0.1337586 0.1090018 -0.0824192 0 0 255
0.1334541 0.1106291 -0.0824993 0 0 255
0.1337860 0.1123867 -0.0820705 0 0 255
0.1341183 0.1141463 -0.0816412 0 0 255
0.1341320 0.1158397 -0.0814668 0 0 255
0.1338270 0.1174643 -0.0815474 0 0 255
0.1338408 0.1191568 -0.0813730 0 0 255
0.1344920 0.1209911 -0.0806878 0 0 255
0.1345057 0.1226856 -0.0805133 0 0 255
0.1345194 0.1243801 -0.0803387 0 0 255
0.1342142 0.1260009 -0.0804199 0 0 255
0.1345468 0.1277692 -0.0799896 0 0 255
0.1342416 0.1293882 -0.0800709 0 0 255
0.1342553 0.1310818 -0.0798965 0 0 255
0.1339504 0.1326981 -0.0799779 0 0 255
0.1342828 0.1344692 -0.0795474 0 0 255
0.1342965 0.1361629 -0.0793730 0 0 255
0.1339915 0.1377764 -0.0794547 0 0 255
0.1340052 0.1394693 -0.0792803 0 0 255
0.1346566 0.1413264 -0.0785928 0 0 255
0.1346703 0.1430211 -0.0784182 0 0 255
0.1334482 0.1882463 -0.0749973 0 0 255
0.1331446 0.1898282 -0.0750811 0 0 255
0.1325243 0.1912988 -0.0754225 0 0 255
0.1322215 0.1928764 -0.0755061 0 0 255
0.1316034 0.1943413 -0.0758464 0 0 255
0.1319327 0.1961384 -0.0754158 0 0 255
0.1316306 0.1977117 -0.0754992 0 0 255
0.1310174 0.1991711 -0.0758362 0 0 255
0.1307164 0.2007401 -0.0759192 0 0 255
0.1304156 0.2023075 -0.0760022 0 0 255
0.1301152 0.2038731 -0.0760850 0 0 255
0.1298150 0.2054371 -0.0761679 0 0 255
0.1298286 0.2071169 -0.0759948 0 0 255
0.1295288 0.2086783 -0.0760776 0 0 255
0.1292293 0.2102380 -0.0761602 0 0 255
0.1295560 0.2120361 -0.0757316 0 0 255
0.1286314 0.2133522 -0.0763253 0 0 255
0.1286449 0.2150284 -0.0761526 0 0 255
0.1289710 0.2168273 -0.0757244 0 0 255
0.1283601 0.2182575 -0.0760624 0 0 255
0.1286857 0.2200572 -0.0756345 0 0 255
0.1283872 0.2216083 -0.0757172 0 0 255
0.1280890 0.2231576 -0.0757999 0 0 255
0.1277912 0.2247053 -0.0758825 0 0 255
0.1284279 0.2266345 -0.0751994 0 0 255
0.1300055 0.2289560 -0.0737447 0 0 255
0.1312764 0.2311592 -0.0725406 0 0 255
0.1338216 0.2339035 -0.0702905 0 0 255
0.1559720 0.2484342 -0.0516131 0 0 255
0.1685879 0.2556176 -0.0410808 0 0 255
0.1111869 -0.0192373 -0.1103353 0 0 255
0.1112002 -0.0176070 -0.1101673 0 0 255
0.1112133 -0.0159766 -0.1099993 0 0 255
0.1106374 -0.0143384 -0.1102922 0 0 255
0.1091865 -0.0126947 -0.1112701 0 0 255
0.1089071 -0.0110681 -0.1113318 0 0 255
0.1080443 -0.0094408 -0.1118504 0 0 255
0.1074751 -0.0078189 -0.1121396 0 0 255
0.1063271 -0.0062014 -0.1128828 0 0 255
0.1054725 -0.0045894 -0.1133965 0 0 255
0.1049086 -0.0029804 -0.1136827 0 0 255
0.1037714 -0.0013806 -0.1144191 0 0 255
0.1034977 0.0002238 -0.1144784 0 0 255
0.1026521 0.0018173 -0.1149870 0 0 255
0.1020942 0.0034113 -0.1152700 0 0 255
0.1018221 0.0050082 -0.1153287 0 0 255
0.1009818 0.0065892 -0.1158343 0 0 255
0.1004274 0.0081733 -0.1161155 0 0 255
0.1001571 0.0097628 -0.1161737 0 0 255
0.0996044 0.0113411 -0.1164541 0 0 255
0.0993350 0.0129265 -0.1165119 0 0 255
0.0990658 0.0145103 -0.1165697 0 0 255
0.0979533 0.0160563 -0.1172919 0 0 255
0.0971285 0.0176089 -0.1177880 0 0 255
0.0974215 0.0192110 -0.1174036 0 0 255
0.0963159 0.0207425 -0.1181218 0 0 255
0.0966079 0.0223438 -0.1177382 0 0 255
0.0966207 0.0239306 -0.1175747 0 0 255
0.0966336 0.0255175 -0.1174112 0 0 255
0.0966464 0.0271044 -0.1172476 0 0 255
0.0963801 0.0286728 -0.1173047 0 0 255
0.0963929 0.0302589 -0.1171413 0 0 255
0.0964057 0.0318451 -0.1169779 0 0 255
0.0958610 0.0333893 -0.1172554 0 0 255
0.0955954 0.0349521 -0.1173124 0 0 255
0.0961653 0.0365810 -0.1167083 0 0 255
0.0961781 0.0381664 -0.1165450 0 0 255
0.0956339 0.0397033 -0.1168229 0 0 255
0.0959251 0.0413122 -0.1164391 0 0 255
0.0956595 0.0428709 -0.1164965 0 0 255
0.0953942 0.0444281 -0.1165538 0 0 255
0.0954070 0.0460112 -0.1163907 0 0 255
0.0959764 0.0476509 -0.1157860 0 0 255
0.0957108 0.0492064 -0.1158437 0 0 255
0.0960020 0.0508203 -0.1154594 0 0 255
0.0960149 0.0524051 -0.1152962 0 0 255
0.0960277 0.0539899 -0.1151329 0 0 255
0.0965983 0.0556397 -0.1145263 0 0 255
0.0968905 0.0572595 -0.1141407 0 0 255
0.0963449 0.0587785 -0.1144213 0 0 255
0.0971959 0.0604692 -0.1135911 0 0 255
0.0977689 0.0621293 -0.1129816 0 0 255
0.0989057 0.0638666 -0.1119229 0 0 255
0.0994822 0.0655354 -0.1113097 0 0 255
0.1017619 0.0674411 -0.1093392 0 0 255
0.1032109 0.0708478 -0.1078746 0 0 255
0.1125342 0.0738126 -0.1002826 0 0 255
0.1158220 0.0759335 -0.0975015 0 0 255
0.1246669 0.0805845 -0.0901214 0 0 255
0.1268519 0.0825961 -0.0882148 0 0 255
0.1293678 0.0846736 -0.0860426 0 0 255
0.1306409 0.0865626 -0.0848624 0 0 255
0.1309703 0.0883018 -0.0844361 0 0 255
0.1309839 0.0899893 -0.0842623 0 0 255
0.1313138 0.0917314 -0.0838354 0 0 255
0.1313275 0.0934199 -0.0836615 0 0 255
0.1313412 0.0951084 -0.0834875 0 0 255
0.1313548 0.0967970 -0.0833135 0 0 255
0.1313685 0.0984856 -0.0831395 0 0 255
0.1310660 0.1001150 -0.0832190 0 0 255
0.1320292 0.1019832 -0.0822836 0 0 255
0.1314095 0.1035514 -0.0826176 0 0 255
0.1317396 0.1053021 -0.0821896 0 0 255
0.1320702 0.1070548 -0.0817611 0 0 255
0.1320839 0.1087454 -0.0815869 0 0 255
0.1320975 0.1104360 -0.0814127 0 0 255
0.1324285 0.1121925 -0.0809836 0 0 255
0.1324422 0.1138841 -0.0808093 0 0 255
0.1324559 0.1155757 -0.0806350 0 0 255
0.1321523 0.1171986 -0.0807160 0 0 255
0.1324832 0.1189590 -0.0802864 0 0 255
0.1328146 0.1207213 -0.0798565 0 0 255
0.1331463 0.1224856 -0.0794259 0 0 255
0.1331600 0.1241792 -0.0792514 0 0 255
0.1328557 0.1257992 -0.0793333 0 0 255
0.1325517 0.1274175 -0.0794150 0 0 255
0.1325654 0.1291093 -0.0792406 0 0 255
0.1325791 0.1308011 -0.0790664 0 0 255
0.1329105 0.1325701 -0.0786356 0 0 255
0.1329241 0.1342629 -0.0784613 0 0 255
0.1326202 0.1358766 -0.0785434 0 0 255
0.1326338 0.1375684 -0.0783691 0 0 255
0.1329653 0.1393413 -0.0779380 0 0 255
0.1332971 0.1411162 -0.0775064 0 0 255
0.1326749 0.1426442 -0.0778462 0 0 255
0.1330063 0.1444200 -0.0774148 0 0 255
0.1333382 0.1461977 -0.0769829 0 0 255
0.1336703 0.1479775 -0.0765505 0 0 255
0.1333657 0.1495856 -0.0766338 0 0 255
0.1314330 0.1844203 -0.0747800 0 0 255
0.1320793 0.1863215 -0.0740897 0 0 255
0.1317765 0.1879036 -0.0741740 0 0 255
0.1311581 0.1893755 -0.0745162 0 0 255
0.1302262 0.1907353 -0.0751149 0 0 255
0.1305547 0.1925294 -0.0746841 0 0 255
0.1296285 0.1938838 -0.0752788 0 0 255
0.1296421 0.1955662 -0.0751055 0 0 255
0.1290285 0.1970243 -0.0754453 0 0 255
0.1287289 0.1985919 -0.0755284 0 0 255
0.1287425 0.2002716 -0.0753554 0 0 255
0.1281309 0.2017221 -0.0756944 0 0 255
0.1284569 0.2035155 -0.0752655 0 0 255
0.1275342 0.2048456 -0.0758599 0 0 255
0.1275477 0.2065217 -0.0756872 0 0 255
0.1272498 0.2080800 -0.0757700 0 0 255
0.1272634 0.2097553 -0.0755973 0 0 255
0.1269659 0.2113109 -0.0756801 0 0 255
0.1266686 0.2128650 -0.0757627 0 0 255
0.1266821 0.2145384 -0.0755903 0 0 255
0.1263852 0.2160899 -0.0756730 0 0 255
0.1257787 0.2175170 -0.0760102 0 0 255
0.1267228 0.2195590 -0.0750731 0 0 255
0.1264258 0.2211077 -0.0751560 0 0 255
0.1267498 0.2229061 -0.0747282 0 0 255
0.1255233 0.2240741 -0.0755763 0 0 255
0.1255369 0.2257441 -0.0754042 0 0 255
0.1271013 0.2280556 -0.0739549 0 0 255
0.1296141 0.2307712 -0.0717234 0 0 255
0.1327830 0.2337767 -0.0689499 0 0 255
0.1635725 0.2520196 -0.0430609 0 0 255
0.1664181 0.2550224 -0.0405410 0 0 255
0.1667883 0.2569672 -0.0400628 0 0 255
0.1664470 0.2586030 -0.0401721 0 0 255
0.1084374 -0.0176976 -0.1102568 0 0 255
0.1084505 -0.0160724 -0.1100893 0 0 255
0.1075911 -0.0144354 -0.1106077 0 0 255
0.1061503 -0.0127974 -0.1115838 0 0 255
0.1058734 -0.0111769 -0.1116451 0 0 255
0.1055970 -0.0095580 -0.1117063 0 0 255
0.1050317 -0.0079403 -0.1119949 0 0 255
0.1041797 -0.0063264 -0.1125098 0 0 255
0.1033303 -0.0047176 -0.1130230 0 0 255
0.1024837 -0.0031139 -0.1135345 0 0 255
0.1016396 -0.0015151 -0.1140445 0 0 255
0.1013675 0.0000860 -0.1141040 0 0 255
0.1010957 0.0016855 -0.1141634 0 0 255
0.1002561 0.0032726 -0.1146710 0 0 255
0.0994192 0.0048547 -0.1151770 0 0 255
0.0994321 0.0064529 -0.1150123 0 0 255
0.0983159 0.0080198 -0.1157397 0 0 255
0.0977660 0.0095974 -0.1160202 0 0 255
0.0969368 0.0111623 -0.1165217 0 0 255
0.0961137 0.0127224 -0.1170190 0 0 255
0.0958474 0.0142997 -0.1170762 0 0 255
0.0950242 0.0158517 -0.1175743 0 0 255
0.0950370 0.0174368 -0.1174110 0 0 255
0.0950499 0.0190220 -0.1172476 0 0 255
0.0939520 0.0205500 -0.1179643 0 0 255
0.0945196 0.0221621 -0.1173616 0 0 255
0.0942549 0.0237298 -0.1174185 0 0 255
0.0937134 0.0252791 -0.1176950 0 0 255
0.0937262 0.0268603 -0.1175321 0 0 255
0.0940160 0.0284598 -0.1171493 0 0 255
0.0937518 0.0300227 -0.1172062 0 0 255
0.0937646 0.0316039 -0.1170433 0 0 255
0.0932242 0.0331436 -0.1173199 0 0 255
0.0926850 0.0346801 -0.1175959 0 0 255
0.0926977 0.0362581 -0.1174333 0 0 255
0.0929864 0.0378594 -0.1170513 0 0 255
0.0921723 0.0393663 -0.1175466 0 0 255
0.0930119 0.0410172 -0.1167260 0 0 255
0.0927488 0.0425704 -0.1167830 0 0 255
0.0930375 0.0441750 -0.1164006 0 0 255
0.0927743 0.0457267 -0.1164578 0 0 255
0.0927871 0.0473049 -0.1162951 0 0 255
0.0930758 0.0489120 -0.1159125 0 0 255
0.0928127 0.0504613 -0.1159699 0 0 255
0.0933776 0.0521006 -0.1153667 0 0 255
0.0936669 0.0537119 -0.1149831 0 0 255
0.0934031 0.0552604 -0.1150411 0 0 255
0.0936924 0.0568733 -0.1146574 0 0 255
0.0934287 0.0584202 -0.1147155 0 0 255
0.0939949 0.0600696 -0.1141103 0 0 255
0.0942848 0.0616867 -0.1137257 0 0 255
0.0942976 0.0632692 -0.1135627 0 0 255
0.0948656 0.0649262 -0.1129553 0 0 255
0.0954347 0.0665866 -0.1123467 0 0 255
0.0968434 0.0683680 -0.1110654 0 0 255
0.1013724 0.0706040 -0.1072833 0 0 255
0.1080217 0.0747972 -0.1016428 0 0 255
0.1181431 0.0796064 -0.0932090 0 0 255
0.1218101 0.0818357 -0.0901063 0 0 255
0.1261470 0.0841944 -0.0864637 0 0 255
0.1292897 0.0863830 -0.0837777 0 0 255
0.1296183 0.0881212 -0.0833510 0 0 255
0.1293170 0.0897544 -0.0834303 0 0 255
0.1299607 0.0915489 -0.0827501 0 0 255
0.1296592 0.0931811 -0.0828297 0 0 255
0.1299881 0.0949241 -0.0824022 0 0 255
0.1296865 0.0965545 -0.0824821 0 0 255
0.1300154 0.0982994 -0.0820545 0 0 255
0.1300290 0.0999870 -0.0818806 0 0 255
0.1303582 0.1017348 -0.0814524 0 0 255
0.1303719 0.1034234 -0.0812784 0 0 255
0.1307015 0.1051741 -0.0808497 0 0 255
0.1303992 0.1068008 -0.0809304 0 0 255
0.1310452 0.1086173 -0.0802462 0 0 255
0.1310588 0.1103079 -0.0800721 0 0 255
0.1307561 0.1119328 -0.0801533 0 0 255
0.1314029 0.1137560 -0.0794679 0 0 255
0.1314166 0.1154476 -0.0792936 0 0 255
0.1311135 0.1170706 -0.0793753 0 0 255
0.1308108 0.1186918 -0.0794569 0 0 255
0.1308244 0.1203816 -0.0792828 0 0 255
0.1308382 0.1220714 -0.0791087 0 0 255
0.1311682 0.1238336 -0.0786784 0 0 255
0.1308655 0.1254511 -0.0787604 0 0 255
0.1308792 0.1271410 -0.0785863 0 0 255
0.1308928 0.1288310 -0.0784122 0 0 255
0.1309065 0.1305209 -0.0782381 0 0 255
0.1302884 0.1320571 -0.0785762 0 0 255
0.1306178 0.1338230 -0.0781462 0 0 255
0.1306314 0.1355121 -0.0779721 0 0 255
0.1306452 0.1372012 -0.0777981 0 0 255
0.1309749 0.1389709 -0.0773674 0 0 255
0.1309886 0.1406610 -0.0771932 0 0 255
0.1313187 0.1424337 -0.0767619 0 0 255
0.1310159 0.1440412 -0.0768450 0 0 255
0.1313461 0.1458158 -0.0764134 0 0 255
0.1313598 0.1475069 -0.0762392 0 0 255
0.1313735 0.1491980 -0.0760649 0 0 255
0.1313871 0.1508892 -0.0758907 0 0 255
0.1314008 0.1525803 -0.0757165 0 0 255
0.1317313 0.1543607 -0.0752841 0 0 255
0.1323798 0.1562335 -0.0745925 0 0 255
0.1320759 0.1578362 -0.0746768 0 0 255
0.1320897 0.1595293 -0.0745023 0 0 255
0.1300673 0.1825008 -0.0738741 0 0 255
0.1291372 0.1838719 -0.0744738 0 0 255
0.1294651 0.1856621 -0.0740426 0 0 255
0.1291645 0.1872402 -0.0741267 0 0 255
0.1285506 0.1887089 -0.0744680 0 0 255
0.1279419 0.1901756 -0.0748055 0 0 255
0.1276430 0.1917470 -0.0748890 0 0 255
0.1279691 0.1935367 -0.0744592 0 0 255
0.1273580 0.1949953 -0.0747994 0 0 255
0.1270596 0.1965623 -0.0748827 0 0 255
0.1267617 0.1981277 -0.0749660 0 0 255
0.1264641 0.1996913 -0.0750493 0 0 255
0.1267889 0.2014816 -0.0746205 0 0 255
0.1261803 0.2029285 -0.0749597 0 0 255
0.1258833 0.2044879 -0.0750428 0 0 255
0.1255866 0.2060455 -0.0751258 0 0 255
0.1259104 0.2078365 -0.0746978 0 0 255
0.1253039 0.2092741 -0.0750364 0 0 255
0.1250078 0.2108275 -0.0751193 0 0 255
0.1247121 0.2123792 -0.0752021 0 0 255
0.1247256 0.2140500 -0.0750299 0 0 255
0.1247391 0.2157208 -0.0748578 0 0 255
0.1241351 0.2171467 -0.0751955 0 0 255
0.1238405 0.2186926 -0.0752781 0 0 255
0.1241622 0.2204848 -0.0748515 0 0 255
0.1241757 0.2221538 -0.0746796 0 0 255
0.1241891 0.2238228 -0.0745076 0 0 255
0.1238944 0.2253651 -0.0745906 0 0 255
0.1242161 0.2271610 -0.0741637 0 0 255
0.1260864 0.2296045 -0.0724549 0 0 255
0.1320612 0.2337829 -0.0673468 0 0 255
0.1624783 0.2518861 -0.0416484 0 0 255
0.1639023 0.2542767 -0.0402961 0 0 255
0.1642703 0.2562165 -0.0398189 0 0 255
0.1639313 0.2578490 -0.0399280 0 0 255
0.1639457 0.2596352 -0.0397440 0 0 255
0.1051162 -0.0177762 -0.1108002 0 0 255
0.1057088 -0.0161676 -0.1101759 0 0 255
0.1051424 -0.0145396 -0.1104667 0 0 255
0.1039998 -0.0129087 -0.1112130 0 0 255
0.1031494 -0.0112870 -0.1117290 0 0 255
0.1028752 -0.0096732 -0.1117900 0 0 255
0.1023147 -0.0080605 -0.1120776 0 0 255
0.1017553 -0.0064512 -0.1123646 0 0 255
0.1009120 -0.0048464 -0.1128767 0 0 255
0.0997874 -0.0032486 -0.1136120 0 0 255
0.0998004 -0.0016463 -0.1134468 0 0 255
0.0983980 -0.0000621 -0.1144032 0 0 255
0.0984109 0.0015361 -0.1142386 0 0 255
0.0978597 0.0031237 -0.1145212 0 0 255
0.0970287 0.0047019 -0.1150261 0 0 255
0.0967609 0.0062891 -0.1150846 0 0 255
0.0962132 0.0078669 -0.1153654 0 0 255
0.0948331 0.0094158 -0.1163076 0 0 255
0.0942893 0.0109847 -0.1165862 0 0 255
0.0940243 0.0125604 -0.1166435 0 0 255
0.0932052 0.0141127 -0.1171415 0 0 255
0.0923887 0.0156601 -0.1176379 0 0 255
0.0924015 0.0172403 -0.1174751 0 0 255
0.0915875 0.0187806 -0.1179702 0 0 255
0.0916003 0.0203584 -0.1178076 0 0 255
0.0910633 0.0219064 -0.1180829 0 0 255
0.0910760 0.0234826 -0.1179205 0 0 255
0.0916386 0.0250921 -0.1173199 0 0 255
0.0911015 0.0266352 -0.1175956 0 0 255
0.0913891 0.0282297 -0.1172140 0 0 255
0.0908525 0.0297689 -0.1174898 0 0 255
0.0905910 0.0313247 -0.1175463 0 0 255
0.0900561 0.0328583 -0.1178212 0 0 255
0.0900688 0.0344314 -0.1176592 0 0 255
0.0900816 0.0360046 -0.1174971 0 0 255
0.0903680 0.0376008 -0.1171162 0 0 255
0.0898336 0.0391272 -0.1173914 0 0 255
0.0901197 0.0407242 -0.1170107 0 0 255
0.0898591 0.0422721 -0.1170673 0 0 255
0.0898718 0.0438446 -0.1169053 0 0 255
0.0901579 0.0454440 -0.1165244 0 0 255
0.0904443 0.0470452 -0.1161430 0 0 255
0.0907311 0.0486480 -0.1157613 0 0 255
0.0904698 0.0501935 -0.1158186 0 0 255
0.0907565 0.0517980 -0.1154367 0 0 255
0.0910436 0.0534041 -0.1150544 0 0 255
0.0907820 0.0549480 -0.1151121 0 0 255
0.0910691 0.0565558 -0.1147296 0 0 255
0.0913565 0.0581653 -0.1143467 0 0 255
0.0916442 0.0597765 -0.1139634 0 0 255
0.0916569 0.0613541 -0.1138008 0 0 255
0.0919449 0.0629678 -0.1134170 0 0 255
0.0916824 0.0645092 -0.1134757 0 0 255
0.0925217 0.0662002 -0.1126483 0 0 255
0.0930869 0.0678577 -0.1120409 0 0 255
0.0947639 0.0696776 -0.1105383 0 0 255
0.0981367 0.0717550 -0.1076692 0 0 255
0.1117353 0.0770108 -0.0964028 0 0 255
0.1174429 0.0811814 -0.0914842 0 0 255
0.1223350 0.0836197 -0.0873783 0 0 255
0.1248200 0.0856927 -0.0852119 0 0 255
0.1273269 0.0877839 -0.0830265 0 0 255
0.1270276 0.0894138 -0.0831057 0 0 255
0.1276674 0.0912039 -0.0824266 0 0 255
0.1279945 0.0929429 -0.0819997 0 0 255
0.1283221 0.0946837 -0.0815723 0 0 255
0.1283358 0.0963695 -0.0813986 0 0 255
0.1283494 0.0980554 -0.0812249 0 0 255
0.1289920 0.0998591 -0.0805422 0 0 255
0.1293207 0.1016068 -0.0801133 0 0 255
0.1296496 0.1033564 -0.0796839 0 0 255
0.1293480 0.1049842 -0.0797653 0 0 255
0.1290466 0.1066101 -0.0798466 0 0 255
0.1290603 0.1082979 -0.0796726 0 0 255
0.1297043 0.1101151 -0.0789874 0 0 255
0.1294026 0.1117391 -0.0790692 0 0 255
0.1294162 0.1134280 -0.0788952 0 0 255
0.1297452 0.1151843 -0.0784651 0 0 255
0.1297590 0.1168741 -0.0782910 0 0 255
0.1294572 0.1184945 -0.0783731 0 0 255
0.1294708 0.1201834 -0.0781991 0 0 255
0.1288546 0.1217301 -0.0785371 0 0 255
0.1291831 0.1234892 -0.0781073 0 0 255
0.1291968 0.1251772 -0.0779333 0 0 255
0.1288956 0.1267913 -0.0780156 0 0 255
0.1292241 0.1285533 -0.0775854 0 0 255
0.1292377 0.1302414 -0.0774115 0 0 255
0.1292514 0.1319295 -0.0772375 0 0 255
0.1289502 0.1335400 -0.0773202 0 0 255
0.1289638 0.1352272 -0.0771463 0 0 255
0.1289775 0.1369145 -0.0769725 0 0 255
0.1289911 0.1386018 -0.0767986 0 0 255
0.1293196 0.1403704 -0.0763678 0 0 255
0.1296484 0.1421410 -0.0759365 0 0 255
0.1293469 0.1437469 -0.0760199 0 0 255
0.1293606 0.1454352 -0.0758459 0 0 255
0.1296894 0.1472086 -0.0754144 0 0 255
0.1293878 0.1488118 -0.0754980 0 0 255
0.1294015 0.1505002 -0.0753240 0 0 255
0.1294152 0.1521885 -0.0751500 0 0 255
0.1297440 0.1539658 -0.0747181 0 0 255
0.1291275 0.1554756 -0.0750599 0 0 255
0.1291412 0.1571631 -0.0748860 0 0 255
0.1294697 0.1589422 -0.0744542 0 0 255
0.1291685 0.1605382 -0.0745383 0 0 255
0.1291821 0.1622257 -0.0743644 0 0 255
0.1295107 0.1640077 -0.0739322 0 0 255
0.1295244 0.1656962 -0.0737582 0 0 255
0.1285941 0.1670964 -0.0743588 0 0 255
0.1280619 0.1786927 -0.0736591 0 0 255
0.1274493 0.1801707 -0.0740009 0 0 255
0.1268381 0.1816455 -0.0743419 0 0 255
0.1271640 0.1834305 -0.0739116 0 0 255
0.1265570 0.1849022 -0.0742496 0 0 255
0.1262590 0.1864755 -0.0743333 0 0 255
0.1262726 0.1881541 -0.0741604 0 0 255
0.1259748 0.1897249 -0.0742441 0 0 255
0.1256775 0.1912939 -0.0743277 0 0 255
0.1256911 0.1929708 -0.0741549 0 0 255
0.1253940 0.1945372 -0.0742385 0 0 255
0.1250973 0.1961019 -0.0743221 0 0 255
0.1244913 0.1975530 -0.0746613 0 0 255
0.1245047 0.1992263 -0.0744889 0 0 255
0.1242090 0.2007860 -0.0745721 0 0 255
0.1239135 0.2023440 -0.0746553 0 0 255
0.1239271 0.2040155 -0.0744830 0 0 255
0.1239406 0.2056871 -0.0743108 0 0 255
0.1233372 0.2071247 -0.0746492 0 0 255
0.1230427 0.2086767 -0.0747322 0 0 255
0.1230562 0.2103457 -0.0745603 0 0 255
0.1227620 0.2118952 -0.0746433 0 0 255
0.1224682 0.2134430 -0.0747261 0 0 255
0.1224817 0.2151101 -0.0745543 0 0 255
0.1215751 0.2164121 -0.0751457 0 0 255
0.1215886 0.2180765 -0.0749742 0 0 255
0.1219084 0.2198644 -0.0745484 0 0 255
0.1216155 0.2214055 -0.0746312 0 0 255
0.1216289 0.2230700 -0.0744596 0 0 255
0.1219488 0.2248607 -0.0740336 0 0 255
0.1225761 0.2267807 -0.0733518 0 0 255
0.1235126 0.2288335 -0.0724124 0 0 255
0.1303898 0.2333901 -0.0665312 0 0 255
0.1606829 0.2514514 -0.0408196 0 0 255
0.1617495 0.2536863 -0.0397598 0 0 255
0.1624676 0.2557756 -0.0389897 0 0 255
0.1628344 0.2577151 -0.0385121 0 0 255
0.1624964 0.2593459 -0.0386218 0 0 255
0.1029549 -0.0194919 -0.1105975 0 0 255
0.1029679 -0.0178771 -0.1104310 0 0 255
0.1041344 -0.0162817 -0.1093496 0 0 255
0.1038586 -0.0146593 -0.1094120 0 0 255
0.1021452 -0.0130228 -0.1106160 0 0 255
0.1007277 -0.0113988 -0.1115859 0 0 255
0.1007407 -0.0097906 -0.1114202 0 0 255
0.1001837 -0.0081812 -0.1117076 0 0 255
0.0993438 -0.0065754 -0.1122201 0 0 255
0.0985065 -0.0049746 -0.1127311 0 0 255
0.0982366 -0.0033749 -0.1127910 0 0 255
0.0968397 -0.0017879 -0.1137482 0 0 255
0.0962907 -0.0001985 -0.1140310 0 0 255
0.0960231 0.0013920 -0.1140900 0 0 255
0.0957558 0.0029808 -0.1141490 0 0 255
0.0949298 0.0045560 -0.1146535 0 0 255
0.0943848 0.0061331 -0.1149343 0 0 255
0.0932889 0.0076918 -0.1156549 0 0 255
0.0930244 0.0092692 -0.1157128 0 0 255
0.0924833 0.0108358 -0.1159916 0 0 255
0.0913919 0.0123790 -0.1167101 0 0 255
0.0908543 0.0139376 -0.1169869 0 0 255
0.0903177 0.0154929 -0.1172631 0 0 255
0.0903305 0.0170699 -0.1171006 0 0 255
0.0895213 0.0186073 -0.1175953 0 0 255
0.0895341 0.0201819 -0.1174330 0 0 255
0.0890003 0.0217269 -0.1177081 0 0 255
0.0887402 0.0232843 -0.1177644 0 0 255
0.0890257 0.0248729 -0.1173839 0 0 255
0.0887656 0.0264288 -0.1174404 0 0 255
0.0882334 0.0279650 -0.1177150 0 0 255
0.0882460 0.0295357 -0.1175532 0 0 255
0.0882588 0.0311064 -0.1173913 0 0 255
0.0877276 0.0326363 -0.1176657 0 0 255
0.0877403 0.0342055 -0.1175040 0 0 255
0.0877530 0.0357746 -0.1173423 0 0 255
0.0877657 0.0373438 -0.1171806 0 0 255
0.0872356 0.0388658 -0.1174549 0 0 255
0.0875195 0.0404578 -0.1170754 0 0 255
0.0878038 0.0420514 -0.1166955 0 0 255
0.0875449 0.0435946 -0.1167522 0 0 255
0.0875576 0.0451631 -0.1165905 0 0 255
0.0878419 0.0467592 -0.1162103 0 0 255
0.0878546 0.0483285 -0.1160486 0 0 255
0.0881391 0.0499271 -0.1156680 0 0 255
0.0881518 0.0514972 -0.1155062 0 0 255
0.0887090 0.0531292 -0.1149055 0 0 255
0.0889944 0.0547328 -0.1145237 0 0 255
0.0890071 0.0563054 -0.1143616 0 0 255
0.0890198 0.0578780 -0.1141996 0 0 255
0.0890325 0.0594507 -0.1140375 0 0 255
0.0895915 0.0610935 -0.1134344 0 0 255
0.0898778 0.0627038 -0.1130512 0 0 255
0.0901644 0.0643157 -0.1126677 0 0 255
0.0901771 0.0658917 -0.1125053 0 0 255
0.0912882 0.0676216 -0.1114548 0 0 255
0.0924038 0.0693588 -0.1104001 0 0 255
0.0957530 0.0714288 -0.1075377 0 0 255
0.1040136 0.0758656 -0.1005421 0 0 255
0.1128197 0.0788452 -0.0932537 0 0 255
0.1197790 0.0832468 -0.0872961 0 0 255
0.1241003 0.0856163 -0.0836318 0 0 255
0.1250457 0.0874482 -0.0827033 0 0 255
0.1259941 0.0892861 -0.0817718 0 0 255
0.1263200 0.0910221 -0.0813450 0 0 255
0.1260213 0.0926502 -0.0814251 0 0 255
0.1269729 0.0944999 -0.0804899 0 0 255
0.1269865 0.0961848 -0.0803163 0 0 255
0.1270002 0.0978697 -0.0801426 0 0 255
0.1276409 0.0996722 -0.0794591 0 0 255
0.1279687 0.1014189 -0.0790298 0 0 255
0.1279823 0.1031066 -0.0788559 0 0 255
0.1283104 0.1048562 -0.0784260 0 0 255
0.1286388 0.1066077 -0.0779957 0 0 255
0.1283376 0.1082337 -0.0780780 0 0 255
0.1283513 0.1099224 -0.0779040 0 0 255
0.1283650 0.1116112 -0.0777299 0 0 255
0.1283786 0.1133001 -0.0775559 0 0 255
0.1280778 0.1149216 -0.0776384 0 0 255
0.1280915 0.1166095 -0.0774644 0 0 255
0.1277909 0.1182283 -0.0775469 0 0 255
0.1284332 0.1200555 -0.0768597 0 0 255
0.1278182 0.1216024 -0.0771993 0 0 255
0.1275179 0.1232176 -0.0772818 0 0 255
0.1275316 0.1249038 -0.0771081 0 0 255
0.1275452 0.1265900 -0.0769343 0 0 255
0.1272453 0.1282016 -0.0770170 0 0 255
0.1272590 0.1298870 -0.0768433 0 0 255
0.1272725 0.1315723 -0.0766697 0 0 255
0.1269730 0.1331804 -0.0767524 0 0 255
0.1266737 0.1347867 -0.0768352 0 0 255
0.1266873 0.1364702 -0.0766617 0 0 255
0.1273270 0.1383138 -0.0759750 0 0 255
0.1273407 0.1399993 -0.0758013 0 0 255
0.1270410 0.1416028 -0.0758845 0 0 255
0.1273679 0.1433702 -0.0754539 0 0 255
0.1273815 0.1450558 -0.0752802 0 0 255
0.1273951 0.1467413 -0.0751066 0 0 255
0.1274087 0.1484268 -0.0749329 0 0 255
0.1271091 0.1500259 -0.0750166 0 0 255
0.1271228 0.1517105 -0.0748430 0 0 255
0.1268234 0.1533068 -0.0749267 0 0 255
0.1268370 0.1549906 -0.0747532 0 0 255
0.1271635 0.1567646 -0.0743222 0 0 255
0.1274905 0.1585406 -0.0738907 0 0 255
0.1268778 0.1600421 -0.0742327 0 0 255
0.1265787 0.1616331 -0.0743167 0 0 255
0.1269050 0.1634099 -0.0738856 0 0 255
0.1269186 0.1650938 -0.0737121 0 0 255
0.1266195 0.1666821 -0.0737964 0 0 255
0.1263209 0.1682687 -0.0738805 0 0 255
0.1260225 0.1698536 -0.0739646 0 0 255
0.1260361 0.1715348 -0.0737913 0 0 255
0.1266740 0.1734143 -0.0731026 0 0 255
0.1270003 0.1751977 -0.0726709 0 0 255
0.1260769 0.1765786 -0.0732716 0 0 255
0.1254674 0.1780564 -0.0736133 0 0 255
0.1251736 0.1796346 -0.0736943 0 0 255
0.1248765 0.1812099 -0.0737783 0 0 255
0.1242698 0.1826795 -0.0741186 0 0 255
0.1242833 0.1843554 -0.0739460 0 0 255
0.1239872 0.1859256 -0.0740297 0 0 255
0.1240007 0.1876006 -0.0738571 0 0 255
0.1237049 0.1891682 -0.0739407 0 0 255
0.1237184 0.1908423 -0.0737682 0 0 255
0.1234229 0.1924073 -0.0738519 0 0 255
0.1231277 0.1939707 -0.0739356 0 0 255
0.1228329 0.1955323 -0.0740190 0 0 255
0.1231548 0.1973154 -0.0735909 0 0 255
0.1225519 0.1987628 -0.0739303 0 0 255
0.1225653 0.2004335 -0.0737582 0 0 255
0.1222711 0.2019899 -0.0738417 0 0 255
0.1216702 0.2034300 -0.0741802 0 0 255
0.1219907 0.2052136 -0.0737531 0 0 255
0.1213904 0.2066494 -0.0740916 0 0 255
0.1210974 0.2081992 -0.0741747 0 0 255
0.1208048 0.2097473 -0.0742578 0 0 255
0.1211244 0.2115315 -0.0738313 0 0 255
0.1205260 0.2129582 -0.0741692 0 0 255
0.1202340 0.2145021 -0.0742521 0 0 255
0.1202474 0.2161657 -0.0740807 0 0 255
0.1199558 0.2177071 -0.0741636 0 0 255
0.1196644 0.2192468 -0.0742465 0 0 255
0.1199827 0.2210324 -0.0738210 0 0 255
0.1199962 0.2226952 -0.0736496 0 0 255
0.1206202 0.2246097 -0.0729685 0 0 255
0.1203281 0.2261475 -0.0730521 0 0 255
0.1212591 0.2281948 -0.0721142 0 0 255
0.1309321 0.2339288 -0.0638705 0 0 255
0.1599396 0.2514684 -0.0391160 0 0 255
0.1617087 0.2540089 -0.0374643 0 0 255
0.1617231 0.2557951 -0.0372802 0 0 255
0.1610343 0.2572728 -0.0376849 0 0 255
0.1614002 0.2592121 -0.0372067 0 0 255
0.1617664 0.2611538 -0.0367280 0 0 255
0.1025242 -0.0212455 -0.1090248 0 0 255
0.1011019 -0.0195956 -0.1100015 0 0 255
0.1014014 -0.0179891 -0.1096070 0 0 255
0.1011280 -0.0163709 -0.1096691 0 0 255
0.1011411 -0.0147585 -0.1095030 0 0 255
0.1000112 -0.0131332 -0.1102485 0 0 255
0.0986024 -0.0115124 -0.1112173 0 0 255
0.0980486 -0.0099045 -0.1115043 0 0 255
0.0977787 -0.0083007 -0.1115649 0 0 255
0.0972267 -0.0066987 -0.1118511 0 0 255
0.0966759 -0.0051000 -0.1121367 0 0 255
0.0961263 -0.0035047 -0.1124216 0 0 255
0.0950175 -0.0019180 -0.1131540 0 0 255
0.0941922 -0.0003344 -0.1136603 0 0 255
0.0939263 0.0012529 -0.1137194 0 0 255
0.0933823 0.0028334 -0.1140012 0 0 255
0.0920116 0.0043930 -0.1149454 0 0 255
0.0917479 0.0059713 -0.1150036 0 0 255
0.0909328 0.0075329 -0.1155039 0 0 255
0.0906702 0.0091063 -0.1155617 0 0 255
0.0898585 0.0106599 -0.1160600 0 0 255
0.0890493 0.0122087 -0.1165568 0 0 255
0.0885154 0.0137634 -0.1168331 0 0 255
0.0879826 0.0153149 -0.1171088 0 0 255
0.0877231 0.0168756 -0.1171653 0 0 255
0.0869204 0.0184085 -0.1176584 0 0 255
0.0866619 0.0199644 -0.1177146 0 0 255
0.0864036 0.0215187 -0.1177708 0 0 255
0.0861456 0.0230715 -0.1178268 0 0 255
0.0856177 0.0246064 -0.1181002 0 0 255
0.0861710 0.0262063 -0.1175038 0 0 255
0.0861836 0.0277737 -0.1173423 0 0 255
0.0853858 0.0292853 -0.1178335 0 0 255
0.0856683 0.0308698 -0.1174548 0 0 255
0.0854111 0.0324155 -0.1175109 0 0 255
0.0856937 0.0340017 -0.1171320 0 0 255
0.0854364 0.0355458 -0.1171883 0 0 255
0.0854491 0.0371110 -0.1170270 0 0 255
0.0851921 0.0386527 -0.1170834 0 0 255
0.0857443 0.0402655 -0.1164865 0 0 255
0.0854870 0.0418065 -0.1165431 0 0 255
0.0854996 0.0433718 -0.1163818 0 0 255
0.0860525 0.0449903 -0.1157839 0 0 255
0.0860651 0.0465572 -0.1156224 0 0 255
0.0863483 0.0481524 -0.1152421 0 0 255
0.0860904 0.0496910 -0.1152995 0 0 255
0.0863736 0.0512879 -0.1149190 0 0 255
0.0869281 0.0529172 -0.1143187 0 0 255
0.0869408 0.0544865 -0.1141570 0 0 255
0.0869535 0.0560560 -0.1139953 0 0 255
0.0872375 0.0576586 -0.1136135 0 0 255
0.0872502 0.0592289 -0.1134517 0 0 255
0.0878065 0.0608689 -0.1128489 0 0 255
0.0880914 0.0624766 -0.1124660 0 0 255
0.0886495 0.0641226 -0.1118613 0 0 255
0.0886621 0.0656969 -0.1116990 0 0 255
0.0894950 0.0673863 -0.1108705 0 0 255
0.0906053 0.0691203 -0.1098162 0 0 255
0.0911685 0.0707809 -0.1092059 0 0 255
0.0961872 0.0731091 -0.1049720 0 0 255
0.1073865 0.0780347 -0.0955504 0 0 255
0.1148222 0.0824872 -0.0891807 0 0 255
0.1212193 0.0851857 -0.0838101 0 0 255
0.1237034 0.0872690 -0.0816245 0 0 255
0.1237170 0.0889473 -0.0814515 0 0 255
0.1249741 0.0908406 -0.0802645 0 0 255
0.1249877 0.0925227 -0.0800911 0 0 255
0.1256252 0.0943163 -0.0794086 0 0 255
0.1262640 0.0961139 -0.0787247 0 0 255
0.1259648 0.0977419 -0.0788064 0 0 255
0.1266045 0.0995444 -0.0781213 0 0 255
0.1269317 0.1012909 -0.0776913 0 0 255
0.1269453 0.1029787 -0.0775174 0 0 255
0.1269589 0.1046665 -0.0773434 0 0 255
0.1269726 0.1063543 -0.0771695 0 0 255
0.1273000 0.1081057 -0.0767387 0 0 255
0.1269998 0.1097300 -0.0768216 0 0 255
0.1270134 0.1114179 -0.0766477 0 0 255
0.1273410 0.1131722 -0.0762166 0 0 255
0.1270407 0.1147937 -0.0762998 0 0 255
0.1267408 0.1164135 -0.0763829 0 0 255
0.1270680 0.1181697 -0.0759519 0 0 255
0.1264547 0.1197177 -0.0762922 0 0 255
0.1264683 0.1214039 -0.0761185 0 0 255
0.1261690 0.1230183 -0.0762016 0 0 255
0.1264956 0.1247762 -0.0757709 0 0 255
0.1258837 0.1263154 -0.0761110 0 0 255
0.1258973 0.1279998 -0.0759375 0 0 255
0.1252867 0.1295337 -0.0762770 0 0 255
0.1256122 0.1312924 -0.0758471 0 0 255
0.1253139 0.1328989 -0.0759302 0 0 255
0.1250159 0.1345036 -0.0760133 0 0 255
0.1250294 0.1361853 -0.0758400 0 0 255
0.1250430 0.1378670 -0.0756666 0 0 255
0.1253682 0.1396294 -0.0752367 0 0 255
0.1253818 0.1413121 -0.0750633 0 0 255
0.1250838 0.1429123 -0.0751467 0 0 255
0.1250974 0.1445942 -0.0749734 0 0 255
0.1251110 0.1462760 -0.0748001 0 0 255
0.1251246 0.1479579 -0.0746268 0 0 255
0.1248268 0.1495536 -0.0747105 0 0 255
0.1254634 0.1514088 -0.0740228 0 0 255
0.1248540 0.1529156 -0.0743640 0 0 255
0.1251789 0.1546855 -0.0739335 0 0 255
0.1242595 0.1560984 -0.0745314 0 0 255
0.1248947 0.1579588 -0.0738443 0 0 255
0.1249083 0.1596399 -0.0736710 0 0 255
0.1249219 0.1613209 -0.0734978 0 0 255
0.1243137 0.1628154 -0.0738392 0 0 255
0.1246380 0.1645889 -0.0734089 0 0 255
0.1249626 0.1663644 -0.0729780 0 0 255
0.1249762 0.1680456 -0.0728048 0 0 255
0.1240576 0.1694358 -0.0734043 0 0 255
0.1240711 0.1711143 -0.0732313 0 0 255
0.1237746 0.1726941 -0.0733156 0 0 255
0.1231727 0.1741742 -0.0736534 0 0 255
0.1234956 0.1759502 -0.0732239 0 0 255
0.1231998 0.1775258 -0.0733080 0 0 255
0.1229042 0.1790996 -0.0733921 0 0 255
0.1223006 0.1805691 -0.0737323 0 0 255
0.1220060 0.1821388 -0.0738160 0 0 255
0.1223276 0.1839154 -0.0733874 0 0 255
0.1220330 0.1854833 -0.0734713 0 0 255
0.1217387 0.1870495 -0.0735551 0 0 255
0.1217523 0.1887209 -0.0733829 0 0 255
0.1214583 0.1902845 -0.0734666 0 0 255
0.1211647 0.1918464 -0.0735503 0 0 255
0.1211782 0.1935160 -0.0733782 0 0 255
0.1205784 0.1949651 -0.0737173 0 0 255
0.1205918 0.1966330 -0.0735455 0 0 255
0.1206053 0.1983009 -0.0733736 0 0 255
0.1203127 0.1998560 -0.0734571 0 0 255
0.1197148 0.2012959 -0.0737956 0 0 255
0.1197282 0.2029612 -0.0736240 0 0 255
0.1194366 0.2045113 -0.0737073 0 0 255
0.1194500 0.2061756 -0.0735357 0 0 255
0.1191586 0.2077232 -0.0736190 0 0 255
0.1191721 0.2093866 -0.0734475 0 0 255
0.1188810 0.2109317 -0.0735308 0 0 255
0.1188944 0.2125943 -0.0733595 0 0 255
0.1186036 0.2141367 -0.0734428 0 0 255
0.1186170 0.2157985 -0.0732715 0 0 255
0.1180229 0.2172167 -0.0736091 0 0 255
0.1180363 0.2188767 -0.0734380 0 0 255
0.1186573 0.2207839 -0.0727578 0 0 255
0.1186706 0.2224457 -0.0725866 0 0 255
0.1189884 0.2242332 -0.0721601 0 0 255
0.1183935 0.2256431 -0.0724990 0 0 255
0.1196247 0.2278140 -0.0713059 0 0 255
0.1279991 0.2330040 -0.0641151 0 0 255
0.1591953 0.2514853 -0.0374106 0 0 255
0.1595596 0.2534190 -0.0369328 0 0 255
0.1599243 0.2553549 -0.0364545 0 0 255
0.1595884 0.2569852 -0.0365653 0 0 255
0.1589034 0.2584589 -0.0369701 0 0 255
0.1592672 0.2603956 -0.0364924 0 0 255
0.1606838 0.2628062 -0.0351280 0 0 255
0.1170446 -0.0400776 -0.0970968 0 0 255
0.1170580 -0.0384145 -0.0969254 0 0 255
0.1149511 -0.0366386 -0.0984449 0 0 255
0.1134599 -0.0349062 -0.0994745 0 0 255
0.1128736 -0.0332256 -0.0997828 0 0 255
0.1116917 -0.0315221 -0.1005670 0 0 255
0.1102180 -0.0298137 -0.1015847 0 0 255
0.1052348 -0.0279795 -0.1054073 0 0 255
0.1040854 -0.0263107 -0.1061687 0 0 255
0.1012172 -0.0245931 -0.1083050 0 0 255
0.1003707 -0.0229521 -0.1088260 0 0 255
0.0998122 -0.0213238 -0.1091169 0 0 255
0.0992548 -0.0196989 -0.1094074 0 0 255
0.0998382 -0.0181008 -0.1087848 0 0 255
0.0987117 -0.0164694 -0.1095315 0 0 255
0.0987247 -0.0148612 -0.1093657 0 0 255
0.0978861 -0.0132432 -0.1098825 0 0 255
0.0967678 -0.0116278 -0.1106240 0 0 255
0.0962169 -0.0100224 -0.1109112 0 0 255
0.0953863 -0.0084195 -0.1114231 0 0 255
0.0948383 -0.0068216 -0.1117086 0 0 255
0.0942913 -0.0052269 -0.1119936 0 0 255
0.0934667 -0.0036374 -0.1125020 0 0 255
0.0929227 -0.0020502 -0.1127853 0 0 255
0.0921024 -0.0004697 -0.1132911 0 0 255
0.0907357 0.0010976 -0.1142367 0 0 255
0.0899222 0.0026667 -0.1147381 0 0 255
0.0899350 0.0042485 -0.1145751 0 0 255
0.0893983 0.0058170 -0.1148544 0 0 255
0.0885889 0.0073748 -0.1153536 0 0 255
0.0880550 0.0089361 -0.1156313 0 0 255
0.0877948 0.0105032 -0.1156888 0 0 255
0.0872625 0.0120588 -0.1159658 0 0 255
0.0864598 0.0136007 -0.1164612 0 0 255
0.0853891 0.0151265 -0.1171733 0 0 255
0.0854017 0.0166946 -0.1170116 0 0 255
0.0848744 0.0182368 -0.1172859 0 0 255
0.0843481 0.0197759 -0.1175598 0 0 255
0.0843607 0.0213409 -0.1173985 0 0 255
0.0843734 0.0229059 -0.1172372 0 0 255
0.0838482 0.0244387 -0.1175107 0 0 255
0.0835922 0.0259852 -0.1175668 0 0 255
0.0833366 0.0275302 -0.1176227 0 0 255
0.0833492 0.0290921 -0.1174618 0 0 255
0.0830938 0.0306347 -0.1175178 0 0 255
0.0831064 0.0321958 -0.1173569 0 0 255
0.0828513 0.0337362 -0.1174129 0 0 255
0.0831316 0.0353181 -0.1170351 0 0 255
0.0831442 0.0368793 -0.1168742 0 0 255
0.0831569 0.0384405 -0.1167133 0 0 255
0.0837058 0.0400498 -0.1161173 0 0 255
0.0834501 0.0415878 -0.1161740 0 0 255
0.0834628 0.0431499 -0.1160130 0 0 255
0.0837436 0.0447384 -0.1156341 0 0 255
0.0842938 0.0463558 -0.1150363 0 0 255
0.0843064 0.0479204 -0.1148751 0 0 255
0.0843191 0.0494849 -0.1147138 0 0 255
0.0846009 0.0510792 -0.1143337 0 0 255
0.0846135 0.0526446 -0.1141723 0 0 255
0.0851654 0.0542728 -0.1135721 0 0 255
0.0851781 0.0558398 -0.1134106 0 0 255
0.0849209 0.0573738 -0.1134689 0 0 255
0.0857437 0.0590416 -0.1126474 0 0 255
0.0857564 0.0606103 -0.1124858 0 0 255
0.0860396 0.0622145 -0.1121035 0 0 255
0.0863233 0.0638205 -0.1117207 0 0 255
0.0863359 0.0653908 -0.1115589 0 0 255
0.0868913 0.0670373 -0.1109541 0 0 255
0.0871757 0.0686482 -0.1105702 0 0 255
0.0871884 0.0702211 -0.1104081 0 0 255
0.0874731 0.0718345 -0.1100238 0 0 255
0.0893981 0.0736991 -0.1082986 0 0 255
0.0932774 0.0758782 -0.1049745 0 0 255
0.0994911 0.0800565 -0.0995837 0 0 255
0.1006454 0.0818531 -0.0984837 0 0 255
0.1126400 0.0854665 -0.0885074 0 0 255
0.1138507 0.0873185 -0.0873568 0 0 255
0.1150764 0.0908336 -0.0860334 0 0 255
0.1187294 0.0931402 -0.0828787 0 0 255
0.1218125 0.0953650 -0.0801892 0 0 255
0.1246177 0.0975566 -0.0777260 0 0 255
0.1255680 0.0994165 -0.0767836 0 0 255
0.1258946 0.1011630 -0.0763528 0 0 255
0.1255952 0.1027902 -0.0764359 0 0 255
0.1262351 0.1046002 -0.0757475 0 0 255
0.1262488 0.1062890 -0.0755734 0 0 255
0.1262624 0.1079778 -0.0753994 0 0 255
0.1256498 0.1095378 -0.0757405 0 0 255
0.1256633 0.1112248 -0.0755666 0 0 255
0.1256770 0.1129118 -0.0753928 0 0 255
0.1253779 0.1145317 -0.0754764 0 0 255
0.1257042 0.1162858 -0.0750451 0 0 255
0.1257178 0.1179729 -0.0748712 0 0 255
0.1254187 0.1195901 -0.0749551 0 0 255
0.1251200 0.1212055 -0.0750389 0 0 255
0.1248216 0.1228192 -0.0751225 0 0 255
0.1248352 0.1245036 -0.0749489 0 0 255
0.1245371 0.1261146 -0.0750326 0 0 255
0.1242393 0.1277239 -0.0751162 0 0 255
0.1239420 0.1293314 -0.0751996 0 0 255
0.1242665 0.1310890 -0.0747694 0 0 255
0.1233481 0.1325413 -0.0753663 0 0 255
0.1230516 0.1341436 -0.0754495 0 0 255
0.1230652 0.1358225 -0.0752765 0 0 255
0.1230787 0.1375015 -0.0751034 0 0 255
0.1230923 0.1391805 -0.0749304 0 0 255
0.1234159 0.1409407 -0.0745007 0 0 255
0.1231194 0.1425385 -0.0745844 0 0 255
0.1228233 0.1441346 -0.0746678 0 0 255
0.1231465 0.1458967 -0.0742382 0 0 255
0.1228504 0.1474910 -0.0743219 0 0 255
0.1231737 0.1492549 -0.0738921 0 0 255
0.1231872 0.1509341 -0.0737191 0 0 255
0.1232008 0.1526132 -0.0735460 0 0 255
0.1232144 0.1542924 -0.0733730 0 0 255
0.1232279 0.1559716 -0.0731999 0 0 255
0.1229317 0.1575605 -0.0732842 0 0 255
0.1229452 0.1592389 -0.0731113 0 0 255
0.1229588 0.1609172 -0.0729383 0 0 255
0.1226628 0.1625026 -0.0730227 0 0 255
0.1223673 0.1640862 -0.0731070 0 0 255
0.1217636 0.1655736 -0.0734479 0 0 255
0.1220856 0.1673438 -0.0730185 0 0 255
0.1217942 0.1689242 -0.0730997 0 0 255
0.1214996 0.1705019 -0.0731838 0 0 255
0.1218213 0.1722739 -0.0727545 0 0 255
0.1215267 0.1738497 -0.0728388 0 0 255
0.1206177 0.1752245 -0.0734356 0 0 255
0.1200178 0.1766950 -0.0737750 0 0 255
0.1206446 0.1785670 -0.0730911 0 0 255
0.1194328 0.1798299 -0.0739418 0 0 255
0.1194463 0.1814976 -0.0737700 0 0 255
0.1188490 0.1829582 -0.0741083 0 0 255
0.1194732 0.1848330 -0.0734262 0 0 255
0.1188759 0.1862900 -0.0737649 0 0 255
0.1185845 0.1878498 -0.0738482 0 0 255
0.1189028 0.1896219 -0.0734216 0 0 255
0.1186113 0.1911799 -0.0735050 0 0 255
0.1189297 0.1929538 -0.0730782 0 0 255
0.1186382 0.1945101 -0.0731618 0 0 255
0.1183471 0.1960647 -0.0732453 0 0 255
0.1183606 0.1977290 -0.0730738 0 0 255
0.1177658 0.1991689 -0.0734121 0 0 255
0.1177793 0.2008314 -0.0732408 0 0 255
0.1177927 0.2024939 -0.0730694 0 0 255
0.1171992 0.2039272 -0.0734074 0 0 255
0.1169096 0.2054726 -0.0734906 0 0 255
0.1172260 0.2072487 -0.0730651 0 0 255
0.1169364 0.2087924 -0.0731484 0 0 255
0.1166472 0.2103343 -0.0732317 0 0 255
0.1163582 0.2118747 -0.0733148 0 0 255
0.1157679 0.2132940 -0.0736516 0 0 255
0.1157812 0.2149505 -0.0734809 0 0 255
0.1157947 0.2166068 -0.0733102 0 0 255
0.1155066 0.2181414 -0.0733932 0 0 255
0.1158214 0.2199197 -0.0729688 0 0 255
0.1155334 0.2214525 -0.0730519 0 0 255
0.1167543 0.2236072 -0.0718638 0 0 255
0.1167677 0.2252664 -0.0716929 0 0 255
0.1182981 0.2275615 -0.0702429 0 0 255
0.1226033 0.2310372 -0.0664516 0 0 255
0.1542860 0.2497072 -0.0392188 0 0 255
0.1570700 0.2526800 -0.0366971 0 0 255
0.1577808 0.2547633 -0.0359254 0 0 255
0.1581441 0.2566979 -0.0354470 0 0 255
0.1581584 0.2584799 -0.0352634 0 0 255
0.1578240 0.2601064 -0.0353748 0 0 255
0.1585366 0.2622010 -0.0346005 0 0 255
0.1592507 0.2643003 -0.0338245 0 0 255
0.1153488 -0.0484747 -0.0971188 0 0 255
0.1117524 -0.0465556 -0.0998340 0 0 255
0.1114670 -0.0448847 -0.0999029 0 0 255
0.1108838 -0.0431962 -0.1002101 0 0 255
0.1091154 -0.0414370 -0.1014665 0 0 255
0.1100182 -0.0398475 -0.1005850 0 0 255
0.1088461 -0.0381354 -0.1013650 0 0 255
0.1091552 -0.0365096 -0.1009587 0 0 255
0.1071041 -0.0347627 -0.1024443 0 0 255
0.1080001 -0.0331684 -0.1015677 0 0 255
0.1071305 -0.0314900 -0.1021070 0 0 255
0.1059709 -0.0298047 -0.1028795 0 0 255
0.1016337 -0.0280037 -0.1062035 0 0 255
0.1016468 -0.0263837 -0.1060365 0 0 255
0.0993659 -0.0246887 -0.1077124 0 0 255
0.0982392 -0.0230417 -0.1084620 0 0 255
0.0979680 -0.0214244 -0.1085246 0 0 255
0.0982652 -0.0198222 -0.1081302 0 0 255
0.0971432 -0.0181888 -0.1088774 0 0 255
0.0965904 -0.0165723 -0.1091672 0 0 255
0.0957570 -0.0149550 -0.1096832 0 0 255
0.0949262 -0.0133428 -0.1101975 0 0 255
0.0943781 -0.0117380 -0.1104846 0 0 255
0.0941108 -0.0101383 -0.1105457 0 0 255
0.0927277 -0.0085370 -0.1115066 0 0 255
0.0927405 -0.0069438 -0.1113424 0 0 255
0.0919192 -0.0053532 -0.1118512 0 0 255
0.0908238 -0.0037693 -0.1125817 0 0 255
0.0897364 -0.0021918 -0.1133064 0 0 255
0.0894740 -0.0006110 -0.1133654 0 0 255
0.0883887 0.0009559 -0.1140894 0 0 255
0.0881276 0.0025310 -0.1141479 0 0 255
0.0875936 0.0040989 -0.1144271 0 0 255
0.0873334 0.0056700 -0.1144853 0 0 255
0.0865289 0.0072249 -0.1149840 0 0 255
0.0857269 0.0087750 -0.1154812 0 0 255
0.0854686 0.0103381 -0.1155385 0 0 255
0.0849401 0.0118900 -0.1158150 0 0 255
0.0841430 0.0134282 -0.1163093 0 0 255
0.0833483 0.0149617 -0.1168022 0 0 255
0.0830924 0.0165146 -0.1168586 0 0 255
0.0828367 0.0180659 -0.1169150 0 0 255
0.0823136 0.0196020 -0.1171886 0 0 255
0.0820587 0.0211494 -0.1172448 0 0 255
0.0818042 0.0226952 -0.1173008 0 0 255
0.0818167 0.0242554 -0.1171401 0 0 255
0.0818293 0.0258157 -0.1169792 0 0 255
0.0815750 0.0273584 -0.1170354 0 0 255
0.0815876 0.0289179 -0.1168747 0 0 255
0.0818671 0.0304966 -0.1164968 0 0 255
0.0813460 0.0320170 -0.1167702 0 0 255
0.0816253 0.0335965 -0.1163925 0 0 255
0.0816379 0.0351561 -0.1162317 0 0 255
0.0811173 0.0366711 -0.1165054 0 0 255
0.0816631 0.0382753 -0.1159103 0 0 255
0.0819426 0.0398589 -0.1155319 0 0 255
0.0816882 0.0413946 -0.1155888 0 0 255
0.0817008 0.0429543 -0.1154281 0 0 255
0.0822477 0.0445666 -0.1148313 0 0 255
0.0822603 0.0461279 -0.1146704 0 0 255
0.0825405 0.0477172 -0.1142910 0 0 255
0.0822855 0.0492506 -0.1143486 0 0 255
0.0828335 0.0508712 -0.1137501 0 0 255
0.0828462 0.0524341 -0.1135890 0 0 255
0.0828588 0.0539972 -0.1134279 0 0 255
0.0828714 0.0555602 -0.1132668 0 0 255
0.0831522 0.0571560 -0.1128863 0 0 255
0.0839710 0.0588210 -0.1120652 0 0 255
0.0839836 0.0603873 -0.1119038 0 0 255
0.0839962 0.0619536 -0.1117423 0 0 255
0.0842783 0.0635561 -0.1113602 0 0 255
0.0845605 0.0651603 -0.1109776 0 0 255
0.0848430 0.0667661 -0.1105947 0 0 255
0.0853963 0.0684123 -0.1099896 0 0 255
0.0856797 0.0700223 -0.1096056 0 0 255
0.0854216 0.0715532 -0.1096659 0 0 255
0.0859760 0.0732061 -0.1090592 0 0 255
0.0865315 0.0748625 -0.1084512 0 0 255
0.0895501 0.0769115 -0.1058189 0 0 255
0.0928814 0.0790289 -0.1029277 0 0 255
0.0951299 0.0809883 -0.1009251 0 0 255
0.1057408 0.0859868 -0.0918849 0 0 255
0.1134582 0.0906022 -0.0852152 0 0 255
0.1155804 0.0926336 -0.0833075 0 0 255
0.1168061 0.0945143 -0.0821373 0 0 255
0.1192601 0.0966295 -0.0799539 0 0 255
0.1201943 0.0984737 -0.0790224 0 0 255
0.1220585 0.1005008 -0.0773233 0 0 255
0.1233127 0.1024208 -0.0761264 0 0 255
0.1242602 0.1042878 -0.0751818 0 0 255
0.1248983 0.1060985 -0.0744924 0 0 255
0.1245996 0.1077231 -0.0745765 0 0 255
0.1243011 0.1093458 -0.0746606 0 0 255
0.1240030 0.1109668 -0.0747445 0 0 255
0.1249529 0.1128502 -0.0737966 0 0 255
0.1246541 0.1144710 -0.0738811 0 0 255
0.1246676 0.1161581 -0.0737072 0 0 255
0.1243691 0.1177763 -0.0737917 0 0 255
0.1240709 0.1193927 -0.0738761 0 0 255
0.1243963 0.1211486 -0.0734441 0 0 255
0.1237867 0.1226918 -0.0737868 0 0 255
0.1234892 0.1243038 -0.0738711 0 0 255
0.1235028 0.1259873 -0.0736976 0 0 255
0.1225851 0.1274486 -0.0742966 0 0 255
0.1225986 0.1291294 -0.0741234 0 0 255
0.1223025 0.1307344 -0.0742073 0 0 255
0.1216975 0.1322612 -0.0745477 0 0 255
0.1214023 0.1338619 -0.0746313 0 0 255
0.1220337 0.1356956 -0.0739450 0 0 255
0.1211209 0.1371372 -0.0745420 0 0 255
0.1217517 0.1389735 -0.0738560 0 0 255
0.1214564 0.1405706 -0.0739399 0 0 255
0.1214699 0.1422478 -0.0737671 0 0 255
0.1214834 0.1439250 -0.0735942 0 0 255
0.1214970 0.1456023 -0.0734213 0 0 255
0.1215105 0.1472796 -0.0732485 0 0 255
0.1212156 0.1488714 -0.0733326 0 0 255
0.1215376 0.1506342 -0.0729027 0 0 255
0.1212426 0.1522242 -0.0729871 0 0 255
0.1209480 0.1538125 -0.0730714 0 0 255
0.1212697 0.1555771 -0.0726416 0 0 255
0.1209750 0.1571636 -0.0727260 0 0 255
0.1206807 0.1587484 -0.0728104 0 0 255
0.1210021 0.1605148 -0.0723807 0 0 255
0.1210156 0.1621904 -0.0722079 0 0 255
0.1204137 0.1636790 -0.0725496 0 0 255
0.1201236 0.1652597 -0.0726310 0 0 255
0.1198302 0.1668376 -0.0727153 0 0 255
0.1192309 0.1683180 -0.0730557 0 0 255
0.1192443 0.1699882 -0.0728835 0 0 255
0.1189520 0.1715610 -0.0729675 0 0 255
0.1189654 0.1732304 -0.0727955 0 0 255
0.1183680 0.1747014 -0.0731352 0 0 255
0.1174677 0.1760696 -0.0737292 0 0 255
0.1174811 0.1777345 -0.0735576 0 0 255
0.1168870 0.1791968 -0.0738956 0 0 255
0.1172041 0.1809621 -0.0734695 0 0 255
0.1169139 0.1825231 -0.0735528 0 0 255
0.1169273 0.1841863 -0.0733814 0 0 255
0.1169407 0.1858495 -0.0732099 0 0 255
0.1166509 0.1874071 -0.0732933 0 0 255
0.1163613 0.1889629 -0.0733767 0 0 255
0.1163746 0.1906243 -0.0732055 0 0 255
0.1163880 0.1922858 -0.0730342 0 0 255
0.1164014 0.1939473 -0.0728630 0 0 255
0.1161122 0.1954989 -0.0729465 0 0 255
0.1155211 0.1969382 -0.0732842 0 0 255
0.1155345 0.1985970 -0.0731132 0 0 255
0.1155479 0.2002559 -0.0729423 0 0 255
0.1152595 0.2018016 -0.0730256 0 0 255
0.1149715 0.2033457 -0.0731088 0 0 255
0.1140826 0.2046589 -0.0736989 0 0 255
0.1140959 0.2063133 -0.0735284 0 0 255
0.1141092 0.2079679 -0.0733579 0 0 255
0.1135226 0.2093884 -0.0736939 0 0 255
0.1132364 0.2109234 -0.0737765 0 0 255
0.1129506 0.2124568 -0.0738589 0 0 255
0.1129639 0.2141079 -0.0736888 0 0 255
0.1123797 0.2155188 -0.0740237 0 0 255
0.1120949 0.2170473 -0.0741059 0 0 255
0.1121081 0.2186957 -0.0739360 0 0 255
0.1121214 0.2203442 -0.0737661 0 0 255
0.1133297 0.2224872 -0.0725847 0 0 255
0.1139425 0.2243891 -0.0719069 0 0 255
0.1154602 0.2266744 -0.0704622 0 0 255
0.1194234 0.2300026 -0.0669445 0 0 255
0.1494387 0.2479515 -0.0410041 0 0 255
0.1559775 0.2525466 -0.0352869 0 0 255
0.1563392 0.2544776 -0.0348087 0 0 255
0.1567014 0.2564109 -0.0343300 0 0 255
0.1560205 0.2578836 -0.0347369 0 0 255
0.1563823 0.2598177 -0.0342584 0 0 255
0.1570928 0.2619106 -0.0334833 0 0 255
0.1571072 0.2636929 -0.0332996 0 0 255
0.1578193 0.2657928 -0.0325225 0 0 255
0.1010135 -0.0524729 -0.1069638 0 0 255
0.1050878 -0.0511797 -0.1035373 0 0 255
0.1071546 -0.0497060 -0.1017202 0 0 255
0.1074624 -0.0480884 -0.1013145 0 0 255
0.1068867 -0.0464055 -0.1016186 0 0 255
0.1066059 -0.0447464 -0.1016860 0 0 255
0.1054462 -0.0430311 -0.1024603 0 0 255
0.1051669 -0.0413782 -0.1025270 0 0 255
0.1048879 -0.0397270 -0.1025937 0 0 255
0.1043177 -0.0380610 -0.1028950 0 0 255
0.1049142 -0.0364614 -0.1022571 0 0 255
0.1040528 -0.0347840 -0.1027933 0 0 255
0.1043572 -0.0331677 -0.1023906 0 0 255
0.1034975 -0.0314973 -0.1029260 0 0 255
0.1029303 -0.0298444 -0.1032261 0 0 255
0.1003505 -0.0281166 -0.1051499 0 0 255
0.0992175 -0.0264562 -0.1059078 0 0 255
0.0978048 -0.0247935 -0.1068921 0 0 255
0.0978178 -0.0231820 -0.1067260 0 0 255
0.0972626 -0.0215552 -0.1070189 0 0 255
0.0964255 -0.0199250 -0.1075400 0 0 255
0.0950274 -0.0182880 -0.1085149 0 0 255
0.0950403 -0.0166849 -0.1083497 0 0 255
0.0944910 -0.0150734 -0.1086393 0 0 255
0.0933827 -0.0134584 -0.1093815 0 0 255
0.0925578 -0.0118527 -0.1098950 0 0 255
0.0917354 -0.0102520 -0.1104069 0 0 255
0.0909157 -0.0086563 -0.1109172 0 0 255
0.0903749 -0.0070655 -0.1112019 0 0 255
0.0887370 -0.0054812 -0.1123762 0 0 255
0.0882006 -0.0039003 -0.1126583 0 0 255
0.0876654 -0.0023227 -0.1129397 0 0 255
0.0868584 -0.0007515 -0.1134420 0 0 255
0.0863260 0.0008189 -0.1137219 0 0 255
0.0857946 0.0023861 -0.1140012 0 0 255
0.0855357 0.0039557 -0.1140595 0 0 255
0.0850060 0.0055172 -0.1143380 0 0 255
0.0842072 0.0070684 -0.1148356 0 0 255
0.0839499 0.0086308 -0.1148933 0 0 255
0.0834234 0.0101828 -0.1151702 0 0 255
0.0826295 0.0117220 -0.1156649 0 0 255
0.0823738 0.0132773 -0.1157220 0 0 255
0.0818506 0.0148199 -0.1159971 0 0 255
0.0815957 0.0163712 -0.1160539 0 0 255
0.0810741 0.0179083 -0.1163282 0 0 255
0.0805535 0.0194423 -0.1166020 0 0 255
0.0805662 0.0210017 -0.1164412 0 0 255
0.0800466 0.0225309 -0.1167147 0 0 255
0.0800592 0.0240888 -0.1165541 0 0 255
0.0798061 0.0256300 -0.1166104 0 0 255
0.0795532 0.0271697 -0.1166666 0 0 255
0.0795658 0.0287261 -0.1165062 0 0 255
0.0795783 0.0302824 -0.1163459 0 0 255
0.0795910 0.0318388 -0.1161854 0 0 255
0.0796035 0.0333952 -0.1160250 0 0 255
0.0793509 0.0349302 -0.1160815 0 0 255
0.0798941 0.0365302 -0.1154869 0 0 255
0.0796412 0.0380645 -0.1155438 0 0 255
0.0799192 0.0396447 -0.1151659 0 0 255
0.0799317 0.0412020 -0.1150054 0 0 255
0.0802100 0.0427847 -0.1146272 0 0 255
0.0802225 0.0443428 -0.1144665 0 0 255
0.0805011 0.0459280 -0.1140878 0 0 255
0.0807800 0.0475147 -0.1137086 0 0 255
0.0807926 0.0490745 -0.1135478 0 0 255
0.0808051 0.0506343 -0.1133871 0 0 255
0.0810843 0.0522244 -0.1130074 0 0 255
0.0813638 0.0538161 -0.1126272 0 0 255
0.0813764 0.0553775 -0.1124663 0 0 255
0.0816561 0.0569717 -0.1120857 0 0 255
0.0822038 0.0586010 -0.1114846 0 0 255
0.0824844 0.0601993 -0.1111030 0 0 255
0.0827652 0.0617993 -0.1107209 0 0 255
0.0825096 0.0633288 -0.1107804 0 0 255
0.0827904 0.0649304 -0.1103982 0 0 255
0.0830716 0.0665336 -0.1100156 0 0 255
0.0833532 0.0681386 -0.1096326 0 0 255
0.0836349 0.0697452 -0.1092491 0 0 255
0.0841866 0.0713937 -0.1086429 0 0 255
0.0844691 0.0730044 -0.1082585 0 0 255
0.0850226 0.0746588 -0.1076503 0 0 255
0.0863920 0.0764456 -0.1063680 0 0 255
0.0899655 0.0785957 -0.1032647 0 0 255
0.0916380 0.0804550 -0.1017298 0 0 255
0.0950016 0.0826069 -0.0987962 0 0 255
0.0978490 0.0862991 -0.0961325 0 0 255
0.1059325 0.0893306 -0.0892891 0 0 255
0.1121594 0.0920777 -0.0839778 0 0 255
0.1145869 0.0958281 -0.0816486 0 0 255
0.1158105 0.0977159 -0.0804748 0 0 255
0.1179544 0.0997868 -0.0785375 0 0 255
0.1210400 0.1020530 -0.0758182 0 0 255
0.1213627 0.1037934 -0.0753888 0 0 255
0.1219954 0.1055976 -0.0747019 0 0 255
0.1223191 0.1073428 -0.0742711 0 0 255
0.1223327 0.1090261 -0.0740976 0 0 255
0.1226568 0.1107742 -0.0736662 0 0 255
0.1229811 0.1125243 -0.0732344 0 0 255
0.1229947 0.1142095 -0.0730607 0 0 255
0.1230083 0.1158947 -0.0728870 0 0 255
0.1227111 0.1175113 -0.0729719 0 0 255
0.1230356 0.1192652 -0.0725396 0 0 255
0.1227383 0.1208799 -0.0726246 0 0 255
0.1224413 0.1224930 -0.0727096 0 0 255
0.1218349 0.1240321 -0.0730524 0 0 255
0.1218485 0.1257138 -0.0728791 0 0 255
0.1218621 0.1273954 -0.0727058 0 0 255
0.1212569 0.1289275 -0.0730483 0 0 255
0.1209615 0.1305318 -0.0731327 0 0 255
0.1206666 0.1321343 -0.0732171 0 0 255
0.1200640 0.1336580 -0.0735583 0 0 255
0.1197700 0.1352562 -0.0736423 0 0 255
0.1200911 0.1370105 -0.0732128 0 0 255
0.1197971 0.1386069 -0.0732969 0 0 255
0.1201181 0.1403630 -0.0728672 0 0 255
0.1201316 0.1420393 -0.0726945 0 0 255
0.1201451 0.1437157 -0.0725217 0 0 255
0.1195439 0.1452251 -0.0728632 0 0 255
0.1192505 0.1468154 -0.0729475 0 0 255
0.1198781 0.1486594 -0.0722609 0 0 255
0.1198916 0.1503350 -0.0720882 0 0 255
0.1199051 0.1520104 -0.0719155 0 0 255
0.1196114 0.1535980 -0.0720003 0 0 255
0.1193179 0.1551838 -0.0720850 0 0 255
0.1196384 0.1569473 -0.0716551 0 0 255
0.1187356 0.1583514 -0.0722511 0 0 255
0.1181375 0.1598410 -0.0725920 0 0 255
0.1181509 0.1615111 -0.0724199 0 0 255
0.1178591 0.1630884 -0.0725041 0 0 255
0.1178726 0.1647578 -0.0723321 0 0 255
0.1175811 0.1663325 -0.0724163 0 0 255
0.1172898 0.1679055 -0.0725004 0 0 255
0.1166949 0.1693807 -0.0728402 0 0 255
0.1164047 0.1709495 -0.0729239 0 0 255
0.1161148 0.1725167 -0.0730076 0 0 255
0.1158252 0.1740822 -0.0730911 0 0 255
0.1152335 0.1755467 -0.0734293 0 0 255
0.1152469 0.1772081 -0.0732580 0 0 255
0.1146565 0.1786677 -0.0735956 0 0 255
0.1149716 0.1804290 -0.0731702 0 0 255
0.1143818 0.1818844 -0.0735076 0 0 255
0.1143952 0.1835431 -0.0733367 0 0 255
0.1138067 0.1849936 -0.0736736 0 0 255
0.1138200 0.1866505 -0.0735028 0 0 255
0.1138334 0.1883075 -0.0733321 0 0 255
0.1138468 0.1899644 -0.0731613 0 0 255
0.1132594 0.1914065 -0.0734980 0 0 255
0.1135730 0.1931701 -0.0730737 0 0 255
0.1138868 0.1949355 -0.0726489 0 0 255
0.1132995 0.1963723 -0.0729862 0 0 255
0.1130130 0.1979167 -0.0730693 0 0 255
0.1124275 0.1993479 -0.0734056 0 0 255
0.1124408 0.2010006 -0.0732352 0 0 255
0.1121553 0.2025401 -0.0733181 0 0 255
0.1115717 0.2039641 -0.0736535 0 0 255
0.1115850 0.2056142 -0.0734835 0 0 255
0.1113003 0.2071487 -0.0735660 0 0 255
0.1113136 0.2087979 -0.0733961 0 0 255
0.1107319 0.2102130 -0.0737309 0 0 255
0.1107451 0.2118604 -0.0735611 0 0 255
0.1095757 0.2130354 -0.0743954 0 0 255
0.1092932 0.2145604 -0.0744770 0 0 255
0.1093065 0.2162035 -0.0743077 0 0 255
0.1099116 0.2180884 -0.0736354 0 0 255
0.1096287 0.2196115 -0.0737176 0 0 255
0.1093462 0.2211330 -0.0737996 0 0 255
0.1093595 0.2227762 -0.0736303 0 0 255
0.1105579 0.2249176 -0.0724524 0 0 255
0.1357410 0.2406504 -0.0505260 0 0 255
0.1470194 0.2489903 -0.0405812 0 0 255
0.1511113 0.2525325 -0.0369232 0 0 255
0.1531858 0.2552091 -0.0349837 0 0 255
0.1532001 0.2569829 -0.0348009 0 0 255
0.1535593 0.2589110 -0.0343238 0 0 255
0.1532288 0.2605307 -0.0344353 0 0 255
0.1539330 0.2626173 -0.0336631 0 0 255
0.1539474 0.2643932 -0.0334800 0 0 255
0.1043358 -0.0562319 -0.1025111 0 0 255
0.0994294 -0.0541686 -0.1063071 0 0 255
0.0985835 -0.0524766 -0.1068326 0 0 255
0.0997425 -0.0509526 -0.1057418 0 0 255
0.1032228 -0.0496032 -0.1027776 0 0 255
0.1017859 -0.0478632 -0.1037798 0 0 255
0.1009326 -0.0461740 -0.1043116 0 0 255
0.1003696 -0.0445100 -0.1046094 0 0 255
0.1000951 -0.0428686 -0.1046745 0 0 255
0.0989643 -0.0411748 -0.1054318 0 0 255
0.0989774 -0.0395567 -0.1052650 0 0 255
0.0992898 -0.0363359 -0.1046997 0 0 255
0.0996026 -0.0331117 -0.1041338 0 0 255
0.0993290 -0.0314788 -0.1041991 0 0 255
0.0981982 -0.0298114 -0.1049590 0 0 255
0.0973564 -0.0281621 -0.1054852 0 0 255
0.0968012 -0.0265284 -0.1057797 0 0 255
0.0956810 -0.0248792 -0.1065327 0 0 255
0.0959768 -0.0232797 -0.1061374 0 0 255
0.0948601 -0.0216399 -0.1068884 0 0 255
0.0940290 -0.0200138 -0.1074082 0 0 255
0.0934806 -0.0183988 -0.1076989 0 0 255
0.0929335 -0.0167871 -0.1079889 0 0 255
0.0923874 -0.0151788 -0.1082783 0 0 255
0.0915640 -0.0135704 -0.1087935 0 0 255
0.0901889 -0.0119619 -0.1097580 0 0 255
0.0893725 -0.0103651 -0.1102687 0 0 255
0.0891094 -0.0087752 -0.1103295 0 0 255
0.0874763 -0.0071864 -0.1115060 0 0 255
0.0866682 -0.0056053 -0.1120113 0 0 255
0.0858626 -0.0040290 -0.1125152 0 0 255
0.0850596 -0.0024577 -0.1130174 0 0 255
0.0848009 -0.0008848 -0.1130762 0 0 255
0.0842717 0.0006825 -0.1133559 0 0 255
0.0834736 0.0022418 -0.1138553 0 0 255
0.0832165 0.0038075 -0.1139135 0 0 255
0.0832292 0.0053779 -0.1137516 0 0 255
0.0824342 0.0069269 -0.1142494 0 0 255
0.0819100 0.0084791 -0.1145265 0 0 255
0.0813866 0.0100281 -0.1148032 0 0 255
0.0811317 0.0115834 -0.1148606 0 0 255
0.0808771 0.0131372 -0.1149180 0 0 255
0.0803559 0.0146784 -0.1151937 0 0 255
0.0798358 0.0162164 -0.1154687 0 0 255
0.0793167 0.0177512 -0.1157432 0 0 255
0.0787988 0.0192830 -0.1160172 0 0 255
0.0788113 0.0208401 -0.1158567 0 0 255
0.0785590 0.0223821 -0.1159133 0 0 255
0.0783070 0.0239227 -0.1159698 0 0 255
0.0780552 0.0254617 -0.1160264 0 0 255
0.0780677 0.0270164 -0.1158661 0 0 255
0.0778162 0.0285531 -0.1159227 0 0 255
0.0780928 0.0301260 -0.1155456 0 0 255
0.0775774 0.0316414 -0.1158191 0 0 255
0.0778537 0.0332151 -0.1154421 0 0 255
0.0778663 0.0347692 -0.1152819 0 0 255
0.0781429 0.0363453 -0.1149046 0 0 255
0.0778913 0.0378773 -0.1149616 0 0 255
0.0781680 0.0394551 -0.1145840 0 0 255
0.0781806 0.0410100 -0.1144237 0 0 255
0.0784576 0.0425902 -0.1140457 0 0 255
0.0784701 0.0441460 -0.1138853 0 0 255
0.0787473 0.0457286 -0.1135069 0 0 255
0.0790249 0.0473129 -0.1131280 0 0 255
0.0790374 0.0488703 -0.1129675 0 0 255
0.0790500 0.0504277 -0.1128069 0 0 255
0.0793278 0.0520152 -0.1124275 0 0 255
0.0796059 0.0536044 -0.1120477 0 0 255
0.0798843 0.0551952 -0.1116675 0 0 255
0.0801629 0.0567876 -0.1112869 0 0 255
0.0799094 0.0583150 -0.1113459 0 0 255
0.0807211 0.0599775 -0.1105245 0 0 255
0.0810006 0.0615749 -0.1101428 0 0 255
0.0810133 0.0631380 -0.1099816 0 0 255
0.0810258 0.0647012 -0.1098205 0 0 255
0.0818410 0.0663770 -0.1089951 0 0 255
0.0823900 0.0680195 -0.1083895 0 0 255
0.0824026 0.0695867 -0.1082280 0 0 255
0.0826839 0.0711941 -0.1078438 0 0 255
0.0835040 0.0728852 -0.1070128 0 0 255
0.0832472 0.0744139 -0.1070744 0 0 255
0.0851520 0.0762830 -0.1053430 0 0 255
0.0870706 0.0781657 -0.1035991 0 0 255
0.0887280 0.0800170 -0.1020709 0 0 255
0.0887408 0.0816031 -0.1019074 0 0 255
0.0868357 0.0828628 -0.1033370 0 0 255
0.0868484 0.0844431 -0.1031742 0 0 255
0.0898814 0.0865556 -0.1005007 0 0 255
0.0926701 0.0886425 -0.0980285 0 0 255
0.0940819 0.0904951 -0.0967002 0 0 255
0.0963484 0.0925144 -0.0946597 0 0 255
0.1124042 0.1004497 -0.0808203 0 0 255
0.1187909 0.1033626 -0.0753386 0 0 255
0.1200352 0.1052847 -0.0741400 0 0 255
0.1200488 0.1069643 -0.0739668 0 0 255
0.1219186 0.1090264 -0.0722453 0 0 255
0.1213120 0.1105819 -0.0725891 0 0 255
0.1213256 0.1122652 -0.0724156 0 0 255
0.1219593 0.1140819 -0.0717242 0 0 255
0.1216627 0.1156995 -0.0718096 0 0 255
0.1219864 0.1174524 -0.0713768 0 0 255
0.1213799 0.1189987 -0.0717216 0 0 255
0.1217034 0.1207525 -0.0712888 0 0 255
0.1214070 0.1223656 -0.0713745 0 0 255
0.1204927 0.1238329 -0.0719773 0 0 255
0.1208152 0.1255865 -0.0715455 0 0 255
0.1202112 0.1271207 -0.0718893 0 0 255
0.1196085 0.1286514 -0.0722323 0 0 255
0.1193144 0.1302541 -0.0723171 0 0 255
0.1196356 0.1320075 -0.0718864 0 0 255
0.1187272 0.1334542 -0.0724864 0 0 255
0.1187407 0.1351296 -0.0723137 0 0 255
0.1184476 0.1367262 -0.0723983 0 0 255
0.1184611 0.1384006 -0.0722257 0 0 255
0.1181683 0.1399946 -0.0723103 0 0 255
0.1184881 0.1417496 -0.0718805 0 0 255
0.1188082 0.1435065 -0.0714503 0 0 255
0.1182087 0.1450154 -0.0717928 0 0 255
0.1182222 0.1466890 -0.0716203 0 0 255
0.1182357 0.1483627 -0.0714478 0 0 255
0.1182492 0.1500364 -0.0712753 0 0 255
0.1176509 0.1515365 -0.0716177 0 0 255
0.1173626 0.1531219 -0.0716995 0 0 255
0.1173761 0.1547929 -0.0715272 0 0 255
0.1173896 0.1564639 -0.0713550 0 0 255
0.1167933 0.1579547 -0.0716967 0 0 255
0.1165023 0.1595331 -0.0717812 0 0 255
0.1165158 0.1612015 -0.0716092 0 0 255
0.1159214 0.1626847 -0.0719500 0 0 255
0.1159349 0.1643513 -0.0717783 0 0 255
0.1150390 0.1657355 -0.0723742 0 0 255
0.1147500 0.1673046 -0.0724581 0 0 255
0.1144612 0.1688720 -0.0725419 0 0 255
0.1141728 0.1704377 -0.0726257 0 0 255
0.1135836 0.1719047 -0.0729639 0 0 255
0.1135969 0.1735641 -0.0727929 0 0 255
0.1127087 0.1749275 -0.0733846 0 0 255
0.1121227 0.1763857 -0.0737210 0 0 255
0.1118367 0.1779407 -0.0738038 0 0 255
0.1118501 0.1795949 -0.0736333 0 0 255
0.1118634 0.1812491 -0.0734628 0 0 255
0.1115778 0.1828007 -0.0735456 0 0 255
0.1115911 0.1844540 -0.0733752 0 0 255
0.1113058 0.1860031 -0.0734580 0 0 255
0.1110209 0.1875505 -0.0735407 0 0 255
0.1113325 0.1893081 -0.0731173 0 0 255
0.1110475 0.1908538 -0.0732002 0 0 255
0.1110608 0.1925054 -0.0730300 0 0 255
0.1107761 0.1940486 -0.0731129 0 0 255
0.1104916 0.1955901 -0.0731957 0 0 255
0.1102076 0.1971300 -0.0732784 0 0 255
0.1096271 0.1985575 -0.0736133 0 0 255
0.1096404 0.2002048 -0.0734435 0 0 255
0.1090611 0.2016275 -0.0737779 0 0 255
0.1087785 0.2031600 -0.0738601 0 0 255
0.1084962 0.2046910 -0.0739422 0 0 255
0.1082143 0.2062203 -0.0740242 0 0 255
0.1082276 0.2078633 -0.0738548 0 0 255
0.1079494 0.2093916 -0.0739338 0 0 255
0.1067862 0.2105667 -0.0747676 0 0 255
0.1065061 0.2120880 -0.0748488 0 0 255
0.1059335 0.2134898 -0.0751797 0 0 255
0.1065325 0.2153637 -0.0745112 0 0 255
0.1050836 0.2164037 -0.0755906 0 0 255
0.1062658 0.2185188 -0.0744238 0 0 255
0.1062790 0.2201558 -0.0742551 0 0 255
0.1025108 0.2202127 -0.0773180 0 0 255
0.1002226 0.2208700 -0.0791177 0 0 255
0.0993778 0.2221253 -0.0796845 0 0 255
0.1016847 0.2247207 -0.0775555 0 0 255
0.1072252 0.2287197 -0.0726582 0 0 255
0.1223473 0.2385774 -0.0593934 0 0 255
0.1353880 0.2476957 -0.0478949 0 0 255
0.1449889 0.2554292 -0.0393308 0 0 255
0.1504245 0.2596250 -0.0344999 0 0 255
0.1518099 0.2620158 -0.0331411 0 0 255
0.1521679 0.2639457 -0.0326633 0 0 255
0.1038881 -0.0596825 -0.1010792 0 0 255
0.0989805 -0.0575858 -0.1048921 0 0 255
0.0958601 -0.0556806 -0.1072614 0 0 255
0.0950238 -0.0539943 -0.1077829 0 0 255
0.0956026 -0.0524327 -0.1071586 0 0 255
0.0961958 -0.0492549 -0.1063668 0 0 255
0.0959250 -0.0476206 -0.1064306 0 0 255
0.0956546 -0.0459880 -0.1064943 0 0 255
0.0948191 -0.0443177 -0.1070167 0 0 255
0.0945498 -0.0426902 -0.1070800 0 0 255
0.0942808 -0.0410644 -0.1071432 0 0 255
0.0942938 -0.0394573 -0.1069776 0 0 255
0.0943068 -0.0378503 -0.1068119 0 0 255
0.0940380 -0.0362278 -0.1068752 0 0 255
0.0948969 -0.0346651 -0.1060217 0 0 255
0.0940639 -0.0330152 -0.1065441 0 0 255
0.0946405 -0.0314346 -0.1059198 0 0 255
0.0943715 -0.0298146 -0.1059836 0 0 255
0.0946664 -0.0282185 -0.1055883 0 0 255
0.0935531 -0.0265693 -0.1063400 0 0 255
0.0927245 -0.0249363 -0.1068605 0 0 255
0.0930176 -0.0233427 -0.1064668 0 0 255
0.0930306 -0.0217396 -0.1063015 0 0 255
0.0922036 -0.0201159 -0.1068215 0 0 255
0.0911008 -0.0184913 -0.1075671 0 0 255
0.0902798 -0.0168786 -0.1080832 0 0 255
0.0900153 -0.0152795 -0.1081453 0 0 255
0.0894743 -0.0136786 -0.1084335 0 0 255
0.0878324 -0.0120704 -0.1096216 0 0 255
0.0875703 -0.0104813 -0.1096827 0 0 255
0.0853984 -0.0088869 -0.1113059 0 0 255
0.0845952 -0.0073064 -0.1118105 0 0 255
0.0837945 -0.0057308 -0.1123137 0 0 255
0.0832663 -0.0041586 -0.1125941 0 0 255
0.0832790 -0.0025850 -0.1124319 0 0 255
0.0827519 -0.0010176 -0.1127119 0 0 255
0.0822258 0.0005467 -0.1129914 0 0 255
0.0819695 0.0021124 -0.1130500 0 0 255
0.0814451 0.0036710 -0.1133287 0 0 255
0.0811896 0.0052328 -0.1133870 0 0 255
0.0803995 0.0067788 -0.1138843 0 0 255
0.0798783 0.0083280 -0.1141613 0 0 255
0.0796244 0.0098826 -0.1142190 0 0 255
0.0791048 0.0114263 -0.1144952 0 0 255
0.0785863 0.0129668 -0.1147708 0 0 255
0.0780687 0.0145042 -0.1150459 0 0 255
0.0778167 0.0160502 -0.1151030 0 0 255
0.0775648 0.0175947 -0.1151600 0 0 255
0.0770494 0.0191243 -0.1154341 0 0 255
0.0767984 0.0206649 -0.1154908 0 0 255
0.0768110 0.0222188 -0.1153306 0 0 255
0.0768235 0.0237727 -0.1151704 0 0 255
0.0765727 0.0253102 -0.1152273 0 0 255
0.0768485 0.0268806 -0.1148501 0 0 255
0.0763347 0.0283986 -0.1151241 0 0 255
0.0763472 0.0299510 -0.1149640 0 0 255
0.0761002 0.0314842 -0.1150182 0 0 255
0.0761127 0.0330359 -0.1148582 0 0 255
0.0763881 0.0346087 -0.1144812 0 0 255
0.0764006 0.0361612 -0.1143211 0 0 255
0.0764130 0.0377138 -0.1141611 0 0 255
0.0766887 0.0392899 -0.1137836 0 0 255
0.0767012 0.0408432 -0.1136235 0 0 255
0.0767137 0.0423966 -0.1134633 0 0 255
0.0772533 0.0440019 -0.1128670 0 0 255
0.0775298 0.0455837 -0.1124882 0 0 255
0.0778065 0.0471671 -0.1121089 0 0 255
0.0775548 0.0486953 -0.1121674 0 0 255
0.0778316 0.0502804 -0.1117880 0 0 255
0.0781087 0.0518670 -0.1114082 0 0 255
0.0778567 0.0533937 -0.1114671 0 0 255
0.0783985 0.0550136 -0.1108675 0 0 255
0.0784111 0.0565719 -0.1107069 0 0 255
0.0786887 0.0581635 -0.1103262 0 0 255
0.0797735 0.0614211 -0.1091243 0 0 255
0.0795200 0.0629477 -0.1091845 0 0 255
0.0797988 0.0645458 -0.1088022 0 0 255
0.0803446 0.0661831 -0.1081977 0 0 255
0.0806242 0.0677854 -0.1078143 0 0 255
0.0806367 0.0693502 -0.1076530 0 0 255
0.0811842 0.0709950 -0.1070464 0 0 255
0.0820012 0.0726840 -0.1062150 0 0 255
0.0825515 0.0743364 -0.1056053 0 0 255
0.0836428 0.0760778 -0.1045444 0 0 255
0.0855540 0.0779578 -0.1027994 0 0 255
0.0858390 0.0795821 -0.1024094 0 0 255
0.0863973 0.0812537 -0.1017914 0 0 255
0.0858645 0.0827428 -0.1020836 0 0 255
0.0853329 0.0842289 -0.1023752 0 0 255
0.0861627 0.0859517 -0.1015301 0 0 255
0.0872688 0.0877290 -0.1004536 0 0 255
0.0870078 0.0892637 -0.1005191 0 0 255
0.0886676 0.0911526 -0.0989788 0 0 255
0.0895078 0.0928971 -0.0981230 0 0 255
0.0925767 0.0950727 -0.0954022 0 0 255
0.0953988 0.0972188 -0.0928863 0 0 255
0.1114164 0.1036384 -0.0791617 0 0 255
0.1199551 0.1087073 -0.0716866 0 0 255
0.1205871 0.1105191 -0.0709948 0 0 255
0.1206006 0.1122033 -0.0708211 0 0 255
0.1206142 0.1138876 -0.0706475 0 0 255
0.1206278 0.1155720 -0.0704739 0 0 255
0.1206413 0.1172563 -0.0703003 0 0 255
0.1206549 0.1189406 -0.0701267 0 0 255
0.1206685 0.1206250 -0.0699531 0 0 255
0.1203726 0.1222382 -0.0700395 0 0 255
0.1197684 0.1237776 -0.0703853 0 0 255
0.1191655 0.1253137 -0.0707303 0 0 255
0.1191791 0.1269936 -0.0705571 0 0 255
0.1185775 0.1285245 -0.0709016 0 0 255
0.1179773 0.1300521 -0.0712453 0 0 255
0.1176844 0.1316523 -0.0713306 0 0 255
0.1173918 0.1332508 -0.0714157 0 0 255
0.1174053 0.1349252 -0.0712431 0 0 255
0.1174188 0.1365996 -0.0710705 0 0 255
0.1174323 0.1382741 -0.0708979 0 0 255
0.1171401 0.1398681 -0.0709832 0 0 255
0.1165430 0.1413793 -0.0713259 0 0 255
0.1168616 0.1431332 -0.0708960 0 0 255
0.1168751 0.1448059 -0.0707236 0 0 255
0.1165834 0.1463947 -0.0708089 0 0 255
0.1165969 0.1480666 -0.0706366 0 0 255
0.1166104 0.1497384 -0.0704642 0 0 255
0.1166239 0.1514103 -0.0702919 0 0 255
0.1160316 0.1529084 -0.0706319 0 0 255
0.1154372 0.1544022 -0.0709741 0 0 255
0.1154506 0.1560705 -0.0708022 0 0 255
0.1148574 0.1575593 -0.0711439 0 0 255
0.1145679 0.1591353 -0.0712287 0 0 255
0.1145813 0.1608010 -0.0710569 0 0 255
0.1136881 0.1621902 -0.0716537 0 0 255
0.1137015 0.1638532 -0.0714823 0 0 255
0.1131122 0.1653288 -0.0718221 0 0 255
0.1122237 0.1667070 -0.0724160 0 0 255
0.1119372 0.1682705 -0.0724996 0 0 255
0.1116509 0.1698323 -0.0725831 0 0 255
0.1107673 0.1711995 -0.0731741 0 0 255
0.1104823 0.1727564 -0.0732571 0 0 255
0.1093054 0.1740183 -0.0740983 0 0 255
0.1096158 0.1757666 -0.0736756 0 0 255
0.1096291 0.1774172 -0.0735055 0 0 255
0.1087521 0.1787671 -0.0740927 0 0 255
0.1090618 0.1805161 -0.0736706 0 0 255
0.1087787 0.1820631 -0.0737530 0 0 255
0.1084958 0.1836084 -0.0738354 0 0 255
0.1085090 0.1852556 -0.0736656 0 0 255
0.1085224 0.1869027 -0.0734958 0 0 255
0.1085356 0.1885499 -0.0733260 0 0 255
0.1085489 0.1901972 -0.0731562 0 0 255
0.1079707 0.1916305 -0.0734909 0 0 255
0.1082795 0.1933838 -0.0730692 0 0 255
0.1077020 0.1948129 -0.0734038 0 0 255
0.1074203 0.1963483 -0.0734861 0 0 255
0.1071389 0.1978820 -0.0735683 0 0 255
0.1071522 0.1995250 -0.0733990 0 0 255
0.1062869 0.2008344 -0.0739805 0 0 255
0.1060068 0.2023625 -0.0740623 0 0 255
0.1054342 0.2037761 -0.0743944 0 0 255
0.1051549 0.2053002 -0.0744759 0 0 255
0.1048759 0.2068227 -0.0745572 0 0 255
0.1043057 0.2082286 -0.0748881 0 0 255
0.1040277 0.2097471 -0.0749690 0 0 255
0.1034593 0.2111477 -0.0752989 0 0 255
0.1026025 0.2124284 -0.0758764 0 0 255
0.1020371 0.2138224 -0.0762044 0 0 255
0.1011848 0.2150955 -0.0767789 0 0 255
0.1014861 0.2168392 -0.0763642 0 0 255
0.1014992 0.2184649 -0.0761966 0 0 255
0.0997877 0.2193691 -0.0775097 0 0 255
0.0986572 0.2205078 -0.0783248 0 0 255
0.0981002 0.2218831 -0.0786478 0 0 255
0.0986832 0.2237423 -0.0779914 0 0 255
0.0998399 0.2258518 -0.0768415 0 0 255
0.0995666 0.2273484 -0.0769207 0 0 255
0.0992935 0.2288434 -0.0769998 0 0 255
0.0993066 0.2304624 -0.0768330 0 0 255
0.1007532 0.2327156 -0.0754320 0 0 255
0.1089373 0.2379775 -0.0682283 0 0 255
0.1251224 0.2485649 -0.0539647 0 0 255
0.1221597 -0.0667647 -0.0846041 0 0 255
0.1190645 -0.0647502 -0.0869544 0 0 255
0.0906186 -0.0602189 -0.1099023 0 0 255
0.0886887 -0.0584312 -0.1113164 0 0 255
0.0867729 -0.0566565 -0.1127202 0 0 255
0.0917739 -0.0555227 -0.1084996 0 0 255
0.0912279 -0.0538709 -0.1087891 0 0 255
0.0915201 -0.0522936 -0.1083967 0 0 255
0.0915330 -0.0506917 -0.1082316 0 0 255
0.0909875 -0.0490458 -0.1085213 0 0 255
0.0907217 -0.0474244 -0.1085834 0 0 255
0.0901780 -0.0457844 -0.1088722 0 0 255
0.0899128 -0.0441672 -0.1089341 0 0 255
0.0899257 -0.0425702 -0.1087695 0 0 255
0.0896610 -0.0409555 -0.1088313 0 0 255
0.0902294 -0.0393932 -0.1082134 0 0 255
0.0905204 -0.0378114 -0.1078215 0 0 255
0.0902551 -0.0361975 -0.1078839 0 0 255
0.0913827 -0.0346574 -0.1068084 0 0 255
0.0913956 -0.0330562 -0.1066433 0 0 255
0.0916879 -0.0314677 -0.1062498 0 0 255
0.0911423 -0.0298416 -0.1065415 0 0 255
0.0914343 -0.0282523 -0.1061482 0 0 255
0.0903324 -0.0266099 -0.1068955 0 0 255
0.0909021 -0.0250307 -0.1062749 0 0 255
0.0909150 -0.0234310 -0.1061100 0 0 255
0.0903711 -0.0218158 -0.1064014 0 0 255
0.0898282 -0.0202039 -0.1066921 0 0 255
0.0890097 -0.0185893 -0.1072093 0 0 255
0.0881937 -0.0169798 -0.1077248 0 0 255
0.0876554 -0.0153796 -0.1080130 0 0 255
0.0871183 -0.0137828 -0.1083005 0 0 255
0.0844016 -0.0121678 -0.1103781 0 0 255
0.0841426 -0.0105860 -0.1104384 0 0 255
0.0833417 -0.0090037 -0.1109442 0 0 255
0.0825434 -0.0074262 -0.1114483 0 0 255
0.0825561 -0.0058519 -0.1112860 0 0 255
0.0817602 -0.0042817 -0.1117889 0 0 255
0.0809667 -0.0027163 -0.1122902 0 0 255
0.0809793 -0.0011468 -0.1121284 0 0 255
0.0804559 0.0004152 -0.1124080 0 0 255
0.0799336 0.0019740 -0.1126870 0 0 255
0.0796791 0.0035350 -0.1127457 0 0 255
0.0794249 0.0050944 -0.1128042 0 0 255
0.0789047 0.0066453 -0.1130822 0 0 255
0.0783856 0.0081930 -0.1133597 0 0 255
0.0781327 0.0097462 -0.1134178 0 0 255
0.0773505 0.0112790 -0.1139130 0 0 255
0.0768346 0.0128174 -0.1141888 0 0 255
0.0765831 0.0143635 -0.1142463 0 0 255
0.0760688 0.0158963 -0.1145213 0 0 255
0.0763447 0.0174635 -0.1141433 0 0 255
0.0758308 0.0189924 -0.1144183 0 0 255
0.0753180 0.0205183 -0.1146927 0 0 255
0.0750682 0.0220559 -0.1147497 0 0 255
0.0750807 0.0236075 -0.1145898 0 0 255
0.0750932 0.0251591 -0.1144298 0 0 255
0.0751056 0.0267107 -0.1142699 0 0 255
0.0745977 0.0282268 -0.1145413 0 0 255
0.0748719 0.0297955 -0.1141645 0 0 255
0.0746226 0.0313270 -0.1142217 0 0 255
0.0746351 0.0328771 -0.1140619 0 0 255
0.0743860 0.0344063 -0.1141192 0 0 255
0.0746601 0.0359774 -0.1137423 0 0 255
0.0749344 0.0375502 -0.1133651 0 0 255
0.0752090 0.0391247 -0.1129875 0 0 255
0.0752214 0.0406765 -0.1128275 0 0 255
0.0754963 0.0422533 -0.1124494 0 0 255
0.0757715 0.0438318 -0.1120710 0 0 255
0.0760469 0.0454119 -0.1116921 0 0 255
0.0757965 0.0469387 -0.1117508 0 0 255
0.0760720 0.0485204 -0.1113717 0 0 255
0.0760845 0.0500747 -0.1112114 0 0 255
0.0763602 0.0516588 -0.1108320 0 0 255
0.0766362 0.0532446 -0.1104521 0 0 255
0.0769125 0.0548320 -0.1100719 0 0 255
0.0774534 0.0564534 -0.1094708 0 0 255
0.0774659 0.0580118 -0.1093102 0 0 255
0.0777431 0.0596041 -0.1089287 0 0 255
0.0780205 0.0611981 -0.1085469 0 0 255
0.0785728 0.0643906 -0.1077849 0 0 255
0.0783233 0.0659154 -0.1078429 0 0 255
0.0791423 0.0691534 -0.1068573 0 0 255
0.0799545 0.0708361 -0.1060273 0 0 255
0.0807693 0.0725241 -0.1051946 0 0 255
0.0810497 0.0741338 -0.1048088 0 0 255
0.0815991 0.0757878 -0.1041977 0 0 255
0.0832284 0.0776193 -0.1026815 0 0 255
0.0835116 0.0792392 -0.1022924 0 0 255
0.0840660 0.0809062 -0.1016759 0 0 255
0.0835370 0.0823918 -0.1019675 0 0 255
0.0832792 0.0839213 -0.1020319 0 0 255
0.0843754 0.0856879 -0.1009603 0 0 255
0.0843881 0.0872668 -0.1007975 0 0 255
0.0835877 0.0886973 -0.1013175 0 0 255
0.0849570 0.0905252 -0.1000155 0 0 255
0.0868809 0.0924657 -0.0982468 0 0 255
0.0879920 0.0942622 -0.0971601 0 0 255
0.0855399 0.0953727 -0.0990688 0 0 255
0.0869192 0.0972247 -0.0977562 0 0 255
0.1033290 0.1037294 -0.0836384 0 0 255
0.1177046 0.1100047 -0.0712151 0 0 255
0.1177181 0.1116835 -0.0710421 0 0 255
0.1186539 0.1135608 -0.0700917 0 0 255
0.1183597 0.1151752 -0.0701778 0 0 255
0.1192976 0.1170604 -0.0692250 0 0 255
0.1193111 0.1187439 -0.0690514 0 0 255
0.1193247 0.1204273 -0.0688779 0 0 255
0.1190298 0.1220397 -0.0689648 0 0 255
0.1190432 0.1237223 -0.0687914 0 0 255
0.1181334 0.1251867 -0.0693981 0 0 255
0.1178398 0.1267930 -0.0694846 0 0 255
0.1175465 0.1283976 -0.0695709 0 0 255
0.1172535 0.1300004 -0.0696571 0 0 255
0.1166551 0.1315256 -0.0700020 0 0 255
0.1163630 0.1331242 -0.0700879 0 0 255
0.1163765 0.1347986 -0.0699152 0 0 255
0.1157800 0.1363161 -0.0702593 0 0 255
0.1157935 0.1379888 -0.0700868 0 0 255
0.1158070 0.1396614 -0.0699144 0 0 255
0.1152117 0.1411720 -0.0702580 0 0 255
0.1155294 0.1429248 -0.0698278 0 0 255
0.1152387 0.1445138 -0.0699135 0 0 255
0.1143450 0.1459350 -0.0705111 0 0 255
0.1146617 0.1476876 -0.0700817 0 0 255
0.1143719 0.1492715 -0.0701671 0 0 255
0.1143853 0.1509397 -0.0699952 0 0 255
0.1137933 0.1524341 -0.0703377 0 0 255
0.1138067 0.1541006 -0.0701660 0 0 255
0.1135178 0.1556784 -0.0702513 0 0 255
0.1132293 0.1572546 -0.0703364 0 0 255
0.1129410 0.1588291 -0.0704215 0 0 255
0.1120515 0.1602200 -0.0710186 0 0 255
0.1120648 0.1618812 -0.0708474 0 0 255
0.1114779 0.1633573 -0.0711876 0 0 255
0.1105931 0.1647372 -0.0717818 0 0 255
0.1103077 0.1663000 -0.0718656 0 0 255
0.1094267 0.1676722 -0.0724575 0 0 255
0.1091426 0.1692301 -0.0725408 0 0 255
0.1082654 0.1705946 -0.0731303 0 0 255
0.1076867 0.1720512 -0.0734656 0 0 255
0.1074044 0.1736018 -0.0735481 0 0 255
0.1071224 0.1751508 -0.0736305 0 0 255
0.1071357 0.1767970 -0.0734608 0 0 255
0.1065593 0.1782438 -0.0737950 0 0 255
0.1065726 0.1798882 -0.0736255 0 0 255
0.1062915 0.1814314 -0.0737077 0 0 255
0.1063047 0.1830750 -0.0735383 0 0 255
0.1066123 0.1848217 -0.0731170 0 0 255
0.1060372 0.1862585 -0.0734512 0 0 255
0.1060504 0.1879013 -0.0732818 0 0 255
0.1057700 0.1894386 -0.0733641 0 0 255
0.1057832 0.1910806 -0.0731948 0 0 255
0.1052098 0.1925084 -0.0735284 0 0 255
0.1049302 0.1940408 -0.0736105 0 0 255
0.1043623 0.1954645 -0.0739400 0 0 255
0.1046677 0.1972115 -0.0735205 0 0 255
0.1040968 0.1986298 -0.0738530 0 0 255
0.1035271 0.2000451 -0.0741847 0 0 255
0.1035403 0.2016802 -0.0740162 0 0 255
0.1023914 0.2028667 -0.0748463 0 0 255
0.1021148 0.2043856 -0.0749271 0 0 255
0.1015493 0.2057896 -0.0752565 0 0 255
0.1009851 0.2071906 -0.0755852 0 0 255
0.1004221 0.2085886 -0.0759132 0 0 255
0.0992866 0.2097537 -0.0767344 0 0 255
0.0987271 0.2111446 -0.0770601 0 0 255
0.0984544 0.2126489 -0.0771392 0 0 255
0.0973272 0.2138011 -0.0779547 0 0 255
0.0976248 0.2155349 -0.0775428 0 0 255
0.0973532 0.2170337 -0.0776215 0 0 255
0.0970819 0.2185309 -0.0777001 0 0 255
0.0962437 0.2197872 -0.0782680 0 0 255
0.0951260 0.2209197 -0.0790776 0 0 255
0.0965531 0.2231345 -0.0776908 0 0 255
0.0962827 0.2246262 -0.0777692 0 0 255
0.0957296 0.2259936 -0.0780919 0 0 255
0.0948958 0.2272350 -0.0786577 0 0 255
0.0957556 0.2292164 -0.0777597 0 0 255
0.0893470 0.2279837 -0.0831470 0 0 255
0.0874348 0.2287175 -0.0846483 0 0 255
0.0879962 0.2305502 -0.0840100 0 0 255
0.0921601 0.2340140 -0.0802527 0 0 255
0.1223416 -0.0704238 -0.0825894 0 0 255
0.1236117 -0.0688634 -0.0813898 0 0 255
0.1214303 -0.0669281 -0.0830051 0 0 255
0.0843919 -0.0613999 -0.1130664 0 0 255
0.0874202 -0.0601193 -0.1104415 0 0 255
0.0871575 -0.0584999 -0.1105023 0 0 255
0.0847029 -0.0566751 -0.1123539 0 0 255
0.0896739 -0.0555439 -0.1081387 0 0 255
0.0877474 -0.0537732 -0.1095592 0 0 255
0.0869334 -0.0521091 -0.1100711 0 0 255
0.0877731 -0.0505862 -0.1092306 0 0 255
0.0872344 -0.0489489 -0.1095177 0 0 255
0.0872473 -0.0473570 -0.1093536 0 0 255
0.0867097 -0.0457247 -0.1096402 0 0 255
0.0864477 -0.0441151 -0.1097014 0 0 255
0.0864605 -0.0425256 -0.1095375 0 0 255
0.0867481 -0.0409538 -0.1091484 0 0 255
0.0867609 -0.0393634 -0.1089844 0 0 255
0.0873241 -0.0378051 -0.1083689 0 0 255
0.0876126 -0.0362283 -0.1079785 0 0 255
0.0884542 -0.0346786 -0.1071339 0 0 255
0.0881905 -0.0330696 -0.1071966 0 0 255
0.0887568 -0.0315006 -0.1065775 0 0 255
0.0882162 -0.0298804 -0.1068678 0 0 255
0.0885056 -0.0282969 -0.1064760 0 0 255
0.0879656 -0.0266808 -0.1067662 0 0 255
0.0882547 -0.0250964 -0.1063746 0 0 255
0.0882675 -0.0235017 -0.1062102 0 0 255
0.0882804 -0.0219070 -0.1060458 0 0 255
0.0874652 -0.0202914 -0.1065634 0 0 255
0.0861036 -0.0186688 -0.1075316 0 0 255
0.0858423 -0.0170754 -0.1075938 0 0 255
0.0839481 -0.0154574 -0.1090024 0 0 255
0.0828754 -0.0138616 -0.1097346 0 0 255
0.0826174 -0.0122805 -0.1097952 0 0 255
0.0818198 -0.0106973 -0.1103014 0 0 255
0.0810245 -0.0091188 -0.1108060 0 0 255
0.0807685 -0.0075458 -0.1108658 0 0 255
0.0805126 -0.0059744 -0.1109256 0 0 255
0.0799891 -0.0044059 -0.1112067 0 0 255
0.0794668 -0.0028406 -0.1114873 0 0 255
0.0794794 -0.0012726 -0.1113257 0 0 255
0.0784252 0.0002804 -0.1120467 0 0 255
0.0784378 0.0018452 -0.1118853 0 0 255
0.0776531 0.0033941 -0.1123842 0 0 255
0.0776657 0.0049565 -0.1122231 0 0 255
0.0771481 0.0065052 -0.1125013 0 0 255
0.0771607 0.0080661 -0.1123404 0 0 255
0.0766441 0.0096100 -0.1126181 0 0 255
0.0761286 0.0111508 -0.1128954 0 0 255
0.0753510 0.0126785 -0.1133904 0 0 255
0.0753635 0.0142339 -0.1132300 0 0 255
0.0748507 0.0157661 -0.1135059 0 0 255
0.0743388 0.0172953 -0.1137812 0 0 255
0.0738279 0.0188213 -0.1140561 0 0 255
0.0741019 0.0203860 -0.1136788 0 0 255
0.0741144 0.0219376 -0.1135189 0 0 255
0.0736074 0.0234584 -0.1137910 0 0 255
0.0736199 0.0250085 -0.1136312 0 0 255
0.0736324 0.0265585 -0.1134714 0 0 255
0.0731230 0.0280730 -0.1137461 0 0 255
0.0733963 0.0296401 -0.1133693 0 0 255
0.0734088 0.0311895 -0.1132095 0 0 255
0.0736823 0.0327590 -0.1128322 0 0 255
0.0736948 0.0343092 -0.1126724 0 0 255
0.0737072 0.0358593 -0.1125126 0 0 255
0.0734587 0.0373870 -0.1125706 0 0 255
0.0734711 0.0389365 -0.1124109 0 0 255
0.0737447 0.0405100 -0.1120332 0 0 255
0.0740185 0.0420852 -0.1116551 0 0 255
0.0740310 0.0436363 -0.1114952 0 0 255
0.0743051 0.0452139 -0.1111166 0 0 255
0.0743176 0.0467658 -0.1109566 0 0 255
0.0748542 0.0483740 -0.1103583 0 0 255
0.0748667 0.0499275 -0.1101981 0 0 255
0.0751417 0.0515108 -0.1098183 0 0 255
0.0751542 0.0530651 -0.1096581 0 0 255
0.0751667 0.0546195 -0.1094978 0 0 255
0.0751792 0.0561739 -0.1093376 0 0 255
0.0762444 0.0578602 -0.1082951 0 0 255
0.0762570 0.0594179 -0.1081345 0 0 255
0.0765333 0.0610101 -0.1077527 0 0 255
0.0768100 0.0626041 -0.1073705 0 0 255
0.0770870 0.0641996 -0.1069878 0 0 255
0.0776383 0.0673952 -0.1062242 0 0 255
0.0779161 0.0689958 -0.1058404 0 0 255
0.0781942 0.0705979 -0.1054561 0 0 255
0.0795384 0.0723642 -0.1041754 0 0 255
0.0798181 0.0739731 -0.1037892 0 0 255
0.0803659 0.0756261 -0.1031774 0 0 255
0.0814521 0.0773692 -0.1021120 0 0 255
0.0817339 0.0789865 -0.1017233 0 0 255
0.0820160 0.0806055 -0.1013342 0 0 255
0.0817592 0.0821343 -0.1013988 0 0 255
0.0817719 0.0837082 -0.1012366 0 0 255
0.0817845 0.0852822 -0.1010743 0 0 255
0.0820667 0.0869045 -0.1006849 0 0 255
0.0818099 0.0884301 -0.1007498 0 0 255
0.0823617 0.0901042 -0.1001325 0 0 255
0.0837271 0.0919348 -0.0988281 0 0 255
0.0842829 0.0936185 -0.0982067 0 0 255
0.0829400 0.0949362 -0.0991888 0 0 255
0.0840366 0.0967277 -0.0981102 0 0 255
0.0856838 0.0986360 -0.0965657 0 0 255
0.1076223 0.1063325 -0.0777018 0 0 255
0.1157691 0.1113613 -0.0704874 0 0 255
0.1163939 0.1131691 -0.0697969 0 0 255
0.1164075 0.1148470 -0.0696239 0 0 255
0.1164209 0.1165249 -0.0694510 0 0 255
0.1173540 0.1184093 -0.0684985 0 0 255
0.1176748 0.1201598 -0.0680647 0 0 255
0.1173811 0.1217707 -0.0681520 0 0 255
0.1173946 0.1234514 -0.0679787 0 0 255
0.1171013 0.1250596 -0.0680659 0 0 255
0.1168083 0.1266660 -0.0681530 0 0 255
0.1168218 0.1283450 -0.0679800 0 0 255
0.1162231 0.1298736 -0.0683270 0 0 255
0.1156257 0.1313990 -0.0686734 0 0 255
0.1156393 0.1330743 -0.0685006 0 0 255
0.1153478 0.1346720 -0.0685873 0 0 255
0.1147524 0.1361897 -0.0689328 0 0 255
0.1144619 0.1377831 -0.0690190 0 0 255
0.1141717 0.1393749 -0.0691053 0 0 255
0.1138818 0.1409649 -0.0691913 0 0 255
0.1135923 0.1425532 -0.0692773 0 0 255
0.1139088 0.1443049 -0.0688470 0 0 255
0.1133201 0.1458090 -0.0691882 0 0 255
0.1133335 0.1474773 -0.0690162 0 0 255
0.1130446 0.1490604 -0.0691022 0 0 255
0.1127560 0.1506418 -0.0691881 0 0 255
0.1124677 0.1522215 -0.0692739 0 0 255
0.1118787 0.1537120 -0.0696167 0 0 255
0.1118920 0.1553759 -0.0694452 0 0 255
0.1113043 0.1568614 -0.0697874 0 0 255
0.1110176 0.1584335 -0.0698726 0 0 255
0.1101326 0.1598229 -0.0704697 0 0 255
0.1101459 0.1614814 -0.0702987 0 0 255
0.1098605 0.1630476 -0.0703834 0 0 255
0.1092771 0.1645194 -0.0707234 0 0 255
0.1086950 0.1659879 -0.0710626 0 0 255
0.1075214 0.1672650 -0.0719088 0 0 255
0.1069431 0.1687259 -0.0722456 0 0 255
0.1060714 0.1700883 -0.0728343 0 0 255
0.1054962 0.1715422 -0.0731692 0 0 255
0.1052157 0.1730898 -0.0732517 0 0 255
0.1049355 0.1746358 -0.0733340 0 0 255
0.1043627 0.1760818 -0.0736677 0 0 255
0.1043760 0.1777227 -0.0734985 0 0 255
0.1040967 0.1792638 -0.0735806 0 0 255
0.1038177 0.1808032 -0.0736625 0 0 255
0.1038309 0.1824424 -0.0734936 0 0 255
0.1038441 0.1840816 -0.0733246 0 0 255
0.1035654 0.1856177 -0.0734067 0 0 255
0.1038705 0.1873602 -0.0729866 0 0 255
0.1030123 0.1886862 -0.0735676 0 0 255
0.1030255 0.1903229 -0.0733989 0 0 255
0.1030387 0.1919596 -0.0732301 0 0 255
0.1018897 0.1931680 -0.0740627 0 0 255
0.1019028 0.1948013 -0.0738943 0 0 255
0.1016262 0.1963261 -0.0739758 0 0 255
0.1010606 0.1977400 -0.0743066 0 0 255
0.1007849 0.1992608 -0.0743877 0 0 255
0.1007980 0.2008907 -0.0742197 0 0 255
0.0996586 0.2020751 -0.0750466 0 0 255
0.0993843 0.2035896 -0.0751271 0 0 255
0.0991104 0.2051026 -0.0752075 0 0 255
0.0982641 0.2063874 -0.0757827 0 0 255
0.0979913 0.2078957 -0.0758626 0 0 255
0.0968638 0.2090591 -0.0766816 0 0 255
0.0965925 0.2105621 -0.0767608 0 0 255
0.0957541 0.2118323 -0.0773308 0 0 255
0.0954840 0.2133306 -0.0774095 0 0 255
0.0949315 0.2147105 -0.0777327 0 0 255
0.0943802 0.2160875 -0.0780553 0 0 255
0.0941114 0.2175798 -0.0781334 0 0 255
0.0941244 0.2191894 -0.0779675 0 0 255
0.0935748 0.2205596 -0.0782894 0 0 255
0.0919105 0.2214488 -0.0795783 0 0 255
0.0913655 0.2228110 -0.0798971 0 0 255
0.0922158 0.2247760 -0.0790053 0 0 255
0.0916702 0.2261355 -0.0793249 0 0 255
0.0891842 0.2266369 -0.0813300 0 0 255
0.0861744 0.2268910 -0.0837916 0 0 255
0.0859141 0.2283547 -0.0838655 0 0 255
0.0856541 0.2298169 -0.0839393 0 0 255
0.0848501 0.2310313 -0.0844862 0 0 255
0.0843197 0.2323654 -0.0847957 0 0 255
0.0843324 0.2339454 -0.0846328 0 0 255
0.0840740 0.2354001 -0.0847060 0 0 255
0.1193996 -0.0737274 -0.0831234 0 0 255
0.1209713 -0.0722158 -0.0816732 0 0 255
0.1231809 -0.0707669 -0.0796996 0 0 255
0.1225654 -0.0689942 -0.0800395 0 0 255
0.1210123 -0.0671250 -0.0811484 0 0 255
0.0872551 -0.0619201 -0.1086639 0 0 255
0.0880974 -0.0604087 -0.1078190 0 0 255
0.0839885 -0.0584078 -0.1110364 0 0 255
0.0823704 -0.0566680 -0.1122116 0 0 255
0.0856551 -0.0553881 -0.1093620 0 0 255
0.0845727 -0.0537007 -0.1100977 0 0 255
0.0848588 -0.0521372 -0.1097095 0 0 255
0.0851453 -0.0505721 -0.1093208 0 0 255
0.0846110 -0.0489399 -0.1096069 0 0 255
0.0840778 -0.0473111 -0.1098924 0 0 255
0.0838180 -0.0457057 -0.1099532 0 0 255
0.0838307 -0.0441211 -0.1097899 0 0 255
0.0841160 -0.0425550 -0.1094021 0 0 255
0.0838562 -0.0409520 -0.1094632 0 0 255
0.0841416 -0.0393842 -0.1090752 0 0 255
0.0849738 -0.0378468 -0.1082362 0 0 255
0.0852603 -0.0362741 -0.1078468 0 0 255
0.0860960 -0.0347285 -0.1070041 0 0 255
0.0858343 -0.0331237 -0.1070667 0 0 255
0.0863966 -0.0315588 -0.1064491 0 0 255
0.0861344 -0.0299547 -0.1065120 0 0 255
0.0864221 -0.0283744 -0.1061209 0 0 255
0.0858854 -0.0267617 -0.1064108 0 0 255
0.0858982 -0.0251711 -0.1062468 0 0 255
0.0859110 -0.0235806 -0.1060829 0 0 255
0.0859238 -0.0219900 -0.1059189 0 0 255
0.0851144 -0.0203785 -0.1064353 0 0 255
0.0851272 -0.0187903 -0.1062716 0 0 255
0.0835030 -0.0171705 -0.1074634 0 0 255
0.0821627 -0.0155652 -0.1084210 0 0 255
0.0808260 -0.0139680 -0.1093764 0 0 255
0.0803009 -0.0123874 -0.1096599 0 0 255
0.0795088 -0.0108080 -0.1101650 0 0 255
0.0795215 -0.0092368 -0.1100030 0 0 255
0.0792665 -0.0076653 -0.1100632 0 0 255
0.0784777 -0.0060964 -0.1105666 0 0 255
0.0782238 -0.0045297 -0.1106263 0 0 255
0.0777039 -0.0029667 -0.1109070 0 0 255
0.0777165 -0.0014011 -0.1107456 0 0 255
0.0769325 0.0001535 -0.1112464 0 0 255
0.0766801 0.0017122 -0.1113057 0 0 255
0.0764279 0.0032694 -0.1113648 0 0 255
0.0761760 0.0048251 -0.1114239 0 0 255
0.0756605 0.0063723 -0.1117026 0 0 255
0.0751459 0.0079163 -0.1119808 0 0 255
0.0748953 0.0094657 -0.1120394 0 0 255
0.0749079 0.0110227 -0.1118788 0 0 255
0.0741326 0.0125498 -0.1123751 0 0 255
0.0736211 0.0140829 -0.1126518 0 0 255
0.0731108 0.0156130 -0.1129278 0 0 255
0.0726015 0.0171400 -0.1132033 0 0 255
0.0720965 0.0186641 -0.1134755 0 0 255
0.0723692 0.0202263 -0.1130985 0 0 255
0.0721213 0.0217610 -0.1131562 0 0 255
0.0723941 0.0233248 -0.1127791 0 0 255
0.0721463 0.0248579 -0.1128369 0 0 255
0.0721587 0.0264064 -0.1126773 0 0 255
0.0721712 0.0279550 -0.1125177 0 0 255
0.0719236 0.0294850 -0.1125756 0 0 255
0.0719361 0.0310328 -0.1124161 0 0 255
0.0719485 0.0325806 -0.1122565 0 0 255
0.0717012 0.0341076 -0.1123146 0 0 255
0.0719734 0.0356763 -0.1119373 0 0 255
0.0722460 0.0372466 -0.1115598 0 0 255
0.0722584 0.0387952 -0.1114001 0 0 255
0.0725312 0.0403679 -0.1110221 0 0 255
0.0728043 0.0419423 -0.1106436 0 0 255
0.0728168 0.0434926 -0.1104838 0 0 255
0.0728292 0.0450429 -0.1103239 0 0 255
0.0731027 0.0466204 -0.1099449 0 0 255
0.0728543 0.0481436 -0.1100042 0 0 255
0.0733888 0.0497516 -0.1094055 0 0 255
0.0734013 0.0513035 -0.1092455 0 0 255
0.0736752 0.0528860 -0.1088656 0 0 255
0.0736877 0.0544388 -0.1087056 0 0 255
0.0739619 0.0560236 -0.1083252 0 0 255
0.0744987 0.0576430 -0.1077235 0 0 255
0.0750365 0.0592656 -0.1071207 0 0 255
0.0753122 0.0608571 -0.1067385 0 0 255
0.0753247 0.0624147 -0.1065779 0 0 255
0.0758642 0.0640448 -0.1059730 0 0 255
0.0761408 0.0656411 -0.1055895 0 0 255
0.0766819 0.0672771 -0.1049827 0 0 255
0.0769684 0.0704396 -0.1044399 0 0 255
0.0777768 0.0721235 -0.1036066 0 0 255
0.0791214 0.0738955 -0.1023199 0 0 255
0.0788671 0.0754222 -0.1023837 0 0 255
0.0802172 0.0772064 -0.1010912 0 0 255
0.0810356 0.0789113 -0.1002476 0 0 255
0.0805108 0.0803960 -0.1005400 0 0 255
0.0805234 0.0819691 -0.1003778 0 0 255
0.0802677 0.0834956 -0.1004428 0 0 255
0.0802804 0.0850680 -0.1002807 0 0 255
0.0797571 0.0865441 -0.1005727 0 0 255
0.0797698 0.0881148 -0.1004108 0 0 255
0.0797824 0.0896857 -0.1002488 0 0 255
0.0805994 0.0914081 -0.0994047 0 0 255
0.0811496 0.0930844 -0.0987864 0 0 255
0.0808933 0.0946070 -0.0988523 0 0 255
0.0817137 0.0963407 -0.0980043 0 0 255
0.0822662 0.0980256 -0.0973832 0 0 255
0.0825493 0.0996589 -0.0969908 0 0 255
0.0872012 0.1021967 -0.0928852 0 0 255
0.1099188 0.1118677 -0.0730979 0 0 255
0.1150712 0.1146532 -0.0685530 0 0 255
0.1160015 0.1165334 -0.0675995 0 0 255
0.1163214 0.1182820 -0.0671655 0 0 255
0.1166416 0.1200326 -0.0667310 0 0 255
0.1163484 0.1216435 -0.0668189 0 0 255
0.1160556 0.1232526 -0.0669068 0 0 255
0.1157631 0.1248600 -0.0669946 0 0 255
0.1160827 0.1266124 -0.0665604 0 0 255
0.1151791 0.1280696 -0.0671699 0 0 255
0.1151926 0.1297468 -0.0669970 0 0 255
0.1145964 0.1312723 -0.0673448 0 0 255
0.1140015 0.1327944 -0.0676917 0 0 255
0.1140149 0.1344680 -0.0675192 0 0 255
0.1134213 0.1359850 -0.0678657 0 0 255
0.1134347 0.1376568 -0.0676933 0 0 255
0.1131451 0.1392486 -0.0677802 0 0 255
0.1128559 0.1408387 -0.0678670 0 0 255
0.1125668 0.1424271 -0.0679537 0 0 255
0.1116785 0.1438502 -0.0685538 0 0 255
0.1113908 0.1454335 -0.0686399 0 0 255
0.1114042 0.1470991 -0.0684682 0 0 255
0.1111168 0.1486798 -0.0685544 0 0 255
0.1108297 0.1502589 -0.0686404 0 0 255
0.1105430 0.1518363 -0.0687263 0 0 255
0.1099569 0.1533248 -0.0690691 0 0 255
0.1099703 0.1549859 -0.0688979 0 0 255
0.1093856 0.1564695 -0.0692402 0 0 255
0.1091003 0.1580393 -0.0693255 0 0 255
0.1085175 0.1595172 -0.0696668 0 0 255
0.1085309 0.1611739 -0.0694960 0 0 255
0.1073557 0.1624634 -0.0703470 0 0 255
0.1070726 0.1640242 -0.0704315 0 0 255
0.1064942 0.1654901 -0.0707702 0 0 255
0.1056223 0.1668592 -0.0713618 0 0 255
0.1047531 0.1682238 -0.0719516 0 0 255
0.1035942 0.1694894 -0.0727915 0 0 255
0.1033152 0.1710355 -0.0728740 0 0 255
0.1027448 0.1724839 -0.0732077 0 0 255
0.1024667 0.1740260 -0.0732899 0 0 255
0.1024799 0.1756643 -0.0731210 0 0 255
0.1022020 0.1772039 -0.0732032 0 0 255
0.1022152 0.1788414 -0.0730343 0 0 255
0.1013606 0.1801795 -0.0736146 0 0 255
0.1013737 0.1818143 -0.0734461 0 0 255
0.1013869 0.1834492 -0.0732775 0 0 255
0.1011102 0.1849815 -0.0733594 0 0 255
0.1011233 0.1866156 -0.0731910 0 0 255
0.1008469 0.1881454 -0.0732729 0 0 255
0.1005709 0.1896737 -0.0733547 0 0 255
0.1000065 0.1910947 -0.0736861 0 0 255
0.0997313 0.1926190 -0.0737675 0 0 255
0.0994563 0.1941416 -0.0738489 0 0 255
0.0988944 0.1955549 -0.0741791 0 0 255
0.0986203 0.1970736 -0.0742601 0 0 255
0.0983466 0.1985908 -0.0743410 0 0 255
0.0975010 0.1998865 -0.0749179 0 0 255
0.0969432 0.2012886 -0.0752456 0 0 255
0.0966712 0.2027987 -0.0753258 0 0 255
0.0961151 0.2041955 -0.0756527 0 0 255
0.0955602 0.2055894 -0.0759788 0 0 255
0.0947235 0.2068673 -0.0765500 0 0 255
0.0947365 0.2084819 -0.0763836 0 0 255
0.0941845 0.2098676 -0.0767081 0 0 255
0.0939155 0.2113654 -0.0767871 0 0 255
0.0930840 0.2126303 -0.0773552 0 0 255
0.0925354 0.2140074 -0.0776777 0 0 255
0.0919881 0.2153816 -0.0779994 0 0 255
0.0920011 0.2169878 -0.0778338 0 0 255
0.0900655 0.2177696 -0.0793649 0 0 255
0.0892462 0.2190154 -0.0799248 0 0 255
0.0895361 0.2207322 -0.0795186 0 0 255
0.0881663 0.2217335 -0.0805590 0 0 255
0.0884551 0.2234482 -0.0801540 0 0 255
0.0884680 0.2250437 -0.0799895 0 0 255
0.0865549 0.2257896 -0.0815053 0 0 255
0.0849280 0.2266512 -0.0827725 0 0 255
0.0843965 0.2279925 -0.0830844 0 0 255
0.0841375 0.2294534 -0.0831585 0 0 255
0.0836076 0.2307899 -0.0834694 0 0 255
0.0830787 0.2321236 -0.0837798 0 0 255
0.0833621 0.2338270 -0.0833803 0 0 255
0.0836457 0.2355321 -0.0829805 0 0 255
0.1161557 -0.0786560 -0.0840805 0 0 255
0.1158617 -0.0769318 -0.0841595 0 0 255
0.1199005 -0.0757400 -0.0806765 0 0 255
0.1199142 -0.0740432 -0.0805016 0 0 255
0.1193048 -0.0722737 -0.0808392 0 0 255
0.1183863 -0.0704730 -0.0814315 0 0 255
0.1199552 -0.0689524 -0.0799766 0 0 255
0.0846133 -0.0634608 -0.1089199 0 0 255
0.0802810 -0.0614175 -0.1123358 0 0 255
0.0802937 -0.0598406 -0.1121732 0 0 255
0.0811157 -0.0583431 -0.1113434 0 0 255
0.0824828 -0.0568926 -0.1100635 0 0 255
0.0824956 -0.0553090 -0.1099002 0 0 255
0.0816947 -0.0536529 -0.1104084 0 0 255
0.0808964 -0.0520018 -0.1109150 0 0 255
0.0811792 -0.0504456 -0.1105292 0 0 255
0.0811919 -0.0488660 -0.1103663 0 0 255
0.0809345 -0.0472656 -0.1104267 0 0 255
0.0806774 -0.0456668 -0.1104870 0 0 255
0.0806901 -0.0440888 -0.1103243 0 0 255
0.0809727 -0.0425292 -0.1099384 0 0 255
0.0812554 -0.0409679 -0.1095521 0 0 255
0.0809981 -0.0393714 -0.1096128 0 0 255
0.0812808 -0.0378085 -0.1092263 0 0 255
0.0821056 -0.0362741 -0.1083906 0 0 255
0.0829329 -0.0347350 -0.1075523 0 0 255
0.0829457 -0.0331503 -0.1073889 0 0 255
0.0837756 -0.0316039 -0.1065477 0 0 255
0.0835157 -0.0300047 -0.1066104 0 0 255
0.0838012 -0.0284295 -0.1062205 0 0 255
0.0835412 -0.0268319 -0.1062832 0 0 255
0.0838267 -0.0252550 -0.1058932 0 0 255
0.0835667 -0.0236590 -0.1059561 0 0 255
0.0841252 -0.0220882 -0.1053390 0 0 255
0.0830476 -0.0204721 -0.1060818 0 0 255
0.0808966 -0.0188383 -0.1077182 0 0 255
0.0803703 -0.0172493 -0.1080039 0 0 255
0.0801139 -0.0156681 -0.1080653 0 0 255
0.0793209 -0.0140813 -0.1085737 0 0 255
0.0782632 -0.0124964 -0.1093029 0 0 255
0.0780089 -0.0109241 -0.1093634 0 0 255
0.0777549 -0.0093534 -0.1094238 0 0 255
0.0772351 -0.0077839 -0.1097060 0 0 255
0.0769818 -0.0062171 -0.1097662 0 0 255
0.0767288 -0.0046520 -0.1098264 0 0 255
0.0762112 -0.0030904 -0.1101075 0 0 255
0.0756944 -0.0015320 -0.1103882 0 0 255
0.0757070 0.0000304 -0.1102271 0 0 255
0.0751914 0.0015841 -0.1105074 0 0 255
0.0744137 0.0031294 -0.1110070 0 0 255
0.0741633 0.0046819 -0.1110661 0 0 255
0.0739132 0.0062329 -0.1111252 0 0 255
0.0736633 0.0077823 -0.1111842 0 0 255
0.0731519 0.0093218 -0.1114623 0 0 255
0.0731644 0.0108764 -0.1113020 0 0 255
0.0723929 0.0124014 -0.1117984 0 0 255
0.0721446 0.0139431 -0.1118569 0 0 255
0.0716362 0.0154718 -0.1121335 0 0 255
0.0711322 0.0169975 -0.1124067 0 0 255
0.0706259 0.0185201 -0.1126822 0 0 255
0.0706383 0.0200669 -0.1125227 0 0 255
0.0706508 0.0216138 -0.1123632 0 0 255
0.0706632 0.0231608 -0.1122037 0 0 255
0.0704167 0.0246916 -0.1122618 0 0 255
0.0706881 0.0262546 -0.1118847 0 0 255
0.0704415 0.0277840 -0.1119429 0 0 255
0.0704539 0.0293302 -0.1117835 0 0 255
0.0707254 0.0308956 -0.1114063 0 0 255
0.0704789 0.0324227 -0.1114647 0 0 255
0.0702326 0.0339483 -0.1115230 0 0 255
0.0707628 0.0355368 -0.1109277 0 0 255
0.0705162 0.0370616 -0.1109864 0 0 255
0.0710470 0.0386541 -0.1103902 0 0 255
0.0710595 0.0402021 -0.1102307 0 0 255
0.0710719 0.0417500 -0.1100711 0 0 255
0.0713440 0.0433235 -0.1096925 0 0 255
0.0716163 0.0448985 -0.1093136 0 0 255
0.0713689 0.0464210 -0.1093732 0 0 255
0.0719014 0.0480256 -0.1087744 0 0 255
0.0716537 0.0495473 -0.1088343 0 0 255
0.0719264 0.0511264 -0.1084547 0 0 255
0.0719388 0.0526769 -0.1082949 0 0 255
0.0724724 0.0542895 -0.1076944 0 0 255
0.0724849 0.0558416 -0.1075344 0 0 255
0.0730196 0.0574591 -0.1069326 0 0 255
0.0730321 0.0590128 -0.1067724 0 0 255
0.0738299 0.0606697 -0.1059473 0 0 255
0.0738425 0.0622258 -0.1057869 0 0 255
0.0743799 0.0638540 -0.1051818 0 0 255
0.0746553 0.0654486 -0.1047984 0 0 255
0.0751945 0.0670827 -0.1041912 0 0 255
0.0760081 0.0703209 -0.1032006 0 0 255
0.0765500 0.0719642 -0.1025903 0 0 255
0.0770930 0.0736109 -0.1019787 0 0 255
0.0779033 0.0753032 -0.1011398 0 0 255
0.0784491 0.0769575 -0.1005253 0 0 255
0.0792636 0.0786594 -0.0996820 0 0 255
0.0787413 0.0801420 -0.0999746 0 0 255
0.0787539 0.0817127 -0.0998127 0 0 255
0.0784996 0.0832371 -0.0998779 0 0 255
0.0787792 0.0848542 -0.0994888 0 0 255
0.0782580 0.0863290 -0.0997813 0 0 255
0.0782707 0.0878982 -0.0996195 0 0 255
0.0780168 0.0894179 -0.0996847 0 0 255
0.0788298 0.0911374 -0.0988410 0 0 255
0.0785754 0.0926570 -0.0989067 0 0 255
0.0783246 0.0941757 -0.0989694 0 0 255
0.0788803 0.0974209 -0.0981931 0 0 255
0.0786292 0.0989380 -0.0982563 0 0 255
0.0786418 0.1005082 -0.0980945 0 0 255
0.0797338 0.1038756 -0.0968592 0 0 255
0.0865358 0.1069146 -0.0908939 0 0 255
0.1134592 0.1177434 -0.0673979 0 0 255
0.1156083 0.1199053 -0.0653973 0 0 255
0.1150100 0.1214457 -0.0657478 0 0 255
0.1147180 0.1230541 -0.0658362 0 0 255
0.1147315 0.1247330 -0.0656631 0 0 255
0.1147450 0.1264120 -0.0654900 0 0 255
0.1144534 0.1280169 -0.0655785 0 0 255
0.1144669 0.1296949 -0.0654055 0 0 255
0.1138711 0.1312213 -0.0657552 0 0 255
0.1132767 0.1327444 -0.0661041 0 0 255
0.1129866 0.1343415 -0.0661920 0 0 255
0.1126969 0.1359368 -0.0662798 0 0 255
0.1121051 0.1374515 -0.0666274 0 0 255
0.1124210 0.1392023 -0.0661952 0 0 255
0.1109287 0.1404719 -0.0673172 0 0 255
0.1106413 0.1420579 -0.0674041 0 0 255
0.1106547 0.1437243 -0.0672323 0 0 255
0.1100672 0.1452249 -0.0675775 0 0 255
0.1097807 0.1468058 -0.0676641 0 0 255
0.1094945 0.1483850 -0.0677505 0 0 255
0.1095079 0.1500478 -0.0675791 0 0 255
0.1089230 0.1515383 -0.0679232 0 0 255
0.1083394 0.1530256 -0.0682665 0 0 255
0.1080548 0.1545973 -0.0683523 0 0 255
0.1077704 0.1561672 -0.0684381 0 0 255
0.1071894 0.1576463 -0.0687801 0 0 255
0.1063135 0.1590325 -0.0693770 0 0 255
0.1063268 0.1606856 -0.0692065 0 0 255
0.1054537 0.1620646 -0.0698017 0 0 255
0.1042895 0.1633475 -0.0706488 0 0 255
0.1034230 0.1647170 -0.0712395 0 0 255
0.1028513 0.1661752 -0.0715756 0 0 255
0.1019894 0.1675366 -0.0721632 0 0 255
0.1017115 0.1690821 -0.0722460 0 0 255
0.1008533 0.1704360 -0.0728312 0 0 255
0.1008664 0.1720725 -0.0726624 0 0 255
0.1005898 0.1736124 -0.0727448 0 0 255
0.1000241 0.1750534 -0.0730776 0 0 255
0.0994632 0.1764925 -0.0734066 0 0 255
0.0994763 0.1781247 -0.0732384 0 0 255
0.0992010 0.1796574 -0.0733202 0 0 255
0.0992142 0.1812887 -0.0731519 0 0 255
0.0986515 0.1827178 -0.0734834 0 0 255
0.0986646 0.1843475 -0.0733154 0 0 255
0.0983902 0.1858745 -0.0733970 0 0 255
0.0984033 0.1875034 -0.0732291 0 0 255
0.0978425 0.1889236 -0.0735599 0 0 255
0.0978555 0.1905508 -0.0733922 0 0 255
0.0970099 0.1918608 -0.0739711 0 0 255
0.0973089 0.1935919 -0.0735549 0 0 255
0.0967504 0.1950028 -0.0738847 0 0 255
0.0959082 0.1963030 -0.0744616 0 0 255
0.0959213 0.1979242 -0.0742945 0 0 255
0.0950817 0.1992176 -0.0748699 0 0 255
0.0942450 0.2005070 -0.0754434 0 0 255
0.0942580 0.2021232 -0.0752768 0 0 255
0.0934237 0.2034060 -0.0758488 0 0 255
0.0928735 0.2047963 -0.0761737 0 0 255
0.0923244 0.2061837 -0.0764979 0 0 255
0.0923373 0.2077940 -0.0763319 0 0 255
0.0920696 0.2092905 -0.0764109 0 0 255
0.0915221 0.2106710 -0.0767344 0 0 255
0.0909758 0.2120487 -0.0770572 0 0 255
0.0898772 0.2131940 -0.0778629 0 0 255
0.0893343 0.2145647 -0.0781836 0 0 255
0.0887926 0.2159327 -0.0785034 0 0 255
0.0876997 0.2170637 -0.0793058 0 0 255
0.0871613 0.2184248 -0.0796236 0 0 255
0.0858012 0.2194295 -0.0806609 0 0 255
0.0852668 0.2207832 -0.0809762 0 0 255
0.0855531 0.2224911 -0.0805728 0 0 255
0.0852923 0.2239608 -0.0806485 0 0 255
0.0842140 0.2250677 -0.0814411 0 0 255
0.0836830 0.2264115 -0.0817544 0 0 255
0.0831529 0.2277525 -0.0820672 0 0 255
0.0834369 0.2294571 -0.0816661 0 0 255
0.0826368 0.2306715 -0.0822162 0 0 255
0.0823790 0.2321287 -0.0822907 0 0 255
0.0818517 0.2334604 -0.0826021 0 0 255
0.0818644 0.2350388 -0.0824394 0 0 255
0.0821470 0.2367428 -0.0820395 0 0 255
0.1138797 -0.0803094 -0.0839282 0 0 255
0.1126727 -0.0784701 -0.0847624 0 0 255
0.1145191 -0.0770227 -0.0830758 0 0 255
0.1191686 -0.0759088 -0.0790726 0 0 255
0.1194941 -0.0742483 -0.0786398 0 0 255
0.1173322 -0.0722953 -0.0802631 0 0 255
0.1170363 -0.0705678 -0.0803445 0 0 255
0.1182897 -0.0690138 -0.0791445 0 0 255
0.0782256 -0.0630000 -0.1121350 0 0 255
0.0785062 -0.0614544 -0.1117510 0 0 255
0.0782509 -0.0598526 -0.1118104 0 0 255
0.0782636 -0.0582788 -0.1116482 0 0 255
0.0780086 -0.0566794 -0.1117077 0 0 255
0.0774903 -0.0550573 -0.1119857 0 0 255
0.0777699 -0.0535098 -0.1116022 0 0 255
0.0783268 -0.0504097 -0.1108369 0 0 255
0.0783395 -0.0488358 -0.1106746 0 0 255
0.0783555 -0.0472622 -0.1105095 0 0 255
0.0783681 -0.0456882 -0.1103472 0 0 255
0.0786580 -0.0425584 -0.1098027 0 0 255
0.0786741 -0.0409838 -0.1096376 0 0 255
0.0786867 -0.0394090 -0.1094752 0 0 255
0.0795143 -0.0363044 -0.1084826 0 0 255
0.0803350 -0.0347701 -0.1076471 0 0 255
0.0800781 -0.0331768 -0.1077088 0 0 255
0.0809005 -0.0316359 -0.1068712 0 0 255
0.0806430 -0.0300426 -0.1069334 0 0 255
0.0811964 -0.0284841 -0.1063195 0 0 255
0.0812092 -0.0269018 -0.1061563 0 0 255
0.0812219 -0.0253195 -0.1059932 0 0 255
0.0812346 -0.0237371 -0.1058300 0 0 255
0.0815182 -0.0221626 -0.1054407 0 0 255
0.0799136 -0.0205374 -0.1066286 0 0 255
0.0791197 -0.0189406 -0.1071399 0 0 255
0.0785960 -0.0173540 -0.1074258 0 0 255
0.0780734 -0.0157707 -0.1077111 0 0 255
0.0775518 -0.0141906 -0.1079958 0 0 255
0.0767652 -0.0126108 -0.1085027 0 0 255
0.0762464 -0.0110380 -0.1087858 0 0 255
0.0762591 -0.0094708 -0.1086242 0 0 255
0.0757412 -0.0079028 -0.1089070 0 0 255
0.0757538 -0.0063372 -0.1087456 0 0 255
0.0749728 -0.0047751 -0.1092495 0 0 255
0.0747214 -0.0032138 -0.1093097 0 0 255
0.0744702 -0.0016542 -0.1093698 0 0 255
0.0739561 -0.0000996 -0.1096509 0 0 255
0.0734430 0.0014518 -0.1099312 0 0 255
0.0729311 0.0030001 -0.1102110 0 0 255
0.0729435 0.0045570 -0.1100505 0 0 255
0.0724326 0.0061006 -0.1103299 0 0 255
0.0719227 0.0076411 -0.1106087 0 0 255
0.0716743 0.0091866 -0.1106679 0 0 255
0.0711659 0.0107217 -0.1109459 0 0 255
0.0711784 0.0122731 -0.1107860 0 0 255
0.0704114 0.0137930 -0.1112821 0 0 255
0.0699089 0.0153196 -0.1115561 0 0 255
0.0696626 0.0168552 -0.1116145 0 0 255
0.0694166 0.0183892 -0.1116728 0 0 255
0.0691707 0.0199217 -0.1117311 0 0 255
0.0694414 0.0214814 -0.1113540 0 0 255
0.0691956 0.0230124 -0.1114124 0 0 255
0.0692080 0.0245578 -0.1112531 0 0 255
0.0692205 0.0261032 -0.1110937 0 0 255
0.0692329 0.0276486 -0.1109344 0 0 255
0.0692453 0.0291941 -0.1107750 0 0 255
0.0689996 0.0307204 -0.1108338 0 0 255
0.0690121 0.0322651 -0.1106745 0 0 255
0.0692826 0.0338305 -0.1102970 0 0 255
0.0692950 0.0353760 -0.1101377 0 0 255
0.0693074 0.0369216 -0.1099783 0 0 255
0.0695782 0.0384902 -0.1096003 0 0 255
0.0698492 0.0400604 -0.1092219 0 0 255
0.0696030 0.0415829 -0.1092814 0 0 255
0.0696155 0.0431293 -0.1091219 0 0 255
0.0698865 0.0447019 -0.1087433 0 0 255
0.0701578 0.0462761 -0.1083643 0 0 255
0.0704294 0.0478520 -0.1079849 0 0 255
0.0704418 0.0494008 -0.1078252 0 0 255
0.0707137 0.0509791 -0.1074453 0 0 255
0.0707262 0.0525287 -0.1072855 0 0 255
0.0709983 0.0541094 -0.1069052 0 0 255
0.0715309 0.0557235 -0.1063033 0 0 255
0.0712832 0.0572430 -0.1063645 0 0 255
0.0718164 0.0588612 -0.1057617 0 0 255
0.0726120 0.0605170 -0.1049355 0 0 255
0.0726245 0.0620723 -0.1047752 0 0 255
0.0726370 0.0636276 -0.1046148 0 0 255
0.0734351 0.0652933 -0.1037855 0 0 255
0.0734476 0.0668511 -0.1036249 0 0 255
0.0745113 0.0685629 -0.1025687 0 0 255
0.0747874 0.0701633 -0.1021832 0 0 255
0.0753370 0.0733685 -0.1014138 0 0 255
0.0761433 0.0750578 -0.1005753 0 0 255
0.0764210 0.0766665 -0.1001876 0 0 255
0.0766991 0.0782769 -0.0997994 0 0 255
0.0769774 0.0798889 -0.0994109 0 0 255
0.0767244 0.0814118 -0.0994762 0 0 255
0.0759447 0.0828417 -0.0999916 0 0 255
0.0762222 0.0844537 -0.0996038 0 0 255
0.0754409 0.0858769 -0.1001213 0 0 255
0.0754535 0.0874405 -0.0999601 0 0 255
0.0754660 0.0890041 -0.0997989 0 0 255
0.0762725 0.0907176 -0.0989580 0 0 255
0.0760202 0.0922328 -0.0990234 0 0 255
0.0765629 0.0939014 -0.0984078 0 0 255
0.0763103 0.0954158 -0.0984735 0 0 255
0.0763229 0.0969819 -0.0983121 0 0 255
0.0760705 0.0984940 -0.0983778 0 0 255
0.0758184 0.1000045 -0.0984435 0 0 255
0.0766259 0.1017360 -0.0976000 0 0 255
0.0763732 0.1032465 -0.0976662 0 0 255
0.0769166 0.1049274 -0.0970489 0 0 255
0.0812244 0.1090142 -0.0930455 0 0 255
0.1034937 0.1172501 -0.0735922 0 0 255
0.1136863 0.1229270 -0.0645047 0 0 255
0.1140047 0.1246783 -0.0640692 0 0 255
0.1137133 0.1262850 -0.0641584 0 0 255
0.1131181 0.1278159 -0.0645097 0 0 255
0.1128277 0.1294183 -0.0645986 0 0 255
0.1119314 0.1308678 -0.0652099 0 0 255
0.1119449 0.1325414 -0.0650373 0 0 255
0.1119584 0.1342150 -0.0648648 0 0 255
0.1113669 0.1357323 -0.0652141 0 0 255
0.1104755 0.1371676 -0.0658227 0 0 255
0.1104890 0.1388367 -0.0656506 0 0 255
0.1093041 0.1401854 -0.0665135 0 0 255
0.1087185 0.1416890 -0.0668593 0 0 255
0.1084329 0.1432709 -0.0669461 0 0 255
0.1084462 0.1449337 -0.0667747 0 0 255
0.1078625 0.1464297 -0.0671196 0 0 255
0.1078758 0.1480908 -0.0669484 0 0 255
0.1075911 0.1496668 -0.0670351 0 0 255
0.1067122 0.1510695 -0.0676363 0 0 255
0.1067255 0.1527271 -0.0674655 0 0 255
0.1058494 0.1541226 -0.0680651 0 0 255
0.1058626 0.1557775 -0.0678945 0 0 255
0.1049893 0.1571659 -0.0684924 0 0 255
0.1041189 0.1585499 -0.0690884 0 0 255
0.1029582 0.1598395 -0.0699367 0 0 255
0.1020944 0.1612140 -0.0705281 0 0 255
0.1012332 0.1625841 -0.0711176 0 0 255
0.1000849 0.1638582 -0.0719569 0 0 255
0.0998085 0.1654033 -0.0720397 0 0 255
0.0980940 0.1664839 -0.0733721 0 0 255
0.0984045 0.1698396 -0.0727885 0 0 255
0.0978459 0.1712827 -0.0731176 0 0 255
0.0972850 0.1727215 -0.0734489 0 0 255
0.0970114 0.1742538 -0.0735304 0 0 255
0.0970246 0.1758816 -0.0733626 0 0 255
0.0967513 0.1774114 -0.0734440 0 0 255
0.0967644 0.1790385 -0.0732763 0 0 255
0.0964916 0.1805658 -0.0733578 0 0 255
0.0965046 0.1821920 -0.0731901 0 0 255
0.0962320 0.1837169 -0.0732716 0 0 255
0.0956746 0.1851381 -0.0736017 0 0 255
0.0954028 0.1866591 -0.0736828 0 0 255
0.0954159 0.1882819 -0.0735155 0 0 255
0.0951444 0.1898004 -0.0735966 0 0 255
0.0943058 0.1911074 -0.0741734 0 0 255
0.0943188 0.1927269 -0.0740064 0 0 255
0.0937655 0.1941335 -0.0743345 0 0 255
0.0929312 0.1954302 -0.0749086 0 0 255
0.0926623 0.1969379 -0.0749885 0 0 255
0.0921125 0.1983356 -0.0753146 0 0 255
0.0915638 0.1997305 -0.0756399 0 0 255
0.0910164 0.2011223 -0.0759645 0 0 255
0.0907494 0.2026215 -0.0760437 0 0 255
0.0904828 0.2041191 -0.0761227 0 0 255
0.0907753 0.2058387 -0.0757119 0 0 255
0.0899505 0.2071097 -0.0762805 0 0 255
0.0894065 0.2084896 -0.0766034 0 0 255
0.0883123 0.2096411 -0.0774093 0 0 255
0.0880482 0.2111281 -0.0774873 0 0 255
0.0872320 0.2123843 -0.0780501 0 0 255
0.0872448 0.2139821 -0.0778854 0 0 255
0.0861562 0.2151161 -0.0786882 0 0 255
0.0847988 0.2161294 -0.0797280 0 0 255
0.0845383 0.2176030 -0.0798042 0 0 255
0.0837331 0.2188407 -0.0803596 0 0 255
0.0837459 0.2204279 -0.0801960 0 0 255
0.0832147 0.2217778 -0.0805110 0 0 255
0.0826846 0.2231249 -0.0808253 0 0 255
0.0826974 0.2247088 -0.0806620 0 0 255
0.0818979 0.2259311 -0.0812141 0 0 255
0.0808316 0.2270290 -0.0820017 0 0 255
0.0805753 0.2284858 -0.0820761 0 0 255
0.0803192 0.2299412 -0.0821505 0 0 255
0.0800633 0.2313951 -0.0822248 0 0 255
0.0798078 0.2328475 -0.0822989 0 0 255
0.0803571 0.2346713 -0.0816628 0 0 255
0.0803698 0.2362481 -0.0815003 0 0 255
0.0801139 0.2376988 -0.0815749 0 0 255
0.0801266 0.2392748 -0.0814123 0 0 255
0.1110066 -0.0818732 -0.0842799 0 0 255
0.1125403 -0.0803983 -0.0828465 0 0 255
0.1110335 -0.0785205 -0.0839342 0 0 255
0.1125674 -0.0770363 -0.0824999 0 0 255
0.1134971 -0.0754684 -0.0815660 0 0 255
0.1135107 -0.0737846 -0.0813924 0 0 255
0.1129130 -0.0720290 -0.0817264 0 0 255
0.0756377 -0.0660861 -0.1125359 0 0 255
0.1096021 -0.0682937 -0.0841540 0 0 255
0.0764576 -0.0630343 -0.1115516 0 0 255
0.0756755 -0.0613795 -0.1120506 0 0 255
0.0756881 -0.0598106 -0.1118888 0 0 255
0.0762325 -0.0582943 -0.1112845 0 0 255
0.0757133 -0.0566727 -0.1115653 0 0 255
0.0759917 -0.0551284 -0.1111821 0 0 255
0.0754731 -0.0535108 -0.1114629 0 0 255
0.0757512 -0.0519657 -0.1110799 0 0 255
0.0757638 -0.0503966 -0.1109182 0 0 255
0.0757764 -0.0488276 -0.1107564 0 0 255
0.0760548 -0.0472792 -0.1103728 0 0 255
0.0758016 -0.0456894 -0.1104328 0 0 255
0.0758142 -0.0441203 -0.1102710 0 0 255
0.0760927 -0.0425694 -0.1098872 0 0 255
0.0761053 -0.0409995 -0.1097252 0 0 255
0.0763840 -0.0394462 -0.1093410 0 0 255
0.0769296 -0.0379071 -0.1087334 0 0 255
0.0777438 -0.0363800 -0.1079007 0 0 255
0.0774890 -0.0347908 -0.1079622 0 0 255
0.0785859 -0.0316934 -0.1067403 0 0 255
0.0788798 -0.0285497 -0.1061899 0 0 255
0.0791740 -0.0254027 -0.1056390 0 0 255
0.0786492 -0.0238062 -0.1059271 0 0 255
0.0783936 -0.0222209 -0.1059895 0 0 255
0.0778704 -0.0206301 -0.1062768 0 0 255
0.0776154 -0.0190488 -0.1063390 0 0 255
0.0768271 -0.0174583 -0.1068495 0 0 255
0.0768398 -0.0158864 -0.1066874 0 0 255
0.0757883 -0.0142995 -0.1074198 0 0 255
0.0752704 -0.0127250 -0.1077040 0 0 255
0.0752830 -0.0111578 -0.1075425 0 0 255
0.0747662 -0.0095881 -0.1078264 0 0 255
0.0745144 -0.0080220 -0.1078874 0 0 255
0.0737357 -0.0064581 -0.1083923 0 0 255
0.0737483 -0.0048957 -0.1082312 0 0 255
0.0734977 -0.0033352 -0.1082919 0 0 255
0.0729845 -0.0017789 -0.1085739 0 0 255
0.0727346 -0.0002223 -0.1086344 0 0 255
0.0719614 0.0013242 -0.1091363 0 0 255
0.0719739 0.0028811 -0.1089758 0 0 255
0.0712031 0.0044206 -0.1094764 0 0 255
0.0709550 0.0059686 -0.1095362 0 0 255
0.0704470 0.0075076 -0.1098156 0 0 255
0.0701997 0.0090517 -0.1098750 0 0 255
0.0699526 0.0105943 -0.1099344 0 0 255
0.0694467 0.0121255 -0.1102128 0 0 255
0.0692004 0.0136642 -0.1102719 0 0 255
0.0686993 0.0151903 -0.1105468 0 0 255
0.0679385 0.0167011 -0.1110417 0 0 255
0.0682085 0.0182584 -0.1106644 0 0 255
0.0679633 0.0197902 -0.1107232 0 0 255
0.0679758 0.0213348 -0.1105639 0 0 255
0.0679881 0.0228794 -0.1104047 0 0 255
0.0680006 0.0244240 -0.1102454 0 0 255
0.0674987 0.0259354 -0.1105223 0 0 255
0.0677682 0.0274959 -0.1101452 0 0 255
0.0677805 0.0290398 -0.1099860 0 0 255
0.0675359 0.0305647 -0.1100450 0 0 255
0.0675483 0.0321079 -0.1098859 0 0 255
0.0675607 0.0336511 -0.1097268 0 0 255
0.0675731 0.0351943 -0.1095676 0 0 255
0.0678425 0.0367596 -0.1091900 0 0 255
0.0681123 0.0383265 -0.1088119 0 0 255
0.0678673 0.0398476 -0.1088716 0 0 255
0.0681370 0.0414162 -0.1084934 0 0 255
0.0681494 0.0429610 -0.1083341 0 0 255
0.0686774 0.0445580 -0.1077358 0 0 255
0.0689479 0.0461314 -0.1073565 0 0 255
0.0689604 0.0476787 -0.1071969 0 0 255
0.0689728 0.0492259 -0.1070374 0 0 255
0.0692436 0.0508025 -0.1066575 0 0 255
0.0692561 0.0523506 -0.1064979 0 0 255
0.0697861 0.0539605 -0.1058965 0 0 255
0.0697986 0.0555102 -0.1057367 0 0 255
0.0700703 0.0570925 -0.1053555 0 0 255
0.0706020 0.0587097 -0.1047520 0 0 255
0.0711347 0.0603302 -0.1041474 0 0 255
0.0711472 0.0618840 -0.1039872 0 0 255
0.0714203 0.0634736 -0.1036041 0 0 255
0.0716937 0.0650648 -0.1032206 0 0 255
0.0724903 0.0667327 -0.1023892 0 0 255
0.0732894 0.0684058 -0.1015553 0 0 255
0.0738276 0.0700447 -0.1009443 0 0 255
0.0743762 0.0732497 -0.1001737 0 0 255
0.0746526 0.0748550 -0.0997863 0 0 255
0.0751936 0.0765048 -0.0991718 0 0 255
0.0749419 0.0780271 -0.0992371 0 0 255
0.0749545 0.0795921 -0.0990758 0 0 255
0.0749703 0.0811578 -0.0989116 0 0 255
0.0744549 0.0826312 -0.0992036 0 0 255
0.0742039 0.0841481 -0.0992687 0 0 255
0.0742164 0.0857109 -0.0991076 0 0 255
0.0742290 0.0872737 -0.0989465 0 0 255
0.0739782 0.0887875 -0.0990118 0 0 255
0.0739907 0.0903495 -0.0988507 0 0 255
0.0742667 0.0919622 -0.0984630 0 0 255
0.0740159 0.0934737 -0.0985286 0 0 255
0.0735025 0.0949316 -0.0988203 0 0 255
0.0737778 0.0965450 -0.0984331 0 0 255
0.0735276 0.0980527 -0.0984985 0 0 255
0.0738029 0.0996676 -0.0981111 0 0 255
0.0740786 0.1012843 -0.0977232 0 0 255
0.0725163 0.1025108 -0.0989203 0 0 255
0.0707037 0.1036736 -0.1003343 0 0 255
0.0707162 0.1052256 -0.1001743 0 0 255
0.0712488 0.1068931 -0.0995652 0 0 255
0.0710011 0.1083880 -0.0996298 0 0 255
0.0733652 0.1104777 -0.0974381 0 0 255
0.1066551 0.1230515 -0.0682000 0 0 255
0.1105742 0.1273207 -0.0644891 0 0 255
0.1105877 0.1289933 -0.0643166 0 0 255
0.1099980 0.1305155 -0.0646664 0 0 255
0.1094099 0.1320343 -0.0650153 0 0 255
0.1091229 0.1336266 -0.0651034 0 0 255
0.1082407 0.1350632 -0.0657078 0 0 255
0.1082540 0.1367286 -0.0655361 0 0 255
0.1082674 0.1383941 -0.0653644 0 0 255
0.1076829 0.1398996 -0.0657114 0 0 255
0.1070997 0.1414018 -0.0660577 0 0 255
0.1068152 0.1429822 -0.0661449 0 0 255
0.1068286 0.1446433 -0.0659736 0 0 255
0.1062472 0.1461379 -0.0663191 0 0 255
0.1062605 0.1477972 -0.0661480 0 0 255
0.1056805 0.1492869 -0.0664929 0 0 255
0.1053975 0.1508588 -0.0665796 0 0 255
0.1042291 0.1521707 -0.0674369 0 0 255
0.1045373 0.1539107 -0.0670097 0 0 255
0.1036667 0.1553014 -0.0676088 0 0 255
0.1030921 0.1567758 -0.0679504 0 0 255
0.1022262 0.1581582 -0.0685463 0 0 255
0.1007802 0.1593572 -0.0696481 0 0 255
0.0993421 0.1605499 -0.0707440 0 0 255
0.0981997 0.1618264 -0.0715828 0 0 255
0.0967753 0.1630068 -0.0726682 0 0 255
0.0962189 0.1644555 -0.0729971 0 0 255
0.0953750 0.1658081 -0.0735773 0 0 255
0.0953881 0.1674341 -0.0734096 0 0 255
0.0954011 0.1690602 -0.0732420 0 0 255
0.0954141 0.1706863 -0.0730743 0 0 255
0.0948573 0.1721220 -0.0734048 0 0 255
0.0948703 0.1737464 -0.0732373 0 0 255
0.0948834 0.1753709 -0.0730698 0 0 255
0.0946119 0.1768977 -0.0731513 0 0 255
0.0943407 0.1784229 -0.0732327 0 0 255
0.0937862 0.1798474 -0.0735622 0 0 255
0.0937993 0.1814685 -0.0733950 0 0 255
0.0938123 0.1830896 -0.0732279 0 0 255
0.0929762 0.1844065 -0.0738050 0 0 255
0.0927067 0.1859230 -0.0738857 0 0 255
0.0927197 0.1875407 -0.0737189 0 0 255
0.0918871 0.1888478 -0.0742940 0 0 255
0.0913377 0.1902547 -0.0746209 0 0 255
0.0913507 0.1918683 -0.0744545 0 0 255
0.0905225 0.1931651 -0.0750269 0 0 255
0.0905353 0.1947762 -0.0748608 0 0 255
0.0902685 0.1962802 -0.0749406 0 0 255
0.0897226 0.1976750 -0.0752658 0 0 255
0.0894566 0.1991751 -0.0753453 0 0 255
0.0891908 0.2006737 -0.0754246 0 0 255
0.0886472 0.2020611 -0.0757486 0 0 255
0.0886601 0.2036663 -0.0755831 0 0 255
0.0883952 0.2051603 -0.0756622 0 0 255
0.0878533 0.2065408 -0.0759854 0 0 255
0.0870395 0.2078074 -0.0765485 0 0 255
0.0870523 0.2094077 -0.0763835 0 0 255
0.0862377 0.2106665 -0.0769480 0 0 255
0.0851513 0.2118074 -0.0777528 0 0 255
0.0846161 0.2131724 -0.0780718 0 0 255
0.0843554 0.2146499 -0.0781490 0 0 255
0.0832768 0.2157785 -0.0789483 0 0 255
0.0822026 0.2169023 -0.0797444 0 0 255
0.0816737 0.2182544 -0.0800595 0 0 255
0.0814159 0.2197210 -0.0801352 0 0 255
0.0806189 0.2209504 -0.0806878 0 0 255
0.0800931 0.2222942 -0.0810010 0 0 255
0.0801058 0.2238732 -0.0808381 0 0 255
0.0795811 0.2252127 -0.0811508 0 0 255
0.0793255 0.2266697 -0.0812256 0 0 255
0.0785350 0.2278835 -0.0817742 0 0 255
0.0777469 0.2290934 -0.0823211 0 0 255
0.0782931 0.2309096 -0.0816863 0 0 255
0.0775058 0.2321143 -0.0822331 0 0 255
0.0772523 0.2335620 -0.0823070 0 0 255
0.0767368 0.2348856 -0.0826135 0 0 255
0.0767620 0.2380231 -0.0822900 0 0 255
0.0757150 0.2390874 -0.0830689 0 0 255
0.0738836 0.2397696 -0.0845451 0 0 255
0.0738961 0.2413296 -0.0843842 0 0 255
0.1084665 -0.0817969 -0.0842064 0 0 255
0.1108986 -0.0804467 -0.0820190 0 0 255
0.1081926 -0.0784142 -0.0841123 0 0 255
0.1109256 -0.0770884 -0.0816727 0 0 255
0.1118517 -0.0755223 -0.0807385 0 0 255
0.1112564 -0.0737668 -0.0810729 0 0 255
0.0762523 -0.0679630 -0.1101241 0 0 255
0.0754661 -0.0662976 -0.1106288 0 0 255
0.0749475 -0.0646670 -0.1109104 0 0 255
0.0733762 -0.0629253 -0.1120718 0 0 255
0.0731252 -0.0613326 -0.1121307 0 0 255
0.0736653 -0.0598226 -0.1115284 0 0 255
0.0747360 -0.0583621 -0.1104820 0 0 255
0.0744836 -0.0567676 -0.1105419 0 0 255
0.0739672 -0.0551500 -0.1108230 0 0 255
0.0739797 -0.0535834 -0.1106614 0 0 255
0.0742567 -0.0520399 -0.1102784 0 0 255
0.0740049 -0.0504501 -0.1103383 0 0 255
0.0737534 -0.0488620 -0.1103981 0 0 255
0.0737659 -0.0472961 -0.1102367 0 0 255
0.0740427 -0.0457501 -0.1098537 0 0 255
0.0740553 -0.0441834 -0.1096921 0 0 255
0.0740679 -0.0426167 -0.1095305 0 0 255
0.0740805 -0.0410499 -0.1093690 0 0 255
0.0746222 -0.0395165 -0.1087630 0 0 255
0.0748999 -0.0379639 -0.1083786 0 0 255
0.0757093 -0.0364401 -0.1075471 0 0 255
0.0765212 -0.0349114 -0.1067131 0 0 255
0.0765338 -0.0333373 -0.1065508 0 0 255
0.0768134 -0.0317759 -0.1061639 0 0 255
0.0768260 -0.0302010 -0.1060015 0 0 255
0.0768387 -0.0286260 -0.1058391 0 0 255
0.0776540 -0.0270820 -0.1050007 0 0 255
0.0779348 -0.0255140 -0.1046122 0 0 255
0.0774115 -0.0239183 -0.1049011 0 0 255
0.0771566 -0.0223337 -0.1049641 0 0 255
0.0766349 -0.0207436 -0.1052522 0 0 255
0.0763808 -0.0191630 -0.1053149 0 0 255
0.0755948 -0.0175732 -0.1058267 0 0 255
0.0748112 -0.0159883 -0.1063369 0 0 255
0.0745589 -0.0144158 -0.1063988 0 0 255
0.0735148 -0.0128359 -0.1071299 0 0 255
0.0735273 -0.0112712 -0.1069686 0 0 255
0.0732763 -0.0097051 -0.1070300 0 0 255
0.0730257 -0.0081405 -0.1070914 0 0 255
0.0725125 -0.0065778 -0.1073749 0 0 255
0.0722625 -0.0050172 -0.1074361 0 0 255
0.0714893 -0.0034618 -0.1079403 0 0 255
0.0712404 -0.0019059 -0.1080010 0 0 255
0.0707309 -0.0003550 -0.1082827 0 0 255
0.0704829 0.0011969 -0.1083430 0 0 255
0.0702350 0.0027473 -0.1084034 0 0 255
0.0699874 0.0042961 -0.1084636 0 0 255
0.0694804 0.0058368 -0.1087441 0 0 255
0.0689744 0.0073745 -0.1090239 0 0 255
0.0684695 0.0089090 -0.1093032 0 0 255
0.0682237 0.0104493 -0.1093628 0 0 255
0.0674661 0.0119689 -0.1098573 0 0 255
0.0677360 0.0135254 -0.1094790 0 0 255
0.0672337 0.0150499 -0.1097571 0 0 255
0.0669891 0.0165833 -0.1098164 0 0 255
0.0670014 0.0181278 -0.1096571 0 0 255
0.0667571 0.0196589 -0.1097163 0 0 255
0.0665130 0.0211885 -0.1097755 0 0 255
0.0667819 0.0227466 -0.1093979 0 0 255
0.0662815 0.0242588 -0.1096756 0 0 255
0.0665502 0.0258177 -0.1092981 0 0 255
0.0665625 0.0273608 -0.1091390 0 0 255
0.0663187 0.0288858 -0.1091985 0 0 255
0.0660750 0.0304093 -0.1092578 0 0 255
0.0660874 0.0319509 -0.1090989 0 0 255
0.0660998 0.0334926 -0.1089399 0 0 255
0.0663682 0.0350555 -0.1085623 0 0 255
0.0661246 0.0365759 -0.1086220 0 0 255
0.0663930 0.0381404 -0.1082442 0 0 255
0.0666617 0.0397065 -0.1078660 0 0 255
0.0666741 0.0412498 -0.1077069 0 0 255
0.0669430 0.0428182 -0.1073283 0 0 255
0.0669555 0.0443623 -0.1071690 0 0 255
0.0672247 0.0459332 -0.1067900 0 0 255
0.0674943 0.0475057 -0.1064105 0 0 255
0.0675067 0.0490515 -0.1062511 0 0 255
0.0677765 0.0506264 -0.1058712 0 0 255
0.0677890 0.0521729 -0.1057117 0 0 255
0.0685752 0.0538118 -0.1048887 0 0 255
0.0683294 0.0553292 -0.1049505 0 0 255
0.0688586 0.0569421 -0.1043475 0 0 255
0.0693888 0.0585584 -0.1037433 0 0 255
0.0694013 0.0601098 -0.1035833 0 0 255
0.0696730 0.0616960 -0.1032007 0 0 255
0.0699450 0.0632839 -0.1028176 0 0 255
0.0707377 0.0649466 -0.1019869 0 0 255
0.0710109 0.0665394 -0.1016024 0 0 255
0.0712842 0.0681339 -0.1012176 0 0 255
0.0723431 0.0698475 -0.1001569 0 0 255
0.0726178 0.0714477 -0.0997704 0 0 255
0.0731556 0.0730906 -0.0991572 0 0 255
0.0734313 0.0746950 -0.0987695 0 0 255
0.0737072 0.0763011 -0.0983814 0 0 255
0.0737197 0.0778654 -0.0982201 0 0 255
0.0734689 0.0793855 -0.0982859 0 0 255
0.0732184 0.0809040 -0.0983515 0 0 255
0.0729681 0.0824210 -0.0984171 0 0 255
0.0724558 0.0838901 -0.0987089 0 0 255
0.0724683 0.0854505 -0.0985480 0 0 255
0.0719571 0.0869151 -0.0988395 0 0 255
0.0719696 0.0884739 -0.0986787 0 0 255
0.0722438 0.0900823 -0.0982918 0 0 255
0.0714718 0.0914912 -0.0988092 0 0 255
0.0712233 0.0929976 -0.0988743 0 0 255
0.0712358 0.0945541 -0.0987138 0 0 255
0.0715093 0.0961632 -0.0983274 0 0 255
0.0710000 0.0976140 -0.0986184 0 0 255
0.0712733 0.0992239 -0.0982322 0 0 255
0.0718081 0.1008904 -0.0976193 0 0 255
0.0707770 0.1022259 -0.0983629 0 0 255
0.0697501 0.1035561 -0.0991035 0 0 255
0.0697625 0.1051080 -0.0989434 0 0 255
0.0700345 0.1067177 -0.0985583 0 0 255
0.0700470 0.1082705 -0.0983982 0 0 255
0.0698000 0.1097640 -0.0984633 0 0 255
0.0695532 0.1112560 -0.0985284 0 0 255
0.0703442 0.1129899 -0.0976923 0 0 255
0.0892302 0.1206359 -0.0809799 0 0 255
0.1080711 0.1301643 -0.0641245 0 0 255
0.1071906 0.1316064 -0.0647304 0 0 255
0.1069055 0.1331955 -0.0648186 0 0 255
0.1069188 0.1348600 -0.0646470 0 0 255
0.1066340 0.1364465 -0.0647351 0 0 255
0.1066473 0.1381102 -0.0645635 0 0 255
0.1060653 0.1396144 -0.0649110 0 0 255
0.1045955 0.1408744 -0.0660329 0 0 255
0.1052011 0.1426941 -0.0653454 0 0 255
0.1049181 0.1442713 -0.0654329 0 0 255
0.1040444 0.1456813 -0.0660361 0 0 255
0.1040578 0.1473370 -0.0658653 0 0 255
0.1031869 0.1487397 -0.0664669 0 0 255
0.1029060 0.1503077 -0.0665534 0 0 255
0.1011615 0.1514464 -0.0679195 0 0 255
0.1011747 0.1530932 -0.0677497 0 0 255
0.0994412 0.1542193 -0.0691076 0 0 255
0.0988746 0.1556862 -0.0694456 0 0 255
0.0980206 0.1570622 -0.0700355 0 0 255
0.0951661 0.1578183 -0.0723773 0 0 255
0.0943238 0.1591814 -0.0729585 0 0 255
0.0937681 0.1606292 -0.0732891 0 0 255
0.0934972 0.1621637 -0.0733705 0 0 255
0.0929433 0.1636060 -0.0737001 0 0 255
0.0926732 0.1651365 -0.0737811 0 0 255
0.0926863 0.1667574 -0.0736140 0 0 255
0.0926993 0.1683783 -0.0734468 0 0 255
0.0927123 0.1699993 -0.0732796 0 0 255
0.0921601 0.1714312 -0.0736089 0 0 255
0.0918909 0.1729552 -0.0736898 0 0 255
0.0921862 0.1746697 -0.0732749 0 0 255
0.0916350 0.1760952 -0.0736038 0 0 255
0.0913664 0.1776152 -0.0736846 0 0 255
0.0910981 0.1791337 -0.0737653 0 0 255
0.0911111 0.1807496 -0.0735987 0 0 255
0.0908430 0.1822656 -0.0736794 0 0 255
0.0905752 0.1837800 -0.0737601 0 0 255
0.0900276 0.1851915 -0.0740874 0 0 255
0.0897607 0.1867021 -0.0741677 0 0 255
0.0889357 0.1880057 -0.0747399 0 0 255
0.0889487 0.1896150 -0.0745740 0 0 255
0.0884044 0.1910160 -0.0748994 0 0 255
0.0875839 0.1923095 -0.0754689 0 0 255
0.0875968 0.1939145 -0.0753034 0 0 255
0.0876096 0.1955197 -0.0751379 0 0 255
0.0867916 0.1968041 -0.0757062 0 0 255
0.0868044 0.1984068 -0.0755409 0 0 255
0.0868173 0.2000095 -0.0753757 0 0 255
0.0862776 0.2013939 -0.0756989 0 0 255
0.0862905 0.2029949 -0.0755338 0 0 255
0.0860274 0.2044853 -0.0756127 0 0 255
0.0857681 0.2059756 -0.0756885 0 0 255
0.0852306 0.2073510 -0.0760107 0 0 255
0.0849687 0.2088361 -0.0760892 0 0 255
0.0841591 0.2100932 -0.0766530 0 0 255
0.0833520 0.2113464 -0.0772151 0 0 255
0.0830920 0.2128241 -0.0772927 0 0 255
0.0817452 0.2138412 -0.0783339 0 0 255
0.0812160 0.2151979 -0.0786509 0 0 255
0.0806881 0.2165518 -0.0789670 0 0 255
0.0801612 0.2179029 -0.0792826 0 0 255
0.0793665 0.2191344 -0.0798362 0 0 255
0.0791106 0.2205968 -0.0799118 0 0 255
0.0783192 0.2218217 -0.0804633 0 0 255
0.0780644 0.2232796 -0.0805385 0 0 255
0.0778098 0.2247362 -0.0806135 0 0 255
0.0772888 0.2260713 -0.0809256 0 0 255
0.0767689 0.2274038 -0.0812371 0 0 255
0.0762501 0.2287336 -0.0815478 0 0 255
0.0759974 0.2301821 -0.0816221 0 0 255
0.0752189 0.2313864 -0.0821646 0 0 255
0.0754960 0.2330764 -0.0817674 0 0 255
0.0752440 0.2345206 -0.0818414 0 0 255
0.0749924 0.2359634 -0.0819154 0 0 255
0.0747409 0.2374047 -0.0819893 0 0 255
0.0744898 0.2388445 -0.0820630 0 0 255
0.0731876 0.2397786 -0.0830746 0 0 255
0.0732002 0.2413394 -0.0829136 0 0 255
0.0734751 0.2430277 -0.0825184 0 0 255
0.0734876 0.2445893 -0.0823574 0 0 255
0.1071247 -0.0835553 -0.0833032 0 0 255
0.1056417 -0.0816802 -0.0843831 0 0 255
0.1074519 -0.0802537 -0.0827073 0 0 255
0.1053702 -0.0783087 -0.0842893 0 0 255
0.1071784 -0.0768718 -0.0826140 0 0 255
0.1083950 -0.0753505 -0.0814335 0 0 255
0.1072053 -0.0735300 -0.0822694 0 0 255
0.0744873 -0.0679897 -0.1095439 0 0 255
0.0742346 -0.0663878 -0.1096043 0 0 255
0.0726648 -0.0646399 -0.1107702 0 0 255
0.0718881 -0.0629882 -0.1112713 0 0 255
0.0716381 -0.0613970 -0.1113306 0 0 255
0.0713884 -0.0598075 -0.1113898 0 0 255
0.0727151 -0.0583771 -0.1101244 0 0 255
0.0719383 -0.0567348 -0.1106265 0 0 255
0.0719509 -0.0551715 -0.1104653 0 0 255
0.0719634 -0.0536081 -0.1103040 0 0 255
0.0719759 -0.0520446 -0.1101428 0 0 255
0.0714636 -0.0504368 -0.1104235 0 0 255
0.0717385 -0.0488963 -0.1100415 0 0 255
0.0720136 -0.0473543 -0.1096592 0 0 255
0.0720262 -0.0457908 -0.1094979 0 0 255
0.0717762 -0.0442082 -0.1095580 0 0 255
0.0717887 -0.0426455 -0.1093969 0 0 255
0.0718012 -0.0410827 -0.1092358 0 0 255
0.0720764 -0.0395365 -0.1088530 0 0 255
0.0726150 -0.0380047 -0.1082477 0 0 255
0.0734187 -0.0364847 -0.1074181 0 0 255
0.0739602 -0.0349457 -0.1068098 0 0 255
0.0745028 -0.0334036 -0.1062002 0 0 255
0.0745153 -0.0318326 -0.1060382 0 0 255
0.0747934 -0.0302737 -0.1056517 0 0 255
0.0748060 -0.0287019 -0.1054896 0 0 255
0.0750843 -0.0271404 -0.1051028 0 0 255
0.0750969 -0.0255678 -0.1049406 0 0 255
0.0759082 -0.0240215 -0.1041021 0 0 255
0.0751221 -0.0224225 -0.1046163 0 0 255
0.0748691 -0.0208427 -0.1046792 0 0 255
0.0746163 -0.0192646 -0.1047421 0 0 255
0.0740988 -0.0176825 -0.1050296 0 0 255
0.0733183 -0.0160990 -0.1055404 0 0 255
0.0728035 -0.0145242 -0.1058263 0 0 255
0.0725527 -0.0129556 -0.1058884 0 0 255
0.0723023 -0.0113886 -0.1059504 0 0 255
0.0717897 -0.0098218 -0.1062352 0 0 255
0.0712780 -0.0082581 -0.1065195 0 0 255
0.0707674 -0.0066977 -0.1068032 0 0 255
0.0710413 -0.0051375 -0.1064201 0 0 255
0.0702703 -0.0035827 -0.1069257 0 0 255
0.0700222 -0.0020275 -0.1069869 0 0 255
0.0692543 -0.0004806 -0.1074905 0 0 255
0.0687478 0.0010657 -0.1077721 0 0 255
0.0685012 0.0026138 -0.1078327 0 0 255
0.0685136 0.0041660 -0.1076726 0 0 255
0.0680087 0.0057054 -0.1079535 0 0 255
0.0677629 0.0072488 -0.1080138 0 0 255
0.0672594 0.0087827 -0.1082940 0 0 255
0.0662465 0.0102961 -0.1090092 0 0 255
0.0662589 0.0118413 -0.1088498 0 0 255
0.0660148 0.0133763 -0.1089095 0 0 255
0.0660272 0.0149209 -0.1087503 0 0 255
0.0657833 0.0164535 -0.1088099 0 0 255
0.0655397 0.0179847 -0.1088696 0 0 255
0.0655521 0.0195277 -0.1087104 0 0 255
0.0655645 0.0210708 -0.1085513 0 0 255
0.0653211 0.0225989 -0.1086110 0 0 255
0.0650779 0.0241255 -0.1086707 0 0 255
0.0648350 0.0256506 -0.1087303 0 0 255
0.0651026 0.0272086 -0.1083528 0 0 255
0.0651150 0.0287502 -0.1081938 0 0 255
0.0646171 0.0302542 -0.1084722 0 0 255
0.0646294 0.0317943 -0.1083134 0 0 255
0.0648969 0.0333548 -0.1079358 0 0 255
0.0646542 0.0348745 -0.1079957 0 0 255
0.0649216 0.0364365 -0.1076180 0 0 255
0.0654448 0.0380229 -0.1070205 0 0 255
0.0654572 0.0395654 -0.1068614 0 0 255
0.0654697 0.0411079 -0.1067024 0 0 255
0.0654821 0.0426505 -0.1065433 0 0 255
0.0657503 0.0442189 -0.1061643 0 0 255
0.0662752 0.0458156 -0.1055644 0 0 255
0.0662876 0.0473606 -0.1054051 0 0 255
0.0660436 0.0488773 -0.1054664 0 0 255
0.0668260 0.0505087 -0.1046443 0 0 255
0.0665815 0.0520254 -0.1047060 0 0 255
0.0671080 0.0536325 -0.1041038 0 0 255
0.0673779 0.0552114 -0.1037224 0 0 255
0.0676481 0.0567920 -0.1033406 0 0 255
0.0679185 0.0583741 -0.1029584 0 0 255
0.0679309 0.0599239 -0.1027985 0 0 255
0.0682017 0.0615085 -0.1024159 0 0 255
0.0687315 0.0631303 -0.1018094 0 0 255
0.0692623 0.0647554 -0.1012017 0 0 255
0.0697943 0.0663838 -0.1005927 0 0 255
0.0703273 0.0680156 -0.0999826 0 0 255
0.0708614 0.0696507 -0.0993712 0 0 255
0.0711352 0.0712493 -0.0989846 0 0 255
0.0716709 0.0728902 -0.0983712 0 0 255
0.0722078 0.0745346 -0.0977565 0 0 255
0.0719580 0.0760548 -0.0978224 0 0 255
0.0719706 0.0776167 -0.0976613 0 0 255
0.0722455 0.0792227 -0.0972731 0 0 255
0.0714718 0.0806510 -0.0977930 0 0 255
0.0712227 0.0821659 -0.0978589 0 0 255
0.0707130 0.0836330 -0.0981508 0 0 255
0.0704647 0.0851440 -0.0982164 0 0 255
0.0699566 0.0866059 -0.0985075 0 0 255
0.0697091 0.0881132 -0.0985727 0 0 255
0.0697216 0.0896681 -0.0984123 0 0 255
0.0692149 0.0911232 -0.0987028 0 0 255
0.0689681 0.0926260 -0.0987678 0 0 255
0.0687217 0.0941272 -0.0988328 0 0 255
0.0692523 0.0957834 -0.0982223 0 0 255
0.0692648 0.0973369 -0.0980621 0 0 255
0.0692773 0.0988903 -0.0979019 0 0 255
0.0695492 0.1004984 -0.0975159 0 0 255
0.0687840 0.1018867 -0.0980326 0 0 255
0.0687965 0.1034386 -0.0978726 0 0 255
0.0690678 0.1050474 -0.0974869 0 0 255
0.0688214 0.1065425 -0.0975525 0 0 255
0.0688338 0.1080945 -0.0973924 0 0 255
0.0688463 0.1096465 -0.0972324 0 0 255
0.0688587 0.1111986 -0.0970723 0 0 255
0.0688711 0.1127506 -0.0969123 0 0 255
0.0688836 0.1143027 -0.0967523 0 0 255
0.0686374 0.1157925 -0.0968181 0 0 255
0.0722966 0.1182332 -0.0934730 0 0 255
0.1046807 0.1311044 -0.0647093 0 0 255
0.1061806 0.1331460 -0.0632379 0 0 255
0.1058961 0.1347342 -0.0633269 0 0 255
0.1056117 0.1363208 -0.0634157 0 0 255
0.1044377 0.1376696 -0.0642837 0 0 255
0.1044511 0.1393297 -0.0641125 0 0 255
0.1041683 0.1409095 -0.0642006 0 0 255
0.1041816 0.1425688 -0.0640295 0 0 255
0.1038992 0.1441461 -0.0641177 0 0 255
0.1030272 0.1455562 -0.0647231 0 0 255
0.1024518 0.1470452 -0.0650687 0 0 255
0.1012916 0.1483630 -0.0659279 0 0 255
0.0978145 0.1490032 -0.0688215 0 0 255
0.0926789 0.1491372 -0.0731735 0 0 255
0.0932596 0.1509291 -0.0725074 0 0 255
0.0918558 0.1521320 -0.0735847 0 0 255
0.0910223 0.1534984 -0.0741615 0 0 255
0.0899109 0.1547749 -0.0749833 0 0 255
0.0899239 0.1563906 -0.0748166 0 0 255
0.0896564 0.1579191 -0.0748968 0 0 255
0.0891094 0.1593583 -0.0752231 0 0 255
0.0888428 0.1608829 -0.0753028 0 0 255
0.0891353 0.1625847 -0.0748904 0 0 255
0.0894281 0.1642882 -0.0744775 0 0 255
0.0891612 0.1658111 -0.0745577 0 0 255
0.0886154 0.1672406 -0.0748839 0 0 255
0.0894670 0.1691305 -0.0739781 0 0 255
0.0892000 0.1706509 -0.0740586 0 0 255
0.0892130 0.1722642 -0.0738922 0 0 255
0.0886671 0.1736870 -0.0742192 0 0 255
0.0886800 0.1752987 -0.0740530 0 0 255
0.0886930 0.1769103 -0.0738868 0 0 255
0.0881481 0.1783268 -0.0742134 0 0 255
0.0881611 0.1799368 -0.0740474 0 0 255
0.0881740 0.1815468 -0.0738814 0 0 255
0.0879084 0.1830569 -0.0739617 0 0 255
0.0873653 0.1844647 -0.0742877 0 0 255
0.0865464 0.1857684 -0.0748582 0 0 255
0.0862825 0.1872715 -0.0749378 0 0 255
0.0857428 0.1886706 -0.0752617 0 0 255
0.0854798 0.1901699 -0.0753409 0 0 255
0.0849418 0.1915637 -0.0756640 0 0 255
0.0852299 0.1932686 -0.0752549 0 0 255
0.0841466 0.1944492 -0.0760619 0 0 255
0.0841722 0.1976445 -0.0757324 0 0 255
0.0844595 0.1993500 -0.0753240 0 0 255
0.0839238 0.2007315 -0.0756464 0 0 255
0.0836627 0.2022192 -0.0757250 0 0 255
0.0839493 0.2039253 -0.0753171 0 0 255
0.0836883 0.2054114 -0.0753959 0 0 255
0.0828811 0.2066732 -0.0759604 0 0 255
0.0828939 0.2082669 -0.0757960 0 0 255
0.0829067 0.2098605 -0.0756317 0 0 255
0.0818300 0.2110001 -0.0764371 0 0 255
0.0810285 0.2122488 -0.0769981 0 0 255
0.0799596 0.2133793 -0.0777977 0 0 255
0.0797026 0.2148491 -0.0778746 0 0 255
0.0789078 0.2160866 -0.0784310 0 0 255
0.0778477 0.2172046 -0.0792243 0 0 255
0.0781281 0.2188993 -0.0788228 0 0 255
0.0773382 0.2201268 -0.0793759 0 0 255
0.0768172 0.2214681 -0.0796896 0 0 255
0.0760313 0.2226885 -0.0802400 0 0 255
0.0760438 0.2242611 -0.0800779 0 0 255
0.0755255 0.2255947 -0.0803900 0 0 255
0.0747437 0.2268058 -0.0809379 0 0 255
0.0739675 0.2280146 -0.0814812 0 0 255
0.0734534 0.2293390 -0.0817906 0 0 255
0.0737292 0.2310254 -0.0813938 0 0 255
0.0726905 0.2321017 -0.0821730 0 0 255
0.0729654 0.2337869 -0.0817771 0 0 255
0.0727155 0.2352264 -0.0818508 0 0 255
0.0722040 0.2365402 -0.0821591 0 0 255
0.0722165 0.2381010 -0.0819981 0 0 255
0.0717060 0.2394105 -0.0823059 0 0 255
0.0719799 0.2410961 -0.0819108 0 0 255
0.0725160 0.2429109 -0.0812804 0 0 255
0.0722666 0.2443444 -0.0813543 0 0 255
0.0722791 0.2459052 -0.0811934 0 0 255
0.0725535 0.2475959 -0.0807973 0 0 255
0.1048883 -0.0851836 -0.0831540 0 0 255
0.1057979 -0.0836419 -0.0822288 0 0 255
0.1043193 -0.0817676 -0.0833111 0 0 255
0.1049284 -0.0801820 -0.0826382 0 0 255
0.1043460 -0.0784367 -0.0829676 0 0 255
0.1043593 -0.0767713 -0.0827959 0 0 255
0.1055658 -0.0752547 -0.0816195 0 0 255
0.0737734 -0.0697140 -0.1082357 0 0 255
0.0732563 -0.0680790 -0.1085199 0 0 255
0.0732689 -0.0665085 -0.1083580 0 0 255
0.0724922 -0.0648492 -0.1088615 0 0 255
0.0711891 -0.0631370 -0.1098095 0 0 255
0.0706773 -0.0615171 -0.1100906 0 0 255
0.0706898 -0.0599545 -0.1099295 0 0 255
0.0707024 -0.0583920 -0.1097683 0 0 255
0.0701915 -0.0567785 -0.1100492 0 0 255
0.0699428 -0.0551929 -0.1101090 0 0 255
0.0702166 -0.0536565 -0.1097272 0 0 255
0.0702291 -0.0520954 -0.1095663 0 0 255
0.0705032 -0.0505566 -0.1091841 0 0 255
0.0697318 -0.0489304 -0.1096863 0 0 255
0.0702667 -0.0474122 -0.1090833 0 0 255
0.0700179 -0.0458312 -0.1091436 0 0 255
0.0702918 -0.0442899 -0.1087613 0 0 255
0.0703043 -0.0427288 -0.1086003 0 0 255
0.0703168 -0.0411676 -0.1084393 0 0 255
0.0703293 -0.0396064 -0.1082783 0 0 255
0.0711275 -0.0380928 -0.1074510 0 0 255
0.0714025 -0.0365443 -0.1070671 0 0 255
0.0716777 -0.0349942 -0.1066828 0 0 255
0.0722166 -0.0334560 -0.1060746 0 0 255
0.0722291 -0.0318891 -0.1059130 0 0 255
0.0727690 -0.0303461 -0.1053034 0 0 255
0.0730457 -0.0287887 -0.1049172 0 0 255
0.0733227 -0.0272297 -0.1045306 0 0 255
0.0730708 -0.0256499 -0.1045935 0 0 255
0.0736125 -0.0240980 -0.1039816 0 0 255
0.0733604 -0.0225190 -0.1040448 0 0 255
0.0728446 -0.0209344 -0.1043328 0 0 255
0.0731213 -0.0193721 -0.1039461 0 0 255
0.0726058 -0.0177915 -0.1042341 0 0 255
0.0718285 -0.0162095 -0.1047456 0 0 255
0.0715783 -0.0146401 -0.1048082 0 0 255
0.0708041 -0.0130660 -0.1053178 0 0 255
0.0708166 -0.0115037 -0.1051567 0 0 255
0.0700447 -0.0099368 -0.1056650 0 0 255
0.0697963 -0.0083761 -0.1057268 0 0 255
0.0695481 -0.0068170 -0.1057887 0 0 255
0.0690401 -0.0052603 -0.1060727 0 0 255
0.0687926 -0.0037051 -0.1061343 0 0 255
0.0682861 -0.0021540 -0.1064175 0 0 255
0.0682986 -0.0005994 -0.1062572 0 0 255
0.0677931 0.0009470 -0.1065400 0 0 255
0.0675470 0.0024952 -0.1066011 0 0 255
0.0670429 0.0040362 -0.1068831 0 0 255
0.0665400 0.0055741 -0.1071646 0 0 255
0.0665525 0.0071233 -0.1070048 0 0 255
0.0657937 0.0086486 -0.1075059 0 0 255
0.0650405 0.0101694 -0.1080027 0 0 255
0.0647971 0.0117045 -0.1080627 0 0 255
0.0648096 0.0132482 -0.1079035 0 0 255
0.0650777 0.0148030 -0.1075249 0 0 255
0.0645788 0.0163240 -0.1078045 0 0 255
0.0645911 0.0178670 -0.1076454 0 0 255
0.0643482 0.0193967 -0.1077056 0 0 255
0.0641056 0.0209249 -0.1077656 0 0 255
0.0641179 0.0224664 -0.1076067 0 0 255
0.0638756 0.0239923 -0.1076668 0 0 255
0.0636333 0.0255167 -0.1077269 0 0 255
0.0639002 0.0270739 -0.1073490 0 0 255
0.0634037 0.0285788 -0.1076281 0 0 255
0.0636704 0.0301368 -0.1072504 0 0 255
0.0634285 0.0316575 -0.1073106 0 0 255
0.0634409 0.0331968 -0.1071518 0 0 255
0.0634532 0.0347361 -0.1069931 0 0 255
0.0637199 0.0362973 -0.1066151 0 0 255
0.0637322 0.0378375 -0.1064562 0 0 255
0.0639992 0.0394011 -0.1060777 0 0 255
0.0642664 0.0409663 -0.1056989 0 0 255
0.0642788 0.0425081 -0.1055399 0 0 255
0.0640363 0.0440241 -0.1056010 0 0 255
0.0648140 0.0456448 -0.1047808 0 0 255
0.0648264 0.0471882 -0.1046216 0 0 255
0.0648388 0.0487316 -0.1044624 0 0 255
0.0653628 0.0503330 -0.1038609 0 0 255
0.0651193 0.0518483 -0.1039229 0 0 255
0.0653875 0.0534231 -0.1035422 0 0 255
0.0661693 0.0550623 -0.1027167 0 0 255
0.0664387 0.0566419 -0.1023346 0 0 255
0.0664511 0.0581901 -0.1021750 0 0 255
0.0669784 0.0598061 -0.1015691 0 0 255
0.0672486 0.0613906 -0.1011858 0 0 255
0.0677775 0.0630123 -0.1005781 0 0 255
0.0680485 0.0646009 -0.1001937 0 0 255
0.0685790 0.0662284 -0.0995840 0 0 255
0.0691105 0.0678592 -0.0989731 0 0 255
0.0696430 0.0694933 -0.0983610 0 0 255
0.0701767 0.0711308 -0.0977476 0 0 255
0.0704502 0.0727310 -0.0973599 0 0 255
0.0709856 0.0743743 -0.0967446 0 0 255
0.0704753 0.0758516 -0.0970381 0 0 255
0.0707491 0.0774550 -0.0966499 0 0 255
0.0702393 0.0789284 -0.0969435 0 0 255
0.0699910 0.0804433 -0.0970096 0 0 255
0.0694827 0.0819114 -0.0973023 0 0 255
0.0692353 0.0834226 -0.0973681 0 0 255
0.0687286 0.0848855 -0.0976600 0 0 255
0.0679643 0.0862980 -0.0981767 0 0 255
0.0674601 0.0877543 -0.0984671 0 0 255
0.0674726 0.0893053 -0.0983071 0 0 255
0.0674850 0.0908563 -0.0981472 0 0 255
0.0672395 0.0923569 -0.0982123 0 0 255
0.0669943 0.0938560 -0.0982774 0 0 255
0.0670067 0.0954055 -0.0981177 0 0 255
0.0665046 0.0968498 -0.0984074 0 0 255
0.0670316 0.0985046 -0.0977981 0 0 255
0.0662726 0.0998916 -0.0983127 0 0 255
0.0665419 0.1014938 -0.0979285 0 0 255
0.0665542 0.1030418 -0.0977689 0 0 255
0.0665666 0.1045898 -0.0976093 0 0 255
0.0673515 0.1063100 -0.0967734 0 0 255
0.0673639 0.1078604 -0.0966136 0 0 255
0.0671186 0.1093519 -0.0966795 0 0 255
0.0676467 0.1110212 -0.0960677 0 0 255
0.0676592 0.1125725 -0.0959077 0 0 255
0.0668983 0.1139397 -0.0964258 0 0 255
0.0653713 0.1151176 -0.0976165 0 0 255
0.0651280 0.1165995 -0.0976816 0 0 255
0.0661647 0.1183962 -0.0966233 0 0 255
0.0684971 0.1205233 -0.0944268 0 0 255
0.0742710 0.1235361 -0.0892060 0 0 255
0.0848339 0.1294116 -0.0796200 0 0 255
0.0904216 0.1324778 -0.0745530 0 0 255
0.0955638 0.1370923 -0.0697175 0 0 255
0.0935742 0.1381848 -0.0713114 0 0 255
0.0950164 0.1402071 -0.0698852 0 0 255
0.0902050 0.1405024 -0.0739655 0 0 255
0.0893750 0.1418856 -0.0745411 0 0 255
0.0891076 0.1434233 -0.0746214 0 0 255
0.0871660 0.1444793 -0.0761778 0 0 255
0.0855149 0.1456076 -0.0774792 0 0 255
0.0849754 0.1470513 -0.0778008 0 0 255
0.0844371 0.1484920 -0.0781219 0 0 255
0.0841747 0.1500118 -0.0781996 0 0 255
0.0841876 0.1516131 -0.0780345 0 0 255
0.0842004 0.1532144 -0.0778694 0 0 255
0.0842133 0.1548157 -0.0777042 0 0 255
0.0845013 0.1565026 -0.0772958 0 0 255
0.0842389 0.1580183 -0.0773740 0 0 255
0.0845271 0.1597070 -0.0769654 0 0 255
0.0848154 0.1613974 -0.0765564 0 0 255
0.0848283 0.1630004 -0.0763911 0 0 255
0.0848411 0.1646035 -0.0762258 0 0 255
0.0851298 0.1662975 -0.0758162 0 0 255
0.0856951 0.1680851 -0.0751612 0 0 255
0.0854316 0.1695981 -0.0752406 0 0 255
0.0857209 0.1712965 -0.0748301 0 0 255
0.0854573 0.1728078 -0.0749097 0 0 255
0.0854703 0.1744128 -0.0747441 0 0 255
0.0852070 0.1759217 -0.0748237 0 0 255
0.0854959 0.1776226 -0.0744131 0 0 255
0.0849568 0.1790324 -0.0747378 0 0 255
0.0852455 0.1807341 -0.0743274 0 0 255
0.0847069 0.1821399 -0.0746521 0 0 255
0.0844444 0.1836425 -0.0747316 0 0 255
0.0839075 0.1850432 -0.0750552 0 0 255
0.0833717 0.1864409 -0.0753782 0 0 255
0.0828370 0.1878357 -0.0757006 0 0 255
0.0823068 0.1892289 -0.0760192 0 0 255
0.0825926 0.1909272 -0.0756116 0 0 255
0.0823324 0.1924191 -0.0756902 0 0 255
0.0820723 0.1939095 -0.0757688 0 0 255
0.0823580 0.1956095 -0.0753612 0 0 255
0.0820979 0.1970983 -0.0754399 0 0 255
0.0818383 0.1985855 -0.0755185 0 0 255
0.0818511 0.2001791 -0.0753542 0 0 255
0.0818638 0.2017727 -0.0751898 0 0 255
0.0816043 0.2032568 -0.0752686 0 0 255
0.0813451 0.2047394 -0.0753472 0 0 255
0.0813579 0.2063313 -0.0751830 0 0 255
0.0810989 0.2078116 -0.0752617 0 0 255
0.0805691 0.2091780 -0.0755826 0 0 255
0.0803110 0.2106545 -0.0756608 0 0 255
0.0792430 0.2117890 -0.0764637 0 0 255
0.0787171 0.2131464 -0.0767821 0 0 255
0.0779237 0.2143865 -0.0773402 0 0 255
0.0774004 0.2157378 -0.0776570 0 0 255
0.0766113 0.2169708 -0.0782122 0 0 255
0.0766239 0.2185482 -0.0780495 0 0 255
0.0753055 0.2195418 -0.0790797 0 0 255
0.0745228 0.2207640 -0.0796305 0 0 255
0.0748003 0.2224527 -0.0792310 0 0 255
0.0742834 0.2237875 -0.0795438 0 0 255
0.0727174 0.2246462 -0.0807984 0 0 255
0.0724673 0.2260925 -0.0808728 0 0 255
0.0719552 0.2274175 -0.0811826 0 0 255
0.0714442 0.2287398 -0.0814916 0 0 255
0.0709342 0.2300595 -0.0818001 0 0 255
0.0714692 0.2318628 -0.0811696 0 0 255
0.0706983 0.2330570 -0.0817130 0 0 255
0.0701900 0.2343703 -0.0820207 0 0 255
0.0699424 0.2358043 -0.0820940 0 0 255
0.0702149 0.2374855 -0.0816994 0 0 255
0.0699673 0.2389181 -0.0817730 0 0 255
0.0705003 0.2407269 -0.0811437 0 0 255
0.0705128 0.2422854 -0.0809829 0 0 255
0.0710469 0.2440996 -0.0803522 0 0 255
0.0710593 0.2456597 -0.0801913 0 0 255
0.0715945 0.2474791 -0.0795592 0 0 255
0.0708234 0.2486496 -0.0801050 0 0 255
0.1029716 -0.0851839 -0.0825835 0 0 255
0.1038765 -0.0836447 -0.0816589 0 0 255
0.1029983 -0.0818549 -0.0822401 0 0 255
0.1036057 -0.0802702 -0.0815664 0 0 255
0.1033219 -0.0785648 -0.0816458 0 0 255
0.1030383 -0.0768613 -0.0817251 0 0 255
0.0735892 -0.0715065 -0.1064776 0 0 255
0.0725422 -0.0698025 -0.1072119 0 0 255
0.0728193 -0.0682627 -0.1068260 0 0 255
0.0723031 -0.0666292 -0.1071117 0 0 255
0.0715279 -0.0649697 -0.1076171 0 0 255
0.0715404 -0.0634016 -0.1074554 0 0 255
0.0702398 -0.0616930 -0.1084069 0 0 255
0.0699905 -0.0601017 -0.1084676 0 0 255
0.0694801 -0.0584856 -0.1087500 0 0 255
0.0689709 -0.0568729 -0.1090318 0 0 255
0.0687228 -0.0552880 -0.1090921 0 0 255
0.0687354 -0.0537286 -0.1089312 0 0 255
0.0687478 -0.0521691 -0.1087704 0 0 255
0.0682400 -0.0505652 -0.1090517 0 0 255
0.0685126 -0.0490287 -0.1086699 0 0 255
0.0685251 -0.0474700 -0.1085092 0 0 255
0.0685376 -0.0459112 -0.1083485 0 0 255
0.0685501 -0.0443524 -0.1081877 0 0 255
0.0688229 -0.0428119 -0.1078054 0 0 255
0.0685751 -0.0412349 -0.1078662 0 0 255
0.0693694 -0.0397261 -0.1070395 0 0 255
0.0688604 -0.0381331 -0.1073229 0 0 255
0.0693944 -0.0366036 -0.1067174 0 0 255
0.0699295 -0.0350710 -0.1061108 0 0 255
0.0699421 -0.0335081 -0.1059496 0 0 255
0.0702162 -0.0319580 -0.1055651 0 0 255
0.0710155 -0.0304302 -0.1047323 0 0 255
0.0710281 -0.0288640 -0.1045708 0 0 255
0.0713034 -0.0273083 -0.1041848 0 0 255
0.0713160 -0.0257413 -0.1040232 0 0 255
0.0715916 -0.0241830 -0.1036367 0 0 255
0.0710783 -0.0225992 -0.1039247 0 0 255
0.0713537 -0.0210401 -0.1035384 0 0 255
0.0708408 -0.0194603 -0.1038263 0 0 255
0.0705912 -0.0178892 -0.1038894 0 0 255
0.0703416 -0.0163197 -0.1039523 0 0 255
0.0693088 -0.0147400 -0.1046866 0 0 255
0.0698435 -0.0131855 -0.1040781 0 0 255
0.0688127 -0.0116138 -0.1048113 0 0 255
0.0688252 -0.0100546 -0.1046505 0 0 255
0.0683175 -0.0084938 -0.1049359 0 0 255
0.0683300 -0.0069362 -0.1047752 0 0 255
0.0678235 -0.0053802 -0.1050601 0 0 255
0.0673179 -0.0038273 -0.1053444 0 0 255
0.0673304 -0.0022728 -0.1051841 0 0 255
0.0665678 -0.0007278 -0.1056897 0 0 255
0.0665802 0.0008244 -0.1055296 0 0 255
0.0658199 0.0023623 -0.1060340 0 0 255
0.0655752 0.0039067 -0.1060953 0 0 255
0.0653308 0.0054495 -0.1061565 0 0 255
0.0643218 0.0069696 -0.1068759 0 0 255
0.0645900 0.0085227 -0.1064963 0 0 255
0.0640910 0.0100515 -0.1067773 0 0 255
0.0635931 0.0115772 -0.1070577 0 0 255
0.0633507 0.0131100 -0.1071182 0 0 255
0.0636178 0.0146632 -0.1067394 0 0 255
0.0631208 0.0161828 -0.1070196 0 0 255
0.0633879 0.0177368 -0.1066409 0 0 255
0.0631456 0.0192658 -0.1067016 0 0 255
0.0629037 0.0207933 -0.1067621 0 0 255
0.0626620 0.0223192 -0.1068227 0 0 255
0.0624205 0.0238437 -0.1068831 0 0 255
0.0621794 0.0253666 -0.1069435 0 0 255
0.0621917 0.0269051 -0.1067848 0 0 255
0.0624576 0.0284615 -0.1064069 0 0 255
0.0622164 0.0299822 -0.1064675 0 0 255
0.0619754 0.0315013 -0.1065280 0 0 255
0.0622410 0.0330593 -0.1061502 0 0 255
0.0620001 0.0345770 -0.1062108 0 0 255
0.0625193 0.0361583 -0.1056131 0 0 255
0.0622780 0.0376752 -0.1056741 0 0 255
0.0622904 0.0392138 -0.1055155 0 0 255
0.0628102 0.0408006 -0.1049167 0 0 255
0.0625687 0.0423160 -0.1049781 0 0 255
0.0633434 0.0439325 -0.1041578 0 0 255
0.0633558 0.0454743 -0.1039987 0 0 255
0.0633681 0.0470162 -0.1038397 0 0 255
0.0636352 0.0485861 -0.1034595 0 0 255
0.0639025 0.0501577 -0.1030789 0 0 255
0.0641701 0.0517308 -0.1026979 0 0 255
0.0644379 0.0533055 -0.1023165 0 0 255
0.0647060 0.0548819 -0.1019347 0 0 255
0.0649744 0.0564599 -0.1015526 0 0 255
0.0652431 0.0580395 -0.1011700 0 0 255
0.0655119 0.0596207 -0.1007871 0 0 255
0.0657812 0.0612035 -0.1004038 0 0 255
0.0663080 0.0628234 -0.0997958 0 0 255
0.0668358 0.0644466 -0.0991867 0 0 255
0.0673648 0.0660731 -0.0985763 0 0 255
0.0678948 0.0677029 -0.0979647 0 0 255
0.0681664 0.0692972 -0.0975781 0 0 255
0.0686980 0.0709329 -0.0969646 0 0 255
0.0692309 0.0725719 -0.0963497 0 0 255
0.0689831 0.0740900 -0.0964161 0 0 255
0.0695164 0.0757331 -0.0958004 0 0 255
0.0690081 0.0772075 -0.0960946 0 0 255
0.0692809 0.0788100 -0.0957063 0 0 255
0.0685133 0.0802361 -0.0962277 0 0 255
0.0677481 0.0816578 -0.0967474 0 0 255
0.0672434 0.0831210 -0.0970396 0 0 255
0.0672559 0.0846743 -0.0968794 0 0 255
0.0659800 0.0859914 -0.0978474 0 0 255
0.0659924 0.0875408 -0.0976876 0 0 255
0.0654913 0.0889929 -0.0979778 0 0 255
0.0652473 0.0904914 -0.0980429 0 0 255
0.0652597 0.0920385 -0.0978833 0 0 255
0.0650160 0.0935348 -0.0979485 0 0 255
0.0650284 0.0950812 -0.0977890 0 0 255
0.0650408 0.0966276 -0.0976295 0 0 255
0.0645416 0.0980677 -0.0979192 0 0 255
0.0648096 0.0996665 -0.0975354 0 0 255
0.0645664 0.1011575 -0.0976005 0 0 255
0.0645787 0.1027024 -0.0974412 0 0 255
0.0648468 0.1043035 -0.0970571 0 0 255
0.0648592 0.1058493 -0.0968977 0 0 255
0.0648715 0.1073950 -0.0967383 0 0 255
0.0648839 0.1089408 -0.0965789 0 0 255
0.0651523 0.1105460 -0.0961941 0 0 255
0.0646530 0.1119722 -0.0964853 0 0 255
0.0644100 0.1134565 -0.0965510 0 0 255
0.0634031 0.1147548 -0.0972899 0 0 255
0.0634155 0.1162960 -0.0971310 0 0 255
0.0634279 0.1178372 -0.0969720 0 0 255
0.0642043 0.1195698 -0.0961390 0 0 255
0.0634525 0.1209197 -0.0966541 0 0 255
0.0642291 0.1226570 -0.0958206 0 0 255
0.0662906 0.1247325 -0.0938521 0 0 255
0.0712370 0.1275783 -0.0893340 0 0 255
0.0760261 0.1319885 -0.0848004 0 0 255
0.0765829 0.1352938 -0.0840046 0 0 255
0.0782068 0.1373227 -0.0824159 0 0 255
0.0787588 0.1390604 -0.0817750 0 0 255
0.0787715 0.1406482 -0.0816113 0 0 255
0.0787842 0.1422361 -0.0814475 0 0 255
0.0796081 0.1440593 -0.0805652 0 0 255
0.0798918 0.1457291 -0.0801611 0 0 255
0.0804473 0.1474811 -0.0795158 0 0 255
0.0801886 0.1489927 -0.0795923 0 0 255
0.0802013 0.1505848 -0.0794281 0 0 255
0.0802141 0.1521770 -0.0792639 0 0 255
0.0804983 0.1538528 -0.0788587 0 0 255
0.0807829 0.1555305 -0.0784531 0 0 255
0.0810679 0.1572099 -0.0780470 0 0 255
0.0813531 0.1588911 -0.0776404 0 0 255
0.0813659 0.1604866 -0.0774759 0 0 255
0.0813786 0.1620822 -0.0773113 0 0 255
0.0816641 0.1637668 -0.0769042 0 0 255
0.0822232 0.1655433 -0.0762535 0 0 255
0.0822361 0.1671415 -0.0760887 0 0 255
0.0822489 0.1687396 -0.0759239 0 0 255
0.0822617 0.1703378 -0.0757591 0 0 255
0.0822745 0.1719360 -0.0755943 0 0 255
0.0825609 0.1736286 -0.0751856 0 0 255
0.0820268 0.1750374 -0.0755083 0 0 255
0.0823129 0.1767307 -0.0750998 0 0 255
0.0820524 0.1782322 -0.0751788 0 0 255
0.0817921 0.1797322 -0.0752578 0 0 255
0.0815321 0.1812306 -0.0753366 0 0 255
0.0810035 0.1826298 -0.0756555 0 0 255
0.0807444 0.1841245 -0.0757340 0 0 255
0.0804855 0.1856176 -0.0758124 0 0 255
0.0802269 0.1871091 -0.0758907 0 0 255
0.0799685 0.1885992 -0.0759690 0 0 255
0.0802524 0.1902927 -0.0755624 0 0 255
0.0802652 0.1918845 -0.0753983 0 0 255
0.0802779 0.1934764 -0.0752341 0 0 255
0.0802907 0.1950682 -0.0750700 0 0 255
0.0805749 0.1967661 -0.0746627 0 0 255
0.0803162 0.1982520 -0.0747416 0 0 255
0.0797869 0.1996289 -0.0750632 0 0 255
0.0803417 0.2014359 -0.0744133 0 0 255
0.0798124 0.2028095 -0.0747352 0 0 255
0.0800960 0.2045098 -0.0743282 0 0 255
0.0795673 0.2058796 -0.0746501 0 0 255
0.0793096 0.2073578 -0.0747288 0 0 255
0.0793224 0.2089465 -0.0745650 0 0 255
0.0785257 0.2101970 -0.0751282 0 0 255
0.0782691 0.2116700 -0.0752066 0 0 255
0.0772076 0.2128000 -0.0760086 0 0 255
0.0769523 0.2142679 -0.0760863 0 0 255
0.0758963 0.2153897 -0.0768845 0 0 255
0.0748445 0.2165069 -0.0776794 0 0 255
0.0745917 0.2179661 -0.0777559 0 0 255
0.0743391 0.2194238 -0.0778323 0 0 255
0.0732938 0.2205294 -0.0786228 0 0 255
0.0730426 0.2219821 -0.0786985 0 0 255
0.0717434 0.2229635 -0.0797188 0 0 255
0.0712318 0.2242923 -0.0800298 0 0 255
0.0704601 0.2254998 -0.0805757 0 0 255
0.0699511 0.2268228 -0.0808851 0 0 255
0.0694432 0.2281431 -0.0811939 0 0 255
0.0694557 0.2297013 -0.0810332 0 0 255
0.0692084 0.2311385 -0.0811070 0 0 255
0.0684429 0.2323307 -0.0816491 0 0 255
0.0684553 0.2338860 -0.0814887 0 0 255
0.0684678 0.2354413 -0.0813283 0 0 255
0.0682214 0.2368726 -0.0814019 0 0 255
0.0679754 0.2383025 -0.0814754 0 0 255
0.0679879 0.2398563 -0.0813152 0 0 255
0.0687767 0.2417888 -0.0804523 0 0 255
0.0687892 0.2433450 -0.0802918 0 0 255
0.0698408 0.2454143 -0.0791904 0 0 255
0.0693332 0.2467152 -0.0795007 0 0 255
0.0685675 0.2478839 -0.0800451 0 0 255
0.0683211 0.2493092 -0.0801194 0 0 255
0.0995758 -0.0866292 -0.0834341 0 0 255
0.1001769 -0.0850567 -0.0827647 0 0 255
0.1031484 -0.0838149 -0.0800835 0 0 255
0.0996157 -0.0816574 -0.0829214 0 0 255
0.1011009 -0.0801987 -0.0815006 0 0 255
0.1022976 -0.0786929 -0.0803241 0 0 255
0.1023110 -0.0770274 -0.0801523 0 0 255
0.0720916 -0.0715610 -0.1056780 0 0 255
0.0721042 -0.0699881 -0.1055158 0 0 255
0.0718524 -0.0683835 -0.1055784 0 0 255
0.0718651 -0.0668114 -0.1054163 0 0 255
0.0703008 -0.0650604 -0.1065963 0 0 255
0.0700511 -0.0634641 -0.1066580 0 0 255
0.0690166 -0.0617852 -0.1073882 0 0 255
0.0685073 -0.0601674 -0.1076717 0 0 255
0.0685197 -0.0586056 -0.1075106 0 0 255
0.0677514 -0.0569672 -0.1080154 0 0 255
0.0675042 -0.0553830 -0.1080760 0 0 255
0.0675166 -0.0538244 -0.1079153 0 0 255
0.0670103 -0.0522196 -0.1081973 0 0 255
0.0670228 -0.0506625 -0.1080368 0 0 255
0.0667763 -0.0490839 -0.1080974 0 0 255
0.0673071 -0.0475689 -0.1074941 0 0 255
0.0670604 -0.0459910 -0.1075549 0 0 255
0.0670728 -0.0444338 -0.1073943 0 0 255
0.0673445 -0.0428949 -0.1070119 0 0 255
0.0668387 -0.0413019 -0.1072947 0 0 255
0.0676292 -0.0397956 -0.1064684 0 0 255
0.0676416 -0.0382367 -0.1063076 0 0 255
0.0676541 -0.0366778 -0.1061468 0 0 255
0.0681866 -0.0351476 -0.1055406 0 0 255
0.0684595 -0.0336007 -0.1051564 0 0 255
0.0687326 -0.0320522 -0.1047720 0 0 255
0.0692673 -0.0305140 -0.1041630 0 0 255
0.0695413 -0.0289615 -0.1037774 0 0 255
0.0695539 -0.0273969 -0.1036161 0 0 255
0.0693049 -0.0258227 -0.1036792 0 0 255
0.0698407 -0.0242765 -0.1030685 0 0 255
0.0695915 -0.0227030 -0.1031319 0 0 255
0.0698658 -0.0211456 -0.1027456 0 0 255
0.0693551 -0.0195673 -0.1030340 0 0 255
0.0696291 -0.0180090 -0.1026478 0 0 255
0.0688578 -0.0164298 -0.1031607 0 0 255
0.0683492 -0.0148594 -0.1034482 0 0 255
0.0675819 -0.0132890 -0.1039585 0 0 255
0.0678540 -0.0117330 -0.1035742 0 0 255
0.0676068 -0.0101722 -0.1036371 0 0 255
0.0671008 -0.0086121 -0.1039233 0 0 255
0.0665957 -0.0070552 -0.1042089 0 0 255
0.0666082 -0.0054999 -0.1040484 0 0 255
0.0661041 -0.0039477 -0.1043336 0 0 255
0.0658587 -0.0023963 -0.1043960 0 0 255
0.0653561 -0.0008496 -0.1046803 0 0 255
0.0651115 0.0006979 -0.1047423 0 0 255
0.0648670 0.0022439 -0.1048043 0 0 255
0.0641105 0.0037774 -0.1053090 0 0 255
0.0636148 0.0053126 -0.1055886 0 0 255
0.0633719 0.0068516 -0.1056499 0 0 255
0.0628744 0.0083813 -0.1059315 0 0 255
0.0628868 0.0099250 -0.1057723 0 0 255
0.0621362 0.0114408 -0.1062735 0 0 255
0.0624027 0.0129923 -0.1058945 0 0 255
0.0626693 0.0145454 -0.1055152 0 0 255
0.0619195 0.0160535 -0.1060165 0 0 255
0.0616783 0.0175818 -0.1060774 0 0 255
0.0616906 0.0191218 -0.1059185 0 0 255
0.0614497 0.0206478 -0.1059794 0 0 255
0.0614620 0.0221871 -0.1058207 0 0 255
0.0609685 0.0236954 -0.1061010 0 0 255
0.0609808 0.0252331 -0.1059424 0 0 255
0.0609931 0.0267708 -0.1057838 0 0 255
0.0610055 0.0283086 -0.1056252 0 0 255
0.0607652 0.0298278 -0.1056862 0 0 255
0.0610301 0.0313842 -0.1053080 0 0 255
0.0607898 0.0329019 -0.1053691 0 0 255
0.0610548 0.0344598 -0.1049908 0 0 255
0.0610670 0.0359977 -0.1048322 0 0 255
0.0610794 0.0375355 -0.1046736 0 0 255
0.0613446 0.0390966 -0.1042948 0 0 255
0.0618634 0.0406834 -0.1036948 0 0 255
0.0613692 0.0421740 -0.1039774 0 0 255
0.0616347 0.0437383 -0.1035980 0 0 255
0.0619004 0.0453042 -0.1032183 0 0 255
0.0621665 0.0468717 -0.1028380 0 0 255
0.0624328 0.0484408 -0.1024576 0 0 255
0.0624451 0.0499827 -0.1022985 0 0 255
0.0627117 0.0515542 -0.1019175 0 0 255
0.0632332 0.0531576 -0.1013136 0 0 255
0.0632456 0.0547019 -0.1011543 0 0 255
0.0637683 0.0563102 -0.1005490 0 0 255
0.0640362 0.0578890 -0.1001661 0 0 255
0.0643044 0.0594693 -0.0997828 0 0 255
0.0645728 0.0610513 -0.0993992 0 0 255
0.0648415 0.0626349 -0.0990151 0 0 255
0.0658818 0.0643286 -0.0979553 0 0 255
0.0658942 0.0658809 -0.0977952 0 0 255
0.0664222 0.0675089 -0.0971834 0 0 255
0.0672100 0.0691790 -0.0963436 0 0 255
0.0674814 0.0707749 -0.0959561 0 0 255
0.0680127 0.0724129 -0.0953405 0 0 255
0.0682849 0.0740130 -0.0949518 0 0 255
0.0680376 0.0755304 -0.0950190 0 0 255
0.0680501 0.0770892 -0.0948582 0 0 255
0.0672848 0.0785171 -0.0953805 0 0 255
0.0675563 0.0801179 -0.0949925 0 0 255
0.0662764 0.0814498 -0.0959677 0 0 255
0.0662888 0.0830031 -0.0958075 0 0 255
0.0655289 0.0844171 -0.0963265 0 0 255
0.0645152 0.0857798 -0.0970693 0 0 255
0.0645276 0.0873277 -0.0969097 0 0 255
0.0642841 0.0888270 -0.0969753 0 0 255
0.0635303 0.0902265 -0.0974905 0 0 255
0.0632878 0.0917214 -0.0975557 0 0 255
0.0633002 0.0932655 -0.0973964 0 0 255
0.0633125 0.0948095 -0.0972372 0 0 255
0.0628159 0.0962493 -0.0975268 0 0 255
0.0633373 0.0978976 -0.0969187 0 0 255
0.0628406 0.0993344 -0.0972087 0 0 255
0.0631074 0.1009314 -0.0968250 0 0 255
0.0633745 0.1025300 -0.0964409 0 0 255
0.0628777 0.1039621 -0.0967314 0 0 255
0.0631445 0.1055615 -0.0963475 0 0 255
0.0631569 0.1071050 -0.0961883 0 0 255
0.0634239 0.1087068 -0.0958039 0 0 255
0.0629271 0.1101327 -0.0960950 0 0 255
0.0631940 0.1117354 -0.0957108 0 0 255
0.0632064 0.1132789 -0.0955515 0 0 255
0.0627101 0.1146995 -0.0958426 0 0 255
0.0632312 0.1163659 -0.0952331 0 0 255
0.0637532 0.1180357 -0.0946224 0 0 255
0.0630014 0.1193893 -0.0951403 0 0 255
0.0630137 0.1209321 -0.0949812 0 0 255
0.0632806 0.1225403 -0.0945964 0 0 255
0.0643135 0.1243491 -0.0935318 0 0 255
0.0671540 0.1266394 -0.0908628 0 0 255
0.0695040 0.1288165 -0.0886273 0 0 255
0.0703005 0.1305901 -0.0877700 0 0 255
0.0724155 0.1327271 -0.0857410 0 0 255
0.0729565 0.1344440 -0.0851095 0 0 255
0.0737637 0.1362381 -0.0842409 0 0 255
0.0745733 0.1380378 -0.0833698 0 0 255
0.0751188 0.1397673 -0.0827332 0 0 255
0.0762097 0.1432362 -0.0814589 0 0 255
0.0764903 0.1448978 -0.0810571 0 0 255
0.0765063 0.1464826 -0.0808908 0 0 255
0.0770651 0.1498117 -0.0800888 0 0 255
0.0773466 0.1514794 -0.0796856 0 0 255
0.0770938 0.1529839 -0.0797588 0 0 255
0.0779231 0.1564081 -0.0787143 0 0 255
0.0782055 0.1580819 -0.0783098 0 0 255
0.0782182 0.1596709 -0.0781460 0 0 255
0.0782309 0.1612598 -0.0779821 0 0 255
0.0787839 0.1630254 -0.0773355 0 0 255
0.0790671 0.1647053 -0.0769297 0 0 255
0.0790799 0.1662968 -0.0767655 0 0 255
0.0790926 0.1678883 -0.0766014 0 0 255
0.0796472 0.1696637 -0.0759524 0 0 255
0.0791181 0.1710715 -0.0762731 0 0 255
0.0791309 0.1726630 -0.0761089 0 0 255
0.0791470 0.1742558 -0.0759418 0 0 255
0.0788892 0.1757524 -0.0760201 0 0 255
0.0789019 0.1773432 -0.0758560 0 0 255
0.0786444 0.1788374 -0.0759342 0 0 255
0.0783871 0.1803301 -0.0760124 0 0 255
0.0781301 0.1818212 -0.0760905 0 0 255
0.0778733 0.1833109 -0.0761685 0 0 255
0.0778861 0.1848985 -0.0760047 0 0 255
0.0776296 0.1863858 -0.0760828 0 0 255
0.0776423 0.1879726 -0.0759191 0 0 255
0.0779243 0.1896615 -0.0755135 0 0 255
0.0779369 0.1912492 -0.0753498 0 0 255
0.0782192 0.1929407 -0.0749437 0 0 255
0.0782319 0.1945292 -0.0747799 0 0 255
0.0785144 0.1962233 -0.0743733 0 0 255
0.0785272 0.1978127 -0.0742094 0 0 255
0.0785398 0.1994022 -0.0740455 0 0 255
0.0782828 0.2008837 -0.0741245 0 0 255
0.0782955 0.2024724 -0.0739607 0 0 255
0.0785781 0.2041707 -0.0735537 0 0 255
0.0777822 0.2054292 -0.0741188 0 0 255
0.0780641 0.2071274 -0.0737122 0 0 255
0.0778075 0.2086034 -0.0737914 0 0 255
0.0770140 0.2098532 -0.0743552 0 0 255
0.0767586 0.2113248 -0.0744339 0 0 255
0.0759683 0.2125678 -0.0749955 0 0 255
0.0751805 0.2138070 -0.0755555 0 0 255
0.0746608 0.2151567 -0.0758736 0 0 255
0.0741422 0.2165037 -0.0761910 0 0 255
0.0736247 0.2178480 -0.0765078 0 0 255
0.0725803 0.2189574 -0.0773014 0 0 255
0.0718030 0.2201786 -0.0778541 0 0 255
0.0707694 0.2212807 -0.0786391 0 0 255
0.0705203 0.2227287 -0.0787145 0 0 255
0.0694886 0.2238214 -0.0794987 0 0 255
0.0687207 0.2250278 -0.0800446 0 0 255
0.0684736 0.2264680 -0.0801190 0 0 255
0.0679677 0.2277873 -0.0804283 0 0 255
0.0674627 0.2291039 -0.0807369 0 0 255
0.0674752 0.2306591 -0.0805765 0 0 255
0.0669713 0.2319715 -0.0808846 0 0 255
0.0669838 0.2335252 -0.0807244 0 0 255
0.0664809 0.2348333 -0.0810320 0 0 255
0.0664933 0.2363855 -0.0808719 0 0 255
0.0665057 0.2379377 -0.0807118 0 0 255
0.0662609 0.2393649 -0.0807856 0 0 255
0.0667882 0.2411679 -0.0801575 0 0 255
0.0673165 0.2429744 -0.0795282 0 0 255
0.0675874 0.2446568 -0.0791329 0 0 255
0.0668255 0.2458269 -0.0796770 0 0 255
0.0670958 0.2475090 -0.0792822 0 0 255
0.0671082 0.2490629 -0.0791219 0 0 255
0.0668628 0.2504861 -0.0791965 0 0 255
0.0979713 -0.0866703 -0.0826176 0 0 255
0.0979846 -0.0850148 -0.0824468 0 0 255
0.0968342 -0.0831946 -0.0832681 0 0 255
0.1000789 -0.0803265 -0.0801817 0 0 255
0.1006821 -0.0787427 -0.0795069 0 0 255
0.0756377 -0.0738399 -0.1007279 0 0 255
0.0729784 -0.0719159 -0.1028463 0 0 255
0.0711368 -0.0701090 -0.1042675 0 0 255
0.0711495 -0.0685361 -0.1041053 0 0 255
0.0698491 -0.0668095 -0.1050656 0 0 255
0.0693370 -0.0651808 -0.1053524 0 0 255
0.0688260 -0.0635554 -0.1056387 0 0 255
0.0677946 -0.0618772 -0.1063705 0 0 255
0.0675468 -0.0602873 -0.1064323 0 0 255
0.0672993 -0.0586991 -0.1064939 0 0 255
0.0667925 -0.0570869 -0.1067778 0 0 255
0.0662867 -0.0554780 -0.1070611 0 0 255
0.0657820 -0.0538723 -0.1073438 0 0 255
0.0660529 -0.0523391 -0.1069616 0 0 255
0.0655486 -0.0507374 -0.1072443 0 0 255
0.0655611 -0.0491818 -0.1070839 0 0 255
0.0658318 -0.0476470 -0.1067017 0 0 255
0.0658442 -0.0460906 -0.1065412 0 0 255
0.0655985 -0.0445151 -0.1066025 0 0 255
0.0658692 -0.0429777 -0.1062201 0 0 255
0.0658817 -0.0414213 -0.1060596 0 0 255
0.0656359 -0.0398481 -0.1061212 0 0 255
0.0661651 -0.0383243 -0.1055161 0 0 255
0.0664364 -0.0367821 -0.1051328 0 0 255
0.0667081 -0.0352384 -0.1047490 0 0 255
0.0669799 -0.0336931 -0.1043649 0 0 255
0.0664739 -0.0321077 -0.1046507 0 0 255
0.0675245 -0.0305976 -0.1035954 0 0 255
0.0677971 -0.0290475 -0.1032101 0 0 255
0.0675495 -0.0274749 -0.1032733 0 0 255
0.0675620 -0.0259134 -0.1031123 0 0 255
0.0678347 -0.0243609 -0.1027268 0 0 255
0.0678472 -0.0227986 -0.1025656 0 0 255
0.0678597 -0.0212363 -0.1024045 0 0 255
0.0681328 -0.0196805 -0.1020183 0 0 255
0.0678847 -0.0181117 -0.1020822 0 0 255
0.0668579 -0.0165299 -0.1028194 0 0 255
0.0668705 -0.0149707 -0.1026586 0 0 255
0.0668829 -0.0134115 -0.1024978 0 0 255
0.0663773 -0.0118474 -0.1027853 0 0 255
0.0661311 -0.0102881 -0.1028485 0 0 255
0.0653691 -0.0087286 -0.1033585 0 0 255
0.0653816 -0.0071741 -0.1031982 0 0 255
0.0651364 -0.0056203 -0.1032611 0 0 255
0.0646344 -0.0040695 -0.1035467 0 0 255
0.0638770 -0.0025241 -0.1040541 0 0 255
0.0638894 -0.0009743 -0.1038942 0 0 255
0.0636457 0.0005717 -0.1039566 0 0 255
0.0634023 0.0021162 -0.1040188 0 0 255
0.0623971 0.0036430 -0.1047426 0 0 255
0.0621549 0.0051821 -0.1048043 0 0 255
0.0619130 0.0067197 -0.1048659 0 0 255
0.0616713 0.0082557 -0.1049275 0 0 255
0.0614299 0.0097902 -0.1049891 0 0 255
0.0609354 0.0113139 -0.1052708 0 0 255
0.0609477 0.0128545 -0.1051119 0 0 255
0.0607069 0.0143844 -0.1051733 0 0 255
0.0607193 0.0159244 -0.1050144 0 0 255
0.0607316 0.0174643 -0.1048556 0 0 255
0.0604911 0.0189912 -0.1049170 0 0 255
0.0602509 0.0205166 -0.1049783 0 0 255
0.0602632 0.0220550 -0.1048197 0 0 255
0.0600232 0.0235781 -0.1048810 0 0 255
0.0597834 0.0250997 -0.1049424 0 0 255
0.0600479 0.0266536 -0.1045638 0 0 255
0.0600601 0.0281914 -0.1044052 0 0 255
0.0595685 0.0296922 -0.1046867 0 0 255
0.0595809 0.0312285 -0.1045282 0 0 255
0.0593415 0.0327448 -0.1045897 0 0 255
0.0598573 0.0343218 -0.1039912 0 0 255
0.0596178 0.0358374 -0.1040529 0 0 255
0.0598819 0.0373961 -0.1036741 0 0 255
0.0601464 0.0389563 -0.1032949 0 0 255
0.0599065 0.0404704 -0.1033570 0 0 255
0.0601710 0.0420322 -0.1029777 0 0 255
0.0604357 0.0435956 -0.1025980 0 0 255
0.0607008 0.0451607 -0.1022179 0 0 255
0.0607131 0.0467002 -0.1020591 0 0 255
0.0609784 0.0482677 -0.1016785 0 0 255
0.0609908 0.0498080 -0.1015196 0 0 255
0.0617635 0.0514368 -0.1006936 0 0 255
0.0617759 0.0529795 -0.1005345 0 0 255
0.0622965 0.0545845 -0.0999292 0 0 255
0.0623088 0.0561288 -0.0997699 0 0 255
0.0625757 0.0577059 -0.0993870 0 0 255
0.0633532 0.0593517 -0.0985552 0 0 255
0.0633656 0.0608992 -0.0983956 0 0 255
0.0636335 0.0624819 -0.0980113 0 0 255
0.0639018 0.0640663 -0.0976265 0 0 255
0.0644267 0.0656892 -0.0970157 0 0 255
0.0657248 0.0674287 -0.0957239 0 0 255
0.0659952 0.0690221 -0.0953365 0 0 255
0.0662659 0.0706171 -0.0949486 0 0 255
0.0670546 0.0722946 -0.0941041 0 0 255
0.0668081 0.0738121 -0.0941716 0 0 255
0.0668206 0.0753701 -0.0940109 0 0 255
0.0665743 0.0768853 -0.0940785 0 0 255
0.0660700 0.0783555 -0.0943738 0 0 255
0.0655667 0.0798228 -0.0946686 0 0 255
0.0650645 0.0812871 -0.0949627 0 0 255
0.0643069 0.0827030 -0.0954828 0 0 255
0.0638072 0.0841607 -0.0957753 0 0 255
0.0630534 0.0855687 -0.0962928 0 0 255
0.0628108 0.0870674 -0.0963587 0 0 255
0.0623142 0.0885164 -0.0966495 0 0 255
0.0615649 0.0899135 -0.0971641 0 0 255
0.0618309 0.0915049 -0.0967806 0 0 255
0.0615897 0.0929969 -0.0968460 0 0 255
0.0613486 0.0944875 -0.0969115 0 0 255
0.0611078 0.0959765 -0.0969768 0 0 255
0.0613732 0.0975694 -0.0965936 0 0 255
0.0611325 0.0990570 -0.0966591 0 0 255
0.0613980 0.1006515 -0.0962757 0 0 255
0.0611572 0.1021375 -0.0963413 0 0 255
0.0611695 0.1036778 -0.0961824 0 0 255
0.0614350 0.1052747 -0.0957988 0 0 255
0.0617009 0.1068732 -0.0954148 0 0 255
0.0617132 0.1084151 -0.0952558 0 0 255
0.0614721 0.1098981 -0.0953220 0 0 255
0.0614844 0.1114392 -0.0951630 0 0 255
0.0617502 0.1130409 -0.0947787 0 0 255
0.0615091 0.1145216 -0.0948451 0 0 255
0.0620286 0.1161870 -0.0942349 0 0 255
0.0617872 0.1176669 -0.0943016 0 0 255
0.0615461 0.1191454 -0.0943682 0 0 255
0.0618120 0.1207510 -0.0939835 0 0 255
0.0618243 0.1222931 -0.0938244 0 0 255
0.0625987 0.1240334 -0.0929863 0 0 255
0.0646546 0.1261156 -0.0910052 0 0 255
0.0664688 0.1281461 -0.0892385 0 0 255
0.0667397 0.1297719 -0.0888474 0 0 255
0.0685688 0.1318237 -0.0870657 0 0 255
0.0696253 0.1336739 -0.0859726 0 0 255
0.0706861 0.1355317 -0.0848750 0 0 255
0.0709614 0.1371748 -0.0844786 0 0 255
0.0722918 0.1391198 -0.0831391 0 0 255
0.0730983 0.1409222 -0.0822671 0 0 255
0.0736417 0.1426529 -0.0816300 0 0 255
0.0744524 0.1444655 -0.0807534 0 0 255
0.0741988 0.1459670 -0.0808286 0 0 255
0.0744777 0.1476267 -0.0804273 0 0 255
0.0744904 0.1492073 -0.0802643 0 0 255
0.0747697 0.1508695 -0.0798625 0 0 255
0.0750492 0.1525335 -0.0794603 0 0 255
0.0747950 0.1540325 -0.0795363 0 0 255
0.0750746 0.1556982 -0.0791339 0 0 255
0.0753545 0.1573656 -0.0787310 0 0 255
0.0753672 0.1589488 -0.0785677 0 0 255
0.0753799 0.1605320 -0.0784044 0 0 255
0.0756600 0.1622028 -0.0780010 0 0 255
0.0762085 0.1639639 -0.0773565 0 0 255
0.0762212 0.1655497 -0.0771929 0 0 255
0.0762339 0.1671355 -0.0770294 0 0 255
0.0757108 0.1685393 -0.0773475 0 0 255
0.0757234 0.1701234 -0.0771841 0 0 255
0.0760039 0.1718002 -0.0767798 0 0 255
0.0762847 0.1734787 -0.0763752 0 0 255
0.0754940 0.1747819 -0.0769347 0 0 255
0.0757742 0.1764603 -0.0765305 0 0 255
0.0757869 0.1780446 -0.0763671 0 0 255
0.0755320 0.1795323 -0.0764447 0 0 255
0.0752773 0.1810185 -0.0765224 0 0 255
0.0750231 0.1825031 -0.0765998 0 0 255
0.0755700 0.1842828 -0.0759548 0 0 255
0.0750483 0.1856669 -0.0762736 0 0 255
0.0753281 0.1873493 -0.0758694 0 0 255
0.0756081 0.1890335 -0.0754648 0 0 255
0.0758884 0.1907195 -0.0750599 0 0 255
0.0761689 0.1924071 -0.0746545 0 0 255
0.0764498 0.1940966 -0.0742487 0 0 255
0.0769997 0.1958931 -0.0735995 0 0 255
0.0767437 0.1973749 -0.0736788 0 0 255
0.0770252 0.1990687 -0.0732720 0 0 255
0.0765006 0.2004412 -0.0735944 0 0 255
0.0765133 0.2020275 -0.0734307 0 0 255
0.0765260 0.2036137 -0.0732672 0 0 255
0.0765387 0.2052000 -0.0731035 0 0 255
0.0765514 0.2067863 -0.0729399 0 0 255
0.0757602 0.2080382 -0.0735047 0 0 255
0.0760406 0.2097342 -0.0730988 0 0 255
0.0752510 0.2109803 -0.0736628 0 0 255
0.0747303 0.2123358 -0.0739834 0 0 255
0.0739449 0.2135747 -0.0745446 0 0 255
0.0734267 0.2149240 -0.0748636 0 0 255
0.0723811 0.2160411 -0.0756618 0 0 255
0.0718662 0.2173838 -0.0759787 0 0 255
0.0708270 0.2184924 -0.0767721 0 0 255
0.0708396 0.2200610 -0.0766103 0 0 255
0.0692857 0.2209303 -0.0778726 0 0 255
0.0685170 0.2221429 -0.0784218 0 0 255
0.0682696 0.2235867 -0.0784972 0 0 255
0.0675040 0.2247929 -0.0790443 0 0 255
0.0664827 0.2258770 -0.0798246 0 0 255
0.0659797 0.2271942 -0.0801335 0 0 255
0.0657349 0.2286283 -0.0802076 0 0 255
0.0657473 0.2301811 -0.0800475 0 0 255
0.0649894 0.2313712 -0.0805895 0 0 255
0.0652583 0.2330433 -0.0801957 0 0 255
0.0650142 0.2344723 -0.0802697 0 0 255
0.0645144 0.2357770 -0.0805771 0 0 255
0.0647828 0.2374497 -0.0801837 0 0 255
0.0645392 0.2388750 -0.0802576 0 0 255
0.0653205 0.2408002 -0.0793957 0 0 255
0.0653328 0.2423517 -0.0792357 0 0 255
0.0653453 0.2439031 -0.0790757 0 0 255
0.0661290 0.2458390 -0.0782106 0 0 255
0.0661415 0.2473928 -0.0780503 0 0 255
0.0651259 0.2484282 -0.0788303 0 0 255
0.0664240 0.2506313 -0.0774941 0 0 255
0.0687670 0.2533759 -0.0752006 0 0 255
0.0957786 -0.0882774 -0.0824682 0 0 255
0.0958050 -0.0849736 -0.0821274 0 0 255
0.0937920 -0.0830338 -0.0836928 0 0 255
0.0920804 -0.0811484 -0.0850010 0 0 255
0.0757237 -0.0756914 -0.0987109 0 0 255
0.0749301 -0.0739967 -0.0992386 0 0 255
0.0736045 -0.0722395 -0.1002232 0 0 255
0.0704331 -0.0702625 -0.1027930 0 0 255
0.0701821 -0.0686570 -0.1028570 0 0 255
0.0701948 -0.0670840 -0.1026947 0 0 255
0.0681118 -0.0652714 -0.1043331 0 0 255
0.0673417 -0.0636177 -0.1048443 0 0 255
0.0665739 -0.0619691 -0.1053539 0 0 255
0.0663269 -0.0603800 -0.1054160 0 0 255
0.0655623 -0.0587397 -0.1059237 0 0 255
0.0655748 -0.0571811 -0.1057629 0 0 255
0.0648124 -0.0555481 -0.1062693 0 0 255
0.0648249 -0.0539918 -0.1061088 0 0 255
0.0645796 -0.0524123 -0.1061703 0 0 255
0.0648499 -0.0508791 -0.1057877 0 0 255
0.0643470 -0.0492797 -0.1060714 0 0 255
0.0643595 -0.0477249 -0.1059111 0 0 255
0.0641147 -0.0461502 -0.1059726 0 0 255
0.0643844 -0.0446152 -0.1055903 0 0 255
0.0646544 -0.0430787 -0.1052076 0 0 255
0.0646667 -0.0415231 -0.1050472 0 0 255
0.0649371 -0.0399842 -0.1046640 0 0 255
0.0644342 -0.0383957 -0.1049488 0 0 255
0.0647041 -0.0368559 -0.1045658 0 0 255
0.0649745 -0.0353146 -0.1041823 0 0 255
0.0652450 -0.0337716 -0.1037985 0 0 255
0.0657745 -0.0322400 -0.1031904 0 0 255
0.0655283 -0.0306689 -0.1032535 0 0 255
0.0660583 -0.0291333 -0.1026445 0 0 255
0.0658119 -0.0275630 -0.1027080 0 0 255
0.0663425 -0.0260233 -0.1020981 0 0 255
0.0666144 -0.0244716 -0.1017123 0 0 255
0.0663674 -0.0229020 -0.1017762 0 0 255
0.0661207 -0.0213340 -0.1018401 0 0 255
0.0663925 -0.0197806 -0.1014542 0 0 255
0.0664049 -0.0182198 -0.1012933 0 0 255
0.0658993 -0.0166492 -0.1015823 0 0 255
0.0651366 -0.0150777 -0.1020949 0 0 255
0.0654072 -0.0135242 -0.1017100 0 0 255
0.0654197 -0.0119665 -0.1015493 0 0 255
0.0646584 -0.0104037 -0.1020615 0 0 255
0.0641563 -0.0088465 -0.1023487 0 0 255
0.0639118 -0.0072927 -0.1024120 0 0 255
0.0636677 -0.0057404 -0.1024752 0 0 255
0.0631676 -0.0041910 -0.1027614 0 0 255
0.0629241 -0.0026426 -0.1028243 0 0 255
0.0626809 -0.0010957 -0.1028872 0 0 255
0.0626934 0.0004534 -0.1027274 0 0 255
0.0621953 0.0019934 -0.1030128 0 0 255
0.0614471 0.0035250 -0.1035165 0 0 255
0.0606980 0.0050519 -0.1040216 0 0 255
0.0609640 0.0066018 -0.1036411 0 0 255
0.0604694 0.0081302 -0.1039245 0 0 255
0.0602286 0.0096640 -0.1039865 0 0 255
0.0599882 0.0111963 -0.1040484 0 0 255
0.0600005 0.0127369 -0.1038895 0 0 255
0.0597602 0.0142669 -0.1039515 0 0 255
0.0595202 0.0157954 -0.1040133 0 0 255
0.0597849 0.0173468 -0.1036338 0 0 255
0.0595449 0.0188738 -0.1036958 0 0 255
0.0595572 0.0204130 -0.1035370 0 0 255
0.0590656 0.0219231 -0.1038196 0 0 255
0.0590779 0.0234608 -0.1036610 0 0 255
0.0588386 0.0249825 -0.1037229 0 0 255
0.0585995 0.0265026 -0.1037848 0 0 255
0.0586118 0.0280389 -0.1036263 0 0 255
0.0586241 0.0295751 -0.1034679 0 0 255
0.0583853 0.0310922 -0.1035298 0 0 255
0.0586487 0.0326477 -0.1031510 0 0 255
0.0586610 0.0341840 -0.1029925 0 0 255
0.0584222 0.0356989 -0.1030546 0 0 255
0.0586857 0.0372567 -0.1026755 0 0 255
0.0584468 0.0387701 -0.1027378 0 0 255
0.0587103 0.0403295 -0.1023585 0 0 255
0.0587226 0.0418659 -0.1022001 0 0 255
0.0589863 0.0434277 -0.1018204 0 0 255
0.0595022 0.0450173 -0.1012185 0 0 255
0.0597668 0.0465831 -0.1008377 0 0 255
0.0595269 0.0480949 -0.1009010 0 0 255
0.0600439 0.0496908 -0.1002977 0 0 255
0.0605620 0.0512900 -0.0996930 0 0 255
0.0605743 0.0528320 -0.0995339 0 0 255
0.0610934 0.0544360 -0.0989279 0 0 255
0.0616136 0.0560432 -0.0983206 0 0 255
0.0613719 0.0575558 -0.0983855 0 0 255
0.0621472 0.0592005 -0.0975526 0 0 255
0.0619050 0.0607130 -0.0976179 0 0 255
0.0626819 0.0623643 -0.0967830 0 0 255
0.0626943 0.0639126 -0.0966233 0 0 255
0.0634735 0.0655713 -0.0957856 0 0 255
0.0645121 0.0672728 -0.0947181 0 0 255
0.0647817 0.0688653 -0.0943303 0 0 255
0.0653094 0.0704989 -0.0937140 0 0 255
0.0653219 0.0720553 -0.0935535 0 0 255
0.0655922 0.0736527 -0.0931645 0 0 255
0.0653468 0.0751680 -0.0932324 0 0 255
0.0651014 0.0766818 -0.0933003 0 0 255
0.0648564 0.0781941 -0.0933681 0 0 255
0.0638415 0.0795728 -0.0941188 0 0 255
0.0635977 0.0810799 -0.0941860 0 0 255
0.0625879 0.0824493 -0.0949331 0 0 255
0.0623454 0.0839511 -0.0949997 0 0 255
0.0618486 0.0854046 -0.0952922 0 0 255
0.0608459 0.0867606 -0.0960344 0 0 255
0.0603522 0.0882069 -0.0963250 0 0 255
0.0601120 0.0896991 -0.0963905 0 0 255
0.0601243 0.0912393 -0.0962316 0 0 255
0.0598843 0.0927292 -0.0962973 0 0 255
0.0601490 0.0943196 -0.0959139 0 0 255
0.0599089 0.0958081 -0.0959797 0 0 255
0.0594172 0.0972425 -0.0962696 0 0 255
0.0599335 0.0988870 -0.0956621 0 0 255
0.0596937 0.1003724 -0.0957280 0 0 255
0.0597061 0.1019111 -0.0955693 0 0 255
0.0597184 0.1034499 -0.0954105 0 0 255
0.0599828 0.1050451 -0.0950270 0 0 255
0.0597430 0.1065275 -0.0950931 0 0 255
0.0600075 0.1081242 -0.0947094 0 0 255
0.0597677 0.1096051 -0.0947757 0 0 255
0.0590248 0.1109659 -0.0952913 0 0 255
0.0595403 0.1126226 -0.0946833 0 0 255
0.0593009 0.1140999 -0.0947496 0 0 255
0.0600691 0.1158225 -0.0939153 0 0 255
0.0595772 0.1172371 -0.0942074 0 0 255
0.0600938 0.1189019 -0.0935977 0 0 255
0.0601061 0.1204416 -0.0934389 0 0 255
0.0606237 0.1221114 -0.0928279 0 0 255
0.0611423 0.1237846 -0.0922156 0 0 255
0.0619161 0.1255281 -0.0913745 0 0 255
0.0621827 0.1271411 -0.0909873 0 0 255
0.0632150 0.1289621 -0.0899138 0 0 255
0.0652798 0.1310708 -0.0879141 0 0 255
0.0660661 0.1328397 -0.0870597 0 0 255
0.0665959 0.1345418 -0.0864349 0 0 255
0.0676461 0.1363939 -0.0853428 0 0 255
0.0692233 0.1384023 -0.0837771 0 0 255
0.0700218 0.1401962 -0.0829096 0 0 255
0.0710862 0.1420723 -0.0818029 0 0 255
0.0716263 0.1438007 -0.0811666 0 0 255
0.0719032 0.1454541 -0.0807666 0 0 255
0.0719158 0.1470299 -0.0806041 0 0 255
0.0721928 0.1486858 -0.0802037 0 0 255
0.0724702 0.1503435 -0.0798029 0 0 255
0.0730131 0.1520850 -0.0791630 0 0 255
0.0730258 0.1536641 -0.0790000 0 0 255
0.0727732 0.1551595 -0.0790761 0 0 255
0.0735825 0.1569916 -0.0781955 0 0 255
0.0735952 0.1585724 -0.0780325 0 0 255
0.0730764 0.1599806 -0.0783485 0 0 255
0.0736205 0.1617339 -0.0777064 0 0 255
0.0736331 0.1633148 -0.0775433 0 0 255
0.0736458 0.1648956 -0.0773803 0 0 255
0.0739246 0.1665662 -0.0769770 0 0 255
0.0739373 0.1681479 -0.0768138 0 0 255
0.0736838 0.1696383 -0.0768911 0 0 255
0.0736964 0.1712192 -0.0767280 0 0 255
0.0737091 0.1728002 -0.0765650 0 0 255
0.0737217 0.1743811 -0.0764019 0 0 255
0.0737343 0.1759621 -0.0762389 0 0 255
0.0734811 0.1774478 -0.0763164 0 0 255
0.0734937 0.1790280 -0.0761534 0 0 255
0.0732406 0.1805114 -0.0762310 0 0 255
0.0727228 0.1818958 -0.0765485 0 0 255
0.0727354 0.1834736 -0.0763858 0 0 255
0.0727480 0.1850515 -0.0762231 0 0 255
0.0730258 0.1867293 -0.0758199 0 0 255
0.0730384 0.1883080 -0.0756571 0 0 255
0.0730510 0.1898867 -0.0754943 0 0 255
0.0735949 0.1916705 -0.0748494 0 0 255
0.0744064 0.1935616 -0.0739613 0 0 255
0.0744190 0.1951444 -0.0737981 0 0 255
0.0746986 0.1968328 -0.0733924 0 0 255
0.0747113 0.1984165 -0.0732290 0 0 255
0.0747240 0.2000002 -0.0730657 0 0 255
0.0747367 0.2015841 -0.0729023 0 0 255
0.0744825 0.2030591 -0.0729817 0 0 255
0.0744951 0.2046421 -0.0728184 0 0 255
0.0747747 0.2063355 -0.0724123 0 0 255
0.0745205 0.2078082 -0.0724919 0 0 255
0.0737341 0.2090560 -0.0730562 0 0 255
0.0740128 0.2107490 -0.0726508 0 0 255
0.0729628 0.2118780 -0.0734561 0 0 255
0.0727104 0.2133427 -0.0735348 0 0 255
0.0719296 0.2145775 -0.0740955 0 0 255
0.0714146 0.2159231 -0.0744143 0 0 255
0.0703753 0.2170358 -0.0752118 0 0 255
0.0698635 0.2183748 -0.0755284 0 0 255
0.0680524 0.2191336 -0.0770316 0 0 255
0.0678051 0.2205805 -0.0771077 0 0 255
0.0672985 0.2219090 -0.0774208 0 0 255
0.0665344 0.2231178 -0.0779695 0 0 255
0.0657725 0.2243228 -0.0785166 0 0 255
0.0652701 0.2256423 -0.0788269 0 0 255
0.0647687 0.2269591 -0.0791366 0 0 255
0.0645245 0.2283925 -0.0792113 0 0 255
0.0640246 0.2297046 -0.0795201 0 0 255
0.0635258 0.2310140 -0.0798283 0 0 255
0.0635382 0.2325630 -0.0796686 0 0 255
0.0632953 0.2339900 -0.0797427 0 0 255
0.0633077 0.2355383 -0.0795830 0 0 255
0.0635754 0.2372101 -0.0791892 0 0 255
0.0633325 0.2386348 -0.0792636 0 0 255
0.0630898 0.2400582 -0.0793379 0 0 255
0.0633572 0.2417314 -0.0789442 0 0 255
0.0633697 0.2432798 -0.0787845 0 0 255
0.0641487 0.2452107 -0.0779208 0 0 255
0.0649303 0.2471476 -0.0770544 0 0 255
0.0644297 0.2484416 -0.0773655 0 0 255
0.0646985 0.2501235 -0.0769699 0 0 255
0.0659968 0.2523333 -0.0756275 0 0 255
0.0683402 0.2550885 -0.0733230 0 0 255
0.0927272 -0.0897432 -0.0830657 0 0 255
0.0904477 -0.0877494 -0.0848671 0 0 255
0.0907464 -0.0861533 -0.0844525 0 0 255
0.0907595 -0.0845138 -0.0842834 0 0 255
0.0907726 -0.0828743 -0.0841143 0 0 255
0.0887935 -0.0809568 -0.0856604 0 0 255
0.0798891 -0.0781070 -0.0931722 0 0 255
0.0734059 -0.0756350 -0.0986033 0 0 255
0.0742218 -0.0741537 -0.0977475 0 0 255
0.0731642 -0.0724291 -0.0985065 0 0 255
0.0707847 -0.0705471 -0.1004061 0 0 255
0.0697412 -0.0688415 -0.1011544 0 0 255
0.0679194 -0.0670507 -0.1025752 0 0 255
0.0674093 -0.0654217 -0.1028646 0 0 255
0.0674219 -0.0638543 -0.1027029 0 0 255
0.0653545 -0.0620609 -0.1043382 0 0 255
0.0653669 -0.0604999 -0.1041772 0 0 255
0.0648620 -0.0588859 -0.1044635 0 0 255
0.0643582 -0.0572751 -0.1047491 0 0 255
0.0638554 -0.0556676 -0.1050342 0 0 255
0.0636106 -0.0540873 -0.1050963 0 0 255
0.0636230 -0.0525317 -0.1049359 0 0 255
0.0633785 -0.0509538 -0.1049980 0 0 255
0.0628777 -0.0493559 -0.1052822 0 0 255
0.0634034 -0.0478442 -0.1046772 0 0 255
0.0631590 -0.0462694 -0.1047394 0 0 255
0.0631715 -0.0447153 -0.1045791 0 0 255
0.0629274 -0.0431429 -0.1046413 0 0 255
0.0629398 -0.0415896 -0.1044811 0 0 255
0.0634656 -0.0400698 -0.1038752 0 0 255
0.0632213 -0.0384989 -0.1039379 0 0 255
0.0632337 -0.0369447 -0.1037776 0 0 255
0.0632461 -0.0353905 -0.1036173 0 0 255
0.0637724 -0.0338636 -0.1030103 0 0 255
0.0640423 -0.0323207 -0.1026260 0 0 255
0.0643123 -0.0307762 -0.1022413 0 0 255
0.0643247 -0.0292188 -0.1020807 0 0 255
0.0648533 -0.0276824 -0.1014708 0 0 255
0.0646076 -0.0261136 -0.1015348 0 0 255
0.0646201 -0.0245553 -0.1013741 0 0 255
0.0648908 -0.0230051 -0.1009883 0 0 255
0.0649033 -0.0214460 -0.1008275 0 0 255
0.0649158 -0.0198869 -0.1006666 0 0 255
0.0651867 -0.0183335 -0.1002804 0 0 255
0.0644246 -0.0167586 -0.1007954 0 0 255
0.0639219 -0.0151926 -0.1010843 0 0 255
0.0639344 -0.0136366 -0.1009238 0 0 255
0.0642042 -0.0120831 -0.1005384 0 0 255
0.0631886 -0.0105191 -0.1012761 0 0 255
0.0629446 -0.0089644 -0.1013400 0 0 255
0.0627009 -0.0074112 -0.1014037 0 0 255
0.0624574 -0.0058596 -0.1014674 0 0 255
0.0617037 -0.0043123 -0.1019776 0 0 255
0.0619712 -0.0027611 -0.1015946 0 0 255
0.0614736 -0.0012171 -0.1018812 0 0 255
0.0612314 0.0003276 -0.1019445 0 0 255
0.0607353 0.0018661 -0.1022303 0 0 255
0.0599902 0.0033964 -0.1027347 0 0 255
0.0597494 0.0049341 -0.1027974 0 0 255
0.0600148 0.0064839 -0.1024163 0 0 255
0.0592687 0.0080049 -0.1029225 0 0 255
0.0592810 0.0095463 -0.1027635 0 0 255
0.0587889 0.0110695 -0.1030473 0 0 255
0.0590534 0.0126193 -0.1026671 0 0 255
0.0583101 0.0141281 -0.1031719 0 0 255
0.0585740 0.0156779 -0.1027921 0 0 255
0.0585863 0.0172171 -0.1026333 0 0 255
0.0583470 0.0187434 -0.1026958 0 0 255
0.0583593 0.0202818 -0.1025372 0 0 255
0.0581203 0.0218058 -0.1025996 0 0 255
0.0578814 0.0233283 -0.1026621 0 0 255
0.0576429 0.0248493 -0.1027244 0 0 255
0.0576552 0.0263855 -0.1025659 0 0 255
0.0574168 0.0279042 -0.1026283 0 0 255
0.0571787 0.0294214 -0.1026907 0 0 255
0.0571910 0.0309562 -0.1025324 0 0 255
0.0574537 0.0325108 -0.1021532 0 0 255
0.0574660 0.0340463 -0.1019948 0 0 255
0.0574783 0.0355819 -0.1018364 0 0 255
0.0572401 0.0370954 -0.1018991 0 0 255
0.0577536 0.0386761 -0.1012982 0 0 255
0.0575151 0.0401888 -0.1013612 0 0 255
0.0577781 0.0417490 -0.1009812 0 0 255
0.0577904 0.0432854 -0.1008227 0 0 255
0.0578027 0.0448219 -0.1006642 0 0 255
0.0583172 0.0464121 -0.1000614 0 0 255
0.0588328 0.0480055 -0.0994575 0 0 255
0.0585933 0.0495167 -0.0995215 0 0 255
0.0591094 0.0511141 -0.0989167 0 0 255
0.0596265 0.0527147 -0.0983106 0 0 255
0.0598916 0.0542876 -0.0979276 0 0 255
0.0601570 0.0558622 -0.0975442 0 0 255
0.0601693 0.0574058 -0.0973849 0 0 255
0.0606886 0.0590161 -0.0967761 0 0 255
0.0612088 0.0606297 -0.0961660 0 0 255
0.0614756 0.0622115 -0.0957807 0 0 255
0.0617425 0.0637950 -0.0953950 0 0 255
0.0625204 0.0654535 -0.0945554 0 0 255
0.0630444 0.0670794 -0.0939409 0 0 255
0.0633130 0.0686702 -0.0935531 0 0 255
0.0640956 0.0703413 -0.0927081 0 0 255
0.0643653 0.0719371 -0.0923189 0 0 255
0.0646352 0.0735344 -0.0919293 0 0 255
0.0643902 0.0750499 -0.0919978 0 0 255
0.0638884 0.0765212 -0.0922951 0 0 255
0.0636441 0.0780328 -0.0923633 0 0 255
0.0626321 0.0794112 -0.0931156 0 0 255
0.0621338 0.0808730 -0.0934108 0 0 255
0.0616366 0.0823319 -0.0937053 0 0 255
0.0611404 0.0837878 -0.0939991 0 0 255
0.0603917 0.0851942 -0.0945185 0 0 255
0.0596454 0.0865964 -0.0950363 0 0 255
0.0589013 0.0879944 -0.0955525 0 0 255
0.0589136 0.0895337 -0.0953938 0 0 255
0.0586742 0.0910238 -0.0954598 0 0 255
0.0584351 0.0925123 -0.0955257 0 0 255
0.0584474 0.0940502 -0.0953671 0 0 255
0.0584598 0.0955881 -0.0952084 0 0 255
0.0582209 0.0970737 -0.0952745 0 0 255
0.0579822 0.0985578 -0.0953405 0 0 255
0.0579945 0.1000942 -0.0951820 0 0 255
0.0580068 0.1016306 -0.0950235 0 0 255
0.0577684 0.1031117 -0.0950895 0 0 255
0.0580314 0.1047035 -0.0947065 0 0 255
0.0580437 0.1062400 -0.0945480 0 0 255
0.0580560 0.1077765 -0.0943896 0 0 255
0.0578176 0.1092547 -0.0944559 0 0 255
0.0578299 0.1107904 -0.0942975 0 0 255
0.0578421 0.1123262 -0.0941391 0 0 255
0.0581051 0.1139228 -0.0937556 0 0 255
0.0578667 0.1153979 -0.0938222 0 0 255
0.0578822 0.1169345 -0.0936609 0 0 255
0.0584054 0.1201332 -0.0928959 0 0 255
0.0586689 0.1217354 -0.0925114 0 0 255
0.0586812 0.1232736 -0.0923527 0 0 255
0.0589451 0.1248782 -0.0919677 0 0 255
0.0594612 0.1265517 -0.0913555 0 0 255
0.0607377 0.1284334 -0.0900585 0 0 255
0.0622755 0.1303943 -0.0885253 0 0 255
0.0630541 0.1321550 -0.0876752 0 0 255
0.0640919 0.1339927 -0.0865911 0 0 255
0.0653918 0.1359108 -0.0852700 0 0 255
0.0664391 0.1377646 -0.0841761 0 0 255
0.0674906 0.1396261 -0.0830776 0 0 255
0.0685465 0.1414953 -0.0819746 0 0 255
0.0696067 0.1433721 -0.0808672 0 0 255
0.0696193 0.1449438 -0.0807050 0 0 255
0.0698945 0.1465945 -0.0803057 0 0 255
0.0704331 0.1483267 -0.0796682 0 0 255
0.0707090 0.1499816 -0.0792678 0 0 255
0.0707217 0.1515566 -0.0791053 0 0 255
0.0707343 0.1531317 -0.0789428 0 0 255
0.0704834 0.1546235 -0.0790187 0 0 255
0.0707595 0.1562818 -0.0786179 0 0 255
0.0710358 0.1579418 -0.0782166 0 0 255
0.0707847 0.1594319 -0.0782930 0 0 255
0.0707973 0.1610071 -0.0781305 0 0 255
0.0710736 0.1626696 -0.0777290 0 0 255
0.0710862 0.1642456 -0.0775665 0 0 255
0.0716272 0.1659998 -0.0769247 0 0 255
0.0713755 0.1674874 -0.0770018 0 0 255
0.0713881 0.1690643 -0.0768392 0 0 255
0.0711367 0.1705497 -0.0769162 0 0 255
0.0711493 0.1721258 -0.0767536 0 0 255
0.0708981 0.1736088 -0.0768307 0 0 255
0.0709107 0.1751841 -0.0766682 0 0 255
0.0709233 0.1767595 -0.0765057 0 0 255
0.0709359 0.1783348 -0.0763432 0 0 255
0.0706850 0.1798140 -0.0764204 0 0 255
0.0706975 0.1813886 -0.0762580 0 0 255
0.0709737 0.1830609 -0.0758557 0 0 255
0.0704594 0.1844392 -0.0761728 0 0 255
0.0707354 0.1861124 -0.0757707 0 0 255
0.0704847 0.1875869 -0.0758481 0 0 255
0.0712880 0.1894639 -0.0749652 0 0 255
0.0710368 0.1909383 -0.0750431 0 0 255
0.0715774 0.1927195 -0.0743991 0 0 255
0.0726494 0.1947125 -0.0732702 0 0 255
0.0729275 0.1963980 -0.0728649 0 0 255
0.0732059 0.1980853 -0.0724592 0 0 255
0.0732186 0.1996674 -0.0722960 0 0 255
0.0729655 0.2011419 -0.0723756 0 0 255
0.0732440 0.2028317 -0.0719696 0 0 255
0.0729908 0.2043047 -0.0720493 0 0 255
0.0730034 0.2058860 -0.0718862 0 0 255
0.0724852 0.2072461 -0.0722086 0 0 255
0.0727631 0.2089373 -0.0718029 0 0 255
0.0722455 0.2102935 -0.0721252 0 0 255
0.0717288 0.2116469 -0.0724469 0 0 255
0.0714772 0.2131109 -0.0725261 0 0 255
0.0706987 0.2143455 -0.0730880 0 0 255
0.0699226 0.2155762 -0.0736483 0 0 255
0.0694108 0.2169181 -0.0739668 0 0 255
0.0686387 0.2181418 -0.0745243 0 0 255
0.0670924 0.2190165 -0.0757923 0 0 255
0.0665863 0.2203473 -0.0761068 0 0 255
0.0660812 0.2216755 -0.0764207 0 0 255
0.0650617 0.2227670 -0.0772072 0 0 255
0.0645598 0.2240887 -0.0775190 0 0 255
0.0640588 0.2254078 -0.0778303 0 0 255
0.0633031 0.2266057 -0.0783758 0 0 255
0.0630599 0.2280379 -0.0784507 0 0 255
0.0625620 0.2293490 -0.0787600 0 0 255
0.0620651 0.2306575 -0.0790688 0 0 255
0.0618232 0.2320841 -0.0791430 0 0 255
0.0618356 0.2336308 -0.0789835 0 0 255
0.0618480 0.2351774 -0.0788240 0 0 255
0.0616063 0.2366011 -0.0788983 0 0 255
0.0616187 0.2381470 -0.0787389 0 0 255
0.0618851 0.2398176 -0.0783453 0 0 255
0.0618975 0.2413644 -0.0781857 0 0 255
0.0624188 0.2431640 -0.0775569 0 0 255
0.0626860 0.2448397 -0.0771622 0 0 255
0.0632088 0.2466455 -0.0765314 0 0 255
0.0632212 0.2481963 -0.0763715 0 0 255
0.0637451 0.2500074 -0.0757392 0 0 255
0.0647838 0.2520852 -0.0746312 0 0 255
0.0676399 0.2551055 -0.0718435 0 0 255
0.0679125 0.2568046 -0.0714417 0 0 255
0.0679250 0.2583697 -0.0712803 0 0 255
0.0899972 -0.0896028 -0.0832431 0 0 255
0.0902959 -0.0880059 -0.0828272 0 0 255
0.0880329 -0.0860249 -0.0846248 0 0 255
0.0883294 -0.0844321 -0.0842112 0 0 255
0.0821759 -0.0819146 -0.0893752 0 0 255
0.0769808 -0.0795694 -0.0937137 0 0 255
0.0769935 -0.0779694 -0.0935486 0 0 255
0.0743049 -0.0760078 -0.0957221 0 0 255
0.0735126 -0.0743108 -0.0962550 0 0 255
0.0729901 -0.0726532 -0.0965547 0 0 255
0.0706078 -0.0707673 -0.0984663 0 0 255
0.0690361 -0.0689945 -0.0996767 0 0 255
0.0661725 -0.0670787 -0.1020082 0 0 255
0.0659249 -0.0654821 -0.1020722 0 0 255
0.0656775 -0.0638872 -0.1021363 0 0 255
0.0649119 -0.0622373 -0.1026503 0 0 255
0.0641486 -0.0605925 -0.1031627 0 0 255
0.0636452 -0.0589791 -0.1034498 0 0 255
0.0636577 -0.0574204 -0.1032890 0 0 255
0.0631554 -0.0558120 -0.1035757 0 0 255
0.0623975 -0.0541827 -0.1040848 0 0 255
0.0624100 -0.0526279 -0.1039245 0 0 255
0.0621662 -0.0510507 -0.1039871 0 0 255
0.0621786 -0.0494967 -0.1038268 0 0 255
0.0621910 -0.0479427 -0.1036665 0 0 255
0.0619474 -0.0463686 -0.1037291 0 0 255
0.0619599 -0.0448153 -0.1035689 0 0 255
0.0617165 -0.0432436 -0.1036316 0 0 255
0.0619847 -0.0417087 -0.1032484 0 0 255
0.0619971 -0.0401553 -0.1030882 0 0 255
0.0620096 -0.0386020 -0.1029279 0 0 255
0.0620220 -0.0370486 -0.1027677 0 0 255
0.0620344 -0.0354952 -0.1026074 0 0 255
0.0623029 -0.0339554 -0.1022235 0 0 255
0.0625717 -0.0324141 -0.1018392 0 0 255
0.0623278 -0.0308469 -0.1019029 0 0 255
0.0628532 -0.0293154 -0.1012941 0 0 255
0.0633796 -0.0277806 -0.1006841 0 0 255
0.0631350 -0.0262133 -0.1007484 0 0 255
0.0631474 -0.0246566 -0.1005878 0 0 255
0.0631599 -0.0230999 -0.1004272 0 0 255
0.0634295 -0.0215505 -0.1000414 0 0 255
0.0634419 -0.0199930 -0.0998808 0 0 255
0.0637118 -0.0184412 -0.0994945 0 0 255
0.0634668 -0.0168778 -0.0995594 0 0 255
0.0629652 -0.0153117 -0.0998496 0 0 255
0.0627210 -0.0137522 -0.0999142 0 0 255
0.0627334 -0.0121969 -0.0997538 0 0 255
0.0619774 -0.0106361 -0.1002679 0 0 255
0.0614787 -0.0090810 -0.1005565 0 0 255
0.0617466 -0.0075299 -0.1001721 0 0 255
0.0607389 -0.0059798 -0.1009083 0 0 255
0.0610059 -0.0044294 -0.1005247 0 0 255
0.0607637 -0.0028816 -0.1005887 0 0 255
0.0600137 -0.0013411 -0.1010995 0 0 255
0.0597725 0.0002020 -0.1011631 0 0 255
0.0595347 0.0017436 -0.1012238 0 0 255
0.0590411 0.0032785 -0.1015099 0 0 255
0.0588008 0.0048162 -0.1015732 0 0 255
0.0585608 0.0063525 -0.1016364 0 0 255
0.0580692 0.0078796 -0.1019214 0 0 255
0.0580815 0.0094203 -0.1017625 0 0 255
0.0580938 0.0109610 -0.1016036 0 0 255
0.0573520 0.0124722 -0.1021100 0 0 255
0.0573644 0.0140107 -0.1019512 0 0 255
0.0576278 0.0155605 -0.1015708 0 0 255
0.0576401 0.0170997 -0.1014120 0 0 255
0.0568998 0.0186002 -0.1019183 0 0 255
0.0574136 0.0201645 -0.1013164 0 0 255
0.0569244 0.0216741 -0.1016011 0 0 255
0.0569367 0.0232111 -0.1014426 0 0 255
0.0569489 0.0247481 -0.1012841 0 0 255
0.0567108 0.0262684 -0.1013471 0 0 255
0.0564729 0.0277872 -0.1014101 0 0 255
0.0567354 0.0293409 -0.1010301 0 0 255
0.0564975 0.0308582 -0.1010933 0 0 255
0.0562598 0.0323740 -0.1011564 0 0 255
0.0565220 0.0339293 -0.1007765 0 0 255
0.0562844 0.0354436 -0.1008397 0 0 255
0.0565466 0.0370006 -0.1004597 0 0 255
0.0565589 0.0385362 -0.1003013 0 0 255
0.0563212 0.0400482 -0.1003647 0 0 255
0.0565834 0.0416075 -0.0999845 0 0 255
0.0565957 0.0431432 -0.0998261 0 0 255
0.0568582 0.0447049 -0.0994453 0 0 255
0.0571211 0.0462682 -0.0990641 0 0 255
0.0571333 0.0478055 -0.0989056 0 0 255
0.0576474 0.0493996 -0.0983007 0 0 255
0.0581625 0.0509969 -0.0976947 0 0 255
0.0586786 0.0525974 -0.0970874 0 0 255
0.0589433 0.0541703 -0.0967036 0 0 255
0.0589556 0.0557131 -0.0965445 0 0 255
0.0592206 0.0572884 -0.0961604 0 0 255
0.0599921 0.0589320 -0.0953245 0 0 255
0.0602582 0.0605121 -0.0949389 0 0 255
0.0605243 0.0620939 -0.0945530 0 0 255
0.0607908 0.0636773 -0.0941667 0 0 255
0.0615672 0.0653357 -0.0933252 0 0 255
0.0623460 0.0669991 -0.0924811 0 0 255
0.0626143 0.0685907 -0.0920924 0 0 255
0.0626268 0.0701447 -0.0919321 0 0 255
0.0631520 0.0717788 -0.0913136 0 0 255
0.0636782 0.0734162 -0.0906939 0 0 255
0.0629203 0.0748483 -0.0912220 0 0 255
0.0624205 0.0763185 -0.0915198 0 0 255
0.0621772 0.0778286 -0.0915884 0 0 255
0.0616789 0.0792935 -0.0918853 0 0 255
0.0606729 0.0806666 -0.0926371 0 0 255
0.0601777 0.0821242 -0.0929321 0 0 255
0.0594305 0.0835331 -0.0934531 0 0 255
0.0589377 0.0849842 -0.0937465 0 0 255
0.0584459 0.0864324 -0.0940393 0 0 255
0.0579552 0.0878776 -0.0943315 0 0 255
0.0577163 0.0893685 -0.0943980 0 0 255
0.0574777 0.0908579 -0.0944645 0 0 255
0.0569889 0.0922959 -0.0947557 0 0 255
0.0570011 0.0938322 -0.0945972 0 0 255
0.0567633 0.0953172 -0.0946635 0 0 255
0.0567755 0.0968528 -0.0945051 0 0 255
0.0565379 0.0983355 -0.0945713 0 0 255
0.0568001 0.0999241 -0.0941883 0 0 255
0.0565624 0.1014053 -0.0942547 0 0 255
0.0568246 0.1029954 -0.0938714 0 0 255
0.0565870 0.1044752 -0.0939380 0 0 255
0.0563495 0.1059534 -0.0940045 0 0 255
0.0563618 0.1074876 -0.0938463 0 0 255
0.0561278 0.1089644 -0.0939099 0 0 255
0.0561523 0.1120314 -0.0935935 0 0 255
0.0564140 0.1136255 -0.0932103 0 0 255
0.0569261 0.1152825 -0.0926012 0 0 255
0.0566884 0.1167562 -0.0926684 0 0 255
0.0567007 0.1182913 -0.0925100 0 0 255
0.0569630 0.1198902 -0.0921259 0 0 255
0.0572256 0.1214906 -0.0917413 0 0 255
0.0572378 0.1230274 -0.0915828 0 0 255
0.0580117 0.1263010 -0.0905882 0 0 255
0.0587788 0.1280439 -0.0897469 0 0 255
0.0592955 0.1297232 -0.0891314 0 0 255
0.0608274 0.1316860 -0.0875970 0 0 255
0.0618579 0.1335181 -0.0865155 0 0 255
0.0626367 0.1352855 -0.0856615 0 0 255
0.0636746 0.1371315 -0.0845722 0 0 255
0.0652332 0.1391341 -0.0830105 0 0 255
0.0662817 0.1409975 -0.0819102 0 0 255
0.0670741 0.1427917 -0.0810416 0 0 255
0.0670866 0.1443586 -0.0808800 0 0 255
0.0676204 0.1460823 -0.0802454 0 0 255
0.0684168 0.1478891 -0.0793720 0 0 255
0.0684294 0.1494601 -0.0792100 0 0 255
0.0681804 0.1509499 -0.0792855 0 0 255
0.0687164 0.1526840 -0.0786479 0 0 255
0.0682055 0.1540903 -0.0789616 0 0 255
0.0684797 0.1557441 -0.0785617 0 0 255
0.0687541 0.1573996 -0.0781615 0 0 255
0.0687667 0.1589714 -0.0779994 0 0 255
0.0685173 0.1604573 -0.0780756 0 0 255
0.0687918 0.1621152 -0.0776751 0 0 255
0.0685425 0.1635995 -0.0777514 0 0 255
0.0690791 0.1653477 -0.0771119 0 0 255
0.0688295 0.1668312 -0.0771886 0 0 255
0.0685802 0.1683130 -0.0772652 0 0 255
0.0691168 0.1700661 -0.0766252 0 0 255
0.0691294 0.1716390 -0.0764630 0 0 255
0.0691420 0.1732119 -0.0763007 0 0 255
0.0686304 0.1745981 -0.0766169 0 0 255
0.0686430 0.1761694 -0.0764548 0 0 255
0.0686556 0.1777407 -0.0762927 0 0 255
0.0691923 0.1795035 -0.0756516 0 0 255
0.0684190 0.1807869 -0.0762077 0 0 255
0.0684316 0.1823575 -0.0760457 0 0 255
0.0687059 0.1840261 -0.0756443 0 0 255
0.0687184 0.1855976 -0.0754822 0 0 255
0.0687310 0.1871690 -0.0753201 0 0 255
0.0687435 0.1887404 -0.0751581 0 0 255
0.0692804 0.1905148 -0.0745158 0 0 255
0.0698184 0.1922928 -0.0738723 0 0 255
0.0703575 0.1940745 -0.0732274 0 0 255
0.0708976 0.1958599 -0.0725812 0 0 255
0.0714390 0.1976490 -0.0719337 0 0 255
0.0717164 0.1993352 -0.0715279 0 0 255
0.0714642 0.2008084 -0.0716078 0 0 255
0.0714769 0.2023881 -0.0714448 0 0 255
0.0714895 0.2039679 -0.0712819 0 0 255
0.0715021 0.2055477 -0.0711189 0 0 255
0.0709860 0.2069066 -0.0714417 0 0 255
0.0709986 0.2084848 -0.0712789 0 0 255
0.0704835 0.2098394 -0.0716012 0 0 255
0.0702326 0.2113035 -0.0716809 0 0 255
0.0699821 0.2127662 -0.0717604 0 0 255
0.0694691 0.2141136 -0.0720815 0 0 255
0.0686952 0.2153441 -0.0726431 0 0 255
0.0676631 0.2164564 -0.0734429 0 0 255
0.0674151 0.2179090 -0.0735211 0 0 255
0.0656146 0.2186688 -0.0750299 0 0 255
0.0653687 0.2201144 -0.0751069 0 0 255
0.0643502 0.2212097 -0.0758964 0 0 255
0.0635921 0.2224171 -0.0764464 0 0 255
0.0633481 0.2238549 -0.0765225 0 0 255
0.0625932 0.2250559 -0.0770703 0 0 255
0.0618404 0.2262532 -0.0776165 0 0 255
0.0610899 0.2274468 -0.0781611 0 0 255
0.0613564 0.2291136 -0.0777668 0 0 255
0.0606074 0.2303017 -0.0783105 0 0 255
0.0603665 0.2317271 -0.0783852 0 0 255
0.0606321 0.2333935 -0.0779916 0 0 255
0.0603912 0.2348174 -0.0780664 0 0 255
0.0604035 0.2363625 -0.0779070 0 0 255
0.0604159 0.2379077 -0.0777476 0 0 255
0.0604282 0.2394529 -0.0775883 0 0 255
0.0609475 0.2412487 -0.0769595 0 0 255
0.0612137 0.2429218 -0.0765648 0 0 255
0.0612260 0.2444693 -0.0764052 0 0 255
0.0617469 0.2462730 -0.0757742 0 0 255
0.0630350 0.2484685 -0.0744315 0 0 255
0.0627917 0.2498914 -0.0745085 0 0 255
0.0640851 0.2521006 -0.0731599 0 0 255
0.0659019 0.2545877 -0.0713247 0 0 255
0.0669513 0.2566876 -0.0702009 0 0 255
0.0664448 0.2579819 -0.0705215 0 0 255
0.0669763 0.2598180 -0.0698780 0 0 255
0.0889882 -0.0897291 -0.0819412 0 0 255
0.0881481 -0.0879582 -0.0825126 0 0 255
0.0864629 -0.0860661 -0.0838182 0 0 255
0.0819998 -0.0837770 -0.0875376 0 0 255
0.0795281 -0.0818015 -0.0895294 0 0 255
0.0781742 -0.0799985 -0.0905512 0 0 255
0.0781870 -0.0783916 -0.0903855 0 0 255
0.0754807 -0.0764196 -0.0925846 0 0 255
0.0733387 -0.0745384 -0.0942945 0 0 255
0.0722806 -0.0728095 -0.0950623 0 0 255
0.0712270 -0.0710877 -0.0958268 0 0 255
0.0680671 -0.0691156 -0.0984264 0 0 255
0.0649494 -0.0671682 -0.1009911 0 0 255
0.0652216 -0.0656325 -0.1006033 0 0 255
0.0644559 -0.0639783 -0.1011202 0 0 255
0.0636925 -0.0623291 -0.1016355 0 0 255
0.0637050 -0.0607672 -0.1014743 0 0 255
0.0626867 -0.0590988 -0.1022128 0 0 255
0.0621853 -0.0574886 -0.1025006 0 0 255
0.0616850 -0.0558817 -0.1027878 0 0 255
0.0614414 -0.0543021 -0.1028510 0 0 255
0.0611981 -0.0527240 -0.1029141 0 0 255
0.0609550 -0.0511476 -0.1029772 0 0 255
0.0609674 -0.0495943 -0.1028169 0 0 255
0.0609798 -0.0480411 -0.1026567 0 0 255
0.0607370 -0.0464677 -0.1027198 0 0 255
0.0604944 -0.0448960 -0.1027829 0 0 255
0.0605068 -0.0433442 -0.1026228 0 0 255
0.0605192 -0.0417924 -0.1024627 0 0 255
0.0607867 -0.0402575 -0.1020792 0 0 255
0.0602893 -0.0386728 -0.1023659 0 0 255
0.0603017 -0.0371217 -0.1022059 0 0 255
0.0605689 -0.0355852 -0.1018224 0 0 255
0.0610917 -0.0340608 -0.1012145 0 0 255
0.0608487 -0.0324944 -0.1012783 0 0 255
0.0613721 -0.0309660 -0.1006695 0 0 255
0.0613845 -0.0294117 -0.1005091 0 0 255
0.0616528 -0.0278680 -0.1001240 0 0 255
0.0616652 -0.0263129 -0.0999636 0 0 255
0.0619338 -0.0247668 -0.0995779 0 0 255
0.0619462 -0.0232108 -0.0994174 0 0 255
0.0617025 -0.0216474 -0.0994823 0 0 255
0.0619711 -0.0200989 -0.0990964 0 0 255
0.0619835 -0.0185429 -0.0989359 0 0 255
0.0619960 -0.0169868 -0.0987754 0 0 255
0.0617523 -0.0154265 -0.0988405 0 0 255
0.0615088 -0.0138677 -0.0989056 0 0 255
0.0615212 -0.0123132 -0.0987453 0 0 255
0.0612780 -0.0107568 -0.0988104 0 0 255
0.0602702 -0.0091986 -0.0995501 0 0 255
0.0602826 -0.0076480 -0.0993901 0 0 255
0.0600407 -0.0060978 -0.0994548 0 0 255
0.0597988 -0.0045491 -0.0995194 0 0 255
0.0593037 -0.0030041 -0.0998079 0 0 255
0.0593161 -0.0014565 -0.0996483 0 0 255
0.0583196 0.0000767 -0.1003805 0 0 255
0.0580797 0.0016168 -0.1004442 0 0 255
0.0578399 0.0031554 -0.1005080 0 0 255
0.0578522 0.0046984 -0.1003488 0 0 255
0.0576127 0.0062347 -0.1004126 0 0 255
0.0571220 0.0077620 -0.1006989 0 0 255
0.0571343 0.0093027 -0.1005400 0 0 255
0.0568955 0.0108344 -0.1006036 0 0 255
0.0569078 0.0123743 -0.1004448 0 0 255
0.0564186 0.0138932 -0.1007306 0 0 255
0.0561805 0.0154204 -0.1007940 0 0 255
0.0564432 0.0169702 -0.1004132 0 0 255
0.0559549 0.0184830 -0.1006988 0 0 255
0.0559672 0.0200199 -0.1005403 0 0 255
0.0562297 0.0215713 -0.1001595 0 0 255
0.0557418 0.0230787 -0.1004452 0 0 255
0.0557541 0.0246150 -0.1002867 0 0 255
0.0557664 0.0261513 -0.1001282 0 0 255
0.0555290 0.0276701 -0.1001918 0 0 255
0.0555412 0.0292056 -0.1000334 0 0 255
0.0553040 0.0307222 -0.1000971 0 0 255
0.0553163 0.0322570 -0.0999387 0 0 255
0.0550794 0.0337714 -0.1000023 0 0 255
0.0553409 0.0353267 -0.0996220 0 0 255
0.0548549 0.0368175 -0.0999077 0 0 255
0.0553654 0.0383964 -0.0993054 0 0 255
0.0553777 0.0399313 -0.0991470 0 0 255
0.0553899 0.0414662 -0.0989887 0 0 255
0.0554022 0.0430012 -0.0988303 0 0 255
0.0556640 0.0445620 -0.0984493 0 0 255
0.0554267 0.0460711 -0.0985137 0 0 255
0.0564387 0.0477160 -0.0974624 0 0 255
0.0562007 0.0492259 -0.0975274 0 0 255
0.0572156 0.0508797 -0.0964726 0 0 255
0.0569769 0.0523902 -0.0965382 0 0 255
0.0572402 0.0539606 -0.0961547 0 0 255
0.0577555 0.0555642 -0.0955458 0 0 255
0.0582718 0.0571711 -0.0949357 0 0 255
0.0587891 0.0587812 -0.0943244 0 0 255
0.0590543 0.0603605 -0.0939385 0 0 255
0.0593198 0.0619414 -0.0935522 0 0 255
0.0598392 0.0635596 -0.0929383 0 0 255
0.0606141 0.0652178 -0.0920949 0 0 255
0.0611361 0.0668436 -0.0914779 0 0 255
0.0614038 0.0684343 -0.0910888 0 0 255
0.0616716 0.0700266 -0.0906993 0 0 255
0.0619398 0.0716206 -0.0903094 0 0 255
0.0622082 0.0732162 -0.0899191 0 0 255
0.0619647 0.0747303 -0.0899886 0 0 255
0.0612106 0.0761583 -0.0905170 0 0 255
0.0607132 0.0776248 -0.0908150 0 0 255
0.0602169 0.0790885 -0.0911125 0 0 255
0.0594682 0.0805048 -0.0916373 0 0 255
0.0589743 0.0819619 -0.0919331 0 0 255
0.0582294 0.0833704 -0.0924553 0 0 255
0.0577381 0.0848209 -0.0927496 0 0 255
0.0569968 0.0862215 -0.0932692 0 0 255
0.0565080 0.0876656 -0.0935619 0 0 255
0.0562701 0.0891551 -0.0936288 0 0 255
0.0557827 0.0905940 -0.0939206 0 0 255
0.0555455 0.0920798 -0.0939872 0 0 255
0.0553086 0.0935642 -0.0940537 0 0 255
0.0553208 0.0950983 -0.0938955 0 0 255
0.0550841 0.0965804 -0.0939619 0 0 255
0.0553454 0.0981664 -0.0935789 0 0 255
0.0546114 0.0995402 -0.0940947 0 0 255
0.0548721 0.1011262 -0.0937122 0 0 255
0.0548844 0.1026588 -0.0935541 0 0 255
0.0548998 0.1041922 -0.0933931 0 0 255
0.0549121 0.1057249 -0.0932349 0 0 255
0.0549244 0.1072576 -0.0930768 0 0 255
0.0549366 0.1087903 -0.0929187 0 0 255
0.0549489 0.1103231 -0.0927606 0 0 255
0.0549611 0.1118558 -0.0926025 0 0 255
0.0547248 0.1133283 -0.0926695 0 0 255
0.0549856 0.1149214 -0.0922862 0 0 255
0.0549979 0.1164542 -0.0921281 0 0 255
0.0550102 0.1179871 -0.0919700 0 0 255
0.0552712 0.1195833 -0.0915861 0 0 255
0.0550347 0.1210528 -0.0916537 0 0 255
0.0552957 0.1226506 -0.0912697 0 0 255
0.0555570 0.1242501 -0.0908853 0 0 255
0.0560683 0.1259180 -0.0902738 0 0 255
0.0563304 0.1275216 -0.0898883 0 0 255
0.0576048 0.1309409 -0.0884348 0 0 255
0.0588766 0.1328338 -0.0871304 0 0 255
0.0596477 0.1345930 -0.0862807 0 0 255
0.0601671 0.1362849 -0.0856596 0 0 255
0.0611969 0.1381273 -0.0845737 0 0 255
0.0627431 0.1401269 -0.0830167 0 0 255
0.0648153 0.1422911 -0.0809796 0 0 255
0.0645695 0.1437770 -0.0810539 0 0 255
0.0650990 0.1454948 -0.0804214 0 0 255
0.0656297 0.1472162 -0.0797875 0 0 255
0.0664214 0.1490210 -0.0789152 0 0 255
0.0666943 0.1506696 -0.0785160 0 0 255
0.0664465 0.1521566 -0.0785918 0 0 255
0.0667193 0.1538068 -0.0781924 0 0 255
0.0667319 0.1553755 -0.0780305 0 0 255
0.0667444 0.1569441 -0.0778687 0 0 255
0.0664966 0.1584279 -0.0779449 0 0 255
0.0667695 0.1600815 -0.0775450 0 0 255
0.0667820 0.1616502 -0.0773832 0 0 255
0.0665342 0.1631317 -0.0774596 0 0 255
0.0665468 0.1646996 -0.0772978 0 0 255
0.0665593 0.1662676 -0.0771361 0 0 255
0.0665718 0.1678356 -0.0769743 0 0 255
0.0663243 0.1693133 -0.0770508 0 0 255
0.0665969 0.1709716 -0.0766508 0 0 255
0.0666094 0.1725397 -0.0764891 0 0 255
0.0666220 0.1741078 -0.0763273 0 0 255
0.0666345 0.1756759 -0.0761656 0 0 255
0.0666470 0.1772439 -0.0760038 0 0 255
0.0666595 0.1788121 -0.0758421 0 0 255
0.0669325 0.1804763 -0.0754412 0 0 255
0.0669451 0.1820453 -0.0752793 0 0 255
0.0666971 0.1835166 -0.0753567 0 0 255
0.0664495 0.1849864 -0.0754340 0 0 255
0.0664620 0.1865539 -0.0752724 0 0 255
0.0664746 0.1881213 -0.0751106 0 0 255
0.0670078 0.1898905 -0.0744700 0 0 255
0.0672810 0.1915614 -0.0740682 0 0 255
0.0683392 0.1935428 -0.0729438 0 0 255
0.0686138 0.1952199 -0.0725402 0 0 255
0.0691513 0.1970038 -0.0718943 0 0 255
0.0696900 0.1987913 -0.0712471 0 0 255
0.0697026 0.2003686 -0.0710844 0 0 255
0.0699787 0.2020537 -0.0706787 0 0 255
0.0697278 0.2035232 -0.0707589 0 0 255
0.0694773 0.2049913 -0.0708390 0 0 255
0.0694898 0.2065678 -0.0706764 0 0 255
0.0689768 0.2079230 -0.0709990 0 0 255
0.0689895 0.2094980 -0.0708365 0 0 255
0.0687396 0.2109608 -0.0709164 0 0 255
0.0684900 0.2124222 -0.0709963 0 0 255
0.0682407 0.2138820 -0.0710761 0 0 255
0.0674692 0.2151123 -0.0716388 0 0 255
0.0667000 0.2163388 -0.0721998 0 0 255
0.0654184 0.2173336 -0.0732355 0 0 255
0.0646555 0.2185517 -0.0737917 0 0 255
0.0641525 0.2198818 -0.0741080 0 0 255
0.0631369 0.2209770 -0.0748991 0 0 255
0.0626369 0.2223005 -0.0752133 0 0 255
0.0618825 0.2235044 -0.0757634 0 0 255
0.0611304 0.2247046 -0.0763119 0 0 255
0.0603807 0.2259012 -0.0768587 0 0 255
0.0598862 0.2272125 -0.0771691 0 0 255
0.0596455 0.2286401 -0.0772444 0 0 255
0.0591525 0.2299467 -0.0775539 0 0 255
0.0591649 0.2314910 -0.0773946 0 0 255
0.0591772 0.2330354 -0.0772353 0 0 255
0.0589373 0.2344580 -0.0773104 0 0 255
0.0589496 0.2360016 -0.0771511 0 0 255
0.0589619 0.2375452 -0.0769919 0 0 255
0.0589743 0.2390889 -0.0768327 0 0 255
0.0589867 0.2406326 -0.0766734 0 0 255
0.0597567 0.2425537 -0.0758091 0 0 255
0.0595162 0.2439730 -0.0758849 0 0 255
0.0605415 0.2460291 -0.0747824 0 0 255
0.0613163 0.2479644 -0.0739125 0 0 255
0.0623489 0.2500359 -0.0728020 0 0 255
0.0638995 0.2523797 -0.0712081 0 0 255
0.0649425 0.2544709 -0.0700864 0 0 255
0.0659900 0.2565707 -0.0689601 0 0 255
0.0660025 0.2581358 -0.0687987 0 0 255
0.0662744 0.2598374 -0.0683951 0 0 255
0.0665466 0.2615407 -0.0679912 0 0 255
0.0879793 -0.0898553 -0.0806392 0 0 255
0.0865746 -0.0879974 -0.0817065 0 0 255
0.0857406 -0.0862341 -0.0822767 0 0 255
0.0826707 -0.0841468 -0.0847986 0 0 255
0.0796366 -0.0820839 -0.0872912 0 0 255
0.0771859 -0.0801221 -0.0892759 0 0 255
0.0769261 -0.0784776 -0.0893483 0 0 255
0.0744977 -0.0765425 -0.0913160 0 0 255
0.0731641 -0.0747668 -0.0923280 0 0 255
0.0713037 -0.0729316 -0.0938015 0 0 255
0.0705178 -0.0712429 -0.0943362 0 0 255
0.0678862 -0.0693332 -0.0964865 0 0 255
0.0650247 -0.0674124 -0.0988396 0 0 255
0.0645176 -0.0657830 -0.0991328 0 0 255
0.0634939 -0.0640984 -0.0998788 0 0 255
0.0632481 -0.0625058 -0.0999437 0 0 255
0.0630025 -0.0609148 -0.1000087 0 0 255
0.0622421 -0.0592719 -0.1005251 0 0 255
0.0614841 -0.0576340 -0.1010400 0 0 255
0.0607284 -0.0560011 -0.1015533 0 0 255
0.0609967 -0.0544697 -0.1011682 0 0 255
0.0604978 -0.0528666 -0.1014566 0 0 255
0.0602549 -0.0512893 -0.1015205 0 0 255
0.0602673 -0.0497352 -0.1013601 0 0 255
0.0597699 -0.0481393 -0.1016479 0 0 255
0.0595278 -0.0465667 -0.1017116 0 0 255
0.0597947 -0.0450343 -0.1013276 0 0 255
0.0592983 -0.0434447 -0.1016151 0 0 255
0.0593107 -0.0418937 -0.1014551 0 0 255
0.0595774 -0.0403597 -0.1010712 0 0 255
0.0590814 -0.0387756 -0.1013588 0 0 255
0.0590938 -0.0372253 -0.1011989 0 0 255
0.0588524 -0.0356605 -0.1012626 0 0 255
0.0591186 -0.0341247 -0.1008790 0 0 255
0.0598940 -0.0326134 -0.1000462 0 0 255
0.0596518 -0.0310484 -0.1001106 0 0 255
0.0599188 -0.0295079 -0.0997258 0 0 255
0.0599312 -0.0279552 -0.0995656 0 0 255
0.0599436 -0.0264024 -0.0994054 0 0 255
0.0604661 -0.0248678 -0.0987947 0 0 255
0.0604784 -0.0233134 -0.0986343 0 0 255
0.0604908 -0.0217590 -0.0984740 0 0 255
0.0607587 -0.0202113 -0.0980877 0 0 255
0.0610268 -0.0186620 -0.0977011 0 0 255
0.0607836 -0.0171008 -0.0977668 0 0 255
0.0605406 -0.0155412 -0.0978325 0 0 255
0.0608084 -0.0139902 -0.0974459 0 0 255
0.0600553 -0.0124266 -0.0979636 0 0 255
0.0598130 -0.0108717 -0.0980290 0 0 255
0.0593168 -0.0093172 -0.0983197 0 0 255
0.0593293 -0.0077665 -0.0981597 0 0 255
0.0588341 -0.0062167 -0.0984499 0 0 255
0.0585931 -0.0046688 -0.0985149 0 0 255
0.0583523 -0.0031224 -0.0985799 0 0 255
0.0581118 -0.0015776 -0.0986448 0 0 255
0.0571182 -0.0000448 -0.0993786 0 0 255
0.0568789 0.0014946 -0.0994429 0 0 255
0.0568913 0.0030375 -0.0992837 0 0 255
0.0564010 0.0045688 -0.0995713 0 0 255
0.0564134 0.0061103 -0.0994124 0 0 255
0.0561748 0.0076443 -0.0994765 0 0 255
0.0559364 0.0091769 -0.0995407 0 0 255
0.0559487 0.0107168 -0.0993818 0 0 255
0.0557106 0.0122471 -0.0994459 0 0 255
0.0557229 0.0137863 -0.0992871 0 0 255
0.0552351 0.0153030 -0.0995739 0 0 255
0.0552474 0.0168408 -0.0994153 0 0 255
0.0547606 0.0183529 -0.0997018 0 0 255
0.0547729 0.0198891 -0.0995433 0 0 255
0.0547851 0.0214254 -0.0993848 0 0 255
0.0550469 0.0229767 -0.0990037 0 0 255
0.0548097 0.0244979 -0.0990679 0 0 255
0.0548220 0.0260341 -0.0989093 0 0 255
0.0543360 0.0275357 -0.0991960 0 0 255
0.0545973 0.0290886 -0.0988151 0 0 255
0.0543605 0.0306053 -0.0988794 0 0 255
0.0546218 0.0321597 -0.0984983 0 0 255
0.0543850 0.0336749 -0.0985627 0 0 255
0.0543973 0.0352098 -0.0984043 0 0 255
0.0544096 0.0367446 -0.0982460 0 0 255
0.0541731 0.0382568 -0.0983104 0 0 255
0.0544341 0.0398144 -0.0979293 0 0 255
0.0541976 0.0413251 -0.0979939 0 0 255
0.0547077 0.0429094 -0.0973893 0 0 255
0.0547200 0.0444451 -0.0972309 0 0 255
0.0547323 0.0459809 -0.0970724 0 0 255
0.0552434 0.0475715 -0.0964663 0 0 255
0.0555055 0.0491371 -0.0960834 0 0 255
0.0557679 0.0507043 -0.0957002 0 0 255
0.0565319 0.0523329 -0.0948662 0 0 255
0.0565442 0.0538742 -0.0947072 0 0 255
0.0570590 0.0554785 -0.0940965 0 0 255
0.0570713 0.0570213 -0.0939374 0 0 255
0.0575871 0.0586305 -0.0933253 0 0 255
0.0578516 0.0602089 -0.0929391 0 0 255
0.0583690 0.0618238 -0.0923251 0 0 255
0.0586343 0.0634063 -0.0919378 0 0 255
0.0591532 0.0650269 -0.0913219 0 0 255
0.0599275 0.0666882 -0.0904757 0 0 255
0.0601943 0.0682780 -0.0900863 0 0 255
0.0607165 0.0699086 -0.0894665 0 0 255
0.0604739 0.0714228 -0.0895362 0 0 255
0.0604863 0.0729760 -0.0893759 0 0 255
0.0599895 0.0744466 -0.0896753 0 0 255
0.0600019 0.0759983 -0.0895152 0 0 255
0.0595060 0.0774643 -0.0898141 0 0 255
0.0587579 0.0788838 -0.0903412 0 0 255
0.0582646 0.0803432 -0.0906384 0 0 255
0.0575202 0.0817549 -0.0911629 0 0 255
0.0570294 0.0832078 -0.0914586 0 0 255
0.0565395 0.0846577 -0.0917537 0 0 255
0.0563011 0.0861517 -0.0918216 0 0 255
0.0558128 0.0875966 -0.0921158 0 0 255
0.0550759 0.0889903 -0.0926354 0 0 255
0.0545900 0.0904287 -0.0929281 0 0 255
0.0543535 0.0919138 -0.0929951 0 0 255
0.0541173 0.0933975 -0.0930620 0 0 255
0.0543780 0.0949820 -0.0926786 0 0 255
0.0538936 0.0964123 -0.0929708 0 0 255
0.0539058 0.0979449 -0.0928127 0 0 255
0.0541663 0.0995309 -0.0924293 0 0 255
0.0536823 0.1009561 -0.0927216 0 0 255
0.0536977 0.1024886 -0.0925607 0 0 255
0.0537099 0.1040205 -0.0924026 0 0 255
0.0534744 0.1054961 -0.0924698 0 0 255
0.0537344 0.1070844 -0.0920866 0 0 255
0.0534988 0.1085585 -0.0921539 0 0 255
0.0535111 0.1100897 -0.0919959 0 0 255
0.0537711 0.1116804 -0.0916124 0 0 255
0.0535356 0.1131522 -0.0916800 0 0 255
0.0535478 0.1146835 -0.0915220 0 0 255
0.0538079 0.1162765 -0.0911382 0 0 255
0.0538201 0.1178086 -0.0909802 0 0 255
0.0535845 0.1192774 -0.0910481 0 0 255
0.0533491 0.1207448 -0.0911158 0 0 255
0.0538568 0.1224049 -0.0905060 0 0 255
0.0538690 0.1239371 -0.0903480 0 0 255
0.0543778 0.1256021 -0.0897368 0 0 255
0.0543900 0.1271359 -0.0895786 0 0 255
0.0558978 0.1290790 -0.0880548 0 0 255
0.0564106 0.1307560 -0.0874389 0 0 255
0.0574362 0.1341192 -0.0862063 0 0 255
0.0582043 0.1358786 -0.0853561 0 0 255
0.0592279 0.1377165 -0.0842717 0 0 255
0.0600016 0.1394876 -0.0834155 0 0 255
0.0615433 0.1414903 -0.0818557 0 0 255
0.0615557 0.1430461 -0.0816953 0 0 255
0.0625930 0.1449109 -0.0805962 0 0 255
0.0636345 0.1467833 -0.0794927 0 0 255
0.0641632 0.1485043 -0.0788585 0 0 255
0.0641757 0.1500681 -0.0786972 0 0 255
0.0647054 0.1517942 -0.0780616 0 0 255
0.0647179 0.1533597 -0.0779001 0 0 255
0.0644717 0.1548423 -0.0779760 0 0 255
0.0644842 0.1564069 -0.0778146 0 0 255
0.0647554 0.1580560 -0.0774156 0 0 255
0.0647680 0.1596215 -0.0772541 0 0 255
0.0650395 0.1612731 -0.0768546 0 0 255
0.0645341 0.1626657 -0.0771689 0 0 255
0.0648054 0.1643181 -0.0767696 0 0 255
0.0648180 0.1658837 -0.0766081 0 0 255
0.0650895 0.1675386 -0.0762082 0 0 255
0.0645841 0.1689249 -0.0765232 0 0 255
0.0648555 0.1705806 -0.0761235 0 0 255
0.0651271 0.1722379 -0.0757234 0 0 255
0.0648805 0.1737119 -0.0758004 0 0 255
0.0648930 0.1752776 -0.0756389 0 0 255
0.0649055 0.1768433 -0.0754775 0 0 255
0.0651771 0.1785040 -0.0750770 0 0 255
0.0651897 0.1800705 -0.0749154 0 0 255
0.0652021 0.1816371 -0.0747538 0 0 255
0.0652146 0.1832037 -0.0745922 0 0 255
0.0649680 0.1846722 -0.0746698 0 0 255
0.0647216 0.1861392 -0.0747474 0 0 255
0.0644755 0.1876047 -0.0748248 0 0 255
0.0647467 0.1892693 -0.0744244 0 0 255
0.0647591 0.1908344 -0.0742630 0 0 255
0.0652897 0.1926037 -0.0736225 0 0 255
0.0660814 0.1944799 -0.0727401 0 0 255
0.0668754 0.1963619 -0.0718552 0 0 255
0.0674103 0.1981442 -0.0712095 0 0 255
0.0674229 0.1997174 -0.0710472 0 0 255
0.0676971 0.2013978 -0.0706426 0 0 255
0.0677097 0.2029719 -0.0704802 0 0 255
0.0677223 0.2045460 -0.0703178 0 0 255
0.0674732 0.2060106 -0.0703980 0 0 255
0.0674858 0.2075840 -0.0702356 0 0 255
0.0674984 0.2091573 -0.0700733 0 0 255
0.0667276 0.2103955 -0.0706379 0 0 255
0.0667402 0.2119664 -0.0704758 0 0 255
0.0662318 0.2133113 -0.0707974 0 0 255
0.0659843 0.2147670 -0.0708771 0 0 255
0.0654776 0.2161070 -0.0711977 0 0 255
0.0641996 0.2171018 -0.0722355 0 0 255
0.0631818 0.2182049 -0.0730321 0 0 255
0.0629373 0.2196493 -0.0731101 0 0 255
0.0619248 0.2207445 -0.0739029 0 0 255
0.0614262 0.2220676 -0.0742179 0 0 255
0.0609287 0.2233880 -0.0745322 0 0 255
0.0601780 0.2245885 -0.0750825 0 0 255
0.0594298 0.2257853 -0.0756311 0 0 255
0.0589362 0.2270967 -0.0759428 0 0 255
0.0586960 0.2285243 -0.0760187 0 0 255
0.0579522 0.2297117 -0.0765642 0 0 255
0.0579645 0.2312552 -0.0764050 0 0 255
0.0579768 0.2327988 -0.0762458 0 0 255
0.0577376 0.2342208 -0.0763213 0 0 255
0.0574986 0.2356413 -0.0763968 0 0 255
0.0575109 0.2371835 -0.0762377 0 0 255
0.0575232 0.2387256 -0.0760786 0 0 255
0.0575355 0.2402677 -0.0759195 0 0 255
0.0577992 0.2419352 -0.0755255 0 0 255
0.0583150 0.2437309 -0.0748956 0 0 255
0.0588318 0.2455302 -0.0742643 0 0 255
0.0596029 0.2474618 -0.0733950 0 0 255
0.0611395 0.2497894 -0.0718086 0 0 255
0.0626855 0.2521313 -0.0702125 0 0 255
0.0639833 0.2543541 -0.0688481 0 0 255
0.0650287 0.2564537 -0.0677193 0 0 255
0.0653002 0.2581544 -0.0673151 0 0 255
0.0650538 0.2595841 -0.0673963 0 0 255
0.0650663 0.2611493 -0.0672348 0 0 255
0.0653377 0.2628524 -0.0668305 0 0 255
0.0864035 -0.0898926 -0.0798339 0 0 255
0.0847229 -0.0879932 -0.0811488 0 0 255
0.0836129 -0.0861904 -0.0819646 0 0 255
0.0827867 -0.0844365 -0.0825323 0 0 255
0.0819632 -0.0826882 -0.0830982 0 0 255
0.0761977 -0.0802457 -0.0880006 0 0 255
0.0756664 -0.0785635 -0.0883123 0 0 255
0.0748653 -0.0768482 -0.0888613 0 0 255
0.0727202 -0.0749603 -0.0905913 0 0 255
0.0708596 -0.0731225 -0.0920726 0 0 255
0.0695424 -0.0713648 -0.0930774 0 0 255
0.0684960 -0.0696486 -0.0938448 0 0 255
0.0661420 -0.0677824 -0.0957630 0 0 255
0.0640724 -0.0659640 -0.0974324 0 0 255
0.0627901 -0.0642479 -0.0984101 0 0 255
0.0625445 -0.0626544 -0.0984759 0 0 255
0.0622991 -0.0610624 -0.0985416 0 0 255
0.0615394 -0.0594185 -0.0990605 0 0 255
0.0605260 -0.0577537 -0.0998036 0 0 255
0.0602826 -0.0561706 -0.0998684 0 0 255
0.0595292 -0.0545408 -0.1003831 0 0 255
0.0597966 -0.0530094 -0.0999978 0 0 255
0.0590447 -0.0513860 -0.1005118 0 0 255
0.0593116 -0.0498545 -0.1001268 0 0 255
0.0590695 -0.0482794 -0.1001913 0 0 255
0.0588276 -0.0467059 -0.1002557 0 0 255
0.0580786 -0.0450953 -0.1007683 0 0 255
0.0583445 -0.0435637 -0.1003843 0 0 255
0.0581034 -0.0419949 -0.1004484 0 0 255
0.0578625 -0.0404277 -0.1005125 0 0 255
0.0581281 -0.0388944 -0.1001286 0 0 255
0.0576341 -0.0373134 -0.1004168 0 0 255
0.0581529 -0.0357939 -0.0998087 0 0 255
0.0584188 -0.0342574 -0.0994241 0 0 255
0.0584312 -0.0327062 -0.0992641 0 0 255
0.0581901 -0.0311429 -0.0993288 0 0 255
0.0584560 -0.0296039 -0.0989440 0 0 255
0.0587223 -0.0280634 -0.0985588 0 0 255
0.0589888 -0.0265213 -0.0981732 0 0 255
0.0592556 -0.0249777 -0.0977872 0 0 255
0.0590136 -0.0234157 -0.0978528 0 0 255
0.0592805 -0.0218704 -0.0974666 0 0 255
0.0595475 -0.0203236 -0.0970800 0 0 255
0.0595600 -0.0187691 -0.0969197 0 0 255
0.0598273 -0.0172198 -0.0965326 0 0 255
0.0595848 -0.0156601 -0.0965989 0 0 255
0.0595972 -0.0141056 -0.0964385 0 0 255
0.0593550 -0.0125482 -0.0965048 0 0 255
0.0588587 -0.0109904 -0.0967973 0 0 255
0.0581101 -0.0094345 -0.0973149 0 0 255
0.0578693 -0.0078842 -0.0973805 0 0 255
0.0576287 -0.0063355 -0.0974461 0 0 255
0.0568839 -0.0047905 -0.0979613 0 0 255
0.0571484 -0.0032426 -0.0975770 0 0 255
0.0564082 -0.0017038 -0.0980887 0 0 255
0.0559303 0.0013767 -0.0982186 0 0 255
0.0556917 0.0029147 -0.0982835 0 0 255
0.0557040 0.0044569 -0.0981244 0 0 255
0.0554656 0.0059925 -0.0981893 0 0 255
0.0549774 0.0075193 -0.0984777 0 0 255
0.0549896 0.0090593 -0.0983188 0 0 255
0.0545024 0.0105815 -0.0986067 0 0 255
0.0545146 0.0121200 -0.0984480 0 0 255
0.0545269 0.0136584 -0.0982893 0 0 255
0.0545392 0.0151969 -0.0981306 0 0 255
0.0545515 0.0167354 -0.0979718 0 0 255
0.0543143 0.0182612 -0.0980366 0 0 255
0.0540774 0.0197854 -0.0981013 0 0 255
0.0538407 0.0213082 -0.0981660 0 0 255
0.0538529 0.0228444 -0.0980074 0 0 255
0.0538652 0.0243807 -0.0978490 0 0 255
0.0536287 0.0259005 -0.0979137 0 0 255
0.0536410 0.0274360 -0.0977553 0 0 255
0.0536533 0.0289716 -0.0975968 0 0 255
0.0534170 0.0304883 -0.0976616 0 0 255
0.0536779 0.0320427 -0.0972799 0 0 255
0.0534416 0.0335580 -0.0973449 0 0 255
0.0534539 0.0350928 -0.0971865 0 0 255
0.0534661 0.0366277 -0.0970282 0 0 255
0.0534784 0.0381626 -0.0968698 0 0 255
0.0532424 0.0396741 -0.0969349 0 0 255
0.0535029 0.0412325 -0.0965531 0 0 255
0.0535151 0.0427675 -0.0963947 0 0 255
0.0535274 0.0443025 -0.0962364 0 0 255
0.0542861 0.0459172 -0.0954053 0 0 255
0.0542984 0.0474546 -0.0952466 0 0 255
0.0543107 0.0489919 -0.0950880 0 0 255
0.0550717 0.0506162 -0.0942539 0 0 255
0.0548342 0.0521262 -0.0943205 0 0 255
0.0555968 0.0537569 -0.0934844 0 0 255
0.0558597 0.0553297 -0.0930991 0 0 255
0.0561229 0.0569040 -0.0927134 0 0 255
0.0566378 0.0585131 -0.0921001 0 0 255
0.0566501 0.0600576 -0.0919407 0 0 255
0.0574182 0.0617062 -0.0910980 0 0 255
0.0576830 0.0632887 -0.0907101 0 0 255
0.0584542 0.0649457 -0.0898638 0 0 255
0.0587201 0.0665330 -0.0894744 0 0 255
0.0584789 0.0680458 -0.0895440 0 0 255
0.0589985 0.0696736 -0.0889246 0 0 255
0.0592649 0.0712650 -0.0885344 0 0 255
0.0590233 0.0727770 -0.0886044 0 0 255
0.0587820 0.0742875 -0.0886744 0 0 255
0.0582875 0.0757545 -0.0889740 0 0 255
0.0580469 0.0772611 -0.0890436 0 0 255
0.0573018 0.0786796 -0.0895713 0 0 255
0.0570621 0.0801818 -0.0896406 0 0 255
0.0565713 0.0816377 -0.0899380 0 0 255
0.0555802 0.0829999 -0.0906903 0 0 255
0.0553423 0.0844947 -0.0907586 0 0 255
0.0551046 0.0859881 -0.0908270 0 0 255
0.0546177 0.0874324 -0.0911221 0 0 255
0.0543807 0.0889220 -0.0911902 0 0 255
0.0533985 0.0902635 -0.0919365 0 0 255
0.0534107 0.0917976 -0.0917782 0 0 255
0.0529272 0.0932311 -0.0920714 0 0 255
0.0529394 0.0947636 -0.0919132 0 0 255
0.0527042 0.0962445 -0.0919806 0 0 255
0.0524723 0.0977245 -0.0920451 0 0 255
0.0524845 0.0992556 -0.0918871 0 0 255
0.0524967 0.1007867 -0.0917291 0 0 255
0.0525090 0.1023179 -0.0915712 0 0 255
0.0525211 0.1038490 -0.0914132 0 0 255
0.0522863 0.1053239 -0.0914808 0 0 255
0.0522985 0.1068543 -0.0913229 0 0 255
0.0525578 0.1084426 -0.0909393 0 0 255
0.0523230 0.1099153 -0.0910071 0 0 255
0.0520884 0.1113865 -0.0910748 0 0 255
0.0523474 0.1129763 -0.0906913 0 0 255
0.0523597 0.1145068 -0.0905334 0 0 255
0.0521250 0.1159758 -0.0906014 0 0 255
0.0521372 0.1175056 -0.0904436 0 0 255
0.0521494 0.1190354 -0.0902857 0 0 255
0.0524085 0.1206291 -0.0899018 0 0 255
0.0519273 0.1220306 -0.0901960 0 0 255
0.0521861 0.1236250 -0.0898122 0 0 255
0.0524452 0.1252210 -0.0894281 0 0 255
0.0529520 0.1268857 -0.0888166 0 0 255
0.0537079 0.1286217 -0.0879763 0 0 255
0.0539686 0.1302251 -0.0875900 0 0 255
0.0547276 0.1319697 -0.0867462 0 0 255
0.0552390 0.1336488 -0.0861292 0 0 255
0.0565126 0.1370890 -0.0846640 0 0 255
0.0567762 0.1387056 -0.0842739 0 0 255
0.0580484 0.1406222 -0.0829562 0 0 255
0.0583135 0.1422456 -0.0825641 0 0 255
0.0598478 0.1442537 -0.0810041 0 0 255
0.0603696 0.1459625 -0.0803751 0 0 255
0.0611481 0.1477535 -0.0795094 0 0 255
0.0614164 0.1493905 -0.0791132 0 0 255
0.0616850 0.1510293 -0.0787164 0 0 255
0.0627246 0.1529143 -0.0776090 0 0 255
0.0624799 0.1543941 -0.0776849 0 0 255
0.0630071 0.1561221 -0.0770493 0 0 255
0.0627620 0.1576011 -0.0771255 0 0 255
0.0625173 0.1590786 -0.0772016 0 0 255
0.0630445 0.1608114 -0.0765654 0 0 255
0.0627995 0.1622881 -0.0766419 0 0 255
0.0625547 0.1637633 -0.0767183 0 0 255
0.0630819 0.1655010 -0.0760816 0 0 255
0.0628369 0.1669753 -0.0761584 0 0 255
0.0631069 0.1686274 -0.0757591 0 0 255
0.0631194 0.1701906 -0.0755979 0 0 255
0.0631319 0.1717539 -0.0754366 0 0 255
0.0634022 0.1734094 -0.0750367 0 0 255
0.0631568 0.1748805 -0.0751140 0 0 255
0.0631693 0.1764439 -0.0749527 0 0 255
0.0634396 0.1781018 -0.0745526 0 0 255
0.0634521 0.1796660 -0.0743912 0 0 255
0.0634646 0.1812302 -0.0742299 0 0 255
0.0629616 0.1826005 -0.0745464 0 0 255
0.0632316 0.1842608 -0.0741463 0 0 255
0.0632442 0.1858243 -0.0739850 0 0 255
0.0629990 0.1872885 -0.0740627 0 0 255
0.0630115 0.1888512 -0.0739015 0 0 255
0.0630240 0.1904139 -0.0737403 0 0 255
0.0632941 0.1920783 -0.0733397 0 0 255
0.0638227 0.1938471 -0.0726989 0 0 255
0.0648705 0.1958272 -0.0715751 0 0 255
0.0654023 0.1976053 -0.0709305 0 0 255
0.0659351 0.1993871 -0.0702846 0 0 255
0.0659477 0.2009587 -0.0701225 0 0 255
0.0659602 0.2025304 -0.0699603 0 0 255
0.0659727 0.2041021 -0.0697981 0 0 255
0.0654650 0.2054557 -0.0701205 0 0 255
0.0657375 0.2071356 -0.0697163 0 0 255
0.0660104 0.2088174 -0.0693117 0 0 255
0.0655025 0.2101661 -0.0696346 0 0 255
0.0652553 0.2116242 -0.0697149 0 0 255
0.0652678 0.2131936 -0.0695530 0 0 255
0.0645024 0.2144224 -0.0701169 0 0 255
0.0642561 0.2158753 -0.0701967 0 0 255
0.0632394 0.2169846 -0.0709961 0 0 255
0.0622236 0.2180879 -0.0717952 0 0 255
0.0614676 0.2193019 -0.0723522 0 0 255
0.0609689 0.2206278 -0.0726691 0 0 255
0.0604714 0.2219510 -0.0729854 0 0 255
0.0594668 0.2230383 -0.0737760 0 0 255
0.0587192 0.2242380 -0.0743269 0 0 255
0.0584787 0.2256693 -0.0744037 0 0 255
0.0577341 0.2268627 -0.0749525 0 0 255
0.0572430 0.2281710 -0.0752644 0 0 255
0.0567529 0.2294768 -0.0755756 0 0 255
0.0565145 0.2308997 -0.0756514 0 0 255
0.0565268 0.2324418 -0.0754923 0 0 255
0.0562885 0.2338625 -0.0755681 0 0 255
0.0563008 0.2354039 -0.0754091 0 0 255
0.0563131 0.2369452 -0.0752501 0 0 255
0.0560751 0.2383630 -0.0753260 0 0 255
0.0565884 0.2401523 -0.0746968 0 0 255
0.0560997 0.2414442 -0.0750082 0 0 255
0.0568639 0.2433628 -0.0741429 0 0 255
0.0571274 0.2450328 -0.0737478 0 0 255
0.0583992 0.2472174 -0.0724048 0 0 255
0.0599314 0.2495432 -0.0708162 0 0 255
0.0617288 0.2520149 -0.0689773 0 0 255
0.0627669 0.2541042 -0.0678516 0 0 255
0.0627843 0.2556680 -0.0676859 0 0 255
0.0635688 0.2576340 -0.0667981 0 0 255
0.0630663 0.2589260 -0.0671217 0 0 255
0.0628217 0.2603517 -0.0672027 0 0 255
0.0628341 0.2619129 -0.0670416 0 0 255
0.0623331 0.2631987 -0.0673645 0 0 255
0.0628591 0.2650356 -0.0667195 0 0 255
0.0862318 -0.0917938 -0.0779552 0 0 255
0.0828642 -0.0896198 -0.0807611 0 0 255
0.0825974 -0.0879458 -0.0808391 0 0 255
0.0806602 -0.0860206 -0.0823884 0 0 255
0.0812290 -0.0844792 -0.0817313 0 0 255
0.0787504 -0.0824919 -0.0837592 0 0 255
0.0749378 -0.0803307 -0.0869647 0 0 255
0.0735968 -0.0785366 -0.0879929 0 0 255
0.0722628 -0.0767519 -0.0890157 0 0 255
0.0712031 -0.0750120 -0.0897972 0 0 255
0.0701478 -0.0732793 -0.0905755 0 0 255
0.0683023 -0.0714533 -0.0920523 0 0 255
0.0667328 -0.0696729 -0.0932863 0 0 255
0.0659580 -0.0679978 -0.0938190 0 0 255
0.0644031 -0.0662363 -0.0950418 0 0 255
0.0626022 -0.0644565 -0.0964831 0 0 255
0.0623563 -0.0628604 -0.0965499 0 0 255
0.0621106 -0.0612659 -0.0966167 0 0 255
0.0605794 -0.0595384 -0.0978216 0 0 255
0.0600793 -0.0579252 -0.0981143 0 0 255
0.0590699 -0.0562651 -0.0988584 0 0 255
0.0590824 -0.0547087 -0.0986979 0 0 255
0.0585854 -0.0531054 -0.0989888 0 0 255
0.0583435 -0.0515278 -0.0990538 0 0 255
0.0583560 -0.0499738 -0.0988935 0 0 255
0.0581143 -0.0483986 -0.0989586 0 0 255
0.0576193 -0.0468048 -0.0992486 0 0 255
0.0576317 -0.0452531 -0.0990885 0 0 255
0.0568849 -0.0436455 -0.0996026 0 0 255
0.0568973 -0.0420960 -0.0994428 0 0 255
0.0571625 -0.0405636 -0.0990582 0 0 255
0.0566694 -0.0389809 -0.0993476 0 0 255
0.0564295 -0.0374167 -0.0994122 0 0 255
0.0566941 -0.0358834 -0.0990280 0 0 255
0.0567065 -0.0343346 -0.0988682 0 0 255
0.0569715 -0.0327989 -0.0984835 0 0 255
0.0567313 -0.0312371 -0.0985485 0 0 255
0.0567437 -0.0296883 -0.0983887 0 0 255
0.0572615 -0.0281608 -0.0977785 0 0 255
0.0575270 -0.0266204 -0.0973929 0 0 255
0.0572863 -0.0250600 -0.0974586 0 0 255
0.0575518 -0.0235179 -0.0970728 0 0 255
0.0580712 -0.0219818 -0.0964603 0 0 255
0.0583375 -0.0204357 -0.0960734 0 0 255
0.0586041 -0.0188881 -0.0956861 0 0 255
0.0586165 -0.0173336 -0.0955258 0 0 255
0.0586289 -0.0157791 -0.0953654 0 0 255
0.0588958 -0.0142282 -0.0949775 0 0 255
0.0578919 -0.0126614 -0.0957258 0 0 255
0.0576509 -0.0111071 -0.0957923 0 0 255
0.0569044 -0.0095518 -0.0963112 0 0 255
0.0571695 -0.0080032 -0.0959252 0 0 255
0.0564246 -0.0064541 -0.0964433 0 0 255
0.0564369 -0.0049066 -0.0962836 0 0 255
0.0559457 -0.0033627 -0.0965751 0 0 255
0.0557066 -0.0018193 -0.0966409 0 0 255
0.0552200 -0.0002808 -0.0969288 0 0 255
0.0549816 0.0012588 -0.0969943 0 0 255
0.0547435 0.0027968 -0.0970598 0 0 255
0.0547558 0.0043391 -0.0969006 0 0 255
0.0540183 0.0058618 -0.0974146 0 0 255
0.0542803 0.0074090 -0.0970315 0 0 255
0.0540429 0.0089417 -0.0970969 0 0 255
0.0540552 0.0104817 -0.0969380 0 0 255
0.0535688 0.0120025 -0.0972273 0 0 255
0.0535811 0.0135410 -0.0970686 0 0 255
0.0538426 0.0150906 -0.0966857 0 0 255
0.0531079 0.0165942 -0.0971990 0 0 255
0.0533689 0.0181438 -0.0968165 0 0 255
0.0533813 0.0196816 -0.0966578 0 0 255
0.0531448 0.0212052 -0.0967232 0 0 255
0.0531571 0.0227422 -0.0965646 0 0 255
0.0529208 0.0242636 -0.0966300 0 0 255
0.0529331 0.0257999 -0.0964715 0 0 255
0.0529453 0.0273362 -0.0963130 0 0 255
0.0527093 0.0288545 -0.0963785 0 0 255
0.0524735 0.0303713 -0.0964439 0 0 255
0.0527338 0.0319257 -0.0960616 0 0 255
0.0527461 0.0334614 -0.0959031 0 0 255
0.0525103 0.0349759 -0.0959688 0 0 255
0.0522748 0.0364890 -0.0960343 0 0 255
0.0527829 0.0380684 -0.0954278 0 0 255
0.0525470 0.0395807 -0.0954937 0 0 255
0.0523115 0.0410915 -0.0955595 0 0 255
0.0528196 0.0426756 -0.0949525 0 0 255
0.0530803 0.0442371 -0.0945692 0 0 255
0.0528442 0.0457471 -0.0946355 0 0 255
0.0533533 0.0473376 -0.0940270 0 0 255
0.0531170 0.0488468 -0.0940936 0 0 255
0.0541252 0.0504991 -0.0930324 0 0 255
0.0538882 0.0520091 -0.0930996 0 0 255
0.0543994 0.0536091 -0.0924883 0 0 255
0.0549118 0.0552124 -0.0918757 0 0 255
0.0551745 0.0567867 -0.0914893 0 0 255
0.0556884 0.0583957 -0.0908748 0 0 255
0.0562033 0.0600079 -0.0902590 0 0 255
0.0564674 0.0615887 -0.0898708 0 0 255
0.0564797 0.0631356 -0.0897112 0 0 255
0.0569962 0.0647551 -0.0890934 0 0 255
0.0575138 0.0663779 -0.0884742 0 0 255
0.0577791 0.0679660 -0.0880841 0 0 255
0.0580448 0.0695558 -0.0876937 0 0 255
0.0580572 0.0711075 -0.0875336 0 0 255
0.0580696 0.0726592 -0.0873735 0 0 255
0.0573229 0.0740875 -0.0879047 0 0 255
0.0568305 0.0755532 -0.0882047 0 0 255
0.0560876 0.0769735 -0.0887334 0 0 255
0.0558487 0.0784758 -0.0888029 0 0 255
0.0556100 0.0799766 -0.0888725 0 0 255
0.0553716 0.0814759 -0.0889420 0 0 255
0.0548832 0.0829284 -0.0892397 0 0 255
0.0543957 0.0843779 -0.0895369 0 0 255
0.0539093 0.0858246 -0.0898334 0 0 255
0.0531752 0.0872210 -0.0903565 0 0 255
0.0529392 0.0887092 -0.0904248 0 0 255
0.0524557 0.0901472 -0.0907196 0 0 255
0.0524679 0.0916813 -0.0905613 0 0 255
0.0519853 0.0931149 -0.0908557 0 0 255
0.0517505 0.0945966 -0.0909236 0 0 255
0.0517627 0.0961284 -0.0907656 0 0 255
0.0515281 0.0976079 -0.0908335 0 0 255
0.0515435 0.0991396 -0.0906726 0 0 255
0.0510628 0.1005630 -0.0909662 0 0 255
0.0513213 0.1021472 -0.0905827 0 0 255
0.0510873 0.1036223 -0.0906506 0 0 255
0.0508534 0.1050959 -0.0907184 0 0 255
0.0511116 0.1066816 -0.0903350 0 0 255
0.0508777 0.1081537 -0.0904030 0 0 255
0.0511361 0.1097410 -0.0900193 0 0 255
0.0511483 0.1112708 -0.0898615 0 0 255
0.0509143 0.1127406 -0.0899298 0 0 255
0.0506806 0.1142090 -0.0899979 0 0 255
0.0509388 0.1157987 -0.0896142 0 0 255
0.0504594 0.1172035 -0.0899085 0 0 255
0.0504715 0.1187311 -0.0897509 0 0 255
0.0509754 0.1203859 -0.0891410 0 0 255
0.0504960 0.1217862 -0.0894356 0 0 255
0.0507539 0.1233789 -0.0890518 0 0 255
0.0507661 0.1249073 -0.0888941 0 0 255
0.0510243 0.1265024 -0.0885098 0 0 255
0.0520227 0.1283022 -0.0874432 0 0 255
0.0520349 0.1298344 -0.0872851 0 0 255
0.0527895 0.1315750 -0.0864425 0 0 255
0.0532979 0.1332503 -0.0858265 0 0 255
0.0540563 0.1350004 -0.0849795 0 0 255
0.0545672 0.1366834 -0.0843605 0 0 255
0.0553295 0.1384432 -0.0835091 0 0 255
0.0563544 0.1418273 -0.0822667 0 0 255
0.0571220 0.1436011 -0.0814092 0 0 255
0.0581450 0.1454577 -0.0803151 0 0 255
0.0586642 0.1471651 -0.0796863 0 0 255
0.0591846 0.1488760 -0.0790562 0 0 255
0.0599608 0.1506706 -0.0781890 0 0 255
0.0602284 0.1523084 -0.0777922 0 0 255
0.0607519 0.1540298 -0.0771582 0 0 255
0.0607643 0.1555889 -0.0769974 0 0 255
0.0605211 0.1570644 -0.0770735 0 0 255
0.0607892 0.1587072 -0.0766757 0 0 255
0.0610576 0.1603516 -0.0762775 0 0 255
0.0610701 0.1619116 -0.0761165 0 0 255
0.0608265 0.1633848 -0.0761931 0 0 255
0.0610949 0.1650316 -0.0757947 0 0 255
0.0605957 0.1664148 -0.0761088 0 0 255
0.0611199 0.1681517 -0.0754728 0 0 255
0.0616451 0.1698922 -0.0748354 0 0 255
0.0614010 0.1713628 -0.0749127 0 0 255
0.0614134 0.1729237 -0.0747517 0 0 255
0.0614259 0.1744847 -0.0745906 0 0 255
0.0619517 0.1762326 -0.0739521 0 0 255
0.0614508 0.1776066 -0.0742685 0 0 255
0.0614633 0.1791676 -0.0741075 0 0 255
0.0617324 0.1808244 -0.0737075 0 0 255
0.0614883 0.1822897 -0.0737853 0 0 255
0.0615007 0.1838507 -0.0736242 0 0 255
0.0615131 0.1854118 -0.0734632 0 0 255
0.0612693 0.1868740 -0.0735410 0 0 255
0.0612817 0.1884343 -0.0733801 0 0 255
0.0612942 0.1899947 -0.0732191 0 0 255
0.0615630 0.1916563 -0.0728189 0 0 255
0.0620889 0.1934220 -0.0721785 0 0 255
0.0633898 0.1955018 -0.0708143 0 0 255
0.0634022 0.1970686 -0.0706527 0 0 255
0.0639319 0.1988462 -0.0700078 0 0 255
0.0639445 0.2004147 -0.0698459 0 0 255
0.0639570 0.2019831 -0.0696841 0 0 255
0.0642286 0.2036596 -0.0692800 0 0 255
0.0645004 0.2053378 -0.0688756 0 0 255
0.0639945 0.2066887 -0.0691986 0 0 255
0.0642661 0.2083676 -0.0687943 0 0 255
0.0640196 0.2098258 -0.0688750 0 0 255
0.0637733 0.2112826 -0.0689556 0 0 255
0.0635273 0.2127378 -0.0690360 0 0 255
0.0635397 0.2143048 -0.0688744 0 0 255
0.0630360 0.2156439 -0.0691968 0 0 255
0.0620223 0.2167531 -0.0699977 0 0 255
0.0610095 0.2178564 -0.0707985 0 0 255
0.0607662 0.2193002 -0.0708776 0 0 255
0.0595042 0.2202801 -0.0719133 0 0 255
0.0595165 0.2218345 -0.0717529 0 0 255
0.0585139 0.2229220 -0.0725460 0 0 255
0.0577677 0.2241220 -0.0730987 0 0 255
0.0567722 0.2252010 -0.0738863 0 0 255
0.0567846 0.2267468 -0.0737268 0 0 255
0.0557930 0.2278184 -0.0745115 0 0 255
0.0558053 0.2293613 -0.0743523 0 0 255
0.0553173 0.2306646 -0.0746641 0 0 255
0.0553296 0.2322059 -0.0745051 0 0 255
0.0550920 0.2336261 -0.0745814 0 0 255
0.0546102 0.2349255 -0.0748879 0 0 255
0.0543733 0.2363422 -0.0749639 0 0 255
0.0546347 0.2380036 -0.0745704 0 0 255
0.0546470 0.2395427 -0.0744115 0 0 255
0.0546593 0.2410818 -0.0742527 0 0 255
0.0549209 0.2427464 -0.0738586 0 0 255
0.0551829 0.2444128 -0.0734642 0 0 255
0.0559456 0.2463358 -0.0725967 0 0 255
0.0562086 0.2480074 -0.0722007 0 0 255
0.0577303 0.2503298 -0.0706155 0 0 255
0.0585008 0.2522716 -0.0697393 0 0 255
0.0592737 0.2542195 -0.0688604 0 0 255
0.0597944 0.2560397 -0.0682195 0 0 255
0.0600613 0.2577290 -0.0678183 0 0 255
0.0605836 0.2595555 -0.0671753 0 0 255
0.0611069 0.2613858 -0.0665311 0 0 255
0.0611194 0.2629447 -0.0663702 0 0 255
0.0613877 0.2646420 -0.0659671 0 0 255
0.0614001 0.2662017 -0.0658062 0 0 255
0.0832488 -0.0916020 -0.0783969 0 0 255
0.0807461 -0.0895690 -0.0804527 0 0 255
0.0802032 -0.0878555 -0.0807765 0 0 255
0.0782800 -0.0859358 -0.0823218 0 0 255
0.0785687 -0.0843572 -0.0819106 0 0 255
0.0763841 -0.0824167 -0.0836892 0 0 255
0.0734087 -0.0803771 -0.0861695 0 0 255
0.0718042 -0.0785473 -0.0874369 0 0 255
0.0707444 -0.0768018 -0.0882225 0 0 255
0.0691566 -0.0749926 -0.0894769 0 0 255
0.0683728 -0.0732980 -0.0900191 0 0 255
0.0667998 -0.0715082 -0.0912620 0 0 255
0.0657609 -0.0697943 -0.0920320 0 0 255
0.0647261 -0.0680875 -0.0927987 0 0 255
0.0636957 -0.0663878 -0.0935624 0 0 255
0.0621549 -0.0646361 -0.0947799 0 0 255
0.0619089 -0.0630382 -0.0948478 0 0 255
0.0621800 -0.0614979 -0.0944561 0 0 255
0.0614178 -0.0598473 -0.0949832 0 0 255
0.0596317 -0.0580972 -0.0964215 0 0 255
0.0588773 -0.0564602 -0.0969429 0 0 255
0.0583798 -0.0548526 -0.0972360 0 0 255
0.0578833 -0.0532482 -0.0975286 0 0 255
0.0573878 -0.0516471 -0.0978205 0 0 255
0.0574002 -0.0500930 -0.0976601 0 0 255
0.0566526 -0.0484757 -0.0981772 0 0 255
0.0564122 -0.0469036 -0.0982425 0 0 255
0.0561720 -0.0453332 -0.0983078 0 0 255
0.0554282 -0.0437271 -0.0988226 0 0 255
0.0559445 -0.0422149 -0.0982130 0 0 255
0.0557048 -0.0406483 -0.0982783 0 0 255
0.0554653 -0.0390834 -0.0983434 0 0 255
0.0552261 -0.0375200 -0.0984085 0 0 255
0.0552384 -0.0359728 -0.0982488 0 0 255
0.0552508 -0.0344256 -0.0980892 0 0 255
0.0552631 -0.0328783 -0.0979295 0 0 255
0.0552754 -0.0313311 -0.0977699 0 0 255
0.0552878 -0.0297838 -0.0976102 0 0 255
0.0555518 -0.0282473 -0.0972253 0 0 255
0.0558160 -0.0267092 -0.0968400 0 0 255
0.0558284 -0.0251603 -0.0966802 0 0 255
0.0560929 -0.0236198 -0.0962944 0 0 255
0.0566103 -0.0220854 -0.0956817 0 0 255
0.0568756 -0.0205409 -0.0952948 0 0 255
0.0573946 -0.0190010 -0.0946802 0 0 255
0.0574070 -0.0174472 -0.0945198 0 0 255
0.0574194 -0.0158935 -0.0943596 0 0 255
0.0571783 -0.0143360 -0.0944269 0 0 255
0.0569375 -0.0127801 -0.0944941 0 0 255
0.0566969 -0.0112257 -0.0945612 0 0 255
0.0562042 -0.0096716 -0.0948552 0 0 255
0.0559643 -0.0081211 -0.0949221 0 0 255
0.0557247 -0.0065722 -0.0949889 0 0 255
0.0554853 -0.0050249 -0.0950556 0 0 255
0.0547442 -0.0034827 -0.0955742 0 0 255
0.0547565 -0.0019374 -0.0954148 0 0 255
0.0540206 -0.0004021 -0.0959292 0 0 255
0.0540329 0.0011409 -0.0957700 0 0 255
0.0535456 0.0026741 -0.0960611 0 0 255
0.0533084 0.0042099 -0.0961269 0 0 255
0.0533207 0.0057506 -0.0959679 0 0 255
0.0530838 0.0072841 -0.0960338 0 0 255
0.0533454 0.0088321 -0.0956500 0 0 255
0.0531084 0.0103641 -0.0957160 0 0 255
0.0528717 0.0118946 -0.0957820 0 0 255
0.0523868 0.0134133 -0.0960723 0 0 255
0.0523990 0.0149510 -0.0959136 0 0 255
0.0524113 0.0164887 -0.0957550 0 0 255
0.0526721 0.0180391 -0.0953716 0 0 255
0.0526844 0.0195777 -0.0952128 0 0 255
0.0524481 0.0211021 -0.0952790 0 0 255
0.0524604 0.0226399 -0.0951203 0 0 255
0.0522244 0.0241621 -0.0951864 0 0 255
0.0519886 0.0256827 -0.0952525 0 0 255
0.0517530 0.0272019 -0.0953185 0 0 255
0.0517653 0.0287375 -0.0951601 0 0 255
0.0517775 0.0302731 -0.0950017 0 0 255
0.0515422 0.0317892 -0.0950677 0 0 255
0.0515545 0.0333241 -0.0949093 0 0 255
0.0515667 0.0348590 -0.0947510 0 0 255
0.0515790 0.0363939 -0.0945926 0 0 255
0.0518388 0.0379514 -0.0942094 0 0 255
0.0516034 0.0394638 -0.0942759 0 0 255
0.0518633 0.0410229 -0.0938925 0 0 255
0.0518755 0.0425586 -0.0937340 0 0 255
0.0523838 0.0441458 -0.0931245 0 0 255
0.0521480 0.0456567 -0.0931916 0 0 255
0.0521602 0.0471933 -0.0930330 0 0 255
0.0526690 0.0487860 -0.0924225 0 0 255
0.0531788 0.0503820 -0.0918108 0 0 255
0.0531911 0.0519217 -0.0916519 0 0 255
0.0537019 0.0535225 -0.0910388 0 0 255
0.0537142 0.0550638 -0.0908797 0 0 255
0.0544762 0.0567016 -0.0900372 0 0 255
0.0544886 0.0582453 -0.0898778 0 0 255
0.0550020 0.0598565 -0.0892614 0 0 255
0.0555166 0.0614711 -0.0886436 0 0 255
0.0555289 0.0630180 -0.0884840 0 0 255
0.0560444 0.0646374 -0.0878648 0 0 255
0.0563088 0.0662230 -0.0874749 0 0 255
0.0563211 0.0677724 -0.0873150 0 0 255
0.0563335 0.0693217 -0.0871552 0 0 255
0.0565981 0.0709105 -0.0867646 0 0 255
0.0566105 0.0724607 -0.0866047 0 0 255
0.0561185 0.0739288 -0.0869062 0 0 255
0.0558791 0.0754357 -0.0869768 0 0 255
0.0551377 0.0768561 -0.0875073 0 0 255
0.0546487 0.0783154 -0.0878070 0 0 255
0.0546610 0.0798594 -0.0876477 0 0 255
0.0541730 0.0813142 -0.0879469 0 0 255
0.0534368 0.0827209 -0.0884740 0 0 255
0.0534491 0.0842611 -0.0883151 0 0 255
0.0527150 0.0856612 -0.0888409 0 0 255
0.0522310 0.0871044 -0.0891377 0 0 255
0.0519954 0.0885928 -0.0892067 0 0 255
0.0512657 0.0899823 -0.0897296 0 0 255
0.0515251 0.0915650 -0.0893444 0 0 255
0.0507968 0.0929487 -0.0898665 0 0 255
0.0508090 0.0944805 -0.0897085 0 0 255
0.0503320 0.0959099 -0.0900003 0 0 255
0.0500984 0.0973880 -0.0900685 0 0 255
0.0503564 0.0989706 -0.0896845 0 0 255
0.0498771 0.1003935 -0.0899790 0 0 255
0.0498894 0.1019223 -0.0898212 0 0 255
0.0501471 0.1035065 -0.0894372 0 0 255
0.0496683 0.1049241 -0.0897318 0 0 255
0.0496805 0.1064523 -0.0895742 0 0 255
0.0496927 0.1079805 -0.0894165 0 0 255
0.0497048 0.1095087 -0.0892588 0 0 255
0.0499625 0.1110959 -0.0888747 0 0 255
0.0499748 0.1126250 -0.0887169 0 0 255
0.0492514 0.1139725 -0.0892381 0 0 255
0.0495085 0.1155605 -0.0888544 0 0 255
0.0492758 0.1170261 -0.0889230 0 0 255
0.0490432 0.1184902 -0.0889916 0 0 255
0.0495451 0.1201431 -0.0883816 0 0 255
0.0495572 0.1216707 -0.0882240 0 0 255
0.0493245 0.1231333 -0.0882929 0 0 255
0.0490919 0.1245945 -0.0883618 0 0 255
0.0495938 0.1262536 -0.0877511 0 0 255
0.0500968 0.1279161 -0.0871392 0 0 255
0.0506006 0.1295818 -0.0865261 0 0 255
0.0506128 0.1311126 -0.0863681 0 0 255
0.0508713 0.1327133 -0.0859820 0 0 255
0.0516238 0.1344574 -0.0851378 0 0 255
0.0523784 0.1362067 -0.0842911 0 0 255
0.0536332 0.1381073 -0.0829801 0 0 255
0.0541442 0.1397952 -0.0823584 0 0 255
0.0544063 0.1414117 -0.0819675 0 0 255
0.0559317 0.1449554 -0.0802554 0 0 255
0.0566994 0.1467358 -0.0793940 0 0 255
0.0567117 0.1482854 -0.0792341 0 0 255
0.0577349 0.1501534 -0.0781344 0 0 255
0.0582543 0.1518674 -0.0775028 0 0 255
0.0587748 0.1535849 -0.0768698 0 0 255
0.0587872 0.1551409 -0.0767093 0 0 255
0.0595636 0.1569469 -0.0758376 0 0 255
0.0588120 0.1582528 -0.0763882 0 0 255
0.0598437 0.1601488 -0.0752783 0 0 255
0.0598561 0.1617080 -0.0751174 0 0 255
0.0591037 0.1630073 -0.0756694 0 0 255
0.0593708 0.1646516 -0.0752713 0 0 255
0.0591285 0.1661211 -0.0753481 0 0 255
0.0593957 0.1677669 -0.0749498 0 0 255
0.0594081 0.1693247 -0.0747891 0 0 255
0.0599307 0.1710637 -0.0741521 0 0 255
0.0599432 0.1726230 -0.0739912 0 0 255
0.0599556 0.1741824 -0.0738303 0 0 255
0.0599681 0.1757417 -0.0736694 0 0 255
0.0602360 0.1773951 -0.0732697 0 0 255
0.0599930 0.1788606 -0.0733476 0 0 255
0.0600054 0.1804200 -0.0731867 0 0 255
0.0597625 0.1818832 -0.0732647 0 0 255
0.0602858 0.1836361 -0.0726257 0 0 255
0.0597873 0.1850006 -0.0729430 0 0 255
0.0597998 0.1865593 -0.0727822 0 0 255
0.0600675 0.1882175 -0.0723822 0 0 255
0.0595697 0.1895767 -0.0726995 0 0 255
0.0598371 0.1912356 -0.0722997 0 0 255
0.0601049 0.1928962 -0.0718994 0 0 255
0.0611413 0.1948673 -0.0707780 0 0 255
0.0611537 0.1964301 -0.0706168 0 0 255
0.0624522 0.1985177 -0.0692486 0 0 255
0.0622070 0.1999786 -0.0693288 0 0 255
0.0622194 0.2015447 -0.0691673 0 0 255
0.0624897 0.2032184 -0.0687636 0 0 255
0.0622444 0.2046770 -0.0688441 0 0 255
0.0622569 0.2062431 -0.0686825 0 0 255
0.0625271 0.2079192 -0.0682786 0 0 255
0.0625396 0.2094862 -0.0681168 0 0 255
0.0620369 0.2108302 -0.0684400 0 0 255
0.0617921 0.2122834 -0.0685206 0 0 255
0.0615508 0.2137367 -0.0685982 0 0 255
0.0605503 0.2164079 -0.0692415 0 0 255
0.0600517 0.2177394 -0.0695622 0 0 255
0.0593043 0.2189556 -0.0701177 0 0 255
0.0585542 0.2201658 -0.0706761 0 0 255
0.0580596 0.2214882 -0.0709940 0 0 255
0.0568088 0.2224592 -0.0720257 0 0 255
0.0563128 0.2237724 -0.0723457 0 0 255
0.0555767 0.2249703 -0.0728928 0 0 255
0.0553336 0.2263954 -0.0729747 0 0 255
0.0548454 0.2277029 -0.0732882 0 0 255
0.0543582 0.2290079 -0.0736011 0 0 255
0.0536280 0.2301933 -0.0741440 0 0 255
0.0536403 0.2317323 -0.0739852 0 0 255
0.0534039 0.2331505 -0.0740617 0 0 255
0.0534162 0.2346888 -0.0739030 0 0 255
0.0529319 0.2359829 -0.0742143 0 0 255
0.0526963 0.2373970 -0.0742904 0 0 255
0.0527085 0.2389330 -0.0741319 0 0 255
0.0529687 0.2405933 -0.0737386 0 0 255
0.0529810 0.2421301 -0.0735800 0 0 255
0.0534898 0.2439187 -0.0729506 0 0 255
0.0542488 0.2458383 -0.0720837 0 0 255
0.0545106 0.2475070 -0.0716881 0 0 255
0.0560248 0.2498243 -0.0701037 0 0 255
0.0572957 0.2520245 -0.0687494 0 0 255
0.0578134 0.2538387 -0.0681097 0 0 255
0.0588394 0.2559234 -0.0669867 0 0 255
0.0591058 0.2576127 -0.0665849 0 0 255
0.0593725 0.2593037 -0.0661827 0 0 255
0.0601495 0.2612694 -0.0652952 0 0 255
0.0599068 0.2626910 -0.0653769 0 0 255
0.0601744 0.2643873 -0.0649734 0 0 255
0.0604422 0.2660853 -0.0645696 0 0 255
0.0867541 -0.0941092 -0.0732513 0 0 255
0.0836486 -0.0919553 -0.0758508 0 0 255
0.0803010 -0.0897825 -0.0786672 0 0 255
0.0789264 -0.0879375 -0.0797323 0 0 255
0.0775591 -0.0861024 -0.0807917 0 0 255
0.0764731 -0.0843178 -0.0816018 0 0 255
0.0732200 -0.0822234 -0.0843403 0 0 255
0.0713447 -0.0803464 -0.0858547 0 0 255
0.0702848 -0.0785954 -0.0866444 0 0 255
0.0686967 -0.0767787 -0.0879050 0 0 255
0.0671186 -0.0749734 -0.0891578 0 0 255
0.0660763 -0.0732479 -0.0899341 0 0 255
0.0653005 -0.0715630 -0.0904734 0 0 255
0.0642657 -0.0698508 -0.0912442 0 0 255
0.0629750 -0.0681141 -0.0922438 0 0 255
0.0624681 -0.0664781 -0.0925448 0 0 255
0.0619622 -0.0648454 -0.0928452 0 0 255
0.0612024 -0.0631875 -0.0933726 0 0 255
0.0612149 -0.0616184 -0.0932108 0 0 255
0.0609694 -0.0600220 -0.0932794 0 0 255
0.0602095 -0.0583745 -0.0938080 0 0 255
0.0589398 -0.0566813 -0.0947928 0 0 255
0.0579312 -0.0550211 -0.0955448 0 0 255
0.0571805 -0.0533913 -0.0960668 0 0 255
0.0566855 -0.0517892 -0.0963603 0 0 255
0.0561914 -0.0501904 -0.0966533 0 0 255
0.0559510 -0.0486159 -0.0967194 0 0 255
0.0557108 -0.0470430 -0.0967855 0 0 255
0.0552188 -0.0454521 -0.0970774 0 0 255
0.0549793 -0.0438832 -0.0971433 0 0 255
0.0544887 -0.0422979 -0.0974344 0 0 255
0.0542500 -0.0407329 -0.0974999 0 0 255
0.0540115 -0.0391695 -0.0975654 0 0 255
0.0540238 -0.0376231 -0.0974058 0 0 255
0.0540362 -0.0360767 -0.0972462 0 0 255
0.0537979 -0.0345163 -0.0973117 0 0 255
0.0535599 -0.0329575 -0.0973772 0 0 255
0.0540732 -0.0314373 -0.0967675 0 0 255
0.0543363 -0.0299024 -0.0963823 0 0 255
0.0545998 -0.0283659 -0.0959968 0 0 255
0.0543610 -0.0268077 -0.0960630 0 0 255
0.0546245 -0.0252697 -0.0956773 0 0 255
0.0546369 -0.0237215 -0.0955175 0 0 255
0.0549006 -0.0221810 -0.0951314 0 0 255
0.0556687 -0.0206528 -0.0942906 0 0 255
0.0561863 -0.0191137 -0.0936752 0 0 255
0.0561986 -0.0175608 -0.0935150 0 0 255
0.0564640 -0.0160124 -0.0931266 0 0 255
0.0567296 -0.0144624 -0.0927378 0 0 255
0.0564888 -0.0129048 -0.0928059 0 0 255
0.0559954 -0.0113466 -0.0931022 0 0 255
0.0557553 -0.0097929 -0.0931700 0 0 255
0.0550118 -0.0082396 -0.0936928 0 0 255
0.0542705 -0.0066910 -0.0942140 0 0 255
0.0545338 -0.0051432 -0.0938275 0 0 255
0.0537940 -0.0036008 -0.0943480 0 0 255
0.0535561 -0.0020580 -0.0944149 0 0 255
0.0530719 -0.0005200 -0.0947048 0 0 255
0.0530843 0.0010230 -0.0945455 0 0 255
0.0530966 0.0025660 -0.0943863 0 0 255
0.0523612 0.0040922 -0.0949043 0 0 255
0.0523735 0.0056330 -0.0947454 0 0 255
0.0521370 0.0071665 -0.0948119 0 0 255
0.0521493 0.0087065 -0.0946530 0 0 255
0.0519131 0.0102378 -0.0947194 0 0 255
0.0521739 0.0117866 -0.0943352 0 0 255
0.0519376 0.0133164 -0.0944017 0 0 255
0.0519499 0.0148557 -0.0942429 0 0 255
0.0519622 0.0163950 -0.0940841 0 0 255
0.0517262 0.0179217 -0.0941508 0 0 255
0.0517384 0.0194603 -0.0939921 0 0 255
0.0515027 0.0209848 -0.0940588 0 0 255
0.0515150 0.0225227 -0.0939001 0 0 255
0.0515272 0.0240605 -0.0937414 0 0 255
0.0512916 0.0255820 -0.0938083 0 0 255
0.0513039 0.0271191 -0.0936497 0 0 255
0.0510686 0.0286383 -0.0937165 0 0 255
0.0513284 0.0301934 -0.0933324 0 0 255
0.0508457 0.0316917 -0.0936248 0 0 255
0.0506108 0.0332071 -0.0936916 0 0 255
0.0508702 0.0347630 -0.0933079 0 0 255
0.0511298 0.0363205 -0.0929238 0 0 255
0.0508947 0.0378345 -0.0929910 0 0 255
0.0509070 0.0393702 -0.0928325 0 0 255
0.0509192 0.0409059 -0.0926740 0 0 255
0.0509314 0.0424417 -0.0925156 0 0 255
0.0511911 0.0440032 -0.0921310 0 0 255
0.0512033 0.0455398 -0.0919725 0 0 255
0.0514633 0.0471036 -0.0915875 0 0 255
0.0519716 0.0486970 -0.0909753 0 0 255
0.0519839 0.0502360 -0.0908164 0 0 255
0.0519962 0.0517750 -0.0906576 0 0 255
0.0527545 0.0534052 -0.0898159 0 0 255
0.0532654 0.0550091 -0.0892003 0 0 255
0.0532777 0.0565521 -0.0890411 0 0 255
0.0532900 0.0580950 -0.0888819 0 0 255
0.0543026 0.0597728 -0.0878058 0 0 255
0.0545657 0.0613535 -0.0874164 0 0 255
0.0545781 0.0629004 -0.0872567 0 0 255
0.0550926 0.0645198 -0.0866364 0 0 255
0.0551049 0.0660683 -0.0864766 0 0 255
0.0553688 0.0676547 -0.0860859 0 0 255
0.0553811 0.0692040 -0.0859261 0 0 255
0.0553935 0.0707534 -0.0857662 0 0 255
0.0551544 0.0722626 -0.0858374 0 0 255
0.0551667 0.0738112 -0.0856777 0 0 255
0.0544259 0.0752349 -0.0862103 0 0 255
0.0541877 0.0767388 -0.0862813 0 0 255
0.0534499 0.0781552 -0.0868120 0 0 255
0.0532127 0.0796547 -0.0868825 0 0 255
0.0529757 0.0811527 -0.0869528 0 0 255
0.0522416 0.0825590 -0.0874812 0 0 255
0.0517575 0.0840067 -0.0877797 0 0 255
0.0515220 0.0854981 -0.0878494 0 0 255
0.0515343 0.0870352 -0.0876908 0 0 255
0.0508046 0.0884284 -0.0882164 0 0 255
0.0503234 0.0898660 -0.0885133 0 0 255
0.0500892 0.0913500 -0.0885824 0 0 255
0.0503478 0.0929327 -0.0881968 0 0 255
0.0498676 0.0943644 -0.0884933 0 0 255
0.0493914 0.0957939 -0.0887864 0 0 255
0.0491583 0.0972721 -0.0888552 0 0 255
0.0491705 0.0988017 -0.0886974 0 0 255
0.0489376 0.1002777 -0.0887662 0 0 255
0.0489497 0.1018066 -0.0886084 0 0 255
0.0489620 0.1033355 -0.0884507 0 0 255
0.0487292 0.1048085 -0.0885196 0 0 255
0.0489863 0.1063933 -0.0881351 0 0 255
0.0485089 0.1078075 -0.0884308 0 0 255
0.0487657 0.1093931 -0.0880466 0 0 255
0.0482888 0.1108036 -0.0883422 0 0 255
0.0483010 0.1123303 -0.0881846 0 0 255
0.0485576 0.1139174 -0.0878004 0 0 255
0.0488145 0.1155061 -0.0874158 0 0 255
0.0485820 0.1169725 -0.0874852 0 0 255
0.0481054 0.1183748 -0.0877812 0 0 255
0.0481176 0.1199009 -0.0876237 0 0 255
0.0478857 0.1213629 -0.0876929 0 0 255
0.0478979 0.1228882 -0.0875355 0 0 255
0.0483984 0.1245448 -0.0869243 0 0 255
0.0484105 0.1260717 -0.0867667 0 0 255
0.0486672 0.1276659 -0.0863818 0 0 255
0.0484349 0.1291256 -0.0864516 0 0 255
0.0491814 0.1308590 -0.0856107 0 0 255
0.0494389 0.1324580 -0.0852246 0 0 255
0.0501884 0.1341999 -0.0843801 0 0 255
0.0506934 0.1358754 -0.0837629 0 0 255
0.0519420 0.1377723 -0.0824526 0 0 255
0.0524506 0.1394574 -0.0818313 0 0 255
0.0527113 0.1410713 -0.0814407 0 0 255
0.0532214 0.1427622 -0.0808175 0 0 255
0.0542415 0.1461535 -0.0795702 0 0 255
0.0545042 0.1477765 -0.0791771 0 0 255
0.0555203 0.1496388 -0.0780802 0 0 255
0.0557843 0.1512677 -0.0776853 0 0 255
0.0565530 0.1530606 -0.0768186 0 0 255
0.0570709 0.1547767 -0.0761859 0 0 255
0.0573364 0.1564133 -0.0757889 0 0 255
0.0576023 0.1580516 -0.0753914 0 0 255
0.0581223 0.1597764 -0.0747559 0 0 255
0.0578808 0.1612476 -0.0748329 0 0 255
0.0578932 0.1628037 -0.0746724 0 0 255
0.0581596 0.1644469 -0.0742740 0 0 255
0.0579180 0.1659159 -0.0743513 0 0 255
0.0579304 0.1674720 -0.0741907 0 0 255
0.0581968 0.1691177 -0.0737921 0 0 255
0.0584634 0.1707651 -0.0733930 0 0 255
0.0582216 0.1722316 -0.0734708 0 0 255
0.0584883 0.1738807 -0.0730715 0 0 255
0.0587552 0.1755313 -0.0726719 0 0 255
0.0587676 0.1770900 -0.0725111 0 0 255
0.0585255 0.1785541 -0.0725893 0 0 255
0.0582837 0.1800168 -0.0726675 0 0 255
0.0585504 0.1816699 -0.0722678 0 0 255
0.0585628 0.1832278 -0.0721070 0 0 255
0.0585752 0.1847857 -0.0719463 0 0 255
0.0583333 0.1862453 -0.0720248 0 0 255
0.0586000 0.1879016 -0.0716248 0 0 255
0.0586125 0.1894596 -0.0714640 0 0 255
0.0586249 0.1910176 -0.0713033 0 0 255
0.0591467 0.1927790 -0.0706627 0 0 255
0.0589043 0.1942361 -0.0707419 0 0 255
0.0594267 0.1960018 -0.0701003 0 0 255
0.0599502 0.1977710 -0.0694575 0 0 255
0.0604748 0.1995440 -0.0688134 0 0 255
0.0607437 0.2012140 -0.0684100 0 0 255
0.0607561 0.2027786 -0.0682486 0 0 255
0.0600049 0.2040216 -0.0688081 0 0 255
0.0602733 0.2056923 -0.0684052 0 0 255
0.0600299 0.2071460 -0.0684857 0 0 255
0.0602982 0.2088183 -0.0680827 0 0 255
0.0603107 0.2103813 -0.0679214 0 0 255
0.0603264 0.2119458 -0.0677571 0 0 255
0.0595717 0.2131716 -0.0683213 0 0 255
0.0595841 0.2147323 -0.0681603 0 0 255
0.0590864 0.2160656 -0.0684822 0 0 255
0.0588442 0.2175104 -0.0685623 0 0 255
0.0583480 0.2188389 -0.0688832 0 0 255
0.0573462 0.2199341 -0.0696833 0 0 255
0.0568530 0.2212560 -0.0700021 0 0 255
0.0558573 0.2223431 -0.0707975 0 0 255
0.0551162 0.2235421 -0.0713521 0 0 255
0.0543774 0.2247376 -0.0719050 0 0 255
0.0541399 0.2261643 -0.0719827 0 0 255
0.0531552 0.2272355 -0.0727697 0 0 255
0.0529188 0.2286575 -0.0728468 0 0 255
0.0524345 0.2299589 -0.0731595 0 0 255
0.0521989 0.2313774 -0.0732363 0 0 255
0.0524591 0.2330354 -0.0728420 0 0 255
0.0517283 0.2342101 -0.0733896 0 0 255
0.0514934 0.2356244 -0.0734662 0 0 255
0.0517528 0.2372821 -0.0730726 0 0 255
0.0515179 0.2386948 -0.0731493 0 0 255
0.0515301 0.2402301 -0.0729909 0 0 255
0.0517895 0.2418902 -0.0725971 0 0 255
0.0520493 0.2435519 -0.0722030 0 0 255
0.0528054 0.2454690 -0.0713357 0 0 255
0.0528176 0.2470081 -0.0711769 0 0 255
0.0543245 0.2493205 -0.0695933 0 0 255
0.0563437 0.2519087 -0.0675203 0 0 255
0.0568603 0.2537228 -0.0668793 0 0 255
0.0571252 0.2554075 -0.0664783 0 0 255
0.0576435 0.2572280 -0.0658352 0 0 255
0.0584166 0.2591875 -0.0649486 0 0 255
0.0584290 0.2607440 -0.0647880 0 0 255
0.0586955 0.2624376 -0.0643846 0 0 255
0.0589623 0.2641329 -0.0639808 0 0 255
0.0592294 0.2658299 -0.0635766 0 0 255
0.0594966 0.2675286 -0.0631720 0 0 255
0.0834723 -0.0938609 -0.0739647 0 0 255
0.0826401 -0.0920815 -0.0745495 0 0 255
0.0815303 -0.0902631 -0.0753825 0 0 255
0.0782034 -0.0881057 -0.0781958 0 0 255
0.0765624 -0.0862271 -0.0795054 0 0 255
0.0746589 -0.0843195 -0.0810506 0 0 255
0.0711532 -0.0821888 -0.0840289 0 0 255
0.0695566 -0.0803543 -0.0853023 0 0 255
0.0690352 -0.0786808 -0.0856151 0 0 255
0.0677171 -0.0769012 -0.0866409 0 0 255
0.0658785 -0.0750601 -0.0881335 0 0 255
0.0648392 -0.0733354 -0.0889116 0 0 255
0.0645895 -0.0717181 -0.0889831 0 0 255
0.0632946 -0.0699722 -0.0899911 0 0 255
0.0625260 -0.0682983 -0.0905284 0 0 255
0.0615006 -0.0665990 -0.0912963 0 0 255
0.0609958 -0.0649662 -0.0915978 0 0 255
0.0604953 -0.0633370 -0.0918960 0 0 255
0.0597352 -0.0616828 -0.0924273 0 0 255
0.0597476 -0.0601152 -0.0922655 0 0 255
0.0592465 -0.0584948 -0.0925650 0 0 255
0.0584903 -0.0568522 -0.0930939 0 0 255
0.0574815 -0.0551899 -0.0938503 0 0 255
0.0562233 -0.0535108 -0.0948315 0 0 255
0.0559823 -0.0519314 -0.0948987 0 0 255
0.0552362 -0.0503096 -0.0954204 0 0 255
0.0544922 -0.0486926 -0.0959407 0 0 255
0.0542530 -0.0471213 -0.0960071 0 0 255
0.0540140 -0.0455515 -0.0960734 0 0 255
0.0540264 -0.0440020 -0.0959136 0 0 255
0.0537876 -0.0424346 -0.0959799 0 0 255
0.0532985 -0.0408516 -0.0962721 0 0 255
0.0525606 -0.0392554 -0.0967888 0 0 255
0.0528228 -0.0377261 -0.0964041 0 0 255
0.0528351 -0.0361804 -0.0962446 0 0 255
0.0528474 -0.0346348 -0.0960851 0 0 255
0.0528598 -0.0330891 -0.0959256 0 0 255
0.0528721 -0.0315434 -0.0957661 0 0 255
0.0526345 -0.0299860 -0.0958323 0 0 255
0.0531468 -0.0284627 -0.0952210 0 0 255
0.0534095 -0.0269263 -0.0948351 0 0 255
0.0534219 -0.0253789 -0.0946754 0 0 255
0.0534342 -0.0238315 -0.0945157 0 0 255
0.0539481 -0.0222996 -0.0939022 0 0 255
0.0542117 -0.0207576 -0.0935149 0 0 255
0.0542240 -0.0192078 -0.0933550 0 0 255
0.0547395 -0.0176688 -0.0927393 0 0 255
0.0552561 -0.0161267 -0.0921224 0 0 255
0.0557737 -0.0145813 -0.0915042 0 0 255
0.0555334 -0.0130237 -0.0915729 0 0 255
0.0550411 -0.0114653 -0.0918703 0 0 255
0.0548014 -0.0099116 -0.0919388 0 0 255
0.0543106 -0.0083587 -0.0922354 0 0 255
0.0535699 -0.0068091 -0.0927592 0 0 255
0.0535823 -0.0052615 -0.0925994 0 0 255
0.0530939 -0.0037172 -0.0928946 0 0 255
0.0523602 -0.0021785 -0.0934131 0 0 255
0.0523725 -0.0006347 -0.0932538 0 0 255
0.0521355 0.0009051 -0.0933212 0 0 255
0.0518988 0.0024434 -0.0933884 0 0 255
0.0514139 0.0039745 -0.0936818 0 0 255
0.0516746 0.0055216 -0.0932966 0 0 255
0.0514385 0.0070560 -0.0933638 0 0 255
0.0514508 0.0085968 -0.0932048 0 0 255
0.0512147 0.0101290 -0.0932721 0 0 255
0.0512270 0.0116690 -0.0931132 0 0 255
0.0512393 0.0132091 -0.0929542 0 0 255
0.0512515 0.0147491 -0.0927953 0 0 255
0.0510158 0.0162775 -0.0928627 0 0 255
0.0510281 0.0178169 -0.0927038 0 0 255
0.0507925 0.0193429 -0.0927713 0 0 255
0.0510526 0.0208956 -0.0923861 0 0 255
0.0508170 0.0224202 -0.0924537 0 0 255
0.0505817 0.0239432 -0.0925212 0 0 255
0.0503466 0.0254648 -0.0925887 0 0 255
0.0506062 0.0270191 -0.0922038 0 0 255
0.0503711 0.0285391 -0.0922714 0 0 255
0.0503834 0.0300763 -0.0921128 0 0 255
0.0506430 0.0316329 -0.0917277 0 0 255
0.0504079 0.0331507 -0.0917955 0 0 255
0.0504201 0.0346879 -0.0916369 0 0 255
0.0504324 0.0362252 -0.0914783 0 0 255
0.0504447 0.0377625 -0.0913196 0 0 255
0.0504569 0.0392998 -0.0911610 0 0 255
0.0504692 0.0408371 -0.0910023 0 0 255
0.0502343 0.0423496 -0.0910704 0 0 255
0.0502465 0.0438862 -0.0909119 0 0 255
0.0507534 0.0454756 -0.0902992 0 0 255
0.0507657 0.0470138 -0.0901405 0 0 255
0.0510256 0.0485799 -0.0897543 0 0 255
0.0510378 0.0501189 -0.0895954 0 0 255
0.0515462 0.0517170 -0.0889806 0 0 255
0.0513103 0.0532273 -0.0890498 0 0 255
0.0518193 0.0548294 -0.0884340 0 0 255
0.0523292 0.0564348 -0.0878170 0 0 255
0.0525907 0.0580105 -0.0874284 0 0 255
0.0531022 0.0596216 -0.0868094 0 0 255
0.0536149 0.0612360 -0.0861891 0 0 255
0.0536272 0.0627829 -0.0860295 0 0 255
0.0538900 0.0643660 -0.0856390 0 0 255
0.0544041 0.0659876 -0.0850166 0 0 255
0.0539146 0.0674615 -0.0853196 0 0 255
0.0541778 0.0690478 -0.0849285 0 0 255
0.0541901 0.0705964 -0.0847687 0 0 255
0.0542024 0.0721450 -0.0846089 0 0 255
0.0537135 0.0736120 -0.0849120 0 0 255
0.0532254 0.0750760 -0.0852146 0 0 255
0.0529879 0.0765793 -0.0852860 0 0 255
0.0527507 0.0780811 -0.0853573 0 0 255
0.0517672 0.0794504 -0.0861188 0 0 255
0.0515312 0.0809470 -0.0861894 0 0 255
0.0515435 0.0824872 -0.0860305 0 0 255
0.0508123 0.0838901 -0.0865597 0 0 255
0.0503302 0.0853351 -0.0868588 0 0 255
0.0503424 0.0868714 -0.0867002 0 0 255
0.0498612 0.0883120 -0.0869989 0 0 255
0.0496270 0.0897983 -0.0870689 0 0 255
0.0491473 0.0912339 -0.0873666 0 0 255
0.0489140 0.0927165 -0.0874362 0 0 255
0.0484356 0.0941470 -0.0877333 0 0 255
0.0484509 0.0956780 -0.0875724 0 0 255
0.0482182 0.0971562 -0.0876418 0 0 255
0.0482304 0.0986859 -0.0874840 0 0 255
0.0482426 0.1002155 -0.0873261 0 0 255
0.0482548 0.1017452 -0.0871683 0 0 255
0.0480223 0.1032197 -0.0872379 0 0 255
0.0475459 0.1046370 -0.0875345 0 0 255
0.0478022 0.1062210 -0.0871497 0 0 255
0.0475702 0.1076919 -0.0872193 0 0 255
0.0475824 0.1092193 -0.0870616 0 0 255
0.0475945 0.1107468 -0.0869040 0 0 255
0.0473627 0.1122148 -0.0869736 0 0 255
0.0473749 0.1137416 -0.0868160 0 0 255
0.0473870 0.1152683 -0.0866585 0 0 255
0.0473992 0.1167951 -0.0865009 0 0 255
0.0471675 0.1182594 -0.0865708 0 0 255
0.0474235 0.1198488 -0.0861859 0 0 255
0.0471919 0.1213116 -0.0862558 0 0 255
0.0469605 0.1227730 -0.0863256 0 0 255
0.0469726 0.1242983 -0.0861683 0 0 255
0.0472283 0.1258900 -0.0857834 0 0 255
0.0474844 0.1274833 -0.0853981 0 0 255
0.0472527 0.1289424 -0.0854684 0 0 255
0.0479971 0.1306747 -0.0846264 0 0 255
0.0484986 0.1323424 -0.0840110 0 0 255
0.0492467 0.1340842 -0.0831647 0 0 255
0.0490133 0.1355452 -0.0832364 0 0 255
0.0502558 0.1374384 -0.0819267 0 0 255
0.0510093 0.1391941 -0.0810742 0 0 255
0.0515169 0.1408806 -0.0804515 0 0 255
0.0517773 0.1424952 -0.0800602 0 0 255
0.0525353 0.1442639 -0.0792023 0 0 255
0.0530459 0.1459607 -0.0785759 0 0 255
0.0535668 0.1492056 -0.0777917 0 0 255
0.0543302 0.1509908 -0.0769273 0 0 255
0.0548445 0.1527005 -0.0762963 0 0 255
0.0556118 0.1544956 -0.0754275 0 0 255
0.0561287 0.1562132 -0.0747934 0 0 255
0.0563937 0.1578506 -0.0743956 0 0 255
0.0561534 0.1593205 -0.0744727 0 0 255
0.0566714 0.1610449 -0.0738370 0 0 255
0.0566838 0.1626002 -0.0736765 0 0 255
0.0566962 0.1641555 -0.0735160 0 0 255
0.0569619 0.1657987 -0.0731172 0 0 255
0.0567210 0.1672661 -0.0731950 0 0 255
0.0569867 0.1689109 -0.0727960 0 0 255
0.0569991 0.1704671 -0.0726354 0 0 255
0.0570115 0.1720233 -0.0724749 0 0 255
0.0572774 0.1736714 -0.0720753 0 0 255
0.0572898 0.1752284 -0.0719147 0 0 255
0.0575560 0.1768790 -0.0715146 0 0 255
0.0573146 0.1783425 -0.0715933 0 0 255
0.0573270 0.1798996 -0.0714327 0 0 255
0.0570859 0.1813609 -0.0715113 0 0 255
0.0570982 0.1829172 -0.0713508 0 0 255
0.0568605 0.1843775 -0.0714265 0 0 255
0.0566248 0.1858370 -0.0715005 0 0 255
0.0566372 0.1873918 -0.0713400 0 0 255
0.0571560 0.1891460 -0.0707007 0 0 255
0.0569101 0.1906000 -0.0707844 0 0 255
0.0574294 0.1923583 -0.0701442 0 0 255
0.0577006 0.1940199 -0.0697385 0 0 255
0.0582134 0.1957811 -0.0691040 0 0 255
0.0584854 0.1974470 -0.0686972 0 0 255
0.0584978 0.1990075 -0.0685362 0 0 255
0.0587652 0.2006740 -0.0681336 0 0 255
0.0587776 0.2022353 -0.0679725 0 0 255
0.0585383 0.2036906 -0.0680501 0 0 255
0.0588057 0.2053594 -0.0676472 0 0 255
0.0588181 0.2069209 -0.0674861 0 0 255
0.0588306 0.2084823 -0.0673250 0 0 255
0.0585881 0.2099331 -0.0674059 0 0 255
0.0588555 0.2116053 -0.0670027 0 0 255
0.0583582 0.2129424 -0.0673258 0 0 255
0.0578620 0.2142768 -0.0676483 0 0 255
0.0576205 0.2157218 -0.0677289 0 0 255
0.0571257 0.2170514 -0.0680505 0 0 255
0.0568850 0.2184928 -0.0681307 0 0 255
0.0563917 0.2198176 -0.0684514 0 0 255
0.0556476 0.2210241 -0.0690112 0 0 255
0.0546549 0.2221111 -0.0698082 0 0 255
0.0536661 0.2231936 -0.0706020 0 0 255
0.0529302 0.2243884 -0.0711554 0 0 255
0.0529425 0.2259312 -0.0709963 0 0 255
0.0522089 0.2271201 -0.0715482 0 0 255
0.0514774 0.2283055 -0.0720986 0 0 255
0.0512422 0.2297247 -0.0721759 0 0 255
0.0512545 0.2312622 -0.0720172 0 0 255
0.0510195 0.2326794 -0.0720945 0 0 255
0.0502917 0.2338535 -0.0726427 0 0 255
0.0505504 0.2355095 -0.0722489 0 0 255
0.0503162 0.2369225 -0.0723259 0 0 255
0.0503284 0.2384569 -0.0721676 0 0 255
0.0503407 0.2399914 -0.0720092 0 0 255
0.0505994 0.2416506 -0.0716152 0 0 255
0.0506116 0.2431859 -0.0714567 0 0 255
0.0513648 0.2451004 -0.0705892 0 0 255
0.0513770 0.2466381 -0.0704306 0 0 255
0.0526293 0.2488181 -0.0690845 0 0 255
0.0531393 0.2506191 -0.0684487 0 0 255
0.0544004 0.2528169 -0.0670929 0 0 255
0.0556678 0.2550258 -0.0657303 0 0 255
0.0564364 0.2569779 -0.0648452 0 0 255
0.0564488 0.2585314 -0.0646849 0 0 255
0.0569665 0.2603560 -0.0640397 0 0 255
0.0572321 0.2620476 -0.0636364 0 0 255
0.0574977 0.2637410 -0.0632327 0 0 255
0.0572568 0.2651593 -0.0633153 0 0 255
0.0575225 0.2668542 -0.0629114 0 0 255
0.0575350 0.2684109 -0.0627508 0 0 255
0.0580549 0.2702494 -0.0621023 0 0 255
0.0796606 -0.0935222 -0.0751720 0 0 255
0.0816317 -0.0922077 -0.0732480 0 0 255
0.0805240 -0.0903891 -0.0740839 0 0 255
0.0777562 -0.0883174 -0.0764098 0 0 255
0.0755657 -0.0863518 -0.0782192 0 0 255
0.0731219 -0.0843619 -0.0802574 0 0 255
0.0704356 -0.0823518 -0.0825148 0 0 255
0.0691078 -0.0805542 -0.0835536 0 0 255
0.0677869 -0.0787661 -0.0845868 0 0 255
0.0656801 -0.0768780 -0.0863273 0 0 255
0.0643770 -0.0751114 -0.0873465 0 0 255
0.0638652 -0.0734571 -0.0876545 0 0 255
0.0630933 -0.0717727 -0.0881971 0 0 255
0.0620635 -0.0700609 -0.0889722 0 0 255
0.0605206 -0.0682930 -0.0902100 0 0 255
0.0600168 -0.0666584 -0.0905127 0 0 255
0.0592599 -0.0649978 -0.0910438 0 0 255
0.0590154 -0.0633997 -0.0911135 0 0 255
0.0590279 -0.0618313 -0.0909517 0 0 255
0.0582709 -0.0601811 -0.0914838 0 0 255
0.0580274 -0.0585886 -0.0915532 0 0 255
0.0572734 -0.0569467 -0.0920833 0 0 255
0.0565219 -0.0553098 -0.0926118 0 0 255
0.0557725 -0.0536778 -0.0931387 0 0 255
0.0557850 -0.0521197 -0.0929779 0 0 255
0.0545330 -0.0504509 -0.0939598 0 0 255
0.0545453 -0.0488967 -0.0937994 0 0 255
0.0538021 -0.0472811 -0.0943224 0 0 255
0.0535631 -0.0457096 -0.0943896 0 0 255
0.0530735 -0.0441209 -0.0946838 0 0 255
0.0523347 -0.0425174 -0.0952038 0 0 255
0.0523471 -0.0409702 -0.0950442 0 0 255
0.0526095 -0.0394394 -0.0946580 0 0 255
0.0518723 -0.0378446 -0.0951774 0 0 255
0.0516352 -0.0362841 -0.0952440 0 0 255
0.0513984 -0.0347252 -0.0953104 0 0 255
0.0519092 -0.0332075 -0.0946989 0 0 255
0.0516722 -0.0316494 -0.0947656 0 0 255
0.0516844 -0.0301044 -0.0946063 0 0 255
0.0521958 -0.0285812 -0.0939937 0 0 255
0.0519585 -0.0270245 -0.0940608 0 0 255
0.0519708 -0.0254787 -0.0939013 0 0 255
0.0524828 -0.0239500 -0.0932877 0 0 255
0.0524950 -0.0224026 -0.0931281 0 0 255
0.0530080 -0.0208692 -0.0925130 0 0 255
0.0535221 -0.0193327 -0.0918968 0 0 255
0.0535344 -0.0177821 -0.0917368 0 0 255
0.0548055 -0.0162549 -0.0904309 0 0 255
0.0545656 -0.0146964 -0.0905001 0 0 255
0.0543259 -0.0131395 -0.0905694 0 0 255
0.0540866 -0.0115841 -0.0906385 0 0 255
0.0538475 -0.0100303 -0.0907076 0 0 255
0.0533575 -0.0084773 -0.0910055 0 0 255
0.0523684 -0.0069275 -0.0917591 0 0 255
0.0526307 -0.0053798 -0.0913713 0 0 255
0.0518938 -0.0038370 -0.0918955 0 0 255
0.0516600 -0.0022941 -0.0919607 0 0 255
0.0514233 -0.0007527 -0.0920288 0 0 255
0.0509383 0.0007833 -0.0923238 0 0 255
0.0509506 0.0023255 -0.0921646 0 0 255
0.0507146 0.0038623 -0.0922325 0 0 255
0.0507269 0.0054039 -0.0920734 0 0 255
0.0504912 0.0069384 -0.0921412 0 0 255
0.0505034 0.0084792 -0.0919822 0 0 255
0.0505157 0.0100200 -0.0918232 0 0 255
0.0505280 0.0115608 -0.0916642 0 0 255
0.0500448 0.0130814 -0.0919590 0 0 255
0.0500571 0.0146207 -0.0918001 0 0 255
0.0508128 0.0161951 -0.0909598 0 0 255
0.0503292 0.0177119 -0.0912554 0 0 255
0.0505893 0.0192653 -0.0908691 0 0 255
0.0501062 0.0207782 -0.0911647 0 0 255
0.0501184 0.0223176 -0.0910058 0 0 255
0.0501307 0.0238570 -0.0908470 0 0 255
0.0494016 0.0253476 -0.0913690 0 0 255
0.0496608 0.0269018 -0.0909835 0 0 255
0.0496731 0.0284398 -0.0908248 0 0 255
0.0496853 0.0299777 -0.0906661 0 0 255
0.0494506 0.0314963 -0.0907345 0 0 255
0.0494629 0.0330336 -0.0905758 0 0 255
0.0494752 0.0345708 -0.0904171 0 0 255
0.0497343 0.0361298 -0.0900312 0 0 255
0.0497465 0.0376679 -0.0898725 0 0 255
0.0495119 0.0391827 -0.0899412 0 0 255
0.0495241 0.0407200 -0.0897826 0 0 255
0.0495364 0.0422574 -0.0896239 0 0 255
0.0495486 0.0437948 -0.0894653 0 0 255
0.0495609 0.0453322 -0.0893066 0 0 255
0.0503147 0.0469510 -0.0884637 0 0 255
0.0503270 0.0484908 -0.0883048 0 0 255
0.0500918 0.0500018 -0.0883744 0 0 255
0.0508472 0.0516294 -0.0875292 0 0 255
0.0506115 0.0531404 -0.0875993 0 0 255
0.0511200 0.0547433 -0.0869817 0 0 255
0.0513807 0.0563174 -0.0865929 0 0 255
0.0516418 0.0578932 -0.0862036 0 0 255
0.0521523 0.0595041 -0.0855834 0 0 255
0.0526639 0.0611184 -0.0849619 0 0 255
0.0526763 0.0626653 -0.0848022 0 0 255
0.0526886 0.0642123 -0.0846426 0 0 255
0.0532012 0.0658330 -0.0840195 0 0 255
0.0527132 0.0673063 -0.0843233 0 0 255
0.0529756 0.0688917 -0.0839319 0 0 255
0.0532382 0.0704788 -0.0835401 0 0 255
0.0532505 0.0720274 -0.0833803 0 0 255
0.0525127 0.0734538 -0.0839165 0 0 255
0.0522754 0.0749586 -0.0839886 0 0 255
0.0515406 0.0763777 -0.0845227 0 0 255
0.0513042 0.0778781 -0.0845943 0 0 255
0.0513165 0.0794206 -0.0844352 0 0 255
0.0505846 0.0808302 -0.0849675 0 0 255
0.0503493 0.0823254 -0.0850388 0 0 255
0.0498671 0.0837734 -0.0853396 0 0 255
0.0496325 0.0852649 -0.0854106 0 0 255
0.0491517 0.0867078 -0.0857107 0 0 255
0.0489179 0.0881957 -0.0857812 0 0 255
0.0484386 0.0896335 -0.0860805 0 0 255
0.0482054 0.0911177 -0.0861509 0 0 255
0.0479724 0.0926004 -0.0862211 0 0 255
0.0474950 0.0940310 -0.0865193 0 0 255
0.0475104 0.0955620 -0.0863584 0 0 255
0.0472781 0.0970404 -0.0864284 0 0 255
0.0470461 0.0985172 -0.0864984 0 0 255
0.0470583 0.1000461 -0.0863407 0 0 255
0.0470704 0.1015750 -0.0861829 0 0 255
0.0468386 0.1030489 -0.0862529 0 0 255
0.0470948 0.1046329 -0.0858673 0 0 255
0.0466193 0.1060488 -0.0861652 0 0 255
0.0463879 0.1075191 -0.0862352 0 0 255
0.0466436 0.1091037 -0.0858500 0 0 255
0.0466558 0.1106312 -0.0856924 0 0 255
0.0464244 0.1120993 -0.0857626 0 0 255
0.0461932 0.1135659 -0.0858327 0 0 255
0.0462054 0.1150919 -0.0856753 0 0 255
0.0462176 0.1166179 -0.0855178 0 0 255
0.0462297 0.1181440 -0.0853603 0 0 255
0.0462418 0.1196701 -0.0852028 0 0 255
0.0462540 0.1211962 -0.0850453 0 0 255
0.0460231 0.1226576 -0.0851157 0 0 255
0.0457924 0.1241176 -0.0851861 0 0 255
0.0462905 0.1257747 -0.0845728 0 0 255
0.0465460 0.1273679 -0.0841869 0 0 255
0.0468017 0.1289627 -0.0838007 0 0 255
0.0463270 0.1303533 -0.0841003 0 0 255
0.0470700 0.1320878 -0.0832562 0 0 255
0.0480600 0.1338979 -0.0821795 0 0 255
0.0480722 0.1354295 -0.0820215 0 0 255
0.0490663 0.1372501 -0.0809401 0 0 255
0.0498175 0.1390046 -0.0800866 0 0 255
0.0505710 0.1407644 -0.0792305 0 0 255
0.0508308 0.1423790 -0.0788386 0 0 255
0.0510909 0.1439952 -0.0784463 0 0 255
0.0518482 0.1457671 -0.0775856 0 0 255
0.0526170 0.1490891 -0.0765657 0 0 255
0.0528789 0.1507144 -0.0761709 0 0 255
0.0531411 0.1523416 -0.0757756 0 0 255
0.0539046 0.1541333 -0.0749074 0 0 255
0.0546705 0.1559307 -0.0740364 0 0 255
0.0546828 0.1574827 -0.0738762 0 0 255
0.0549468 0.1591191 -0.0734784 0 0 255
0.0549592 0.1606720 -0.0733182 0 0 255
0.0554757 0.1623969 -0.0726815 0 0 255
0.0554881 0.1639514 -0.0725211 0 0 255
0.0555005 0.1655060 -0.0723607 0 0 255
0.0555129 0.1670605 -0.0722003 0 0 255
0.0560305 0.1687938 -0.0715619 0 0 255
0.0557950 0.1702615 -0.0716359 0 0 255
0.0555549 0.1717261 -0.0717144 0 0 255
0.0553150 0.1731892 -0.0717929 0 0 255
0.0558321 0.1749279 -0.0711544 0 0 255
0.0555921 0.1763902 -0.0712331 0 0 255
0.0558570 0.1780389 -0.0708333 0 0 255
0.0556169 0.1794997 -0.0709122 0 0 255
0.0553801 0.1809601 -0.0709880 0 0 255
0.0556448 0.1826104 -0.0705883 0 0 255
0.0556571 0.1841652 -0.0704278 0 0 255
0.0554172 0.1856222 -0.0705069 0 0 255
0.0556819 0.1872749 -0.0701070 0 0 255
0.0554420 0.1887304 -0.0701862 0 0 255
0.0557067 0.1903847 -0.0697860 0 0 255
0.0559717 0.1920407 -0.0693855 0 0 255
0.0562369 0.1936985 -0.0689845 0 0 255
0.0570094 0.1955640 -0.0681010 0 0 255
0.0572850 0.1987854 -0.0675406 0 0 255
0.0575515 0.2004509 -0.0671377 0 0 255
0.0575672 0.2020128 -0.0669736 0 0 255
0.0573254 0.2034661 -0.0670547 0 0 255
0.0575920 0.2051340 -0.0666515 0 0 255
0.0576044 0.2066947 -0.0664904 0 0 255
0.0571087 0.2080361 -0.0668139 0 0 255
0.0571211 0.2095952 -0.0666530 0 0 255
0.0568799 0.2110432 -0.0667342 0 0 255
0.0571460 0.2127134 -0.0663313 0 0 255
0.0566513 0.2140474 -0.0666545 0 0 255
0.0561575 0.2153787 -0.0669772 0 0 255
0.0556647 0.2167073 -0.0672992 0 0 255
0.0554249 0.2181474 -0.0673798 0 0 255
0.0546823 0.2193565 -0.0679412 0 0 255
0.0544435 0.2207924 -0.0680213 0 0 255
0.0534536 0.2218793 -0.0688199 0 0 255
0.0527170 0.2230779 -0.0693768 0 0 255
0.0519825 0.2242728 -0.0699321 0 0 255
0.0512503 0.2254642 -0.0704857 0 0 255
0.0510150 0.2268871 -0.0705639 0 0 255
0.0502856 0.2280722 -0.0711154 0 0 255
0.0495586 0.2292537 -0.0716653 0 0 255
0.0495708 0.2307889 -0.0715069 0 0 255
0.0495830 0.2323241 -0.0713484 0 0 255
0.0493492 0.2337386 -0.0714259 0 0 255
0.0488702 0.2350305 -0.0717389 0 0 255
0.0488825 0.2365635 -0.0715807 0 0 255
0.0491402 0.2382192 -0.0711868 0 0 255
0.0489100 0.2396310 -0.0712613 0 0 255
0.0491678 0.2412883 -0.0708672 0 0 255
0.0496808 0.2446064 -0.0700810 0 0 255
0.0496930 0.2461418 -0.0699225 0 0 255
0.0499515 0.2478049 -0.0695272 0 0 255
0.0507041 0.2497275 -0.0686564 0 0 255
0.0514589 0.2516559 -0.0677828 0 0 255
0.0514712 0.2531967 -0.0676239 0 0 255
0.0532250 0.2556628 -0.0657876 0 0 255
0.0534871 0.2573426 -0.0653874 0 0 255
0.0545011 0.2594281 -0.0642624 0 0 255
0.0557715 0.2616584 -0.0628897 0 0 255
0.0560362 0.2633499 -0.0624860 0 0 255
0.0565541 0.2651813 -0.0618379 0 0 255
0.0565665 0.2667380 -0.0616772 0 0 255
0.0568320 0.2684347 -0.0612723 0 0 255
0.0570979 0.2701332 -0.0608669 0 0 255
0.0573640 0.2718333 -0.0604610 0 0 255
0.0583937 0.2739646 -0.0593174 0 0 255
0.0822838 -0.0958994 -0.0707668 0 0 255
0.0789342 -0.0936943 -0.0736249 0 0 255
0.0792258 -0.0921055 -0.0732053 0 0 255
0.0781263 -0.0902920 -0.0740389 0 0 255
0.0762037 -0.0883560 -0.0756151 0 0 255
0.0737491 -0.0863503 -0.0776722 0 0 255
0.0702423 -0.0842012 -0.0806798 0 0 255
0.0686452 -0.0823565 -0.0819664 0 0 255
0.0673241 -0.0805617 -0.0830049 0 0 255
0.0657454 -0.0787389 -0.0842769 0 0 255
0.0649660 -0.0770367 -0.0848278 0 0 255
0.0631402 -0.0751979 -0.0863247 0 0 255
0.0626299 -0.0735444 -0.0866337 0 0 255
0.0616000 -0.0718272 -0.0874128 0 0 255
0.0608336 -0.0701496 -0.0879543 0 0 255
0.0600695 -0.0684772 -0.0884942 0 0 255
0.0593078 -0.0668100 -0.0890323 0 0 255
0.0582948 -0.0651184 -0.0897983 0 0 255
0.0580508 -0.0635202 -0.0898687 0 0 255
0.0578070 -0.0619236 -0.0899390 0 0 255
0.0573078 -0.0603013 -0.0902409 0 0 255
0.0568095 -0.0586824 -0.0905423 0 0 255
0.0563123 -0.0570667 -0.0908429 0 0 255
0.0558161 -0.0554543 -0.0911430 0 0 255
0.0555746 -0.0538691 -0.0912123 0 0 255
0.0548267 -0.0522393 -0.0917414 0 0 255
0.0540812 -0.0506145 -0.0922687 0 0 255
0.0535896 -0.0490160 -0.0925660 0 0 255
0.0528478 -0.0474002 -0.0930908 0 0 255
0.0526092 -0.0458286 -0.0931587 0 0 255
0.0521206 -0.0442397 -0.0934541 0 0 255
0.0518828 -0.0426721 -0.0935217 0 0 255
0.0511462 -0.0410716 -0.0940432 0 0 255
0.0511585 -0.0395252 -0.0938835 0 0 255
0.0509218 -0.0379631 -0.0939507 0 0 255
0.0506852 -0.0364025 -0.0940178 0 0 255
0.0506975 -0.0348576 -0.0938584 0 0 255
0.0507098 -0.0333127 -0.0936990 0 0 255
0.0507222 -0.0317677 -0.0935395 0 0 255
0.0509833 -0.0302345 -0.0931531 0 0 255
0.0507467 -0.0286778 -0.0932206 0 0 255
0.0505103 -0.0271226 -0.0932882 0 0 255
0.0507714 -0.0255877 -0.0929017 0 0 255
0.0510326 -0.0240513 -0.0925150 0 0 255
0.0510449 -0.0225054 -0.0923555 0 0 255
0.0513064 -0.0209666 -0.0919682 0 0 255
0.0518179 -0.0194325 -0.0913524 0 0 255
0.0518302 -0.0178842 -0.0911926 0 0 255
0.0528440 -0.0163549 -0.0901169 0 0 255
0.0533586 -0.0148113 -0.0894972 0 0 255
0.0536225 -0.0132614 -0.0891067 0 0 255
0.0531321 -0.0117028 -0.0894067 0 0 255
0.0526426 -0.0101473 -0.0897061 0 0 255
0.0521542 -0.0085950 -0.0900048 0 0 255
0.0516667 -0.0070458 -0.0903029 0 0 255
0.0511803 -0.0054997 -0.0906004 0 0 255
0.0511926 -0.0039536 -0.0904408 0 0 255
0.0504617 -0.0024144 -0.0909630 0 0 255
0.0502258 -0.0008737 -0.0910316 0 0 255
0.0499900 0.0006654 -0.0910999 0 0 255
0.0500023 0.0022077 -0.0909408 0 0 255
0.0495192 0.0037391 -0.0912366 0 0 255
0.0497790 0.0052861 -0.0908502 0 0 255
0.0497913 0.0068277 -0.0906911 0 0 255
0.0495560 0.0083615 -0.0907596 0 0 255
0.0498158 0.0099109 -0.0903729 0 0 255
0.0495806 0.0114432 -0.0904415 0 0 255
0.0493455 0.0129740 -0.0905102 0 0 255
0.0493577 0.0145141 -0.0903512 0 0 255
0.0493701 0.0160542 -0.0901923 0 0 255
0.0496297 0.0176068 -0.0898054 0 0 255
0.0489006 0.0191082 -0.0903295 0 0 255
0.0491598 0.0206608 -0.0899432 0 0 255
0.0489252 0.0221855 -0.0900119 0 0 255
0.0489374 0.0237242 -0.0898532 0 0 255
0.0489497 0.0252629 -0.0896944 0 0 255
0.0487153 0.0267846 -0.0897632 0 0 255
0.0487275 0.0283225 -0.0896045 0 0 255
0.0489864 0.0298791 -0.0892180 0 0 255
0.0489987 0.0314179 -0.0890592 0 0 255
0.0490109 0.0329566 -0.0889004 0 0 255
0.0487765 0.0344746 -0.0889696 0 0 255
0.0485423 0.0359910 -0.0890388 0 0 255
0.0490476 0.0375732 -0.0884239 0 0 255
0.0488133 0.0390888 -0.0884934 0 0 255
0.0488255 0.0406270 -0.0883347 0 0 255
0.0493314 0.0422146 -0.0877188 0 0 255
0.0490967 0.0437288 -0.0877887 0 0 255
0.0488622 0.0452414 -0.0878584 0 0 255
0.0488745 0.0467796 -0.0876997 0 0 255
0.0493804 0.0483736 -0.0870832 0 0 255
0.0498874 0.0499708 -0.0864654 0 0 255
0.0496522 0.0514826 -0.0865360 0 0 255
0.0501597 0.0530838 -0.0859174 0 0 255
0.0501719 0.0546260 -0.0857582 0 0 255
0.0504323 0.0562001 -0.0853687 0 0 255
0.0504445 0.0577431 -0.0852095 0 0 255
0.0512024 0.0593866 -0.0843574 0 0 255
0.0514637 0.0609664 -0.0839663 0 0 255
0.0517253 0.0625477 -0.0835749 0 0 255
0.0517376 0.0640947 -0.0834153 0 0 255
0.0519995 0.0656785 -0.0830235 0 0 255
0.0517623 0.0671887 -0.0830960 0 0 255
0.0520242 0.0687741 -0.0827039 0 0 255
0.0520365 0.0703220 -0.0825442 0 0 255
0.0515499 0.0717900 -0.0828493 0 0 255
0.0515622 0.0733364 -0.0826897 0 0 255
0.0510767 0.0748000 -0.0829944 0 0 255
0.0505920 0.0762606 -0.0832984 0 0 255
0.0503562 0.0777611 -0.0833706 0 0 255
0.0496257 0.0791732 -0.0839046 0 0 255
0.0493908 0.0806692 -0.0839764 0 0 255
0.0489096 0.0821189 -0.0842783 0 0 255
0.0489219 0.0836568 -0.0841196 0 0 255
0.0484416 0.0851020 -0.0844212 0 0 255
0.0479623 0.0865444 -0.0847220 0 0 255
0.0477290 0.0880316 -0.0847932 0 0 255
0.0477413 0.0895657 -0.0846348 0 0 255
0.0475084 0.0910507 -0.0847059 0 0 255
0.0470309 0.0924843 -0.0850059 0 0 255
0.0465576 0.0939157 -0.0853024 0 0 255
0.0465698 0.0954461 -0.0851445 0 0 255
0.0463380 0.0969244 -0.0852151 0 0 255
0.0463502 0.0984541 -0.0850572 0 0 255
0.0458751 0.0998768 -0.0853561 0 0 255
0.0458873 0.1014050 -0.0851984 0 0 255
0.0456562 0.1028783 -0.0852689 0 0 255
0.0459116 0.1044614 -0.0848830 0 0 255
0.0456805 0.1059331 -0.0849536 0 0 255
0.0456927 0.1074606 -0.0847960 0 0 255
0.0457048 0.1089881 -0.0846384 0 0 255
0.0457170 0.1105156 -0.0844807 0 0 255
0.0454861 0.1119838 -0.0845515 0 0 255
0.0454983 0.1135105 -0.0843939 0 0 255
0.0455104 0.1150374 -0.0842364 0 0 255
0.0450371 0.1164409 -0.0845355 0 0 255
0.0450493 0.1179663 -0.0843780 0 0 255
0.0450614 0.1194916 -0.0842206 0 0 255
0.0453162 0.1210808 -0.0838348 0 0 255
0.0450858 0.1225424 -0.0839057 0 0 255
0.0450979 0.1240678 -0.0837483 0 0 255
0.0453526 0.1256593 -0.0833623 0 0 255
0.0451222 0.1271186 -0.0834335 0 0 255
0.0451343 0.1286441 -0.0832761 0 0 255
0.0453891 0.1302380 -0.0828897 0 0 255
0.0461306 0.1319723 -0.0820439 0 0 255
0.0466303 0.1336414 -0.0814259 0 0 255
0.0468866 0.1352427 -0.0810374 0 0 255
0.0473878 0.1369176 -0.0804175 0 0 255
0.0483810 0.1387421 -0.0793324 0 0 255
0.0491315 0.1404998 -0.0784760 0 0 255
0.0493904 0.1421126 -0.0780841 0 0 255
0.0501440 0.1438789 -0.0772241 0 0 255
0.0508998 0.1456506 -0.0763615 0 0 255
0.0509121 0.1471940 -0.0762023 0 0 255
0.0511728 0.1488160 -0.0758078 0 0 255
0.0516826 0.1505192 -0.0751773 0 0 255
0.0519489 0.1521470 -0.0747772 0 0 255
0.0522026 0.1537722 -0.0743887 0 0 255
0.0524694 0.1554033 -0.0739878 0 0 255
0.0529818 0.1571175 -0.0733539 0 0 255
0.0532446 0.1587513 -0.0729564 0 0 255
0.0535077 0.1603867 -0.0725584 0 0 255
0.0535200 0.1619381 -0.0723984 0 0 255
0.0540297 0.1636609 -0.0717660 0 0 255
0.0540470 0.1652156 -0.0716011 0 0 255
0.0543059 0.1668551 -0.0712066 0 0 255
0.0543232 0.1684107 -0.0710416 0 0 255
0.0543356 0.1699645 -0.0708812 0 0 255
0.0545997 0.1716091 -0.0704814 0 0 255
0.0546121 0.1731638 -0.0703210 0 0 255
0.0546244 0.1747185 -0.0701605 0 0 255
0.0543850 0.1761801 -0.0702398 0 0 255
0.0544006 0.1777352 -0.0700764 0 0 255
0.0544130 0.1792892 -0.0699160 0 0 255
0.0546772 0.1809387 -0.0695157 0 0 255
0.0544377 0.1823972 -0.0695953 0 0 255
0.0547019 0.1840483 -0.0691948 0 0 255
0.0547143 0.1856032 -0.0690344 0 0 255
0.0547266 0.1871580 -0.0688739 0 0 255
0.0547390 0.1887129 -0.0687134 0 0 255
0.0550035 0.1903681 -0.0683123 0 0 255
0.0550158 0.1919238 -0.0681518 0 0 255
0.0552807 0.1935815 -0.0677502 0 0 255
0.0560517 0.1954469 -0.0668647 0 0 255
0.0560641 0.1970059 -0.0667038 0 0 255
0.0560765 0.1985648 -0.0665430 0 0 255
0.0563423 0.2002294 -0.0661397 0 0 255
0.0563548 0.2017892 -0.0659787 0 0 255
0.0563672 0.2033490 -0.0658177 0 0 255
0.0563796 0.2049089 -0.0656568 0 0 255
0.0561385 0.2063600 -0.0657385 0 0 255
0.0558978 0.2078096 -0.0658201 0 0 255
0.0559102 0.2093680 -0.0656593 0 0 255
0.0559226 0.2109263 -0.0654985 0 0 255
0.0559350 0.2124847 -0.0653377 0 0 255
0.0556944 0.2139305 -0.0654194 0 0 255
0.0549495 0.2151491 -0.0659853 0 0 255
0.0547099 0.2165907 -0.0660665 0 0 255
0.0539679 0.2178027 -0.0666302 0 0 255
0.0532282 0.2190111 -0.0671922 0 0 255
0.0527405 0.2203308 -0.0675126 0 0 255
0.0522537 0.2216477 -0.0678324 0 0 255
0.0515192 0.2228461 -0.0683906 0 0 255
0.0510348 0.2241572 -0.0687087 0 0 255
0.0500569 0.2252320 -0.0695018 0 0 255
0.0495754 0.2265368 -0.0698179 0 0 255
0.0493412 0.2279571 -0.0698963 0 0 255
0.0488613 0.2292572 -0.0702115 0 0 255
0.0486278 0.2306740 -0.0702896 0 0 255
0.0483945 0.2320893 -0.0703676 0 0 255
0.0481614 0.2335033 -0.0704456 0 0 255
0.0479286 0.2349158 -0.0705235 0 0 255
0.0476992 0.2363285 -0.0705982 0 0 255
0.0479684 0.2395163 -0.0700459 0 0 255
0.0477358 0.2409252 -0.0701239 0 0 255
0.0479928 0.2425824 -0.0697294 0 0 255
0.0480050 0.2441155 -0.0695712 0 0 255
0.0485075 0.2459018 -0.0689394 0 0 255
0.0490111 0.2476917 -0.0683062 0 0 255
0.0490233 0.2492279 -0.0681477 0 0 255
0.0497836 0.2526896 -0.0671190 0 0 255
0.0510324 0.2548860 -0.0657639 0 0 255
0.0522875 0.2570936 -0.0644020 0 0 255
0.0532987 0.2591776 -0.0632755 0 0 255
0.0545653 0.2614062 -0.0619011 0 0 255
0.0555856 0.2635085 -0.0607644 0 0 255
0.0555980 0.2650651 -0.0606037 0 0 255
0.0553580 0.2664828 -0.0606877 0 0 255
0.0558755 0.2683184 -0.0600375 0 0 255
0.0563940 0.2701578 -0.0593859 0 0 255
0.0569136 0.2720011 -0.0587329 0 0 255
0.0569260 0.2735618 -0.0585719 0 0 255
0.0597466 0.2767128 -0.0556849 0 0 255
0.0807096 -0.0959303 -0.0699697 0 0 255
0.0790429 -0.0940064 -0.0713198 0 0 255
0.0776643 -0.0921403 -0.0724103 0 0 255
0.0762930 -0.0902841 -0.0734948 0 0 255
0.0749290 -0.0884378 -0.0745736 0 0 255
0.0724818 -0.0864327 -0.0766345 0 0 255
0.0684492 -0.0842030 -0.0801335 0 0 255
0.0665944 -0.0823217 -0.0816609 0 0 255
0.0655460 -0.0805692 -0.0824581 0 0 255
0.0639752 -0.0787492 -0.0837297 0 0 255
0.0631999 -0.0770496 -0.0842807 0 0 255
0.0619045 -0.0752844 -0.0853040 0 0 255
0.0608757 -0.0735627 -0.0860862 0 0 255
0.0603691 -0.0719151 -0.0863947 0 0 255
0.0598635 -0.0702709 -0.0867025 0 0 255
0.0591009 -0.0685983 -0.0872442 0 0 255
0.0578268 -0.0668692 -0.0882515 0 0 255
0.0570737 -0.0652090 -0.0887857 0 0 255
0.0568304 -0.0636116 -0.0888566 0 0 255
0.0565874 -0.0620158 -0.0889273 0 0 255
0.0560896 -0.0603943 -0.0892301 0 0 255
0.0555929 -0.0587760 -0.0895323 0 0 255
0.0556054 -0.0572124 -0.0893709 0 0 255
0.0551096 -0.0555990 -0.0896727 0 0 255
0.0543617 -0.0539649 -0.0902046 0 0 255
0.0541212 -0.0523821 -0.0902742 0 0 255
0.0533763 -0.0507562 -0.0908042 0 0 255
0.0526337 -0.0491352 -0.0913325 0 0 255
0.0521441 -0.0475398 -0.0916303 0 0 255
0.0516554 -0.0459476 -0.0919276 0 0 255
0.0511677 -0.0443586 -0.0922243 0 0 255
0.0509304 -0.0427909 -0.0922924 0 0 255
0.0509427 -0.0412422 -0.0921326 0 0 255
0.0504565 -0.0396603 -0.0924286 0 0 255
0.0502199 -0.0380973 -0.0924966 0 0 255
0.0502322 -0.0365508 -0.0923370 0 0 255
0.0499959 -0.0349902 -0.0924049 0 0 255
0.0497597 -0.0334311 -0.0924729 0 0 255
0.0495238 -0.0318736 -0.0925407 0 0 255
0.0500328 -0.0303529 -0.0919263 0 0 255
0.0497966 -0.0287961 -0.0919945 0 0 255
0.0500574 -0.0272613 -0.0916073 0 0 255
0.0498213 -0.0257060 -0.0916756 0 0 255
0.0498335 -0.0241610 -0.0915161 0 0 255
0.0498458 -0.0226159 -0.0913567 0 0 255
0.0503553 -0.0210850 -0.0907408 0 0 255
0.0503676 -0.0195383 -0.0905812 0 0 255
0.0506289 -0.0179972 -0.0901929 0 0 255
0.0511400 -0.0164592 -0.0895749 0 0 255
0.0519023 -0.0149221 -0.0887256 0 0 255
0.0524160 -0.0133771 -0.0881045 0 0 255
0.0521776 -0.0118216 -0.0881749 0 0 255
0.0514391 -0.0102643 -0.0887055 0 0 255
0.0512016 -0.0087135 -0.0887755 0 0 255
0.0509644 -0.0071642 -0.0888453 0 0 255
0.0502297 -0.0056179 -0.0893735 0 0 255
0.0495002 -0.0040762 -0.0898973 0 0 255
0.0492647 -0.0025347 -0.0899663 0 0 255
0.0492769 -0.0009917 -0.0898071 0 0 255
0.0490417 0.0005476 -0.0898761 0 0 255
0.0488066 0.0020853 -0.0899451 0 0 255
0.0488190 0.0036268 -0.0897859 0 0 255
0.0490786 0.0051745 -0.0893985 0 0 255
0.0490909 0.0067169 -0.0892394 0 0 255
0.0486087 0.0082439 -0.0895368 0 0 255
0.0486210 0.0097847 -0.0893779 0 0 255
0.0488803 0.0113348 -0.0889904 0 0 255
0.0486455 0.0128664 -0.0890598 0 0 255
0.0484109 0.0143965 -0.0891291 0 0 255
0.0486701 0.0159483 -0.0887417 0 0 255
0.0484354 0.0174768 -0.0888112 0 0 255
0.0484476 0.0190170 -0.0886523 0 0 255
0.0482133 0.0205433 -0.0887217 0 0 255
0.0484722 0.0220975 -0.0883343 0 0 255
0.0482378 0.0236223 -0.0884039 0 0 255
0.0487436 0.0251942 -0.0877875 0 0 255
0.0482623 0.0267012 -0.0880861 0 0 255
0.0480281 0.0282230 -0.0881558 0 0 255
0.0482868 0.0297803 -0.0877684 0 0 255
0.0485457 0.0313392 -0.0873805 0 0 255
0.0488050 0.0328997 -0.0869922 0 0 255
0.0483235 0.0343991 -0.0872917 0 0 255
0.0483358 0.0359387 -0.0871328 0 0 255
0.0481016 0.0374560 -0.0872030 0 0 255
0.0483603 0.0390180 -0.0868150 0 0 255
0.0478799 0.0405098 -0.0871143 0 0 255
0.0478921 0.0420480 -0.0869555 0 0 255
0.0479044 0.0435862 -0.0867968 0 0 255
0.0479166 0.0451244 -0.0866380 0 0 255
0.0481751 0.0466896 -0.0862500 0 0 255
0.0481873 0.0482286 -0.0860912 0 0 255
0.0481996 0.0497676 -0.0859323 0 0 255
0.0484583 0.0513360 -0.0855437 0 0 255
0.0487173 0.0529061 -0.0851547 0 0 255
0.0492239 0.0545087 -0.0845346 0 0 255
0.0499795 0.0561465 -0.0836819 0 0 255
0.0499919 0.0576911 -0.0835224 0 0 255
0.0505010 0.0593027 -0.0828992 0 0 255
0.0505133 0.0608489 -0.0827396 0 0 255
0.0507745 0.0624302 -0.0823476 0 0 255
0.0510358 0.0640131 -0.0819552 0 0 255
0.0510481 0.0655609 -0.0817955 0 0 255
0.0510604 0.0671087 -0.0816357 0 0 255
0.0508237 0.0686183 -0.0817089 0 0 255
0.0505872 0.0701263 -0.0817821 0 0 255
0.0505995 0.0716726 -0.0816225 0 0 255
0.0503631 0.0731784 -0.0816958 0 0 255
0.0496311 0.0746002 -0.0822334 0 0 255
0.0498912 0.0761855 -0.0818419 0 0 255
0.0494080 0.0776440 -0.0821469 0 0 255
0.0486790 0.0790563 -0.0826828 0 0 255
0.0484446 0.0805524 -0.0827551 0 0 255
0.0482105 0.0820470 -0.0828274 0 0 255
0.0479766 0.0835401 -0.0828996 0 0 255
0.0477429 0.0850317 -0.0829717 0 0 255
0.0470189 0.0864280 -0.0835044 0 0 255
0.0467861 0.0879152 -0.0835761 0 0 255
0.0465536 0.0894010 -0.0836477 0 0 255
0.0465658 0.0909344 -0.0834895 0 0 255
0.0463336 0.0924180 -0.0835611 0 0 255
0.0458576 0.0938495 -0.0838621 0 0 255
0.0453857 0.0952789 -0.0841595 0 0 255
0.0453978 0.0968085 -0.0840016 0 0 255
0.0449237 0.0982329 -0.0843016 0 0 255
0.0449359 0.0997611 -0.0841439 0 0 255
0.0451911 0.1013434 -0.0837572 0 0 255
0.0449602 0.1028174 -0.0838284 0 0 255
0.0447296 0.1042900 -0.0838996 0 0 255
0.0449845 0.1058739 -0.0835130 0 0 255
0.0445114 0.1072880 -0.0838131 0 0 255
0.0450089 0.1089304 -0.0831975 0 0 255
0.0445356 0.1103415 -0.0834979 0 0 255
0.0443054 0.1118089 -0.0835692 0 0 255
0.0443175 0.1133350 -0.0834117 0 0 255
0.0443297 0.1148610 -0.0832542 0 0 255
0.0443419 0.1163871 -0.0830967 0 0 255
0.0443540 0.1179132 -0.0829392 0 0 255
0.0441241 0.1193763 -0.0830106 0 0 255
0.0441362 0.1209017 -0.0828533 0 0 255
0.0443904 0.1224916 -0.0824667 0 0 255
0.0444026 0.1240178 -0.0823092 0 0 255
0.0444147 0.1255440 -0.0821517 0 0 255
0.0441847 0.1270034 -0.0822235 0 0 255
0.0444390 0.1285965 -0.0818366 0 0 255
0.0446936 0.1301912 -0.0814493 0 0 255
0.0449484 0.1317875 -0.0810617 0 0 255
0.0454466 0.1334556 -0.0804431 0 0 255
0.0459459 0.1351271 -0.0798231 0 0 255
0.0462019 0.1367299 -0.0794337 0 0 255
0.0471922 0.1385531 -0.0783472 0 0 255
0.0479454 0.1403110 -0.0774852 0 0 255
0.0479576 0.1418482 -0.0773266 0 0 255
0.0487083 0.1436124 -0.0764662 0 0 255
0.0489672 0.1452285 -0.0760729 0 0 255
0.0492263 0.1468462 -0.0756792 0 0 255
0.0494809 0.1484642 -0.0752897 0 0 255
0.0497455 0.1500867 -0.0748905 0 0 255
0.0500054 0.1517094 -0.0744957 0 0 255
0.0510109 0.1535770 -0.0733909 0 0 255
0.0515305 0.1568348 -0.0726001 0 0 255
0.0517923 0.1584668 -0.0722026 0 0 255
0.0523042 0.1601850 -0.0715665 0 0 255
0.0523165 0.1617357 -0.0714065 0 0 255
0.0525791 0.1633726 -0.0710078 0 0 255
0.0528420 0.1650113 -0.0706086 0 0 255
0.0531051 0.1666516 -0.0702091 0 0 255
0.0533684 0.1682937 -0.0698092 0 0 255
0.0531298 0.1697578 -0.0698886 0 0 255
0.0533932 0.1714014 -0.0694885 0 0 255
0.0531545 0.1728640 -0.0695680 0 0 255
0.0534179 0.1745092 -0.0691678 0 0 255
0.0531824 0.1759714 -0.0692444 0 0 255
0.0532071 0.1790778 -0.0689238 0 0 255
0.0537219 0.1808217 -0.0682827 0 0 255
0.0534829 0.1822804 -0.0683628 0 0 255
0.0537466 0.1839314 -0.0679617 0 0 255
0.0535076 0.1853885 -0.0680421 0 0 255
0.0537713 0.1870411 -0.0676408 0 0 255
0.0537837 0.1885960 -0.0674804 0 0 255
0.0537961 0.1901510 -0.0673199 0 0 255
0.0540601 0.1918069 -0.0669180 0 0 255
0.0543243 0.1934645 -0.0665158 0 0 255
0.0548413 0.1952268 -0.0658709 0 0 255
0.0548536 0.1967849 -0.0657101 0 0 255
0.0548660 0.1983432 -0.0655493 0 0 255
0.0548784 0.1999014 -0.0653885 0 0 255
0.0551435 0.2015658 -0.0649849 0 0 255
0.0551559 0.2031248 -0.0648240 0 0 255
0.0551683 0.2046839 -0.0646631 0 0 255
0.0546756 0.2060260 -0.0649880 0 0 255
0.0546880 0.2075835 -0.0648272 0 0 255
0.0549529 0.2092511 -0.0644235 0 0 255
0.0544606 0.2105879 -0.0647486 0 0 255
0.0544730 0.2121447 -0.0645879 0 0 255
0.0539817 0.2134772 -0.0649125 0 0 255
0.0537426 0.2149197 -0.0649943 0 0 255
0.0532528 0.2162474 -0.0653180 0 0 255
0.0527640 0.2175725 -0.0656410 0 0 255
0.0522762 0.2188950 -0.0659633 0 0 255
0.0517894 0.2202148 -0.0662849 0 0 255
0.0510548 0.2214164 -0.0668460 0 0 255
0.0500748 0.2224988 -0.0676446 0 0 255
0.0495924 0.2238090 -0.0679631 0 0 255
0.0491110 0.2251166 -0.0682809 0 0 255
0.0481388 0.2261873 -0.0690733 0 0 255
0.0481510 0.2277240 -0.0689148 0 0 255
0.0474275 0.2289055 -0.0694677 0 0 255
0.0469504 0.2302022 -0.0697826 0 0 255
0.0472071 0.2318548 -0.0693878 0 0 255
0.0469747 0.2332681 -0.0694662 0 0 255
0.0467427 0.2346801 -0.0695445 0 0 255
0.0467580 0.2362138 -0.0693834 0 0 255
0.0465261 0.2376236 -0.0694617 0 0 255
0.0462945 0.2390321 -0.0695399 0 0 255
0.0465505 0.2406867 -0.0691455 0 0 255
0.0465627 0.2422182 -0.0689875 0 0 255
0.0470633 0.2440008 -0.0683557 0 0 255
0.0470755 0.2455339 -0.0681975 0 0 255
0.0473323 0.2471943 -0.0678018 0 0 255
0.0480797 0.2491131 -0.0669297 0 0 255
0.0478466 0.2505201 -0.0670094 0 0 255
0.0483498 0.2523157 -0.0663739 0 0 255
0.0491095 0.2557839 -0.0653420 0 0 255
0.0501096 0.2578558 -0.0642225 0 0 255
0.0511138 0.2599361 -0.0630985 0 0 255
0.0536235 0.2628436 -0.0605091 0 0 255
0.0541384 0.2646727 -0.0598596 0 0 255
0.0544024 0.2663667 -0.0594541 0 0 255
0.0546667 0.2680623 -0.0590482 0 0 255
0.0549313 0.2697597 -0.0586419 0 0 255
0.0557018 0.2717425 -0.0577424 0 0 255
0.0557142 0.2733024 -0.0575814 0 0 255
0.0562334 0.2751498 -0.0569263 0 0 255
0.0590515 0.2783116 -0.0540285 0 0 255
0.0796859 -0.0977000 -0.0688350 0 0 255
0.0794188 -0.0960090 -0.0689200 0 0 255
0.0766465 -0.0938995 -0.0712822 0 0 255
0.0761060 -0.0921749 -0.0716169 0 0 255
0.0747403 -0.0903207 -0.0727024 0 0 255
0.0728354 -0.0883897 -0.0742794 0 0 255
0.0712157 -0.0865151 -0.0755979 0 0 255
0.0671953 -0.0842859 -0.0791032 0 0 255
0.0653460 -0.0824053 -0.0806335 0 0 255
0.0637734 -0.0805767 -0.0819129 0 0 255
0.0624725 -0.0787968 -0.0829456 0 0 255
0.0619617 -0.0771353 -0.0832589 0 0 255
0.0604101 -0.0753353 -0.0845215 0 0 255
0.0596443 -0.0736497 -0.0850683 0 0 255
0.0593980 -0.0720365 -0.0851416 0 0 255
0.0581199 -0.0702941 -0.0861568 0 0 255
0.0576179 -0.0686558 -0.0864641 0 0 255
0.0573736 -0.0670517 -0.0865363 0 0 255
0.0563646 -0.0653595 -0.0873075 0 0 255
0.0558663 -0.0637321 -0.0876124 0 0 255
0.0553690 -0.0621079 -0.0879167 0 0 255
0.0546189 -0.0604597 -0.0884526 0 0 255
0.0546313 -0.0588961 -0.0882912 0 0 255
0.0541365 -0.0572810 -0.0885941 0 0 255
0.0538958 -0.0556941 -0.0886647 0 0 255
0.0536552 -0.0541087 -0.0887352 0 0 255
0.0534149 -0.0525250 -0.0888056 0 0 255
0.0529227 -0.0509204 -0.0891072 0 0 255
0.0519289 -0.0492760 -0.0898689 0 0 255
0.0516903 -0.0477003 -0.0899385 0 0 255
0.0509514 -0.0460864 -0.0904673 0 0 255
0.0507138 -0.0445155 -0.0905365 0 0 255
0.0502271 -0.0429279 -0.0908346 0 0 255
0.0497413 -0.0413435 -0.0911320 0 0 255
0.0495049 -0.0397789 -0.0912007 0 0 255
0.0490207 -0.0382001 -0.0914973 0 0 255
0.0495296 -0.0366844 -0.0908813 0 0 255
0.0492935 -0.0351229 -0.0909500 0 0 255
0.0493057 -0.0335763 -0.0907904 0 0 255
0.0493181 -0.0320298 -0.0906308 0 0 255
0.0493304 -0.0304832 -0.0904711 0 0 255
0.0488465 -0.0289145 -0.0907684 0 0 255
0.0491068 -0.0273797 -0.0903805 0 0 255
0.0488711 -0.0258244 -0.0904494 0 0 255
0.0491314 -0.0242880 -0.0900614 0 0 255
0.0491437 -0.0227421 -0.0899018 0 0 255
0.0489080 -0.0211891 -0.0899710 0 0 255
0.0491683 -0.0196503 -0.0895827 0 0 255
0.0499260 -0.0181212 -0.0887352 0 0 255
0.0499384 -0.0165729 -0.0885754 0 0 255
0.0511984 -0.0150449 -0.0872634 0 0 255
0.0512107 -0.0134926 -0.0871032 0 0 255
0.0504737 -0.0119328 -0.0876355 0 0 255
0.0507355 -0.0103846 -0.0872449 0 0 255
0.0502490 -0.0088319 -0.0875461 0 0 255
0.0497635 -0.0072825 -0.0878467 0 0 255
0.0495273 -0.0057354 -0.0879169 0 0 255
0.0492913 -0.0041900 -0.0879870 0 0 255
0.0483160 -0.0026526 -0.0887418 0 0 255
0.0483282 -0.0011096 -0.0885826 0 0 255
0.0480934 0.0004297 -0.0886522 0 0 255
0.0481057 0.0019720 -0.0884930 0 0 255
0.0481180 0.0035144 -0.0883338 0 0 255
0.0481302 0.0050567 -0.0881747 0 0 255
0.0481425 0.0065991 -0.0880154 0 0 255
0.0481548 0.0081415 -0.0878563 0 0 255
0.0481671 0.0096839 -0.0876971 0 0 255
0.0481793 0.0112263 -0.0875379 0 0 255
0.0486861 0.0127888 -0.0869193 0 0 255
0.0482039 0.0143112 -0.0872195 0 0 255
0.0479692 0.0158422 -0.0872898 0 0 255
0.0479815 0.0173839 -0.0871306 0 0 255
0.0479937 0.0189257 -0.0869715 0 0 255
0.0477594 0.0204536 -0.0870419 0 0 255
0.0482652 0.0220239 -0.0864235 0 0 255
0.0485246 0.0235819 -0.0860341 0 0 255
0.0482897 0.0251091 -0.0861050 0 0 255
0.0478084 0.0266178 -0.0864056 0 0 255
0.0473280 0.0281234 -0.0867057 0 0 255
0.0478329 0.0297000 -0.0860876 0 0 255
0.0475987 0.0312218 -0.0861583 0 0 255
0.0473648 0.0327422 -0.0862290 0 0 255
0.0473770 0.0342818 -0.0860701 0 0 255
0.0476354 0.0358430 -0.0856814 0 0 255
0.0476477 0.0373834 -0.0855224 0 0 255
0.0474137 0.0389008 -0.0855934 0 0 255
0.0471800 0.0404166 -0.0856643 0 0 255
0.0469465 0.0419309 -0.0857351 0 0 255
0.0474505 0.0435199 -0.0851166 0 0 255
0.0472168 0.0450335 -0.0851877 0 0 255
0.0472290 0.0465725 -0.0850289 0 0 255
0.0474873 0.0481393 -0.0846398 0 0 255
0.0474996 0.0496791 -0.0844809 0 0 255
0.0477580 0.0512483 -0.0840913 0 0 255
0.0480169 0.0528190 -0.0837013 0 0 255
0.0485229 0.0544224 -0.0830795 0 0 255
0.0485353 0.0559654 -0.0829203 0 0 255
0.0490423 0.0575737 -0.0822970 0 0 255
0.0500474 0.0592522 -0.0812064 0 0 255
0.0495629 0.0607313 -0.0815129 0 0 255
0.0498235 0.0623126 -0.0811202 0 0 255
0.0500843 0.0638955 -0.0807272 0 0 255
0.0500967 0.0654433 -0.0805675 0 0 255
0.0501090 0.0669911 -0.0804077 0 0 255
0.0496244 0.0684626 -0.0807149 0 0 255
0.0498850 0.0700478 -0.0803219 0 0 255
0.0494008 0.0715155 -0.0806291 0 0 255
0.0491652 0.0730206 -0.0807027 0 0 255
0.0486825 0.0744830 -0.0810091 0 0 255
0.0484476 0.0759844 -0.0810824 0 0 255
0.0482131 0.0774843 -0.0811556 0 0 255
0.0477323 0.0789394 -0.0814609 0 0 255
0.0477445 0.0804796 -0.0813020 0 0 255
0.0472647 0.0819302 -0.0816067 0 0 255
0.0467858 0.0833780 -0.0819109 0 0 255
0.0465528 0.0848689 -0.0819835 0 0 255
0.0460755 0.0863116 -0.0822868 0 0 255
0.0458432 0.0877989 -0.0823591 0 0 255
0.0453672 0.0892365 -0.0826616 0 0 255
0.0453793 0.0907691 -0.0825034 0 0 255
0.0451478 0.0922520 -0.0825755 0 0 255
0.0444334 0.0936334 -0.0831039 0 0 255
0.0444455 0.0951630 -0.0829461 0 0 255
0.0442150 0.0966408 -0.0830177 0 0 255
0.0444699 0.0982223 -0.0826303 0 0 255
0.0439967 0.0996453 -0.0829316 0 0 255
0.0440089 0.1011735 -0.0827739 0 0 255
0.0437787 0.1026469 -0.0828455 0 0 255
0.0437908 0.1041744 -0.0826879 0 0 255
0.0435609 0.1056456 -0.0827595 0 0 255
0.0438151 0.1072294 -0.0823726 0 0 255
0.0438273 0.1087569 -0.0822150 0 0 255
0.0435973 0.1102259 -0.0822868 0 0 255
0.0436094 0.1117527 -0.0821293 0 0 255
0.0438637 0.1133396 -0.0817420 0 0 255
0.0433918 0.1147456 -0.0820437 0 0 255
0.0434040 0.1162717 -0.0818862 0 0 255
0.0436580 0.1178601 -0.0814989 0 0 255
0.0434282 0.1193239 -0.0815712 0 0 255
0.0431987 0.1207863 -0.0816433 0 0 255
0.0432109 0.1223117 -0.0814858 0 0 255
0.0434646 0.1239025 -0.0810986 0 0 255
0.0432351 0.1253626 -0.0811710 0 0 255
0.0432473 0.1268881 -0.0810135 0 0 255
0.0437430 0.1285488 -0.0803958 0 0 255
0.0437552 0.1300758 -0.0802381 0 0 255
0.0440095 0.1316721 -0.0798499 0 0 255
0.0445068 0.1333401 -0.0792300 0 0 255
0.0450098 0.1350129 -0.0786043 0 0 255
0.0452654 0.1366157 -0.0782143 0 0 255
0.0460095 0.1383658 -0.0773583 0 0 255
0.0465108 0.1400473 -0.0767334 0 0 255
0.0470131 0.1417322 -0.0761073 0 0 255
0.0472707 0.1433450 -0.0757143 0 0 255
0.0477746 0.1450358 -0.0750862 0 0 255
0.0477868 0.1465753 -0.0749273 0 0 255
0.0482916 0.1482711 -0.0742978 0 0 255
0.0483039 0.1498123 -0.0741387 0 0 255
0.0490569 0.1515931 -0.0732715 0 0 255
0.0493167 0.1532174 -0.0728755 0 0 255
0.0500728 0.1550070 -0.0720046 0 0 255
0.0503336 0.1566363 -0.0716072 0 0 255
0.0511020 0.1599836 -0.0705756 0 0 255
0.0513638 0.1616188 -0.0701767 0 0 255
0.0513761 0.1631695 -0.0700166 0 0 255
0.0518882 0.1648944 -0.0693775 0 0 255
0.0519006 0.1664467 -0.0692174 0 0 255
0.0521632 0.1680877 -0.0688171 0 0 255
0.0524260 0.1697305 -0.0684165 0 0 255
0.0521879 0.1711939 -0.0684966 0 0 255
0.0522002 0.1727471 -0.0683362 0 0 255
0.0522126 0.1743002 -0.0681759 0 0 255
0.0522404 0.1774077 -0.0678523 0 0 255
0.0525033 0.1790554 -0.0674512 0 0 255
0.0525157 0.1806094 -0.0672908 0 0 255
0.0525281 0.1821635 -0.0671304 0 0 255
0.0525404 0.1837176 -0.0669700 0 0 255
0.0523022 0.1851741 -0.0670508 0 0 255
0.0523145 0.1867274 -0.0668904 0 0 255
0.0525775 0.1883799 -0.0664888 0 0 255
0.0528407 0.1900341 -0.0660868 0 0 255
0.0528531 0.1915890 -0.0659263 0 0 255
0.0533680 0.1933476 -0.0652814 0 0 255
0.0536321 0.1950069 -0.0648781 0 0 255
0.0541485 0.1967717 -0.0642312 0 0 255
0.0541609 0.1983307 -0.0640703 0 0 255
0.0541733 0.1998897 -0.0639094 0 0 255
0.0539336 0.2013426 -0.0639919 0 0 255
0.0541981 0.2030078 -0.0635876 0 0 255
0.0539584 0.2044591 -0.0636702 0 0 255
0.0539708 0.2060175 -0.0635094 0 0 255
0.0534794 0.2073575 -0.0638354 0 0 255
0.0534918 0.2089143 -0.0636748 0 0 255
0.0535042 0.2104710 -0.0635141 0 0 255
0.0530139 0.2118053 -0.0638398 0 0 255
0.0530263 0.2133605 -0.0636792 0 0 255
0.0522864 0.2145781 -0.0642468 0 0 255
0.0522988 0.2161310 -0.0640866 0 0 255
0.0515612 0.2173425 -0.0646527 0 0 255
0.0508260 0.2185504 -0.0652170 0 0 255
0.0503411 0.2198692 -0.0655392 0 0 255
0.0496095 0.2210702 -0.0661008 0 0 255
0.0491270 0.2223832 -0.0664212 0 0 255
0.0481529 0.2234615 -0.0672189 0 0 255
0.0476734 0.2247681 -0.0675372 0 0 255
0.0469498 0.2259553 -0.0680927 0 0 255
0.0467173 0.2273737 -0.0681719 0 0 255
0.0462407 0.2286725 -0.0684882 0 0 255
0.0460087 0.2300874 -0.0685671 0 0 255
0.0455367 0.2313832 -0.0688795 0 0 255
0.0455489 0.2329147 -0.0687215 0 0 255
0.0455610 0.2344461 -0.0685635 0 0 255
0.0453299 0.2358561 -0.0686421 0 0 255
0.0453421 0.2373869 -0.0684841 0 0 255
0.0453542 0.2389176 -0.0683262 0 0 255
0.0456098 0.2405721 -0.0679312 0 0 255
0.0456220 0.2421037 -0.0677731 0 0 255
0.0456342 0.2436352 -0.0676150 0 0 255
0.0458900 0.2452930 -0.0672195 0 0 255
0.0461460 0.2469524 -0.0668236 0 0 255
0.0466467 0.2487417 -0.0661889 0 0 255
0.0469036 0.2504054 -0.0657919 0 0 255
0.0469157 0.2519409 -0.0656334 0 0 255
0.0471728 0.2536071 -0.0652359 0 0 255
0.0474302 0.2552750 -0.0648380 0 0 255
0.0491744 0.2592831 -0.0628403 0 0 255
0.0529200 0.2628645 -0.0590324 0 0 255
0.0534345 0.2646946 -0.0583811 0 0 255
0.0539500 0.2665284 -0.0577285 0 0 255
0.0542143 0.2682259 -0.0573213 0 0 255
0.0542267 0.2697842 -0.0571604 0 0 255
0.0544913 0.2714843 -0.0567527 0 0 255
0.0545037 0.2730434 -0.0565918 0 0 255
0.0545160 0.2746026 -0.0564309 0 0 255
0.0772801 -0.0975829 -0.0688040 0 0 255
0.0778503 -0.0960397 -0.0681262 0 0 255
0.0737134 -0.0937007 -0.0717466 0 0 255
0.0753784 -0.0923462 -0.0700695 0 0 255
0.0734650 -0.0904015 -0.0716613 0 0 255
0.0721107 -0.0885578 -0.0727432 0 0 255
0.0699510 -0.0865973 -0.0745624 0 0 255
0.0664755 -0.0844500 -0.0775865 0 0 255
0.0648928 -0.0826073 -0.0788807 0 0 255
0.0633200 -0.0807762 -0.0801669 0 0 255
0.0612341 -0.0788816 -0.0819240 0 0 255
0.0609856 -0.0772573 -0.0819992 0 0 255
0.0594371 -0.0754570 -0.0832657 0 0 255
0.0586728 -0.0737712 -0.0838145 0 0 255
0.0579108 -0.0720906 -0.0843615 0 0 255
0.0571513 -0.0704152 -0.0849068 0 0 255
0.0561380 -0.0687131 -0.0856854 0 0 255
0.0553870 -0.0670493 -0.0862239 0 0 255
0.0548897 -0.0654201 -0.0865299 0 0 255
0.0543935 -0.0637942 -0.0868353 0 0 255
0.0536447 -0.0621435 -0.0873729 0 0 255
0.0536572 -0.0605798 -0.0872116 0 0 255
0.0536696 -0.0590162 -0.0870501 0 0 255
0.0531758 -0.0574010 -0.0873543 0 0 255
0.0526831 -0.0557890 -0.0876577 0 0 255
0.0526955 -0.0542285 -0.0874966 0 0 255
0.0524556 -0.0526447 -0.0875677 0 0 255
0.0514618 -0.0509951 -0.0883333 0 0 255
0.0514742 -0.0494385 -0.0881727 0 0 255
0.0504843 -0.0477988 -0.0889355 0 0 255
0.0499970 -0.0462055 -0.0892356 0 0 255
0.0495107 -0.0446154 -0.0895351 0 0 255
0.0492741 -0.0430468 -0.0896047 0 0 255
0.0492865 -0.0414972 -0.0894448 0 0 255
0.0490501 -0.0399309 -0.0895143 0 0 255
0.0490624 -0.0383821 -0.0893545 0 0 255
0.0488262 -0.0368181 -0.0894241 0 0 255
0.0485903 -0.0352557 -0.0894936 0 0 255
0.0483547 -0.0336949 -0.0895630 0 0 255
0.0483670 -0.0321483 -0.0894034 0 0 255
0.0481316 -0.0305898 -0.0894728 0 0 255
0.0483916 -0.0290551 -0.0890841 0 0 255
0.0484039 -0.0275085 -0.0889245 0 0 255
0.0479209 -0.0259427 -0.0892232 0 0 255
0.0481808 -0.0244064 -0.0888346 0 0 255
0.0479455 -0.0228525 -0.0889043 0 0 255
0.0487011 -0.0213291 -0.0880561 0 0 255
0.0487134 -0.0197816 -0.0878964 0 0 255
0.0489739 -0.0182397 -0.0875065 0 0 255
0.0487380 -0.0166865 -0.0875769 0 0 255
0.0499943 -0.0151595 -0.0862630 0 0 255
0.0505060 -0.0136147 -0.0856394 0 0 255
0.0500190 -0.0120565 -0.0859427 0 0 255
0.0495329 -0.0105014 -0.0862454 0 0 255
0.0495453 -0.0089514 -0.0860854 0 0 255
0.0490602 -0.0074010 -0.0863877 0 0 255
0.0483283 -0.0058543 -0.0869196 0 0 255
0.0476018 -0.0043123 -0.0874470 0 0 255
0.0473672 -0.0027706 -0.0875174 0 0 255
0.0473794 -0.0012275 -0.0873581 0 0 255
0.0471451 0.0003119 -0.0874283 0 0 255
0.0471574 0.0018542 -0.0872691 0 0 255
0.0471696 0.0033965 -0.0871099 0 0 255
0.0469355 0.0049329 -0.0871803 0 0 255
0.0471942 0.0064813 -0.0867915 0 0 255
0.0472064 0.0080237 -0.0866323 0 0 255
0.0472187 0.0095661 -0.0864731 0 0 255
0.0474776 0.0111177 -0.0860838 0 0 255
0.0482313 0.0126908 -0.0852326 0 0 255
0.0479962 0.0142257 -0.0853041 0 0 255
0.0472677 0.0157360 -0.0858363 0 0 255
0.0470335 0.0172663 -0.0859073 0 0 255
0.0467997 0.0187950 -0.0859782 0 0 255
0.0468119 0.0203360 -0.0858191 0 0 255
0.0475635 0.0219208 -0.0849688 0 0 255
0.0470826 0.0234335 -0.0852707 0 0 255
0.0470949 0.0249753 -0.0851116 0 0 255
0.0468609 0.0265003 -0.0851828 0 0 255
0.0466272 0.0280237 -0.0852541 0 0 255
0.0473781 0.0296195 -0.0844033 0 0 255
0.0471439 0.0311429 -0.0844750 0 0 255
0.0469099 0.0326648 -0.0845466 0 0 255
0.0474150 0.0342476 -0.0839255 0 0 255
0.0466885 0.0357257 -0.0844590 0 0 255
0.0467007 0.0372661 -0.0843001 0 0 255
0.0467130 0.0388066 -0.0841410 0 0 255
0.0462339 0.0402994 -0.0844432 0 0 255
0.0462462 0.0418383 -0.0842843 0 0 255
0.0467497 0.0434281 -0.0836640 0 0 255
0.0465162 0.0449425 -0.0837359 0 0 255
0.0465284 0.0464823 -0.0835770 0 0 255
0.0470325 0.0480776 -0.0829557 0 0 255
0.0465529 0.0495619 -0.0832591 0 0 255
0.0470570 0.0511604 -0.0826375 0 0 255
0.0478090 0.0527923 -0.0817823 0 0 255
0.0475744 0.0543051 -0.0818553 0 0 255
0.0480806 0.0559116 -0.0812309 0 0 255
0.0483401 0.0574888 -0.0808386 0 0 255
0.0486001 0.0590676 -0.0804457 0 0 255
0.0491083 0.0606823 -0.0798187 0 0 255
0.0488725 0.0621950 -0.0798929 0 0 255
0.0491329 0.0637779 -0.0794992 0 0 255
0.0491452 0.0653257 -0.0793394 0 0 255
0.0491575 0.0668735 -0.0791797 0 0 255
0.0489217 0.0683832 -0.0792542 0 0 255
0.0486861 0.0698914 -0.0793286 0 0 255
0.0486984 0.0714378 -0.0791689 0 0 255
0.0482157 0.0729033 -0.0794772 0 0 255
0.0477339 0.0743659 -0.0797847 0 0 255
0.0474994 0.0758673 -0.0798587 0 0 255
0.0472654 0.0773673 -0.0799325 0 0 255
0.0467855 0.0788225 -0.0802390 0 0 255
0.0465521 0.0803187 -0.0803126 0 0 255
0.0460737 0.0817688 -0.0806182 0 0 255
0.0458409 0.0832613 -0.0806915 0 0 255
0.0453640 0.0847063 -0.0809962 0 0 255
0.0451321 0.0861952 -0.0810691 0 0 255
0.0444130 0.0875877 -0.0816039 0 0 255
0.0444252 0.0891203 -0.0814457 0 0 255
0.0446809 0.0907019 -0.0810565 0 0 255
0.0439633 0.0920863 -0.0815908 0 0 255
0.0437327 0.0935671 -0.0816632 0 0 255
0.0435054 0.0950471 -0.0817326 0 0 255
0.0430332 0.0964732 -0.0820348 0 0 255
0.0435297 0.0981065 -0.0814168 0 0 255
0.0432996 0.0995829 -0.0814892 0 0 255
0.0428277 0.1010038 -0.0817915 0 0 255
0.0428399 0.1025313 -0.0816338 0 0 255
0.0428520 0.1040588 -0.0814762 0 0 255
0.0428641 0.1055862 -0.0813186 0 0 255
0.0426394 0.1070579 -0.0813864 0 0 255
0.0424054 0.1085259 -0.0814632 0 0 255
0.0426590 0.1101104 -0.0810757 0 0 255
0.0426711 0.1116372 -0.0809181 0 0 255
0.0422007 0.1130442 -0.0812205 0 0 255
0.0424586 0.1146313 -0.0808286 0 0 255
0.0424660 0.1161563 -0.0806756 0 0 255
0.0422370 0.1176202 -0.0807482 0 0 255
0.0424950 0.1192098 -0.0803561 0 0 255
0.0425071 0.1207359 -0.0801986 0 0 255
0.0427608 0.1223267 -0.0798104 0 0 255
0.0427729 0.1238537 -0.0796528 0 0 255
0.0427851 0.1253807 -0.0794951 0 0 255
0.0427973 0.1269077 -0.0793375 0 0 255
0.0428094 0.1284347 -0.0791799 0 0 255
0.0433052 0.1300987 -0.0785597 0 0 255
0.0435596 0.1316966 -0.0781702 0 0 255
0.0435717 0.1332260 -0.0780123 0 0 255
0.0440690 0.1348972 -0.0773900 0 0 255
0.0445674 0.1365719 -0.0767664 0 0 255
0.0450667 0.1382500 -0.0761415 0 0 255
0.0453229 0.1398577 -0.0757494 0 0 255
0.0455793 0.1414670 -0.0753569 0 0 255
0.0463256 0.1432289 -0.0744945 0 0 255
0.0465830 0.1448432 -0.0741006 0 0 255
0.0468408 0.1464592 -0.0737062 0 0 255
0.0468530 0.1479987 -0.0735473 0 0 255
0.0473569 0.1496960 -0.0729164 0 0 255
0.0473691 0.1512372 -0.0727573 0 0 255
0.0478741 0.1529395 -0.0721249 0 0 255
0.0483800 0.1546452 -0.0714912 0 0 255
0.0491347 0.1564371 -0.0706182 0 0 255
0.0496432 0.1581507 -0.0699814 0 0 255
0.0499040 0.1597834 -0.0695826 0 0 255
0.0501742 0.1629665 -0.0690264 0 0 255
0.0506848 0.1646903 -0.0683867 0 0 255
0.0506972 0.1662418 -0.0682266 0 0 255
0.0507095 0.1677934 -0.0680664 0 0 255
0.0509714 0.1694343 -0.0676658 0 0 255
0.0512335 0.1710770 -0.0672648 0 0 255
0.0514960 0.1727214 -0.0668633 0 0 255
0.0512582 0.1741833 -0.0669442 0 0 255
0.0515330 0.1773833 -0.0663822 0 0 255
0.0513108 0.1803974 -0.0662999 0 0 255
0.0513232 0.1819507 -0.0661395 0 0 255
0.0515856 0.1836007 -0.0657375 0 0 255
0.0515980 0.1851548 -0.0655771 0 0 255
0.0516104 0.1867089 -0.0654166 0 0 255
0.0518731 0.1883623 -0.0650140 0 0 255
0.0518854 0.1899172 -0.0648535 0 0 255
0.0523994 0.1916741 -0.0642076 0 0 255
0.0526628 0.1933325 -0.0638038 0 0 255
0.0529267 0.1949927 -0.0633995 0 0 255
0.0534427 0.1967583 -0.0627508 0 0 255
0.0529515 0.1981091 -0.0630779 0 0 255
0.0532155 0.1997726 -0.0626730 0 0 255
0.0534799 0.2014378 -0.0622678 0 0 255
0.0532403 0.2028907 -0.0623512 0 0 255
0.0530010 0.2043422 -0.0624345 0 0 255
0.0530134 0.2059004 -0.0622737 0 0 255
0.0527743 0.2073497 -0.0623570 0 0 255
0.0522844 0.2086878 -0.0626840 0 0 255
0.0520461 0.2101334 -0.0627670 0 0 255
0.0518080 0.2115776 -0.0628499 0 0 255
0.0518203 0.2131320 -0.0626894 0 0 255
0.0508333 0.2142372 -0.0635008 0 0 255
0.0508456 0.2157885 -0.0633408 0 0 255
0.0506087 0.2172263 -0.0634231 0 0 255
0.0498748 0.2184343 -0.0639893 0 0 255
0.0493909 0.2197533 -0.0643127 0 0 255
0.0486607 0.2209545 -0.0648762 0 0 255
0.0476865 0.2220367 -0.0656778 0 0 255
0.0472070 0.2233462 -0.0659980 0 0 255
0.0467284 0.2246529 -0.0663175 0 0 255
0.0462508 0.2259571 -0.0666363 0 0 255
0.0455301 0.2271413 -0.0671927 0 0 255
0.0450549 0.2284397 -0.0675099 0 0 255
0.0448238 0.2298541 -0.0675891 0 0 255
0.0443532 0.2311495 -0.0679023 0 0 255
0.0443653 0.2326802 -0.0677443 0 0 255
0.0441349 0.2340903 -0.0678234 0 0 255
0.0441470 0.2356203 -0.0676655 0 0 255
0.0441592 0.2371503 -0.0675076 0 0 255
0.0441714 0.2386803 -0.0673496 0 0 255
0.0444262 0.2403339 -0.0669544 0 0 255
0.0444384 0.2418647 -0.0667964 0 0 255
0.0442078 0.2432703 -0.0668759 0 0 255
0.0447056 0.2450523 -0.0662425 0 0 255
0.0449609 0.2467108 -0.0658464 0 0 255
0.0449730 0.2482432 -0.0656882 0 0 255
0.0452286 0.2499042 -0.0652915 0 0 255
0.0452408 0.2514374 -0.0651332 0 0 255
0.0454967 0.2531009 -0.0647360 0 0 255
0.0459970 0.2548973 -0.0640990 0 0 255
0.0460092 0.2564328 -0.0639405 0 0 255
0.0484858 0.2608453 -0.0612160 0 0 255
0.0522281 0.2644405 -0.0573937 0 0 255
0.0527421 0.2662731 -0.0567404 0 0 255
0.0532571 0.2681096 -0.0560858 0 0 255
0.0530181 0.2695272 -0.0561721 0 0 255
0.0535337 0.2713679 -0.0555165 0 0 255
0.0530428 0.2726424 -0.0558506 0 0 255
0.0757172 -0.0976119 -0.0680119 0 0 255
0.0757301 -0.0959749 -0.0678430 0 0 255
0.0735354 -0.0939651 -0.0696996 0 0 255
0.0732737 -0.0922895 -0.0697834 0 0 255
0.0721909 -0.0904823 -0.0706213 0 0 255
0.0700263 -0.0885095 -0.0724533 0 0 255
0.0686876 -0.0866795 -0.0735280 0 0 255
0.0652226 -0.0845327 -0.0765575 0 0 255
0.0636446 -0.0826908 -0.0778542 0 0 255
0.0612899 -0.0807449 -0.0798664 0 0 255
0.0602574 -0.0790038 -0.0806636 0 0 255
0.0592293 -0.0772699 -0.0814574 0 0 255
0.0579469 -0.0755077 -0.0824859 0 0 255
0.0571857 -0.0738235 -0.0830353 0 0 255
0.0569408 -0.0722118 -0.0831096 0 0 255
0.0564393 -0.0705690 -0.0834204 0 0 255
0.0551714 -0.0688339 -0.0844380 0 0 255
0.0549286 -0.0672314 -0.0845112 0 0 255
0.0539256 -0.0655406 -0.0852857 0 0 255
0.0534303 -0.0639146 -0.0855923 0 0 255
0.0529360 -0.0622919 -0.0858984 0 0 255
0.0526955 -0.0606999 -0.0859705 0 0 255
0.0529609 -0.0591630 -0.0855754 0 0 255
0.0524676 -0.0575468 -0.0858812 0 0 255
0.0519753 -0.0559338 -0.0861863 0 0 255
0.0514840 -0.0543241 -0.0864908 0 0 255
0.0514964 -0.0527644 -0.0863298 0 0 255
0.0507551 -0.0511371 -0.0868660 0 0 255
0.0505168 -0.0495580 -0.0869372 0 0 255
0.0497786 -0.0479388 -0.0874714 0 0 255
0.0492918 -0.0463445 -0.0877731 0 0 255
0.0488060 -0.0447535 -0.0880743 0 0 255
0.0483211 -0.0431656 -0.0883749 0 0 255
0.0483334 -0.0416160 -0.0882149 0 0 255
0.0480975 -0.0400497 -0.0882851 0 0 255
0.0481099 -0.0385008 -0.0881252 0 0 255
0.0478742 -0.0369368 -0.0881954 0 0 255
0.0476387 -0.0353743 -0.0882656 0 0 255
0.0476511 -0.0338270 -0.0881058 0 0 255
0.0476634 -0.0322796 -0.0879461 0 0 255
0.0476756 -0.0307322 -0.0877864 0 0 255
0.0474405 -0.0291736 -0.0878566 0 0 255
0.0472056 -0.0276166 -0.0879268 0 0 255
0.0477126 -0.0260900 -0.0873071 0 0 255
0.0474774 -0.0245336 -0.0873777 0 0 255
0.0479849 -0.0230031 -0.0867571 0 0 255
0.0479973 -0.0214548 -0.0865973 0 0 255
0.0482576 -0.0199131 -0.0862065 0 0 255
0.0482699 -0.0183640 -0.0860466 0 0 255
0.0487791 -0.0168248 -0.0854237 0 0 255
0.0502882 -0.0152993 -0.0838686 0 0 255
0.0500504 -0.0137404 -0.0839413 0 0 255
0.0493140 -0.0121778 -0.0844792 0 0 255
0.0490772 -0.0106236 -0.0845513 0 0 255
0.0485922 -0.0090699 -0.0848554 0 0 255
0.0478602 -0.0075191 -0.0853902 0 0 255
0.0471305 -0.0059730 -0.0859234 0 0 255
0.0466524 -0.0044303 -0.0862220 0 0 255
0.0461722 -0.0028906 -0.0865228 0 0 255
0.0459386 -0.0013512 -0.0865934 0 0 255
0.0459509 0.0001904 -0.0864343 0 0 255
0.0462090 0.0017364 -0.0860452 0 0 255
0.0459754 0.0032735 -0.0861161 0 0 255
0.0459876 0.0048151 -0.0859570 0 0 255
-0.0004532 0.0050814 -0.1292920 0 0 255
-0.0016455 0.0064392 -0.1302752 0 0 255
-0.0016345 0.0078301 -0.1301316 0 0 255
-0.0012230 0.0092358 -0.1296128 0 0 255
-0.0008108 0.0106440 -0.1290930 0 0 255
0.0317852 0.0179353 -0.0979604 0 0 255
0.0471077 0.0218323 -0.0832809 0 0 255
0.0463807 0.0233312 -0.0838161 0 0 255
0.0463929 0.0248738 -0.0836569 0 0 255
0.0461592 0.0263996 -0.0837289 0 0 255
0.0466637 0.0279768 -0.0831068 0 0 255
0.0461837 0.0294835 -0.0834106 0 0 255
0.0459502 0.0310062 -0.0834827 0 0 255
0.0459625 0.0325474 -0.0833236 0 0 255
0.0462204 0.0341093 -0.0829331 0 0 255
0.0462327 0.0356513 -0.0827739 0 0 255
0.0459992 0.0371711 -0.0828464 0 0 255
0.0460115 0.0387123 -0.0826873 0 0 255
0.0452878 0.0401822 -0.0832221 0 0 255
0.0455451 0.0417457 -0.0828321 0 0 255
0.0453123 0.0432602 -0.0829044 0 0 255
0.0458148 0.0448514 -0.0822827 0 0 255
0.0455818 0.0463651 -0.0823553 0 0 255
0.0455940 0.0479049 -0.0821963 0 0 255
0.0463430 0.0495302 -0.0813414 0 0 255
0.0461094 0.0510431 -0.0814145 0 0 255
0.0466136 0.0526447 -0.0807903 0 0 255
0.0471188 0.0542496 -0.0801649 0 0 255
0.0468844 0.0557624 -0.0802388 0 0 255
0.0476373 0.0574039 -0.0793786 0 0 255
0.0478969 0.0589834 -0.0789849 0 0 255
0.0484046 0.0605988 -0.0783561 0 0 255
0.0484169 0.0621474 -0.0781962 0 0 255
0.0484292 0.0636960 -0.0780364 0 0 255
0.0484416 0.0652447 -0.0778765 0 0 255
0.0482060 0.0667559 -0.0779517 0 0 255
0.0479707 0.0682657 -0.0780267 0 0 255
0.0482306 0.0698517 -0.0776321 0 0 255
0.0475007 0.0712807 -0.0781767 0 0 255
0.0472661 0.0727860 -0.0782515 0 0 255
0.0467852 0.0742487 -0.0785604 0 0 255
0.0460598 0.0756668 -0.0791019 0 0 255
0.0460720 0.0772078 -0.0789428 0 0 255
0.0458388 0.0787056 -0.0790170 0 0 255
0.0453609 0.0801581 -0.0793241 0 0 255
0.0451284 0.0816521 -0.0793980 0 0 255
0.0446519 0.0830995 -0.0797043 0 0 255
0.0446641 0.0846359 -0.0795457 0 0 255
0.0441886 0.0860788 -0.0798514 0 0 255
0.0434709 0.0874715 -0.0803880 0 0 255
0.0434831 0.0890041 -0.0802298 0 0 255
0.0432525 0.0904879 -0.0803030 0 0 255
0.0430221 0.0919702 -0.0803761 0 0 255
0.0425530 0.0934015 -0.0806770 0 0 255
0.0425652 0.0949312 -0.0805191 0 0 255
0.0425774 0.0964609 -0.0803612 0 0 255
0.0421060 0.0978856 -0.0806648 0 0 255
0.0421229 0.0994149 -0.0805025 0 0 255
0.0421303 0.1009420 -0.0803493 0 0 255
0.0421472 0.1024714 -0.0801870 0 0 255
0.0416768 0.1038888 -0.0804904 0 0 255
0.0416889 0.1054156 -0.0803328 0 0 255
0.0419422 0.1069992 -0.0799446 0 0 255
0.0417132 0.1084692 -0.0800176 0 0 255
0.0414843 0.1099376 -0.0800906 0 0 255
0.0417374 0.1115228 -0.0797024 0 0 255
0.0419907 0.1131096 -0.0793139 0 0 255
0.0415207 0.1145159 -0.0796180 0 0 255
0.0417739 0.1161035 -0.0792296 0 0 255
0.0415450 0.1175682 -0.0793029 0 0 255
0.0420393 0.1192203 -0.0786831 0 0 255
0.0415693 0.1206206 -0.0789879 0 0 255
0.0418224 0.1222113 -0.0785991 0 0 255
0.0420757 0.1238035 -0.0782101 0 0 255
0.0418466 0.1252653 -0.0782839 0 0 255
0.0421000 0.1268591 -0.0778946 0 0 255
0.0423536 0.1284546 -0.0775050 0 0 255
0.0421243 0.1299148 -0.0775792 0 0 255
0.0426197 0.1315811 -0.0769570 0 0 255
0.0426318 0.1331105 -0.0767992 0 0 255
0.0436134 0.1349237 -0.0757090 0 0 255
0.0436256 0.1364562 -0.0755508 0 0 255
0.0438808 0.1380614 -0.0751588 0 0 255
0.0443797 0.1397418 -0.0745320 0 0 255
0.0446356 0.1413511 -0.0741389 0 0 255
0.0448917 0.1429621 -0.0737454 0 0 255
0.0451482 0.1445746 -0.0733514 0 0 255
0.0458947 0.1463430 -0.0724851 0 0 255
0.0459069 0.1478826 -0.0723262 0 0 255
0.0464098 0.1495798 -0.0716940 0 0 255
0.0466678 0.1512006 -0.0712979 0 0 255
0.0469261 0.1528232 -0.0709013 0 0 255
0.0471845 0.1544473 -0.0705044 0 0 255
0.0479371 0.1562379 -0.0696302 0 0 255
0.0481966 0.1578672 -0.0692318 0 0 255
0.0487042 0.1595823 -0.0685936 0 0 255
0.0487165 0.1611306 -0.0684338 0 0 255
0.0492251 0.1628508 -0.0677941 0 0 255
0.0494950 0.1660372 -0.0672368 0 0 255
0.0495105 0.1675891 -0.0670737 0 0 255
0.0500299 0.1708698 -0.0662744 0 0 255
0.0503039 0.1740664 -0.0657123 0 0 255
0.0505659 0.1757123 -0.0653101 0 0 255
0.0503318 0.1771740 -0.0653886 0 0 255
0.0505937 0.1788216 -0.0649862 0 0 255
0.0503564 0.1802805 -0.0650679 0 0 255
0.0506184 0.1819297 -0.0646654 0 0 255
0.0506307 0.1834838 -0.0645050 0 0 255
0.0508930 0.1851355 -0.0641019 0 0 255
0.0511555 0.1867889 -0.0636984 0 0 255
0.0509177 0.1882454 -0.0637809 0 0 255
0.0514306 0.1900005 -0.0631338 0 0 255
0.0514430 0.1915571 -0.0629732 0 0 255
0.0519570 0.1933174 -0.0623246 0 0 255
0.0522205 0.1949784 -0.0619195 0 0 255
0.0522329 0.1965374 -0.0617585 0 0 255
0.0527577 0.1998649 -0.0609498 0 0 255
0.0525215 0.2013207 -0.0610308 0 0 255
0.0525339 0.2028806 -0.0608698 0 0 255
0.0522948 0.2043328 -0.0609539 0 0 255
0.0523072 0.2058919 -0.0607930 0 0 255
0.0518174 0.2072328 -0.0611219 0 0 255
0.0518298 0.2087904 -0.0609611 0 0 255
0.0515914 0.2102375 -0.0610450 0 0 255
0.0511030 0.2115719 -0.0613731 0 0 255
0.0506156 0.2129038 -0.0617006 0 0 255
0.0503785 0.2143452 -0.0617839 0 0 255
0.0493953 0.2154467 -0.0625964 0 0 255
0.0491594 0.2168832 -0.0626790 0 0 255
0.0486759 0.2182043 -0.0630039 0 0 255
0.0476997 0.2192943 -0.0638109 0 0 255
0.0474655 0.2207239 -0.0638926 0 0 255
0.0469855 0.2220366 -0.0642150 0 0 255
0.0460161 0.2231151 -0.0650168 0 0 255
0.0455390 0.2244214 -0.0653372 0 0 255
0.0450628 0.2257252 -0.0656568 0 0 255
0.0445876 0.2270263 -0.0659759 0 0 255
0.0443564 0.2284428 -0.0660560 0 0 255
0.0436400 0.2296210 -0.0666120 0 0 255
0.0436522 0.2311524 -0.0664539 0 0 255
0.0431829 0.2324459 -0.0667682 0 0 255
0.0431950 0.2339758 -0.0666102 0 0 255
0.0429653 0.2353847 -0.0666898 0 0 255
0.0429774 0.2369139 -0.0665320 0 0 255
0.0432315 0.2385658 -0.0661365 0 0 255
0.0432436 0.2400958 -0.0659786 0 0 255
0.0434980 0.2417501 -0.0655826 0 0 255
0.0437526 0.2434061 -0.0651862 0 0 255
0.0435224 0.2448118 -0.0652665 0 0 255
0.0435345 0.2463427 -0.0651086 0 0 255
0.0440317 0.2481287 -0.0644732 0 0 255
0.0442869 0.2497896 -0.0640758 0 0 255
0.0440561 0.2511936 -0.0641568 0 0 255
0.0445544 0.2529862 -0.0635198 0 0 255
0.0443234 0.2543893 -0.0636010 0 0 255
0.0443356 0.2559226 -0.0634428 0 0 255
0.0445910 0.2575884 -0.0630448 0 0 255
0.0463127 0.2600589 -0.0612006 0 0 255
0.0478089 0.2639534 -0.0594305 0 0 255
0.0490570 0.2661863 -0.0580513 0 0 255
0.0513099 0.2689899 -0.0556792 0 0 255
0.0513223 0.2705451 -0.0555186 0 0 255
0.0513347 0.2721003 -0.0553581 0 0 255
0.0749870 -0.0977866 -0.0664576 0 0 255
0.0747233 -0.0961010 -0.0665435 0 0 255
0.0733569 -0.0942302 -0.0676460 0 0 255
0.0711781 -0.0922331 -0.0694985 0 0 255
0.0701021 -0.0904298 -0.0703351 0 0 255
0.0690307 -0.0886341 -0.0711682 0 0 255
0.0671569 -0.0867196 -0.0727425 0 0 255
0.0639710 -0.0846154 -0.0755295 0 0 255
0.0629253 -0.0828535 -0.0763415 0 0 255
0.0605727 -0.0809058 -0.0783619 0 0 255
0.0585013 -0.0790136 -0.0801237 0 0 255
0.0577369 -0.0773188 -0.0806784 0 0 255
0.0564597 -0.0755583 -0.0817079 0 0 255
0.0557015 -0.0738758 -0.0822579 0 0 255
0.0557140 -0.0722994 -0.0820952 0 0 255
0.0549582 -0.0706245 -0.0826437 0 0 255
0.0544598 -0.0689866 -0.0829544 0 0 255
0.0534536 -0.0672901 -0.0837358 0 0 255
0.0532152 -0.0656911 -0.0838062 0 0 255
0.0529739 -0.0640934 -0.0838796 0 0 255
0.0517213 -0.0623837 -0.0848908 0 0 255
0.0514815 -0.0607925 -0.0849633 0 0 255
0.0512419 -0.0592030 -0.0850359 0 0 255
0.0510026 -0.0576150 -0.0851082 0 0 255
0.0510150 -0.0560537 -0.0849470 0 0 255
0.0505247 -0.0544439 -0.0852529 0 0 255
0.0502861 -0.0528607 -0.0853249 0 0 255
0.0497973 -0.0512566 -0.0856299 0 0 255
0.0490598 -0.0496340 -0.0861663 0 0 255
0.0485735 -0.0480372 -0.0864695 0 0 255
0.0483368 -0.0464637 -0.0865408 0 0 255
0.0481004 -0.0448917 -0.0866120 0 0 255
0.0476161 -0.0433029 -0.0869142 0 0 255
0.0473804 -0.0417349 -0.0869850 0 0 255
0.0473928 -0.0401853 -0.0868250 0 0 255
0.0469099 -0.0386036 -0.0871265 0 0 255
0.0471697 -0.0370707 -0.0867360 0 0 255
0.0466872 -0.0354929 -0.0870375 0 0 255
0.0469467 -0.0339592 -0.0866471 0 0 255
0.0467118 -0.0323982 -0.0867180 0 0 255
0.0464771 -0.0308387 -0.0867888 0 0 255
0.0464894 -0.0292921 -0.0866291 0 0 255
0.0467487 -0.0277559 -0.0862388 0 0 255
0.0467610 -0.0262085 -0.0860790 0 0 255
0.0465262 -0.0246521 -0.0861502 0 0 255
0.0470328 -0.0231217 -0.0855284 0 0 255
0.0467978 -0.0215660 -0.0855998 0 0 255
0.0475529 -0.0200383 -0.0847453 0 0 255
0.0475651 -0.0184883 -0.0845853 0 0 255
0.0485712 -0.0169586 -0.0834951 0 0 255
0.0493316 -0.0154183 -0.0826342 0 0 255
0.0488450 -0.0138558 -0.0829410 0 0 255
0.0488574 -0.0123019 -0.0827806 0 0 255
0.0486206 -0.0107461 -0.0828537 0 0 255
0.0471435 -0.0091863 -0.0840898 0 0 255
0.0469085 -0.0076375 -0.0841620 0 0 255
0.0461802 -0.0060912 -0.0846971 0 0 255
0.0452116 -0.0045508 -0.0854581 0 0 255
0.0449785 -0.0030105 -0.0855293 0 0 255
0.0447456 -0.0014718 -0.0856003 0 0 255
0.0445129 0.0000654 -0.0856714 0 0 255
0.0447701 0.0016098 -0.0852822 0 0 255
-0.0013330 0.0021856 -0.1284733 0 0 255
-0.0029216 0.0035417 -0.1298336 0 0 255
-0.0048942 0.0048772 -0.1315560 0 0 255
-0.0048832 0.0062605 -0.1314132 0 0 255
-0.0052668 0.0076306 -0.1316418 0 0 255
-0.0052558 0.0090127 -0.1314991 0 0 255
-0.0056387 0.0103791 -0.1317274 0 0 255
-0.0060210 0.0117430 -0.1319554 0 0 255
-0.0060100 0.0131227 -0.1318129 0 0 255
-0.0040259 0.0145999 -0.1298103 0 0 255
0.0391412 0.0243447 -0.0883849 0 0 255
0.0461947 0.0263494 -0.0815764 0 0 255
0.0462069 0.0278944 -0.0814170 0 0 255
0.0462192 0.0294395 -0.0812575 0 0 255
0.0457392 0.0309462 -0.0815634 0 0 255
0.0452602 0.0324498 -0.0818688 0 0 255
0.0455180 0.0340125 -0.0814773 0 0 255
0.0450394 0.0355124 -0.0817825 0 0 255
0.0452969 0.0370759 -0.0813912 0 0 255
0.0448188 0.0385720 -0.0816965 0 0 255
0.0445862 0.0400887 -0.0817693 0 0 255
0.0450884 0.0416775 -0.0811461 0 0 255
0.0451006 0.0432189 -0.0809870 0 0 255
0.0446230 0.0447081 -0.0812925 0 0 255
0.0448800 0.0462747 -0.0809013 0 0 255
0.0446474 0.0477877 -0.0809746 0 0 255
0.0449044 0.0493560 -0.0805833 0 0 255
0.0454071 0.0509551 -0.0799586 0 0 255
0.0461570 0.0525875 -0.0790988 0 0 255
0.0464155 0.0541630 -0.0787054 0 0 255
0.0469213 0.0557719 -0.0780768 0 0 255
0.0471807 0.0573514 -0.0776823 0 0 255
0.0471930 0.0588992 -0.0775225 0 0 255
0.0474527 0.0604811 -0.0771274 0 0 255
0.0477126 0.0620647 -0.0767319 0 0 255
0.0474772 0.0635783 -0.0768077 0 0 255
0.0474896 0.0651270 -0.0766478 0 0 255
0.0472546 0.0666384 -0.0767235 0 0 255
0.0470197 0.0681482 -0.0767992 0 0 255
0.0470320 0.0696953 -0.0766395 0 0 255
0.0470443 0.0712425 -0.0764798 0 0 255
0.0463165 0.0726687 -0.0770259 0 0 255
0.0458366 0.0741315 -0.0773359 0 0 255
0.0456032 0.0756331 -0.0774111 0 0 255
0.0451295 0.0770917 -0.0777157 0 0 255
0.0448920 0.0785887 -0.0777951 0 0 255
0.0444151 0.0800413 -0.0781034 0 0 255
0.0444273 0.0815800 -0.0779445 0 0 255
0.0439513 0.0830282 -0.0782523 0 0 255
0.0432329 0.0844275 -0.0787922 0 0 255
0.0430021 0.0859157 -0.0788662 0 0 255
0.0427715 0.0874026 -0.0789401 0 0 255
0.0427884 0.0889369 -0.0787773 0 0 255
0.0425580 0.0904215 -0.0788512 0 0 255
0.0423278 0.0919047 -0.0789251 0 0 255
0.0418591 0.0933367 -0.0792275 0 0 255
0.0413883 0.0947653 -0.0795323 0 0 255
0.0416418 0.0963460 -0.0791432 0 0 255
0.0414126 0.0978233 -0.0792167 0 0 255
0.0411836 0.0992991 -0.0792902 0 0 255
0.0411957 0.1008274 -0.0791324 0 0 255
0.0412078 0.1023556 -0.0789747 0 0 255
0.0407385 0.1037732 -0.0792792 0 0 255
0.0412322 0.1054122 -0.0786591 0 0 255
0.0407627 0.1068268 -0.0789640 0 0 255
0.0407748 0.1083536 -0.0788064 0 0 255
0.0410276 0.1099388 -0.0784174 0 0 255
0.0407991 0.1114073 -0.0784912 0 0 255
0.0410519 0.1129941 -0.0781021 0 0 255
0.0410640 0.1145217 -0.0779443 0 0 255
0.0408354 0.1159880 -0.0780183 0 0 255
0.0410883 0.1175771 -0.0776290 0 0 255
0.0408597 0.1190418 -0.0777031 0 0 255
0.0408718 0.1205689 -0.0775455 0 0 255
0.0413657 0.1222248 -0.0769236 0 0 255
0.0411368 0.1236881 -0.0769981 0 0 255
0.0413899 0.1252819 -0.0766081 0 0 255
0.0414021 0.1268105 -0.0764503 0 0 255
0.0418970 0.1284745 -0.0758266 0 0 255
0.0419092 0.1300047 -0.0756687 0 0 255
0.0419213 0.1315348 -0.0755107 0 0 255
0.0419335 0.1330650 -0.0753528 0 0 255
0.0421874 0.1346661 -0.0749613 0 0 255
0.0426838 0.1363405 -0.0743352 0 0 255
0.0429385 0.1379457 -0.0739426 0 0 255
0.0431935 0.1395524 -0.0735495 0 0 255
0.0436919 0.1412352 -0.0729208 0 0 255
0.0441914 0.1429214 -0.0722908 0 0 255
0.0444476 0.1445348 -0.0718960 0 0 255
0.0444598 0.1460728 -0.0717372 0 0 255
0.0447163 0.1476886 -0.0713418 0 0 255
0.0449730 0.1493061 -0.0709461 0 0 255
0.0452300 0.1509252 -0.0705500 0 0 255
0.0454872 0.1525460 -0.0701534 0 0 255
0.0459903 0.1542496 -0.0695184 0 0 255
0.0467406 0.1560390 -0.0686432 0 0 255
0.0467529 0.1575842 -0.0684837 0 0 255
0.0472584 0.1592974 -0.0678453 0 0 255
0.0475178 0.1609290 -0.0674458 0 0 255
0.0480249 0.1626482 -0.0668054 0 0 255
0.0482850 0.1642840 -0.0664048 0 0 255
0.0485454 0.1659216 -0.0660037 0 0 255
0.0488183 0.1691124 -0.0654421 0 0 255
0.0490792 0.1707541 -0.0650401 0 0 255
0.0490916 0.1723065 -0.0648798 0 0 255
0.0491039 0.1738589 -0.0647196 0 0 255
0.0493774 0.1770571 -0.0641567 0 0 255
0.0494021 0.1801637 -0.0638361 0 0 255
0.0499129 0.1819088 -0.0631897 0 0 255
0.0499253 0.1834637 -0.0630292 0 0 255
0.0501872 0.1851162 -0.0626252 0 0 255
0.0501996 0.1866719 -0.0624646 0 0 255
0.0504619 0.1883269 -0.0620601 0 0 255
0.0502243 0.1897834 -0.0621434 0 0 255
0.0509872 0.1916421 -0.0612497 0 0 255
0.0512595 0.1948600 -0.0606862 0 0 255
0.0520255 0.1967303 -0.0597885 0 0 255
0.0522897 0.1983965 -0.0593811 0 0 255
0.0517989 0.1997477 -0.0597121 0 0 255
0.0518144 0.2013097 -0.0595479 0 0 255
0.0518268 0.2028704 -0.0593868 0 0 255
0.0518392 0.2044311 -0.0592257 0 0 255
0.0516003 0.2058833 -0.0593107 0 0 255
0.0511110 0.2072249 -0.0596412 0 0 255
0.0511233 0.2087833 -0.0594804 0 0 255
0.0506349 0.2101206 -0.0598105 0 0 255
0.0501475 0.2114553 -0.0601398 0 0 255
0.0499104 0.2128989 -0.0602240 0 0 255
0.0494245 0.2142287 -0.0605524 0 0 255
0.0486912 0.2154431 -0.0611239 0 0 255
0.0482078 0.2167671 -0.0614506 0 0 255
0.0474783 0.2179746 -0.0620193 0 0 255
0.0469972 0.2192928 -0.0623442 0 0 255
0.0467632 0.2207230 -0.0624267 0 0 255
0.0455478 0.2216906 -0.0634742 0 0 255
0.0448263 0.2228842 -0.0640367 0 0 255
0.0443506 0.2241901 -0.0643578 0 0 255
0.0438759 0.2254935 -0.0646783 0 0 255
0.0434021 0.2267943 -0.0649981 0 0 255
0.0429292 0.2280924 -0.0653174 0 0 255
0.0426992 0.2295063 -0.0653977 0 0 255
0.0424726 0.2309203 -0.0654748 0 0 255
0.0420016 0.2322118 -0.0657930 0 0 255
0.0420138 0.2337410 -0.0656351 0 0 255
0.0420259 0.2352702 -0.0654772 0 0 255
0.0420380 0.2367995 -0.0653194 0 0 255
0.0420502 0.2383287 -0.0651616 0 0 255
0.0420623 0.2398580 -0.0650037 0 0 255
0.0423159 0.2415114 -0.0646074 0 0 255
0.0425698 0.2431665 -0.0642108 0 0 255
0.0425820 0.2446974 -0.0640527 0 0 255
0.0423524 0.2461017 -0.0641336 0 0 255
0.0428483 0.2478866 -0.0634975 0 0 255
0.0428604 0.2494183 -0.0633394 0 0 255
0.0428726 0.2509499 -0.0631813 0 0 255
0.0428848 0.2524817 -0.0630232 0 0 255
0.0436244 0.2544056 -0.0621451 0 0 255
0.0433938 0.2558081 -0.0622271 0 0 255
0.0431635 0.2572091 -0.0623090 0 0 255
0.0439039 0.2591412 -0.0614294 0 0 255
0.0446466 0.2610792 -0.0605470 0 0 255
0.0451470 0.2628873 -0.0599045 0 0 255
0.0454037 0.2645625 -0.0595032 0 0 255
0.0456607 0.2662395 -0.0591016 0 0 255
0.0471557 0.2701548 -0.0573242 0 0 255
0.0481554 0.2722633 -0.0561845 0 0 255
0.0737033 -0.0978640 -0.0654130 0 0 255
0.0737163 -0.0962271 -0.0652440 0 0 255
0.0715302 -0.0942161 -0.0671118 0 0 255
0.0696341 -0.0922676 -0.0687120 0 0 255
0.0688332 -0.0905104 -0.0692985 0 0 255
0.0680349 -0.0887588 -0.0698832 0 0 255
0.0642990 -0.0865502 -0.0731924 0 0 255
0.0632499 -0.0847796 -0.0740116 0 0 255
0.0616781 -0.0829368 -0.0753164 0 0 255
0.0601162 -0.0811055 -0.0766130 0 0 255
0.0580446 -0.0792105 -0.0783839 0 0 255
0.0562476 -0.0773677 -0.0799010 0 0 255
0.0557455 -0.0757152 -0.0802159 0 0 255
0.0549880 -0.0740316 -0.0807685 0 0 255
0.0539776 -0.0723195 -0.0815568 0 0 255
0.0537350 -0.0707127 -0.0816316 0 0 255
0.0529838 -0.0690436 -0.0821798 0 0 255
0.0522380 -0.0673801 -0.0827233 0 0 255
0.0517443 -0.0657514 -0.0830327 0 0 255
0.0515039 -0.0641552 -0.0831063 0 0 255
0.0505078 -0.0624754 -0.0838842 0 0 255
0.0507720 -0.0609402 -0.0834883 0 0 255
0.0502811 -0.0593229 -0.0837960 0 0 255
0.0497913 -0.0577090 -0.0841030 0 0 255
0.0495530 -0.0561234 -0.0841758 0 0 255
0.0495654 -0.0545636 -0.0840148 0 0 255
0.0490771 -0.0529570 -0.0843211 0 0 255
0.0485898 -0.0513535 -0.0846269 0 0 255
0.0481034 -0.0497534 -0.0849320 0 0 255
0.0476181 -0.0481564 -0.0852365 0 0 255
0.0476304 -0.0466029 -0.0850761 0 0 255
0.0468980 -0.0449915 -0.0856120 0 0 255
0.0469104 -0.0434403 -0.0854518 0 0 255
0.0466750 -0.0418714 -0.0855235 0 0 255
0.0464397 -0.0403041 -0.0855951 0 0 255
0.0462048 -0.0387383 -0.0856666 0 0 255
0.0464644 -0.0372047 -0.0852751 0 0 255
0.0462294 -0.0356405 -0.0853468 0 0 255
0.0462417 -0.0340916 -0.0851869 0 0 255
0.0460069 -0.0325297 -0.0852585 0 0 255
0.0460193 -0.0309815 -0.0850987 0 0 255
0.0462786 -0.0294446 -0.0847072 0 0 255
0.0460438 -0.0278850 -0.0847791 0 0 255
0.0460561 -0.0263368 -0.0846193 0 0 255
0.0460684 -0.0247885 -0.0844595 0 0 255
0.0463278 -0.0232484 -0.0840675 0 0 255
0.0460930 -0.0216919 -0.0841398 0 0 255
0.0465997 -0.0201569 -0.0835152 0 0 255
0.0473555 -0.0186246 -0.0826562 0 0 255
0.0478648 -0.0170825 -0.0820287 0 0 255
0.0483751 -0.0155373 -0.0813998 0 0 255
0.0481383 -0.0139783 -0.0814736 0 0 255
0.0474048 -0.0124153 -0.0820152 0 0 255
0.0471690 -0.0108610 -0.0820886 0 0 255
0.0464384 -0.0093059 -0.0826282 0 0 255
0.0452176 -0.0077547 -0.0836302 0 0 255
0.0454761 -0.0062089 -0.0832386 0 0 255
0.0445084 -0.0046675 -0.0840030 0 0 255
0.0440305 -0.0031283 -0.0843059 0 0 255
0.0435537 -0.0015923 -0.0846082 0 0 255
0.0433218 -0.0000558 -0.0846796 0 0 255
0.0435782 0.0014878 -0.0842902 0 0 255
-0.0033891 0.0020542 -0.1284984 0 0 255
-0.0053612 0.0033976 -0.1302283 0 0 255
-0.0061385 0.0047609 -0.1308304 0 0 255
-0.0061276 0.0061429 -0.1306877 0 0 255
-0.0069021 0.0074988 -0.1312878 0 0 255
-0.0064988 0.0088928 -0.1307742 0 0 255
-0.0068802 0.0102581 -0.1310029 0 0 255
-0.0064768 0.0116546 -0.1304891 0 0 255
-0.0076410 0.0129813 -0.1314592 0 0 255
-0.0084100 0.0143200 -0.1320557 0 0 255
-0.0087880 0.0156744 -0.1322823 0 0 255
-0.0087771 0.0170479 -0.1321405 0 0 255
0.0077843 0.0208205 -0.1161716 0 0 255
0.0404005 0.0289580 -0.0846547 0 0 255
0.0455276 0.0308860 -0.0796382 0 0 255
0.0452937 0.0324119 -0.0797125 0 0 255
0.0457985 0.0339985 -0.0790850 0 0 255
0.0445817 0.0354378 -0.0800939 0 0 255
0.0445939 0.0369806 -0.0799346 0 0 255
0.0441163 0.0384776 -0.0802414 0 0 255
0.0441285 0.0400189 -0.0800822 0 0 255
0.0438961 0.0415357 -0.0801560 0 0 255
0.0436640 0.0430511 -0.0802297 0 0 255
0.0439206 0.0446169 -0.0798379 0 0 255
0.0439328 0.0461575 -0.0796789 0 0 255
0.0439450 0.0476981 -0.0795199 0 0 255
0.0444468 0.0492955 -0.0788941 0 0 255
0.0449495 0.0508962 -0.0782670 0 0 255
0.0454533 0.0525001 -0.0776387 0 0 255
0.0457118 0.0540764 -0.0772442 0 0 255
0.0459704 0.0556542 -0.0768494 0 0 255
0.0462292 0.0572337 -0.0764542 0 0 255
0.0467356 0.0588482 -0.0758224 0 0 255
0.0467526 0.0603982 -0.0756580 0 0 255
0.0470076 0.0619819 -0.0752660 0 0 255
0.0467725 0.0634964 -0.0753426 0 0 255
0.0465376 0.0650093 -0.0754191 0 0 255
0.0465499 0.0665580 -0.0752592 0 0 255
0.0460734 0.0680314 -0.0755672 0 0 255
0.0458392 0.0695398 -0.0756435 0 0 255
0.0456053 0.0710468 -0.0757197 0 0 255
0.0451212 0.0725112 -0.0760356 0 0 255
0.0451382 0.0740561 -0.0758717 0 0 255
0.0446597 0.0755169 -0.0761828 0 0 255
0.0441822 0.0769747 -0.0764931 0 0 255
0.0437057 0.0784296 -0.0768028 0 0 255
0.0434740 0.0799254 -0.0768781 0 0 255
0.0434861 0.0814641 -0.0767192 0 0 255
0.0432546 0.0829576 -0.0767944 0 0 255
0.0427800 0.0844037 -0.0771033 0 0 255
0.0425491 0.0858935 -0.0771782 0 0 255
0.0425613 0.0874293 -0.0770197 0 0 255
0.0420881 0.0888687 -0.0773278 0 0 255
0.0418580 0.0903541 -0.0774024 0 0 255
0.0416280 0.0918381 -0.0774771 0 0 255
0.0411567 0.0932703 -0.0777841 0 0 255
0.0406895 0.0947003 -0.0780874 0 0 255
0.0407016 0.0962301 -0.0779296 0 0 255
0.0407138 0.0977598 -0.0777716 0 0 255
0.0404850 0.0992365 -0.0778458 0 0 255
0.0402564 0.1007116 -0.0779200 0 0 255
0.0405093 0.1022945 -0.0775302 0 0 255
0.0400402 0.1037129 -0.0778364 0 0 255
0.0398121 0.1051844 -0.0779105 0 0 255
0.0400645 0.1067680 -0.0775210 0 0 255
0.0403171 0.1083532 -0.0771312 0 0 255
0.0403292 0.1098816 -0.0769734 0 0 255
0.0398606 0.1112918 -0.0772800 0 0 255
0.0401130 0.1128785 -0.0768902 0 0 255
0.0401251 0.1144062 -0.0767325 0 0 255
0.0403777 0.1159953 -0.0763423 0 0 255
0.0399091 0.1173994 -0.0766495 0 0 255
0.0401615 0.1189893 -0.0762594 0 0 255
0.0404141 0.1205807 -0.0758689 0 0 255
0.0406671 0.1221738 -0.0754780 0 0 255
0.0401978 0.1235726 -0.0757863 0 0 255
0.0402100 0.1251004 -0.0756285 0 0 255
0.0407034 0.1267619 -0.0750044 0 0 255
0.0409566 0.1283589 -0.0746129 0 0 255
0.0407277 0.1298206 -0.0746886 0 0 255
0.0409809 0.1314192 -0.0742970 0 0 255
0.0412343 0.1330195 -0.0739050 0 0 255
0.0417298 0.1346923 -0.0732778 0 0 255
0.0417420 0.1362248 -0.0731196 0 0 255
0.0419962 0.1378299 -0.0727264 0 0 255
0.0427360 0.1395836 -0.0718612 0 0 255
0.0427482 0.1411193 -0.0717027 0 0 255
0.0427603 0.1426550 -0.0715442 0 0 255
0.0430155 0.1442667 -0.0711494 0 0 255
0.0432711 0.1458799 -0.0707541 0 0 255
0.0437706 0.1475726 -0.0701212 0 0 255
0.0435391 0.1490330 -0.0701996 0 0 255
0.0440391 0.1507296 -0.0695659 0 0 255
0.0447850 0.1525101 -0.0686926 0 0 255
0.0445524 0.1539710 -0.0687718 0 0 255
0.0452998 0.1557582 -0.0678964 0 0 255
0.0460494 0.1575509 -0.0670182 0 0 255
0.0463080 0.1591808 -0.0666185 0 0 255
0.0463202 0.1607276 -0.0664589 0 0 255
0.0468259 0.1624457 -0.0658178 0 0 255
0.0470853 0.1640806 -0.0654168 0 0 255
0.0475925 0.1658048 -0.0647738 0 0 255
0.0476048 0.1673556 -0.0646137 0 0 255
0.0478649 0.1689955 -0.0642115 0 0 255
0.0481254 0.1706372 -0.0638089 0 0 255
0.0478896 0.1720988 -0.0638911 0 0 255
0.0483983 0.1738338 -0.0632455 0 0 255
0.0484107 0.1753870 -0.0630852 0 0 255
0.0484230 0.1769403 -0.0629248 0 0 255
0.0484354 0.1784935 -0.0627645 0 0 255
0.0486963 0.1801418 -0.0623607 0 0 255
0.0489575 0.1817918 -0.0619566 0 0 255
0.0489699 0.1833467 -0.0617960 0 0 255
0.0492314 0.1849992 -0.0613914 0 0 255
0.0492437 0.1865549 -0.0612308 0 0 255
0.0495055 0.1882100 -0.0608256 0 0 255
0.0500267 0.1915237 -0.0600171 0 0 255
0.0502893 0.1931838 -0.0596107 0 0 255
0.0505521 0.1948456 -0.0592039 0 0 255
0.0510662 0.1966130 -0.0585502 0 0 255
0.0513299 0.1982792 -0.0581422 0 0 255
0.0510910 0.1997359 -0.0582278 0 0 255
0.0513547 0.2014036 -0.0578196 0 0 255
0.0511158 0.2028589 -0.0579054 0 0 255
0.0513795 0.2045283 -0.0574970 0 0 255
0.0511438 0.2059833 -0.0575799 0 0 255
0.0506544 0.2073262 -0.0579125 0 0 255
0.0499159 0.2085566 -0.0584906 0 0 255
0.0499283 0.2101142 -0.0583298 0 0 255
0.0494413 0.2114496 -0.0586609 0 0 255
0.0489554 0.2127823 -0.0589913 0 0 255
0.0482221 0.2140001 -0.0595657 0 0 255
0.0477386 0.2153268 -0.0598943 0 0 255
0.0477509 0.2168775 -0.0597342 0 0 255
0.0467746 0.2179723 -0.0605495 0 0 255
0.0460480 0.2191769 -0.0611189 0 0 255
0.0458144 0.2206072 -0.0612020 0 0 255
0.0448460 0.2216903 -0.0620111 0 0 255
0.0438813 0.2227689 -0.0628169 0 0 255
0.0434066 0.2240750 -0.0631392 0 0 255
0.0429327 0.2253785 -0.0634609 0 0 255
0.0424599 0.2266794 -0.0637820 0 0 255
0.0422299 0.2280954 -0.0638632 0 0 255
0.0412790 0.2291569 -0.0646577 0 0 255
0.0410501 0.2305682 -0.0647382 0 0 255
0.0410623 0.2320974 -0.0645804 0 0 255
0.0410744 0.2336266 -0.0644225 0 0 255
0.0410865 0.2351558 -0.0642647 0 0 255
0.0408579 0.2365634 -0.0643453 0 0 255
0.0408700 0.2380920 -0.0641875 0 0 255
0.0408822 0.2396205 -0.0640297 0 0 255
0.0416173 0.2415211 -0.0631549 0 0 255
0.0411472 0.2428023 -0.0634753 0 0 255
0.0414003 0.2444572 -0.0630783 0 0 255
0.0414125 0.2459873 -0.0629203 0 0 255
0.0416659 0.2476447 -0.0625228 0 0 255
0.0421614 0.2494321 -0.0618847 0 0 255
0.0416903 0.2507066 -0.0622067 0 0 255
0.0417024 0.2522376 -0.0620486 0 0 255
0.0424398 0.2541602 -0.0611696 0 0 255
0.0422100 0.2555621 -0.0612520 0 0 255
0.0422222 0.2570947 -0.0610937 0 0 255
0.0429612 0.2590266 -0.0602123 0 0 255
0.0427308 0.2604275 -0.0602953 0 0 255
0.0439581 0.2626370 -0.0589271 0 0 255
0.0444581 0.2644476 -0.0582826 0 0 255
0.0444703 0.2659872 -0.0581236 0 0 255
0.0449713 0.2678031 -0.0574776 0 0 255
0.0447390 0.2692053 -0.0575623 0 0 255
0.0454856 0.2711655 -0.0566710 0 0 255
0.0721459 -0.0978927 -0.0646254 0 0 255
0.0716096 -0.0961620 -0.0649675 0 0 255
0.0680805 -0.0939242 -0.0680946 0 0 255
0.0689065 -0.0924380 -0.0671703 0 0 255
0.0683770 -0.0907241 -0.0675075 0 0 255
0.0667698 -0.0888400 -0.0688490 0 0 255
0.0633106 -0.0866739 -0.0719168 0 0 255
0.0625280 -0.0849439 -0.0724921 0 0 255
0.0606948 -0.0830598 -0.0740474 0 0 255
0.0593972 -0.0812669 -0.0751044 0 0 255
0.0575868 -0.0794079 -0.0766405 0 0 255
0.0560473 -0.0775989 -0.0779249 0 0 255
0.0545174 -0.0758012 -0.0792014 0 0 255
0.0540179 -0.0741529 -0.0795166 0 0 255
0.0532643 -0.0724742 -0.0800694 0 0 255
0.0527673 -0.0708336 -0.0803829 0 0 255
0.0520176 -0.0691644 -0.0809329 0 0 255
0.0515232 -0.0675313 -0.0812447 0 0 255
0.0505283 -0.0658416 -0.0820249 0 0 255
0.0507930 -0.0643049 -0.0816272 0 0 255
0.0495466 -0.0625955 -0.0826436 0 0 255
0.0493080 -0.0610050 -0.0827173 0 0 255
0.0490697 -0.0594161 -0.0827908 0 0 255
0.0488316 -0.0578288 -0.0828644 0 0 255
0.0485937 -0.0562432 -0.0829378 0 0 255
0.0481064 -0.0546348 -0.0832452 0 0 255
0.0478692 -0.0530531 -0.0833183 0 0 255
0.0476324 -0.0514730 -0.0833914 0 0 255
0.0471470 -0.0498727 -0.0836977 0 0 255
0.0469109 -0.0482966 -0.0837704 0 0 255
0.0464270 -0.0467019 -0.0840760 0 0 255
0.0461915 -0.0451298 -0.0841483 0 0 255
0.0462039 -0.0435778 -0.0839881 0 0 255
0.0457214 -0.0419903 -0.0842929 0 0 255
0.0454867 -0.0404229 -0.0843651 0 0 255
0.0454990 -0.0388732 -0.0842052 0 0 255
0.0452645 -0.0373082 -0.0842773 0 0 255
0.0455236 -0.0357738 -0.0838852 0 0 255
0.0452891 -0.0342103 -0.0839576 0 0 255
0.0453014 -0.0326613 -0.0837976 0 0 255
0.0453137 -0.0311123 -0.0836377 0 0 255
0.0453260 -0.0295633 -0.0834778 0 0 255
0.0455851 -0.0280249 -0.0830852 0 0 255
0.0453505 -0.0264652 -0.0831580 0 0 255
0.0453628 -0.0249162 -0.0829980 0 0 255
0.0453751 -0.0233671 -0.0828381 0 0 255
0.0456343 -0.0218255 -0.0824452 0 0 255
0.0458936 -0.0202823 -0.0820519 0 0 255
0.0464009 -0.0187434 -0.0814243 0 0 255
0.0471576 -0.0172066 -0.0805608 0 0 255
0.0476674 -0.0156607 -0.0799301 0 0 255
0.0471822 -0.0140972 -0.0802398 0 0 255
0.0464502 -0.0125340 -0.0807832 0 0 255
0.0467104 -0.0109837 -0.0803885 0 0 255
0.0454858 -0.0094243 -0.0813986 0 0 255
0.0447589 -0.0078738 -0.0819384 0 0 255
0.0442797 -0.0063275 -0.0822442 0 0 255
0.0435596 -0.0047855 -0.0827784 0 0 255
0.0430827 -0.0032462 -0.0830825 0 0 255
0.0428508 -0.0017073 -0.0831548 0 0 255
0.0426190 -0.0001699 -0.0832270 0 0 255
-0.0034586 0.0005709 -0.1267826 0 0 255
-0.0042443 0.0019479 -0.1273947 0 0 255
-0.0062126 0.0032919 -0.1291296 0 0 255
-0.0058072 0.0046871 -0.1286122 0 0 255
-0.0065844 0.0060492 -0.1292177 0 0 255
-0.0069664 0.0074195 -0.1294482 0 0 255
-0.0077395 0.0087731 -0.1300505 0 0 255
-0.0092880 0.0100910 -0.1313906 0 0 255
-0.0084987 0.0114990 -0.1305085 0 0 255
-0.0092662 0.0128404 -0.1311067 0 0 255
-0.0096434 0.0141961 -0.1313341 0 0 255
-0.0104040 0.0155292 -0.1319266 0 0 255
-0.0115493 0.0168361 -0.1328859 0 0 255
-0.0126884 0.0181360 -0.1338400 0 0 255
-0.0126776 0.0194998 -0.1336992 0 0 255
0.0279712 0.0294765 -0.0942578 0 0 255
0.0465751 0.0340260 -0.0762080 0 0 255
0.0436331 0.0353203 -0.0788696 0 0 255
0.0431564 0.0368189 -0.0791775 0 0 255
0.0431687 0.0383602 -0.0790184 0 0 255
0.0431809 0.0399015 -0.0788593 0 0 255
0.0431932 0.0414428 -0.0787001 0 0 255
0.0429613 0.0429590 -0.0787745 0 0 255
0.0429782 0.0445001 -0.0786110 0 0 255
0.0429904 0.0460407 -0.0784519 0 0 255
0.0432421 0.0476084 -0.0780636 0 0 255
0.0437481 0.0492071 -0.0774315 0 0 255
0.0440052 0.0507793 -0.0770375 0 0 255
0.0449948 0.0524426 -0.0759414 0 0 255
0.0452532 0.0540205 -0.0755457 0 0 255
0.0455119 0.0555999 -0.0751496 0 0 255
0.0457756 0.0571817 -0.0747485 0 0 255
0.0460348 0.0587644 -0.0743516 0 0 255
0.0465417 0.0603829 -0.0737167 0 0 255
0.0463066 0.0618997 -0.0737941 0 0 255
0.0460716 0.0634150 -0.0738715 0 0 255
0.0458370 0.0649288 -0.0739487 0 0 255
0.0453562 0.0664039 -0.0742628 0 0 255
0.0453685 0.0679518 -0.0741030 0 0 255
0.0451345 0.0694610 -0.0741800 0 0 255
0.0446551 0.0709294 -0.0744933 0 0 255
0.0444219 0.0724349 -0.0745701 0 0 255
0.0444342 0.0739798 -0.0744105 0 0 255
0.0434670 0.0753582 -0.0751943 0 0 255
0.0432349 0.0768577 -0.0752705 0 0 255
0.0427594 0.0783128 -0.0755815 0 0 255
0.0425281 0.0798086 -0.0756573 0 0 255
0.0422970 0.0813029 -0.0757330 0 0 255
0.0425526 0.0828862 -0.0753395 0 0 255
0.0423214 0.0843790 -0.0754154 0 0 255
0.0420906 0.0858703 -0.0754912 0 0 255
0.0418600 0.0873602 -0.0755670 0 0 255
0.0411451 0.0887524 -0.0761106 0 0 255
0.0411572 0.0902867 -0.0759522 0 0 255
0.0406860 0.0917219 -0.0762610 0 0 255
0.0402156 0.0931543 -0.0765693 0 0 255
0.0402277 0.0946855 -0.0764112 0 0 255
0.0402429 0.0962174 -0.0762501 0 0 255
0.0400142 0.0976963 -0.0763252 0 0 255
0.0395452 0.0991206 -0.0766329 0 0 255
0.0395573 0.1006497 -0.0764750 0 0 255
0.0395695 0.1021787 -0.0763171 0 0 255
0.0395816 0.1037078 -0.0761593 0 0 255
0.0391135 0.1051248 -0.0764669 0 0 255
0.0388858 0.1065956 -0.0765416 0 0 255
0.0396180 0.1082952 -0.0756857 0 0 255
0.0391498 0.1097076 -0.0759938 0 0 255
0.0391619 0.1112352 -0.0758361 0 0 255
0.0391741 0.1127629 -0.0756783 0 0 255
0.0394262 0.1143512 -0.0752876 0 0 255
0.0394383 0.1158797 -0.0751298 0 0 255
0.0394504 0.1174081 -0.0749720 0 0 255
0.0397029 0.1189996 -0.0745806 0 0 255
0.0397150 0.1205289 -0.0744227 0 0 255
0.0397271 0.1220582 -0.0742649 0 0 255
0.0397393 0.1235876 -0.0741070 0 0 255
0.0395111 0.1250509 -0.0741830 0 0 255
0.0400041 0.1267131 -0.0735571 0 0 255
0.0397756 0.1281757 -0.0736334 0 0 255
0.0402692 0.1298419 -0.0730066 0 0 255
0.0405224 0.1314421 -0.0726137 0 0 255
0.0405346 0.1329739 -0.0724555 0 0 255
0.0407881 0.1345765 -0.0720621 0 0 255
0.0408002 0.1361091 -0.0719039 0 0 255
0.0410539 0.1377142 -0.0715100 0 0 255
0.0413079 0.1393209 -0.0711158 0 0 255
0.0413201 0.1408550 -0.0709574 0 0 255
0.0418167 0.1425391 -0.0703260 0 0 255
0.0423142 0.1442267 -0.0696934 0 0 255
0.0425695 0.1458408 -0.0692972 0 0 255
0.0425817 0.1473789 -0.0691384 0 0 255
0.0428372 0.1489954 -0.0687418 0 0 255
0.0428494 0.1505343 -0.0685829 0 0 255
0.0431052 0.1521532 -0.0681857 0 0 255
0.0436053 0.1538548 -0.0675493 0 0 255
0.0438618 0.1554779 -0.0671511 0 0 255
0.0443634 0.1571855 -0.0665127 0 0 255
0.0448661 0.1588965 -0.0658730 0 0 255
0.0453697 0.1606110 -0.0652320 0 0 255
0.0458745 0.1623290 -0.0645897 0 0 255
0.0461333 0.1639639 -0.0641881 0 0 255
0.0458991 0.1654259 -0.0642700 0 0 255
0.0466519 0.1672388 -0.0633837 0 0 255
0.0464170 0.1687005 -0.0634661 0 0 255
0.0466764 0.1703404 -0.0630635 0 0 255
0.0469361 0.1719820 -0.0626605 0 0 255
0.0471961 0.1736252 -0.0622571 0 0 255
0.0472084 0.1751776 -0.0620968 0 0 255
0.0474686 0.1768234 -0.0616929 0 0 255
0.0477290 0.1784708 -0.0612886 0 0 255
0.0477414 0.1800249 -0.0611282 0 0 255
0.0477537 0.1815790 -0.0609677 0 0 255
0.0482631 0.1833265 -0.0603181 0 0 255
0.0482755 0.1848822 -0.0601575 0 0 255
0.0485368 0.1865363 -0.0597518 0 0 255
0.0487983 0.1881922 -0.0593457 0 0 255
0.0490694 0.1914067 -0.0587813 0 0 255
0.0498317 0.1932707 -0.0578811 0 0 255
0.0498440 0.1948313 -0.0577200 0 0 255
0.0506087 0.1967035 -0.0568168 0 0 255
0.0513757 0.1985815 -0.0559109 0 0 255
0.0511363 0.2000411 -0.0559978 0 0 255
0.0514005 0.2017124 -0.0555877 0 0 255
0.0509096 0.2030631 -0.0559232 0 0 255
0.0511735 0.2047352 -0.0555132 0 0 255
0.0506831 0.2060821 -0.0558487 0 0 255
0.0504476 0.2075371 -0.0559323 0 0 255
0.0494582 0.2086592 -0.0567617 0 0 255
0.0494706 0.2102184 -0.0566007 0 0 255
0.0487344 0.2114439 -0.0571805 0 0 255
0.0482489 0.2127773 -0.0575125 0 0 255
0.0475163 0.2139957 -0.0580894 0 0 255
0.0472808 0.2154359 -0.0581746 0 0 255
0.0463045 0.2165348 -0.0589938 0 0 255
0.0458238 0.2178563 -0.0593223 0 0 255
0.0450987 0.2190611 -0.0598936 0 0 255
0.0441312 0.2201477 -0.0607056 0 0 255
0.0434111 0.2213448 -0.0612728 0 0 255
0.0431797 0.2227691 -0.0613556 0 0 255
0.0429485 0.2241919 -0.0614382 0 0 255
0.0419897 0.2252635 -0.0622435 0 0 255
0.0415177 0.2265645 -0.0625658 0 0 255
0.0412882 0.2279805 -0.0626476 0 0 255
0.0405798 0.2291603 -0.0632053 0 0 255
0.0405920 0.2306911 -0.0630473 0 0 255
0.0398826 0.2318636 -0.0636066 0 0 255
0.0398947 0.2333921 -0.0634489 0 0 255
0.0401471 0.2350414 -0.0630521 0 0 255
0.0399190 0.2364491 -0.0631332 0 0 255
0.0396911 0.2378554 -0.0632145 0 0 255
0.0399433 0.2395062 -0.0628177 0 0 255
0.0401957 0.2411586 -0.0624205 0 0 255
0.0399675 0.2425633 -0.0625020 0 0 255
0.0407013 0.2444685 -0.0616250 0 0 255
0.0404726 0.2458729 -0.0617070 0 0 255
0.0407256 0.2475303 -0.0613089 0 0 255
0.0404969 0.2489333 -0.0613911 0 0 255
0.0407498 0.2505922 -0.0609928 0 0 255
0.0405211 0.2519937 -0.0610752 0 0 255
0.0412565 0.2539151 -0.0601950 0 0 255
0.0410274 0.2553164 -0.0602778 0 0 255
0.0415223 0.2571124 -0.0596372 0 0 255
0.0415345 0.2586457 -0.0594789 0 0 255
0.0417885 0.2603129 -0.0590789 0 0 255
0.0427704 0.2623869 -0.0579507 0 0 255
0.0437562 0.2644691 -0.0568179 0 0 255
0.0435247 0.2658723 -0.0569029 0 0 255
0.0437807 0.2675499 -0.0564999 0 0 255
0.0437929 0.2690904 -0.0563409 0 0 255
0.0438051 0.2706308 -0.0561819 0 0 255
0.0452945 0.2745595 -0.0543957 0 0 255
0.0703181 -0.0978727 -0.0640951 0 0 255
0.0703310 -0.0962401 -0.0639265 0 0 255
0.0673528 -0.0940953 -0.0665542 0 0 255
0.0676362 -0.0925177 -0.0661337 0 0 255
0.0662994 -0.0906712 -0.0672285 0 0 255
0.0655060 -0.0889212 -0.0678158 0 0 255
0.0623221 -0.0867976 -0.0706412 0 0 255
0.0610133 -0.0849854 -0.0717126 0 0 255
0.0602365 -0.0832626 -0.0722867 0 0 255
0.0584164 -0.0813895 -0.0738388 0 0 255
0.0563507 -0.0794924 -0.0756221 0 0 255
0.0555884 -0.0777941 -0.0761847 0 0 255
0.0543148 -0.0760296 -0.0772273 0 0 255
0.0527926 -0.0742395 -0.0785039 0 0 255
0.0522957 -0.0725953 -0.0788193 0 0 255
0.0515459 -0.0709217 -0.0793723 0 0 255
0.0502962 -0.0691896 -0.0803952 0 0 255
0.0498044 -0.0675590 -0.0807070 0 0 255
0.0495651 -0.0659619 -0.0807818 0 0 255
0.0485730 -0.0642785 -0.0815644 0 0 255
0.0485853 -0.0627156 -0.0814031 0 0 255
0.0483472 -0.0611250 -0.0814774 0 0 255
0.0478594 -0.0595092 -0.0817868 0 0 255
0.0478717 -0.0579487 -0.0816257 0 0 255
0.0471356 -0.0563126 -0.0821693 0 0 255
0.0468990 -0.0547301 -0.0822430 0 0 255
0.0469114 -0.0531727 -0.0820822 0 0 255
0.0464265 -0.0515698 -0.0823900 0 0 255
0.0461906 -0.0499921 -0.0824634 0 0 255
0.0457071 -0.0483948 -0.0827704 0 0 255
0.0457195 -0.0468413 -0.0826100 0 0 255
0.0457318 -0.0452878 -0.0824496 0 0 255
0.0450023 -0.0436783 -0.0829895 0 0 255
0.0450146 -0.0421270 -0.0828293 0 0 255
0.0447801 -0.0405588 -0.0829023 0 0 255
0.0450392 -0.0390245 -0.0825091 0 0 255
0.0448047 -0.0374578 -0.0825822 0 0 255
0.0450638 -0.0359219 -0.0821887 0 0 255
0.0448293 -0.0343567 -0.0822620 0 0 255
0.0445951 -0.0327931 -0.0823352 0 0 255
0.0448539 -0.0312556 -0.0819418 0 0 255
0.0443733 -0.0296820 -0.0822484 0 0 255
0.0448785 -0.0281544 -0.0816216 0 0 255
0.0446442 -0.0265938 -0.0816952 0 0 255
0.0444102 -0.0250348 -0.0817686 0 0 255
0.0446688 -0.0234940 -0.0813751 0 0 255
0.0446812 -0.0219441 -0.0812151 0 0 255
0.0451869 -0.0204078 -0.0805870 0 0 255
0.0451992 -0.0188562 -0.0804268 0 0 255
0.0459537 -0.0173204 -0.0795622 0 0 255
0.0462139 -0.0157709 -0.0791664 0 0 255
0.0459783 -0.0142125 -0.0792413 0 0 255
0.0457430 -0.0126557 -0.0793162 0 0 255
0.0455079 -0.0111004 -0.0793909 0 0 255
0.0450262 -0.0095454 -0.0797004 0 0 255
0.0425862 -0.0079896 -0.0818724 0 0 255
0.0425984 -0.0064465 -0.0817131 0 0 255
0.0423665 -0.0049045 -0.0817862 0 0 255
0.0416476 -0.0033677 -0.0823229 0 0 255
0.0419033 -0.0018250 -0.0819320 0 0 255
0.0411859 -0.0002944 -0.0824680 0 0 255
-0.0039167 0.0004713 -0.1252969 0 0 255
-0.0050995 0.0018417 -0.1262909 0 0 255
-0.0066704 0.0031954 -0.1276555 0 0 255
-0.0070530 0.0045707 -0.1278879 0 0 255
-0.0078273 0.0059319 -0.1284941 0 0 255
-0.0078163 0.0073140 -0.1283514 0 0 255
-0.0093564 0.0100167 -0.1295578 0 0 255
-0.0101224 0.0113607 -0.1301578 0 0 255
-0.0104989 0.0127177 -0.1303860 0 0 255
-0.0101006 0.0141102 -0.1298739 0 0 255
-0.0112470 0.0154246 -0.1308386 0 0 255
-0.0123901 0.0167318 -0.1318008 0 0 255
-0.0127625 0.0180768 -0.1320263 0 0 255
-0.0138974 0.0193723 -0.1329819 0 0 255
-0.0138865 0.0207349 -0.1328412 0 0 255
-0.0131126 0.0221495 -0.1319696 0 0 255
0.0383282 0.0348226 -0.0818256 0 0 255
0.0422089 0.0367015 -0.0779544 0 0 255
0.0395594 0.0379936 -0.0803510 0 0 255
0.0417463 0.0397370 -0.0781039 0 0 255
0.0417585 0.0412768 -0.0779450 0 0 255
0.0422625 0.0428673 -0.0773134 0 0 255
0.0420310 0.0443828 -0.0773885 0 0 255
0.0425308 0.0459769 -0.0767606 0 0 255
0.0425430 0.0475191 -0.0766014 0 0 255
0.0435334 0.0491748 -0.0755009 0 0 255
0.0437908 0.0507494 -0.0751053 0 0 255
0.0440485 0.0523255 -0.0747094 0 0 255
0.0443064 0.0539034 -0.0743130 0 0 255
0.0450572 0.0555462 -0.0734417 0 0 255
0.0453162 0.0571289 -0.0730439 0 0 255
0.0453285 0.0586798 -0.0728838 0 0 255
0.0455877 0.0602649 -0.0724855 0 0 255
0.0458472 0.0618517 -0.0720868 0 0 255
0.0451186 0.0632972 -0.0726415 0 0 255
0.0448844 0.0648110 -0.0727194 0 0 255
0.0446505 0.0663234 -0.0727971 0 0 255
0.0444168 0.0678342 -0.0728748 0 0 255
0.0439380 0.0693049 -0.0731896 0 0 255
0.0439503 0.0708514 -0.0730299 0 0 255
0.0437173 0.0723577 -0.0731074 0 0 255
0.0434846 0.0738625 -0.0731848 0 0 255
0.0425193 0.0752412 -0.0739710 0 0 255
0.0427755 0.0768253 -0.0735757 0 0 255
0.0425437 0.0783248 -0.0736527 0 0 255
0.0420686 0.0797792 -0.0739654 0 0 255
0.0415944 0.0812306 -0.0742775 0 0 255
0.0418497 0.0828146 -0.0738832 0 0 255
0.0413760 0.0842623 -0.0741952 0 0 255
0.0416311 0.0858471 -0.0738009 0 0 255
0.0406733 0.0871964 -0.0745828 0 0 255
0.0406855 0.0887322 -0.0744242 0 0 255
0.0402142 0.0901704 -0.0747350 0 0 255
0.0399850 0.0916551 -0.0748109 0 0 255
0.0397560 0.0931385 -0.0748868 0 0 255
0.0392896 0.0945701 -0.0751934 0 0 255
0.0393017 0.0961014 -0.0750353 0 0 255
0.0388332 0.0975280 -0.0753444 0 0 255
0.0388454 0.0990578 -0.0751865 0 0 255
0.0388575 0.1005876 -0.0750286 0 0 255
0.0388696 0.1021175 -0.0748706 0 0 255
0.0386418 0.1035920 -0.0749463 0 0 255
0.0384141 0.1050651 -0.0750219 0 0 255
0.0384262 0.1065935 -0.0748641 0 0 255
0.0381988 0.1080643 -0.0749396 0 0 255
0.0386902 0.1097086 -0.0743148 0 0 255
0.0384625 0.1111787 -0.0743907 0 0 255
0.0387145 0.1127670 -0.0739991 0 0 255
0.0384868 0.1142356 -0.0740751 0 0 255
0.0384989 0.1157641 -0.0739173 0 0 255
0.0385110 0.1172926 -0.0737595 0 0 255
0.0385231 0.1188211 -0.0736017 0 0 255
0.0387751 0.1204133 -0.0732096 0 0 255
0.0387873 0.1219426 -0.0730517 0 0 255
0.0387994 0.1234720 -0.0728938 0 0 255
0.0388115 0.1250014 -0.0727359 0 0 255
0.0390637 0.1265975 -0.0723433 0 0 255
0.0395568 0.1282630 -0.0717149 0 0 255
0.0398097 0.1298632 -0.0713211 0 0 255
0.0398219 0.1313957 -0.0711629 0 0 255
0.0398341 0.1329283 -0.0710047 0 0 255
0.0398462 0.1344608 -0.0708465 0 0 255
0.0398584 0.1359934 -0.0706882 0 0 255
0.0401116 0.1375984 -0.0702938 0 0 255
0.0406067 0.1392784 -0.0696620 0 0 255
0.0406189 0.1408133 -0.0695036 0 0 255
0.0411149 0.1424983 -0.0688705 0 0 255
0.0411271 0.1440348 -0.0687118 0 0 255
0.0416243 0.1457247 -0.0680772 0 0 255
0.0416365 0.1472628 -0.0679184 0 0 255
0.0418915 0.1488793 -0.0675211 0 0 255
0.0419037 0.1504182 -0.0673622 0 0 255
0.0421590 0.1520371 -0.0669644 0 0 255
0.0424145 0.1536577 -0.0665663 0 0 255
0.0426704 0.1552799 -0.0661677 0 0 255
0.0434149 0.1570691 -0.0652884 0 0 255
0.0436717 0.1586964 -0.0648883 0 0 255
0.0441739 0.1604099 -0.0642466 0 0 255
0.0444315 0.1620413 -0.0638455 0 0 255
0.0449353 0.1637608 -0.0632017 0 0 255
0.0451936 0.1653964 -0.0627994 0 0 255
0.0456989 0.1671220 -0.0621537 0 0 255
0.0457112 0.1686728 -0.0619936 0 0 255
0.0459704 0.1703135 -0.0615900 0 0 255
0.0462298 0.1719559 -0.0611861 0 0 255
0.0462421 0.1735083 -0.0610258 0 0 255
0.0465018 0.1751532 -0.0606214 0 0 255
0.0467742 0.1783539 -0.0600560 0 0 255
0.0470344 0.1800030 -0.0596506 0 0 255
0.0472949 0.1816537 -0.0592449 0 0 255
0.0478136 0.1849591 -0.0584352 0 0 255
0.0478260 0.1865165 -0.0582744 0 0 255
0.0480873 0.1881732 -0.0578673 0 0 255
0.0480996 0.1897314 -0.0577064 0 0 255
0.0488604 0.1915928 -0.0568046 0 0 255
0.0496235 0.1934600 -0.0559000 0 0 255
0.0498867 0.1951263 -0.0554902 0 0 255
0.0514092 0.1973164 -0.0538324 0 0 255
0.0511693 0.1987797 -0.0539206 0 0 255
0.0509297 0.2002414 -0.0540087 0 0 255
0.0509421 0.2018085 -0.0538469 0 0 255
0.0504511 0.2031604 -0.0541845 0 0 255
0.0504635 0.2047259 -0.0540229 0 0 255
0.0507275 0.2064007 -0.0536115 0 0 255
0.0502370 0.2077472 -0.0539492 0 0 255
0.0497506 0.2090925 -0.0542831 0 0 255
0.0492621 0.2104337 -0.0546195 0 0 255
0.0482757 0.2115493 -0.0554509 0 0 255
0.0475416 0.2127722 -0.0560322 0 0 255
0.0468098 0.2139913 -0.0566117 0 0 255
0.0463272 0.2153195 -0.0569437 0 0 255
0.0455990 0.2165317 -0.0575202 0 0 255
0.0448731 0.2177403 -0.0580951 0 0 255
0.0443945 0.2190593 -0.0584242 0 0 255
0.0434278 0.2201465 -0.0592396 0 0 255
0.0422220 0.2211147 -0.0602940 0 0 255
0.0419913 0.2225384 -0.0603772 0 0 255
0.0420035 0.2240767 -0.0602184 0 0 255
0.0410465 0.2251485 -0.0610261 0 0 255
0.0408169 0.2265666 -0.0611087 0 0 255
0.0403465 0.2278658 -0.0614319 0 0 255
0.0401177 0.2292805 -0.0615142 0 0 255
0.0396517 0.2305765 -0.0618334 0 0 255
0.0389437 0.2317492 -0.0623946 0 0 255
0.0387162 0.2331578 -0.0624762 0 0 255
0.0389680 0.2348062 -0.0620790 0 0 255
0.0389801 0.2363347 -0.0619212 0 0 255
0.0387526 0.2377411 -0.0620030 0 0 255
0.0387647 0.2392689 -0.0618453 0 0 255
0.0390164 0.2409204 -0.0614478 0 0 255
0.0390286 0.2424490 -0.0612900 0 0 255
0.0397609 0.2443540 -0.0604110 0 0 255
0.0397730 0.2458849 -0.0602530 0 0 255
0.0402665 0.2476704 -0.0596127 0 0 255
0.0402787 0.2492030 -0.0594545 0 0 255
0.0402908 0.2507355 -0.0592963 0 0 255
0.0403029 0.2522680 -0.0591381 0 0 255
0.0398337 0.2535398 -0.0594627 0 0 255
0.0403273 0.2553331 -0.0588216 0 0 255
0.0405805 0.2569978 -0.0584214 0 0 255
0.0405926 0.2585312 -0.0582631 0 0 255
0.0410877 0.2603323 -0.0576198 0 0 255
0.0413418 0.2620021 -0.0572184 0 0 255
0.0420809 0.2639453 -0.0563294 0 0 255
0.0428223 0.2658945 -0.0554376 0 0 255
0.0428345 0.2674350 -0.0552786 0 0 255
0.0426034 0.2688366 -0.0553643 0 0 255
0.0426156 0.2703764 -0.0552053 0 0 255
0.0440915 0.2727599 -0.0535733 0 0 255
0.0698603 -0.0980959 -0.0622860 0 0 255
0.0695999 -0.0964136 -0.0623740 0 0 255
0.0671650 -0.0943596 -0.0645043 0 0 255
0.0655591 -0.0924610 -0.0658574 0 0 255
0.0650346 -0.0907515 -0.0661951 0 0 255
0.0642434 -0.0890022 -0.0667837 0 0 255
0.0613336 -0.0869213 -0.0693654 0 0 255
0.0600274 -0.0851088 -0.0704403 0 0 255
0.0592521 -0.0833858 -0.0710163 0 0 255
0.0571754 -0.0814733 -0.0728180 0 0 255
0.0561499 -0.0797279 -0.0736310 0 0 255
0.0548708 -0.0779529 -0.0746835 0 0 255
0.0533421 -0.0761512 -0.0759720 0 0 255
0.0518229 -0.0743607 -0.0772525 0 0 255
0.0513270 -0.0727164 -0.0775692 0 0 255
0.0505786 -0.0710425 -0.0781242 0 0 255
0.0495804 -0.0693418 -0.0789154 0 0 255
0.0490921 -0.0677106 -0.0792260 0 0 255
0.0483508 -0.0660520 -0.0797758 0 0 255
0.0481124 -0.0644573 -0.0798510 0 0 255
0.0476240 -0.0628357 -0.0801626 0 0 255
0.0473864 -0.0612450 -0.0802374 0 0 255
0.0468996 -0.0596291 -0.0805481 0 0 255
0.0464137 -0.0580164 -0.0808582 0 0 255
0.0461773 -0.0564322 -0.0809325 0 0 255
0.0459411 -0.0548496 -0.0810068 0 0 255
0.0454572 -0.0532451 -0.0813158 0 0 255
0.0454695 -0.0516892 -0.0811551 0 0 255
0.0452341 -0.0501114 -0.0812291 0 0 255
0.0447516 -0.0485140 -0.0815373 0 0 255
0.0447640 -0.0469605 -0.0813769 0 0 255
0.0445292 -0.0453874 -0.0814508 0 0 255
0.0445415 -0.0438346 -0.0812905 0 0 255
0.0440606 -0.0422460 -0.0815981 0 0 255
0.0438266 -0.0406777 -0.0816717 0 0 255
0.0435928 -0.0391109 -0.0817452 0 0 255
0.0438511 -0.0375766 -0.0813515 0 0 255
0.0436174 -0.0360114 -0.0814252 0 0 255
0.0441221 -0.0344895 -0.0807972 0 0 255
0.0438881 -0.0329250 -0.0808712 0 0 255
0.0439004 -0.0313744 -0.0807111 0 0 255
0.0436666 -0.0298122 -0.0807851 0 0 255
0.0436788 -0.0282624 -0.0806250 0 0 255
0.0436912 -0.0267125 -0.0804650 0 0 255
0.0437034 -0.0251626 -0.0803050 0 0 255
0.0437157 -0.0236127 -0.0801450 0 0 255
0.0442205 -0.0220781 -0.0795158 0 0 255
0.0439864 -0.0205197 -0.0795904 0 0 255
0.0444917 -0.0189811 -0.0789603 0 0 255
0.0449980 -0.0174393 -0.0783289 0 0 255
0.0452577 -0.0158899 -0.0779324 0 0 255
0.0450227 -0.0143314 -0.0780080 0 0 255
0.0442943 -0.0127686 -0.0785546 0 0 255
0.0440602 -0.0112149 -0.0786297 0 0 255
0.0438263 -0.0096627 -0.0787047 0 0 255
0.0428564 -0.0081103 -0.0794831 0 0 255
0.0416495 -0.0065645 -0.0804885 0 0 255
0.0414180 -0.0050224 -0.0805621 0 0 255
0.0407006 -0.0034854 -0.0811007 0 0 255
0.0402276 -0.0019505 -0.0814059 0 0 255
-0.0051833 -0.0010354 -0.1247149 0 0 255
-0.0063616 0.0003378 -0.1257096 0 0 255
-0.0071399 0.0017116 -0.1263219 0 0 255
-0.0110331 0.0030077 -0.1299184 0 0 255
-0.0251132 0.0186287 -0.1418795 0 0 255
-0.0258251 0.0199113 -0.1424371 0 0 255
-0.0236396 0.0213865 -0.1402074 0 0 255
-0.0254431 0.0225914 -0.1418157 0 0 255
-0.0293688 0.0236269 -0.1454681 0 0 255
-0.0104344 0.0291619 -0.1268440 0 0 255
0.0420335 0.0412816 -0.0755440 0 0 255
0.0422899 0.0428506 -0.0751489 0 0 255
0.0420580 0.0443691 -0.0752252 0 0 255
0.0425588 0.0459664 -0.0745938 0 0 255
0.0433058 0.0475946 -0.0737242 0 0 255
0.0433180 0.0491423 -0.0735644 0 0 255
0.0443135 0.0508072 -0.0724538 0 0 255
0.0445722 0.0523882 -0.0720553 0 0 255
0.0448312 0.0539709 -0.0716564 0 0 255
0.0445968 0.0554917 -0.0717349 0 0 255
0.0448558 0.0570759 -0.0713358 0 0 255
0.0451151 0.0586619 -0.0709363 0 0 255
0.0451274 0.0602152 -0.0707759 0 0 255
0.0451398 0.0617686 -0.0706155 0 0 255
0.0453992 0.0633578 -0.0702155 0 0 255
0.0446707 0.0648025 -0.0707735 0 0 255
0.0444365 0.0663172 -0.0708524 0 0 255
0.0437108 0.0677545 -0.0714084 0 0 255
0.0434776 0.0692646 -0.0714868 0 0 255
0.0434899 0.0708126 -0.0713269 0 0 255
0.0435021 0.0723606 -0.0711671 0 0 255
0.0435144 0.0739087 -0.0710073 0 0 255
0.0425471 0.0752901 -0.0717995 0 0 255
0.0420710 0.0767504 -0.0721148 0 0 255
0.0413526 0.0781649 -0.0726660 0 0 255
0.0411217 0.0796623 -0.0727434 0 0 255
0.0411339 0.0812027 -0.0725843 0 0 255
0.0406607 0.0826527 -0.0728978 0 0 255
0.0409155 0.0842374 -0.0725027 0 0 255
0.0409277 0.0857771 -0.0723438 0 0 255
0.0402128 0.0871745 -0.0728932 0 0 255
0.0402250 0.0887118 -0.0727345 0 0 255
0.0395122 0.0901027 -0.0732826 0 0 255
0.0395244 0.0916378 -0.0731241 0 0 255
0.0392954 0.0931227 -0.0732009 0 0 255
0.0388259 0.0945551 -0.0735125 0 0 255
0.0388381 0.0960879 -0.0733543 0 0 255
0.0386098 0.0975684 -0.0734308 0 0 255
0.0383847 0.0990480 -0.0735043 0 0 255
0.0381569 0.1005256 -0.0735807 0 0 255
0.0381690 0.1020562 -0.0734227 0 0 255
0.0374626 0.1034210 -0.0739672 0 0 255
0.0374746 0.1049494 -0.0738094 0 0 255
0.0374868 0.1064778 -0.0736516 0 0 255
0.0377382 0.1080637 -0.0732596 0 0 255
0.0375111 0.1095346 -0.0733359 0 0 255
0.0375232 0.1110630 -0.0731781 0 0 255
0.0377746 0.1126513 -0.0727859 0 0 255
0.0377868 0.1141805 -0.0726280 0 0 255
0.0377989 0.1157098 -0.0724701 0 0 255
0.0378110 0.1172390 -0.0723122 0 0 255
0.0380627 0.1188313 -0.0719194 0 0 255
0.0380748 0.1203613 -0.0717613 0 0 255
0.0383267 0.1219559 -0.0713681 0 0 255
0.0383389 0.1234868 -0.0712100 0 0 255
0.0383510 0.1250177 -0.0710519 0 0 255
0.0383632 0.1265487 -0.0708939 0 0 255
0.0386154 0.1281473 -0.0704999 0 0 255
0.0388679 0.1297475 -0.0701055 0 0 255
0.0393615 0.1314187 -0.0694739 0 0 255
0.0391328 0.1328826 -0.0695524 0 0 255
0.0391450 0.1344159 -0.0693941 0 0 255
0.0391571 0.1359493 -0.0692358 0 0 255
0.0396512 0.1376276 -0.0686030 0 0 255
0.0399048 0.1392359 -0.0682068 0 0 255
0.0399169 0.1407716 -0.0680483 0 0 255
0.0404125 0.1424574 -0.0674134 0 0 255
0.0401829 0.1439188 -0.0674931 0 0 255
0.0404369 0.1455320 -0.0670959 0 0 255
0.0406912 0.1471468 -0.0666984 0 0 255
0.0409458 0.1487632 -0.0663005 0 0 255
0.0409580 0.1503022 -0.0661416 0 0 255
0.0412128 0.1519210 -0.0657432 0 0 255
0.0414679 0.1535415 -0.0653444 0 0 255
0.0419666 0.1552454 -0.0647048 0 0 255
0.0424663 0.1569528 -0.0640639 0 0 255
0.0427226 0.1585800 -0.0636633 0 0 255
0.0429792 0.1602089 -0.0632622 0 0 255
0.0434810 0.1619247 -0.0626186 0 0 255
0.0434932 0.1634716 -0.0624589 0 0 255
0.0442417 0.1652798 -0.0615706 0 0 255
0.0442539 0.1668290 -0.0614107 0 0 255
0.0445121 0.1684671 -0.0610072 0 0 255
0.0447705 0.1701069 -0.0606034 0 0 255
0.0450293 0.1717484 -0.0601991 0 0 255
0.0450416 0.1733000 -0.0600389 0 0 255
0.0455474 0.1750363 -0.0593894 0 0 255
0.0458069 0.1766829 -0.0589838 0 0 255
0.0458193 0.1782370 -0.0588234 0 0 255
0.0460790 0.1798860 -0.0584174 0 0 255
0.0463390 0.1815367 -0.0580110 0 0 255
0.0468567 0.1848421 -0.0572000 0 0 255
0.0468691 0.1863994 -0.0570392 0 0 255
0.0468814 0.1879568 -0.0568784 0 0 255
0.0478892 0.1899150 -0.0557280 0 0 255
0.0484008 0.1916782 -0.0550703 0 0 255
0.0496658 0.1937527 -0.0536630 0 0 255
0.0501812 0.1955261 -0.0530009 0 0 255
0.0514553 0.1976180 -0.0515831 0 0 255
0.0514677 0.1991899 -0.0514208 0 0 255
0.0512273 0.2006552 -0.0515104 0 0 255
0.0509872 0.2021190 -0.0515998 0 0 255
0.0509996 0.2036894 -0.0514377 0 0 255
0.0505075 0.2050422 -0.0517786 0 0 255
0.0507721 0.2067205 -0.0513651 0 0 255
0.0502805 0.2080695 -0.0517058 0 0 255
0.0497899 0.2094159 -0.0520459 0 0 255
0.0495512 0.2108708 -0.0521348 0 0 255
0.0480654 0.2117665 -0.0534690 0 0 255
0.0470820 0.2128790 -0.0543024 0 0 255
0.0463501 0.2140993 -0.0548851 0 0 255
0.0458675 0.2154287 -0.0552191 0 0 255
0.0451393 0.2166419 -0.0557989 0 0 255
0.0444134 0.2178516 -0.0563769 0 0 255
0.0436896 0.2190576 -0.0569532 0 0 255
0.0427239 0.2201454 -0.0577720 0 0 255
0.0420052 0.2213437 -0.0583442 0 0 255
0.0410463 0.2224231 -0.0591573 0 0 255
0.0410585 0.2239615 -0.0589985 0 0 255
0.0403448 0.2251499 -0.0595667 0 0 255
0.0396333 0.2263348 -0.0601333 0 0 255
0.0391642 0.2276335 -0.0604573 0 0 255
0.0394168 0.2292840 -0.0600580 0 0 255
0.0384715 0.2303432 -0.0608601 0 0 255
0.0380048 0.2316348 -0.0611826 0 0 255
0.0380169 0.2331633 -0.0610248 0 0 255
0.0377898 0.2345712 -0.0611070 0 0 255
0.0380411 0.2362203 -0.0607091 0 0 255
0.0378141 0.2376268 -0.0607915 0 0 255
0.0380653 0.2392775 -0.0603935 0 0 255
0.0380774 0.2408060 -0.0602357 0 0 255
0.0385685 0.2425838 -0.0595963 0 0 255
0.0385806 0.2441139 -0.0594384 0 0 255
0.0385927 0.2456441 -0.0592804 0 0 255
0.0390848 0.2474286 -0.0586394 0 0 255
0.0393372 0.2490884 -0.0582393 0 0 255
0.0391091 0.2504921 -0.0583231 0 0 255
0.0391212 0.2520239 -0.0581650 0 0 255
0.0386533 0.2532953 -0.0584905 0 0 255
0.0389054 0.2549565 -0.0580907 0 0 255
0.0391576 0.2566193 -0.0576905 0 0 255
0.0398917 0.2585497 -0.0568044 0 0 255
0.0396629 0.2599501 -0.0568890 0 0 255
0.0401571 0.2617526 -0.0562443 0 0 255
0.0406522 0.2635588 -0.0555983 0 0 255
0.0413907 0.2655054 -0.0547064 0 0 255
0.0416455 0.2671821 -0.0543025 0 0 255
0.0416577 0.2687218 -0.0541435 0 0 255
0.0428866 0.2709601 -0.0527549 0 0 255
0.0433964 0.2743290 -0.0519454 0 0 255
0.0443885 0.2764462 -0.0507948 0 0 255
0.0680501 -0.0964438 -0.0615911 0 0 255
0.0653559 -0.0943454 -0.0639772 0 0 255
0.0653687 -0.0927222 -0.0638096 0 0 255
0.0637710 -0.0908317 -0.0651627 0 0 255
0.0627158 -0.0890399 -0.0660045 0 0 255
0.0603451 -0.0870450 -0.0680898 0 0 255
0.0590415 -0.0852322 -0.0691679 0 0 255
0.0580061 -0.0834689 -0.0699933 0 0 255
0.0564548 -0.0816349 -0.0713073 0 0 255
0.0549133 -0.0798124 -0.0726130 0 0 255
0.0541524 -0.0781118 -0.0731809 0 0 255
0.0531373 -0.0763806 -0.0739898 0 0 255
0.0513617 -0.0745516 -0.0755196 0 0 255
0.0506119 -0.0728715 -0.0760788 0 0 255
0.0496114 -0.0711634 -0.0768760 0 0 255
0.0483667 -0.0694307 -0.0779053 0 0 255
0.0476261 -0.0677687 -0.0784574 0 0 255
0.0471377 -0.0661420 -0.0787707 0 0 255
0.0466504 -0.0645186 -0.0790833 0 0 255
0.0466627 -0.0629557 -0.0789220 0 0 255
0.0461763 -0.0613372 -0.0792342 0 0 255
0.0454425 -0.0596951 -0.0797817 0 0 255
0.0457033 -0.0581623 -0.0793847 0 0 255
0.0449708 -0.0565266 -0.0799314 0 0 255
0.0452312 -0.0549937 -0.0795348 0 0 255
0.0442530 -0.0533409 -0.0803159 0 0 255
0.0447601 -0.0518315 -0.0796846 0 0 255
0.0442776 -0.0502307 -0.0799948 0 0 255
0.0435496 -0.0486121 -0.0805389 0 0 255
0.0435619 -0.0470593 -0.0803786 0 0 255
0.0435743 -0.0455065 -0.0802182 0 0 255
0.0438331 -0.0439725 -0.0798230 0 0 255
0.0431065 -0.0423650 -0.0803668 0 0 255
0.0431188 -0.0408137 -0.0802067 0 0 255
0.0431311 -0.0392624 -0.0800465 0 0 255
0.0433895 -0.0377267 -0.0796515 0 0 255
0.0429098 -0.0361450 -0.0799607 0 0 255
0.0429221 -0.0345944 -0.0798006 0 0 255
0.0431803 -0.0330570 -0.0794057 0 0 255
0.0431925 -0.0315056 -0.0792456 0 0 255
0.0429590 -0.0299426 -0.0793203 0 0 255
0.0432172 -0.0284028 -0.0789252 0 0 255
0.0429836 -0.0268413 -0.0790001 0 0 255
0.0432417 -0.0252999 -0.0786048 0 0 255
0.0432540 -0.0237484 -0.0784446 0 0 255
0.0430204 -0.0221891 -0.0785197 0 0 255
0.0435247 -0.0206522 -0.0778885 0 0 255
0.0432909 -0.0190938 -0.0779640 0 0 255
0.0437958 -0.0175529 -0.0773319 0 0 255
0.0435617 -0.0159951 -0.0774077 0 0 255
0.0438204 -0.0144465 -0.0770112 0 0 255
0.0433401 -0.0128873 -0.0773232 0 0 255
0.0433524 -0.0113357 -0.0771630 0 0 255
0.0426276 -0.0097798 -0.0777100 0 0 255
0.0421497 -0.0082293 -0.0780205 0 0 255
0.0407006 -0.0066825 -0.0792639 0 0 255
0.0404696 -0.0051403 -0.0793381 0 0 255
0.0399961 -0.0036014 -0.0796455 0 0 255
-0.0040583 -0.0025147 -0.1218377 0 0 255
-0.0072271 -0.0011579 -0.1247503 0 0 255
-0.0134349 0.0001278 -0.1305873 0 0 255
-0.0157092 0.0014520 -0.1326442 0 0 255
-0.0153187 0.0028232 -0.1321382 0 0 255
-0.0244599 0.0212847 -0.1391487 0 0 255
-0.0266201 0.0224645 -0.1411099 0 0 255
-0.0298238 0.0235529 -0.1440816 0 0 255
-0.0301674 0.0248424 -0.1442882 0 0 255
-0.0280234 0.0263304 -0.1420874 0 0 255
0.0355594 0.0421370 -0.0795304 0 0 255
0.0420851 0.0443554 -0.0730531 0 0 255
0.0420974 0.0459023 -0.0728933 0 0 255
0.0433354 0.0475874 -0.0715435 0 0 255
0.0443330 0.0492525 -0.0704265 0 0 255
0.0443453 0.0508065 -0.0702661 0 0 255
0.0441109 0.0523304 -0.0703453 0 0 255
0.0433846 0.0537911 -0.0709029 0 0 255
0.0438891 0.0554053 -0.0702642 0 0 255
0.0441478 0.0569904 -0.0698642 0 0 255
0.0441601 0.0585438 -0.0697038 0 0 255
0.0441724 0.0600971 -0.0695434 0 0 255
0.0449257 0.0617554 -0.0686616 0 0 255
0.0444438 0.0632397 -0.0689823 0 0 255
0.0447031 0.0648304 -0.0685812 0 0 255
0.0444684 0.0663482 -0.0686613 0 0 255
0.0439875 0.0678264 -0.0689817 0 0 255
0.0425259 0.0691470 -0.0702586 0 0 255
0.0427832 0.0707344 -0.0698597 0 0 255
0.0423057 0.0722030 -0.0701777 0 0 255
0.0423180 0.0737503 -0.0700179 0 0 255
0.0423302 0.0752976 -0.0698582 0 0 255
0.0423425 0.0768449 -0.0696984 0 0 255
0.0408911 0.0781337 -0.0709686 0 0 255
0.0401748 0.0795454 -0.0715213 0 0 255
0.0404296 0.0811302 -0.0711251 0 0 255
0.0404418 0.0826713 -0.0709660 0 0 255
0.0399691 0.0841207 -0.0712812 0 0 255
0.0407091 0.0858005 -0.0704100 0 0 255
0.0397514 0.0871526 -0.0712003 0 0 255
0.0395216 0.0886433 -0.0712782 0 0 255
0.0390508 0.0900838 -0.0715925 0 0 255
0.0388218 0.0915710 -0.0716702 0 0 255
0.0385930 0.0930566 -0.0717478 0 0 255
0.0383644 0.0945407 -0.0718252 0 0 255
0.0381361 0.0960234 -0.0719026 0 0 255
0.0379080 0.0975046 -0.0719799 0 0 255
0.0374435 0.0989320 -0.0722893 0 0 255
0.0374556 0.1004634 -0.0721312 0 0 255
0.0369890 0.1018858 -0.0724432 0 0 255
0.0370011 0.1034157 -0.0722853 0 0 255
0.0370132 0.1049455 -0.0721273 0 0 255
0.0367862 0.1064187 -0.0722043 0 0 255
0.0367984 0.1079479 -0.0720464 0 0 255
0.0365716 0.1094189 -0.0721234 0 0 255
0.0368226 0.1110063 -0.0717306 0 0 255
0.0370738 0.1125954 -0.0713375 0 0 255
0.0368468 0.1140648 -0.0714149 0 0 255
0.0370981 0.1156554 -0.0710215 0 0 255
0.0371102 0.1171855 -0.0708635 0 0 255
0.0373616 0.1187785 -0.0704698 0 0 255
0.0373737 0.1203093 -0.0703117 0 0 255
0.0373859 0.1218402 -0.0701536 0 0 255
0.0376376 0.1234364 -0.0697592 0 0 255
0.0376498 0.1249681 -0.0696011 0 0 255
0.0379018 0.1265667 -0.0692062 0 0 255
0.0379139 0.1280992 -0.0690480 0 0 255
0.0381662 0.1297002 -0.0686527 0 0 255
0.0384187 0.1313028 -0.0682570 0 0 255
0.0386714 0.1329070 -0.0678609 0 0 255
0.0389245 0.1345129 -0.0674643 0 0 255
0.0386958 0.1359768 -0.0675439 0 0 255
0.0391899 0.1376569 -0.0669088 0 0 255
0.0392021 0.1391933 -0.0667502 0 0 255
0.0392142 0.1407298 -0.0665915 0 0 255
0.0392264 0.1422664 -0.0664329 0 0 255
0.0397216 0.1439545 -0.0657959 0 0 255
0.0397338 0.1454927 -0.0656371 0 0 255
0.0397460 0.1470308 -0.0654783 0 0 255
0.0402422 0.1487255 -0.0648398 0 0 255
0.0400122 0.1501861 -0.0649209 0 0 255
0.0402666 0.1518049 -0.0645218 0 0 255
0.0402788 0.1533447 -0.0643629 0 0 255
0.0407761 0.1550475 -0.0637226 0 0 255
0.0412743 0.1567538 -0.0630810 0 0 255
0.0417736 0.1584636 -0.0624382 0 0 255
0.0415421 0.1599239 -0.0625207 0 0 255
0.0425305 0.1618082 -0.0613916 0 0 255
0.0425427 0.1633551 -0.0612319 0 0 255
0.0430445 0.1650760 -0.0605855 0 0 255
0.0433019 0.1667123 -0.0601819 0 0 255
0.0433142 0.1682616 -0.0600219 0 0 255
0.0438175 0.1699901 -0.0593733 0 0 255
0.0438299 0.1715410 -0.0592132 0 0 255
0.0443342 0.1732746 -0.0585631 0 0 255
0.0448489 0.1765647 -0.0577543 0 0 255
0.0451112 0.1782141 -0.0573447 0 0 255
0.0451235 0.1797690 -0.0571841 0 0 255
0.0458875 0.1831676 -0.0561256 0 0 255
0.0461478 0.1848225 -0.0557174 0 0 255
0.0461601 0.1863807 -0.0555566 0 0 255
0.0466692 0.1881376 -0.0548998 0 0 255
0.0469303 0.1897977 -0.0544903 0 0 255
0.0476904 0.1916621 -0.0535822 0 0 255
0.0492054 0.1938405 -0.0519193 0 0 255
0.0502247 0.1958239 -0.0507510 0 0 255
0.0507421 0.1976050 -0.0500838 0 0 255
0.0515141 0.1994960 -0.0491619 0 0 255
0.0507670 0.2007505 -0.0497591 0 0 255
0.0507795 0.2023232 -0.0495967 0 0 255
0.0507919 0.2038960 -0.0494343 0 0 255
0.0505517 0.2053597 -0.0495250 0 0 255
0.0503117 0.2068219 -0.0496155 0 0 255
0.0498202 0.2081723 -0.0499583 0 0 255
0.0493295 0.2095199 -0.0503005 0 0 255
0.0490909 0.2109763 -0.0503903 0 0 255
0.0481045 0.2120963 -0.0512303 0 0 255
0.0471189 0.2132104 -0.0520699 0 0 255
0.0463854 0.2144326 -0.0526572 0 0 255
0.0454068 0.2155380 -0.0534910 0 0 255
0.0449252 0.2168660 -0.0538264 0 0 255
0.0444445 0.2181913 -0.0541611 0 0 255
0.0437193 0.2193992 -0.0547419 0 0 255
0.0425071 0.2203736 -0.0558124 0 0 255
0.0420313 0.2216887 -0.0561435 0 0 255
0.0413134 0.2228854 -0.0567183 0 0 255
0.0403554 0.2239623 -0.0575351 0 0 255
0.0398839 0.2252679 -0.0578629 0 0 255
0.0396546 0.2266881 -0.0579472 0 0 255
0.0387032 0.2277537 -0.0587587 0 0 255
0.0379953 0.2289330 -0.0593256 0 0 255
0.0377709 0.2303473 -0.0594057 0 0 255
0.0373046 0.2316394 -0.0597298 0 0 255
0.0373167 0.2331687 -0.0595720 0 0 255
0.0370900 0.2345774 -0.0596549 0 0 255
0.0371021 0.2361059 -0.0594971 0 0 255
0.0371142 0.2376345 -0.0593393 0 0 255
0.0373652 0.2392860 -0.0589403 0 0 255
0.0373773 0.2408154 -0.0587824 0 0 255
0.0373894 0.2423447 -0.0586245 0 0 255
0.0374015 0.2438742 -0.0584666 0 0 255
0.0376527 0.2455297 -0.0580671 0 0 255
0.0379043 0.2471869 -0.0576670 0 0 255
0.0381560 0.2488458 -0.0572667 0 0 255
0.0379285 0.2502489 -0.0573509 0 0 255
0.0379406 0.2517800 -0.0571928 0 0 255
0.0379528 0.2533110 -0.0570348 0 0 255
0.0379649 0.2548421 -0.0568766 0 0 255
0.0379771 0.2563732 -0.0567185 0 0 255
0.0387089 0.2583022 -0.0558314 0 0 255
0.0387210 0.2598356 -0.0556731 0 0 255
0.0392143 0.2616380 -0.0550272 0 0 255
0.0397084 0.2634441 -0.0543800 0 0 255
0.0406876 0.2655275 -0.0532406 0 0 255
0.0404577 0.2669295 -0.0533272 0 0 255
0.0419263 0.2693013 -0.0516904 0 0 255
0.0436581 0.2733758 -0.0496380 0 0 255
0.0446532 0.2754963 -0.0484798 0 0 255
0.0496404 0.2799568 -0.0432651 0 0 255
0.0665036 -0.0964739 -0.0608100 0 0 255
0.0638205 -0.0943775 -0.0631976 0 0 255
0.0632975 -0.0926651 -0.0635383 0 0 255
0.0622422 -0.0908675 -0.0643844 0 0 255
0.0614567 -0.0891208 -0.0649749 0 0 255
0.0606738 -0.0873796 -0.0655636 0 0 255
0.0577936 -0.0853144 -0.0681442 0 0 255
0.0570222 -0.0835919 -0.0687236 0 0 255
0.0554740 -0.0817576 -0.0700415 0 0 255
0.0541933 -0.0799726 -0.0711061 0 0 255
0.0531761 -0.0782339 -0.0719210 0 0 255
0.0521631 -0.0765024 -0.0727326 0 0 255
0.0511543 -0.0747780 -0.0735407 0 0 255
0.0496426 -0.0729926 -0.0748281 0 0 255
0.0488965 -0.0713174 -0.0753875 0 0 255
0.0471512 -0.0695192 -0.0768991 0 0 255
0.0469131 -0.0679203 -0.0769758 0 0 255
0.0461754 -0.0662622 -0.0775288 0 0 255
0.0456890 -0.0646387 -0.0778427 0 0 255
0.0457014 -0.0630758 -0.0776814 0 0 255
0.0452160 -0.0614572 -0.0779948 0 0 255
0.0452283 -0.0598958 -0.0778336 0 0 255
0.0444959 -0.0582559 -0.0783832 0 0 255
0.0442605 -0.0566715 -0.0784588 0 0 255
0.0442728 -0.0551133 -0.0782979 0 0 255
0.0435433 -0.0534840 -0.0788457 0 0 255
0.0430624 -0.0518824 -0.0791565 0 0 255
0.0433212 -0.0503501 -0.0787603 0 0 255
0.0428407 -0.0487525 -0.0790711 0 0 255
0.0426069 -0.0471785 -0.0791461 0 0 255
0.0426192 -0.0456257 -0.0789857 0 0 255
0.0423857 -0.0440540 -0.0790606 0 0 255
0.0421524 -0.0424840 -0.0791355 0 0 255
0.0426561 -0.0409671 -0.0785047 0 0 255
0.0419317 -0.0393649 -0.0790502 0 0 255
0.0424349 -0.0378457 -0.0784196 0 0 255
0.0419562 -0.0362638 -0.0787300 0 0 255
0.0422139 -0.0347273 -0.0783346 0 0 255
0.0419808 -0.0331626 -0.0784098 0 0 255
0.0419931 -0.0316120 -0.0782497 0 0 255
0.0420054 -0.0300614 -0.0780896 0 0 255
0.0425086 -0.0285325 -0.0774579 0 0 255
0.0425209 -0.0269803 -0.0772976 0 0 255
0.0422876 -0.0254187 -0.0773734 0 0 255
0.0422999 -0.0238672 -0.0772132 0 0 255
0.0423121 -0.0223156 -0.0770530 0 0 255
0.0420790 -0.0207571 -0.0771288 0 0 255
0.0428283 -0.0192249 -0.0762596 0 0 255
0.0428406 -0.0176717 -0.0760992 0 0 255
0.0426070 -0.0161139 -0.0761756 0 0 255
0.0428652 -0.0145653 -0.0757785 0 0 255
0.0423859 -0.0130060 -0.0760917 0 0 255
0.0419123 -0.0114499 -0.0763997 0 0 255
0.0414301 -0.0098968 -0.0767163 0 0 255
0.0414472 -0.0083483 -0.0765518 0 0 255
0.0395089 -0.0068006 -0.0782733 0 0 255
0.0392834 -0.0052591 -0.0783435 0 0 255
-0.0154516 -0.0040938 -0.1310268 0 0 255
-0.0154408 -0.0027278 -0.1308857 0 0 255
-0.0158102 -0.0013668 -0.1311119 0 0 255
-0.0154191 0.0000043 -0.1306036 0 0 255
-0.0173027 0.0013330 -0.1322933 0 0 255
-0.0306335 0.0234525 -0.1430365 0 0 255
-0.0306230 0.0247695 -0.1429005 0 0 255
-0.0295488 0.0261722 -0.1417302 0 0 255
-0.0284690 0.0275822 -0.1405539 0 0 255
-0.0018010 0.0354510 -0.1140788 0 0 255
0.0413905 0.0458113 -0.0714278 0 0 255
0.0431190 0.0475524 -0.0695940 0 0 255
0.0433775 0.0491342 -0.0691934 0 0 255
0.0431437 0.0506590 -0.0692732 0 0 255
0.0431560 0.0522123 -0.0691128 0 0 255
0.0429223 0.0537347 -0.0691926 0 0 255
0.0426888 0.0552556 -0.0692723 0 0 255
0.0434390 0.0569047 -0.0683911 0 0 255
0.0436979 0.0584922 -0.0679896 0 0 255
0.0439569 0.0600813 -0.0675878 0 0 255
0.0457035 0.0618825 -0.0657309 0 0 255
0.0635185 0.0692530 -0.0478427 0 0 255
0.0437841 0.0693775 -0.0668656 0 0 255
0.0433036 0.0708534 -0.0671880 0 0 255
0.0415988 0.0721255 -0.0687107 0 0 255
0.0416111 0.0736736 -0.0685508 0 0 255
0.0411350 0.0751385 -0.0688699 0 0 255
0.0411472 0.0766851 -0.0687102 0 0 255
0.0404287 0.0781025 -0.0692677 0 0 255
0.0404409 0.0796468 -0.0691083 0 0 255
0.0397246 0.0810576 -0.0696643 0 0 255
0.0397369 0.0825996 -0.0695051 0 0 255
0.0397491 0.0841416 -0.0693459 0 0 255
0.0395188 0.0856368 -0.0694249 0 0 255
0.0392889 0.0871306 -0.0695039 0 0 255
0.0388176 0.0885748 -0.0698204 0 0 255
0.0388298 0.0901138 -0.0696615 0 0 255
0.0378777 0.0914545 -0.0704516 0 0 255
0.0376494 0.0929402 -0.0705298 0 0 255
0.0374213 0.0944245 -0.0706078 0 0 255
0.0371935 0.0959072 -0.0706858 0 0 255
0.0372056 0.0974409 -0.0705275 0 0 255
0.0369780 0.0989214 -0.0706055 0 0 255
0.0362753 0.1002937 -0.0711520 0 0 255
0.0362874 0.1018243 -0.0709940 0 0 255
0.0360607 0.1032998 -0.0710716 0 0 255
0.0360729 0.1048297 -0.0709136 0 0 255
0.0360849 0.1063597 -0.0707556 0 0 255
0.0358585 0.1078322 -0.0708333 0 0 255
0.0358706 0.1093614 -0.0706754 0 0 255
0.0361213 0.1109496 -0.0702817 0 0 255
0.0363722 0.1125394 -0.0698876 0 0 255
0.0361455 0.1140097 -0.0699657 0 0 255
0.0361576 0.1155397 -0.0698077 0 0 255
0.0364086 0.1171318 -0.0694134 0 0 255
0.0364207 0.1186627 -0.0692553 0 0 255
0.0364328 0.1201936 -0.0690973 0 0 255
0.0366841 0.1217889 -0.0687024 0 0 255
0.0369356 0.1233859 -0.0683070 0 0 255
0.0369478 0.1249184 -0.0681488 0 0 255
0.0369599 0.1264509 -0.0679906 0 0 255
0.0372117 0.1280510 -0.0675947 0 0 255
0.0374637 0.1296528 -0.0671985 0 0 255
0.0377160 0.1312562 -0.0668018 0 0 255
0.0377281 0.1327911 -0.0666433 0 0 255
0.0382213 0.1344679 -0.0660073 0 0 255
0.0379928 0.1359326 -0.0660876 0 0 255
0.0384865 0.1376135 -0.0654507 0 0 255
0.0387398 0.1392242 -0.0650524 0 0 255
0.0382700 0.1406139 -0.0653727 0 0 255
0.0385231 0.1422254 -0.0649745 0 0 255
0.0387764 0.1438385 -0.0645759 0 0 255
0.0387886 0.1453766 -0.0644170 0 0 255
0.0388007 0.1469148 -0.0642582 0 0 255
0.0388129 0.1484529 -0.0640994 0 0 255
0.0393082 0.1501491 -0.0634595 0 0 255
0.0393204 0.1516888 -0.0633005 0 0 255
0.0395745 0.1533092 -0.0629005 0 0 255
0.0398289 0.1549314 -0.0625000 0 0 255
0.0400835 0.1565551 -0.0620992 0 0 255
0.0408244 0.1583472 -0.0612131 0 0 255
0.0408367 0.1598917 -0.0610536 0 0 255
0.0413360 0.1616064 -0.0604081 0 0 255
0.0415921 0.1632386 -0.0600049 0 0 255
0.0423376 0.1650464 -0.0591130 0 0 255
0.0423499 0.1665957 -0.0589530 0 0 255
0.0423622 0.1681450 -0.0587930 0 0 255
0.0423744 0.1696943 -0.0586331 0 0 255
0.0428768 0.1714243 -0.0579830 0 0 255
0.0431345 0.1730664 -0.0575774 0 0 255
0.0438939 0.1764478 -0.0565217 0 0 255
0.0441557 0.1780971 -0.0561114 0 0 255
0.0446710 0.1813972 -0.0552989 0 0 255
0.0449305 0.1830504 -0.0548905 0 0 255
0.0454381 0.1848030 -0.0542333 0 0 255
0.0456984 0.1864605 -0.0538237 0 0 255
0.0459590 0.1881197 -0.0534137 0 0 255
0.0467177 0.1899816 -0.0525039 0 0 255
0.0477288 0.1919510 -0.0513403 0 0 255
0.0492469 0.1941348 -0.0496672 0 0 255
0.0500157 0.1960185 -0.0487455 0 0 255
0.0502809 0.1976972 -0.0483293 0 0 255
0.0505463 0.1993777 -0.0479126 0 0 255
0.0510654 0.2011672 -0.0472407 0 0 255
0.0505713 0.2025281 -0.0475872 0 0 255
0.0505837 0.2041034 -0.0474246 0 0 255
0.0503432 0.2055692 -0.0475164 0 0 255
0.0501030 0.2070336 -0.0476081 0 0 255
0.0501154 0.2086072 -0.0474456 0 0 255
0.0493713 0.2098465 -0.0480449 0 0 255
0.0491321 0.2113057 -0.0481361 0 0 255
0.0481404 0.2124259 -0.0489855 0 0 255
0.0469064 0.2134304 -0.0500797 0 0 255
0.0461722 0.2146542 -0.0506709 0 0 255
0.0456881 0.2159878 -0.0510103 0 0 255
0.0449575 0.2172046 -0.0515986 0 0 255
0.0442293 0.2184177 -0.0521851 0 0 255
0.0435032 0.2196272 -0.0527698 0 0 255
0.0430244 0.2209483 -0.0531052 0 0 255
0.0423020 0.2221509 -0.0536871 0 0 255
0.0408515 0.2230015 -0.0550048 0 0 255
0.0411069 0.2246621 -0.0545997 0 0 255
0.0403903 0.2258543 -0.0551769 0 0 255
0.0391926 0.2268077 -0.0562409 0 0 255
0.0384818 0.2279919 -0.0568133 0 0 255
0.0382534 0.2294095 -0.0568981 0 0 255
0.0370696 0.2303513 -0.0579499 0 0 255
0.0366037 0.2316441 -0.0582756 0 0 255
0.0363772 0.2330543 -0.0583593 0 0 255
0.0363893 0.2345836 -0.0582013 0 0 255
0.0364015 0.2361129 -0.0580434 0 0 255
0.0366522 0.2377645 -0.0576437 0 0 255
0.0366643 0.2392946 -0.0574857 0 0 255
0.0369153 0.2409486 -0.0570853 0 0 255
0.0371666 0.2426043 -0.0566847 0 0 255
0.0374181 0.2442617 -0.0562836 0 0 255
0.0369517 0.2455415 -0.0566111 0 0 255
0.0372030 0.2471996 -0.0562102 0 0 255
0.0372151 0.2487313 -0.0560520 0 0 255
0.0369880 0.2501345 -0.0561369 0 0 255
0.0370002 0.2516656 -0.0559788 0 0 255
0.0372515 0.2533268 -0.0555775 0 0 255
0.0367854 0.2545969 -0.0559056 0 0 255
0.0372758 0.2563905 -0.0552612 0 0 255
0.0372879 0.2579224 -0.0551030 0 0 255
0.0377791 0.2597211 -0.0544572 0 0 255
0.0394759 0.2621979 -0.0525838 0 0 255
0.0476017 0.2698643 -0.0440129 0 0 255
0.0524057 0.2741583 -0.0389686 0 0 255
0.0544734 0.2784952 -0.0365595 0 0 255
0.0544859 0.2800820 -0.0363957 0 0 255
0.0557859 0.2824184 -0.0349184 0 0 255
0.0557985 0.2840094 -0.0347542 0 0 255
0.0571052 0.2863622 -0.0332687 0 0 255
0.0586798 0.2888818 -0.0315091 0 0 255
0.0652305 -0.0965517 -0.0597734 0 0 255
0.0620214 -0.0943633 -0.0626739 0 0 255
0.0641776 -0.0931095 -0.0604646 0 0 255
0.0609820 -0.0909475 -0.0633546 0 0 255
0.0604640 -0.0892450 -0.0636938 0 0 255
0.0591546 -0.0874188 -0.0647880 0 0 255
0.0568081 -0.0854377 -0.0668725 0 0 255
0.0557779 -0.0836749 -0.0677023 0 0 255
0.0547521 -0.0819194 -0.0685286 0 0 255
0.0534726 -0.0801331 -0.0695976 0 0 255
0.0524563 -0.0783931 -0.0704161 0 0 255
0.0517000 -0.0766965 -0.0709868 0 0 255
0.0506911 -0.0749699 -0.0717994 0 0 255
0.0494328 -0.0732162 -0.0728512 0 0 255
0.0481809 -0.0714716 -0.0738975 0 0 255
0.0461870 -0.0696397 -0.0756546 0 0 255
0.0459493 -0.0680407 -0.0757320 0 0 255
0.0454624 -0.0664129 -0.0760483 0 0 255
0.0447277 -0.0647588 -0.0766021 0 0 255
0.0444916 -0.0631672 -0.0766788 0 0 255
0.0440076 -0.0615493 -0.0769931 0 0 255
0.0437722 -0.0599616 -0.0770694 0 0 255
0.0430427 -0.0583233 -0.0776197 0 0 255
0.0430550 -0.0567658 -0.0774589 0 0 255
0.0428206 -0.0551838 -0.0775349 0 0 255
0.0423401 -0.0535797 -0.0778471 0 0 255
0.0423524 -0.0520246 -0.0776865 0 0 255
0.0421186 -0.0504473 -0.0777623 0 0 255
0.0416396 -0.0488504 -0.0780739 0 0 255
0.0416518 -0.0472976 -0.0779136 0 0 255
0.0419097 -0.0457645 -0.0775170 0 0 255
0.0411860 -0.0441542 -0.0780644 0 0 255
0.0416887 -0.0426391 -0.0774325 0 0 255
0.0412106 -0.0410516 -0.0777441 0 0 255
0.0414680 -0.0395168 -0.0773479 0 0 255
0.0412351 -0.0379490 -0.0774237 0 0 255
0.0410026 -0.0363827 -0.0774993 0 0 255
0.0410148 -0.0348321 -0.0773392 0 0 255
0.0412720 -0.0332948 -0.0769430 0 0 255
0.0412843 -0.0317434 -0.0767828 0 0 255
0.0413013 -0.0301922 -0.0766181 0 0 255
0.0415587 -0.0286517 -0.0762214 0 0 255
0.0415663 -0.0270992 -0.0760656 0 0 255
0.0413334 -0.0255375 -0.0761420 0 0 255
0.0413457 -0.0239860 -0.0759818 0 0 255
0.0413580 -0.0224344 -0.0758216 0 0 255
0.0416154 -0.0208899 -0.0754244 0 0 255
0.0413873 -0.0193314 -0.0754965 0 0 255
0.0416400 -0.0177851 -0.0751038 0 0 255
0.0419025 -0.0162375 -0.0747015 0 0 255
0.0416693 -0.0146804 -0.0747786 0 0 255
0.0416816 -0.0131279 -0.0746183 0 0 255
0.0414487 -0.0115731 -0.0746954 0 0 255
0.0409713 -0.0100183 -0.0750094 0 0 255
0.0407391 -0.0084674 -0.0750861 0 0 255
0.0378398 -0.0069187 -0.0777476 0 0 255
-0.0077826 -0.0055350 -0.1218249 0 0 255
-0.0178053 -0.0042083 -0.1314104 0 0 255
-0.0174171 -0.0028434 -0.1309038 0 0 255
-0.0170282 -0.0014761 -0.1303962 0 0 255
-0.0173955 -0.0001186 -0.1306224 0 0 255
-0.0207577 0.0011780 -0.1337565 0 0 255
-0.0352558 0.0269812 -0.1453391 0 0 255
-0.0201393 0.0323039 -0.1301819 0 0 255
0.0424098 0.0474619 -0.0681207 0 0 255
0.0426680 0.0490445 -0.0677192 0 0 255
0.0424344 0.0505700 -0.0677998 0 0 255
0.0426926 0.0521542 -0.0673981 0 0 255
0.0434443 0.0538019 -0.0665121 0 0 255
0.0461967 0.0572763 -0.0635129 0 0 255
0.0512541 0.0595241 -0.0583972 0 0 255
0.0543441 0.0615321 -0.0552109 0 0 255
0.0603739 0.0655857 -0.0489804 0 0 255
0.0684457 0.0683897 -0.0408905 0 0 255
0.0731514 0.0723871 -0.0359485 0 0 255
0.0737211 0.0741273 -0.0352300 0 0 255
0.0742920 0.0758714 -0.0345101 0 0 255
0.0745845 0.0775734 -0.0340639 0 0 255
0.0715442 0.0787200 -0.0369005 0 0 255
0.0409157 0.0751458 -0.0669222 0 0 255
0.0404401 0.0766100 -0.0672431 0 0 255
0.0397223 0.0780282 -0.0678030 0 0 255
0.0397345 0.0795733 -0.0676435 0 0 255
0.0392613 0.0810294 -0.0679629 0 0 255
0.0392735 0.0825729 -0.0678035 0 0 255
0.0392857 0.0841165 -0.0676441 0 0 255
0.0395406 0.0857068 -0.0672452 0 0 255
0.0383421 0.0870138 -0.0682816 0 0 255
0.0381128 0.0885062 -0.0683611 0 0 255
0.0376428 0.0899483 -0.0686786 0 0 255
0.0371738 0.0913875 -0.0689956 0 0 255
0.0371860 0.0929242 -0.0688369 0 0 255
0.0367179 0.0943590 -0.0691533 0 0 255
0.0362507 0.0957910 -0.0694691 0 0 255
0.0367422 0.0974294 -0.0688363 0 0 255
0.0365146 0.0989115 -0.0689152 0 0 255
0.0358119 0.1002851 -0.0694648 0 0 255
0.0355851 0.1017628 -0.0695433 0 0 255
0.0358361 0.1033496 -0.0691484 0 0 255
0.0353708 0.1047698 -0.0694635 0 0 255
0.0353829 0.1063005 -0.0693055 0 0 255
0.0356336 0.1078887 -0.0689107 0 0 255
0.0354071 0.1093620 -0.0689893 0 0 255
0.0354192 0.1108928 -0.0688313 0 0 255
0.0356700 0.1124834 -0.0684363 0 0 255
0.0354435 0.1139544 -0.0685151 0 0 255
0.0359331 0.1156079 -0.0678826 0 0 255
0.0357063 0.1170781 -0.0679618 0 0 255
0.0354798 0.1185469 -0.0680409 0 0 255
0.0359695 0.1202051 -0.0674079 0 0 255
0.0359816 0.1217376 -0.0672496 0 0 255
0.0362329 0.1233353 -0.0668534 0 0 255
0.0364845 0.1249347 -0.0664567 0 0 255
0.0364966 0.1264688 -0.0662983 0 0 255
0.0367483 0.1280706 -0.0659012 0 0 255
0.0372406 0.1297426 -0.0652644 0 0 255
0.0370126 0.1312096 -0.0653451 0 0 255
0.0377460 0.1329560 -0.0644675 0 0 255
0.0377581 0.1344940 -0.0643087 0 0 255
0.0375296 0.1359602 -0.0643899 0 0 255
0.0375418 0.1374975 -0.0642312 0 0 255
0.0375540 0.1390347 -0.0640725 0 0 255
0.0380477 0.1407205 -0.0634329 0 0 255
0.0378190 0.1421843 -0.0635146 0 0 255
0.0383132 0.1438741 -0.0628741 0 0 255
0.0380842 0.1453371 -0.0629562 0 0 255
0.0378555 0.1467987 -0.0630381 0 0 255
0.0381086 0.1484150 -0.0626383 0 0 255
0.0381207 0.1499540 -0.0624794 0 0 255
0.0386156 0.1516525 -0.0618376 0 0 255
0.0388695 0.1532738 -0.0614366 0 0 255
0.0388817 0.1548152 -0.0612774 0 0 255
0.0396204 0.1566037 -0.0603906 0 0 255
0.0396326 0.1581475 -0.0602311 0 0 255
0.0401304 0.1598595 -0.0595851 0 0 255
0.0406293 0.1615751 -0.0589377 0 0 255
0.0411292 0.1632942 -0.0582889 0 0 255
0.0411415 0.1648427 -0.0581290 0 0 255
0.0413979 0.1664790 -0.0577241 0 0 255
0.0416546 0.1681169 -0.0573188 0 0 255
0.0421565 0.1698462 -0.0566671 0 0 255
0.0421687 0.1713979 -0.0565069 0 0 255
0.0426717 0.1731323 -0.0558537 0 0 255
0.0431849 0.1764240 -0.0550418 0 0 255
0.0431972 0.1779789 -0.0548812 0 0 255
0.0437022 0.1797236 -0.0542251 0 0 255
0.0439613 0.1813760 -0.0538161 0 0 255
0.0439736 0.1829333 -0.0536553 0 0 255
0.0449754 0.1848812 -0.0524983 0 0 255
0.0454841 0.1866393 -0.0518373 0 0 255
0.0462428 0.1885008 -0.0509241 0 0 255
0.0467541 0.1902671 -0.0502598 0 0 255
0.0477673 0.1922411 -0.0490893 0 0 255
0.0487846 0.1942233 -0.0479139 0 0 255
0.0495535 0.1961090 -0.0469886 0 0 255
0.0498186 0.1977896 -0.0465710 0 0 255
0.0503373 0.1995783 -0.0458975 0 0 255
0.0503498 0.2011559 -0.0457346 0 0 255
0.0506157 0.2028417 -0.0453157 0 0 255
0.0506282 0.2044202 -0.0451527 0 0 255
0.0501340 0.2057793 -0.0455017 0 0 255
0.0501465 0.2073562 -0.0453389 0 0 255
0.0494008 0.2085999 -0.0459426 0 0 255
0.0491610 0.2100628 -0.0460351 0 0 255
0.0484183 0.2112998 -0.0466365 0 0 255
0.0481796 0.2127584 -0.0467284 0 0 255
0.0476904 0.2141021 -0.0470740 0 0 255
0.0467058 0.2152169 -0.0479216 0 0 255
0.0462196 0.2165540 -0.0482649 0 0 255
0.0457344 0.2178884 -0.0486075 0 0 255
0.0454984 0.2193355 -0.0486979 0 0 255
0.0455107 0.2208973 -0.0485366 0 0 255
0.0442848 0.2218754 -0.0496311 0 0 255
0.0435571 0.2230821 -0.0502209 0 0 255
0.0423411 0.2240507 -0.0513067 0 0 255
0.0421084 0.2254845 -0.0513951 0 0 255
0.0411435 0.2265622 -0.0522271 0 0 255
0.0394550 0.2272810 -0.0537946 0 0 255
0.0382597 0.2282309 -0.0548621 0 0 255
0.0382719 0.2297694 -0.0547032 0 0 255
0.0380432 0.2311881 -0.0547892 0 0 255
0.0363797 0.2318877 -0.0563343 0 0 255
0.0359265 0.2347106 -0.0565037 0 0 255
0.0364161 0.2364849 -0.0558596 0 0 255
0.0359507 0.2377723 -0.0561875 0 0 255
0.0364403 0.2395497 -0.0555431 0 0 255
0.0364524 0.2410821 -0.0553849 0 0 255
0.0367037 0.2427396 -0.0549829 0 0 255
0.0369553 0.2443987 -0.0545806 0 0 255
0.0367280 0.2458061 -0.0546663 0 0 255
0.0367401 0.2473395 -0.0545079 0 0 255
0.0365131 0.2487447 -0.0545937 0 0 255
0.0365252 0.2502773 -0.0544354 0 0 255
0.0365373 0.2518099 -0.0542771 0 0 255
0.0370281 0.2536033 -0.0536301 0 0 255
0.0365616 0.2548752 -0.0539606 0 0 255
0.0368129 0.2565397 -0.0535580 0 0 255
0.0370645 0.2582059 -0.0531549 0 0 255
0.0456208 0.2660598 -0.0441128 0 0 255
0.0544883 0.2741992 -0.0347418 0 0 255
0.0545008 0.2757893 -0.0345776 0 0 255
0.0547709 0.2775270 -0.0341498 0 0 255
0.0550413 0.2792666 -0.0337215 0 0 255
0.0550539 0.2808584 -0.0335572 0 0 255
0.0550665 0.2824501 -0.0333928 0 0 255
0.0550791 0.2840420 -0.0332284 0 0 255
0.0566440 0.2865490 -0.0314723 0 0 255
0.0571762 0.2884538 -0.0307745 0 0 255
0.0631646 -0.0948604 -0.0593418 0 0 255
0.0629091 -0.0931888 -0.0594308 0 0 255
0.0599881 -0.0910719 -0.0620721 0 0 255
0.0586787 -0.0892389 -0.0631718 0 0 255
0.0571170 -0.0873738 -0.0645138 0 0 255
0.0555620 -0.0855199 -0.0658505 0 0 255
0.0553143 -0.0838784 -0.0659348 0 0 255
0.0535122 -0.0820030 -0.0675099 0 0 255
0.0524938 -0.0802555 -0.0683344 0 0 255
0.0519925 -0.0785897 -0.0686633 0 0 255
0.0507248 -0.0768184 -0.0697281 0 0 255
0.0492098 -0.0750211 -0.0710313 0 0 255
0.0492223 -0.0734405 -0.0708681 0 0 255
0.0474645 -0.0716259 -0.0724059 0 0 255
0.0454724 -0.0697924 -0.0741700 0 0 255
0.0449855 -0.0681612 -0.0744882 0 0 255
0.0444995 -0.0665332 -0.0748057 0 0 255
0.0437663 -0.0648789 -0.0753614 0 0 255
0.0435307 -0.0632872 -0.0754387 0 0 255
0.0430477 -0.0616691 -0.0757543 0 0 255
0.0428127 -0.0600814 -0.0758313 0 0 255
0.0423312 -0.0584691 -0.0761460 0 0 255
0.0420971 -0.0568854 -0.0762226 0 0 255
0.0416170 -0.0552787 -0.0765364 0 0 255
0.0413835 -0.0536991 -0.0766127 0 0 255
0.0411503 -0.0521210 -0.0766890 0 0 255
0.0411626 -0.0505666 -0.0765285 0 0 255
0.0409296 -0.0489909 -0.0766048 0 0 255
0.0406968 -0.0474168 -0.0766810 0 0 255
0.0404689 -0.0458446 -0.0767525 0 0 255
0.0404765 -0.0442921 -0.0765968 0 0 255
0.0402489 -0.0427223 -0.0766684 0 0 255
0.0402611 -0.0411709 -0.0765082 0 0 255
0.0402687 -0.0396193 -0.0763525 0 0 255
0.0405256 -0.0380837 -0.0759556 0 0 255
0.0405427 -0.0365318 -0.0757908 0 0 255
0.0405502 -0.0349793 -0.0756350 0 0 255
0.0405625 -0.0334271 -0.0754748 0 0 255
0.0403348 -0.0318625 -0.0755469 0 0 255
0.0408367 -0.0303347 -0.0749123 0 0 255
0.0406041 -0.0287706 -0.0749893 0 0 255
0.0408612 -0.0272286 -0.0745915 0 0 255
0.0408735 -0.0256754 -0.0744312 0 0 255
0.0406409 -0.0241136 -0.0745083 0 0 255
0.0406532 -0.0225613 -0.0743481 0 0 255
0.0404207 -0.0210018 -0.0744253 0 0 255
0.0406777 -0.0194565 -0.0740274 0 0 255
0.0406900 -0.0179041 -0.0738671 0 0 255
0.0411925 -0.0163611 -0.0732305 0 0 255
0.0407146 -0.0147992 -0.0735465 0 0 255
0.0402377 -0.0132404 -0.0738618 0 0 255
0.0404944 -0.0116918 -0.0734638 0 0 255
0.0402622 -0.0101385 -0.0735415 0 0 255
0.0400302 -0.0085867 -0.0736190 0 0 255
-0.0160159 -0.0070347 -0.1280334 0 0 255
-0.0167658 -0.0056675 -0.1286328 0 0 255
-0.0201423 -0.0043219 -0.1317914 0 0 255
-0.0190076 -0.0029548 -0.1305560 0 0 255
-0.0182441 -0.0015851 -0.1296819 0 0 255
-0.0197361 -0.0002469 -0.1310065 0 0 255
-0.0259921 0.0009898 -0.1369787 0 0 255
-0.0253849 0.0317890 -0.1334442 0 0 255
0.0466838 0.0510715 -0.0614403 0 0 255
0.0459453 0.0525505 -0.0620179 0 0 255
0.0482174 0.0544026 -0.0596289 0 0 255
0.0619844 0.0593670 -0.0457518 0 0 255
0.0652174 0.0614222 -0.0424080 0 0 255
0.0660418 0.0631649 -0.0414389 0 0 255
0.0674131 0.0649903 -0.0399294 0 0 255
0.0701647 0.0670243 -0.0370563 0 0 255
0.0715680 0.0705251 -0.0353556 0 0 255
0.0718581 0.0722187 -0.0349113 0 0 255
0.0715941 0.0738267 -0.0350146 0 0 255
0.0718842 0.0755221 -0.0345702 0 0 255
0.0716236 0.0771289 -0.0346703 0 0 255
0.0710835 0.0786873 -0.0350472 0 0 255
0.0710965 0.0803364 -0.0348769 0 0 255
0.0719398 0.0821297 -0.0338846 0 0 255
0.0399881 0.0781261 -0.0653733 0 0 255
0.0395134 0.0795873 -0.0656957 0 0 255
0.0395256 0.0811347 -0.0655359 0 0 255
0.0395378 0.0826822 -0.0653762 0 0 255
0.0388214 0.0840913 -0.0659389 0 0 255
0.0388336 0.0856365 -0.0657794 0 0 255
0.0381193 0.0870391 -0.0663407 0 0 255
0.0374072 0.0884375 -0.0669003 0 0 255
0.0371785 0.0899292 -0.0669805 0 0 255
0.0367095 0.0913699 -0.0672994 0 0 255
0.0367216 0.0929081 -0.0671406 0 0 255
0.0362535 0.0943444 -0.0674590 0 0 255
0.0360259 0.0958295 -0.0675387 0 0 255
0.0357985 0.0973131 -0.0676183 0 0 255
0.0360502 0.0989015 -0.0672215 0 0 255
0.0351086 0.1002228 -0.0680119 0 0 255
0.0348822 0.1017013 -0.0680910 0 0 255
0.0348943 0.1032335 -0.0679328 0 0 255
0.0344299 0.1046539 -0.0682491 0 0 255
0.0346801 0.1062413 -0.0678539 0 0 255
0.0346922 0.1077728 -0.0676957 0 0 255
0.0344662 0.1092461 -0.0677750 0 0 255
0.0349549 0.1108949 -0.0671416 0 0 255
0.0344904 0.1123077 -0.0674588 0 0 255
0.0349791 0.1139596 -0.0668251 0 0 255
0.0347528 0.1154307 -0.0669049 0 0 255
0.0350034 0.1170244 -0.0665086 0 0 255
0.0350156 0.1185568 -0.0663503 0 0 255
0.0355053 0.1202167 -0.0657150 0 0 255
0.0352785 0.1216862 -0.0657953 0 0 255
0.0357687 0.1233501 -0.0651591 0 0 255
0.0360202 0.1249511 -0.0647612 0 0 255
0.0360323 0.1264867 -0.0646026 0 0 255
0.0360445 0.1280223 -0.0644441 0 0 255
0.0365362 0.1296952 -0.0638055 0 0 255
0.0365483 0.1312324 -0.0636468 0 0 255
0.0370411 0.1329102 -0.0630067 0 0 255
0.0370533 0.1344490 -0.0628478 0 0 255
0.0370654 0.1359878 -0.0626889 0 0 255
0.0373183 0.1375993 -0.0622887 0 0 255
0.0370898 0.1390655 -0.0623711 0 0 255
0.0371019 0.1406043 -0.0622122 0 0 255
0.0371141 0.1421432 -0.0620532 0 0 255
0.0373670 0.1437580 -0.0616527 0 0 255
0.0373792 0.1452976 -0.0614938 0 0 255
0.0373914 0.1468374 -0.0613348 0 0 255
0.0376444 0.1484553 -0.0609337 0 0 255
0.0371750 0.1498379 -0.0612587 0 0 255
0.0376689 0.1515364 -0.0606155 0 0 255
0.0376810 0.1530769 -0.0604565 0 0 255
0.0384176 0.1548620 -0.0595688 0 0 255
0.0384298 0.1564050 -0.0594095 0 0 255
0.0391686 0.1581978 -0.0585189 0 0 255
0.0391808 0.1597431 -0.0583593 0 0 255
0.0396787 0.1614586 -0.0577107 0 0 255
0.0401776 0.1631775 -0.0570607 0 0 255
0.0404335 0.1648130 -0.0566553 0 0 255
0.0404458 0.1663623 -0.0564952 0 0 255
0.0407020 0.1680002 -0.0560893 0 0 255
0.0412029 0.1697294 -0.0554364 0 0 255
0.0412152 0.1712811 -0.0552761 0 0 255
0.0417172 0.1730154 -0.0546217 0 0 255
0.0427212 0.1764934 -0.0533119 0 0 255
0.0432262 0.1782384 -0.0526535 0 0 255
0.0432385 0.1797965 -0.0524926 0 0 255
0.0434976 0.1814506 -0.0520823 0 0 255
0.0440042 0.1832033 -0.0514216 0 0 255
0.0450082 0.1851558 -0.0502576 0 0 255
0.0450205 0.1867196 -0.0500962 0 0 255
0.0457793 0.1885832 -0.0491794 0 0 255
0.0470408 0.1906551 -0.0477532 0 0 255
0.0475547 0.1924299 -0.0470833 0 0 255
0.0485733 0.1944156 -0.0459020 0 0 255
0.0490903 0.1961998 -0.0452281 0 0 255
0.0493555 0.1978822 -0.0448092 0 0 255
0.0498741 0.1996728 -0.0441331 0 0 255
0.0498866 0.2012521 -0.0439700 0 0 255
0.0498991 0.2028314 -0.0438069 0 0 255
0.0501651 0.2045198 -0.0433866 0 0 255
0.0499241 0.2059900 -0.0434808 0 0 255
0.0499366 0.2075694 -0.0433177 0 0 255
0.0494428 0.2089260 -0.0436687 0 0 255
0.0486978 0.2101680 -0.0442753 0 0 255
0.0479551 0.2114061 -0.0448800 0 0 255
0.0479675 0.2129791 -0.0447176 0 0 255
0.0474778 0.2143246 -0.0450658 0 0 255
0.0474902 0.2158960 -0.0449035 0 0 255
0.0470015 0.2172372 -0.0452511 0 0 255
0.0465137 0.2185757 -0.0455981 0 0 255
0.0462796 0.2200291 -0.0456871 0 0 255
0.0457933 0.2213627 -0.0460331 0 0 255
0.0455568 0.2228110 -0.0461250 0 0 255
0.0445758 0.2239040 -0.0469755 0 0 255
0.0440931 0.2252290 -0.0473188 0 0 255
0.0433647 0.2264324 -0.0479130 0 0 255
0.0428843 0.2277515 -0.0482545 0 0 255
0.0419144 0.2288285 -0.0490959 0 0 255
0.0409483 0.2299010 -0.0499339 0 0 255
0.0397432 0.2308492 -0.0510165 0 0 255
0.0385441 0.2317925 -0.0520937 0 0 255
0.0373511 0.2327311 -0.0531654 0 0 255
0.0361640 0.2336651 -0.0542318 0 0 255
0.0357012 0.2349588 -0.0545588 0 0 255
0.0354747 0.2363702 -0.0546444 0 0 255
0.0359644 0.2381480 -0.0539978 0 0 255
0.0362157 0.2398056 -0.0535947 0 0 255
0.0362278 0.2413403 -0.0534362 0 0 255
0.0367311 0.2446622 -0.0526288 0 0 255
0.0369923 0.2478612 -0.0520689 0 0 255
0.0370075 0.2494000 -0.0519070 0 0 255
0.0377499 0.2528640 -0.0508531 0 0 255
0.0377621 0.2544036 -0.0506942 0 0 255
0.0382563 0.2562078 -0.0500406 0 0 255
0.0394778 0.2584166 -0.0486404 0 0 255
0.0414378 0.2610434 -0.0464812 0 0 255
0.0506682 0.2677434 -0.0368547 0 0 255
0.0529859 0.2722006 -0.0341725 0 0 255
0.0535116 0.2740805 -0.0334811 0 0 255
0.0535242 0.2756706 -0.0333169 0 0 255
0.0537937 0.2774083 -0.0328884 0 0 255
0.0540636 0.2791479 -0.0324594 0 0 255
0.0543337 0.2808892 -0.0320300 0 0 255
0.0538314 0.2821811 -0.0323955 0 0 255
0.0541013 0.2839232 -0.0319663 0 0 255
0.0546292 0.2858193 -0.0312712 0 0 255
0.0556758 0.2880268 -0.0300413 0 0 255
0.0610948 -0.0947987 -0.0590795 0 0 255
0.0600424 -0.0929937 -0.0599363 0 0 255
0.0582018 -0.0910629 -0.0615520 0 0 255
0.0561163 -0.0891036 -0.0634046 0 0 255
0.0556063 -0.0874129 -0.0637418 0 0 255
0.0548371 -0.0856843 -0.0643289 0 0 255
0.0543299 -0.0840015 -0.0646643 0 0 255
0.0527893 -0.0821649 -0.0659955 0 0 255
0.0515150 -0.0803779 -0.0670712 0 0 255
0.0505028 -0.0786374 -0.0678949 0 0 255
0.0497495 -0.0769404 -0.0684695 0 0 255
0.0489986 -0.0752486 -0.0690423 0 0 255
0.0477439 -0.0734933 -0.0701017 0 0 255
0.0467473 -0.0717804 -0.0709128 0 0 255
0.0460057 -0.0701070 -0.0714783 0 0 255
0.0445200 -0.0683445 -0.0727630 0 0 255
0.0437853 -0.0666841 -0.0733229 0 0 255
0.0430527 -0.0650287 -0.0738812 0 0 255
0.0425698 -0.0634072 -0.0741987 0 0 255
0.0420878 -0.0617890 -0.0745155 0 0 255
0.0418533 -0.0602013 -0.0745932 0 0 255
0.0411267 -0.0585625 -0.0751472 0 0 255
0.0408933 -0.0569796 -0.0752243 0 0 255
0.0406600 -0.0553982 -0.0753014 0 0 255
0.0401820 -0.0537947 -0.0756157 0 0 255
0.0397095 -0.0521948 -0.0759250 0 0 255
0.0399617 -0.0506637 -0.0755320 0 0 255
0.0399740 -0.0491101 -0.0753716 0 0 255
0.0397464 -0.0475363 -0.0754438 0 0 255
0.0397587 -0.0459834 -0.0752834 0 0 255
0.0392825 -0.0443926 -0.0755972 0 0 255
0.0397832 -0.0428777 -0.0749627 0 0 255
0.0393070 -0.0412899 -0.0752767 0 0 255
0.0393193 -0.0397385 -0.0751165 0 0 255
0.0390877 -0.0381713 -0.0751933 0 0 255
0.0395880 -0.0366508 -0.0745588 0 0 255
0.0393561 -0.0350843 -0.0746359 0 0 255
0.0396125 -0.0335463 -0.0742381 0 0 255
0.0396248 -0.0319941 -0.0740778 0 0 255
0.0396371 -0.0304418 -0.0739175 0 0 255
0.0396494 -0.0288895 -0.0737572 0 0 255
0.0396616 -0.0273372 -0.0735969 0 0 255
0.0396739 -0.0257848 -0.0734366 0 0 255
0.0396862 -0.0242325 -0.0732763 0 0 255
0.0394543 -0.0226722 -0.0733540 0 0 255
0.0394665 -0.0211206 -0.0731938 0 0 255
0.0394788 -0.0195689 -0.0730336 0 0 255
0.0397353 -0.0180229 -0.0726350 0 0 255
0.0397475 -0.0164704 -0.0724747 0 0 255
0.0397598 -0.0149179 -0.0723143 0 0 255
0.0395279 -0.0133622 -0.0723926 0 0 255
0.0390524 -0.0118056 -0.0727089 0 0 255
0.0393084 -0.0102571 -0.0723106 0 0 255
-0.0183820 -0.0085038 -0.1285671 0 0 255
-0.0183712 -0.0071390 -0.1284262 0 0 255
-0.0187376 -0.0057753 -0.1286542 0 0 255
-0.0191034 -0.0044141 -0.1288820 0 0 255
-0.0190927 -0.0030517 -0.1287413 0 0 255
-0.0209549 -0.0017129 -0.1304348 0 0 255
-0.0231700 -0.0003918 -0.1324750 0 0 255
-0.0251044 0.0331315 -0.1311641 0 0 255
0.0484981 0.0528612 -0.0572923 0 0 255
0.0549196 0.0552453 -0.0507839 0 0 255
0.0663675 0.0599535 -0.0391375 0 0 255
0.0671974 0.0617013 -0.0381589 0 0 255
0.0680299 0.0634548 -0.0371771 0 0 255
0.0680428 0.0650975 -0.0370075 0 0 255
0.0697029 0.0669788 -0.0352042 0 0 255
0.0699914 0.0686677 -0.0347606 0 0 255
0.0711195 0.0721360 -0.0333260 0 0 255
0.0705793 0.0737013 -0.0337047 0 0 255
0.0705924 0.0753522 -0.0335342 0 0 255
0.0700566 0.0769129 -0.0339091 0 0 255
0.0695188 0.0784698 -0.0342863 0 0 255
0.0700827 0.0802112 -0.0335685 0 0 255
0.0698201 0.0818124 -0.0336723 0 0 255
0.0695578 0.0834120 -0.0337760 0 0 255
0.0417388 0.0800425 -0.0613063 0 0 255
0.0390603 0.0811065 -0.0638244 0 0 255
0.0388294 0.0826101 -0.0639065 0 0 255
0.0376297 0.0839282 -0.0649540 0 0 255
0.0369176 0.0853327 -0.0655163 0 0 255
0.0371709 0.0869221 -0.0651166 0 0 255
0.0371831 0.0884649 -0.0649573 0 0 255
0.0364724 0.0898612 -0.0655190 0 0 255
0.0364846 0.0914018 -0.0653599 0 0 255
0.0357760 0.0927915 -0.0659202 0 0 255
0.0355484 0.0942789 -0.0660007 0 0 255
0.0358004 0.0958681 -0.0656024 0 0 255
0.0350939 0.0972491 -0.0661615 0 0 255
0.0351060 0.0987851 -0.0660028 0 0 255
0.0348791 0.1002673 -0.0660832 0 0 255
0.0346524 0.1017480 -0.0661635 0 0 255
0.0339524 0.1031175 -0.0667172 0 0 255
0.0339646 0.1046498 -0.0665589 0 0 255
0.0339767 0.1061820 -0.0664006 0 0 255
0.0339888 0.1077143 -0.0662424 0 0 255
0.0340010 0.1092467 -0.0660842 0 0 255
0.0342512 0.1108380 -0.0656873 0 0 255
0.0342633 0.1123712 -0.0655290 0 0 255
0.0342755 0.1139043 -0.0653707 0 0 255
0.0342876 0.1154375 -0.0652123 0 0 255
0.0345381 0.1170328 -0.0648149 0 0 255
0.0345503 0.1185668 -0.0646565 0 0 255
0.0350400 0.1202284 -0.0640188 0 0 255
0.0348132 0.1216993 -0.0641000 0 0 255
0.0353034 0.1233649 -0.0634615 0 0 255
0.0355550 0.1249676 -0.0630623 0 0 255
0.0358068 0.1265718 -0.0626627 0 0 255
0.0358190 0.1281098 -0.0625039 0 0 255
0.0358311 0.1296477 -0.0623451 0 0 255
0.0363234 0.1313248 -0.0617034 0 0 255
0.0365759 0.1329348 -0.0613025 0 0 255
0.0363477 0.1344039 -0.0613854 0 0 255
0.0368410 0.1360875 -0.0607421 0 0 255
0.0366125 0.1375558 -0.0608253 0 0 255
0.0371062 0.1392435 -0.0601812 0 0 255
0.0368775 0.1407110 -0.0602646 0 0 255
0.0368897 0.1422523 -0.0601055 0 0 255
0.0366611 0.1437176 -0.0601890 0 0 255
0.0369141 0.1453348 -0.0597872 0 0 255
0.0366855 0.1467986 -0.0598708 0 0 255
0.0366977 0.1483391 -0.0597118 0 0 255
0.0367098 0.1498796 -0.0595527 0 0 255
0.0369628 0.1515000 -0.0591505 0 0 255
0.0367342 0.1529608 -0.0592345 0 0 255
0.0374694 0.1547457 -0.0583449 0 0 255
0.0382067 0.1565360 -0.0574527 0 0 255
0.0382189 0.1580813 -0.0572931 0 0 255
0.0382312 0.1596267 -0.0571335 0 0 255
0.0389709 0.1614272 -0.0562381 0 0 255
0.0392261 0.1630609 -0.0558324 0 0 255
0.0394815 0.1646963 -0.0554263 0 0 255
0.0397372 0.1663334 -0.0550198 0 0 255
0.0399932 0.1679721 -0.0546129 0 0 255
0.0407473 0.1713440 -0.0535531 0 0 255
0.0407596 0.1728973 -0.0533927 0 0 255
0.0415068 0.1747273 -0.0524870 0 0 255
0.0425026 0.1766565 -0.0513288 0 0 255
0.0430082 0.1784043 -0.0506673 0 0 255
0.0435149 0.1801557 -0.0500045 0 0 255
0.0435272 0.1817178 -0.0498432 0 0 255
0.0442829 0.1835718 -0.0489269 0 0 255
0.0452900 0.1855300 -0.0477549 0 0 255
0.0453024 0.1870978 -0.0475930 0 0 255
0.0455641 0.1887659 -0.0471776 0 0 255
0.0460759 0.1905370 -0.0465078 0 0 255
0.0475929 0.1927220 -0.0448153 0 0 255
0.0478570 0.1944008 -0.0443967 0 0 255
0.0483736 0.1961860 -0.0437209 0 0 255
0.0488913 0.1979749 -0.0430436 0 0 255
0.0491568 0.1996608 -0.0426229 0 0 255
0.0489162 0.2011335 -0.0427175 0 0 255
0.0494350 0.2029294 -0.0420386 0 0 255
0.0494474 0.2045104 -0.0418753 0 0 255
0.0494600 0.2060913 -0.0417120 0 0 255
0.0497260 0.2077833 -0.0412902 0 0 255
0.0492317 0.2091417 -0.0416439 0 0 255
0.0487384 0.2104974 -0.0419968 0 0 255
0.0479940 0.2117376 -0.0426063 0 0 255
0.0477548 0.2132005 -0.0427006 0 0 255
0.0472645 0.2145479 -0.0430513 0 0 255
0.0470259 0.2160070 -0.0431452 0 0 255
0.0467876 0.2174647 -0.0432391 0 0 255
0.0465496 0.2189210 -0.0433327 0 0 255
0.0460619 0.2202591 -0.0436819 0 0 255
0.0460743 0.2218290 -0.0435198 0 0 255
0.0455875 0.2231629 -0.0438685 0 0 255
0.0446076 0.2242589 -0.0447221 0 0 255
0.0446200 0.2258240 -0.0445605 0 0 255
0.0438885 0.2270301 -0.0451607 0 0 255
0.0429125 0.2281129 -0.0460119 0 0 255
0.0421862 0.2293115 -0.0466076 0 0 255
0.0417073 0.2306270 -0.0469504 0 0 255
0.0414743 0.2320612 -0.0470412 0 0 255
0.0388055 0.2322796 -0.0496306 0 0 255
0.0380916 0.2334616 -0.0502158 0 0 255
0.0376210 0.2347618 -0.0505520 0 0 255
0.0371512 0.2360594 -0.0508874 0 0 255
0.0359629 0.2369865 -0.0519611 0 0 255
0.0362147 0.2386468 -0.0515562 0 0 255
0.0362268 0.2401846 -0.0513974 0 0 255
0.0362390 0.2417225 -0.0512386 0 0 255
0.0364910 0.2433861 -0.0508331 0 0 255
0.0372244 0.2453051 -0.0499326 0 0 255
0.0367555 0.2465909 -0.0502683 0 0 255
0.0370080 0.2482587 -0.0498619 0 0 255
0.0372609 0.2499282 -0.0494552 0 0 255
0.0382380 0.2519905 -0.0483024 0 0 255
0.0421496 0.2556535 -0.0441268 0 0 255
0.0409365 0.2565405 -0.0452285 0 0 255
0.0434059 0.2594443 -0.0425359 0 0 255
0.0481564 0.2636253 -0.0374901 0 0 255
0.0499474 0.2677654 -0.0353429 0 0 255
0.0509767 0.2699192 -0.0341305 0 0 255
0.0520102 0.2720820 -0.0329130 0 0 255
0.0520228 0.2736704 -0.0327490 0 0 255
0.0522913 0.2754053 -0.0323206 0 0 255
0.0523039 0.2769946 -0.0321565 0 0 255
0.0520605 0.2784358 -0.0322568 0 0 255
0.0520730 0.2800242 -0.0320928 0 0 255
0.0520856 0.2816128 -0.0319287 0 0 255
0.0520982 0.2832013 -0.0317647 0 0 255
0.0523667 0.2849412 -0.0313358 0 0 255
0.0536631 0.2872941 -0.0298430 0 0 255
0.0564083 -0.0926644 -0.0611999 0 0 255
0.0566836 -0.0910983 -0.0607798 0 0 255
0.0548672 -0.0891841 -0.0623817 0 0 255
0.0535921 -0.0857663 -0.0633082 0 0 255
0.0528276 -0.0840440 -0.0638949 0 0 255
0.0518079 -0.0822876 -0.0647291 0 0 255
0.0510491 -0.0805770 -0.0653113 0 0 255
0.0497812 -0.0787969 -0.0663871 0 0 255
0.0492834 -0.0771351 -0.0667174 0 0 255
0.0477761 -0.0753356 -0.0680267 0 0 255
0.0472777 -0.0736836 -0.0683585 0 0 255
0.0457780 -0.0719015 -0.0696619 0 0 255
0.0452885 -0.0702605 -0.0699862 0 0 255
0.0447999 -0.0686228 -0.0703098 0 0 255
0.0430702 -0.0668351 -0.0718386 0 0 255
0.0425862 -0.0652084 -0.0721589 0 0 255
0.0418559 -0.0635562 -0.0727186 0 0 255
0.0411278 -0.0619089 -0.0732767 0 0 255
0.0404067 -0.0602672 -0.0738285 0 0 255
0.0404191 -0.0587090 -0.0736675 0 0 255
0.0404314 -0.0571507 -0.0735066 0 0 255
0.0397077 -0.0555182 -0.0740617 0 0 255
0.0392306 -0.0539145 -0.0743773 0 0 255
0.0392429 -0.0523601 -0.0742168 0 0 255
0.0394998 -0.0508280 -0.0738180 0 0 255
0.0385351 -0.0491869 -0.0746091 0 0 255
0.0383038 -0.0476142 -0.0746862 0 0 255
0.0378296 -0.0460233 -0.0750002 0 0 255
0.0380849 -0.0444926 -0.0746031 0 0 255
0.0383406 -0.0429602 -0.0742056 0 0 255
0.0381095 -0.0413914 -0.0742828 0 0 255
0.0383651 -0.0398575 -0.0738851 0 0 255
0.0381339 -0.0382902 -0.0739625 0 0 255
0.0379031 -0.0367245 -0.0740398 0 0 255
0.0381585 -0.0351889 -0.0736423 0 0 255
0.0384142 -0.0336518 -0.0732442 0 0 255
0.0381830 -0.0320876 -0.0733219 0 0 255
0.0386823 -0.0305607 -0.0726854 0 0 255
0.0386946 -0.0290084 -0.0725251 0 0 255
0.0384632 -0.0274457 -0.0726033 0 0 255
0.0387192 -0.0259037 -0.0722044 0 0 255
0.0384877 -0.0243426 -0.0722828 0 0 255
0.0385000 -0.0227910 -0.0721225 0 0 255
0.0385123 -0.0212393 -0.0719623 0 0 255
0.0382810 -0.0196813 -0.0720406 0 0 255
0.0382933 -0.0181304 -0.0718805 0 0 255
0.0385490 -0.0165844 -0.0714815 0 0 255
0.0383178 -0.0150286 -0.0715601 0 0 255
0.0385736 -0.0134809 -0.0711610 0 0 255
0.0380991 -0.0119242 -0.0714785 0 0 255
0.0381113 -0.0103740 -0.0713184 0 0 255
-0.0192213 -0.0086082 -0.1274839 0 0 255
-0.0195870 -0.0072432 -0.1277128 0 0 255
-0.0191997 -0.0058786 -0.1272020 0 0 255
-0.0203164 -0.0045204 -0.1281695 0 0 255
-0.0206802 -0.0031627 -0.1283973 0 0 255
-0.0240104 -0.0018441 -0.1315435 0 0 255
-0.0294489 -0.0005801 -0.1367666 0 0 255
-0.0337996 0.0322704 -0.1379039 0 0 255
0.0354490 0.0497250 -0.0681942 0 0 255
0.0629180 0.0578788 -0.0404248 0 0 255
0.0675406 0.0601166 -0.0356689 0 0 255
0.0683759 0.0618723 -0.0346805 0 0 255
0.0683889 0.0635194 -0.0345104 0 0 255
0.0681275 0.0651277 -0.0346136 0 0 255
0.0686896 0.0668536 -0.0338964 0 0 255
0.0692627 0.0702326 -0.0330106 0 0 255
0.0692757 0.0718825 -0.0328402 0 0 255
0.0690168 0.0734895 -0.0329412 0 0 255
0.0693051 0.0751829 -0.0324962 0 0 255
0.0687678 0.0767425 -0.0328752 0 0 255
0.0685061 0.0783448 -0.0329793 0 0 255
0.0687938 0.0800390 -0.0325347 0 0 255
0.0685321 0.0816395 -0.0326390 0 0 255
0.0688199 0.0833356 -0.0321942 0 0 255
0.0682836 0.0848848 -0.0325732 0 0 255
0.0685712 0.0865818 -0.0321286 0 0 255
0.0669416 0.0879224 -0.0336017 0 0 255
0.0386186 0.0841794 -0.0617889 0 0 255
0.0366925 0.0853554 -0.0635692 0 0 255
0.0364635 0.0868524 -0.0636512 0 0 255
0.0362346 0.0883479 -0.0637332 0 0 255
0.0355254 0.0897444 -0.0642967 0 0 255
0.0355376 0.0912850 -0.0641376 0 0 255
0.0348304 0.0926749 -0.0646997 0 0 255
0.0346033 0.0941623 -0.0647808 0 0 255
0.0346155 0.0956999 -0.0646220 0 0 255
0.0346277 0.0972374 -0.0644632 0 0 255
0.0344007 0.0987219 -0.0645444 0 0 255
0.0344128 0.1002587 -0.0643857 0 0 255
0.0337092 0.1016318 -0.0649459 0 0 255
0.0332483 0.1030566 -0.0652627 0 0 255
0.0334983 0.1046456 -0.0648653 0 0 255
0.0332725 0.1061227 -0.0649461 0 0 255
0.0335226 0.1077133 -0.0645484 0 0 255
0.0335347 0.1092471 -0.0643900 0 0 255
0.0335468 0.1107810 -0.0642316 0 0 255
0.0335589 0.1123149 -0.0640732 0 0 255
0.0335710 0.1138489 -0.0639148 0 0 255
0.0338213 0.1154442 -0.0635165 0 0 255
0.0338335 0.1169789 -0.0633579 0 0 255
0.0340841 0.1185767 -0.0629592 0 0 255
0.0345738 0.1202400 -0.0623191 0 0 255
0.0348251 0.1218418 -0.0619192 0 0 255
0.0348372 0.1233797 -0.0617603 0 0 255
0.0353285 0.1250504 -0.0611181 0 0 255
0.0351010 0.1265227 -0.0612010 0 0 255
0.0355927 0.1281974 -0.0605579 0 0 255
0.0356049 0.1297377 -0.0603988 0 0 255
0.0356171 0.1312781 -0.0602397 0 0 255
0.0361098 0.1329593 -0.0595950 0 0 255
0.0361220 0.1345012 -0.0594357 0 0 255
0.0363871 0.1376580 -0.0588737 0 0 255
0.0361586 0.1391271 -0.0589580 0 0 255
0.0366524 0.1408181 -0.0583112 0 0 255
0.0361829 0.1422111 -0.0586395 0 0 255
0.0364358 0.1438292 -0.0582364 0 0 255
0.0364480 0.1453720 -0.0580771 0 0 255
0.0362194 0.1468373 -0.0581617 0 0 255
0.0364724 0.1484577 -0.0577583 0 0 255
0.0362439 0.1499215 -0.0578431 0 0 255
0.0367378 0.1516235 -0.0571952 0 0 255
0.0365090 0.1530865 -0.0572803 0 0 255
0.0370034 0.1547925 -0.0566316 0 0 255
0.0374989 0.1565021 -0.0559815 0 0 255
0.0377530 0.1581316 -0.0555761 0 0 255
0.0382500 0.1598472 -0.0549239 0 0 255
0.0387479 0.1615663 -0.0542705 0 0 255
0.0390033 0.1632026 -0.0538632 0 0 255
0.0395120 0.1664791 -0.0530504 0 0 255
0.0400125 0.1682093 -0.0523934 0 0 255
0.0402693 0.1698532 -0.0519841 0 0 255
0.0407713 0.1715896 -0.0513250 0 0 255
0.0415200 0.1734214 -0.0504143 0 0 255
0.0417784 0.1750730 -0.0500027 0 0 255
0.0425303 0.1769139 -0.0490881 0 0 255
0.0435322 0.1788554 -0.0479182 0 0 255
0.0437926 0.1805167 -0.0475036 0 0 255
0.0445507 0.1823735 -0.0465814 0 0 255
0.0443142 0.1838443 -0.0466733 0 0 255
0.0453234 0.1858071 -0.0454942 0 0 255
0.0458358 0.1875779 -0.0448216 0 0 255
0.0466002 0.1894534 -0.0438914 0 0 255
0.0471151 0.1912325 -0.0432155 0 0 255
0.0483887 0.1933252 -0.0417643 0 0 255
0.0494147 0.1953241 -0.0405652 0 0 255
0.0501901 0.1972253 -0.0396217 0 0 255
0.0512236 0.1992395 -0.0384138 0 0 255
0.0509805 0.2007215 -0.0385111 0 0 255
0.0497188 0.2017688 -0.0396509 0 0 255
0.0499856 0.2034628 -0.0392268 0 0 255
0.0497438 0.2049389 -0.0393234 0 0 255
0.0500107 0.2066346 -0.0388992 0 0 255
0.0497689 0.2081091 -0.0389960 0 0 255
0.0495273 0.2095821 -0.0390927 0 0 255
0.0485261 0.2107158 -0.0399682 0 0 255
0.0482858 0.2121836 -0.0400642 0 0 255
0.0477934 0.2135363 -0.0404187 0 0 255
0.0475538 0.2150004 -0.0405142 0 0 255
0.0473145 0.2164631 -0.0406097 0 0 255
0.0468242 0.2178086 -0.0409629 0 0 255
0.0468367 0.2193842 -0.0408003 0 0 255
0.0468491 0.2209596 -0.0406376 0 0 255
0.0461092 0.2221813 -0.0412478 0 0 255
0.0458714 0.2236360 -0.0413426 0 0 255
0.0453840 0.2249701 -0.0416940 0 0 255
0.0446518 0.2261834 -0.0422976 0 0 255
0.0441670 0.2275115 -0.0426472 0 0 255
0.0436832 0.2288370 -0.0429960 0 0 255
0.0429530 0.2300386 -0.0435986 0 0 255
0.0422252 0.2312367 -0.0441994 0 0 255
0.0419912 0.2326750 -0.0442919 0 0 255
0.0410211 0.2337442 -0.0451429 0 0 255
0.0402991 0.2349318 -0.0457389 0 0 255
0.0388496 0.2357468 -0.0470854 0 0 255
0.0386190 0.2371727 -0.0471758 0 0 255
0.0381464 0.2384731 -0.0475159 0 0 255
0.0376748 0.2397709 -0.0478554 0 0 255
0.0369630 0.2409411 -0.0484430 0 0 255
0.0369751 0.2424844 -0.0482837 0 0 255
0.0369873 0.2440277 -0.0481243 0 0 255
0.0377236 0.2459535 -0.0472169 0 0 255
0.0382197 0.2477564 -0.0465572 0 0 255
0.0384743 0.2494332 -0.0461469 0 0 255
0.0394584 0.2515039 -0.0449822 0 0 255
0.0414263 0.2541131 -0.0427994 0 0 255
0.0424224 0.2562061 -0.0416207 0 0 255
0.0444146 0.2588508 -0.0394106 0 0 255
0.0479310 0.2623473 -0.0356215 0 0 255
0.0476915 0.2637863 -0.0357193 0 0 255
0.0487135 0.2659264 -0.0345107 0 0 255
0.0489790 0.2676491 -0.0340853 0 0 255
0.0505245 0.2716745 -0.0321822 0 0 255
0.0502824 0.2731161 -0.0322824 0 0 255
0.0505496 0.2748480 -0.0318545 0 0 255
0.0505621 0.2764348 -0.0316906 0 0 255
0.0505747 0.2780216 -0.0315267 0 0 255
0.0508421 0.2797570 -0.0310982 0 0 255
0.0503451 0.2810461 -0.0314634 0 0 255
0.0508672 0.2829324 -0.0307702 0 0 255
0.0513904 0.2848227 -0.0300756 0 0 255
0.0516587 0.2865644 -0.0296456 0 0 255
0.0548943 -0.0926980 -0.0604293 0 0 255
0.0541290 -0.0909575 -0.0610186 0 0 255
0.0528456 -0.0891358 -0.0621116 0 0 255
0.0520819 -0.0874073 -0.0627003 0 0 255
0.0520946 -0.0858077 -0.0625351 0 0 255
0.0515909 -0.0841274 -0.0628718 0 0 255
0.0508264 -0.0824104 -0.0634625 0 0 255
0.0495572 -0.0806227 -0.0645448 0 0 255
0.0490589 -0.0789565 -0.0648776 0 0 255
0.0483071 -0.0772572 -0.0654574 0 0 255
0.0468027 -0.0754573 -0.0667706 0 0 255
0.0463101 -0.0738058 -0.0670992 0 0 255
0.0450644 -0.0720569 -0.0681618 0 0 255
0.0445753 -0.0704148 -0.0684879 0 0 255
0.0438374 -0.0687443 -0.0690568 0 0 255
0.0426075 -0.0670177 -0.0701060 0 0 255
0.0423715 -0.0654191 -0.0701863 0 0 255
0.0416404 -0.0637639 -0.0707500 0 0 255
0.0409116 -0.0621138 -0.0713118 0 0 255
0.0404310 -0.0604960 -0.0716317 0 0 255
0.0399514 -0.0588815 -0.0719510 0 0 255
0.0394728 -0.0572703 -0.0722696 0 0 255
0.0389952 -0.0556624 -0.0725875 0 0 255
0.0385186 -0.0540577 -0.0729048 0 0 255
0.0380430 -0.0524563 -0.0732214 0 0 255
0.0382991 -0.0509250 -0.0728224 0 0 255
0.0380675 -0.0493490 -0.0729005 0 0 255
0.0375928 -0.0477539 -0.0732168 0 0 255
0.0376050 -0.0462018 -0.0730565 0 0 255
0.0373741 -0.0446306 -0.0731344 0 0 255
0.0369008 -0.0430426 -0.0734500 0 0 255
0.0371557 -0.0415103 -0.0730520 0 0 255
0.0371680 -0.0399597 -0.0728919 0 0 255
0.0369376 -0.0383932 -0.0729697 0 0 255
0.0374354 -0.0368736 -0.0723332 0 0 255
0.0369620 -0.0352934 -0.0726496 0 0 255
0.0369743 -0.0337435 -0.0724895 0 0 255
0.0374722 -0.0322192 -0.0718525 0 0 255
0.0374844 -0.0306676 -0.0716922 0 0 255
0.0372537 -0.0291049 -0.0717708 0 0 255
0.0372660 -0.0275541 -0.0716106 0 0 255
0.0372782 -0.0260033 -0.0714504 0 0 255
0.0372905 -0.0244525 -0.0712903 0 0 255
0.0373027 -0.0229017 -0.0711301 0 0 255
0.0373150 -0.0213509 -0.0709699 0 0 255
0.0370845 -0.0197935 -0.0710486 0 0 255
0.0373395 -0.0182491 -0.0706495 0 0 255
0.0371090 -0.0166933 -0.0707285 0 0 255
0.0371213 -0.0151431 -0.0705684 0 0 255
0.0376193 -0.0135997 -0.0699294 0 0 255
0.0373885 -0.0120453 -0.0700087 0 0 255
0.0371580 -0.0104926 -0.0700881 0 0 255
-0.0200606 -0.0087125 -0.1264007 0 0 255
-0.0196734 -0.0073480 -0.1258882 0 0 255
-0.0204148 -0.0059838 -0.1264898 0 0 255
-0.0263263 -0.0046540 -0.1321982 0 0 255
-0.0299305 -0.0033419 -0.1356309 0 0 255
-0.0313495 -0.0020265 -0.1369060 0 0 255
-0.0327586 -0.0007203 -0.1381722 0 0 255
-0.0197048 0.0363351 -0.1217481 0 0 255
0.0659710 0.0582768 -0.0350791 0 0 255
0.0673600 0.0617466 -0.0333768 0 0 255
0.0671024 0.0633563 -0.0334773 0 0 255
0.0668418 0.0649638 -0.0335810 0 0 255
0.0671284 0.0666489 -0.0331373 0 0 255
0.0674152 0.0683358 -0.0326930 0 0 255
0.0677024 0.0700246 -0.0322483 0 0 255
0.0674413 0.0716304 -0.0323527 0 0 255
0.0677285 0.0733209 -0.0319078 0 0 255
0.0677415 0.0749691 -0.0317376 0 0 255
0.0674803 0.0765723 -0.0318423 0 0 255
0.0674933 0.0782197 -0.0316722 0 0 255
0.0680550 0.0799608 -0.0309514 0 0 255
0.0677935 0.0815622 -0.0310566 0 0 255
0.0675324 0.0831619 -0.0311617 0 0 255
0.0672714 0.0847599 -0.0312667 0 0 255
0.0675584 0.0864568 -0.0308214 0 0 255
0.0667503 0.0879508 -0.0314764 0 0 255
0.0667633 0.0895957 -0.0313065 0 0 255
0.0659580 0.0910822 -0.0319595 0 0 255
0.0364790 0.0869250 -0.0614564 0 0 255
0.0355268 0.0882790 -0.0622670 0 0 255
0.0350582 0.0897250 -0.0625915 0 0 255
0.0345906 0.0911682 -0.0629153 0 0 255
0.0348426 0.0927591 -0.0625147 0 0 255
0.0348547 0.0943004 -0.0623555 0 0 255
0.0351069 0.0958937 -0.0619543 0 0 255
0.0343997 0.0972782 -0.0625203 0 0 255
0.0339335 0.0987117 -0.0628437 0 0 255
0.0337068 0.1001961 -0.0629257 0 0 255
0.0337189 0.1017338 -0.0627669 0 0 255
0.0325434 0.1029956 -0.0638068 0 0 255
0.0328022 0.1061193 -0.0632530 0 0 255
0.0332904 0.1077691 -0.0626136 0 0 255
0.0333026 0.1093053 -0.0624549 0 0 255
0.0328416 0.1107240 -0.0627744 0 0 255
0.0330917 0.1123185 -0.0623753 0 0 255
0.0333420 0.1139147 -0.0619758 0 0 255
0.0333541 0.1154510 -0.0618172 0 0 255
0.0336047 0.1170496 -0.0614172 0 0 255
0.0338556 0.1186498 -0.0610168 0 0 255
0.0338677 0.1201877 -0.0608580 0 0 255
0.0341187 0.1217903 -0.0604571 0 0 255
0.0341309 0.1233290 -0.0602981 0 0 255
0.0346308 0.1265399 -0.0594981 0 0 255
0.0348948 0.1296893 -0.0589368 0 0 255
0.0351469 0.1313001 -0.0585341 0 0 255
0.0351621 0.1328429 -0.0583718 0 0 255
0.0359047 0.1361422 -0.0573237 0 0 255
0.0361579 0.1377596 -0.0569193 0 0 255
0.0364113 0.1393786 -0.0565146 0 0 255
0.0359414 0.1407752 -0.0568451 0 0 255
0.0359567 0.1423205 -0.0566825 0 0 255
0.0362098 0.1439411 -0.0562779 0 0 255
0.0362220 0.1454863 -0.0561182 0 0 255
0.0359932 0.1469537 -0.0562040 0 0 255
0.0360054 0.1484981 -0.0560445 0 0 255
0.0360176 0.1500426 -0.0558849 0 0 255
0.0365120 0.1517474 -0.0552341 0 0 255
0.0362830 0.1532124 -0.0553203 0 0 255
0.0367779 0.1549213 -0.0546686 0 0 255
0.0375252 0.1582646 -0.0536116 0 0 255
0.0377830 0.1598994 -0.0532010 0 0 255
0.0385334 0.1632572 -0.0521397 0 0 255
0.0390329 0.1649842 -0.0514817 0 0 255
0.0395334 0.1667147 -0.0508224 0 0 255
0.0397902 0.1683595 -0.0504119 0 0 255
0.0405374 0.1701863 -0.0494998 0 0 255
0.0412870 0.1720187 -0.0485849 0 0 255
0.0417921 0.1737644 -0.0479196 0 0 255
0.0425456 0.1756070 -0.0469999 0 0 255
0.0435496 0.1775498 -0.0458233 0 0 255
0.0443084 0.1794050 -0.0448971 0 0 255
0.0448198 0.1811691 -0.0442239 0 0 255
0.0453322 0.1829369 -0.0435493 0 0 255
0.0453446 0.1845111 -0.0433867 0 0 255
0.0463601 0.1864835 -0.0421959 0 0 255
0.0461214 0.1879605 -0.0422905 0 0 255
0.0468881 0.1898414 -0.0413541 0 0 255
0.0479100 0.1918310 -0.0401554 0 0 255
0.0491901 0.1939328 -0.0386910 0 0 255
0.0494570 0.1956244 -0.0382661 0 0 255
0.0502341 0.1975301 -0.0373169 0 0 255
0.0505021 0.1992272 -0.0368903 0 0 255
0.0502592 0.2007100 -0.0369885 0 0 255
0.0502718 0.2023000 -0.0368242 0 0 255
0.0500292 0.2037805 -0.0369224 0 0 255
0.0497869 0.2052595 -0.0370204 0 0 255
0.0497994 0.2068479 -0.0368564 0 0 255
0.0495573 0.2083246 -0.0369543 0 0 255
0.0488075 0.2095753 -0.0375751 0 0 255
0.0480600 0.2108221 -0.0381939 0 0 255
0.0480725 0.2124048 -0.0380304 0 0 255
0.0475796 0.2137593 -0.0383877 0 0 255
0.0473397 0.2152257 -0.0384844 0 0 255
0.0471002 0.2166906 -0.0385810 0 0 255
0.0466093 0.2180378 -0.0389370 0 0 255
0.0463704 0.2194991 -0.0390332 0 0 255
0.0458811 0.2208415 -0.0393881 0 0 255
0.0451427 0.2220634 -0.0400003 0 0 255
0.0449053 0.2235181 -0.0400957 0 0 255
0.0449178 0.2250905 -0.0399333 0 0 255
0.0439367 0.2261853 -0.0407972 0 0 255
0.0437006 0.2276342 -0.0408918 0 0 255
0.0432168 0.2289609 -0.0412428 0 0 255
0.0429814 0.2304062 -0.0413372 0 0 255
0.0424990 0.2317281 -0.0416871 0 0 255
0.0417710 0.2329247 -0.0422915 0 0 255
0.0412911 0.2342407 -0.0426396 0 0 255
0.0410577 0.2356776 -0.0427328 0 0 255
0.0400894 0.2367407 -0.0435871 0 0 255
0.0398572 0.2381727 -0.0436796 0 0 255
0.0386505 0.2391033 -0.0447819 0 0 255
0.0381769 0.2404044 -0.0451252 0 0 255
0.0364963 0.2410757 -0.0467201 0 0 255
0.0365085 0.2426206 -0.0465605 0 0 255
0.0365207 0.2441655 -0.0464009 0 0 255
0.0374989 0.2462213 -0.0452391 0 0 255
0.0382381 0.2481563 -0.0443245 0 0 255
0.0384932 0.2498368 -0.0439122 0 0 255
0.0392355 0.2517812 -0.0429938 0 0 255
0.0402246 0.2538641 -0.0418186 0 0 255
0.0412178 0.2559555 -0.0406385 0 0 255
0.0427090 0.2583263 -0.0389401 0 0 255
0.0464587 0.2619522 -0.0348924 0 0 255
0.0462202 0.2633899 -0.0349905 0 0 255
0.0480042 0.2675292 -0.0328343 0 0 255
0.0485225 0.2693965 -0.0321443 0 0 255
0.0490419 0.2712677 -0.0314529 0 0 255
0.0490544 0.2728528 -0.0312892 0 0 255
0.0490669 0.2744380 -0.0311255 0 0 255
0.0485756 0.2757323 -0.0314869 0 0 255
0.0485881 0.2773159 -0.0313233 0 0 255
0.0483475 0.2787518 -0.0314237 0 0 255
0.0488665 0.2806318 -0.0307319 0 0 255
0.0491326 0.2823659 -0.0303037 0 0 255
0.0483850 0.2835002 -0.0309333 0 0 255
0.0486506 0.2852341 -0.0305056 0 0 255
0.0489165 0.2869697 -0.0300774 0 0 255
0.0528842 -0.0910375 -0.0599938 0 0 255
0.0526372 -0.0893888 -0.0600813 0 0 255
0.0521314 -0.0876994 -0.0604216 0 0 255
0.0511106 -0.0859309 -0.0612652 0 0 255
0.0508654 -0.0842908 -0.0613517 0 0 255
0.0498498 -0.0825339 -0.0621912 0 0 255
0.0488384 -0.0807843 -0.0630272 0 0 255
0.0483406 -0.0791170 -0.0633618 0 0 255
0.0468282 -0.0773069 -0.0646888 0 0 255
0.0458294 -0.0755790 -0.0655144 0 0 255
0.0450861 -0.0738928 -0.0660906 0 0 255
0.0443452 -0.0722117 -0.0666649 0 0 255
0.0436064 -0.0705359 -0.0672375 0 0 255
0.0426210 -0.0688334 -0.0680523 0 0 255
0.0421359 -0.0671996 -0.0683774 0 0 255
0.0409122 -0.0654795 -0.0694267 0 0 255
0.0409246 -0.0639133 -0.0692650 0 0 255
0.0401964 -0.0622621 -0.0698295 0 0 255
0.0397163 -0.0606434 -0.0701511 0 0 255
0.0392373 -0.0590279 -0.0704720 0 0 255
0.0387592 -0.0574157 -0.0707922 0 0 255
0.0382820 -0.0558068 -0.0711118 0 0 255
0.0375620 -0.0541771 -0.0716703 0 0 255
0.0373307 -0.0525987 -0.0717490 0 0 255
0.0370996 -0.0510219 -0.0718277 0 0 255
0.0371118 -0.0494682 -0.0716672 0 0 255
0.0366381 -0.0478730 -0.0719848 0 0 255
0.0361652 -0.0462810 -0.0723017 0 0 255
0.0366626 -0.0447688 -0.0716641 0 0 255
0.0361897 -0.0431799 -0.0719814 0 0 255
0.0364444 -0.0416468 -0.0715825 0 0 255
0.0362142 -0.0400786 -0.0716611 0 0 255
0.0362265 -0.0385280 -0.0715009 0 0 255
0.0359966 -0.0369621 -0.0715794 0 0 255
0.0362509 -0.0354266 -0.0711806 0 0 255
0.0360210 -0.0338623 -0.0712593 0 0 255
0.0365179 -0.0323381 -0.0706210 0 0 255
0.0365302 -0.0307865 -0.0704607 0 0 255
0.0365425 -0.0292350 -0.0703004 0 0 255
0.0363123 -0.0276729 -0.0703796 0 0 255
0.0360822 -0.0261124 -0.0704588 0 0 255
0.0363367 -0.0245713 -0.0700593 0 0 255
0.0363490 -0.0230205 -0.0698991 0 0 255
0.0358769 -0.0214549 -0.0702178 0 0 255
0.0358891 -0.0199056 -0.0700577 0 0 255
0.0361434 -0.0183620 -0.0696582 0 0 255
0.0356718 -0.0168020 -0.0699770 0 0 255
0.0361679 -0.0152618 -0.0693380 0 0 255
0.0366650 -0.0137184 -0.0686977 0 0 255
0.0366772 -0.0121666 -0.0685375 0 0 255
0.0359626 -0.0106093 -0.0690975 0 0 255
-0.0208999 -0.0088169 -0.1253175 0 0 255
-0.0208892 -0.0074521 -0.1251765 0 0 255
-0.0216278 -0.0060889 -0.1257789 0 0 255
-0.0282428 -0.0047627 -0.1322125 0 0 255
-0.0321767 -0.0034562 -0.1359890 0 0 255
0.0644177 0.0580820 -0.0343211 0 0 255
0.0660642 0.0599385 -0.0325111 0 0 255
0.0663635 0.0632689 -0.0318963 0 0 255
0.0663765 0.0649161 -0.0317262 0 0 255
0.0666631 0.0666030 -0.0312809 0 0 255
0.0658562 0.0681297 -0.0319355 0 0 255
0.0666891 0.0698993 -0.0309405 0 0 255
0.0664285 0.0715052 -0.0310456 0 0 255
0.0664415 0.0731525 -0.0308755 0 0 255
0.0667282 0.0748440 -0.0304298 0 0 255
0.0664675 0.0764472 -0.0305352 0 0 255
0.0662072 0.0780488 -0.0306405 0 0 255
0.0662202 0.0796953 -0.0304704 0 0 255
0.0665066 0.0813894 -0.0300246 0 0 255
0.0657003 0.0828915 -0.0306809 0 0 255
0.0640826 0.0842419 -0.0321563 0 0 255
0.0643666 0.0859312 -0.0317134 0 0 255
0.0643796 0.0875717 -0.0315439 0 0 255
0.0635802 0.0890575 -0.0321949 0 0 255
0.0641344 0.0908001 -0.0314789 0 0 255
0.0638765 0.0923865 -0.0315832 0 0 255
0.0630788 0.0938631 -0.0322333 0 0 255
0.0391968 0.0906421 -0.0562247 0 0 255
0.0362892 0.0915977 -0.0590171 0 0 255
0.0343743 0.0927427 -0.0608068 0 0 255
0.0343865 0.0942857 -0.0606474 0 0 255
0.0339193 0.0957251 -0.0609733 0 0 255
0.0336922 0.0972140 -0.0610564 0 0 255
0.0334653 0.0987015 -0.0611395 0 0 255
0.0332386 0.1001874 -0.0612224 0 0 255
0.0330121 0.1016719 -0.0613053 0 0 255
0.0323098 0.1030443 -0.0618708 0 0 255
0.0320842 0.1045245 -0.0619532 0 0 255
0.0318589 0.1060031 -0.0620355 0 0 255
0.0325841 0.1077104 -0.0611534 0 0 255
0.0328344 0.1093058 -0.0607528 0 0 255
0.0323735 0.1107260 -0.0610744 0 0 255
0.0326326 0.1138584 -0.0605184 0 0 255
0.0331335 0.1170572 -0.0597162 0 0 255
0.0331457 0.1185958 -0.0595573 0 0 255
0.0331578 0.1201345 -0.0593984 0 0 255
0.0334208 0.1232774 -0.0588376 0 0 255
0.0339111 0.1249496 -0.0581917 0 0 255
0.0341628 0.1265580 -0.0577886 0 0 255
0.0341749 0.1280998 -0.0576294 0 0 255
0.0341870 0.1296417 -0.0574701 0 0 255
0.0344390 0.1312533 -0.0570665 0 0 255
0.0351717 0.1330078 -0.0561723 0 0 255
0.0351839 0.1345528 -0.0560128 0 0 255
0.0356777 0.1362425 -0.0553618 0 0 255
0.0361725 0.1379357 -0.0547094 0 0 255
0.0364264 0.1395581 -0.0543028 0 0 255
0.0359555 0.1409574 -0.0546362 0 0 255
0.0364509 0.1426562 -0.0539827 0 0 255
0.0362214 0.1441288 -0.0540697 0 0 255
0.0362336 0.1456771 -0.0539098 0 0 255
0.0362459 0.1472254 -0.0537499 0 0 255
0.0357754 0.1486163 -0.0540837 0 0 255
0.0357906 0.1501641 -0.0539208 0 0 255
0.0360441 0.1517912 -0.0535141 0 0 255
0.0363070 0.1549674 -0.0529502 0 0 255
0.0368029 0.1566815 -0.0522948 0 0 255
0.0372998 0.1583990 -0.0516380 0 0 255
0.0375549 0.1600354 -0.0512289 0 0 255
0.0378101 0.1616734 -0.0508195 0 0 255
0.0385528 0.1634862 -0.0499099 0 0 255
0.0392978 0.1653046 -0.0489974 0 0 255
0.0395549 0.1669512 -0.0485853 0 0 255
0.0405487 0.1688683 -0.0474167 0 0 255
0.0412998 0.1707025 -0.0464967 0 0 255
0.0420533 0.1725423 -0.0455739 0 0 255
0.0428090 0.1743877 -0.0446483 0 0 255
0.0433182 0.1761449 -0.0439755 0 0 255
0.0438286 0.1779056 -0.0433013 0 0 255
0.0445898 0.1797661 -0.0423688 0 0 255
0.0443523 0.1812442 -0.0424632 0 0 255
0.0448648 0.1830139 -0.0417861 0 0 255
0.0451276 0.1846885 -0.0413656 0 0 255
0.0456417 0.1864645 -0.0406862 0 0 255
0.0459053 0.1881435 -0.0402645 0 0 255
0.0471776 0.1902315 -0.0388035 0 0 255
0.0482027 0.1922270 -0.0375964 0 0 255
0.0489775 0.1941264 -0.0366467 0 0 255
0.0487357 0.1956102 -0.0367449 0 0 255
0.0497672 0.1976232 -0.0355297 0 0 255
0.0500352 0.1993221 -0.0351018 0 0 255
0.0497923 0.2008065 -0.0352010 0 0 255
0.0495497 0.2022893 -0.0353000 0 0 255
0.0498175 0.2039898 -0.0348722 0 0 255
0.0498300 0.2055815 -0.0347078 0 0 255
0.0490778 0.2068396 -0.0353336 0 0 255
0.0490903 0.2084288 -0.0351695 0 0 255
0.0480868 0.2095684 -0.0360559 0 0 255
0.0478460 0.2110415 -0.0361542 0 0 255
0.0470999 0.2122860 -0.0367752 0 0 255
0.0468601 0.2137547 -0.0368729 0 0 255
0.0466205 0.2152218 -0.0369704 0 0 255
0.0463812 0.2166875 -0.0370678 0 0 255
0.0458908 0.2180355 -0.0374255 0 0 255
0.0454014 0.2193808 -0.0377824 0 0 255
0.0451633 0.2208406 -0.0378792 0 0 255
0.0449255 0.2222989 -0.0379758 0 0 255
0.0444381 0.2236371 -0.0383314 0 0 255
0.0442010 0.2250918 -0.0384277 0 0 255
0.0439641 0.2265449 -0.0385239 0 0 255
0.0429850 0.2276369 -0.0393906 0 0 255
0.0427494 0.2290851 -0.0394861 0 0 255
0.0422665 0.2304103 -0.0398384 0 0 255
0.0417846 0.2317329 -0.0401901 0 0 255
0.0415502 0.2331754 -0.0402849 0 0 255
0.0408238 0.2343699 -0.0408913 0 0 255
0.0408361 0.2359320 -0.0407299 0 0 255
0.0403571 0.2372450 -0.0410796 0 0 255
0.0401241 0.2386803 -0.0411736 0 0 255
0.0389137 0.2396121 -0.0422851 0 0 255
0.0389260 0.2411679 -0.0421244 0 0 255
0.0374791 0.2419648 -0.0434832 0 0 255
0.0362821 0.2428832 -0.0445826 0 0 255
0.0362943 0.2444304 -0.0444228 0 0 255
0.0375158 0.2466183 -0.0430026 0 0 255
0.0382566 0.2485578 -0.0420828 0 0 255
0.0385122 0.2502419 -0.0416685 0 0 255
0.0395004 0.2523228 -0.0404899 0 0 255
0.0409840 0.2546788 -0.0387937 0 0 255
0.0407504 0.2561069 -0.0388890 0 0 255
0.0412548 0.2579387 -0.0382140 0 0 255
0.0437422 0.2608690 -0.0354674 0 0 255
0.0462554 0.2638296 -0.0326926 0 0 255
0.0472847 0.2675528 -0.0313163 0 0 255
0.0483090 0.2697074 -0.0300948 0 0 255
0.0483215 0.2712933 -0.0299311 0 0 255
0.0473253 0.2723026 -0.0308226 0 0 255
0.0473378 0.2738854 -0.0306591 0 0 255
0.0465941 0.2750309 -0.0312873 0 0 255
0.0466066 0.2766112 -0.0311241 0 0 255
0.0524124 -0.0912491 -0.0582137 0 0 255
0.0521654 -0.0895986 -0.0583022 0 0 255
0.0511454 -0.0878228 -0.0591490 0 0 255
0.0496124 -0.0859713 -0.0604996 0 0 255
0.0493683 -0.0843329 -0.0605865 0 0 255
0.0481015 -0.0825383 -0.0616773 0 0 255
0.0478590 -0.0809068 -0.0617633 0 0 255
0.0468538 -0.0791643 -0.0625984 0 0 255
0.0461058 -0.0774654 -0.0631815 0 0 255
0.0451080 -0.0757363 -0.0640106 0 0 255
0.0443654 -0.0740489 -0.0645894 0 0 255
0.0431246 -0.0722993 -0.0656587 0 0 255
0.0428872 -0.0706898 -0.0657416 0 0 255
0.0421515 -0.0690180 -0.0663151 0 0 255
0.0414181 -0.0673513 -0.0668867 0 0 255
0.0404426 -0.0656600 -0.0676971 0 0 255
0.0399611 -0.0640337 -0.0680217 0 0 255
0.0394805 -0.0624106 -0.0683456 0 0 255
0.0387553 -0.0607634 -0.0689109 0 0 255
0.0385223 -0.0591744 -0.0689914 0 0 255
0.0382895 -0.0575870 -0.0690718 0 0 255
0.0373240 -0.0559264 -0.0698754 0 0 255
0.0370924 -0.0543447 -0.0699552 0 0 255
0.0366176 -0.0527413 -0.0702751 0 0 255
0.0363868 -0.0511636 -0.0703545 0 0 255
0.0361561 -0.0495875 -0.0704339 0 0 255
0.0356834 -0.0479921 -0.0707527 0 0 255
0.0356956 -0.0464400 -0.0705924 0 0 255
0.0354657 -0.0448686 -0.0706715 0 0 255
0.0357202 -0.0433357 -0.0702717 0 0 255
0.0354902 -0.0417658 -0.0703509 0 0 255
0.0352605 -0.0401975 -0.0704302 0 0 255
0.0355147 -0.0386629 -0.0700305 0 0 255
0.0355270 -0.0371115 -0.0698702 0 0 255
0.0352972 -0.0355455 -0.0699496 0 0 255
0.0350678 -0.0339811 -0.0700289 0 0 255
0.0355637 -0.0324570 -0.0693894 0 0 255
0.0353339 -0.0308933 -0.0694691 0 0 255
0.0353462 -0.0293425 -0.0693089 0 0 255
0.0353584 -0.0277917 -0.0691487 0 0 255
0.0353707 -0.0262409 -0.0689885 0 0 255
0.0353829 -0.0246901 -0.0688283 0 0 255
0.0353951 -0.0231392 -0.0686682 0 0 255
0.0351656 -0.0215809 -0.0687481 0 0 255
0.0351779 -0.0200308 -0.0685880 0 0 255
0.0351900 -0.0184807 -0.0684279 0 0 255
0.0352023 -0.0169305 -0.0682678 0 0 255
0.0354563 -0.0153846 -0.0678672 0 0 255
0.0357106 -0.0138371 -0.0674661 0 0 255
0.0362077 -0.0122907 -0.0668233 0 0 255
-0.0221243 -0.0102832 -0.1247478 0 0 255
-0.0221135 -0.0089196 -0.1246069 0 0 255
-0.0247039 -0.0075526 -0.1270573 0 0 255
-0.0305165 -0.0062090 -0.1327202 0 0 255
-0.0308647 -0.0048746 -0.1329398 0 0 255
-0.0179716 0.0378532 -0.1160167 0 0 255
0.0650520 0.0598133 -0.0312048 0 0 255
0.0653378 0.0614965 -0.0307594 0 0 255
0.0656335 0.0648292 -0.0301467 0 0 255
0.0656498 0.0664778 -0.0299731 0 0 255
0.0653898 0.0680855 -0.0300788 0 0 255
0.0656759 0.0697741 -0.0296326 0 0 255
0.0651430 0.0713378 -0.0300143 0 0 255
0.0646113 0.0728982 -0.0303952 0 0 255
0.0624570 0.0741935 -0.0324178 0 0 255
0.0619310 0.0757425 -0.0327941 0 0 255
0.0624828 0.0774689 -0.0320795 0 0 255
0.0630358 0.0791989 -0.0313634 0 0 255
0.0630488 0.0808384 -0.0311941 0 0 255
0.0625216 0.0823820 -0.0315720 0 0 255
0.0622649 0.0839711 -0.0316761 0 0 255
0.0620084 0.0855585 -0.0317802 0 0 255
0.0622907 0.0872450 -0.0313380 0 0 255
0.0617652 0.0887794 -0.0317152 0 0 255
0.0623165 0.0905189 -0.0309998 0 0 255
0.0620601 0.0921028 -0.0311041 0 0 255
0.0620730 0.0937390 -0.0309352 0 0 255
0.0618168 0.0953204 -0.0310395 0 0 255
0.0610240 0.0967892 -0.0316891 0 0 255
0.0526044 0.0966518 -0.0400907 0 0 255
0.0387647 0.0953043 -0.0540078 0 0 255
0.0329717 0.0956083 -0.0597503 0 0 255
0.0329839 0.0971497 -0.0595911 0 0 255
0.0332352 0.0987445 -0.0591885 0 0 255
0.0330082 0.1002327 -0.0592726 0 0 255
0.0320664 0.1015554 -0.0600848 0 0 255
0.0323167 0.1031493 -0.0596833 0 0 255
0.0318528 0.1045762 -0.0600093 0 0 255
0.0316272 0.1060571 -0.0600927 0 0 255
0.0321150 0.1077093 -0.0594491 0 0 255
0.0321271 0.1092479 -0.0592902 0 0 255
0.0323774 0.1108457 -0.0588883 0 0 255
0.0321513 0.1123250 -0.0589724 0 0 255
0.0324017 0.1139244 -0.0585703 0 0 255
0.0324139 0.1154638 -0.0584113 0 0 255
0.0324261 0.1170032 -0.0582522 0 0 255
0.0329153 0.1186691 -0.0576058 0 0 255
0.0331664 0.1202742 -0.0572025 0 0 255
0.0331785 0.1218160 -0.0570432 0 0 255
0.0334300 0.1234235 -0.0566393 0 0 255
0.0336815 0.1250327 -0.0562351 0 0 255
0.0339334 0.1266435 -0.0558304 0 0 255
0.0341855 0.1282560 -0.0554254 0 0 255
0.0344379 0.1298701 -0.0550199 0 0 255
0.0344501 0.1314159 -0.0548603 0 0 255
0.0344623 0.1329617 -0.0547006 0 0 255
0.0349556 0.1346507 -0.0540479 0 0 255
0.0354499 0.1363431 -0.0533939 0 0 255
0.0359453 0.1380390 -0.0527386 0 0 255
0.0357158 0.1395153 -0.0528263 0 0 255
0.0362116 0.1412153 -0.0521700 0 0 255
0.0362239 0.1427667 -0.0520098 0 0 255
0.0362361 0.1443182 -0.0518495 0 0 255
0.0362484 0.1458697 -0.0516893 0 0 255
0.0357769 0.1472647 -0.0520259 0 0 255
0.0357891 0.1488147 -0.0518658 0 0 255
0.0362851 0.1505242 -0.0512085 0 0 255
0.0360553 0.1519951 -0.0512971 0 0 255
0.0365518 0.1537088 -0.0506389 0 0 255
0.0363218 0.1551789 -0.0507277 0 0 255
0.0370615 0.1569799 -0.0498189 0 0 255
0.0375600 0.1587022 -0.0491579 0 0 255
0.0375723 0.1602578 -0.0489972 0 0 255
0.0385600 0.1621573 -0.0478319 0 0 255
0.0383281 0.1636292 -0.0479224 0 0 255
0.0385846 0.1652749 -0.0475098 0 0 255
0.0393312 0.1670998 -0.0465919 0 0 255
0.0405723 0.1691102 -0.0451635 0 0 255
0.0408313 0.1707664 -0.0447474 0 0 255
0.0413374 0.1725162 -0.0440761 0 0 255
0.0423405 0.1744557 -0.0428917 0 0 255
0.0426013 0.1761206 -0.0424730 0 0 255
0.0431111 0.1778823 -0.0417970 0 0 255
0.0436220 0.1796476 -0.0411195 0 0 255
0.0438840 0.1813195 -0.0406989 0 0 255
0.0441463 0.1829932 -0.0402778 0 0 255
0.0444089 0.1846686 -0.0398563 0 0 255
0.0451734 0.1865454 -0.0389156 0 0 255
0.0459402 0.1884281 -0.0379719 0 0 255
0.0467094 0.1903166 -0.0370253 0 0 255
0.0469747 0.1920046 -0.0365999 0 0 255
0.0474936 0.1937984 -0.0359118 0 0 255
0.0480135 0.1955960 -0.0352222 0 0 255
0.0477722 0.1970792 -0.0353211 0 0 255
0.0477847 0.1986675 -0.0351570 0 0 255
0.0480511 0.2003634 -0.0347298 0 0 255
0.0478098 0.2018442 -0.0348289 0 0 255
0.0478224 0.2034326 -0.0346648 0 0 255
0.0478349 0.2050210 -0.0345008 0 0 255
0.0473404 0.2063880 -0.0348630 0 0 255
0.0473529 0.2079748 -0.0346990 0 0 255
0.0466069 0.2092254 -0.0353230 0 0 255
0.0466194 0.2108097 -0.0351593 0 0 255
0.0461274 0.2121673 -0.0355199 0 0 255
0.0456366 0.2135220 -0.0358797 0 0 255
0.0456490 0.2151032 -0.0357164 0 0 255
0.0454102 0.2165689 -0.0358145 0 0 255
0.0449208 0.2179171 -0.0361734 0 0 255
0.0444324 0.2192625 -0.0365316 0 0 255
0.0441948 0.2207224 -0.0366290 0 0 255
0.0442072 0.2222988 -0.0364662 0 0 255
0.0437203 0.2236377 -0.0368235 0 0 255
0.0434835 0.2250931 -0.0369205 0 0 255
0.0429981 0.2264272 -0.0372768 0 0 255
0.0422657 0.2276381 -0.0378910 0 0 255
0.0417858 0.2289677 -0.0382422 0 0 255
0.0413039 0.2302930 -0.0385958 0 0 255
0.0408230 0.2316157 -0.0389488 0 0 255
0.0405890 0.2330582 -0.0390441 0 0 255
0.0403553 0.2344993 -0.0391394 0 0 255
0.0398763 0.2358150 -0.0394911 0 0 255
0.0398887 0.2373772 -0.0393298 0 0 255
0.0399010 0.2389394 -0.0391684 0 0 255
0.0384452 0.2397463 -0.0405418 0 0 255
0.0387016 0.2414301 -0.0401257 0 0 255
0.0379824 0.2426074 -0.0407298 0 0 255
0.0372654 0.2437810 -0.0413322 0 0 255
0.0375205 0.2454626 -0.0409176 0 0 255
0.0382628 0.2474042 -0.0399927 0 0 255
0.0387630 0.2492215 -0.0393209 0 0 255
0.0382873 0.2505178 -0.0396711 0 0 255
0.0395214 0.2527347 -0.0382301 0 0 255
0.0397788 0.2544286 -0.0378119 0 0 255
0.0400365 0.2561243 -0.0373934 0 0 255
0.0407865 0.2580924 -0.0364584 0 0 255
0.0437722 0.2613021 -0.0331774 0 0 255
0.0447839 0.2634327 -0.0319661 0 0 255
0.0452976 0.2652910 -0.0312770 0 0 255
0.0458123 0.2671531 -0.0305865 0 0 255
0.0455735 0.2685919 -0.0306871 0 0 255
0.0455860 0.2701721 -0.0305239 0 0 255
0.0450966 0.2714651 -0.0308880 0 0 255
0.0448586 0.2728994 -0.0309883 0 0 255
0.0506503 -0.0912405 -0.0576993 0 0 255
0.0493742 -0.0894194 -0.0588028 0 0 255
0.0504173 -0.0879887 -0.0576222 0 0 255
0.0491425 -0.0861771 -0.0587254 0 0 255
0.0488983 -0.0845369 -0.0588132 0 0 255
0.0478868 -0.0827794 -0.0596580 0 0 255
0.0463712 -0.0809523 -0.0610007 0 0 255
0.0453701 -0.0792114 -0.0618366 0 0 255
0.0453827 -0.0776241 -0.0616726 0 0 255
0.0443858 -0.0758937 -0.0625053 0 0 255
0.0433930 -0.0741705 -0.0633346 0 0 255
0.0424044 -0.0724543 -0.0641603 0 0 255
0.0419178 -0.0708109 -0.0644906 0 0 255
0.0411836 -0.0691389 -0.0650660 0 0 255
0.0397127 -0.0673793 -0.0663703 0 0 255
0.0394782 -0.0657805 -0.0664525 0 0 255
0.0389977 -0.0641540 -0.0667783 0 0 255
0.0385180 -0.0625308 -0.0671035 0 0 255
0.0382848 -0.0609385 -0.0671850 0 0 255
0.0378067 -0.0593211 -0.0675093 0 0 255
0.0370851 -0.0576810 -0.0680750 0 0 255
0.0366094 -0.0560710 -0.0683975 0 0 255
0.0361348 -0.0544642 -0.0687193 0 0 255
0.0359039 -0.0528840 -0.0687996 0 0 255
0.0359162 -0.0513280 -0.0686389 0 0 255
0.0352005 -0.0497067 -0.0692005 0 0 255
0.0349706 -0.0481321 -0.0692804 0 0 255
0.0349828 -0.0465792 -0.0691200 0 0 255
0.0349951 -0.0450262 -0.0689596 0 0 255
0.0350074 -0.0434732 -0.0687992 0 0 255
0.0347777 -0.0419025 -0.0688792 0 0 255
0.0343067 -0.0403164 -0.0691993 0 0 255
0.0343190 -0.0387658 -0.0690391 0 0 255
0.0345727 -0.0372304 -0.0686387 0 0 255
0.0345849 -0.0356789 -0.0684784 0 0 255
0.0345972 -0.0341274 -0.0683181 0 0 255
0.0343679 -0.0325629 -0.0683984 0 0 255
0.0341389 -0.0309999 -0.0684785 0 0 255
0.0343924 -0.0294613 -0.0680780 0 0 255
0.0341633 -0.0278999 -0.0681582 0 0 255
0.0341756 -0.0263499 -0.0679981 0 0 255
0.0339467 -0.0247908 -0.0680784 0 0 255
0.0342000 -0.0232497 -0.0676779 0 0 255
0.0339712 -0.0216922 -0.0677583 0 0 255
0.0342245 -0.0201495 -0.0673576 0 0 255
0.0339956 -0.0185935 -0.0674382 0 0 255
0.0344902 -0.0170543 -0.0667963 0 0 255
0.0345024 -0.0155033 -0.0666361 0 0 255
0.0349981 -0.0139593 -0.0659927 0 0 255
0.0359800 -0.0124177 -0.0648628 0 0 255
-0.0229628 -0.0103875 -0.1236655 0 0 255
-0.0236971 -0.0090203 -0.1242699 0 0 255
-0.0284649 -0.0076518 -0.1289115 0 0 255
-0.0345379 -0.0063167 -0.1348627 0 0 255
0.0645943 0.0614077 -0.0291793 0 0 255
0.0646073 0.0630558 -0.0290090 0 0 255
0.0643510 0.0646657 -0.0291119 0 0 255
0.0643640 0.0663130 -0.0289418 0 0 255
0.0630188 0.0677589 -0.0301504 0 0 255
0.0608736 0.0690747 -0.0321719 0 0 255
0.0606180 0.0706690 -0.0322756 0 0 255
0.0603628 0.0722616 -0.0323792 0 0 255
0.0603756 0.0738958 -0.0322104 0 0 255
0.0603885 0.0755300 -0.0320415 0 0 255
0.0601335 0.0771192 -0.0321453 0 0 255
0.0604143 0.0787984 -0.0317039 0 0 255
0.0606954 0.0804794 -0.0312622 0 0 255
0.0607083 0.0821145 -0.0310933 0 0 255
0.0604529 0.0837012 -0.0311975 0 0 255
0.0607341 0.0853849 -0.0307555 0 0 255
0.0607470 0.0870201 -0.0305866 0 0 255
0.0607599 0.0886553 -0.0304177 0 0 255
0.0605046 0.0902386 -0.0305222 0 0 255
0.0613230 0.0920317 -0.0295318 0 0 255
0.0610671 0.0936149 -0.0296370 0 0 255
0.0610800 0.0952511 -0.0294680 0 0 255
0.0610929 0.0968873 -0.0292990 0 0 255
0.0531744 0.0968572 -0.0372275 0 0 255
0.0534476 0.0985232 -0.0367951 0 0 255
0.0524201 0.0999091 -0.0376914 0 0 255
0.0356409 0.0978254 -0.0546845 0 0 255
0.0320485 0.0985744 -0.0582088 0 0 255
0.0320606 0.1001159 -0.0580496 0 0 255
0.0311207 0.1014389 -0.0588641 0 0 255
0.0316085 0.1030881 -0.0582186 0 0 255
0.0311450 0.1045159 -0.0585462 0 0 255
0.0309197 0.1059975 -0.0586304 0 0 255
0.0314069 0.1076506 -0.0579850 0 0 255
0.0316570 0.1092484 -0.0575823 0 0 255
0.0321458 0.1109072 -0.0569348 0 0 255
0.0319195 0.1123887 -0.0570199 0 0 255
0.0319316 0.1139297 -0.0568608 0 0 255
0.0326598 0.1156560 -0.0559672 0 0 255
0.0324331 0.1171366 -0.0560529 0 0 255
0.0324453 0.1186792 -0.0558936 0 0 255
0.0324574 0.1202217 -0.0557342 0 0 255
0.0327085 0.1218292 -0.0553296 0 0 255
0.0327207 0.1233726 -0.0551701 0 0 255
0.0334512 0.1251160 -0.0542727 0 0 255
0.0337033 0.1267293 -0.0538664 0 0 255
0.0339557 0.1283443 -0.0534596 0 0 255
0.0339679 0.1298916 -0.0532998 0 0 255
0.0342205 0.1315091 -0.0528927 0 0 255
0.0342327 0.1330573 -0.0527327 0 0 255
0.0347266 0.1347489 -0.0520771 0 0 255
0.0352214 0.1364440 -0.0514201 0 0 255
0.0354754 0.1380689 -0.0510108 0 0 255
0.0357295 0.1396955 -0.0506013 0 0 255
0.0357417 0.1412485 -0.0504409 0 0 255
0.0357540 0.1428016 -0.0502805 0 0 255
0.0360084 0.1444315 -0.0498703 0 0 255
0.0360207 0.1459853 -0.0497098 0 0 255
0.0357907 0.1474607 -0.0497992 0 0 255
0.0358030 0.1490138 -0.0496388 0 0 255
0.0358152 0.1505670 -0.0494783 0 0 255
0.0360697 0.1522009 -0.0490677 0 0 255
0.0363245 0.1538365 -0.0486567 0 0 255
0.0365794 0.1554738 -0.0482453 0 0 255
0.0370779 0.1571963 -0.0475820 0 0 255
0.0375775 0.1589223 -0.0469173 0 0 255
0.0380780 0.1606519 -0.0462514 0 0 255
0.0385796 0.1623850 -0.0455839 0 0 255
0.0385919 0.1639470 -0.0454226 0 0 255
0.0388492 0.1655971 -0.0450076 0 0 255
0.0398442 0.1675164 -0.0438287 0 0 255
0.0403493 0.1692628 -0.0431565 0 0 255
0.0408555 0.1710129 -0.0424828 0 0 255
0.0408679 0.1725822 -0.0423207 0 0 255
0.0418710 0.1745238 -0.0411315 0 0 255
0.0421318 0.1761905 -0.0407115 0 0 255
0.0428907 0.1780493 -0.0397745 0 0 255
0.0434022 0.1798175 -0.0390939 0 0 255
0.0434146 0.1813949 -0.0389310 0 0 255
0.0436769 0.1830704 -0.0385085 0 0 255
0.0439396 0.1847477 -0.0380856 0 0 255
0.0439520 0.1863268 -0.0379225 0 0 255
0.0452193 0.1884101 -0.0364553 0 0 255
0.0457355 0.1901974 -0.0357682 0 0 255
0.0462528 0.1919885 -0.0350795 0 0 255
0.0460127 0.1934711 -0.0351783 0 0 255
0.0460252 0.1950570 -0.0350145 0 0 255
0.0465431 0.1968540 -0.0343247 0 0 255
0.0463028 0.1983351 -0.0344239 0 0 255
0.0465682 0.2000291 -0.0339968 0 0 255
0.0465807 0.2016166 -0.0338327 0 0 255
0.0463403 0.2030953 -0.0339322 0 0 255
0.0461002 0.2045724 -0.0340316 0 0 255
0.0458605 0.2060480 -0.0341309 0 0 255
0.0461253 0.2077443 -0.0337040 0 0 255
0.0458854 0.2092183 -0.0338034 0 0 255
0.0453940 0.2105782 -0.0341656 0 0 255
0.0449036 0.2119353 -0.0345269 0 0 255
0.0444142 0.2132896 -0.0348875 0 0 255
0.0444268 0.2148700 -0.0347242 0 0 255
0.0441887 0.2163351 -0.0348227 0 0 255
0.0439508 0.2177987 -0.0349212 0 0 255
0.0434634 0.2191443 -0.0352806 0 0 255
0.0432262 0.2206042 -0.0353788 0 0 255
0.0429894 0.2220627 -0.0354766 0 0 255
0.0425040 0.2234012 -0.0358348 0 0 255
0.0422679 0.2248560 -0.0359323 0 0 255
0.0422803 0.2264292 -0.0357699 0 0 255
0.0410568 0.2274018 -0.0369016 0 0 255
0.0408222 0.2288501 -0.0369983 0 0 255
0.0405878 0.2302970 -0.0370948 0 0 255
0.0401073 0.2316204 -0.0374495 0 0 255
0.0401196 0.2331865 -0.0372878 0 0 255
0.0393946 0.2343822 -0.0378994 0 0 255
0.0394069 0.2359460 -0.0377378 0 0 255
0.0394193 0.2375097 -0.0375763 0 0 255
0.0391863 0.2389479 -0.0376723 0 0 255
0.0391986 0.2405109 -0.0375108 0 0 255
0.0382321 0.2415664 -0.0383775 0 0 255
0.0382444 0.2431263 -0.0382164 0 0 255
0.0380127 0.2445580 -0.0383118 0 0 255
0.0387580 0.2465042 -0.0373801 0 0 255
0.0385257 0.2479358 -0.0374760 0 0 255
0.0390274 0.2497582 -0.0368000 0 0 255
0.0387949 0.2511888 -0.0368962 0 0 255
0.0388072 0.2527504 -0.0367349 0 0 255
0.0390643 0.2544452 -0.0363158 0 0 255
0.0390767 0.2560076 -0.0361544 0 0 255
0.0393342 0.2577051 -0.0357348 0 0 255
0.0413167 0.2603599 -0.0334972 0 0 255
0.0415765 0.2620675 -0.0330742 0 0 255
0.0420844 0.2639157 -0.0323895 0 0 255
0.0428422 0.2659081 -0.0314409 0 0 255
0.0433528 0.2677651 -0.0307527 0 0 255
0.0431161 0.2691992 -0.0308529 0 0 255
0.0428795 0.2706318 -0.0309530 0 0 255
0.0483896 -0.0895426 -0.0575322 0 0 255
0.0481458 -0.0878998 -0.0576207 0 0 255
0.0479022 -0.0862587 -0.0577091 0 0 255
0.0479148 -0.0846599 -0.0575439 0 0 255
0.0461415 -0.0827835 -0.0591480 0 0 255
0.0451394 -0.0810361 -0.0599890 0 0 255
0.0441415 -0.0792959 -0.0608265 0 0 255
0.0441540 -0.0777095 -0.0606627 0 0 255
0.0431601 -0.0759798 -0.0614970 0 0 255
0.0426710 -0.0743269 -0.0618312 0 0 255
0.0416833 -0.0726095 -0.0626605 0 0 255
0.0411972 -0.0709651 -0.0629925 0 0 255
0.0404637 -0.0692919 -0.0635704 0 0 255
0.0397326 -0.0676240 -0.0641466 0 0 255
0.0385138 -0.0659010 -0.0652078 0 0 255
0.0382801 -0.0643037 -0.0652905 0 0 255
0.0375555 -0.0626510 -0.0658613 0 0 255
0.0373228 -0.0610587 -0.0659435 0 0 255
0.0370903 -0.0594679 -0.0660256 0 0 255
0.0366136 -0.0578527 -0.0663508 0 0 255
0.0361379 -0.0562409 -0.0666755 0 0 255
0.0354200 -0.0546080 -0.0672416 0 0 255
0.0351894 -0.0530269 -0.0673226 0 0 255
0.0349590 -0.0514474 -0.0674037 0 0 255
0.0347289 -0.0498695 -0.0674846 0 0 255
0.0342571 -0.0482722 -0.0678067 0 0 255
0.0337862 -0.0466782 -0.0681281 0 0 255
0.0337984 -0.0451260 -0.0679678 0 0 255
0.0338106 -0.0435738 -0.0678074 0 0 255
0.0338229 -0.0420215 -0.0676471 0 0 255
0.0335939 -0.0404523 -0.0677277 0 0 255
0.0333652 -0.0388847 -0.0678082 0 0 255
0.0338596 -0.0373648 -0.0671660 0 0 255
0.0333896 -0.0357832 -0.0674878 0 0 255
0.0334018 -0.0342325 -0.0673276 0 0 255
0.0331733 -0.0326687 -0.0674083 0 0 255
0.0331855 -0.0311187 -0.0672481 0 0 255
0.0329572 -0.0295572 -0.0673288 0 0 255
0.0327291 -0.0279974 -0.0674094 0 0 255
0.0332222 -0.0264686 -0.0667677 0 0 255
0.0329938 -0.0249094 -0.0668487 0 0 255
0.0332466 -0.0233684 -0.0664475 0 0 255
0.0334996 -0.0218258 -0.0660459 0 0 255
0.0335118 -0.0202749 -0.0658857 0 0 255
0.0335241 -0.0187239 -0.0657255 0 0 255
0.0332955 -0.0171678 -0.0658070 0 0 255
0.0333077 -0.0156176 -0.0656468 0 0 255
0.0338019 -0.0140745 -0.0650028 0 0 255
0.0345389 -0.0125311 -0.0641144 0 0 255
-0.0249157 -0.0104825 -0.1237026 0 0 255
-0.0271157 -0.0091114 -0.1257841 0 0 255
-0.0300164 -0.0077534 -0.1285713 0 0 255
-0.0579495 -0.0064516 -0.1565348 0 0 255
0.0616738 0.0593842 -0.0299703 0 0 255
0.0608778 0.0609167 -0.0306245 0 0 255
0.0600845 0.0624442 -0.0312766 0 0 255
0.0603659 0.0641190 -0.0308338 0 0 255
0.0598421 0.0656787 -0.0312119 0 0 255
0.0585183 0.0671162 -0.0324059 0 0 255
0.0582646 0.0687073 -0.0325091 0 0 255
0.0585440 0.0703793 -0.0320688 0 0 255
0.0574924 0.0718425 -0.0329866 0 0 255
0.0569748 0.0733850 -0.0333599 0 0 255
0.0577838 0.0751424 -0.0323789 0 0 255
0.0575309 0.0767268 -0.0324820 0 0 255
0.0580754 0.0784460 -0.0317705 0 0 255
0.0580883 0.0800759 -0.0316021 0 0 255
0.0575694 0.0816113 -0.0319774 0 0 255
0.0578480 0.0832876 -0.0315375 0 0 255
0.0581268 0.0849657 -0.0310970 0 0 255
0.0584060 0.0866456 -0.0306561 0 0 255
0.0584188 0.0882765 -0.0304876 0 0 255
0.0586983 0.0899591 -0.0300462 0 0 255
0.0597804 0.0918018 -0.0287823 0 0 255
0.0595255 0.0933834 -0.0288877 0 0 255
0.0590037 0.0949089 -0.0292669 0 0 255
0.0576850 0.0962660 -0.0304636 0 0 255
0.0584959 0.0980622 -0.0294768 0 0 255
0.0553313 0.0990148 -0.0325680 0 0 255
0.0561347 0.1008069 -0.0315893 0 0 255
0.0517035 0.1014523 -0.0359834 0 0 255
0.0504233 0.1027724 -0.0371448 0 0 255
0.0318282 0.1001612 -0.0560919 0 0 255
0.0304122 0.1013769 -0.0573997 0 0 255
0.0306618 0.1029715 -0.0569967 0 0 255
0.0306739 0.1045115 -0.0568377 0 0 255
0.0306861 0.1060516 -0.0566785 0 0 255
0.0316504 0.1078229 -0.0555400 0 0 255
0.0323793 0.1095425 -0.0546430 0 0 255
0.0321523 0.1110285 -0.0547295 0 0 255
0.0319256 0.1125129 -0.0548159 0 0 255
0.0319377 0.1140570 -0.0546564 0 0 255
0.0319499 0.1156011 -0.0544969 0 0 255
0.0319620 0.1171451 -0.0543374 0 0 255
0.0324523 0.1188163 -0.0536850 0 0 255
0.0322253 0.1202976 -0.0537720 0 0 255
0.0322375 0.1218426 -0.0536124 0 0 255
0.0327283 0.1235193 -0.0529590 0 0 255
0.0327405 0.1250659 -0.0527992 0 0 255
0.0327527 0.1266124 -0.0526395 0 0 255
0.0332446 0.1282958 -0.0519843 0 0 255
0.0330168 0.1297747 -0.0520723 0 0 255
0.0339902 0.1316025 -0.0509191 0 0 255
0.0342434 0.1332241 -0.0505099 0 0 255
0.0342557 0.1347755 -0.0503496 0 0 255
0.0349922 0.1365452 -0.0494402 0 0 255
0.0354885 0.1382465 -0.0487788 0 0 255
0.0355008 0.1398018 -0.0486181 0 0 255
0.0357555 0.1414327 -0.0482065 0 0 255
0.0357678 0.1429888 -0.0480457 0 0 255
0.0357801 0.1445451 -0.0478849 0 0 255
0.0357924 0.1461013 -0.0477241 0 0 255
0.0355622 0.1475790 -0.0478147 0 0 255
0.0358169 0.1492138 -0.0474026 0 0 255
0.0358292 0.1507701 -0.0472418 0 0 255
0.0358414 0.1523264 -0.0470811 0 0 255
0.0363395 0.1540466 -0.0464162 0 0 255
0.0368384 0.1557702 -0.0457501 0 0 255
0.0373384 0.1574974 -0.0450826 0 0 255
0.0375950 0.1591433 -0.0446676 0 0 255
0.0378518 0.1607909 -0.0442523 0 0 255
0.0381089 0.1624402 -0.0438364 0 0 255
0.0383662 0.1640913 -0.0434202 0 0 255
0.0388694 0.1658324 -0.0427482 0 0 255
0.0393735 0.1675771 -0.0420749 0 0 255
0.0396321 0.1692350 -0.0416567 0 0 255
0.0401379 0.1709860 -0.0409811 0 0 255
0.0406446 0.1727405 -0.0403042 0 0 255
0.0411524 0.1744986 -0.0396259 0 0 255
0.0414129 0.1761662 -0.0392050 0 0 255
0.0421712 0.1780259 -0.0382652 0 0 255
0.0424328 0.1796988 -0.0378426 0 0 255
0.0429443 0.1814705 -0.0371593 0 0 255
0.0429567 0.1830497 -0.0369961 0 0 255
0.0429692 0.1846289 -0.0368330 0 0 255
0.0437321 0.1865076 -0.0358866 0 0 255
0.0439953 0.1881901 -0.0354615 0 0 255
0.0440078 0.1897726 -0.0352980 0 0 255
0.0445225 0.1915604 -0.0346099 0 0 255
0.0442837 0.1930411 -0.0347089 0 0 255
0.0442962 0.1946244 -0.0345452 0 0 255
0.0443087 0.1962078 -0.0343817 0 0 255
0.0440702 0.1976854 -0.0344806 0 0 255
0.0445849 0.1994815 -0.0337917 0 0 255
0.0445974 0.2010658 -0.0336280 0 0 255
0.0441076 0.2024333 -0.0339901 0 0 255
0.0443711 0.2041252 -0.0335638 0 0 255
0.0443836 0.2057087 -0.0334002 0 0 255
0.0446474 0.2074032 -0.0329733 0 0 255
0.0439067 0.2086527 -0.0335990 0 0 255
0.0439192 0.2102347 -0.0334355 0 0 255
0.0434308 0.2115907 -0.0337973 0 0 255
0.0429434 0.2129440 -0.0341583 0 0 255
0.0427063 0.2144086 -0.0342570 0 0 255
0.0427187 0.2159866 -0.0340940 0 0 255
0.0422328 0.2173333 -0.0344542 0 0 255
0.0422453 0.2189096 -0.0342913 0 0 255
0.0422577 0.2204860 -0.0341285 0 0 255
0.0417728 0.2218268 -0.0344882 0 0 255
0.0410411 0.2230467 -0.0351076 0 0 255
0.0408059 0.2245002 -0.0352054 0 0 255
0.0400803 0.2257150 -0.0358192 0 0 255
0.0398462 0.2271642 -0.0359164 0 0 255
0.0396123 0.2286120 -0.0360135 0 0 255
0.0391328 0.2299370 -0.0363693 0 0 255
0.0388996 0.2313812 -0.0364660 0 0 255
0.0389119 0.2329465 -0.0363044 0 0 255
0.0386789 0.2343884 -0.0364010 0 0 255
0.0386913 0.2359529 -0.0362394 0 0 255
0.0387036 0.2375175 -0.0360778 0 0 255
0.0387159 0.2390821 -0.0359162 0 0 255
0.0389736 0.2407733 -0.0354958 0 0 255
0.0382507 0.2419569 -0.0361098 0 0 255
0.0380184 0.2433922 -0.0362065 0 0 255
0.0377863 0.2448260 -0.0363031 0 0 255
0.0380430 0.2465167 -0.0358838 0 0 255
0.0378109 0.2479489 -0.0359805 0 0 255
0.0378233 0.2495105 -0.0358192 0 0 255
0.0378356 0.2510721 -0.0356579 0 0 255
0.0380923 0.2527660 -0.0352381 0 0 255
0.0378602 0.2541952 -0.0353352 0 0 255
0.0381169 0.2558908 -0.0349154 0 0 255
0.0383739 0.2575883 -0.0344951 0 0 255
0.0391216 0.2595597 -0.0335552 0 0 255
0.0401181 0.2616746 -0.0323514 0 0 255
0.0401305 0.2632435 -0.0321894 0 0 255
0.0408837 0.2652307 -0.0312424 0 0 255
0.0404019 0.2665215 -0.0316038 0 0 255
0.0409085 0.2683734 -0.0309178 0 0 255
0.0469060 -0.0879806 -0.0566050 0 0 255
0.0471742 -0.0864233 -0.0561855 0 0 255
0.0471869 -0.0848237 -0.0560202 0 0 255
0.0451615 -0.0829061 -0.0578834 0 0 255
0.0444142 -0.0811970 -0.0584753 0 0 255
0.0436692 -0.0794932 -0.0590654 0 0 255
0.0431781 -0.0778315 -0.0594032 0 0 255
0.0424370 -0.0761374 -0.0599903 0 0 255
0.0414482 -0.0744136 -0.0608247 0 0 255
0.0409616 -0.0727648 -0.0611590 0 0 255
0.0399790 -0.0710532 -0.0619885 0 0 255
0.0397432 -0.0694451 -0.0620733 0 0 255
0.0390128 -0.0677760 -0.0626520 0 0 255
0.0377952 -0.0660518 -0.0637176 0 0 255
0.0370707 -0.0643947 -0.0642914 0 0 255
0.0365930 -0.0627712 -0.0646192 0 0 255
0.0368502 -0.0612343 -0.0642128 0 0 255
0.0363731 -0.0596149 -0.0645404 0 0 255
0.0358969 -0.0579987 -0.0648674 0 0 255
0.0354217 -0.0563858 -0.0651936 0 0 255
0.0349475 -0.0547763 -0.0655192 0 0 255
0.0344742 -0.0531699 -0.0658441 0 0 255
0.0342440 -0.0515896 -0.0659260 0 0 255
0.0337722 -0.0499889 -0.0662499 0 0 255
0.0335428 -0.0484125 -0.0663314 0 0 255
0.0333136 -0.0468377 -0.0664128 0 0 255
0.0330846 -0.0452645 -0.0664941 0 0 255
0.0328559 -0.0436928 -0.0665753 0 0 255
0.0331091 -0.0421584 -0.0661732 0 0 255
0.0326396 -0.0405713 -0.0664961 0 0 255
0.0326518 -0.0390198 -0.0663359 0 0 255
0.0326641 -0.0374683 -0.0661756 0 0 255
0.0326763 -0.0359168 -0.0660153 0 0 255
0.0324480 -0.0343513 -0.0660966 0 0 255
0.0322199 -0.0327875 -0.0661779 0 0 255
0.0319921 -0.0312252 -0.0662591 0 0 255
0.0322444 -0.0296874 -0.0658576 0 0 255
0.0317767 -0.0281160 -0.0661803 0 0 255
0.0317889 -0.0265675 -0.0660203 0 0 255
0.0318011 -0.0250189 -0.0658602 0 0 255
0.0315737 -0.0234621 -0.0659415 0 0 255
0.0318256 -0.0219218 -0.0655403 0 0 255
0.0320776 -0.0203800 -0.0651386 0 0 255
0.0323299 -0.0188366 -0.0647366 0 0 255
0.0323421 -0.0172864 -0.0645764 0 0 255
0.0323543 -0.0157362 -0.0644163 0 0 255
0.0328475 -0.0141933 -0.0637710 0 0 255
0.0340664 -0.0126557 -0.0623931 0 0 255
-0.0312241 -0.0105396 -0.1281464 0 0 255
-0.0319322 -0.0091937 -0.1287335 0 0 255
-0.0427432 -0.0078319 -0.1395246 0 0 255
-0.0615182 -0.0065508 -0.1583686 0 0 255
0.0577299 0.0605024 -0.0315131 0 0 255
0.0566796 0.0619874 -0.0324324 0 0 255
0.0553698 0.0634286 -0.0336182 0 0 255
0.0561753 0.0651682 -0.0326386 0 0 255
0.0559236 0.0667561 -0.0327414 0 0 255
0.0559365 0.0683824 -0.0325735 0 0 255
0.0551573 0.0698860 -0.0332172 0 0 255
0.0556978 0.0715932 -0.0325084 0 0 255
0.0559749 0.0732614 -0.0320694 0 0 255
0.0562522 0.0749314 -0.0316300 0 0 255
0.0557362 0.0764698 -0.0320046 0 0 255
0.0560133 0.0781407 -0.0315654 0 0 255
0.0560261 0.0797671 -0.0313973 0 0 255
0.0557746 0.0813466 -0.0315008 0 0 255
0.0557874 0.0829722 -0.0313329 0 0 255
0.0560645 0.0846466 -0.0308933 0 0 255
0.0558130 0.0862236 -0.0309970 0 0 255
0.0563549 0.0879502 -0.0302850 0 0 255
0.0561031 0.0895263 -0.0303891 0 0 255
0.0563805 0.0912052 -0.0299487 0 0 255
0.0563933 0.0928326 -0.0297806 0 0 255
0.0556130 0.0942984 -0.0304291 0 0 255
0.0550985 0.0958141 -0.0308043 0 0 255
0.0548480 0.0973819 -0.0309079 0 0 255
0.0543351 0.0988920 -0.0312821 0 0 255
0.0543478 0.1005126 -0.0311147 0 0 255
0.0514920 0.1015016 -0.0339053 0 0 255
0.0504686 0.1028814 -0.0348075 0 0 255
0.0499648 0.1043723 -0.0351743 0 0 255
0.0308913 0.1015882 -0.0547074 0 0 255
0.0306652 0.1030765 -0.0547939 0 0 255
0.0318707 0.1049020 -0.0534021 0 0 255
0.0321223 0.1065065 -0.0529949 0 0 255
0.0321344 0.1080544 -0.0528350 0 0 255
0.0319072 0.1095433 -0.0529226 0 0 255
0.0321588 0.1111502 -0.0525152 0 0 255
0.0321710 0.1126982 -0.0523553 0 0 255
0.0319438 0.1141848 -0.0524431 0 0 255
0.0317168 0.1156700 -0.0525308 0 0 255
0.0314901 0.1171537 -0.0526184 0 0 255
0.0317411 0.1187629 -0.0522113 0 0 255
0.0319926 0.1203738 -0.0518038 0 0 255
0.0317655 0.1218559 -0.0518918 0 0 255
0.0320169 0.1234684 -0.0514841 0 0 255
0.0325083 0.1251494 -0.0508274 0 0 255
0.0325204 0.1266983 -0.0506675 0 0 255
0.0327726 0.1283157 -0.0502585 0 0 255
0.0330250 0.1299348 -0.0498492 0 0 255
0.0335184 0.1316259 -0.0491895 0 0 255
0.0337715 0.1332492 -0.0487790 0 0 255
0.0337838 0.1348021 -0.0486185 0 0 255
0.0342787 0.1365007 -0.0479566 0 0 255
0.0345326 0.1381290 -0.0475448 0 0 255
0.0352715 0.1399084 -0.0466288 0 0 255
0.0350413 0.1413907 -0.0467200 0 0 255
0.0352961 0.1430240 -0.0463069 0 0 255
0.0353083 0.1445818 -0.0461460 0 0 255
0.0348359 0.1459839 -0.0464896 0 0 255
0.0353329 0.1476975 -0.0458241 0 0 255
0.0353451 0.1492554 -0.0456632 0 0 255
0.0353574 0.1508133 -0.0455022 0 0 255
0.0356123 0.1524523 -0.0450884 0 0 255
0.0358677 0.1540931 -0.0446741 0 0 255
0.0361232 0.1557356 -0.0442593 0 0 255
0.0366228 0.1574637 -0.0435899 0 0 255
0.0371233 0.1591952 -0.0429192 0 0 255
0.0376249 0.1609304 -0.0422471 0 0 255
0.0376372 0.1624956 -0.0420853 0 0 255
0.0378946 0.1641484 -0.0416678 0 0 255
0.0381522 0.1658028 -0.0412498 0 0 255
0.0381646 0.1673697 -0.0410879 0 0 255
0.0389143 0.1692072 -0.0401553 0 0 255
0.0394195 0.1709590 -0.0394779 0 0 255
0.0399258 0.1727144 -0.0387991 0 0 255
0.0404331 0.1744735 -0.0381188 0 0 255
0.0409414 0.1762362 -0.0374373 0 0 255
0.0412022 0.1779073 -0.0370145 0 0 255
0.0417122 0.1796763 -0.0363307 0 0 255
0.0419738 0.1813517 -0.0359067 0 0 255
0.0422357 0.1830290 -0.0354822 0 0 255
0.0419987 0.1845101 -0.0355804 0 0 255
0.0422605 0.1861890 -0.0351558 0 0 255
0.0412768 0.1873677 -0.0360372 0 0 255
0.0417868 0.1891466 -0.0353523 0 0 255
0.0417993 0.1907251 -0.0351893 0 0 255
0.0418117 0.1923035 -0.0350262 0 0 255
0.0423228 0.1940894 -0.0343395 0 0 255
0.0425850 0.1957742 -0.0339141 0 0 255
0.0425975 0.1973552 -0.0337508 0 0 255
0.0426099 0.1989362 -0.0335875 0 0 255
0.0426224 0.2005172 -0.0334241 0 0 255
0.0423850 0.2019903 -0.0335234 0 0 255
0.0423975 0.2035706 -0.0333601 0 0 255
0.0424099 0.2051508 -0.0331969 0 0 255
0.0424224 0.2067312 -0.0330336 0 0 255
0.0419360 0.2080894 -0.0333954 0 0 255
0.0419485 0.2096681 -0.0332323 0 0 255
0.0417119 0.2111343 -0.0333315 0 0 255
0.0414756 0.2125991 -0.0334306 0 0 255
0.0412394 0.2140623 -0.0335296 0 0 255
0.0412518 0.2156387 -0.0333667 0 0 255
0.0410160 0.2170997 -0.0334657 0 0 255
0.0407804 0.2185592 -0.0335646 0 0 255
0.0402974 0.2199005 -0.0339245 0 0 255
0.0403098 0.2214737 -0.0337620 0 0 255
0.0403222 0.2230469 -0.0335994 0 0 255
0.0400873 0.2245012 -0.0336981 0 0 255
0.0391162 0.2255974 -0.0345746 0 0 255
0.0388825 0.2270466 -0.0346724 0 0 255
0.0386491 0.2284945 -0.0347703 0 0 255
0.0384158 0.2299409 -0.0348679 0 0 255
0.0379379 0.2312639 -0.0352246 0 0 255
0.0377054 0.2327067 -0.0353219 0 0 255
0.0374731 0.2341481 -0.0354191 0 0 255
0.0374855 0.2357118 -0.0352575 0 0 255
0.0377423 0.2374004 -0.0348371 0 0 255
0.0377547 0.2389650 -0.0346754 0 0 255
0.0377670 0.2405296 -0.0345138 0 0 255
0.0377794 0.2420943 -0.0343521 0 0 255
0.0375471 0.2435309 -0.0344498 0 0 255
0.0373151 0.2449661 -0.0345472 0 0 255
0.0370832 0.2463998 -0.0346447 0 0 255
0.0370955 0.2479622 -0.0344834 0 0 255
0.0371078 0.2495245 -0.0343220 0 0 255
0.0368763 0.2509553 -0.0344195 0 0 255
0.0371324 0.2526493 -0.0339991 0 0 255
0.0371448 0.2542117 -0.0338377 0 0 255
0.0371570 0.2557741 -0.0336764 0 0 255
0.0369254 0.2572018 -0.0337742 0 0 255
0.0384050 0.2595789 -0.0320529 0 0 255
0.0389084 0.2614200 -0.0313689 0 0 255
0.0389208 0.2629880 -0.0312068 0 0 255
0.0394252 0.2648345 -0.0305212 0 0 255
0.0394376 0.2664042 -0.0303590 0 0 255
0.0394499 0.2679740 -0.0301969 0 0 255
0.0464330 -0.0881886 -0.0548256 0 0 255
0.0461902 -0.0865465 -0.0549154 0 0 255
0.0464582 -0.0849876 -0.0544948 0 0 255
0.0431710 -0.0828704 -0.0576291 0 0 255
0.0426797 -0.0812035 -0.0579687 0 0 255
0.0424408 -0.0795777 -0.0580561 0 0 255
0.0419511 -0.0779167 -0.0583948 0 0 255
0.0412123 -0.0762233 -0.0589832 0 0 255
0.0409748 -0.0746051 -0.0590700 0 0 255
0.0397415 -0.0728522 -0.0601545 0 0 255
0.0392574 -0.0712075 -0.0604890 0 0 255
0.0390219 -0.0695985 -0.0605746 0 0 255
0.0377987 -0.0678656 -0.0616508 0 0 255
0.0365848 -0.0661420 -0.0627184 0 0 255
0.0361072 -0.0645151 -0.0630480 0 0 255
0.0358748 -0.0629201 -0.0631318 0 0 255
0.0356428 -0.0613267 -0.0632154 0 0 255
0.0351671 -0.0597080 -0.0635438 0 0 255
0.0346924 -0.0580926 -0.0638716 0 0 255
0.0347047 -0.0565310 -0.0637102 0 0 255
0.0342310 -0.0549204 -0.0640375 0 0 255
0.0337581 -0.0533131 -0.0643641 0 0 255
0.0335283 -0.0517318 -0.0644467 0 0 255
0.0330569 -0.0501302 -0.0647724 0 0 255
0.0328277 -0.0485529 -0.0648546 0 0 255
0.0325988 -0.0469772 -0.0649368 0 0 255
0.0323701 -0.0454031 -0.0650188 0 0 255
0.0321416 -0.0438306 -0.0651008 0 0 255
0.0319133 -0.0422596 -0.0651827 0 0 255
0.0316853 -0.0406903 -0.0652646 0 0 255
0.0319377 -0.0391551 -0.0648620 0 0 255
0.0317097 -0.0375872 -0.0649440 0 0 255
0.0312422 -0.0360063 -0.0652677 0 0 255
0.0312544 -0.0344563 -0.0651076 0 0 255
0.0312666 -0.0329063 -0.0649475 0 0 255
0.0315186 -0.0313686 -0.0645451 0 0 255
0.0312910 -0.0298062 -0.0646272 0 0 255
0.0308243 -0.0282346 -0.0649510 0 0 255
0.0310758 -0.0266960 -0.0645491 0 0 255
0.0308487 -0.0251375 -0.0646310 0 0 255
0.0306218 -0.0235806 -0.0647129 0 0 255
0.0313520 -0.0220556 -0.0638265 0 0 255
0.0311247 -0.0204986 -0.0639088 0 0 255
0.0313765 -0.0189553 -0.0635061 0 0 255
0.0313887 -0.0174051 -0.0633460 0 0 255
0.0314009 -0.0158548 -0.0631858 0 0 255
0.0318931 -0.0143120 -0.0625392 0 0 255
0.0331096 -0.0127748 -0.0611582 0 0 255
-0.0273251 -0.0106840 -0.1222906 0 0 255
-0.0531554 -0.0091825 -0.1483613 0 0 255
-0.0632142 -0.0078866 -0.1584459 0 0 255
0.0527707 0.0598429 -0.0342832 0 0 255
0.0535695 0.0615712 -0.0333077 0 0 255
0.0527962 0.0630817 -0.0339485 0 0 255
0.0541206 0.0648915 -0.0324320 0 0 255
0.0538705 0.0664762 -0.0325347 0 0 255
0.0530962 0.0679796 -0.0331771 0 0 255
0.0528472 0.0695594 -0.0332793 0 0 255
0.0533838 0.0712617 -0.0325724 0 0 255
0.0541845 0.0730102 -0.0315932 0 0 255
0.0541973 0.0746340 -0.0314254 0 0 255
0.0534222 0.0761255 -0.0320699 0 0 255
0.0536973 0.0777917 -0.0316319 0 0 255
0.0537101 0.0794138 -0.0314643 0 0 255
0.0539856 0.0810827 -0.0310256 0 0 255
0.0539983 0.0827058 -0.0308579 0 0 255
0.0542741 0.0843774 -0.0304188 0 0 255
0.0542869 0.0860014 -0.0302510 0 0 255
0.0540366 0.0875751 -0.0303549 0 0 255
0.0540750 0.0924446 -0.0298519 0 0 255
0.0535626 0.0939606 -0.0302273 0 0 255
0.0538378 0.0956365 -0.0297883 0 0 255
0.0538506 0.0972589 -0.0296206 0 0 255
0.0536009 0.0988252 -0.0297247 0 0 255
0.0530895 0.1003329 -0.0301000 0 0 255
0.0528407 0.1018951 -0.0302036 0 0 255
0.0518127 0.1032814 -0.0311147 0 0 255
0.0507860 0.1046611 -0.0320252 0 0 255
0.0386613 0.1034788 -0.0444425 0 0 255
0.0323444 0.1035733 -0.0508442 0 0 255
0.0325969 0.1051820 -0.0504346 0 0 255
0.0321287 0.1066193 -0.0507727 0 0 255
0.0314220 0.1079954 -0.0513587 0 0 255
0.0314342 0.1095441 -0.0511987 0 0 255
0.0314464 0.1110928 -0.0510387 0 0 255
0.0309806 0.1125206 -0.0513754 0 0 255
0.0307540 0.1140066 -0.0514637 0 0 255
0.0310049 0.1156150 -0.0510557 0 0 255
0.0319743 0.1174139 -0.0499005 0 0 255
0.0312682 0.1187731 -0.0504875 0 0 255
0.0315196 0.1203856 -0.0500787 0 0 255
0.0317712 0.1219998 -0.0496694 0 0 255
0.0320232 0.1236157 -0.0492597 0 0 255
0.0320354 0.1251661 -0.0490995 0 0 255
0.0320475 0.1267166 -0.0489394 0 0 255
0.0320598 0.1282672 -0.0487792 0 0 255
0.0325522 0.1299565 -0.0481184 0 0 255
0.0330455 0.1316493 -0.0474564 0 0 255
0.0325767 0.1330608 -0.0477977 0 0 255
0.0328293 0.1346848 -0.0473865 0 0 255
0.0333232 0.1363834 -0.0467233 0 0 255
0.0338181 0.1380854 -0.0460588 0 0 255
0.0338304 0.1396415 -0.0458981 0 0 255
0.0338426 0.1411977 -0.0457373 0 0 255
0.0340966 0.1428302 -0.0453239 0 0 255
0.0343508 0.1444643 -0.0449102 0 0 255
0.0343631 0.1460221 -0.0447492 0 0 255
0.0346176 0.1476587 -0.0443350 0 0 255
0.0348723 0.1492970 -0.0439203 0 0 255
0.0351273 0.1509370 -0.0435051 0 0 255
0.0353826 0.1525786 -0.0430896 0 0 255
0.0351519 0.1540576 -0.0431828 0 0 255
0.0354072 0.1557009 -0.0427670 0 0 255
0.0359063 0.1574298 -0.0420958 0 0 255
0.0366506 0.1592473 -0.0411671 0 0 255
0.0369075 0.1608983 -0.0407491 0 0 255
0.0371646 0.1625511 -0.0403306 0 0 255
0.0374219 0.1642056 -0.0399117 0 0 255
0.0379252 0.1659505 -0.0392347 0 0 255
0.0384293 0.1676989 -0.0385564 0 0 255
0.0386880 0.1693603 -0.0381355 0 0 255
0.0391938 0.1711150 -0.0374549 0 0 255
0.0394533 0.1727808 -0.0370328 0 0 255
0.0399606 0.1745417 -0.0363501 0 0 255
0.0404691 0.1763063 -0.0356659 0 0 255
0.0402333 0.1777886 -0.0357639 0 0 255
0.0402458 0.1793653 -0.0356009 0 0 255
0.0405063 0.1810389 -0.0351769 0 0 255
0.0407672 0.1827142 -0.0347525 0 0 255
0.0407796 0.1842926 -0.0345895 0 0 255
0.0405436 0.1857716 -0.0346880 0 0 255
0.0405560 0.1873492 -0.0345250 0 0 255
0.0413145 0.1892303 -0.0335760 0 0 255
0.0410780 0.1907083 -0.0336751 0 0 255
0.0405933 0.1920822 -0.0340360 0 0 255
0.0403575 0.1935565 -0.0341348 0 0 255
0.0408666 0.1953419 -0.0334480 0 0 255
0.0406305 0.1968154 -0.0335470 0 0 255
0.0406429 0.1983932 -0.0333841 0 0 255
0.0404071 0.1998643 -0.0334831 0 0 255
0.0404195 0.2014413 -0.0333202 0 0 255
0.0399363 0.2028021 -0.0336809 0 0 255
0.0404444 0.2045953 -0.0329944 0 0 255
0.0402088 0.2060626 -0.0330936 0 0 255
0.0402212 0.2076388 -0.0329308 0 0 255
0.0399859 0.2091039 -0.0330299 0 0 255
0.0399983 0.2106794 -0.0328671 0 0 255
0.0397632 0.2121421 -0.0329663 0 0 255
0.0395283 0.2136033 -0.0330654 0 0 255
0.0397880 0.2152915 -0.0326409 0 0 255
0.0395531 0.2167512 -0.0327401 0 0 255
0.0393184 0.2182094 -0.0328393 0 0 255
0.0395779 0.2198992 -0.0324150 0 0 255
0.0388499 0.2211214 -0.0330372 0 0 255
0.0391088 0.2228109 -0.0326134 0 0 255
0.0388747 0.2242646 -0.0327125 0 0 255
0.0379064 0.2253607 -0.0335906 0 0 255
0.0376735 0.2268093 -0.0336889 0 0 255
0.0376859 0.2283770 -0.0335269 0 0 255
0.0372084 0.2297024 -0.0338852 0 0 255
0.0369762 0.2311467 -0.0339831 0 0 255
0.0367442 0.2325896 -0.0340810 0 0 255
0.0365124 0.2340310 -0.0341789 0 0 255
0.0365247 0.2355948 -0.0340173 0 0 255
0.0365370 0.2371585 -0.0338557 0 0 255
0.0365493 0.2387223 -0.0336942 0 0 255
0.0368057 0.2404125 -0.0332729 0 0 255
0.0363301 0.2417230 -0.0336306 0 0 255
0.0363424 0.2432861 -0.0334691 0 0 255
0.0365986 0.2449778 -0.0330480 0 0 255
0.0361234 0.2462830 -0.0334058 0 0 255
0.0361357 0.2478454 -0.0332444 0 0 255
0.0359046 0.2492770 -0.0333424 0 0 255
0.0359169 0.2508385 -0.0331811 0 0 255
0.0356860 0.2522680 -0.0332791 0 0 255
0.0356983 0.2538288 -0.0331179 0 0 255
0.0357106 0.2553896 -0.0329566 0 0 255
0.0359660 0.2570851 -0.0325357 0 0 255
0.0364654 0.2589179 -0.0318542 0 0 255
0.0367216 0.2606178 -0.0314322 0 0 255
0.0369782 0.2623194 -0.0310097 0 0 255
0.0369905 0.2638843 -0.0308480 0 0 255
0.0374919 0.2657279 -0.0301633 0 0 255
0.0452060 -0.0866696 -0.0536454 0 0 255
0.0454735 -0.0851108 -0.0532242 0 0 255
0.0421929 -0.0829928 -0.0563670 0 0 255
0.0424572 -0.0814418 -0.0559497 0 0 255
0.0419665 -0.0797754 -0.0562913 0 0 255
0.0409756 -0.0780387 -0.0571360 0 0 255
0.0402383 -0.0763451 -0.0577263 0 0 255
0.0397522 -0.0746917 -0.0580643 0 0 255
0.0387705 -0.0729735 -0.0589015 0 0 255
0.0382874 -0.0713287 -0.0592373 0 0 255
0.0378053 -0.0696873 -0.0595724 0 0 255
0.0365858 -0.0679551 -0.0606506 0 0 255
0.0363525 -0.0663534 -0.0607358 0 0 255
0.0353880 -0.0646650 -0.0615582 0 0 255
0.0351560 -0.0630691 -0.0616427 0 0 255
0.0346802 -0.0614469 -0.0619732 0 0 255
0.0344489 -0.0598551 -0.0620573 0 0 255
0.0339747 -0.0582387 -0.0623868 0 0 255
0.0337441 -0.0566509 -0.0624706 0 0 255
0.0337564 -0.0550893 -0.0623092 0 0 255
0.0330414 -0.0534564 -0.0628825 0 0 255
0.0328117 -0.0518743 -0.0629659 0 0 255
0.0320997 -0.0502496 -0.0635371 0 0 255
0.0318710 -0.0486723 -0.0636199 0 0 255
0.0318833 -0.0471169 -0.0634592 0 0 255
0.0318955 -0.0455615 -0.0632985 0 0 255
0.0311863 -0.0439497 -0.0638680 0 0 255
0.0309585 -0.0423787 -0.0639505 0 0 255
0.0307310 -0.0408092 -0.0640329 0 0 255
0.0307432 -0.0392577 -0.0638726 0 0 255
0.0307554 -0.0377062 -0.0637123 0 0 255
0.0300497 -0.0361103 -0.0642797 0 0 255
0.0305403 -0.0345891 -0.0636346 0 0 255
0.0300741 -0.0330119 -0.0639595 0 0 255
0.0300863 -0.0314626 -0.0637995 0 0 255
0.0300985 -0.0299133 -0.0636394 0 0 255
0.0298718 -0.0283532 -0.0637219 0 0 255
0.0298840 -0.0268047 -0.0635619 0 0 255
0.0301351 -0.0252654 -0.0631592 0 0 255
0.0296698 -0.0236991 -0.0634843 0 0 255
0.0301595 -0.0221666 -0.0628390 0 0 255
0.0304108 -0.0206241 -0.0624358 0 0 255
0.0301839 -0.0190678 -0.0625189 0 0 255
0.0306745 -0.0175290 -0.0618720 0 0 255
0.0302083 -0.0159689 -0.0621987 0 0 255
0.0309386 -0.0144307 -0.0613075 0 0 255
0.0314308 -0.0128848 -0.0606584 0 0 255
-0.0609121 -0.0104892 -0.1545762 0 0 255
0.0245921 -0.0097379 -0.0673307 0 0 255
-0.0658034 -0.0079768 -0.1593237 0 0 255
0.0515141 0.0596845 -0.0332675 0 0 255
0.0515268 0.0613030 -0.0331002 0 0 255
0.0512789 0.0628845 -0.0332023 0 0 255
0.0507711 0.0644266 -0.0335731 0 0 255
0.0510440 0.0660813 -0.0331372 0 0 255
0.0510567 0.0676982 -0.0329702 0 0 255
0.0510694 0.0693150 -0.0328031 0 0 255
0.0513425 0.0709732 -0.0323666 0 0 255
0.0518771 0.0726753 -0.0316595 0 0 255
0.0518898 0.0742949 -0.0314922 0 0 255
0.0519025 0.0759144 -0.0313249 0 0 255
0.0521766 0.0775788 -0.0308868 0 0 255
0.0518199 0.0985344 -0.0292536 0 0 255
0.0518326 0.1001534 -0.0290863 0 0 255
0.0518453 0.1017725 -0.0289190 0 0 255
0.0515972 0.1033331 -0.0290233 0 0 255
0.0508322 0.1047746 -0.0296659 0 0 255
0.0500664 0.1062109 -0.0303097 0 0 255
0.0475019 0.1072216 -0.0328280 0 0 255
0.0409384 0.1072677 -0.0395153 0 0 255
0.0404523 0.1087310 -0.0398715 0 0 255
0.0372521 0.1095301 -0.0430579 0 0 255
0.0345769 0.1104376 -0.0456990 0 0 255
0.0336194 0.1117573 -0.0465494 0 0 255
0.0317037 0.1128277 -0.0484005 0 0 255
0.0312363 0.1142574 -0.0487408 0 0 255
0.0310091 0.1157463 -0.0488305 0 0 255
0.0310213 0.1172967 -0.0486704 0 0 255
0.0307943 0.1187833 -0.0487601 0 0 255
0.0310457 0.1203975 -0.0483500 0 0 255
0.0312974 0.1220133 -0.0479394 0 0 255
0.0310701 0.1234984 -0.0480296 0 0 255
0.0315615 0.1251829 -0.0473681 0 0 255
0.0308553 0.1265318 -0.0479596 0 0 255
0.0313462 0.1282185 -0.0472983 0 0 255
0.0315981 0.1298392 -0.0468870 0 0 255
0.0318503 0.1314616 -0.0464753 0 0 255
0.0318625 0.1330146 -0.0463149 0 0 255
0.0321150 0.1346394 -0.0459027 0 0 255
0.0328494 0.1364117 -0.0449850 0 0 255
0.0331028 0.1380416 -0.0445713 0 0 255
0.0326329 0.1394496 -0.0449163 0 0 255
0.0333688 0.1412310 -0.0439962 0 0 255
0.0333810 0.1427889 -0.0438353 0 0 255
0.0336350 0.1444238 -0.0434205 0 0 255
0.0336473 0.1459824 -0.0432595 0 0 255
0.0341438 0.1476987 -0.0425898 0 0 255
0.0351275 0.1495783 -0.0414077 0 0 255
0.0351398 0.1511418 -0.0412462 0 0 255
0.0358834 0.1529505 -0.0403157 0 0 255
0.0358957 0.1545164 -0.0401539 0 0 255
0.0363968 0.1562494 -0.0394779 0 0 255
0.0366539 0.1579015 -0.0390584 0 0 255
0.0371566 0.1596407 -0.0383801 0 0 255
0.0371689 0.1612107 -0.0382179 0 0 255
0.0374268 0.1628679 -0.0377971 0 0 255
0.0376850 0.1645268 -0.0373758 0 0 255
0.0381898 0.1662765 -0.0366944 0 0 255
0.0382022 0.1678498 -0.0365319 0 0 255
0.0382145 0.1694231 -0.0363693 0 0 255
0.0384735 0.1710881 -0.0359466 0 0 255
0.0389798 0.1728473 -0.0352628 0 0 255
0.0392396 0.1745166 -0.0348389 0 0 255
0.0392520 0.1760933 -0.0346760 0 0 255
0.0392644 0.1776699 -0.0345131 0 0 255
0.0395245 0.1793427 -0.0340886 0 0 255
0.0392892 0.1808234 -0.0341873 0 0 255
0.0395492 0.1824978 -0.0337626 0 0 255
0.0390666 0.1838786 -0.0341231 0 0 255
0.0393264 0.1855537 -0.0336986 0 0 255
0.0390914 0.1870306 -0.0337974 0 0 255
0.0398468 0.1889092 -0.0328482 0 0 255
0.0393636 0.1902843 -0.0332099 0 0 255
0.0391286 0.1917587 -0.0333090 0 0 255
0.0386469 0.1931288 -0.0336695 0 0 255
0.0386593 0.1947032 -0.0335068 0 0 255
0.0389186 0.1963823 -0.0330824 0 0 255
0.0384374 0.1977469 -0.0334430 0 0 255
0.0386965 0.1994268 -0.0330188 0 0 255
0.0380437 0.2101142 -0.0326658 0 0 255
0.0378101 0.2115742 -0.0327650 0 0 255
0.0378224 0.2131458 -0.0326025 0 0 255
0.0378348 0.2147173 -0.0324402 0 0 255
0.0378472 0.2162888 -0.0322779 0 0 255
0.0381055 0.2179758 -0.0318537 0 0 255
0.0376261 0.2193158 -0.0322147 0 0 255
0.0378843 0.2210036 -0.0317907 0 0 255
0.0376509 0.2224574 -0.0318901 0 0 255
0.0371724 0.2237915 -0.0322508 0 0 255
0.0369428 0.2252432 -0.0323465 0 0 255
0.0364658 0.2265724 -0.0327062 0 0 255
0.0364781 0.2281392 -0.0325443 0 0 255
0.0360021 0.2294641 -0.0329034 0 0 255
0.0357706 0.2309078 -0.0330018 0 0 255
0.0355393 0.2323501 -0.0331002 0 0 255
0.0355516 0.2339139 -0.0329387 0 0 255
0.0355639 0.2354777 -0.0327771 0 0 255
0.0355762 0.2370415 -0.0326155 0 0 255
0.0353452 0.2384800 -0.0327139 0 0 255
0.0353575 0.2400430 -0.0325525 0 0 255
0.0358567 0.2418600 -0.0318704 0 0 255
0.0356254 0.2432969 -0.0319692 0 0 255
0.0356377 0.2448607 -0.0318077 0 0 255
0.0354067 0.2462953 -0.0319065 0 0 255
0.0351758 0.2477285 -0.0320054 0 0 255
0.0354313 0.2494217 -0.0315835 0 0 255
0.0349575 0.2507218 -0.0319427 0 0 255
0.0349698 0.2522834 -0.0317813 0 0 255
0.0349821 0.2538451 -0.0316200 0 0 255
0.0349943 0.2554066 -0.0314587 0 0 255
0.0345215 0.2566994 -0.0318176 0 0 255
0.0350189 0.2585301 -0.0311360 0 0 255
0.0350312 0.2600918 -0.0309746 0 0 255
0.0355297 0.2619278 -0.0302914 0 0 255
0.0355420 0.2634910 -0.0301300 0 0 255
0.0353110 0.2649156 -0.0302296 0 0 255
0.0756143 -0.0919510 -0.0207137 0 0 255
0.0447435 -0.0852750 -0.0516965 0 0 255
0.0429790 -0.0833933 -0.0533245 0 0 255
0.0414787 -0.0815642 -0.0546870 0 0 255
0.0404878 -0.0798219 -0.0555359 0 0 255
0.0407507 -0.0782716 -0.0551189 0 0 255
0.0397629 -0.0765389 -0.0559655 0 0 255
0.0387792 -0.0748133 -0.0568087 0 0 255
0.0377995 -0.0730949 -0.0576484 0 0 255
0.0375645 -0.0714832 -0.0577355 0 0 255
0.0370829 -0.0698408 -0.0580724 0 0 255
0.0363562 -0.0681702 -0.0586576 0 0 255
0.0356317 -0.0665047 -0.0592410 0 0 255
0.0349124 -0.0648447 -0.0598195 0 0 255
0.0344363 -0.0632182 -0.0601522 0 0 255
0.0342047 -0.0616231 -0.0602374 0 0 255
0.0339734 -0.0600295 -0.0603225 0 0 255
0.0332563 -0.0583849 -0.0609003 0 0 255
0.0330259 -0.0567963 -0.0609849 0 0 255
0.0327958 -0.0552092 -0.0610695 0 0 255
0.0320823 -0.0535761 -0.0616446 0 0 255
0.0320946 -0.0520168 -0.0614835 0 0 255
0.0318654 -0.0504354 -0.0615677 0 0 255
0.0313955 -0.0488342 -0.0618964 0 0 255
0.0309266 -0.0472362 -0.0622244 0 0 255
0.0306985 -0.0456612 -0.0623079 0 0 255
0.0304708 -0.0440877 -0.0623913 0 0 255
0.0302432 -0.0425158 -0.0624747 0 0 255
0.0300159 -0.0409454 -0.0625578 0 0 255
0.0302676 -0.0394096 -0.0621537 0 0 255
0.0298010 -0.0378251 -0.0624807 0 0 255
0.0295742 -0.0362587 -0.0625638 0 0 255
0.0295864 -0.0347079 -0.0624036 0 0 255
0.0293598 -0.0331438 -0.0624866 0 0 255
0.0291333 -0.0315813 -0.0625697 0 0 255
0.0291455 -0.0300320 -0.0624096 0 0 255
0.0289193 -0.0284718 -0.0624927 0 0 255
0.0289315 -0.0269233 -0.0623327 0 0 255
0.0289437 -0.0253747 -0.0621726 0 0 255
0.0291943 -0.0238347 -0.0617693 0 0 255
0.0289681 -0.0222775 -0.0618526 0 0 255
0.0292187 -0.0207359 -0.0614491 0 0 255
0.0292309 -0.0191864 -0.0612890 0 0 255
0.0294817 -0.0176424 -0.0608850 0 0 255
0.0294939 -0.0160921 -0.0607248 0 0 255
-0.0557140 -0.0131803 -0.1477199 0 0 255
-0.0659857 -0.0117803 -0.1581072 0 0 255
-0.0659760 -0.0105445 -0.1579795 0 0 255
-0.0659663 -0.0093087 -0.1578518 0 0 255
-0.0668645 -0.0080703 -0.1586537 0 0 255
0.0505190 0.0595614 -0.0319831 0 0 255
0.0502715 0.0611439 -0.0320858 0 0 255
0.0500244 0.0627247 -0.0321883 0 0 255
0.0497775 0.0643038 -0.0322907 0 0 255
0.0495309 0.0658813 -0.0323930 0 0 255
0.0495436 0.0674965 -0.0322261 0 0 255
0.0492972 0.0690715 -0.0323285 0 0 255
0.0495690 0.0707269 -0.0318924 0 0 255
0.0493226 0.0723003 -0.0319949 0 0 255
0.0493353 0.0739147 -0.0318281 0 0 255
0.0498263 0.1030366 -0.0285509 0 0 255
0.0498390 0.1046523 -0.0283839 0 0 255
0.0490748 0.1060887 -0.0290297 0 0 255
0.0480554 0.1074604 -0.0299431 0 0 255
0.0457617 0.1085230 -0.0321912 0 0 255
0.0447562 0.1098803 -0.0330918 0 0 255
0.0435020 0.1111704 -0.0342535 0 0 255
0.0430097 0.1126404 -0.0346177 0 0 255
0.0412635 0.1137931 -0.0362964 0 0 255
0.0402766 0.1151270 -0.0371800 0 0 255
0.0360908 0.1156323 -0.0414192 0 0 255
0.0348813 0.1168847 -0.0425386 0 0 255
0.0312654 0.1174949 -0.0461841 0 0 255
0.0305586 0.1188574 -0.0467782 0 0 255
0.0308102 0.1204741 -0.0463664 0 0 255
0.0310622 0.1220924 -0.0459542 0 0 255
0.0305952 0.1235135 -0.0462971 0 0 255
0.0310866 0.1251997 -0.0456332 0 0 255
0.0310988 0.1267534 -0.0454727 0 0 255
0.0313510 0.1283759 -0.0450598 0 0 255
0.0313632 0.1299304 -0.0448992 0 0 255
0.0313754 0.1314849 -0.0447386 0 0 255
0.0316279 0.1331106 -0.0443251 0 0 255
0.0313999 0.1345940 -0.0444174 0 0 255
0.0316524 0.1362213 -0.0440037 0 0 255
0.0321458 0.1379241 -0.0433361 0 0 255
0.0321580 0.1394811 -0.0431753 0 0 255
0.0326525 0.1411889 -0.0425061 0 0 255
0.0331480 0.1429002 -0.0418356 0 0 255
0.0334022 0.1445377 -0.0414192 0 0 255
0.0334145 0.1460987 -0.0412579 0 0 255
0.0346405 0.1480553 -0.0398158 0 0 255
0.0351401 0.1497808 -0.0391397 0 0 255
0.0356406 0.1515098 -0.0384623 0 0 255
0.0358975 0.1531602 -0.0380420 0 0 255
0.0361547 0.1548123 -0.0376213 0 0 255
0.0364120 0.1564662 -0.0372002 0 0 255
0.0366696 0.1581217 -0.0367785 0 0 255
0.0369275 0.1597790 -0.0363565 0 0 255
0.0374317 0.1615247 -0.0356737 0 0 255
0.0369523 0.1629240 -0.0360315 0 0 255
0.0372105 0.1645846 -0.0356089 0 0 255
0.0372228 0.1661579 -0.0354463 0 0 255
0.0372352 0.1677313 -0.0352838 0 0 255
0.0372476 0.1693047 -0.0351212 0 0 255
0.0377524 0.1710611 -0.0344369 0 0 255
0.0380113 0.1727286 -0.0340127 0 0 255
0.0372847 0.1740249 -0.0346335 0 0 255
0.0372971 0.1755983 -0.0344710 0 0 255
0.0375555 0.1772665 -0.0340473 0 0 255
0.0375679 0.1788408 -0.0338846 0 0 255
0.0378267 0.1805116 -0.0334604 0 0 255
0.0371006 0.1817953 -0.0340818 0 0 255
0.0371130 0.1833680 -0.0339193 0 0 255
0.0371254 0.1849408 -0.0337567 0 0 255
0.0373837 0.1866130 -0.0333329 0 0 255
0.0369045 0.1879862 -0.0336929 0 0 255
0.0369168 0.1895582 -0.0335305 0 0 255
0.0366838 0.1910285 -0.0336291 0 0 255
0.0369416 0.1927023 -0.0332056 0 0 255
0.0364634 0.1940679 -0.0335653 0 0 255
0.0367208 0.1957424 -0.0331421 0 0 255
0.0361218 0.2126895 -0.0321411 0 0 255
0.0361342 0.2142587 -0.0319790 0 0 255
0.0359020 0.2157137 -0.0320781 0 0 255
0.0359144 0.2172820 -0.0319161 0 0 255
0.0356855 0.2187363 -0.0320120 0 0 255
0.0354538 0.2201876 -0.0321110 0 0 255
0.0354661 0.2217544 -0.0319492 0 0 255
0.0352346 0.2232034 -0.0320482 0 0 255
0.0354907 0.2248881 -0.0316254 0 0 255
0.0347724 0.2260971 -0.0322460 0 0 255
0.0345416 0.2275418 -0.0323447 0 0 255
0.0345539 0.2291055 -0.0321832 0 0 255
0.0343234 0.2305480 -0.0322818 0 0 255
0.0340931 0.2319889 -0.0323805 0 0 255
0.0338630 0.2334285 -0.0324789 0 0 255
0.0336332 0.2348665 -0.0325773 0 0 255
0.0334036 0.2363032 -0.0326756 0 0 255
0.0336578 0.2379878 -0.0322548 0 0 255
0.0336700 0.2395485 -0.0320936 0 0 255
0.0339244 0.2412357 -0.0316723 0 0 255
0.0339367 0.2427972 -0.0315109 0 0 255
0.0344341 0.2446153 -0.0308284 0 0 255
0.0342036 0.2460493 -0.0309277 0 0 255
0.0334895 0.2472226 -0.0315474 0 0 255
0.0335017 0.2487826 -0.0313863 0 0 255
0.0337559 0.2504738 -0.0309648 0 0 255
0.0332846 0.2517709 -0.0313240 0 0 255
0.0328143 0.2530653 -0.0316824 0 0 255
0.0330677 0.2547561 -0.0312617 0 0 255
0.0330800 0.2563147 -0.0311007 0 0 255
0.0326100 0.2576039 -0.0314593 0 0 255
0.0328633 0.2592963 -0.0310386 0 0 255
0.0335999 0.2612633 -0.0300967 0 0 255
0.0336122 0.2628235 -0.0299355 0 0 255
0.0333828 0.2642456 -0.0300350 0 0 255
0.0722922 -0.0900092 -0.0215042 0 0 255
0.0419974 -0.0835161 -0.0520577 0 0 255
0.0402494 -0.0816477 -0.0536784 0 0 255
0.0407636 -0.0801340 -0.0530052 0 0 255
0.0397737 -0.0783938 -0.0538580 0 0 255
0.0392865 -0.0767331 -0.0542011 0 0 255
0.0378061 -0.0749350 -0.0555531 0 0 255
0.0373230 -0.0732847 -0.0558930 0 0 255
0.0365940 -0.0716045 -0.0564831 0 0 255
0.0361134 -0.0699619 -0.0568211 0 0 255
0.0361258 -0.0683859 -0.0566583 0 0 255
0.0356462 -0.0667483 -0.0569958 0 0 255
0.0339474 -0.0649653 -0.0585740 0 0 255
0.0334722 -0.0633387 -0.0589080 0 0 255
0.0334846 -0.0617715 -0.0587461 0 0 255
0.0327674 -0.0601225 -0.0593270 0 0 255
0.0322947 -0.0585050 -0.0596593 0 0 255
0.0323069 -0.0569418 -0.0594978 0 0 255
0.0320770 -0.0553538 -0.0595831 0 0 255
0.0318474 -0.0537674 -0.0596683 0 0 255
0.0311354 -0.0521365 -0.0602457 0 0 255
0.0311476 -0.0505772 -0.0600846 0 0 255
0.0311599 -0.0490179 -0.0599234 0 0 255
0.0304500 -0.0473967 -0.0604995 0 0 255
0.0297422 -0.0457804 -0.0610738 0 0 255
0.0297545 -0.0442258 -0.0609132 0 0 255
0.0292879 -0.0426349 -0.0612417 0 0 255
0.0293001 -0.0410818 -0.0610813 0 0 255
0.0290732 -0.0395121 -0.0611652 0 0 255
0.0288467 -0.0379441 -0.0612490 0 0 255
0.0283819 -0.0363627 -0.0615765 0 0 255
0.0283941 -0.0348127 -0.0614164 0 0 255
0.0284063 -0.0332626 -0.0612562 0 0 255
0.0279425 -0.0316875 -0.0615834 0 0 255
0.0277171 -0.0301273 -0.0616668 0 0 255
0.0274918 -0.0285686 -0.0617501 0 0 255
0.0279790 -0.0270419 -0.0611034 0 0 255
0.0277536 -0.0254840 -0.0611871 0 0 255
0.0280034 -0.0239447 -0.0607834 0 0 255
0.0277779 -0.0223883 -0.0608672 0 0 255
0.0280277 -0.0208475 -0.0604633 0 0 255
0.0282778 -0.0193050 -0.0600591 0 0 255
-0.0667750 -0.0155822 -0.1575093 0 0 255
-0.0694698 -0.0142935 -0.1601594 0 0 255
-0.0688626 -0.0130764 -0.1594187 0 0 255
-0.0700439 -0.0118321 -0.1605157 0 0 255
-0.0261460 -0.0110311 -0.1152706 0 0 255
-0.0694312 -0.0093860 -0.1596523 0 0 255
-0.0688239 -0.0081609 -0.1589108 0 0 255
0.0487458 0.0593330 -0.0315092 0 0 255
0.0484997 0.0609131 -0.0316120 0 0 255
0.0492896 0.0626386 -0.0306349 0 0 255
0.0485251 0.0641434 -0.0312782 0 0 255
0.0487966 0.0657970 -0.0308413 0 0 255
0.0482919 0.0673345 -0.0312142 0 0 255
0.0480463 0.0689088 -0.0313170 0 0 255
0.0478010 0.0704814 -0.0314196 0 0 255
0.0462709 0.1039438 -0.0298072 0 0 255
0.0465398 0.1056102 -0.0293717 0 0 255
0.0465524 0.1072183 -0.0292056 0 0 255
0.0452864 0.1085227 -0.0303841 0 0 255
0.0450440 0.1100652 -0.0304865 0 0 255
0.0448019 0.1116062 -0.0305889 0 0 255
0.0437984 0.1129571 -0.0314928 0 0 255
0.0427991 0.1143024 -0.0323929 0 0 255
0.0418039 0.1156422 -0.0332893 0 0 255
0.0353701 0.1155764 -0.0399156 0 0 255
0.0361179 0.1173391 -0.0389784 0 0 255
0.0349059 0.1185897 -0.0401064 0 0 255
0.0341865 0.1199638 -0.0407157 0 0 255
0.0337124 0.1213994 -0.0410668 0 0 255
0.0334817 0.1228985 -0.0411614 0 0 255
0.0325249 0.1241948 -0.0420224 0 0 255
0.0325372 0.1257564 -0.0418610 0 0 255
0.0325495 0.1273181 -0.0416996 0 0 255
0.0328036 0.1289491 -0.0412828 0 0 255
0.0320909 0.1303012 -0.0418874 0 0 255
0.0323446 0.1319321 -0.0414711 0 0 255
0.0323568 0.1334930 -0.0413098 0 0 255
0.0321276 0.1349815 -0.0414038 0 0 255
0.0326231 0.1366882 -0.0407315 0 0 255
0.0333620 0.1384727 -0.0398012 0 0 255
0.0338600 0.1401874 -0.0391255 0 0 255
0.0341156 0.1418293 -0.0387062 0 0 255
0.0355925 0.1438594 -0.0369932 0 0 255
0.0358498 0.1455091 -0.0365713 0 0 255
0.0363530 0.1472399 -0.0358887 0 0 255
0.0361198 0.1487338 -0.0359864 0 0 255
0.0371157 0.1506310 -0.0347809 0 0 255
0.0371281 0.1522075 -0.0346180 0 0 255
0.0373870 0.1538667 -0.0341936 0 0 255
0.0369066 0.1552767 -0.0345536 0 0 255
0.0374119 0.1570213 -0.0338677 0 0 255
0.0376711 0.1586840 -0.0334426 0 0 255
0.0369437 0.1600037 -0.0340652 0 0 255
0.0372024 0.1616663 -0.0336407 0 0 255
0.0372148 0.1632428 -0.0334778 0 0 255
0.0367349 0.1646426 -0.0338383 0 0 255
0.0367473 0.1662175 -0.0336756 0 0 255
0.0362682 0.1676128 -0.0340357 0 0 255
0.0360352 0.1690957 -0.0341341 0 0 255
0.0353131 0.1703948 -0.0347534 0 0 255
0.0355700 0.1720569 -0.0343308 0 0 255
0.0353378 0.1735352 -0.0344290 0 0 255
0.0358396 0.1752925 -0.0337453 0 0 255
0.0358519 0.1768643 -0.0335829 0 0 255
0.0358643 0.1784362 -0.0334205 0 0 255
0.0356317 0.1799121 -0.0335191 0 0 255
0.0358890 0.1815801 -0.0330957 0 0 255
0.0356565 0.1830544 -0.0331945 0 0 255
0.0356688 0.1846256 -0.0330322 0 0 255
0.0356811 0.1861968 -0.0328698 0 0 255
0.0352045 0.1875683 -0.0332296 0 0 255
0.0352168 0.1891379 -0.0330675 0 0 255
0.0349849 0.1906061 -0.0331662 0 0 255
0.0347534 0.1920730 -0.0332648 0 0 255
0.0339678 0.2151424 -0.0318760 0 0 255
0.0339801 0.2167075 -0.0317143 0 0 255
0.0339924 0.2182727 -0.0315526 0 0 255
0.0337619 0.2197220 -0.0316517 0 0 255
0.0335316 0.2211699 -0.0317508 0 0 255
0.0333017 0.2226163 -0.0318497 0 0 255
0.0335562 0.2242973 -0.0314276 0 0 255
0.0330841 0.2256233 -0.0317871 0 0 255
0.0328546 0.2270661 -0.0318859 0 0 255
0.0323839 0.2283873 -0.0322444 0 0 255
0.0323962 0.2299471 -0.0320832 0 0 255
0.0324084 0.2315069 -0.0319220 0 0 255
0.0324207 0.2330668 -0.0317608 0 0 255
0.0321919 0.2345036 -0.0318595 0 0 255
0.0324452 0.2361864 -0.0314385 0 0 255
0.0322164 0.2376217 -0.0315373 0 0 255
0.0322286 0.2391808 -0.0313762 0 0 255
0.0324820 0.2408661 -0.0309550 0 0 255
0.0322531 0.2422991 -0.0310540 0 0 255
0.0320244 0.2437305 -0.0311530 0 0 255
0.0322776 0.2454174 -0.0307318 0 0 255
0.0318083 0.2467183 -0.0310908 0 0 255
0.0318206 0.2482759 -0.0309298 0 0 255
0.0315923 0.2497030 -0.0310288 0 0 255
0.0313644 0.2511287 -0.0311276 0 0 255
0.0316168 0.2528168 -0.0307071 0 0 255
0.0313888 0.2542410 -0.0308060 0 0 255
0.0314011 0.2557971 -0.0306452 0 0 255
0.0314133 0.2573532 -0.0304844 0 0 255
0.0316657 0.2590446 -0.0300636 0 0 255
0.0314378 0.2604657 -0.0301628 0 0 255
0.0314500 0.2620219 -0.0300021 0 0 255
0.0689961 -0.0880841 -0.0222910 0 0 255
0.0400228 -0.0818869 -0.0516506 0 0 255
0.0390339 -0.0801422 -0.0525066 0 0 255
0.0392963 -0.0785904 -0.0520876 0 0 255
0.0368207 -0.0766382 -0.0544607 0 0 255
0.0370808 -0.0750919 -0.0540447 0 0 255
0.0368456 -0.0734750 -0.0541339 0 0 255
0.0356235 -0.0717258 -0.0552306 0 0 255
0.0353898 -0.0701156 -0.0553189 0 0 255
0.0341752 -0.0683805 -0.0564092 0 0 255
0.0339430 -0.0667769 -0.0564966 0 0 255
0.0329823 -0.0650858 -0.0573286 0 0 255
0.0327513 -0.0634880 -0.0574153 0 0 255
0.0322775 -0.0618637 -0.0577503 0 0 255
0.0322899 -0.0602973 -0.0575884 0 0 255
0.0320595 -0.0587044 -0.0576749 0 0 255
0.0315872 -0.0570874 -0.0580092 0 0 255
0.0313576 -0.0554985 -0.0580952 0 0 255
0.0311281 -0.0539113 -0.0581813 0 0 255
0.0308990 -0.0523256 -0.0582672 0 0 255
0.0301884 -0.0506969 -0.0588466 0 0 255
0.0302007 -0.0491375 -0.0586855 0 0 255
0.0299724 -0.0475575 -0.0587710 0 0 255
0.0292647 -0.0459393 -0.0593485 0 0 255
0.0290374 -0.0443640 -0.0594335 0 0 255
0.0285713 -0.0427722 -0.0597637 0 0 255
0.0283447 -0.0412009 -0.0598483 0 0 255
0.0281183 -0.0396312 -0.0599329 0 0 255
0.0281305 -0.0380788 -0.0597725 0 0 255
0.0276664 -0.0364965 -0.0601017 0 0 255
0.0274407 -0.0349315 -0.0601859 0 0 255
0.0269778 -0.0333547 -0.0605142 0 0 255
0.0269900 -0.0318062 -0.0603542 0 0 255
0.0272396 -0.0302694 -0.0599499 0 0 255
0.0270144 -0.0287091 -0.0600341 0 0 255
0.0272640 -0.0271707 -0.0596296 0 0 255
0.0272762 -0.0256213 -0.0594696 0 0 255
0.0268137 -0.0240547 -0.0597984 0 0 255
0.0268259 -0.0225068 -0.0596384 0 0 255
0.0268380 -0.0209590 -0.0594785 0 0 255
-0.0711323 -0.0168176 -0.1603554 0 0 255
-0.0711227 -0.0155937 -0.1602290 0 0 255
-0.0717047 -0.0143580 -0.1607130 0 0 255
-0.0719903 -0.0131312 -0.1608913 0 0 255
-0.0710938 -0.0119219 -0.1598495 0 0 255
-0.0707877 -0.0107008 -0.1594168 0 0 255
0.0169480 -0.0100572 -0.0686639 0 0 255
0.0408640 0.0566856 -0.0375875 0 0 255
0.0464762 0.0606473 -0.0314090 0 0 255
0.0452069 0.0620770 -0.0325849 0 0 255
0.0459879 0.0637962 -0.0316139 0 0 255
0.0462573 0.0654444 -0.0311785 0 0 255
0.0450526 0.1069766 -0.0284695 0 0 255
0.0443003 0.1084013 -0.0291114 0 0 255
0.0440585 0.1099439 -0.0292146 0 0 255
0.0443256 0.1116091 -0.0287799 0 0 255
0.0440837 0.1131501 -0.0288833 0 0 255
0.0443508 0.1148171 -0.0284485 0 0 255
0.0441089 0.1163564 -0.0285519 0 0 255
0.0438673 0.1178942 -0.0286553 0 0 255
0.0426128 0.1191661 -0.0298309 0 0 255
0.0406118 0.1202326 -0.0317978 0 0 255
0.0406243 0.1218241 -0.0316334 0 0 255
0.0351876 0.1219408 -0.0372421 0 0 255
0.0344660 0.1233133 -0.0378574 0 0 255
0.0327745 0.1244121 -0.0395012 0 0 255
0.0325444 0.1259097 -0.0395964 0 0 255
0.0323146 0.1274058 -0.0396916 0 0 255
0.0318432 0.1288310 -0.0400432 0 0 255
0.0318556 0.1303935 -0.0398816 0 0 255
0.0316264 0.1318851 -0.0399765 0 0 255
0.0323638 0.1336622 -0.0390451 0 0 255
0.0340768 0.1357370 -0.0370768 0 0 255
0.0331157 0.1370113 -0.0379489 0 0 255
0.0343453 0.1389515 -0.0364932 0 0 255
0.0353361 0.1408256 -0.0352906 0 0 255
0.0363309 0.1427075 -0.0340831 0 0 255
0.0358515 0.1441288 -0.0344433 0 0 255
0.0363556 0.1458617 -0.0337572 0 0 255
0.0363680 0.1474389 -0.0335943 0 0 255
0.0363804 0.1490161 -0.0334312 0 0 255
0.0366391 0.1506746 -0.0330060 0 0 255
0.0366515 0.1522526 -0.0328429 0 0 255
0.0366639 0.1538307 -0.0326798 0 0 255
0.0364300 0.1553250 -0.0327793 0 0 255
0.0366887 0.1569869 -0.0323537 0 0 255
0.0362087 0.1583944 -0.0327159 0 0 255
0.0359753 0.1598849 -0.0328152 0 0 255
0.0357422 0.1613740 -0.0329144 0 0 255
0.0355092 0.1628615 -0.0330136 0 0 255
0.0352765 0.1643475 -0.0331126 0 0 255
0.0347995 0.1657433 -0.0334729 0 0 255
0.0350564 0.1674046 -0.0330492 0 0 255
0.0348241 0.1688868 -0.0331481 0 0 255
0.0343481 0.1702766 -0.0335079 0 0 255
0.0341166 0.1717551 -0.0336064 0 0 255
0.0338853 0.1732320 -0.0337049 0 0 255
0.0346292 0.1750806 -0.0327599 0 0 255
0.0346415 0.1766517 -0.0325975 0 0 255
0.0341659 0.1780329 -0.0329577 0 0 255
0.0339346 0.1795067 -0.0330565 0 0 255
0.0341905 0.1811719 -0.0326334 0 0 255
0.0339592 0.1826442 -0.0327323 0 0 255
0.0337282 0.1841150 -0.0328311 0 0 255
0.0334974 0.1855844 -0.0329298 0 0 255
0.0335097 0.1871516 -0.0327678 0 0 255
0.0320629 0.2176959 -0.0313552 0 0 255
0.0315929 0.2190274 -0.0317143 0 0 255
0.0313643 0.2204719 -0.0318131 0 0 255
0.0313765 0.2220316 -0.0316520 0 0 255
0.0313888 0.2235913 -0.0314907 0 0 255
0.0314010 0.2251510 -0.0313296 0 0 255
0.0306922 0.2263542 -0.0319477 0 0 255
0.0309446 0.2280311 -0.0315272 0 0 255
0.0304768 0.2293488 -0.0318853 0 0 255
0.0307289 0.2310264 -0.0314649 0 0 255
0.0305012 0.2324621 -0.0315636 0 0 255
0.0302738 0.2338963 -0.0316621 0 0 255
0.0305257 0.2355755 -0.0312418 0 0 255
0.0302983 0.2370082 -0.0313405 0 0 255
0.0303106 0.2385641 -0.0311797 0 0 255
0.0303228 0.2401201 -0.0310190 0 0 255
0.0298564 0.2414236 -0.0313770 0 0 255
0.0303472 0.2432320 -0.0306974 0 0 255
0.0303594 0.2447881 -0.0305366 0 0 255
0.0301322 0.2462155 -0.0306356 0 0 255
0.0299052 0.2476414 -0.0307345 0 0 255
0.0299174 0.2491959 -0.0305739 0 0 255
0.0299296 0.2507505 -0.0304133 0 0 255
0.0294640 0.2520420 -0.0307716 0 0 255
0.0297150 0.2537273 -0.0303517 0 0 255
0.0294884 0.2551481 -0.0304506 0 0 255
0.0297394 0.2568349 -0.0300305 0 0 255
0.0295128 0.2582541 -0.0301297 0 0 255
0.0300029 0.2600780 -0.0294495 0 0 255
0.0295372 0.2613603 -0.0298087 0 0 255
0.0676763 -0.0881692 -0.0212384 0 0 255
0.0676895 -0.0864819 -0.0210641 0 0 255
0.0410669 -0.0807245 -0.0481624 0 0 255
0.0395694 -0.0788997 -0.0495439 0 0 255
0.0346158 -0.0765798 -0.0544671 0 0 255
0.0356132 -0.0751430 -0.0532946 0 0 255
0.0358725 -0.0735966 -0.0528781 0 0 255
0.0353914 -0.0719477 -0.0532209 0 0 255
0.0351574 -0.0703349 -0.0533103 0 0 255
0.0341867 -0.0686282 -0.0541559 0 0 255
0.0332200 -0.0669286 -0.0549980 0 0 255
0.0327443 -0.0652957 -0.0553365 0 0 255
0.0322727 -0.0636666 -0.0556712 0 0 255
0.0315563 -0.0620123 -0.0562577 0 0 255
0.0315686 -0.0604450 -0.0560957 0 0 255
0.0313385 -0.0588512 -0.0561830 0 0 255
0.0308667 -0.0572332 -0.0565190 0 0 255
0.0303959 -0.0556186 -0.0568542 0 0 255
0.0304081 -0.0540553 -0.0566926 0 0 255
0.0306619 -0.0525152 -0.0562826 0 0 255
0.0301915 -0.0509061 -0.0566179 0 0 255
0.0294816 -0.0492788 -0.0572002 0 0 255
0.0285344 -0.0476356 -0.0580274 0 0 255
0.0287861 -0.0460985 -0.0576197 0 0 255
0.0280806 -0.0444834 -0.0581987 0 0 255
0.0280928 -0.0429279 -0.0580379 0 0 255
0.0273893 -0.0413200 -0.0586154 0 0 255
0.0276399 -0.0397835 -0.0582089 0 0 255
0.0271757 -0.0381978 -0.0585400 0 0 255
0.0269500 -0.0366304 -0.0586252 0 0 255
0.0264872 -0.0350503 -0.0589554 0 0 255
0.0262623 -0.0334868 -0.0590402 0 0 255
0.0260375 -0.0319248 -0.0591249 0 0 255
0.0260497 -0.0303763 -0.0589649 0 0 255
0.0258252 -0.0288167 -0.0590496 0 0 255
0.0263110 -0.0272894 -0.0583997 0 0 255
0.0258495 -0.0257210 -0.0587297 0 0 255
0.0258617 -0.0241732 -0.0585697 0 0 255
0.0261105 -0.0226332 -0.0581647 0 0 255
-0.0677107 -0.0182611 -0.1551775 0 0 255
-0.0721806 -0.0169034 -0.1596900 0 0 255
-0.0721710 -0.0156804 -0.1595636 0 0 255
-0.0724563 -0.0144515 -0.1597430 0 0 255
-0.0727413 -0.0132246 -0.1599221 0 0 255
-0.0727317 -0.0120035 -0.1597959 0 0 255
-0.0721326 -0.0107885 -0.1590581 0 0 255
-0.0718274 -0.0095675 -0.1586250 0 0 255
0.0428194 0.1097613 -0.0282118 0 0 255
0.0430856 0.1114256 -0.0277769 0 0 255
0.0433521 0.1130917 -0.0273415 0 0 255
0.0431108 0.1146319 -0.0274456 0 0 255
0.0433773 0.1162997 -0.0270100 0 0 255
0.0431359 0.1178383 -0.0271142 0 0 255
0.0434025 0.1195078 -0.0266786 0 0 255
0.0426540 0.1209107 -0.0273223 0 0 255
0.0426666 0.1225123 -0.0271568 0 0 255
0.0426792 0.1241139 -0.0269912 0 0 255
0.0426917 0.1257156 -0.0268257 0 0 255
0.0424512 0.1272469 -0.0269298 0 0 255
0.0422108 0.1287767 -0.0270338 0 0 255
0.0422234 0.1303767 -0.0268685 0 0 255
0.0422359 0.1319768 -0.0267031 0 0 255
0.0422485 0.1335768 -0.0265378 0 0 255
0.0417559 0.1350284 -0.0269111 0 0 255
0.0415163 0.1365518 -0.0270150 0 0 255
0.0410253 0.1379980 -0.0273872 0 0 255
0.0407864 0.1395175 -0.0274906 0 0 255
0.0407990 0.1411127 -0.0273258 0 0 255
0.0403094 0.1425519 -0.0276971 0 0 255
0.0393210 0.1438313 -0.0286018 0 0 255
0.0395833 0.1455008 -0.0281705 0 0 255
0.0381036 0.1466136 -0.0296012 0 0 255
0.0368770 0.1477986 -0.0307621 0 0 255
0.0368894 0.1493807 -0.0305987 0 0 255
0.0361615 0.1507182 -0.0312273 0 0 255
0.0361739 0.1522979 -0.0310640 0 0 255
0.0356940 0.1537117 -0.0314279 0 0 255
0.0354605 0.1552061 -0.0315281 0 0 255
0.0354729 0.1567834 -0.0313650 0 0 255
0.0354853 0.1583607 -0.0312021 0 0 255
0.0354977 0.1599381 -0.0310391 0 0 255
0.0345293 0.1611688 -0.0319275 0 0 255
0.0342971 0.1626556 -0.0320271 0 0 255
0.0340652 0.1641410 -0.0321266 0 0 255
0.0335896 0.1655363 -0.0324877 0 0 255
0.0340898 0.1672861 -0.0318016 0 0 255
0.0333707 0.1685881 -0.0324244 0 0 255
0.0328965 0.1699767 -0.0327847 0 0 255
0.0324235 0.1713625 -0.0331441 0 0 255
0.0326784 0.1730217 -0.0327214 0 0 255
0.0331767 0.1747758 -0.0320370 0 0 255
0.0329459 0.1762513 -0.0321363 0 0 255
0.0329582 0.1778200 -0.0319741 0 0 255
0.0322427 0.1791026 -0.0325952 0 0 255
0.0324973 0.1807650 -0.0321724 0 0 255
0.0320251 0.1821385 -0.0325321 0 0 255
0.0320374 0.1837041 -0.0323703 0 0 255
0.0299260 0.2201236 -0.0310964 0 0 255
0.0299382 0.2216817 -0.0309354 0 0 255
0.0292324 0.2228890 -0.0315535 0 0 255
0.0294837 0.2245624 -0.0311332 0 0 255
0.0290179 0.2258822 -0.0314913 0 0 255
0.0290301 0.2274373 -0.0313306 0 0 255
0.0290423 0.2289923 -0.0311699 0 0 255
0.0290546 0.2305474 -0.0310092 0 0 255
0.0285896 0.2318599 -0.0313671 0 0 255
0.0286019 0.2334134 -0.0312065 0 0 255
0.0286140 0.2349670 -0.0310460 0 0 255
0.0286263 0.2365205 -0.0308855 0 0 255
0.0284002 0.2379499 -0.0309841 0 0 255
0.0281744 0.2393778 -0.0310827 0 0 255
0.0284246 0.2410555 -0.0306633 0 0 255
0.0281988 0.2424819 -0.0307620 0 0 255
0.0282110 0.2440340 -0.0306016 0 0 255
0.0282231 0.2455861 -0.0304412 0 0 255
0.0284733 0.2472671 -0.0300214 0 0 255
0.0280097 0.2485609 -0.0303797 0 0 255
0.0277844 0.2499821 -0.0304784 0 0 255
0.0275593 0.2514020 -0.0305770 0 0 255
0.0278087 0.2530834 -0.0301579 0 0 255
0.0275836 0.2545017 -0.0302567 0 0 255
0.0278331 0.2561848 -0.0298374 0 0 255
0.0276079 0.2576015 -0.0299364 0 0 255
0.0278574 0.2592862 -0.0295169 0 0 255
0.0278696 0.2608369 -0.0293567 0 0 255
0.0658112 -0.0864800 -0.0205886 0 0 255
0.0663843 -0.0848814 -0.0198385 0 0 255
0.0423741 -0.0795903 -0.0443833 0 0 255
0.0363583 -0.0770992 -0.0504222 0 0 255
0.0356277 -0.0754061 -0.0510232 0 0 255
0.0353930 -0.0737873 -0.0511141 0 0 255
0.0346655 -0.0721028 -0.0517128 0 0 255
0.0349243 -0.0705548 -0.0512954 0 0 255
0.0334620 -0.0687812 -0.0526522 0 0 255
0.0329849 -0.0671423 -0.0529940 0 0 255
0.0320211 -0.0654465 -0.0538380 0 0 255
0.0322771 -0.0639038 -0.0534242 0 0 255
0.0315623 -0.0622460 -0.0540122 0 0 255
0.0308466 -0.0605929 -0.0546015 0 0 255
0.0308589 -0.0590248 -0.0544395 0 0 255
0.0308712 -0.0574567 -0.0542774 0 0 255
0.0299163 -0.0557885 -0.0551149 0 0 255
0.0294465 -0.0541753 -0.0554515 0 0 255
0.0296997 -0.0526353 -0.0550408 0 0 255
0.0294710 -0.0510486 -0.0551284 0 0 255
0.0287619 -0.0494201 -0.0557132 0 0 255
0.0285341 -0.0478383 -0.0558003 0 0 255
0.0283067 -0.0462580 -0.0558873 0 0 255
0.0276011 -0.0446410 -0.0564695 0 0 255
0.0276133 -0.0430839 -0.0563086 0 0 255
0.0269099 -0.0414741 -0.0568892 0 0 255
0.0269220 -0.0399194 -0.0567286 0 0 255
0.0264584 -0.0383328 -0.0570613 0 0 255
0.0262330 -0.0367644 -0.0571473 0 0 255
0.0260077 -0.0351977 -0.0572331 0 0 255
0.0255459 -0.0336190 -0.0575647 0 0 255
0.0255581 -0.0320689 -0.0574045 0 0 255
0.0253336 -0.0305068 -0.0574901 0 0 255
0.0251093 -0.0289464 -0.0575756 0 0 255
0.0248853 -0.0273874 -0.0576610 0 0 255
0.0251336 -0.0258491 -0.0572555 0 0 255
0.0251458 -0.0243005 -0.0570954 0 0 255
0.0251579 -0.0227518 -0.0569354 0 0 255
-0.0705728 -0.0182920 -0.1563804 0 0 255
-0.0732271 -0.0169890 -0.1590255 0 0 255
-0.0735115 -0.0157601 -0.1592053 0 0 255
-0.0735019 -0.0145390 -0.1590790 0 0 255
-0.0737857 -0.0133130 -0.1592585 0 0 255
-0.0734827 -0.0120970 -0.1588266 0 0 255
-0.0740595 -0.0108698 -0.1593117 0 0 255
-0.0737570 -0.0096527 -0.1588802 0 0 255
0.0403336 0.1108718 -0.0283888 0 0 255
0.0413541 0.1127192 -0.0271485 0 0 255
0.0416192 0.1143834 -0.0267136 0 0 255
0.0408747 0.1157921 -0.0273562 0 0 255
0.0401325 0.1171963 -0.0279968 0 0 255
0.0416569 0.1191880 -0.0262170 0 0 255
0.0409124 0.1205892 -0.0268604 0 0 255
0.0401701 0.1219860 -0.0275019 0 0 255
0.0399315 0.1235145 -0.0276053 0 0 255
0.0399441 0.1251103 -0.0274404 0 0 255
0.0384555 0.1262890 -0.0288812 0 0 255
0.0384680 0.1278799 -0.0287167 0 0 255
0.0382312 0.1293998 -0.0288191 0 0 255
0.0370011 0.1306323 -0.0299851 0 0 255
0.0360241 0.1319302 -0.0308809 0 0 255
0.0367782 0.1337313 -0.0299228 0 0 255
0.0360520 0.1350965 -0.0305505 0 0 255
0.0360644 0.1366793 -0.0303869 0 0 255
0.0368280 0.1400722 -0.0292675 0 0 255
0.0348704 0.1410448 -0.0312172 0 0 255
0.0346373 0.1425464 -0.0313174 0 0 255
0.0353870 0.1443586 -0.0303630 0 0 255
0.0353994 0.1459390 -0.0301996 0 0 255
0.0332066 0.1468045 -0.0324048 0 0 255
0.0332190 0.1483777 -0.0322422 0 0 255
0.0342089 0.1502743 -0.0310290 0 0 255
0.0342213 0.1518507 -0.0308661 0 0 255
0.0332560 0.1530973 -0.0317545 0 0 255
0.0330246 0.1545875 -0.0318542 0 0 255
0.0337691 0.1564118 -0.0309039 0 0 255
0.0335371 0.1579019 -0.0310041 0 0 255
0.0337938 0.1595616 -0.0305784 0 0 255
0.0333178 0.1609637 -0.0309415 0 0 255
0.0323564 0.1621892 -0.0318278 0 0 255
0.0323687 0.1637593 -0.0316656 0 0 255
0.0328675 0.1655065 -0.0309791 0 0 255
0.0326364 0.1669889 -0.0310790 0 0 255
0.0311940 0.1680209 -0.0324856 0 0 255
0.0309646 0.1694968 -0.0325844 0 0 255
0.0307356 0.1709712 -0.0326831 0 0 255
0.0307479 0.1725358 -0.0325214 0 0 255
0.0305190 0.1740080 -0.0326201 0 0 255
0.0302903 0.1754786 -0.0327187 0 0 255
0.0305435 0.1771358 -0.0322969 0 0 255
0.0303149 0.1786049 -0.0323956 0 0 255
0.0273364 0.2238590 -0.0311967 0 0 255
0.0271112 0.2252939 -0.0312952 0 0 255
0.0271234 0.2268458 -0.0311348 0 0 255
0.0271355 0.2283977 -0.0309744 0 0 255
0.0266735 0.2297097 -0.0313316 0 0 255
0.0264489 0.2311395 -0.0314298 0 0 255
0.0266978 0.2328105 -0.0310112 0 0 255
0.0264733 0.2342388 -0.0311095 0 0 255
0.0264854 0.2357885 -0.0309494 0 0 255
0.0260247 0.2370911 -0.0313061 0 0 255
0.0260369 0.2386393 -0.0311460 0 0 255
0.0262854 0.2403124 -0.0307276 0 0 255
0.0262975 0.2418613 -0.0305676 0 0 255
0.0258373 0.2431573 -0.0309244 0 0 255
0.0260855 0.2448319 -0.0305061 0 0 255
0.0263340 0.2465083 -0.0300874 0 0 255
0.0258737 0.2477996 -0.0304447 0 0 255
0.0256500 0.2492177 -0.0305431 0 0 255
0.0258980 0.2508946 -0.0301248 0 0 255
0.0256743 0.2523112 -0.0302235 0 0 255
0.0256864 0.2538579 -0.0300636 0 0 255
0.0256985 0.2554047 -0.0299038 0 0 255
0.0254750 0.2568183 -0.0300025 0 0 255
0.0257228 0.2584983 -0.0295841 0 0 255
0.0631191 -0.0846682 -0.0208017 0 0 255
0.0620257 -0.0828226 -0.0217720 0 0 255
0.0601140 -0.0808638 -0.0235893 0 0 255
0.0356423 -0.0756703 -0.0487423 0 0 255
0.0341725 -0.0738744 -0.0501119 0 0 255
0.0344313 -0.0723257 -0.0496934 0 0 255
0.0329691 -0.0705448 -0.0510564 0 0 255
0.0320034 -0.0688386 -0.0519062 0 0 255
0.0320157 -0.0672633 -0.0517434 0 0 255
0.0315405 -0.0656276 -0.0520858 0 0 255
0.0315529 -0.0640540 -0.0519231 0 0 255
0.0313219 -0.0624517 -0.0520129 0 0 255
0.0303661 -0.0607685 -0.0528544 0 0 255
0.0298943 -0.0591453 -0.0531945 0 0 255
0.0296650 -0.0575512 -0.0532832 0 0 255
0.0291946 -0.0559337 -0.0536223 0 0 255
0.0289659 -0.0543437 -0.0537107 0 0 255
0.0289782 -0.0527788 -0.0535490 0 0 255
0.0285093 -0.0511686 -0.0538872 0 0 255
0.0285216 -0.0496052 -0.0537256 0 0 255
0.0280536 -0.0479999 -0.0540634 0 0 255
0.0278261 -0.0464179 -0.0541514 0 0 255
0.0273596 -0.0448182 -0.0544881 0 0 255
0.0268939 -0.0432218 -0.0548242 0 0 255
0.0266677 -0.0416462 -0.0549115 0 0 255
0.0264415 -0.0400722 -0.0549988 0 0 255
0.0262157 -0.0384998 -0.0550859 0 0 255
0.0257525 -0.0369138 -0.0554205 0 0 255
0.0250533 -0.0353166 -0.0560013 0 0 255
0.0248288 -0.0337514 -0.0560877 0 0 255
0.0246046 -0.0321877 -0.0561740 0 0 255
0.0246167 -0.0306375 -0.0560137 0 0 255
0.0243927 -0.0290762 -0.0561000 0 0 255
0.0244049 -0.0275268 -0.0559399 0 0 255
0.0239453 -0.0259581 -0.0562723 0 0 255
0.0237220 -0.0244015 -0.0563582 0 0 255
-0.0701445 -0.0196577 -0.1542820 0 0 255
-0.0719244 -0.0183679 -0.1560248 0 0 255
-0.0739788 -0.0170826 -0.1580555 0 0 255
-0.0742625 -0.0158535 -0.1582360 0 0 255
-0.0742529 -0.0146325 -0.1581098 0 0 255
-0.0748285 -0.0134013 -0.1585959 0 0 255
-0.0754023 -0.0121739 -0.1590806 0 0 255
-0.0753928 -0.0109567 -0.1589548 0 0 255
0.0383751 0.1136935 -0.0278649 0 0 255
0.0386376 0.1153513 -0.0274321 0 0 255
0.0379009 0.1167526 -0.0280709 0 0 255
0.0381629 0.1184103 -0.0276387 0 0 255
0.0371789 0.1197395 -0.0285435 0 0 255
0.0374401 0.1213962 -0.0281122 0 0 255
0.0377016 0.1230547 -0.0276803 0 0 255
0.0367196 0.1243729 -0.0285842 0 0 255
0.0359888 0.1257546 -0.0292186 0 0 255
0.0360013 0.1273405 -0.0290546 0 0 255
0.0362612 0.1289969 -0.0286247 0 0 255
0.0352852 0.1302989 -0.0295236 0 0 255
0.0350511 0.1318106 -0.0296252 0 0 255
0.0345744 0.1332491 -0.0299879 0 0 255
0.0338504 0.1346107 -0.0306172 0 0 255
0.0345992 0.1364114 -0.0296612 0 0 255
0.0343659 0.1379176 -0.0297624 0 0 255
0.0343783 0.1394980 -0.0295991 0 0 255
0.0329215 0.1406210 -0.0310190 0 0 255
0.0331781 0.1422733 -0.0305930 0 0 255
0.0341700 0.1441612 -0.0293738 0 0 255
0.0336921 0.1455833 -0.0297394 0 0 255
0.0317534 0.1465280 -0.0316814 0 0 255
0.0322520 0.1482590 -0.0309941 0 0 255
0.0325079 0.1499129 -0.0305685 0 0 255
0.0325203 0.1514869 -0.0304059 0 0 255
0.0313174 0.1526504 -0.0315558 0 0 255
0.0310875 0.1541378 -0.0316553 0 0 255
0.0315846 0.1558740 -0.0309692 0 0 255
0.0315969 0.1574449 -0.0308068 0 0 255
0.0311244 0.1588455 -0.0311688 0 0 255
0.0306528 0.1602433 -0.0315301 0 0 255
0.0306651 0.1618111 -0.0313681 0 0 255
0.0304358 0.1632916 -0.0314676 0 0 255
0.0299657 0.1646827 -0.0318279 0 0 255
0.0297371 0.1661596 -0.0319270 0 0 255
0.0295087 0.1676349 -0.0320260 0 0 255
0.0295210 0.1691987 -0.0318643 0 0 255
0.0290528 0.1705811 -0.0322236 0 0 255
0.0290650 0.1721433 -0.0320621 0 0 255
0.0288374 0.1736134 -0.0321609 0 0 255
0.0250007 0.2276868 -0.0310382 0 0 255
0.0245419 0.2289962 -0.0313943 0 0 255
0.0247894 0.2306628 -0.0309764 0 0 255
0.0245662 0.2320892 -0.0310747 0 0 255
0.0245784 0.2336358 -0.0309148 0 0 255
0.0245905 0.2351823 -0.0307550 0 0 255
0.0243675 0.2366059 -0.0308533 0 0 255
0.0246148 0.2382754 -0.0304354 0 0 255
0.0243918 0.2396975 -0.0305337 0 0 255
0.0244039 0.2412433 -0.0303740 0 0 255
0.0244160 0.2427892 -0.0302143 0 0 255
0.0239586 0.2440816 -0.0305707 0 0 255
0.0244403 0.2458809 -0.0298948 0 0 255
0.0242175 0.2472984 -0.0299934 0 0 255
0.0604447 -0.0828683 -0.0210134 0 0 255
0.0593608 -0.0810326 -0.0219800 0 0 255
0.0596477 -0.0794023 -0.0215229 0 0 255
0.0351733 -0.0742748 -0.0468032 0 0 255
0.0332113 -0.0724136 -0.0486919 0 0 255
0.0315095 -0.0706005 -0.0503112 0 0 255
0.0310343 -0.0689597 -0.0506555 0 0 255
0.0312903 -0.0674156 -0.0502391 0 0 255
0.0313027 -0.0658395 -0.0500762 0 0 255
0.0308280 -0.0642043 -0.0504205 0 0 255
0.0301116 -0.0625440 -0.0510169 0 0 255
0.0301239 -0.0609719 -0.0508544 0 0 255
0.0294127 -0.0593194 -0.0514460 0 0 255
0.0289419 -0.0576976 -0.0517875 0 0 255
0.0287130 -0.0561042 -0.0518769 0 0 255
0.0284844 -0.0545125 -0.0519663 0 0 255
0.0280154 -0.0528989 -0.0523066 0 0 255
0.0285090 -0.0513794 -0.0516424 0 0 255
0.0280400 -0.0497689 -0.0519831 0 0 255
0.0273323 -0.0481407 -0.0525733 0 0 255
0.0271051 -0.0465578 -0.0526620 0 0 255
0.0271173 -0.0449960 -0.0525006 0 0 255
0.0264125 -0.0433783 -0.0530889 0 0 255
0.0264247 -0.0418188 -0.0529277 0 0 255
0.0261984 -0.0402423 -0.0530161 0 0 255
0.0257342 -0.0386513 -0.0533535 0 0 255
0.0252710 -0.0370635 -0.0536902 0 0 255
0.0243352 -0.0354500 -0.0545220 0 0 255
0.0238748 -0.0338702 -0.0548565 0 0 255
0.0238870 -0.0323193 -0.0546962 0 0 255
0.0234275 -0.0307443 -0.0550302 0 0 255
0.0236754 -0.0292061 -0.0546229 0 0 255
0.0232163 -0.0276350 -0.0549568 0 0 255
0.0232285 -0.0260863 -0.0547968 0 0 255
0.0230053 -0.0245288 -0.0548836 0 0 255
-0.0715012 -0.0197317 -0.1539287 0 0 255
-0.0729763 -0.0184528 -0.1553601 0 0 255
-0.0747304 -0.0171761 -0.1570855 0 0 255
-0.0750135 -0.0159470 -0.1572667 0 0 255
-0.0758793 -0.0147075 -0.1580603 0 0 255
-0.0761606 -0.0134842 -0.1582402 0 0 255
-0.0764415 -0.0122629 -0.1584198 0 0 255
-0.0764319 -0.0110466 -0.1582941 0 0 255
0.0354708 0.1210096 -0.0279191 0 0 255
0.0354832 0.1225972 -0.0277550 0 0 255
0.0354957 0.1241847 -0.0275909 0 0 255
0.0345207 0.1254973 -0.0284925 0 0 255
0.0337953 0.1268736 -0.0291255 0 0 255
0.0335653 0.1283864 -0.0292237 0 0 255
0.0333325 0.1298967 -0.0293252 0 0 255
0.0328552 0.1313341 -0.0296910 0 0 255
0.0328676 0.1329128 -0.0295278 0 0 255
0.0323913 0.1343456 -0.0298931 0 0 255
0.0319160 0.1357755 -0.0302575 0 0 255
0.0319283 0.1373510 -0.0300947 0 0 255
0.0314541 0.1387764 -0.0304585 0 0 255
0.0307382 0.1401233 -0.0310841 0 0 255
0.0309930 0.1417712 -0.0306591 0 0 255
0.0307628 0.1432663 -0.0307593 0 0 255
0.0307751 0.1448378 -0.0305969 0 0 255
0.0303032 0.1462520 -0.0309592 0 0 255
0.0300738 0.1477426 -0.0310591 0 0 255
0.0300860 0.1493118 -0.0308970 0 0 255
0.0298568 0.1508000 -0.0309967 0 0 255
0.0296278 0.1522868 -0.0310965 0 0 255
0.0296400 0.1538544 -0.0309345 0 0 255
0.0294113 0.1553389 -0.0310341 0 0 255
0.0291828 0.1568220 -0.0311337 0 0 255
0.0289545 0.1583034 -0.0312332 0 0 255
0.0287264 0.1597835 -0.0313326 0 0 255
0.0289790 0.1614341 -0.0309097 0 0 255
0.0287510 0.1629125 -0.0310092 0 0 255
0.0280437 0.1642146 -0.0316300 0 0 255
0.0278164 0.1656886 -0.0317291 0 0 255
0.0278287 0.1672500 -0.0315677 0 0 255
0.0224937 0.2375423 -0.0305001 0 0 255
0.0580605 -0.0811205 -0.0209391 0 0 255
0.0578009 -0.0794120 -0.0210512 0 0 255
0.0578140 -0.0777440 -0.0208788 0 0 255
0.0575547 -0.0760382 -0.0209908 0 0 255
0.0307830 -0.0707546 -0.0488047 0 0 255
0.0298223 -0.0690488 -0.0496587 0 0 255
0.0300775 -0.0675055 -0.0492420 0 0 255
0.0303330 -0.0659606 -0.0488249 0 0 255
0.0293742 -0.0642663 -0.0496779 0 0 255
0.0293865 -0.0626934 -0.0495154 0 0 255
0.0289148 -0.0610648 -0.0498595 0 0 255
0.0286885 -0.0594669 -0.0499470 0 0 255
0.0284593 -0.0578702 -0.0500375 0 0 255
0.0279895 -0.0562498 -0.0503804 0 0 255
0.0275207 -0.0546328 -0.0507226 0 0 255
0.0275329 -0.0530662 -0.0505607 0 0 255
0.0275452 -0.0514996 -0.0503987 0 0 255
0.0268375 -0.0498671 -0.0509921 0 0 255
0.0268497 -0.0483028 -0.0508304 0 0 255
0.0266225 -0.0467183 -0.0509201 0 0 255
0.0263955 -0.0451353 -0.0510097 0 0 255
0.0261687 -0.0435539 -0.0510992 0 0 255
0.0254654 -0.0419384 -0.0516896 0 0 255
0.0254776 -0.0403789 -0.0515284 0 0 255
0.0254898 -0.0388193 -0.0513672 0 0 255
0.0247885 -0.0372135 -0.0519563 0 0 255
0.0233802 -0.0355690 -0.0532896 0 0 255
0.0231565 -0.0340028 -0.0533772 0 0 255
0.0229329 -0.0324381 -0.0534649 0 0 255
0.0227097 -0.0308751 -0.0535525 0 0 255
0.0227218 -0.0293249 -0.0533923 0 0 255
0.0227340 -0.0277747 -0.0532320 0 0 255
0.0222759 -0.0262049 -0.0535673 0 0 255
0.0222880 -0.0246563 -0.0534073 0 0 255
-0.0740361 -0.0197645 -0.1548233 0 0 255
-0.0740265 -0.0185376 -0.1546964 0 0 255
-0.0748965 -0.0172860 -0.1554976 0 0 255
-0.0754724 -0.0160476 -0.1559891 0 0 255
-0.0769188 -0.0147945 -0.1573998 0 0 255
-0.0769092 -0.0135774 -0.1572739 0 0 255
-0.0774789 -0.0123517 -0.1577599 0 0 255
0.0321043 0.1281272 -0.0284998 0 0 255
0.0316285 0.1295657 -0.0288663 0 0 255
0.0313972 0.1310724 -0.0289677 0 0 255
0.0314096 0.1326494 -0.0288047 0 0 255
0.0311784 0.1341537 -0.0289062 0 0 255
0.0302194 0.1354365 -0.0297986 0 0 255
0.0302317 0.1370096 -0.0296360 0 0 255
0.0304866 0.1386575 -0.0292098 0 0 255
0.0297722 0.1400046 -0.0298373 0 0 255
0.0295427 0.1414999 -0.0299379 0 0 255
0.0295550 0.1430706 -0.0297755 0 0 255
0.0290846 0.1444858 -0.0301385 0 0 255
0.0293382 0.1461335 -0.0297137 0 0 255
0.0281465 0.1473077 -0.0308625 0 0 255
0.0286396 0.1490334 -0.0301768 0 0 255
0.0284114 0.1505203 -0.0302769 0 0 255
0.0281834 0.1520057 -0.0303769 0 0 255
0.0277157 0.1534076 -0.0307382 0 0 255
0.0274884 0.1548893 -0.0308378 0 0 255
0.0277403 0.1565365 -0.0304148 0 0 255
0.0556892 -0.0793823 -0.0208650 0 0 255
0.0557023 -0.0777178 -0.0206930 0 0 255
0.0522231 -0.0755683 -0.0241855 0 0 255
0.0527706 -0.0739879 -0.0234536 0 0 255
0.0298247 -0.0692982 -0.0473890 0 0 255
0.0298370 -0.0677204 -0.0472259 0 0 255
0.0303364 -0.0662038 -0.0465512 0 0 255
0.0291331 -0.0644759 -0.0476656 0 0 255
0.0286608 -0.0628430 -0.0480122 0 0 255
0.0284312 -0.0612413 -0.0481040 0 0 255
0.0282018 -0.0596413 -0.0481956 0 0 255
0.0277345 -0.0580169 -0.0485377 0 0 255
0.0272652 -0.0563956 -0.0488824 0 0 255
0.0272775 -0.0548266 -0.0487202 0 0 255
0.0277715 -0.0533051 -0.0480506 0 0 255
0.0273021 -0.0516885 -0.0483958 0 0 255
0.0265937 -0.0500532 -0.0489930 0 0 255
0.0268460 -0.0485078 -0.0485781 0 0 255
0.0268582 -0.0469403 -0.0484161 0 0 255
0.0266306 -0.0453532 -0.0485072 0 0 255
0.0261635 -0.0437488 -0.0488509 0 0 255
0.0252202 -0.0421118 -0.0496977 0 0 255
0.0257097 -0.0405841 -0.0490324 0 0 255
0.0257220 -0.0390205 -0.0488707 0 0 255
0.0245427 -0.0373793 -0.0499678 0 0 255
0.0243173 -0.0358050 -0.0500577 0 0 255
0.0238550 -0.0342184 -0.0503981 0 0 255
0.0233937 -0.0326350 -0.0507378 0 0 255
0.0222262 -0.0310182 -0.0518246 0 0 255
0.0220032 -0.0294550 -0.0519130 0 0 255
0.0217804 -0.0278934 -0.0520014 0 0 255
0.0220275 -0.0263529 -0.0515924 0 0 255
-0.0745061 -0.0210966 -0.1536645 0 0 255
-0.0747908 -0.0198584 -0.1538494 0 0 255
-0.0747811 -0.0186315 -0.1537225 0 0 255
-0.0756493 -0.0173797 -0.1545260 0 0 255
-0.0773874 -0.0161121 -0.1562523 0 0 255
-0.0779567 -0.0148814 -0.1567403 0 0 255
-0.0782359 -0.0136599 -0.1569209 0 0 255
-0.0788025 -0.0124360 -0.1574066 0 0 255
0.0506739 -0.0756211 -0.0234344 0 0 255
0.0509528 -0.0740063 -0.0229832 0 0 255
0.0514987 -0.0724251 -0.0222504 0 0 255
0.0491226 -0.0704623 -0.0246001 0 0 255
0.0475556 -0.0686174 -0.0260975 0 0 255
0.0457380 -0.0667525 -0.0278605 0 0 255
0.0457508 -0.0651181 -0.0276915 0 0 255
0.0452431 -0.0634234 -0.0280725 0 0 255
0.0333396 -0.0604493 -0.0404960 0 0 255
0.0299138 -0.0584811 -0.0439659 0 0 255
0.0289529 -0.0567969 -0.0448315 0 0 255
0.0270337 -0.0550210 -0.0467114 0 0 255
0.0265648 -0.0534018 -0.0470581 0 0 255
0.0268176 -0.0518550 -0.0466413 0 0 255
0.0261091 -0.0502177 -0.0472419 0 0 255
0.0258817 -0.0486281 -0.0473336 0 0 255
0.0258940 -0.0470606 -0.0471716 0 0 255
0.0261460 -0.0455128 -0.0467556 0 0 255
0.0261583 -0.0439445 -0.0465934 0 0 255
0.0254520 -0.0423218 -0.0471932 0 0 255
0.0257035 -0.0407731 -0.0467775 0 0 255
0.0254765 -0.0391898 -0.0468694 0 0 255
0.0254888 -0.0376238 -0.0467075 0 0 255
0.0250232 -0.0360280 -0.0470529 0 0 255
0.0250354 -0.0344636 -0.0468912 0 0 255
0.0248092 -0.0328859 -0.0469829 0 0 255
0.0243450 -0.0312973 -0.0473274 0 0 255
0.0238816 -0.0297120 -0.0476713 0 0 255
0.0224733 -0.0280869 -0.0490203 0 0 255
0.0227216 -0.0265411 -0.0486083 0 0 255
-0.0755551 -0.0211792 -0.1530022 0 0 255
-0.0752518 -0.0199627 -0.1525629 0 0 255
-0.0755359 -0.0187254 -0.1527486 0 0 255
-0.0775667 -0.0174401 -0.1547942 0 0 255
-0.0778471 -0.0162127 -0.1549769 0 0 255
-0.0787048 -0.0149745 -0.1557748 0 0 255
-0.0789834 -0.0137529 -0.1559561 0 0 255
0.0496710 -0.0740970 -0.0219528 0 0 255
0.0502152 -0.0725168 -0.0212193 0 0 255
0.0473205 -0.0704862 -0.0241304 0 0 255
0.0468084 -0.0687767 -0.0245172 0 0 255
0.0455137 -0.0669743 -0.0257344 0 0 255
0.0450054 -0.0652748 -0.0261179 0 0 255
0.0434617 -0.0634583 -0.0276008 0 0 255
0.0434744 -0.0618283 -0.0274323 0 0 255
0.0427126 -0.0601133 -0.0280864 0 0 255
0.0363682 -0.0578098 -0.0346708 0 0 255
0.0263073 -0.0551664 -0.0452083 0 0 255
0.0255990 -0.0535224 -0.0458117 0 0 255
0.0251321 -0.0519064 -0.0461589 0 0 255
0.0256236 -0.0503826 -0.0454871 0 0 255
0.0253961 -0.0487912 -0.0455799 0 0 255
0.0256481 -0.0472428 -0.0451626 0 0 255
0.0259005 -0.0456927 -0.0447448 0 0 255
0.0256728 -0.0441028 -0.0448380 0 0 255
0.0249665 -0.0424782 -0.0454410 0 0 255
0.0247397 -0.0408932 -0.0455336 0 0 255
0.0252303 -0.0393596 -0.0448619 0 0 255
0.0250033 -0.0377754 -0.0449548 0 0 255
0.0247765 -0.0361927 -0.0450477 0 0 255
0.0250278 -0.0346400 -0.0446307 0 0 255
0.0248011 -0.0330590 -0.0447237 0 0 255
0.0243359 -0.0314670 -0.0450714 0 0 255
0.0238717 -0.0298783 -0.0454182 0 0 255
0.0226971 -0.0282602 -0.0465241 0 0 255
0.0224726 -0.0266904 -0.0466157 0 0 255
-0.0760166 -0.0212846 -0.1517150 0 0 255
-0.0763001 -0.0200463 -0.1519014 0 0 255
-0.0762905 -0.0188194 -0.1517745 0 0 255
-0.0791839 -0.0175084 -0.1547527 0 0 255
-0.0783077 -0.0163134 -0.1536996 0 0 255
-0.0791649 -0.0150740 -0.1545011 0 0 255
0.0484035 -0.0725375 -0.0207529 0 0 255
0.0478880 -0.0708184 -0.0211450 0 0 255
0.0457986 -0.0689028 -0.0232140 0 0 255
0.0445066 -0.0671000 -0.0244346 0 0 255
0.0445193 -0.0654630 -0.0242654 0 0 255
0.0432342 -0.0636742 -0.0254799 0 0 255
0.0429882 -0.0620122 -0.0255871 0 0 255
0.0424843 -0.0603234 -0.0259696 0 0 255
0.0417240 -0.0586107 -0.0266260 0 0 255
0.0409662 -0.0569035 -0.0272803 0 0 255
0.0404665 -0.0552273 -0.0276594 0 0 255
0.0248850 -0.0520961 -0.0441473 0 0 255
0.0246578 -0.0505031 -0.0442408 0 0 255
0.0249096 -0.0489547 -0.0438225 0 0 255
0.0249218 -0.0473839 -0.0436601 0 0 255
0.0244554 -0.0457733 -0.0440097 0 0 255
0.0261600 -0.0427634 -0.0418876 0 0 255
0.0244922 -0.0410657 -0.0435230 0 0 255
0.0242654 -0.0394798 -0.0436167 0 0 255
0.0245167 -0.0379272 -0.0431986 0 0 255
0.0250079 -0.0363881 -0.0425234 0 0 255
0.0274386 -0.0333816 -0.0396194 0 0 255
0.0252845 -0.0316880 -0.0417790 0 0 255
0.0245781 -0.0300806 -0.0423874 0 0 255
0.0274787 -0.0286445 -0.0391264 0 0 255
-0.0770645 -0.0213671 -0.1510542 0 0 255
-0.0767624 -0.0201508 -0.1506133 0 0 255
-0.0767528 -0.0189229 -0.1504864 0 0 255
-0.0793565 -0.0176184 -0.1531674 0 0 255
-0.0796353 -0.0163918 -0.1533512 0 0 255
0.0437337 -0.0705338 -0.0231954 0 0 255
0.0434866 -0.0688628 -0.0233041 0 0 255
0.0419460 -0.0670329 -0.0247976 0 0 255
0.0419588 -0.0654011 -0.0246289 0 0 255
0.0406846 -0.0636182 -0.0258386 0 0 255
0.0399283 -0.0619030 -0.0264941 0 0 255
0.0394298 -0.0602215 -0.0268741 0 0 255
0.0399538 -0.0586532 -0.0261582 0 0 255
0.0389450 -0.0569221 -0.0270855 0 0 255
0.0379405 -0.0551984 -0.0280090 0 0 255
0.0379531 -0.0535803 -0.0278417 0 0 255
0.0351935 -0.0517022 -0.0306498 0 0 255
0.0314729 -0.0497559 -0.0344915 0 0 255
0.0265978 -0.0477344 -0.0395754 0 0 255
0.0275796 -0.0462358 -0.0383707 0 0 255
0.0327484 -0.0450667 -0.0326661 0 0 255
0.0362620 -0.0437354 -0.0287372 0 0 255
0.0352690 -0.0420492 -0.0296519 0 0 255
0.0325377 -0.0402479 -0.0324366 0 0 255
0.0271563 -0.0382882 -0.0380743 0 0 255
0.0288716 -0.0368146 -0.0360782 0 0 255
0.0296176 -0.0352714 -0.0351243 0 0 255
0.0313509 -0.0337791 -0.0331069 0 0 255
0.0326003 -0.0322494 -0.0316096 0 0 255
0.0338563 -0.0307117 -0.0301045 0 0 255
0.0333707 -0.0290845 -0.0304756 0 0 255
0.0318949 -0.0274180 -0.0319145 0 0 255
-0.0778192 -0.0214611 -0.1500802 0 0 255
-0.0775177 -0.0202448 -0.1496386 0 0 255
-0.0775081 -0.0190169 -0.1495116 0 0 255
-0.0789510 -0.0177459 -0.1509524 0 0 255
-0.0806718 -0.0164775 -0.1526943 0 0 255
0.0411997 -0.0671904 -0.0232249 0 0 255
0.0401834 -0.0654329 -0.0241631 0 0 255
0.0391715 -0.0636829 -0.0250971 0 0 255
0.0384184 -0.0619694 -0.0257532 0 0 255
0.0384312 -0.0603462 -0.0255853 0 0 255
0.0376805 -0.0586407 -0.0262395 0 0 255
0.0366792 -0.0569142 -0.0271642 0 0 255
0.0361865 -0.0552460 -0.0275416 0 0 255
0.0367045 -0.0536798 -0.0268298 0 0 255
0.0364643 -0.0520387 -0.0269352 0 0 255
0.0364769 -0.0504222 -0.0267681 0 0 255
0.0359878 -0.0487619 -0.0271423 0 0 255
0.0362527 -0.0471683 -0.0267031 0 0 255
0.0362654 -0.0455526 -0.0265360 0 0 255
0.0362780 -0.0439370 -0.0263690 0 0 255
0.0355344 -0.0422654 -0.0270188 0 0 255
0.0355470 -0.0406522 -0.0268520 0 0 255
0.0340542 -0.0389379 -0.0283122 0 0 255
0.0338168 -0.0373139 -0.0284162 0 0 255
0.0338294 -0.0357066 -0.0282500 0 0 255
0.0330935 -0.0340566 -0.0288934 0 0 255
0.0333553 -0.0324652 -0.0284578 0 0 255
0.0333678 -0.0308596 -0.0282918 0 0 255
0.0333803 -0.0292539 -0.0281258 0 0 255
0.0321493 -0.0275941 -0.0293066 0 0 255
-0.0785739 -0.0215550 -0.1491062 0 0 255
-0.0785643 -0.0203281 -0.1489794 0 0 255
-0.0785547 -0.0191012 -0.1488525 0 0 255
-0.0805688 -0.0178137 -0.1509199 0 0 255
0.0384264 -0.0638380 -0.0235305 0 0 255
0.0381839 -0.0621820 -0.0236382 0 0 255
0.0376869 -0.0604993 -0.0240213 0 0 255
0.0371910 -0.0588201 -0.0244036 0 0 255
0.0354320 -0.0570120 -0.0261532 0 0 255
0.0354446 -0.0553956 -0.0259861 0 0 255
0.0352052 -0.0537544 -0.0260919 0 0 255
0.0357222 -0.0521866 -0.0253785 0 0 255
0.0354825 -0.0505463 -0.0254847 0 0 255
0.0352461 -0.0489079 -0.0255874 0 0 255
0.0350070 -0.0472710 -0.0256933 0 0 255
0.0355234 -0.0456970 -0.0249799 0 0 255
0.0350322 -0.0440413 -0.0253594 0 0 255
0.0350448 -0.0424265 -0.0251924 0 0 255
0.0348059 -0.0407937 -0.0252984 0 0 255
0.0350701 -0.0391967 -0.0248584 0 0 255
0.0330775 -0.0374531 -0.0268692 0 0 255
0.0323424 -0.0357995 -0.0275152 0 0 255
0.0318578 -0.0341654 -0.0278894 0 0 255
0.0318703 -0.0325614 -0.0277236 0 0 255
0.0316347 -0.0309449 -0.0278275 0 0 255
0.0316472 -0.0293417 -0.0276617 0 0 255
-0.0737349 -0.0231214 -0.1421627 0 0 255
-0.0799086 -0.0216256 -0.1487633 0 0 255
-0.0798990 -0.0204006 -0.1486366 0 0 255
-0.0793094 -0.0191951 -0.1478784 0 0 255
0.0369419 -0.0606525 -0.0224556 0 0 255
0.0364465 -0.0589723 -0.0228398 0 0 255
0.0349413 -0.0571891 -0.0243221 0 0 255
0.0347019 -0.0555453 -0.0244288 0 0 255
0.0349666 -0.0539529 -0.0239875 0 0 255
0.0344754 -0.0522868 -0.0243684 0 0 255
0.0344880 -0.0506703 -0.0242013 0 0 255
0.0342522 -0.0490319 -0.0243046 0 0 255
0.0342648 -0.0474162 -0.0241376 0 0 255
0.0342774 -0.0458005 -0.0239705 0 0 255
0.0342900 -0.0441848 -0.0238035 0 0 255
0.0345542 -0.0425879 -0.0233622 0 0 255
0.0338129 -0.0409175 -0.0240170 0 0 255
0.0338255 -0.0393034 -0.0238501 0 0 255
0.0318392 -0.0375603 -0.0258641 0 0 255
0.0308586 -0.0358923 -0.0267818 0 0 255
0.0306234 -0.0342740 -0.0268863 0 0 255
0.0303886 -0.0326574 -0.0269907 0 0 255
0.0306485 -0.0310677 -0.0265548 0 0 255
-0.0739124 -0.0244912 -0.1406483 0 0 255
-0.0747999 -0.0232036 -0.1414999 0 0 255
-0.0809508 -0.0217076 -0.1481063 0 0 255
-0.0809412 -0.0204836 -0.1479797 0 0 255
0.0332330 -0.0523871 -0.0233560 0 0 255
0.0334966 -0.0507946 -0.0229145 0 0 255
0.0330074 -0.0491336 -0.0232961 0 0 255
0.0332707 -0.0475402 -0.0228548 0 0 255
0.0327821 -0.0458834 -0.0232363 0 0 255
0.0327947 -0.0442693 -0.0230694 0 0 255
0.0328074 -0.0426553 -0.0229025 0 0 255
0.0330704 -0.0410592 -0.0224612 0 0 255
0.0318331 -0.0393589 -0.0236638 0 0 255
0.0298593 -0.0376191 -0.0256742 0 0 255
0.0298718 -0.0360152 -0.0255084 0 0 255
0.0296372 -0.0343969 -0.0256135 0 0 255
0.0294029 -0.0327802 -0.0257185 0 0 255
0.0296623 -0.0311905 -0.0252819 0 0 255
-0.0752775 -0.0245582 -0.1403132 0 0 255
-0.0819986 -0.0230127 -0.1475744 0 0 255
-0.0819890 -0.0217896 -0.1474479 0 0 255
0.0049119 -0.0238426 -0.0518641 0 0 255
0.0317892 -0.0460072 -0.0219548 0 0 255
0.0315520 -0.0443734 -0.0220625 0 0 255
0.0315647 -0.0427602 -0.0218956 0 0 255
0.0313278 -0.0411290 -0.0220034 0 0 255
0.0305935 -0.0394652 -0.0226586 0 0 255
0.0298616 -0.0378067 -0.0233118 0 0 255
0.0291319 -0.0361534 -0.0239630 0 0 255
0.0288976 -0.0345341 -0.0240690 0 0 255
0.0286635 -0.0329165 -0.0241749 0 0 255
0.0284297 -0.0313006 -0.0242807 0 0 255
