ply
format ascii 1.0
element vertex 14013
property float x
property float y
property float z
property uchar red
property uchar green
property uchar blue
end_header
0.2550983 0.0003843 -0.0706243 0 0 255
0.2555590 0.0023386 -0.0701227 0 0 255
0.2555751 0.0042881 -0.0699222 0 0 255
0.2564822 0.0062547 -0.0691176 0 0 255
0.2569447 0.0082165 -0.0686141 0 0 255
0.2574078 0.0101809 -0.0681099 0 0 255
0.2578714 0.0121478 -0.0676051 0 0 255
0.2587844 0.0141308 -0.0667950 0 0 255
0.2596997 0.0161190 -0.0659828 0 0 255
0.2516466 -0.0056138 -0.0711800 0 0 255
0.2525453 -0.0036675 -0.0703801 0 0 255
0.2516785 -0.0017297 -0.0707803 0 0 255
0.2525773 0.0002216 -0.0699799 0 0 255
0.2534783 0.0021779 -0.0691774 0 0 255
0.2539377 0.0041321 -0.0686752 0 0 255
0.2544092 0.0080384 -0.0679749 0 0 255
0.2548697 0.0099989 -0.0674712 0 0 255
0.2553309 0.0119620 -0.0669670 0 0 255
0.2562388 0.0139410 -0.0661575 0 0 255
0.2571492 0.0159251 -0.0653461 0 0 255
0.2576132 0.0178983 -0.0648389 0 0 255
0.2585270 0.0198913 -0.0640242 0 0 255
0.2598941 0.0219081 -0.0628992 0 0 255
0.2608139 0.0239128 -0.0620793 0 0 255
0.2617360 0.0259227 -0.0612574 0 0 255
0.2482443 -0.0077022 -0.0713366 0 0 255
0.2486977 -0.0057655 -0.0708387 0 0 255
0.2491516 -0.0038263 -0.0703401 0 0 255
0.2491676 -0.0018880 -0.0701406 0 0 255
0.2496221 0.0000549 -0.0696413 0 0 255
0.2496380 0.0019946 -0.0694417 0 0 255
0.2505330 0.0039483 -0.0686406 0 0 255
0.2514303 0.0059069 -0.0678374 0 0 255
0.2518877 0.0078611 -0.0673350 0 0 255
0.2523457 0.0098177 -0.0668319 0 0 255
0.2532476 0.0117889 -0.0660245 0 0 255
0.2546083 0.0157319 -0.0647119 0 0 255
0.2550698 0.0177012 -0.0642052 0 0 255
0.2555319 0.0196731 -0.0636978 0 0 255
0.2577872 0.0217212 -0.0619588 0 0 255
0.2587030 0.0237231 -0.0611388 0 0 255
0.2596211 0.0257302 -0.0603167 0 0 255
0.2619027 0.0278099 -0.0585567 0 0 255
0.2674162 0.0300715 -0.0545723 0 0 255
0.2457160 -0.0117130 -0.0710956 0 0 255
0.2448634 -0.0097773 -0.0714923 0 0 255
0.2453132 -0.0078481 -0.0709961 0 0 255
0.2453290 -0.0059171 -0.0707974 0 0 255
0.2462146 -0.0039822 -0.0700015 0 0 255
0.2457952 -0.0020519 -0.0701015 0 0 255
0.2466819 -0.0001108 -0.0693043 0 0 255
0.2471340 0.0018295 -0.0688054 0 0 255
0.2475868 0.0037724 -0.0683057 0 0 255
0.2480400 0.0057178 -0.0678055 0 0 255
0.2493713 0.0076843 -0.0667007 0 0 255
0.2498270 0.0096372 -0.0661981 0 0 255
0.2502831 0.0115925 -0.0656949 0 0 255
0.2516230 0.0135767 -0.0645825 0 0 255
0.2525246 0.0155540 -0.0637716 0 0 255
0.2529842 0.0175207 -0.0632650 0 0 255
0.2552384 0.0215164 -0.0613295 0 0 255
0.2565975 0.0235338 -0.0602008 0 0 255
0.2566136 0.0254963 -0.0599988 0 0 255
0.2575278 0.0275031 -0.0591763 0 0 255
0.2593473 0.0295622 -0.0577275 0 0 255
0.2427810 -0.0137759 -0.0709546 0 0 255
0.2423652 -0.0118455 -0.0710536 0 0 255
0.2419500 -0.0099176 -0.0711525 0 0 255
0.2419658 -0.0079927 -0.0709544 0 0 255
0.2424126 -0.0060672 -0.0704590 0 0 255
0.2428601 -0.0041392 -0.0699629 0 0 255
0.2441740 -0.0022026 -0.0688685 0 0 255
0.2437566 -0.0002758 -0.0689690 0 0 255
0.2442057 0.0016596 -0.0684711 0 0 255
0.2450898 0.0036042 -0.0676723 0 0 255
0.2459761 0.0055537 -0.0668715 0 0 255
0.2459919 0.0074898 -0.0666723 0 0 255
0.2464439 0.0094363 -0.0661713 0 0 255
0.2477714 0.0114088 -0.0650640 0 0 255
0.2486646 0.0133758 -0.0642568 0 0 255
0.2495599 0.0153479 -0.0634476 0 0 255
0.2500165 0.0173095 -0.0629420 0 0 255
0.2513576 0.0193072 -0.0618229 0 0 255
0.2536052 0.0233061 -0.0598840 0 0 255
0.2540671 0.0252843 -0.0593732 0 0 255
0.2545294 0.0272649 -0.0588617 0 0 255
0.2554400 0.0292715 -0.0580387 0 0 255
0.2617818 0.0315813 -0.0534407 0 0 255
0.2398451 -0.0177507 -0.0710121 0 0 255
0.2398608 -0.0158283 -0.0708143 0 0 255
0.2390198 -0.0138972 -0.0712094 0 0 255
0.2398924 -0.0119835 -0.0704186 0 0 255
0.2399081 -0.0100610 -0.0702208 0 0 255
0.2399239 -0.0081385 -0.0700229 0 0 255
0.2395109 -0.0062165 -0.0701223 0 0 255
0.2403846 -0.0042917 -0.0693296 0 0 255
0.2408302 -0.0023650 -0.0688335 0 0 255
0.2417072 -0.0004316 -0.0680377 0 0 255
0.2417230 0.0014958 -0.0678393 0 0 255
0.2426023 0.0034366 -0.0670412 0 0 255
0.2430506 0.0053743 -0.0665421 0 0 255
0.2439333 0.0073237 -0.0657409 0 0 255
0.2443833 0.0092677 -0.0652399 0 0 255
0.2448340 0.0112142 -0.0647383 0 0 255
0.2461576 0.0131888 -0.0636290 0 0 255
0.2470481 0.0151569 -0.0628205 0 0 255
0.2479410 0.0171300 -0.0620098 0 0 255
0.2497173 0.0191416 -0.0605831 0 0 255
0.2515144 0.0231182 -0.0589510 0 0 255
0.2524186 0.0251142 -0.0581302 0 0 255
0.2524347 0.0270717 -0.0579288 0 0 255
0.2533412 0.0290754 -0.0571057 0 0 255
0.2560428 0.0311826 -0.0550285 0 0 255
0.2688710 0.0338882 -0.0458745 0 0 255
0.2390763 -0.0198283 -0.0693876 0 0 255
0.2382358 -0.0178910 -0.0697848 0 0 255
0.2386794 -0.0159754 -0.0692896 0 0 255
0.2378398 -0.0140441 -0.0696866 0 0 255
0.2374287 -0.0121209 -0.0697860 0 0 255
0.2370182 -0.0102000 -0.0698853 0 0 255
0.2370338 -0.0082823 -0.0696879 0 0 255
0.2374759 -0.0063642 -0.0691936 0 0 255
0.2374916 -0.0044452 -0.0689961 0 0 255
0.2383617 -0.0025206 -0.0682030 0 0 255
0.2388055 -0.0005952 -0.0677067 0 0 255
0.2388212 0.0013275 -0.0675089 0 0 255
0.2396946 0.0032631 -0.0667124 0 0 255
0.2401400 0.0051959 -0.0662143 0 0 255
0.2414480 0.0071491 -0.0651134 0 0 255
0.2414638 0.0090791 -0.0649147 0 0 255
0.2427768 0.0110434 -0.0638093 0 0 255
0.2440947 0.0130152 -0.0626996 0 0 255
0.2445457 0.0149666 -0.0621958 0 0 255
0.2454336 0.0169358 -0.0613859 0 0 255
0.2467617 0.0189265 -0.0602673 0 0 255
0.2489759 0.0209605 -0.0585274 0 0 255
0.2512158 0.0249649 -0.0565779 0 0 255
0.2507882 0.0269006 -0.0566876 0 0 255
0.2516921 0.0289029 -0.0558634 0 0 255
0.2539378 0.0309835 -0.0540969 0 0 255
0.2671749 0.0337087 -0.0446119 0 0 255
0.2681217 0.0357673 -0.0437523 0 0 255
0.2370393 -0.0199592 -0.0684587 0 0 255
0.2366285 -0.0180311 -0.0685589 0 0 255
0.2370709 -0.0161168 -0.0680632 0 0 255
0.2353832 -0.0141775 -0.0690561 0 0 255
0.2345505 -0.0122545 -0.0694522 0 0 255
0.2341427 -0.0103383 -0.0695514 0 0 255
0.2337354 -0.0084246 -0.0696505 0 0 255
0.2345975 -0.0065122 -0.0688612 0 0 255
0.2350372 -0.0045965 -0.0683672 0 0 255
0.2354774 -0.0026784 -0.0678727 0 0 255
0.2359182 -0.0007579 -0.0673775 0 0 255
0.2363595 0.0011651 -0.0668817 0 0 255
0.2363752 0.0030841 -0.0666842 0 0 255
0.2376712 0.0050259 -0.0655883 0 0 255
0.2385431 0.0069663 -0.0647894 0 0 255
0.2385588 0.0088915 -0.0645912 0 0 255
0.2398630 0.0108505 -0.0634879 0 0 255
0.2411721 0.0128170 -0.0623804 0 0 255
0.2420529 0.0147771 -0.0615734 0 0 255
0.2429358 0.0167423 -0.0607643 0 0 255
0.2442567 0.0187288 -0.0596466 0 0 255
0.2460203 0.0207407 -0.0582166 0 0 255
0.2482334 0.0227818 -0.0564689 0 0 255
0.2486906 0.0247546 -0.0559572 0 0 255
0.2487066 0.0267084 -0.0557561 0 0 255
0.2527303 0.0308337 -0.0525385 0 0 255
0.2654810 0.0335294 -0.0433509 0 0 255
0.2673549 0.0356425 -0.0418338 0 0 255
0.2358429 -0.0220274 -0.0671326 0 0 255
0.2337347 -0.0200652 -0.0684251 0 0 255
0.2333272 -0.0181430 -0.0685251 0 0 255
0.2320764 -0.0162117 -0.0692174 0 0 255
0.2320920 -0.0143013 -0.0690207 0 0 255
0.2316866 -0.0123874 -0.0691200 0 0 255
0.2312816 -0.0104760 -0.0692192 0 0 255
0.2308771 -0.0085669 -0.0693183 0 0 255
0.2317334 -0.0066594 -0.0685305 0 0 255
0.2325919 -0.0047472 -0.0677408 0 0 255
0.2326075 -0.0028354 -0.0675440 0 0 255
0.2326232 -0.0009236 -0.0673473 0 0 255
0.2330611 0.0009932 -0.0668530 0 0 255
0.2343466 0.0029250 -0.0657609 0 0 255
0.2343623 0.0048417 -0.0655636 0 0 255
0.2352273 0.0067757 -0.0647671 0 0 255
0.2360945 0.0087147 -0.0639687 0 0 255
0.2369639 0.0106585 -0.0631682 0 0 255
0.2378354 0.0126073 -0.0623657 0 0 255
0.2387092 0.0145610 -0.0615611 0 0 255
0.2391548 0.0165048 -0.0610588 0 0 255
0.2408955 0.0184995 -0.0596404 0 0 255
0.2417769 0.0204695 -0.0588289 0 0 255
0.2444032 0.0225195 -0.0567821 0 0 255
0.2457319 0.0245248 -0.0556525 0 0 255
0.2457479 0.0264736 -0.0554519 0 0 255
0.2501880 0.0306111 -0.0519263 0 0 255
0.2637892 0.0333504 -0.0420915 0 0 255
0.2656575 0.0354616 -0.0405721 0 0 255
0.2666036 0.0375253 -0.0397059 0 0 255
0.2367800 -0.0241496 -0.0643034 0 0 255
0.2346622 -0.0221745 -0.0656088 0 0 255
0.2312919 -0.0201870 -0.0677986 0 0 255
0.2317290 -0.0182824 -0.0673046 0 0 255
0.2304819 -0.0163520 -0.0679987 0 0 255
0.2296584 -0.0144335 -0.0683946 0 0 255
0.2292552 -0.0125232 -0.0684941 0 0 255
0.2292708 -0.0106174 -0.0682980 0 0 255
0.2292864 -0.0087116 -0.0681018 0 0 255
0.2288836 -0.0068060 -0.0682014 0 0 255
0.2297363 -0.0048987 -0.0674132 0 0 255
0.2297519 -0.0029917 -0.0672170 0 0 255
0.2306069 -0.0010772 -0.0664266 0 0 255
0.2310429 0.0008372 -0.0659323 0 0 255
0.2314795 0.0027540 -0.0654374 0 0 255
0.2319167 0.0046732 -0.0649419 0 0 255
0.2319323 0.0065864 -0.0647450 0 0 255
0.2332157 0.0085288 -0.0636489 0 0 255
0.2336552 0.0104565 -0.0631510 0 0 255
0.2353709 0.0124234 -0.0617468 0 0 255
0.2358130 0.0143597 -0.0612462 0 0 255
0.2366831 0.0163132 -0.0604413 0 0 255
0.2379845 0.0182877 -0.0593293 0 0 255
0.2392910 0.0202697 -0.0582131 0 0 255
0.2406023 0.0222592 -0.0570928 0 0 255
0.2427883 0.0242962 -0.0553493 0 0 255
0.2449883 0.0263462 -0.0535947 0 0 255
0.2494264 0.0304857 -0.0500548 0 0 255
0.2625604 0.0331979 -0.0405055 0 0 255
0.2648891 0.0353365 -0.0386513 0 0 255
0.2653698 0.0373722 -0.0381137 0 0 255
0.2347420 -0.0242753 -0.0633791 0 0 255
0.2326332 -0.0223023 -0.0646858 0 0 255
0.2309589 -0.0203500 -0.0656859 0 0 255
0.2292929 -0.0184074 -0.0666809 0 0 255
0.2284709 -0.0164863 -0.0670784 0 0 255
0.2272338 -0.0145652 -0.0677708 0 0 255
0.2272494 -0.0126619 -0.0675749 0 0 255
0.2272649 -0.0107585 -0.0673790 0 0 255
0.2268640 -0.0088539 -0.0674789 0 0 255
0.2268795 -0.0069517 -0.0672831 0 0 255
0.2273116 -0.0050482 -0.0667912 0 0 255
0.2273272 -0.0031447 -0.0665953 0 0 255
0.2277598 -0.0012376 -0.0661027 0 0 255
0.2277755 0.0006671 -0.0659066 0 0 255
0.2282086 0.0025779 -0.0654132 0 0 255
0.2286423 0.0044910 -0.0649193 0 0 255
0.2286580 0.0063982 -0.0647229 0 0 255
0.2295116 0.0083246 -0.0639293 0 0 255
0.2299469 0.0102450 -0.0634335 0 0 255
0.2312250 0.0121919 -0.0623363 0 0 255
0.2325079 0.0141461 -0.0612349 0 0 255
0.2337957 0.0161078 -0.0601294 0 0 255
0.2350883 0.0180769 -0.0590197 0 0 255
0.2368143 0.0200706 -0.0575998 0 0 255
0.2389799 0.0220929 -0.0558646 0 0 255
0.2402923 0.0240885 -0.0547383 0 0 255
0.2433529 0.0261763 -0.0523609 0 0 255
0.2468936 0.0302641 -0.0494480 0 0 255
0.2613315 0.0330454 -0.0389194 0 0 255
0.2636561 0.0351835 -0.0370600 0 0 255
0.2636725 0.0371901 -0.0368535 0 0 255
0.2641525 0.0392270 -0.0363147 0 0 255
0.2331338 -0.0244117 -0.0621549 0 0 255
0.2306094 -0.0224298 -0.0637650 0 0 255
0.2281039 -0.0204627 -0.0653631 0 0 255
0.2264493 -0.0185247 -0.0663564 0 0 255
0.2264647 -0.0166202 -0.0661604 0 0 255
0.2252330 -0.0147013 -0.0668536 0 0 255
0.2244196 -0.0127931 -0.0672492 0 0 255
0.2244351 -0.0108944 -0.0670537 0 0 255
0.2248650 -0.0089969 -0.0665625 0 0 255
0.2244661 -0.0070970 -0.0666628 0 0 255
0.2240680 -0.0051994 -0.0667629 0 0 255
0.2244972 -0.0032995 -0.0662719 0 0 255
0.2245127 -0.0014007 -0.0660765 0 0 255
0.2249426 0.0005028 -0.0655847 0 0 255
0.2253729 0.0024087 -0.0650924 0 0 255
0.2245592 0.0042958 -0.0654901 0 0 255
0.2258193 0.0062194 -0.0644035 0 0 255
0.2262508 0.0081313 -0.0639098 0 0 255
0.2270997 0.0100563 -0.0631167 0 0 255
0.2279507 0.0119861 -0.0623217 0 0 255
0.2288038 0.0139208 -0.0615246 0 0 255
0.2300798 0.0158746 -0.0604238 0 0 255
0.2317833 0.0178515 -0.0590154 0 0 255
0.2330706 0.0198215 -0.0579050 0 0 255
0.2365006 0.0218901 -0.0552548 0 0 255
0.2378058 0.0238816 -0.0541295 0 0 255
0.2395485 0.0259016 -0.0526890 0 0 255
0.2439203 0.0280660 -0.0493571 0 0 255
0.2601026 0.0328929 -0.0373333 0 0 255
0.2619611 0.0350029 -0.0358014 0 0 255
0.2629023 0.0370661 -0.0349290 0 0 255
0.2624559 0.0390437 -0.0350557 0 0 255
0.2302589 -0.0245149 -0.0618394 0 0 255
0.2269150 -0.0225181 -0.0640452 0 0 255
0.2248477 -0.0205665 -0.0653392 0 0 255
0.2236197 -0.0186415 -0.0660335 0 0 255
0.2228088 -0.0167296 -0.0664298 0 0 255
0.2224118 -0.0148273 -0.0665300 0 0 255
0.2220153 -0.0129273 -0.0666301 0 0 255
0.2216193 -0.0110297 -0.0667300 0 0 255
0.2204034 -0.0091317 -0.0674183 0 0 255
0.2204189 -0.0072412 -0.0672237 0 0 255
0.2204343 -0.0053507 -0.0670291 0 0 255
0.2204497 -0.0034601 -0.0668345 0 0 255
0.2208752 -0.0015662 -0.0663453 0 0 255
0.2204806 0.0003211 -0.0664452 0 0 255
0.2209061 0.0022174 -0.0659558 0 0 255
0.2209215 0.0041092 -0.0657611 0 0 255
0.2221701 0.0060253 -0.0646791 0 0 255
0.2225977 0.0079300 -0.0641874 0 0 255
0.2238525 0.0098580 -0.0630998 0 0 255
0.2246968 0.0117816 -0.0623071 0 0 255
0.2251275 0.0136971 -0.0618121 0 0 255
0.2268090 0.0156574 -0.0604151 0 0 255
0.2276608 0.0175967 -0.0596156 0 0 255
0.2285146 0.0195409 -0.0588142 0 0 255
0.2306352 0.0215438 -0.0570980 0 0 255
0.2336202 0.0235979 -0.0547566 0 0 255
0.2366316 0.0256703 -0.0523944 0 0 255
0.2414093 0.0278501 -0.0487543 0 0 255
0.2570443 0.0326365 -0.0370700 0 0 255
0.2593488 0.0347677 -0.0352095 0 0 255
0.2612066 0.0368841 -0.0336708 0 0 255
0.2612230 0.0388907 -0.0334643 0 0 255
0.2236623 -0.0226155 -0.0640255 0 0 255
0.2211999 -0.0206612 -0.0656116 0 0 255
0.2208042 -0.0187576 -0.0657122 0 0 255
0.2199987 -0.0168503 -0.0661079 0 0 255
0.2191952 -0.0149477 -0.0665027 0 0 255
0.2179862 -0.0130461 -0.0671901 0 0 255
0.2184092 -0.0111617 -0.0667021 0 0 255
0.2176098 -0.0092707 -0.0670951 0 0 255
0.2172184 -0.0073847 -0.0671942 0 0 255
0.2172338 -0.0054999 -0.0670002 0 0 255
0.2172492 -0.0036152 -0.0668062 0 0 255
0.2172688 -0.0017304 -0.0666091 0 0 255
0.2176909 0.0001588 -0.0661213 0 0 255
0.2177063 0.0020448 -0.0659271 0 0 255
0.2185479 0.0058327 -0.0649526 0 0 255
0.2193804 0.0077393 -0.0641672 0 0 255
0.2198052 0.0096403 -0.0636763 0 0 255
0.2210516 0.0115668 -0.0625905 0 0 255
0.2223028 0.0135005 -0.0615005 0 0 255
0.2227312 0.0154135 -0.0610059 0 0 255
0.2235742 0.0173441 -0.0602106 0 0 255
0.2252508 0.0193124 -0.0588105 0 0 255
0.2269357 0.0212905 -0.0574034 0 0 255
0.2298931 0.0233358 -0.0550721 0 0 255
0.2337295 0.0254402 -0.0521013 0 0 255
0.2371783 0.0275468 -0.0494097 0 0 255
0.2553636 0.0324586 -0.0358186 0 0 255
0.2576610 0.0345878 -0.0339552 0 0 255
0.2572199 0.0365593 -0.0340819 0 0 255
0.2563231 0.0384985 -0.0345404 0 0 255
0.2204455 -0.0208149 -0.0638104 0 0 255
0.2188200 -0.0188879 -0.0648015 0 0 255
0.2176100 -0.0169766 -0.0654929 0 0 255
0.2164046 -0.0150724 -0.0661817 0 0 255
0.2168264 -0.0131904 -0.0656933 0 0 255
0.2164353 -0.0113008 -0.0657934 0 0 255
0.2148340 -0.0094091 -0.0667704 0 0 255
0.2140418 -0.0075272 -0.0671619 0 0 255
0.2140572 -0.0056483 -0.0669684 0 0 255
0.2140725 -0.0037693 -0.0667750 0 0 255
0.2136849 -0.0018935 -0.0668739 0 0 255
0.2137002 -0.0000156 -0.0666806 0 0 255
0.2141185 0.0018678 -0.0661946 0 0 255
0.2149414 0.0037601 -0.0654146 0 0 255
0.2153614 0.0056493 -0.0649270 0 0 255
0.2161874 0.0075499 -0.0641439 0 0 255
0.2174225 0.0094653 -0.0630629 0 0 255
0.2182648 0.0132672 -0.0620835 0 0 255
0.2186889 0.0151718 -0.0615914 0 0 255
0.2211668 0.0171537 -0.0596033 0 0 255
0.2220073 0.0190853 -0.0588067 0 0 255
0.2232641 0.0210392 -0.0577063 0 0 255
0.2257763 0.0230569 -0.0556899 0 0 255
0.2329690 0.0253133 -0.0502582 0 0 255
0.2342675 0.0273114 -0.0491233 0 0 255
0.2403343 0.0295728 -0.0445071 0 0 255
0.2537012 0.0342731 -0.0343638 0 0 255
0.2546253 0.0363219 -0.0334952 0 0 255
0.2541873 0.0382871 -0.0336220 0 0 255
0.2172330 -0.0209169 -0.0637915 0 0 255
0.2156205 -0.0189956 -0.0647795 0 0 255
0.2156359 -0.0171087 -0.0645852 0 0 255
0.2132285 -0.0151915 -0.0661525 0 0 255
0.2128411 -0.0133076 -0.0662519 0 0 255
0.2128564 -0.0114287 -0.0660584 0 0 255
0.2112656 -0.0095436 -0.0670342 0 0 255
0.2100813 -0.0076681 -0.0677146 0 0 255
0.2104960 -0.0057964 -0.0672311 0 0 255
0.2101119 -0.0039263 -0.0673294 0 0 255
0.2101272 -0.0020553 -0.0671367 0 0 255
0.2101425 -0.0001843 -0.0669441 0 0 255
0.2101577 0.0016867 -0.0667515 0 0 255
0.2113726 0.0035772 -0.0656832 0 0 255
0.2117888 0.0054593 -0.0651975 0 0 255
0.2130097 0.0073615 -0.0641238 0 0 255
0.2142352 0.0092707 -0.0630461 0 0 255
0.2146549 0.0111646 -0.0625567 0 0 255
0.2158864 0.0130856 -0.0614734 0 0 255
0.2167150 0.0150002 -0.0606841 0 0 255
0.2183744 0.0188435 -0.0591028 0 0 255
0.2200307 0.0208070 -0.0577060 0 0 255
0.2229376 0.0228362 -0.0553921 0 0 255
0.2288126 0.0250239 -0.0509011 0 0 255
0.2271436 0.0268629 -0.0519382 0 0 255
0.2395692 0.0294471 -0.0426380 0 0 255
0.2506714 0.0340141 -0.0341092 0 0 255
0.2533995 0.0361698 -0.0319132 0 0 255
0.2529623 0.0381351 -0.0320410 0 0 255
0.2148508 -0.0210356 -0.0631811 0 0 255
0.2140557 -0.0191326 -0.0635785 0 0 255
0.2120578 -0.0172154 -0.0648547 0 0 255
0.2100678 -0.0153098 -0.0661263 0 0 255
0.2100831 -0.0134356 -0.0659334 0 0 255
0.2085029 -0.0115501 -0.0669070 0 0 255
0.2073267 -0.0096755 -0.0675860 0 0 255
0.2069458 -0.0078087 -0.0676838 0 0 255
0.2065653 -0.0059442 -0.0677814 0 0 255
0.2065804 -0.0040801 -0.0675895 0 0 255
0.2069914 -0.0022130 -0.0671076 0 0 255
0.2070066 -0.0003478 -0.0669156 0 0 255
0.2074180 0.0015228 -0.0664330 0 0 255
0.2086249 0.0034083 -0.0653668 0 0 255
0.2090383 0.0052858 -0.0648822 0 0 255
0.2102512 0.0071830 -0.0638104 0 0 255
0.2110673 0.0090773 -0.0630294 0 0 255
0.2114838 0.0109653 -0.0625414 0 0 255
0.2123030 0.0128678 -0.0617574 0 0 255
0.2123184 0.0147482 -0.0615637 0 0 255
0.2127364 0.0166432 -0.0610740 0 0 255
0.2147727 0.0186037 -0.0593934 0 0 255
0.2176498 0.0225062 -0.0569092 0 0 255
0.2230257 0.0246575 -0.0527660 0 0 255
0.2234572 0.0265897 -0.0522628 0 0 255
0.2327579 0.0289982 -0.0452221 0 0 255
0.2375144 0.0312043 -0.0415269 0 0 255
0.2494665 0.0358497 -0.0323287 0 0 255
0.2521899 0.0380126 -0.0301257 0 0 255
0.2096845 -0.0192167 -0.0644393 0 0 255
0.2092999 -0.0173338 -0.0645396 0 0 255
0.2073233 -0.0154326 -0.0658090 0 0 255
0.2069417 -0.0135589 -0.0659080 0 0 255
0.2057690 -0.0116817 -0.0665884 0 0 255
0.2042071 -0.0098097 -0.0675557 0 0 255
0.2038291 -0.0079485 -0.0676532 0 0 255
0.2034517 -0.0060895 -0.0677505 0 0 255
0.2034668 -0.0042311 -0.0675592 0 0 255
0.2030898 -0.0023755 -0.0676565 0 0 255
0.2046764 -0.0005023 -0.0663079 0 0 255
0.2039049 0.0013494 -0.0666958 0 0 255
0.2054955 0.0032341 -0.0653431 0 0 255
0.2063013 0.0051131 -0.0645682 0 0 255
0.2079036 0.0070140 -0.0632054 0 0 255
0.2083169 0.0088948 -0.0627191 0 0 255
0.2087306 0.0107781 -0.0622321 0 0 255
0.2083474 0.0126395 -0.0623335 0 0 255
0.2099597 0.0145648 -0.0609610 0 0 255
0.2107765 0.0164706 -0.0601754 0 0 255
0.2103908 0.0183343 -0.0602783 0 0 255
0.2116106 0.0202628 -0.0591942 0 0 255
0.2165002 0.0242573 -0.0552105 0 0 255
0.2202110 0.0263394 -0.0522794 0 0 255
0.2231296 0.0284005 -0.0499329 0 0 255
0.2332953 0.0308857 -0.0422151 0 0 255
0.2363303 0.0330081 -0.0397770 0 0 255
0.2442475 0.0374250 -0.0335257 0 0 255
0.2491764 0.0397333 -0.0296767 0 0 255
0.2081320 -0.0193527 -0.0632451 0 0 255
0.2065556 -0.0174517 -0.0642259 0 0 255
0.2061742 -0.0155756 -0.0643259 0 0 255
0.2053974 -0.0136977 -0.0647179 0 0 255
0.2038345 -0.0118185 -0.0656909 0 0 255
0.2026711 -0.0099503 -0.0663697 0 0 255
0.2019029 -0.0080894 -0.0667571 0 0 255
0.2015271 -0.0062326 -0.0668548 0 0 255
0.2007616 -0.0043796 -0.0672409 0 0 255
0.2011667 -0.0025229 -0.0667614 0 0 255
0.2015724 -0.0006639 -0.0662814 0 0 255
0.2019784 0.0011973 -0.0658008 0 0 255
0.2031695 0.0030731 -0.0647386 0 0 255
0.2031847 0.0049340 -0.0645470 0 0 255
0.2039862 0.0068117 -0.0637725 0 0 255
0.2051846 0.0087036 -0.0627034 0 0 255
0.2048049 0.0105595 -0.0628041 0 0 255
0.2052150 0.0124369 -0.0623190 0 0 255
0.2060214 0.0143296 -0.0615394 0 0 255
0.2060366 0.0161986 -0.0613469 0 0 255
0.2076403 0.0181291 -0.0599745 0 0 255
0.2080539 0.0200193 -0.0594855 0 0 255
0.2124836 0.0220906 -0.0560107 0 0 255
0.2182162 0.0261525 -0.0513798 0 0 255
0.2190551 0.0281004 -0.0505710 0 0 255
0.2261530 0.0304039 -0.0451016 0 0 255
0.2316881 0.0326563 -0.0407921 0 0 255
0.2386356 0.0369897 -0.0352370 0 0 255
0.2470567 0.0395210 -0.0287675 0 0 255
0.2484191 0.0416031 -0.0275586 0 0 255
0.2065661 -0.0213628 -0.0622453 0 0 255
0.2069793 -0.0194962 -0.0617574 0 0 255
0.2046143 -0.0175819 -0.0633284 0 0 255
0.2038400 -0.0157027 -0.0637214 0 0 255
0.2026744 -0.0138239 -0.0644051 0 0 255
0.2015131 -0.0119520 -0.0650862 0 0 255
0.2003559 -0.0100869 -0.0657648 0 0 255
0.1999813 -0.0082300 -0.0658631 0 0 255
0.1988298 -0.0063761 -0.0665386 0 0 255
0.1988449 -0.0045244 -0.0663480 0 0 255
0.1988599 -0.0026726 -0.0661573 0 0 255
0.1988750 -0.0008209 -0.0659666 0 0 255
0.2000568 0.0010456 -0.0649079 0 0 255
0.2004617 0.0029068 -0.0644267 0 0 255
0.2008671 0.0047703 -0.0639450 0 0 255
0.2012732 0.0066361 -0.0634626 0 0 255
0.2016796 0.0085041 -0.0629796 0 0 255
0.2013034 0.0103534 -0.0630798 0 0 255
0.2021016 0.0122355 -0.0623044 0 0 255
0.2021168 0.0140965 -0.0621128 0 0 255
0.2021320 0.0159575 -0.0619211 0 0 255
0.2013639 0.0177883 -0.0623142 0 0 255
0.2009882 0.0196308 -0.0624146 0 0 255
0.2061223 0.0217157 -0.0583992 0 0 255
0.2081282 0.0236823 -0.0567187 0 0 255
0.2146083 0.0277812 -0.0515084 0 0 255
0.2220394 0.0300931 -0.0457649 0 0 255
0.2258262 0.0322335 -0.0427448 0 0 255
0.2130333 0.0333721 -0.0521363 0 0 255
0.2258733 0.0380217 -0.0421488 0 0 255
0.2058265 -0.0196398 -0.0602698 0 0 255
0.2038605 -0.0177314 -0.0615523 0 0 255
0.2015142 -0.0158294 -0.0631192 0 0 255
0.2003550 -0.0139538 -0.0638027 0 0 255
0.1992000 -0.0120850 -0.0644836 0 0 255
0.1980493 -0.0102230 -0.0651620 0 0 255
0.1976767 -0.0083694 -0.0652605 0 0 255
0.1973045 -0.0065180 -0.0653588 0 0 255
0.1969329 -0.0046688 -0.0654571 0 0 255
0.1973347 -0.0028167 -0.0649776 0 0 255
0.1969630 -0.0009698 -0.0650761 0 0 255
0.1981398 0.0008942 -0.0640171 0 0 255
0.1981549 0.0027471 -0.0638263 0 0 255
0.1981699 0.0046001 -0.0636355 0 0 255
0.1981850 0.0064531 -0.0634447 0 0 255
0.1989771 0.0083247 -0.0626721 0 0 255
0.1966668 0.0101176 -0.0642227 0 0 255
0.1974551 0.0119891 -0.0634529 0 0 255
0.1951560 0.0137644 -0.0649969 0 0 255
0.1963260 0.0156496 -0.0639409 0 0 255
0.1971134 0.0175269 -0.0631713 0 0 255
0.1861133 0.0189212 -0.0712465 0 0 255
0.1188125 0.0177606 -0.1215911 0 0 255
0.1194214 0.0194115 -0.1209767 0 0 255
0.1194347 0.0210361 -0.1208093 0 0 255
0.1185548 0.0226135 -0.1213132 0 0 255
0.1182708 0.0242190 -0.1213695 0 0 255
0.1182840 0.0258402 -0.1212026 0 0 255
0.1174078 0.0274067 -0.1217048 0 0 255
0.1174210 0.0290253 -0.1215381 0 0 255
0.1177303 0.0306640 -0.1211484 0 0 255
0.2034858 -0.0197598 -0.0596709 0 0 255
0.2015306 -0.0178546 -0.0609528 0 0 255
0.1999780 -0.0159664 -0.0619343 0 0 255
0.1996024 -0.0141003 -0.0620353 0 0 255
0.1972829 -0.0122206 -0.0635929 0 0 255
0.1961371 -0.0103606 -0.0642721 0 0 255
0.1953804 -0.0085083 -0.0646601 0 0 255
0.1957811 -0.0066597 -0.0641805 0 0 255
0.1950253 -0.0048129 -0.0645684 0 0 255
0.1950404 -0.0029656 -0.0643781 0 0 255
0.1942865 -0.0011254 -0.0647653 0 0 255
0.1954556 0.0007338 -0.0637083 0 0 255
0.1950855 0.0025764 -0.0638074 0 0 255
0.1943315 0.0044100 -0.0641952 0 0 255
0.1955007 0.0062793 -0.0631372 0 0 255
0.1962875 0.0081462 -0.0623661 0 0 255
0.1936093 0.0099251 -0.0642025 0 0 255
0.1864313 0.0115552 -0.0694283 0 0 255
0.1186547 0.0111744 -0.1203004 0 0 255
0.1180727 0.0127787 -0.1205815 0 0 255
0.1174920 0.0143797 -0.1208619 0 0 255
0.1178020 0.0160139 -0.1204711 0 0 255
0.1178151 0.0176367 -0.1203040 0 0 255
0.1184230 0.0192876 -0.1196881 0 0 255
0.1187340 0.0209271 -0.1192960 0 0 255
0.1184494 0.0225369 -0.1193534 0 0 255
0.1175711 0.0241119 -0.1198597 0 0 255
0.1175842 0.0257340 -0.1196926 0 0 255
0.1167088 0.0273014 -0.1201974 0 0 255
0.1161309 0.0288829 -0.1204775 0 0 255
0.1167351 0.0305406 -0.1198638 0 0 255
0.1422070 0.0863888 -0.0953479 0 0 255
0.1422207 0.0880818 -0.0951735 0 0 255
0.1422346 0.0897748 -0.0949991 0 0 255
0.1432196 0.0916317 -0.0940804 0 0 255
0.1425855 0.0932163 -0.0944025 0 0 255
0.1432471 0.0950234 -0.0937311 0 0 255
0.1432610 0.0967193 -0.0935564 0 0 255
0.1429505 0.0983567 -0.0936306 0 0 255
0.1439379 0.1002302 -0.0927085 0 0 255
0.1442770 0.1019885 -0.0922838 0 0 255
0.2007607 -0.0198716 -0.0593695 0 0 255
0.1996000 -0.0179840 -0.0600615 0 0 255
0.1992242 -0.0161144 -0.0601637 0 0 255
0.1984587 -0.0142427 -0.0605593 0 0 255
0.1961434 -0.0123624 -0.0621222 0 0 255
0.1949996 -0.0105022 -0.0628041 0 0 255
0.1938599 -0.0086486 -0.0634836 0 0 255
0.1942593 -0.0068012 -0.0630036 0 0 255
0.1942744 -0.0049528 -0.0628132 0 0 255
0.1931374 -0.0031115 -0.0634918 0 0 255
0.1920046 -0.0012768 -0.0641679 0 0 255
0.1920196 0.0005650 -0.0639782 0 0 255
0.1920345 0.0024068 -0.0637885 0 0 255
0.1830176 0.0040879 -0.0704218 0 0 255
0.1601548 0.0054298 -0.0875237 0 0 255
0.1335160 0.0065496 -0.1074931 0 0 255
0.1200149 0.0078628 -0.1175418 0 0 255
0.1182380 0.0094425 -0.1187281 0 0 255
0.1170616 0.0110311 -0.1194609 0 0 255
0.1164819 0.0126339 -0.1197425 0 0 255
0.1164951 0.0142559 -0.1195754 0 0 255
0.1171013 0.0159022 -0.1189591 0 0 255
0.1171145 0.0175259 -0.1187918 0 0 255
0.1177219 0.0191776 -0.1181740 0 0 255
0.1174378 0.0207883 -0.1182321 0 0 255
0.1174510 0.0224129 -0.1180648 0 0 255
0.1168706 0.0240046 -0.1183481 0 0 255
0.1159956 0.0255757 -0.1188554 0 0 255
0.1151236 0.0271417 -0.1193610 0 0 255
0.1148422 0.0287406 -0.1194181 0 0 255
0.1151498 0.0303775 -0.1190277 0 0 255
0.1391965 0.0808894 -0.0960107 0 0 255
0.1395307 0.0826262 -0.0955905 0 0 255
0.1398655 0.0843649 -0.0951698 0 0 255
0.1405223 0.0861571 -0.0945011 0 0 255
0.1408581 0.0879007 -0.0940791 0 0 255
0.1399066 0.0894326 -0.0946479 0 0 255
0.1408857 0.0912849 -0.0937305 0 0 255
0.1408994 0.0929770 -0.0935563 0 0 255
0.1415585 0.0947818 -0.0928847 0 0 255
0.1412494 0.0964185 -0.0929591 0 0 255
0.1422328 0.0982866 -0.0920370 0 0 255
0.1422465 0.0999826 -0.0918623 0 0 255
0.1429086 0.1017993 -0.0911874 0 0 255
0.1432471 0.1035586 -0.0907618 0 0 255
0.1435859 0.1053199 -0.0903358 0 0 255
0.1449035 0.1072739 -0.0891534 0 0 255
0.1449174 0.1089775 -0.0889780 0 0 255
0.1984391 -0.0199907 -0.0587748 0 0 255
0.1972848 -0.0181064 -0.0594666 0 0 255
0.1980791 -0.0162570 -0.0586859 0 0 255
0.1961498 -0.0143716 -0.0599645 0 0 255
0.1934624 -0.0124910 -0.0618178 0 0 255
0.1930932 -0.0106393 -0.0619181 0 0 255
0.1919584 -0.0087877 -0.0625983 0 0 255
0.1931232 -0.0069426 -0.0615374 0 0 255
0.1916060 -0.0050988 -0.0625080 0 0 255
0.1908576 -0.0032594 -0.0628966 0 0 255
0.1904915 -0.0014210 -0.0629959 0 0 255
0.1318071 -0.0002716 -0.1073317 0 0 255
0.1271598 0.0013296 -0.1106964 0 0 255
0.1287185 0.0030129 -0.1093529 0 0 255
0.1166040 0.0044248 -0.1183915 0 0 255
0.1163206 0.0060431 -0.1184494 0 0 255
0.1163338 0.0076676 -0.1182821 0 0 255
0.1157545 0.0092748 -0.1185652 0 0 255
0.1154720 0.0108881 -0.1186230 0 0 255
0.1154851 0.0125101 -0.1184559 0 0 255
0.1157941 0.0141433 -0.1180637 0 0 255
0.1161034 0.0157783 -0.1176712 0 0 255
0.1161165 0.0174020 -0.1175039 0 0 255
0.1167229 0.0190535 -0.1168848 0 0 255
0.1161429 0.0206496 -0.1171695 0 0 255
0.1164526 0.0222890 -0.1167762 0 0 255
0.1161693 0.0238973 -0.1168350 0 0 255
0.1149998 0.0254521 -0.1175701 0 0 255
0.1150129 0.0270725 -0.1174032 0 0 255
0.1141424 0.0286362 -0.1179112 0 0 255
0.1144498 0.0302739 -0.1175197 0 0 255
0.1144630 0.0318927 -0.1173530 0 0 255
0.1365236 0.0754717 -0.0964241 0 0 255
0.1378126 0.0773401 -0.0952669 0 0 255
0.1368693 0.0788843 -0.0958318 0 0 255
0.1375206 0.0806644 -0.0951661 0 0 255
0.1378537 0.0823992 -0.0947458 0 0 255
0.1378674 0.0840856 -0.0945721 0 0 255
0.1375616 0.0857209 -0.0946453 0 0 255
0.1378947 0.0874585 -0.0942247 0 0 255
0.1382282 0.0891981 -0.0938037 0 0 255
0.1388825 0.0909937 -0.0931343 0 0 255
0.1395382 0.0927934 -0.0924633 0 0 255
0.1398735 0.0945408 -0.0920402 0 0 255
0.1402091 0.0962901 -0.0916165 0 0 255
0.1405451 0.0980414 -0.0911924 0 0 255
0.1415279 0.0999133 -0.0902668 0 0 255
0.1415417 0.1016102 -0.0900920 0 0 255
0.1422033 0.1034298 -0.0894147 0 0 255
0.1425416 0.1051911 -0.0889879 0 0 255
0.1435310 0.1070812 -0.0880556 0 0 255
0.1438845 0.1105521 -0.0874516 0 0 255
0.1438984 0.1122558 -0.0872761 0 0 255
0.1442385 0.1140269 -0.0868470 0 0 255
0.1972933 -0.0201334 -0.0572962 0 0 255
0.1965297 -0.0182556 -0.0576955 0 0 255
0.1973236 -0.0164052 -0.0569121 0 0 255
0.1950082 -0.0145137 -0.0584912 0 0 255
0.1934790 -0.0126427 -0.0594739 0 0 255
0.1927246 -0.0107852 -0.0598682 0 0 255
0.1908244 -0.0089288 -0.0611347 0 0 255
0.1908394 -0.0070838 -0.0609447 0 0 255
0.1260881 -0.0054213 -0.1100650 0 0 255
0.1218274 -0.0037898 -0.1131499 0 0 255
0.1197277 -0.0021645 -0.1145906 0 0 255
0.1164557 -0.0005650 -0.1169259 0 0 255
0.1164690 0.0010629 -0.1167582 0 0 255
0.1144093 0.0026547 -0.1181717 0 0 255
0.1129511 0.0042466 -0.1191274 0 0 255
0.1132579 0.0058711 -0.1187366 0 0 255
0.1126841 0.0074742 -0.1190181 0 0 255
0.1126972 0.0090910 -0.1188516 0 0 255
0.1121245 0.0106890 -0.1191327 0 0 255
0.1124303 0.0123144 -0.1187426 0 0 255
0.1106917 0.0138641 -0.1199158 0 0 255
0.1115793 0.0155107 -0.1190808 0 0 255
0.1113005 0.0171114 -0.1191380 0 0 255
0.1124828 0.0187785 -0.1180768 0 0 255
0.1136702 0.0204527 -0.1170110 0 0 255
0.1122163 0.0219954 -0.1179682 0 0 255
0.1119370 0.0235944 -0.1180259 0 0 255
0.1113660 0.0251748 -0.1183075 0 0 255
0.1131350 0.0268950 -0.1167946 0 0 255
0.1125616 0.0284753 -0.1170780 0 0 255
0.1128678 0.0301112 -0.1166865 0 0 255
0.1114184 0.0316260 -0.1176430 0 0 255
0.1126009 0.0333240 -0.1165786 0 0 255
0.1117365 0.0348738 -0.1170864 0 0 255
0.1108748 0.0364187 -0.1175927 0 0 255
0.1357802 0.0720222 -0.0951903 0 0 255
0.1342087 0.0734840 -0.0962447 0 0 255
0.1348553 0.0752533 -0.0955813 0 0 255
0.1361392 0.0771192 -0.0944235 0 0 255
0.1358348 0.0787564 -0.0944966 0 0 255
0.1361665 0.0804882 -0.0940765 0 0 255
0.1355444 0.0820745 -0.0943964 0 0 255
0.1361939 0.0838573 -0.0937295 0 0 255
0.1358895 0.0854909 -0.0938030 0 0 255
0.1368586 0.0873305 -0.0928873 0 0 255
0.1378308 0.0891762 -0.0919686 0 0 255
0.1381648 0.0909197 -0.0915456 0 0 255
0.1388201 0.0927203 -0.0908726 0 0 255
0.1391551 0.0944686 -0.0904483 0 0 255
0.1394905 0.0962189 -0.0900235 0 0 255
0.1391827 0.0978549 -0.0900995 0 0 255
0.1401626 0.0997254 -0.0891725 0 0 255
0.1408222 0.1015419 -0.0884946 0 0 255
0.1408361 0.1032398 -0.0883197 0 0 255
0.1405267 0.1048755 -0.0883968 0 0 255
0.1418353 0.1068254 -0.0872121 0 0 255
0.1421737 0.1085905 -0.0867836 0 0 255
0.1425126 0.1103576 -0.0863546 0 0 255
0.1425264 0.1120604 -0.0861792 0 0 255
0.1431913 0.1138979 -0.0854952 0 0 255
0.1435313 0.1156710 -0.0850648 0 0 255
0.1438716 0.1174461 -0.0846339 0 0 255
0.1455334 0.1212165 -0.0830040 0 0 255
0.1420010 0.2069722 -0.0773894 0 0 255
0.1420149 0.2086724 -0.0772142 0 0 255
0.1407349 0.2098904 -0.0780705 0 0 255
0.1404260 0.2114657 -0.0781531 0 0 255
0.1410853 0.2134057 -0.0774634 0 0 255
0.1404535 0.2148568 -0.0778038 0 0 255
0.1407899 0.2166764 -0.0773716 0 0 255
0.1401588 0.2181233 -0.0777118 0 0 255
0.1411404 0.2201956 -0.0767641 0 0 255
0.1414775 0.2220202 -0.0763309 0 0 255
0.1418149 0.2238469 -0.0758972 0 0 255
0.1418288 0.2255464 -0.0757221 0 0 255
0.1428159 0.2276370 -0.0747683 0 0 255
0.1421805 0.2290766 -0.0751126 0 0 255
0.1969267 -0.0202922 -0.0552231 0 0 255
0.1946099 -0.0183842 -0.0568103 0 0 255
0.1950125 -0.0165304 -0.0563229 0 0 255
0.1946401 -0.0146651 -0.0564272 0 0 255
0.1923402 -0.0127844 -0.0580041 0 0 255
0.1302983 -0.0105485 -0.1052371 0 0 255
0.1145006 -0.0088257 -0.1171523 0 0 255
0.1139230 -0.0072004 -0.1174367 0 0 255
0.1130523 -0.0055792 -0.1179457 0 0 255
0.1133597 -0.0039566 -0.1175535 0 0 255
0.1124909 -0.0023422 -0.1180617 0 0 255
0.1122106 -0.0007263 -0.1181197 0 0 255
0.1122237 0.0008921 -0.1179529 0 0 255
0.1113585 0.0024954 -0.1184595 0 0 255
0.1110795 0.0041054 -0.1185170 0 0 255
0.1102178 0.0057003 -0.1190216 0 0 255
0.1099399 0.0073052 -0.1190788 0 0 255
0.1093720 0.0089001 -0.1193588 0 0 255
0.1096754 0.0105194 -0.1189699 0 0 255
0.1099792 0.0121404 -0.1185807 0 0 255
0.1085420 0.0136975 -0.1195292 0 0 255
0.1082658 0.0152932 -0.1195859 0 0 255
0.1097277 0.0169630 -0.1183062 0 0 255
0.1094504 0.0185605 -0.1183637 0 0 255
0.1091734 0.0201563 -0.1184210 0 0 255
0.1080291 0.0217051 -0.1191463 0 0 255
0.1089097 0.0233589 -0.1183127 0 0 255
0.1089227 0.0249674 -0.1181470 0 0 255
0.1095157 0.0266114 -0.1175344 0 0 255
0.1092387 0.0282030 -0.1175922 0 0 255
0.1086724 0.0297737 -0.1178733 0 0 255
0.1089749 0.0314016 -0.1174843 0 0 255
0.1084092 0.0329681 -0.1177653 0 0 255
0.1078448 0.0345314 -0.1180457 0 0 255
0.1084353 0.0361820 -0.1174342 0 0 255
0.1081594 0.0377655 -0.1174919 0 0 255
0.1078838 0.0393472 -0.1175496 0 0 255
0.1070327 0.0408771 -0.1180524 0 0 255
0.1275121 0.0675821 -0.0998048 0 0 255
0.1290768 0.0694525 -0.0984271 0 0 255
0.1325331 0.0715912 -0.0955767 0 0 255
0.1338090 0.0734449 -0.0944214 0 0 255
0.1335065 0.0750805 -0.0944944 0 0 255
0.1332044 0.0767143 -0.0945674 0 0 255
0.1335338 0.0784402 -0.0941484 0 0 255
0.1335474 0.0801201 -0.0939753 0 0 255
0.1335610 0.0818001 -0.0938023 0 0 255
0.1335747 0.0834800 -0.0936292 0 0 255
0.1339045 0.0852107 -0.0932095 0 0 255
0.1345513 0.0869950 -0.0925420 0 0 255
0.1358359 0.0888890 -0.0913762 0 0 255
0.1364872 0.0906834 -0.0907044 0 0 255
0.1368203 0.0924267 -0.0902810 0 0 255
0.1371537 0.0941720 -0.0898570 0 0 255
0.1378079 0.0959763 -0.0891820 0 0 255
0.1384635 0.0977845 -0.0885056 0 0 255
0.1384773 0.0994786 -0.0883311 0 0 255
0.1388125 0.1012328 -0.0879049 0 0 255
0.1391482 0.1029889 -0.0874782 0 0 255
0.1398067 0.1048090 -0.0867984 0 0 255
0.1401434 0.1065701 -0.0863703 0 0 255
0.1408042 0.1083973 -0.0856881 0 0 255
0.1401710 0.1099680 -0.0860203 0 0 255
0.1408318 0.1117990 -0.0853377 0 0 255
0.1405219 0.1134329 -0.0854166 0 0 255
0.1411834 0.1152689 -0.0847329 0 0 255
0.1415217 0.1170398 -0.0843028 0 0 255
0.1428508 0.1207302 -0.0829290 0 0 255
0.1422131 0.1222925 -0.0832655 0 0 255
0.1419018 0.1239243 -0.0833457 0 0 255
0.1415634 0.2019762 -0.0760490 0 0 255
0.1402829 0.2032103 -0.0769088 0 0 255
0.1396517 0.2046736 -0.0772499 0 0 255
0.1390219 0.2061336 -0.0775903 0 0 255
0.1390356 0.2078282 -0.0774157 0 0 255
0.1384072 0.2092831 -0.0777555 0 0 255
0.1387418 0.2110966 -0.0773240 0 0 255
0.1384347 0.2126687 -0.0774067 0 0 255
0.1381279 0.2142390 -0.0774894 0 0 255
0.1384621 0.2160542 -0.0770580 0 0 255
0.1381553 0.2176227 -0.0771409 0 0 255
0.1381691 0.2193147 -0.0769666 0 0 255
0.1385033 0.2211328 -0.0765349 0 0 255
0.1388381 0.2229529 -0.0761027 0 0 255
0.1391732 0.2247751 -0.0756701 0 0 255
0.1391869 0.2264699 -0.0754955 0 0 255
0.1398444 0.2284256 -0.0748033 0 0 255
0.1392143 0.2298596 -0.0751463 0 0 255
0.1965593 -0.0204515 -0.0531448 0 0 255
0.1942410 -0.0185405 -0.0547416 0 0 255
0.1942561 -0.0166787 -0.0545498 0 0 255
0.1179215 -0.0138803 -0.1129435 0 0 255
0.1167377 -0.0122309 -0.1136937 0 0 255
0.1134884 -0.0105752 -0.1160305 0 0 255
0.1137969 -0.0089511 -0.1156363 0 0 255
0.1135148 -0.0073248 -0.1156957 0 0 255
0.1111765 -0.0057052 -0.1173360 0 0 255
0.1126570 -0.0040790 -0.1160408 0 0 255
0.1120822 -0.0024612 -0.1163259 0 0 255
0.1118019 -0.0008435 -0.1163848 0 0 255
0.1112290 0.0007684 -0.1166691 0 0 255
0.1097823 0.0023620 -0.1176267 0 0 255
0.1097955 0.0039762 -0.1174604 0 0 255
0.1089363 0.0055705 -0.1179664 0 0 255
0.1083694 0.0071672 -0.1182475 0 0 255
0.1080930 0.0087689 -0.1183049 0 0 255
0.1081060 0.0103780 -0.1181392 0 0 255
0.1075409 0.0119672 -0.1184197 0 0 255
0.1066889 0.0135423 -0.1189220 0 0 255
0.1069900 0.0151589 -0.1185342 0 0 255
0.1067150 0.0167523 -0.1185913 0 0 255
0.1070160 0.0183707 -0.1182033 0 0 255
0.1067410 0.0199625 -0.1182607 0 0 255
0.1070421 0.0215826 -0.1178725 0 0 255
0.1064793 0.0231568 -0.1181526 0 0 255
0.1064924 0.0247611 -0.1179873 0 0 255
0.1065054 0.0263654 -0.1178221 0 0 255
0.1065184 0.0279698 -0.1176568 0 0 255
0.1068192 0.0295933 -0.1172685 0 0 255
0.1065444 0.0311785 -0.1173263 0 0 255
0.1056958 0.0327203 -0.1178292 0 0 255
0.1054222 0.0343005 -0.1178865 0 0 255
0.1060087 0.0359466 -0.1172765 0 0 255
0.1051619 0.0374794 -0.1177790 0 0 255
0.1051749 0.0390796 -0.1176141 0 0 255
0.1046161 0.0406300 -0.1178935 0 0 255
0.1049147 0.0422544 -0.1175068 0 0 255
0.1049277 0.0438539 -0.1173421 0 0 255
0.1049407 0.0454535 -0.1171772 0 0 255
0.1046679 0.0470247 -0.1172348 0 0 255
0.1049666 0.0486526 -0.1168477 0 0 255
0.1052657 0.0502822 -0.1164601 0 0 255
0.1058517 0.0519444 -0.1158489 0 0 255
0.1050056 0.0534514 -0.1163534 0 0 255
0.1050185 0.0550510 -0.1161886 0 0 255
0.1056040 0.0567174 -0.1155774 0 0 255
0.1064780 0.0584216 -0.1147408 0 0 255
0.1093808 0.0603793 -0.1123204 0 0 255
0.1149697 0.0626905 -0.1078016 0 0 255
0.1194654 0.0648941 -0.1041333 0 0 255
0.1222129 0.0685428 -0.1016687 0 0 255
0.1268265 0.0708230 -0.0979024 0 0 255
0.1290126 0.0727905 -0.0960318 0 0 255
0.1302752 0.0746387 -0.0948826 0 0 255
0.1306019 0.0763578 -0.0944652 0 0 255
0.1315570 0.0781722 -0.0935557 0 0 255
0.1318851 0.0798970 -0.0931365 0 0 255
0.1318987 0.0815751 -0.0929637 0 0 255
0.1325425 0.0833525 -0.0922969 0 0 255
0.1325561 0.0850325 -0.0921239 0 0 255
0.1335175 0.0868673 -0.0912074 0 0 255
0.1344821 0.0887082 -0.0902880 0 0 255
0.1354499 0.0905553 -0.0893654 0 0 255
0.1361015 0.0923535 -0.0886907 0 0 255
0.1364346 0.0940998 -0.0882656 0 0 255
0.1367682 0.0958479 -0.0878401 0 0 255
0.1371021 0.0975981 -0.0874141 0 0 255
0.1371158 0.0992913 -0.0872397 0 0 255
0.1380923 0.1011643 -0.0863080 0 0 255
0.1381060 0.1028603 -0.0861332 0 0 255
0.1384414 0.1046183 -0.0857054 0 0 255
0.1387772 0.1063783 -0.0852770 0 0 255
0.1384690 0.1080124 -0.0853558 0 0 255
0.1384827 0.1097095 -0.0851809 0 0 255
0.1394637 0.1116042 -0.0842437 0 0 255
0.1394775 0.1133041 -0.0840686 0 0 255
0.1394913 0.1150041 -0.0838934 0 0 255
0.1391823 0.1166354 -0.0839730 0 0 255
0.1404893 0.1186137 -0.0827771 0 0 255
0.1411520 0.1204587 -0.0820893 0 0 255
0.1414908 0.1222355 -0.0816570 0 0 255
0.1418300 0.1240144 -0.0812241 0 0 255
0.1418438 0.1257212 -0.0810483 0 0 255
0.1421833 0.1275031 -0.0806149 0 0 255
0.1391985 0.1979879 -0.0760873 0 0 255
0.1385686 0.1994569 -0.0764293 0 0 255
0.1382610 0.2010378 -0.0765127 0 0 255
0.1373128 0.2023852 -0.0771110 0 0 255
0.1370065 0.2039611 -0.0771939 0 0 255
0.1363813 0.2054179 -0.0775333 0 0 255
0.1363950 0.2071078 -0.0773593 0 0 255
0.1360898 0.2086786 -0.0774418 0 0 255
0.1361035 0.2103676 -0.0772678 0 0 255
0.1361172 0.2120566 -0.0770938 0 0 255
0.1358123 0.2136239 -0.0771765 0 0 255
0.1358297 0.2153134 -0.0769996 0 0 255
0.1358434 0.2170016 -0.0768257 0 0 255
0.1358570 0.2186898 -0.0766518 0 0 255
0.1358708 0.2203780 -0.0764779 0 0 255
0.1365221 0.2223193 -0.0757895 0 0 255
0.1368551 0.2241372 -0.0753576 0 0 255
0.1365632 0.2273898 -0.0752672 0 0 255
0.1372160 0.2293411 -0.0745766 0 0 255
0.1388437 0.2333886 -0.0729340 0 0 255
0.1388574 0.2350853 -0.0727592 0 0 255
0.1934685 -0.0205531 -0.0531583 0 0 255
0.1257071 -0.0174441 -0.1051865 0 0 255
0.1160046 -0.0156299 -0.1125038 0 0 255
0.1157196 -0.0139906 -0.1125653 0 0 255
0.1157328 -0.0123559 -0.1123969 0 0 255
0.1124895 -0.0106995 -0.1147413 0 0 255
0.1122082 -0.0090732 -0.1148012 0 0 255
0.1119272 -0.0074486 -0.1148610 0 0 255
0.1104741 -0.0058283 -0.1158264 0 0 255
0.1110728 -0.0042061 -0.1152071 0 0 255
0.1105003 -0.0025898 -0.1154928 0 0 255
0.1099290 -0.0009769 -0.1157779 0 0 255
0.1090679 0.0006285 -0.1162876 0 0 255
0.1079196 0.0022240 -0.1170200 0 0 255
0.1082225 0.0038414 -0.1166295 0 0 255
0.1079457 0.0054474 -0.1166880 0 0 255
0.1068022 0.0070294 -0.1174180 0 0 255
0.1056635 0.0086048 -0.1181449 0 0 255
0.1059640 0.0102188 -0.1177567 0 0 255
0.1056895 0.0118148 -0.1178142 0 0 255
0.1051284 0.0133983 -0.1180943 0 0 255
0.1042825 0.0149670 -0.1185958 0 0 255
0.1045815 0.0165803 -0.1182088 0 0 255
0.1040228 0.0181556 -0.1184878 0 0 255
0.1040357 0.0197556 -0.1183230 0 0 255
0.1037632 0.0213408 -0.1183801 0 0 255
0.1037762 0.0229401 -0.1182153 0 0 255
0.1035041 0.0245228 -0.1182723 0 0 255
0.1040876 0.0261560 -0.1176637 0 0 255
0.1038151 0.0277379 -0.1177211 0 0 255
0.1035429 0.0293182 -0.1177783 0 0 255
0.1044123 0.0309764 -0.1169465 0 0 255
0.1035689 0.0325153 -0.1174490 0 0 255
0.1032969 0.0340923 -0.1175064 0 0 255
0.1030253 0.0356678 -0.1175638 0 0 255
0.1027539 0.0372416 -0.1176211 0 0 255
0.1019191 0.0387662 -0.1181182 0 0 255
0.1016489 0.0403352 -0.1181750 0 0 255
0.1025121 0.0420047 -0.1173469 0 0 255
0.1022413 0.0435736 -0.1174042 0 0 255
0.1016877 0.0451137 -0.1176828 0 0 255
0.1019837 0.0467346 -0.1172973 0 0 255
0.1019966 0.0483284 -0.1171331 0 0 255
0.1022930 0.0499519 -0.1167471 0 0 255
0.1017393 0.0514854 -0.1170264 0 0 255
0.1014693 0.0530471 -0.1170838 0 0 255
0.1011996 0.0546072 -0.1171411 0 0 255
0.1026285 0.0563636 -0.1158677 0 0 255
0.1034946 0.0580610 -0.1150346 0 0 255
0.1072456 0.0617240 -0.1117835 0 0 255
0.1095786 0.0636306 -0.1097973 0 0 255
0.1104668 0.0653613 -0.1089439 0 0 255
0.1131222 0.0673341 -0.1067024 0 0 255
0.1184965 0.0696951 -0.1023237 0 0 255
0.1249070 0.0738913 -0.0969671 0 0 255
0.1249205 0.0755521 -0.0967960 0 0 255
0.1274059 0.0775806 -0.0946803 0 0 255
0.1299133 0.0796269 -0.0925460 0 0 255
0.1308677 0.0814477 -0.0916328 0 0 255
0.1315103 0.0832250 -0.0909646 0 0 255
0.1321541 0.0850061 -0.0902950 0 0 255
0.1331160 0.0868430 -0.0893745 0 0 255
0.1337636 0.0886331 -0.0887012 0 0 255
0.1344125 0.0904272 -0.0880265 0 0 255
0.1347443 0.0921704 -0.0876015 0 0 255
0.1357147 0.0940274 -0.0866725 0 0 255
0.1357284 0.0957196 -0.0864982 0 0 255
0.1357421 0.0974119 -0.0863238 0 0 255
0.1360755 0.0991629 -0.0858969 0 0 255
0.1360892 0.1008561 -0.0857225 0 0 255
0.1364229 0.1026101 -0.0852951 0 0 255
0.1367570 0.1043661 -0.0848672 0 0 255
0.1370915 0.1061240 -0.0844388 0 0 255
0.1374263 0.1078838 -0.0840100 0 0 255
0.1367982 0.1094516 -0.0843433 0 0 255
0.1377752 0.1113438 -0.0834057 0 0 255
0.1374676 0.1129752 -0.0834855 0 0 255
0.1378028 0.1147400 -0.0830559 0 0 255
0.1381384 0.1165067 -0.0826257 0 0 255
0.1387969 0.1183452 -0.0819393 0 0 255
0.1394569 0.1201877 -0.0812513 0 0 255
0.1394707 0.1218906 -0.0810759 0 0 255
0.1398082 0.1236664 -0.0806435 0 0 255
0.1398220 0.1253703 -0.0804680 0 0 255
0.1401598 0.1271490 -0.0800350 0 0 255
0.1408229 0.1290056 -0.0793433 0 0 255
0.1405120 0.1306356 -0.0794257 0 0 255
0.1368443 0.1940173 -0.0761254 0 0 255
0.1358990 0.1953754 -0.0767241 0 0 255
0.1359127 0.1970670 -0.0765498 0 0 255
0.1352887 0.1985314 -0.0768900 0 0 255
0.1346661 0.1999925 -0.0772294 0 0 255
0.1337280 0.2013356 -0.0778239 0 0 255
0.1343758 0.2032524 -0.0771382 0 0 255
0.1337553 0.2047061 -0.0774767 0 0 255
0.1334561 0.2062752 -0.0775560 0 0 255
0.1334697 0.2079595 -0.0773825 0 0 255
0.1334834 0.2096440 -0.0772090 0 0 255
0.1338136 0.2114487 -0.0767793 0 0 255
0.1335106 0.2130128 -0.0768619 0 0 255
0.1338409 0.2148194 -0.0764320 0 0 255
0.1338546 0.2165048 -0.0762585 0 0 255
0.1335515 0.2180662 -0.0763414 0 0 255
0.1335652 0.2197507 -0.0761679 0 0 255
0.1338956 0.2215611 -0.0757376 0 0 255
0.1335925 0.2231198 -0.0758208 0 0 255
0.1345572 0.2251880 -0.0748757 0 0 255
0.1345709 0.2268754 -0.0747018 0 0 255
0.1349024 0.2286928 -0.0742700 0 0 255
0.1361906 0.2309063 -0.0730610 0 0 255
0.1371740 0.2346900 -0.0719355 0 0 255
0.1378292 0.2366549 -0.0712394 0 0 255
0.1249793 -0.0192422 -0.1037991 0 0 255
0.1143909 -0.0173796 -0.1118356 0 0 255
0.1141070 -0.0157411 -0.1118973 0 0 255
0.1147147 -0.0141157 -0.1112685 0 0 255
0.1141335 -0.0124751 -0.1115609 0 0 255
0.1109029 -0.0108198 -0.1139077 0 0 255
0.1112098 -0.0091974 -0.1135126 0 0 255
0.1103429 -0.0075722 -0.1140281 0 0 255
0.1100633 -0.0059509 -0.1140882 0 0 255
0.1097839 -0.0043314 -0.1141483 0 0 255
0.1080490 -0.0027249 -0.1153392 0 0 255
0.1069030 -0.0011224 -0.1160736 0 0 255
0.1063382 0.0004813 -0.1163567 0 0 255
0.1063512 0.0020913 -0.1161909 0 0 255
0.1054998 0.0036843 -0.1166974 0 0 255
0.1046510 0.0052724 -0.1172025 0 0 255
0.1043774 0.0068700 -0.1172603 0 0 255
0.1043904 0.0084741 -0.1170950 0 0 255
0.1035452 0.0100514 -0.1175983 0 0 255
0.1029875 0.0116334 -0.1178780 0 0 255
0.1027156 0.0132228 -0.1179353 0 0 255
0.1027285 0.0148220 -0.1177706 0 0 255
0.1018886 0.0163844 -0.1182712 0 0 255
0.1019015 0.0179811 -0.1181067 0 0 255
0.1019145 0.0195778 -0.1179422 0 0 255
0.1019274 0.0211746 -0.1177777 0 0 255
0.1016566 0.0227557 -0.1178349 0 0 255
0.1011029 0.0243189 -0.1181133 0 0 255
0.1011159 0.0259132 -0.1179491 0 0 255
0.1011288 0.0275076 -0.1177849 0 0 255
0.1005762 0.0290642 -0.1180631 0 0 255
0.1000283 0.0306179 -0.1183379 0 0 255
0.1003232 0.0322294 -0.1179532 0 0 255
0.0997724 0.0337788 -0.1182308 0 0 255
0.0997853 0.0353691 -0.1180669 0 0 255
0.0992355 0.0369137 -0.1183441 0 0 255
0.0992484 0.0385024 -0.1181804 0 0 255
0.0992613 0.0400911 -0.1180168 0 0 255
0.0992742 0.0416798 -0.1178531 0 0 255
0.0987256 0.0432163 -0.1181302 0 0 255
0.0992999 0.0448573 -0.1175258 0 0 255
0.0990319 0.0464183 -0.1175827 0 0 255
0.0987641 0.0479776 -0.1176397 0 0 255
0.0984967 0.0495354 -0.1176965 0 0 255
0.0990706 0.0511822 -0.1170919 0 0 255
0.0988027 0.0527392 -0.1171491 0 0 255
0.0990963 0.0543583 -0.1167647 0 0 255
0.0993900 0.0559791 -0.1163799 0 0 255
0.0996842 0.0576016 -0.1159947 0 0 255
0.1008250 0.0593294 -0.1149423 0 0 255
0.1008378 0.0609225 -0.1147782 0 0 255
0.1022673 0.0626973 -0.1134973 0 0 255
0.1042855 0.0661592 -0.1115963 0 0 255
0.1077542 0.0682361 -0.1087036 0 0 255
0.1160039 0.0710027 -0.1020342 0 0 255
0.1178145 0.0728972 -0.1004459 0 0 255
0.1226877 0.0769043 -0.0962766 0 0 255
0.1276364 0.0793104 -0.0922036 0 0 255
0.1295231 0.0812719 -0.0905498 0 0 255
0.1304780 0.0830975 -0.0896323 0 0 255
0.1304916 0.0847775 -0.0894592 0 0 255
0.1311343 0.0865604 -0.0887879 0 0 255
0.1320944 0.0883998 -0.0878649 0 0 255
0.1327409 0.0901917 -0.0871900 0 0 255
0.1327546 0.0918783 -0.0870162 0 0 255
0.1337200 0.0937317 -0.0860878 0 0 255
0.1334161 0.0953645 -0.0861656 0 0 255
0.1340654 0.0971682 -0.0854873 0 0 255
0.1340790 0.0988586 -0.0853131 0 0 255
0.1344111 0.1006085 -0.0848862 0 0 255
0.1347435 0.1023604 -0.0844588 0 0 255
0.1347572 0.1040528 -0.0842845 0 0 255
0.1350900 0.1058076 -0.0838564 0 0 255
0.1347846 0.1074376 -0.0839357 0 0 255
0.1347983 0.1091300 -0.0837614 0 0 255
0.1354505 0.1109530 -0.0830789 0 0 255
0.1354643 0.1126474 -0.0829043 0 0 255
0.1361181 0.1144764 -0.0822201 0 0 255
0.1364524 0.1162411 -0.0817900 0 0 255
0.1361457 0.1178690 -0.0818705 0 0 255
0.1371221 0.1197763 -0.0809283 0 0 255
0.1374575 0.1215469 -0.0804967 0 0 255
0.1377933 0.1233195 -0.0800647 0 0 255
0.1371634 0.1248738 -0.0804031 0 0 255
0.1384659 0.1268707 -0.0791992 0 0 255
0.1381570 0.1284983 -0.0792814 0 0 255
0.1381708 0.1302004 -0.0791061 0 0 255
0.1391539 0.1321349 -0.0781561 0 0 255
0.1394916 0.1339185 -0.0777215 0 0 255
0.1391815 0.1355449 -0.0778048 0 0 255
0.1388718 0.1371695 -0.0778879 0 0 255
0.1335474 0.1897380 -0.0769346 0 0 255
0.1341960 0.1916451 -0.0762467 0 0 255
0.1338921 0.1932243 -0.0763299 0 0 255
0.1329547 0.1945792 -0.0769262 0 0 255
0.1326520 0.1961533 -0.0770088 0 0 255
0.1323497 0.1977257 -0.0770913 0 0 255
0.1317360 0.1991842 -0.0774264 0 0 255
0.1320649 0.2009810 -0.0769973 0 0 255
0.1314483 0.2024339 -0.0773353 0 0 255
0.1314620 0.2041155 -0.0771620 0 0 255
0.1308466 0.2055634 -0.0774995 0 0 255
0.1314892 0.2074787 -0.0768156 0 0 255
0.1311882 0.2090416 -0.0768980 0 0 255
0.1312018 0.2107223 -0.0767248 0 0 255
0.1309010 0.2122825 -0.0768073 0 0 255
0.1309147 0.2139624 -0.0766342 0 0 255
0.1309283 0.2156422 -0.0764612 0 0 255
0.1312563 0.2174454 -0.0760322 0 0 255
0.1312698 0.2191263 -0.0758591 0 0 255
0.1315982 0.2209323 -0.0754296 0 0 255
0.1312971 0.2224880 -0.0755127 0 0 255
0.1319405 0.2244232 -0.0748263 0 0 255
0.1319541 0.2261059 -0.0746529 0 0 255
0.1329150 0.2281768 -0.0737069 0 0 255
0.1338792 0.2302545 -0.0727577 0 0 255
0.1351652 0.2324715 -0.0715453 0 0 255
0.1358171 0.2344307 -0.0708499 0 0 255
0.1573942 0.2487127 -0.0527245 0 0 255
0.1157570 -0.0191905 -0.1088541 0 0 255
0.1124979 -0.0174878 -0.1112308 0 0 255
0.1116252 -0.0158424 -0.1117521 0 0 255
0.1116384 -0.0142138 -0.1115843 0 0 255
0.1104784 -0.0125734 -0.1123302 0 0 255
0.1104916 -0.0109481 -0.1121627 0 0 255
0.1102113 -0.0093217 -0.1122240 0 0 255
0.1096386 -0.0076966 -0.1125135 0 0 255
0.1081923 -0.0060764 -0.1134845 0 0 255
0.1076238 -0.0044607 -0.1137716 0 0 255
0.1070564 -0.0028484 -0.1140580 0 0 255
0.1056238 -0.0012486 -0.1150205 0 0 255
0.1050607 0.0003544 -0.1153045 0 0 255
0.1044988 0.0019541 -0.1155879 0 0 255
0.1039380 0.0035504 -0.1158708 0 0 255
0.1033784 0.0051434 -0.1161531 0 0 255
0.1031056 0.0067403 -0.1162114 0 0 255
0.1022629 0.0083194 -0.1167158 0 0 255
0.1019912 0.0099113 -0.1167737 0 0 255
0.1014357 0.0114919 -0.1170540 0 0 255
0.1005982 0.0130587 -0.1175555 0 0 255
0.1006111 0.0146545 -0.1173911 0 0 255
0.1003411 0.0162382 -0.1174485 0 0 255
0.0997891 0.0178074 -0.1177272 0 0 255
0.0995200 0.0193870 -0.1177843 0 0 255
0.0992511 0.0209650 -0.1178413 0 0 255
0.0992640 0.0225568 -0.1176773 0 0 255
0.0989989 0.0241325 -0.1177316 0 0 255
0.0987306 0.0257065 -0.1177886 0 0 255
0.0984626 0.0272788 -0.1178455 0 0 255
0.0981949 0.0288496 -0.1179024 0 0 255
0.0976474 0.0303993 -0.1181794 0 0 255
0.0979403 0.0320065 -0.1177956 0 0 255
0.0973934 0.0335521 -0.1180726 0 0 255
0.0971268 0.0351164 -0.1181292 0 0 255
0.0968604 0.0366791 -0.1181858 0 0 255
0.0968732 0.0382637 -0.1180225 0 0 255
0.0963286 0.0397997 -0.1182987 0 0 255
0.0960631 0.0413576 -0.1183550 0 0 255
0.0960759 0.0429398 -0.1181920 0 0 255
0.0963670 0.0445486 -0.1178094 0 0 255
0.0958235 0.0460767 -0.1180855 0 0 255
0.0963927 0.0477147 -0.1174832 0 0 255
0.0961271 0.0492686 -0.1175400 0 0 255
0.0966970 0.0509109 -0.1169368 0 0 255
0.0964311 0.0524640 -0.1169939 0 0 255
0.0967226 0.0540787 -0.1166104 0 0 255
0.0967355 0.0556627 -0.1164472 0 0 255
0.0970272 0.0572800 -0.1160633 0 0 255
0.0967611 0.0588307 -0.1161208 0 0 255
0.0981718 0.0605899 -0.1148507 0 0 255
0.0987459 0.0622501 -0.1142425 0 0 255
0.0996027 0.0639507 -0.1134099 0 0 255
0.1018794 0.0658467 -0.1114512 0 0 255
0.1061980 0.0696459 -0.1077163 0 0 255
0.1094051 0.0717143 -0.1050155 0 0 255
0.1174188 0.0745030 -0.0984969 0 0 255
0.1238275 0.0787612 -0.0930878 0 0 255
0.1275561 0.0809996 -0.0899639 0 0 255
0.1294456 0.0829699 -0.0883000 0 0 255
0.1294592 0.0846500 -0.0881268 0 0 255
0.1304154 0.0864842 -0.0872038 0 0 255
0.1316909 0.0883772 -0.0860262 0 0 255
0.1317046 0.0900638 -0.0858524 0 0 255
0.1323512 0.0918595 -0.0851745 0 0 255
0.1323649 0.0935479 -0.0850006 0 0 255
0.1326956 0.0952930 -0.0845739 0 0 255
0.1330267 0.0970400 -0.0841467 0 0 255
0.1330404 0.0987304 -0.0839726 0 0 255
0.1333718 0.1004803 -0.0835449 0 0 255
0.1337037 0.1022322 -0.0831167 0 0 255
0.1333993 0.1038632 -0.0831963 0 0 255
0.1340497 0.1056793 -0.0825135 0 0 255
0.1337448 0.1073093 -0.0825936 0 0 255
0.1337586 0.1090018 -0.0824192 0 0 255
0.1337723 0.1106942 -0.0822449 0 0 255
0.1341045 0.1124528 -0.0818157 0 0 255
0.1344371 0.1142134 -0.0813861 0 0 255
0.1347701 0.1159760 -0.0809560 0 0 255
0.1354234 0.1178098 -0.0802692 0 0 255
0.1351172 0.1194369 -0.0803507 0 0 255
0.1354508 0.1212043 -0.0799195 0 0 255
0.1354646 0.1229016 -0.0797446 0 0 255
0.1354783 0.1245990 -0.0795698 0 0 255
0.1361332 0.1264445 -0.0788807 0 0 255
0.1361470 0.1281438 -0.0787056 0 0 255
0.1361607 0.1298431 -0.0785305 0 0 255
0.1361744 0.1315423 -0.0783555 0 0 255
0.1365094 0.1333197 -0.0779224 0 0 255
0.1362020 0.1349410 -0.0780053 0 0 255
0.1365369 0.1367203 -0.0775721 0 0 255
0.1362295 0.1383397 -0.0776551 0 0 255
0.1362433 0.1400392 -0.0774800 0 0 255
0.1365781 0.1418213 -0.0770465 0 0 255
0.1328138 0.1880307 -0.0755129 0 0 255
0.1328274 0.1897195 -0.0753389 0 0 255
0.1318918 0.1910802 -0.0759369 0 0 255
0.1312743 0.1925463 -0.0762766 0 0 255
0.1300335 0.1937895 -0.0771239 0 0 255
0.1297334 0.1953589 -0.0772061 0 0 255
0.1291206 0.1968147 -0.0775431 0 0 255
0.1288216 0.1983799 -0.0776250 0 0 255
0.1291478 0.2001704 -0.0771974 0 0 255
0.1291614 0.2018483 -0.0770246 0 0 255
0.1285500 0.2032955 -0.0773614 0 0 255
0.1288759 0.2050878 -0.0769339 0 0 255
0.1285771 0.2066476 -0.0770160 0 0 255
0.1285906 0.2083238 -0.0768434 0 0 255
0.1289166 0.2101189 -0.0764156 0 0 255
0.1289302 0.2117959 -0.0762428 0 0 255
0.1289437 0.2134730 -0.0760700 0 0 255
0.1286449 0.2150284 -0.0761526 0 0 255
0.1286585 0.2167047 -0.0759799 0 0 255
0.1289846 0.2185045 -0.0755516 0 0 255
0.1293109 0.2203063 -0.0751229 0 0 255
0.1296376 0.2221101 -0.0746937 0 0 255
0.1293380 0.2236626 -0.0747771 0 0 255
0.1287264 0.2250862 -0.0751164 0 0 255
0.1303057 0.2274046 -0.0736607 0 0 255
0.1309479 0.2293453 -0.0729722 0 0 255
0.1328560 0.2318163 -0.0712453 0 0 255
0.1347768 0.2343036 -0.0695071 0 0 255
0.1539223 0.2475575 -0.0532962 0 0 255
0.1696622 0.2560803 -0.0401984 0 0 255
0.1162327 -0.0209945 -0.1065516 0 0 255
0.1135561 -0.0192897 -0.1084840 0 0 255
0.1120862 -0.0176240 -0.1094746 0 0 255
0.1112133 -0.0159766 -0.1099993 0 0 255
0.1109318 -0.0143423 -0.1100619 0 0 255
0.1091865 -0.0126947 -0.1112701 0 0 255
0.1091997 -0.0110703 -0.1111027 0 0 255
0.1080443 -0.0094408 -0.1118504 0 0 255
0.1077661 -0.0078194 -0.1119117 0 0 255
0.1069070 -0.0062005 -0.1124283 0 0 255
0.1057614 -0.0045881 -0.1131700 0 0 255
0.1051970 -0.0029782 -0.1134566 0 0 255
0.1043460 -0.0013747 -0.1139683 0 0 255
0.1034977 0.0002238 -0.1144784 0 0 255
0.1029380 0.0018220 -0.1147625 0 0 255
0.1023795 0.0034168 -0.1150459 0 0 255
0.1015374 0.0050019 -0.1155524 0 0 255
0.1012660 0.0065964 -0.1156110 0 0 255
0.1007109 0.0081812 -0.1158926 0 0 255
0.0995915 0.0097453 -0.1166185 0 0 255
0.0993220 0.0113315 -0.1166763 0 0 255
0.0993350 0.0129265 -0.1165119 0 0 255
0.0985025 0.0144878 -0.1170133 0 0 255
0.0971157 0.0160204 -0.1179517 0 0 255
0.0971285 0.0176089 -0.1177880 0 0 255
0.0974215 0.0192110 -0.1174036 0 0 255
0.0965950 0.0207569 -0.1179017 0 0 255
0.0968874 0.0223590 -0.1175177 0 0 255
0.0966207 0.0239306 -0.1175747 0 0 255
0.0966336 0.0255175 -0.1174112 0 0 255
0.0963672 0.0270867 -0.1174681 0 0 255
0.0958225 0.0286358 -0.1177452 0 0 255
0.0955569 0.0302010 -0.1178019 0 0 255
0.0952917 0.0317645 -0.1178586 0 0 255
0.0947492 0.0333057 -0.1181346 0 0 255
0.0947620 0.0348869 -0.1179717 0 0 255
0.0944976 0.0364457 -0.1180282 0 0 255
0.0939567 0.0379796 -0.1183036 0 0 255
0.0942462 0.0395826 -0.1179218 0 0 255
0.0942590 0.0411623 -0.1177591 0 0 255
0.0939950 0.0427163 -0.1178156 0 0 255
0.0940078 0.0442952 -0.1176529 0 0 255
0.0940206 0.0458742 -0.1174903 0 0 255
0.0943101 0.0474813 -0.1171080 0 0 255
0.0940462 0.0490321 -0.1171649 0 0 255
0.0940590 0.0506111 -0.1170022 0 0 255
0.0943485 0.0522208 -0.1166197 0 0 255
0.0946382 0.0538321 -0.1162368 0 0 255
0.0949284 0.0554451 -0.1158535 0 0 255
0.0946639 0.0569935 -0.1159111 0 0 255
0.0952316 0.0586422 -0.1153069 0 0 255
0.0955223 0.0602594 -0.1149227 0 0 255
0.0960919 0.0619141 -0.1143164 0 0 255
0.0975015 0.0636823 -0.1130409 0 0 255
0.0983560 0.0653843 -0.1122068 0 0 255
0.1009097 0.0673243 -0.1100183 0 0 255
0.1029250 0.0708069 -0.1081025 0 0 255
0.1116479 0.0736832 -0.1009896 0 0 255
0.1158220 0.0759335 -0.0975015 0 0 255
0.1228188 0.0802984 -0.0915971 0 0 255
0.1259193 0.0824490 -0.0889598 0 0 255
0.1281139 0.0844721 -0.0870445 0 0 255
0.1293814 0.0863565 -0.0858693 0 0 255
0.1300241 0.0881441 -0.0851928 0 0 255
0.1300377 0.0898289 -0.0850192 0 0 255
0.1303665 0.0915680 -0.0845935 0 0 255
0.1316439 0.0934754 -0.0834081 0 0 255
0.1313412 0.0951084 -0.0834875 0 0 255
0.1316712 0.0968544 -0.0830600 0 0 255
0.1316850 0.0985439 -0.0828859 0 0 255
0.1320155 0.1002927 -0.0824578 0 0 255
0.1320292 0.1019832 -0.0822836 0 0 255
0.1314095 0.1035514 -0.0826176 0 0 255
0.1320565 0.1053642 -0.0819353 0 0 255
0.1320702 0.1070548 -0.0817611 0 0 255
0.1320839 0.1087454 -0.0815869 0 0 255
0.1320975 0.1104360 -0.0814127 0 0 255
0.1324285 0.1121925 -0.0809836 0 0 255
0.1327598 0.1139510 -0.0805540 0 0 255
0.1330914 0.1157115 -0.0801239 0 0 255
0.1334235 0.1174740 -0.0796933 0 0 255
0.1334372 0.1191684 -0.0795188 0 0 255
0.1337696 0.1209338 -0.0790876 0 0 255
0.1337833 0.1226292 -0.0789129 0 0 255
0.1341161 0.1243976 -0.0784812 0 0 255
0.1344493 0.1261679 -0.0780489 0 0 255
0.1341436 0.1277905 -0.0781316 0 0 255
0.1341574 0.1294869 -0.0779568 0 0 255
0.1344905 0.1312601 -0.0775243 0 0 255
0.1341848 0.1328799 -0.0776072 0 0 255
0.1341985 0.1345765 -0.0774324 0 0 255
0.1345317 0.1363525 -0.0769996 0 0 255
0.1345454 0.1380500 -0.0768247 0 0 255
0.1345592 0.1397476 -0.0766498 0 0 255
0.1348928 0.1415276 -0.0762163 0 0 255
0.1349065 0.1432262 -0.0760413 0 0 255
0.1352405 0.1450091 -0.0756072 0 0 255
0.1352543 0.1467087 -0.0754321 0 0 255
0.1352680 0.1484082 -0.0752570 0 0 255
0.1356025 0.1501952 -0.0748222 0 0 255
0.1352956 0.1518073 -0.0749068 0 0 255
0.1311170 0.1843147 -0.0750377 0 0 255
0.1317628 0.1862148 -0.0743480 0 0 255
0.1301990 0.1873670 -0.0754620 0 0 255
0.1302125 0.1890511 -0.0752884 0 0 255
0.1289741 0.1903020 -0.0761379 0 0 255
0.1280494 0.1916551 -0.0767316 0 0 255
0.1274392 0.1931134 -0.0770687 0 0 255
0.1274527 0.1947893 -0.0768960 0 0 255
0.1268439 0.1962426 -0.0772326 0 0 255
0.1265466 0.1978047 -0.0773145 0 0 255
0.1268709 0.1995910 -0.0768876 0 0 255
0.1265737 0.2011513 -0.0769697 0 0 255
0.1268981 0.2029394 -0.0765426 0 0 255
0.1266009 0.2044979 -0.0766248 0 0 255
0.1266145 0.2061713 -0.0764524 0 0 255
0.1266279 0.2078447 -0.0762800 0 0 255
0.1266415 0.2095181 -0.0761076 0 0 255
0.1269659 0.2113109 -0.0756801 0 0 255
0.1266686 0.2128650 -0.0757627 0 0 255
0.1266821 0.2145384 -0.0755903 0 0 255
0.1266956 0.2162119 -0.0754179 0 0 255
0.1267092 0.2178854 -0.0752455 0 0 255
0.1273447 0.2198071 -0.0745617 0 0 255
0.1267363 0.2212325 -0.0749006 0 0 255
0.1273718 0.2231579 -0.0742165 0 0 255
0.1267633 0.2245797 -0.0745558 0 0 255
0.1267769 0.2262533 -0.0743833 0 0 255
0.1286608 0.2287005 -0.0726706 0 0 255
0.1302423 0.2310328 -0.0712059 0 0 255
0.1321492 0.2335108 -0.0694722 0 0 255
0.1625178 0.2515679 -0.0439311 0 0 255
0.1657078 0.2547162 -0.0411271 0 0 255
0.1671445 0.2571218 -0.0397689 0 0 255
0.1116472 -0.0210298 -0.1080517 0 0 255
0.1116604 -0.0193951 -0.1078832 0 0 255
0.1084374 -0.0176976 -0.1102568 0 0 255
0.1084505 -0.0160724 -0.1100893 0 0 255
0.1087563 -0.0144511 -0.1096918 0 0 255
0.1070217 -0.0128066 -0.1108986 0 0 255
0.1070348 -0.0111857 -0.1107315 0 0 255
0.1064667 -0.0095620 -0.1110219 0 0 255
0.1058996 -0.0079418 -0.1113118 0 0 255
0.1050448 -0.0063253 -0.1118285 0 0 255
0.1036175 -0.0047164 -0.1127968 0 0 255
0.1030565 -0.0031097 -0.1130832 0 0 255
0.1022106 -0.0015093 -0.1135944 0 0 255
0.1013675 0.0000860 -0.1141040 0 0 255
0.1008112 0.0016810 -0.1143878 0 0 255
0.1002561 0.0032726 -0.1146710 0 0 255
0.0994192 0.0048547 -0.1151770 0 0 255
0.0991493 0.0064459 -0.1152356 0 0 255
0.0985977 0.0080276 -0.1155171 0 0 255
0.0980472 0.0096060 -0.1157979 0 0 255
0.0974979 0.0111812 -0.1160782 0 0 255
0.0969496 0.0127531 -0.1163578 0 0 255
0.0958474 0.0142997 -0.1170762 0 0 255
0.0953026 0.0158635 -0.1173540 0 0 255
0.0950370 0.0174368 -0.1174110 0 0 255
0.0944939 0.0189950 -0.1176879 0 0 255
0.0945067 0.0205785 -0.1175248 0 0 255
0.0945196 0.0221621 -0.1173616 0 0 255
0.0942549 0.0237298 -0.1174185 0 0 255
0.0937134 0.0252791 -0.1176950 0 0 255
0.0940032 0.0268778 -0.1173123 0 0 255
0.0934623 0.0284231 -0.1175888 0 0 255
0.0931987 0.0299844 -0.1176454 0 0 255
0.0926595 0.0315241 -0.1179211 0 0 255
0.0926722 0.0331021 -0.1177585 0 0 255
0.0924094 0.0346586 -0.1178150 0 0 255
0.0921468 0.0362135 -0.1178714 0 0 255
0.0918846 0.0377668 -0.1179278 0 0 255
0.0910739 0.0392708 -0.1184207 0 0 255
0.0913608 0.0408687 -0.1180403 0 0 255
0.0910993 0.0424173 -0.1180965 0 0 255
0.0913863 0.0440168 -0.1177159 0 0 255
0.0913990 0.0455909 -0.1175537 0 0 255
0.0916862 0.0471929 -0.1171727 0 0 255
0.0914245 0.0487391 -0.1172293 0 0 255
0.0917117 0.0503428 -0.1168482 0 0 255
0.0919992 0.0519482 -0.1164666 0 0 255
0.0925625 0.0535865 -0.1158647 0 0 255
0.0922999 0.0551319 -0.1159221 0 0 255
0.0925880 0.0567414 -0.1155397 0 0 255
0.0931524 0.0583864 -0.1149363 0 0 255
0.0928892 0.0599310 -0.1149942 0 0 255
0.0937307 0.0616157 -0.1141688 0 0 255
0.0934670 0.0631602 -0.1142271 0 0 255
0.0943104 0.0648517 -0.1133996 0 0 255
0.0951563 0.0665484 -0.1125695 0 0 255
0.0962842 0.0682896 -0.1115132 0 0 255
0.1008038 0.0705226 -0.1077389 0 0 255
0.1077302 0.0747538 -0.1018765 0 0 255
0.1163243 0.0776794 -0.0948272 0 0 255
0.1199773 0.0815465 -0.0915773 0 0 255
0.1239770 0.0838455 -0.0882059 0 0 255
0.1277209 0.0861262 -0.0850377 0 0 255
0.1289889 0.0880163 -0.0838566 0 0 255
0.1290026 0.0897011 -0.0836830 0 0 255
0.1290162 0.0913858 -0.0835095 0 0 255
0.1290298 0.0930706 -0.0833359 0 0 255
0.1296728 0.0948678 -0.0826559 0 0 255
0.1296865 0.0965545 -0.0824821 0 0 255
0.1297001 0.0982412 -0.0823083 0 0 255
0.1300290 0.0999870 -0.0818806 0 0 255
0.1303582 0.1017348 -0.0814524 0 0 255
0.1306878 0.1034845 -0.0810238 0 0 255
0.1307015 0.1051741 -0.0808497 0 0 255
0.1303992 0.1068008 -0.0809304 0 0 255
0.1300973 0.1084258 -0.0810111 0 0 255
0.1304265 0.1101783 -0.0805824 0 0 255
0.1304402 0.1118671 -0.0804084 0 0 255
0.1307698 0.1136225 -0.0799792 0 0 255
0.1314166 0.1154476 -0.0792936 0 0 255
0.1307971 0.1170020 -0.0796310 0 0 255
0.1311272 0.1187613 -0.0792011 0 0 255
0.1317747 0.1205932 -0.0785142 0 0 255
0.1317884 0.1222858 -0.0783398 0 0 255
0.1321195 0.1240510 -0.0779085 0 0 255
0.1318157 0.1256712 -0.0779910 0 0 255
0.1321469 0.1274383 -0.0775594 0 0 255
0.1321605 0.1291320 -0.0773849 0 0 255
0.1324921 0.1309021 -0.0769529 0 0 255
0.1321880 0.1325194 -0.0770359 0 0 255
0.1322017 0.1342131 -0.0768614 0 0 255
0.1325332 0.1359860 -0.0764290 0 0 255
0.1322291 0.1376006 -0.0765123 0 0 255
0.1319253 0.1392134 -0.0765956 0 0 255
0.1325744 0.1410702 -0.0759051 0 0 255
0.1329063 0.1428481 -0.0754719 0 0 255
0.1329200 0.1445438 -0.0752972 0 0 255
0.1326155 0.1461546 -0.0753812 0 0 255
0.1332660 0.1480213 -0.0746886 0 0 255
0.1332798 0.1497181 -0.0745137 0 0 255
0.1332935 0.1514149 -0.0743389 0 0 255
0.1333072 0.1531117 -0.0741641 0 0 255
0.1336399 0.1548983 -0.0737294 0 0 255
0.1339730 0.1566869 -0.0732943 0 0 255
0.1339867 0.1583857 -0.0731193 0 0 255
0.1340005 0.1600844 -0.0729442 0 0 255
0.1340142 0.1617832 -0.0727692 0 0 255
0.1337086 0.1633874 -0.0728548 0 0 255
0.1303689 0.1809176 -0.0737896 0 0 255
0.1300673 0.1825008 -0.0738741 0 0 255
0.1291372 0.1838719 -0.0744738 0 0 255
0.1288369 0.1854500 -0.0745576 0 0 255
0.1272900 0.1866018 -0.0756643 0 0 255
0.1266803 0.1880664 -0.0760027 0 0 255
0.1260719 0.1895277 -0.0763405 0 0 255
0.1257750 0.1910943 -0.0764228 0 0 255
0.1251686 0.1925500 -0.0767595 0 0 255
0.1251821 0.1942223 -0.0765873 0 0 255
0.1251956 0.1958946 -0.0764149 0 0 255
0.1245905 0.1973435 -0.0767513 0 0 255
0.1242952 0.1989017 -0.0768332 0 0 255
0.1246176 0.2006847 -0.0764070 0 0 255
0.1249402 0.2024696 -0.0759805 0 0 255
0.1246445 0.2040258 -0.0760628 0 0 255
0.1249672 0.2058128 -0.0756360 0 0 255
0.1246716 0.2073672 -0.0757185 0 0 255
0.1246851 0.2090378 -0.0755464 0 0 255
0.1243897 0.2105897 -0.0756289 0 0 255
0.1240947 0.2121399 -0.0757113 0 0 255
0.1241082 0.2138088 -0.0755394 0 0 255
0.1247391 0.2157208 -0.0748578 0 0 255
0.1247526 0.2173915 -0.0746857 0 0 255
0.1244572 0.2189390 -0.0747686 0 0 255
0.1244707 0.2206089 -0.0745966 0 0 255
0.1244842 0.2222788 -0.0744245 0 0 255
0.1257355 0.2244541 -0.0732291 0 0 255
0.1248202 0.2257458 -0.0738249 0 0 255
0.1254526 0.2276730 -0.0731407 0 0 255
0.1273310 0.2301236 -0.0714248 0 0 255
0.1307958 0.2332514 -0.0683945 0 0 255
0.1610752 0.2512844 -0.0428113 0 0 255
0.1642558 0.2544293 -0.0400031 0 0 255
0.1642703 0.2562165 -0.0398189 0 0 255
0.1646386 0.2581586 -0.0393412 0 0 255
0.1068454 -0.0194340 -0.1095923 0 0 255
0.1065674 -0.0178048 -0.1096548 0 0 255
0.1071632 -0.0161919 -0.1090276 0 0 255
0.1065936 -0.0145595 -0.1093204 0 0 255
0.1051554 -0.0129212 -0.1102999 0 0 255
0.1045901 -0.0112983 -0.1105904 0 0 255
0.1034500 -0.0096760 -0.1113355 0 0 255
0.1031755 -0.0080622 -0.1113968 0 0 255
0.1026143 -0.0064503 -0.1116849 0 0 255
0.1014826 -0.0048441 -0.1124250 0 0 255
0.1009250 -0.0032407 -0.1127112 0 0 255
0.1000843 -0.0016434 -0.1132219 0 0 255
0.0995297 -0.0000475 -0.1135065 0 0 255
0.0992593 0.0015495 -0.1135661 0 0 255
0.0984238 0.0031343 -0.1140739 0 0 255
0.0975910 0.0047142 -0.1145801 0 0 255
0.0970417 0.0062960 -0.1148618 0 0 255
0.0967738 0.0078824 -0.1149204 0 0 255
0.0962260 0.0094585 -0.1152014 0 0 255
0.0945675 0.0109940 -0.1163652 0 0 255
0.0940243 0.0125604 -0.1166435 0 0 255
0.0932052 0.0141127 -0.1171415 0 0 255
0.0932180 0.0156953 -0.1169785 0 0 255
0.0924015 0.0172403 -0.1174751 0 0 255
0.0921385 0.0188072 -0.1175318 0 0 255
0.0921512 0.0203867 -0.1173691 0 0 255
0.0918884 0.0219512 -0.1174258 0 0 255
0.0913508 0.0234984 -0.1177016 0 0 255
0.0910888 0.0250589 -0.1177580 0 0 255
0.0908270 0.0266179 -0.1178145 0 0 255
0.0905656 0.0281752 -0.1178708 0 0 255
0.0903043 0.0297310 -0.1179271 0 0 255
0.0900434 0.0312852 -0.1179833 0 0 255
0.0900561 0.0328583 -0.1178212 0 0 255
0.0897955 0.0344101 -0.1178775 0 0 255
0.0892622 0.0359383 -0.1181516 0 0 255
0.0892749 0.0375090 -0.1179898 0 0 255
0.0890151 0.0390561 -0.1180459 0 0 255
0.0890278 0.0406261 -0.1178841 0 0 255
0.0893130 0.0422214 -0.1175042 0 0 255
0.0890532 0.0437662 -0.1175605 0 0 255
0.0893384 0.0453631 -0.1171805 0 0 255
0.0893511 0.0469340 -0.1170186 0 0 255
0.0893639 0.0485049 -0.1168568 0 0 255
0.0896494 0.0501052 -0.1164761 0 0 255
0.0899354 0.0517072 -0.1160951 0 0 255
0.0902215 0.0533108 -0.1157138 0 0 255
0.0902342 0.0548842 -0.1155516 0 0 255
0.0905207 0.0564903 -0.1151698 0 0 255
0.0908076 0.0580981 -0.1147875 0 0 255
0.0913693 0.0597420 -0.1141842 0 0 255
0.0913820 0.0613188 -0.1140217 0 0 255
0.0916697 0.0629316 -0.1136383 0 0 255
0.0919576 0.0645462 -0.1132544 0 0 255
0.0925217 0.0662002 -0.1126483 0 0 255
0.0933636 0.0678965 -0.1118183 0 0 255
0.0953210 0.0697573 -0.1100899 0 0 255
0.0992661 0.0719199 -0.1067598 0 0 255
0.1114394 0.0769658 -0.0966413 0 0 255
0.1156254 0.0792482 -0.0931090 0 0 255
0.1204956 0.0833239 -0.0888621 0 0 255
0.1232728 0.0854393 -0.0864605 0 0 255
0.1260775 0.0875756 -0.0840351 0 0 255
0.1254684 0.0891492 -0.0843649 0 0 255
0.1264166 0.0909879 -0.0834371 0 0 255
0.1267423 0.0927230 -0.0830117 0 0 255
0.1270685 0.0944599 -0.0825858 0 0 255
0.1273950 0.0961988 -0.0821594 0 0 255
0.1270956 0.0978241 -0.0822392 0 0 255
0.1277355 0.0996236 -0.0815590 0 0 255
0.1286910 0.1014869 -0.0806230 0 0 255
0.1287046 0.1031737 -0.0804492 0 0 255
0.1290330 0.1049223 -0.0800205 0 0 255
0.1287319 0.1065474 -0.0801016 0 0 255
0.1284312 0.1081707 -0.0801826 0 0 255
0.1290739 0.1099857 -0.0794987 0 0 255
0.1284584 0.1115427 -0.0798351 0 0 255
0.1294162 0.1134280 -0.0788952 0 0 255
0.1294299 0.1151168 -0.0787212 0 0 255
0.1297590 0.1168741 -0.0782910 0 0 255
0.1300884 0.1186333 -0.0778603 0 0 255
0.1301021 0.1203241 -0.0776861 0 0 255
0.1301157 0.1220149 -0.0775119 0 0 255
0.1304457 0.1237780 -0.0770805 0 0 255
0.1301432 0.1253965 -0.0771634 0 0 255
0.1304730 0.1271616 -0.0767318 0 0 255
0.1301705 0.1287782 -0.0768149 0 0 255
0.1301842 0.1304691 -0.0766407 0 0 255
0.1305140 0.1322370 -0.0762089 0 0 255
0.1305277 0.1339289 -0.0760345 0 0 255
0.1305414 0.1356208 -0.0758602 0 0 255
0.1305550 0.1373127 -0.0756859 0 0 255
0.1305687 0.1390046 -0.0755115 0 0 255
0.1302662 0.1406149 -0.0755953 0 0 255
0.1305960 0.1423886 -0.0751629 0 0 255
0.1306098 0.1440806 -0.0749885 0 0 255
0.1309400 0.1458572 -0.0745555 0 0 255
0.1309537 0.1475502 -0.0743811 0 0 255
0.1309674 0.1492432 -0.0742066 0 0 255
0.1306645 0.1508488 -0.0742911 0 0 255
0.1309948 0.1526292 -0.0738577 0 0 255
0.1310085 0.1543223 -0.0736833 0 0 255
0.1310222 0.1560154 -0.0735088 0 0 255
0.1310358 0.1577085 -0.0733344 0 0 255
0.1313666 0.1594938 -0.0729001 0 0 255
0.1304302 0.1609088 -0.0735042 0 0 255
0.1313940 0.1628820 -0.0725510 0 0 255
0.1317250 0.1646712 -0.0721162 0 0 255
0.1314214 0.1662703 -0.0722019 0 0 255
0.1314350 0.1679645 -0.0720273 0 0 255
0.1283756 0.1787951 -0.0734011 0 0 255
0.1271367 0.1800678 -0.0742582 0 0 255
0.1265262 0.1815419 -0.0745987 0 0 255
0.1259206 0.1830139 -0.0749356 0 0 255
0.1253127 0.1844816 -0.0752747 0 0 255
0.1247061 0.1859460 -0.0756130 0 0 255
0.1241009 0.1874073 -0.0759507 0 0 255
0.1238055 0.1889724 -0.0760331 0 0 255
0.1235104 0.1905359 -0.0761154 0 0 255
0.1229078 0.1919890 -0.0764517 0 0 255
0.1229213 0.1936577 -0.0762798 0 0 255
0.1229348 0.1953264 -0.0761078 0 0 255
0.1226407 0.1968838 -0.0761900 0 0 255
0.1220400 0.1983278 -0.0765257 0 0 255
0.1220535 0.1999939 -0.0763540 0 0 255
0.1226811 0.2018875 -0.0756744 0 0 255
0.1226946 0.2035553 -0.0755026 0 0 255
0.1227081 0.2052232 -0.0753307 0 0 255
0.1221073 0.2066582 -0.0756673 0 0 255
0.1227351 0.2085592 -0.0749870 0 0 255
0.1224413 0.2101088 -0.0750696 0 0 255
0.1224548 0.2117759 -0.0748979 0 0 255
0.1224682 0.2134430 -0.0747261 0 0 255
0.1221747 0.2149892 -0.0748089 0 0 255
0.1224952 0.2167773 -0.0743825 0 0 255
0.1225086 0.2184444 -0.0742107 0 0 255
0.1222150 0.2199880 -0.0742938 0 0 255
0.1225356 0.2217789 -0.0738672 0 0 255
0.1228564 0.2235718 -0.0734401 0 0 255
0.1228698 0.2252399 -0.0732682 0 0 255
0.1238075 0.2272913 -0.0723282 0 0 255
0.1244388 0.2292203 -0.0716422 0 0 255
0.1291294 0.2328600 -0.0675796 0 0 255
0.1589373 0.2507019 -0.0422730 0 0 255
0.1617495 0.2536863 -0.0397598 0 0 255
0.1628200 0.2559290 -0.0386961 0 0 255
0.1631873 0.2578698 -0.0382180 0 0 255
0.1628488 0.2595014 -0.0383280 0 0 255
0.1058308 -0.0211816 -0.1084744 0 0 255
0.1052665 -0.0195449 -0.1087649 0 0 255
0.1055700 -0.0179290 -0.1083676 0 0 255
0.1055830 -0.0163063 -0.1082004 0 0 255
0.1053059 -0.0146796 -0.1082636 0 0 255
0.1035832 -0.0130387 -0.1094744 0 0 255
0.1024452 -0.0114127 -0.1102219 0 0 255
0.1015981 -0.0097950 -0.1107391 0 0 255
0.1016111 -0.0081842 -0.1105731 0 0 255
0.1004816 -0.0065744 -0.1113155 0 0 255
0.0999250 -0.0049692 -0.1116028 0 0 255
0.0988026 -0.0033711 -0.1123407 0 0 255
0.0985324 -0.0017715 -0.1124010 0 0 255
0.0976976 -0.0001807 -0.1129109 0 0 255
0.0968655 0.0014052 -0.1134191 0 0 255
0.0963165 0.0029913 -0.1137023 0 0 255
0.0957687 0.0045741 -0.1139849 0 0 255
0.0952220 0.0061537 -0.1142668 0 0 255
0.0949554 0.0077376 -0.1143256 0 0 255
0.0935794 0.0092861 -0.1152700 0 0 255
0.0930372 0.0108543 -0.1155495 0 0 255
0.0924961 0.0124192 -0.1158284 0 0 255
0.0911293 0.0139484 -0.1167672 0 0 255
0.0908670 0.0155162 -0.1168242 0 0 255
0.0906050 0.0170824 -0.1168812 0 0 255
0.0897951 0.0186205 -0.1173764 0 0 255
0.0900818 0.0202099 -0.1169950 0 0 255
0.0895468 0.0217565 -0.1172708 0 0 255
0.0887402 0.0232843 -0.1177644 0 0 255
0.0887529 0.0248565 -0.1176024 0 0 255
0.0884930 0.0264115 -0.1176588 0 0 255
0.0885057 0.0279830 -0.1174968 0 0 255
0.0877023 0.0294982 -0.1179891 0 0 255
0.0879867 0.0310868 -0.1176095 0 0 255
0.0877276 0.0326363 -0.1176657 0 0 255
0.0871977 0.0341632 -0.1179395 0 0 255
0.0869394 0.0357088 -0.1179955 0 0 255
0.0872230 0.0372983 -0.1176164 0 0 255
0.0869647 0.0388423 -0.1176725 0 0 255
0.0869774 0.0404091 -0.1175111 0 0 255
0.0872610 0.0420010 -0.1171318 0 0 255
0.0867320 0.0435168 -0.1174060 0 0 255
0.0870154 0.0451096 -0.1170267 0 0 255
0.0867574 0.0466489 -0.1170831 0 0 255
0.0873117 0.0482717 -0.1164856 0 0 255
0.0873244 0.0498394 -0.1163240 0 0 255
0.0876083 0.0514371 -0.1159440 0 0 255
0.0881644 0.0530674 -0.1153444 0 0 255
0.0879052 0.0546059 -0.1154018 0 0 255
0.0884620 0.0562403 -0.1148013 0 0 255
0.0887471 0.0578447 -0.1144196 0 0 255
0.0890325 0.0594507 -0.1140375 0 0 255
0.0893182 0.0610584 -0.1136551 0 0 255
0.0896042 0.0626678 -0.1132722 0 0 255
0.0901644 0.0643157 -0.1126677 0 0 255
0.0901771 0.0658917 -0.1125053 0 0 255
0.0910132 0.0675831 -0.1116772 0 0 255
0.0932340 0.0694776 -0.1097287 0 0 255
0.0971555 0.0716337 -0.1064029 0 0 255
0.1043022 0.0759095 -0.1003084 0 0 255
0.1113346 0.0786150 -0.0944566 0 0 255
0.1173468 0.0828555 -0.0892674 0 0 255
0.1216306 0.0852116 -0.0856343 0 0 255
0.1228763 0.0870863 -0.0844629 0 0 255
0.1235080 0.0888641 -0.0837890 0 0 255
0.1238311 0.0905922 -0.0833651 0 0 255
0.1244649 0.0923768 -0.0826889 0 0 255
0.1254113 0.0942209 -0.0817583 0 0 255
0.1257365 0.0959578 -0.0813319 0 0 255
0.1260621 0.0976965 -0.0809051 0 0 255
0.1267008 0.0994959 -0.0802236 0 0 255
0.1270274 0.1012396 -0.0797954 0 0 255
0.1270410 0.1029245 -0.0796218 0 0 255
0.1273680 0.1046711 -0.0791931 0 0 255
0.1273816 0.1063570 -0.0790193 0 0 255
0.1270818 0.1079796 -0.0791009 0 0 255
0.1277227 0.1097934 -0.0784162 0 0 255
0.1271091 0.1113497 -0.0787536 0 0 255
0.1277500 0.1131673 -0.0780684 0 0 255
0.1274498 0.1147870 -0.0781506 0 0 255
0.1280915 0.1166095 -0.0774644 0 0 255
0.1284196 0.1183667 -0.0770338 0 0 255
0.1287481 0.1201258 -0.0766027 0 0 255
0.1284469 0.1217445 -0.0766857 0 0 255
0.1287754 0.1235055 -0.0762544 0 0 255
0.1284742 0.1251224 -0.0763376 0 0 255
0.1284878 0.1268114 -0.0761636 0 0 255
0.1285015 0.1285004 -0.0759895 0 0 255
0.1285151 0.1301895 -0.0758155 0 0 255
0.1279000 0.1317253 -0.0761561 0 0 255
0.1285424 0.1335676 -0.0754674 0 0 255
0.1282415 0.1351782 -0.0755510 0 0 255
0.1279409 0.1367869 -0.0756345 0 0 255
0.1285834 0.1386349 -0.0749452 0 0 255
0.1282824 0.1402428 -0.0750291 0 0 255
0.1282960 0.1419310 -0.0748551 0 0 255
0.1283097 0.1436193 -0.0746812 0 0 255
0.1283234 0.1453076 -0.0745072 0 0 255
0.1283370 0.1469960 -0.0743332 0 0 255
0.1286653 0.1487703 -0.0739008 0 0 255
0.1286789 0.1504596 -0.0737267 0 0 255
0.1283779 0.1520611 -0.0738113 0 0 255
0.1283915 0.1537494 -0.0736373 0 0 255
0.1287199 0.1555276 -0.0732045 0 0 255
0.1287335 0.1572170 -0.0730304 0 0 255
0.1287472 0.1589064 -0.0728563 0 0 255
0.1284461 0.1605033 -0.0729413 0 0 255
0.1287745 0.1622853 -0.0725081 0 0 255
0.1294186 0.1641639 -0.0718146 0 0 255
0.1291168 0.1657597 -0.0719003 0 0 255
0.1288154 0.1673538 -0.0719859 0 0 255
0.1285143 0.1689461 -0.0720713 0 0 255
0.1285281 0.1706347 -0.0718973 0 0 255
0.1279132 0.1721256 -0.0722420 0 0 255
0.1279268 0.1738124 -0.0720682 0 0 255
0.1273134 0.1752981 -0.0724123 0 0 255
0.1267012 0.1767806 -0.0727557 0 0 255
0.1257787 0.1781581 -0.0733559 0 0 255
0.1257923 0.1798385 -0.0731828 0 0 255
0.1245662 0.1811067 -0.0740350 0 0 255
0.1236508 0.1824719 -0.0746308 0 0 255
0.1230466 0.1839369 -0.0749695 0 0 255
0.1224439 0.1853988 -0.0753074 0 0 255
0.1221498 0.1869633 -0.0753901 0 0 255
0.1215489 0.1884195 -0.0757270 0 0 255
0.1209494 0.1898726 -0.0760632 0 0 255
0.1206568 0.1914304 -0.0761453 0 0 255
0.1206703 0.1930955 -0.0759737 0 0 255
0.1203781 0.1946508 -0.0760557 0 0 255
0.1206972 0.1964257 -0.0756305 0 0 255
0.1204050 0.1979792 -0.0757127 0 0 255
0.1204184 0.1996435 -0.0755412 0 0 255
0.1204319 0.2013078 -0.0753697 0 0 255
0.1201400 0.2028579 -0.0754520 0 0 255
0.1204588 0.2046364 -0.0750267 0 0 255
0.1204722 0.2063007 -0.0748552 0 0 255
0.1204857 0.2079651 -0.0746837 0 0 255
0.1204991 0.2096294 -0.0745122 0 0 255
0.1205125 0.2112938 -0.0743407 0 0 255
0.1205260 0.2129582 -0.0741692 0 0 255
0.1202340 0.2145021 -0.0742521 0 0 255
0.1202474 0.2161657 -0.0740807 0 0 255
0.1205663 0.2179516 -0.0736547 0 0 255
0.1205798 0.2196161 -0.0734831 0 0 255
0.1208990 0.2214048 -0.0730565 0 0 255
0.1209125 0.2230703 -0.0728849 0 0 255
0.1218454 0.2251148 -0.0719457 0 0 255
0.1218589 0.2267830 -0.0717738 0 0 255
0.1227949 0.2288370 -0.0708313 0 0 255
0.1284076 0.2328658 -0.0659801 0 0 255
0.1585432 0.2508680 -0.0402841 0 0 255
0.1617087 0.2540089 -0.0374643 0 0 255
0.1613714 0.2556418 -0.0375746 0 0 255
0.1613858 0.2574269 -0.0373906 0 0 255
0.1614002 0.2592121 -0.0372067 0 0 255
0.1045331 -0.0229209 -0.1075819 0 0 255
0.1045462 -0.0212984 -0.1074147 0 0 255
0.1039801 -0.0196623 -0.1077089 0 0 255
0.1037040 -0.0180356 -0.1077723 0 0 255
0.1034282 -0.0164106 -0.1078356 0 0 255
0.1034413 -0.0147913 -0.1076687 0 0 255
0.1017274 -0.0131526 -0.1088795 0 0 255
0.1008809 -0.0115313 -0.1093990 0 0 255
0.1000372 -0.0099151 -0.1099168 0 0 255
0.0994806 -0.0083047 -0.1102059 0 0 255
0.0989251 -0.0066977 -0.1104944 0 0 255
0.0978046 -0.0050960 -0.1112347 0 0 255
0.0969706 -0.0034991 -0.1117467 0 0 255
0.0964203 -0.0019046 -0.1120322 0 0 255
0.0955907 -0.0003169 -0.1125416 0 0 255
0.0953233 0.0012745 -0.1126014 0 0 255
0.0944971 0.0028540 -0.1131088 0 0 255
0.0939519 0.0044345 -0.1133915 0 0 255
0.0934080 0.0060117 -0.1136737 0 0 255
0.0917607 0.0075555 -0.1148404 0 0 255
0.0914972 0.0091314 -0.1148986 0 0 255
0.0906830 0.0106874 -0.1153987 0 0 255
0.0898712 0.0122385 -0.1158973 0 0 255
0.0890620 0.0137848 -0.1163943 0 0 255
0.0885281 0.0153379 -0.1166708 0 0 255
0.0879953 0.0168879 -0.1169466 0 0 255
0.0877358 0.0184477 -0.1170033 0 0 255
0.0874764 0.0200060 -0.1170599 0 0 255
0.0864036 0.0215187 -0.1177708 0 0 255
0.0866872 0.0231024 -0.1173912 0 0 255
0.0858879 0.0246226 -0.1178828 0 0 255
0.0861710 0.0262063 -0.1175038 0 0 255
0.0853732 0.0277203 -0.1179948 0 0 255
0.0853858 0.0292853 -0.1178335 0 0 255
0.0851289 0.0308310 -0.1178894 0 0 255
0.0851415 0.0323953 -0.1177282 0 0 255
0.0848849 0.0339387 -0.1177841 0 0 255
0.0848975 0.0355022 -0.1176230 0 0 255
0.0849102 0.0370658 -0.1174619 0 0 255
0.0849227 0.0386294 -0.1173007 0 0 255
0.0849354 0.0401930 -0.1171396 0 0 255
0.0852174 0.0417815 -0.1167609 0 0 255
0.0846916 0.0432945 -0.1170348 0 0 255
0.0849733 0.0448839 -0.1166562 0 0 255
0.0852553 0.0464749 -0.1162772 0 0 255
0.0849985 0.0480113 -0.1163339 0 0 255
0.0852806 0.0496040 -0.1159548 0 0 255
0.0852932 0.0511685 -0.1157936 0 0 255
0.0861158 0.0528250 -0.1149765 0 0 255
0.0858582 0.0543605 -0.1150340 0 0 255
0.0864116 0.0559913 -0.1144343 0 0 255
0.0872375 0.0576586 -0.1136135 0 0 255
0.0869789 0.0591949 -0.1136717 0 0 255
0.0875345 0.0608340 -0.1130695 0 0 255
0.0875472 0.0624051 -0.1129076 0 0 255
0.0883766 0.0640859 -0.1120827 0 0 255
0.0886621 0.0656969 -0.1116990 0 0 255
0.0894950 0.0673863 -0.1108705 0 0 255
0.0908803 0.0691597 -0.1095927 0 0 255
0.0928267 0.0710232 -0.1078579 0 0 255
0.0998712 0.0752640 -0.1018211 0 0 255
0.1070940 0.0779893 -0.0957883 0 0 255
0.1106367 0.0801761 -0.0927472 0 0 255
0.1175535 0.0845847 -0.0867963 0 0 255
0.1203118 0.0867029 -0.0843884 0 0 255
0.1212462 0.0885276 -0.0834657 0 0 255
0.1224924 0.0904117 -0.0822882 0 0 255
0.1228150 0.0921407 -0.0818636 0 0 255
0.1243789 0.0940935 -0.0804257 0 0 255
0.1250148 0.0958868 -0.0797444 0 0 255
0.1247171 0.0975115 -0.0798254 0 0 255
0.1253539 0.0993097 -0.0791430 0 0 255
0.1256797 0.1010523 -0.0787144 0 0 255
0.1253811 0.1026759 -0.0787961 0 0 255
0.1257069 0.1044204 -0.0783673 0 0 255
0.1257204 0.1061045 -0.0781938 0 0 255
0.1260465 0.1078519 -0.0777645 0 0 255
0.1260601 0.1095370 -0.0775909 0 0 255
0.1260738 0.1112221 -0.0774172 0 0 255
0.1264002 0.1129733 -0.0769873 0 0 255
0.1264139 0.1146594 -0.0768135 0 0 255
0.1267408 0.1164135 -0.0763829 0 0 255
0.1270680 0.1181697 -0.0759519 0 0 255
0.1270816 0.1198576 -0.0757780 0 0 255
0.1267816 0.1214747 -0.0758614 0 0 255
0.1274228 0.1233056 -0.0751723 0 0 255
0.1268089 0.1248489 -0.0755137 0 0 255
0.1271362 0.1266098 -0.0750821 0 0 255
0.1265228 0.1281487 -0.0754234 0 0 255
0.1265364 0.1298349 -0.0752496 0 0 255
0.1268634 0.1315977 -0.0748182 0 0 255
0.1265637 0.1332075 -0.0749021 0 0 255
0.1262643 0.1348156 -0.0749859 0 0 255
0.1259653 0.1364219 -0.0750695 0 0 255
0.1262915 0.1381865 -0.0746385 0 0 255
0.1259925 0.1397910 -0.0747223 0 0 255
0.1260061 0.1414755 -0.0745488 0 0 255
0.1260197 0.1431601 -0.0743752 0 0 255
0.1263460 0.1449284 -0.0739437 0 0 255
0.1263596 0.1466140 -0.0737700 0 0 255
0.1266862 0.1483852 -0.0733380 0 0 255
0.1260741 0.1498986 -0.0736808 0 0 255
0.1257754 0.1514960 -0.0737651 0 0 255
0.1264141 0.1533563 -0.0730752 0 0 255
0.1261150 0.1549527 -0.0731599 0 0 255
0.1261286 0.1566375 -0.0729863 0 0 255
0.1264549 0.1584134 -0.0725540 0 0 255
0.1264686 0.1600991 -0.0723803 0 0 255
0.1267953 0.1618780 -0.0719475 0 0 255
0.1264958 0.1634706 -0.0720329 0 0 255
0.1271360 0.1653464 -0.0713403 0 0 255
0.1271496 0.1670341 -0.0711664 0 0 255
0.1265367 0.1685281 -0.0715117 0 0 255
0.1262375 0.1701163 -0.0715972 0 0 255
0.1262511 0.1718012 -0.0714236 0 0 255
0.1256401 0.1732875 -0.0717681 0 0 255
0.1253420 0.1748706 -0.0718533 0 0 255
0.1244222 0.1762504 -0.0724547 0 0 255
0.1238189 0.1777282 -0.0727940 0 0 255
0.1232132 0.1792016 -0.0731353 0 0 255
0.1226090 0.1806718 -0.0734760 0 0 255
0.1213908 0.1819322 -0.0743273 0 0 255
0.1210973 0.1834986 -0.0744105 0 0 255
0.1201915 0.1848540 -0.0750031 0 0 255
0.1198992 0.1864154 -0.0750857 0 0 255
0.1199127 0.1880813 -0.0749141 0 0 255
0.1190108 0.1894263 -0.0755045 0 0 255
0.1187198 0.1909819 -0.0755867 0 0 255
0.1190377 0.1927528 -0.0751617 0 0 255
0.1184425 0.1941973 -0.0754976 0 0 255
0.1181521 0.1957487 -0.0755797 0 0 255
0.1181656 0.1974093 -0.0754086 0 0 255
0.1178755 0.1989581 -0.0754907 0 0 255
0.1181923 0.2007306 -0.0750663 0 0 255
0.1182057 0.2023913 -0.0748952 0 0 255
0.1179157 0.2039375 -0.0749775 0 0 255
0.1182326 0.2057127 -0.0745529 0 0 255
0.1182460 0.2073735 -0.0743818 0 0 255
0.1179559 0.2089170 -0.0744644 0 0 255
0.1182729 0.2106950 -0.0740394 0 0 255
0.1179827 0.2122369 -0.0741223 0 0 255
0.1179962 0.2138968 -0.0739512 0 0 255
0.1183131 0.2156775 -0.0735260 0 0 255
0.1183265 0.2173384 -0.0733548 0 0 255
0.1192527 0.2193680 -0.0724190 0 0 255
0.1192661 0.2210316 -0.0722476 0 0 255
0.1195844 0.2228202 -0.0718205 0 0 255
0.1199031 0.2246108 -0.0713930 0 0 255
0.1202222 0.2264033 -0.0709649 0 0 255
0.1208479 0.2283261 -0.0702794 0 0 255
0.1245629 0.2315551 -0.0669999 0 0 255
0.1571046 0.2505852 -0.0391676 0 0 255
0.1595596 0.2534190 -0.0369328 0 0 255
0.1595740 0.2552021 -0.0367491 0 0 255
0.1588890 0.2566778 -0.0371537 0 0 255
0.1596028 0.2587683 -0.0363815 0 0 255
0.1603183 0.2608636 -0.0356076 0 0 255
0.1200844 -0.0419304 -0.0948358 0 0 255
0.1188711 -0.0401857 -0.0956411 0 0 255
0.1170580 -0.0384145 -0.0969254 0 0 255
0.1164640 -0.0367192 -0.0972384 0 0 255
0.1152664 -0.0349970 -0.0980333 0 0 255
0.1152799 -0.0333394 -0.0978625 0 0 255
0.1140875 -0.0316283 -0.0986542 0 0 255
0.1138003 -0.0299617 -0.0987238 0 0 255
0.1090475 -0.0281257 -0.1023613 0 0 255
0.1072944 -0.0264242 -0.1036040 0 0 255
0.1087787 -0.0248380 -0.1022595 0 0 255
0.1032465 -0.0230367 -0.1065259 0 0 255
0.1023936 -0.0213920 -0.1070516 0 0 255
0.1026950 -0.0197796 -0.1066540 0 0 255
0.1024198 -0.0181537 -0.1067179 0 0 255
0.1015695 -0.0165194 -0.1072424 0 0 255
0.1015826 -0.0149027 -0.1070758 0 0 255
0.0993068 -0.0132596 -0.1087438 0 0 255
0.0990351 -0.0116473 -0.1088061 0 0 255
0.0979121 -0.0100319 -0.1095515 0 0 255
0.0973588 -0.0084247 -0.1098404 0 0 255
0.0968067 -0.0068208 -0.1101286 0 0 255
0.0959742 -0.0052213 -0.1106423 0 0 255
0.0951444 -0.0036268 -0.1111544 0 0 255
0.0945969 -0.0020346 -0.1114401 0 0 255
0.0934924 -0.0004526 -0.1121737 0 0 255
0.0932267 0.0011356 -0.1122336 0 0 255
0.0924055 0.0027120 -0.1127405 0 0 255
0.0910373 0.0042719 -0.1136880 0 0 255
0.0904984 0.0058436 -0.1139688 0 0 255
0.0899605 0.0074121 -0.1142491 0 0 255
0.0891495 0.0089691 -0.1147497 0 0 255
0.0883409 0.0105213 -0.1152487 0 0 255
0.0875348 0.0120687 -0.1157463 0 0 255
0.0870031 0.0136219 -0.1160231 0 0 255
0.0862012 0.0151606 -0.1165181 0 0 255
0.0862138 0.0167312 -0.1163563 0 0 255
0.0854144 0.0182627 -0.1168500 0 0 255
0.0851570 0.0198171 -0.1169066 0 0 255
0.0846300 0.0213554 -0.1171809 0 0 255
0.0843734 0.0229059 -0.1172372 0 0 255
0.0838482 0.0244387 -0.1175107 0 0 255
0.0835922 0.0259852 -0.1175668 0 0 255
0.0830686 0.0275125 -0.1178395 0 0 255
0.0833492 0.0290921 -0.1174618 0 0 255
0.0828261 0.0306155 -0.1177345 0 0 255
0.0831064 0.0321958 -0.1173569 0 0 255
0.0831190 0.0337570 -0.1171960 0 0 255
0.0828639 0.0352965 -0.1172521 0 0 255
0.0828764 0.0368569 -0.1170913 0 0 255
0.0823544 0.0383709 -0.1173641 0 0 255
0.0831695 0.0400017 -0.1165524 0 0 255
0.0831820 0.0415630 -0.1163915 0 0 255
0.0831947 0.0431242 -0.1162306 0 0 255
0.0829395 0.0446591 -0.1162872 0 0 255
0.0829521 0.0462196 -0.1161264 0 0 255
0.0835006 0.0478361 -0.1155300 0 0 255
0.0835132 0.0493983 -0.1153691 0 0 255
0.0837941 0.0509901 -0.1149898 0 0 255
0.0835384 0.0525226 -0.1150470 0 0 255
0.0838193 0.0541160 -0.1146677 0 0 255
0.0841007 0.0557111 -0.1142878 0 0 255
0.0846514 0.0573408 -0.1136884 0 0 255
0.0854734 0.0590077 -0.1128676 0 0 255
0.0852160 0.0605410 -0.1129262 0 0 255
0.0857690 0.0621790 -0.1123241 0 0 255
0.0865944 0.0638569 -0.1114996 0 0 255
0.0866071 0.0654280 -0.1113376 0 0 255
0.0868913 0.0670373 -0.1109541 0 0 255
0.0871757 0.0686482 -0.1105702 0 0 255
0.0880054 0.0703405 -0.1097409 0 0 255
0.0888377 0.0720380 -0.1089089 0 0 255
0.0907726 0.0739082 -0.1071753 0 0 255
0.0946720 0.0760944 -0.1038343 0 0 255
0.0974962 0.0781339 -0.1013705 0 0 255
0.0972267 0.0796919 -0.1014364 0 0 255
0.0944440 0.0824282 -0.1034056 0 0 255
0.0998280 0.0865435 -0.0986868 0 0 255
0.1058936 0.0892184 -0.0935600 0 0 255
0.1138907 0.0922748 -0.0868460 0 0 255
0.1218260 0.0970406 -0.0800165 0 0 255
0.1233871 0.0990070 -0.0785736 0 0 255
0.1240220 0.1008058 -0.0778903 0 0 255
0.1246585 0.1026087 -0.0772053 0 0 255
0.1243604 0.1042315 -0.0772878 0 0 255
0.1246856 0.1059769 -0.0768582 0 0 255
0.1250111 0.1077242 -0.0764282 0 0 255
0.1250247 0.1094093 -0.0762545 0 0 255
0.1247264 0.1110294 -0.0763375 0 0 255
0.1250520 0.1127796 -0.0759072 0 0 255
0.1250656 0.1144647 -0.0757335 0 0 255
0.1253915 0.1162178 -0.0753026 0 0 255
0.1254051 0.1179039 -0.0751289 0 0 255
0.1254187 0.1195901 -0.0749551 0 0 255
0.1254323 0.1212762 -0.0747813 0 0 255
0.1251336 0.1228908 -0.0748652 0 0 255
0.1257723 0.1247213 -0.0741757 0 0 255
0.1254731 0.1263349 -0.0742600 0 0 255
0.1254868 0.1280211 -0.0740862 0 0 255
0.1251881 0.1296320 -0.0741704 0 0 255
0.1248896 0.1312412 -0.0742545 0 0 255
0.1245915 0.1328486 -0.0743386 0 0 255
0.1242937 0.1344543 -0.0744226 0 0 255
0.1243073 0.1361369 -0.0742491 0 0 255
0.1240098 0.1377399 -0.0743331 0 0 255
0.1237127 0.1393412 -0.0744169 0 0 255
0.1237262 0.1410221 -0.0742437 0 0 255
0.1243616 0.1428677 -0.0735555 0 0 255
0.1240642 0.1444671 -0.0736397 0 0 255
0.1240777 0.1461490 -0.0734664 0 0 255
0.1240913 0.1478309 -0.0732931 0 0 255
0.1241049 0.1495128 -0.0731198 0 0 255
0.1241185 0.1511947 -0.0729464 0 0 255
0.1241321 0.1528766 -0.0727731 0 0 255
0.1241457 0.1545586 -0.0725997 0 0 255
0.1241592 0.1562406 -0.0724264 0 0 255
0.1241728 0.1579226 -0.0722531 0 0 255
0.1244975 0.1596963 -0.0718212 0 0 255
0.1245111 0.1613793 -0.0716477 0 0 255
0.1245247 0.1630622 -0.0714743 0 0 255
0.1242271 0.1646508 -0.0715597 0 0 255
0.1242407 0.1663329 -0.0713863 0 0 255
0.1245654 0.1681114 -0.0709540 0 0 255
0.1242678 0.1696972 -0.0710396 0 0 255
0.1230401 0.1709878 -0.0719005 0 0 255
0.1230536 0.1726663 -0.0717275 0 0 255
0.1218348 0.1739488 -0.0725819 0 0 255
0.1212323 0.1754238 -0.0729230 0 0 255
0.1206312 0.1768957 -0.0732634 0 0 255
0.1206446 0.1785670 -0.0730911 0 0 255
0.1197386 0.1799319 -0.0736865 0 0 255
0.1194463 0.1814976 -0.0737700 0 0 255
0.1185442 0.1828548 -0.0743630 0 0 255
0.1179489 0.1843115 -0.0747001 0 0 255
0.1173549 0.1857651 -0.0750364 0 0 255
0.1173683 0.1874265 -0.0748652 0 0 255
0.1167756 0.1888751 -0.0752011 0 0 255
0.1167890 0.1905348 -0.0750300 0 0 255
0.1164998 0.1920864 -0.0751123 0 0 255
0.1162109 0.1936364 -0.0751944 0 0 255
0.1162243 0.1952943 -0.0750236 0 0 255
0.1159359 0.1968418 -0.0751057 0 0 255
0.1159492 0.1984989 -0.0749349 0 0 255
0.1159626 0.2001560 -0.0747641 0 0 255
0.1159760 0.2018131 -0.0745934 0 0 255
0.1156877 0.2033563 -0.0746757 0 0 255
0.1160027 0.2051273 -0.0742518 0 0 255
0.1160161 0.2067845 -0.0740810 0 0 255
0.1154264 0.2082085 -0.0744168 0 0 255
0.1157411 0.2099813 -0.0739930 0 0 255
0.1154532 0.2115194 -0.0740756 0 0 255
0.1157679 0.2132940 -0.0736516 0 0 255
0.1157812 0.2149505 -0.0734809 0 0 255
0.1157947 0.2166068 -0.0733102 0 0 255
0.1164117 0.2185074 -0.0726313 0 0 255
0.1167275 0.2202888 -0.0722058 0 0 255
0.1170436 0.2220722 -0.0717799 0 0 255
0.1179672 0.2241084 -0.0708419 0 0 255
0.1173735 0.2255185 -0.0711823 0 0 255
0.1195176 0.2280728 -0.0692146 0 0 255
0.1222945 0.2309069 -0.0667120 0 0 255
0.1512006 0.2483771 -0.0418237 0 0 255
0.1563752 0.2523784 -0.0372840 0 0 255
0.1574324 0.2546111 -0.0362198 0 0 255
0.1567510 0.2560849 -0.0366243 0 0 255
0.1571131 0.2580169 -0.0361471 0 0 255
0.1581728 0.2602620 -0.0350797 0 0 255
0.1592364 0.2625151 -0.0340084 0 0 255
0.1150462 -0.0484522 -0.0973607 0 0 255
0.1120514 -0.0465769 -0.0995950 0 0 255
0.1117657 -0.0449052 -0.0996639 0 0 255
0.1111819 -0.0432157 -0.0999717 0 0 255
0.1097081 -0.0414741 -0.1009921 0 0 255
0.1103153 -0.0398652 -0.1003471 0 0 255
0.1100314 -0.0382024 -0.1004154 0 0 255
0.1109371 -0.0366051 -0.0995308 0 0 255
0.1088726 -0.0348522 -0.1010266 0 0 255
0.1094779 -0.0332387 -0.1003826 0 0 255
0.1094912 -0.0315953 -0.1002132 0 0 255
0.1089123 -0.0299272 -0.1005190 0 0 255
0.1056916 -0.0281605 -0.1029459 0 0 255
0.1048294 -0.0264972 -0.1034807 0 0 255
0.1051340 -0.0248773 -0.1030786 0 0 255
0.1013852 -0.0231352 -0.1059339 0 0 255
0.1013982 -0.0215160 -0.1057670 0 0 255
0.1008365 -0.0198832 -0.1060624 0 0 255
0.1002760 -0.0182538 -0.1063571 0 0 255
0.0991457 -0.0166177 -0.1071107 0 0 255
0.0985887 -0.0149968 -0.1074034 0 0 255
0.0977491 -0.0133760 -0.1079241 0 0 255
0.0969120 -0.0117604 -0.1084432 0 0 255
0.0960776 -0.0101497 -0.1089606 0 0 255
0.0949649 -0.0085433 -0.1097029 0 0 255
0.0944167 -0.0069436 -0.1099905 0 0 255
0.0941495 -0.0053463 -0.1100518 0 0 255
0.0927663 -0.0037574 -0.1110140 0 0 255
0.0925007 -0.0021667 -0.1110746 0 0 255
0.0916802 -0.0005843 -0.1115835 0 0 255
0.0903133 0.0009848 -0.1125345 0 0 255
0.0894995 0.0025558 -0.1130391 0 0 255
0.0892373 0.0041334 -0.1130982 0 0 255
0.0884269 0.0056963 -0.1136009 0 0 255
0.0873461 0.0072470 -0.1143228 0 0 255
0.0868137 0.0088076 -0.1146015 0 0 255
0.0865543 0.0103739 -0.1146595 0 0 255
0.0852106 0.0118997 -0.1155959 0 0 255
0.0852233 0.0134702 -0.1154341 0 0 255
0.0838863 0.0149842 -0.1163661 0 0 255
0.0838990 0.0165508 -0.1162046 0 0 255
0.0831051 0.0180787 -0.1166974 0 0 255
0.0825813 0.0196156 -0.1169714 0 0 255
0.0820587 0.0211494 -0.1172448 0 0 255
0.0820713 0.0227104 -0.1170839 0 0 255
0.0818167 0.0242554 -0.1171401 0 0 255
0.0815624 0.0257989 -0.1171961 0 0 255
0.0813082 0.0273409 -0.1172522 0 0 255
0.0813208 0.0288996 -0.1170916 0 0 255
0.0813334 0.0304583 -0.1169309 0 0 255
0.0808134 0.0319773 -0.1172036 0 0 255
0.0808260 0.0335344 -0.1170431 0 0 255
0.0808386 0.0350916 -0.1168827 0 0 255
0.0811173 0.0366711 -0.1165054 0 0 255
0.0811298 0.0382291 -0.1163448 0 0 255
0.0811424 0.0397872 -0.1161842 0 0 255
0.0811550 0.0413452 -0.1160236 0 0 255
0.0811676 0.0429033 -0.1158630 0 0 255
0.0814466 0.0444877 -0.1154850 0 0 255
0.0811927 0.0460196 -0.1155419 0 0 255
0.0814718 0.0476056 -0.1151637 0 0 255
0.0817512 0.0491932 -0.1147850 0 0 255
0.0820308 0.0507825 -0.1144061 0 0 255
0.0820433 0.0523431 -0.1142453 0 0 255
0.0820559 0.0539037 -0.1140844 0 0 255
0.0826035 0.0555282 -0.1134860 0 0 255
0.0828840 0.0571232 -0.1131057 0 0 255
0.0837020 0.0587873 -0.1122854 0 0 255
0.0837146 0.0603527 -0.1121241 0 0 255
0.0837272 0.0619183 -0.1119627 0 0 255
0.0842783 0.0635561 -0.1113602 0 0 255
0.0840216 0.0650863 -0.1114194 0 0 255
0.0845732 0.0667282 -0.1108160 0 0 255
0.0853963 0.0684123 -0.1099896 0 0 255
0.0854089 0.0699828 -0.1098278 0 0 255
0.0856923 0.0715936 -0.1094437 0 0 255
0.0865188 0.0732887 -0.1086134 0 0 255
0.0873479 0.0749891 -0.1077806 0 0 255
0.0881796 0.0766948 -0.1069451 0 0 255
0.0895629 0.0784942 -0.1056558 0 0 255
0.0890266 0.0799869 -0.1059442 0 0 255
0.0906901 0.0818438 -0.1044233 0 0 255
0.0940355 0.0839965 -0.1015173 0 0 255
0.0965755 0.0860298 -0.0992725 0 0 255
0.1011502 0.0900511 -0.0951948 0 0 255
0.1052102 0.0924046 -0.0916931 0 0 255
0.1081514 0.0945753 -0.0891114 0 0 255
0.1171503 0.0995640 -0.0813722 0 0 255
0.1220720 0.1021803 -0.0771502 0 0 255
0.1230155 0.1040428 -0.0762094 0 0 255
0.1236508 0.1058493 -0.0755226 0 0 255
0.1233534 0.1074704 -0.0756060 0 0 255
0.1233670 0.1091536 -0.0754325 0 0 255
0.1233805 0.1108369 -0.0752590 0 0 255
0.1240166 0.1126519 -0.0745708 0 0 255
0.1234077 0.1142035 -0.0749121 0 0 255
0.1237323 0.1159545 -0.0744812 0 0 255
0.1243691 0.1177763 -0.0737917 0 0 255
0.1240709 0.1193927 -0.0738761 0 0 255
0.1240845 0.1210780 -0.0737024 0 0 255
0.1240981 0.1227632 -0.0735287 0 0 255
0.1241118 0.1244486 -0.0733550 0 0 255
0.1241254 0.1261339 -0.0731814 0 0 255
0.1238275 0.1277449 -0.0732660 0 0 255
0.1232192 0.1292792 -0.0736085 0 0 255
0.1229224 0.1308859 -0.0736927 0 0 255
0.1229360 0.1325676 -0.0735194 0 0 255
0.1220202 0.1340166 -0.0741181 0 0 255
0.1220337 0.1356956 -0.0739450 0 0 255
0.1220472 0.1373746 -0.0737720 0 0 255
0.1220608 0.1390536 -0.0735990 0 0 255
0.1223838 0.1408138 -0.0731685 0 0 255
0.1220879 0.1424117 -0.0732528 0 0 255
0.1224109 0.1441738 -0.0728222 0 0 255
0.1224245 0.1458538 -0.0726490 0 0 255
0.1221285 0.1474490 -0.0727337 0 0 255
0.1221421 0.1491281 -0.0725607 0 0 255
0.1224651 0.1508940 -0.0721296 0 0 255
0.1221692 0.1524865 -0.0722145 0 0 255
0.1221827 0.1541657 -0.0720415 0 0 255
0.1225058 0.1559344 -0.0716101 0 0 255
0.1222098 0.1575242 -0.0716954 0 0 255
0.1222234 0.1592034 -0.0715223 0 0 255
0.1222369 0.1608827 -0.0713492 0 0 255
0.1225601 0.1626552 -0.0709175 0 0 255
0.1225736 0.1643355 -0.0707443 0 0 255
0.1219683 0.1658258 -0.0710886 0 0 255
0.1222911 0.1676001 -0.0706569 0 0 255
0.1210732 0.1688943 -0.0715142 0 0 255
0.1201641 0.1702787 -0.0721137 0 0 255
0.1195641 0.1717561 -0.0724550 0 0 255
0.1195776 0.1734273 -0.0722828 0 0 255
0.1192848 0.1749991 -0.0723671 0 0 255
0.1180766 0.1762691 -0.0732189 0 0 255
0.1174811 0.1777345 -0.0735576 0 0 255
0.1171907 0.1792981 -0.0736410 0 0 255
0.1169004 0.1808599 -0.0737242 0 0 255
0.1160049 0.1822144 -0.0743156 0 0 255
0.1160183 0.1838749 -0.0741445 0 0 255
0.1154275 0.1853267 -0.0744809 0 0 255
0.1151392 0.1868802 -0.0745634 0 0 255
0.1151525 0.1885381 -0.0743925 0 0 255
0.1142628 0.1898758 -0.0749809 0 0 255
0.1139758 0.1914237 -0.0750630 0 0 255
0.1142895 0.1931863 -0.0746398 0 0 255
0.1143029 0.1948415 -0.0744691 0 0 255
0.1140158 0.1963867 -0.0745515 0 0 255
0.1137291 0.1979303 -0.0746337 0 0 255
0.1137424 0.1995838 -0.0744633 0 0 255
0.1134560 0.2011249 -0.0745455 0 0 255
0.1131698 0.2026643 -0.0746276 0 0 255
0.1131831 0.2043160 -0.0744574 0 0 255
0.1134959 0.2060829 -0.0740345 0 0 255
0.1135092 0.2077356 -0.0738642 0 0 255
0.1129240 0.2091549 -0.0741992 0 0 255
0.1129373 0.2108058 -0.0740291 0 0 255
0.1129506 0.2124568 -0.0738589 0 0 255
0.1126650 0.2139886 -0.0739413 0 0 255
0.1126783 0.2156388 -0.0737713 0 0 255
0.1123931 0.2171681 -0.0738537 0 0 255
0.1130038 0.2190611 -0.0731783 0 0 255
0.1127182 0.2205894 -0.0732611 0 0 255
0.1142293 0.2228595 -0.0718232 0 0 255
0.1151453 0.2248904 -0.0708884 0 0 255
0.1169728 0.2273093 -0.0691810 0 0 255
0.1212655 0.2307812 -0.0653837 0 0 255
0.1477454 0.2472205 -0.0424404 0 0 255
0.1549377 0.2520947 -0.0361691 0 0 255
0.1566871 0.2546299 -0.0345135 0 0 255
0.1563536 0.2562576 -0.0346253 0 0 255
0.1567158 0.2581919 -0.0341464 0 0 255
0.1567302 0.2599730 -0.0339628 0 0 255
0.1574414 0.2620673 -0.0331870 0 0 255
0.1578049 0.2640085 -0.0327064 0 0 255
0.1030365 -0.0526424 -0.1053408 0 0 255
0.1065530 -0.0512982 -0.1023613 0 0 255
0.1080394 -0.0497749 -0.1010098 0 0 255
0.1095338 -0.0482434 -0.0996509 0 0 255
0.1083615 -0.0465114 -0.1004337 0 0 255
0.1071942 -0.0447869 -0.1012131 0 0 255
0.1063254 -0.0430890 -0.1017534 0 0 255
0.1066323 -0.0414703 -0.1013484 0 0 255
0.1057653 -0.0397796 -0.1018878 0 0 255
0.1051933 -0.0381108 -0.1021903 0 0 255
0.1057917 -0.0365087 -0.1015506 0 0 255
0.1046356 -0.0348137 -0.1023239 0 0 255
0.1058181 -0.0332377 -0.1012135 0 0 255
0.1049538 -0.0315627 -0.1017523 0 0 255
0.1055517 -0.0299543 -0.1011125 0 0 255
0.1043966 -0.0282742 -0.1018863 0 0 255
0.1032466 -0.0266011 -0.1026568 0 0 255
0.1012394 -0.0249067 -0.1041197 0 0 255
0.1001028 -0.0232505 -0.1048810 0 0 255
0.1001158 -0.0216322 -0.1047142 0 0 255
0.0989839 -0.0199864 -0.1054726 0 0 255
0.0981414 -0.0183535 -0.1059977 0 0 255
0.0981544 -0.0167411 -0.1058315 0 0 255
0.0975985 -0.0151201 -0.1061255 0 0 255
0.0964773 -0.0134957 -0.1068773 0 0 255
0.0950791 -0.0118755 -0.1078539 0 0 255
0.0948108 -0.0102706 -0.1079165 0 0 255
0.0937012 -0.0086648 -0.1086606 0 0 255
0.0923177 -0.0070657 -0.1096275 0 0 255
0.0917740 -0.0054724 -0.1099142 0 0 255
0.0909542 -0.0038841 -0.1104253 0 0 255
0.0898608 -0.0023032 -0.1111588 0 0 255
0.0890504 -0.0007255 -0.1116632 0 0 255
0.0879649 0.0008433 -0.1123914 0 0 255
0.0874302 0.0024153 -0.1126730 0 0 255
0.0868967 0.0039840 -0.1129539 0 0 255
0.0863642 0.0055496 -0.1132343 0 0 255
0.0858328 0.0071119 -0.1135141 0 0 255
0.0847607 0.0086549 -0.1142340 0 0 255
0.0847733 0.0102270 -0.1140719 0 0 255
0.0834361 0.0117509 -0.1150085 0 0 255
0.0831796 0.0133086 -0.1150660 0 0 255
0.0823864 0.0148422 -0.1155607 0 0 255
0.0821310 0.0163952 -0.1156178 0 0 255
0.0816082 0.0179338 -0.1158929 0 0 255
0.0808200 0.0194558 -0.1163848 0 0 255
0.0802999 0.0209874 -0.1166584 0 0 255
0.0803125 0.0225460 -0.1164977 0 0 255
0.0800592 0.0240888 -0.1165541 0 0 255
0.0798061 0.0256300 -0.1166104 0 0 255
0.0798187 0.0271872 -0.1164499 0 0 255
0.0798312 0.0287443 -0.1162894 0 0 255
0.0795783 0.0302824 -0.1163459 0 0 255
0.0793259 0.0318190 -0.1164021 0 0 255
0.0790735 0.0333541 -0.1164584 0 0 255
0.0793509 0.0349302 -0.1160815 0 0 255
0.0793635 0.0364859 -0.1159211 0 0 255
0.0793760 0.0380415 -0.1157608 0 0 255
0.0793886 0.0395972 -0.1156005 0 0 255
0.0791396 0.0411287 -0.1156544 0 0 255
0.0794296 0.0442647 -0.1151167 0 0 255
0.0797164 0.0474036 -0.1145812 0 0 255
0.0800071 0.0505462 -0.1140423 0 0 255
0.0802854 0.0521338 -0.1136635 0 0 255
0.0802980 0.0536920 -0.1135029 0 0 255
0.0805766 0.0552820 -0.1131236 0 0 255
0.0813890 0.0569390 -0.1123054 0 0 255
0.0816687 0.0585339 -0.1119247 0 0 255
0.0816813 0.0600962 -0.1117637 0 0 255
0.0816939 0.0616586 -0.1116027 0 0 255
0.0822416 0.0632928 -0.1110011 0 0 255
0.0827904 0.0649304 -0.1103982 0 0 255
0.0830716 0.0665336 -0.1100156 0 0 255
0.0833532 0.0681386 -0.1096326 0 0 255
0.0833657 0.0697058 -0.1094711 0 0 255
0.0841866 0.0713937 -0.1086429 0 0 255
0.0847394 0.0730456 -0.1080355 0 0 255
0.0852934 0.0747009 -0.1074267 0 0 255
0.0855771 0.0763167 -0.1070409 0 0 255
0.0866770 0.0780657 -0.1059807 0 0 255
0.0888775 0.0800019 -0.1040106 0 0 255
0.0902669 0.0818156 -0.1027095 0 0 255
0.0905560 0.0834504 -0.1023175 0 0 255
0.0916765 0.0852307 -0.1012376 0 0 255
0.0941987 0.0872645 -0.0989973 0 0 255
0.0964621 0.0892669 -0.0969698 0 0 255
0.0987542 0.0928986 -0.0947618 0 0 255
0.1007690 0.0948879 -0.0929370 0 0 255
0.1140240 0.1006920 -0.0816352 0 0 255
0.1176760 0.1030672 -0.0784464 0 0 255
0.1207584 0.1053503 -0.0757281 0 0 255
0.1210807 0.1070915 -0.0752989 0 0 255
0.1217128 0.1088985 -0.0746122 0 0 255
0.1217263 0.1105799 -0.0744389 0 0 255
0.1223598 0.1123927 -0.0737506 0 0 255
0.1223733 0.1140760 -0.0735771 0 0 255
0.1217670 0.1156243 -0.0739191 0 0 255
0.1227111 0.1175113 -0.0729719 0 0 255
0.1221040 0.1190567 -0.0733146 0 0 255
0.1227383 0.1208799 -0.0726246 0 0 255
0.1227519 0.1225643 -0.0724510 0 0 255
0.1221448 0.1241042 -0.0727944 0 0 255
0.1224685 0.1258599 -0.0723625 0 0 255
0.1218621 0.1273954 -0.0727058 0 0 255
0.1215661 0.1290023 -0.0727905 0 0 255
0.1215796 0.1306830 -0.0726173 0 0 255
0.1209751 0.1322107 -0.0729597 0 0 255
0.1203719 0.1337351 -0.0733014 0 0 255
0.1203854 0.1354123 -0.0731285 0 0 255
0.1203989 0.1370894 -0.0729557 0 0 255
0.1201046 0.1386867 -0.0730400 0 0 255
0.1204260 0.1404439 -0.0726099 0 0 255
0.1201316 0.1420393 -0.0726945 0 0 255
0.1204530 0.1437983 -0.0722642 0 0 255
0.1204665 0.1454756 -0.0720913 0 0 255
0.1201722 0.1470684 -0.0721761 0 0 255
0.1204936 0.1488302 -0.0717456 0 0 255
0.1205071 0.1505075 -0.0715727 0 0 255
0.1202127 0.1520976 -0.0716577 0 0 255
0.1205342 0.1538623 -0.0712269 0 0 255
0.1202398 0.1554506 -0.0713122 0 0 255
0.1202533 0.1571271 -0.0711394 0 0 255
0.1202668 0.1588036 -0.0709666 0 0 255
0.1199727 0.1603884 -0.0710520 0 0 255
0.1199862 0.1620640 -0.0708793 0 0 255
0.1196924 0.1636462 -0.0709647 0 0 255
0.1194025 0.1652278 -0.0710469 0 0 255
0.1188030 0.1667115 -0.0713895 0 0 255
0.1185105 0.1682878 -0.0714744 0 0 255
0.1182183 0.1698623 -0.0715591 0 0 255
0.1179264 0.1714351 -0.0716439 0 0 255
0.1167219 0.1727122 -0.0724967 0 0 255
0.1164316 0.1742793 -0.0725807 0 0 255
0.1161417 0.1758447 -0.0726645 0 0 255
0.1155493 0.1773082 -0.0730033 0 0 255
0.1143551 0.1785670 -0.0738496 0 0 255
0.1146699 0.1803273 -0.0734245 0 0 255
0.1137799 0.1816797 -0.0740152 0 0 255
0.1137933 0.1833366 -0.0738444 0 0 255
0.1129062 0.1846821 -0.0744334 0 0 255
0.1126201 0.1862318 -0.0745156 0 0 255
0.1126334 0.1878852 -0.0743453 0 0 255
0.1123476 0.1894325 -0.0744275 0 0 255
0.1117635 0.1908712 -0.0747620 0 0 255
0.1117768 0.1925220 -0.0745918 0 0 255
0.1117901 0.1941728 -0.0744217 0 0 255
0.1118034 0.1958236 -0.0742515 0 0 255
0.1112205 0.1972540 -0.0745859 0 0 255
0.1115317 0.1990141 -0.0741637 0 0 255
0.1112471 0.2005522 -0.0742459 0 0 255
0.1112604 0.2022012 -0.0740759 0 0 255
0.1109761 0.2037368 -0.0741581 0 0 255
0.1106920 0.2052707 -0.0742403 0 0 255
0.1104083 0.2068030 -0.0743223 0 0 255
0.1113136 0.2087979 -0.0733961 0 0 255
0.1104348 0.2100961 -0.0739829 0 0 255
0.1101514 0.2116250 -0.0740650 0 0 255
0.1104614 0.2133892 -0.0736434 0 0 255
0.1098850 0.2147986 -0.0739745 0 0 255
0.1102045 0.2182080 -0.0733865 0 0 255
0.1105145 0.2199759 -0.0729646 0 0 255
0.1105278 0.2216226 -0.0727949 0 0 255
0.1111489 0.2251660 -0.0719495 0 0 255
0.1147563 0.2283359 -0.0687201 0 0 255
0.1380226 0.2416298 -0.0485824 0 0 255
0.1514394 0.2509139 -0.0368136 0 0 255
0.1545530 0.2540405 -0.0339886 0 0 255
0.1542214 0.2556658 -0.0341005 0 0 255
0.1545817 0.2575965 -0.0336221 0 0 255
0.1545960 0.2593745 -0.0334389 0 0 255
0.1546103 0.2611525 -0.0332556 0 0 255
0.1556651 0.2634019 -0.0321837 0 0 255
0.1055064 -0.0563375 -0.1015682 0 0 255
0.1002911 -0.0542437 -0.1056127 0 0 255
0.0991558 -0.0525248 -0.1063712 0 0 255
0.1003172 -0.0509993 -0.1052783 0 0 255
0.1029322 -0.0495805 -0.1030121 0 0 255
0.1026551 -0.0479285 -0.1030783 0 0 255
0.1017990 -0.0462365 -0.1036121 0 0 255
0.1012341 -0.0445699 -0.1039112 0 0 255
0.1009588 -0.0429258 -0.1039768 0 0 255
0.1003958 -0.0412653 -0.1042749 0 0 255
0.1001213 -0.0396256 -0.1043402 0 0 255
0.1001344 -0.0380040 -0.1041731 0 0 255
0.1004350 -0.0363980 -0.1037733 0 0 255
0.0995861 -0.0347314 -0.1043036 0 0 255
0.1001735 -0.0331392 -0.1036716 0 0 255
0.1010504 -0.0315567 -0.1028049 0 0 255
0.1016410 -0.0299568 -0.1021697 0 0 255
0.0999289 -0.0282631 -0.1034003 0 0 255
0.0993682 -0.0266214 -0.1036984 0 0 255
0.0985228 -0.0249737 -0.1042278 0 0 255
0.0988217 -0.0233658 -0.1038292 0 0 255
0.0982633 -0.0217327 -0.1041263 0 0 255
0.0977061 -0.0201031 -0.1044227 0 0 255
0.0968661 -0.0184708 -0.1049492 0 0 255
0.0965953 -0.0168541 -0.1050136 0 0 255
0.0957587 -0.0152303 -0.1055381 0 0 255
0.0949249 -0.0136117 -0.1060609 0 0 255
0.0935323 -0.0119929 -0.1070386 0 0 255
0.0921471 -0.0103826 -0.1080112 0 0 255
0.0913244 -0.0087825 -0.1085265 0 0 255
0.0905045 -0.0071874 -0.1090403 0 0 255
0.0896871 -0.0055972 -0.1095524 0 0 255
0.0888722 -0.0040120 -0.1100629 0 0 255
0.0872406 -0.0024388 -0.1112396 0 0 255
0.0867065 -0.0008626 -0.1115225 0 0 255
0.0861734 0.0007104 -0.1118048 0 0 255
0.0850977 0.0022705 -0.1125300 0 0 255
0.0848390 0.0038410 -0.1125891 0 0 255
0.0848517 0.0054163 -0.1124268 0 0 255
0.0837815 0.0069628 -0.1131489 0 0 255
0.0829850 0.0085109 -0.1136481 0 0 255
0.0824596 0.0100631 -0.1139261 0 0 255
0.0819352 0.0116120 -0.1142036 0 0 255
0.0814119 0.0131579 -0.1144806 0 0 255
0.0808896 0.0147006 -0.1147569 0 0 255
0.0801020 0.0162282 -0.1152508 0 0 255
0.0795825 0.0177639 -0.1155257 0 0 255
0.0790640 0.0192964 -0.1158000 0 0 255
0.0790765 0.0208543 -0.1156394 0 0 255
0.0785590 0.0223821 -0.1159133 0 0 255
0.0783070 0.0239227 -0.1159698 0 0 255
0.0783195 0.0254782 -0.1158095 0 0 255
0.0780677 0.0270164 -0.1158661 0 0 255
0.0778162 0.0285531 -0.1159227 0 0 255
0.0775648 0.0300882 -0.1159792 0 0 255
0.0775774 0.0316414 -0.1158191 0 0 255
0.0778537 0.0332151 -0.1154421 0 0 255
0.0776024 0.0347479 -0.1154988 0 0 255
0.0776183 0.0363015 -0.1153360 0 0 255
0.0778947 0.0378776 -0.1149588 0 0 255
0.0776434 0.0394082 -0.1150157 0 0 255
0.0776559 0.0409615 -0.1148556 0 0 255
0.0779323 0.0425401 -0.1144782 0 0 255
0.0779449 0.0440943 -0.1143180 0 0 255
0.0779574 0.0456485 -0.1141578 0 0 255
0.0782341 0.0472303 -0.1137798 0 0 255
0.0779824 0.0487569 -0.1138374 0 0 255
0.0782592 0.0503404 -0.1134593 0 0 255
0.0788009 0.0519555 -0.1128623 0 0 255
0.0793437 0.0535739 -0.1122641 0 0 255
0.0793563 0.0551321 -0.1121035 0 0 255
0.0796344 0.0567229 -0.1117235 0 0 255
0.0799220 0.0598749 -0.1111851 0 0 255
0.0804670 0.0615048 -0.1105840 0 0 255
0.0804796 0.0630663 -0.1104231 0 0 255
0.0810258 0.0647012 -0.1098205 0 0 255
0.0813057 0.0663019 -0.1094382 0 0 255
0.0818536 0.0679426 -0.1088337 0 0 255
0.0821342 0.0695475 -0.1084503 0 0 255
0.0826839 0.0711941 -0.1078438 0 0 255
0.0835040 0.0728852 -0.1070128 0 0 255
0.0837864 0.0744976 -0.1066273 0 0 255
0.0848808 0.0762401 -0.1055680 0 0 255
0.0854362 0.0779022 -0.1049554 0 0 255
0.0868102 0.0797020 -0.1036628 0 0 255
0.0870960 0.0813281 -0.1032732 0 0 255
0.0873822 0.0829558 -0.1028830 0 0 255
0.0882170 0.0846802 -0.1020370 0 0 255
0.0887792 0.0863615 -0.1014169 0 0 255
0.0893425 0.0880463 -0.1007956 0 0 255
0.0885298 0.0894838 -0.1013186 0 0 255
0.0885426 0.0910692 -0.1011552 0 0 255
0.0907624 0.0930698 -0.0991546 0 0 255
0.0998003 0.0980032 -0.0913193 0 0 255
0.1115225 0.1019300 -0.0813953 0 0 255
0.1178985 0.1065276 -0.0757598 0 0 255
0.1194462 0.1085169 -0.0743076 0 0 255
0.1206932 0.1104525 -0.0731054 0 0 255
0.1203979 0.1120685 -0.0731899 0 0 255
0.1207203 0.1138155 -0.0727588 0 0 255
0.1210431 0.1155644 -0.0723272 0 0 255
0.1207474 0.1171786 -0.0724121 0 0 255
0.1213799 0.1189987 -0.0717216 0 0 255
0.1210838 0.1206118 -0.0718069 0 0 255
0.1210974 0.1222944 -0.0716335 0 0 255
0.1208017 0.1239049 -0.0717188 0 0 255
0.1208152 0.1255865 -0.0715455 0 0 255
0.1205198 0.1271944 -0.0716309 0 0 255
0.1199164 0.1287259 -0.0719744 0 0 255
0.1199300 0.1304049 -0.0718013 0 0 255
0.1196356 0.1320075 -0.0718864 0 0 255
0.1190342 0.1335313 -0.0722290 0 0 255
0.1187407 0.1351296 -0.0723137 0 0 255
0.1190612 0.1368838 -0.0718835 0 0 255
0.1184611 0.1384006 -0.0722257 0 0 255
0.1187812 0.1401557 -0.0717957 0 0 255
0.1184881 0.1417496 -0.0718805 0 0 255
0.1181952 0.1433418 -0.0719653 0 0 255
0.1185151 0.1450986 -0.0715353 0 0 255
0.1185285 0.1467732 -0.0713628 0 0 255
0.1185421 0.1484478 -0.0711901 0 0 255
0.1185555 0.1501224 -0.0710176 0 0 255
0.1185691 0.1517970 -0.0708449 0 0 255
0.1179702 0.1532960 -0.0711880 0 0 255
0.1182896 0.1550575 -0.0707578 0 0 255
0.1183031 0.1567313 -0.0705853 0 0 255
0.1177084 0.1582253 -0.0709254 0 0 255
0.1174165 0.1598061 -0.0710105 0 0 255
0.1180412 0.1616615 -0.0703228 0 0 255
0.1174435 0.1631483 -0.0706660 0 0 255
0.1177624 0.1649134 -0.0702359 0 0 255
0.1165562 0.1662067 -0.0710933 0 0 255
0.1162655 0.1677798 -0.0711782 0 0 255
0.1159752 0.1693512 -0.0712629 0 0 255
0.1150792 0.1707273 -0.0718597 0 0 255
0.1147902 0.1722938 -0.0719439 0 0 255
0.1148036 0.1739569 -0.0717725 0 0 255
0.1136103 0.1752236 -0.0726219 0 0 255
0.1127221 0.1765843 -0.0732138 0 0 255
0.1127355 0.1782412 -0.0730430 0 0 255
0.1121493 0.1796958 -0.0733798 0 0 255
0.1118634 0.1812491 -0.0734628 0 0 255
0.1112792 0.1826981 -0.0737986 0 0 255
0.1109942 0.1842473 -0.0738811 0 0 255
0.1101146 0.1855869 -0.0744681 0 0 255
0.1101279 0.1872359 -0.0742982 0 0 255
0.1098441 0.1887793 -0.0743803 0 0 255
0.1095607 0.1903211 -0.0744623 0 0 255
0.1095740 0.1919683 -0.0742925 0 0 255
0.1092908 0.1935076 -0.0743745 0 0 255
0.1090080 0.1950453 -0.0744564 0 0 255
0.1090212 0.1966908 -0.0742868 0 0 255
0.1090345 0.1983363 -0.0741172 0 0 255
0.1087520 0.1998706 -0.0741992 0 0 255
0.1087652 0.2015153 -0.0740297 0 0 255
0.1081878 0.2029344 -0.0743629 0 0 255
0.1084962 0.2046910 -0.0739422 0 0 255
0.1079229 0.2061072 -0.0742724 0 0 255
0.1079361 0.2077494 -0.0741031 0 0 255
0.1073605 0.2091595 -0.0744357 0 0 255
0.1073738 0.2107999 -0.0742666 0 0 255
0.1070931 0.2123228 -0.0743482 0 0 255
0.1068127 0.2138441 -0.0744297 0 0 255
0.1077078 0.2158408 -0.0735081 0 0 255
0.1068391 0.2171216 -0.0740919 0 0 255
0.1080288 0.2192450 -0.0729182 0 0 255
0.1074531 0.2206430 -0.0732521 0 0 255
0.1036687 0.2206966 -0.0763284 0 0 255
0.1022352 0.2217170 -0.0773972 0 0 255
0.1022483 0.2233419 -0.0772297 0 0 255
0.1051626 0.2262052 -0.0745803 0 0 255
0.1186347 0.2352916 -0.0627336 0 0 255
0.1442900 0.2516279 -0.0402668 0 0 255
0.1493719 0.2556320 -0.0357424 0 0 255
0.1517813 0.2584700 -0.0335066 0 0 255
0.1528281 0.2607082 -0.0324382 0 0 255
0.1173400 -0.0626597 -0.0903606 0 0 255
0.1044729 -0.0597390 -0.1006062 0 0 255
0.1001303 -0.0576935 -0.1039618 0 0 255
0.0961437 -0.0557063 -0.1070318 0 0 255
0.0953066 -0.0540190 -0.1075539 0 0 255
0.0956026 -0.0524327 -0.1071586 0 0 255
0.0959120 -0.0492326 -0.1065967 0 0 255
0.0962088 -0.0476420 -0.1062005 0 0 255
0.0956546 -0.0459880 -0.1064943 0 0 255
0.0948191 -0.0443177 -0.1070167 0 0 255
0.0942679 -0.0426714 -0.1073089 0 0 255
0.0942808 -0.0410644 -0.1071432 0 0 255
0.0945757 -0.0394744 -0.1067485 0 0 255
0.0945886 -0.0378665 -0.1065828 0 0 255
0.0940380 -0.0362278 -0.1068752 0 0 255
0.0946146 -0.0346506 -0.1062513 0 0 255
0.0946276 -0.0330426 -0.1060855 0 0 255
0.0954883 -0.0314732 -0.1052299 0 0 255
0.0957844 -0.0298747 -0.1048334 0 0 255
0.0966488 -0.0282969 -0.1039739 0 0 255
0.0955272 -0.0266414 -0.1047319 0 0 255
0.0955402 -0.0250308 -0.1045659 0 0 255
0.0955532 -0.0234201 -0.1043998 0 0 255
0.0958495 -0.0218173 -0.1040027 0 0 255
0.0952963 -0.0201918 -0.1042985 0 0 255
0.0944622 -0.0185637 -0.1048238 0 0 255
0.0939119 -0.0169459 -0.1051179 0 0 255
0.0936437 -0.0153359 -0.1051821 0 0 255
0.0922552 -0.0137134 -0.1061615 0 0 255
0.0908740 -0.0120995 -0.1071359 0 0 255
0.0897768 -0.0104957 -0.1078789 0 0 255
0.0892362 -0.0089005 -0.1081672 0 0 255
0.0884212 -0.0073085 -0.1086804 0 0 255
0.0865157 -0.0057241 -0.1100866 0 0 255
0.0862550 -0.0041423 -0.1101472 0 0 255
0.0854493 -0.0025666 -0.1106544 0 0 255
0.0843746 -0.0009990 -0.1113824 0 0 255
0.0841162 0.0005740 -0.1114421 0 0 255
0.0835873 0.0021406 -0.1117236 0 0 255
0.0830596 0.0037041 -0.1120045 0 0 255
0.0822638 0.0052580 -0.1125058 0 0 255
0.0814704 0.0068072 -0.1130054 0 0 255
0.0812149 0.0083673 -0.1130639 0 0 255
0.0801576 0.0098999 -0.1137811 0 0 255
0.0799035 0.0114546 -0.1138390 0 0 255
0.0796496 0.0130077 -0.1138969 0 0 255
0.0785988 0.0145261 -0.1146101 0 0 255
0.0783462 0.0160737 -0.1146674 0 0 255
0.0778292 0.0176072 -0.1149425 0 0 255
0.0773133 0.0191376 -0.1152169 0 0 255
0.0770620 0.0206790 -0.1152738 0 0 255
0.0768110 0.0222188 -0.1153306 0 0 255
0.0765601 0.0237571 -0.1153874 0 0 255
0.0765727 0.0253102 -0.1152273 0 0 255
0.0763221 0.0268462 -0.1152841 0 0 255
0.0760752 0.0283808 -0.1153381 0 0 255
0.0760877 0.0299325 -0.1151781 0 0 255
0.0753134 0.0314256 -0.1156676 0 0 255
0.0758502 0.0330155 -0.1150750 0 0 255
0.0761252 0.0345876 -0.1146983 0 0 255
0.0756128 0.0360955 -0.1149720 0 0 255
0.0761502 0.0376911 -0.1143784 0 0 255
0.0761627 0.0392428 -0.1142184 0 0 255
0.0761752 0.0407946 -0.1140585 0 0 255
0.0764506 0.0423715 -0.1136810 0 0 255
0.0762002 0.0438983 -0.1137385 0 0 255
0.0762128 0.0454501 -0.1135786 0 0 255
0.0767512 0.0470569 -0.1129830 0 0 255
0.0765007 0.0485821 -0.1130408 0 0 255
0.0767763 0.0501639 -0.1126627 0 0 255
0.0773159 0.0517771 -0.1120655 0 0 255
0.0775925 0.0533630 -0.1116863 0 0 255
0.0776050 0.0549189 -0.1115259 0 0 255
0.0781463 0.0565395 -0.1109266 0 0 255
0.0778943 0.0580639 -0.1109858 0 0 255
0.0787013 0.0597227 -0.1101654 0 0 255
0.0789793 0.0613167 -0.1097842 0 0 255
0.0792667 0.0644727 -0.1092446 0 0 255
0.0798239 0.0676707 -0.1084801 0 0 255
0.0803697 0.0693112 -0.1078752 0 0 255
0.0814521 0.0710350 -0.1068234 0 0 255
0.0822699 0.0727249 -0.1059912 0 0 255
0.0828208 0.0743783 -0.1053810 0 0 255
0.0836428 0.0760778 -0.1045444 0 0 255
0.0847387 0.0778263 -0.1034791 0 0 255
0.0852947 0.0794926 -0.1028635 0 0 255
0.0855795 0.0811169 -0.1024737 0 0 255
0.0861371 0.0827893 -0.1018561 0 0 255
0.0861499 0.0843705 -0.1016930 0 0 255
0.0867088 0.0860480 -0.1010739 0 0 255
0.0869951 0.0876799 -0.1006823 0 0 255
0.0872816 0.0893136 -0.1002902 0 0 255
0.0872944 0.0908982 -0.1001269 0 0 255
0.0881302 0.0926377 -0.0992751 0 0 255
0.0889687 0.0943827 -0.0984208 0 0 255
0.0900865 0.0961869 -0.0973321 0 0 255
0.0979749 0.1009471 -0.0904188 0 0 255
0.1084509 0.1046899 -0.0814866 0 0 255
0.1175089 0.1098751 -0.0735753 0 0 255
0.1193653 0.1119412 -0.0718571 0 0 255
0.1196871 0.1136882 -0.0714253 0 0 255
0.1197007 0.1153697 -0.0712519 0 0 255
0.1200229 0.1171195 -0.0708195 0 0 255
0.1203455 0.1188713 -0.0703865 0 0 255
0.1203590 0.1205547 -0.0702130 0 0 255
0.1194465 0.1220251 -0.0708177 0 0 255
0.1191521 0.1236340 -0.0709034 0 0 255
0.1191655 0.1253137 -0.0707303 0 0 255
0.1191791 0.1269936 -0.0705571 0 0 255
0.1185775 0.1285245 -0.0709016 0 0 255
0.1179773 0.1300521 -0.0712453 0 0 255
0.1179908 0.1317283 -0.0710725 0 0 255
0.1173918 0.1332508 -0.0714157 0 0 255
0.1174053 0.1349252 -0.0712431 0 0 255
0.1168077 0.1364425 -0.0715857 0 0 255
0.1171266 0.1381946 -0.0711557 0 0 255
0.1165295 0.1397075 -0.0714982 0 0 255
0.1165430 0.1413793 -0.0713259 0 0 255
0.1168616 0.1431332 -0.0708960 0 0 255
0.1165699 0.1447229 -0.0709813 0 0 255
0.1168885 0.1464786 -0.0705512 0 0 255
0.1165969 0.1480666 -0.0706366 0 0 255
0.1169155 0.1498242 -0.0702063 0 0 255
0.1166239 0.1514103 -0.0702919 0 0 255
0.1166373 0.1530822 -0.0701195 0 0 255
0.1160451 0.1545785 -0.0704597 0 0 255
0.1160585 0.1562487 -0.0702876 0 0 255
0.1157678 0.1578288 -0.0703730 0 0 255
0.1157813 0.1594981 -0.0702009 0 0 255
0.1154909 0.1610756 -0.0702863 0 0 255
0.1155043 0.1627440 -0.0701143 0 0 255
0.1152142 0.1643190 -0.0701997 0 0 255
0.1146216 0.1657981 -0.0705419 0 0 255
0.1140302 0.1672740 -0.0708833 0 0 255
0.1131389 0.1686513 -0.0714797 0 0 255
0.1131523 0.1703125 -0.0713085 0 0 255
0.1122638 0.1716827 -0.0719031 0 0 255
0.1116776 0.1731459 -0.0722416 0 0 255
0.1107939 0.1745078 -0.0728332 0 0 255
0.1102109 0.1759640 -0.0731697 0 0 255
0.1099265 0.1775168 -0.0732526 0 0 255
0.1093453 0.1789675 -0.0735881 0 0 255
0.1087654 0.1804151 -0.0739229 0 0 255
0.1084825 0.1819613 -0.0740052 0 0 255
0.1084958 0.1836084 -0.0738354 0 0 255
0.1082132 0.1851521 -0.0739177 0 0 255
0.1076357 0.1865900 -0.0742514 0 0 255
0.1073541 0.1881297 -0.0743332 0 0 255
0.1073673 0.1897734 -0.0741638 0 0 255
0.1073806 0.1914171 -0.0739944 0 0 255
0.1070992 0.1929533 -0.0740764 0 0 255
0.1068181 0.1944880 -0.0741583 0 0 255
0.1068314 0.1961300 -0.0739890 0 0 255
0.1059671 0.1974442 -0.0745693 0 0 255
0.1059803 0.1990836 -0.0744003 0 0 255
0.1057006 0.2006118 -0.0744818 0 0 255
0.1057138 0.2022504 -0.0743129 0 0 255
0.1054342 0.2037761 -0.0743944 0 0 255
0.1051549 0.2053002 -0.0744759 0 0 255
0.1054605 0.2070516 -0.0740568 0 0 255
0.1048892 0.2084588 -0.0743885 0 0 255
0.1043189 0.2098629 -0.0747196 0 0 255
0.1043321 0.2114972 -0.0745511 0 0 255
0.1034724 0.2127794 -0.0751308 0 0 255
0.1037763 0.2145293 -0.0747133 0 0 255
0.1034988 0.2160430 -0.0747944 0 0 255
0.1038026 0.2177946 -0.0743768 0 0 255
0.1038157 0.2194273 -0.0742085 0 0 255
0.1012241 0.2199701 -0.0762765 0 0 255
0.1006617 0.2213525 -0.0766033 0 0 255
0.1003875 0.2228539 -0.0766827 0 0 255
0.1009755 0.2247219 -0.0760214 0 0 255
0.1024311 0.2269669 -0.0746138 0 0 255
0.1038946 0.2292239 -0.0731987 0 0 255
0.1044900 0.2311108 -0.0725295 0 0 255
0.1074337 0.2340329 -0.0698391 0 0 255
0.1182727 0.2421344 -0.0601893 0 0 255
0.1483302 0.2607969 -0.0337966 0 0 255
0.1165749 -0.0678513 -0.0893002 0 0 255
0.1181250 -0.0663368 -0.0878798 0 0 255
0.1156840 -0.0644020 -0.0896999 0 0 255
0.0917351 -0.0603306 -0.1089952 0 0 255
0.0886887 -0.0584312 -0.1113164 0 0 255
0.0873225 -0.0567082 -0.1122733 0 0 255
0.0914943 -0.0554973 -0.1087269 0 0 255
0.0909488 -0.0538463 -0.1090161 0 0 255
0.0912408 -0.0522699 -0.1086240 0 0 255
0.0915330 -0.0506917 -0.1082316 0 0 255
0.0904303 -0.0490018 -0.1089751 0 0 255
0.0901651 -0.0473821 -0.1090369 0 0 255
0.0901780 -0.0457844 -0.1088722 0 0 255
0.0896353 -0.0441477 -0.1091604 0 0 255
0.0893708 -0.0425331 -0.1092221 0 0 255
0.0891066 -0.0409201 -0.1092837 0 0 255
0.0893965 -0.0393424 -0.1088932 0 0 255
0.0907990 -0.0378276 -0.1075941 0 0 255
0.0899771 -0.0361822 -0.1081110 0 0 255
0.0911036 -0.0346429 -0.1070365 0 0 255
0.0916750 -0.0330698 -0.1064150 0 0 255
0.0922475 -0.0314934 -0.1057922 0 0 255
0.0917008 -0.0298656 -0.1060847 0 0 255
0.0925537 -0.0282969 -0.1052322 0 0 255
0.0922863 -0.0266819 -0.1052962 0 0 255
0.0922993 -0.0250780 -0.1051309 0 0 255
0.0925925 -0.0234827 -0.1047359 0 0 255
0.0931669 -0.0218936 -0.1041104 0 0 255
0.0920579 -0.0202592 -0.1048644 0 0 255
0.0920709 -0.0186561 -0.1046992 0 0 255
0.0915246 -0.0170425 -0.1049926 0 0 255
0.0912583 -0.0154366 -0.1050566 0 0 255
0.0901574 -0.0138216 -0.1058059 0 0 255
0.0882322 -0.0122053 -0.1072327 0 0 255
0.0871438 -0.0106063 -0.1079731 0 0 255
0.0866078 -0.0090160 -0.1082604 0 0 255
0.0852567 -0.0074283 -0.1092180 0 0 255
0.0844525 -0.0058476 -0.1097266 0 0 255
0.0839220 -0.0042704 -0.1100106 0 0 255
0.0831219 -0.0026986 -0.1105167 0 0 255
0.0828642 -0.0011256 -0.1105768 0 0 255
0.0817981 0.0004343 -0.1113027 0 0 255
0.0818108 0.0020064 -0.1111407 0 0 255
0.0810173 0.0035621 -0.1116430 0 0 255
0.0807617 0.0051256 -0.1117022 0 0 255
0.0799715 0.0066733 -0.1122026 0 0 255
0.0797170 0.0082320 -0.1122615 0 0 255
0.0786639 0.0097633 -0.1129795 0 0 255
0.0786765 0.0113258 -0.1128184 0 0 255
0.0776277 0.0128477 -0.1135338 0 0 255
0.0771111 0.0143853 -0.1138101 0 0 255
0.0765957 0.0159197 -0.1140859 0 0 255
0.0763447 0.0174635 -0.1141433 0 0 255
0.0755680 0.0189792 -0.1146356 0 0 255
0.0755805 0.0205323 -0.1144755 0 0 255
0.0755930 0.0220855 -0.1143154 0 0 255
0.0753430 0.0236230 -0.1143726 0 0 255
0.0753555 0.0251754 -0.1142126 0 0 255
0.0748469 0.0266938 -0.1144842 0 0 255
0.0743361 0.0282089 -0.1147580 0 0 255
0.0743486 0.0297582 -0.1145983 0 0 255
0.0738388 0.0312687 -0.1148717 0 0 255
0.0741122 0.0328367 -0.1144956 0 0 255
0.0743860 0.0344063 -0.1141192 0 0 255
0.0741372 0.0359339 -0.1141763 0 0 255
0.0746726 0.0375276 -0.1135825 0 0 255
0.0744235 0.0390545 -0.1136400 0 0 255
0.0746976 0.0406281 -0.1132629 0 0 255
0.0747100 0.0421783 -0.1131031 0 0 255
0.0747225 0.0437286 -0.1129433 0 0 255
0.0749968 0.0453054 -0.1125657 0 0 255
0.0750093 0.0468565 -0.1124058 0 0 255
0.0752839 0.0484358 -0.1120277 0 0 255
0.0752964 0.0499877 -0.1118677 0 0 255
0.0753089 0.0515397 -0.1117077 0 0 255
0.0758465 0.0531527 -0.1111102 0 0 255
0.0763852 0.0547691 -0.1105114 0 0 255
0.0766613 0.0563565 -0.1101313 0 0 255
0.0769376 0.0579456 -0.1097509 0 0 255
0.0769501 0.0595024 -0.1095904 0 0 255
0.0777556 0.0611633 -0.1087680 0 0 255
0.0780330 0.0627582 -0.1083861 0 0 255
0.0783108 0.0643546 -0.1080038 0 0 255
0.0785980 0.0675139 -0.1074629 0 0 255
0.0791423 0.0691534 -0.1068573 0 0 255
0.0799545 0.0708361 -0.1060273 0 0 255
0.0807693 0.0725241 -0.1051946 0 0 255
0.0810497 0.0741338 -0.1048088 0 0 255
0.0821369 0.0758730 -0.1037473 0 0 255
0.0832284 0.0776193 -0.1026815 0 0 255
0.0835116 0.0792392 -0.1022924 0 0 255
0.0840660 0.0809062 -0.1016759 0 0 255
0.0835370 0.0823918 -0.1019675 0 0 255
0.0838204 0.0840151 -0.1015779 0 0 255
0.0849189 0.0857838 -0.1005043 0 0 255
0.0852037 0.0874131 -0.1001129 0 0 255
0.0846725 0.0888951 -0.1004067 0 0 255
0.0849570 0.0905252 -0.1000155 0 0 255
0.0860601 0.0923112 -0.0989364 0 0 255
0.0863461 0.0939473 -0.0985434 0 0 255
0.0855399 0.0953727 -0.0990688 0 0 255
0.0860984 0.0970627 -0.0984466 0 0 255
0.0921904 0.0998646 -0.0931681 0 0 255
0.1056828 0.1058480 -0.0814990 0 0 255
0.1143624 0.1109708 -0.0738695 0 0 255
0.1162012 0.1130326 -0.0721589 0 0 255
0.1171319 0.1149071 -0.0712130 0 0 255
0.1180658 0.1167878 -0.0702639 0 0 255
0.1183867 0.1185365 -0.0698313 0 0 255
0.1187081 0.1202871 -0.0693983 0 0 255
0.1177992 0.1217563 -0.0700037 0 0 255
0.1178128 0.1234352 -0.0698307 0 0 255
0.1175195 0.1250416 -0.0699168 0 0 255
0.1175330 0.1267196 -0.0697439 0 0 255
0.1169339 0.1282491 -0.0700888 0 0 255
0.1169474 0.1299253 -0.0699160 0 0 255
0.1160445 0.1313740 -0.0705186 0 0 255
0.1163630 0.1331242 -0.0700879 0 0 255
0.1160714 0.1347210 -0.0701736 0 0 255
0.1154755 0.1362377 -0.0705172 0 0 255
0.1151848 0.1378303 -0.0706025 0 0 255
0.1151983 0.1395011 -0.0704302 0 0 255
0.1149079 0.1410911 -0.0705156 0 0 255
0.1146178 0.1426793 -0.0706009 0 0 255
0.1149347 0.1444310 -0.0701714 0 0 255
0.1143450 0.1459350 -0.0705111 0 0 255
0.1143719 0.1492715 -0.0701671 0 0 255
0.1146886 0.1510259 -0.0697376 0 0 255
0.1140958 0.1525210 -0.0700807 0 0 255
0.1141093 0.1541884 -0.0699088 0 0 255
0.1141227 0.1558558 -0.0697369 0 0 255
0.1135312 0.1573440 -0.0700796 0 0 255
0.1138470 0.1591002 -0.0696506 0 0 255
0.1129544 0.1604929 -0.0702500 0 0 255
0.1129678 0.1621568 -0.0700785 0 0 255
0.1126799 0.1637278 -0.0701636 0 0 255
0.1117912 0.1651101 -0.0707609 0 0 255
0.1121050 0.1668648 -0.0703337 0 0 255
0.1109188 0.1681456 -0.0711852 0 0 255
0.1106331 0.1697074 -0.0712695 0 0 255
0.1097512 0.1710749 -0.0718626 0 0 255
0.1094667 0.1726318 -0.0719463 0 0 255
0.1088854 0.1740894 -0.0722836 0 0 255
0.1077132 0.1753470 -0.0731258 0 0 255
0.1068407 0.1766981 -0.0737128 0 0 255
0.1068540 0.1783434 -0.0735432 0 0 255
0.1068672 0.1799887 -0.0733736 0 0 255
0.1062915 0.1814314 -0.0737077 0 0 255
0.1060107 0.1829730 -0.0737898 0 0 255
0.1060240 0.1846157 -0.0736205 0 0 255
0.1057435 0.1861548 -0.0737026 0 0 255
0.1048774 0.1874835 -0.0742864 0 0 255
0.1048906 0.1891229 -0.0741174 0 0 255
0.1043227 0.1905517 -0.0744464 0 0 255
0.1043360 0.1921893 -0.0742776 0 0 255
0.1040573 0.1937195 -0.0743591 0 0 255
0.1037788 0.1952480 -0.0744406 0 0 255
0.1035008 0.1967750 -0.0745219 0 0 255
0.1040968 0.1986298 -0.0738530 0 0 255
0.1035271 0.2000451 -0.0741847 0 0 255
0.1029587 0.2014574 -0.0745158 0 0 255
0.1026815 0.2029787 -0.0745970 0 0 255
0.1024045 0.2044983 -0.0746780 0 0 255
0.1021279 0.2060164 -0.0747590 0 0 255
0.1018516 0.2075329 -0.0748399 0 0 255
0.1012868 0.2089328 -0.0751692 0 0 255
0.1004352 0.2102143 -0.0757457 0 0 255
0.1004483 0.2118400 -0.0755781 0 0 255
0.0998864 0.2132317 -0.0759057 0 0 255
0.0996125 0.2147380 -0.0759857 0 0 255
0.0999126 0.2164797 -0.0755709 0 0 255
0.0993519 0.2178651 -0.0758982 0 0 255
0.0990785 0.2193674 -0.0759780 0 0 255
0.0982340 0.2206271 -0.0765508 0 0 255
0.0979618 0.2221248 -0.0766301 0 0 255
0.0985457 0.2239872 -0.0759705 0 0 255
0.0988445 0.2257302 -0.0755566 0 0 255
0.0977159 0.2268556 -0.0763759 0 0 255
0.0965921 0.2279762 -0.0771917 0 0 255
0.0980269 0.2302156 -0.0757961 0 0 255
0.0912861 0.2288425 -0.0814701 0 0 255
0.0938131 0.2315615 -0.0791304 0 0 255
0.0921472 0.2324135 -0.0804177 0 0 255
0.1009588 0.2396108 -0.0724795 0 0 255
0.1195350 -0.0701080 -0.0848773 0 0 255
0.1195486 -0.0684186 -0.0847032 0 0 255
0.1170907 -0.0664660 -0.0865452 0 0 255
0.0841194 -0.0613717 -0.1132888 0 0 255
0.0871446 -0.0600916 -0.1106665 0 0 255
0.0860580 -0.0583928 -0.1114002 0 0 255
0.0847029 -0.0566751 -0.1123539 0 0 255
0.0882872 -0.0554172 -0.1092719 0 0 255
0.0863708 -0.0536515 -0.1106845 0 0 255
0.0869334 -0.0521091 -0.1100711 0 0 255
0.0869462 -0.0505181 -0.1099071 0 0 255
0.0864093 -0.0488834 -0.1101930 0 0 255
0.0866969 -0.0473150 -0.1098042 0 0 255
0.0858862 -0.0456643 -0.1103146 0 0 255
0.0858989 -0.0440765 -0.1101509 0 0 255
0.0861860 -0.0425071 -0.1097625 0 0 255
0.0864733 -0.0409361 -0.1093737 0 0 255
0.0867609 -0.0393634 -0.1089844 0 0 255
0.0867737 -0.0377730 -0.1088205 0 0 255
0.0873370 -0.0362130 -0.1082048 0 0 255
0.0879015 -0.0346498 -0.1075877 0 0 255
0.0884671 -0.0330832 -0.1069694 0 0 255
0.0884799 -0.0314878 -0.1068049 0 0 255
0.0887696 -0.0299043 -0.1064129 0 0 255
0.0890597 -0.0283191 -0.1060205 0 0 255
0.0893500 -0.0267322 -0.1056277 0 0 255
0.0899186 -0.0251532 -0.1050057 0 0 255
0.0904884 -0.0235708 -0.1043824 0 0 255
0.0905014 -0.0219694 -0.1042173 0 0 255
0.0899572 -0.0203540 -0.1045109 0 0 255
0.0891368 -0.0187358 -0.1050326 0 0 255
0.0885956 -0.0171279 -0.1053246 0 0 255
0.0877794 -0.0155190 -0.1058436 0 0 255
0.0866908 -0.0139114 -0.1065877 0 0 255
0.0850602 -0.0123051 -0.1077798 0 0 255
0.0839863 -0.0107125 -0.1085132 0 0 255
0.0834557 -0.0091286 -0.1087988 0 0 255
0.0823851 -0.0075474 -0.1095306 0 0 255
0.0826682 -0.0059701 -0.1091446 0 0 255
0.0821403 -0.0043951 -0.1094288 0 0 255
0.0813442 -0.0028255 -0.1099350 0 0 255
0.0808191 -0.0012578 -0.1102176 0 0 255
0.0800271 0.0003029 -0.1107213 0 0 255
0.0795046 0.0018634 -0.1110024 0 0 255
0.0789833 0.0034208 -0.1112828 0 0 255
0.0789959 0.0049872 -0.1111213 0 0 255
0.0782096 0.0065329 -0.1116218 0 0 255
0.0776909 0.0080815 -0.1119009 0 0 255
0.0774382 0.0096355 -0.1119597 0 0 255
0.0763925 0.0111601 -0.1126765 0 0 255
0.0764050 0.0127186 -0.1125159 0 0 255
0.0756266 0.0142447 -0.1130117 0 0 255
0.0751132 0.0157777 -0.1132879 0 0 255
0.0748632 0.0173200 -0.1133457 0 0 255
0.0743513 0.0188476 -0.1136212 0 0 255
0.0743638 0.0203999 -0.1134612 0 0 255
0.0735949 0.0219084 -0.1139508 0 0 255
0.0736074 0.0234584 -0.1137910 0 0 255
0.0733589 0.0249922 -0.1138484 0 0 255
0.0731105 0.0265245 -0.1139057 0 0 255
0.0733838 0.0280908 -0.1135290 0 0 255
0.0731355 0.0296215 -0.1135865 0 0 255
0.0726272 0.0311314 -0.1138607 0 0 255
0.0728999 0.0326986 -0.1134843 0 0 255
0.0726521 0.0342255 -0.1135417 0 0 255
0.0729249 0.0357942 -0.1131652 0 0 255
0.0726770 0.0373196 -0.1132228 0 0 255
0.0732103 0.0389132 -0.1126286 0 0 255
0.0729622 0.0404378 -0.1126865 0 0 255
0.0732352 0.0420106 -0.1123093 0 0 255
0.0732477 0.0435593 -0.1121497 0 0 255
0.0735210 0.0451344 -0.1117719 0 0 255
0.0735335 0.0466840 -0.1116122 0 0 255
0.0740685 0.0482896 -0.1110155 0 0 255
0.0740809 0.0498408 -0.1108556 0 0 255
0.0740935 0.0513919 -0.1106957 0 0 255
0.0743676 0.0529736 -0.1103167 0 0 255
0.0746421 0.0545568 -0.1099373 0 0 255
0.0749167 0.0561417 -0.1095576 0 0 255
0.0749293 0.0576954 -0.1093973 0 0 255
0.0754671 0.0593164 -0.1087968 0 0 255
0.0765333 0.0610101 -0.1077527 0 0 255
0.0760185 0.0624977 -0.1080346 0 0 255
0.0765584 0.0641270 -0.1074314 0 0 255
0.0768350 0.0657226 -0.1070490 0 0 255
0.0773767 0.0673577 -0.1064439 0 0 255
0.0781942 0.0705979 -0.1054561 0 0 255
0.0795384 0.0723642 -0.1041754 0 0 255
0.0798181 0.0739731 -0.1037892 0 0 255
0.0806339 0.0756685 -0.1029519 0 0 255
0.0817212 0.0774126 -0.1018855 0 0 255
0.0825428 0.0791196 -0.1010422 0 0 255
0.0825555 0.0806959 -0.1008798 0 0 255
0.0822983 0.0822262 -0.1009447 0 0 255
0.0820413 0.0837550 -0.1010095 0 0 255
0.0828639 0.0854726 -0.1001644 0 0 255
0.0828766 0.0870499 -0.1000018 0 0 255
0.0823491 0.0885285 -0.1002949 0 0 255
0.0826317 0.0901542 -0.0999047 0 0 255
0.0837271 0.0919348 -0.0988281 0 0 255
0.0842829 0.0936185 -0.0982067 0 0 255
0.0840240 0.0951471 -0.0982732 0 0 255
0.0837653 0.0966741 -0.0983396 0 0 255
0.0845931 0.0984173 -0.0974877 0 0 255
0.0906614 0.1012319 -0.0922037 0 0 255
0.1026413 0.1069376 -0.0817578 0 0 255
0.1115403 0.1121230 -0.0739069 0 0 255
0.1145773 0.1144470 -0.0711742 0 0 255
0.1155043 0.1163218 -0.0702277 0 0 255
0.1167406 0.1182715 -0.0690184 0 0 255
0.1170607 0.1200201 -0.0685854 0 0 255
0.1161555 0.1214881 -0.0691915 0 0 255
0.1161690 0.1231652 -0.0690187 0 0 255
0.1158770 0.1247700 -0.0691051 0 0 255
0.1158906 0.1264462 -0.0689323 0 0 255
0.1159040 0.1281224 -0.0687595 0 0 255
0.1156123 0.1297237 -0.0688460 0 0 255
0.1150163 0.1312475 -0.0691914 0 0 255
0.1147255 0.1328444 -0.0692776 0 0 255
0.1147389 0.1345171 -0.0691052 0 0 255
0.1138415 0.1359551 -0.0697078 0 0 255
0.1132494 0.1374672 -0.0700511 0 0 255
0.1135654 0.1392151 -0.0696214 0 0 255
0.1129774 0.1407238 -0.0699616 0 0 255
0.1129909 0.1423911 -0.0697897 0 0 255
0.1133066 0.1441408 -0.0693602 0 0 255
0.1130177 0.1457257 -0.0694460 0 0 255
0.1127292 0.1473089 -0.0695316 0 0 255
0.1127426 0.1489753 -0.0693598 0 0 255
0.1124543 0.1505559 -0.0694456 0 0 255
0.1121663 0.1521348 -0.0695312 0 0 255
0.1121797 0.1537995 -0.0693596 0 0 255
0.1124945 0.1555527 -0.0689305 0 0 255
0.1116047 0.1569505 -0.0695307 0 0 255
0.1113177 0.1585235 -0.0696161 0 0 255
0.1110309 0.1600947 -0.0697014 0 0 255
0.1110443 0.1617559 -0.0695302 0 0 255
0.1107579 0.1633246 -0.0696155 0 0 255
0.1101726 0.1647984 -0.0699568 0 0 255
0.1101860 0.1664569 -0.0697858 0 0 255
0.1090059 0.1677365 -0.0706371 0 0 255
0.1087217 0.1692961 -0.0707215 0 0 255
0.1078442 0.1706620 -0.0713145 0 0 255
0.1066744 0.1719270 -0.0721589 0 0 255
0.1063926 0.1734777 -0.0722421 0 0 255
0.1055226 0.1748310 -0.0728302 0 0 255
0.1049487 0.1762784 -0.0731647 0 0 255
0.1046689 0.1778219 -0.0732470 0 0 255
0.1040967 0.1792638 -0.0735806 0 0 255
0.1041099 0.1809039 -0.0734115 0 0 255
0.1035390 0.1823410 -0.0737444 0 0 255
0.1035522 0.1839793 -0.0735756 0 0 255
0.1026950 0.1853099 -0.0741553 0 0 255
0.1027082 0.1869457 -0.0739867 0 0 255
0.1024306 0.1884770 -0.0740682 0 0 255
0.1024438 0.1901120 -0.0738997 0 0 255
0.1021666 0.1916408 -0.0739813 0 0 255
0.1015999 0.1930612 -0.0743124 0 0 255
0.1013235 0.1945861 -0.0743936 0 0 255
0.1013367 0.1962177 -0.0742254 0 0 255
0.1010606 0.1977400 -0.0743066 0 0 255
0.1010737 0.1993708 -0.0741385 0 0 255
0.1007980 0.2008907 -0.0742197 0 0 255
0.1008111 0.2025206 -0.0740517 0 0 255
0.0999594 0.2038136 -0.0746305 0 0 255
0.0996848 0.2053280 -0.0747113 0 0 255
0.0988367 0.2066139 -0.0752878 0 0 255
0.0988497 0.2082378 -0.0751204 0 0 255
0.0982901 0.2096319 -0.0754482 0 0 255
0.0980173 0.2111385 -0.0755283 0 0 255
0.0974595 0.2125272 -0.0758551 0 0 255
0.0969029 0.2139131 -0.0761812 0 0 255
0.0972006 0.2156488 -0.0757680 0 0 255
0.0969289 0.2171492 -0.0758477 0 0 255
0.0966576 0.2186479 -0.0759273 0 0 255
0.0963865 0.2201452 -0.0760068 0 0 255
0.0949834 0.2211589 -0.0770680 0 0 255
0.0947140 0.2226501 -0.0771467 0 0 255
0.0927625 0.2234138 -0.0786851 0 0 255
0.0919364 0.2246547 -0.0792478 0 0 255
0.0930686 0.2267473 -0.0781107 0 0 255
0.0900146 0.2270026 -0.0806088 0 0 255
0.0869954 0.2272551 -0.0830784 0 0 255
0.0864605 0.2285987 -0.0833906 0 0 255
0.0864733 0.2301851 -0.0832270 0 0 255
0.0862127 0.2316478 -0.0833013 0 0 255
0.0859523 0.2331091 -0.0833754 0 0 255
0.0854197 0.2344438 -0.0836866 0 0 255
0.1184689 -0.0736166 -0.0838851 0 0 255
0.1191027 -0.0719992 -0.0832031 0 0 255
0.1206726 -0.0704836 -0.0817541 0 0 255
0.1188197 -0.0685825 -0.0831086 0 0 255
0.1172872 -0.0667268 -0.0842017 0 0 255
0.0867035 -0.0618628 -0.1091161 0 0 255
0.0872679 -0.0603250 -0.1084994 0 0 255
0.0831718 -0.0583279 -0.1117065 0 0 255
0.0823704 -0.0566680 -0.1122116 0 0 255
0.0842868 -0.0552625 -0.1104855 0 0 255
0.0837542 -0.0536280 -0.1107700 0 0 255
0.0837670 -0.0520436 -0.1106066 0 0 255
0.0840523 -0.0504817 -0.1102192 0 0 255
0.0835202 -0.0488530 -0.1105038 0 0 255
0.0827178 -0.0472068 -0.1110110 0 0 255
0.0830020 -0.0456456 -0.1106247 0 0 255
0.0830147 -0.0440635 -0.1104616 0 0 255
0.0832992 -0.0424998 -0.1100747 0 0 255
0.0833119 -0.0409169 -0.1099115 0 0 255
0.0841416 -0.0393842 -0.1090752 0 0 255
0.0847004 -0.0378308 -0.1084616 0 0 255
0.0849866 -0.0362589 -0.1080725 0 0 255
0.0852731 -0.0346853 -0.1076830 0 0 255
0.0858343 -0.0331237 -0.1070667 0 0 255
0.0866718 -0.0315716 -0.1062219 0 0 255
0.0866845 -0.0299786 -0.1060577 0 0 255
0.0869728 -0.0283967 -0.1056659 0 0 255
0.0869857 -0.0268029 -0.1055016 0 0 255
0.0878268 -0.0252375 -0.1046526 0 0 255
0.0878396 -0.0236411 -0.1044880 0 0 255
0.0881291 -0.0220526 -0.1040946 0 0 255
0.0873128 -0.0204343 -0.1046161 0 0 255
0.0870498 -0.0188333 -0.1046800 0 0 255
0.0856878 -0.0172128 -0.1056542 0 0 255
0.0851527 -0.0156140 -0.1059441 0 0 255
0.0840731 -0.0140112 -0.1066857 0 0 255
0.0824589 -0.0124096 -0.1078710 0 0 255
0.0816602 -0.0108236 -0.1083809 0 0 255
0.0816730 -0.0092460 -0.1082183 0 0 255
0.0806077 -0.0076670 -0.1089502 0 0 255
0.0806204 -0.0060926 -0.1087878 0 0 255
0.0800957 -0.0045207 -0.1090717 0 0 255
0.0793044 -0.0029542 -0.1095774 0 0 255
0.0790496 -0.0013867 -0.1096378 0 0 255
0.0785281 0.0001756 -0.1099200 0 0 255
0.0777417 0.0017301 -0.1104228 0 0 255
0.0772229 0.0032852 -0.1107034 0 0 255
0.0767052 0.0048372 -0.1109835 0 0 255
0.0764531 0.0063928 -0.1110428 0 0 255
0.0759369 0.0079392 -0.1113220 0 0 255
0.0754219 0.0094825 -0.1116008 0 0 255
0.0749079 0.0110227 -0.1118788 0 0 255
0.0743949 0.0125597 -0.1121564 0 0 255
0.0738830 0.0140937 -0.1124334 0 0 255
0.0736336 0.0156360 -0.1124916 0 0 255
0.0733846 0.0171768 -0.1125498 0 0 255
0.0720965 0.0186641 -0.1134755 0 0 255
0.0723692 0.0202263 -0.1130985 0 0 255
0.0721213 0.0217610 -0.1131562 0 0 255
0.0718738 0.0232941 -0.1132139 0 0 255
0.0721463 0.0248579 -0.1128369 0 0 255
0.0716389 0.0263726 -0.1131120 0 0 255
0.0719112 0.0279373 -0.1127352 0 0 255
0.0716639 0.0294665 -0.1127930 0 0 255
0.0711576 0.0309751 -0.1130677 0 0 255
0.0714293 0.0325405 -0.1126913 0 0 255
0.0711824 0.0340660 -0.1127491 0 0 255
0.0714542 0.0356331 -0.1123725 0 0 255
0.0714666 0.0371794 -0.1122131 0 0 255
0.0714790 0.0387257 -0.1120537 0 0 255
0.0717510 0.0402960 -0.1116765 0 0 255
0.0717635 0.0418431 -0.1115170 0 0 255
0.0720357 0.0434158 -0.1111394 0 0 255
0.0723082 0.0449901 -0.1107615 0 0 255
0.0723208 0.0465389 -0.1106018 0 0 255
0.0723332 0.0480877 -0.1104421 0 0 255
0.0723457 0.0496365 -0.1102824 0 0 255
0.0726185 0.0512148 -0.1099038 0 0 255
0.0728917 0.0527948 -0.1095247 0 0 255
0.0729042 0.0543452 -0.1093649 0 0 255
0.0734388 0.0559596 -0.1087656 0 0 255
0.0734512 0.0575116 -0.1086056 0 0 255
0.0742490 0.0591645 -0.1077841 0 0 255
0.0747863 0.0607880 -0.1071816 0 0 255
0.0747988 0.0623440 -0.1070212 0 0 255
0.0753372 0.0639724 -0.1064173 0 0 255
0.0758768 0.0656041 -0.1058122 0 0 255
0.0764174 0.0672391 -0.1052058 0 0 255
0.0772334 0.0704792 -0.1042162 0 0 255
0.0777768 0.0721235 -0.1036066 0 0 255
0.0788544 0.0738540 -0.1025454 0 0 255
0.0799364 0.0755917 -0.1014799 0 0 255
0.0804855 0.0772498 -0.1008643 0 0 255
0.0807667 0.0788671 -0.1004750 0 0 255
0.0805108 0.0803960 -0.1005400 0 0 255
0.0810609 0.0820607 -0.0999229 0 0 255
0.0805361 0.0835422 -0.1002156 0 0 255
0.0808173 0.0851628 -0.0998259 0 0 255
0.0805614 0.0866885 -0.0998912 0 0 255
0.0805741 0.0882617 -0.0997291 0 0 255
0.0808553 0.0898848 -0.0993391 0 0 255
0.0819454 0.0916620 -0.0982630 0 0 255
0.0819581 0.0932393 -0.0981004 0 0 255
0.0825111 0.0949219 -0.0974792 0 0 255
0.0827945 0.0965543 -0.0970866 0 0 255
0.0830781 0.0981885 -0.0966937 0 0 255
0.0814695 0.0994390 -0.0979082 0 0 255
0.0801387 0.1007371 -0.0988876 0 0 255
0.0812256 0.1025341 -0.0978122 0 0 255
0.0999241 0.1097119 -0.0816010 0 0 255
0.1126543 0.1157913 -0.0704492 0 0 255
0.1144886 0.1178702 -0.0687264 0 0 255
0.1151116 0.1196842 -0.0680344 0 0 255
0.1145155 0.1212206 -0.0683810 0 0 255
0.1139207 0.1227536 -0.0687269 0 0 255
0.1145425 0.1245710 -0.0680356 0 0 255
0.1142516 0.1261733 -0.0681225 0 0 255
0.1136574 0.1277002 -0.0684685 0 0 255
0.1136709 0.1293728 -0.0682960 0 0 255
0.1127752 0.1308192 -0.0688999 0 0 255
0.1130913 0.1325652 -0.0684692 0 0 255
0.1128020 0.1341589 -0.0685557 0 0 255
0.1116115 0.1355184 -0.0694127 0 0 255
0.1119362 0.1389297 -0.0688144 0 0 255
0.1110498 0.1403568 -0.0694124 0 0 255
0.1110632 0.1420214 -0.0692408 0 0 255
0.1110766 0.1436860 -0.0690692 0 0 255
0.1107895 0.1452677 -0.0691549 0 0 255
0.1111034 0.1470152 -0.0687260 0 0 255
0.1108163 0.1485951 -0.0688119 0 0 255
0.1105295 0.1501734 -0.0688977 0 0 255
0.1105430 0.1518363 -0.0687263 0 0 255
0.1099569 0.1533248 -0.0690691 0 0 255
0.1102698 0.1550740 -0.0686408 0 0 255
0.1102832 0.1567360 -0.0684694 0 0 255
0.1093989 0.1581288 -0.0690691 0 0 255
0.1094123 0.1597882 -0.0688981 0 0 255
0.1094256 0.1614476 -0.0687270 0 0 255
0.1088421 0.1629226 -0.0690690 0 0 255
0.1082599 0.1643945 -0.0694104 0 0 255
0.1079759 0.1659568 -0.0694954 0 0 255
0.1073956 0.1674230 -0.0698357 0 0 255
0.1062254 0.1686963 -0.0706842 0 0 255
0.1056488 0.1701549 -0.0710221 0 0 255
0.1044861 0.1714184 -0.0718653 0 0 255
0.1036206 0.1727728 -0.0724529 0 0 255
0.1030496 0.1742201 -0.0727873 0 0 255
0.1030629 0.1758602 -0.0726182 0 0 255
0.1024930 0.1773026 -0.0729521 0 0 255
0.1019245 0.1787419 -0.0732852 0 0 255
0.1019376 0.1803785 -0.0731165 0 0 255
0.1007944 0.1816127 -0.0739463 0 0 255
0.1008075 0.1832459 -0.0737780 0 0 255
0.1005315 0.1847767 -0.0738595 0 0 255
0.1005446 0.1864090 -0.0736912 0 0 255
0.1002688 0.1879373 -0.0737728 0 0 255
0.0994170 0.1892548 -0.0743527 0 0 255
0.0991424 0.1907784 -0.0744337 0 0 255
0.0991555 0.1924065 -0.0742658 0 0 255
0.0991687 0.1940346 -0.0740980 0 0 255
0.0988944 0.1955549 -0.0741791 0 0 255
0.0983335 0.1969652 -0.0745086 0 0 255
0.0977739 0.1983725 -0.0748374 0 0 255
0.0980732 0.2001063 -0.0744218 0 0 255
0.0975141 0.2015096 -0.0747506 0 0 255
0.0972416 0.2030212 -0.0748310 0 0 255
0.0975401 0.2047556 -0.0744159 0 0 255
0.0966973 0.2060397 -0.0749917 0 0 255
0.0961412 0.2074330 -0.0753189 0 0 255
0.0958701 0.2089376 -0.0753989 0 0 255
0.0953157 0.2103258 -0.0757251 0 0 255
0.0953287 0.2119421 -0.0755585 0 0 255
0.0950584 0.2134420 -0.0756382 0 0 255
0.0947884 0.2149403 -0.0757178 0 0 255
0.0942364 0.2163193 -0.0760430 0 0 255
0.0942494 0.2179323 -0.0758767 0 0 255
0.0936986 0.2193067 -0.0762014 0 0 255
0.0925872 0.2204390 -0.0770146 0 0 255
0.0909261 0.2213286 -0.0783075 0 0 255
0.0887185 0.2219721 -0.0800776 0 0 255
0.0881791 0.2233281 -0.0803946 0 0 255
0.0890208 0.2252858 -0.0795073 0 0 255
0.0873786 0.2261529 -0.0807867 0 0 255
0.0857466 0.2270147 -0.0820581 0 0 255
0.0857594 0.2286019 -0.0818945 0 0 255
0.0852261 0.2299434 -0.0822077 0 0 255
0.0849663 0.2314055 -0.0822824 0 0 255
0.0847067 0.2328662 -0.0823570 0 0 255
0.0839042 0.2340759 -0.0829064 0 0 255
0.1146212 -0.0784588 -0.0853412 0 0 255
0.1146347 -0.0767778 -0.0851679 0 0 255
0.1189665 -0.0756257 -0.0814444 0 0 255
0.1183590 -0.0738574 -0.0817805 0 0 255
0.1171348 -0.0720211 -0.0826244 0 0 255
0.1153017 -0.0701233 -0.0839702 0 0 255
0.1165450 -0.0685761 -0.0827842 0 0 255
0.0854361 -0.0635491 -0.1082423 0 0 255
0.0797430 -0.0613614 -0.1127791 0 0 255
0.0797556 -0.0597861 -0.1126167 0 0 255
0.0805759 -0.0582901 -0.1117884 0 0 255
0.0816693 -0.0568151 -0.1107344 0 0 255
0.0808710 -0.0551592 -0.1112405 0 0 255
0.0803445 -0.0535325 -0.1115228 0 0 255
0.0798190 -0.0519090 -0.1118046 0 0 255
0.0795630 -0.0503112 -0.1118640 0 0 255
0.0795757 -0.0487365 -0.1117017 0 0 255
0.0798570 -0.0471826 -0.1113173 0 0 255
0.0798697 -0.0456070 -0.1111549 0 0 255
0.0798823 -0.0440315 -0.1109924 0 0 255
0.0798950 -0.0424559 -0.1108300 0 0 255
0.0804460 -0.0409153 -0.1102220 0 0 255
0.0804586 -0.0393380 -0.1100594 0 0 255
0.0810108 -0.0377926 -0.1094500 0 0 255
0.0815640 -0.0362439 -0.1088394 0 0 255
0.0829329 -0.0347350 -0.1075523 0 0 255
0.0832178 -0.0331639 -0.1071633 0 0 255
0.0835029 -0.0315911 -0.1067739 0 0 255
0.0835157 -0.0300047 -0.1066104 0 0 255
0.0838012 -0.0284295 -0.1062205 0 0 255
0.0840869 -0.0268525 -0.1058302 0 0 255
0.0843729 -0.0252739 -0.1054395 0 0 255
0.0846593 -0.0236937 -0.1050484 0 0 255
0.0854945 -0.0221275 -0.1042009 0 0 255
0.0841380 -0.0205001 -0.1051753 0 0 255
0.0838777 -0.0189057 -0.1052386 0 0 255
0.0825297 -0.0172917 -0.1062073 0 0 255
0.0822711 -0.0157039 -0.1062698 0 0 255
0.0809347 -0.0141031 -0.1072299 0 0 255
0.0801392 -0.0125162 -0.1077403 0 0 255
0.0798831 -0.0109382 -0.1078019 0 0 255
0.0793589 -0.0093606 -0.1080869 0 0 255
0.0788358 -0.0077862 -0.1083714 0 0 255
0.0785810 -0.0062146 -0.1084324 0 0 255
0.0780594 -0.0046459 -0.1087161 0 0 255
0.0778054 -0.0030783 -0.1087769 0 0 255
0.0772855 -0.0015151 -0.1090597 0 0 255
0.0765014 0.0000413 -0.1095637 0 0 255
0.0759841 0.0015973 -0.1098450 0 0 255
0.0754679 0.0031501 -0.1101258 0 0 255
0.0752165 0.0047058 -0.1101855 0 0 255
0.0747019 0.0062532 -0.1104655 0 0 255
0.0741884 0.0077974 -0.1107449 0 0 255
0.0739382 0.0093468 -0.1108041 0 0 255
0.0731644 0.0108764 -0.1113020 0 0 255
0.0731769 0.0124311 -0.1111417 0 0 255
0.0724054 0.0139537 -0.1116383 0 0 255
0.0718965 0.0154832 -0.1119153 0 0 255
0.0711322 0.0169975 -0.1124067 0 0 255
0.0706259 0.0185201 -0.1126822 0 0 255
0.0711570 0.0200944 -0.1120875 0 0 255
0.0709100 0.0216283 -0.1121456 0 0 255
0.0704042 0.0231455 -0.1124212 0 0 255
0.0706756 0.0247077 -0.1120442 0 0 255
0.0701703 0.0262210 -0.1123197 0 0 255
0.0704415 0.0277840 -0.1119429 0 0 255
0.0701952 0.0293118 -0.1120011 0 0 255
0.0699491 0.0308381 -0.1120592 0 0 255
0.0702201 0.0324028 -0.1116824 0 0 255
0.0697158 0.0339069 -0.1119580 0 0 255
0.0697282 0.0354508 -0.1117988 0 0 255
0.0702574 0.0370393 -0.1112044 0 0 255
0.0700113 0.0385618 -0.1112629 0 0 255
0.0705411 0.0401543 -0.1106675 0 0 255
0.0700361 0.0416514 -0.1109444 0 0 255
0.0703071 0.0432216 -0.1105669 0 0 255
0.0708374 0.0448197 -0.1099707 0 0 255
0.0708499 0.0463669 -0.1098112 0 0 255
0.0708623 0.0479142 -0.1096517 0 0 255
0.0708748 0.0494614 -0.1094921 0 0 255
0.0708872 0.0510087 -0.1093326 0 0 255
0.0716786 0.0526466 -0.1085148 0 0 255
0.0716910 0.0541963 -0.1083550 0 0 255
0.0722241 0.0558097 -0.1077549 0 0 255
0.0727583 0.0574263 -0.1071536 0 0 255
0.0725098 0.0589457 -0.1072144 0 0 255
0.0730445 0.0605665 -0.1066122 0 0 255
0.0735804 0.0621905 -0.1060088 0 0 255
0.0738550 0.0637818 -0.1056265 0 0 255
0.0743924 0.0654117 -0.1050211 0 0 255
0.0751945 0.0670827 -0.1041912 0 0 255
0.0760081 0.0703209 -0.1032006 0 0 255
0.0762852 0.0719238 -0.1028150 0 0 255
0.0778907 0.0737350 -0.1013016 0 0 255
0.0779033 0.0753032 -0.1011398 0 0 255
0.0789834 0.0770439 -0.1000714 0 0 255
0.0792636 0.0786594 -0.0996820 0 0 255
0.0790086 0.0801868 -0.0997474 0 0 255
0.0792888 0.0818040 -0.0993578 0 0 255
0.0790339 0.0833299 -0.0994233 0 0 255
0.0793141 0.0849487 -0.0990336 0 0 255
0.0787919 0.0864250 -0.0993268 0 0 255
0.0790718 0.0880446 -0.0989373 0 0 255
0.0788171 0.0895665 -0.0990030 0 0 255
0.0796326 0.0912889 -0.0981569 0 0 255
0.0799134 0.0929136 -0.0977661 0 0 255
0.0793900 0.0943833 -0.0980609 0 0 255
0.0796706 0.0960087 -0.0976702 0 0 255
0.0802199 0.0976898 -0.0970502 0 0 255
0.0796959 0.0991554 -0.0973458 0 0 255
0.0791730 0.1006180 -0.0976409 0 0 255
0.0791856 0.1021898 -0.0974789 0 0 255
0.0791982 0.1037616 -0.0973168 0 0 255
0.0824412 0.1060307 -0.0943938 0 0 255
0.0895924 0.1091748 -0.0881270 0 0 255
0.1101497 0.1186612 -0.0700693 0 0 255
0.1134861 0.1210938 -0.0670525 0 0 255
0.1125894 0.1225561 -0.0676593 0 0 255
0.1132093 0.1243723 -0.0669672 0 0 255
0.1129194 0.1259739 -0.0670547 0 0 255
0.1126297 0.1275737 -0.0671420 0 0 255
0.1123403 0.1291718 -0.0672293 0 0 255
0.1120513 0.1307682 -0.0673165 0 0 255
0.1117626 0.1323628 -0.0674035 0 0 255
0.1111727 0.1338788 -0.0677493 0 0 255
0.1105841 0.1353916 -0.0680943 0 0 255
0.1097005 0.1368237 -0.0686932 0 0 255
0.1100137 0.1385665 -0.0682640 0 0 255
0.1094277 0.1400710 -0.0686077 0 0 255
0.1097406 0.1418146 -0.0681786 0 0 255
0.1094544 0.1433965 -0.0682648 0 0 255
0.1094678 0.1450593 -0.0680934 0 0 255
0.1091819 0.1466386 -0.0681795 0 0 255
0.1088963 0.1482162 -0.0682656 0 0 255
0.1089097 0.1498773 -0.0680944 0 0 255
0.1086244 0.1514523 -0.0681805 0 0 255
0.1083394 0.1530256 -0.0682665 0 0 255
0.1080548 0.1545973 -0.0683523 0 0 255
0.1083662 0.1563443 -0.0679243 0 0 255
0.1080815 0.1579142 -0.0680103 0 0 255
0.1069060 0.1592122 -0.0688655 0 0 255
0.1069193 0.1608671 -0.0686949 0 0 255
0.1066362 0.1624304 -0.0687803 0 0 255
0.1060576 0.1638996 -0.0691212 0 0 255
0.1051853 0.1652727 -0.0697162 0 0 255
0.1040224 0.1665480 -0.0705631 0 0 255
0.1037424 0.1680998 -0.0706470 0 0 255
0.1025857 0.1693656 -0.0714897 0 0 255
0.1023071 0.1709119 -0.0715729 0 0 255
0.1011566 0.1721684 -0.0724112 0 0 255
0.1008796 0.1737090 -0.0724937 0 0 255
0.1008927 0.1753455 -0.0723250 0 0 255
0.0997518 0.1765904 -0.0731565 0 0 255
0.0994763 0.1781247 -0.0732384 0 0 255
0.0992010 0.1796574 -0.0733202 0 0 255
0.0989261 0.1811884 -0.0734018 0 0 255
0.0983641 0.1826168 -0.0737329 0 0 255
0.0980900 0.1841439 -0.0738142 0 0 255
0.0978163 0.1856693 -0.0738955 0 0 255
0.0975428 0.1871932 -0.0739766 0 0 255
0.0972697 0.1887155 -0.0740577 0 0 255
0.0972827 0.1903409 -0.0738901 0 0 255
0.0970099 0.1918608 -0.0739711 0 0 255
0.0967373 0.1933790 -0.0740521 0 0 255
0.0964649 0.1948956 -0.0741330 0 0 255
0.0961930 0.1964107 -0.0742138 0 0 255
0.0959213 0.1979242 -0.0742945 0 0 255
0.0956498 0.1994361 -0.0743752 0 0 255
0.0950948 0.2008364 -0.0747030 0 0 255
0.0953917 0.2025659 -0.0742887 0 0 255
0.0945539 0.2038508 -0.0748635 0 0 255
0.0942840 0.2053556 -0.0749435 0 0 255
0.0940143 0.2068589 -0.0750235 0 0 255
0.0940273 0.2084744 -0.0748570 0 0 255
0.0937579 0.2099752 -0.0749370 0 0 255
0.0929254 0.2112444 -0.0755089 0 0 255
0.0929384 0.2128565 -0.0753427 0 0 255
0.0923890 0.2142354 -0.0756678 0 0 255
0.0918410 0.2156116 -0.0759922 0 0 255
0.0912941 0.2169848 -0.0763160 0 0 255
0.0896378 0.2178848 -0.0776104 0 0 255
0.0888183 0.2191317 -0.0781736 0 0 255
0.0874496 0.2201377 -0.0792181 0 0 255
0.0860880 0.2211385 -0.0802571 0 0 255
0.0858268 0.2226104 -0.0803330 0 0 255
0.0863879 0.2244414 -0.0796886 0 0 255
0.0853051 0.2255497 -0.0804847 0 0 255
0.0844991 0.2267744 -0.0810388 0 0 255
0.0845119 0.2283609 -0.0808753 0 0 255
0.0842522 0.2298246 -0.0809507 0 0 255
0.0839929 0.2312868 -0.0810260 0 0 255
0.0834623 0.2326235 -0.0813396 0 0 255
0.0829328 0.2339574 -0.0816526 0 0 255
0.0829456 0.2355390 -0.0814896 0 0 255
0.1129638 -0.0801885 -0.0846840 0 0 255
0.1102476 -0.0781573 -0.0867642 0 0 255
0.1126862 -0.0767919 -0.0845893 0 0 255
0.1176147 -0.0757178 -0.0803562 0 0 255
0.1179384 -0.0740618 -0.0799254 0 0 255
0.1148664 -0.0720071 -0.0823014 0 0 255
0.1136551 -0.0701830 -0.0831406 0 0 255
0.1152005 -0.0686716 -0.0817000 0 0 255
0.0776908 -0.0629424 -0.1125776 0 0 255
0.0777034 -0.0613703 -0.1124155 0 0 255
0.0777160 -0.0597982 -0.1122534 0 0 255
0.0771983 -0.0581737 -0.1125307 0 0 255
0.0766781 -0.0565522 -0.1128103 0 0 255
0.0766907 -0.0549832 -0.1126485 0 0 255
0.0772361 -0.0534620 -0.1120449 0 0 255
0.0777826 -0.0519376 -0.1114401 0 0 255
0.0775282 -0.0503430 -0.1114996 0 0 255
0.0778078 -0.0487930 -0.1111159 0 0 255
0.0775535 -0.0472001 -0.1111756 0 0 255
0.0778331 -0.0456484 -0.1107917 0 0 255
0.0783808 -0.0441143 -0.1101850 0 0 255
0.0783935 -0.0425403 -0.1100227 0 0 255
0.0786741 -0.0409838 -0.1096376 0 0 255
0.0786867 -0.0394090 -0.1094752 0 0 255
0.0786994 -0.0378342 -0.1093128 0 0 255
0.0795269 -0.0347271 -0.1083200 0 0 255
0.0800781 -0.0331768 -0.1077088 0 0 255
0.0806303 -0.0316232 -0.1070963 0 0 255
0.0809132 -0.0300545 -0.1067081 0 0 255
0.0814672 -0.0284952 -0.1060936 0 0 255
0.0806685 -0.0268812 -0.1066073 0 0 255
0.0817637 -0.0253384 -0.1055410 0 0 255
0.0812346 -0.0237371 -0.1058300 0 0 255
0.0817893 -0.0221704 -0.1052143 0 0 255
0.0815309 -0.0205793 -0.1052775 0 0 255
0.0799263 -0.0189591 -0.1064658 0 0 255
0.0796698 -0.0173753 -0.1065281 0 0 255
0.0791450 -0.0157887 -0.1068149 0 0 255
0.0788894 -0.0142090 -0.1068769 0 0 255
0.0786340 -0.0126310 -0.1069389 0 0 255
0.0781113 -0.0110525 -0.1072246 0 0 255
0.0775898 -0.0094771 -0.1075099 0 0 255
0.0773357 -0.0079055 -0.1075713 0 0 255
0.0768157 -0.0063358 -0.1078557 0 0 255
0.0768284 -0.0047670 -0.1076939 0 0 255
0.0760441 -0.0032041 -0.1082004 0 0 255
0.0760567 -0.0016377 -0.1080390 0 0 255
0.0750105 -0.0000854 -0.1087660 0 0 255
0.0742319 0.0014648 -0.1092690 0 0 255
0.0739812 0.0030206 -0.1093291 0 0 255
0.0732057 0.0045629 -0.1098303 0 0 255
0.0732182 0.0061207 -0.1096697 0 0 255
0.0724451 0.0076560 -0.1101695 0 0 255
0.0721962 0.0092031 -0.1102290 0 0 255
0.0719476 0.0107487 -0.1102883 0 0 255
0.0709183 0.0122634 -0.1110048 0 0 255
0.0706710 0.0138035 -0.1110636 0 0 255
0.0701679 0.0153309 -0.1113380 0 0 255
0.0696626 0.0168552 -0.1116145 0 0 255
0.0696750 0.0184020 -0.1114550 0 0 255
0.0696874 0.0199489 -0.1112955 0 0 255
0.0691832 0.0214670 -0.1115718 0 0 255
0.0694539 0.0230276 -0.1111945 0 0 255
0.0694663 0.0245737 -0.1110351 0 0 255
0.0687047 0.0260697 -0.1115291 0 0 255
0.0687171 0.0276136 -0.1113699 0 0 255
0.0684720 0.0291392 -0.1114283 0 0 255
0.0684844 0.0306823 -0.1112692 0 0 255
0.0684968 0.0322255 -0.1111101 0 0 255
0.0682520 0.0337481 -0.1111685 0 0 255
0.0685216 0.0353118 -0.1107919 0 0 255
0.0682768 0.0368329 -0.1108505 0 0 255
0.0688040 0.0384212 -0.1102556 0 0 255
0.0688164 0.0399652 -0.1100964 0 0 255
0.0690866 0.0415338 -0.1097189 0 0 255
0.0693571 0.0431040 -0.1093409 0 0 255
0.0691114 0.0446235 -0.1094003 0 0 255
0.0691239 0.0461684 -0.1092410 0 0 255
0.0693944 0.0477410 -0.1088628 0 0 255
0.0696652 0.0493152 -0.1084842 0 0 255
0.0701951 0.0509203 -0.1078855 0 0 255
0.0702075 0.0524684 -0.1077259 0 0 255
0.0707386 0.0540784 -0.1071258 0 0 255
0.0704916 0.0555964 -0.1071864 0 0 255
0.0715435 0.0572756 -0.1061432 0 0 255
0.0715559 0.0588277 -0.1059833 0 0 255
0.0720896 0.0604483 -0.1053798 0 0 255
0.0723632 0.0620372 -0.1049975 0 0 255
0.0728986 0.0636636 -0.1043921 0 0 255
0.0729111 0.0652197 -0.1042317 0 0 255
0.0737100 0.0668887 -0.1034015 0 0 255
0.0747749 0.0686015 -0.1023442 0 0 255
0.0753244 0.0718051 -0.1015750 0 0 255
0.0758659 0.0734508 -0.1009627 0 0 255
0.0766739 0.0751419 -0.1001227 0 0 255
0.0769522 0.0767523 -0.0997343 0 0 255
0.0774969 0.0784082 -0.0991182 0 0 255
0.0769774 0.0798889 -0.0994109 0 0 255
0.0769901 0.0814572 -0.0992492 0 0 255
0.0770026 0.0830255 -0.0990875 0 0 255
0.0770153 0.0845938 -0.0989258 0 0 255
0.0764967 0.0860667 -0.0992184 0 0 255
0.0762473 0.0875856 -0.0992809 0 0 255
0.0762600 0.0891516 -0.0991194 0 0 255
0.0768033 0.0908178 -0.0985036 0 0 255
0.0765504 0.0923345 -0.0985694 0 0 255
0.0765629 0.0939014 -0.0984078 0 0 255
0.0768411 0.0955208 -0.0980187 0 0 255
0.0773854 0.0971954 -0.0974012 0 0 255
0.0768663 0.0986563 -0.0976954 0 0 255
0.0774106 0.1003341 -0.0970776 0 0 255
0.0774233 0.1019035 -0.0969158 0 0 255
0.0771698 0.1034162 -0.0969823 0 0 255
0.0769166 0.1049274 -0.0970489 0 0 255
0.0777274 0.1066701 -0.0962016 0 0 255
0.0842252 0.1112676 -0.0903140 0 0 255
0.1088537 0.1217954 -0.0686630 0 0 255
0.1118777 0.1241738 -0.0659001 0 0 255
0.1118911 0.1258473 -0.0657275 0 0 255
0.1116020 0.1274472 -0.0658156 0 0 255
0.1104085 0.1288226 -0.0666831 0 0 255
0.1107231 0.1305667 -0.0662513 0 0 255
0.1101344 0.1320846 -0.0665984 0 0 255
0.1092505 0.1335236 -0.0672003 0 0 255
0.1083660 0.1349571 -0.0678034 0 0 255
0.1080807 0.1365418 -0.0678897 0 0 255
0.1080940 0.1382036 -0.0677183 0 0 255
0.1081074 0.1398655 -0.0675470 0 0 255
0.1078224 0.1414467 -0.0676335 0 0 255
0.1078358 0.1431077 -0.0674621 0 0 255
0.1081476 0.1448512 -0.0670329 0 0 255
0.1069693 0.1461801 -0.0678921 0 0 255
0.1072800 0.1479225 -0.0674638 0 0 255
0.1066988 0.1494120 -0.0678073 0 0 255
0.1058227 0.1508129 -0.0684063 0 0 255
0.1055402 0.1523815 -0.0684919 0 0 255
0.1058494 0.1541226 -0.0680651 0 0 255
0.1055668 0.1556895 -0.0681508 0 0 255
0.1046945 0.1570773 -0.0687480 0 0 255
0.1047078 0.1587287 -0.0685778 0 0 255
0.1038382 0.1601093 -0.0691733 0 0 255
0.1032645 0.1615763 -0.0695126 0 0 255
0.1023996 0.1629487 -0.0701051 0 0 255
0.1021208 0.1645009 -0.0701892 0 0 255
0.1009687 0.1657730 -0.0710319 0 0 255
0.1004012 0.1672261 -0.0713674 0 0 255
0.0998347 0.1686762 -0.0717022 0 0 255
0.0992697 0.1701232 -0.0720363 0 0 255
0.0978459 0.1712827 -0.0731176 0 0 255
0.0975718 0.1728173 -0.0731993 0 0 255
0.0970114 0.1742538 -0.0735304 0 0 255
0.0967383 0.1757844 -0.0736118 0 0 255
0.0967513 0.1774114 -0.0734440 0 0 255
0.0961928 0.1788408 -0.0737743 0 0 255
0.0959205 0.1803666 -0.0738554 0 0 255
0.0959336 0.1819911 -0.0736879 0 0 255
0.0953767 0.1834134 -0.0740174 0 0 255
0.0948212 0.1848327 -0.0743462 0 0 255
0.0948342 0.1864538 -0.0741791 0 0 255
0.0942797 0.1878685 -0.0745073 0 0 255
0.0942927 0.1894879 -0.0743404 0 0 255
0.0937394 0.1908979 -0.0746681 0 0 255
0.0937524 0.1925157 -0.0745013 0 0 255
0.0934827 0.1940272 -0.0745816 0 0 255
0.0932133 0.1955371 -0.0746619 0 0 255
0.0932263 0.1971533 -0.0744952 0 0 255
0.0923938 0.1984439 -0.0750685 0 0 255
0.0924067 0.2000575 -0.0749021 0 0 255
0.0924196 0.2016711 -0.0747358 0 0 255
0.0918704 0.2030632 -0.0750618 0 0 255
0.0918834 0.2046752 -0.0748956 0 0 255
0.0916156 0.2061749 -0.0749754 0 0 255
0.0913482 0.2076730 -0.0750552 0 0 255
0.0910810 0.2091696 -0.0751348 0 0 255
0.0905346 0.2105503 -0.0754596 0 0 255
0.0902682 0.2120431 -0.0755389 0 0 255
0.0888927 0.2130737 -0.0765922 0 0 255
0.0886280 0.2145605 -0.0766706 0 0 255
0.0875338 0.2156962 -0.0774781 0 0 255
0.0861691 0.2167106 -0.0785238 0 0 255
0.0850851 0.2178366 -0.0793236 0 0 255
0.0845511 0.2191926 -0.0796404 0 0 255
0.0837459 0.2204279 -0.0801960 0 0 255
0.0837587 0.2220151 -0.0800323 0 0 255
0.0837714 0.2236023 -0.0798687 0 0 255
0.0835121 0.2250691 -0.0799447 0 0 255
0.0827101 0.2262928 -0.0804987 0 0 255
0.0821811 0.2276340 -0.0808127 0 0 255
0.0827355 0.2294608 -0.0801721 0 0 255
0.0816659 0.2305531 -0.0809631 0 0 255
0.0803319 0.2315179 -0.0819879 0 0 255
0.0811517 0.2334662 -0.0811132 0 0 255
0.0811644 0.2350454 -0.0809503 0 0 255
0.0806386 0.2363734 -0.0812629 0 0 255
0.0809205 0.2380774 -0.0808626 0 0 255
0.1094946 -0.0816683 -0.0855331 0 0 255
0.1113234 -0.0802371 -0.0838555 0 0 255
0.1083178 -0.0781689 -0.0861867 0 0 255
0.1110470 -0.0768441 -0.0837613 0 0 255
0.1128860 -0.0753930 -0.0820733 0 0 255
0.1125944 -0.0736743 -0.0821532 0 0 255
0.1107843 -0.0717793 -0.0834945 0 0 255
0.0756377 -0.0660861 -0.1125359 0 0 255
0.0759161 -0.0645468 -0.1121533 0 0 255
0.0754101 -0.0613516 -0.1122714 0 0 255
0.0751576 -0.0597564 -0.1123303 0 0 255
0.0751701 -0.0581890 -0.1121687 0 0 255
0.0754479 -0.0566472 -0.1117863 0 0 255
0.0754605 -0.0550790 -0.1116246 0 0 255
0.0749431 -0.0534631 -0.1119046 0 0 255
0.0752205 -0.0519195 -0.1115223 0 0 255
0.0749682 -0.0503299 -0.1115815 0 0 255
0.0749808 -0.0487633 -0.1114200 0 0 255
0.0752583 -0.0472172 -0.1110374 0 0 255
0.0752709 -0.0456497 -0.1108758 0 0 255
0.0755487 -0.0441013 -0.1104927 0 0 255
0.0755613 -0.0425329 -0.1103310 0 0 255
0.0758395 -0.0409820 -0.1099474 0 0 255
0.0758522 -0.0394128 -0.1097855 0 0 255
0.0766630 -0.0378912 -0.1089563 0 0 255
0.0772091 -0.0363498 -0.1083480 0 0 255
0.0772218 -0.0347765 -0.1081857 0 0 255
0.0780368 -0.0332437 -0.1073518 0 0 255
0.0780495 -0.0316680 -0.1071894 0 0 255
0.0785986 -0.0301160 -0.1065776 0 0 255
0.0786112 -0.0285386 -0.1064150 0 0 255
0.0788925 -0.0269715 -0.1060272 0 0 255
0.0786365 -0.0253837 -0.1060897 0 0 255
0.0786492 -0.0238062 -0.1059271 0 0 255
0.0783936 -0.0222209 -0.1059895 0 0 255
0.0784062 -0.0206441 -0.1058270 0 0 255
0.0778830 -0.0190550 -0.1061144 0 0 255
0.0776281 -0.0174745 -0.1061767 0 0 255
0.0773735 -0.0158956 -0.1062390 0 0 255
0.0768524 -0.0143145 -0.1065253 0 0 255
0.0765986 -0.0127396 -0.1065873 0 0 255
0.0760791 -0.0111642 -0.1068728 0 0 255
0.0755606 -0.0095920 -0.1071579 0 0 255
0.0755733 -0.0080240 -0.1069962 0 0 255
0.0755859 -0.0064561 -0.1068345 0 0 255
0.0748039 -0.0048913 -0.1073421 0 0 255
0.0742881 -0.0033295 -0.1076258 0 0 255
0.0737734 -0.0017708 -0.1079090 0 0 255
0.0732598 -0.0002153 -0.1081916 0 0 255
0.0727472 0.0013370 -0.1084736 0 0 255
0.0727597 0.0028963 -0.1083128 0 0 255
0.0722481 0.0044439 -0.1085944 0 0 255
0.0714764 0.0059818 -0.1090959 0 0 255
0.0709674 0.0075224 -0.1093760 0 0 255
0.0704595 0.0090599 -0.1096555 0 0 255
0.0704719 0.0106122 -0.1094955 0 0 255
0.0697058 0.0121353 -0.1099938 0 0 255
0.0689452 0.0136539 -0.1104878 0 0 255
0.0686993 0.0151903 -0.1105468 0 0 255
0.0681960 0.0167131 -0.1108238 0 0 255
0.0682085 0.0182584 -0.1106644 0 0 255
0.0679633 0.0197902 -0.1107232 0 0 255
0.0677185 0.0213205 -0.1107819 0 0 255
0.0677309 0.0228643 -0.1106227 0 0 255
0.0677433 0.0244081 -0.1104635 0 0 255
0.0677557 0.0259520 -0.1103044 0 0 255
0.0675111 0.0274785 -0.1103632 0 0 255
0.0675235 0.0290216 -0.1102041 0 0 255
0.0672791 0.0305457 -0.1102630 0 0 255
0.0670350 0.0320684 -0.1103218 0 0 255
0.0670474 0.0336100 -0.1101629 0 0 255
0.0673163 0.0351730 -0.1097859 0 0 255
0.0673287 0.0367154 -0.1096268 0 0 255
0.0673411 0.0382579 -0.1094678 0 0 255
0.0673535 0.0398003 -0.1093087 0 0 255
0.0676227 0.0413673 -0.1089312 0 0 255
0.0676351 0.0429106 -0.1087720 0 0 255
0.0679045 0.0444799 -0.1083940 0 0 255
0.0676599 0.0459972 -0.1084538 0 0 255
0.0679294 0.0475681 -0.1080756 0 0 255
0.0684568 0.0491691 -0.1074773 0 0 255
0.0687271 0.0507440 -0.1070980 0 0 255
0.0687395 0.0522906 -0.1069385 0 0 255
0.0690101 0.0538679 -0.1065587 0 0 255
0.0692809 0.0554469 -0.1061786 0 0 255
0.0698110 0.0570600 -0.1055769 0 0 255
0.0703422 0.0586764 -0.1049739 0 0 255
0.0706144 0.0602619 -0.1045920 0 0 255
0.0711472 0.0618840 -0.1039872 0 0 255
0.0716811 0.0635094 -0.1033811 0 0 255
0.0719548 0.0651015 -0.1029973 0 0 255
0.0727522 0.0667703 -0.1021652 0 0 255
0.0735521 0.0684443 -0.1013305 0 0 255
0.0738276 0.0700447 -0.1009443 0 0 255
0.0746401 0.0732908 -0.0999475 0 0 255
0.0751811 0.0749389 -0.0993333 0 0 255
0.0757233 0.0765904 -0.0987177 0 0 255
0.0760010 0.0782016 -0.0983286 0 0 255
0.0760136 0.0797698 -0.0981669 0 0 255
0.0749703 0.0811578 -0.0989116 0 0 255
0.0752473 0.0827689 -0.0985232 0 0 255
0.0749955 0.0842881 -0.0985888 0 0 255
0.0750080 0.0858533 -0.0984274 0 0 255
0.0750206 0.0874185 -0.0982660 0 0 255
0.0747690 0.0889345 -0.0983318 0 0 255
0.0747816 0.0904990 -0.0981705 0 0 255
0.0747942 0.0920634 -0.0980092 0 0 255
0.0745428 0.0935764 -0.0980750 0 0 255
0.0745554 0.0951401 -0.0979138 0 0 255
0.0748319 0.0967569 -0.0975252 0 0 255
0.0743169 0.0982138 -0.0978185 0 0 255
0.0743294 0.0997767 -0.0976573 0 0 255
0.0740786 0.1012843 -0.0977232 0 0 255
0.0740911 0.1028465 -0.0975622 0 0 255
0.0730527 0.1041815 -0.0983078 0 0 255
0.0722798 0.1055684 -0.0988249 0 0 255
0.0728157 0.1072414 -0.0982125 0 0 255
0.0720435 0.1086229 -0.0987295 0 0 255
0.0723174 0.1102385 -0.0983433 0 0 255
0.0978714 0.1209663 -0.0757958 0 0 255
0.1066684 0.1247123 -0.0680287 0 0 255
0.1069795 0.1264455 -0.0675998 0 0 255
0.1069928 0.1281073 -0.0674285 0 0 255
0.1067085 0.1296947 -0.0675150 0 0 255
0.1067218 0.1313556 -0.0673437 0 0 255
0.1073311 0.1331687 -0.0666561 0 0 255
0.1058571 0.1344469 -0.0677739 0 0 255
0.1064644 0.1362605 -0.0670879 0 0 255
0.1064777 0.1379205 -0.0669167 0 0 255
0.1064911 0.1395806 -0.0667455 0 0 255
0.1062073 0.1411602 -0.0668323 0 0 255
0.1065177 0.1429008 -0.0664032 0 0 255
0.1059371 0.1443966 -0.0667480 0 0 255
0.1050618 0.1458063 -0.0673491 0 0 255
0.1050750 0.1474620 -0.0671784 0 0 255
0.1042026 0.1488645 -0.0677778 0 0 255
0.1036269 0.1503475 -0.0681196 0 0 255
0.1027591 0.1517416 -0.0687158 0 0 255
0.1030657 0.1534768 -0.0682906 0 0 255
0.1030789 0.1551263 -0.0681205 0 0 255
0.1025057 0.1565994 -0.0684611 0 0 255
0.1013498 0.1578918 -0.0693098 0 0 255
0.1013629 0.1595361 -0.0691403 0 0 255
0.1005026 0.1609096 -0.0697323 0 0 255
0.0996448 0.1622787 -0.0703225 0 0 255
0.0982128 0.1634611 -0.0714142 0 0 255
0.0979378 0.1650039 -0.0714971 0 0 255
0.0968049 0.1662686 -0.0723290 0 0 255
0.0962451 0.1677127 -0.0726612 0 0 255
0.0956865 0.1691539 -0.0729927 0 0 255
0.0959853 0.1708754 -0.0725753 0 0 255
0.0951421 0.1722172 -0.0731559 0 0 255
0.0945858 0.1736505 -0.0734861 0 0 255
0.0948834 0.1753709 -0.0730698 0 0 255
0.0940438 0.1767027 -0.0736484 0 0 255
0.0937732 0.1782264 -0.0737294 0 0 255
0.0935029 0.1797485 -0.0738103 0 0 255
0.0932329 0.1812690 -0.0738911 0 0 255
0.0929632 0.1827879 -0.0739719 0 0 255
0.0921298 0.1841032 -0.0745468 0 0 255
0.0918611 0.1856174 -0.0746271 0 0 255
0.0921557 0.1873352 -0.0742136 0 0 255
0.0916058 0.1887445 -0.0745408 0 0 255
0.0913377 0.1902547 -0.0746209 0 0 255
0.0907897 0.1916588 -0.0749471 0 0 255
0.0910830 0.1933762 -0.0745347 0 0 255
0.0905353 0.1947762 -0.0748608 0 0 255
0.0899889 0.1961733 -0.0751863 0 0 255
0.0900019 0.1977827 -0.0750203 0 0 255
0.0897356 0.1992835 -0.0750999 0 0 255
0.0894694 0.2007829 -0.0751795 0 0 255
0.0894824 0.2023906 -0.0750137 0 0 255
0.0894953 0.2039984 -0.0748480 0 0 255
0.0892295 0.2054945 -0.0749276 0 0 255
0.0889640 0.2069891 -0.0750071 0 0 255
0.0889769 0.2085952 -0.0748415 0 0 255
0.0884339 0.2099736 -0.0751659 0 0 255
0.0876183 0.2112362 -0.0757309 0 0 255
0.0868019 0.2124936 -0.0762970 0 0 255
0.0857131 0.2136318 -0.0771040 0 0 255
0.0851769 0.2149964 -0.0774240 0 0 255
0.0835492 0.2158942 -0.0787078 0 0 255
0.0835620 0.2174838 -0.0785440 0 0 255
0.0824867 0.2186047 -0.0793412 0 0 255
0.0822281 0.2200733 -0.0794174 0 0 255
0.0816991 0.2214222 -0.0797329 0 0 255
0.0814413 0.2228872 -0.0798088 0 0 255
0.0814540 0.2244703 -0.0796455 0 0 255
0.0809266 0.2258126 -0.0799603 0 0 255
0.0806696 0.2272731 -0.0800359 0 0 255
0.0801439 0.2286105 -0.0803497 0 0 255
0.0782805 0.2293361 -0.0818485 0 0 255
0.0790955 0.2312770 -0.0809754 0 0 255
0.0791081 0.2328530 -0.0808129 0 0 255
0.0783184 0.2340566 -0.0813618 0 0 255
0.0775310 0.2352565 -0.0819091 0 0 255
0.0775437 0.2368277 -0.0817471 0 0 255
0.0780894 0.2386509 -0.0811120 0 0 255
0.0762443 0.2393394 -0.0825990 0 0 255
0.0736212 0.2396439 -0.0847781 0 0 255
0.0741587 0.2414562 -0.0841509 0 0 255
0.1075516 -0.0833433 -0.0851293 0 0 255
0.1072651 -0.0816335 -0.0852069 0 0 255
0.1096867 -0.0802856 -0.0830287 0 0 255
0.1066932 -0.0782194 -0.0853619 0 0 255
0.1100161 -0.0769730 -0.0824310 0 0 255
0.1106356 -0.0753717 -0.0817527 0 0 255
0.1097405 -0.0735836 -0.0823376 0 0 255
0.0767862 -0.0680258 -0.1096785 0 0 255
0.0762649 -0.0663893 -0.1099618 0 0 255
0.0752130 -0.0646967 -0.1106887 0 0 255
0.0736401 -0.0629540 -0.1118513 0 0 255
0.0733888 -0.0613604 -0.1119104 0 0 255
0.0731378 -0.0597685 -0.1119694 0 0 255
0.0744711 -0.0583357 -0.1107036 0 0 255
0.0736904 -0.0566911 -0.1112055 0 0 255
0.0731755 -0.0550760 -0.1114855 0 0 255
0.0734516 -0.0535357 -0.1111036 0 0 255
0.0734643 -0.0519707 -0.1109421 0 0 255
0.0732132 -0.0503834 -0.1110016 0 0 255
0.0732257 -0.0488192 -0.1108403 0 0 255
0.0729750 -0.0472343 -0.1108998 0 0 255
0.0735145 -0.0457104 -0.1102966 0 0 255
0.0737911 -0.0441643 -0.1099138 0 0 255
0.0735397 -0.0425802 -0.1099738 0 0 255
0.0738162 -0.0410325 -0.1095908 0 0 255
0.0740930 -0.0394831 -0.1092074 0 0 255
0.0748999 -0.0379639 -0.1083786 0 0 255
0.0751778 -0.0364098 -0.1079938 0 0 255
0.0757219 -0.0348684 -0.1073851 0 0 255
0.0760006 -0.0333102 -0.1069992 0 0 255
0.0762797 -0.0317504 -0.1066129 0 0 255
0.0765591 -0.0301890 -0.1062262 0 0 255
0.0763050 -0.0286037 -0.1062884 0 0 255
0.0771186 -0.0270613 -0.1054516 0 0 255
0.0773988 -0.0254950 -0.1050637 0 0 255
0.0771440 -0.0239096 -0.1051266 0 0 255
0.0768893 -0.0223258 -0.1051895 0 0 255
0.0766349 -0.0207436 -0.1052522 0 0 255
0.0769145 -0.0191756 -0.1048646 0 0 255
0.0761269 -0.0175841 -0.1053776 0 0 255
0.0756074 -0.0160021 -0.1056647 0 0 255
0.0753543 -0.0144272 -0.1057271 0 0 255
0.0751015 -0.0128538 -0.1057894 0 0 255
0.0748490 -0.0112821 -0.1058516 0 0 255
0.0745967 -0.0097119 -0.1059138 0 0 255
0.0740803 -0.0081428 -0.1061994 0 0 255
0.0735650 -0.0065769 -0.1064845 0 0 255
0.0733141 -0.0050131 -0.1065462 0 0 255
0.0730634 -0.0034509 -0.1066078 0 0 255
0.0722876 -0.0018955 -0.1071141 0 0 255
0.0717760 -0.0003414 -0.1073972 0 0 255
0.0715269 0.0012137 -0.1074582 0 0 255
0.0707559 0.0027572 -0.1079617 0 0 255
0.0702474 0.0043019 -0.1082430 0 0 255
0.0697399 0.0058434 -0.1085238 0 0 255
0.0697524 0.0073964 -0.1083637 0 0 255
0.0689869 0.0089252 -0.1088640 0 0 255
0.0687405 0.0104670 -0.1089239 0 0 255
0.0677236 0.0119785 -0.1096385 0 0 255
0.0677360 0.0135254 -0.1094790 0 0 255
0.0672337 0.0150499 -0.1097571 0 0 255
0.0669891 0.0165833 -0.1098164 0 0 255
0.0667447 0.0181151 -0.1098755 0 0 255
0.0662444 0.0196320 -0.1101526 0 0 255
0.0662568 0.0211742 -0.1099936 0 0 255
0.0665254 0.0227315 -0.1096164 0 0 255
0.0660255 0.0242430 -0.1098936 0 0 255
0.0665502 0.0258177 -0.1092981 0 0 255
0.0660502 0.0273261 -0.1095757 0 0 255
0.0658069 0.0288496 -0.1096348 0 0 255
0.0658193 0.0303904 -0.1094760 0 0 255
0.0658317 0.0319313 -0.1093171 0 0 255
0.0655885 0.0334517 -0.1093763 0 0 255
0.0656009 0.0349918 -0.1092175 0 0 255
0.0658687 0.0365539 -0.1088404 0 0 255
0.0658811 0.0380949 -0.1086815 0 0 255
0.0661493 0.0396593 -0.1083040 0 0 255
0.0661616 0.0412011 -0.1081451 0 0 255
0.0664302 0.0427679 -0.1077670 0 0 255
0.0664425 0.0443105 -0.1076080 0 0 255
0.0664549 0.0458531 -0.1074489 0 0 255
0.0669803 0.0474506 -0.1068506 0 0 255
0.0669926 0.0489948 -0.1066914 0 0 255
0.0670051 0.0505390 -0.1065322 0 0 255
0.0672743 0.0521131 -0.1061528 0 0 255
0.0672868 0.0536581 -0.1059934 0 0 255
0.0678138 0.0552661 -0.1053927 0 0 255
0.0683419 0.0568774 -0.1047908 0 0 255
0.0691298 0.0585252 -0.1039656 0 0 255
0.0694013 0.0601098 -0.1035833 0 0 255
0.0696730 0.0616960 -0.1032007 0 0 255
0.0702048 0.0633197 -0.1025944 0 0 255
0.0709984 0.0649832 -0.1017629 0 0 255
0.0715329 0.0666144 -0.1011536 0 0 255
0.0718068 0.0682105 -0.1007681 0 0 255
0.0726053 0.0698867 -0.0999313 0 0 255
0.0731431 0.0715280 -0.0993183 0 0 255
0.0739549 0.0747781 -0.0983185 0 0 255
0.0739675 0.0763432 -0.0981571 0 0 255
0.0742439 0.0779518 -0.0977684 0 0 255
0.0739959 0.0794739 -0.0978315 0 0 255
0.0734815 0.0809490 -0.0981246 0 0 255
0.0734940 0.0825125 -0.0979634 0 0 255
0.0735065 0.0840761 -0.0978022 0 0 255
0.0732560 0.0855923 -0.0978681 0 0 255
0.0727431 0.0870589 -0.0981607 0 0 255
0.0724934 0.0885714 -0.0982262 0 0 255
0.0725060 0.0901318 -0.0980653 0 0 255
0.0725185 0.0916923 -0.0979044 0 0 255
0.0722688 0.0932016 -0.0979702 0 0 255
0.0722814 0.0947614 -0.0978093 0 0 255
0.0720321 0.0962684 -0.0978751 0 0 255
0.0720446 0.0978274 -0.0977143 0 0 255
0.0717956 0.0993321 -0.0977800 0 0 255
0.0715468 0.1008354 -0.0978457 0 0 255
0.0720822 0.1025044 -0.0972320 0 0 255
0.0705292 0.1037247 -0.0984282 0 0 255
0.0705417 0.1052790 -0.0982679 0 0 255
0.0708145 0.1068913 -0.0978818 0 0 255
0.0708270 0.1084464 -0.0977214 0 0 255
0.0703192 0.1098826 -0.0980127 0 0 255
0.0703317 0.1114363 -0.0978525 0 0 255
0.0719082 0.1133568 -0.0963339 0 0 255
0.0900699 0.1208379 -0.0802502 0 0 255
0.1038982 0.1274700 -0.0679139 0 0 255
0.1050946 0.1294210 -0.0667140 0 0 255
0.1045157 0.1309303 -0.0670583 0 0 255
0.1048249 0.1326633 -0.0666298 0 0 255
0.1045423 0.1342450 -0.0667165 0 0 255
0.1048516 0.1359798 -0.0662878 0 0 255
0.1045690 0.1375597 -0.0663747 0 0 255
0.1045823 0.1392170 -0.0662038 0 0 255
0.1042999 0.1407943 -0.0662907 0 0 255
0.1043132 0.1424509 -0.0661199 0 0 255
0.1040311 0.1440256 -0.0662068 0 0 255
0.1031604 0.1454337 -0.0668078 0 0 255
0.1028795 0.1470035 -0.0668941 0 0 255
0.1020125 0.1484037 -0.0674927 0 0 255
0.1011482 0.1497996 -0.0680893 0 0 255
0.1002867 0.1511908 -0.0686841 0 0 255
0.1003000 0.1528350 -0.0685146 0 0 255
0.0994412 0.1542193 -0.0691076 0 0 255
0.0988746 0.1556862 -0.0694456 0 0 255
0.0983093 0.1571501 -0.0697828 0 0 255
0.0977452 0.1586108 -0.0701193 0 0 255
0.0963205 0.1598011 -0.0712098 0 0 255
0.0951922 0.1610754 -0.0720415 0 0 255
0.0946347 0.1625235 -0.0723736 0 0 255
0.0943629 0.1640595 -0.0724555 0 0 255
0.0932396 0.1653191 -0.0732844 0 0 255
0.0929693 0.1668495 -0.0733657 0 0 255
0.0929824 0.1684713 -0.0731984 0 0 255
0.0929954 0.1700931 -0.0730312 0 0 255
0.0927253 0.1716202 -0.0731125 0 0 255
0.0916090 0.1728600 -0.0739374 0 0 255
0.0916220 0.1744776 -0.0737706 0 0 255
0.0913535 0.1759985 -0.0738513 0 0 255
0.0910851 0.1775177 -0.0739320 0 0 255
0.0902559 0.1788392 -0.0745061 0 0 255
0.0902689 0.1804526 -0.0743397 0 0 255
0.0894423 0.1817673 -0.0749123 0 0 255
0.0897348 0.1834785 -0.0745001 0 0 255
0.0891889 0.1848881 -0.0748260 0 0 255
0.0883657 0.1861932 -0.0753967 0 0 255
0.0883786 0.1878008 -0.0752309 0 0 255
0.0883915 0.1894083 -0.0750651 0 0 255
0.0878485 0.1908081 -0.0753897 0 0 255
0.0875839 0.1923095 -0.0754689 0 0 255
0.0875968 0.1939145 -0.0753034 0 0 255
0.0873324 0.1954135 -0.0753826 0 0 255
0.0870683 0.1969109 -0.0754619 0 0 255
0.0868044 0.1984068 -0.0755409 0 0 255
0.0868173 0.2000095 -0.0753757 0 0 255
0.0865537 0.2015029 -0.0754548 0 0 255
0.0868431 0.2032149 -0.0750452 0 0 255
0.0860274 0.2044853 -0.0756127 0 0 255
0.0863162 0.2061971 -0.0752036 0 0 255
0.0860565 0.2076872 -0.0752797 0 0 255
0.0857938 0.2091745 -0.0753587 0 0 255
0.0855314 0.2106602 -0.0754376 0 0 255
0.0844458 0.2118017 -0.0762459 0 0 255
0.0836378 0.2130529 -0.0768089 0 0 255
0.0825601 0.2141853 -0.0776115 0 0 255
0.0823009 0.2156593 -0.0776887 0 0 255
0.0812288 0.2167833 -0.0784873 0 0 255
0.0807009 0.2181357 -0.0788037 0 0 255
0.0804436 0.2196023 -0.0788801 0 0 255
0.0799172 0.2209496 -0.0791956 0 0 255
0.0799299 0.2225311 -0.0790325 0 0 255
0.0794046 0.2238740 -0.0793475 0 0 255
0.0796862 0.2255739 -0.0789456 0 0 255
0.0788930 0.2267924 -0.0794992 0 0 255
0.0781023 0.2280072 -0.0800510 0 0 255
0.0773141 0.2292182 -0.0806011 0 0 255
0.0773267 0.2307917 -0.0804389 0 0 255
0.0770729 0.2322423 -0.0805138 0 0 255
0.0762879 0.2334443 -0.0810621 0 0 255
0.0755086 0.2346443 -0.0816057 0 0 255
0.0757859 0.2363369 -0.0812081 0 0 255
0.0755337 0.2377802 -0.0812824 0 0 255
0.0744898 0.2388445 -0.0820630 0 0 255
0.0726636 0.2395272 -0.0835420 0 0 255
0.0732002 0.2413394 -0.0829136 0 0 255
0.0737378 0.2431554 -0.0822839 0 0 255
0.0729630 0.2443330 -0.0828258 0 0 255
0.1065252 -0.0834716 -0.0838048 0 0 255
0.1044504 -0.0815176 -0.0853800 0 0 255
0.1062527 -0.0800936 -0.0837111 0 0 255
0.1047745 -0.0782310 -0.0847881 0 0 255
0.1059805 -0.0767193 -0.0836175 0 0 255
0.1065922 -0.0751264 -0.0829442 0 0 255
0.1057086 -0.0733485 -0.0835240 0 0 255
0.0747527 -0.0680210 -0.1093213 0 0 255
0.0747653 -0.0664490 -0.1091591 0 0 255
0.0742472 -0.0648173 -0.1094424 0 0 255
0.0718881 -0.0629882 -0.1112713 0 0 255
0.0719007 -0.0614249 -0.1111101 0 0 255
0.0716506 -0.0598345 -0.1111695 0 0 255
0.0719258 -0.0582982 -0.1107877 0 0 255
0.0719383 -0.0567348 -0.1106265 0 0 255
0.0716883 -0.0551468 -0.1106860 0 0 255
0.0711765 -0.0535366 -0.1109660 0 0 255
0.0717134 -0.0520216 -0.1103638 0 0 255
0.0712016 -0.0504146 -0.1106440 0 0 255
0.0714761 -0.0488749 -0.1102624 0 0 255
0.0714886 -0.0473130 -0.1101013 0 0 255
0.0712391 -0.0457313 -0.1101611 0 0 255
0.0712516 -0.0441702 -0.1100001 0 0 255
0.0715262 -0.0426272 -0.1096182 0 0 255
0.0718012 -0.0410827 -0.1092358 0 0 255
0.0718138 -0.0395199 -0.1090746 0 0 255
0.0720889 -0.0379729 -0.1086918 0 0 255
0.0731548 -0.0364696 -0.1076410 0 0 255
0.0734314 -0.0349171 -0.1072565 0 0 255
0.0731800 -0.0333359 -0.1073179 0 0 255
0.0737208 -0.0317944 -0.1067098 0 0 255
0.0742629 -0.0302498 -0.1061003 0 0 255
0.0742755 -0.0286796 -0.1059384 0 0 255
0.0745532 -0.0271198 -0.1055521 0 0 255
0.0745658 -0.0255488 -0.1053902 0 0 255
0.0753755 -0.0240039 -0.1045532 0 0 255
0.0751221 -0.0224225 -0.1046163 0 0 255
0.0748691 -0.0208427 -0.1046792 0 0 255
0.0748817 -0.0192709 -0.1045171 0 0 255
0.0746288 -0.0176935 -0.1045801 0 0 255
0.0741113 -0.0161130 -0.1048678 0 0 255
0.0738593 -0.0145396 -0.1049304 0 0 255
0.0733435 -0.0129647 -0.1052172 0 0 255
0.0730922 -0.0113953 -0.1052797 0 0 255
0.0728412 -0.0098275 -0.1053420 0 0 255
0.0723275 -0.0082607 -0.1056278 0 0 255
0.0720773 -0.0066968 -0.1056899 0 0 255
0.0720898 -0.0051336 -0.1055287 0 0 255
0.0713156 -0.0035757 -0.1060366 0 0 255
0.0708050 -0.0020199 -0.1063208 0 0 255
0.0705562 -0.0004639 -0.1063824 0 0 255
0.0695266 0.0010781 -0.1071090 0 0 255
0.0692793 0.0026285 -0.1071699 0 0 255
0.0690321 0.0041774 -0.1072308 0 0 255
0.0682673 0.0057118 -0.1077332 0 0 255
0.0680211 0.0072560 -0.1077936 0 0 255
0.0677752 0.0087987 -0.1078540 0 0 255
0.0667603 0.0103136 -0.1085708 0 0 255
0.0662589 0.0118413 -0.1088498 0 0 255
0.0660148 0.0133763 -0.1089095 0 0 255
0.0660272 0.0149209 -0.1087503 0 0 255
0.0655273 0.0164417 -0.1090287 0 0 255
0.0652840 0.0179721 -0.1090881 0 0 255
0.0652963 0.0195143 -0.1089291 0 0 255
0.0653087 0.0210566 -0.1087701 0 0 255
0.0653211 0.0225989 -0.1086110 0 0 255
0.0650779 0.0241255 -0.1086707 0 0 255
0.0650902 0.0256670 -0.1085117 0 0 255
0.0648474 0.0271914 -0.1085714 0 0 255
0.0648597 0.0287322 -0.1084125 0 0 255
0.0643623 0.0302354 -0.1086905 0 0 255
0.0643747 0.0317747 -0.1085318 0 0 255
0.0646418 0.0333344 -0.1081546 0 0 255
0.0641448 0.0348323 -0.1084327 0 0 255
0.0641572 0.0363709 -0.1082740 0 0 255
0.0644241 0.0379322 -0.1078968 0 0 255
0.0646912 0.0394950 -0.1075193 0 0 255
0.0644488 0.0410110 -0.1075793 0 0 255
0.0652264 0.0426254 -0.1067629 0 0 255
0.0649835 0.0441414 -0.1068234 0 0 255
0.0652512 0.0457090 -0.1064450 0 0 255
0.0655192 0.0472783 -0.1060661 0 0 255
0.0657874 0.0488491 -0.1056868 0 0 255
0.0660560 0.0504215 -0.1053071 0 0 255
0.0663248 0.0519956 -0.1049271 0 0 255
0.0663372 0.0535406 -0.1047678 0 0 255
0.0666063 0.0551170 -0.1043873 0 0 255
0.0671328 0.0567274 -0.1037847 0 0 255
0.0679185 0.0583741 -0.1029584 0 0 255
0.0681892 0.0599579 -0.1025757 0 0 255
0.0684602 0.0615432 -0.1021928 0 0 255
0.0687315 0.0631303 -0.1018094 0 0 255
0.0695219 0.0647919 -0.1009775 0 0 255
0.0703148 0.0664586 -0.1001431 0 0 255
0.0708489 0.0680921 -0.0995319 0 0 255
0.0713841 0.0697290 -0.0989193 0 0 255
0.0719204 0.0713692 -0.0983056 0 0 255
0.0721953 0.0729719 -0.0979176 0 0 255
0.0724829 0.0761398 -0.0973681 0 0 255
0.0727583 0.0777466 -0.0969793 0 0 255
0.0725080 0.0792668 -0.0970457 0 0 255
0.0722580 0.0807854 -0.0971119 0 0 255
0.0720081 0.0823025 -0.0971782 0 0 255
0.0712353 0.0837254 -0.0976980 0 0 255
0.0712478 0.0852851 -0.0975372 0 0 255
0.0709990 0.0867968 -0.0976031 0 0 255
0.0707505 0.0883071 -0.0976689 0 0 255
0.0702418 0.0897665 -0.0979607 0 0 255
0.0699940 0.0912730 -0.0980262 0 0 255
0.0700065 0.0928288 -0.0978658 0 0 255
0.0694993 0.0942815 -0.0981570 0 0 255
0.0695118 0.0958357 -0.0979967 0 0 255
0.0695242 0.0973899 -0.0978364 0 0 255
0.0697965 0.0989980 -0.0974502 0 0 255
0.0695492 0.1004984 -0.0975159 0 0 255
0.0695617 0.1020527 -0.0973556 0 0 255
0.0693147 0.1035508 -0.0974213 0 0 255
0.0693272 0.1051044 -0.0972611 0 0 255
0.0693396 0.1066579 -0.0971009 0 0 255
0.0696115 0.1082700 -0.0967145 0 0 255
0.0693645 0.1097650 -0.0967805 0 0 255
0.0696365 0.1113788 -0.0963939 0 0 255
0.0693895 0.1128723 -0.0964601 0 0 255
0.0699213 0.1145495 -0.0958466 0 0 255
0.0699338 0.1161047 -0.0956862 0 0 255
0.0751988 0.1189411 -0.0909382 0 0 255
0.1005613 0.1300622 -0.0683109 0 0 255
0.1035107 0.1324623 -0.0655730 0 0 255
0.1032289 0.1340432 -0.0656603 0 0 255
0.1032422 0.1356997 -0.0654895 0 0 255
0.1032555 0.1373562 -0.0653186 0 0 255
0.1029741 0.1389336 -0.0654060 0 0 255
0.1032821 0.1406692 -0.0649770 0 0 255
0.1030006 0.1422449 -0.0650645 0 0 255
0.1021314 0.1436559 -0.0656674 0 0 255
0.1000968 0.1447348 -0.0672928 0 0 255
0.0995277 0.1462166 -0.0676338 0 0 255
0.0992501 0.1477784 -0.0677193 0 0 255
0.0966610 0.1486694 -0.0698340 0 0 255
0.0943819 0.1496352 -0.0716781 0 0 255
0.0938249 0.1510961 -0.0720108 0 0 255
0.0938414 0.1527248 -0.0718400 0 0 255
0.0930017 0.1540953 -0.0724217 0 0 255
0.0921646 0.1554614 -0.0730017 0 0 255
0.0918949 0.1569970 -0.0730830 0 0 255
0.0916255 0.1585309 -0.0731643 0 0 255
0.0910743 0.1599748 -0.0734936 0 0 255
0.0899627 0.1612377 -0.0743168 0 0 255
0.0905374 0.1630330 -0.0736555 0 0 255
0.0899887 0.1644692 -0.0739836 0 0 255
0.0894411 0.1659023 -0.0743110 0 0 255
0.0894540 0.1675164 -0.0741446 0 0 255
0.0894670 0.1691305 -0.0739781 0 0 255
0.0894799 0.1707447 -0.0738117 0 0 255
0.0889334 0.1721697 -0.0741389 0 0 255
0.0883881 0.1735919 -0.0744655 0 0 255
0.0881223 0.1751068 -0.0745455 0 0 255
0.0881352 0.1767168 -0.0743794 0 0 255
0.0875915 0.1781319 -0.0747053 0 0 255
0.0876045 0.1797402 -0.0745394 0 0 255
0.0867847 0.1810520 -0.0751099 0 0 255
0.0867975 0.1826578 -0.0749443 0 0 255
0.0859804 0.1839630 -0.0755132 0 0 255
0.0859932 0.1855664 -0.0753478 0 0 255
0.0851786 0.1868649 -0.0759152 0 0 255
0.0846411 0.1882615 -0.0762375 0 0 255
0.0846539 0.1898607 -0.0760726 0 0 255
0.0843921 0.1913563 -0.0761511 0 0 255
0.0844049 0.1929547 -0.0759863 0 0 255
0.0841466 0.1944492 -0.0760619 0 0 255
0.0841594 0.1960469 -0.0758972 0 0 255
0.0841722 0.1976445 -0.0757324 0 0 255
0.0844595 0.1993500 -0.0753240 0 0 255
0.0841979 0.2008400 -0.0754029 0 0 255
0.0836627 0.2022192 -0.0757250 0 0 255
0.0842235 0.2040354 -0.0750734 0 0 255
0.0836883 0.2054114 -0.0753959 0 0 255
0.0834275 0.2068960 -0.0754745 0 0 255
0.0834402 0.2084913 -0.0753101 0 0 255
0.0831797 0.2099735 -0.0753888 0 0 255
0.0826467 0.2113405 -0.0757102 0 0 255
0.0815710 0.2124765 -0.0765150 0 0 255
0.0804999 0.2136077 -0.0773165 0 0 255
0.0802423 0.2150789 -0.0773937 0 0 255
0.0797153 0.2164330 -0.0777113 0 0 255
0.0789205 0.2176680 -0.0782679 0 0 255
0.0789331 0.2192495 -0.0781048 0 0 255
0.0784088 0.2205958 -0.0784208 0 0 255
0.0778856 0.2219393 -0.0787361 0 0 255
0.0776308 0.2233988 -0.0788122 0 0 255
0.0771091 0.2247373 -0.0791266 0 0 255
0.0768551 0.2261932 -0.0792024 0 0 255
0.0766012 0.2276475 -0.0792781 0 0 255
0.0758161 0.2288579 -0.0798288 0 0 255
0.0755633 0.2303079 -0.0799040 0 0 255
0.0742564 0.2312691 -0.0809222 0 0 255
0.0734785 0.2324684 -0.0814679 0 0 255
0.0734910 0.2340331 -0.0813065 0 0 255
0.0732406 0.2354739 -0.0813807 0 0 255
0.0729905 0.2369132 -0.0814547 0 0 255
0.0724784 0.2382260 -0.0817635 0 0 255
0.0717060 0.2394105 -0.0823059 0 0 255
0.0719799 0.2410961 -0.0819108 0 0 255
0.0722541 0.2427834 -0.0815153 0 0 255
0.0720049 0.2442163 -0.0815890 0 0 255
0.0717560 0.2456476 -0.0816628 0 0 255
0.1042925 -0.0850983 -0.0836546 0 0 255
0.1046036 -0.0834747 -0.0832326 0 0 255
0.1037247 -0.0816861 -0.0838110 0 0 255
0.1037381 -0.0800225 -0.0836394 0 0 255
0.1034546 -0.0783201 -0.0837175 0 0 255
0.1031715 -0.0766194 -0.0837956 0 0 255
0.1037782 -0.0750316 -0.0831246 0 0 255
0.0743043 -0.0697786 -0.1077886 0 0 255
0.0743169 -0.0682049 -0.1076264 0 0 255
0.0740639 -0.0666004 -0.1076879 0 0 255
0.0732815 -0.0649380 -0.1081960 0 0 255
0.0714517 -0.0631658 -0.1095880 0 0 255
0.0712017 -0.0615729 -0.1096482 0 0 255
0.0709519 -0.0599816 -0.1097083 0 0 255
0.0712268 -0.0584446 -0.1093256 0 0 255
0.0699303 -0.0567531 -0.1102699 0 0 255
0.0699428 -0.0551929 -0.1101090 0 0 255
0.0699553 -0.0536326 -0.1099481 0 0 255
0.0697067 -0.0520494 -0.1100079 0 0 255
0.0699803 -0.0505121 -0.1096263 0 0 255
0.0697318 -0.0489304 -0.1096863 0 0 255
0.0700054 -0.0473916 -0.1093045 0 0 255
0.0697568 -0.0458114 -0.1093646 0 0 255
0.0700304 -0.0442709 -0.1089827 0 0 255
0.0703043 -0.0427288 -0.1086003 0 0 255
0.0697944 -0.0411327 -0.1088821 0 0 255
0.0700679 -0.0395897 -0.1084999 0 0 255
0.0700805 -0.0380293 -0.1083390 0 0 255
0.0703544 -0.0364839 -0.1079563 0 0 255
0.0711526 -0.0349655 -0.1071285 0 0 255
0.0711651 -0.0334018 -0.1069672 0 0 255
0.0714401 -0.0318509 -0.1065831 0 0 255
0.0722417 -0.0303221 -0.1057514 0 0 255
0.0722543 -0.0287552 -0.1055898 0 0 255
0.0725303 -0.0271986 -0.1052042 0 0 255
0.0725429 -0.0256308 -0.1050425 0 0 255
0.0730835 -0.0240805 -0.1044317 0 0 255
0.0730961 -0.0225111 -0.1042698 0 0 255
0.0733731 -0.0209487 -0.1038828 0 0 255
0.0728571 -0.0193658 -0.1041710 0 0 255
0.0731338 -0.0178026 -0.1037842 0 0 255
0.0723549 -0.0162189 -0.1042970 0 0 255
0.0718410 -0.0146440 -0.1045842 0 0 255
0.0718536 -0.0130784 -0.1044227 0 0 255
0.0716034 -0.0115106 -0.1044855 0 0 255
0.0713534 -0.0099443 -0.1045481 0 0 255
0.0711037 -0.0083796 -0.1046107 0 0 255
0.0705925 -0.0068166 -0.1048968 0 0 255
0.0706050 -0.0052549 -0.1047358 0 0 255
0.0695731 -0.0037001 -0.1054673 0 0 255
0.0695856 -0.0021416 -0.1053066 0 0 255
0.0690775 -0.0005896 -0.1055911 0 0 255
0.0685704 0.0009592 -0.1058749 0 0 255
0.0680644 0.0025049 -0.1061583 0 0 255
0.0673010 0.0040418 -0.1066622 0 0 255
0.0670554 0.0055869 -0.1067232 0 0 255
0.0665525 0.0071233 -0.1070048 0 0 255
0.0663075 0.0086645 -0.1070656 0 0 255
0.0652966 0.0101781 -0.1077832 0 0 255
0.0647971 0.0117045 -0.1080627 0 0 255
0.0648096 0.0132482 -0.1079035 0 0 255
0.0648219 0.0147920 -0.1077444 0 0 255
0.0645788 0.0163240 -0.1078045 0 0 255
0.0640808 0.0178419 -0.1080836 0 0 255
0.0640932 0.0193834 -0.1079246 0 0 255
0.0641056 0.0209249 -0.1077656 0 0 255
0.0638632 0.0224515 -0.1078257 0 0 255
0.0641302 0.0240079 -0.1074477 0 0 255
0.0638879 0.0255331 -0.1075079 0 0 255
0.0633914 0.0270396 -0.1077868 0 0 255
0.0634037 0.0285788 -0.1076281 0 0 255
0.0634162 0.0301181 -0.1074693 0 0 255
0.0631745 0.0316380 -0.1075294 0 0 255
0.0629330 0.0331563 -0.1075894 0 0 255
0.0631991 0.0347151 -0.1072121 0 0 255
0.0632115 0.0362537 -0.1070534 0 0 255
0.0632238 0.0377924 -0.1068947 0 0 255
0.0629823 0.0393077 -0.1069551 0 0 255
0.0632485 0.0408697 -0.1065774 0 0 255
0.0632609 0.0424083 -0.1064187 0 0 255
0.0635273 0.0439727 -0.1060405 0 0 255
0.0637940 0.0455387 -0.1056620 0 0 255
0.0640610 0.0471062 -0.1052831 0 0 255
0.0645834 0.0487035 -0.1046833 0 0 255
0.0648512 0.0502751 -0.1043033 0 0 255
0.0648636 0.0518185 -0.1041441 0 0 255
0.0653875 0.0534231 -0.1035422 0 0 255
0.0651440 0.0549368 -0.1036044 0 0 255
0.0659251 0.0565775 -0.1027794 0 0 255
0.0664511 0.0581901 -0.1021750 0 0 255
0.0669784 0.0598061 -0.1015691 0 0 255
0.0672486 0.0613906 -0.1011858 0 0 255
0.0675191 0.0629768 -0.1008021 0 0 255
0.0685665 0.0646738 -0.0997443 0 0 255
0.0688383 0.0662656 -0.0993589 0 0 255
0.0696306 0.0679355 -0.0985216 0 0 255
0.0699035 0.0695323 -0.0981348 0 0 255
0.0706990 0.0712106 -0.0972939 0 0 255
0.0709730 0.0728125 -0.0969056 0 0 255
0.0712474 0.0744159 -0.0965170 0 0 255
0.0712600 0.0759786 -0.0963558 0 0 255
0.0712725 0.0775414 -0.0961947 0 0 255
0.0707616 0.0790161 -0.0964890 0 0 255
0.0705128 0.0805326 -0.0965554 0 0 255
0.0700035 0.0820021 -0.0968489 0 0 255
0.0694953 0.0834687 -0.0971417 0 0 255
0.0689881 0.0849323 -0.0974339 0 0 255
0.0684819 0.0863929 -0.0977256 0 0 255
0.0682354 0.0878988 -0.0977911 0 0 255
0.0679892 0.0894031 -0.0978566 0 0 255
0.0677432 0.0909060 -0.0979219 0 0 255
0.0672395 0.0923569 -0.0982123 0 0 255
0.0675099 0.0939584 -0.0978273 0 0 255
0.0672644 0.0954575 -0.0978926 0 0 255
0.0672768 0.0970078 -0.0977328 0 0 255
0.0672893 0.0985581 -0.0975729 0 0 255
0.0667865 0.0999999 -0.0978633 0 0 255
0.0670564 0.1016037 -0.0974785 0 0 255
0.0668114 0.1030975 -0.0975439 0 0 255
0.0670813 0.1047029 -0.0971589 0 0 255
0.0678676 0.1064250 -0.0963216 0 0 255
0.0676219 0.1079187 -0.0963876 0 0 255
0.0681511 0.1095882 -0.0957750 0 0 255
0.0679050 0.1110811 -0.0958414 0 0 255
0.0684348 0.1127547 -0.0952279 0 0 255
0.0679299 0.1141853 -0.0955213 0 0 255
0.0669108 0.1154887 -0.0962661 0 0 255
0.0661523 0.1168495 -0.0967828 0 0 255
0.0682258 0.1189056 -0.0948142 0 0 255
0.0713615 0.1212400 -0.0919116 0 0 255
0.0774783 0.1259262 -0.0862369 0 0 255
0.0884441 0.1303478 -0.0764469 0 0 255
0.0924104 0.1346227 -0.0726482 0 0 255
0.0952768 0.1370153 -0.0699700 0 0 255
0.0935742 0.1381848 -0.0713114 0 0 255
0.0944438 0.1400500 -0.0703892 0 0 255
0.0910506 0.1407372 -0.0732207 0 0 255
0.0910637 0.1423595 -0.0730534 0 0 255
0.0902310 0.1437420 -0.0736314 0 0 255
0.0882812 0.1447990 -0.0751947 0 0 255
0.0871789 0.1460898 -0.0760118 0 0 255
0.0869138 0.1476188 -0.0760910 0 0 255
0.0872047 0.1493107 -0.0756796 0 0 255
0.0866618 0.1507551 -0.0760042 0 0 255
0.0863972 0.1522802 -0.0760834 0 0 255
0.0864100 0.1538882 -0.0759175 0 0 255
0.0858688 0.1553255 -0.0762414 0 0 255
0.0856050 0.1568459 -0.0763203 0 0 255
0.0856179 0.1584514 -0.0761547 0 0 255
0.0856308 0.1600569 -0.0759891 0 0 255
0.0859203 0.1617511 -0.0755788 0 0 255
0.0856565 0.1632681 -0.0756580 0 0 255
0.0859461 0.1649640 -0.0752474 0 0 255
0.0856823 0.1664794 -0.0753269 0 0 255
0.0856951 0.1680851 -0.0751612 0 0 255
0.0859847 0.1697836 -0.0747505 0 0 255
0.0857209 0.1712965 -0.0748301 0 0 255
0.0851812 0.1727136 -0.0751545 0 0 255
0.0849183 0.1742226 -0.0752338 0 0 255
0.0846555 0.1757301 -0.0753130 0 0 255
0.0846684 0.1773325 -0.0751478 0 0 255
0.0844059 0.1788376 -0.0752271 0 0 255
0.0838690 0.1802432 -0.0755502 0 0 255
0.0836074 0.1817445 -0.0756291 0 0 255
0.0827986 0.1830456 -0.0761945 0 0 255
0.0819957 0.1843440 -0.0767552 0 0 255
0.0817360 0.1858377 -0.0768332 0 0 255
0.0817488 0.1874311 -0.0766688 0 0 255
0.0817615 0.1890245 -0.0765045 0 0 255
0.0820468 0.1907209 -0.0760976 0 0 255
0.0815148 0.1921078 -0.0764183 0 0 255
0.0817999 0.1938049 -0.0760115 0 0 255
0.0818127 0.1953985 -0.0758472 0 0 255
0.0818255 0.1969920 -0.0756828 0 0 255
0.0815660 0.1984785 -0.0757613 0 0 255
0.0815788 0.2000712 -0.0755970 0 0 255
0.0818638 0.2017727 -0.0751898 0 0 255
0.0813324 0.2031474 -0.0755113 0 0 255
0.0813451 0.2047394 -0.0753472 0 0 255
0.0813579 0.2063313 -0.0751830 0 0 255
0.0810989 0.2078116 -0.0752617 0 0 255
0.0808403 0.2092904 -0.0753402 0 0 255
0.0800404 0.2105416 -0.0759028 0 0 255
0.0792430 0.2117890 -0.0764637 0 0 255
0.0784481 0.2130325 -0.0770228 0 0 255
0.0784608 0.2146155 -0.0768595 0 0 255
0.0776683 0.2158528 -0.0774171 0 0 255
0.0771456 0.2172019 -0.0777337 0 0 255
0.0768909 0.2186645 -0.0778103 0 0 255
0.0763698 0.2200086 -0.0781260 0 0 255
0.0758498 0.2213500 -0.0784409 0 0 255
0.0758624 0.2229250 -0.0782785 0 0 255
0.0753434 0.2242621 -0.0785930 0 0 255
0.0750906 0.2257159 -0.0786689 0 0 255
0.0740443 0.2268080 -0.0794572 0 0 255
0.0732688 0.2280175 -0.0800031 0 0 255
0.0727551 0.2293426 -0.0803142 0 0 255
0.0725049 0.2307865 -0.0803888 0 0 255
0.0719928 0.2321067 -0.0806990 0 0 255
0.0714817 0.2334243 -0.0810086 0 0 255
0.0707108 0.2346161 -0.0815522 0 0 255
0.0704628 0.2360516 -0.0816258 0 0 255
0.0704753 0.2376100 -0.0814651 0 0 255
0.0702274 0.2390432 -0.0815388 0 0 255
0.0705003 0.2407269 -0.0811437 0 0 255
0.0707734 0.2424124 -0.0807482 0 0 255
0.0707859 0.2439717 -0.0805874 0 0 255
0.0705378 0.2454024 -0.0806615 0 0 255
0.0705503 0.2469610 -0.0805008 0 0 255
0.0705628 0.2485195 -0.0803401 0 0 255
0.1014788 -0.0866313 -0.0840036 0 0 255
0.1017873 -0.0850138 -0.0835831 0 0 255
0.1032817 -0.0835611 -0.0821611 0 0 255
0.1018140 -0.0816920 -0.0832406 0 0 255
0.1030115 -0.0801904 -0.0820685 0 0 255
0.1024321 -0.0784479 -0.0823979 0 0 255
0.1021495 -0.0767472 -0.0824767 0 0 255
0.0735892 -0.0715065 -0.1064776 0 0 255
0.0733365 -0.0698995 -0.1065398 0 0 255
0.0733491 -0.0683258 -0.1063775 0 0 255
0.0733617 -0.0667521 -0.1062152 0 0 255
0.0725800 -0.0650886 -0.1067258 0 0 255
0.0715404 -0.0634016 -0.1074554 0 0 255
0.0702398 -0.0616930 -0.1084069 0 0 255
0.0699905 -0.0601017 -0.1084676 0 0 255
0.0697415 -0.0585120 -0.1085283 0 0 255
0.0689709 -0.0568729 -0.1090318 0 0 255
0.0679429 -0.0552142 -0.1097541 0 0 255
0.0684751 -0.0537047 -0.1091522 0 0 255
0.0682276 -0.0521230 -0.1092123 0 0 255
0.0685001 -0.0505874 -0.1088307 0 0 255
0.0682525 -0.0490072 -0.1088910 0 0 255
0.0682650 -0.0474493 -0.1087304 0 0 255
0.0685376 -0.0459112 -0.1083485 0 0 255
0.0682901 -0.0443334 -0.1084090 0 0 255
0.0685626 -0.0427937 -0.1080269 0 0 255
0.0685751 -0.0412349 -0.1078662 0 0 255
0.0685876 -0.0396760 -0.1077054 0 0 255
0.0686001 -0.0381172 -0.1075447 0 0 255
0.0686126 -0.0365583 -0.1073839 0 0 255
0.0694069 -0.0350423 -0.1065564 0 0 255
0.0696806 -0.0334946 -0.1061726 0 0 255
0.0694320 -0.0319197 -0.1062343 0 0 255
0.0702288 -0.0303942 -0.1054038 0 0 255
0.0705033 -0.0288417 -0.1050189 0 0 255
0.0705159 -0.0272771 -0.1048575 0 0 255
0.0707906 -0.0257221 -0.1044721 0 0 255
0.0708032 -0.0241567 -0.1043107 0 0 255
0.0710783 -0.0225992 -0.1039247 0 0 255
0.0710909 -0.0210329 -0.1037632 0 0 255
0.0713663 -0.0194730 -0.1033767 0 0 255
0.0716419 -0.0179115 -0.1029899 0 0 255
0.0706037 -0.0163245 -0.1037280 0 0 255
0.0703542 -0.0147558 -0.1037911 0 0 255
0.0706288 -0.0131950 -0.1034053 0 0 255
0.0698560 -0.0116232 -0.1039170 0 0 255
0.0701301 -0.0100623 -0.1035317 0 0 255
0.0696198 -0.0084976 -0.1038188 0 0 255
0.0691106 -0.0069361 -0.1041055 0 0 255
0.0688627 -0.0053768 -0.1041681 0 0 255
0.0680954 -0.0038225 -0.1046768 0 0 255
0.0678484 -0.0022680 -0.1047391 0 0 255
0.0673429 -0.0007182 -0.1050237 0 0 255
0.0668383 0.0008284 -0.1053078 0 0 255
0.0663348 0.0023718 -0.1055913 0 0 255
0.0658323 0.0039122 -0.1058742 0 0 255
0.0655876 0.0054558 -0.1059355 0 0 255
0.0653433 0.0069978 -0.1059968 0 0 255
0.0645900 0.0085227 -0.1064963 0 0 255
0.0638357 0.0100429 -0.1069972 0 0 255
0.0635931 0.0115772 -0.1070577 0 0 255
0.0636054 0.0131202 -0.1068986 0 0 255
0.0633631 0.0146522 -0.1069591 0 0 255
0.0631208 0.0161828 -0.1070196 0 0 255
0.0628790 0.0177118 -0.1070800 0 0 255
0.0626373 0.0192393 -0.1071403 0 0 255
0.0626497 0.0207792 -0.1069815 0 0 255
0.0626620 0.0223192 -0.1068227 0 0 255
0.0621670 0.0238281 -0.1071021 0 0 255
0.0626867 0.0253993 -0.1065050 0 0 255
0.0619384 0.0268881 -0.1070038 0 0 255
0.0616977 0.0284080 -0.1070640 0 0 255
0.0619631 0.0299636 -0.1066866 0 0 255
0.0617223 0.0314820 -0.1067470 0 0 255
0.0614818 0.0329989 -0.1068074 0 0 255
0.0617470 0.0345560 -0.1064300 0 0 255
0.0620124 0.0361148 -0.1060522 0 0 255
0.0620247 0.0376527 -0.1058936 0 0 255
0.0622904 0.0392138 -0.1055155 0 0 255
0.0623028 0.0407525 -0.1053567 0 0 255
0.0625687 0.0423160 -0.1049781 0 0 255
0.0625811 0.0438555 -0.1048193 0 0 255
0.0625933 0.0453950 -0.1046605 0 0 255
0.0628596 0.0469617 -0.1042813 0 0 255
0.0631261 0.0485301 -0.1039017 0 0 255
0.0633929 0.0501000 -0.1035217 0 0 255
0.0636599 0.0516715 -0.1031413 0 0 255
0.0639272 0.0532446 -0.1027605 0 0 255
0.0639396 0.0547881 -0.1026014 0 0 255
0.0647184 0.0564278 -0.1017753 0 0 255
0.0649868 0.0580066 -0.1013930 0 0 255
0.0657687 0.0596545 -0.1005636 0 0 255
0.0657812 0.0612035 -0.1004038 0 0 255
0.0665656 0.0628588 -0.0995714 0 0 255
0.0673523 0.0645192 -0.0987366 0 0 255
0.0676234 0.0661103 -0.0983508 0 0 255
0.0684134 0.0677790 -0.0975124 0 0 255
0.0692058 0.0694529 -0.0966714 0 0 255
0.0694789 0.0710522 -0.0962832 0 0 255
0.0700132 0.0726939 -0.0956666 0 0 255
0.0700257 0.0742557 -0.0955056 0 0 255
0.0697772 0.0757754 -0.0955726 0 0 255
0.0692683 0.0772504 -0.0958672 0 0 255
0.0695415 0.0788538 -0.0954786 0 0 255
0.0687731 0.0802805 -0.0960005 0 0 255
0.0685258 0.0817933 -0.0960671 0 0 255
0.0677606 0.0832127 -0.0965870 0 0 255
0.0675143 0.0847209 -0.0966532 0 0 255
0.0664946 0.0860857 -0.0973968 0 0 255
0.0662495 0.0875887 -0.0974624 0 0 255
0.0662619 0.0891389 -0.0973025 0 0 255
0.0657603 0.0905902 -0.0975932 0 0 255
0.0657727 0.0921389 -0.0974335 0 0 255
0.0652721 0.0935857 -0.0977238 0 0 255
0.0652845 0.0951328 -0.0975642 0 0 255
0.0650408 0.0966276 -0.0976295 0 0 255
0.0647972 0.0981208 -0.0976948 0 0 255
0.0645540 0.0996126 -0.0977599 0 0 255
0.0645664 0.1011575 -0.0976005 0 0 255
0.0648344 0.1027578 -0.0972165 0 0 255
0.0648468 0.1043035 -0.0970571 0 0 255
0.0651152 0.1059064 -0.0966726 0 0 255
0.0653837 0.1075108 -0.0962877 0 0 255
0.0656526 0.1091169 -0.0959025 0 0 255
0.0654085 0.1106055 -0.0959686 0 0 255
0.0654210 0.1121529 -0.0958090 0 0 255
0.0649211 0.1135782 -0.0961007 0 0 255
0.0641672 0.1149391 -0.0966166 0 0 255
0.0639246 0.1164204 -0.0966822 0 0 255
0.0641919 0.1180262 -0.0962982 0 0 255
0.0642043 0.1195698 -0.0961390 0 0 255
0.0639617 0.1210487 -0.0962048 0 0 255
0.0647398 0.1227880 -0.0953698 0 0 255
0.0678384 0.1251343 -0.0924854 0 0 255
0.0714993 0.1276472 -0.0891023 0 0 255
0.0784381 0.1326367 -0.0826685 0 0 255
0.0803452 0.1347385 -0.0808299 0 0 255
0.0814466 0.1366304 -0.0797027 0 0 255
0.0831010 0.1386827 -0.0780857 0 0 255
0.0831139 0.1402838 -0.0779206 0 0 255
0.0823046 0.1416515 -0.0784833 0 0 255
0.0820439 0.1431717 -0.0785607 0 0 255
0.0815106 0.1446111 -0.0788797 0 0 255
0.0817963 0.1462873 -0.0784732 0 0 255
0.0823559 0.1480463 -0.0778238 0 0 255
0.0818219 0.1494814 -0.0781438 0 0 255
0.0818347 0.1510785 -0.0779791 0 0 255
0.0821208 0.1527590 -0.0775719 0 0 255
0.0824071 0.1544414 -0.0771643 0 0 255
0.0821464 0.1559550 -0.0772423 0 0 255
0.0821592 0.1575530 -0.0770775 0 0 255
0.0818987 0.1590643 -0.0771556 0 0 255
0.0824584 0.1608368 -0.0765047 0 0 255
0.0819243 0.1622587 -0.0768261 0 0 255
0.0819371 0.1638560 -0.0766614 0 0 255
0.0822232 0.1655433 -0.0762535 0 0 255
0.0822361 0.1671415 -0.0760887 0 0 255
0.0819755 0.1686479 -0.0761673 0 0 255
0.0817153 0.1701527 -0.0762457 0 0 255
0.0820011 0.1718426 -0.0758378 0 0 255
0.0820140 0.1734400 -0.0756730 0 0 255
0.0817537 0.1749424 -0.0757517 0 0 255
0.0812213 0.1763476 -0.0760733 0 0 255
0.0804216 0.1776549 -0.0766336 0 0 255
0.0807060 0.1793444 -0.0762270 0 0 255
0.0799047 0.1806446 -0.0767894 0 0 255
0.0796466 0.1821371 -0.0768671 0 0 255
0.0791186 0.1835292 -0.0771862 0 0 255
0.0788614 0.1850179 -0.0772637 0 0 255
0.0788741 0.1866055 -0.0770999 0 0 255
0.0786171 0.1880920 -0.0771774 0 0 255
0.0786299 0.1896788 -0.0770137 0 0 255
0.0794526 0.1915746 -0.0761253 0 0 255
0.0789250 0.1929563 -0.0764450 0 0 255
0.0794780 0.1947533 -0.0757975 0 0 255
0.0794908 0.1963428 -0.0756336 0 0 255
0.0792332 0.1978258 -0.0757118 0 0 255
0.0792460 0.1994144 -0.0755480 0 0 255
0.0795290 0.2011110 -0.0751418 0 0 255
0.0795417 0.2027006 -0.0749779 0 0 255
0.0792841 0.2041803 -0.0750565 0 0 255
0.0790268 0.2056587 -0.0751350 0 0 255
0.0790395 0.2072466 -0.0749713 0 0 255
0.0787825 0.2087226 -0.0750498 0 0 255
0.0782564 0.2100845 -0.0753701 0 0 255
0.0774630 0.2113307 -0.0759309 0 0 255
0.0774757 0.2129137 -0.0757676 0 0 255
0.0766848 0.2141536 -0.0763269 0 0 255
0.0764301 0.2156193 -0.0764044 0 0 255
0.0756423 0.2168524 -0.0769616 0 0 255
0.0753887 0.2183137 -0.0770385 0 0 255
0.0746043 0.2195403 -0.0775935 0 0 255
0.0746169 0.2211145 -0.0774312 0 0 255
0.0740995 0.2224527 -0.0777464 0 0 255
0.0735831 0.2237882 -0.0780609 0 0 255
0.0725409 0.2248831 -0.0788498 0 0 255
0.0717685 0.2260944 -0.0793959 0 0 255
0.0712569 0.2274200 -0.0797073 0 0 255
0.0704851 0.2286228 -0.0802537 0 0 255
0.0702367 0.2300634 -0.0803282 0 0 255
0.0699887 0.2315025 -0.0804025 0 0 255
0.0697408 0.2329402 -0.0804768 0 0 255
0.0689738 0.2341310 -0.0810203 0 0 255
0.0689862 0.2356878 -0.0808598 0 0 255
0.0684803 0.2369965 -0.0811679 0 0 255
0.0684928 0.2385518 -0.0810075 0 0 255
0.0685052 0.2401071 -0.0808471 0 0 255
0.0682588 0.2415362 -0.0809210 0 0 255
0.0685301 0.2432178 -0.0805264 0 0 255
0.0685426 0.2447731 -0.0803660 0 0 255
0.0685551 0.2463286 -0.0802055 0 0 255
0.0683087 0.2477545 -0.0802797 0 0 255
0.0675461 0.2489193 -0.0808219 0 0 255
0.0981120 -0.0864137 -0.0846754 0 0 255
0.0987098 -0.0848452 -0.0840091 0 0 255
0.0978501 -0.0830675 -0.0845791 0 0 255
0.0999227 -0.0800397 -0.0825010 0 0 255
0.1011143 -0.0785369 -0.0813292 0 0 255
0.1011276 -0.0768750 -0.0811578 0 0 255
0.0720916 -0.0715610 -0.1056780 0 0 255
0.0723687 -0.0700205 -0.1052909 0 0 255
0.0726461 -0.0684785 -0.1049033 0 0 255
0.0708140 -0.0666889 -0.1063106 0 0 255
0.0705636 -0.0650902 -0.1063727 0 0 255
0.0700511 -0.0634641 -0.1066580 0 0 255
0.0692779 -0.0618132 -0.1071656 0 0 255
0.0690292 -0.0602218 -0.1072270 0 0 255
0.0687806 -0.0586320 -0.1072883 0 0 255
0.0682717 -0.0570182 -0.1075717 0 0 255
0.0672446 -0.0553584 -0.1082974 0 0 255
0.0669979 -0.0537767 -0.1083579 0 0 255
0.0670103 -0.0522196 -0.1081973 0 0 255
0.0670228 -0.0506625 -0.1080368 0 0 255
0.0670353 -0.0491053 -0.1078762 0 0 255
0.0667888 -0.0475275 -0.1079369 0 0 255
0.0673196 -0.0460109 -0.1073333 0 0 255
0.0665550 -0.0443957 -0.1078370 0 0 255
0.0668263 -0.0428584 -0.1074553 0 0 255
0.0670977 -0.0413194 -0.1070731 0 0 255
0.0668512 -0.0397455 -0.1071342 0 0 255
0.0671227 -0.0382049 -0.1067519 0 0 255
0.0676541 -0.0366778 -0.1061468 0 0 255
0.0681866 -0.0351476 -0.1055406 0 0 255
0.0679389 -0.0335736 -0.1056026 0 0 255
0.0679514 -0.0320138 -0.1054417 0 0 255
0.0684845 -0.0304780 -0.1048344 0 0 255
0.0687577 -0.0289278 -0.1044497 0 0 255
0.0690312 -0.0273761 -0.1040646 0 0 255
0.0690437 -0.0258131 -0.1039034 0 0 255
0.0693175 -0.0242589 -0.1035179 0 0 255
0.0690688 -0.0226870 -0.1035810 0 0 255
0.0698658 -0.0211456 -0.1027456 0 0 255
0.0698783 -0.0195801 -0.1025842 0 0 255
0.0696291 -0.0180090 -0.1026478 0 0 255
0.0693801 -0.0164394 -0.1027114 0 0 255
0.0688704 -0.0148674 -0.1029996 0 0 255
0.0688829 -0.0133051 -0.1028385 0 0 255
0.0686347 -0.0117403 -0.1029019 0 0 255
0.0686472 -0.0101787 -0.1027408 0 0 255
0.0678791 -0.0086146 -0.1032525 0 0 255
0.0678915 -0.0070553 -0.1030917 0 0 255
0.0673849 -0.0054976 -0.1033786 0 0 255
0.0668792 -0.0039430 -0.1036650 0 0 255
0.0663747 -0.0023916 -0.1039506 0 0 255
0.0658711 -0.0008433 -0.1042358 0 0 255
0.0656259 0.0007058 -0.1042981 0 0 255
0.0651239 0.0022486 -0.1045824 0 0 255
0.0648795 0.0037938 -0.1046444 0 0 255
0.0643789 0.0053312 -0.1049280 0 0 255
0.0633719 0.0068516 -0.1056499 0 0 255
0.0633843 0.0083968 -0.1054905 0 0 255
0.0628868 0.0099250 -0.1057723 0 0 255
0.0623903 0.0114501 -0.1060536 0 0 255
0.0621486 0.0129822 -0.1061145 0 0 255
0.0624150 0.0145345 -0.1057355 0 0 255
0.0616660 0.0160419 -0.1062362 0 0 255
0.0616783 0.0175818 -0.1060774 0 0 255
0.0614374 0.0191086 -0.1061381 0 0 255
0.0611966 0.0206339 -0.1061989 0 0 255
0.0614620 0.0221871 -0.1058207 0 0 255
0.0612213 0.0237108 -0.1058816 0 0 255
0.0609808 0.0252331 -0.1059424 0 0 255
0.0612459 0.0267878 -0.1055642 0 0 255
0.0610055 0.0283086 -0.1056252 0 0 255
0.0607652 0.0298278 -0.1056862 0 0 255
0.0605252 0.0313456 -0.1057470 0 0 255
0.0605375 0.0328818 -0.1055886 0 0 255
0.0608021 0.0344390 -0.1052106 0 0 255
0.0608145 0.0359760 -0.1050521 0 0 255
0.0610794 0.0375355 -0.1046736 0 0 255
0.0608391 0.0390503 -0.1047350 0 0 255
0.0605990 0.0405635 -0.1047964 0 0 255
0.0611164 0.0421493 -0.1041978 0 0 255
0.0613816 0.0437128 -0.1038187 0 0 255
0.0616471 0.0452778 -0.1034392 0 0 255
0.0616594 0.0468174 -0.1032804 0 0 255
0.0616717 0.0483570 -0.1031217 0 0 255
0.0621912 0.0499539 -0.1025202 0 0 255
0.0622036 0.0514951 -0.1023612 0 0 255
0.0627241 0.0530969 -0.1017584 0 0 255
0.0629909 0.0546708 -0.1013769 0 0 255
0.0630032 0.0562143 -0.1012177 0 0 255
0.0635253 0.0578234 -0.1006128 0 0 255
0.0640486 0.0594357 -0.1000065 0 0 255
0.0648291 0.0610858 -0.0991749 0 0 255
0.0650981 0.0626702 -0.0987906 0 0 255
0.0661395 0.0643649 -0.0977297 0 0 255
0.0661519 0.0659180 -0.0975695 0 0 255
0.0671976 0.0676227 -0.0965041 0 0 255
0.0677282 0.0692567 -0.0958894 0 0 255
0.0677407 0.0708146 -0.0957288 0 0 255
0.0685325 0.0724940 -0.0948845 0 0 255
0.0688052 0.0740957 -0.0944953 0 0 255
0.0685574 0.0756147 -0.0945627 0 0 255
0.0685700 0.0771750 -0.0944018 0 0 255
0.0680625 0.0786479 -0.0946975 0 0 255
0.0675563 0.0801179 -0.0949925 0 0 255
0.0667925 0.0815398 -0.0955141 0 0 255
0.0662888 0.0830031 -0.0958075 0 0 255
0.0655289 0.0844171 -0.0963265 0 0 255
0.0652844 0.0859210 -0.0963926 0 0 255
0.0645276 0.0873277 -0.0969097 0 0 255
0.0645400 0.0888755 -0.0967501 0 0 255
0.0635303 0.0902265 -0.0974905 0 0 255
0.0632878 0.0917214 -0.0975557 0 0 255
0.0630456 0.0932148 -0.0976208 0 0 255
0.0630580 0.0947581 -0.0974617 0 0 255
0.0633249 0.0963536 -0.0970780 0 0 255
0.0633373 0.0978976 -0.0969187 0 0 255
0.0633497 0.0994418 -0.0967595 0 0 255
0.0628530 0.1008769 -0.0970496 0 0 255
0.0628653 0.1024195 -0.0968905 0 0 255
0.0631322 0.1040181 -0.0965067 0 0 255
0.0633992 0.1056184 -0.0961224 0 0 255
0.0634115 0.1071626 -0.0959632 0 0 255
0.0634239 0.1087068 -0.0958039 0 0 255
0.0634363 0.1102510 -0.0956447 0 0 255
0.0637037 0.1118553 -0.0952598 0 0 255
0.0642268 0.1135222 -0.0946484 0 0 255
0.0637285 0.1149455 -0.0949411 0 0 255
0.0634859 0.1164282 -0.0950076 0 0 255
0.0645197 0.1182256 -0.0939433 0 0 255
0.0637656 0.1195809 -0.0944630 0 0 255
0.0630137 0.1209321 -0.0949812 0 0 255
0.0635353 0.1226057 -0.0943705 0 0 255
0.0650817 0.1245487 -0.0928504 0 0 255
0.0668955 0.1265715 -0.0910921 0 0 255
0.0687224 0.1286087 -0.0893211 0 0 255
0.0710869 0.1308016 -0.0870717 0 0 255
0.0732085 0.1329428 -0.0850367 0 0 255
0.0745481 0.1348818 -0.0836953 0 0 255
0.0761716 0.1384873 -0.0819487 0 0 255
0.0769888 0.1402989 -0.0810699 0 0 255
0.0775393 0.1420388 -0.0804279 0 0 255
0.0772830 0.1435478 -0.0805036 0 0 255
0.0783736 0.1454503 -0.0793804 0 0 255
0.0783862 0.1470399 -0.0792165 0 0 255
0.0778595 0.1484680 -0.0795332 0 0 255
0.0784117 0.1502192 -0.0788886 0 0 255
0.0786946 0.1518914 -0.0784838 0 0 255
0.0784372 0.1533985 -0.0785607 0 0 255
0.0787202 0.1550725 -0.0781557 0 0 255
0.0787328 0.1566630 -0.0779917 0 0 255
0.0787456 0.1582536 -0.0778277 0 0 255
0.0787583 0.1598442 -0.0776637 0 0 255
0.0787711 0.1614348 -0.0774996 0 0 255
0.0790544 0.1631139 -0.0770938 0 0 255
0.0790671 0.1647053 -0.0769297 0 0 255
0.0790799 0.1662968 -0.0767655 0 0 255
0.0785552 0.1677077 -0.0770821 0 0 255
0.0785807 0.1708875 -0.0767541 0 0 255
0.0783235 0.1723842 -0.0768318 0 0 255
0.0783362 0.1739734 -0.0766680 0 0 255
0.0775406 0.1752785 -0.0772282 0 0 255
0.0780919 0.1770561 -0.0765819 0 0 255
0.0772971 0.1783558 -0.0771421 0 0 255
0.0773098 0.1799417 -0.0769785 0 0 255
0.0762497 0.1811375 -0.0777774 0 0 255
0.0765302 0.1828184 -0.0773738 0 0 255
0.0760075 0.1842040 -0.0776910 0 0 255
0.0765556 0.1859855 -0.0770472 0 0 255
0.0763004 0.1874684 -0.0771244 0 0 255
0.0765809 0.1891526 -0.0767205 0 0 255
0.0763257 0.1906339 -0.0767980 0 0 255
0.0771428 0.1925263 -0.0759115 0 0 255
0.0768871 0.1940075 -0.0759894 0 0 255
0.0774369 0.1958020 -0.0753428 0 0 255
0.0774496 0.1973881 -0.0751792 0 0 255
0.0774623 0.1989743 -0.0750156 0 0 255
0.0769379 0.2003455 -0.0753358 0 0 255
0.0772190 0.2020383 -0.0749305 0 0 255
0.0769632 0.2035146 -0.0750089 0 0 255
0.0769759 0.2050992 -0.0748455 0 0 255
0.0767205 0.2065733 -0.0749239 0 0 255
0.0770013 0.2082685 -0.0745187 0 0 255
0.0770140 0.2098532 -0.0743552 0 0 255
0.0759556 0.2109864 -0.0751587 0 0 255
0.0754344 0.2123411 -0.0754776 0 0 255
0.0754470 0.2139210 -0.0753147 0 0 255
0.0743951 0.2150423 -0.0761137 0 0 255
0.0741422 0.2165037 -0.0761910 0 0 255
0.0738897 0.2179638 -0.0762683 0 0 255
0.0733727 0.2193059 -0.0765848 0 0 255
0.0728568 0.2206452 -0.0769007 0 0 255
0.0723419 0.2219819 -0.0772159 0 0 255
0.0720913 0.2234339 -0.0772923 0 0 255
0.0710532 0.2245285 -0.0780818 0 0 255
0.0702838 0.2257390 -0.0786286 0 0 255
0.0697743 0.2270638 -0.0789404 0 0 255
0.0687457 0.2281460 -0.0797231 0 0 255
0.0684986 0.2295846 -0.0797976 0 0 255
0.0679926 0.2309008 -0.0801072 0 0 255
0.0680051 0.2324576 -0.0799466 0 0 255
0.0675001 0.2337695 -0.0802557 0 0 255
0.0669962 0.2350788 -0.0805641 0 0 255
0.0670087 0.2366325 -0.0804039 0 0 255
0.0670211 0.2381863 -0.0802436 0 0 255
0.0670336 0.2397400 -0.0800834 0 0 255
0.0662733 0.2409163 -0.0806256 0 0 255
0.0670584 0.2428476 -0.0797629 0 0 255
0.0662981 0.2440192 -0.0803056 0 0 255
0.0665679 0.2456987 -0.0799114 0 0 255
0.0665803 0.2472509 -0.0797514 0 0 255
0.0665928 0.2488032 -0.0795913 0 0 255
0.0666052 0.2503556 -0.0794312 0 0 255
0.0976658 -0.0882816 -0.0830372 0 0 255
0.0970956 -0.0865409 -0.0833636 0 0 255
0.0974004 -0.0849303 -0.0829447 0 0 255
0.0956723 -0.0830301 -0.0842587 0 0 255
0.0989029 -0.0801673 -0.0811850 0 0 255
0.0995036 -0.0785868 -0.0805127 0 0 255
0.0753692 -0.0738052 -0.1009571 0 0 255
0.0729784 -0.0719159 -0.1028463 0 0 255
0.0716652 -0.0701740 -0.1038161 0 0 255
0.0714135 -0.0685678 -0.1038796 0 0 255
0.0698491 -0.0668095 -0.1050656 0 0 255
0.0695992 -0.0652107 -0.1051282 0 0 255
0.0688260 -0.0635554 -0.1056387 0 0 255
0.0683160 -0.0619334 -0.1059243 0 0 255
0.0683286 -0.0603692 -0.1057630 0 0 255
0.0672993 -0.0586991 -0.1064939 0 0 255
0.0667925 -0.0570869 -0.1067778 0 0 255
0.0657695 -0.0554286 -0.1075043 0 0 255
0.0657820 -0.0538723 -0.1073438 0 0 255
0.0657944 -0.0523160 -0.1071833 0 0 255
0.0655486 -0.0507374 -0.1072443 0 0 255
0.0653031 -0.0491604 -0.1073052 0 0 255
0.0653156 -0.0476056 -0.1071449 0 0 255
0.0658442 -0.0460906 -0.1065412 0 0 255
0.0653405 -0.0444960 -0.1068242 0 0 255
0.0653530 -0.0429411 -0.1066638 0 0 255
0.0653654 -0.0413863 -0.1065034 0 0 255
0.0658941 -0.0398648 -0.1058991 0 0 255
0.0653903 -0.0382765 -0.1061827 0 0 255
0.0656608 -0.0367367 -0.1058003 0 0 255
0.0661901 -0.0352096 -0.1051949 0 0 255
0.0662026 -0.0336523 -0.1050343 0 0 255
0.0664739 -0.0321077 -0.1046507 0 0 255
0.0670049 -0.0305736 -0.1040432 0 0 255
0.0670174 -0.0290138 -0.1038823 0 0 255
0.0672895 -0.0274644 -0.1034975 0 0 255
0.0670424 -0.0258941 -0.1035605 0 0 255
0.0675745 -0.0243520 -0.1029513 0 0 255
0.0673270 -0.0227825 -0.1030146 0 0 255
0.0673395 -0.0212218 -0.1028536 0 0 255
0.0678722 -0.0196740 -0.1022434 0 0 255
0.0684060 -0.0181230 -0.1016318 0 0 255
0.0678973 -0.0165493 -0.1019211 0 0 255
0.0671299 -0.0149748 -0.1024343 0 0 255
0.0674021 -0.0134181 -0.1020488 0 0 255
0.0674146 -0.0118573 -0.1018878 0 0 255
0.0666487 -0.0102914 -0.1024005 0 0 255
0.0664022 -0.0087321 -0.1024640 0 0 255
0.0661560 -0.0071743 -0.1025274 0 0 255
0.0659100 -0.0056181 -0.1025907 0 0 255
0.0654065 -0.0040650 -0.1028775 0 0 255
0.0651613 -0.0025127 -0.1029405 0 0 255
0.0646592 -0.0009651 -0.1032265 0 0 255
0.0641582 0.0005795 -0.1035119 0 0 255
0.0636581 0.0021209 -0.1037968 0 0 255
0.0634146 0.0036646 -0.1038592 0 0 255
0.0626611 0.0051944 -0.1043647 0 0 255
0.0624219 0.0067336 -0.1044238 0 0 255
0.0619254 0.0082634 -0.1047067 0 0 255
0.0614299 0.0097902 -0.1049891 0 0 255
0.0611886 0.0113231 -0.1050505 0 0 255
0.0606946 0.0128445 -0.1053321 0 0 255
0.0604541 0.0143737 -0.1053932 0 0 255
0.0604665 0.0159128 -0.1052345 0 0 255
0.0604788 0.0174520 -0.1050757 0 0 255
0.0602385 0.0189781 -0.1051370 0 0 255
0.0602509 0.0205166 -0.1049783 0 0 255
0.0600109 0.0220404 -0.1050396 0 0 255
0.0597711 0.0235627 -0.1051009 0 0 255
0.0600355 0.0251158 -0.1047224 0 0 255
0.0597957 0.0266367 -0.1047838 0 0 255
0.0595562 0.0281560 -0.1048451 0 0 255
0.0595685 0.0296922 -0.1046867 0 0 255
0.0595809 0.0312285 -0.1045282 0 0 255
0.0593415 0.0327448 -0.1045897 0 0 255
0.0596054 0.0343011 -0.1042113 0 0 255
0.0591148 0.0357944 -0.1044927 0 0 255
0.0596300 0.0373737 -0.1038944 0 0 255
0.0596423 0.0389101 -0.1037360 0 0 255
0.0596547 0.0404465 -0.1035775 0 0 255
0.0596670 0.0419829 -0.1034190 0 0 255
0.0596793 0.0435193 -0.1032605 0 0 255
0.0601957 0.0451082 -0.1026604 0 0 255
0.0602080 0.0466462 -0.1025018 0 0 255
0.0604728 0.0482120 -0.1021218 0 0 255
0.0609908 0.0498080 -0.1015196 0 0 255
0.0610030 0.0513484 -0.1013608 0 0 255
0.0615221 0.0529493 -0.1007572 0 0 255
0.0615344 0.0544913 -0.1005982 0 0 255
0.0620546 0.0560969 -0.0999932 0 0 255
0.0628304 0.0577386 -0.0991632 0 0 255
0.0628428 0.0592846 -0.0990037 0 0 255
0.0631103 0.0608649 -0.0986200 0 0 255
0.0641454 0.0625524 -0.0975611 0 0 255
0.0644143 0.0641384 -0.0971757 0 0 255
0.0651973 0.0658000 -0.0963376 0 0 255
0.0659828 0.0674666 -0.0954969 0 0 255
0.0662535 0.0690608 -0.0951091 0 0 255
0.0667831 0.0706962 -0.0944930 0 0 255
0.0670546 0.0722946 -0.0941041 0 0 255
0.0675859 0.0739359 -0.0934859 0 0 255
0.0670796 0.0754121 -0.0937825 0 0 255
0.0663158 0.0768426 -0.0943065 0 0 255
0.0663282 0.0783990 -0.0941460 0 0 255
0.0658245 0.0798670 -0.0944411 0 0 255
0.0650645 0.0812871 -0.0949627 0 0 255
0.0643069 0.0827030 -0.0954828 0 0 255
0.0638072 0.0841607 -0.0957753 0 0 255
0.0630534 0.0855687 -0.0962928 0 0 255
0.0628108 0.0870674 -0.0963587 0 0 255
0.0623142 0.0885164 -0.0966495 0 0 255
0.0615649 0.0899135 -0.0971641 0 0 255
0.0613239 0.0914056 -0.0972293 0 0 255
0.0615897 0.0929969 -0.0968460 0 0 255
0.0613486 0.0944875 -0.0969115 0 0 255
0.0611078 0.0959765 -0.0969768 0 0 255
0.0608672 0.0974641 -0.0970420 0 0 255
0.0611325 0.0990570 -0.0966591 0 0 255
0.0611449 0.1005973 -0.0965001 0 0 255
0.0606517 0.1020277 -0.0967897 0 0 255
0.0611695 0.1036778 -0.0961824 0 0 255
0.0611819 0.1052181 -0.0960235 0 0 255
0.0614473 0.1068158 -0.0956399 0 0 255
0.0617132 0.1084151 -0.0952558 0 0 255
0.0617255 0.1099570 -0.0950968 0 0 255
0.0617379 0.1114990 -0.0949377 0 0 255
0.0620039 0.1131015 -0.0945531 0 0 255
0.0617626 0.1145829 -0.0946197 0 0 255
0.0622826 0.1162492 -0.0940089 0 0 255
0.0620410 0.1177298 -0.0940758 0 0 255
0.0617996 0.1192090 -0.0941425 0 0 255
0.0620657 0.1208154 -0.0937575 0 0 255
0.0620781 0.1223583 -0.0935984 0 0 255
0.0625987 0.1240334 -0.0929863 0 0 255
0.0641422 0.1259808 -0.0914620 0 0 255
0.0654376 0.1278715 -0.0901580 0 0 255
0.0659651 0.1295633 -0.0895384 0 0 255
0.0680485 0.1316821 -0.0875300 0 0 255
0.0696253 0.1336739 -0.0859726 0 0 255
0.0704237 0.1354586 -0.0851094 0 0 255
0.0717512 0.1373972 -0.0837730 0 0 255
0.0736164 0.1394967 -0.0819555 0 0 255
0.0741608 0.1412278 -0.0813174 0 0 255
0.0741735 0.1428075 -0.0811545 0 0 255
0.0755298 0.1463621 -0.0796377 0 0 255
0.0747443 0.1477066 -0.0801887 0 0 255
0.0755585 0.1495308 -0.0793080 0 0 255
0.0761069 0.1512787 -0.0786649 0 0 255
0.0758516 0.1527814 -0.0787414 0 0 255
0.0755965 0.1542827 -0.0788179 0 0 255
0.0753418 0.1557824 -0.0788943 0 0 255
0.0756219 0.1574507 -0.0784912 0 0 255
0.0759023 0.1591207 -0.0780876 0 0 255
0.0756474 0.1606188 -0.0781644 0 0 255
0.0753925 0.1621153 -0.0782411 0 0 255
0.0756727 0.1637869 -0.0778376 0 0 255
0.0756854 0.1653710 -0.0776743 0 0 255
0.0751633 0.1667752 -0.0779914 0 0 255
0.0754433 0.1684484 -0.0775879 0 0 255
0.0751887 0.1699402 -0.0776649 0 0 255
0.0749344 0.1714305 -0.0777418 0 0 255
0.0752140 0.1731053 -0.0773385 0 0 255
0.0746930 0.1745002 -0.0776556 0 0 255
0.0744392 0.1759866 -0.0777324 0 0 255
0.0741857 0.1774715 -0.0778092 0 0 255
0.0739324 0.1789548 -0.0778858 0 0 255
0.0736794 0.1804367 -0.0779624 0 0 255
0.0734267 0.1819171 -0.0780389 0 0 255
0.0734393 0.1834941 -0.0778763 0 0 255
0.0734519 0.1850711 -0.0777136 0 0 255
0.0737300 0.1867481 -0.0773115 0 0 255
0.0737426 0.1883259 -0.0771487 0 0 255
0.0742869 0.1901071 -0.0765060 0 0 255
0.0742995 0.1916866 -0.0763431 0 0 255
0.0745784 0.1933696 -0.0759396 0 0 255
0.0748576 0.1950544 -0.0755357 0 0 255
0.0754041 0.1968463 -0.0748900 0 0 255
0.0754168 0.1984292 -0.0747267 0 0 255
0.0751624 0.1999051 -0.0748051 0 0 255
0.0749082 0.2013794 -0.0748834 0 0 255
0.0749209 0.2029607 -0.0747203 0 0 255
0.0749335 0.2045421 -0.0745572 0 0 255
0.0746796 0.2060134 -0.0746356 0 0 255
0.0744260 0.2074832 -0.0747139 0 0 255
0.0747049 0.2091746 -0.0743095 0 0 255
0.0744513 0.2106428 -0.0743880 0 0 255
0.0739322 0.2119965 -0.0747074 0 0 255
0.0736793 0.2134610 -0.0747856 0 0 255
0.0731617 0.2148098 -0.0751041 0 0 255
0.0726452 0.2161558 -0.0754220 0 0 255
0.0721298 0.2174991 -0.0757392 0 0 255
0.0716154 0.2188396 -0.0760558 0 0 255
0.0708396 0.2200610 -0.0766103 0 0 255
0.0698078 0.2211634 -0.0773979 0 0 255
0.0695592 0.2226114 -0.0774740 0 0 255
0.0693107 0.2240580 -0.0775500 0 0 255
0.0682821 0.2251474 -0.0783362 0 0 255
0.0677755 0.2264701 -0.0786477 0 0 255
0.0670115 0.2276707 -0.0791940 0 0 255
0.0667656 0.2291073 -0.0792688 0 0 255
0.0667781 0.2306633 -0.0791083 0 0 255
0.0660171 0.2318551 -0.0796528 0 0 255
0.0662871 0.2335309 -0.0792577 0 0 255
0.0652708 0.2345947 -0.0800357 0 0 255
0.0655400 0.2362693 -0.0796414 0 0 255
0.0652956 0.2376974 -0.0797157 0 0 255
0.0653080 0.2392488 -0.0795557 0 0 255
0.0650639 0.2406747 -0.0796300 0 0 255
0.0645640 0.2419732 -0.0799381 0 0 255
0.0645764 0.2435223 -0.0797783 0 0 255
0.0651011 0.2453268 -0.0791502 0 0 255
0.0653701 0.2470061 -0.0787556 0 0 255
0.0646136 0.2481697 -0.0792989 0 0 255
0.0651384 0.2499789 -0.0786704 0 0 255
0.0666943 0.2523178 -0.0770977 0 0 255
0.0954883 -0.0882335 -0.0827167 0 0 255
0.0955014 -0.0865825 -0.0825464 0 0 255
0.0955147 -0.0849315 -0.0823761 0 0 255
0.0937920 -0.0830338 -0.0836928 0 0 255
0.0912222 -0.0810291 -0.0857364 0 0 255
0.0943958 -0.0798209 -0.0828583 0 0 255
0.0759930 -0.0757272 -0.0984799 0 0 255
0.0743939 -0.0739271 -0.0996985 0 0 255
0.0730710 -0.0721719 -0.1006809 0 0 255
0.0709610 -0.0703277 -0.1023398 0 0 255
0.0707095 -0.0687205 -0.1024041 0 0 255
0.0704584 -0.0671149 -0.1024683 0 0 255
0.0686349 -0.0653312 -0.1038836 0 0 255
0.0678632 -0.0636757 -0.1043960 0 0 255
0.0665739 -0.0619691 -0.1053539 0 0 255
0.0665864 -0.0604073 -0.1051928 0 0 255
0.0663394 -0.0588190 -0.1052550 0 0 255
0.0658335 -0.0572067 -0.1055402 0 0 255
0.0648124 -0.0555481 -0.1062693 0 0 255
0.0645671 -0.0539679 -0.1063308 0 0 255
0.0643222 -0.0523892 -0.1063922 0 0 255
0.0640774 -0.0508122 -0.1064535 0 0 255
0.0643470 -0.0492797 -0.1060714 0 0 255
0.0643595 -0.0477249 -0.1059111 0 0 255
0.0643719 -0.0461701 -0.1057507 0 0 255
0.0643844 -0.0446152 -0.1055903 0 0 255
0.0638826 -0.0430237 -0.1058740 0 0 255
0.0644093 -0.0415055 -0.1052696 0 0 255
0.0641645 -0.0399338 -0.1053315 0 0 255
0.0641769 -0.0383797 -0.1051712 0 0 255
0.0641893 -0.0368256 -0.1050109 0 0 255
0.0644591 -0.0352858 -0.1046281 0 0 255
0.0649869 -0.0337580 -0.1040217 0 0 255
0.0649994 -0.0322014 -0.1038612 0 0 255
0.0652699 -0.0306569 -0.1034772 0 0 255
0.0655408 -0.0291107 -0.1030928 0 0 255
0.0658119 -0.0275630 -0.1027080 0 0 255
0.0655657 -0.0259942 -0.1027713 0 0 255
0.0658369 -0.0244448 -0.1023863 0 0 255
0.0661083 -0.0228939 -0.1020010 0 0 255
0.0661207 -0.0213340 -0.1018401 0 0 255
0.0666519 -0.0197871 -0.1012291 0 0 255
0.0661457 -0.0182141 -0.1015183 0 0 255
0.0661582 -0.0166541 -0.1013574 0 0 255
0.0659118 -0.0150900 -0.1014214 0 0 255
0.0659243 -0.0135308 -0.1012605 0 0 255
0.0656781 -0.0119691 -0.1013247 0 0 255
0.0654321 -0.0104089 -0.1013887 0 0 255
0.0651864 -0.0088503 -0.1014526 0 0 255
0.0649409 -0.0072932 -0.1015165 0 0 255
0.0641811 -0.0057390 -0.1020282 0 0 255
0.0641936 -0.0041853 -0.1018679 0 0 255
0.0636925 -0.0026359 -0.1021550 0 0 255
0.0637049 -0.0010837 -0.1019949 0 0 255
0.0634609 0.0004648 -0.1020583 0 0 255
0.0629614 0.0020071 -0.1023447 0 0 255
0.0622076 0.0035410 -0.1028531 0 0 255
0.0614595 0.0050703 -0.1033572 0 0 255
0.0612178 0.0066087 -0.1034196 0 0 255
0.0604694 0.0081302 -0.1039245 0 0 255
0.0602286 0.0096640 -0.1039865 0 0 255
0.0597356 0.0111871 -0.1042691 0 0 255
0.0600005 0.0127369 -0.1038895 0 0 255
0.0595079 0.0142562 -0.1041721 0 0 255
0.0597726 0.0158069 -0.1037926 0 0 255
0.0592805 0.0173223 -0.1040751 0 0 255
0.0590410 0.0188477 -0.1041369 0 0 255
0.0590532 0.0203854 -0.1039782 0 0 255
0.0590656 0.0219231 -0.1038196 0 0 255
0.0588263 0.0234455 -0.1038815 0 0 255
0.0588386 0.0249825 -0.1037229 0 0 255
0.0588509 0.0265195 -0.1035644 0 0 255
0.0583607 0.0280212 -0.1038466 0 0 255
0.0586241 0.0295751 -0.1034679 0 0 255
0.0581344 0.0310731 -0.1037500 0 0 255
0.0583976 0.0326278 -0.1033714 0 0 255
0.0584099 0.0341633 -0.1032131 0 0 255
0.0581713 0.0356774 -0.1032750 0 0 255
0.0584345 0.0372345 -0.1028962 0 0 255
0.0584468 0.0387701 -0.1027378 0 0 255
0.0587103 0.0403295 -0.1023585 0 0 255
0.0584714 0.0418414 -0.1024211 0 0 255
0.0589863 0.0434277 -0.1018204 0 0 255
0.0592503 0.0449911 -0.1014403 0 0 255
0.0592626 0.0465291 -0.1012816 0 0 255
0.0597791 0.0481227 -0.1006789 0 0 255
0.0597914 0.0496623 -0.1005201 0 0 255
0.0603090 0.0512606 -0.0999160 0 0 255
0.0603213 0.0528018 -0.0997570 0 0 255
0.0605866 0.0543740 -0.0993749 0 0 255
0.0608522 0.0559478 -0.0989924 0 0 255
0.0611181 0.0575232 -0.0986095 0 0 255
0.0618927 0.0591670 -0.0977773 0 0 255
0.0621596 0.0607473 -0.0973930 0 0 255
0.0626819 0.0623643 -0.0967830 0 0 255
0.0634612 0.0640206 -0.0959455 0 0 255
0.0639861 0.0656450 -0.0953325 0 0 255
0.0645121 0.0672728 -0.0947181 0 0 255
0.0650392 0.0689039 -0.0941025 0 0 255
0.0655673 0.0705384 -0.0934857 0 0 255
0.0658381 0.0721358 -0.0930964 0 0 255
0.0658506 0.0736938 -0.0929357 0 0 255
0.0656047 0.0752099 -0.0930038 0 0 255
0.0651014 0.0766818 -0.0933003 0 0 255
0.0648564 0.0781941 -0.0933681 0 0 255
0.0640979 0.0796168 -0.0938914 0 0 255
0.0635977 0.0810799 -0.0941860 0 0 255
0.0628430 0.0824946 -0.0947067 0 0 255
0.0623454 0.0839511 -0.0949997 0 0 255
0.0615945 0.0853580 -0.0955178 0 0 255
0.0610993 0.0868079 -0.0958093 0 0 255
0.0608582 0.0883030 -0.0958754 0 0 255
0.0598596 0.0896504 -0.0966148 0 0 255
0.0598720 0.0911898 -0.0964560 0 0 255
0.0596321 0.0926790 -0.0965215 0 0 255
0.0596445 0.0942177 -0.0963628 0 0 255
0.0594049 0.0957046 -0.0964283 0 0 255
0.0591655 0.0971901 -0.0964937 0 0 255
0.0596814 0.0988337 -0.0958867 0 0 255
0.0594418 0.1003184 -0.0959524 0 0 255
0.0597061 0.1019111 -0.0955693 0 0 255
0.0597184 0.1034499 -0.0954105 0 0 255
0.0592270 0.1048761 -0.0957009 0 0 255
0.0597430 0.1065275 -0.0950931 0 0 255
0.0595034 0.1080084 -0.0951592 0 0 255
0.0592640 0.1094879 -0.0952253 0 0 255
0.0592763 0.1110252 -0.0950667 0 0 255
0.0595403 0.1126226 -0.0946833 0 0 255
0.0595526 0.1141608 -0.0945247 0 0 255
0.0598169 0.1157607 -0.0941408 0 0 255
0.0595772 0.1172371 -0.0942074 0 0 255
0.0600938 0.1189019 -0.0935977 0 0 255
0.0601061 0.1204416 -0.0934389 0 0 255
0.0603709 0.1220464 -0.0930541 0 0 255
0.0608891 0.1237186 -0.0924423 0 0 255
0.0609014 0.1252608 -0.0922833 0 0 255
0.0614206 0.1269380 -0.0916701 0 0 255
0.0621951 0.1286872 -0.0908279 0 0 255
0.0642515 0.1307905 -0.0888360 0 0 255
0.0655499 0.1326974 -0.0875226 0 0 255
0.0663371 0.1344697 -0.0866671 0 0 255
0.0681666 0.1365405 -0.0848757 0 0 255
0.0697470 0.1385515 -0.0833069 0 0 255
0.0710736 0.1404991 -0.0819651 0 0 255
0.0718779 0.1423027 -0.0810918 0 0 255
0.0721549 0.1439561 -0.0806916 0 0 255
0.0729626 0.1457689 -0.0798144 0 0 255
0.0727100 0.1472683 -0.0798900 0 0 255
0.0727226 0.1488465 -0.0797272 0 0 255
0.0730005 0.1505059 -0.0793258 0 0 255
0.0732787 0.1521672 -0.0789239 0 0 255
0.0735572 0.1538301 -0.0785216 0 0 255
0.0730385 0.1552432 -0.0788372 0 0 255
0.0735825 0.1569916 -0.0781955 0 0 255
0.0733293 0.1584869 -0.0782721 0 0 255
0.0733420 0.1600668 -0.0781091 0 0 255
0.0730890 0.1615597 -0.0781857 0 0 255
0.0728363 0.1630511 -0.0782622 0 0 255
0.0731143 0.1647182 -0.0778599 0 0 255
0.0731269 0.1662974 -0.0776970 0 0 255
0.0731395 0.1678766 -0.0775341 0 0 255
0.0728868 0.1693649 -0.0776109 0 0 255
0.0728995 0.1709433 -0.0774481 0 0 255
0.0723822 0.1723368 -0.0777643 0 0 255
0.0723947 0.1739137 -0.0776017 0 0 255
0.0724074 0.1754906 -0.0774390 0 0 255
0.0718911 0.1768780 -0.0777549 0 0 255
0.0719037 0.1784533 -0.0775924 0 0 255
0.0716523 0.1799324 -0.0776689 0 0 255
0.0714011 0.1814101 -0.0777454 0 0 255
0.0711502 0.1828862 -0.0778219 0 0 255
0.0714263 0.1845576 -0.0774208 0 0 255
0.0717027 0.1862308 -0.0770193 0 0 255
0.0717153 0.1878055 -0.0768569 0 0 255
0.0719919 0.1894812 -0.0764550 0 0 255
0.0725336 0.1912609 -0.0758124 0 0 255
0.0725462 0.1928380 -0.0756498 0 0 255
0.0733544 0.1947271 -0.0747647 0 0 255
0.0728364 0.1960970 -0.0750838 0 0 255
0.0731142 0.1977806 -0.0746801 0 0 255
0.0728617 0.1992531 -0.0747583 0 0 255
0.0734051 0.2010457 -0.0741130 0 0 255
0.0731522 0.2025173 -0.0741915 0 0 255
0.0728996 0.2039873 -0.0742699 0 0 255
0.0729123 0.2055654 -0.0741071 0 0 255
0.0729249 0.2071436 -0.0739444 0 0 255
0.0729375 0.2087217 -0.0737816 0 0 255
0.0724204 0.2100760 -0.0741014 0 0 255
0.0724330 0.2116526 -0.0739388 0 0 255
0.0721812 0.2131158 -0.0740172 0 0 255
0.0714021 0.2143497 -0.0745766 0 0 255
0.0711513 0.2158085 -0.0746546 0 0 255
0.0703753 0.2170358 -0.0752118 0 0 255
0.0703879 0.2186060 -0.0750498 0 0 255
0.0698761 0.2199434 -0.0753666 0 0 255
0.0685856 0.2209294 -0.0763948 0 0 255
0.0678176 0.2221427 -0.0769466 0 0 255
0.0678300 0.2237050 -0.0767854 0 0 255
0.0670643 0.2249122 -0.0773357 0 0 255
0.0663009 0.2261158 -0.0778843 0 0 255
0.0657974 0.2274348 -0.0781957 0 0 255
0.0652950 0.2287511 -0.0785063 0 0 255
0.0650504 0.2301851 -0.0785813 0 0 255
0.0642931 0.2313758 -0.0791258 0 0 255
0.0645618 0.2330488 -0.0787310 0 0 255
0.0640619 0.2343562 -0.0790403 0 0 255
0.0640743 0.2359068 -0.0788804 0 0 255
0.0640867 0.2374574 -0.0787205 0 0 255
0.0630774 0.2385107 -0.0794975 0 0 255
0.0633449 0.2401831 -0.0791039 0 0 255
0.0628474 0.2414801 -0.0794121 0 0 255
0.0631146 0.2431532 -0.0790187 0 0 255
0.0636374 0.2449555 -0.0783904 0 0 255
0.0639054 0.2466331 -0.0779958 0 0 255
0.0636622 0.2480539 -0.0780707 0 0 255
0.0639302 0.2497329 -0.0776761 0 0 255
0.0649676 0.2518070 -0.0765738 0 0 255
0.0662672 0.2540223 -0.0752297 0 0 255
0.0930151 -0.0897878 -0.0828182 0 0 255
0.0907332 -0.0877928 -0.0846216 0 0 255
0.0916047 -0.0862810 -0.0837142 0 0 255
0.0927667 -0.0848062 -0.0825564 0 0 255
0.0910584 -0.0829150 -0.0838682 0 0 255
0.0876617 -0.0807990 -0.0866348 0 0 255
0.0851459 -0.0788241 -0.0886447 0 0 255
0.0739411 -0.0757064 -0.0981423 0 0 255
0.0736861 -0.0740839 -0.0982092 0 0 255
0.0726306 -0.0723613 -0.0989664 0 0 255
0.0707847 -0.0705471 -0.1004061 0 0 255
0.0700049 -0.0688734 -0.1009270 0 0 255
0.0694906 -0.0672359 -0.1012193 0 0 255
0.0674093 -0.0654217 -0.1028646 0 0 255
0.0674219 -0.0638543 -0.1027029 0 0 255
0.0658728 -0.0621173 -0.1038904 0 0 255
0.0658854 -0.0605547 -0.1037292 0 0 255
0.0653794 -0.0589389 -0.1040162 0 0 255
0.0646163 -0.0573008 -0.1045260 0 0 255
0.0638554 -0.0556676 -0.1050342 0 0 255
0.0633536 -0.0540633 -0.1053187 0 0 255
0.0636230 -0.0525317 -0.1049359 0 0 255
0.0633785 -0.0509538 -0.1049980 0 0 255
0.0631342 -0.0493775 -0.1050600 0 0 255
0.0634034 -0.0478442 -0.1046772 0 0 255
0.0629026 -0.0462494 -0.1049618 0 0 255
0.0629150 -0.0446962 -0.1048016 0 0 255
0.0629274 -0.0431429 -0.1046413 0 0 255
0.0631964 -0.0416071 -0.1042585 0 0 255
0.0626960 -0.0400194 -0.1045434 0 0 255
0.0629647 -0.0384829 -0.1041607 0 0 255
0.0629771 -0.0369295 -0.1040004 0 0 255
0.0632461 -0.0353905 -0.1036173 0 0 255
0.0632586 -0.0338363 -0.1034569 0 0 255
0.0637849 -0.0323078 -0.1028498 0 0 255
0.0637973 -0.0307520 -0.1026893 0 0 255
0.0640672 -0.0292075 -0.1023048 0 0 255
0.0638222 -0.0276403 -0.1023683 0 0 255
0.0643498 -0.0261038 -0.1017593 0 0 255
0.0643622 -0.0245464 -0.1015987 0 0 255
0.0646326 -0.0229970 -0.1012133 0 0 255
0.0646451 -0.0214387 -0.1010526 0 0 255
0.0643996 -0.0198738 -0.1011167 0 0 255
0.0646700 -0.0183219 -0.1007311 0 0 255
0.0649407 -0.0167685 -0.1003450 0 0 255
0.0644370 -0.0152010 -0.1006347 0 0 255
0.0644495 -0.0136433 -0.1004740 0 0 255
0.0642042 -0.0120831 -0.1005384 0 0 255
0.0639593 -0.0105244 -0.1006027 0 0 255
0.0639717 -0.0089683 -0.1004422 0 0 255
0.0634701 -0.0074118 -0.1007312 0 0 255
0.0629694 -0.0058584 -0.1010196 0 0 255
0.0624698 -0.0043082 -0.1013074 0 0 255
0.0624822 -0.0027567 -0.1011474 0 0 255
0.0619836 -0.0012112 -0.1014347 0 0 255
0.0619960 0.0003387 -0.1012748 0 0 255
0.0614984 0.0018796 -0.1015618 0 0 255
0.0604971 0.0034069 -0.1022905 0 0 255
0.0602558 0.0049462 -0.1023534 0 0 255
0.0595089 0.0064702 -0.1028600 0 0 255
0.0592687 0.0080049 -0.1029225 0 0 255
0.0592810 0.0095463 -0.1027635 0 0 255
0.0587889 0.0110695 -0.1030473 0 0 255
0.0585494 0.0125995 -0.1031097 0 0 255
0.0588135 0.0141494 -0.1027296 0 0 255
0.0585740 0.0156779 -0.1027921 0 0 255
0.0580834 0.0171927 -0.1030755 0 0 255
0.0580957 0.0187304 -0.1029169 0 0 255
0.0578568 0.0202544 -0.1029792 0 0 255
0.0578691 0.0217913 -0.1028206 0 0 255
0.0576306 0.0233131 -0.1028829 0 0 255
0.0571419 0.0248173 -0.1031656 0 0 255
0.0574045 0.0263687 -0.1027867 0 0 255
0.0574168 0.0279042 -0.1026283 0 0 255
0.0574291 0.0294397 -0.1024700 0 0 255
0.0571910 0.0309562 -0.1025324 0 0 255
0.0574537 0.0325108 -0.1021532 0 0 255
0.0572156 0.0340257 -0.1022157 0 0 255
0.0572278 0.0355605 -0.1020574 0 0 255
0.0574906 0.0371175 -0.1016780 0 0 255
0.0575029 0.0386531 -0.1015196 0 0 255
0.0572647 0.0401651 -0.1015824 0 0 255
0.0575274 0.0417244 -0.1012028 0 0 255
0.0572892 0.0432349 -0.1012658 0 0 255
0.0578027 0.0448219 -0.1006642 0 0 255
0.0578150 0.0463584 -0.1005058 0 0 255
0.0580783 0.0479225 -0.1001251 0 0 255
0.0585933 0.0495167 -0.0995215 0 0 255
0.0591094 0.0511141 -0.0989167 0 0 255
0.0593740 0.0526846 -0.0985343 0 0 255
0.0596388 0.0542567 -0.0981516 0 0 255
0.0599040 0.0558304 -0.0977685 0 0 255
0.0601693 0.0574058 -0.0973849 0 0 255
0.0609424 0.0590495 -0.0965509 0 0 255
0.0609548 0.0605955 -0.0963914 0 0 255
0.0617301 0.0622466 -0.0955547 0 0 255
0.0625080 0.0639027 -0.0947154 0 0 255
0.0625204 0.0654535 -0.0945554 0 0 255
0.0635570 0.0671548 -0.0934854 0 0 255
0.0640831 0.0687858 -0.0928686 0 0 255
0.0643528 0.0703807 -0.0924794 0 0 255
0.0646228 0.0719773 -0.0920899 0 0 255
0.0643777 0.0734934 -0.0921583 0 0 255
0.0643902 0.0750499 -0.0919978 0 0 255
0.0638884 0.0765212 -0.0922951 0 0 255
0.0636441 0.0780328 -0.0923633 0 0 255
0.0631438 0.0794990 -0.0926598 0 0 255
0.0618789 0.0808285 -0.0936379 0 0 255
0.0613822 0.0822867 -0.0939321 0 0 255
0.0606328 0.0836960 -0.0944518 0 0 255
0.0598856 0.0851012 -0.0949700 0 0 255
0.0596454 0.0865964 -0.0950363 0 0 255
0.0591531 0.0880422 -0.0953277 0 0 255
0.0586619 0.0894852 -0.0956185 0 0 255
0.0581717 0.0909252 -0.0959087 0 0 255
0.0581840 0.0924623 -0.0957501 0 0 255
0.0581963 0.0939994 -0.0955916 0 0 255
0.0577070 0.0954335 -0.0958815 0 0 255
0.0579699 0.0970214 -0.0954989 0 0 255
0.0579822 0.0985578 -0.0953405 0 0 255
0.0582455 0.1001480 -0.0949574 0 0 255
0.0580068 0.1016306 -0.0950235 0 0 255
0.0577684 0.1031117 -0.0950895 0 0 255
0.0575303 0.1045914 -0.0951555 0 0 255
0.0575425 0.1061263 -0.0949972 0 0 255
0.0578052 0.1077189 -0.0946143 0 0 255
0.0578176 0.1092547 -0.0944559 0 0 255
0.0578299 0.1107904 -0.0942975 0 0 255
0.0575916 0.1122663 -0.0943638 0 0 255
0.0578544 0.1138620 -0.0939806 0 0 255
0.0581174 0.1154594 -0.0935971 0 0 255
0.0581298 0.1169960 -0.0934386 0 0 255
0.0583930 0.1185957 -0.0930545 0 0 255
0.0584054 0.1201332 -0.0928959 0 0 255
0.0581698 0.1216068 -0.0929602 0 0 255
0.0586936 0.1248119 -0.0921941 0 0 255
0.0589574 0.1264173 -0.0918090 0 0 255
0.0602312 0.1282968 -0.0905145 0 0 255
0.0615116 0.1301858 -0.0892133 0 0 255
0.0630541 0.1321550 -0.0876752 0 0 255
0.0640919 0.1339927 -0.0865911 0 0 255
0.0661675 0.1361296 -0.0845707 0 0 255
0.0666984 0.1378386 -0.0839422 0 0 255
0.0677511 0.1397012 -0.0828426 0 0 255
0.0690698 0.1416477 -0.0815024 0 0 255
0.0701322 0.1435269 -0.0803928 0 0 255
0.0701447 0.1451001 -0.0802306 0 0 255
0.0704205 0.1467526 -0.0798306 0 0 255
0.0706965 0.1484067 -0.0794302 0 0 255
0.0707090 0.1499816 -0.0792678 0 0 255
0.0709854 0.1516383 -0.0788669 0 0 255
0.0704709 0.1530493 -0.0791811 0 0 255
0.0710106 0.1547900 -0.0785418 0 0 255
0.0704961 0.1561978 -0.0788563 0 0 255
0.0707721 0.1578569 -0.0784554 0 0 255
0.0710484 0.1595177 -0.0780541 0 0 255
0.0705338 0.1609206 -0.0783692 0 0 255
0.0708098 0.1625822 -0.0779681 0 0 255
0.0705590 0.1640693 -0.0780444 0 0 255
0.0705716 0.1656437 -0.0778820 0 0 255
0.0705842 0.1672181 -0.0777196 0 0 255
0.0703335 0.1687021 -0.0777961 0 0 255
0.0703461 0.1702757 -0.0776338 0 0 255
0.0703588 0.1718494 -0.0774714 0 0 255
0.0698456 0.1732376 -0.0777866 0 0 255
0.0701209 0.1749032 -0.0773858 0 0 255
0.0698708 0.1763818 -0.0774623 0 0 255
0.0698833 0.1779539 -0.0773002 0 0 255
0.0696334 0.1794302 -0.0773767 0 0 255
0.0693838 0.1809051 -0.0774532 0 0 255
0.0693964 0.1824756 -0.0772912 0 0 255
0.0694090 0.1840462 -0.0771292 0 0 255
0.0696837 0.1857157 -0.0767284 0 0 255
0.0699589 0.1873870 -0.0763271 0 0 255
0.0699714 0.1889593 -0.0761649 0 0 255
0.0702468 0.1906331 -0.0757632 0 0 255
0.0702594 0.1922062 -0.0756009 0 0 255
0.0710620 0.1940894 -0.0747181 0 0 255
0.0708110 0.1955606 -0.0747961 0 0 255
0.0710872 0.1972405 -0.0743931 0 0 255
0.0713637 0.1989222 -0.0739896 0 0 255
0.0713763 0.2004986 -0.0738270 0 0 255
0.0716531 0.2021828 -0.0734230 0 0 255
0.0714015 0.2036515 -0.0735018 0 0 255
0.0714141 0.2052281 -0.0733392 0 0 255
0.0708992 0.2065846 -0.0736590 0 0 255
0.0711754 0.2082702 -0.0732554 0 0 255
0.0711880 0.2098460 -0.0730928 0 0 255
0.0706735 0.2111971 -0.0734128 0 0 255
0.0706862 0.2127713 -0.0732504 0 0 255
0.0701727 0.2141180 -0.0735699 0 0 255
0.0693983 0.2153479 -0.0741287 0 0 255
0.0691490 0.2168032 -0.0742068 0 0 255
0.0688999 0.2182571 -0.0742848 0 0 255
0.0676120 0.2192475 -0.0753157 0 0 255
0.0668455 0.2204634 -0.0758690 0 0 255
0.0665987 0.2219088 -0.0759458 0 0 255
0.0660937 0.2232354 -0.0762598 0 0 255
0.0655897 0.2245593 -0.0765733 0 0 255
0.0645722 0.2256440 -0.0773586 0 0 255
0.0643278 0.2270803 -0.0774342 0 0 255
0.0638273 0.2283956 -0.0777453 0 0 255
0.0638397 0.2299485 -0.0775852 0 0 255
0.0630847 0.2311390 -0.0781309 0 0 255
0.0628418 0.2325682 -0.0782058 0 0 255
0.0625992 0.2339960 -0.0782807 0 0 255
0.0626116 0.2355450 -0.0781209 0 0 255
0.0623692 0.2369707 -0.0781957 0 0 255
0.0621271 0.2383949 -0.0782706 0 0 255
0.0613773 0.2395685 -0.0788133 0 0 255
0.0616434 0.2412390 -0.0784200 0 0 255
0.0616558 0.2427850 -0.0782605 0 0 255
0.0621765 0.2445851 -0.0776321 0 0 255
0.0624435 0.2462607 -0.0772375 0 0 255
0.0624560 0.2478091 -0.0770778 0 0 255
0.0627232 0.2494873 -0.0766828 0 0 255
0.0637575 0.2515598 -0.0755790 0 0 255
0.0658265 0.2541715 -0.0735188 0 0 255
0.0658390 0.2557302 -0.0733580 0 0 255
0.0663683 0.2575583 -0.0727195 0 0 255
0.0894269 -0.0895141 -0.0837355 0 0 255
0.0894400 -0.0878756 -0.0835665 0 0 255
0.0883163 -0.0860673 -0.0843799 0 0 255
0.0897512 -0.0846400 -0.0829821 0 0 255
0.0830083 -0.0820338 -0.0886553 0 0 255
0.0775244 -0.0796456 -0.0932434 0 0 255
0.0764510 -0.0778951 -0.0940181 0 0 255
0.0740362 -0.0759719 -0.0959547 0 0 255
0.0735126 -0.0743108 -0.0962550 0 0 255
0.0727229 -0.0726191 -0.0967862 0 0 255
0.0706078 -0.0707673 -0.0984663 0 0 255
0.0690361 -0.0689945 -0.0996767 0 0 255
0.0666936 -0.0671404 -0.1015563 0 0 255
0.0664454 -0.0655421 -0.1016207 0 0 255
0.0659374 -0.0639164 -0.1019107 0 0 255
0.0649119 -0.0622373 -0.1026503 0 0 255
0.0649244 -0.0606747 -0.1024890 0 0 255
0.0639030 -0.0590057 -0.1032259 0 0 255
0.0641736 -0.0574719 -0.1028408 0 0 255
0.0631554 -0.0558120 -0.1035757 0 0 255
0.0626540 -0.0542067 -0.1038619 0 0 255
0.0621537 -0.0526047 -0.1041474 0 0 255
0.0621662 -0.0510507 -0.1039871 0 0 255
0.0621786 -0.0494967 -0.1038268 0 0 255
0.0619350 -0.0479219 -0.1038893 0 0 255
0.0619474 -0.0463686 -0.1037291 0 0 255
0.0617040 -0.0447961 -0.1037918 0 0 255
0.0612057 -0.0432068 -0.1040768 0 0 255
0.0617289 -0.0416910 -0.1034715 0 0 255
0.0617414 -0.0401385 -0.1033113 0 0 255
0.0612430 -0.0385539 -0.1035968 0 0 255
0.0617662 -0.0370333 -0.1029909 0 0 255
0.0617787 -0.0354807 -0.1028308 0 0 255
0.0620469 -0.0339417 -0.1024472 0 0 255
0.0620593 -0.0323883 -0.1022869 0 0 255
0.0625842 -0.0308591 -0.1016788 0 0 255
0.0625966 -0.0293040 -0.1015184 0 0 255
0.0628656 -0.0277595 -0.1011336 0 0 255
0.0626215 -0.0261938 -0.1011976 0 0 255
0.0628905 -0.0246476 -0.1008126 0 0 255
0.0631599 -0.0230999 -0.1004272 0 0 255
0.0634295 -0.0215505 -0.1000414 0 0 255
0.0631847 -0.0199864 -0.1001061 0 0 255
0.0637118 -0.0184412 -0.0994945 0 0 255
0.0637243 -0.0168828 -0.0993337 0 0 255
0.0634793 -0.0153202 -0.0993987 0 0 255
0.0634918 -0.0137625 -0.0992380 0 0 255
0.0632470 -0.0122022 -0.0993031 0 0 255
0.0627459 -0.0106416 -0.0995933 0 0 255
0.0625018 -0.0090852 -0.0996581 0 0 255
0.0620022 -0.0075302 -0.0999475 0 0 255
0.0620146 -0.0059772 -0.0997873 0 0 255
0.0615160 -0.0044268 -0.1000764 0 0 255
0.0612732 -0.0028774 -0.1001407 0 0 255
0.0610307 -0.0013296 -0.1002049 0 0 255
0.0607885 0.0002166 -0.1002691 0 0 255
0.0595347 0.0017436 -0.1012238 0 0 255
0.0588008 0.0048162 -0.1015732 0 0 255
0.0583087 0.0063457 -0.1018585 0 0 255
0.0585732 0.0078947 -0.1014772 0 0 255
0.0580815 0.0094203 -0.1017625 0 0 255
0.0580938 0.0109610 -0.1016036 0 0 255
0.0576031 0.0124821 -0.1018884 0 0 255
0.0573644 0.0140107 -0.1019512 0 0 255
0.0571258 0.0155377 -0.1020140 0 0 255
0.0573890 0.0170875 -0.1016338 0 0 255
0.0574013 0.0186260 -0.1014752 0 0 255
0.0569120 0.0201372 -0.1017597 0 0 255
0.0569244 0.0216741 -0.1016011 0 0 255
0.0564361 0.0231807 -0.1018853 0 0 255
0.0561984 0.0247002 -0.1019480 0 0 255
0.0564606 0.0262517 -0.1015685 0 0 255
0.0562230 0.0277697 -0.1016313 0 0 255
0.0562353 0.0293044 -0.1014730 0 0 255
0.0562475 0.0308392 -0.1013147 0 0 255
0.0562598 0.0323740 -0.1011564 0 0 255
0.0560224 0.0338882 -0.1012194 0 0 255
0.0560347 0.0354223 -0.1010611 0 0 255
0.0560470 0.0369564 -0.1009029 0 0 255
0.0560592 0.0384905 -0.1007446 0 0 255
0.0563212 0.0400482 -0.1003647 0 0 255
0.0558343 0.0415343 -0.1006497 0 0 255
0.0565957 0.0431432 -0.0998261 0 0 255
0.0568582 0.0447049 -0.0994453 0 0 255
0.0568705 0.0462414 -0.0992868 0 0 255
0.0571333 0.0478055 -0.0989056 0 0 255
0.0576474 0.0493996 -0.0983007 0 0 255
0.0576597 0.0509385 -0.0981420 0 0 255
0.0581748 0.0525373 -0.0975358 0 0 255
0.0586910 0.0541394 -0.0969283 0 0 255
0.0589556 0.0557131 -0.0965445 0 0 255
0.0594734 0.0573209 -0.0959351 0 0 255
0.0594857 0.0588653 -0.0957758 0 0 255
0.0600045 0.0604780 -0.0951650 0 0 255
0.0607784 0.0621289 -0.0943264 0 0 255
0.0610452 0.0637131 -0.0939398 0 0 255
0.0615672 0.0653357 -0.0933252 0 0 255
0.0623460 0.0669991 -0.0924811 0 0 255
0.0628706 0.0686291 -0.0918636 0 0 255
0.0633963 0.0702625 -0.0912447 0 0 255
0.0634087 0.0718189 -0.0910842 0 0 255
0.0634212 0.0733753 -0.0909236 0 0 255
0.0631769 0.0748900 -0.0909927 0 0 255
0.0626765 0.0763608 -0.0912909 0 0 255
0.0621772 0.0778286 -0.0915884 0 0 255
0.0619341 0.0793373 -0.0916569 0 0 255
0.0609272 0.0807110 -0.0924095 0 0 255
0.0601777 0.0821242 -0.0929321 0 0 255
0.0594305 0.0835331 -0.0934531 0 0 255
0.0584336 0.0848915 -0.0941982 0 0 255
0.0581943 0.0863853 -0.0942649 0 0 255
0.0577040 0.0878299 -0.0945567 0 0 255
0.0574654 0.0893200 -0.0946231 0 0 255
0.0572270 0.0908087 -0.0946894 0 0 255
0.0572393 0.0923458 -0.0945309 0 0 255
0.0565010 0.0937310 -0.0950463 0 0 255
0.0565133 0.0952658 -0.0948880 0 0 255
0.0565256 0.0968007 -0.0947296 0 0 255
0.0562882 0.0982827 -0.0947958 0 0 255
0.0565501 0.0998704 -0.0944130 0 0 255
0.0563127 0.1013509 -0.0944793 0 0 255
0.0563250 0.1028851 -0.0943210 0 0 255
0.0560878 0.1043634 -0.0943873 0 0 255
0.0561032 0.1058975 -0.0942262 0 0 255
0.0561155 0.1074310 -0.0940681 0 0 255
0.0558785 0.1089063 -0.0941344 0 0 255
0.0563895 0.1105569 -0.0935269 0 0 255
0.0561523 0.1120314 -0.0935935 0 0 255
0.0566638 0.1136860 -0.0929851 0 0 255
0.0566761 0.1152211 -0.0928267 0 0 255
0.0566884 0.1167562 -0.0926684 0 0 255
0.0567007 0.1182913 -0.0925100 0 0 255
0.0567130 0.1198265 -0.0923516 0 0 255
0.0567253 0.1213617 -0.0921932 0 0 255
0.0569875 0.1229621 -0.0918090 0 0 255
0.0572502 0.1245641 -0.0914243 0 0 255
0.0580240 0.1278401 -0.0904295 0 0 255
0.0587910 0.1295854 -0.0895879 0 0 255
0.0608274 0.1316860 -0.0875970 0 0 255
0.0616030 0.1334469 -0.0867464 0 0 255
0.0634054 0.1355025 -0.0849653 0 0 255
0.0647042 0.1374255 -0.0836394 0 0 255
0.0660098 0.1393582 -0.0823067 0 0 255
0.0668014 0.1411490 -0.0814392 0 0 255
0.0678564 0.1430223 -0.0803322 0 0 255
0.0681301 0.1446694 -0.0799334 0 0 255
0.0684043 0.1463182 -0.0795340 0 0 255
0.0686787 0.1479687 -0.0791343 0 0 255
0.0689534 0.1496209 -0.0787342 0 0 255
0.0684420 0.1510310 -0.0790479 0 0 255
0.0681929 0.1525201 -0.0791236 0 0 255
0.0684671 0.1541730 -0.0787238 0 0 255
0.0684797 0.1557441 -0.0785617 0 0 255
0.0684922 0.1573151 -0.0783997 0 0 255
0.0685048 0.1588862 -0.0782376 0 0 255
0.0687792 0.1605433 -0.0778372 0 0 255
0.0682682 0.1619416 -0.0781517 0 0 255
0.0680195 0.1634245 -0.0782277 0 0 255
0.0685551 0.1651707 -0.0775894 0 0 255
0.0683059 0.1666527 -0.0776657 0 0 255
0.0680572 0.1681332 -0.0777420 0 0 255
0.0680697 0.1697028 -0.0775801 0 0 255
0.0680823 0.1712724 -0.0774181 0 0 255
0.0678337 0.1727499 -0.0774945 0 0 255
0.0678462 0.1743187 -0.0773327 0 0 255
0.0678588 0.1758876 -0.0771708 0 0 255
0.0681325 0.1775511 -0.0767704 0 0 255
0.0678839 0.1790254 -0.0768471 0 0 255
0.0678964 0.1805944 -0.0766853 0 0 255
0.0679090 0.1821633 -0.0765235 0 0 255
0.0679215 0.1837323 -0.0763616 0 0 255
0.0679340 0.1853013 -0.0761998 0 0 255
0.0679466 0.1868704 -0.0760379 0 0 255
0.0684818 0.1886400 -0.0753976 0 0 255
0.0682329 0.1901095 -0.0754750 0 0 255
0.0690306 0.1919856 -0.0745938 0 0 255
0.0690433 0.1935579 -0.0744316 0 0 255
0.0690559 0.1951303 -0.0742694 0 0 255
0.0693308 0.1968074 -0.0738667 0 0 255
0.0693433 0.1983806 -0.0737045 0 0 255
0.0696185 0.2000602 -0.0733012 0 0 255
0.0698940 0.2017417 -0.0728976 0 0 255
0.0696437 0.2032083 -0.0729765 0 0 255
0.0693936 0.2046735 -0.0730553 0 0 255
0.0696688 0.2063565 -0.0726518 0 0 255
0.0691564 0.2077098 -0.0729718 0 0 255
0.0696940 0.2095048 -0.0723270 0 0 255
0.0691816 0.2108548 -0.0726474 0 0 255
0.0691941 0.2124275 -0.0724852 0 0 255
0.0684212 0.2136599 -0.0730457 0 0 255
0.0676506 0.2148886 -0.0736046 0 0 255
0.0676631 0.2164564 -0.0734429 0 0 255
0.0666384 0.2175656 -0.0742365 0 0 255
0.0663915 0.2190147 -0.0743141 0 0 255
0.0653687 0.2201144 -0.0751069 0 0 255
0.0648652 0.2214422 -0.0754217 0 0 255
0.0643626 0.2227672 -0.0757358 0 0 255
0.0638611 0.2240896 -0.0760493 0 0 255
0.0631046 0.2252914 -0.0765984 0 0 255
0.0623502 0.2264895 -0.0771459 0 0 255
0.0621076 0.2279218 -0.0772214 0 0 255
0.0621200 0.2294723 -0.0770614 0 0 255
0.0613688 0.2306618 -0.0776071 0 0 255
0.0613812 0.2322100 -0.0774473 0 0 255
0.0611395 0.2336366 -0.0775225 0 0 255
0.0606444 0.2349395 -0.0778321 0 0 255
0.0606568 0.2364854 -0.0776727 0 0 255
0.0606692 0.2380314 -0.0775132 0 0 255
0.0604282 0.2394529 -0.0775883 0 0 255
0.0606939 0.2411233 -0.0771942 0 0 255
0.0604529 0.2425434 -0.0772695 0 0 255
0.0607187 0.2442154 -0.0768753 0 0 255
0.0612384 0.2460169 -0.0762455 0 0 255
0.0612507 0.2475646 -0.0760859 0 0 255
0.0620263 0.2495012 -0.0752184 0 0 255
0.0628041 0.2514437 -0.0743483 0 0 255
0.0646117 0.2539222 -0.0725220 0 0 255
0.0648817 0.2556137 -0.0721223 0 0 255
0.0654100 0.2574417 -0.0714825 0 0 255
0.0654225 0.2590021 -0.0713215 0 0 255
0.0878512 -0.0895517 -0.0829277 0 0 255
0.0875808 -0.0878715 -0.0830050 0 0 255
0.0864629 -0.0860661 -0.0838182 0 0 255
0.0831117 -0.0839401 -0.0865718 0 0 255
0.0798030 -0.0818410 -0.0892906 0 0 255
0.0781742 -0.0799985 -0.0905512 0 0 255
0.0781870 -0.0783916 -0.0903855 0 0 255
0.0752105 -0.0763833 -0.0928197 0 0 255
0.0733387 -0.0745384 -0.0942945 0 0 255
0.0717470 -0.0727411 -0.0955268 0 0 255
0.0706955 -0.0710212 -0.0962895 0 0 255
0.0680671 -0.0691156 -0.0984264 0 0 255
0.0657291 -0.0672609 -0.1003118 0 0 255
0.0652216 -0.0656325 -0.1006033 0 0 255
0.0649745 -0.0640367 -0.1006680 0 0 255
0.0639509 -0.0623574 -0.1014101 0 0 255
0.0637050 -0.0607672 -0.1014743 0 0 255
0.0629440 -0.0591254 -0.1019883 0 0 255
0.0626992 -0.0575401 -0.1020520 0 0 255
0.0619413 -0.0559066 -0.1025640 0 0 255
0.0614414 -0.0543021 -0.1028510 0 0 255
0.0619661 -0.0527939 -0.1022429 0 0 255
0.0612105 -0.0511700 -0.1027538 0 0 255
0.0612230 -0.0496160 -0.1025935 0 0 255
0.0612354 -0.0480619 -0.1024331 0 0 255
0.0604820 -0.0464477 -0.1029430 0 0 255
0.0604944 -0.0448960 -0.1027829 0 0 255
0.0602521 -0.0433258 -0.1028459 0 0 255
0.0605192 -0.0417924 -0.1024627 0 0 255
0.0600223 -0.0402069 -0.1027490 0 0 255
0.0600347 -0.0386567 -0.1025890 0 0 255
0.0600471 -0.0371065 -0.1024291 0 0 255
0.0605689 -0.0355852 -0.1018224 0 0 255
0.0605813 -0.0340333 -0.1016623 0 0 255
0.0608487 -0.0324944 -0.1012783 0 0 255
0.0608612 -0.0309417 -0.1011181 0 0 255
0.0611289 -0.0294004 -0.1007337 0 0 255
0.0613970 -0.0278574 -0.1003488 0 0 255
0.0614094 -0.0263031 -0.1001885 0 0 255
0.0619338 -0.0247668 -0.0995779 0 0 255
0.0616901 -0.0232026 -0.0996427 0 0 255
0.0617025 -0.0216474 -0.0994823 0 0 255
0.0622275 -0.0201055 -0.0988707 0 0 255
0.0624967 -0.0185546 -0.0984841 0 0 255
0.0625091 -0.0169970 -0.0983234 0 0 255
0.0622649 -0.0154351 -0.0983889 0 0 255
0.0622773 -0.0138782 -0.0982283 0 0 255
0.0622898 -0.0123213 -0.0980676 0 0 255
0.0617896 -0.0107606 -0.0983592 0 0 255
0.0610349 -0.0092019 -0.0988755 0 0 255
0.0610474 -0.0076489 -0.0987153 0 0 255
0.0605497 -0.0060968 -0.0990054 0 0 255
0.0603074 -0.0045466 -0.0990702 0 0 255
0.0595573 -0.0030021 -0.0995839 0 0 255
0.0595697 -0.0014537 -0.0994241 0 0 255
0.0590751 0.0000874 -0.0997126 0 0 255
0.0583320 0.0016212 -0.1002211 0 0 255
0.0583444 0.0031657 -0.1000617 0 0 255
0.0576004 0.0046925 -0.1005717 0 0 255
0.0573611 0.0062280 -0.1006354 0 0 255
0.0568708 0.0077545 -0.1009214 0 0 255
0.0566323 0.0092862 -0.1009847 0 0 255
0.0568955 0.0108344 -0.1006036 0 0 255
0.0566569 0.0123646 -0.1006671 0 0 255
0.0561682 0.0138827 -0.1009527 0 0 255
0.0564309 0.0154317 -0.1005719 0 0 255
0.0564432 0.0169702 -0.1004132 0 0 255
0.0559549 0.0184830 -0.1006988 0 0 255
0.0557173 0.0200063 -0.1007621 0 0 255
0.0557295 0.0215425 -0.1006037 0 0 255
0.0554921 0.0230636 -0.1006670 0 0 255
0.0555044 0.0245991 -0.1005086 0 0 255
0.0555167 0.0261346 -0.1003502 0 0 255
0.0555290 0.0276701 -0.1001918 0 0 255
0.0552918 0.0291874 -0.1002554 0 0 255
0.0550549 0.0307033 -0.1003188 0 0 255
0.0550671 0.0322373 -0.1001605 0 0 255
0.0548304 0.0337509 -0.1002240 0 0 255
0.0550916 0.0353054 -0.0998440 0 0 255
0.0553531 0.0368616 -0.0994637 0 0 255
0.0551162 0.0383736 -0.0995275 0 0 255
0.0553777 0.0399313 -0.0991470 0 0 255
0.0553899 0.0414662 -0.0989887 0 0 255
0.0556517 0.0430263 -0.0986077 0 0 255
0.0556640 0.0445620 -0.0984493 0 0 255
0.0559260 0.0461245 -0.0980678 0 0 255
0.0561884 0.0476885 -0.0976860 0 0 255
0.0564509 0.0492541 -0.0973037 0 0 255
0.0564633 0.0507923 -0.0971451 0 0 255
0.0567261 0.0523603 -0.0967624 0 0 255
0.0569892 0.0539299 -0.0963793 0 0 255
0.0577555 0.0555642 -0.0955458 0 0 255
0.0580197 0.0571387 -0.0951613 0 0 255
0.0585365 0.0587479 -0.0945505 0 0 255
0.0588014 0.0603264 -0.0941650 0 0 255
0.0590667 0.0619065 -0.0937790 0 0 255
0.0598392 0.0635596 -0.0929383 0 0 255
0.0608687 0.0652545 -0.0918666 0 0 255
0.0616468 0.0669187 -0.0910199 0 0 255
0.0619150 0.0685110 -0.0906302 0 0 255
0.0616716 0.0700266 -0.0906993 0 0 255
0.0621958 0.0716606 -0.0900796 0 0 255
0.0622082 0.0732162 -0.0899191 0 0 255
0.0617089 0.0746887 -0.0902184 0 0 255
0.0612106 0.0761583 -0.0905170 0 0 255
0.0607132 0.0776248 -0.0908150 0 0 255
0.0602169 0.0790885 -0.0911125 0 0 255
0.0597216 0.0805491 -0.0914093 0 0 255
0.0587217 0.0819169 -0.0921604 0 0 255
0.0582294 0.0833704 -0.0924553 0 0 255
0.0572354 0.0847284 -0.0932021 0 0 255
0.0567461 0.0861746 -0.0934950 0 0 255
0.0562578 0.0876180 -0.0937873 0 0 255
0.0557704 0.0890585 -0.0940791 0 0 255
0.0555332 0.0905450 -0.0941455 0 0 255
0.0555455 0.0920798 -0.0939872 0 0 255
0.0555578 0.0936147 -0.0938289 0 0 255
0.0550719 0.0950471 -0.0941201 0 0 255
0.0548354 0.0965284 -0.0941865 0 0 255
0.0550964 0.0981137 -0.0938038 0 0 255
0.0551087 0.0996471 -0.0936456 0 0 255
0.0546269 0.1010728 -0.0939338 0 0 255
0.0546391 0.1026046 -0.0937758 0 0 255
0.0546513 0.1041365 -0.0936178 0 0 255
0.0544153 0.1056120 -0.0936843 0 0 255
0.0544276 0.1071432 -0.0935263 0 0 255
0.0546881 0.1087323 -0.0931436 0 0 255
0.0542040 0.1101469 -0.0934350 0 0 255
0.0547126 0.1117963 -0.0928276 0 0 255
0.0544765 0.1132680 -0.0928945 0 0 255
0.0549856 0.1149214 -0.0922862 0 0 255
0.0545010 0.1163306 -0.0925786 0 0 255
0.0545133 0.1178619 -0.0924206 0 0 255
0.0547738 0.1194565 -0.0920373 0 0 255
0.0545377 0.1209245 -0.0921046 0 0 255
0.0550469 0.1225857 -0.0914956 0 0 255
0.0553080 0.1241843 -0.0911115 0 0 255
0.0558186 0.1258513 -0.0905006 0 0 255
0.0560805 0.1274540 -0.0901154 0 0 255
0.0573446 0.1293324 -0.0888191 0 0 255
0.0586242 0.1327632 -0.0873600 0 0 255
0.0601547 0.1347363 -0.0858194 0 0 255
0.0609297 0.1365028 -0.0849656 0 0 255
0.0622184 0.1384224 -0.0836437 0 0 255
0.0635136 0.1403518 -0.0823150 0 0 255
0.0655922 0.1425203 -0.0802719 0 0 255
0.0656046 0.1440856 -0.0801105 0 0 255
0.0656172 0.1456509 -0.0799490 0 0 255
0.0661489 0.1473742 -0.0793141 0 0 255
0.0669423 0.1491812 -0.0784401 0 0 255
0.0666943 0.1506696 -0.0785160 0 0 255
0.0661864 0.1520751 -0.0788291 0 0 255
0.0664590 0.1537244 -0.0784300 0 0 255
0.0662115 0.1552091 -0.0785058 0 0 255
0.0659643 0.1566923 -0.0785815 0 0 255
0.0662366 0.1583432 -0.0781825 0 0 255
0.0659893 0.1598249 -0.0782584 0 0 255
0.0660018 0.1613912 -0.0780968 0 0 255
0.0657548 0.1628705 -0.0781727 0 0 255
0.0662867 0.1646117 -0.0775359 0 0 255
0.0660394 0.1660902 -0.0776120 0 0 255
0.0660519 0.1676566 -0.0774504 0 0 255
0.0658049 0.1691328 -0.0775266 0 0 255
0.0658174 0.1706985 -0.0773651 0 0 255
0.0658299 0.1722641 -0.0772036 0 0 255
0.0661020 0.1739223 -0.0768041 0 0 255
0.0658549 0.1753955 -0.0768806 0 0 255
0.0658674 0.1769611 -0.0767191 0 0 255
0.0663994 0.1787169 -0.0760808 0 0 255
0.0664119 0.1802842 -0.0759191 0 0 255
0.0659050 0.1816584 -0.0762345 0 0 255
0.0661771 0.1833215 -0.0758345 0 0 255
0.0664495 0.1849864 -0.0754340 0 0 255
0.0664620 0.1865539 -0.0752724 0 0 255
0.0664746 0.1881213 -0.0751106 0 0 255
0.0667472 0.1897896 -0.0747096 0 0 255
0.0670203 0.1914596 -0.0743082 0 0 255
0.0670328 0.1930287 -0.0741463 0 0 255
0.0675671 0.1948047 -0.0735041 0 0 255
0.0678409 0.1964799 -0.0731013 0 0 255
0.0678535 0.1980515 -0.0729392 0 0 255
0.0681276 0.1997293 -0.0725360 0 0 255
0.0676173 0.2010880 -0.0728559 0 0 255
0.0676299 0.2026588 -0.0726938 0 0 255
0.0676424 0.2042297 -0.0725318 0 0 255
0.0679163 0.2059098 -0.0721286 0 0 255
0.0676675 0.2073714 -0.0722077 0 0 255
0.0679414 0.2090533 -0.0718043 0 0 255
0.0676926 0.2105134 -0.0718836 0 0 255
0.0674441 0.2119719 -0.0719627 0 0 255
0.0671958 0.2134290 -0.0720418 0 0 255
0.0664275 0.2146575 -0.0726019 0 0 255
0.0664400 0.2162244 -0.0724403 0 0 255
0.0651597 0.2172190 -0.0734749 0 0 255
0.0649137 0.2186668 -0.0735528 0 0 255
0.0641525 0.2198818 -0.0741080 0 0 255
0.0633935 0.2210930 -0.0746615 0 0 255
0.0628930 0.2224171 -0.0749760 0 0 255
0.0623934 0.2237384 -0.0752899 0 0 255
0.0616398 0.2249396 -0.0758397 0 0 255
0.0613974 0.2263733 -0.0759159 0 0 255
0.0611552 0.2278057 -0.0759920 0 0 255
0.0606592 0.2291171 -0.0763038 0 0 255
0.0599109 0.2303058 -0.0768500 0 0 255
0.0596702 0.2317318 -0.0769254 0 0 255
0.0599356 0.2333992 -0.0765309 0 0 255
0.0594422 0.2347017 -0.0768413 0 0 255
0.0592019 0.2361241 -0.0769167 0 0 255
0.0592142 0.2376686 -0.0767574 0 0 255
0.0589743 0.2390889 -0.0768327 0 0 255
0.0589867 0.2406326 -0.0766734 0 0 255
0.0589989 0.2421762 -0.0765142 0 0 255
0.0590113 0.2437200 -0.0763550 0 0 255
0.0592759 0.2453909 -0.0759608 0 0 255
0.0600469 0.2473203 -0.0750948 0 0 255
0.0608202 0.2492556 -0.0742263 0 0 255
0.0618507 0.2513277 -0.0731176 0 0 255
0.0631416 0.2535405 -0.0717655 0 0 255
0.0644392 0.2557648 -0.0704064 0 0 255
0.0649675 0.2575948 -0.0697642 0 0 255
0.0652384 0.2592926 -0.0693620 0 0 255
0.0652509 0.2608554 -0.0692007 0 0 255
0.0957525 -0.0927385 -0.0740229 0 0 255
0.0882638 -0.0898999 -0.0803912 0 0 255
0.0862920 -0.0879541 -0.0819530 0 0 255
0.0854588 -0.0861917 -0.0825225 0 0 255
0.0829495 -0.0841879 -0.0845553 0 0 255
0.0796366 -0.0820839 -0.0872912 0 0 255
0.0774588 -0.0801605 -0.0890376 0 0 255
0.0771987 -0.0785152 -0.0891102 0 0 255
0.0750382 -0.0766154 -0.0908436 0 0 255
0.0731641 -0.0747668 -0.0923280 0 0 255
0.0713037 -0.0729316 -0.0938015 0 0 255
0.0699868 -0.0711762 -0.0948008 0 0 255
0.0673606 -0.0692688 -0.0969464 0 0 255
0.0658030 -0.0675053 -0.0981583 0 0 255
0.0645176 -0.0657830 -0.0991328 0 0 255
0.0640115 -0.0641570 -0.0994253 0 0 255
0.0632481 -0.0625058 -0.0999437 0 0 255
0.0635190 -0.0609700 -0.0995559 0 0 255
0.0624995 -0.0592986 -0.1002994 0 0 255
0.0614841 -0.0576340 -0.1010400 0 0 255
0.0609842 -0.0560261 -0.1013288 0 0 255
0.0609967 -0.0544697 -0.1011682 0 0 255
0.0602425 -0.0528433 -0.1016808 0 0 255
0.0602549 -0.0512893 -0.1015205 0 0 255
0.0597575 -0.0496918 -0.1018081 0 0 255
0.0600247 -0.0481602 -0.1014240 0 0 255
0.0597823 -0.0465868 -0.1014878 0 0 255
0.0595402 -0.0450150 -0.1015515 0 0 255
0.0592983 -0.0434447 -0.1016151 0 0 255
0.0590567 -0.0418760 -0.1016786 0 0 255
0.0590691 -0.0403258 -0.1015187 0 0 255
0.0588277 -0.0387595 -0.1015823 0 0 255
0.0590938 -0.0372253 -0.1011989 0 0 255
0.0585989 -0.0356460 -0.1014861 0 0 255
0.0588648 -0.0341110 -0.1011028 0 0 255
0.0593851 -0.0325874 -0.1004950 0 0 255
0.0591434 -0.0310241 -0.1005591 0 0 255
0.0594099 -0.0294851 -0.1001749 0 0 255
0.0594223 -0.0279339 -0.1000149 0 0 255
0.0599436 -0.0264024 -0.0994054 0 0 255
0.0602109 -0.0248587 -0.0990201 0 0 255
0.0599684 -0.0232968 -0.0990850 0 0 255
0.0602357 -0.0217515 -0.0986995 0 0 255
0.0607587 -0.0202113 -0.0980877 0 0 255
0.0610268 -0.0186620 -0.0977011 0 0 255
0.0610392 -0.0171059 -0.0975406 0 0 255
0.0610517 -0.0155498 -0.0973801 0 0 255
0.0608084 -0.0139902 -0.0974459 0 0 255
0.0605654 -0.0124321 -0.0975118 0 0 255
0.0603226 -0.0108756 -0.0975775 0 0 255
0.0600801 -0.0093207 -0.0976432 0 0 255
0.0595834 -0.0077669 -0.0979343 0 0 255
0.0593417 -0.0062159 -0.0979997 0 0 255
0.0591002 -0.0046664 -0.0980650 0 0 255
0.0588588 -0.0031184 -0.0981303 0 0 255
0.0583647 -0.0015748 -0.0984203 0 0 255
0.0583770 -0.0000272 -0.0982606 0 0 255
0.0576315 0.0015074 -0.0987743 0 0 255
0.0573948 0.0030477 -0.0988362 0 0 255
0.0566522 0.0045747 -0.0993481 0 0 255
0.0564134 0.0061103 -0.0994124 0 0 255
0.0559241 0.0076369 -0.0996995 0 0 255
0.0559364 0.0091769 -0.0995407 0 0 255
0.0554481 0.0106990 -0.0998274 0 0 255
0.0554605 0.0122374 -0.0996687 0 0 255
0.0554728 0.0137758 -0.0995100 0 0 255
0.0554850 0.0153143 -0.0993513 0 0 255
0.0554973 0.0168528 -0.0991926 0 0 255
0.0550100 0.0183657 -0.0994794 0 0 255
0.0552720 0.0199162 -0.0990981 0 0 255
0.0550346 0.0214397 -0.0991622 0 0 255
0.0545482 0.0229465 -0.0994488 0 0 255
0.0548097 0.0244979 -0.0990679 0 0 255
0.0548220 0.0260341 -0.0989093 0 0 255
0.0543360 0.0275357 -0.0991960 0 0 255
0.0543483 0.0290705 -0.0990377 0 0 255
0.0541118 0.0305864 -0.0991018 0 0 255
0.0543728 0.0321401 -0.0987210 0 0 255
0.0541363 0.0336545 -0.0987853 0 0 255
0.0539001 0.0351674 -0.0988494 0 0 255
0.0541609 0.0367227 -0.0984687 0 0 255
0.0541731 0.0382568 -0.0983104 0 0 255
0.0541854 0.0397909 -0.0981521 0 0 255
0.0541976 0.0413251 -0.0979939 0 0 255
0.0547077 0.0429094 -0.0973893 0 0 255
0.0547200 0.0444451 -0.0972309 0 0 255
0.0549816 0.0460075 -0.0968487 0 0 255
0.0554933 0.0475990 -0.0962421 0 0 255
0.0552557 0.0491089 -0.0963077 0 0 255
0.0557679 0.0507043 -0.0957002 0 0 255
0.0560305 0.0522731 -0.0953166 0 0 255
0.0567953 0.0539049 -0.0944816 0 0 255
0.0565566 0.0554155 -0.0945481 0 0 255
0.0570713 0.0570213 -0.0939374 0 0 255
0.0578392 0.0586637 -0.0930986 0 0 255
0.0581040 0.0602430 -0.0927120 0 0 255
0.0583690 0.0618238 -0.0923251 0 0 255
0.0591408 0.0634777 -0.0914817 0 0 255
0.0596609 0.0651000 -0.0908647 0 0 255
0.0599275 0.0666882 -0.0904757 0 0 255
0.0604491 0.0683163 -0.0898567 0 0 255
0.0604615 0.0698695 -0.0896964 0 0 255
0.0607289 0.0714626 -0.0893062 0 0 255
0.0604863 0.0729760 -0.0893759 0 0 255
0.0602440 0.0744879 -0.0894456 0 0 255
0.0597476 0.0759562 -0.0897447 0 0 255
0.0592522 0.0774215 -0.0900432 0 0 255
0.0587579 0.0788838 -0.0903412 0 0 255
0.0580121 0.0802991 -0.0908665 0 0 255
0.0575202 0.0817549 -0.0911629 0 0 255
0.0565272 0.0831168 -0.0919126 0 0 255
0.0560384 0.0845654 -0.0922070 0 0 255
0.0558005 0.0860580 -0.0922745 0 0 255
0.0550636 0.0874539 -0.0927939 0 0 255
0.0550759 0.0889903 -0.0926354 0 0 255
0.0548389 0.0904776 -0.0927026 0 0 255
0.0541050 0.0918643 -0.0932202 0 0 255
0.0538690 0.0933472 -0.0932871 0 0 255
0.0538813 0.0948798 -0.0931289 0 0 255
0.0538936 0.0964123 -0.0929708 0 0 255
0.0534100 0.0978398 -0.0932625 0 0 255
0.0531780 0.0993184 -0.0933262 0 0 255
0.0531902 0.1008487 -0.0931683 0 0 255
0.0532024 0.1023790 -0.0930105 0 0 255
0.0534621 0.1039649 -0.0926277 0 0 255
0.0529796 0.1053836 -0.0929194 0 0 255
0.0529918 0.1069132 -0.0927616 0 0 255
0.0530040 0.1084429 -0.0926038 0 0 255
0.0532635 0.1100311 -0.0922211 0 0 255
0.0530285 0.1115023 -0.0922881 0 0 255
0.0532880 0.1130921 -0.0919053 0 0 255
0.0528058 0.1145010 -0.0921975 0 0 255
0.0530651 0.1160915 -0.0918147 0 0 255
0.0530773 0.1176213 -0.0916569 0 0 255
0.0533369 0.1192142 -0.0912737 0 0 255
0.0531017 0.1206809 -0.0913413 0 0 255
0.0531140 0.1222107 -0.0911835 0 0 255
0.0531262 0.1237406 -0.0910256 0 0 255
0.0536334 0.1254029 -0.0904161 0 0 255
0.0538935 0.1270015 -0.0900318 0 0 255
0.0551489 0.1288740 -0.0887386 0 0 255
0.0566704 0.1323652 -0.0870539 0 0 255
0.0576878 0.1341905 -0.0859762 0 0 255
0.0584567 0.1359508 -0.0851253 0 0 255
0.0599892 0.1379366 -0.0835755 0 0 255
0.0610201 0.1397853 -0.0824836 0 0 255
0.0623115 0.1417172 -0.0811527 0 0 255
0.0630946 0.1435053 -0.0802865 0 0 255
0.0633644 0.1451435 -0.0798898 0 0 255
0.0641506 0.1469405 -0.0790199 0 0 255
0.0649393 0.1487431 -0.0781473 0 0 255
0.0644341 0.1501484 -0.0784603 0 0 255
0.0647054 0.1517942 -0.0780616 0 0 255
0.0642007 0.1531957 -0.0783745 0 0 255
0.0644717 0.1548423 -0.0779760 0 0 255
0.0642257 0.1563234 -0.0780518 0 0 255
0.0639799 0.1578030 -0.0781277 0 0 255
0.0642507 0.1594512 -0.0777292 0 0 255
0.0640049 0.1609292 -0.0778051 0 0 255
0.0640174 0.1624924 -0.0776439 0 0 255
0.0642881 0.1641430 -0.0772451 0 0 255
0.0643007 0.1657069 -0.0770838 0 0 255
0.0640548 0.1671819 -0.0771601 0 0 255
0.0640673 0.1687451 -0.0769988 0 0 255
0.0640798 0.1703084 -0.0768375 0 0 255
0.0643506 0.1719631 -0.0764384 0 0 255
0.0641048 0.1734349 -0.0765150 0 0 255
0.0641173 0.1749982 -0.0763537 0 0 255
0.0646467 0.1767493 -0.0757160 0 0 255
0.0641422 0.1781248 -0.0760312 0 0 255
0.0646716 0.1798792 -0.0753931 0 0 255
0.0646842 0.1814441 -0.0752317 0 0 255
0.0646966 0.1830091 -0.0750703 0 0 255
0.0644506 0.1844762 -0.0751475 0 0 255
0.0647216 0.1861392 -0.0747474 0 0 255
0.0647342 0.1877043 -0.0745859 0 0 255
0.0647467 0.1892693 -0.0744244 0 0 255
0.0650181 0.1909357 -0.0740236 0 0 255
0.0650306 0.1925016 -0.0738621 0 0 255
0.0653023 0.1941705 -0.0734608 0 0 255
0.0655742 0.1958410 -0.0730591 0 0 255
0.0658464 0.1975134 -0.0726570 0 0 255
0.0661190 0.1991875 -0.0722544 0 0 255
0.0663918 0.2008633 -0.0718516 0 0 255
0.0664043 0.2024333 -0.0716896 0 0 255
0.0661566 0.2038952 -0.0717688 0 0 255
0.0661691 0.2054645 -0.0716069 0 0 255
0.0661817 0.2070339 -0.0714450 0 0 255
0.0664546 0.2087138 -0.0710416 0 0 255
0.0662068 0.2101725 -0.0711212 0 0 255
0.0659592 0.2116298 -0.0712007 0 0 255
0.0657120 0.2130856 -0.0712801 0 0 255
0.0657246 0.2146534 -0.0711184 0 0 255
0.0649592 0.2158787 -0.0716793 0 0 255
0.0639417 0.2169874 -0.0724752 0 0 255
0.0634390 0.2183197 -0.0727930 0 0 255
0.0626807 0.2195339 -0.0733488 0 0 255
0.0619248 0.2207445 -0.0739029 0 0 255
0.0614262 0.2220676 -0.0742179 0 0 255
0.0611835 0.2235049 -0.0742950 0 0 255
0.0604321 0.2247058 -0.0748460 0 0 255
0.0599366 0.2260210 -0.0751590 0 0 255
0.0591890 0.2272150 -0.0757073 0 0 255
0.0592014 0.2287624 -0.0755477 0 0 255
0.0592137 0.2303099 -0.0753880 0 0 255
0.0587207 0.2316161 -0.0756997 0 0 255
0.0587330 0.2331620 -0.0755403 0 0 255
0.0582410 0.2344641 -0.0758516 0 0 255
0.0577499 0.2357636 -0.0761622 0 0 255
0.0575109 0.2371835 -0.0762377 0 0 255
0.0575232 0.2387256 -0.0760786 0 0 255
0.0572845 0.2401432 -0.0761541 0 0 255
0.0575479 0.2418099 -0.0757604 0 0 255
0.0573091 0.2432260 -0.0758361 0 0 255
0.0578238 0.2450211 -0.0752072 0 0 255
0.0585918 0.2469480 -0.0743410 0 0 255
0.0591092 0.2487515 -0.0737089 0 0 255
0.0608972 0.2512116 -0.0718868 0 0 255
0.0626980 0.2536893 -0.0700518 0 0 255
0.0637382 0.2557821 -0.0689283 0 0 255
0.0645242 0.2577482 -0.0680423 0 0 255
0.0640208 0.2590401 -0.0683647 0 0 255
0.0640332 0.2606021 -0.0682035 0 0 255
0.0637881 0.2620269 -0.0682840 0 0 255
0.0921118 -0.0924475 -0.0749932 0 0 255
0.0866868 -0.0899371 -0.0795857 0 0 255
0.0844417 -0.0879499 -0.0813952 0 0 255
0.0836129 -0.0861904 -0.0819646 0 0 255
0.0827867 -0.0844365 -0.0825323 0 0 255
0.0819632 -0.0826882 -0.0830982 0 0 255
0.0781074 -0.0805159 -0.0863250 0 0 255
0.0759383 -0.0786012 -0.0880737 0 0 255
0.0754077 -0.0769216 -0.0883852 0 0 255
0.0732581 -0.0750314 -0.0901189 0 0 255
0.0703268 -0.0730537 -0.0925407 0 0 255
0.0687478 -0.0712647 -0.0937758 0 0 255
0.0679682 -0.0695838 -0.0943089 0 0 255
0.0653579 -0.0676885 -0.0964526 0 0 255
0.0640724 -0.0659640 -0.0974324 0 0 255
0.0630485 -0.0642773 -0.0981826 0 0 255
0.0628026 -0.0626829 -0.0982486 0 0 255
0.0625570 -0.0610901 -0.0983145 0 0 255
0.0612825 -0.0593917 -0.0992869 0 0 255
0.0607821 -0.0577796 -0.0995779 0 0 255
0.0600271 -0.0561456 -0.1000937 0 0 255
0.0600395 -0.0545892 -0.0999331 0 0 255
0.0595416 -0.0529860 -0.1002227 0 0 255
0.0590447 -0.0513860 -0.1005118 0 0 255
0.0593116 -0.0498545 -0.1001268 0 0 255
0.0590695 -0.0482794 -0.1001913 0 0 255
0.0585736 -0.0466858 -0.1004801 0 0 255
0.0583321 -0.0451147 -0.1005443 0 0 255
0.0578378 -0.0435266 -0.1008322 0 0 255
0.0578501 -0.0419772 -0.1006724 0 0 255
0.0578625 -0.0404277 -0.1005125 0 0 255
0.0578749 -0.0388783 -0.1003527 0 0 255
0.0573814 -0.0372981 -0.1006406 0 0 255
0.0573937 -0.0357501 -0.1004809 0 0 255
0.0576589 -0.0342159 -0.1000972 0 0 255
0.0579244 -0.0326802 -0.0997132 0 0 255
0.0579367 -0.0311306 -0.0995533 0 0 255
0.0579491 -0.0295810 -0.0993935 0 0 255
0.0584684 -0.0280527 -0.0987840 0 0 255
0.0587347 -0.0265114 -0.0983987 0 0 255
0.0590012 -0.0249685 -0.0980130 0 0 255
0.0587595 -0.0234074 -0.0980784 0 0 255
0.0587718 -0.0218553 -0.0979183 0 0 255
0.0592929 -0.0203168 -0.0973063 0 0 255
0.0595600 -0.0187691 -0.0969197 0 0 255
0.0598273 -0.0172198 -0.0965326 0 0 255
0.0595848 -0.0156601 -0.0965989 0 0 255
0.0595972 -0.0141056 -0.0964385 0 0 255
0.0593550 -0.0125482 -0.0965048 0 0 255
0.0588587 -0.0109904 -0.0967973 0 0 255
0.0586172 -0.0094370 -0.0968633 0 0 255
0.0586295 -0.0078855 -0.0967033 0 0 255
0.0578817 -0.0063351 -0.0972207 0 0 255
0.0581472 -0.0047849 -0.0968352 0 0 255
0.0574008 -0.0032407 -0.0973519 0 0 255
0.0576658 -0.0016904 -0.0969669 0 0 255
0.0571731 -0.0001490 -0.0972579 0 0 255
0.0564329 0.0013852 -0.0977700 0 0 255
0.0561938 0.0029247 -0.0978352 0 0 255
0.0557040 0.0044569 -0.0981244 0 0 255
0.0554656 0.0059925 -0.0981893 0 0 255
0.0552275 0.0075267 -0.0982540 0 0 255
0.0549896 0.0090593 -0.0983188 0 0 255
0.0545024 0.0105815 -0.0986067 0 0 255
0.0547643 0.0121296 -0.0982246 0 0 255
0.0545269 0.0136584 -0.0982893 0 0 255
0.0542898 0.0151857 -0.0983539 0 0 255
0.0543020 0.0167234 -0.0981953 0 0 255
0.0540651 0.0182484 -0.0982599 0 0 255
0.0540774 0.0197854 -0.0981013 0 0 255
0.0540897 0.0213224 -0.0979427 0 0 255
0.0536042 0.0228294 -0.0982305 0 0 255
0.0533680 0.0243492 -0.0982950 0 0 255
0.0536287 0.0259005 -0.0979137 0 0 255
0.0533925 0.0274187 -0.0979783 0 0 255
0.0536533 0.0289716 -0.0975968 0 0 255
0.0529207 0.0304507 -0.0981074 0 0 255
0.0534293 0.0320231 -0.0975032 0 0 255
0.0534416 0.0335580 -0.0973449 0 0 255
0.0537024 0.0351140 -0.0969630 0 0 255
0.0534661 0.0366277 -0.0970282 0 0 255
0.0534784 0.0381626 -0.0968698 0 0 255
0.0534906 0.0396976 -0.0967115 0 0 255
0.0537514 0.0412567 -0.0963293 0 0 255
0.0537637 0.0427925 -0.0961709 0 0 255
0.0540248 0.0443541 -0.0957882 0 0 255
0.0537882 0.0458640 -0.0958540 0 0 255
0.0540493 0.0474272 -0.0954712 0 0 255
0.0545600 0.0490201 -0.0948631 0 0 255
0.0550717 0.0506162 -0.0942539 0 0 255
0.0550840 0.0521560 -0.0940951 0 0 255
0.0558474 0.0537876 -0.0932582 0 0 255
0.0556091 0.0552982 -0.0933254 0 0 255
0.0561229 0.0569040 -0.0927134 0 0 255
0.0561352 0.0584470 -0.0925542 0 0 255
0.0571537 0.0601254 -0.0914855 0 0 255
0.0574182 0.0617062 -0.0910980 0 0 255
0.0576830 0.0632887 -0.0907101 0 0 255
0.0587077 0.0649822 -0.0896344 0 0 255
0.0589737 0.0665703 -0.0892448 0 0 255
0.0592401 0.0681601 -0.0888547 0 0 255
0.0589985 0.0696736 -0.0889246 0 0 255
0.0592649 0.0712650 -0.0885344 0 0 255
0.0592773 0.0728175 -0.0883742 0 0 255
0.0587820 0.0742875 -0.0886744 0 0 255
0.0585408 0.0757964 -0.0887443 0 0 255
0.0575418 0.0771759 -0.0895020 0 0 255
0.0575541 0.0787229 -0.0893424 0 0 255
0.0568104 0.0801377 -0.0898691 0 0 255
0.0563200 0.0815930 -0.0901662 0 0 255
0.0553300 0.0829546 -0.0909176 0 0 255
0.0550923 0.0844487 -0.0909858 0 0 255
0.0543562 0.0858478 -0.0915073 0 0 255
0.0543685 0.0873849 -0.0913487 0 0 255
0.0536345 0.0887775 -0.0918689 0 0 255
0.0536467 0.0903123 -0.0917106 0 0 255
0.0531628 0.0917480 -0.0920039 0 0 255
0.0531750 0.0932814 -0.0918457 0 0 255
0.0526919 0.0947127 -0.0921386 0 0 255
0.0524569 0.0961928 -0.0922059 0 0 255
0.0522252 0.0976721 -0.0922703 0 0 255
0.0519907 0.0991493 -0.0923373 0 0 255
0.0520029 0.1006789 -0.0921795 0 0 255
0.0517685 0.1021539 -0.0922466 0 0 255
0.0517807 0.1036827 -0.0920889 0 0 255
0.0515466 0.1051555 -0.0921561 0 0 255
0.0515588 0.1066837 -0.0919984 0 0 255
0.0515710 0.1082118 -0.0918407 0 0 255
0.0518295 0.1097984 -0.0914580 0 0 255
0.0515954 0.1112682 -0.0915254 0 0 255
0.0516076 0.1127964 -0.0913678 0 0 255
0.0513737 0.1142641 -0.0914352 0 0 255
0.0516320 0.1158529 -0.0910524 0 0 255
0.0513981 0.1173190 -0.0911200 0 0 255
0.0516564 0.1189094 -0.0907371 0 0 255
0.0514225 0.1203741 -0.0908048 0 0 255
0.0514346 0.1219017 -0.0906473 0 0 255
0.0514469 0.1234293 -0.0904897 0 0 255
0.0519516 0.1250888 -0.0898805 0 0 255
0.0524574 0.1267517 -0.0892701 0 0 255
0.0529642 0.1284179 -0.0886585 0 0 255
0.0537202 0.1301563 -0.0878180 0 0 255
0.0547276 0.1319697 -0.0867462 0 0 255
0.0554889 0.1337197 -0.0858997 0 0 255
0.0567638 0.1371617 -0.0844332 0 0 255
0.0577836 0.1390004 -0.0833480 0 0 255
0.0585541 0.1407717 -0.0824913 0 0 255
0.0595812 0.1426243 -0.0813982 0 0 255
0.0606123 0.1444845 -0.0803008 0 0 255
0.0611356 0.1461961 -0.0796701 0 0 255
0.0619165 0.1479902 -0.0788021 0 0 255
0.0621856 0.1496299 -0.0784048 0 0 255
0.0621980 0.1511905 -0.0782438 0 0 255
0.0627246 0.1529143 -0.0776090 0 0 255
0.0619662 0.1542295 -0.0781584 0 0 255
0.0622354 0.1558725 -0.0777608 0 0 255
0.0619912 0.1573493 -0.0778365 0 0 255
0.0625173 0.1590786 -0.0772016 0 0 255
0.0622728 0.1605546 -0.0772777 0 0 255
0.0625423 0.1622017 -0.0768794 0 0 255
0.0622977 0.1636762 -0.0769557 0 0 255
0.0623102 0.1652370 -0.0767947 0 0 255
0.0623226 0.1667978 -0.0766336 0 0 255
0.0623351 0.1683586 -0.0764726 0 0 255
0.0623475 0.1699195 -0.0763116 0 0 255
0.0626171 0.1715715 -0.0759127 0 0 255
0.0626295 0.1731332 -0.0757516 0 0 255
0.0628992 0.1747877 -0.0753524 0 0 255
0.0626545 0.1762566 -0.0754294 0 0 255
0.0629241 0.1779127 -0.0750300 0 0 255
0.0629367 0.1794753 -0.0748688 0 0 255
0.0632067 0.1811340 -0.0744688 0 0 255
0.0634771 0.1827944 -0.0740685 0 0 255
0.0634896 0.1843586 -0.0739071 0 0 255
0.0632442 0.1858243 -0.0739850 0 0 255
0.0632567 0.1873878 -0.0738237 0 0 255
0.0632691 0.1889512 -0.0736624 0 0 255
0.0637976 0.1907168 -0.0730219 0 0 255
0.0638101 0.1922819 -0.0728604 0 0 255
0.0640811 0.1939498 -0.0724587 0 0 255
0.0643523 0.1956195 -0.0720567 0 0 255
0.0643648 0.1971863 -0.0718951 0 0 255
0.0648955 0.1989640 -0.0712515 0 0 255
0.0649080 0.2005325 -0.0710897 0 0 255
0.0646613 0.2019938 -0.0711691 0 0 255
0.0646738 0.2035615 -0.0710074 0 0 255
0.0646864 0.2051292 -0.0708457 0 0 255
0.0644398 0.2065875 -0.0709252 0 0 255
0.0649706 0.2083750 -0.0702806 0 0 255
0.0647238 0.2098324 -0.0703605 0 0 255
0.0647364 0.2114002 -0.0701987 0 0 255
0.0644899 0.2128554 -0.0702786 0 0 255
0.0637269 0.2140829 -0.0708405 0 0 255
0.0634847 0.2155351 -0.0709168 0 0 255
0.0627248 0.2167561 -0.0714766 0 0 255
0.0622236 0.2180879 -0.0717952 0 0 255
0.0617235 0.2194171 -0.0721132 0 0 255
0.0604590 0.2203966 -0.0731457 0 0 255
0.0602167 0.2218349 -0.0732234 0 0 255
0.0597207 0.2231549 -0.0735386 0 0 255
0.0594792 0.2245895 -0.0736160 0 0 255
0.0587316 0.2257870 -0.0741671 0 0 255
0.0582385 0.2270990 -0.0744804 0 0 255
0.0579985 0.2285275 -0.0745570 0 0 255
0.0575069 0.2298348 -0.0748694 0 0 255
0.0572677 0.2312597 -0.0749457 0 0 255
0.0570287 0.2326833 -0.0750219 0 0 255
0.0567899 0.2341053 -0.0750981 0 0 255
0.0565514 0.2355259 -0.0751741 0 0 255
0.0565637 0.2370680 -0.0750150 0 0 255
0.0560751 0.2383630 -0.0753260 0 0 255
0.0560874 0.2399036 -0.0751671 0 0 255
0.0558496 0.2413193 -0.0752430 0 0 255
0.0561121 0.2429849 -0.0748491 0 0 255
0.0563747 0.2446522 -0.0744550 0 0 255
0.0568885 0.2464488 -0.0738246 0 0 255
0.0579069 0.2485068 -0.0727195 0 0 255
0.0591826 0.2507036 -0.0713718 0 0 255
0.0614855 0.2534403 -0.0690572 0 0 255
0.0620146 0.2552668 -0.0684102 0 0 255
0.0622833 0.2569600 -0.0680082 0 0 255
0.0617834 0.2582495 -0.0683298 0 0 255
0.0617958 0.2598075 -0.0681690 0 0 255
0.0612969 0.2610928 -0.0684901 0 0 255
0.0613045 0.2626468 -0.0683341 0 0 255
0.0865155 -0.0918394 -0.0777056 0 0 255
0.0834246 -0.0897081 -0.0802679 0 0 255
0.0825974 -0.0879458 -0.0808391 0 0 255
0.0809379 -0.0860627 -0.0821438 0 0 255
0.0812290 -0.0844792 -0.0817313 0 0 255
0.0787504 -0.0824919 -0.0837592 0 0 255
0.0754813 -0.0804079 -0.0864856 0 0 255
0.0744082 -0.0786494 -0.0872773 0 0 255
0.0730700 -0.0768615 -0.0883036 0 0 255
0.0717387 -0.0750831 -0.0893245 0 0 255
0.0704144 -0.0733138 -0.0903401 0 0 255
0.0683023 -0.0714533 -0.0920523 0 0 255
0.0669958 -0.0697053 -0.0930539 0 0 255
0.0654344 -0.0679349 -0.0942817 0 0 255
0.0644031 -0.0662363 -0.0950418 0 0 255
0.0623438 -0.0644270 -0.0967115 0 0 255
0.0623563 -0.0628604 -0.0965499 0 0 255
0.0621106 -0.0612659 -0.0966167 0 0 255
0.0610929 -0.0595921 -0.0973670 0 0 255
0.0603355 -0.0579512 -0.0978875 0 0 255
0.0595803 -0.0563153 -0.0984064 0 0 255
0.0588275 -0.0546844 -0.0989237 0 0 255
0.0588400 -0.0531288 -0.0987632 0 0 255
0.0580894 -0.0515052 -0.0992791 0 0 255
0.0586103 -0.0499956 -0.0986679 0 0 255
0.0581143 -0.0483986 -0.0989586 0 0 255
0.0578728 -0.0468251 -0.0990236 0 0 255
0.0573784 -0.0452337 -0.0993134 0 0 255
0.0568849 -0.0436455 -0.0996026 0 0 255
0.0568973 -0.0420960 -0.0994428 0 0 255
0.0566571 -0.0405296 -0.0995074 0 0 255
0.0564171 -0.0389647 -0.0995719 0 0 255
0.0559256 -0.0373860 -0.0998603 0 0 255
0.0564418 -0.0358688 -0.0992525 0 0 255
0.0564542 -0.0343208 -0.0990928 0 0 255
0.0562145 -0.0327598 -0.0991574 0 0 255
0.0564790 -0.0312248 -0.0987733 0 0 255
0.0567437 -0.0296883 -0.0983887 0 0 255
0.0570087 -0.0281501 -0.0980038 0 0 255
0.0570211 -0.0266005 -0.0978439 0 0 255
0.0572863 -0.0250600 -0.0974586 0 0 255
0.0575518 -0.0235179 -0.0970728 0 0 255
0.0578176 -0.0219742 -0.0966866 0 0 255
0.0580836 -0.0204289 -0.0963001 0 0 255
0.0588586 -0.0188941 -0.0954590 0 0 255
0.0588710 -0.0173388 -0.0952985 0 0 255
0.0586289 -0.0157791 -0.0953654 0 0 255
0.0588958 -0.0142282 -0.0949775 0 0 255
0.0583996 -0.0126671 -0.0952719 0 0 255
0.0579043 -0.0111092 -0.0955656 0 0 255
0.0576633 -0.0095556 -0.0956322 0 0 255
0.0574224 -0.0080037 -0.0956988 0 0 255
0.0569292 -0.0064536 -0.0959915 0 0 255
0.0569415 -0.0049044 -0.0958316 0 0 255
0.0564493 -0.0033590 -0.0961239 0 0 255
0.0564616 -0.0018114 -0.0959643 0 0 255
0.0559704 -0.0002706 -0.0962560 0 0 255
0.0549816 0.0012588 -0.0969943 0 0 255
0.0552446 0.0028067 -0.0966102 0 0 255
0.0547558 0.0043391 -0.0969006 0 0 255
0.0540183 0.0058618 -0.0974146 0 0 255
0.0542803 0.0074090 -0.0970315 0 0 255
0.0540429 0.0089417 -0.0970969 0 0 255
0.0535565 0.0104641 -0.0973861 0 0 255
0.0535688 0.0120025 -0.0972273 0 0 255
0.0535811 0.0135410 -0.0970686 0 0 255
0.0533444 0.0150684 -0.0971338 0 0 255
0.0533566 0.0166061 -0.0969751 0 0 255
0.0533689 0.0181438 -0.0968165 0 0 255
0.0528840 0.0196548 -0.0971055 0 0 255
0.0531448 0.0212052 -0.0967232 0 0 255
0.0529086 0.0227273 -0.0967885 0 0 255
0.0526725 0.0242479 -0.0968537 0 0 255
0.0524368 0.0257669 -0.0969189 0 0 255
0.0526970 0.0273189 -0.0965369 0 0 255
0.0524613 0.0288365 -0.0966022 0 0 255
0.0524735 0.0303713 -0.0964439 0 0 255
0.0524858 0.0319062 -0.0962855 0 0 255
0.0524980 0.0334410 -0.0961271 0 0 255
0.0525103 0.0349759 -0.0959688 0 0 255
0.0522748 0.0364890 -0.0960343 0 0 255
0.0525348 0.0380457 -0.0956520 0 0 255
0.0522992 0.0395573 -0.0957178 0 0 255
0.0528074 0.0411398 -0.0951109 0 0 255
0.0530680 0.0427005 -0.0947277 0 0 255
0.0530803 0.0442371 -0.0945692 0 0 255
0.0530925 0.0457737 -0.0944107 0 0 255
0.0533533 0.0473376 -0.0940270 0 0 255
0.0536145 0.0489031 -0.0936429 0 0 255
0.0541252 0.0504991 -0.0930324 0 0 255
0.0541376 0.0520388 -0.0928735 0 0 255
0.0548995 0.0536703 -0.0920348 0 0 255
0.0549118 0.0552124 -0.0918757 0 0 255
0.0549241 0.0567545 -0.0917166 0 0 255
0.0556884 0.0583957 -0.0908748 0 0 255
0.0562033 0.0600079 -0.0902590 0 0 255
0.0564674 0.0615887 -0.0898708 0 0 255
0.0572363 0.0632422 -0.0890237 0 0 255
0.0577544 0.0648643 -0.0884041 0 0 255
0.0582735 0.0664897 -0.0877833 0 0 255
0.0582859 0.0680422 -0.0876232 0 0 255
0.0580448 0.0695558 -0.0876937 0 0 255
0.0580572 0.0711075 -0.0875336 0 0 255
0.0580696 0.0726592 -0.0873735 0 0 255
0.0575757 0.0741286 -0.0876745 0 0 255
0.0573353 0.0756368 -0.0877448 0 0 255
0.0565909 0.0770585 -0.0882747 0 0 255
0.0561000 0.0785190 -0.0885739 0 0 255
0.0551088 0.0798888 -0.0893296 0 0 255
0.0548709 0.0813867 -0.0893988 0 0 255
0.0538847 0.0827473 -0.0901510 0 0 255
0.0538970 0.0842859 -0.0899922 0 0 255
0.0539093 0.0858246 -0.0898334 0 0 255
0.0529269 0.0871736 -0.0905833 0 0 255
0.0529392 0.0887092 -0.0904248 0 0 255
0.0522081 0.0900985 -0.0909459 0 0 255
0.0522203 0.0916318 -0.0907877 0 0 255
0.0519853 0.0931149 -0.0908557 0 0 255
0.0515037 0.0945457 -0.0911494 0 0 255
0.0510262 0.0959743 -0.0914396 0 0 255
0.0510384 0.0975039 -0.0912819 0 0 255
0.0505587 0.0989275 -0.0915746 0 0 255
0.0508167 0.1005092 -0.0911917 0 0 255
0.0508289 0.1020381 -0.0910340 0 0 255
0.0503497 0.1034565 -0.0913268 0 0 255
0.0506075 0.1050399 -0.0909440 0 0 255
0.0501287 0.1064546 -0.0912367 0 0 255
0.0506319 0.1080962 -0.0906287 0 0 255
0.0503984 0.1095661 -0.0906965 0 0 255
0.0501652 0.1110346 -0.0907642 0 0 255
0.0504228 0.1126210 -0.0903812 0 0 255
0.0504350 0.1141485 -0.0902237 0 0 255
0.0504472 0.1156760 -0.0900660 0 0 255
0.0502140 0.1171415 -0.0901341 0 0 255
0.0499809 0.1186056 -0.0902021 0 0 255
0.0499931 0.1201316 -0.0900446 0 0 255
0.0500053 0.1216577 -0.0898872 0 0 255
0.0500175 0.1231838 -0.0897297 0 0 255
0.0510120 0.1249733 -0.0886676 0 0 255
0.0507783 0.1264357 -0.0887364 0 0 255
0.0512827 0.1280991 -0.0881251 0 0 255
0.0520349 0.1298344 -0.0872851 0 0 255
0.0527895 0.1315750 -0.0864425 0 0 255
0.0532979 0.1332503 -0.0858265 0 0 255
0.0548047 0.1352150 -0.0842890 0 0 255
0.0555767 0.1385157 -0.0832809 0 0 255
0.0565935 0.1403562 -0.0821939 0 0 255
0.0571097 0.1420532 -0.0815689 0 0 255
0.0581326 0.1439066 -0.0804752 0 0 255
0.0586519 0.1456124 -0.0798465 0 0 255
0.0596811 0.1474787 -0.0787459 0 0 255
0.0599484 0.1491140 -0.0783496 0 0 255
0.0602160 0.1507509 -0.0779529 0 0 255
0.0602284 0.1523084 -0.0777922 0 0 255
0.0602409 0.1538659 -0.0776315 0 0 255
0.0602533 0.1554234 -0.0774708 0 0 255
0.0605211 0.1570644 -0.0770735 0 0 255
0.0605335 0.1586228 -0.0769127 0 0 255
0.0608016 0.1602664 -0.0765148 0 0 255
0.0605584 0.1617395 -0.0765911 0 0 255
0.0608265 0.1633848 -0.0761931 0 0 255
0.0608390 0.1649440 -0.0760322 0 0 255
0.0605957 0.1664148 -0.0761088 0 0 255
0.0608639 0.1680625 -0.0757104 0 0 255
0.0606206 0.1695318 -0.0757872 0 0 255
0.0611448 0.1712719 -0.0751508 0 0 255
0.0611572 0.1728320 -0.0749899 0 0 255
0.0611696 0.1743922 -0.0748289 0 0 255
0.0614384 0.1760456 -0.0744295 0 0 255
0.0614508 0.1776066 -0.0742685 0 0 255
0.0617199 0.1792626 -0.0738686 0 0 255
0.0614757 0.1807286 -0.0739464 0 0 255
0.0617449 0.1823863 -0.0735463 0 0 255
0.0617573 0.1839482 -0.0733851 0 0 255
0.0617698 0.1855100 -0.0732240 0 0 255
0.0620390 0.1871710 -0.0728235 0 0 255
0.0620515 0.1887337 -0.0726623 0 0 255
0.0618072 0.1901958 -0.0727406 0 0 255
0.0620764 0.1918592 -0.0723398 0 0 255
0.0623460 0.1935243 -0.0719385 0 0 255
0.0626160 0.1951913 -0.0715368 0 0 255
0.0626284 0.1967557 -0.0713754 0 0 255
0.0634148 0.1986355 -0.0704910 0 0 255
0.0631691 0.2000963 -0.0705707 0 0 255
0.0634398 0.2017691 -0.0701677 0 0 255
0.0629361 0.2031209 -0.0704888 0 0 255
0.0634648 0.2049030 -0.0698444 0 0 255
0.0632191 0.2063607 -0.0699244 0 0 255
0.0634897 0.2080368 -0.0695211 0 0 255
0.0632440 0.2094930 -0.0696012 0 0 255
0.0635148 0.2111708 -0.0691977 0 0 255
0.0632690 0.2126254 -0.0692780 0 0 255
0.0625083 0.2138526 -0.0698412 0 0 255
0.0622667 0.2153043 -0.0699180 0 0 255
0.0615091 0.2165250 -0.0704790 0 0 255
0.0610095 0.2178564 -0.0707985 0 0 255
0.0602556 0.2190701 -0.0713567 0 0 255
0.0595042 0.2202801 -0.0719133 0 0 255
0.0590085 0.2216024 -0.0722299 0 0 255
0.0585139 0.2229220 -0.0725460 0 0 255
0.0580204 0.2242390 -0.0728614 0 0 255
0.0572756 0.2254357 -0.0734131 0 0 255
0.0567846 0.2267468 -0.0737268 0 0 255
0.0565455 0.2281740 -0.0738037 0 0 255
0.0563067 0.2295997 -0.0738806 0 0 255
0.0558177 0.2309041 -0.0741931 0 0 255
0.0555797 0.2323263 -0.0742696 0 0 255
0.0553418 0.2337472 -0.0743461 0 0 255
0.0548595 0.2350471 -0.0746530 0 0 255
0.0546224 0.2364645 -0.0747291 0 0 255
0.0546299 0.2380012 -0.0745749 0 0 255
0.0543979 0.2394188 -0.0746465 0 0 255
0.0541613 0.2408326 -0.0747225 0 0 255
0.0541735 0.2423702 -0.0745639 0 0 255
0.0544347 0.2440338 -0.0741703 0 0 255
0.0546961 0.2456992 -0.0737764 0 0 255
0.0554574 0.2476223 -0.0729102 0 0 255
0.0559702 0.2494220 -0.0722783 0 0 255
0.0577427 0.2518783 -0.0704557 0 0 255
0.0587664 0.2539547 -0.0693399 0 0 255
0.0585255 0.2553735 -0.0694193 0 0 255
0.0587912 0.2570582 -0.0690197 0 0 255
0.0590571 0.2587447 -0.0686197 0 0 255
0.0598316 0.2607044 -0.0677382 0 0 255
0.0600986 0.2623962 -0.0673367 0 0 255
0.0603657 0.2640897 -0.0669349 0 0 255
0.0871977 -0.0938883 -0.0750647 0 0 255
0.0838112 -0.0916926 -0.0778998 0 0 255
0.0807461 -0.0895690 -0.0804527 0 0 255
0.0796486 -0.0877695 -0.0812670 0 0 255
0.0785558 -0.0859777 -0.0820778 0 0 255
0.0788447 -0.0843983 -0.0816664 0 0 255
0.0769317 -0.0824964 -0.0832043 0 0 255
0.0739501 -0.0804543 -0.0856900 0 0 255
0.0726116 -0.0786599 -0.0867215 0 0 255
0.0707444 -0.0768018 -0.0882225 0 0 255
0.0699556 -0.0750991 -0.0887684 0 0 255
0.0689035 -0.0733670 -0.0895484 0 0 255
0.0670635 -0.0715416 -0.0910282 0 0 255
0.0654986 -0.0697619 -0.0922647 0 0 255
0.0644650 -0.0680560 -0.0930306 0 0 255
0.0634356 -0.0663572 -0.0937933 0 0 255
0.0621549 -0.0646361 -0.0947799 0 0 255
0.0619089 -0.0630382 -0.0948478 0 0 255
0.0619215 -0.0614699 -0.0946859 0 0 255
0.0611600 -0.0598202 -0.0952124 0 0 255
0.0593758 -0.0580711 -0.0966492 0 0 255
0.0586222 -0.0564350 -0.0971699 0 0 255
0.0583798 -0.0548526 -0.0972360 0 0 255
0.0581376 -0.0532718 -0.0973021 0 0 255
0.0576416 -0.0516698 -0.0975944 0 0 255
0.0574002 -0.0500930 -0.0976601 0 0 255
0.0569057 -0.0484967 -0.0979517 0 0 255
0.0566650 -0.0469239 -0.0980171 0 0 255
0.0561720 -0.0453332 -0.0983078 0 0 255
0.0559321 -0.0437643 -0.0983730 0 0 255
0.0559445 -0.0422149 -0.0982130 0 0 255
0.0552014 -0.0406143 -0.0987277 0 0 255
0.0552137 -0.0390671 -0.0985681 0 0 255
0.0552261 -0.0375200 -0.0984085 0 0 255
0.0549871 -0.0359581 -0.0984734 0 0 255
0.0549995 -0.0344117 -0.0983138 0 0 255
0.0552631 -0.0328783 -0.0979295 0 0 255
0.0550241 -0.0313188 -0.0979947 0 0 255
0.0552878 -0.0297838 -0.0976102 0 0 255
0.0555518 -0.0282473 -0.0972253 0 0 255
0.0558160 -0.0267092 -0.0968400 0 0 255
0.0558284 -0.0251603 -0.0966802 0 0 255
0.0558407 -0.0236114 -0.0965204 0 0 255
0.0563576 -0.0220777 -0.0959082 0 0 255
0.0563700 -0.0205272 -0.0957482 0 0 255
0.0573946 -0.0190010 -0.0946802 0 0 255
0.0571536 -0.0174419 -0.0947473 0 0 255
0.0576731 -0.0158980 -0.0941318 0 0 255
0.0574318 -0.0143397 -0.0941992 0 0 255
0.0574442 -0.0127860 -0.0940389 0 0 255
0.0569499 -0.0112279 -0.0943339 0 0 255
0.0564566 -0.0096729 -0.0946283 0 0 255
0.0562165 -0.0081217 -0.0946953 0 0 255
0.0557247 -0.0065722 -0.0949889 0 0 255
0.0554853 -0.0050249 -0.0950556 0 0 255
0.0554977 -0.0034773 -0.0948959 0 0 255
0.0550074 -0.0019348 -0.0951888 0 0 255
0.0547688 -0.0003921 -0.0952553 0 0 255
0.0537830 0.0011368 -0.0959951 0 0 255
0.0540452 0.0026839 -0.0956108 0 0 255
0.0533084 0.0042099 -0.0961269 0 0 255
0.0533207 0.0057506 -0.0959679 0 0 255
0.0530838 0.0072841 -0.0960338 0 0 255
0.0528472 0.0088161 -0.0960996 0 0 255
0.0528595 0.0103554 -0.0959408 0 0 255
0.0526230 0.0118851 -0.0960066 0 0 255
0.0523868 0.0134133 -0.0960723 0 0 255
0.0526475 0.0149621 -0.0956891 0 0 255
0.0524113 0.0164887 -0.0957550 0 0 255
0.0524236 0.0180265 -0.0955963 0 0 255
0.0524358 0.0195643 -0.0954376 0 0 255
0.0521998 0.0210880 -0.0955037 0 0 255
0.0519641 0.0226101 -0.0955695 0 0 255
0.0517285 0.0241308 -0.0956354 0 0 255
0.0519886 0.0256827 -0.0952525 0 0 255
0.0515055 0.0271847 -0.0955428 0 0 255
0.0515177 0.0287195 -0.0953845 0 0 255
0.0515299 0.0302544 -0.0952261 0 0 255
0.0515422 0.0317892 -0.0950677 0 0 255
0.0515545 0.0333241 -0.0949093 0 0 255
0.0515667 0.0348590 -0.0947510 0 0 255
0.0513316 0.0363721 -0.0948172 0 0 255
0.0515912 0.0379288 -0.0944342 0 0 255
0.0518510 0.0394871 -0.0940509 0 0 255
0.0516157 0.0409988 -0.0941175 0 0 255
0.0518755 0.0425586 -0.0937340 0 0 255
0.0523838 0.0441458 -0.0931245 0 0 255
0.0523960 0.0456832 -0.0929659 0 0 255
0.0524083 0.0472206 -0.0928073 0 0 255
0.0529176 0.0488141 -0.0921962 0 0 255
0.0529299 0.0503531 -0.0920374 0 0 255
0.0531911 0.0519217 -0.0916519 0 0 255
0.0537019 0.0535225 -0.0910388 0 0 255
0.0542138 0.0551265 -0.0904244 0 0 255
0.0544762 0.0567016 -0.0900372 0 0 255
0.0549897 0.0583112 -0.0894209 0 0 255
0.0552530 0.0598904 -0.0890324 0 0 255
0.0560197 0.0615405 -0.0881844 0 0 255
0.0560321 0.0630889 -0.0880246 0 0 255
0.0568012 0.0647465 -0.0871738 0 0 255
0.0570663 0.0663346 -0.0867828 0 0 255
0.0568259 0.0678482 -0.0868537 0 0 255
0.0570911 0.0694379 -0.0864626 0 0 255
0.0568506 0.0709501 -0.0865337 0 0 255
0.0568630 0.0725010 -0.0863737 0 0 255
0.0561185 0.0739288 -0.0869062 0 0 255
0.0558791 0.0754357 -0.0869768 0 0 255
0.0553887 0.0768986 -0.0872775 0 0 255
0.0548992 0.0783585 -0.0875776 0 0 255
0.0544108 0.0798156 -0.0878770 0 0 255
0.0539233 0.0812697 -0.0881758 0 0 255
0.0531878 0.0826758 -0.0887023 0 0 255
0.0527028 0.0841234 -0.0889996 0 0 255
0.0524668 0.0856147 -0.0890687 0 0 255
0.0519831 0.0870572 -0.0893652 0 0 255
0.0510067 0.0884011 -0.0901144 0 0 255
0.0512657 0.0899823 -0.0897296 0 0 255
0.0510312 0.0914662 -0.0897981 0 0 255
0.0505505 0.0928986 -0.0900929 0 0 255
0.0500740 0.0943289 -0.0903842 0 0 255
0.0503320 0.0959099 -0.0900003 0 0 255
0.0498527 0.0973358 -0.0902945 0 0 255
0.0498649 0.0988646 -0.0901367 0 0 255
0.0496317 0.1003398 -0.0902048 0 0 255
0.0491540 0.1017592 -0.0904983 0 0 255
0.0491661 0.1032858 -0.0903408 0 0 255
0.0489336 0.1047566 -0.0904087 0 0 255
0.0491905 0.1063391 -0.0900258 0 0 255
0.0489579 0.1078084 -0.0900939 0 0 255
0.0487257 0.1092763 -0.0901618 0 0 255
0.0487379 0.1108015 -0.0900044 0 0 255
0.0492392 0.1124458 -0.0893956 0 0 255
0.0487623 0.1138519 -0.0896896 0 0 255
0.0490189 0.1154382 -0.0893065 0 0 255
0.0490310 0.1169642 -0.0891491 0 0 255
0.0485546 0.1183651 -0.0894431 0 0 255
0.0488109 0.1199529 -0.0890601 0 0 255
0.0488231 0.1214782 -0.0889027 0 0 255
0.0485910 0.1229388 -0.0889713 0 0 255
0.0488474 0.1245289 -0.0885880 0 0 255
0.0493488 0.1261871 -0.0879778 0 0 255
0.0498512 0.1278486 -0.0873665 0 0 255
0.0498634 0.1293771 -0.0872087 0 0 255
0.0506128 0.1311126 -0.0863681 0 0 255
0.0516115 0.1329235 -0.0852960 0 0 255
0.0518710 0.1345283 -0.0849086 0 0 255
0.0523784 0.1362067 -0.0842911 0 0 255
0.0536332 0.1381073 -0.0829801 0 0 255
0.0546530 0.1414856 -0.0817385 0 0 255
0.0556680 0.1433322 -0.0806484 0 0 255
0.0564349 0.1451092 -0.0797879 0 0 255
0.0572043 0.1468917 -0.0789249 0 0 255
0.0574695 0.1485217 -0.0785299 0 0 255
0.0574819 0.1500737 -0.0783697 0 0 255
0.0582543 0.1518674 -0.0775028 0 0 255
0.0582667 0.1534218 -0.0773424 0 0 255
0.0582791 0.1549761 -0.0771820 0 0 255
0.0582915 0.1565305 -0.0770216 0 0 255
0.0583040 0.1580849 -0.0768612 0 0 255
0.0585702 0.1597240 -0.0764644 0 0 255
0.0585826 0.1612792 -0.0763039 0 0 255
0.0591037 0.1630073 -0.0756694 0 0 255
0.0591161 0.1645642 -0.0755088 0 0 255
0.0593832 0.1662092 -0.0751106 0 0 255
0.0593957 0.1677669 -0.0749498 0 0 255
0.0591534 0.1692349 -0.0750268 0 0 255
0.0594205 0.1708824 -0.0746284 0 0 255
0.0596879 0.1725315 -0.0742295 0 0 255
0.0597004 0.1740901 -0.0740687 0 0 255
0.0599681 0.1757417 -0.0736694 0 0 255
0.0602360 0.1773951 -0.0732697 0 0 255
0.0602484 0.1789553 -0.0731087 0 0 255
0.0600054 0.1804200 -0.0731867 0 0 255
0.0600178 0.1819795 -0.0730258 0 0 255
0.0600303 0.1835389 -0.0728649 0 0 255
0.0602983 0.1851964 -0.0724647 0 0 255
0.0603107 0.1867567 -0.0723037 0 0 255
0.0605789 0.1884166 -0.0719031 0 0 255
0.0605914 0.1899778 -0.0717420 0 0 255
0.0606039 0.1915390 -0.0715809 0 0 255
0.0608725 0.1932023 -0.0711797 0 0 255
0.0611413 0.1948673 -0.0707780 0 0 255
0.0614104 0.1965341 -0.0703759 0 0 255
0.0614229 0.1980977 -0.0702146 0 0 255
0.0619495 0.1998728 -0.0695706 0 0 255
0.0614479 0.2012251 -0.0698919 0 0 255
0.0619744 0.2030033 -0.0692476 0 0 255
0.0614728 0.2043525 -0.0695693 0 0 255
0.0619994 0.2061340 -0.0689246 0 0 255
0.0617547 0.2075896 -0.0690050 0 0 255
0.0617672 0.2091543 -0.0688435 0 0 255
0.0620369 0.2108302 -0.0684400 0 0 255
0.0617921 0.2122834 -0.0685206 0 0 255
0.0612941 0.2136240 -0.0688399 0 0 255
0.0607939 0.2149604 -0.0691615 0 0 255
0.0602947 0.2162940 -0.0694824 0 0 255
0.0595416 0.2175107 -0.0700429 0 0 255
0.0590498 0.2188407 -0.0703575 0 0 255
0.0583006 0.2200505 -0.0709153 0 0 255
0.0575536 0.2212567 -0.0714714 0 0 255
0.0570609 0.2225754 -0.0717878 0 0 255
0.0563177 0.2237746 -0.0723412 0 0 255
0.0553261 0.2248533 -0.0731295 0 0 255
0.0553384 0.2263976 -0.0729702 0 0 255
0.0546004 0.2275870 -0.0735197 0 0 255
0.0543631 0.2290102 -0.0735965 0 0 255
0.0538769 0.2303125 -0.0739087 0 0 255
0.0536403 0.2317323 -0.0739852 0 0 255
0.0536526 0.2332713 -0.0738265 0 0 255
0.0531678 0.2345674 -0.0741380 0 0 255
0.0531800 0.2361049 -0.0739794 0 0 255
0.0526963 0.2373970 -0.0742904 0 0 255
0.0527085 0.2389330 -0.0741319 0 0 255
0.0529687 0.2405933 -0.0737386 0 0 255
0.0524854 0.2418802 -0.0740497 0 0 255
0.0527453 0.2435412 -0.0736565 0 0 255
0.0530055 0.2452037 -0.0732629 0 0 255
0.0535143 0.2469956 -0.0726332 0 0 255
0.0545229 0.2490486 -0.0715290 0 0 255
0.0562884 0.2515011 -0.0697057 0 0 255
0.0565522 0.2531796 -0.0693073 0 0 255
0.0570683 0.2549922 -0.0686691 0 0 255
0.0578381 0.2569422 -0.0677895 0 0 255
0.0581035 0.2586287 -0.0673888 0 0 255
0.0586228 0.2604525 -0.0667467 0 0 255
0.0588890 0.2621433 -0.0663450 0 0 255
0.0594098 0.2639734 -0.0657008 0 0 255
0.0594223 0.2655301 -0.0655402 0 0 255
0.0867541 -0.0941092 -0.0732513 0 0 255
0.0836486 -0.0919553 -0.0758508 0 0 255
0.0805794 -0.0898266 -0.0784199 0 0 255
0.0789264 -0.0879375 -0.0797323 0 0 255
0.0775591 -0.0861024 -0.0807917 0 0 255
0.0764731 -0.0843178 -0.0816018 0 0 255
0.0732200 -0.0822234 -0.0843403 0 0 255
0.0718828 -0.0804234 -0.0853759 0 0 255
0.0705525 -0.0786328 -0.0864061 0 0 255
0.0692292 -0.0768516 -0.0874309 0 0 255
0.0676479 -0.0750441 -0.0886864 0 0 255
0.0668672 -0.0733512 -0.0892293 0 0 255
0.0658259 -0.0716299 -0.0900051 0 0 255
0.0647889 -0.0699158 -0.0907776 0 0 255
0.0632351 -0.0681456 -0.0920117 0 0 255
0.0619497 -0.0664169 -0.0930073 0 0 255
0.0614449 -0.0647859 -0.0933070 0 0 255
0.0612024 -0.0631875 -0.0933726 0 0 255
0.0609569 -0.0615904 -0.0934412 0 0 255
0.0607117 -0.0599948 -0.0935097 0 0 255
0.0591832 -0.0582694 -0.0947253 0 0 255
0.0586841 -0.0566559 -0.0950214 0 0 255
0.0581860 -0.0550456 -0.0953169 0 0 255
0.0574346 -0.0534149 -0.0958394 0 0 255
0.0566855 -0.0517892 -0.0963603 0 0 255
0.0561914 -0.0501904 -0.0966533 0 0 255
0.0559510 -0.0486159 -0.0967194 0 0 255
0.0557108 -0.0470430 -0.0967855 0 0 255
0.0554708 -0.0454716 -0.0968516 0 0 255
0.0549793 -0.0438832 -0.0971433 0 0 255
0.0544887 -0.0422979 -0.0974344 0 0 255
0.0545011 -0.0407500 -0.0972747 0 0 255
0.0540115 -0.0391695 -0.0975654 0 0 255
0.0535229 -0.0375921 -0.0978554 0 0 255
0.0535353 -0.0360473 -0.0976960 0 0 255
0.0537979 -0.0345163 -0.0973117 0 0 255
0.0533098 -0.0329444 -0.0976020 0 0 255
0.0535722 -0.0314126 -0.0972178 0 0 255
0.0540855 -0.0298908 -0.0966079 0 0 255
0.0540978 -0.0283443 -0.0964483 0 0 255
0.0543610 -0.0268077 -0.0960630 0 0 255
0.0543734 -0.0252604 -0.0959034 0 0 255
0.0546369 -0.0237215 -0.0955175 0 0 255
0.0549006 -0.0221810 -0.0951314 0 0 255
0.0556687 -0.0206528 -0.0942906 0 0 255
0.0559336 -0.0191076 -0.0939030 0 0 255
0.0559460 -0.0175554 -0.0937428 0 0 255
0.0564640 -0.0160124 -0.0931266 0 0 255
0.0564764 -0.0144586 -0.0929662 0 0 255
0.0562358 -0.0129018 -0.0930342 0 0 255
0.0562482 -0.0113488 -0.0928740 0 0 255
0.0555031 -0.0097915 -0.0933978 0 0 255
0.0555155 -0.0082408 -0.0932378 0 0 255
0.0550241 -0.0066905 -0.0935329 0 0 255
0.0542829 -0.0051441 -0.0940544 0 0 255
0.0540445 -0.0035990 -0.0941215 0 0 255
0.0540569 -0.0020530 -0.0939620 0 0 255
0.0535716 -0.0005134 -0.0942526 0 0 255
0.0530843 0.0010230 -0.0945455 0 0 255
0.0528471 0.0025612 -0.0946122 0 0 255
0.0523612 0.0040922 -0.0949043 0 0 255
0.0521247 0.0056266 -0.0949708 0 0 255
0.0521370 0.0071665 -0.0948119 0 0 255
0.0519008 0.0086986 -0.0948783 0 0 255
0.0521616 0.0102465 -0.0944940 0 0 255
0.0516771 0.0117676 -0.0947858 0 0 255
0.0516894 0.0133061 -0.0946271 0 0 255
0.0517016 0.0148446 -0.0944684 0 0 255
0.0517139 0.0163832 -0.0943096 0 0 255
0.0514781 0.0179092 -0.0943761 0 0 255
0.0517384 0.0194603 -0.0939921 0 0 255
0.0515027 0.0209848 -0.0940588 0 0 255
0.0515150 0.0225227 -0.0939001 0 0 255
0.0510318 0.0240293 -0.0941921 0 0 255
0.0512916 0.0255820 -0.0938083 0 0 255
0.0510563 0.0271020 -0.0938750 0 0 255
0.0505741 0.0286025 -0.0941667 0 0 255
0.0508335 0.0301560 -0.0937833 0 0 255
0.0505986 0.0316722 -0.0938500 0 0 255
0.0508580 0.0332273 -0.0934663 0 0 255
0.0508702 0.0347630 -0.0933079 0 0 255
0.0506354 0.0362770 -0.0933748 0 0 255
0.0506476 0.0378119 -0.0932164 0 0 255
0.0506598 0.0393469 -0.0930580 0 0 255
0.0509192 0.0409059 -0.0926740 0 0 255
0.0509314 0.0424417 -0.0925156 0 0 255
0.0511911 0.0440032 -0.0921310 0 0 255
0.0514510 0.0455662 -0.0917462 0 0 255
0.0514633 0.0471036 -0.0915875 0 0 255
0.0522200 0.0487251 -0.0907481 0 0 255
0.0519839 0.0502360 -0.0908164 0 0 255
0.0522446 0.0518046 -0.0904303 0 0 255
0.0527545 0.0534052 -0.0898159 0 0 255
0.0530159 0.0549778 -0.0894288 0 0 255
0.0535274 0.0565842 -0.0888124 0 0 255
0.0537896 0.0581608 -0.0884241 0 0 255
0.0548043 0.0598405 -0.0873460 0 0 255
0.0548167 0.0613881 -0.0871863 0 0 255
0.0553317 0.0630067 -0.0865655 0 0 255
0.0555958 0.0645923 -0.0861746 0 0 255
0.0553564 0.0661053 -0.0862458 0 0 255
0.0556206 0.0676925 -0.0858547 0 0 255
0.0556329 0.0692426 -0.0856948 0 0 255
0.0556453 0.0707928 -0.0855349 0 0 255
0.0554059 0.0723028 -0.0856063 0 0 255
0.0549154 0.0737703 -0.0859086 0 0 255
0.0544259 0.0752349 -0.0862103 0 0 255
0.0541877 0.0767388 -0.0862813 0 0 255
0.0532004 0.0781123 -0.0870416 0 0 255
0.0527144 0.0795674 -0.0873411 0 0 255
0.0524779 0.0810639 -0.0874112 0 0 255
0.0519933 0.0825139 -0.0877099 0 0 255
0.0515098 0.0839610 -0.0880080 0 0 255
0.0512744 0.0854516 -0.0880775 0 0 255
0.0510393 0.0869407 -0.0881470 0 0 255
0.0503111 0.0883327 -0.0886715 0 0 255
0.0500771 0.0898175 -0.0887405 0 0 255
0.0498432 0.0913007 -0.0888095 0 0 255
0.0498554 0.0928326 -0.0886514 0 0 255
0.0493761 0.0942630 -0.0889472 0 0 255
0.0489010 0.0956911 -0.0892395 0 0 255
0.0484236 0.0971159 -0.0895341 0 0 255
0.0484357 0.0986432 -0.0893765 0 0 255
0.0484480 0.1001705 -0.0892189 0 0 255
0.0479715 0.1015894 -0.0895132 0 0 255
0.0479837 0.1031152 -0.0893558 0 0 255
0.0477520 0.1045854 -0.0894241 0 0 255
0.0475205 0.1060542 -0.0894923 0 0 255
0.0477763 0.1076357 -0.0891093 0 0 255
0.0477885 0.1091609 -0.0889519 0 0 255
0.0475569 0.1106274 -0.0890205 0 0 255
0.0475691 0.1121519 -0.0888631 0 0 255
0.0475812 0.1136763 -0.0887059 0 0 255
0.0478371 0.1152618 -0.0883224 0 0 255
0.0478492 0.1167870 -0.0881651 0 0 255
0.0476177 0.1182498 -0.0882339 0 0 255
0.0476298 0.1197744 -0.0880767 0 0 255
0.0476420 0.1212989 -0.0879193 0 0 255
0.0476542 0.1228235 -0.0877620 0 0 255
0.0476663 0.1243481 -0.0876047 0 0 255
0.0479222 0.1259390 -0.0872207 0 0 255
0.0484227 0.1275987 -0.0866092 0 0 255
0.0484349 0.1291256 -0.0864516 0 0 255
0.0491814 0.1308590 -0.0856107 0 0 255
0.0499301 0.1325976 -0.0847672 0 0 255
0.0501884 0.1341999 -0.0843801 0 0 255
0.0509402 0.1359471 -0.0835330 0 0 255
0.0521900 0.1378451 -0.0822215 0 0 255
0.0529478 0.1396049 -0.0813678 0 0 255
0.0534585 0.1412953 -0.0807441 0 0 255
0.0539792 0.1445321 -0.0799629 0 0 255
0.0547424 0.1463083 -0.0791028 0 0 255
0.0555080 0.1480900 -0.0782399 0 0 255
0.0557719 0.1497181 -0.0778452 0 0 255
0.0562882 0.1514282 -0.0772145 0 0 255
0.0563006 0.1529794 -0.0770544 0 0 255
0.0568180 0.1546946 -0.0764223 0 0 255
0.0570833 0.1563303 -0.0760256 0 0 255
0.0570957 0.1578840 -0.0758652 0 0 255
0.0571081 0.1594376 -0.0757049 0 0 255
0.0571205 0.1609913 -0.0755446 0 0 255
0.0571328 0.1625450 -0.0753843 0 0 255
0.0579056 0.1643597 -0.0745119 0 0 255
0.0574109 0.1657402 -0.0748264 0 0 255
0.0579304 0.1674720 -0.0741907 0 0 255
0.0581968 0.1691177 -0.0737921 0 0 255
0.0584634 0.1707651 -0.0733930 0 0 255
0.0587303 0.1724142 -0.0729935 0 0 255
0.0587428 0.1739728 -0.0728327 0 0 255
0.0587552 0.1755313 -0.0726719 0 0 255
0.0585131 0.1769963 -0.0727500 0 0 255
0.0587800 0.1786486 -0.0723503 0 0 255
0.0587925 0.1802073 -0.0721894 0 0 255
0.0585504 0.1816699 -0.0722678 0 0 255
0.0588173 0.1833247 -0.0718678 0 0 255
0.0590846 0.1849812 -0.0714673 0 0 255
0.0588422 0.1864421 -0.0715461 0 0 255
0.0591094 0.1881003 -0.0711454 0 0 255
0.0591218 0.1896598 -0.0709845 0 0 255
0.0593894 0.1913205 -0.0705834 0 0 255
0.0596572 0.1929828 -0.0701818 0 0 255
0.0596697 0.1945441 -0.0700207 0 0 255
0.0604498 0.1964166 -0.0691361 0 0 255
0.0599502 0.1977710 -0.0694575 0 0 255
0.0607312 0.1996495 -0.0685715 0 0 255
0.0604872 0.2011076 -0.0686520 0 0 255
0.0604997 0.2026714 -0.0684906 0 0 255
0.0600049 0.2040216 -0.0688081 0 0 255
0.0602733 0.2056923 -0.0684052 0 0 255
0.0600299 0.2071460 -0.0684857 0 0 255
0.0605545 0.2089286 -0.0678405 0 0 255
0.0600580 0.2102718 -0.0681603 0 0 255
0.0600705 0.2118341 -0.0679990 0 0 255
0.0598223 0.2132818 -0.0680844 0 0 255
0.0598347 0.2148433 -0.0679232 0 0 255
0.0588318 0.2159521 -0.0687231 0 0 255
0.0580767 0.2171658 -0.0692889 0 0 255
0.0575869 0.2184948 -0.0696039 0 0 255
0.0570933 0.2198189 -0.0699230 0 0 255
0.0566006 0.2211404 -0.0702413 0 0 255
0.0556059 0.2222271 -0.0710358 0 0 255
0.0548657 0.2234258 -0.0715897 0 0 255
0.0543774 0.2247376 -0.0719050 0 0 255
0.0541399 0.2261643 -0.0719827 0 0 255
0.0536532 0.2274715 -0.0722970 0 0 255
0.0529188 0.2286575 -0.0728468 0 0 255
0.0529311 0.2301973 -0.0726879 0 0 255
0.0524468 0.2314971 -0.0730008 0 0 255
0.0519635 0.2327944 -0.0733130 0 0 255
0.0519758 0.2343312 -0.0731544 0 0 255
0.0517406 0.2357461 -0.0732311 0 0 255
0.0515056 0.2371596 -0.0733077 0 0 255
0.0515179 0.2386948 -0.0731493 0 0 255
0.0512832 0.2401062 -0.0732259 0 0 255
0.0512954 0.2416407 -0.0730676 0 0 255
0.0518018 0.2434262 -0.0724387 0 0 255
0.0518140 0.2449623 -0.0722802 0 0 255
0.0515791 0.2463714 -0.0723572 0 0 255
0.0528300 0.2485474 -0.0710180 0 0 255
0.0545867 0.2509944 -0.0691957 0 0 255
0.0556016 0.2530639 -0.0680800 0 0 255
0.0556139 0.2546117 -0.0679204 0 0 255
0.0561290 0.2564259 -0.0672807 0 0 255
0.0571500 0.2585127 -0.0661578 0 0 255
0.0574152 0.2602008 -0.0657562 0 0 255
0.0574276 0.2617542 -0.0655959 0 0 255
0.0574400 0.2633076 -0.0654356 0 0 255
0.0579588 0.2651372 -0.0647912 0 0 255
0.0579711 0.2666922 -0.0646308 0 0 255
0.0826270 -0.0937210 -0.0747187 0 0 255
0.0826401 -0.0920815 -0.0745495 0 0 255
0.0820912 -0.0903524 -0.0748819 0 0 255
0.0784802 -0.0881489 -0.0779488 0 0 255
0.0765624 -0.0862271 -0.0795054 0 0 255
0.0746589 -0.0843195 -0.0810506 0 0 255
0.0716918 -0.0822679 -0.0835474 0 0 255
0.0703601 -0.0804696 -0.0845840 0 0 255
0.0698369 -0.0787933 -0.0848981 0 0 255
0.0682486 -0.0769742 -0.0861655 0 0 255
0.0666703 -0.0751664 -0.0874249 0 0 255
0.0656278 -0.0734387 -0.0882056 0 0 255
0.0648518 -0.0717517 -0.0887482 0 0 255
0.0638169 -0.0700373 -0.0895233 0 0 255
0.0620065 -0.0682352 -0.0909939 0 0 255
0.0609832 -0.0665377 -0.0917600 0 0 255
0.0607375 -0.0649364 -0.0918295 0 0 255
0.0599799 -0.0632792 -0.0923583 0 0 255
0.0594782 -0.0616547 -0.0926578 0 0 255
0.0594907 -0.0600880 -0.0924962 0 0 255
0.0589899 -0.0584684 -0.0927954 0 0 255
0.0579791 -0.0568012 -0.0935531 0 0 255
0.0569725 -0.0551408 -0.0943077 0 0 255
0.0564769 -0.0535345 -0.0946035 0 0 255
0.0557292 -0.0519085 -0.0951263 0 0 255
0.0552362 -0.0503096 -0.0954204 0 0 255
0.0547441 -0.0487138 -0.0957141 0 0 255
0.0547565 -0.0471620 -0.0955540 0 0 255
0.0542654 -0.0455711 -0.0958471 0 0 255
0.0537753 -0.0439833 -0.0961397 0 0 255
0.0537876 -0.0424346 -0.0959799 0 0 255
0.0538000 -0.0408859 -0.0958201 0 0 255
0.0528105 -0.0392717 -0.0965635 0 0 255
0.0528228 -0.0377261 -0.0964041 0 0 255
0.0525852 -0.0361657 -0.0964700 0 0 255
0.0525976 -0.0346208 -0.0963106 0 0 255
0.0523602 -0.0330627 -0.0963765 0 0 255
0.0528721 -0.0315434 -0.0957661 0 0 255
0.0526345 -0.0299860 -0.0958323 0 0 255
0.0526468 -0.0284411 -0.0956729 0 0 255
0.0529090 -0.0269061 -0.0952875 0 0 255
0.0529214 -0.0253603 -0.0951280 0 0 255
0.0531838 -0.0238230 -0.0947422 0 0 255
0.0536972 -0.0222919 -0.0941292 0 0 255
0.0542117 -0.0207576 -0.0935149 0 0 255
0.0542240 -0.0192078 -0.0933550 0 0 255
0.0544879 -0.0176634 -0.0929673 0 0 255
0.0552561 -0.0161267 -0.0921224 0 0 255
0.0555210 -0.0145775 -0.0917332 0 0 255
0.0555334 -0.0130237 -0.0915729 0 0 255
0.0547891 -0.0114631 -0.0920989 0 0 255
0.0548014 -0.0099116 -0.0919388 0 0 255
0.0545621 -0.0083594 -0.0920072 0 0 255
0.0538207 -0.0068090 -0.0925315 0 0 255
0.0535823 -0.0052615 -0.0925994 0 0 255
0.0530939 -0.0037172 -0.0928946 0 0 255
0.0526097 -0.0021760 -0.0931864 0 0 255
0.0523725 -0.0006347 -0.0932538 0 0 255
0.0518866 0.0009011 -0.0935476 0 0 255
0.0518988 0.0024434 -0.0933884 0 0 255
0.0514139 0.0039745 -0.0936818 0 0 255
0.0514262 0.0055153 -0.0935228 0 0 255
0.0509422 0.0070419 -0.0938157 0 0 255
0.0509544 0.0085811 -0.0936569 0 0 255
0.0509667 0.0101203 -0.0934981 0 0 255
0.0509790 0.0116596 -0.0933392 0 0 255
0.0507434 0.0131887 -0.0934063 0 0 255
0.0507557 0.0147272 -0.0932475 0 0 255
0.0507680 0.0162658 -0.0930888 0 0 255
0.0505327 0.0177919 -0.0931560 0 0 255
0.0505449 0.0193297 -0.0929973 0 0 255
0.0508048 0.0208816 -0.0926125 0 0 255
0.0503221 0.0223906 -0.0929059 0 0 255
0.0508293 0.0239588 -0.0922950 0 0 255
0.0500996 0.0254485 -0.0928145 0 0 255
0.0501118 0.0269848 -0.0926560 0 0 255
0.0501240 0.0285212 -0.0924975 0 0 255
0.0498894 0.0300390 -0.0925649 0 0 255
0.0503956 0.0316135 -0.0919541 0 0 255
0.0501608 0.0331305 -0.0920218 0 0 255
0.0496795 0.0346251 -0.0923154 0 0 255
0.0499384 0.0361817 -0.0919310 0 0 255
0.0499506 0.0377175 -0.0917725 0 0 255
0.0504569 0.0392998 -0.0911610 0 0 255
0.0504692 0.0408371 -0.0910023 0 0 255
0.0504814 0.0423744 -0.0908437 0 0 255
0.0507411 0.0439374 -0.0904579 0 0 255
0.0507534 0.0454756 -0.0902992 0 0 255
0.0507657 0.0470138 -0.0901405 0 0 255
0.0512735 0.0486079 -0.0895265 0 0 255
0.0512858 0.0501477 -0.0893676 0 0 255
0.0515462 0.0517170 -0.0889806 0 0 255
0.0518070 0.0532880 -0.0885931 0 0 255
0.0520679 0.0548606 -0.0882053 0 0 255
0.0528279 0.0564989 -0.0873581 0 0 255
0.0530899 0.0580763 -0.0869689 0 0 255
0.0536025 0.0596890 -0.0863487 0 0 255
0.0538653 0.0612705 -0.0859584 0 0 255
0.0541284 0.0628536 -0.0855677 0 0 255
0.0546430 0.0644745 -0.0849449 0 0 255
0.0544041 0.0659876 -0.0850166 0 0 255
0.0541654 0.0674992 -0.0850883 0 0 255
0.0541778 0.0690478 -0.0849285 0 0 255
0.0544412 0.0706357 -0.0845370 0 0 255
0.0544535 0.0721851 -0.0843771 0 0 255
0.0537135 0.0736120 -0.0849120 0 0 255
0.0529756 0.0750345 -0.0854454 0 0 255
0.0527384 0.0765370 -0.0855166 0 0 255
0.0520035 0.0779523 -0.0860479 0 0 255
0.0517672 0.0794504 -0.0861188 0 0 255
0.0512832 0.0809028 -0.0864188 0 0 255
0.0508001 0.0823522 -0.0867184 0 0 255
0.0503179 0.0837987 -0.0870174 0 0 255
0.0500833 0.0852887 -0.0870873 0 0 255
0.0496026 0.0867301 -0.0873854 0 0 255
0.0493687 0.0882164 -0.0874551 0 0 255
0.0491351 0.0897013 -0.0875248 0 0 255
0.0489017 0.0911847 -0.0875943 0 0 255
0.0486685 0.0926665 -0.0876638 0 0 255
0.0479492 0.0940465 -0.0881844 0 0 255
0.0477169 0.0955240 -0.0882536 0 0 255
0.0477291 0.0970521 -0.0880958 0 0 255
0.0472532 0.0984748 -0.0883914 0 0 255
0.0472654 0.1000014 -0.0882339 0 0 255
0.0472775 0.1015280 -0.0880764 0 0 255
0.0468025 0.1029449 -0.0883717 0 0 255
0.0465714 0.1044144 -0.0884404 0 0 255
0.0470703 0.1060515 -0.0878305 0 0 255
0.0465957 0.1074632 -0.0881259 0 0 255
0.0468511 0.1090455 -0.0877421 0 0 255
0.0463770 0.1104535 -0.0880375 0 0 255
0.0463892 0.1119772 -0.0878803 0 0 255
0.0466443 0.1135610 -0.0874966 0 0 255
0.0466565 0.1150855 -0.0873393 0 0 255
0.0466686 0.1166100 -0.0871820 0 0 255
0.0464377 0.1180722 -0.0872513 0 0 255
0.0462070 0.1195330 -0.0873206 0 0 255
0.0464620 0.1211198 -0.0869369 0 0 255
0.0464741 0.1226436 -0.0867796 0 0 255
0.0462435 0.1241022 -0.0868491 0 0 255
0.0464984 0.1256914 -0.0864651 0 0 255
0.0469970 0.1273492 -0.0858534 0 0 255
0.0470091 0.1288746 -0.0856960 0 0 255
0.0475087 0.1305372 -0.0850829 0 0 255
0.0487437 0.1324122 -0.0837818 0 0 255
0.0490011 0.1340136 -0.0833944 0 0 255
0.0492589 0.1356166 -0.0830066 0 0 255
0.0507497 0.1375835 -0.0814644 0 0 255
0.0517527 0.1394148 -0.0803781 0 0 255
0.0515169 0.1408806 -0.0804515 0 0 255
0.0525229 0.1427214 -0.0793615 0 0 255
0.0532923 0.1460369 -0.0783449 0 0 255
0.0535545 0.1476599 -0.0779511 0 0 255
0.0543178 0.1494428 -0.0770870 0 0 255
0.0548321 0.1511509 -0.0764562 0 0 255
0.0550959 0.1527814 -0.0760604 0 0 255
0.0551082 0.1543319 -0.0759003 0 0 255
0.0558763 0.1561304 -0.0750305 0 0 255
0.0558887 0.1576833 -0.0748702 0 0 255
0.0559011 0.1592361 -0.0747100 0 0 255
0.0559134 0.1607890 -0.0745498 0 0 255
0.0561782 0.1624279 -0.0741521 0 0 255
0.0564433 0.1640685 -0.0737540 0 0 255
0.0564557 0.1656231 -0.0735936 0 0 255
0.0567210 0.1672661 -0.0731950 0 0 255
0.0564805 0.1687322 -0.0732727 0 0 255
0.0572526 0.1705574 -0.0723967 0 0 255
0.0570115 0.1720233 -0.0724749 0 0 255
0.0572774 0.1736714 -0.0720753 0 0 255
0.0575435 0.1753212 -0.0716754 0 0 255
0.0573022 0.1767855 -0.0717540 0 0 255
0.0578224 0.1785313 -0.0711142 0 0 255
0.0575808 0.1799948 -0.0711931 0 0 255
0.0578472 0.1816487 -0.0707925 0 0 255
0.0576056 0.1831106 -0.0708716 0 0 255
0.0573642 0.1845710 -0.0709506 0 0 255
0.0578845 0.1863249 -0.0703100 0 0 255
0.0576428 0.1877845 -0.0703893 0 0 255
0.0574063 0.1892445 -0.0704639 0 0 255
0.0579218 0.1910013 -0.0698274 0 0 255
0.0576850 0.1924605 -0.0699023 0 0 255
0.0579466 0.1941190 -0.0695057 0 0 255
0.0584730 0.1958865 -0.0688583 0 0 255
0.0587403 0.1975513 -0.0684558 0 0 255
0.0587478 0.1991106 -0.0682994 0 0 255
0.0590155 0.2007780 -0.0678963 0 0 255
0.0587776 0.2022353 -0.0679725 0 0 255
0.0587900 0.2037967 -0.0678114 0 0 255
0.0590577 0.2054665 -0.0674081 0 0 255
0.0590702 0.2070287 -0.0672469 0 0 255
0.0590858 0.2085923 -0.0670826 0 0 255
0.0588430 0.2100438 -0.0671639 0 0 255
0.0586005 0.2114938 -0.0672449 0 0 255
0.0581038 0.2128303 -0.0675676 0 0 255
0.0583707 0.2145023 -0.0671648 0 0 255
0.0573668 0.2156085 -0.0679700 0 0 255
0.0566196 0.2168238 -0.0685318 0 0 255
0.0566320 0.2183783 -0.0683714 0 0 255
0.0556353 0.2194727 -0.0691713 0 0 255
0.0551446 0.2207932 -0.0694901 0 0 255
0.0541538 0.2218796 -0.0702853 0 0 255
0.0536661 0.2231936 -0.0706020 0 0 255
0.0531794 0.2245051 -0.0709180 0 0 255
0.0526937 0.2258140 -0.0712334 0 0 255
0.0519607 0.2270024 -0.0717848 0 0 255
0.0519730 0.2285422 -0.0716259 0 0 255
0.0512422 0.2297247 -0.0721759 0 0 255
0.0512545 0.2312622 -0.0720172 0 0 255
0.0510195 0.2326794 -0.0720945 0 0 255
0.0505382 0.2339742 -0.0724073 0 0 255
0.0505504 0.2355095 -0.0722489 0 0 255
0.0500700 0.2368003 -0.0725612 0 0 255
0.0498394 0.2382127 -0.0726350 0 0 255
0.0498516 0.2397457 -0.0724768 0 0 255
0.0496181 0.2411545 -0.0725536 0 0 255
0.0503805 0.2445967 -0.0715312 0 0 255
0.0511421 0.2480477 -0.0705086 0 0 255
0.0523931 0.2502302 -0.0691635 0 0 255
0.0536503 0.2524237 -0.0678116 0 0 255
0.0544127 0.2543639 -0.0669333 0 0 255
0.0554286 0.2564434 -0.0658114 0 0 255
0.0554410 0.2579937 -0.0656514 0 0 255
0.0559567 0.2598140 -0.0650086 0 0 255
0.0562211 0.2615020 -0.0646065 0 0 255
0.0562335 0.2630546 -0.0644463 0 0 255
0.0567508 0.2648830 -0.0638012 0 0 255
0.0572692 0.2667151 -0.0631548 0 0 255
0.0799394 -0.0935685 -0.0749221 0 0 255
0.0816317 -0.0922077 -0.0732480 0 0 255
0.0805240 -0.0903891 -0.0740839 0 0 255
0.0777562 -0.0883174 -0.0764098 0 0 255
0.0755657 -0.0863518 -0.0782192 0 0 255
0.0731219 -0.0843619 -0.0802574 0 0 255
0.0707045 -0.0823914 -0.0822733 0 0 255
0.0696431 -0.0806314 -0.0830726 0 0 255
0.0685862 -0.0788787 -0.0838685 0 0 255
0.0664728 -0.0769872 -0.0856147 0 0 255
0.0654291 -0.0752531 -0.0864004 0 0 255
0.0643897 -0.0735261 -0.0871828 0 0 255
0.0636160 -0.0718398 -0.0877267 0 0 255
0.0625842 -0.0701261 -0.0885036 0 0 255
0.0612971 -0.0683878 -0.0895107 0 0 255
0.0605331 -0.0667199 -0.0900476 0 0 255
0.0600293 -0.0650869 -0.0903505 0 0 255
0.0590154 -0.0633997 -0.0911135 0 0 255
0.0585147 -0.0617751 -0.0914144 0 0 255
0.0582709 -0.0601811 -0.0914838 0 0 255
0.0577716 -0.0585622 -0.0917839 0 0 255
0.0567639 -0.0568957 -0.0925432 0 0 255
0.0562677 -0.0552851 -0.0928413 0 0 255
0.0555192 -0.0536540 -0.0933675 0 0 255
0.0552785 -0.0520738 -0.0934356 0 0 255
0.0547854 -0.0504730 -0.0937317 0 0 255
0.0540413 -0.0488541 -0.0942551 0 0 255
0.0540537 -0.0473016 -0.0940949 0 0 255
0.0538145 -0.0457293 -0.0941622 0 0 255
0.0533244 -0.0441397 -0.0944568 0 0 255
0.0528352 -0.0425534 -0.0947508 0 0 255
0.0525972 -0.0409874 -0.0948177 0 0 255
0.0523594 -0.0394230 -0.0948845 0 0 255
0.0516229 -0.0378290 -0.0954034 0 0 255
0.0516352 -0.0362841 -0.0952440 0 0 255
0.0516475 -0.0347392 -0.0950845 0 0 255
0.0511618 -0.0331678 -0.0953768 0 0 255
0.0511741 -0.0316245 -0.0952176 0 0 255
0.0519339 -0.0301161 -0.0943799 0 0 255
0.0519462 -0.0285703 -0.0942203 0 0 255
0.0519585 -0.0270245 -0.0940608 0 0 255
0.0519708 -0.0254787 -0.0939013 0 0 255
0.0522328 -0.0239415 -0.0935148 0 0 255
0.0524950 -0.0224026 -0.0931281 0 0 255
0.0527576 -0.0208622 -0.0927408 0 0 255
0.0530204 -0.0193202 -0.0923532 0 0 255
0.0537856 -0.0177875 -0.0915082 0 0 255
0.0543012 -0.0162455 -0.0908899 0 0 255
0.0545656 -0.0146964 -0.0905001 0 0 255
0.0545780 -0.0131426 -0.0903398 0 0 255
0.0543383 -0.0115864 -0.0904092 0 0 255
0.0538475 -0.0100303 -0.0907076 0 0 255
0.0533575 -0.0084773 -0.0910055 0 0 255
0.0526183 -0.0069275 -0.0915311 0 0 255
0.0523807 -0.0053807 -0.0915994 0 0 255
0.0518938 -0.0038370 -0.0918955 0 0 255
0.0514110 -0.0022964 -0.0921881 0 0 255
0.0514233 -0.0007527 -0.0920288 0 0 255
0.0511868 0.0007872 -0.0920967 0 0 255
0.0504543 0.0023161 -0.0926182 0 0 255
0.0502188 0.0038514 -0.0926858 0 0 255
0.0504788 0.0053976 -0.0923002 0 0 255
0.0502433 0.0069313 -0.0923679 0 0 255
0.0497608 0.0084558 -0.0926618 0 0 255
0.0500203 0.0100028 -0.0922767 0 0 255
0.0502801 0.0115514 -0.0918911 0 0 255
0.0500448 0.0130814 -0.0919590 0 0 255
0.0500571 0.0146207 -0.0918001 0 0 255
0.0498220 0.0161484 -0.0918680 0 0 255
0.0498343 0.0176870 -0.0917092 0 0 255
0.0498465 0.0192256 -0.0915505 0 0 255
0.0496117 0.0207502 -0.0916184 0 0 255
0.0496240 0.0222881 -0.0914597 0 0 255
0.0498833 0.0238415 -0.0910741 0 0 255
0.0496485 0.0253639 -0.0911423 0 0 255
0.0496608 0.0269018 -0.0909835 0 0 255
0.0494262 0.0284219 -0.0910517 0 0 255
0.0494384 0.0299591 -0.0908931 0 0 255
0.0492040 0.0314770 -0.0909612 0 0 255
0.0492162 0.0330134 -0.0908027 0 0 255
0.0492285 0.0345499 -0.0906442 0 0 255
0.0494874 0.0361081 -0.0902585 0 0 255
0.0494996 0.0376454 -0.0900999 0 0 255
0.0495119 0.0391827 -0.0899412 0 0 255
0.0495241 0.0407200 -0.0897826 0 0 255
0.0495364 0.0422574 -0.0896239 0 0 255
0.0497955 0.0438203 -0.0892376 0 0 255
0.0503024 0.0454113 -0.0886226 0 0 255
0.0498201 0.0468967 -0.0889201 0 0 255
0.0503270 0.0484908 -0.0883048 0 0 255
0.0505869 0.0500593 -0.0879173 0 0 255
0.0510954 0.0516590 -0.0873000 0 0 255
0.0511076 0.0532011 -0.0871409 0 0 255
0.0513685 0.0547745 -0.0867521 0 0 255
0.0518785 0.0563814 -0.0861327 0 0 255
0.0523895 0.0579916 -0.0855121 0 0 255
0.0526516 0.0595714 -0.0851215 0 0 255
0.0531642 0.0611874 -0.0844990 0 0 255
0.0531765 0.0627359 -0.0843392 0 0 255
0.0534394 0.0643206 -0.0839474 0 0 255
0.0534517 0.0658699 -0.0837875 0 0 255
0.0534641 0.0674192 -0.0836276 0 0 255
0.0534764 0.0689686 -0.0834677 0 0 255
0.0532382 0.0704788 -0.0835401 0 0 255
0.0530002 0.0719874 -0.0836125 0 0 255
0.0525127 0.0734538 -0.0839165 0 0 255
0.0522754 0.0749586 -0.0839886 0 0 255
0.0517893 0.0764199 -0.0842918 0 0 255
0.0513042 0.0778781 -0.0845943 0 0 255
0.0505723 0.0792900 -0.0851265 0 0 255
0.0503370 0.0807860 -0.0851976 0 0 255
0.0496080 0.0821907 -0.0857278 0 0 255
0.0491273 0.0836366 -0.0860276 0 0 255
0.0491395 0.0851723 -0.0858691 0 0 255
0.0484142 0.0865669 -0.0863970 0 0 255
0.0481809 0.0880525 -0.0864671 0 0 255
0.0481932 0.0895851 -0.0863090 0 0 255
0.0474706 0.0909704 -0.0868351 0 0 255
0.0469974 0.0924018 -0.0871295 0 0 255
0.0467656 0.0938802 -0.0871991 0 0 255
0.0467778 0.0954083 -0.0870414 0 0 255
0.0467899 0.0969364 -0.0868837 0 0 255
0.0465584 0.0984118 -0.0869534 0 0 255
0.0460838 0.0998324 -0.0872499 0 0 255
0.0458530 0.1013042 -0.0873193 0 0 255
0.0463514 0.1029390 -0.0867079 0 0 255
0.0458773 0.1043545 -0.0870045 0 0 255
0.0456467 0.1058234 -0.0870740 0 0 255
0.0456589 0.1073478 -0.0869167 0 0 255
0.0459138 0.1089300 -0.0865324 0 0 255
0.0456831 0.1103967 -0.0866020 0 0 255
0.0454527 0.1118619 -0.0866716 0 0 255
0.0457074 0.1134457 -0.0862873 0 0 255
0.0454770 0.1149094 -0.0863571 0 0 255
0.0454891 0.1164332 -0.0861999 0 0 255
0.0455013 0.1179570 -0.0860427 0 0 255
0.0455134 0.1194808 -0.0858854 0 0 255
0.0455255 0.1210046 -0.0857282 0 0 255
0.0452953 0.1224640 -0.0857981 0 0 255
0.0455498 0.1240523 -0.0854137 0 0 255
0.0450775 0.1254443 -0.0857110 0 0 255
0.0460596 0.1272339 -0.0846435 0 0 255
0.0458288 0.1286917 -0.0847141 0 0 255
0.0463270 0.1303533 -0.0841003 0 0 255
0.0473141 0.1321573 -0.0830269 0 0 255
0.0483051 0.1339685 -0.0819492 0 0 255
0.0483173 0.1355009 -0.0817911 0 0 255
0.0493124 0.1373225 -0.0807087 0 0 255
0.0503114 0.1391515 -0.0796220 0 0 255
0.0508186 0.1408388 -0.0789976 0 0 255
0.0513267 0.1425295 -0.0783719 0 0 255
0.0518359 0.1442237 -0.0777449 0 0 255
0.0526046 0.1475433 -0.0767252 0 0 255
0.0531165 0.1492469 -0.0760950 0 0 255
0.0531288 0.1507942 -0.0759353 0 0 255
0.0536416 0.1525029 -0.0753036 0 0 255
0.0541555 0.1542150 -0.0746707 0 0 255
0.0544190 0.1558480 -0.0742737 0 0 255
0.0544313 0.1573993 -0.0741136 0 0 255
0.0546952 0.1590348 -0.0737161 0 0 255
0.0549592 0.1606720 -0.0733182 0 0 255
0.0547199 0.1621391 -0.0733957 0 0 255
0.0549839 0.1637779 -0.0729977 0 0 255
0.0555005 0.1655060 -0.0723607 0 0 255
0.0555129 0.1670605 -0.0722003 0 0 255
0.0557777 0.1687044 -0.0718010 0 0 255
0.0555425 0.1701715 -0.0718749 0 0 255
0.0558074 0.1718170 -0.0714754 0 0 255
0.0555673 0.1732808 -0.0715540 0 0 255
0.0563331 0.1751112 -0.0706798 0 0 255
0.0560974 0.1765767 -0.0707543 0 0 255
0.0561098 0.1781330 -0.0705937 0 0 255
0.0561173 0.1796875 -0.0704377 0 0 255
0.0558817 0.1811500 -0.0705123 0 0 255
0.0558941 0.1827056 -0.0703517 0 0 255
0.0559097 0.1842624 -0.0701882 0 0 255
0.0566733 0.1861094 -0.0693145 0 0 255
0.0561873 0.1874725 -0.0696270 0 0 255
0.0564528 0.1891287 -0.0692260 0 0 255
0.0562121 0.1905855 -0.0693058 0 0 255
0.0567310 0.1923447 -0.0686637 0 0 255
0.0570062 0.1955627 -0.0681040 0 0 255
0.0575267 0.1973298 -0.0674597 0 0 255
0.0577935 0.1989954 -0.0670566 0 0 255
0.0580607 0.2006627 -0.0666530 0 0 255
0.0580731 0.2022248 -0.0664918 0 0 255
0.0578308 0.2036794 -0.0665732 0 0 255
0.0575920 0.2051340 -0.0666515 0 0 255
0.0578589 0.2068037 -0.0662479 0 0 255
0.0578713 0.2083651 -0.0660868 0 0 255
0.0573751 0.2097055 -0.0664108 0 0 255
0.0573875 0.2112654 -0.0662498 0 0 255
0.0568923 0.2126016 -0.0665734 0 0 255
0.0563981 0.2139350 -0.0668963 0 0 255
0.0561575 0.2153787 -0.0669772 0 0 255
0.0554126 0.2165938 -0.0675400 0 0 255
0.0551731 0.2180332 -0.0676205 0 0 255
0.0546823 0.2193565 -0.0679412 0 0 255
0.0541926 0.2206771 -0.0682612 0 0 255
0.0534536 0.2218793 -0.0688199 0 0 255
0.0524678 0.2229618 -0.0696152 0 0 255
0.0522312 0.2243894 -0.0696941 0 0 255
0.0512503 0.2254642 -0.0704857 0 0 255
0.0510150 0.2268871 -0.0705639 0 0 255
0.0505326 0.2281903 -0.0708788 0 0 255
0.0500512 0.2294909 -0.0711932 0 0 255
0.0498170 0.2309082 -0.0712709 0 0 255
0.0493370 0.2322042 -0.0715843 0 0 255
0.0491035 0.2336181 -0.0716617 0 0 255
0.0488702 0.2350305 -0.0717389 0 0 255
0.0486403 0.2364432 -0.0718131 0 0 255
0.0486526 0.2379754 -0.0716550 0 0 255
0.0484197 0.2393843 -0.0717322 0 0 255
0.0486769 0.2410399 -0.0713388 0 0 255
0.0486892 0.2425721 -0.0711806 0 0 255
0.0482115 0.2438534 -0.0714934 0 0 255
0.0492043 0.2458898 -0.0703924 0 0 255
0.0494624 0.2475512 -0.0699977 0 0 255
0.0504693 0.2511363 -0.0687354 0 0 255
0.0507286 0.2528045 -0.0683388 0 0 255
0.0522283 0.2551333 -0.0667475 0 0 255
0.0529878 0.2570757 -0.0658684 0 0 255
0.0539998 0.2591587 -0.0647455 0 0 255
0.0550159 0.2612500 -0.0636180 0 0 255
0.0552799 0.2629387 -0.0632153 0 0 255
0.0557962 0.2647670 -0.0625689 0 0 255
0.0568197 0.2668772 -0.0614330 0 0 255
0.0570855 0.2685749 -0.0610276 0 0 255
0.0581141 0.2706983 -0.0598857 0 0 255
0.0588915 0.2726876 -0.0589858 0 0 255
0.0817203 -0.0958038 -0.0712740 0 0 255
0.0783779 -0.0936016 -0.0741257 0 0 255
0.0795047 -0.0921511 -0.0729541 0 0 255
0.0778490 -0.0902475 -0.0742888 0 0 255
0.0762037 -0.0883560 -0.0756151 0 0 255
0.0742954 -0.0864344 -0.0771796 0 0 255
0.0705115 -0.0842419 -0.0804369 0 0 255
0.0694488 -0.0824752 -0.0812413 0 0 255
0.0678568 -0.0806388 -0.0825242 0 0 255
0.0665398 -0.0788513 -0.0835596 0 0 255
0.0654938 -0.0771097 -0.0843512 0 0 255
0.0641891 -0.0753397 -0.0853771 0 0 255
0.0634146 -0.0736480 -0.0859246 0 0 255
0.0623814 -0.0719279 -0.0867064 0 0 255
0.0616127 -0.0702476 -0.0872498 0 0 255
0.0603281 -0.0685089 -0.0882602 0 0 255
0.0595656 -0.0668408 -0.0887990 0 0 255
0.0593202 -0.0652376 -0.0888701 0 0 255
0.0583073 -0.0635492 -0.0896364 0 0 255
0.0580633 -0.0619518 -0.0897068 0 0 255
0.0570523 -0.0602740 -0.0904724 0 0 255
0.0568095 -0.0586824 -0.0905423 0 0 255
0.0563123 -0.0570667 -0.0908429 0 0 255
0.0555622 -0.0554296 -0.0913733 0 0 255
0.0553209 -0.0538452 -0.0914425 0 0 255
0.0545738 -0.0522163 -0.0919709 0 0 255
0.0538291 -0.0505923 -0.0924977 0 0 255
0.0533379 -0.0489946 -0.0927945 0 0 255
0.0528478 -0.0474002 -0.0930908 0 0 255
0.0528601 -0.0458483 -0.0929306 0 0 255
0.0523710 -0.0442586 -0.0932264 0 0 255
0.0518828 -0.0426721 -0.0935217 0 0 255
0.0516452 -0.0411061 -0.0935892 0 0 255
0.0511585 -0.0395252 -0.0938835 0 0 255
0.0511709 -0.0379787 -0.0937240 0 0 255
0.0509341 -0.0364174 -0.0937912 0 0 255
0.0509464 -0.0348717 -0.0936317 0 0 255
0.0509588 -0.0333260 -0.0934721 0 0 255
0.0507222 -0.0317677 -0.0935395 0 0 255
0.0509833 -0.0302345 -0.0931531 0 0 255
0.0507467 -0.0286778 -0.0932206 0 0 255
0.0510080 -0.0271429 -0.0928341 0 0 255
0.0512694 -0.0256065 -0.0924471 0 0 255
0.0512818 -0.0240599 -0.0922875 0 0 255
0.0512941 -0.0225132 -0.0921279 0 0 255
0.0518055 -0.0209807 -0.0915122 0 0 255
0.0518179 -0.0194325 -0.0913524 0 0 255
0.0520802 -0.0178897 -0.0909640 0 0 255
0.0528440 -0.0163549 -0.0901169 0 0 255
0.0536102 -0.0148153 -0.0892671 0 0 255
0.0531197 -0.0132551 -0.0895669 0 0 255
0.0531321 -0.0117028 -0.0894067 0 0 255
0.0526426 -0.0101473 -0.0897061 0 0 255
0.0524045 -0.0085958 -0.0897755 0 0 255
0.0516667 -0.0070458 -0.0903029 0 0 255
0.0511803 -0.0054997 -0.0906004 0 0 255
0.0511926 -0.0039536 -0.0904408 0 0 255
0.0507103 -0.0024121 -0.0907351 0 0 255
0.0499777 -0.0008768 -0.0912592 0 0 255
0.0499900 0.0006654 -0.0910999 0 0 255
0.0495070 0.0021984 -0.0913956 0 0 255
0.0492719 0.0037337 -0.0914638 0 0 255
0.0495315 0.0052799 -0.0910776 0 0 255
0.0490494 0.0068068 -0.0913730 0 0 255
0.0490617 0.0083460 -0.0912141 0 0 255
0.0485805 0.0098683 -0.0915090 0 0 255
0.0490862 0.0114246 -0.0908964 0 0 255
0.0490984 0.0129639 -0.0907375 0 0 255
0.0493577 0.0145141 -0.0903512 0 0 255
0.0486296 0.0160194 -0.0908742 0 0 255
0.0486418 0.0175572 -0.0907155 0 0 255
0.0489006 0.0191082 -0.0903295 0 0 255
0.0489129 0.0206468 -0.0901707 0 0 255
0.0486785 0.0221708 -0.0902394 0 0 255
0.0489374 0.0237242 -0.0898532 0 0 255
0.0489497 0.0252629 -0.0896944 0 0 255
0.0484689 0.0267676 -0.0899906 0 0 255
0.0484811 0.0283048 -0.0898320 0 0 255
0.0487397 0.0298605 -0.0894458 0 0 255
0.0487520 0.0313985 -0.0892870 0 0 255
0.0487643 0.0329365 -0.0891283 0 0 255
0.0482839 0.0344329 -0.0894251 0 0 255
0.0485423 0.0359910 -0.0890388 0 0 255
0.0490476 0.0375732 -0.0884239 0 0 255
0.0488133 0.0390888 -0.0884934 0 0 255
0.0488255 0.0406270 -0.0883347 0 0 255
0.0488377 0.0421651 -0.0881760 0 0 255
0.0488500 0.0437032 -0.0880172 0 0 255
0.0488622 0.0452414 -0.0878584 0 0 255
0.0493681 0.0468338 -0.0872421 0 0 255
0.0493804 0.0483736 -0.0870832 0 0 255
0.0498874 0.0499708 -0.0864654 0 0 255
0.0498997 0.0515121 -0.0863063 0 0 255
0.0504077 0.0531142 -0.0856872 0 0 255
0.0504200 0.0546571 -0.0855280 0 0 255
0.0509290 0.0562640 -0.0849074 0 0 255
0.0516884 0.0579069 -0.0840539 0 0 255
0.0519502 0.0594875 -0.0836623 0 0 255
0.0522123 0.0610697 -0.0832705 0 0 255
0.0522246 0.0626182 -0.0831106 0 0 255
0.0522370 0.0641667 -0.0829508 0 0 255
0.0522493 0.0657153 -0.0827910 0 0 255
0.0520118 0.0672263 -0.0828637 0 0 255
0.0517747 0.0687358 -0.0829363 0 0 255
0.0520365 0.0703220 -0.0825442 0 0 255
0.0517993 0.0718299 -0.0826170 0 0 255
0.0513132 0.0732958 -0.0829219 0 0 255
0.0510767 0.0748000 -0.0829944 0 0 255
0.0505920 0.0762606 -0.0832984 0 0 255
0.0498607 0.0776756 -0.0838328 0 0 255
0.0491318 0.0790864 -0.0843656 0 0 255
0.0491440 0.0806250 -0.0842068 0 0 255
0.0486632 0.0820741 -0.0845084 0 0 255
0.0481834 0.0835202 -0.0848094 0 0 255
0.0479501 0.0850096 -0.0848804 0 0 255
0.0474717 0.0864506 -0.0851806 0 0 255
0.0472390 0.0879363 -0.0852514 0 0 255
0.0470065 0.0894206 -0.0853221 0 0 255
0.0460456 0.0907572 -0.0860745 0 0 255
0.0460578 0.0922860 -0.0859167 0 0 255
0.0460699 0.0938148 -0.0857590 0 0 255
0.0455954 0.0952414 -0.0860570 0 0 255
0.0453646 0.0967169 -0.0861270 0 0 255
0.0453767 0.0982435 -0.0859694 0 0 255
0.0453888 0.0997701 -0.0858119 0 0 255
0.0449157 0.1011888 -0.0861095 0 0 255
0.0449279 0.1027139 -0.0859521 0 0 255
0.0451825 0.1042945 -0.0855671 0 0 255
0.0447098 0.1057080 -0.0858647 0 0 255
0.0444798 0.1071755 -0.0859348 0 0 255
0.0444920 0.1086992 -0.0857775 0 0 255
0.0447462 0.1102813 -0.0853927 0 0 255
0.0445163 0.1117466 -0.0854630 0 0 255
0.0445284 0.1132704 -0.0853058 0 0 255
0.0445405 0.1147941 -0.0851485 0 0 255
0.0445526 0.1163180 -0.0849912 0 0 255
0.0445648 0.1178417 -0.0848340 0 0 255
0.0443351 0.1193027 -0.0849043 0 0 255
0.0443472 0.1208258 -0.0847472 0 0 255
0.0446012 0.1224133 -0.0843621 0 0 255
0.0441298 0.1238068 -0.0846605 0 0 255
0.0446255 0.1254611 -0.0840476 0 0 255
0.0451222 0.1271186 -0.0834335 0 0 255
0.0444078 0.1284415 -0.0839612 0 0 255
0.0449041 0.1301012 -0.0833473 0 0 255
0.0461306 0.1319723 -0.0820439 0 0 255
0.0466303 0.1336414 -0.0814259 0 0 255
0.0466425 0.1351715 -0.0812680 0 0 255
0.0473878 0.1369176 -0.0804175 0 0 255
0.0488729 0.1388886 -0.0788675 0 0 255
0.0491315 0.1404998 -0.0784760 0 0 255
0.0501317 0.1423379 -0.0773831 0 0 255
0.0501440 0.1438789 -0.0772241 0 0 255
0.0506518 0.1455737 -0.0765962 0 0 255
0.0514091 0.1473497 -0.0757319 0 0 255
0.0514214 0.1488947 -0.0755724 0 0 255
0.0521903 0.1522249 -0.0745484 0 0 255
0.0522074 0.1537738 -0.0743842 0 0 255
0.0524694 0.1554033 -0.0739878 0 0 255
0.0527317 0.1570345 -0.0735911 0 0 255
0.0532398 0.1587497 -0.0729609 0 0 255
0.0532569 0.1603019 -0.0727963 0 0 255
0.0532693 0.1618525 -0.0726363 0 0 255
0.0537785 0.1635743 -0.0720045 0 0 255
0.0540470 0.1652156 -0.0716011 0 0 255
0.0540593 0.1667686 -0.0714408 0 0 255
0.0540668 0.1683199 -0.0712852 0 0 255
0.0545873 0.1700544 -0.0706419 0 0 255
0.0545997 0.1716091 -0.0704814 0 0 255
0.0546121 0.1731638 -0.0703210 0 0 255
0.0546244 0.1747185 -0.0701605 0 0 255
0.0551412 0.1764596 -0.0695200 0 0 255
0.0549012 0.1779219 -0.0695997 0 0 255
0.0551659 0.1795723 -0.0691988 0 0 255
0.0549260 0.1810330 -0.0692786 0 0 255
0.0549384 0.1825886 -0.0691181 0 0 255
0.0549508 0.1841442 -0.0689575 0 0 255
0.0552155 0.1857978 -0.0685563 0 0 255
0.0552279 0.1873543 -0.0683957 0 0 255
0.0552435 0.1889120 -0.0682320 0 0 255
0.0552559 0.1904685 -0.0680714 0 0 255
0.0557737 0.1922276 -0.0674281 0 0 255
0.0555333 0.1936835 -0.0675089 0 0 255
0.0560517 0.1954469 -0.0668647 0 0 255
0.0563267 0.1986683 -0.0663037 0 0 255
0.0563423 0.2002294 -0.0661397 0 0 255
0.0566084 0.2018956 -0.0657361 0 0 255
0.0566208 0.2034562 -0.0655750 0 0 255
0.0566332 0.2050169 -0.0654140 0 0 255
0.0563920 0.2064687 -0.0654958 0 0 255
0.0564044 0.2080286 -0.0653348 0 0 255
0.0564168 0.2095885 -0.0651739 0 0 255
0.0561758 0.2110373 -0.0652558 0 0 255
0.0556820 0.2123730 -0.0655802 0 0 255
0.0556944 0.2139305 -0.0654194 0 0 255
0.0552016 0.2152620 -0.0657434 0 0 255
0.0544582 0.2164773 -0.0663081 0 0 255
0.0537170 0.2176888 -0.0668711 0 0 255
0.0537294 0.2192402 -0.0667110 0 0 255
0.0529904 0.2204458 -0.0672725 0 0 255
0.0522537 0.2216477 -0.0678324 0 0 255
0.0515192 0.2228461 -0.0683906 0 0 255
0.0510348 0.2241572 -0.0687087 0 0 255
0.0507992 0.2255829 -0.0687879 0 0 255
0.0503163 0.2268894 -0.0691051 0 0 255
0.0495877 0.2280751 -0.0696591 0 0 255
0.0491072 0.2293758 -0.0699747 0 0 255
0.0488735 0.2307932 -0.0700530 0 0 255
0.0483945 0.2320893 -0.0703676 0 0 255
0.0481614 0.2335033 -0.0704456 0 0 255
0.0476839 0.2347947 -0.0707594 0 0 255
0.0474547 0.2362068 -0.0708340 0 0 255
0.0472226 0.2376159 -0.0709115 0 0 255
0.0469907 0.2390236 -0.0709890 0 0 255
0.0470029 0.2405536 -0.0708311 0 0 255
0.0470150 0.2420836 -0.0706733 0 0 255
0.0467834 0.2434885 -0.0707508 0 0 255
0.0472835 0.2452697 -0.0701217 0 0 255
0.0480293 0.2471817 -0.0692548 0 0 255
0.0480416 0.2487148 -0.0690966 0 0 255
0.0490355 0.2507642 -0.0679891 0 0 255
0.0502897 0.2544909 -0.0664824 0 0 255
0.0512927 0.2565612 -0.0653647 0 0 255
0.0525492 0.2587742 -0.0640011 0 0 255
0.0538119 0.2609983 -0.0626306 0 0 255
0.0548292 0.2630966 -0.0614971 0 0 255
0.0555980 0.2650651 -0.0606037 0 0 255
0.0561160 0.2669003 -0.0599531 0 0 255
0.0558755 0.2683184 -0.0600375 0 0 255
0.0574093 0.2707234 -0.0584012 0 0 255
0.0581861 0.2727137 -0.0574985 0 0 255
0.0801485 -0.0958347 -0.0704772 0 0 255
0.0787640 -0.0939598 -0.0715722 0 0 255
0.0776643 -0.0921403 -0.0724103 0 0 255
0.0762930 -0.0902841 -0.0734948 0 0 255
0.0743803 -0.0883513 -0.0750705 0 0 255
0.0719382 -0.0863487 -0.0771269 0 0 255
0.0689853 -0.0842842 -0.0796476 0 0 255
0.0676599 -0.0824797 -0.0806949 0 0 255
0.0660760 -0.0806461 -0.0819775 0 0 255
0.0650297 -0.0788989 -0.0827732 0 0 255
0.0642511 -0.0771955 -0.0833268 0 0 255
0.0629504 -0.0754263 -0.0843547 0 0 255
0.0616564 -0.0736661 -0.0853773 0 0 255
0.0608882 -0.0719822 -0.0859231 0 0 255
0.0601224 -0.0703035 -0.0864672 0 0 255
0.0593591 -0.0686300 -0.0870096 0 0 255
0.0583407 -0.0669308 -0.0877843 0 0 255
0.0580961 -0.0653284 -0.0878558 0 0 255
0.0565750 -0.0635826 -0.0890890 0 0 255
0.0568429 -0.0620440 -0.0886948 0 0 255
0.0558349 -0.0603669 -0.0894620 0 0 255
0.0555929 -0.0587760 -0.0895323 0 0 255
0.0553511 -0.0571867 -0.0896025 0 0 255
0.0546025 -0.0555494 -0.0901349 0 0 255
0.0541088 -0.0539410 -0.0904351 0 0 255
0.0536161 -0.0523358 -0.0907349 0 0 255
0.0533763 -0.0507562 -0.0908042 0 0 255
0.0528852 -0.0491567 -0.0911030 0 0 255
0.0523950 -0.0475604 -0.0914013 0 0 255
0.0519058 -0.0459674 -0.0916989 0 0 255
0.0516678 -0.0443965 -0.0917675 0 0 255
0.0514300 -0.0428272 -0.0918360 0 0 255
0.0509427 -0.0412422 -0.0921326 0 0 255
0.0504565 -0.0396603 -0.0924286 0 0 255
0.0504688 -0.0381130 -0.0922690 0 0 255
0.0502322 -0.0365508 -0.0923370 0 0 255
0.0499959 -0.0349902 -0.0924049 0 0 255
0.0500082 -0.0334445 -0.0922454 0 0 255
0.0502691 -0.0319113 -0.0918581 0 0 255
0.0500328 -0.0303529 -0.0919263 0 0 255
0.0502937 -0.0288182 -0.0915389 0 0 255
0.0498089 -0.0272511 -0.0918351 0 0 255
0.0503184 -0.0257250 -0.0912197 0 0 255
0.0500820 -0.0241696 -0.0912882 0 0 255
0.0503430 -0.0226317 -0.0909005 0 0 255
0.0506043 -0.0210921 -0.0905123 0 0 255
0.0508658 -0.0195510 -0.0901237 0 0 255
0.0516274 -0.0180194 -0.0892757 0 0 255
0.0516397 -0.0164688 -0.0891156 0 0 255
0.0524036 -0.0149301 -0.0882648 0 0 255
0.0526671 -0.0133803 -0.0878737 0 0 255
0.0516768 -0.0118167 -0.0886355 0 0 255
0.0511893 -0.0102627 -0.0889353 0 0 255
0.0512016 -0.0087135 -0.0887755 0 0 255
0.0509644 -0.0071642 -0.0888453 0 0 255
0.0502297 -0.0056179 -0.0893735 0 0 255
0.0495002 -0.0040762 -0.0898973 0 0 255
0.0492647 -0.0025347 -0.0899663 0 0 255
0.0495248 -0.0009886 -0.0895787 0 0 255
0.0492893 0.0005514 -0.0896478 0 0 255
0.0488066 0.0020853 -0.0899451 0 0 255
0.0485719 0.0036214 -0.0900139 0 0 255
0.0485842 0.0051622 -0.0898549 0 0 255
0.0485965 0.0067030 -0.0896959 0 0 255
0.0486087 0.0082439 -0.0895368 0 0 255
0.0483741 0.0097762 -0.0896060 0 0 255
0.0486333 0.0113256 -0.0892188 0 0 255
0.0483986 0.0128564 -0.0892881 0 0 255
0.0479179 0.0143750 -0.0895851 0 0 255
0.0479302 0.0159136 -0.0894262 0 0 255
0.0479424 0.0174522 -0.0892675 0 0 255
0.0479546 0.0189908 -0.0891087 0 0 255
0.0479669 0.0205295 -0.0889499 0 0 255
0.0484722 0.0220975 -0.0883343 0 0 255
0.0482378 0.0236223 -0.0884039 0 0 255
0.0480036 0.0251455 -0.0884735 0 0 255
0.0480159 0.0266843 -0.0883147 0 0 255
0.0477819 0.0282053 -0.0883842 0 0 255
0.0482868 0.0297803 -0.0877684 0 0 255
0.0482991 0.0313199 -0.0876095 0 0 255
0.0485580 0.0328796 -0.0872216 0 0 255
0.0478309 0.0343574 -0.0877493 0 0 255
0.0480894 0.0359171 -0.0873618 0 0 255
0.0481016 0.0374560 -0.0872030 0 0 255
0.0483603 0.0390180 -0.0868150 0 0 255
0.0481261 0.0405338 -0.0868853 0 0 255
0.0483848 0.0420974 -0.0864972 0 0 255
0.0483971 0.0436371 -0.0863383 0 0 255
0.0481628 0.0451506 -0.0864089 0 0 255
0.0486683 0.0467437 -0.0857907 0 0 255
0.0486806 0.0482843 -0.0856317 0 0 255
0.0489399 0.0498535 -0.0852425 0 0 255
0.0491993 0.0514243 -0.0848530 0 0 255
0.0499550 0.0530574 -0.0840007 0 0 255
0.0499673 0.0546020 -0.0838413 0 0 255
0.0502278 0.0561784 -0.0834503 0 0 255
0.0507375 0.0577893 -0.0828265 0 0 255
0.0512481 0.0594035 -0.0822016 0 0 255
0.0512605 0.0609520 -0.0820418 0 0 255
0.0517722 0.0625710 -0.0814154 0 0 255
0.0515347 0.0640851 -0.0814890 0 0 255
0.0515470 0.0656345 -0.0813290 0 0 255
0.0515594 0.0671838 -0.0811691 0 0 255
0.0510728 0.0686566 -0.0814759 0 0 255
0.0510851 0.0702044 -0.0813162 0 0 255
0.0508483 0.0717124 -0.0813896 0 0 255
0.0503631 0.0731784 -0.0816958 0 0 255
0.0501271 0.0746827 -0.0817689 0 0 255
0.0493958 0.0761015 -0.0823061 0 0 255
0.0489136 0.0775587 -0.0826104 0 0 255
0.0481860 0.0789696 -0.0831450 0 0 255
0.0481982 0.0805083 -0.0829862 0 0 255
0.0474728 0.0819127 -0.0835195 0 0 255
0.0472396 0.0834037 -0.0835912 0 0 255
0.0467617 0.0848470 -0.0838928 0 0 255
0.0462848 0.0862875 -0.0841938 0 0 255
0.0458088 0.0877252 -0.0844942 0 0 255
0.0458210 0.0892562 -0.0843361 0 0 255
0.0453492 0.0906901 -0.0846331 0 0 255
0.0453613 0.0922197 -0.0844752 0 0 255
0.0448873 0.0936486 -0.0847747 0 0 255
0.0451424 0.0952278 -0.0843884 0 0 255
0.0449116 0.0967048 -0.0844593 0 0 255
0.0444385 0.0981279 -0.0847585 0 0 255
0.0442083 0.0996013 -0.0848291 0 0 255
0.0439783 0.1010732 -0.0848997 0 0 255
0.0442325 0.1026531 -0.0845142 0 0 255
0.0437608 0.1040682 -0.0848128 0 0 255
0.0442568 0.1057049 -0.0841992 0 0 255
0.0435435 0.1070602 -0.0847260 0 0 255
0.0437972 0.1086415 -0.0843408 0 0 255
0.0438094 0.1101660 -0.0841835 0 0 255
0.0435798 0.1116313 -0.0842543 0 0 255
0.0435920 0.1131551 -0.0840970 0 0 255
0.0436041 0.1146789 -0.0839398 0 0 255
0.0438579 0.1162641 -0.0835541 0 0 255
0.0436283 0.1177265 -0.0836252 0 0 255
0.0433991 0.1191875 -0.0836962 0 0 255
0.0436526 0.1207742 -0.0833107 0 0 255
0.0434233 0.1222337 -0.0833819 0 0 255
0.0436769 0.1238220 -0.0829962 0 0 255
0.0434476 0.1252800 -0.0830675 0 0 255
0.0439428 0.1269366 -0.0824527 0 0 255
0.0439549 0.1284613 -0.0822953 0 0 255
0.0442090 0.1300544 -0.0819086 0 0 255
0.0449484 0.1317875 -0.0810617 0 0 255
0.0449606 0.1333153 -0.0809040 0 0 255
0.0452156 0.1349140 -0.0805159 0 0 255
0.0464461 0.1368019 -0.0792020 0 0 255
0.0471970 0.1385545 -0.0783426 0 0 255
0.0481865 0.1403837 -0.0772562 0 0 255
0.0482035 0.1419230 -0.0770930 0 0 255
0.0489549 0.1436882 -0.0762319 0 0 255
0.0492141 0.1453052 -0.0758383 0 0 255
0.0497209 0.1470014 -0.0752090 0 0 255
0.0497332 0.1485440 -0.0750498 0 0 255
0.0504892 0.1503247 -0.0741830 0 0 255
0.0507499 0.1519500 -0.0737871 0 0 255
0.0512690 0.1552045 -0.0729972 0 0 255
0.0517799 0.1569178 -0.0723625 0 0 255
0.0515428 0.1583830 -0.0724403 0 0 255
0.0520543 0.1601004 -0.0718048 0 0 255
0.0523165 0.1617357 -0.0714065 0 0 255
0.0528297 0.1634591 -0.0707688 0 0 255
0.0525915 0.1649241 -0.0708477 0 0 255
0.0528544 0.1665636 -0.0704484 0 0 255
0.0531174 0.1682047 -0.0700489 0 0 255
0.0531298 0.1697578 -0.0698886 0 0 255
0.0533932 0.1714014 -0.0694885 0 0 255
0.0534056 0.1729553 -0.0693281 0 0 255
0.0536692 0.1746014 -0.0689276 0 0 255
0.0539331 0.1762493 -0.0685266 0 0 255
0.0534458 0.1776183 -0.0688440 0 0 255
0.0537187 0.1808205 -0.0682857 0 0 255
0.0537342 0.1823765 -0.0681222 0 0 255
0.0539982 0.1840284 -0.0677208 0 0 255
0.0540105 0.1855841 -0.0675603 0 0 255
0.0542748 0.1872385 -0.0671583 0 0 255
0.0542872 0.1887950 -0.0669977 0 0 255
0.0540477 0.1902512 -0.0670786 0 0 255
0.0545641 0.1920092 -0.0664346 0 0 255
0.0543243 0.1934645 -0.0665158 0 0 255
0.0550939 0.1953298 -0.0656285 0 0 255
0.0553685 0.1985511 -0.0650668 0 0 255
0.0556372 0.2002178 -0.0646595 0 0 255
0.0556620 0.2033391 -0.0643374 0 0 255
0.0551683 0.2046839 -0.0646631 0 0 255
0.0551808 0.2062430 -0.0645021 0 0 255
0.0554461 0.2079115 -0.0640978 0 0 255
0.0549529 0.2092511 -0.0644235 0 0 255
0.0552180 0.2109203 -0.0640194 0 0 255
0.0544730 0.2121447 -0.0645879 0 0 255
0.0542334 0.2135893 -0.0646700 0 0 255
0.0534914 0.2148070 -0.0652364 0 0 255
0.0532528 0.2162474 -0.0653180 0 0 255
0.0527640 0.2175725 -0.0656410 0 0 255
0.0522762 0.2188950 -0.0659633 0 0 255
0.0517894 0.2202148 -0.0662849 0 0 255
0.0510548 0.2214164 -0.0668460 0 0 255
0.0505705 0.2227304 -0.0671660 0 0 255
0.0503348 0.2241582 -0.0672461 0 0 255
0.0493577 0.2252335 -0.0680426 0 0 255
0.0486305 0.2264216 -0.0685982 0 0 255
0.0483968 0.2278419 -0.0686772 0 0 255
0.0479178 0.2291422 -0.0689936 0 0 255
0.0476847 0.2305591 -0.0690723 0 0 255
0.0474519 0.2319744 -0.0691509 0 0 255
0.0464896 0.2330293 -0.0699358 0 0 255
0.0462580 0.2344400 -0.0700138 0 0 255
0.0462702 0.2359707 -0.0698558 0 0 255
0.0460387 0.2373792 -0.0699338 0 0 255
0.0458076 0.2387864 -0.0700117 0 0 255
0.0458197 0.2403156 -0.0698540 0 0 255
0.0458319 0.2418448 -0.0696961 0 0 255
0.0453581 0.2431242 -0.0700097 0 0 255
0.0458562 0.2449034 -0.0693805 0 0 255
0.0463554 0.2466860 -0.0687500 0 0 255
0.0468555 0.2484723 -0.0681183 0 0 255
0.0466236 0.2498762 -0.0681972 0 0 255
0.0478588 0.2520556 -0.0668509 0 0 255
0.0486079 0.2539837 -0.0659764 0 0 255
0.0501096 0.2578558 -0.0642225 0 0 255
0.0518603 0.2603408 -0.0623724 0 0 255
0.0533726 0.2627068 -0.0607532 0 0 255
0.0546420 0.2649489 -0.0593695 0 0 255
0.0549065 0.2666447 -0.0589633 0 0 255
0.0551714 0.2683422 -0.0585567 0 0 255
0.0561961 0.2704652 -0.0574097 0 0 255
0.0564623 0.2721691 -0.0570013 0 0 255
0.0572375 0.2741617 -0.0560965 0 0 255
0.0796859 -0.0977000 -0.0688350 0 0 255
0.0791389 -0.0959611 -0.0691743 0 0 255
0.0763696 -0.0938531 -0.0715339 0 0 255
0.0761060 -0.0921749 -0.0716169 0 0 255
0.0744655 -0.0902763 -0.0729524 0 0 255
0.0725626 -0.0883465 -0.0745276 0 0 255
0.0712157 -0.0865151 -0.0755979 0 0 255
0.0674624 -0.0843265 -0.0788600 0 0 255
0.0661423 -0.0825238 -0.0799082 0 0 255
0.0643007 -0.0806535 -0.0814325 0 0 255
0.0629971 -0.0788715 -0.0824675 0 0 255
0.0632725 -0.0773179 -0.0820639 0 0 255
0.0614519 -0.0754772 -0.0835715 0 0 255
0.0604228 -0.0737533 -0.0843582 0 0 255
0.0596570 -0.0720701 -0.0849052 0 0 255
0.0591519 -0.0704249 -0.0852147 0 0 255
0.0581324 -0.0687193 -0.0859943 0 0 255
0.0576304 -0.0670826 -0.0863017 0 0 255
0.0563646 -0.0653595 -0.0873075 0 0 255
0.0556113 -0.0637030 -0.0878454 0 0 255
0.0553690 -0.0621079 -0.0879167 0 0 255
0.0543652 -0.0604324 -0.0886846 0 0 255
0.0543776 -0.0588696 -0.0885234 0 0 255
0.0541365 -0.0572810 -0.0885941 0 0 255
0.0536428 -0.0556692 -0.0888963 0 0 255
0.0531501 -0.0540606 -0.0891978 0 0 255
0.0529103 -0.0524785 -0.0892680 0 0 255
0.0524191 -0.0508756 -0.0895688 0 0 255
0.0521800 -0.0492975 -0.0896386 0 0 255
0.0514396 -0.0476796 -0.0901684 0 0 255
0.0509514 -0.0460864 -0.0904673 0 0 255
0.0504642 -0.0444965 -0.0907656 0 0 255
0.0504765 -0.0429461 -0.0906056 0 0 255
0.0502394 -0.0413784 -0.0906746 0 0 255
0.0497536 -0.0397955 -0.0909723 0 0 255
0.0495172 -0.0382317 -0.0910410 0 0 255
0.0495296 -0.0366844 -0.0908813 0 0 255
0.0495419 -0.0351371 -0.0907216 0 0 255
0.0493057 -0.0335763 -0.0907904 0 0 255
0.0493181 -0.0320298 -0.0906308 0 0 255
0.0493304 -0.0304832 -0.0904711 0 0 255
0.0495911 -0.0289477 -0.0900828 0 0 255
0.0493550 -0.0273900 -0.0901519 0 0 255
0.0493673 -0.0258434 -0.0899923 0 0 255
0.0496280 -0.0243055 -0.0896037 0 0 255
0.0493919 -0.0227501 -0.0896730 0 0 255
0.0494042 -0.0212034 -0.0895134 0 0 255
0.0501628 -0.0196759 -0.0886653 0 0 255
0.0501751 -0.0181268 -0.0885054 0 0 255
0.0504367 -0.0165826 -0.0881154 0 0 255
0.0511984 -0.0150449 -0.0872634 0 0 255
0.0514610 -0.0134959 -0.0868720 0 0 255
0.0507232 -0.0119353 -0.0874049 0 0 255
0.0504860 -0.0103828 -0.0874755 0 0 255
0.0497511 -0.0088301 -0.0880064 0 0 255
0.0495149 -0.0072823 -0.0880766 0 0 255
0.0490310 -0.0057367 -0.0883761 0 0 255
0.0483037 -0.0041957 -0.0889011 0 0 255
0.0478221 -0.0026570 -0.0891991 0 0 255
0.0483282 -0.0011096 -0.0885826 0 0 255
0.0476001 0.0004222 -0.0891093 0 0 255
0.0478589 0.0019675 -0.0887218 0 0 255
0.0476246 0.0035037 -0.0887913 0 0 255
0.0481302 0.0050567 -0.0881747 0 0 255
0.0481425 0.0065991 -0.0880154 0 0 255
0.0479079 0.0081338 -0.0880854 0 0 255
0.0476736 0.0096671 -0.0881551 0 0 255
0.0479324 0.0112171 -0.0877671 0 0 255
0.0481916 0.0127688 -0.0873787 0 0 255
0.0474640 0.0142790 -0.0879070 0 0 255
0.0474762 0.0158192 -0.0877481 0 0 255
0.0477349 0.0173716 -0.0873599 0 0 255
0.0475007 0.0188995 -0.0874301 0 0 255
0.0475129 0.0204398 -0.0872712 0 0 255
0.0480183 0.0220092 -0.0866533 0 0 255
0.0475375 0.0235202 -0.0869532 0 0 255
0.0477962 0.0250767 -0.0865647 0 0 255
0.0473158 0.0265839 -0.0868646 0 0 255
0.0473280 0.0281234 -0.0867057 0 0 255
0.0473403 0.0296630 -0.0865468 0 0 255
0.0473525 0.0312026 -0.0863879 0 0 255
0.0471188 0.0327221 -0.0864584 0 0 255
0.0473770 0.0342818 -0.0860701 0 0 255
0.0476354 0.0358430 -0.0856814 0 0 255
0.0474015 0.0373611 -0.0857522 0 0 255
0.0474137 0.0389008 -0.0855934 0 0 255
0.0476722 0.0404644 -0.0852044 0 0 255
0.0471922 0.0419555 -0.0855055 0 0 255
0.0479433 0.0435709 -0.0846559 0 0 255
0.0474628 0.0450597 -0.0849576 0 0 255
0.0477213 0.0466265 -0.0845684 0 0 255
0.0479801 0.0481949 -0.0841786 0 0 255
0.0484861 0.0497935 -0.0835573 0 0 255
0.0484985 0.0513365 -0.0833980 0 0 255
0.0490055 0.0529400 -0.0827753 0 0 255
0.0490178 0.0544845 -0.0826159 0 0 255
0.0497743 0.0561248 -0.0817589 0 0 255
0.0502839 0.0577372 -0.0811329 0 0 255
0.0505453 0.0593193 -0.0807395 0 0 255
0.0503085 0.0608343 -0.0808133 0 0 255
0.0505699 0.0624180 -0.0804197 0 0 255
0.0505823 0.0639673 -0.0802597 0 0 255
0.0505946 0.0655167 -0.0800998 0 0 255
0.0506069 0.0670661 -0.0799399 0 0 255
0.0498727 0.0685008 -0.0804816 0 0 255
0.0498850 0.0700478 -0.0803219 0 0 255
0.0498973 0.0715949 -0.0801622 0 0 255
0.0491652 0.0730206 -0.0807027 0 0 255
0.0484354 0.0744419 -0.0812416 0 0 255
0.0484476 0.0759844 -0.0810824 0 0 255
0.0477200 0.0773992 -0.0816199 0 0 255
0.0472402 0.0788529 -0.0819243 0 0 255
0.0470068 0.0803476 -0.0819970 0 0 255
0.0467736 0.0818408 -0.0820696 0 0 255
0.0460510 0.0832419 -0.0826037 0 0 255
0.0455746 0.0846847 -0.0829061 0 0 255
0.0450991 0.0861246 -0.0832079 0 0 255
0.0451113 0.0876565 -0.0830498 0 0 255
0.0448799 0.0891401 -0.0831215 0 0 255
0.0441662 0.0905254 -0.0836489 0 0 255
0.0441784 0.0920542 -0.0834911 0 0 255
0.0439480 0.0935328 -0.0835625 0 0 255
0.0442027 0.0951119 -0.0831755 0 0 255
0.0437301 0.0965373 -0.0834761 0 0 255
0.0437422 0.0980647 -0.0833185 0 0 255
0.0435123 0.0995389 -0.0833898 0 0 255
0.0432826 0.1010116 -0.0834612 0 0 255
0.0432947 0.1025375 -0.0833037 0 0 255
0.0425828 0.1038975 -0.0838319 0 0 255
0.0425949 0.1054212 -0.0836746 0 0 255
0.0428482 0.1070016 -0.0832888 0 0 255
0.0426191 0.1084686 -0.0833601 0 0 255
0.0428724 0.1100506 -0.0829742 0 0 255
0.0426434 0.1115161 -0.0830456 0 0 255
0.0428967 0.1130997 -0.0826595 0 0 255
0.0431502 0.1146849 -0.0822730 0 0 255
0.0429209 0.1161488 -0.0823448 0 0 255
0.0429330 0.1176734 -0.0821874 0 0 255
0.0427040 0.1191351 -0.0822592 0 0 255
0.0427161 0.1206590 -0.0821019 0 0 255
0.0424872 0.1221186 -0.0821737 0 0 255
0.0425041 0.1236430 -0.0820120 0 0 255
0.0427524 0.1252307 -0.0816301 0 0 255
0.0430105 0.1268227 -0.0812388 0 0 255
0.0427767 0.1282787 -0.0813155 0 0 255
0.0432715 0.1299391 -0.0806986 0 0 255
0.0435300 0.1315351 -0.0803065 0 0 255
0.0442641 0.1332700 -0.0794612 0 0 255
0.0447667 0.1349418 -0.0788361 0 0 255
0.0452654 0.1366157 -0.0782143 0 0 255
0.0460095 0.1383658 -0.0773583 0 0 255
0.0470008 0.1401950 -0.0762660 0 0 255
0.0470131 0.1417322 -0.0761073 0 0 255
0.0475164 0.1434205 -0.0754799 0 0 255
0.0480207 0.1451123 -0.0748512 0 0 255
0.0487730 0.1468851 -0.0739854 0 0 255
0.0487853 0.1484277 -0.0738262 0 0 255
0.0492921 0.1501288 -0.0731943 0 0 255
0.0493044 0.1516731 -0.0730349 0 0 255
0.0495644 0.1532983 -0.0726386 0 0 255
0.0503213 0.1550889 -0.0717669 0 0 255
0.0505823 0.1567192 -0.0713691 0 0 255
0.0508527 0.1598990 -0.0708142 0 0 255
0.0513638 0.1616188 -0.0701767 0 0 255
0.0513761 0.1631695 -0.0700166 0 0 255
0.0516382 0.1648072 -0.0696172 0 0 255
0.0514008 0.1662708 -0.0696965 0 0 255
0.0519129 0.1679989 -0.0690572 0 0 255
0.0521755 0.1696408 -0.0686569 0 0 255
0.0524384 0.1712844 -0.0682561 0 0 255
0.0522002 0.1727471 -0.0683362 0 0 255
0.0522126 0.1743002 -0.0681759 0 0 255
0.0524755 0.1759462 -0.0677750 0 0 255
0.0524878 0.1775002 -0.0676146 0 0 255
0.0525033 0.1790554 -0.0674512 0 0 255
0.0525157 0.1806094 -0.0672908 0 0 255
0.0527913 0.1838145 -0.0667287 0 0 255
0.0530547 0.1854671 -0.0663266 0 0 255
0.0530671 0.1870228 -0.0661660 0 0 255
0.0533309 0.1886780 -0.0657634 0 0 255
0.0530919 0.1901342 -0.0658449 0 0 255
0.0536073 0.1918922 -0.0651996 0 0 255
0.0536197 0.1934495 -0.0650388 0 0 255
0.0538840 0.1951098 -0.0646352 0 0 255
0.0544102 0.1984340 -0.0638298 0 0 255
0.0546785 0.2001006 -0.0634219 0 0 255
0.0544506 0.2031148 -0.0633438 0 0 255
0.0544630 0.2046747 -0.0631828 0 0 255
0.0544754 0.2062346 -0.0630218 0 0 255
0.0539831 0.2075758 -0.0633486 0 0 255
0.0537435 0.2090242 -0.0634314 0 0 255
0.0537559 0.2105817 -0.0632706 0 0 255
0.0532651 0.2119165 -0.0635967 0 0 255
0.0530263 0.2133605 -0.0636792 0 0 255
0.0527876 0.2148031 -0.0637617 0 0 255
0.0525493 0.2162442 -0.0638440 0 0 255
0.0515612 0.2173425 -0.0646527 0 0 255
0.0510749 0.2186645 -0.0649758 0 0 255
0.0510872 0.2202136 -0.0648160 0 0 255
0.0498572 0.2211854 -0.0658606 0 0 255
0.0498694 0.2227305 -0.0657012 0 0 255
0.0488923 0.2238098 -0.0665015 0 0 255
0.0481651 0.2250013 -0.0670600 0 0 255
0.0479314 0.2264237 -0.0671399 0 0 255
0.0474523 0.2277267 -0.0674581 0 0 255
0.0467295 0.2289089 -0.0680134 0 0 255
0.0462528 0.2302062 -0.0683300 0 0 255
0.0455367 0.2313832 -0.0688795 0 0 255
0.0453056 0.2327947 -0.0689581 0 0 255
0.0455610 0.2344461 -0.0685635 0 0 255
0.0448439 0.2356136 -0.0691149 0 0 255
0.0448561 0.2371427 -0.0689571 0 0 255
0.0446256 0.2385494 -0.0690354 0 0 255
0.0446378 0.2400778 -0.0688777 0 0 255
0.0446500 0.2416063 -0.0687199 0 0 255
0.0446621 0.2431348 -0.0685621 0 0 255
0.0449169 0.2447891 -0.0681679 0 0 255
0.0451720 0.2464449 -0.0677732 0 0 255
0.0456707 0.2482301 -0.0671408 0 0 255
0.0461704 0.2500188 -0.0665071 0 0 255
0.0461826 0.2515520 -0.0663489 0 0 255
0.0469279 0.2534764 -0.0654750 0 0 255
0.0479212 0.2555385 -0.0643586 0 0 255
0.0496689 0.2595516 -0.0623572 0 0 255
0.0529200 0.2628645 -0.0590324 0 0 255
0.0536859 0.2648326 -0.0581353 0 0 255
0.0542019 0.2666676 -0.0574821 0 0 255
0.0549717 0.2686466 -0.0565803 0 0 255
0.0549841 0.2702073 -0.0564193 0 0 255
0.0549965 0.2717681 -0.0562582 0 0 255
0.0555151 0.2736148 -0.0556014 0 0 255
0.0767241 -0.0974858 -0.0693114 0 0 255
0.0772931 -0.0959442 -0.0686348 0 0 255
0.0731651 -0.0936084 -0.0722473 0 0 255
0.0753784 -0.0923462 -0.0700695 0 0 255
0.0731909 -0.0903571 -0.0719117 0 0 255
0.0715658 -0.0884713 -0.0732413 0 0 255
0.0699510 -0.0865973 -0.0745624 0 0 255
0.0670096 -0.0845314 -0.0770980 0 0 255
0.0651580 -0.0826469 -0.0786381 0 0 255
0.0635836 -0.0808147 -0.0799257 0 0 255
0.0622811 -0.0790314 -0.0809652 0 0 255
0.0617697 -0.0773670 -0.0812810 0 0 255
0.0599564 -0.0755280 -0.0827900 0 0 255
0.0589315 -0.0738057 -0.0835773 0 0 255
0.0589441 -0.0722253 -0.0834142 0 0 255
0.0579235 -0.0705134 -0.0841987 0 0 255
0.0566504 -0.0687767 -0.0852154 0 0 255
0.0566629 -0.0672035 -0.0850530 0 0 255
0.0551445 -0.0654501 -0.0862960 0 0 255
0.0546477 -0.0638234 -0.0866018 0 0 255
0.0538982 -0.0621717 -0.0871401 0 0 255
0.0539106 -0.0606073 -0.0869786 0 0 255
0.0536696 -0.0590162 -0.0870501 0 0 255
0.0529231 -0.0573752 -0.0875866 0 0 255
0.0526831 -0.0557890 -0.0876577 0 0 255
0.0524433 -0.0542044 -0.0877287 0 0 255
0.0519520 -0.0525981 -0.0880314 0 0 255
0.0517130 -0.0510175 -0.0881020 0 0 255
0.0512232 -0.0494169 -0.0884038 0 0 255
0.0504843 -0.0477988 -0.0889355 0 0 255
0.0502467 -0.0462254 -0.0890055 0 0 255
0.0497599 -0.0446345 -0.0893054 0 0 255
0.0495231 -0.0430651 -0.0893751 0 0 255
0.0492865 -0.0414972 -0.0894448 0 0 255
0.0488016 -0.0399142 -0.0897436 0 0 255
0.0490624 -0.0383821 -0.0893545 0 0 255
0.0488262 -0.0368181 -0.0894241 0 0 255
0.0488385 -0.0352700 -0.0892643 0 0 255
0.0483547 -0.0336949 -0.0895630 0 0 255
0.0488631 -0.0321738 -0.0889447 0 0 255
0.0486272 -0.0306137 -0.0890145 0 0 255
0.0483916 -0.0290551 -0.0890841 0 0 255
0.0486518 -0.0275189 -0.0886950 0 0 255
0.0484161 -0.0259619 -0.0887648 0 0 255
0.0486764 -0.0244240 -0.0883756 0 0 255
0.0486888 -0.0228765 -0.0882158 0 0 255
0.0494466 -0.0213508 -0.0873653 0 0 255
0.0492102 -0.0197945 -0.0874359 0 0 255
0.0489739 -0.0182397 -0.0875065 0 0 255
0.0492349 -0.0166963 -0.0871161 0 0 255
0.0504937 -0.0151678 -0.0857998 0 0 255
0.0505060 -0.0136147 -0.0856394 0 0 255
0.0505184 -0.0120616 -0.0854791 0 0 255
0.0492841 -0.0104996 -0.0864765 0 0 255
0.0490479 -0.0089494 -0.0865475 0 0 255
0.0493087 -0.0074012 -0.0861567 0 0 255
0.0480807 -0.0058549 -0.0871497 0 0 255
0.0476018 -0.0043123 -0.0874470 0 0 255
0.0468742 -0.0027749 -0.0879758 0 0 255
0.0468865 -0.0012334 -0.0878167 0 0 255
0.0466527 0.0003045 -0.0878867 0 0 255
0.0469110 0.0018497 -0.0874985 0 0 255
0.0466772 0.0033860 -0.0875686 0 0 255
0.0471819 0.0049389 -0.0869507 0 0 255
0.0469477 0.0064745 -0.0870212 0 0 255
0.0467139 0.0080085 -0.0870915 0 0 255
0.0467262 0.0095494 -0.0869324 0 0 255
0.0469845 0.0110994 -0.0865438 0 0 255
0.0469968 0.0126411 -0.0863847 0 0 255
0.0472555 0.0141935 -0.0859955 0 0 255
0.0465292 0.0157016 -0.0865259 0 0 255
0.0465415 0.0172418 -0.0863669 0 0 255
0.0470458 0.0188081 -0.0857482 0 0 255
0.0473045 0.0203637 -0.0853586 0 0 255
0.0470703 0.0218916 -0.0854299 0 0 255
0.0468364 0.0234181 -0.0855010 0 0 255
0.0463570 0.0249270 -0.0858019 0 0 255
0.0463693 0.0264665 -0.0856430 0 0 255
0.0463815 0.0280061 -0.0854841 0 0 255
0.0468855 0.0295825 -0.0848647 0 0 255
0.0468977 0.0311237 -0.0847056 0 0 255
0.0469099 0.0326648 -0.0845466 0 0 255
0.0469222 0.0342060 -0.0843874 0 0 255
0.0469345 0.0357472 -0.0842283 0 0 255
0.0469468 0.0372884 -0.0840693 0 0 255
0.0467130 0.0388066 -0.0841410 0 0 255
0.0467252 0.0403471 -0.0839821 0 0 255
0.0469835 0.0419122 -0.0835920 0 0 255
0.0469958 0.0434536 -0.0834329 0 0 255
0.0472542 0.0450211 -0.0830425 0 0 255
0.0475131 0.0465903 -0.0826516 0 0 255
0.0475253 0.0481332 -0.0824924 0 0 255
0.0472911 0.0496475 -0.0825649 0 0 255
0.0477967 0.0512485 -0.0819417 0 0 255
0.0485509 0.0528830 -0.0810841 0 0 255
0.0488110 0.0544602 -0.0806912 0 0 255
0.0488233 0.0560071 -0.0805316 0 0 255
0.0493320 0.0576195 -0.0799043 0 0 255
0.0495929 0.0592016 -0.0795102 0 0 255
0.0496052 0.0607509 -0.0793504 0 0 255
0.0498664 0.0623354 -0.0789558 0 0 255
0.0498787 0.0638855 -0.0787958 0 0 255
0.0496421 0.0653990 -0.0788706 0 0 255
0.0496545 0.0669484 -0.0787107 0 0 255
0.0491698 0.0684214 -0.0790199 0 0 255
0.0489340 0.0699303 -0.0790945 0 0 255
0.0484507 0.0713981 -0.0794029 0 0 255
0.0482157 0.0729033 -0.0794772 0 0 255
0.0477339 0.0743659 -0.0797847 0 0 255
0.0472531 0.0758255 -0.0800916 0 0 255
0.0470192 0.0773248 -0.0801654 0 0 255
0.0460493 0.0786930 -0.0809356 0 0 255
0.0463066 0.0802748 -0.0805449 0 0 255
0.0458288 0.0817242 -0.0808501 0 0 255
0.0453518 0.0831707 -0.0811547 0 0 255
0.0446321 0.0845684 -0.0816896 0 0 255
0.0444008 0.0860551 -0.0817621 0 0 255
0.0441698 0.0875403 -0.0818345 0 0 255
0.0436961 0.0889760 -0.0821371 0 0 255
0.0434658 0.0904576 -0.0822092 0 0 255
0.0432388 0.0919383 -0.0822782 0 0 255
0.0430089 0.0934170 -0.0823502 0 0 255
0.0430210 0.0949451 -0.0821925 0 0 255
0.0425497 0.0963700 -0.0824939 0 0 255
0.0425619 0.0978966 -0.0823363 0 0 255
0.0425740 0.0994232 -0.0821788 0 0 255
0.0423447 0.1008960 -0.0822507 0 0 255
0.0421158 0.1023674 -0.0823225 0 0 255
0.0421326 0.1038937 -0.0821606 0 0 255
0.0418991 0.1053618 -0.0822369 0 0 255
0.0419112 0.1068862 -0.0820796 0 0 255
0.0419281 0.1084119 -0.0819177 0 0 255
0.0416995 0.1098781 -0.0819896 0 0 255
0.0419476 0.1114598 -0.0816075 0 0 255
0.0417190 0.1129246 -0.0816796 0 0 255
0.0419765 0.1145101 -0.0812883 0 0 255
0.0417432 0.1159722 -0.0813650 0 0 255
0.0417553 0.1174960 -0.0812077 0 0 255
0.0420129 0.1190840 -0.0808162 0 0 255
0.0420250 0.1206086 -0.0806588 0 0 255
0.0420371 0.1221333 -0.0805014 0 0 255
0.0420492 0.1236580 -0.0803441 0 0 255
0.0423024 0.1252487 -0.0799564 0 0 255
0.0420735 0.1267075 -0.0800292 0 0 255
0.0420856 0.1282322 -0.0798719 0 0 255
0.0425800 0.1298935 -0.0792533 0 0 255
0.0428337 0.1314889 -0.0788647 0 0 255
0.0433295 0.1331559 -0.0782441 0 0 255
0.0435839 0.1347554 -0.0778545 0 0 255
0.0443242 0.1365000 -0.0769993 0 0 255
0.0450667 0.1382500 -0.0761415 0 0 255
0.0455671 0.1399314 -0.0755154 0 0 255
0.0455793 0.1414670 -0.0753569 0 0 255
0.0465708 0.1433045 -0.0742594 0 0 255
0.0465830 0.1448432 -0.0741006 0 0 255
0.0468408 0.1464592 -0.0737062 0 0 255
0.0473446 0.1481549 -0.0730755 0 0 255
0.0478496 0.1498541 -0.0724434 0 0 255
0.0481085 0.1514767 -0.0720473 0 0 255
0.0481208 0.1530202 -0.0718879 0 0 255
0.0486272 0.1547269 -0.0712537 0 0 255
0.0491347 0.1564371 -0.0706182 0 0 255
0.0499009 0.1597823 -0.0695856 0 0 255
0.0501742 0.1629665 -0.0690264 0 0 255
0.0504356 0.1646033 -0.0686267 0 0 255
0.0506972 0.1662418 -0.0682266 0 0 255
0.0507095 0.1677934 -0.0680664 0 0 255
0.0512212 0.1695239 -0.0674251 0 0 255
0.0512335 0.1710770 -0.0672648 0 0 255
0.0514960 0.1727214 -0.0668633 0 0 255
0.0512582 0.1741833 -0.0669442 0 0 255
0.0512737 0.1757377 -0.0667808 0 0 255
0.0515361 0.1773845 -0.0663791 0 0 255
0.0515485 0.1789385 -0.0662187 0 0 255
0.0518112 0.1805878 -0.0658165 0 0 255
0.0515733 0.1820466 -0.0658979 0 0 255
0.0518360 0.1836975 -0.0654955 0 0 255
0.0523499 0.1854480 -0.0648502 0 0 255
0.0521113 0.1869058 -0.0649322 0 0 255
0.0518731 0.1883623 -0.0650140 0 0 255
0.0523870 0.1901175 -0.0643682 0 0 255
0.0523994 0.1916741 -0.0642076 0 0 255
0.0529143 0.1934345 -0.0635603 0 0 255
0.0534395 0.1967570 -0.0627539 0 0 255
0.0534551 0.1983181 -0.0625898 0 0 255
0.0539814 0.2016491 -0.0617815 0 0 255
0.0537445 0.2031047 -0.0618622 0 0 255
0.0535047 0.2045576 -0.0619458 0 0 255
0.0535171 0.2061175 -0.0617848 0 0 255
0.0530257 0.2074589 -0.0621129 0 0 255
0.0527866 0.2089073 -0.0621963 0 0 255
0.0525478 0.2103543 -0.0622796 0 0 255
0.0525602 0.2119111 -0.0621189 0 0 255
0.0520708 0.2132439 -0.0624459 0 0 255
0.0515824 0.2145740 -0.0627723 0 0 255
0.0510950 0.2159015 -0.0630981 0 0 255
0.0503597 0.2171127 -0.0636654 0 0 255
0.0501233 0.2185484 -0.0637475 0 0 255
0.0498871 0.2199826 -0.0638295 0 0 255
0.0491555 0.2211847 -0.0643943 0 0 255
0.0486730 0.2224989 -0.0647168 0 0 255
0.0479450 0.2236942 -0.0652787 0 0 255
0.0477110 0.2251194 -0.0653597 0 0 255
0.0467407 0.2261912 -0.0661587 0 0 255
0.0465078 0.2276116 -0.0662390 0 0 255
0.0455423 0.2286757 -0.0670343 0 0 255
0.0455545 0.2302102 -0.0668759 0 0 255
0.0443532 0.2311495 -0.0679023 0 0 255
0.0443653 0.2326802 -0.0677443 0 0 255
0.0441349 0.2340903 -0.0678234 0 0 255
0.0439046 0.2354991 -0.0679023 0 0 255
0.0431911 0.2366633 -0.0684539 0 0 255
0.0432032 0.2381903 -0.0682963 0 0 255
0.0436990 0.2399635 -0.0676657 0 0 255
0.0432275 0.2412442 -0.0679811 0 0 255
0.0434813 0.2428958 -0.0675870 0 0 255
0.0432518 0.2442982 -0.0676659 0 0 255
0.0435055 0.2459514 -0.0672716 0 0 255
0.0440019 0.2477334 -0.0666396 0 0 255
0.0442564 0.2493908 -0.0662442 0 0 255
0.0449974 0.2513081 -0.0653718 0 0 255
0.0452530 0.2529706 -0.0649750 0 0 255
0.0459970 0.2548973 -0.0640990 0 0 255
0.0462536 0.2565650 -0.0637007 0 0 255
0.0484858 0.2608453 -0.0612160 0 0 255
0.0524788 0.2645784 -0.0571475 0 0 255
0.0529933 0.2664121 -0.0564936 0 0 255
0.0540131 0.2685301 -0.0553430 0 0 255
0.0545307 0.2703735 -0.0546853 0 0 255
0.0545431 0.2719359 -0.0545240 0 0 255
0.0748871 -0.0974664 -0.0687730 0 0 255
0.0751765 -0.0958796 -0.0683508 0 0 255
0.0732608 -0.0939187 -0.0699516 0 0 255
0.0729994 -0.0922441 -0.0700352 0 0 255
0.0713722 -0.0903492 -0.0713729 0 0 255
0.0705690 -0.0885960 -0.0719549 0 0 255
0.0684181 -0.0866375 -0.0737755 0 0 255
0.0654886 -0.0845734 -0.0763129 0 0 255
0.0641738 -0.0827701 -0.0773678 0 0 255
0.0623394 -0.0808988 -0.0789013 0 0 255
0.0605183 -0.0790412 -0.0804236 0 0 255
0.0600095 -0.0773794 -0.0807395 0 0 255
0.0587231 -0.0756142 -0.0817715 0 0 255
0.0577012 -0.0738926 -0.0825606 0 0 255
0.0569408 -0.0722118 -0.0831096 0 0 255
0.0564393 -0.0705690 -0.0834204 0 0 255
0.0556827 -0.0688976 -0.0839667 0 0 255
0.0551839 -0.0672623 -0.0842758 0 0 255
0.0541798 -0.0655706 -0.0850511 0 0 255
0.0534303 -0.0639146 -0.0855923 0 0 255
0.0529360 -0.0622919 -0.0858984 0 0 255
0.0526955 -0.0606999 -0.0859705 0 0 255
0.0527079 -0.0591363 -0.0858091 0 0 255
0.0519629 -0.0574951 -0.0863475 0 0 255
0.0517233 -0.0559088 -0.0864192 0 0 255
0.0514840 -0.0543241 -0.0864908 0 0 255
0.0512449 -0.0527411 -0.0865623 0 0 255
0.0510061 -0.0511596 -0.0866338 0 0 255
0.0502664 -0.0495363 -0.0871690 0 0 255
0.0500285 -0.0479596 -0.0872400 0 0 255
0.0492918 -0.0463445 -0.0877731 0 0 255
0.0490549 -0.0447726 -0.0878437 0 0 255
0.0490673 -0.0432207 -0.0876835 0 0 255
0.0485819 -0.0416336 -0.0879846 0 0 255
0.0483458 -0.0400664 -0.0880549 0 0 255
0.0483581 -0.0385168 -0.0878950 0 0 255
0.0481222 -0.0369519 -0.0879653 0 0 255
0.0478865 -0.0353887 -0.0880356 0 0 255
0.0478988 -0.0338406 -0.0878758 0 0 255
0.0479111 -0.0322924 -0.0877160 0 0 255
0.0476756 -0.0307322 -0.0877864 0 0 255
0.0479357 -0.0291961 -0.0873964 0 0 255
0.0479480 -0.0276479 -0.0872366 0 0 255
0.0479603 -0.0260996 -0.0870768 0 0 255
0.0477249 -0.0245425 -0.0871474 0 0 255
0.0479849 -0.0230031 -0.0867571 0 0 255
0.0482453 -0.0214622 -0.0863664 0 0 255
0.0487545 -0.0199262 -0.0857439 0 0 255
0.0490156 -0.0183812 -0.0853521 0 0 255
0.0492770 -0.0168347 -0.0849598 0 0 255
0.0502882 -0.0152993 -0.0838686 0 0 255
0.0500504 -0.0137404 -0.0839413 0 0 255
0.0500627 -0.0121857 -0.0837808 0 0 255
0.0493263 -0.0106254 -0.0843189 0 0 255
0.0480957 -0.0090679 -0.0853187 0 0 255
0.0476126 -0.0075189 -0.0856214 0 0 255
0.0471305 -0.0059730 -0.0859234 0 0 255
0.0461600 -0.0044329 -0.0866820 0 0 255
0.0456808 -0.0028948 -0.0869820 0 0 255
0.0454476 -0.0013569 -0.0870524 0 0 255
0.0449699 0.0001759 -0.0873516 0 0 255
0.0454721 0.0017231 -0.0867345 0 0 255
0.0447496 0.0032476 -0.0872630 0 0 255
0.0454966 0.0048032 -0.0864166 0 0 255
0.0459999 0.0063567 -0.0857978 0 0 255
-0.0024441 0.0064148 -0.1310231 0 0 255
-0.0024331 0.0078031 -0.1308798 0 0 255
-0.0024220 0.0091915 -0.1307365 0 0 255
0.0003971 0.0106925 -0.1279606 0 0 255
0.0417250 0.0199870 -0.0884833 0 0 255
0.0466145 0.0218031 -0.0837441 0 0 255
0.0458890 0.0233006 -0.0842781 0 0 255
0.0454105 0.0248096 -0.0845802 0 0 255
0.0456679 0.0263659 -0.0841908 0 0 255
0.0459257 0.0279239 -0.0838009 0 0 255
0.0461837 0.0294835 -0.0834106 0 0 255
0.0461959 0.0310254 -0.0832514 0 0 255
0.0462082 0.0325673 -0.0830923 0 0 255
0.0454839 0.0340472 -0.0836267 0 0 255
0.0457414 0.0356083 -0.0832368 0 0 255
0.0457537 0.0371488 -0.0830777 0 0 255
0.0462572 0.0387354 -0.0824556 0 0 255
0.0462694 0.0402774 -0.0822964 0 0 255
0.0462817 0.0418195 -0.0821373 0 0 255
0.0462940 0.0433616 -0.0819781 0 0 255
0.0465523 0.0449299 -0.0815866 0 0 255
0.0465645 0.0464729 -0.0814274 0 0 255
0.0468231 0.0480436 -0.0810355 0 0 255
0.0470819 0.0496159 -0.0806432 0 0 255
0.0473410 0.0511898 -0.0802505 0 0 255
0.0476004 0.0527654 -0.0798574 0 0 255
0.0481076 0.0543736 -0.0792298 0 0 255
0.0481199 0.0559213 -0.0790700 0 0 255
0.0488765 0.0575672 -0.0782059 0 0 255
0.0488888 0.0591173 -0.0780459 0 0 255
0.0486527 0.0606331 -0.0781211 0 0 255
0.0484169 0.0621474 -0.0781962 0 0 255
0.0486774 0.0637319 -0.0778012 0 0 255
0.0486897 0.0652813 -0.0776413 0 0 255
0.0487020 0.0668307 -0.0774814 0 0 255
0.0484662 0.0683420 -0.0775568 0 0 255
0.0479830 0.0698128 -0.0778670 0 0 255
0.0475007 0.0712807 -0.0781767 0 0 255
0.0467730 0.0727054 -0.0787196 0 0 255
0.0462932 0.0741668 -0.0790276 0 0 255
0.0465513 0.0757503 -0.0786349 0 0 255
0.0458266 0.0771654 -0.0791760 0 0 255
0.0453487 0.0786193 -0.0794829 0 0 255
0.0446275 0.0800267 -0.0800214 0 0 255
0.0448840 0.0816076 -0.0796305 0 0 255
0.0441642 0.0830090 -0.0801683 0 0 255
0.0436896 0.0844521 -0.0804731 0 0 255
0.0432160 0.0858923 -0.0807774 0 0 255
0.0425013 0.0872824 -0.0813115 0 0 255
0.0425135 0.0888120 -0.0811536 0 0 255
0.0422869 0.0902936 -0.0812232 0 0 255
0.0422991 0.0918224 -0.0810654 0 0 255
0.0420696 0.0933012 -0.0811380 0 0 255
0.0418451 0.0947794 -0.0812060 0 0 255
0.0416114 0.0962543 -0.0812829 0 0 255
0.0418646 0.0978333 -0.0808951 0 0 255
0.0413994 0.0992556 -0.0811932 0 0 255
0.0411709 0.1007278 -0.0812655 0 0 255
0.0414237 0.1023075 -0.0808782 0 0 255
0.0411952 0.1037782 -0.0809507 0 0 255
0.0409669 0.1052475 -0.0810231 0 0 255
0.0412194 0.1068287 -0.0806358 0 0 255
0.0412315 0.1083540 -0.0804784 0 0 255
0.0412436 0.1098793 -0.0803209 0 0 255
0.0412557 0.1114046 -0.0801635 0 0 255
0.0410274 0.1128702 -0.0802363 0 0 255
0.0412801 0.1144553 -0.0798485 0 0 255
0.0410517 0.1159194 -0.0799215 0 0 255
0.0413043 0.1175061 -0.0795336 0 0 255
0.0413164 0.1190315 -0.0793762 0 0 255
0.0413285 0.1205569 -0.0792187 0 0 255
0.0411001 0.1220181 -0.0792920 0 0 255
0.0415935 0.1236730 -0.0786728 0 0 255
0.0416056 0.1251993 -0.0785152 0 0 255
0.0413770 0.1266589 -0.0785889 0 0 255
0.0418709 0.1283194 -0.0779686 0 0 255
0.0421243 0.1299148 -0.0775792 0 0 255
0.0418952 0.1313736 -0.0776534 0 0 255
0.0421485 0.1329705 -0.0772638 0 0 255
0.0428860 0.1347108 -0.0764086 0 0 255
0.0428981 0.1362410 -0.0762506 0 0 255
0.0438808 0.1380614 -0.0751588 0 0 255
0.0443797 0.1397418 -0.0745320 0 0 255
0.0443919 0.1412767 -0.0743736 0 0 255
0.0451360 0.1430374 -0.0735101 0 0 255
0.0456374 0.1447271 -0.0728801 0 0 255
0.0461398 0.1464202 -0.0722488 0 0 255
0.0459069 0.1478826 -0.0723262 0 0 255
0.0464098 0.1495798 -0.0716940 0 0 255
0.0469138 0.1512804 -0.0710605 0 0 255
0.0471722 0.1529038 -0.0706637 0 0 255
0.0474310 0.1545288 -0.0702664 0 0 255
0.0476900 0.1561555 -0.0698687 0 0 255
0.0484441 0.1579506 -0.0689927 0 0 255
0.0484564 0.1594981 -0.0688330 0 0 255
0.0492219 0.1628498 -0.0677972 0 0 255
0.0492373 0.1644008 -0.0676342 0 0 255
0.0497562 0.1676765 -0.0668359 0 0 255
0.0500176 0.1693175 -0.0664347 0 0 255
0.0500299 0.1708698 -0.0662744 0 0 255
0.0505535 0.1741583 -0.0654705 0 0 255
0.0505659 0.1757123 -0.0653101 0 0 255
0.0505782 0.1772664 -0.0651496 0 0 255
0.0506060 0.1803757 -0.0648258 0 0 255
0.0506184 0.1819297 -0.0646654 0 0 255
0.0511307 0.1836774 -0.0640196 0 0 255
0.0508930 0.1851355 -0.0641019 0 0 255
0.0509053 0.1866904 -0.0639414 0 0 255
0.0511678 0.1883446 -0.0635378 0 0 255
0.0511802 0.1899004 -0.0633772 0 0 255
0.0516937 0.1916581 -0.0627294 0 0 255
0.0517060 0.1932155 -0.0625687 0 0 255
0.0524812 0.1966398 -0.0615169 0 0 255
0.0529973 0.1984090 -0.0608656 0 0 255
0.0527577 0.1998649 -0.0609498 0 0 255
0.0530220 0.2015319 -0.0605432 0 0 255
0.0527856 0.2029876 -0.0606245 0 0 255
0.0530500 0.2046562 -0.0602178 0 0 255
0.0523072 0.2058919 -0.0607930 0 0 255
0.0520684 0.2073419 -0.0608771 0 0 255
0.0520808 0.2089002 -0.0607162 0 0 255
0.0515914 0.2102375 -0.0610450 0 0 255
0.0513532 0.2116831 -0.0611289 0 0 255
0.0513656 0.2132391 -0.0609683 0 0 255
0.0503785 0.2143452 -0.0617839 0 0 255
0.0501415 0.2157851 -0.0618672 0 0 255
0.0499048 0.2172235 -0.0619504 0 0 255
0.0491717 0.2184323 -0.0625191 0 0 255
0.0489360 0.2198665 -0.0626018 0 0 255
0.0482057 0.2210688 -0.0631684 0 0 255
0.0474778 0.2222676 -0.0637333 0 0 255
0.0472437 0.2236949 -0.0638150 0 0 255
0.0465187 0.2248872 -0.0643778 0 0 255
0.0460405 0.2261931 -0.0646991 0 0 255
0.0455634 0.2274964 -0.0650197 0 0 255
0.0448434 0.2286790 -0.0655787 0 0 255
0.0443686 0.2299765 -0.0658977 0 0 255
0.0436553 0.2311540 -0.0664509 0 0 255
0.0431829 0.2324459 -0.0667682 0 0 255
0.0431950 0.2339758 -0.0666102 0 0 255
0.0429653 0.2353847 -0.0666898 0 0 255
0.0422531 0.2365490 -0.0672432 0 0 255
0.0420243 0.2379538 -0.0673223 0 0 255
0.0425186 0.2397260 -0.0666910 0 0 255
0.0422895 0.2411300 -0.0667703 0 0 255
0.0423016 0.2426570 -0.0666128 0 0 255
0.0427965 0.2444348 -0.0659804 0 0 255
0.0430503 0.2460897 -0.0655849 0 0 255
0.0428207 0.2474919 -0.0656649 0 0 255
0.0430746 0.2491484 -0.0652691 0 0 255
0.0433287 0.2508066 -0.0648730 0 0 255
0.0440683 0.2527260 -0.0639986 0 0 255
0.0445666 0.2545203 -0.0633614 0 0 255
0.0445788 0.2560543 -0.0632031 0 0 255
0.0448345 0.2577210 -0.0628047 0 0 255
0.0468124 0.2618670 -0.0605608 0 0 255
0.0485496 0.2643638 -0.0586996 0 0 255
0.0498016 0.2666011 -0.0573163 0 0 255
0.0513099 0.2689899 -0.0556792 0 0 255
0.0520738 0.2709685 -0.0547764 0 0 255
0.0741577 -0.0976408 -0.0672216 0 0 255
0.0744469 -0.0960533 -0.0667982 0 0 255
0.0730820 -0.0941837 -0.0678995 0 0 255
0.0714511 -0.0922785 -0.0692468 0 0 255
0.0703739 -0.0904742 -0.0700845 0 0 255
0.0690307 -0.0886341 -0.0711682 0 0 255
0.0671569 -0.0867196 -0.0727425 0 0 255
0.0645019 -0.0846969 -0.0750393 0 0 255
0.0631895 -0.0828932 -0.0760976 0 0 255
0.0610964 -0.0809829 -0.0778780 0 0 255
0.0592808 -0.0791259 -0.0794032 0 0 255
0.0582546 -0.0773918 -0.0801997 0 0 255
0.0572327 -0.0756648 -0.0809929 0 0 255
0.0564722 -0.0739795 -0.0815449 0 0 255
0.0559707 -0.0723331 -0.0818577 0 0 255
0.0554702 -0.0706901 -0.0821698 0 0 255
0.0544598 -0.0689866 -0.0829544 0 0 255
0.0537079 -0.0673211 -0.0835002 0 0 255
0.0529614 -0.0656610 -0.0840414 0 0 255
0.0529739 -0.0640934 -0.0838796 0 0 255
0.0514691 -0.0623554 -0.0851247 0 0 255
0.0512295 -0.0607650 -0.0851971 0 0 255
0.0509902 -0.0591763 -0.0852694 0 0 255
0.0510026 -0.0576150 -0.0851082 0 0 255
0.0505123 -0.0560036 -0.0854138 0 0 255
0.0502738 -0.0544197 -0.0854859 0 0 255
0.0500354 -0.0528373 -0.0855579 0 0 255
0.0495471 -0.0512341 -0.0858624 0 0 255
0.0488103 -0.0496123 -0.0863982 0 0 255
0.0490721 -0.0480790 -0.0860057 0 0 255
0.0483368 -0.0464637 -0.0865408 0 0 255
0.0483491 -0.0449109 -0.0863805 0 0 255
0.0478643 -0.0433213 -0.0866831 0 0 255
0.0476284 -0.0417525 -0.0867541 0 0 255
0.0476408 -0.0402021 -0.0865940 0 0 255
0.0474051 -0.0386356 -0.0866650 0 0 255
0.0471697 -0.0370707 -0.0867360 0 0 255
0.0471820 -0.0355218 -0.0865761 0 0 255
0.0469467 -0.0339592 -0.0866471 0 0 255
0.0472066 -0.0324239 -0.0862564 0 0 255
0.0472189 -0.0308750 -0.0860964 0 0 255
0.0472312 -0.0293260 -0.0859365 0 0 255
0.0469959 -0.0277664 -0.0860078 0 0 255
0.0475036 -0.0262377 -0.0853852 0 0 255
0.0470206 -0.0246700 -0.0856882 0 0 255
0.0472804 -0.0231298 -0.0852969 0 0 255
0.0475405 -0.0215881 -0.0849053 0 0 255
0.0480492 -0.0200515 -0.0842809 0 0 255
0.0485589 -0.0185117 -0.0836554 0 0 255
0.0488203 -0.0169636 -0.0832618 0 0 255
0.0500819 -0.0154311 -0.0819317 0 0 255
0.0493440 -0.0138628 -0.0824737 0 0 255
0.0491067 -0.0123046 -0.0825470 0 0 255
0.0486206 -0.0107461 -0.0828537 0 0 255
0.0473911 -0.0091874 -0.0838577 0 0 255
0.0466614 -0.0076372 -0.0843938 0 0 255
0.0451994 -0.0060931 -0.0856173 0 0 255
0.0447212 -0.0045533 -0.0859184 0 0 255
0.0442438 -0.0030166 -0.0862190 0 0 255
0.0440117 -0.0014802 -0.0862896 0 0 255
0.0435358 0.0000512 -0.0865893 0 0 255
0.0437919 0.0015924 -0.0862014 0 0 255
0.0435602 0.0031251 -0.0862720 0 0 255
-0.0021232 0.0035609 -0.1290828 0 0 255
-0.0041029 0.0048987 -0.1308117 0 0 255
-0.0040919 0.0062846 -0.1306687 0 0 255
-0.0044769 0.0076571 -0.1308983 0 0 255
-0.0044659 0.0090417 -0.1307554 0 0 255
-0.0044549 0.0104264 -0.1306124 0 0 255
-0.0044439 0.0118110 -0.1304695 0 0 255
-0.0052229 0.0131591 -0.1310711 0 0 255
-0.0056058 0.0145218 -0.1312998 0 0 255
0.0295179 0.0222249 -0.0976148 0 0 255
0.0444762 0.0262318 -0.0831997 0 0 255
0.0452234 0.0278240 -0.0823463 0 0 255
0.0457270 0.0294027 -0.0817227 0 0 255
0.0454934 0.0309270 -0.0817958 0 0 255
0.0452602 0.0324498 -0.0818688 0 0 255
0.0455180 0.0340125 -0.0814773 0 0 255
0.0452847 0.0355339 -0.0815504 0 0 255
0.0450517 0.0370537 -0.0816234 0 0 255
0.0458005 0.0386640 -0.0807667 0 0 255
0.0458128 0.0402077 -0.0806074 0 0 255
0.0458250 0.0417513 -0.0804481 0 0 255
0.0460834 0.0433204 -0.0800554 0 0 255
0.0456037 0.0448125 -0.0803624 0 0 255
0.0458618 0.0463824 -0.0799700 0 0 255
0.0461201 0.0479539 -0.0795771 0 0 255
0.0466254 0.0495556 -0.0789498 0 0 255
0.0466376 0.0511017 -0.0787903 0 0 255
0.0473912 0.0527385 -0.0779266 0 0 255
0.0474035 0.0542869 -0.0777668 0 0 255
0.0476634 0.0558673 -0.0773716 0 0 255
0.0479236 0.0574493 -0.0769761 0 0 255
0.0484324 0.0590664 -0.0763439 0 0 255
0.0479482 0.0605496 -0.0766560 0 0 255
0.0482087 0.0621348 -0.0762599 0 0 255
0.0477249 0.0636141 -0.0765719 0 0 255
0.0479852 0.0652002 -0.0761759 0 0 255
0.0477496 0.0667130 -0.0762520 0 0 255
0.0475142 0.0682243 -0.0763280 0 0 255
0.0470320 0.0696953 -0.0766395 0 0 255
0.0467973 0.0712029 -0.0767153 0 0 255
0.0458243 0.0725883 -0.0774952 0 0 255
0.0455909 0.0740906 -0.0775703 0 0 255
0.0453578 0.0755915 -0.0776453 0 0 255
0.0448798 0.0770485 -0.0779541 0 0 255
0.0444029 0.0785026 -0.0782622 0 0 255
0.0439316 0.0799546 -0.0785652 0 0 255
0.0439438 0.0814918 -0.0784065 0 0 255
0.0432207 0.0828926 -0.0789506 0 0 255
0.0425045 0.0842900 -0.0794886 0 0 255
0.0425167 0.0858226 -0.0793304 0 0 255
0.0420445 0.0872607 -0.0796356 0 0 255
0.0420614 0.0887928 -0.0794730 0 0 255
0.0415902 0.0902266 -0.0797777 0 0 255
0.0416054 0.0917569 -0.0796169 0 0 255
0.0416175 0.0932866 -0.0794590 0 0 255
0.0413883 0.0947653 -0.0795323 0 0 255
0.0411593 0.0962427 -0.0796057 0 0 255
0.0409305 0.0977186 -0.0796789 0 0 255
0.0404615 0.0991400 -0.0799827 0 0 255
0.0404737 0.1006660 -0.0798252 0 0 255
0.0404858 0.1021919 -0.0796677 0 0 255
0.0402578 0.1036627 -0.0797407 0 0 255
0.0400299 0.1051321 -0.0798137 0 0 255
0.0402820 0.1067132 -0.0794258 0 0 255
0.0402941 0.1082385 -0.0792683 0 0 255
0.0405464 0.1098221 -0.0788800 0 0 255
0.0405585 0.1113482 -0.0787225 0 0 255
0.0403304 0.1128145 -0.0787960 0 0 255
0.0405828 0.1144005 -0.0784074 0 0 255
0.0405949 0.1159266 -0.0782499 0 0 255
0.0403668 0.1173907 -0.0783236 0 0 255
0.0406191 0.1189789 -0.0779348 0 0 255
0.0406313 0.1205052 -0.0777772 0 0 255
0.0408839 0.1220958 -0.0773879 0 0 255
0.0406555 0.1235577 -0.0774621 0 0 255
0.0406676 0.1250839 -0.0773046 0 0 255
0.0406797 0.1266102 -0.0771471 0 0 255
0.0409324 0.1282040 -0.0767573 0 0 255
0.0411853 0.1297994 -0.0763673 0 0 255
0.0414385 0.1313964 -0.0759769 0 0 255
0.0414506 0.1329250 -0.0758191 0 0 255
0.0419456 0.1345952 -0.0751948 0 0 255
0.0421995 0.1361970 -0.0748033 0 0 255
0.0424537 0.1378005 -0.0744112 0 0 255
0.0429507 0.1394790 -0.0737843 0 0 255
0.0436919 0.1412352 -0.0729208 0 0 255
0.0441914 0.1429214 -0.0722908 0 0 255
0.0446918 0.1446110 -0.0716596 0 0 255
0.0447040 0.1461498 -0.0715007 0 0 255
0.0449608 0.1477665 -0.0711050 0 0 255
0.0449730 0.1493061 -0.0709461 0 0 255
0.0457202 0.1510844 -0.0700749 0 0 255
0.0457324 0.1526264 -0.0699157 0 0 255
0.0462360 0.1543309 -0.0692801 0 0 255
0.0469871 0.1561214 -0.0684041 0 0 255
0.0469994 0.1576674 -0.0682444 0 0 255
0.0475055 0.1593815 -0.0676055 0 0 255
0.0480126 0.1610990 -0.0669654 0 0 255
0.0480249 0.1626482 -0.0668054 0 0 255
0.0480372 0.1641973 -0.0666455 0 0 255
0.0485454 0.1659216 -0.0660037 0 0 255
0.0488152 0.1691112 -0.0654451 0 0 255
0.0490761 0.1707530 -0.0650432 0 0 255
0.0490916 0.1723065 -0.0648798 0 0 255
0.0493527 0.1739507 -0.0644774 0 0 255
0.0496234 0.1771494 -0.0639172 0 0 255
0.0496389 0.1787047 -0.0637537 0 0 255
0.0496512 0.1802587 -0.0635933 0 0 255
0.0499129 0.1819088 -0.0631897 0 0 255
0.0499253 0.1834637 -0.0630292 0 0 255
0.0501872 0.1851162 -0.0626252 0 0 255
0.0501996 0.1866719 -0.0624646 0 0 255
0.0502120 0.1882277 -0.0623040 0 0 255
0.0502243 0.1897834 -0.0621434 0 0 255
0.0504866 0.1914401 -0.0617387 0 0 255
0.0512595 0.1948600 -0.0606862 0 0 255
0.0517741 0.1966264 -0.0600343 0 0 255
0.0522897 0.1983965 -0.0593811 0 0 255
0.0523021 0.1999587 -0.0592198 0 0 255
0.0525665 0.2016274 -0.0588120 0 0 255
0.0523269 0.2030833 -0.0588973 0 0 255
0.0520907 0.2045389 -0.0589795 0 0 255
0.0518516 0.2059918 -0.0590646 0 0 255
0.0516127 0.2074433 -0.0591497 0 0 255
0.0511233 0.2087833 -0.0594804 0 0 255
0.0506349 0.2101206 -0.0598105 0 0 255
0.0508976 0.2117888 -0.0594043 0 0 255
0.0501599 0.2130105 -0.0599793 0 0 255
0.0499227 0.2144534 -0.0600635 0 0 255
0.0494368 0.2157817 -0.0603921 0 0 255
0.0492003 0.2172209 -0.0604761 0 0 255
0.0484679 0.2184302 -0.0610473 0 0 255
0.0479849 0.2197505 -0.0613739 0 0 255
0.0475028 0.2210681 -0.0616999 0 0 255
0.0467755 0.2222675 -0.0622673 0 0 255
0.0458051 0.2233471 -0.0630742 0 0 255
0.0458173 0.2248885 -0.0629151 0 0 255
0.0450951 0.2260778 -0.0634787 0 0 255
0.0446188 0.2273813 -0.0638005 0 0 255
0.0439003 0.2285640 -0.0643614 0 0 255
0.0436693 0.2299804 -0.0644423 0 0 255
0.0424726 0.2309203 -0.0654748 0 0 255
0.0420016 0.2322118 -0.0657930 0 0 255
0.0420138 0.2337410 -0.0656351 0 0 255
0.0420259 0.2352702 -0.0654772 0 0 255
0.0415559 0.2365562 -0.0657950 0 0 255
0.0410867 0.2378397 -0.0661121 0 0 255
0.0413394 0.2394887 -0.0657172 0 0 255
0.0413515 0.2410158 -0.0655596 0 0 255
0.0413637 0.2425428 -0.0654019 0 0 255
0.0413757 0.2440698 -0.0652443 0 0 255
0.0413879 0.2455969 -0.0650867 0 0 255
0.0416407 0.2472508 -0.0646911 0 0 255
0.0418939 0.2489063 -0.0642951 0 0 255
0.0426306 0.2508210 -0.0634207 0 0 255
0.0428848 0.2524817 -0.0630232 0 0 255
0.0431391 0.2541440 -0.0626253 0 0 255
0.0433938 0.2558081 -0.0622271 0 0 255
0.0438917 0.2576064 -0.0615878 0 0 255
0.0439039 0.2591412 -0.0614294 0 0 255
0.0453793 0.2614835 -0.0598210 0 0 255
0.0456362 0.2631588 -0.0594196 0 0 255
0.0458935 0.2648359 -0.0590177 0 0 255
0.0731518 -0.0977668 -0.0659235 0 0 255
0.0734404 -0.0961793 -0.0654995 0 0 255
0.0715302 -0.0942161 -0.0671118 0 0 255
0.0693626 -0.0922223 -0.0689636 0 0 255
0.0688332 -0.0905104 -0.0692985 0 0 255
0.0672262 -0.0886290 -0.0706328 0 0 255
0.0642990 -0.0865502 -0.0731924 0 0 255
0.0635149 -0.0848204 -0.0737658 0 0 255
0.0622052 -0.0830163 -0.0748273 0 0 255
0.0603779 -0.0811442 -0.0763701 0 0 255
0.0585640 -0.0792856 -0.0779015 0 0 255
0.0572800 -0.0775137 -0.0789419 0 0 255
0.0562601 -0.0757864 -0.0797377 0 0 255
0.0555011 -0.0741009 -0.0802917 0 0 255
0.0550005 -0.0724544 -0.0806057 0 0 255
0.0537350 -0.0707127 -0.0816316 0 0 255
0.0532381 -0.0690755 -0.0819431 0 0 255
0.0527422 -0.0674417 -0.0822541 0 0 255
0.0517443 -0.0657514 -0.0830327 0 0 255
0.0515039 -0.0641552 -0.0831063 0 0 255
0.0502564 -0.0624471 -0.0841185 0 0 255
0.0505203 -0.0609126 -0.0837228 0 0 255
0.0500300 -0.0592962 -0.0840302 0 0 255
0.0495406 -0.0576831 -0.0843368 0 0 255
0.0493025 -0.0560983 -0.0844095 0 0 255
0.0488147 -0.0544909 -0.0847153 0 0 255
0.0488271 -0.0529335 -0.0845545 0 0 255
0.0485898 -0.0513535 -0.0846269 0 0 255
0.0481034 -0.0497534 -0.0849320 0 0 255
0.0476181 -0.0481564 -0.0852365 0 0 255
0.0473819 -0.0465828 -0.0853083 0 0 255
0.0473942 -0.0450301 -0.0851481 0 0 255
0.0469104 -0.0434403 -0.0854518 0 0 255
0.0466750 -0.0418714 -0.0855235 0 0 255
0.0466872 -0.0403210 -0.0853635 0 0 255
0.0464520 -0.0387544 -0.0854351 0 0 255
0.0467119 -0.0372200 -0.0850433 0 0 255
0.0464767 -0.0356550 -0.0851151 0 0 255
0.0469843 -0.0341328 -0.0844910 0 0 255
0.0462540 -0.0325426 -0.0850270 0 0 255
0.0465136 -0.0310058 -0.0846352 0 0 255
0.0460315 -0.0294333 -0.0849389 0 0 255
0.0465382 -0.0279062 -0.0843152 0 0 255
0.0463032 -0.0263466 -0.0843874 0 0 255
0.0465628 -0.0248065 -0.0839953 0 0 255
0.0470705 -0.0232732 -0.0833700 0 0 255
0.0470828 -0.0217217 -0.0832098 0 0 255
0.0470951 -0.0201702 -0.0830496 0 0 255
0.0478524 -0.0186364 -0.0821891 0 0 255
0.0483627 -0.0170928 -0.0815604 0 0 255
0.0491239 -0.0155503 -0.0806953 0 0 255
0.0488864 -0.0139889 -0.0807696 0 0 255
0.0481507 -0.0124235 -0.0813131 0 0 255
0.0479141 -0.0108668 -0.0813870 0 0 255
0.0469334 -0.0093082 -0.0821619 0 0 255
0.0457101 -0.0077555 -0.0831661 0 0 255
0.0437615 -0.0062118 -0.0848548 0 0 255
0.0435293 -0.0046722 -0.0849262 0 0 255
0.0428098 -0.0031381 -0.0854573 0 0 255
0.0425785 -0.0016032 -0.0855283 0 0 255
0.0423476 -0.0000698 -0.0855991 0 0 255
0.0423598 0.0014664 -0.0854405 0 0 255
-0.0021904 0.0020790 -0.1273665 0 0 255
-0.0045701 0.0034165 -0.1294810 0 0 255
-0.0049551 0.0047929 -0.1297120 0 0 255
-0.0049441 0.0061787 -0.1295689 0 0 255
-0.0057228 0.0075382 -0.1301727 0 0 255
-0.0053173 0.0089360 -0.1296566 0 0 255
-0.0060947 0.0102893 -0.1302597 0 0 255
-0.0056898 0.0116884 -0.1297442 0 0 255
-0.0068583 0.0130174 -0.1307181 0 0 255
-0.0076300 0.0143585 -0.1313170 0 0 255
-0.0080095 0.0157152 -0.1315446 0 0 255
-0.0079986 0.0170912 -0.1314026 0 0 255
0.0133058 0.0226058 -0.1107972 0 0 255
0.0442877 0.0292484 -0.0809636 0 0 255
0.0462672 0.0309436 -0.0789357 0 0 255
0.0443121 0.0323324 -0.0806452 0 0 255
0.0457985 0.0339985 -0.0790850 0 0 255
0.0448270 0.0354592 -0.0798606 0 0 255
0.0453306 0.0370473 -0.0792340 0 0 255
0.0453429 0.0385925 -0.0790744 0 0 255
0.0448637 0.0400901 -0.0793826 0 0 255
0.0453674 0.0416830 -0.0787554 0 0 255
0.0448882 0.0431775 -0.0790639 0 0 255
0.0451461 0.0447473 -0.0786705 0 0 255
0.0451583 0.0462918 -0.0785111 0 0 255
0.0456626 0.0478918 -0.0778827 0 0 255
0.0459212 0.0494665 -0.0774882 0 0 255
0.0464269 0.0510722 -0.0768579 0 0 255
0.0464393 0.0526207 -0.0766979 0 0 255
0.0466987 0.0542002 -0.0763022 0 0 255
0.0474539 0.0558451 -0.0754330 0 0 255
0.0474662 0.0573968 -0.0752729 0 0 255
0.0474785 0.0589485 -0.0751127 0 0 255
0.0474909 0.0605002 -0.0749525 0 0 255
0.0475032 0.0620520 -0.0747923 0 0 255
0.0472676 0.0635679 -0.0748692 0 0 255
0.0472799 0.0651189 -0.0747090 0 0 255
0.0465547 0.0665587 -0.0752546 0 0 255
0.0463201 0.0680694 -0.0753311 0 0 255
0.0458392 0.0695398 -0.0756435 0 0 255
0.0456005 0.0710460 -0.0757242 0 0 255
0.0451259 0.0725120 -0.0760311 0 0 255
0.0446475 0.0739743 -0.0763420 0 0 255
0.0444148 0.0754753 -0.0764175 0 0 255
0.0436935 0.0768901 -0.0769618 0 0 255
0.0434617 0.0783866 -0.0770369 0 0 255
0.0432302 0.0798816 -0.0771120 0 0 255
0.0429989 0.0813752 -0.0771869 0 0 255
0.0422820 0.0827770 -0.0777284 0 0 255
0.0420516 0.0842661 -0.0778029 0 0 255
0.0418214 0.0857538 -0.0778773 0 0 255
0.0418336 0.0872872 -0.0777191 0 0 255
0.0413618 0.0887246 -0.0780260 0 0 255
0.0411324 0.0902079 -0.0781002 0 0 255
0.0411445 0.0917391 -0.0779422 0 0 255
0.0406774 0.0931706 -0.0782454 0 0 255
0.0402079 0.0945987 -0.0785511 0 0 255
0.0404607 0.0961785 -0.0781615 0 0 255
0.0399917 0.0976029 -0.0784671 0 0 255
0.0397637 0.0990774 -0.0785409 0 0 255
0.0397758 0.1006041 -0.0783832 0 0 255
0.0395479 0.1020764 -0.0784570 0 0 255
0.0390808 0.1034921 -0.0787617 0 0 255
0.0395721 0.1051284 -0.0781420 0 0 255
0.0398243 0.1067112 -0.0777528 0 0 255
0.0395963 0.1081805 -0.0778269 0 0 255
0.0393687 0.1096484 -0.0779009 0 0 255
0.0393808 0.1111738 -0.0777434 0 0 255
0.0398728 0.1128187 -0.0771223 0 0 255
0.0398849 0.1143456 -0.0769647 0 0 255
0.0396569 0.1158112 -0.0770392 0 0 255
0.0396690 0.1173374 -0.0768816 0 0 255
0.0396812 0.1188636 -0.0767241 0 0 255
0.0396932 0.1203898 -0.0765666 0 0 255
0.0397054 0.1219160 -0.0764090 0 0 255
0.0399576 0.1235074 -0.0760190 0 0 255
0.0402100 0.1251004 -0.0756285 0 0 255
0.0399818 0.1265615 -0.0757037 0 0 255
0.0402342 0.1281561 -0.0753131 0 0 255
0.0402464 0.1296840 -0.0751554 0 0 255
0.0400182 0.1311429 -0.0752307 0 0 255
0.0407520 0.1328795 -0.0743729 0 0 255
0.0410052 0.1344796 -0.0739810 0 0 255
0.0415002 0.1361531 -0.0733544 0 0 255
0.0417542 0.1377573 -0.0729614 0 0 255
0.0422507 0.1394366 -0.0723327 0 0 255
0.0425054 0.1410450 -0.0719386 0 0 255
0.0432467 0.1428054 -0.0710715 0 0 255
0.0430155 0.1442667 -0.0711494 0 0 255
0.0437585 0.1460337 -0.0702801 0 0 255
0.0440147 0.1476504 -0.0698838 0 0 255
0.0442712 0.1492686 -0.0694871 0 0 255
0.0445279 0.1508886 -0.0690900 0 0 255
0.0450300 0.1525906 -0.0684539 0 0 255
0.0450423 0.1541333 -0.0682946 0 0 255
0.0455453 0.1558404 -0.0676571 0 0 255
0.0460494 0.1575509 -0.0670182 0 0 255
0.0463080 0.1591808 -0.0666185 0 0 255
0.0465668 0.1608124 -0.0662183 0 0 255
0.0468259 0.1624457 -0.0658178 0 0 255
0.0473326 0.1641673 -0.0651755 0 0 255
0.0475925 0.1658048 -0.0647738 0 0 255
0.0476048 0.1673556 -0.0646137 0 0 255
0.0481222 0.1706361 -0.0638119 0 0 255
0.0483828 0.1722794 -0.0634089 0 0 255
0.0483952 0.1738326 -0.0632486 0 0 255
0.0484230 0.1769403 -0.0629248 0 0 255
0.0486840 0.1785877 -0.0625212 0 0 255
0.0489452 0.1802369 -0.0621171 0 0 255
0.0487086 0.1816959 -0.0622003 0 0 255
0.0489699 0.1833467 -0.0617960 0 0 255
0.0492314 0.1849992 -0.0613914 0 0 255
0.0494932 0.1866534 -0.0609863 0 0 255
0.0492560 0.1881107 -0.0610702 0 0 255
0.0492684 0.1896665 -0.0609096 0 0 255
0.0500299 0.1915250 -0.0600140 0 0 255
0.0500422 0.1930832 -0.0598532 0 0 255
0.0508152 0.1965092 -0.0587967 0 0 255
0.0515814 0.1983840 -0.0578951 0 0 255
0.0513423 0.1998414 -0.0579809 0 0 255
0.0516061 0.2015101 -0.0575725 0 0 255
0.0518704 0.2031805 -0.0571634 0 0 255
0.0511314 0.2044217 -0.0577411 0 0 255
0.0508927 0.2058747 -0.0578268 0 0 255
0.0511562 0.2075448 -0.0574187 0 0 255
0.0506667 0.2088861 -0.0577515 0 0 255
0.0504286 0.2103354 -0.0578372 0 0 255
0.0499406 0.2116719 -0.0581690 0 0 255
0.0492044 0.2128939 -0.0587459 0 0 255
0.0492167 0.2144492 -0.0585853 0 0 255
0.0487313 0.2157782 -0.0589156 0 0 255
0.0482467 0.2171045 -0.0592452 0 0 255
0.0477632 0.2184281 -0.0595741 0 0 255
0.0470337 0.2196345 -0.0601462 0 0 255
0.0467991 0.2210674 -0.0602300 0 0 255
0.0458267 0.2221517 -0.0610426 0 0 255
0.0451030 0.2233476 -0.0616101 0 0 255
0.0448704 0.2247730 -0.0616929 0 0 255
0.0443937 0.2260797 -0.0620170 0 0 255
0.0436743 0.2272661 -0.0625813 0 0 255
0.0434432 0.2286853 -0.0626633 0 0 255
0.0429693 0.2299843 -0.0629855 0 0 255
0.0412911 0.2306868 -0.0644998 0 0 255
0.0410623 0.2320974 -0.0645804 0 0 255
0.0408337 0.2335065 -0.0646609 0 0 255
0.0403650 0.2347936 -0.0649793 0 0 255
0.0401371 0.2361993 -0.0650595 0 0 255
0.0401492 0.2377255 -0.0649019 0 0 255
0.0401613 0.2392517 -0.0647444 0 0 255
0.0404135 0.2409015 -0.0643488 0 0 255
0.0406659 0.2425530 -0.0639528 0 0 255
0.0404377 0.2439556 -0.0640335 0 0 255
0.0409307 0.2457348 -0.0633986 0 0 255
0.0411836 0.2473904 -0.0630017 0 0 255
0.0414368 0.2490476 -0.0626044 0 0 255
0.0412079 0.2504492 -0.0626859 0 0 255
0.0414611 0.2521081 -0.0622885 0 0 255
0.0421978 0.2540296 -0.0614102 0 0 255
0.0429368 0.2559569 -0.0605292 0 0 255
0.0429490 0.2574918 -0.0603707 0 0 255
0.0427187 0.2588934 -0.0604536 0 0 255
0.0434592 0.2608300 -0.0595703 0 0 255
0.0446901 0.2630438 -0.0581983 0 0 255
0.0449591 0.2662619 -0.0576367 0 0 255
0.0449713 0.2678031 -0.0574776 0 0 255
0.0452283 0.2694834 -0.0570745 0 0 255
0.0707749 -0.0976501 -0.0659002 0 0 255
0.0713354 -0.0961144 -0.0652225 0 0 255
0.0675400 -0.0938319 -0.0685976 0 0 255
0.0689065 -0.0924380 -0.0671703 0 0 255
0.0675657 -0.0905908 -0.0682630 0 0 255
0.0667698 -0.0888400 -0.0688490 0 0 255
0.0649053 -0.0869256 -0.0704309 0 0 255
0.0627928 -0.0849848 -0.0722453 0 0 255
0.0617480 -0.0832193 -0.0730655 0 0 255
0.0601825 -0.0813833 -0.0743720 0 0 255
0.0583664 -0.0795210 -0.0759132 0 0 255
0.0568222 -0.0777089 -0.0772019 0 0 255
0.0555446 -0.0759437 -0.0782424 0 0 255
0.0540179 -0.0741529 -0.0795166 0 0 255
0.0537747 -0.0725418 -0.0795925 0 0 255
0.0530219 -0.0708665 -0.0801449 0 0 255
0.0522714 -0.0691963 -0.0806957 0 0 255
0.0517765 -0.0675624 -0.0810078 0 0 255
0.0507805 -0.0658718 -0.0817890 0 0 255
0.0502887 -0.0642462 -0.0820991 0 0 255
0.0490449 -0.0625387 -0.0831132 0 0 255
0.0490573 -0.0609774 -0.0829520 0 0 255
0.0488192 -0.0593894 -0.0830255 0 0 255
0.0485814 -0.0578029 -0.0830988 0 0 255
0.0483437 -0.0562180 -0.0831720 0 0 255
0.0478569 -0.0546105 -0.0834791 0 0 255
0.0476200 -0.0530296 -0.0835521 0 0 255
0.0476324 -0.0514730 -0.0833914 0 0 255
0.0473957 -0.0498945 -0.0834643 0 0 255
0.0466626 -0.0482756 -0.0840034 0 0 255
0.0464270 -0.0467019 -0.0840760 0 0 255
0.0461915 -0.0451298 -0.0841483 0 0 255
0.0459563 -0.0435593 -0.0842207 0 0 255
0.0459687 -0.0420081 -0.0840605 0 0 255
0.0457337 -0.0404399 -0.0841329 0 0 255
0.0459932 -0.0389056 -0.0837403 0 0 255
0.0460056 -0.0373543 -0.0835801 0 0 255
0.0460179 -0.0358030 -0.0834200 0 0 255
0.0460302 -0.0342517 -0.0832598 0 0 255
0.0460425 -0.0327004 -0.0830996 0 0 255
0.0458075 -0.0311368 -0.0831725 0 0 255
0.0458198 -0.0295862 -0.0830124 0 0 255
0.0458321 -0.0280356 -0.0828523 0 0 255
0.0458444 -0.0264850 -0.0826922 0 0 255
0.0456097 -0.0249252 -0.0827652 0 0 255
0.0461164 -0.0233920 -0.0821387 0 0 255
0.0463763 -0.0218480 -0.0817448 0 0 255
0.0463886 -0.0202957 -0.0815846 0 0 255
0.0468968 -0.0187554 -0.0809559 0 0 255
0.0476550 -0.0172170 -0.0800908 0 0 255
0.0479165 -0.0156651 -0.0796947 0 0 255
0.0479289 -0.0141080 -0.0795339 0 0 255
0.0474432 -0.0125453 -0.0798441 0 0 255
0.0472069 -0.0109877 -0.0799187 0 0 255
0.0467227 -0.0094304 -0.0802281 0 0 255
0.0452515 -0.0078746 -0.0814722 0 0 255
0.0433027 -0.0063289 -0.0831693 0 0 255
0.0425824 -0.0047900 -0.0837040 0 0 255
0.0421075 -0.0032538 -0.0840066 0 0 255
0.0411483 -0.0017260 -0.0847684 0 0 255
0.0411605 -0.0001906 -0.0846100 0 0 255
-0.0022580 0.0005917 -0.1256438 0 0 255
-0.0034476 0.0019643 -0.1266387 0 0 255
-0.0050271 0.0033200 -0.1280045 0 0 255
-0.0054120 0.0046977 -0.1282371 0 0 255
-0.0057962 0.0060729 -0.1284692 0 0 255
-0.0057852 0.0074588 -0.1283261 0 0 255
-0.0065624 0.0088160 -0.1289320 0 0 255
-0.0077285 0.0101527 -0.1299081 0 0 255
-0.0081085 0.0115157 -0.1301374 0 0 255
-0.0084878 0.0128762 -0.1303663 0 0 255
-0.0084769 0.0142534 -0.1302241 0 0 255
-0.0084659 0.0156306 -0.1300820 0 0 255
-0.0115493 0.0168361 -0.1328859 0 0 255
-0.0134517 0.0180912 -0.1345670 0 0 255
-0.0115276 0.0195710 -0.1326036 0 0 255
0.0325995 0.0298365 -0.0898412 0 0 255
0.0463276 0.0340052 -0.0764444 0 0 255
0.0448598 0.0354274 -0.0776980 0 0 255
0.0441353 0.0369075 -0.0782423 0 0 255
0.0448843 0.0385209 -0.0773787 0 0 255
0.0446507 0.0400439 -0.0774540 0 0 255
0.0441721 0.0415408 -0.0777639 0 0 255
0.0441843 0.0430852 -0.0776044 0 0 255
0.0441966 0.0446297 -0.0774450 0 0 255
0.0442089 0.0461743 -0.0772856 0 0 255
0.0447121 0.0477742 -0.0766559 0 0 255
0.0457093 0.0494345 -0.0755528 0 0 255
0.0457216 0.0509837 -0.0753929 0 0 255
0.0462280 0.0525934 -0.0747594 0 0 255
0.0467401 0.0542070 -0.0741200 0 0 255
0.0467476 0.0557589 -0.0739643 0 0 255
0.0472608 0.0573774 -0.0733235 0 0 255
0.0470249 0.0588981 -0.0734013 0 0 255
0.0472854 0.0604857 -0.0730027 0 0 255
0.0468016 0.0619697 -0.0733187 0 0 255
0.0465663 0.0634865 -0.0733963 0 0 255
0.0460840 0.0649653 -0.0737114 0 0 255
0.0456026 0.0664411 -0.0740259 0 0 255
0.0451223 0.0679139 -0.0743397 0 0 255
0.0448886 0.0694224 -0.0744165 0 0 255
0.0446551 0.0709294 -0.0744933 0 0 255
0.0444219 0.0724349 -0.0745701 0 0 255
0.0439440 0.0738980 -0.0748825 0 0 255
0.0437115 0.0753997 -0.0749589 0 0 255
0.0429910 0.0768155 -0.0755055 0 0 255
0.0427594 0.0783128 -0.0755815 0 0 255
0.0422848 0.0797649 -0.0758918 0 0 255
0.0420540 0.0812586 -0.0759674 0 0 255
0.0418234 0.0827507 -0.0760429 0 0 255
0.0413507 0.0841955 -0.0763521 0 0 255
0.0411207 0.0856840 -0.0764273 0 0 255
0.0408911 0.0871709 -0.0765024 0 0 255
0.0406616 0.0886564 -0.0765775 0 0 255
0.0406738 0.0901891 -0.0764193 0 0 255
0.0402034 0.0916230 -0.0767274 0 0 255
0.0399777 0.0931048 -0.0767992 0 0 255
0.0397492 0.0945844 -0.0768739 0 0 255
0.0397614 0.0961142 -0.0767160 0 0 255
0.0390529 0.0974871 -0.0772553 0 0 255
0.0393050 0.0990676 -0.0768654 0 0 255
0.0390771 0.1005421 -0.0769400 0 0 255
0.0386100 0.1019608 -0.0772465 0 0 255
0.0386221 0.1034868 -0.0770889 0 0 255
0.0388737 0.1050688 -0.0766992 0 0 255
0.0386463 0.1065390 -0.0767738 0 0 255
0.0388980 0.1081225 -0.0763840 0 0 255
0.0384312 0.1095330 -0.0766908 0 0 255
0.0389222 0.1111762 -0.0760687 0 0 255
0.0386947 0.1126434 -0.0761437 0 0 255
0.0387068 0.1141696 -0.0759861 0 0 255
0.0387189 0.1156958 -0.0758285 0 0 255
0.0389706 0.1172839 -0.0754382 0 0 255
0.0389827 0.1188109 -0.0752805 0 0 255
0.0389948 0.1203379 -0.0751229 0 0 255
0.0390070 0.1218650 -0.0749653 0 0 255
0.0390191 0.1233920 -0.0748076 0 0 255
0.0392710 0.1249849 -0.0744166 0 0 255
0.0395232 0.1265795 -0.0740252 0 0 255
0.0390554 0.1279732 -0.0743347 0 0 255
0.0393074 0.1295685 -0.0739434 0 0 255
0.0400405 0.1313037 -0.0730832 0 0 255
0.0400527 0.1328339 -0.0729252 0 0 255
0.0403056 0.1344348 -0.0725324 0 0 255
0.0400770 0.1358944 -0.0726092 0 0 255
0.0408124 0.1376417 -0.0717457 0 0 255
0.0413079 0.1393209 -0.0711158 0 0 255
0.0410782 0.1407809 -0.0711935 0 0 255
0.0415743 0.1424641 -0.0705626 0 0 255
0.0418288 0.1440749 -0.0701675 0 0 255
0.0423264 0.1457640 -0.0695347 0 0 255
0.0428250 0.1474565 -0.0689006 0 0 255
0.0428372 0.1489954 -0.0687418 0 0 255
0.0430930 0.1506135 -0.0683447 0 0 255
0.0435931 0.1523136 -0.0677085 0 0 255
0.0440942 0.1540170 -0.0670710 0 0 255
0.0441064 0.1555598 -0.0669117 0 0 255
0.0448538 0.1573513 -0.0660325 0 0 255
0.0451117 0.1589803 -0.0656325 0 0 255
0.0451239 0.1605263 -0.0654729 0 0 255
0.0453821 0.1621578 -0.0650723 0 0 255
0.0461333 0.1639639 -0.0641881 0 0 255
0.0461456 0.1655131 -0.0640282 0 0 255
0.0461579 0.1670623 -0.0638683 0 0 255
0.0466641 0.1687896 -0.0632236 0 0 255
0.0471714 0.1705203 -0.0625776 0 0 255
0.0471838 0.1720728 -0.0624174 0 0 255
0.0471961 0.1736252 -0.0622571 0 0 255
0.0472084 0.1751776 -0.0620968 0 0 255
0.0474686 0.1768234 -0.0616929 0 0 255
0.0477290 0.1784708 -0.0612886 0 0 255
0.0477414 0.1800249 -0.0611282 0 0 255
0.0480021 0.1816749 -0.0607234 0 0 255
0.0480145 0.1832298 -0.0605628 0 0 255
0.0482755 0.1848822 -0.0601575 0 0 255
0.0485368 0.1865363 -0.0597518 0 0 255
0.0487983 0.1881922 -0.0593457 0 0 255
0.0490694 0.1914067 -0.0587813 0 0 255
0.0493314 0.1930667 -0.0583743 0 0 255
0.0495938 0.1947285 -0.0579668 0 0 255
0.0503577 0.1965996 -0.0570644 0 0 255
0.0511239 0.1984764 -0.0561593 0 0 255
0.0508848 0.1999353 -0.0562461 0 0 255
0.0508972 0.2014992 -0.0560846 0 0 255
0.0511611 0.2031705 -0.0556747 0 0 255
0.0509220 0.2046270 -0.0557618 0 0 255
0.0506831 0.2060821 -0.0558487 0 0 255
0.0499462 0.2073183 -0.0564280 0 0 255
0.0497083 0.2087691 -0.0565144 0 0 255
0.0497207 0.2103291 -0.0563533 0 0 255
0.0492332 0.2116663 -0.0566869 0 0 255
0.0489960 0.2131127 -0.0567730 0 0 255
0.0485100 0.2144451 -0.0571056 0 0 255
0.0477767 0.2156617 -0.0576834 0 0 255
0.0475409 0.2171017 -0.0577688 0 0 255
0.0473054 0.2185403 -0.0578541 0 0 255
0.0460825 0.2195184 -0.0589184 0 0 255
0.0456024 0.2208363 -0.0592468 0 0 255
0.0451232 0.2221515 -0.0595745 0 0 255
0.0448901 0.2235804 -0.0596585 0 0 255
0.0439235 0.2246575 -0.0604706 0 0 255
0.0434477 0.2259644 -0.0607959 0 0 255
0.0427298 0.2271510 -0.0613621 0 0 255
0.0424991 0.2285703 -0.0614446 0 0 255
0.0420262 0.2298693 -0.0617680 0 0 255
0.0405920 0.2306911 -0.0630473 0 0 255
0.0403634 0.2321023 -0.0631286 0 0 255
0.0398947 0.2333921 -0.0634489 0 0 255
0.0396668 0.2347998 -0.0635299 0 0 255
0.0394392 0.2362063 -0.0636108 0 0 255
0.0392118 0.2376113 -0.0636916 0 0 255
0.0392238 0.2391376 -0.0635341 0 0 255
0.0394755 0.2407873 -0.0631379 0 0 255
0.0397274 0.2424387 -0.0627413 0 0 255
0.0397395 0.2439666 -0.0625836 0 0 255
0.0399918 0.2456205 -0.0621864 0 0 255
0.0397638 0.2470223 -0.0622681 0 0 255
0.0402563 0.2488055 -0.0616311 0 0 255
0.0407498 0.2505922 -0.0609928 0 0 255
0.0407620 0.2521232 -0.0608347 0 0 255
0.0410152 0.2537846 -0.0604360 0 0 255
0.0412686 0.2554476 -0.0600368 0 0 255
0.0417641 0.2572446 -0.0593956 0 0 255
0.0417763 0.2587788 -0.0592372 0 0 255
0.0422729 0.2605810 -0.0585946 0 0 255
0.0430134 0.2625221 -0.0577076 0 0 255
0.0442445 0.2647424 -0.0563295 0 0 255
0.0442568 0.2662844 -0.0561703 0 0 255
0.0445135 0.2679648 -0.0557663 0 0 255
0.0440370 0.2692293 -0.0560965 0 0 255
0.0442934 0.2709104 -0.0556928 0 0 255
0.0457858 0.2748439 -0.0539032 0 0 255
0.0694989 -0.0977272 -0.0648604 0 0 255
0.0692393 -0.0960497 -0.0649468 0 0 255
0.0668128 -0.0940029 -0.0670591 0 0 255
0.0673657 -0.0924722 -0.0663866 0 0 255
0.0662994 -0.0906712 -0.0672285 0 0 255
0.0652378 -0.0888778 -0.0680668 0 0 255
0.0636472 -0.0870075 -0.0694007 0 0 255
0.0618054 -0.0851084 -0.0709710 0 0 255
0.0610260 -0.0833826 -0.0715472 0 0 255
0.0592002 -0.0815062 -0.0731044 0 0 255
0.0576476 -0.0796813 -0.0744065 0 0 255
0.0558465 -0.0778309 -0.0759427 0 0 255
0.0548285 -0.0761011 -0.0767455 0 0 255
0.0530478 -0.0742742 -0.0782645 0 0 255
0.0525503 -0.0726292 -0.0785803 0 0 255
0.0517997 -0.0709546 -0.0791340 0 0 255
0.0507984 -0.0692531 -0.0799236 0 0 255
0.0503087 -0.0676212 -0.0802333 0 0 255
0.0495651 -0.0659619 -0.0807818 0 0 255
0.0490747 -0.0643371 -0.0810928 0 0 255
0.0480846 -0.0626587 -0.0818740 0 0 255
0.0478470 -0.0610697 -0.0819479 0 0 255
0.0476096 -0.0594824 -0.0820218 0 0 255
0.0471233 -0.0578708 -0.0823302 0 0 255
0.0471356 -0.0563126 -0.0821693 0 0 255
0.0468990 -0.0547301 -0.0822430 0 0 255
0.0461659 -0.0531022 -0.0827845 0 0 255
0.0464265 -0.0515698 -0.0823900 0 0 255
0.0461906 -0.0499921 -0.0824634 0 0 255
0.0457071 -0.0483948 -0.0827704 0 0 255
0.0454719 -0.0468211 -0.0828435 0 0 255
0.0454842 -0.0452683 -0.0826832 0 0 255
0.0450023 -0.0436783 -0.0829895 0 0 255
0.0450146 -0.0421270 -0.0828293 0 0 255
0.0450269 -0.0405758 -0.0826692 0 0 255
0.0447924 -0.0390083 -0.0827422 0 0 255
0.0450515 -0.0374732 -0.0823489 0 0 255
0.0448170 -0.0359073 -0.0824221 0 0 255
0.0450761 -0.0343706 -0.0820286 0 0 255
0.0453355 -0.0328324 -0.0816346 0 0 255
0.0453478 -0.0312802 -0.0814744 0 0 255
0.0451131 -0.0297165 -0.0815480 0 0 255
0.0453724 -0.0281758 -0.0811539 0 0 255
0.0453847 -0.0266236 -0.0809936 0 0 255
0.0453970 -0.0250714 -0.0808333 0 0 255
0.0456567 -0.0235275 -0.0804387 0 0 255
0.0459167 -0.0219821 -0.0800434 0 0 255
0.0459290 -0.0204282 -0.0798830 0 0 255
0.0464373 -0.0188864 -0.0792519 0 0 255
0.0466980 -0.0173361 -0.0788556 0 0 255
0.0467104 -0.0157798 -0.0786949 0 0 255
0.0467227 -0.0142235 -0.0785343 0 0 255
0.0462385 -0.0126614 -0.0788453 0 0 255
0.0464990 -0.0111087 -0.0784489 0 0 255
0.0457676 -0.0095492 -0.0789954 0 0 255
0.0425862 -0.0079896 -0.0818724 0 0 255
0.0416232 -0.0064477 -0.0826409 0 0 255
0.0413922 -0.0049088 -0.0827133 0 0 255
0.0406762 -0.0033750 -0.0832476 0 0 255
0.0404462 -0.0018407 -0.0833195 0 0 255
0.0399746 -0.0003113 -0.0836218 0 0 255
-0.0031171 0.0004850 -0.1245350 0 0 255
-0.0039056 0.0018659 -0.1251529 0 0 255
-0.0050885 0.0032325 -0.1261473 0 0 255
-0.0093237 0.0141483 -0.1291313 0 0 255
-0.0085331 0.0155663 -0.1282435 0 0 255
-0.0120061 0.0167531 -0.1314335 0 0 255
-0.0127625 0.0180768 -0.1320263 0 0 255
-0.0142779 0.0193488 -0.1333461 0 0 255
-0.0150262 0.0206609 -0.1339323 0 0 255
-0.0146362 0.0220457 -0.1334288 0 0 255
0.0352303 0.0345524 -0.0847982 0 0 255
0.0436758 0.0368341 -0.0765464 0 0 255
0.0441789 0.0384261 -0.0759155 0 0 255
0.0439456 0.0399499 -0.0759915 0 0 255
0.0434674 0.0414477 -0.0763032 0 0 255
0.0439749 0.0430440 -0.0756676 0 0 255
0.0437418 0.0445648 -0.0757438 0 0 255
0.0439994 0.0461378 -0.0753482 0 0 255
0.0447493 0.0477679 -0.0744789 0 0 255
0.0455016 0.0494029 -0.0736069 0 0 255
0.0452670 0.0509252 -0.0736844 0 0 255
0.0457733 0.0525365 -0.0730485 0 0 255
0.0462807 0.0541511 -0.0724114 0 0 255
0.0465410 0.0557371 -0.0720120 0 0 255
0.0463054 0.0572593 -0.0720905 0 0 255
0.0465657 0.0588469 -0.0716909 0 0 255
0.0468262 0.0604361 -0.0712911 0 0 255
0.0465903 0.0619568 -0.0713699 0 0 255
0.0461070 0.0634401 -0.0716877 0 0 255
0.0456246 0.0649204 -0.0720049 0 0 255
0.0451432 0.0663978 -0.0723214 0 0 255
0.0444168 0.0678342 -0.0728748 0 0 255
0.0439380 0.0693049 -0.0731896 0 0 255
0.0439503 0.0708514 -0.0730299 0 0 255
0.0434723 0.0723176 -0.0733443 0 0 255
0.0429953 0.0737808 -0.0736580 0 0 255
0.0425193 0.0752412 -0.0739710 0 0 255
0.0420442 0.0766986 -0.0742835 0 0 255
0.0418131 0.0781959 -0.0743600 0 0 255
0.0420686 0.0797792 -0.0739654 0 0 255
0.0406246 0.0810534 -0.0752170 0 0 255
0.0411212 0.0826792 -0.0745890 0 0 255
0.0408911 0.0841706 -0.0746652 0 0 255
0.0406612 0.0856606 -0.0747414 0 0 255
0.0401899 0.0871018 -0.0750518 0 0 255
0.0399607 0.0885881 -0.0751275 0 0 255
0.0394908 0.0900243 -0.0754371 0 0 255
0.0397438 0.0916057 -0.0750450 0 0 255
0.0390339 0.0929881 -0.0755880 0 0 255
0.0390491 0.0945193 -0.0754270 0 0 255
0.0388211 0.0959982 -0.0755024 0 0 255
0.0385933 0.0974758 -0.0755777 0 0 255
0.0383656 0.0989518 -0.0756530 0 0 255
0.0378990 0.1003728 -0.0759609 0 0 255
0.0379111 0.1018996 -0.0758032 0 0 255
0.0381624 0.1034815 -0.0754128 0 0 255
0.0374574 0.1048415 -0.0759532 0 0 255
0.0379474 0.1064800 -0.0753303 0 0 255
0.0379595 0.1080069 -0.0751728 0 0 255
0.0377325 0.1094756 -0.0752481 0 0 255
0.0379837 0.1110607 -0.0748574 0 0 255
0.0379958 0.1125876 -0.0746998 0 0 255
0.0380079 0.1141145 -0.0745422 0 0 255
0.0380200 0.1156415 -0.0743845 0 0 255
0.0377930 0.1171065 -0.0744603 0 0 255
0.0385231 0.1188211 -0.0736017 0 0 255
0.0382957 0.1202860 -0.0736779 0 0 255
0.0380685 0.1217495 -0.0737539 0 0 255
0.0385596 0.1234068 -0.0731282 0 0 255
0.0388115 0.1250014 -0.0727359 0 0 255
0.0388236 0.1265307 -0.0725780 0 0 255
0.0388358 0.1280601 -0.0724201 0 0 255
0.0390880 0.1296579 -0.0720273 0 0 255
0.0391001 0.1311881 -0.0718693 0 0 255
0.0393526 0.1327882 -0.0714760 0 0 255
0.0396053 0.1343900 -0.0710824 0 0 255
0.0398584 0.1359934 -0.0706882 0 0 255
0.0401116 0.1375984 -0.0702938 0 0 255
0.0403651 0.1392050 -0.0698989 0 0 255
0.0401359 0.1406652 -0.0699771 0 0 255
0.0408729 0.1424233 -0.0691079 0 0 255
0.0411271 0.1440348 -0.0687118 0 0 255
0.0416243 0.1457247 -0.0680772 0 0 255
0.0418793 0.1473404 -0.0676800 0 0 255
0.0418915 0.1488793 -0.0675211 0 0 255
0.0421468 0.1504974 -0.0671234 0 0 255
0.0426459 0.1521973 -0.0664860 0 0 255
0.0424145 0.1536577 -0.0665663 0 0 255
0.0429142 0.1553617 -0.0659280 0 0 255
0.0436595 0.1571519 -0.0650477 0 0 255
0.0439166 0.1587800 -0.0646474 0 0 255
0.0441739 0.1604099 -0.0642466 0 0 255
0.0446771 0.1621268 -0.0636036 0 0 255
0.0451814 0.1638472 -0.0629594 0 0 255
0.0449475 0.1653092 -0.0630419 0 0 255
0.0452059 0.1669457 -0.0626395 0 0 255
0.0459580 0.1687618 -0.0617502 0 0 255
0.0462175 0.1704035 -0.0613464 0 0 255
0.0459827 0.1718652 -0.0614299 0 0 255
0.0462421 0.1735083 -0.0610258 0 0 255
0.0462545 0.1750608 -0.0608655 0 0 255
0.0462668 0.1766133 -0.0607052 0 0 255
0.0465265 0.1782598 -0.0603006 0 0 255
0.0472918 0.1816525 -0.0592480 0 0 255
0.0473073 0.1832095 -0.0590843 0 0 255
0.0475681 0.1848628 -0.0586779 0 0 255
0.0475804 0.1864193 -0.0585172 0 0 255
0.0478414 0.1880751 -0.0581105 0 0 255
0.0483612 0.1913905 -0.0572988 0 0 255
0.0486231 0.1930515 -0.0568908 0 0 255
0.0493855 0.1949200 -0.0559868 0 0 255
0.0504014 0.1968985 -0.0548310 0 0 255
0.0506655 0.1985691 -0.0544200 0 0 255
0.0506779 0.2001353 -0.0542583 0 0 255
0.0504386 0.2015949 -0.0543462 0 0 255
0.0501998 0.2030530 -0.0544339 0 0 255
0.0504635 0.2047259 -0.0540229 0 0 255
0.0497227 0.2059647 -0.0546090 0 0 255
0.0499859 0.2076375 -0.0541986 0 0 255
0.0492497 0.2088720 -0.0547807 0 0 255
0.0492621 0.2104337 -0.0546195 0 0 255
0.0485250 0.2116607 -0.0552032 0 0 255
0.0480390 0.2129959 -0.0555377 0 0 255
0.0475540 0.2143283 -0.0558716 0 0 255
0.0473180 0.2157713 -0.0559579 0 0 255
0.0465869 0.2169853 -0.0565372 0 0 255
0.0461048 0.2183097 -0.0568691 0 0 255
0.0453773 0.2195168 -0.0574455 0 0 255
0.0448976 0.2208354 -0.0577756 0 0 255
0.0444190 0.2221514 -0.0581050 0 0 255
0.0434523 0.2232324 -0.0589210 0 0 255
0.0432204 0.2246587 -0.0590051 0 0 255
0.0425017 0.2258490 -0.0595748 0 0 255
0.0420278 0.2271534 -0.0599008 0 0 255
0.0417974 0.2285734 -0.0599840 0 0 255
0.0410831 0.2297544 -0.0605505 0 0 255
0.0406120 0.2310510 -0.0608745 0 0 255
0.0389437 0.2317492 -0.0623946 0 0 255
0.0387162 0.2331578 -0.0624762 0 0 255
0.0387284 0.2346855 -0.0623185 0 0 255
0.0382621 0.2359709 -0.0626390 0 0 255
0.0380353 0.2373753 -0.0627203 0 0 255
0.0385253 0.2391461 -0.0620847 0 0 255
0.0382984 0.2405497 -0.0621663 0 0 255
0.0387889 0.2423245 -0.0615298 0 0 255
0.0392804 0.2441029 -0.0608921 0 0 255
0.0390528 0.2455062 -0.0609744 0 0 255
0.0395448 0.2472887 -0.0603358 0 0 255
0.0393168 0.2486911 -0.0604184 0 0 255
0.0395691 0.2503491 -0.0600198 0 0 255
0.0400621 0.2521383 -0.0593795 0 0 255
0.0403151 0.2538005 -0.0589799 0 0 255
0.0403273 0.2553331 -0.0588216 0 0 255
0.0405805 0.2569978 -0.0584214 0 0 255
0.0413174 0.2589307 -0.0575355 0 0 255
0.0410877 0.2603323 -0.0576198 0 0 255
0.0415838 0.2621370 -0.0569753 0 0 255
0.0428101 0.2643541 -0.0555966 0 0 255
0.0430658 0.2660319 -0.0551928 0 0 255
0.0433219 0.2677113 -0.0547886 0 0 255
0.0433341 0.2692533 -0.0546294 0 0 255
0.0433463 0.2707953 -0.0544702 0 0 255
0.0695869 -0.0980472 -0.0625427 0 0 255
0.0687813 -0.0962704 -0.0631425 0 0 255
0.0663543 -0.0942203 -0.0652657 0 0 255
0.0655591 -0.0924610 -0.0658574 0 0 255
0.0647663 -0.0907072 -0.0664472 0 0 255
0.0637090 -0.0889156 -0.0672862 0 0 255
0.0613336 -0.0869213 -0.0693654 0 0 255
0.0608179 -0.0852319 -0.0696966 0 0 255
0.0595145 -0.0834258 -0.0707694 0 0 255
0.0576961 -0.0815511 -0.0723278 0 0 255
0.0566684 -0.0798037 -0.0731427 0 0 255
0.0551286 -0.0779898 -0.0744407 0 0 255
0.0541116 -0.0762588 -0.0752470 0 0 255
0.0525876 -0.0744651 -0.0765317 0 0 255
0.0515811 -0.0727503 -0.0773296 0 0 255
0.0505786 -0.0710425 -0.0781242 0 0 255
0.0498327 -0.0693738 -0.0786774 0 0 255
0.0488406 -0.0676794 -0.0794633 0 0 255
0.0481000 -0.0660218 -0.0800125 0 0 255
0.0478619 -0.0644279 -0.0800875 0 0 255
0.0473740 -0.0628071 -0.0803987 0 0 255
0.0468872 -0.0611896 -0.0807093 0 0 255
0.0466503 -0.0596022 -0.0807838 0 0 255
0.0461649 -0.0579904 -0.0810934 0 0 255
0.0456805 -0.0563819 -0.0814024 0 0 255
0.0459411 -0.0548496 -0.0810068 0 0 255
0.0452094 -0.0532216 -0.0815502 0 0 255
0.0449743 -0.0516438 -0.0816240 0 0 255
0.0449866 -0.0500895 -0.0814635 0 0 255
0.0447516 -0.0485140 -0.0815373 0 0 255
0.0445169 -0.0469402 -0.0816111 0 0 255
0.0445292 -0.0453874 -0.0814508 0 0 255
0.0445415 -0.0438346 -0.0812905 0 0 255
0.0445538 -0.0422818 -0.0811301 0 0 255
0.0440728 -0.0406947 -0.0814379 0 0 255
0.0443317 -0.0391598 -0.0810437 0 0 255
0.0440974 -0.0375922 -0.0811176 0 0 255
0.0441097 -0.0360408 -0.0809575 0 0 255
0.0441221 -0.0344895 -0.0807972 0 0 255
0.0443810 -0.0329513 -0.0804026 0 0 255
0.0441467 -0.0313868 -0.0804769 0 0 255
0.0444056 -0.0298469 -0.0800821 0 0 255
0.0441713 -0.0282839 -0.0801565 0 0 255
0.0444302 -0.0267425 -0.0797616 0 0 255
0.0446893 -0.0251995 -0.0793664 0 0 255
0.0447016 -0.0236464 -0.0792060 0 0 255
0.0452085 -0.0221087 -0.0785745 0 0 255
0.0452208 -0.0205540 -0.0784140 0 0 255
0.0452331 -0.0189993 -0.0782535 0 0 255
0.0459891 -0.0174605 -0.0773838 0 0 255
0.0460015 -0.0159034 -0.0772230 0 0 255
0.0457656 -0.0143426 -0.0772991 0 0 255
0.0452824 -0.0127803 -0.0776114 0 0 255
0.0452947 -0.0112255 -0.0774509 0 0 255
0.0448124 -0.0096680 -0.0777628 0 0 255
0.0431015 -0.0081109 -0.0792488 0 0 255
0.0409192 -0.0065652 -0.0811865 0 0 255
0.0406884 -0.0050254 -0.0812598 0 0 255
0.0402154 -0.0034890 -0.0815647 0 0 255
0.0399854 -0.0019530 -0.0816376 0 0 255
0.0392722 -0.0004252 -0.0821730 0 0 255
-0.0055694 0.0003513 -0.1249512 0 0 255
-0.0063506 0.0017275 -0.1255661 0 0 255
-0.0090898 0.0030530 -0.1280570 0 0 255
-0.0279880 0.0184515 -0.1446437 0 0 255
-0.0283341 0.0197487 -0.1448503 0 0 255
-0.0265345 0.0211895 -0.1429928 0 0 255
-0.0304371 0.0222357 -0.1466222 0 0 255
-0.0177119 0.0244942 -0.1342453 0 0 255
0.0278025 0.0368650 -0.0895663 0 0 255
0.0459697 0.0416750 -0.0717448 0 0 255
0.0459944 0.0447877 -0.0714234 0 0 255
0.0460067 0.0463440 -0.0712627 0 0 255
0.0460190 0.0479004 -0.0711020 0 0 255
0.0462795 0.0494856 -0.0707015 0 0 255
0.0460437 0.0510132 -0.0707806 0 0 255
0.0465526 0.0526304 -0.0701396 0 0 255
0.0463165 0.0541573 -0.0702191 0 0 255
0.0465773 0.0557465 -0.0698178 0 0 255
0.0463412 0.0572718 -0.0698975 0 0 255
0.0463535 0.0588291 -0.0697368 0 0 255
0.0461178 0.0603521 -0.0698164 0 0 255
0.0461301 0.0619087 -0.0696557 0 0 255
0.0458945 0.0634294 -0.0697354 0 0 255
0.0456591 0.0649486 -0.0698150 0 0 255
0.0454239 0.0664662 -0.0698946 0 0 255
0.0442025 0.0678303 -0.0709312 0 0 255
0.0432324 0.0692260 -0.0717248 0 0 255
0.0434899 0.0708126 -0.0713269 0 0 255
0.0432569 0.0723205 -0.0714053 0 0 255
0.0427793 0.0737860 -0.0717215 0 0 255
0.0420588 0.0752070 -0.0722741 0 0 255
0.0418272 0.0767082 -0.0723518 0 0 255
0.0408667 0.0780791 -0.0731385 0 0 255
0.0408789 0.0796187 -0.0729796 0 0 255
0.0406485 0.0811139 -0.0730567 0 0 255
0.0401763 0.0825625 -0.0733694 0 0 255
0.0404306 0.0841457 -0.0729749 0 0 255
0.0402007 0.0856372 -0.0730520 0 0 255
0.0394879 0.0870327 -0.0735996 0 0 255
0.0395001 0.0885677 -0.0734411 0 0 255
0.0390302 0.0900054 -0.0737526 0 0 255
0.0388016 0.0914895 -0.0738290 0 0 255
0.0388138 0.0930223 -0.0736708 0 0 255
0.0383483 0.0944541 -0.0739786 0 0 255
0.0378808 0.0958823 -0.0742888 0 0 255
0.0376534 0.0973599 -0.0743647 0 0 255
0.0376655 0.0988890 -0.0742068 0 0 255
0.0374383 0.1003643 -0.0742828 0 0 255
0.0374504 0.1018927 -0.0741250 0 0 255
0.0369847 0.1033108 -0.0744344 0 0 255
0.0367582 0.1047818 -0.0745101 0 0 255
0.0370089 0.1063645 -0.0741191 0 0 255
0.0372598 0.1079487 -0.0737278 0 0 255
0.0372720 0.1094764 -0.0735700 0 0 255
0.0375232 0.1110630 -0.0731781 0 0 255
0.0370574 0.1124721 -0.0734884 0 0 255
0.0373083 0.1140595 -0.0730968 0 0 255
0.0377989 0.1157098 -0.0724701 0 0 255
0.0373325 0.1171150 -0.0727813 0 0 255
0.0375837 0.1187055 -0.0723891 0 0 255
0.0375958 0.1202341 -0.0722313 0 0 255
0.0376080 0.1217626 -0.0720734 0 0 255
0.0376201 0.1232912 -0.0719157 0 0 255
0.0378716 0.1248857 -0.0715227 0 0 255
0.0383632 0.1265487 -0.0708939 0 0 255
0.0381355 0.1280121 -0.0709715 0 0 255
0.0383874 0.1296106 -0.0705777 0 0 255
0.0388801 0.1312800 -0.0699472 0 0 255
0.0388922 0.1328125 -0.0697890 0 0 255
0.0389043 0.1343451 -0.0696308 0 0 255
0.0391571 0.1359493 -0.0692358 0 0 255
0.0389286 0.1374103 -0.0693143 0 0 255
0.0396634 0.1391625 -0.0684445 0 0 255
0.0396755 0.1406975 -0.0682861 0 0 255
0.0396877 0.1422324 -0.0681276 0 0 255
0.0401829 0.1439188 -0.0674931 0 0 255
0.0404369 0.1455320 -0.0670959 0 0 255
0.0404491 0.1470693 -0.0669372 0 0 255
0.0409458 0.1487632 -0.0663005 0 0 255
0.0409580 0.1503022 -0.0661416 0 0 255
0.0416988 0.1520811 -0.0652635 0 0 255
0.0419543 0.1537033 -0.0648641 0 0 255
0.0419666 0.1552454 -0.0647048 0 0 255
0.0422224 0.1568701 -0.0643049 0 0 255
0.0429670 0.1586636 -0.0634218 0 0 255
0.0429792 0.1602089 -0.0632622 0 0 255
0.0434810 0.1619247 -0.0626186 0 0 255
0.0434932 0.1634716 -0.0624589 0 0 255
0.0437507 0.1651055 -0.0620565 0 0 255
0.0447460 0.1670052 -0.0609236 0 0 255
0.0445121 0.1684671 -0.0610072 0 0 255
0.0447705 0.1701069 -0.0606034 0 0 255
0.0450293 0.1717484 -0.0601991 0 0 255
0.0452882 0.1733915 -0.0597944 0 0 255
0.0453005 0.1749440 -0.0596341 0 0 255
0.0453129 0.1764965 -0.0594738 0 0 255
0.0458193 0.1782370 -0.0588234 0 0 255
0.0460790 0.1798860 -0.0584174 0 0 255
0.0463390 0.1815367 -0.0580110 0 0 255
0.0466085 0.1847445 -0.0574465 0 0 255
0.0468691 0.1863994 -0.0570392 0 0 255
0.0468814 0.1879568 -0.0568784 0 0 255
0.0473909 0.1897144 -0.0562234 0 0 255
0.0479015 0.1914755 -0.0555669 0 0 255
0.0481634 0.1931382 -0.0551576 0 0 255
0.0489259 0.1950088 -0.0542500 0 0 255
0.0501935 0.1970940 -0.0528390 0 0 255
0.0504578 0.1987673 -0.0524264 0 0 255
0.0499668 0.2001237 -0.0527658 0 0 255
0.0499793 0.2016908 -0.0526040 0 0 255
0.0499917 0.2032579 -0.0524423 0 0 255
0.0497527 0.2047167 -0.0525310 0 0 255
0.0500165 0.2063922 -0.0521187 0 0 255
0.0492756 0.2076298 -0.0527083 0 0 255
0.0492880 0.2091946 -0.0525467 0 0 255
0.0485525 0.2104274 -0.0531316 0 0 255
0.0478161 0.2116551 -0.0537179 0 0 255
0.0473306 0.2129909 -0.0540541 0 0 255
0.0473429 0.2145494 -0.0538932 0 0 255
0.0466102 0.2157678 -0.0544769 0 0 255
0.0458798 0.2169825 -0.0550587 0 0 255
0.0451516 0.2181934 -0.0556387 0 0 255
0.0446715 0.2195154 -0.0559710 0 0 255
0.0441923 0.2208347 -0.0563027 0 0 255
0.0437141 0.2221512 -0.0566338 0 0 255
0.0425044 0.2231168 -0.0576974 0 0 255
0.0425167 0.2246598 -0.0575381 0 0 255
0.0420418 0.2259680 -0.0578667 0 0 255
0.0413253 0.2271558 -0.0584378 0 0 255
0.0408528 0.2284582 -0.0587648 0 0 255
0.0406231 0.2298770 -0.0588486 0 0 255
0.0396698 0.2309362 -0.0596582 0 0 255
0.0382440 0.2317540 -0.0609425 0 0 255
0.0377778 0.2330435 -0.0612648 0 0 255
0.0377898 0.2345712 -0.0611070 0 0 255
0.0378020 0.2360990 -0.0609493 0 0 255
0.0375752 0.2375048 -0.0610315 0 0 255
0.0373487 0.2389092 -0.0611136 0 0 255
0.0375994 0.2405589 -0.0607162 0 0 255
0.0378504 0.2422102 -0.0603184 0 0 255
0.0381016 0.2438633 -0.0599201 0 0 255
0.0381137 0.2453919 -0.0597623 0 0 255
0.0386049 0.2471743 -0.0591224 0 0 255
0.0386169 0.2487045 -0.0589645 0 0 255
0.0386291 0.2502348 -0.0588064 0 0 255
0.0393616 0.2521535 -0.0579229 0 0 255
0.0391334 0.2535557 -0.0580068 0 0 255
0.0391455 0.2550875 -0.0578486 0 0 255
0.0393980 0.2567512 -0.0574482 0 0 255
0.0401327 0.2586827 -0.0565613 0 0 255
0.0401449 0.2602177 -0.0564028 0 0 255
0.0406400 0.2620223 -0.0557570 0 0 255
0.0406522 0.2635588 -0.0555983 0 0 255
0.0418761 0.2657796 -0.0542162 0 0 255
0.0423747 0.2675962 -0.0535659 0 0 255
0.0421437 0.2689993 -0.0536525 0 0 255
0.0426428 0.2708201 -0.0530013 0 0 255
0.0443762 0.2748978 -0.0509547 0 0 255
0.0490974 0.2791947 -0.0460317 0 0 255
0.0672350 -0.0963007 -0.0623601 0 0 255
0.0653559 -0.0943454 -0.0639772 0 0 255
0.0650996 -0.0926767 -0.0640636 0 0 255
0.0635036 -0.0907874 -0.0654152 0 0 255
0.0624495 -0.0889965 -0.0662560 0 0 255
0.0600812 -0.0870029 -0.0683390 0 0 255
0.0590415 -0.0852322 -0.0691679 0 0 255
0.0585296 -0.0835490 -0.0694984 0 0 255
0.0569750 -0.0817129 -0.0708153 0 0 255
0.0551716 -0.0798503 -0.0723686 0 0 255
0.0546677 -0.0781858 -0.0726931 0 0 255
0.0536506 -0.0764526 -0.0735039 0 0 255
0.0513617 -0.0745516 -0.0755196 0 0 255
0.0511199 -0.0729395 -0.0755976 0 0 255
0.0498643 -0.0711965 -0.0766364 0 0 255
0.0481155 -0.0693987 -0.0781434 0 0 255
0.0478769 -0.0677999 -0.0782196 0 0 255
0.0471377 -0.0661420 -0.0787707 0 0 255
0.0464008 -0.0644892 -0.0793201 0 0 255
0.0464132 -0.0629271 -0.0791588 0 0 255
0.0459273 -0.0613095 -0.0794706 0 0 255
0.0456909 -0.0597220 -0.0795457 0 0 255
0.0454548 -0.0581362 -0.0796207 0 0 255
0.0447231 -0.0565014 -0.0801668 0 0 255
0.0447355 -0.0549448 -0.0800061 0 0 255
0.0442530 -0.0533409 -0.0803159 0 0 255
0.0440183 -0.0517631 -0.0803903 0 0 255
0.0437838 -0.0501868 -0.0804646 0 0 255
0.0437962 -0.0486333 -0.0803042 0 0 255
0.0438085 -0.0470797 -0.0801438 0 0 255
0.0433280 -0.0454870 -0.0804528 0 0 255
0.0433403 -0.0439350 -0.0802925 0 0 255
0.0431065 -0.0423650 -0.0803668 0 0 255
0.0433649 -0.0408309 -0.0799721 0 0 255
0.0431311 -0.0392624 -0.0800465 0 0 255
0.0433895 -0.0377267 -0.0796515 0 0 255
0.0431557 -0.0361598 -0.0797261 0 0 255
0.0434141 -0.0346224 -0.0793310 0 0 255
0.0436727 -0.0330835 -0.0789355 0 0 255
0.0436850 -0.0315305 -0.0787752 0 0 255
0.0436973 -0.0299775 -0.0786148 0 0 255
0.0437096 -0.0284245 -0.0784545 0 0 255
0.0437219 -0.0268715 -0.0782941 0 0 255
0.0439809 -0.0253277 -0.0778978 0 0 255
0.0437465 -0.0237654 -0.0779734 0 0 255
0.0444995 -0.0222355 -0.0771041 0 0 255
0.0442647 -0.0206730 -0.0771801 0 0 255
0.0445242 -0.0191245 -0.0767829 0 0 255
0.0447839 -0.0175743 -0.0763853 0 0 255
0.0447962 -0.0160180 -0.0762246 0 0 255
0.0448085 -0.0144616 -0.0760639 0 0 255
0.0445735 -0.0129023 -0.0761405 0 0 255
0.0440917 -0.0113423 -0.0764538 0 0 255
0.0433647 -0.0097840 -0.0770027 0 0 255
0.0431310 -0.0082317 -0.0770786 0 0 255
0.0397291 -0.0066832 -0.0801966 0 0 255
0.0392571 -0.0051450 -0.0805026 0 0 255
0.0385448 -0.0036117 -0.0810399 0 0 255
0.0383159 -0.0020780 -0.0811130 0 0 255
-0.0060401 -0.0011419 -0.1236091 0 0 255
-0.0107344 0.0001729 -0.1279903 0 0 255
-0.0107276 0.0015512 -0.1278520 0 0 255
-0.0130294 0.0028761 -0.1299352 0 0 255
-0.0266306 0.0211373 -0.1412469 0 0 255
-0.0294795 0.0222612 -0.1438746 0 0 255
-0.0312337 0.0234481 -0.1454452 0 0 255
-0.0290929 0.0262441 -0.1431225 0 0 255
0.0460265 0.0447743 -0.0692289 0 0 255
0.0462876 0.0463611 -0.0688265 0 0 255
0.0462999 0.0479215 -0.0686654 0 0 255
0.0455702 0.0493958 -0.0692250 0 0 255
0.0458430 0.0525422 -0.0686621 0 0 255
0.0458554 0.0541011 -0.0685011 0 0 255
0.0453715 0.0555961 -0.0688227 0 0 255
0.0458800 0.0572188 -0.0681792 0 0 255
0.0456442 0.0587442 -0.0682598 0 0 255
0.0459047 0.0603367 -0.0678573 0 0 255
0.0456689 0.0618605 -0.0679380 0 0 255
0.0454332 0.0633828 -0.0680187 0 0 255
0.0466881 0.0651239 -0.0666474 0 0 255
0.0454579 0.0664976 -0.0676970 0 0 255
0.0432495 0.0677125 -0.0697012 0 0 255
0.0432617 0.0692629 -0.0695411 0 0 255
0.0427832 0.0707344 -0.0698597 0 0 255
0.0420612 0.0721629 -0.0704163 0 0 255
0.0418291 0.0736686 -0.0704951 0 0 255
0.0415973 0.0751728 -0.0705738 0 0 255
0.0413658 0.0766755 -0.0706524 0 0 255
0.0406481 0.0780908 -0.0712061 0 0 255
0.0399325 0.0795018 -0.0717581 0 0 255
0.0397026 0.0809971 -0.0718358 0 0 255
0.0394729 0.0824909 -0.0719135 0 0 255
0.0394851 0.0840290 -0.0717546 0 0 255
0.0397392 0.0856137 -0.0713592 0 0 255
0.0392678 0.0870579 -0.0716735 0 0 255
0.0387974 0.0884992 -0.0719874 0 0 255
0.0385686 0.0899864 -0.0720647 0 0 255
0.0380997 0.0914227 -0.0723776 0 0 255
0.0381118 0.0929562 -0.0722193 0 0 255
0.0371676 0.0942873 -0.0729985 0 0 255
0.0374192 0.0958693 -0.0726056 0 0 255
0.0369526 0.0972962 -0.0729172 0 0 255
0.0369647 0.0988261 -0.0727592 0 0 255
0.0364990 0.1002486 -0.0730703 0 0 255
0.0365111 0.1017770 -0.0729125 0 0 255
0.0362846 0.1032502 -0.0729890 0 0 255
0.0362967 0.1047778 -0.0728313 0 0 255
0.0360705 0.1062489 -0.0729077 0 0 255
0.0363209 0.1078331 -0.0725158 0 0 255
0.0363330 0.1093608 -0.0723580 0 0 255
0.0363451 0.1108885 -0.0722003 0 0 255
0.0361189 0.1123566 -0.0722771 0 0 255
0.0363693 0.1139439 -0.0718848 0 0 255
0.0363814 0.1154716 -0.0717271 0 0 255
0.0366322 0.1170614 -0.0713343 0 0 255
0.0368831 0.1186527 -0.0709412 0 0 255
0.0368953 0.1201820 -0.0707833 0 0 255
0.0371465 0.1217758 -0.0703896 0 0 255
0.0371586 0.1233059 -0.0702316 0 0 255
0.0369316 0.1247702 -0.0703095 0 0 255
0.0371829 0.1263663 -0.0699157 0 0 255
0.0376740 0.1280315 -0.0692848 0 0 255
0.0376861 0.1295633 -0.0691267 0 0 255
0.0381783 0.1312335 -0.0684944 0 0 255
0.0384308 0.1328369 -0.0680986 0 0 255
0.0386836 0.1344419 -0.0677024 0 0 255
0.0386958 0.1359768 -0.0675439 0 0 255
0.0384673 0.1374393 -0.0676234 0 0 255
0.0384794 0.1389734 -0.0674650 0 0 255
0.0389731 0.1406557 -0.0668301 0 0 255
0.0392264 0.1422664 -0.0664329 0 0 255
0.0392386 0.1438029 -0.0662743 0 0 255
0.0394921 0.1454160 -0.0658765 0 0 255
0.0397460 0.1470308 -0.0654783 0 0 255
0.0402422 0.1487255 -0.0648398 0 0 255
0.0402544 0.1502652 -0.0646808 0 0 255
0.0405090 0.1518849 -0.0642815 0 0 255
0.0407639 0.1535062 -0.0638817 0 0 255
0.0412621 0.1552110 -0.0632403 0 0 255
0.0417613 0.1569191 -0.0625976 0 0 255
0.0420175 0.1585472 -0.0621960 0 0 255
0.0422738 0.1601769 -0.0617940 0 0 255
0.0425305 0.1618082 -0.0613916 0 0 255
0.0425427 0.1633551 -0.0612319 0 0 255
0.0432897 0.1651631 -0.0603418 0 0 255
0.0433019 0.1667123 -0.0601819 0 0 255
0.0435596 0.1683504 -0.0597778 0 0 255
0.0435719 0.1699005 -0.0596177 0 0 255
0.0438299 0.1715410 -0.0592132 0 0 255
0.0440881 0.1731832 -0.0588082 0 0 255
0.0443465 0.1748271 -0.0584028 0 0 255
0.0443588 0.1763797 -0.0582425 0 0 255
0.0448643 0.1781200 -0.0575908 0 0 255
0.0448766 0.1796742 -0.0574303 0 0 255
0.0458875 0.1831676 -0.0561256 0 0 255
0.0458998 0.1847249 -0.0559649 0 0 255
0.0459121 0.1862823 -0.0558041 0 0 255
0.0461725 0.1879389 -0.0553957 0 0 255
0.0466815 0.1896974 -0.0547387 0 0 255
0.0476904 0.1916621 -0.0535822 0 0 255
0.0479526 0.1933274 -0.0531712 0 0 255
0.0487159 0.1952012 -0.0522591 0 0 255
0.0497332 0.1971854 -0.0510927 0 0 255
0.0494940 0.1986494 -0.0511823 0 0 255
0.0500099 0.2004308 -0.0505166 0 0 255
0.0500223 0.2020011 -0.0503545 0 0 255
0.0500348 0.2035715 -0.0501923 0 0 255
0.0497953 0.2050331 -0.0502824 0 0 255
0.0495561 0.2064932 -0.0503724 0 0 255
0.0495685 0.2080620 -0.0502105 0 0 255
0.0490784 0.2094090 -0.0505522 0 0 255
0.0485894 0.2107533 -0.0508931 0 0 255
0.0478545 0.2119844 -0.0514809 0 0 255
0.0471189 0.2132104 -0.0520699 0 0 255
0.0468824 0.2146583 -0.0521585 0 0 255
0.0459018 0.2157644 -0.0529941 0 0 255
0.0456665 0.2172073 -0.0530820 0 0 255
0.0451844 0.2185343 -0.0534180 0 0 255
0.0444568 0.2197435 -0.0540008 0 0 255
0.0434862 0.2208338 -0.0548285 0 0 255
0.0430084 0.2221511 -0.0551612 0 0 255
0.0422875 0.2233495 -0.0557387 0 0 255
0.0418122 0.2246609 -0.0560696 0 0 255
0.0413378 0.2259698 -0.0563999 0 0 255
0.0408644 0.2272761 -0.0567295 0 0 255
0.0406341 0.2286982 -0.0568145 0 0 255
0.0396789 0.2297619 -0.0576299 0 0 255
0.0387275 0.2308213 -0.0584420 0 0 255
0.0377831 0.2318781 -0.0592476 0 0 255
0.0368392 0.2329291 -0.0600533 0 0 255
0.0370900 0.2345774 -0.0596549 0 0 255
0.0371021 0.2361059 -0.0594971 0 0 255
0.0368755 0.2375124 -0.0595801 0 0 255
0.0364111 0.2387950 -0.0599033 0 0 255
0.0368997 0.2405681 -0.0592646 0 0 255
0.0369118 0.2420960 -0.0591068 0 0 255
0.0369239 0.2436238 -0.0589491 0 0 255
0.0371747 0.2452776 -0.0585501 0 0 255
0.0376648 0.2470599 -0.0579091 0 0 255
0.0376770 0.2485901 -0.0577511 0 0 255
0.0381682 0.2503776 -0.0571085 0 0 255
0.0384201 0.2520389 -0.0567077 0 0 255
0.0381924 0.2534412 -0.0567922 0 0 255
0.0382046 0.2549731 -0.0566340 0 0 255
0.0382167 0.2565049 -0.0564758 0 0 255
0.0387089 0.2583022 -0.0558314 0 0 255
0.0389614 0.2599692 -0.0554295 0 0 255
0.0394551 0.2617727 -0.0547830 0 0 255
0.0399498 0.2635798 -0.0541352 0 0 255
0.0406876 0.2655275 -0.0532406 0 0 255
0.0411848 0.2673430 -0.0525896 0 0 255
0.0414398 0.2690232 -0.0521840 0 0 255
0.0461226 0.2748009 -0.0471355 0 0 255
0.0560009 0.2836752 -0.0368027 0 0 255
0.0614882 0.2884815 -0.0310748 0 0 255
0.0659621 -0.0963785 -0.0613232 0 0 255
0.0638205 -0.0943775 -0.0631976 0 0 255
0.0627629 -0.0925744 -0.0640453 0 0 255
0.0619758 -0.0908231 -0.0646370 0 0 255
0.0611913 -0.0890774 -0.0652268 0 0 255
0.0593565 -0.0871687 -0.0668140 0 0 255
0.0583177 -0.0853967 -0.0676466 0 0 255
0.0575447 -0.0836722 -0.0682273 0 0 255
0.0562532 -0.0818748 -0.0693011 0 0 255
0.0547098 -0.0800487 -0.0706152 0 0 255
0.0536905 -0.0783080 -0.0714320 0 0 255
0.0526753 -0.0765745 -0.0722454 0 0 255
0.0514092 -0.0748131 -0.0732982 0 0 255
0.0501496 -0.0730608 -0.0743455 0 0 255
0.0488965 -0.0713174 -0.0753875 0 0 255
0.0471512 -0.0695192 -0.0768991 0 0 255
0.0469131 -0.0679203 -0.0769758 0 0 255
0.0461754 -0.0662622 -0.0775288 0 0 255
0.0459383 -0.0646682 -0.0776051 0 0 255
0.0452036 -0.0630185 -0.0781560 0 0 255
0.0449674 -0.0614294 -0.0782318 0 0 255
0.0444836 -0.0598149 -0.0785442 0 0 255
0.0442481 -0.0582297 -0.0786197 0 0 255
0.0435187 -0.0565957 -0.0791671 0 0 255
0.0435310 -0.0550398 -0.0790064 0 0 255
0.0430501 -0.0534367 -0.0793170 0 0 255
0.0430624 -0.0518824 -0.0791565 0 0 255
0.0430747 -0.0503281 -0.0789960 0 0 255
0.0428407 -0.0487525 -0.0790711 0 0 255
0.0426069 -0.0471785 -0.0791461 0 0 255
0.0423734 -0.0456061 -0.0792209 0 0 255
0.0426315 -0.0440728 -0.0788254 0 0 255
0.0423980 -0.0425020 -0.0789004 0 0 255
0.0424103 -0.0409499 -0.0787401 0 0 255
0.0424226 -0.0393978 -0.0785798 0 0 255
0.0424349 -0.0378457 -0.0784196 0 0 255
0.0426930 -0.0363084 -0.0780236 0 0 255
0.0424595 -0.0347414 -0.0780990 0 0 255
0.0429637 -0.0332158 -0.0774668 0 0 255
0.0427299 -0.0316495 -0.0775425 0 0 255
0.0427422 -0.0300965 -0.0773822 0 0 255
0.0430006 -0.0285544 -0.0769854 0 0 255
0.0430129 -0.0270006 -0.0768250 0 0 255
0.0432716 -0.0254561 -0.0764278 0 0 255
0.0430376 -0.0238929 -0.0765041 0 0 255
0.0432962 -0.0223468 -0.0761067 0 0 255
0.0433086 -0.0207921 -0.0759462 0 0 255
0.0438145 -0.0192498 -0.0753108 0 0 255
0.0433332 -0.0176826 -0.0756251 0 0 255
0.0435969 -0.0161325 -0.0752226 0 0 255
0.0433626 -0.0145731 -0.0752994 0 0 255
0.0433749 -0.0130183 -0.0751389 0 0 255
0.0431360 -0.0114611 -0.0752204 0 0 255
0.0429021 -0.0099056 -0.0752973 0 0 255
0.0424275 -0.0083510 -0.0756064 0 0 255
0.0380623 -0.0068013 -0.0796687 0 0 255
0.0385573 -0.0052618 -0.0790440 0 0 255
-0.0108384 -0.0040621 -0.1265741 0 0 255
-0.0127630 -0.0027008 -0.1283003 0 0 255
-0.0123664 -0.0013211 -0.1277858 0 0 255
-0.0127412 0.0000484 -0.1280164 0 0 255
-0.0146458 0.0013853 -0.1297256 0 0 255
-0.0316917 0.0233740 -0.1440648 0 0 255
-0.0306126 0.0260864 -0.1427645 0 0 255
-0.0291825 0.0275224 -0.1412478 0 0 255
0.0372605 0.0438261 -0.0756012 0 0 255
0.0455891 0.0478307 -0.0671849 0 0 255
0.0446123 0.0492773 -0.0679888 0 0 255
0.0448846 0.0524236 -0.0674252 0 0 255
0.0448970 0.0539825 -0.0672642 0 0 255
0.0451573 0.0555733 -0.0668610 0 0 255
0.0449217 0.0571003 -0.0669423 0 0 255
0.0461858 0.0603896 -0.0654085 0 0 255
0.0543035 0.0630994 -0.0573194 0 0 255
0.0686332 0.0683929 -0.0429915 0 0 255
0.0730457 0.0706926 -0.0385155 0 0 255
0.0730588 0.0723416 -0.0383452 0 0 255
0.0430452 0.0692611 -0.0675894 0 0 255
0.0425662 0.0707349 -0.0679105 0 0 255
0.0413545 0.0720855 -0.0689501 0 0 255
0.0406353 0.0735106 -0.0695075 0 0 255
0.0406476 0.0750555 -0.0693480 0 0 255
0.0406598 0.0766005 -0.0691885 0 0 255
0.0404287 0.0781025 -0.0692677 0 0 255
0.0397124 0.0795157 -0.0698235 0 0 255
0.0392402 0.0809689 -0.0701401 0 0 255
0.0390105 0.0824642 -0.0702187 0 0 255
0.0387810 0.0839581 -0.0702971 0 0 255
0.0387932 0.0854970 -0.0701382 0 0 255
0.0388054 0.0870359 -0.0699793 0 0 255
0.0378533 0.0883828 -0.0707689 0 0 255
0.0378655 0.0899187 -0.0706102 0 0 255
0.0376372 0.0914051 -0.0706883 0 0 255
0.0374092 0.0928901 -0.0707663 0 0 255
0.0369416 0.0943228 -0.0710803 0 0 255
0.0364780 0.0957533 -0.0713907 0 0 255
0.0362510 0.0972325 -0.0714681 0 0 255
0.0360244 0.0987102 -0.0715455 0 0 255
0.0360365 0.1002400 -0.0713875 0 0 255
0.0358101 0.1017155 -0.0714648 0 0 255
0.0355838 0.1031896 -0.0715421 0 0 255
0.0358342 0.1047738 -0.0711491 0 0 255
0.0356079 0.1062464 -0.0712265 0 0 255
0.0356201 0.1077748 -0.0710687 0 0 255
0.0353940 0.1092452 -0.0711461 0 0 255
0.0354061 0.1107729 -0.0709884 0 0 255
0.0358948 0.1124199 -0.0703596 0 0 255
0.0359069 0.1139491 -0.0702017 0 0 255
0.0356805 0.1154172 -0.0702796 0 0 255
0.0361697 0.1170697 -0.0696498 0 0 255
0.0361818 0.1185998 -0.0694917 0 0 255
0.0361940 0.1201300 -0.0693337 0 0 255
0.0362061 0.1216601 -0.0691758 0 0 255
0.0362182 0.1231903 -0.0690178 0 0 255
0.0362303 0.1247204 -0.0688598 0 0 255
0.0371995 0.1265178 -0.0677530 0 0 255
0.0372117 0.1280510 -0.0675947 0 0 255
0.0372238 0.1295843 -0.0674364 0 0 255
0.0372359 0.1311176 -0.0672781 0 0 255
0.0374880 0.1327210 -0.0668816 0 0 255
0.0375001 0.1342551 -0.0667232 0 0 255
0.0377524 0.1358609 -0.0663263 0 0 255
0.0382456 0.1375409 -0.0656900 0 0 255
0.0380172 0.1390041 -0.0657704 0 0 255
0.0382700 0.1406139 -0.0653727 0 0 255
0.0385231 0.1422254 -0.0649745 0 0 255
0.0387764 0.1438385 -0.0645759 0 0 255
0.0390300 0.1454533 -0.0641769 0 0 255
0.0385596 0.1468374 -0.0644982 0 0 255
0.0388129 0.1484529 -0.0640994 0 0 255
0.0390665 0.1500700 -0.0637002 0 0 255
0.0398045 0.1518487 -0.0628183 0 0 255
0.0398166 0.1533900 -0.0626592 0 0 255
0.0400713 0.1550130 -0.0622584 0 0 255
0.0400835 0.1565551 -0.0620992 0 0 255
0.0408244 0.1583472 -0.0612131 0 0 255
0.0408367 0.1598917 -0.0610536 0 0 255
0.0415799 0.1616917 -0.0601646 0 0 255
0.0418363 0.1633247 -0.0597612 0 0 255
0.0418486 0.1648724 -0.0596013 0 0 255
0.0423499 0.1665957 -0.0589530 0 0 255
0.0428523 0.1683225 -0.0583034 0 0 255
0.0426194 0.1697838 -0.0583882 0 0 255
0.0428768 0.1714243 -0.0579830 0 0 255
0.0431345 0.1730664 -0.0575774 0 0 255
0.0433925 0.1747103 -0.0571714 0 0 255
0.0434048 0.1762629 -0.0570111 0 0 255
0.0439093 0.1780031 -0.0563581 0 0 255
0.0444271 0.1813027 -0.0555432 0 0 255
0.0451903 0.1847054 -0.0544816 0 0 255
0.0454504 0.1863620 -0.0540724 0 0 255
0.0459590 0.1881197 -0.0534137 0 0 255
0.0467177 0.1899816 -0.0525039 0 0 255
0.0474787 0.1918493 -0.0515913 0 0 255
0.0479915 0.1936199 -0.0509274 0 0 255
0.0490078 0.1956019 -0.0497576 0 0 255
0.0492718 0.1972769 -0.0493428 0 0 255
0.0495362 0.1989538 -0.0489275 0 0 255
0.0498008 0.2006324 -0.0485117 0 0 255
0.0495611 0.2020977 -0.0486028 0 0 255
0.0493216 0.2035616 -0.0486938 0 0 255
0.0495859 0.2052417 -0.0482782 0 0 255
0.0493464 0.2067040 -0.0483693 0 0 255
0.0493589 0.2082752 -0.0482071 0 0 255
0.0486171 0.2095131 -0.0488043 0 0 255
0.0486295 0.2110820 -0.0486422 0 0 255
0.0471435 0.2119790 -0.0499898 0 0 255
0.0466574 0.2133179 -0.0503307 0 0 255
0.0461722 0.2146542 -0.0506709 0 0 255
0.0456881 0.2159878 -0.0510103 0 0 255
0.0452049 0.2173187 -0.0513491 0 0 255
0.0442293 0.2184177 -0.0521851 0 0 255
0.0435032 0.2196272 -0.0527698 0 0 255
0.0430244 0.2209483 -0.0531052 0 0 255
0.0427916 0.2223830 -0.0531927 0 0 255
0.0418257 0.2234663 -0.0540207 0 0 255
0.0418379 0.2250132 -0.0538610 0 0 255
0.0411191 0.2262066 -0.0544402 0 0 255
0.0406452 0.2275146 -0.0547723 0 0 255
0.0396881 0.2285828 -0.0555933 0 0 255
0.0397002 0.2301228 -0.0554343 0 0 255
0.0387469 0.2311837 -0.0562524 0 0 255
0.0370817 0.2318829 -0.0577917 0 0 255
0.0366158 0.2331742 -0.0581176 0 0 255
0.0361509 0.2344630 -0.0584428 0 0 255
0.0359248 0.2358703 -0.0585263 0 0 255
0.0359370 0.2373981 -0.0583686 0 0 255
0.0361872 0.2390487 -0.0579693 0 0 255
0.0361994 0.2405773 -0.0578115 0 0 255
0.0364499 0.2422304 -0.0574118 0 0 255
0.0364620 0.2437598 -0.0572538 0 0 255
0.0371909 0.2456678 -0.0563684 0 0 255
0.0369639 0.2470725 -0.0564530 0 0 255
0.0367370 0.2484758 -0.0565376 0 0 255
0.0374666 0.2503918 -0.0556506 0 0 255
0.0374787 0.2519244 -0.0554924 0 0 255
0.0372515 0.2533268 -0.0555775 0 0 255
0.0372636 0.2548586 -0.0554194 0 0 255
0.0375152 0.2565223 -0.0550177 0 0 255
0.0375273 0.2580550 -0.0548594 0 0 255
0.0382592 0.2599884 -0.0539685 0 0 255
0.0389934 0.2619277 -0.0530750 0 0 255
0.0448700 0.2683171 -0.0467957 0 0 255
0.0483644 0.2718565 -0.0430867 0 0 255
0.0516554 0.2753015 -0.0395830 0 0 255
0.0568080 0.2814268 -0.0340274 0 0 255
0.0599508 0.2848438 -0.0306692 0 0 255
0.0604891 0.2867558 -0.0299672 0 0 255
0.0612921 0.2888271 -0.0289946 0 0 255
0.0646906 -0.0964562 -0.0602874 0 0 255
0.0620214 -0.0943633 -0.0626739 0 0 255
0.0633717 -0.0929722 -0.0612324 0 0 255
0.0607165 -0.0909031 -0.0636077 0 0 255
0.0599343 -0.0891582 -0.0641988 0 0 255
0.0581051 -0.0872501 -0.0657889 0 0 255
0.0568081 -0.0854377 -0.0668725 0 0 255
0.0562988 -0.0837552 -0.0672052 0 0 255
0.0550113 -0.0819585 -0.0682811 0 0 255
0.0537305 -0.0801712 -0.0693514 0 0 255
0.0524563 -0.0783931 -0.0704161 0 0 255
0.0519561 -0.0767327 -0.0707422 0 0 255
0.0509461 -0.0750051 -0.0715557 0 0 255
0.0496864 -0.0732504 -0.0726086 0 0 255
0.0484332 -0.0715048 -0.0736561 0 0 255
0.0461870 -0.0696397 -0.0756546 0 0 255
0.0459493 -0.0680407 -0.0757320 0 0 255
0.0449641 -0.0663521 -0.0765253 0 0 255
0.0447277 -0.0647588 -0.0766021 0 0 255
0.0444916 -0.0631672 -0.0766788 0 0 255
0.0437598 -0.0615214 -0.0772305 0 0 255
0.0435247 -0.0599346 -0.0773067 0 0 255
0.0430427 -0.0583233 -0.0776197 0 0 255
0.0428083 -0.0567405 -0.0776956 0 0 255
0.0425740 -0.0551593 -0.0777714 0 0 255
0.0418482 -0.0535324 -0.0783192 0 0 255
0.0421063 -0.0520017 -0.0779228 0 0 255
0.0418729 -0.0504253 -0.0779983 0 0 255
0.0418851 -0.0488717 -0.0778379 0 0 255
0.0414065 -0.0472772 -0.0781493 0 0 255
0.0414188 -0.0457251 -0.0779890 0 0 255
0.0414311 -0.0441731 -0.0778287 0 0 255
0.0411983 -0.0426029 -0.0779042 0 0 255
0.0414557 -0.0410689 -0.0775082 0 0 255
0.0414680 -0.0395168 -0.0773479 0 0 255
0.0412351 -0.0379490 -0.0774237 0 0 255
0.0417379 -0.0364275 -0.0767910 0 0 255
0.0417502 -0.0348745 -0.0766307 0 0 255
0.0417625 -0.0333215 -0.0764703 0 0 255
0.0415341 -0.0317562 -0.0765420 0 0 255
0.0417871 -0.0302155 -0.0761496 0 0 255
0.0420497 -0.0286737 -0.0757476 0 0 255
0.0420573 -0.0271196 -0.0755917 0 0 255
0.0423155 -0.0255752 -0.0751939 0 0 255
0.0423278 -0.0240205 -0.0750334 0 0 255
0.0423449 -0.0224659 -0.0748682 0 0 255
0.0423572 -0.0209112 -0.0747077 0 0 255
0.0423695 -0.0193565 -0.0745471 0 0 255
0.0423770 -0.0178016 -0.0743912 0 0 255
0.0426403 -0.0162516 -0.0739879 0 0 255
0.0428990 -0.0146999 -0.0735888 0 0 255
0.0424187 -0.0131372 -0.0739049 0 0 255
0.0421851 -0.0115800 -0.0739824 0 0 255
0.0417062 -0.0100229 -0.0742977 0 0 255
0.0387952 -0.0084616 -0.0769692 0 0 255
0.0359163 -0.0069191 -0.0796116 0 0 255
-0.0105312 -0.0055445 -0.1244893 0 0 255
-0.0136192 -0.0041805 -0.1273513 0 0 255
-0.0143761 -0.0028134 -0.1279541 0 0 255
-0.0143652 -0.0014413 -0.1278124 0 0 255
-0.0139708 -0.0000629 -0.1272984 0 0 255
-0.0151086 0.0012882 -0.1282718 0 0 255
-0.0352558 0.0269812 -0.1453391 0 0 255
-0.0102133 0.0346148 -0.1203423 0 0 255
0.0468848 0.0495330 -0.0635863 0 0 255
0.0479009 0.0512209 -0.0624404 0 0 255
0.0451631 0.0524563 -0.0649753 0 0 255
0.0449269 0.0539880 -0.0650577 0 0 255
0.0499581 0.0561959 -0.0599712 0 0 255
0.0584920 0.0605020 -0.0512900 0 0 255
0.0678615 0.0634019 -0.0419334 0 0 255
0.0697881 0.0653084 -0.0398842 0 0 255
0.0709011 0.0671095 -0.0386335 0 0 255
0.0711899 0.0687957 -0.0381925 0 0 255
0.0714790 0.0704837 -0.0377510 0 0 255
0.0712159 0.0720883 -0.0378525 0 0 255
0.0717814 0.0738217 -0.0371388 0 0 255
0.0720711 0.0755143 -0.0366963 0 0 255
0.0720841 0.0771634 -0.0365260 0 0 255
0.0453393 0.0743386 -0.0627127 0 0 255
0.0404278 0.0750626 -0.0674029 0 0 255
0.0399531 0.0765254 -0.0677231 0 0 255
0.0392369 0.0779424 -0.0682817 0 0 255
0.0392491 0.0794859 -0.0681223 0 0 255
0.0387768 0.0809406 -0.0684409 0 0 255
0.0390311 0.0825277 -0.0680427 0 0 255
0.0388012 0.0840246 -0.0681224 0 0 255
0.0388134 0.0855666 -0.0679632 0 0 255
0.0381006 0.0869665 -0.0685201 0 0 255
0.0378716 0.0884581 -0.0685994 0 0 255
0.0374021 0.0898995 -0.0689166 0 0 255
0.0371738 0.0913875 -0.0689956 0 0 255
0.0367057 0.0928239 -0.0693119 0 0 255
0.0362386 0.0942574 -0.0696275 0 0 255
0.0364903 0.0958426 -0.0692321 0 0 255
0.0360236 0.0972724 -0.0695476 0 0 255
0.0355609 0.0987000 -0.0698595 0 0 255
0.0353345 0.1001778 -0.0699377 0 0 255
0.0353465 0.1017084 -0.0697797 0 0 255
0.0351203 0.1031839 -0.0698578 0 0 255
0.0353708 0.1047698 -0.0694635 0 0 255
0.0349064 0.1061872 -0.0697781 0 0 255
0.0349185 0.1077164 -0.0696201 0 0 255
0.0351688 0.1093038 -0.0692259 0 0 255
0.0351808 0.1108338 -0.0690679 0 0 255
0.0351930 0.1123639 -0.0689099 0 0 255
0.0352051 0.1138939 -0.0687519 0 0 255
0.0352172 0.1154240 -0.0685939 0 0 255
0.0352293 0.1169540 -0.0684359 0 0 255
0.0354798 0.1185469 -0.0680409 0 0 255
0.0354919 0.1200778 -0.0678828 0 0 255
0.0355040 0.1216087 -0.0677247 0 0 255
0.0359937 0.1232700 -0.0670914 0 0 255
0.0360059 0.1248026 -0.0669331 0 0 255
0.0362571 0.1264019 -0.0665368 0 0 255
0.0367483 0.1280706 -0.0659012 0 0 255
0.0367605 0.1296054 -0.0657427 0 0 255
0.0367727 0.1311403 -0.0655842 0 0 255
0.0370248 0.1327453 -0.0651865 0 0 255
0.0372770 0.1343519 -0.0647885 0 0 255
0.0372892 0.1358884 -0.0646298 0 0 255
0.0375418 0.1374975 -0.0642312 0 0 255
0.0377946 0.1391082 -0.0638322 0 0 255
0.0375661 0.1405720 -0.0639137 0 0 255
0.0378190 0.1421843 -0.0635146 0 0 255
0.0378312 0.1437224 -0.0633558 0 0 255
0.0373622 0.1451076 -0.0636778 0 0 255
0.0380964 0.1468761 -0.0627972 0 0 255
0.0378676 0.1483369 -0.0628793 0 0 255
0.0381207 0.1499540 -0.0624794 0 0 255
0.0386156 0.1516525 -0.0618376 0 0 255
0.0388695 0.1532738 -0.0614366 0 0 255
0.0391236 0.1548967 -0.0610352 0 0 255
0.0396204 0.1566037 -0.0603906 0 0 255
0.0398753 0.1582308 -0.0599880 0 0 255
0.0403736 0.1599438 -0.0593414 0 0 255
0.0408730 0.1616604 -0.0586934 0 0 255
0.0408852 0.1632081 -0.0585335 0 0 255
0.0413856 0.1649297 -0.0578841 0 0 255
0.0413979 0.1664790 -0.0577241 0 0 255
0.0418992 0.1682057 -0.0570732 0 0 255
0.0419115 0.1697566 -0.0569131 0 0 255
0.0421687 0.1713979 -0.0565069 0 0 255
0.0424262 0.1730409 -0.0561003 0 0 255
0.0431849 0.1764240 -0.0550418 0 0 255
0.0431972 0.1779789 -0.0548812 0 0 255
0.0437022 0.1797236 -0.0542251 0 0 255
0.0437145 0.1812802 -0.0540643 0 0 255
0.0439736 0.1829333 -0.0536553 0 0 255
0.0444801 0.1846858 -0.0529969 0 0 255
0.0454841 0.1866393 -0.0518373 0 0 255
0.0459937 0.1884009 -0.0511750 0 0 255
0.0470039 0.1903681 -0.0500081 0 0 255
0.0472663 0.1920370 -0.0495943 0 0 255
0.0480306 0.1939136 -0.0486743 0 0 255
0.0487970 0.1957960 -0.0477516 0 0 255
0.0488095 0.1973687 -0.0475892 0 0 255
0.0495785 0.1992594 -0.0466633 0 0 255
0.0493385 0.2007277 -0.0467555 0 0 255
0.0496034 0.2024098 -0.0463380 0 0 255
0.0496158 0.2039851 -0.0461753 0 0 255
0.0493759 0.2054510 -0.0462677 0 0 255
0.0498934 0.2072458 -0.0455946 0 0 255
0.0486449 0.2082678 -0.0467068 0 0 255
0.0489091 0.2099513 -0.0462899 0 0 255
0.0481672 0.2111879 -0.0468906 0 0 255
0.0479287 0.2126457 -0.0469823 0 0 255
0.0464440 0.2135384 -0.0483357 0 0 255
0.0459583 0.2148765 -0.0486785 0 0 255
0.0454736 0.2162119 -0.0490205 0 0 255
0.0447423 0.2174302 -0.0496126 0 0 255
0.0445073 0.2188746 -0.0497023 0 0 255
0.0440256 0.2202020 -0.0500422 0 0 255
0.0432987 0.2214105 -0.0506311 0 0 255
0.0425740 0.2226155 -0.0512182 0 0 255
0.0418515 0.2238168 -0.0518034 0 0 255
0.0416194 0.2252493 -0.0518914 0 0 255
0.0413875 0.2266803 -0.0519794 0 0 255
0.0409121 0.2279912 -0.0523148 0 0 255
0.0404376 0.2292994 -0.0526495 0 0 255
0.0397216 0.2304852 -0.0532299 0 0 255
0.0390079 0.2316675 -0.0538086 0 0 255
0.0382962 0.2328463 -0.0543855 0 0 255
0.0366279 0.2335389 -0.0559359 0 0 255
0.0359265 0.2347106 -0.0565037 0 0 255
0.0354620 0.2359984 -0.0568306 0 0 255
0.0354741 0.2375278 -0.0566727 0 0 255
0.0359628 0.2393032 -0.0560294 0 0 255
0.0362136 0.2409580 -0.0556282 0 0 255
0.0359870 0.2423650 -0.0557133 0 0 255
0.0362378 0.2440215 -0.0553119 0 0 255
0.0357728 0.2453009 -0.0556402 0 0 255
0.0360233 0.2469580 -0.0552390 0 0 255
0.0362742 0.2486168 -0.0548374 0 0 255
0.0360476 0.2500201 -0.0549228 0 0 255
0.0370159 0.2520692 -0.0537886 0 0 255
0.0367886 0.2534728 -0.0538746 0 0 255
0.0368008 0.2550063 -0.0537163 0 0 255
0.0370524 0.2566717 -0.0533133 0 0 255
0.0375441 0.2584718 -0.0526647 0 0 255
0.0426604 0.2643993 -0.0471403 0 0 255
0.0521737 0.2713107 -0.0372608 0 0 255
0.0524506 0.2746197 -0.0366762 0 0 255
0.0537426 0.2769371 -0.0352027 0 0 255
0.0571130 0.2804617 -0.0315997 0 0 255
0.0581681 0.2826647 -0.0303668 0 0 255
0.0592275 0.2848769 -0.0291287 0 0 255
0.0587162 0.2861748 -0.0295000 0 0 255
0.0589908 0.2879327 -0.0290659 0 0 255
0.0595281 0.2898480 -0.0283622 0 0 255
0.0626281 -0.0947670 -0.0598552 0 0 255
0.0626410 -0.0931430 -0.0596874 0 0 255
0.0599881 -0.0910719 -0.0620721 0 0 255
0.0584151 -0.0891955 -0.0634243 0 0 255
0.0568551 -0.0873315 -0.0647649 0 0 255
0.0558226 -0.0855610 -0.0656008 0 0 255
0.0553143 -0.0838784 -0.0659348 0 0 255
0.0537707 -0.0820421 -0.0672621 0 0 255
0.0530088 -0.0803319 -0.0678403 0 0 255
0.0522493 -0.0786269 -0.0684168 0 0 255
0.0514921 -0.0769273 -0.0689915 0 0 255
0.0499724 -0.0751269 -0.0702990 0 0 255
0.0492223 -0.0734405 -0.0708681 0 0 255
0.0474645 -0.0716259 -0.0724059 0 0 255
0.0464711 -0.0699212 -0.0732102 0 0 255
0.0452351 -0.0681925 -0.0742483 0 0 255
0.0444995 -0.0665332 -0.0748057 0 0 255
0.0435183 -0.0648493 -0.0756001 0 0 255
0.0435307 -0.0632872 -0.0754387 0 0 255
0.0425534 -0.0616134 -0.0762302 0 0 255
0.0425657 -0.0600544 -0.0760692 0 0 255
0.0418384 -0.0584167 -0.0766207 0 0 255
0.0413589 -0.0568093 -0.0769339 0 0 255
0.0416170 -0.0552787 -0.0765364 0 0 255
0.0413835 -0.0536991 -0.0766127 0 0 255
0.0409050 -0.0520981 -0.0769256 0 0 255
0.0406722 -0.0505224 -0.0770017 0 0 255
0.0406845 -0.0489696 -0.0768413 0 0 255
0.0406968 -0.0474168 -0.0766810 0 0 255
0.0404642 -0.0458442 -0.0767571 0 0 255
0.0404765 -0.0442921 -0.0765968 0 0 255
0.0404935 -0.0427404 -0.0764320 0 0 255
0.0402611 -0.0411709 -0.0765082 0 0 255
0.0402734 -0.0396196 -0.0763479 0 0 255
0.0407704 -0.0380995 -0.0757188 0 0 255
0.0405427 -0.0365318 -0.0757908 0 0 255
0.0403103 -0.0349654 -0.0758673 0 0 255
0.0405672 -0.0334274 -0.0754702 0 0 255
0.0408244 -0.0318878 -0.0750727 0 0 255
0.0408367 -0.0303347 -0.0749123 0 0 255
0.0410941 -0.0287927 -0.0745143 0 0 255
0.0413518 -0.0272491 -0.0741159 0 0 255
0.0411187 -0.0256849 -0.0741934 0 0 255
0.0411310 -0.0241310 -0.0740329 0 0 255
0.0413887 -0.0225850 -0.0736342 0 0 255
0.0414010 -0.0210302 -0.0734737 0 0 255
0.0414133 -0.0194755 -0.0733131 0 0 255
0.0414256 -0.0179207 -0.0731526 0 0 255
0.0414379 -0.0163659 -0.0729920 0 0 255
0.0414502 -0.0148110 -0.0728315 0 0 255
0.0414625 -0.0132562 -0.0726709 0 0 255
0.0414748 -0.0117013 -0.0725103 0 0 255
0.0412416 -0.0101448 -0.0725886 0 0 255
0.0414994 -0.0085915 -0.0721892 0 0 255
-0.0156345 -0.0070347 -0.1276621 0 0 255
-0.0156237 -0.0056638 -0.1275205 0 0 255
-0.0167523 -0.0043002 -0.1284890 0 0 255
-0.0155911 -0.0015511 -0.1270958 0 0 255
-0.0167199 -0.0001984 -0.1280654 0 0 255
-0.0363930 0.0281564 -0.1445082 0 0 255
-0.0253849 0.0317890 -0.1334442 0 0 255
0.0538179 0.0535131 -0.0542617 0 0 255
0.0590557 0.0573717 -0.0487937 0 0 255
0.0706736 0.0621595 -0.0370257 0 0 255
0.0706867 0.0638075 -0.0368555 0 0 255
0.0704272 0.0654170 -0.0369543 0 0 255
0.0704403 0.0670641 -0.0367842 0 0 255
0.0701777 0.0686706 -0.0368862 0 0 255
0.0701908 0.0703169 -0.0367162 0 0 255
0.0699286 0.0719207 -0.0368182 0 0 255
0.0702168 0.0736096 -0.0363762 0 0 255
0.0702299 0.0752560 -0.0362061 0 0 255
0.0696927 0.0768121 -0.0365803 0 0 255
0.0699807 0.0785028 -0.0361385 0 0 255
0.0702690 0.0801953 -0.0356961 0 0 255
0.0705576 0.0818896 -0.0352532 0 0 255
0.0387725 0.0779110 -0.0665772 0 0 255
0.0392703 0.0795435 -0.0659366 0 0 255
0.0390396 0.0810456 -0.0660176 0 0 255
0.0388092 0.0825462 -0.0660985 0 0 255
0.0378533 0.0839076 -0.0668990 0 0 255
0.0381072 0.0854963 -0.0665001 0 0 255
0.0373951 0.0868970 -0.0670594 0 0 255
0.0374072 0.0884375 -0.0669003 0 0 255
0.0364570 0.0897830 -0.0676968 0 0 255
0.0362292 0.0912710 -0.0677764 0 0 255
0.0360016 0.0927576 -0.0678559 0 0 255
0.0357742 0.0942427 -0.0679354 0 0 255
0.0357864 0.0957779 -0.0677768 0 0 255
0.0350813 0.0971562 -0.0683315 0 0 255
0.0348580 0.0986369 -0.0684074 0 0 255
0.0346317 0.1001154 -0.0684864 0 0 255
0.0341678 0.1015382 -0.0688021 0 0 255
0.0346559 0.1031783 -0.0681701 0 0 255
0.0341920 0.1045980 -0.0684861 0 0 255
0.0344420 0.1061846 -0.0680911 0 0 255
0.0344541 0.1077154 -0.0679330 0 0 255
0.0344662 0.1092461 -0.0677750 0 0 255
0.0344783 0.1107769 -0.0676169 0 0 255
0.0347286 0.1123675 -0.0672212 0 0 255
0.0347407 0.1138991 -0.0670630 0 0 255
0.0345146 0.1153694 -0.0671426 0 0 255
0.0347650 0.1169623 -0.0667467 0 0 255
0.0352542 0.1186198 -0.0661120 0 0 255
0.0352663 0.1201530 -0.0659537 0 0 255
0.0352785 0.1216862 -0.0657953 0 0 255
0.0355295 0.1232848 -0.0653982 0 0 255
0.0357808 0.1248849 -0.0650006 0 0 255
0.0357929 0.1264198 -0.0648421 0 0 255
0.0360445 0.1280223 -0.0644441 0 0 255
0.0365362 0.1296952 -0.0638055 0 0 255
0.0363085 0.1311630 -0.0638869 0 0 255
0.0368007 0.1328399 -0.0632475 0 0 255
0.0368129 0.1343779 -0.0630887 0 0 255
0.0368250 0.1359159 -0.0629298 0 0 255
0.0368372 0.1374540 -0.0627710 0 0 255
0.0368494 0.1389920 -0.0626121 0 0 255
0.0368615 0.1405301 -0.0624533 0 0 255
0.0371141 0.1421432 -0.0620532 0 0 255
0.0371263 0.1436821 -0.0618943 0 0 255
0.0373792 0.1452976 -0.0614938 0 0 255
0.0369102 0.1466827 -0.0618180 0 0 255
0.0374035 0.1483771 -0.0611758 0 0 255
0.0374157 0.1499168 -0.0610168 0 0 255
0.0376689 0.1515364 -0.0606155 0 0 255
0.0374401 0.1529964 -0.0606987 0 0 255
0.0384176 0.1548620 -0.0595688 0 0 255
0.0386717 0.1564874 -0.0591661 0 0 255
0.0389261 0.1581144 -0.0587629 0 0 255
0.0391808 0.1597431 -0.0583593 0 0 255
0.0394358 0.1613735 -0.0579553 0 0 255
0.0401776 0.1631775 -0.0570607 0 0 255
0.0404335 0.1648130 -0.0566553 0 0 255
0.0406897 0.1664501 -0.0562494 0 0 255
0.0409462 0.1680889 -0.0558431 0 0 255
0.0412029 0.1697294 -0.0554364 0 0 255
0.0414599 0.1713715 -0.0550292 0 0 255
0.0414723 0.1729241 -0.0548688 0 0 255
0.0417295 0.1745687 -0.0544612 0 0 255
0.0427335 0.1780500 -0.0531512 0 0 255
0.0429920 0.1797015 -0.0527417 0 0 255
0.0427581 0.1811631 -0.0528297 0 0 255
0.0432631 0.1829128 -0.0521708 0 0 255
0.0445119 0.1849596 -0.0507595 0 0 255
0.0450205 0.1867196 -0.0500962 0 0 255
0.0460286 0.1886833 -0.0489271 0 0 255
0.0470408 0.1906551 -0.0477532 0 0 255
0.0475547 0.1924299 -0.0470833 0 0 255
0.0480697 0.1942085 -0.0464120 0 0 255
0.0483338 0.1958863 -0.0459945 0 0 255
0.0488503 0.1976712 -0.0453211 0 0 255
0.0491152 0.1993534 -0.0449024 0 0 255
0.0493804 0.2010374 -0.0444834 0 0 255
0.0493928 0.2026151 -0.0443204 0 0 255
0.0494053 0.2041928 -0.0441575 0 0 255
0.0491651 0.2056609 -0.0442511 0 0 255
0.0491776 0.2072378 -0.0440883 0 0 255
0.0489375 0.2087036 -0.0441819 0 0 255
0.0484458 0.2100563 -0.0445313 0 0 255
0.0479551 0.2114061 -0.0448800 0 0 255
0.0474653 0.2127533 -0.0452281 0 0 255
0.0464765 0.2138712 -0.0460839 0 0 255
0.0462393 0.2153255 -0.0461759 0 0 255
0.0452586 0.2164367 -0.0470244 0 0 255
0.0447744 0.2177713 -0.0473682 0 0 255
0.0440437 0.2189878 -0.0479633 0 0 255
0.0443035 0.2206641 -0.0475502 0 0 255
0.0438212 0.2219917 -0.0478929 0 0 255
0.0430936 0.2231994 -0.0484858 0 0 255
0.0423681 0.2244035 -0.0490771 0 0 255
0.0423805 0.2259583 -0.0489164 0 0 255
0.0419021 0.2272752 -0.0492563 0 0 255
0.0414247 0.2285894 -0.0495954 0 0 255
0.0409483 0.2299010 -0.0499339 0 0 255
0.0407166 0.2313305 -0.0500228 0 0 255
0.0397554 0.2323954 -0.0508569 0 0 255
0.0385563 0.2333349 -0.0519344 0 0 255
0.0371229 0.2341485 -0.0532521 0 0 255
0.0371351 0.2356863 -0.0530933 0 0 255
0.0352363 0.2362484 -0.0548881 0 0 255
0.0350102 0.2376578 -0.0549735 0 0 255
0.0357376 0.2395584 -0.0540838 0 0 255
0.0359887 0.2412159 -0.0536810 0 0 255
0.0355231 0.2425000 -0.0540114 0 0 255
0.0360129 0.2442840 -0.0533642 0 0 255
0.0360250 0.2458181 -0.0532058 0 0 255
0.0365158 0.2476072 -0.0525570 0 0 255
0.0365279 0.2491429 -0.0523984 0 0 255
0.0365401 0.2506785 -0.0522398 0 0 255
0.0372719 0.2526047 -0.0513433 0 0 255
0.0380152 0.2560754 -0.0502880 0 0 255
0.0385098 0.2578822 -0.0496337 0 0 255
0.0390055 0.2596926 -0.0489782 0 0 255
0.0453935 0.2647972 -0.0422715 0 0 255
0.0509348 0.2694671 -0.0364306 0 0 255
0.0517203 0.2730628 -0.0353222 0 0 255
0.0517328 0.2746471 -0.0351586 0 0 255
0.0550826 0.2781488 -0.0315628 0 0 255
0.0571715 0.2809435 -0.0292621 0 0 255
0.0577060 0.2828483 -0.0285597 0 0 255
0.0571968 0.2841469 -0.0289313 0 0 255
0.0572095 0.2857487 -0.0287659 0 0 255
0.0577440 0.2876587 -0.0280631 0 0 255
0.0602953 -0.0946591 -0.0598480 0 0 255
0.0597768 -0.0929482 -0.0601917 0 0 255
0.0579382 -0.0910185 -0.0618056 0 0 255
0.0568991 -0.0892328 -0.0626513 0 0 255
0.0556063 -0.0874129 -0.0637418 0 0 255
0.0545771 -0.0856431 -0.0645793 0 0 255
0.0545897 -0.0840419 -0.0644140 0 0 255
0.0530475 -0.0822042 -0.0657468 0 0 255
0.0520290 -0.0804544 -0.0665758 0 0 255
0.0507585 -0.0786747 -0.0676483 0 0 255
0.0502598 -0.0770130 -0.0679774 0 0 255
0.0489986 -0.0752486 -0.0690423 0 0 255
0.0479968 -0.0735277 -0.0698577 0 0 255
0.0469992 -0.0718138 -0.0706697 0 0 255
0.0462568 -0.0701395 -0.0712358 0 0 255
0.0442707 -0.0683130 -0.0730038 0 0 255
0.0435367 -0.0666535 -0.0735631 0 0 255
0.0428050 -0.0649990 -0.0741208 0 0 255
0.0425698 -0.0634072 -0.0741987 0 0 255
0.0415945 -0.0617331 -0.0749926 0 0 255
0.0413605 -0.0601470 -0.0750700 0 0 255
0.0406354 -0.0585100 -0.0756227 0 0 255
0.0404071 -0.0569292 -0.0756950 0 0 255
0.0401744 -0.0553495 -0.0757717 0 0 255
0.0401820 -0.0537947 -0.0756157 0 0 255
0.0394652 -0.0521718 -0.0761617 0 0 255
0.0394728 -0.0506194 -0.0760060 0 0 255
0.0394851 -0.0490674 -0.0758457 0 0 255
0.0394973 -0.0475153 -0.0756854 0 0 255
0.0390263 -0.0459241 -0.0759940 0 0 255
0.0395266 -0.0444116 -0.0753602 0 0 255
0.0395389 -0.0428594 -0.0751999 0 0 255
0.0390632 -0.0412725 -0.0755136 0 0 255
0.0390754 -0.0397219 -0.0753534 0 0 255
0.0395757 -0.0382030 -0.0747190 0 0 255
0.0395880 -0.0366508 -0.0745588 0 0 255
0.0396003 -0.0350986 -0.0743984 0 0 255
0.0396125 -0.0335463 -0.0742381 0 0 255
0.0398692 -0.0320068 -0.0738400 0 0 255
0.0398815 -0.0304537 -0.0736796 0 0 255
0.0401385 -0.0289117 -0.0732810 0 0 255
0.0401508 -0.0273578 -0.0731205 0 0 255
0.0401630 -0.0258039 -0.0729600 0 0 255
0.0399306 -0.0242412 -0.0730380 0 0 255
0.0399429 -0.0226881 -0.0728776 0 0 255
0.0399552 -0.0211349 -0.0727172 0 0 255
0.0399674 -0.0195817 -0.0725569 0 0 255
0.0402245 -0.0180341 -0.0721576 0 0 255
0.0404817 -0.0164848 -0.0717580 0 0 255
0.0407392 -0.0149340 -0.0713579 0 0 255
0.0402613 -0.0133719 -0.0716761 0 0 255
0.0402736 -0.0118178 -0.0715156 0 0 255
0.0405309 -0.0102653 -0.0711156 0 0 255
-0.0134186 -0.0085212 -0.1237144 0 0 255
-0.0168582 -0.0071394 -0.1269464 0 0 255
-0.0172273 -0.0057709 -0.1271767 0 0 255
-0.0172165 -0.0044024 -0.1270353 0 0 255
-0.0175823 -0.0030375 -0.1272627 0 0 255
-0.0179501 -0.0016750 -0.1274922 0 0 255
-0.0190711 -0.0003268 -0.1284599 0 0 255
-0.0254694 0.0330963 -0.1315245 0 0 255
0.0591070 0.0557708 -0.0466382 0 0 255
0.0660829 0.0582811 -0.0395756 0 0 255
0.0699360 0.0620715 -0.0354450 0 0 255
0.0699491 0.0637204 -0.0352747 0 0 255
0.0696865 0.0653303 -0.0353776 0 0 255
0.0694277 0.0669390 -0.0354772 0 0 255
0.0688910 0.0685048 -0.0358524 0 0 255
0.0691787 0.0701918 -0.0354098 0 0 255
0.0691918 0.0718382 -0.0352398 0 0 255
0.0692047 0.0734845 -0.0350698 0 0 255
0.0692177 0.0751309 -0.0348998 0 0 255
0.0692307 0.0767774 -0.0347298 0 0 255
0.0689691 0.0783778 -0.0348328 0 0 255
0.0695319 0.0801172 -0.0341162 0 0 255
0.0698201 0.0818124 -0.0336723 0 0 255
0.0695578 0.0834120 -0.0337760 0 0 255
0.0405121 0.0798214 -0.0625272 0 0 255
0.0385743 0.0810173 -0.0643082 0 0 255
0.0381015 0.0824742 -0.0646315 0 0 255
0.0371465 0.0838364 -0.0654353 0 0 255
0.0369176 0.0853327 -0.0655163 0 0 255
0.0369298 0.0868747 -0.0653571 0 0 255
0.0364603 0.0883207 -0.0656781 0 0 255
0.0355119 0.0896664 -0.0664770 0 0 255
0.0352846 0.0911545 -0.0665572 0 0 255
0.0352967 0.0926912 -0.0663985 0 0 255
0.0350696 0.0941771 -0.0664787 0 0 255
0.0350817 0.0957131 -0.0663201 0 0 255
0.0348548 0.0971968 -0.0664003 0 0 255
0.0348669 0.0987320 -0.0662417 0 0 255
0.0339282 0.1000530 -0.0670336 0 0 255
0.0339403 0.1015852 -0.0668754 0 0 255
0.0337145 0.1030623 -0.0669551 0 0 255
0.0337266 0.1045938 -0.0667970 0 0 255
0.0335011 0.1060687 -0.0668766 0 0 255
0.0335132 0.1075995 -0.0667185 0 0 255
0.0337630 0.1091885 -0.0663224 0 0 255
0.0337751 0.1107200 -0.0661643 0 0 255
0.0337873 0.1122516 -0.0660061 0 0 255
0.0337993 0.1137832 -0.0658480 0 0 255
0.0342876 0.1154375 -0.0652123 0 0 255
0.0342997 0.1169706 -0.0650541 0 0 255
0.0345503 0.1185668 -0.0646565 0 0 255
0.0345624 0.1201008 -0.0644980 0 0 255
0.0345745 0.1216348 -0.0643396 0 0 255
0.0345866 0.1231688 -0.0641812 0 0 255
0.0353156 0.1249013 -0.0633028 0 0 255
0.0353277 0.1264377 -0.0631441 0 0 255
0.0355793 0.1280419 -0.0627448 0 0 255
0.0355914 0.1295791 -0.0625861 0 0 255
0.0360832 0.1312552 -0.0619450 0 0 255
0.0360954 0.1327940 -0.0617860 0 0 255
0.0363477 0.1344039 -0.0613854 0 0 255
0.0363599 0.1359435 -0.0612264 0 0 255
0.0366125 0.1375558 -0.0608253 0 0 255
0.0366247 0.1390963 -0.0606662 0 0 255
0.0363964 0.1405624 -0.0607494 0 0 255
0.0364085 0.1421021 -0.0605904 0 0 255
0.0364207 0.1436418 -0.0604314 0 0 255
0.0361927 0.1451049 -0.0605147 0 0 255
0.0362048 0.1466439 -0.0603558 0 0 255
0.0362170 0.1481829 -0.0601968 0 0 255
0.0362292 0.1497219 -0.0600379 0 0 255
0.0367221 0.1514203 -0.0593936 0 0 255
0.0367342 0.1529608 -0.0592345 0 0 255
0.0372281 0.1546642 -0.0585887 0 0 255
0.0374816 0.1562887 -0.0581856 0 0 255
0.0382189 0.1580813 -0.0572931 0 0 255
0.0382312 0.1596267 -0.0571335 0 0 255
0.0387281 0.1613420 -0.0564836 0 0 255
0.0394692 0.1631470 -0.0555863 0 0 255
0.0397249 0.1647833 -0.0551799 0 0 255
0.0397372 0.1663334 -0.0550198 0 0 255
0.0402372 0.1680608 -0.0543658 0 0 255
0.0405059 0.1712547 -0.0537978 0 0 255
0.0412616 0.1746350 -0.0527357 0 0 255
0.0420104 0.1764696 -0.0518281 0 0 255
0.0422687 0.1781211 -0.0514177 0 0 255
0.0422811 0.1796793 -0.0512567 0 0 255
0.0427861 0.1814293 -0.0505956 0 0 255
0.0435396 0.1832800 -0.0496818 0 0 255
0.0445435 0.1852346 -0.0485131 0 0 255
0.0448045 0.1868992 -0.0480989 0 0 255
0.0458137 0.1888663 -0.0469239 0 0 255
0.0460759 0.1905370 -0.0465078 0 0 255
0.0470904 0.1925167 -0.0453265 0 0 255
0.0476054 0.1942971 -0.0446527 0 0 255
0.0473664 0.1957680 -0.0447459 0 0 255
0.0481339 0.1976582 -0.0438147 0 0 255
0.0478944 0.1991288 -0.0439084 0 0 255
0.0484110 0.2009189 -0.0432321 0 0 255
0.0484235 0.2024966 -0.0430692 0 0 255
0.0486885 0.2041832 -0.0426489 0 0 255
0.0487009 0.2057617 -0.0424859 0 0 255
0.0492192 0.2075615 -0.0418071 0 0 255
0.0487259 0.2089189 -0.0421598 0 0 255
0.0484858 0.2103854 -0.0422545 0 0 255
0.0474908 0.2115127 -0.0431199 0 0 255
0.0472521 0.2129741 -0.0432139 0 0 255
0.0467628 0.2143204 -0.0435638 0 0 255
0.0457749 0.2154356 -0.0444234 0 0 255
0.0455378 0.2168899 -0.0445164 0 0 255
0.0448066 0.2181136 -0.0451146 0 0 255
0.0443223 0.2194479 -0.0454608 0 0 255
0.0438391 0.2207794 -0.0458062 0 0 255
0.0438515 0.2223421 -0.0456448 0 0 255
0.0433691 0.2236693 -0.0459898 0 0 255
0.0426414 0.2248757 -0.0465862 0 0 255
0.0426537 0.2264345 -0.0464253 0 0 255
0.0416827 0.2275157 -0.0472716 0 0 255
0.0416950 0.2290714 -0.0471110 0 0 255
0.0409724 0.2302654 -0.0477037 0 0 255
0.0407402 0.2316976 -0.0477940 0 0 255
0.0397770 0.2327639 -0.0486341 0 0 255
0.0390602 0.2339476 -0.0492221 0 0 255
0.0383456 0.2351277 -0.0498083 0 0 255
0.0373921 0.2361818 -0.0506402 0 0 255
0.0364424 0.2372316 -0.0514687 0 0 255
0.0359751 0.2385235 -0.0518023 0 0 255
0.0355087 0.2398129 -0.0521353 0 0 255
0.0352849 0.2412255 -0.0522192 0 0 255
0.0357842 0.2445457 -0.0514136 0 0 255
0.0360479 0.2477463 -0.0508499 0 0 255
0.0362997 0.2494121 -0.0504445 0 0 255
0.0372730 0.2514693 -0.0492961 0 0 255
0.0406799 0.2548549 -0.0456405 0 0 255
0.0402043 0.2561403 -0.0459829 0 0 255
0.0439002 0.2597161 -0.0420264 0 0 255
0.0461501 0.2625158 -0.0395585 0 0 255
0.0466626 0.2643636 -0.0388806 0 0 255
0.0494438 0.2674837 -0.0358624 0 0 255
0.0499631 0.2693490 -0.0351763 0 0 255
0.0510018 0.2730895 -0.0338031 0 0 255
0.0515243 0.2749664 -0.0331127 0 0 255
0.0546193 0.2783269 -0.0297646 0 0 255
0.0543736 0.2797742 -0.0298666 0 0 255
0.0541281 0.2812200 -0.0299686 0 0 255
0.0541407 0.2828151 -0.0298039 0 0 255
0.0546697 0.2847140 -0.0291050 0 0 255
0.0546824 0.2863108 -0.0289401 0 0 255
0.0571841 -0.0944130 -0.0606046 0 0 255
0.0564083 -0.0926644 -0.0611999 0 0 255
0.0566836 -0.0910983 -0.0607798 0 0 255
0.0546066 -0.0891409 -0.0626337 0 0 255
0.0551409 -0.0876211 -0.0619635 0 0 255
0.0535921 -0.0857663 -0.0633082 0 0 255
0.0530864 -0.0840843 -0.0636444 0 0 255
0.0518079 -0.0822876 -0.0647291 0 0 255
0.0513059 -0.0806153 -0.0650626 0 0 255
0.0500368 -0.0788342 -0.0661395 0 0 255
0.0492834 -0.0771351 -0.0667174 0 0 255
0.0477761 -0.0753356 -0.0680267 0 0 255
0.0470298 -0.0736498 -0.0685990 0 0 255
0.0460294 -0.0719350 -0.0694181 0 0 255
0.0452885 -0.0702605 -0.0699862 0 0 255
0.0443000 -0.0685595 -0.0707950 0 0 255
0.0428266 -0.0668050 -0.0720751 0 0 255
0.0418435 -0.0651191 -0.0728801 0 0 255
0.0418559 -0.0635562 -0.0727186 0 0 255
0.0411278 -0.0619089 -0.0732767 0 0 255
0.0406526 -0.0602944 -0.0735894 0 0 255
0.0401735 -0.0586826 -0.0739063 0 0 255
0.0396954 -0.0570741 -0.0742224 0 0 255
0.0394629 -0.0554935 -0.0742999 0 0 255
0.0389863 -0.0538906 -0.0746151 0 0 255
0.0385107 -0.0522910 -0.0749297 0 0 255
0.0387667 -0.0507612 -0.0745319 0 0 255
0.0387790 -0.0492083 -0.0743715 0 0 255
0.0383038 -0.0476142 -0.0746862 0 0 255
0.0380727 -0.0460431 -0.0747633 0 0 255
0.0378418 -0.0444735 -0.0748402 0 0 255
0.0380972 -0.0429420 -0.0744430 0 0 255
0.0378663 -0.0413740 -0.0745201 0 0 255
0.0381217 -0.0398408 -0.0741227 0 0 255
0.0378908 -0.0382744 -0.0741999 0 0 255
0.0379031 -0.0367245 -0.0740398 0 0 255
0.0384019 -0.0352032 -0.0734044 0 0 255
0.0381707 -0.0336382 -0.0734821 0 0 255
0.0384264 -0.0321003 -0.0730839 0 0 255
0.0386823 -0.0305607 -0.0726854 0 0 255
0.0386946 -0.0290084 -0.0725251 0 0 255
0.0389508 -0.0274665 -0.0721261 0 0 255
0.0387192 -0.0259037 -0.0722044 0 0 255
0.0389754 -0.0243602 -0.0718053 0 0 255
0.0389877 -0.0228070 -0.0716449 0 0 255
0.0389999 -0.0212538 -0.0714844 0 0 255
0.0387683 -0.0196941 -0.0715631 0 0 255
0.0387805 -0.0181417 -0.0714028 0 0 255
0.0387928 -0.0165892 -0.0712425 0 0 255
0.0390490 -0.0150408 -0.0708428 0 0 255
0.0390613 -0.0134875 -0.0706824 0 0 255
0.0388296 -0.0119317 -0.0707615 0 0 255
0.0393302 -0.0103826 -0.0701216 0 0 255
-0.0154218 -0.0086224 -0.1237519 0 0 255
-0.0180797 -0.0072440 -0.1262318 0 0 255
-0.0180689 -0.0058755 -0.1260906 0 0 255
-0.0184339 -0.0045093 -0.1263187 0 0 255
-0.0199197 -0.0017934 -0.1275193 0 0 255
-0.0214058 -0.0004543 -0.1288516 0 0 255
-0.0341503 0.0322365 -0.1382517 0 0 255
0.0536639 0.0534914 -0.0499367 0 0 255
0.0678014 0.0585074 -0.0355664 0 0 255
0.0680885 0.0601889 -0.0351237 0 0 255
0.0681015 0.0618351 -0.0349537 0 0 255
0.0681145 0.0634814 -0.0347837 0 0 255
0.0681275 0.0651277 -0.0346136 0 0 255
0.0681406 0.0667740 -0.0344436 0 0 255
0.0681536 0.0684204 -0.0342736 0 0 255
0.0678924 0.0700252 -0.0343769 0 0 255
0.0681796 0.0717131 -0.0339335 0 0 255
0.0681926 0.0733595 -0.0337635 0 0 255
0.0684800 0.0750501 -0.0333195 0 0 255
0.0679444 0.0766073 -0.0336971 0 0 255
0.0682316 0.0782988 -0.0332534 0 0 255
0.0682446 0.0799453 -0.0330833 0 0 255
0.0685321 0.0816395 -0.0326390 0 0 255
0.0690950 0.0833843 -0.0319193 0 0 255
0.0691079 0.0850335 -0.0317490 0 0 255
0.0685712 0.0865818 -0.0321286 0 0 255
0.0658524 0.0877189 -0.0346914 0 0 255
0.0430380 0.0850193 -0.0573663 0 0 255
0.0366925 0.0853554 -0.0635692 0 0 255
0.0357413 0.0867105 -0.0643744 0 0 255
0.0357535 0.0882518 -0.0642152 0 0 255
0.0348061 0.0895984 -0.0650175 0 0 255
0.0350578 0.0911861 -0.0646185 0 0 255
0.0345912 0.0926248 -0.0649396 0 0 255
0.0341254 0.0940607 -0.0652601 0 0 255
0.0341376 0.0955967 -0.0651014 0 0 255
0.0341497 0.0971327 -0.0649428 0 0 255
0.0344007 0.0987219 -0.0645444 0 0 255
0.0336970 0.1000972 -0.0651044 0 0 255
0.0332362 0.1015236 -0.0654210 0 0 255
0.0332483 0.1030566 -0.0652627 0 0 255
0.0332604 0.1045896 -0.0651044 0 0 255
0.0332725 0.1061227 -0.0649461 0 0 255
0.0330470 0.1075983 -0.0650267 0 0 255
0.0330590 0.1091307 -0.0648685 0 0 255
0.0335468 0.1107810 -0.0642316 0 0 255
0.0333210 0.1122551 -0.0643128 0 0 255
0.0335710 0.1138489 -0.0639148 0 0 255
0.0338213 0.1154442 -0.0635165 0 0 255
0.0335953 0.1169168 -0.0635980 0 0 255
0.0338456 0.1185137 -0.0631995 0 0 255
0.0343348 0.1201761 -0.0625600 0 0 255
0.0343470 0.1217124 -0.0624013 0 0 255
0.0345981 0.1233142 -0.0620016 0 0 255
0.0348494 0.1249176 -0.0616015 0 0 255
0.0351010 0.1265227 -0.0612010 0 0 255
0.0351131 0.1280614 -0.0610421 0 0 255
0.0351253 0.1296002 -0.0608832 0 0 255
0.0353771 0.1312085 -0.0604821 0 0 255
0.0356292 0.1328184 -0.0600806 0 0 255
0.0361220 0.1345012 -0.0594357 0 0 255
0.0358937 0.1359711 -0.0595196 0 0 255
0.0361463 0.1375851 -0.0591172 0 0 255
0.0359181 0.1390535 -0.0592012 0 0 255
0.0356901 0.1405204 -0.0592852 0 0 255
0.0359424 0.1421359 -0.0588829 0 0 255
0.0354744 0.1435256 -0.0592100 0 0 255
0.0357266 0.1451419 -0.0588079 0 0 255
0.0357387 0.1466824 -0.0586488 0 0 255
0.0357510 0.1482229 -0.0584897 0 0 255
0.0355232 0.1496846 -0.0585739 0 0 255
0.0362560 0.1514636 -0.0576839 0 0 255
0.0365090 0.1530865 -0.0572803 0 0 255
0.0365212 0.1546294 -0.0571210 0 0 255
0.0370156 0.1563371 -0.0564721 0 0 255
0.0372693 0.1579649 -0.0560673 0 0 255
0.0377652 0.1596785 -0.0554163 0 0 255
0.0382622 0.1613957 -0.0547640 0 0 255
0.0390033 0.1632026 -0.0538632 0 0 255
0.0392682 0.1663911 -0.0532984 0 0 255
0.0397682 0.1681204 -0.0526419 0 0 255
0.0395365 0.1695841 -0.0527298 0 0 255
0.0405263 0.1714988 -0.0515744 0 0 255
0.0407836 0.1731461 -0.0511643 0 0 255
0.0415324 0.1749803 -0.0502533 0 0 255
0.0415447 0.1765392 -0.0500923 0 0 255
0.0430369 0.1786655 -0.0484230 0 0 255
0.0430492 0.1802292 -0.0482615 0 0 255
0.0435569 0.1819861 -0.0475948 0 0 255
0.0435693 0.1835515 -0.0474332 0 0 255
0.0445754 0.1855107 -0.0462574 0 0 255
0.0450863 0.1872784 -0.0455867 0 0 255
0.0458483 0.1891506 -0.0446591 0 0 255
0.0463617 0.1909267 -0.0439850 0 0 255
0.0476313 0.1930153 -0.0425380 0 0 255
0.0489074 0.1951149 -0.0410836 0 0 255
0.0496812 0.1970138 -0.0401419 0 0 255
0.0512236 0.1992395 -0.0384138 0 0 255
0.0507252 0.2006138 -0.0387723 0 0 255
0.0492109 0.2015528 -0.0401705 0 0 255
0.0499856 0.2034628 -0.0392268 0 0 255
0.0499982 0.2050487 -0.0390630 0 0 255
0.0497563 0.2065240 -0.0391597 0 0 255
0.0500233 0.2082206 -0.0387354 0 0 255
0.0490200 0.2093582 -0.0396126 0 0 255
0.0482733 0.2106034 -0.0402274 0 0 255
0.0472772 0.2117320 -0.0410983 0 0 255
0.0472896 0.2133090 -0.0409355 0 0 255
0.0465483 0.2145437 -0.0415459 0 0 255
0.0463100 0.2160037 -0.0416406 0 0 255
0.0455717 0.2172317 -0.0422488 0 0 255
0.0453345 0.2186874 -0.0423429 0 0 255
0.0443535 0.2197940 -0.0432010 0 0 255
0.0441175 0.2212447 -0.0432943 0 0 255
0.0438816 0.2226938 -0.0433877 0 0 255
0.0431509 0.2239055 -0.0439900 0 0 255
0.0431632 0.2254690 -0.0438285 0 0 255
0.0429284 0.2269131 -0.0439214 0 0 255
0.0424470 0.2282358 -0.0442680 0 0 255
0.0419666 0.2295557 -0.0446140 0 0 255
0.0414872 0.2308730 -0.0449592 0 0 255
0.0410088 0.2321877 -0.0453037 0 0 255
0.0407761 0.2336219 -0.0453954 0 0 255
0.0402991 0.2349318 -0.0457389 0 0 255
0.0390926 0.2358697 -0.0468349 0 0 255
0.0388618 0.2372962 -0.0469254 0 0 255
0.0379043 0.2383491 -0.0477656 0 0 255
0.0367099 0.2392737 -0.0488509 0 0 255
0.0355215 0.2401937 -0.0499308 0 0 255
0.0357733 0.2418574 -0.0495245 0 0 255
0.0355458 0.2432710 -0.0496130 0 0 255
0.0360375 0.2450630 -0.0489587 0 0 255
0.0362898 0.2467309 -0.0485515 0 0 255
0.0370239 0.2486578 -0.0476461 0 0 255
0.0382442 0.2508509 -0.0462376 0 0 255
0.0406911 0.2537154 -0.0435598 0 0 255
0.0419300 0.2559382 -0.0421301 0 0 255
0.0439181 0.2585789 -0.0399244 0 0 255
0.0474273 0.2620700 -0.0361428 0 0 255
0.0466862 0.2632295 -0.0367603 0 0 255
0.0472008 0.2650837 -0.0360776 0 0 255
0.0479684 0.2670829 -0.0351324 0 0 255
0.0500156 0.2713860 -0.0327098 0 0 255
0.0513025 0.2736975 -0.0312245 0 0 255
0.0518267 0.2755800 -0.0305297 0 0 255
0.0523520 0.2774664 -0.0298334 0 0 255
0.0523646 0.2790590 -0.0296689 0 0 255
0.0528910 0.2809510 -0.0289710 0 0 255
0.0526465 0.2823947 -0.0290732 0 0 255
0.0529162 0.2841397 -0.0286416 0 0 255
0.0534436 0.2860390 -0.0279419 0 0 255
0.0534563 0.2876350 -0.0277771 0 0 255
0.0546331 -0.0926529 -0.0606829 0 0 255
0.0546458 -0.0910450 -0.0605168 0 0 255
0.0528456 -0.0891358 -0.0621116 0 0 255
0.0523404 -0.0874494 -0.0624492 0 0 255
0.0520946 -0.0858077 -0.0625351 0 0 255
0.0515909 -0.0841274 -0.0628718 0 0 255
0.0510836 -0.0824498 -0.0632124 0 0 255
0.0500692 -0.0806995 -0.0640467 0 0 255
0.0490589 -0.0789565 -0.0648776 0 0 255
0.0483071 -0.0772572 -0.0654574 0 0 255
0.0470557 -0.0754928 -0.0665242 0 0 255
0.0463101 -0.0738058 -0.0670992 0 0 255
0.0453155 -0.0720905 -0.0679171 0 0 255
0.0448259 -0.0704475 -0.0682436 0 0 255
0.0435878 -0.0687126 -0.0693001 0 0 255
0.0433509 -0.0671098 -0.0693809 0 0 255
0.0418756 -0.0653592 -0.0706700 0 0 255
0.0411460 -0.0637058 -0.0712324 0 0 255
0.0404187 -0.0620575 -0.0717930 0 0 255
0.0394482 -0.0603869 -0.0725915 0 0 255
0.0394605 -0.0588286 -0.0724306 0 0 255
0.0392278 -0.0572447 -0.0725091 0 0 255
0.0387506 -0.0556376 -0.0728266 0 0 255
0.0385186 -0.0540577 -0.0729048 0 0 255
0.0380430 -0.0524563 -0.0732214 0 0 255
0.0380552 -0.0509027 -0.0730609 0 0 255
0.0375805 -0.0493060 -0.0733771 0 0 255
0.0373496 -0.0477332 -0.0734548 0 0 255
0.0373619 -0.0461819 -0.0732946 0 0 255
0.0373741 -0.0446306 -0.0731344 0 0 255
0.0371435 -0.0430609 -0.0732122 0 0 255
0.0369131 -0.0414928 -0.0732899 0 0 255
0.0371680 -0.0399597 -0.0728919 0 0 255
0.0369376 -0.0383932 -0.0729697 0 0 255
0.0371925 -0.0368584 -0.0725716 0 0 255
0.0367196 -0.0352791 -0.0728875 0 0 255
0.0372170 -0.0337571 -0.0722513 0 0 255
0.0372292 -0.0322064 -0.0720911 0 0 255
0.0374844 -0.0306676 -0.0716922 0 0 255
0.0372537 -0.0291049 -0.0717708 0 0 255
0.0375089 -0.0275646 -0.0713718 0 0 255
0.0375212 -0.0260130 -0.0712115 0 0 255
0.0377767 -0.0244702 -0.0708120 0 0 255
0.0375457 -0.0229098 -0.0708910 0 0 255
0.0375580 -0.0213581 -0.0707307 0 0 255
0.0378135 -0.0198130 -0.0703309 0 0 255
0.0378258 -0.0182605 -0.0701706 0 0 255
0.0380815 -0.0167129 -0.0697704 0 0 255
0.0380938 -0.0151597 -0.0696099 0 0 255
0.0383498 -0.0136097 -0.0692092 0 0 255
0.0383621 -0.0120556 -0.0690486 0 0 255
0.0383744 -0.0105014 -0.0688881 0 0 255
-0.0166512 -0.0087262 -0.1230365 0 0 255
-0.0185428 -0.0073489 -0.1247722 0 0 255
-0.0181528 -0.0059783 -0.1242564 0 0 255
-0.0204040 -0.0046202 -0.1263489 0 0 255
-0.0203932 -0.0032566 -0.1262081 0 0 255
-0.0244723 -0.0019428 -0.1301092 0 0 255
0.0485802 0.0528684 -0.0527627 0 0 255
0.0668028 0.0600276 -0.0340909 0 0 255
0.0670894 0.0617100 -0.0336474 0 0 255
0.0668288 0.0633184 -0.0337510 0 0 255
0.0673892 0.0650414 -0.0330333 0 0 255
0.0674022 0.0666886 -0.0328631 0 0 255
0.0668678 0.0682547 -0.0332412 0 0 255
0.0663345 0.0698175 -0.0336183 0 0 255
0.0666205 0.0715034 -0.0331751 0 0 255
0.0669068 0.0731912 -0.0327313 0 0 255
0.0671934 0.0748808 -0.0322871 0 0 255
0.0666595 0.0764374 -0.0326655 0 0 255
0.0666724 0.0780821 -0.0324956 0 0 255
0.0669588 0.0797735 -0.0320514 0 0 255
0.0675194 0.0815145 -0.0313318 0 0 255
0.0667114 0.0830164 -0.0319860 0 0 255
0.0669977 0.0847105 -0.0315416 0 0 255
0.0681071 0.0865576 -0.0302701 0 0 255
0.0675714 0.0881043 -0.0306513 0 0 255
0.0673104 0.0896997 -0.0307565 0 0 255
0.0665033 0.0911877 -0.0314112 0 0 255
0.0369626 0.0870201 -0.0609699 0 0 255
0.0352862 0.0882309 -0.0625090 0 0 255
0.0343389 0.0895789 -0.0633155 0 0 255
0.0343511 0.0911188 -0.0631565 0 0 255
0.0343632 0.0926586 -0.0629974 0 0 255
0.0341361 0.0941475 -0.0630794 0 0 255
0.0343876 0.0957383 -0.0626793 0 0 255
0.0339213 0.0971733 -0.0630026 0 0 255
0.0336946 0.0986585 -0.0630845 0 0 255
0.0332298 0.1000885 -0.0634068 0 0 255
0.0330038 0.1015700 -0.0634885 0 0 255
0.0325434 0.1029956 -0.0638068 0 0 255
0.0325555 0.1045295 -0.0636484 0 0 255
0.0325676 0.1060633 -0.0634900 0 0 255
0.0330644 0.1092469 -0.0626956 0 0 255
0.0328416 0.1107240 -0.0627744 0 0 255
0.0328537 0.1122587 -0.0626160 0 0 255
0.0328659 0.1137934 -0.0624574 0 0 255
0.0333541 0.1154510 -0.0618172 0 0 255
0.0333663 0.1169873 -0.0616585 0 0 255
0.0333784 0.1185236 -0.0614998 0 0 255
0.0333905 0.1200599 -0.0613412 0 0 255
0.0338798 0.1217256 -0.0606991 0 0 255
0.0341309 0.1233290 -0.0602981 0 0 255
0.0343823 0.1249341 -0.0598968 0 0 255
0.0343944 0.1264736 -0.0597377 0 0 255
0.0344066 0.1280131 -0.0595787 0 0 255
0.0346582 0.1296214 -0.0591768 0 0 255
0.0349101 0.1312313 -0.0587745 0 0 255
0.0351621 0.1328429 -0.0583718 0 0 255
0.0354145 0.1344561 -0.0579686 0 0 255
0.0356793 0.1376145 -0.0574056 0 0 255
0.0357037 0.1407016 -0.0570867 0 0 255
0.0357159 0.1422452 -0.0569273 0 0 255
0.0354877 0.1437127 -0.0570125 0 0 255
0.0357403 0.1453324 -0.0566085 0 0 255
0.0352718 0.1467210 -0.0569384 0 0 255
0.0352839 0.1482631 -0.0567791 0 0 255
0.0355364 0.1498843 -0.0563751 0 0 255
0.0357890 0.1515071 -0.0559707 0 0 255
0.0355608 0.1529701 -0.0560564 0 0 255
0.0360542 0.1546761 -0.0554064 0 0 255
0.0367901 0.1564681 -0.0545088 0 0 255
0.0370441 0.1580985 -0.0541024 0 0 255
0.0375406 0.1598149 -0.0534485 0 0 255
0.0380472 0.1630847 -0.0526362 0 0 255
0.0385457 0.1648097 -0.0519793 0 0 255
0.0390452 0.1665383 -0.0513212 0 0 255
0.0393014 0.1681813 -0.0509114 0 0 255
0.0398025 0.1699159 -0.0502511 0 0 255
0.0407953 0.1718362 -0.0490877 0 0 255
0.0412993 0.1735799 -0.0484237 0 0 255
0.0415580 0.1752342 -0.0480104 0 0 255
0.0430532 0.1773609 -0.0463313 0 0 255
0.0435620 0.1791184 -0.0456613 0 0 255
0.0438229 0.1807832 -0.0452447 0 0 255
0.0443332 0.1825469 -0.0445726 0 0 255
0.0440966 0.1840199 -0.0446655 0 0 255
0.0443580 0.1856890 -0.0442481 0 0 255
0.0451193 0.1875596 -0.0433180 0 0 255
0.0458829 0.1894360 -0.0423851 0 0 255
0.0469006 0.1914206 -0.0411909 0 0 255
0.0491901 0.1939328 -0.0386910 0 0 255
0.0492027 0.1955194 -0.0385271 0 0 255
0.0502341 0.1975301 -0.0373169 0 0 255
0.0507578 0.1993344 -0.0366277 0 0 255
0.0505147 0.2008180 -0.0367260 0 0 255
0.0500167 0.2021914 -0.0370865 0 0 255
0.0507955 0.2041093 -0.0361346 0 0 255
0.0505524 0.2055905 -0.0362331 0 0 255
0.0500543 0.2069589 -0.0365941 0 0 255
0.0495573 0.2083246 -0.0369543 0 0 255
0.0485539 0.2094632 -0.0378361 0 0 255
0.0480600 0.2108221 -0.0381939 0 0 255
0.0475671 0.2121782 -0.0385510 0 0 255
0.0470752 0.2135315 -0.0389073 0 0 255
0.0463331 0.2147678 -0.0395218 0 0 255
0.0463456 0.2163449 -0.0393589 0 0 255
0.0456057 0.2175749 -0.0399718 0 0 255
0.0448681 0.2188012 -0.0405828 0 0 255
0.0446310 0.2202568 -0.0406779 0 0 255
0.0438964 0.2214764 -0.0412865 0 0 255
0.0436604 0.2229277 -0.0413810 0 0 255
0.0431797 0.2242606 -0.0417283 0 0 255
0.0426968 0.2255893 -0.0420780 0 0 255
0.0424619 0.2270349 -0.0421719 0 0 255
0.0422273 0.2284790 -0.0422656 0 0 255
0.0417464 0.2298007 -0.0426141 0 0 255
0.0417587 0.2313627 -0.0424528 0 0 255
0.0412788 0.2326802 -0.0428007 0 0 255
0.0407999 0.2339952 -0.0431479 0 0 255
0.0408122 0.2355540 -0.0429869 0 0 255
0.0400894 0.2367407 -0.0435871 0 0 255
0.0396129 0.2380482 -0.0439326 0 0 255
0.0386505 0.2391033 -0.0447819 0 0 255
0.0372081 0.2399045 -0.0461292 0 0 255
0.0355343 0.2405762 -0.0477174 0 0 255
0.0353067 0.2419926 -0.0478068 0 0 255
0.0353189 0.2435336 -0.0476477 0 0 255
0.0360514 0.2454557 -0.0467410 0 0 255
0.0363043 0.2471271 -0.0463318 0 0 255
0.0375233 0.2493175 -0.0449193 0 0 255
0.0385055 0.2513880 -0.0437521 0 0 255
0.0394916 0.2534669 -0.0425801 0 0 255
0.0409723 0.2558217 -0.0408936 0 0 255
0.0417221 0.2577852 -0.0399660 0 0 255
0.0459571 0.2616755 -0.0354140 0 0 255
0.0457190 0.2631119 -0.0355119 0 0 255
0.0462326 0.2649660 -0.0348278 0 0 255
0.0475025 0.2672476 -0.0333564 0 0 255
0.0500588 0.2718449 -0.0303940 0 0 255
0.0508369 0.2738703 -0.0294325 0 0 255
0.0508495 0.2754612 -0.0292681 0 0 255
0.0503514 0.2767574 -0.0296361 0 0 255
0.0506191 0.2784948 -0.0292059 0 0 255
0.0501215 0.2797872 -0.0295737 0 0 255
0.0503890 0.2815253 -0.0291437 0 0 255
0.0506568 0.2832653 -0.0287132 0 0 255
0.0509248 0.2850071 -0.0282823 0 0 255
0.0506819 0.2864458 -0.0283847 0 0 255
0.0506945 0.2880360 -0.0282205 0 0 255
0.0509625 0.2897804 -0.0277894 0 0 255
0.0528715 -0.0926429 -0.0601596 0 0 255
0.0528842 -0.0910375 -0.0599938 0 0 255
0.0526372 -0.0893888 -0.0600813 0 0 255
0.0518727 -0.0876571 -0.0606742 0 0 255
0.0508528 -0.0858895 -0.0615169 0 0 255
0.0506080 -0.0842504 -0.0616032 0 0 255
0.0498498 -0.0825339 -0.0621912 0 0 255
0.0490940 -0.0808228 -0.0627774 0 0 255
0.0485957 -0.0791546 -0.0631124 0 0 255
0.0468282 -0.0773069 -0.0646888 0 0 255
0.0463346 -0.0756501 -0.0650202 0 0 255
0.0453378 -0.0739274 -0.0658442 0 0 255
0.0443452 -0.0722117 -0.0666649 0 0 255
0.0436064 -0.0705359 -0.0672375 0 0 255
0.0428700 -0.0688652 -0.0678084 0 0 255
0.0413947 -0.0671074 -0.0691037 0 0 255
0.0406651 -0.0654496 -0.0696689 0 0 255
0.0401841 -0.0638260 -0.0699910 0 0 255
0.0401964 -0.0622621 -0.0698295 0 0 255
0.0394705 -0.0606160 -0.0703922 0 0 255
0.0387468 -0.0589748 -0.0709532 0 0 255
0.0387592 -0.0574157 -0.0707922 0 0 255
0.0380377 -0.0557819 -0.0713517 0 0 255
0.0373184 -0.0541531 -0.0719096 0 0 255
0.0373307 -0.0525987 -0.0717490 0 0 255
0.0366136 -0.0509772 -0.0723054 0 0 255
0.0368687 -0.0494467 -0.0719063 0 0 255
0.0361530 -0.0478316 -0.0724618 0 0 255
0.0361652 -0.0462810 -0.0723017 0 0 255
0.0364199 -0.0447496 -0.0719030 0 0 255
0.0361897 -0.0431799 -0.0719814 0 0 255
0.0364444 -0.0416468 -0.0715825 0 0 255
0.0359721 -0.0400619 -0.0718996 0 0 255
0.0362265 -0.0385280 -0.0715009 0 0 255
0.0362387 -0.0369773 -0.0713407 0 0 255
0.0362509 -0.0354266 -0.0711806 0 0 255
0.0357790 -0.0338487 -0.0714980 0 0 255
0.0362754 -0.0323252 -0.0708602 0 0 255
0.0360455 -0.0307624 -0.0709390 0 0 255
0.0365425 -0.0292350 -0.0703004 0 0 255
0.0360700 -0.0276624 -0.0706188 0 0 255
0.0363245 -0.0261221 -0.0702194 0 0 255
0.0365792 -0.0245802 -0.0698197 0 0 255
0.0365914 -0.0230286 -0.0696594 0 0 255
0.0366037 -0.0214769 -0.0694991 0 0 255
0.0366160 -0.0199253 -0.0693388 0 0 255
0.0368710 -0.0183793 -0.0689384 0 0 255
0.0368832 -0.0168268 -0.0687780 0 0 255
0.0368955 -0.0152743 -0.0686176 0 0 255
0.0378813 -0.0137354 -0.0674931 0 0 255
0.0376498 -0.0121771 -0.0675739 0 0 255
-0.0124910 -0.0102450 -0.1171146 0 0 255
-0.0197736 -0.0088217 -0.1242010 0 0 255
-0.0197628 -0.0074532 -0.1240596 0 0 255
-0.0205027 -0.0060864 -0.1246629 0 0 255
-0.0231077 -0.0047347 -0.1271173 0 0 255
-0.0223529 -0.0033706 -0.1262385 0 0 255
0.0660642 0.0599385 -0.0325111 0 0 255
0.0658042 0.0615479 -0.0326153 0 0 255
0.0660902 0.0632311 -0.0321710 0 0 255
0.0658302 0.0648387 -0.0322754 0 0 255
0.0658431 0.0664842 -0.0321054 0 0 255
0.0658562 0.0681297 -0.0319355 0 0 255
0.0655964 0.0697339 -0.0320399 0 0 255
0.0650648 0.0712943 -0.0324182 0 0 255
0.0656223 0.0730231 -0.0317002 0 0 255
0.0659081 0.0747118 -0.0312557 0 0 255
0.0653758 0.0762677 -0.0316349 0 0 255
0.0651166 0.0778659 -0.0317394 0 0 255
0.0664935 0.0797420 -0.0301949 0 0 255
0.0656873 0.0812468 -0.0308508 0 0 255
0.0654278 0.0828432 -0.0309557 0 0 255
0.0651686 0.0844380 -0.0310606 0 0 255
0.0649096 0.0860310 -0.0311653 0 0 255
0.0649226 0.0876733 -0.0309957 0 0 255
0.0646638 0.0892638 -0.0311005 0 0 255
0.0646768 0.0909051 -0.0309309 0 0 255
0.0649615 0.0926000 -0.0304868 0 0 255
0.0652464 0.0942966 -0.0300423 0 0 255
0.0644442 0.0957742 -0.0306967 0 0 255
0.0360474 0.0915478 -0.0592616 0 0 255
0.0346144 0.0927931 -0.0605639 0 0 255
0.0341467 0.0942346 -0.0608900 0 0 255
0.0334409 0.0956216 -0.0614576 0 0 255
0.0334531 0.0971615 -0.0612985 0 0 255
0.0332264 0.0986483 -0.0613814 0 0 255
0.0327616 0.1000797 -0.0617057 0 0 255
0.0325356 0.1015627 -0.0617884 0 0 255
0.0325477 0.1030996 -0.0616296 0 0 255
0.0316126 0.1044133 -0.0624315 0 0 255
0.0323461 0.1076528 -0.0613948 0 0 255
0.0321236 0.1091314 -0.0614744 0 0 255
0.0321357 0.1106669 -0.0613158 0 0 255
0.0321479 0.1122023 -0.0611572 0 0 255
0.0326356 0.1138592 -0.0605153 0 0 255
0.0326478 0.1153962 -0.0603565 0 0 255
0.0326599 0.1169333 -0.0601978 0 0 255
0.0329103 0.1185335 -0.0597967 0 0 255
0.0331608 0.1201353 -0.0593953 0 0 255
0.0329345 0.1216093 -0.0594791 0 0 255
0.0336719 0.1248832 -0.0584353 0 0 255
0.0336841 0.1264235 -0.0582761 0 0 255
0.0344146 0.1281680 -0.0573852 0 0 255
0.0341870 0.1296417 -0.0574701 0 0 255
0.0341993 0.1311836 -0.0573108 0 0 255
0.0344512 0.1327960 -0.0569071 0 0 255
0.0349435 0.1344814 -0.0562580 0 0 255
0.0349557 0.1360256 -0.0560985 0 0 255
0.0352083 0.1376429 -0.0556936 0 0 255
0.0354612 0.1392619 -0.0552882 0 0 255
0.0357143 0.1408825 -0.0548825 0 0 255
0.0354856 0.1423537 -0.0549689 0 0 255
0.0357387 0.1439760 -0.0545630 0 0 255
0.0352723 0.1453697 -0.0548925 0 0 255
0.0352845 0.1469149 -0.0547329 0 0 255
0.0350562 0.1483817 -0.0548193 0 0 255
0.0348281 0.1498470 -0.0549056 0 0 255
0.0350806 0.1514706 -0.0545003 0 0 255
0.0355741 0.1531768 -0.0538480 0 0 255
0.0358272 0.1548046 -0.0534416 0 0 255
0.0368151 0.1582315 -0.0521347 0 0 255
0.0368273 0.1597816 -0.0519747 0 0 255
0.0373243 0.1615023 -0.0513175 0 0 255
0.0380656 0.1633131 -0.0504096 0 0 255
0.0385651 0.1650418 -0.0497492 0 0 255
0.0393101 0.1668626 -0.0488365 0 0 255
0.0398122 0.1685995 -0.0481728 0 0 255
0.0410533 0.1706117 -0.0467499 0 0 255
0.0413122 0.1722669 -0.0463352 0 0 255
0.0423131 0.1742019 -0.0451578 0 0 255
0.0425733 0.1758633 -0.0447412 0 0 255
0.0435794 0.1778106 -0.0435575 0 0 255
0.0438409 0.1794782 -0.0431390 0 0 255
0.0441027 0.1811475 -0.0427200 0 0 255
0.0443648 0.1828185 -0.0423006 0 0 255
0.0448773 0.1845898 -0.0416233 0 0 255
0.0451401 0.1862652 -0.0412027 0 0 255
0.0456541 0.1880429 -0.0405232 0 0 255
0.0469251 0.1901295 -0.0390636 0 0 255
0.0482027 0.1922270 -0.0375964 0 0 255
0.0489775 0.1941264 -0.0366467 0 0 255
0.0492446 0.1958207 -0.0362201 0 0 255
0.0505343 0.1979429 -0.0347385 0 0 255
0.0508030 0.1996446 -0.0343096 0 0 255
0.0508156 0.2012395 -0.0341448 0 0 255
0.0508282 0.2028345 -0.0339801 0 0 255
0.0510973 0.2045397 -0.0335504 0 0 255
0.0511099 0.2061356 -0.0333856 0 0 255
0.0500980 0.2072846 -0.0342794 0 0 255
0.0498551 0.2087649 -0.0343790 0 0 255
0.0491029 0.2100182 -0.0350053 0 0 255
0.0483530 0.2112675 -0.0356298 0 0 255
0.0478585 0.2126267 -0.0359904 0 0 255
0.0471124 0.2138688 -0.0366117 0 0 255
0.0466205 0.2152218 -0.0369704 0 0 255
0.0461296 0.2165720 -0.0373283 0 0 255
0.0451384 0.2176879 -0.0382048 0 0 255
0.0449006 0.2191478 -0.0383012 0 0 255
0.0449131 0.2207234 -0.0381385 0 0 255
0.0441762 0.2219455 -0.0387527 0 0 255
0.0436903 0.2232819 -0.0391070 0 0 255
0.0434540 0.2247346 -0.0392026 0 0 255
0.0424769 0.2258291 -0.0400671 0 0 255
0.0419945 0.2271569 -0.0404187 0 0 255
0.0417599 0.2286024 -0.0405135 0 0 255
0.0417722 0.2301677 -0.0403517 0 0 255
0.0415378 0.2316109 -0.0404465 0 0 255
0.0415502 0.2331754 -0.0402849 0 0 255
0.0408238 0.2343699 -0.0408913 0 0 255
0.0408361 0.2359320 -0.0407299 0 0 255
0.0403571 0.2372450 -0.0410796 0 0 255
0.0398791 0.2385552 -0.0414286 0 0 255
0.0389137 0.2396121 -0.0422851 0 0 255
0.0384386 0.2409160 -0.0426317 0 0 255
0.0367528 0.2415872 -0.0442395 0 0 255
0.0353191 0.2423792 -0.0455857 0 0 255
0.0350911 0.2437969 -0.0456765 0 0 255
0.0358245 0.2457223 -0.0447654 0 0 255
0.0372857 0.2480403 -0.0430951 0 0 255
0.0377829 0.2498508 -0.0424291 0 0 255
0.0390119 0.2520593 -0.0409995 0 0 255
0.0404925 0.2544121 -0.0393065 0 0 255
0.0407504 0.2561069 -0.0388890 0 0 255
0.0400267 0.2572643 -0.0394962 0 0 255
0.0429970 0.2604574 -0.0362457 0 0 255
0.0457532 0.2635505 -0.0332172 0 0 255
0.0462678 0.2654090 -0.0325294 0 0 255
0.0490706 0.2701379 -0.0292985 0 0 255
0.0495922 0.2720157 -0.0286019 0 0 255
0.0501148 0.2738974 -0.0279040 0 0 255
0.0493626 0.2750494 -0.0285400 0 0 255
0.0491207 0.2764917 -0.0286422 0 0 255
0.0486252 0.2777848 -0.0290102 0 0 255
0.0518965 -0.0911611 -0.0587192 0 0 255
0.0516501 -0.0895123 -0.0588074 0 0 255
0.0511454 -0.0878228 -0.0591490 0 0 255
0.0501266 -0.0860540 -0.0599953 0 0 255
0.0498819 -0.0844138 -0.0600825 0 0 255
0.0483569 -0.0825778 -0.0614267 0 0 255
0.0481141 -0.0809454 -0.0615128 0 0 255
0.0468538 -0.0791643 -0.0625984 0 0 255
0.0461058 -0.0774654 -0.0631815 0 0 255
0.0451080 -0.0757363 -0.0640106 0 0 255
0.0441143 -0.0740142 -0.0648364 0 0 255
0.0431246 -0.0722993 -0.0656587 0 0 255
0.0423882 -0.0706242 -0.0662325 0 0 255
0.0416541 -0.0689542 -0.0668046 0 0 255
0.0406776 -0.0672588 -0.0676156 0 0 255
0.0399488 -0.0655999 -0.0681835 0 0 255
0.0394681 -0.0639753 -0.0685072 0 0 255
0.0394805 -0.0624106 -0.0683456 0 0 255
0.0382649 -0.0607085 -0.0693943 0 0 255
0.0382772 -0.0591478 -0.0692331 0 0 255
0.0378001 -0.0575354 -0.0695545 0 0 255
0.0370801 -0.0559015 -0.0701160 0 0 255
0.0366054 -0.0542965 -0.0704358 0 0 255
0.0363745 -0.0527180 -0.0705151 0 0 255
0.0363868 -0.0511636 -0.0703545 0 0 255
0.0359135 -0.0495658 -0.0706736 0 0 255
0.0359258 -0.0480129 -0.0705132 0 0 255
0.0359380 -0.0464600 -0.0703528 0 0 255
0.0357079 -0.0448878 -0.0704320 0 0 255
0.0354780 -0.0433172 -0.0705112 0 0 255
0.0354902 -0.0417658 -0.0703509 0 0 255
0.0352605 -0.0401975 -0.0704302 0 0 255
0.0357569 -0.0386790 -0.0697907 0 0 255
0.0352850 -0.0370962 -0.0701098 0 0 255
0.0352972 -0.0355455 -0.0699496 0 0 255
0.0355514 -0.0340085 -0.0695497 0 0 255
0.0355637 -0.0324570 -0.0693894 0 0 255
0.0355759 -0.0309054 -0.0692292 0 0 255
0.0355882 -0.0293538 -0.0690689 0 0 255
0.0353584 -0.0277917 -0.0691487 0 0 255
0.0356127 -0.0262507 -0.0687483 0 0 255
0.0356249 -0.0246990 -0.0685880 0 0 255
0.0356371 -0.0231474 -0.0684278 0 0 255
0.0354074 -0.0215883 -0.0685079 0 0 255
0.0356616 -0.0200440 -0.0681072 0 0 255
0.0361587 -0.0185040 -0.0674651 0 0 255
0.0359284 -0.0169456 -0.0675458 0 0 255
0.0361832 -0.0153974 -0.0671442 0 0 255
0.0369246 -0.0138544 -0.0662583 0 0 255
0.0371803 -0.0123014 -0.0658553 0 0 255
-0.0160580 -0.0103304 -0.1187085 0 0 255
-0.0213644 -0.0089230 -0.1238609 0 0 255
-0.0250729 -0.0075522 -0.1274249 0 0 255
-0.0257982 -0.0061997 -0.1280184 0 0 255
-0.0312229 -0.0048765 -0.1332967 0 0 255
0.0376872 0.0515338 -0.0592584 0 0 255
0.0647795 0.0597774 -0.0314796 0 0 255
0.0645204 0.0613860 -0.0315843 0 0 255
0.0650780 0.0631059 -0.0308646 0 0 255
0.0648185 0.0647136 -0.0309697 0 0 255
0.0642874 0.0662802 -0.0313494 0 0 255
0.0648444 0.0680046 -0.0306298 0 0 255
0.0645853 0.0696089 -0.0307349 0 0 255
0.0648705 0.0712957 -0.0302898 0 0 255
0.0640677 0.0728123 -0.0309449 0 0 255
0.0635383 0.0743679 -0.0313239 0 0 255
0.0632805 0.0759645 -0.0314284 0 0 255
0.0632934 0.0776048 -0.0312589 0 0 255
0.0635771 0.0792915 -0.0308153 0 0 255
0.0635901 0.0809327 -0.0306458 0 0 255
0.0630617 0.0824779 -0.0310248 0 0 255
0.0636160 0.0842153 -0.0303067 0 0 255
0.0633581 0.0858067 -0.0304118 0 0 255
0.0633711 0.0874472 -0.0302423 0 0 255
0.0636548 0.0891393 -0.0297981 0 0 255
0.0636678 0.0907806 -0.0296286 0 0 255
0.0636808 0.0924220 -0.0294590 0 0 255
0.0634228 0.0940092 -0.0295645 0 0 255
0.0634358 0.0956498 -0.0293950 0 0 255
0.0631781 0.0972344 -0.0295005 0 0 255
0.0607690 0.0983657 -0.0317928 0 0 255
0.0397462 0.0955135 -0.0530100 0 0 255
0.0329717 0.0956083 -0.0597503 0 0 255
0.0325064 0.0970448 -0.0600768 0 0 255
0.0329961 0.0986912 -0.0594319 0 0 255
0.0322924 0.1000708 -0.0600013 0 0 255
0.0320664 0.1015554 -0.0600848 0 0 255
0.0318406 0.1030385 -0.0601682 0 0 255
0.0318528 0.1045762 -0.0600093 0 0 255
0.0316272 0.1060571 -0.0600927 0 0 255
0.0318770 0.1076517 -0.0596916 0 0 255
0.0318892 0.1091894 -0.0595328 0 0 255
0.0321392 0.1107864 -0.0591313 0 0 255
0.0321513 0.1123250 -0.0589724 0 0 255
0.0324017 0.1139244 -0.0585703 0 0 255
0.0321757 0.1154022 -0.0586545 0 0 255
0.0324261 0.1170032 -0.0582522 0 0 255
0.0324382 0.1185426 -0.0580932 0 0 255
0.0326888 0.1201460 -0.0576905 0 0 255
0.0331785 0.1218160 -0.0570432 0 0 255
0.0329518 0.1232921 -0.0571283 0 0 255
0.0334421 0.1249661 -0.0564800 0 0 255
0.0334542 0.1265088 -0.0563207 0 0 255
0.0337059 0.1281195 -0.0559163 0 0 255
0.0339578 0.1297320 -0.0555114 0 0 255
0.0342099 0.1313460 -0.0551063 0 0 255
0.0344623 0.1329617 -0.0547006 0 0 255
0.0347149 0.1345791 -0.0542946 0 0 255
0.0347271 0.1361257 -0.0541348 0 0 255
0.0357036 0.1379655 -0.0529864 0 0 255
0.0354743 0.1394411 -0.0530739 0 0 255
0.0354866 0.1409902 -0.0529139 0 0 255
0.0357403 0.1426150 -0.0525061 0 0 255
0.0357524 0.1441649 -0.0523461 0 0 255
0.0352820 0.1455602 -0.0526815 0 0 255
0.0350533 0.1470307 -0.0527692 0 0 255
0.0353065 0.1486570 -0.0523617 0 0 255
0.0350777 0.1501258 -0.0524495 0 0 255
0.0350899 0.1516735 -0.0522896 0 0 255
0.0353431 0.1533022 -0.0518819 0 0 255
0.0353553 0.1548506 -0.0517220 0 0 255
0.0356088 0.1564818 -0.0513138 0 0 255
0.0363463 0.1582821 -0.0504072 0 0 255
0.0368433 0.1600031 -0.0497478 0 0 255
0.0370983 0.1616419 -0.0493373 0 0 255
0.0378403 0.1634557 -0.0484250 0 0 255
0.0380964 0.1650996 -0.0480130 0 0 255
0.0390862 0.1670110 -0.0468445 0 0 255
0.0405723 0.1691102 -0.0451635 0 0 255
0.0408313 0.1707664 -0.0447474 0 0 255
0.0413374 0.1725162 -0.0440761 0 0 255
0.0423405 0.1744557 -0.0428917 0 0 255
0.0428498 0.1762147 -0.0422164 0 0 255
0.0433602 0.1779774 -0.0415397 0 0 255
0.0436220 0.1796476 -0.0411195 0 0 255
0.0431359 0.1810291 -0.0414720 0 0 255
0.0441463 0.1829932 -0.0402778 0 0 255
0.0449100 0.1848664 -0.0393382 0 0 255
0.0451734 0.1865454 -0.0389156 0 0 255
0.0466969 0.1887317 -0.0371890 0 0 255
0.0482300 0.1909315 -0.0354517 0 0 255
0.0484970 0.1926251 -0.0350241 0 0 255
0.0490190 0.1944252 -0.0343322 0 0 255
0.0497978 0.1963349 -0.0333740 0 0 255
0.0503226 0.1981436 -0.0326785 0 0 255
0.0500790 0.1996324 -0.0327792 0 0 255
0.0498356 0.2011197 -0.0328798 0 0 255
0.0498482 0.2027147 -0.0327150 0 0 255
0.0496050 0.2041997 -0.0328156 0 0 255
0.0498733 0.2059047 -0.0323855 0 0 255
0.0491195 0.2071650 -0.0330163 0 0 255
0.0491320 0.2087576 -0.0328518 0 0 255
0.0486350 0.2101243 -0.0332166 0 0 255
0.0478850 0.2113748 -0.0338445 0 0 255
0.0473905 0.2127353 -0.0342073 0 0 255
0.0463920 0.2138642 -0.0350943 0 0 255
0.0461524 0.2153329 -0.0351929 0 0 255
0.0454102 0.2165689 -0.0358145 0 0 255
0.0449208 0.2179171 -0.0361734 0 0 255
0.0441824 0.2191460 -0.0367918 0 0 255
0.0441948 0.2207224 -0.0366290 0 0 255
0.0434586 0.2219452 -0.0372457 0 0 255
0.0432220 0.2234007 -0.0373425 0 0 255
0.0427372 0.2247358 -0.0376982 0 0 255
0.0425013 0.2261877 -0.0377946 0 0 255
0.0417734 0.2273992 -0.0384042 0 0 255
0.0410448 0.2286056 -0.0390150 0 0 255
0.0415509 0.2304145 -0.0383381 0 0 255
0.0408230 0.2316157 -0.0389488 0 0 255
0.0403430 0.2329357 -0.0393010 0 0 255
0.0401096 0.2343761 -0.0393960 0 0 255
0.0398763 0.2358150 -0.0394911 0 0 255
0.0396434 0.2372526 -0.0395861 0 0 255
0.0396557 0.2388140 -0.0394248 0 0 255
0.0384452 0.2397463 -0.0405418 0 0 255
0.0384575 0.2413038 -0.0403809 0 0 255
0.0374960 0.2423540 -0.0412386 0 0 255
0.0365383 0.2433999 -0.0420929 0 0 255
0.0363087 0.2448236 -0.0421858 0 0 255
0.0375327 0.2470169 -0.0407570 0 0 255
0.0377882 0.2487011 -0.0403419 0 0 255
0.0382873 0.2505178 -0.0396711 0 0 255
0.0395214 0.2527347 -0.0382301 0 0 255
0.0400242 0.2545620 -0.0375547 0 0 255
0.0400365 0.2561243 -0.0373934 0 0 255
0.0405403 0.2579571 -0.0367165 0 0 255
0.0425289 0.2606143 -0.0344818 0 0 255
0.0445337 0.2632934 -0.0322287 0 0 255
0.0445461 0.2648704 -0.0320658 0 0 255
0.0468293 0.2693028 -0.0293681 0 0 255
0.0463406 0.2706017 -0.0297310 0 0 255
0.0466051 0.2723288 -0.0293027 0 0 255
0.0463656 0.2737672 -0.0294041 0 0 255
0.0506503 -0.0912405 -0.0576993 0 0 255
0.0493742 -0.0894194 -0.0588028 0 0 255
0.0501593 -0.0879462 -0.0578764 0 0 255
0.0491425 -0.0861771 -0.0587254 0 0 255
0.0488983 -0.0845369 -0.0588132 0 0 255
0.0476314 -0.0827399 -0.0599099 0 0 255
0.0463712 -0.0809523 -0.0610007 0 0 255
0.0458764 -0.0792865 -0.0613370 0 0 255
0.0451299 -0.0775875 -0.0619221 0 0 255
0.0443858 -0.0758937 -0.0625053 0 0 255
0.0433930 -0.0741705 -0.0633346 0 0 255
0.0424044 -0.0724543 -0.0641603 0 0 255
0.0419178 -0.0708109 -0.0644906 0 0 255
0.0409352 -0.0691069 -0.0653115 0 0 255
0.0394658 -0.0673483 -0.0666144 0 0 255
0.0389853 -0.0657203 -0.0669401 0 0 255
0.0385057 -0.0640955 -0.0672652 0 0 255
0.0382725 -0.0625024 -0.0673466 0 0 255
0.0380394 -0.0609109 -0.0674280 0 0 255
0.0375618 -0.0592943 -0.0677518 0 0 255
0.0368410 -0.0576552 -0.0683168 0 0 255
0.0361225 -0.0560210 -0.0688802 0 0 255
0.0361348 -0.0544642 -0.0687193 0 0 255
0.0359039 -0.0528840 -0.0687996 0 0 255
0.0354307 -0.0512829 -0.0691206 0 0 255
0.0352005 -0.0497067 -0.0692005 0 0 255
0.0349706 -0.0481321 -0.0692804 0 0 255
0.0349828 -0.0465792 -0.0691200 0 0 255
0.0349951 -0.0450262 -0.0689596 0 0 255
0.0345237 -0.0434362 -0.0692797 0 0 255
0.0350196 -0.0419202 -0.0686388 0 0 255
0.0343067 -0.0403164 -0.0691993 0 0 255
0.0345604 -0.0387819 -0.0687989 0 0 255
0.0348144 -0.0372458 -0.0683982 0 0 255
0.0348267 -0.0356935 -0.0682378 0 0 255
0.0345972 -0.0341274 -0.0683181 0 0 255
0.0348511 -0.0325888 -0.0679171 0 0 255
0.0343801 -0.0310121 -0.0682381 0 0 255
0.0343924 -0.0294613 -0.0680780 0 0 255
0.0344046 -0.0279105 -0.0679178 0 0 255
0.0344168 -0.0263597 -0.0677575 0 0 255
0.0341878 -0.0247998 -0.0678380 0 0 255
0.0342000 -0.0232497 -0.0676779 0 0 255
0.0344535 -0.0217071 -0.0672770 0 0 255
0.0349491 -0.0201695 -0.0666342 0 0 255
0.0352033 -0.0186229 -0.0662322 0 0 255
0.0352156 -0.0170696 -0.0660717 0 0 255
0.0354702 -0.0155205 -0.0656691 0 0 255
0.0362108 -0.0139770 -0.0647806 0 0 255
0.0367099 -0.0124260 -0.0641330 0 0 255
-0.0222152 -0.0103935 -0.1229177 0 0 255
-0.0233249 -0.0090221 -0.1238976 0 0 255
-0.0281012 -0.0076523 -0.1285475 0 0 255
-0.0334769 -0.0063149 -0.1338006 0 0 255
0.0637679 0.0596522 -0.0301739 0 0 255
0.0637810 0.0612977 -0.0300039 0 0 255
0.0637939 0.0629431 -0.0298339 0 0 255
0.0638069 0.0645886 -0.0296640 0 0 255
0.0632769 0.0661553 -0.0300450 0 0 255
0.0627480 0.0677187 -0.0304251 0 0 255
0.0622202 0.0692788 -0.0308046 0 0 255
0.0622332 0.0709190 -0.0306352 0 0 255
0.0619762 0.0725166 -0.0307400 0 0 255
0.0619891 0.0741561 -0.0305706 0 0 255
0.0620021 0.0757955 -0.0304012 0 0 255
0.0617453 0.0773897 -0.0305061 0 0 255
0.0625681 0.0791668 -0.0295131 0 0 255
0.0620408 0.0807139 -0.0298932 0 0 255
0.0620537 0.0823535 -0.0297238 0 0 255
0.0623367 0.0840418 -0.0292796 0 0 255
0.0620796 0.0856326 -0.0293851 0 0 255
0.0626328 0.0873734 -0.0286654 0 0 255
0.0626458 0.0890147 -0.0284958 0 0 255
0.0626587 0.0906561 -0.0283262 0 0 255
0.0626717 0.0922975 -0.0281567 0 0 255
0.0626846 0.0939390 -0.0279871 0 0 255
0.0624272 0.0955254 -0.0280934 0 0 255
0.0624402 0.0971660 -0.0279239 0 0 255
0.0611058 0.0985235 -0.0291299 0 0 255
0.0587117 0.0996462 -0.0314192 0 0 255
0.0592574 0.1013901 -0.0307065 0 0 255
0.0410282 0.0990098 -0.0491794 0 0 255
0.0320485 0.0985744 -0.0582088 0 0 255
0.0318222 0.1000620 -0.0582933 0 0 255
0.0311207 0.1014389 -0.0588641 0 0 255
0.0313706 0.1030327 -0.0584620 0 0 255
0.0311450 0.1045159 -0.0585462 0 0 255
0.0306825 0.1059408 -0.0588733 0 0 255
0.0311692 0.1075929 -0.0582284 0 0 255
0.0318952 0.1093069 -0.0573383 0 0 255
0.0316692 0.1107885 -0.0574232 0 0 255
0.0319195 0.1123887 -0.0570199 0 0 255
0.0319316 0.1139297 -0.0568608 0 0 255
0.0324209 0.1155941 -0.0562123 0 0 255
0.0321944 0.1170740 -0.0562978 0 0 255
0.0322066 0.1186158 -0.0561385 0 0 255
0.0324574 0.1202217 -0.0557342 0 0 255
0.0324696 0.1217643 -0.0555749 0 0 255
0.0327207 0.1233726 -0.0551701 0 0 255
0.0332115 0.1250493 -0.0545189 0 0 255
0.0329842 0.1265268 -0.0546054 0 0 255
0.0337155 0.1282759 -0.0537066 0 0 255
0.0337277 0.1298224 -0.0535468 0 0 255
0.0337399 0.1313690 -0.0533871 0 0 255
0.0337521 0.1329157 -0.0532273 0 0 255
0.0342450 0.1346054 -0.0525728 0 0 255
0.0342572 0.1361537 -0.0524129 0 0 255
0.0347510 0.1378485 -0.0517569 0 0 255
0.0347632 0.1393983 -0.0515968 0 0 255
0.0350167 0.1410232 -0.0511881 0 0 255
0.0352704 0.1426497 -0.0507790 0 0 255
0.0350411 0.1441245 -0.0508678 0 0 255
0.0355366 0.1458301 -0.0502092 0 0 255
0.0350656 0.1472259 -0.0505474 0 0 255
0.0355610 0.1489347 -0.0498885 0 0 255
0.0350900 0.1503274 -0.0502271 0 0 255
0.0353437 0.1519587 -0.0498175 0 0 255
0.0353560 0.1535103 -0.0496572 0 0 255
0.0358520 0.1552264 -0.0489970 0 0 255
0.0358642 0.1567796 -0.0488366 0 0 255
0.0366040 0.1585849 -0.0479239 0 0 255
0.0373460 0.1603958 -0.0470084 0 0 255
0.0378461 0.1621260 -0.0463428 0 0 255
0.0378584 0.1636856 -0.0461817 0 0 255
0.0383595 0.1654210 -0.0455146 0 0 255
0.0395981 0.1674271 -0.0440835 0 0 255
0.0403493 0.1692628 -0.0431565 0 0 255
0.0408555 0.1710129 -0.0424828 0 0 255
0.0408679 0.1725822 -0.0423207 0 0 255
0.0418710 0.1745238 -0.0411315 0 0 255
0.0428783 0.1764734 -0.0399373 0 0 255
0.0428907 0.1780493 -0.0397745 0 0 255
0.0436521 0.1799138 -0.0388346 0 0 255
0.0444158 0.1817842 -0.0378917 0 0 255
0.0444282 0.1833649 -0.0377284 0 0 255
0.0449429 0.1851442 -0.0370436 0 0 255
0.0452068 0.1868268 -0.0366189 0 0 255
0.0472405 0.1892221 -0.0343549 0 0 255
0.0482700 0.1912238 -0.0331334 0 0 255
0.0487926 0.1930252 -0.0324385 0 0 255
0.0488052 0.1946201 -0.0322737 0 0 255
0.0490732 0.1963210 -0.0318432 0 0 255
0.0488303 0.1978099 -0.0319442 0 0 255
0.0485877 0.1992974 -0.0320452 0 0 255
0.0488555 0.2009999 -0.0316147 0 0 255
0.0488680 0.2025949 -0.0314500 0 0 255
0.0486254 0.2040799 -0.0315511 0 0 255
0.0486380 0.2056741 -0.0313864 0 0 255
0.0481409 0.2070454 -0.0317532 0 0 255
0.0484082 0.2087502 -0.0313230 0 0 255
0.0481660 0.2102306 -0.0314242 0 0 255
0.0474160 0.2114823 -0.0320554 0 0 255
0.0466683 0.2127301 -0.0326848 0 0 255
0.0461753 0.2140885 -0.0330487 0 0 255
0.0454315 0.2153290 -0.0336747 0 0 255
0.0449411 0.2166813 -0.0340366 0 0 255
0.0447025 0.2181470 -0.0341356 0 0 255
0.0437132 0.2192608 -0.0350195 0 0 255
0.0434758 0.2207215 -0.0351177 0 0 255
0.0432387 0.2221806 -0.0352159 0 0 255
0.0430019 0.2236383 -0.0353138 0 0 255
0.0425164 0.2249752 -0.0356722 0 0 255
0.0420320 0.2263093 -0.0360298 0 0 255
0.0417963 0.2277612 -0.0361272 0 0 255
0.0405754 0.2287294 -0.0372568 0 0 255
0.0405878 0.2302970 -0.0370948 0 0 255
0.0401073 0.2316204 -0.0374495 0 0 255
0.0398736 0.2330637 -0.0375457 0 0 255
0.0398860 0.2346290 -0.0373840 0 0 255
0.0396525 0.2360701 -0.0374802 0 0 255
0.0394193 0.2375097 -0.0375763 0 0 255
0.0396771 0.2391992 -0.0371570 0 0 255
0.0391986 0.2405109 -0.0375108 0 0 255
0.0384765 0.2416931 -0.0381208 0 0 255
0.0382444 0.2431263 -0.0382164 0 0 255
0.0380127 0.2445580 -0.0383118 0 0 255
0.0380249 0.2461171 -0.0381507 0 0 255
0.0377934 0.2475466 -0.0382461 0 0 255
0.0382936 0.2493658 -0.0375718 0 0 255
0.0380619 0.2507945 -0.0376675 0 0 255
0.0392972 0.2530155 -0.0362192 0 0 255
0.0393095 0.2545787 -0.0360577 0 0 255
0.0393219 0.2561418 -0.0358962 0 0 255
0.0395795 0.2578402 -0.0354763 0 0 255
0.0415641 0.2604970 -0.0332364 0 0 255
0.0430663 0.2628977 -0.0315039 0 0 255
0.0435774 0.2647526 -0.0308153 0 0 255
0.0440896 0.2666113 -0.0301253 0 0 255
0.0441021 0.2681899 -0.0299622 0 0 255
0.0436147 0.2694836 -0.0303266 0 0 255
0.0438769 0.2712038 -0.0299001 0 0 255
0.0494053 -0.0913197 -0.0566803 0 0 255
0.0486463 -0.0895859 -0.0572782 0 0 255
0.0486589 -0.0879846 -0.0571128 0 0 255
0.0479022 -0.0862587 -0.0577091 0 0 255
0.0481710 -0.0847006 -0.0572902 0 0 255
0.0461415 -0.0827835 -0.0591480 0 0 255
0.0453927 -0.0810746 -0.0597380 0 0 255
0.0446462 -0.0793711 -0.0603262 0 0 255
0.0441540 -0.0777095 -0.0606627 0 0 255
0.0434113 -0.0760155 -0.0612478 0 0 255
0.0421704 -0.0742572 -0.0623279 0 0 255
0.0416833 -0.0726095 -0.0626605 0 0 255
0.0409484 -0.0709321 -0.0632396 0 0 255
0.0409608 -0.0693562 -0.0630768 0 0 255
0.0387478 -0.0674999 -0.0651250 0 0 255
0.0385138 -0.0659010 -0.0652078 0 0 255
0.0377886 -0.0642450 -0.0657791 0 0 255
0.0373105 -0.0626226 -0.0661051 0 0 255
0.0370780 -0.0610310 -0.0661871 0 0 255
0.0368457 -0.0594411 -0.0662690 0 0 255
0.0363695 -0.0578268 -0.0665939 0 0 255
0.0356509 -0.0561906 -0.0671604 0 0 255
0.0354200 -0.0546080 -0.0672416 0 0 255
0.0349468 -0.0530035 -0.0675644 0 0 255
0.0349590 -0.0514474 -0.0674037 0 0 255
0.0347289 -0.0498695 -0.0674846 0 0 255
0.0344990 -0.0482932 -0.0675654 0 0 255
0.0345113 -0.0467387 -0.0674048 0 0 255
0.0342816 -0.0451647 -0.0674857 0 0 255
0.0340521 -0.0435923 -0.0675665 0 0 255
0.0338229 -0.0420215 -0.0676471 0 0 255
0.0338351 -0.0404693 -0.0674867 0 0 255
0.0336061 -0.0389008 -0.0675674 0 0 255
0.0341011 -0.0373802 -0.0669247 0 0 255
0.0336306 -0.0357978 -0.0672469 0 0 255
0.0336429 -0.0342463 -0.0670866 0 0 255
0.0336551 -0.0326947 -0.0669263 0 0 255
0.0339086 -0.0311554 -0.0665246 0 0 255
0.0334385 -0.0295801 -0.0668470 0 0 255
0.0332100 -0.0280186 -0.0669279 0 0 255
0.0334630 -0.0264784 -0.0665266 0 0 255
0.0334752 -0.0249276 -0.0663663 0 0 255
0.0332466 -0.0233684 -0.0664475 0 0 255
0.0337407 -0.0218333 -0.0658042 0 0 255
0.0339942 -0.0202883 -0.0654020 0 0 255
0.0337651 -0.0187299 -0.0654837 0 0 255
0.0340187 -0.0171833 -0.0650812 0 0 255
0.0345143 -0.0156395 -0.0644356 0 0 255
0.0347686 -0.0140889 -0.0640320 0 0 255
0.0355086 -0.0125423 -0.0631404 0 0 255
-0.0234288 -0.0104949 -0.1222087 0 0 255
-0.0249050 -0.0091225 -0.1235622 0 0 255
-0.0271050 -0.0077586 -0.1256443 0 0 255
0.0619439 0.0594199 -0.0296953 0 0 255
0.0614168 0.0609896 -0.0300756 0 0 255
0.0616996 0.0626680 -0.0296311 0 0 255
0.0614427 0.0642717 -0.0297366 0 0 255
0.0606475 0.0657955 -0.0303907 0 0 255
0.0595871 0.0672748 -0.0313160 0 0 255
0.0590649 0.0688287 -0.0316928 0 0 255
0.0593452 0.0705033 -0.0312513 0 0 255
0.0590907 0.0720952 -0.0313554 0 0 255
0.0591035 0.0737285 -0.0311866 0 0 255
0.0601877 0.0755382 -0.0299239 0 0 255
0.0593967 0.0770401 -0.0305760 0 0 255
0.0596772 0.0787201 -0.0301337 0 0 255
0.0596901 0.0803553 -0.0299648 0 0 255
0.0594353 0.0819429 -0.0300696 0 0 255
0.0591808 0.0835288 -0.0301743 0 0 255
0.0599968 0.0853102 -0.0291839 0 0 255
0.0602780 0.0869965 -0.0287403 0 0 255
0.0600226 0.0885824 -0.0288458 0 0 255
0.0600355 0.0902185 -0.0286768 0 0 255
0.0608542 0.0920136 -0.0276824 0 0 255
0.0608671 0.0936524 -0.0275131 0 0 255
0.0608800 0.0952912 -0.0273438 0 0 255
0.0603554 0.0968188 -0.0277256 0 0 255
0.0606369 0.0985124 -0.0272810 0 0 255
0.0593095 0.0998642 -0.0284868 0 0 255
0.0593225 0.1014979 -0.0283179 0 0 255
0.0580021 0.1028382 -0.0295178 0 0 255
0.0574836 0.1043489 -0.0298950 0 0 255
0.0315896 0.1001072 -0.0563370 0 0 255
0.0304122 0.1013769 -0.0573997 0 0 255
0.0304244 0.1029162 -0.0572408 0 0 255
0.0304365 0.1044554 -0.0570818 0 0 255
0.0304486 0.1059947 -0.0569228 0 0 255
0.0316504 0.1078229 -0.0555400 0 0 255
0.0321401 0.1094837 -0.0548891 0 0 255
0.0323914 0.1110881 -0.0544834 0 0 255
0.0319256 0.1125129 -0.0548159 0 0 255
0.0316990 0.1139959 -0.0549023 0 0 255
0.0319499 0.1156011 -0.0544969 0 0 255
0.0317234 0.1170825 -0.0545834 0 0 255
0.0319743 0.1186893 -0.0541779 0 0 255
0.0322253 0.1202976 -0.0537720 0 0 255
0.0322375 0.1218426 -0.0536124 0 0 255
0.0327283 0.1235193 -0.0529590 0 0 255
0.0327405 0.1250659 -0.0527992 0 0 255
0.0329924 0.1266800 -0.0523919 0 0 255
0.0332446 0.1282958 -0.0519843 0 0 255
0.0332568 0.1298440 -0.0518244 0 0 255
0.0335092 0.1314622 -0.0514162 0 0 255
0.0340025 0.1331531 -0.0507589 0 0 255
0.0340147 0.1347036 -0.0505987 0 0 255
0.0345091 0.1363996 -0.0499398 0 0 255
0.0345213 0.1379517 -0.0497795 0 0 255
0.0352587 0.1397272 -0.0488687 0 0 255
0.0352709 0.1412819 -0.0487082 0 0 255
0.0352832 0.1428365 -0.0485476 0 0 255
0.0352954 0.1443911 -0.0483870 0 0 255
0.0355499 0.1460235 -0.0479754 0 0 255
0.0353200 0.1475004 -0.0480657 0 0 255
0.0353322 0.1490551 -0.0479051 0 0 255
0.0353445 0.1506098 -0.0477445 0 0 255
0.0353567 0.1521645 -0.0475839 0 0 255
0.0356112 0.1538010 -0.0471720 0 0 255
0.0358660 0.1554391 -0.0467595 0 0 255
0.0361210 0.1570789 -0.0463467 0 0 255
0.0366195 0.1588048 -0.0456809 0 0 255
0.0373631 0.1606198 -0.0447600 0 0 255
0.0376197 0.1622673 -0.0443449 0 0 255
0.0381212 0.1640038 -0.0436749 0 0 255
0.0386238 0.1657440 -0.0430036 0 0 255
0.0396198 0.1676666 -0.0418187 0 0 255
0.0396321 0.1692350 -0.0416567 0 0 255
0.0398911 0.1708947 -0.0412380 0 0 255
0.0411400 0.1729253 -0.0397885 0 0 255
0.0416489 0.1746855 -0.0391089 0 0 255
0.0426573 0.1766385 -0.0379087 0 0 255
0.0424203 0.1781213 -0.0380055 0 0 255
0.0439330 0.1802779 -0.0362788 0 0 255
0.0439454 0.1818603 -0.0361154 0 0 255
0.0439579 0.1834427 -0.0359519 0 0 255
0.0442213 0.1851245 -0.0355266 0 0 255
0.0459979 0.1874117 -0.0335221 0 0 255
0.0462635 0.1891025 -0.0330938 0 0 255
0.0467829 0.1908980 -0.0324002 0 0 255
0.0473035 0.1926973 -0.0317051 0 0 255
0.0473160 0.1942905 -0.0315406 0 0 255
0.0473286 0.1958838 -0.0313759 0 0 255
0.0470870 0.1973706 -0.0314771 0 0 255
0.0470996 0.1989632 -0.0313126 0 0 255
0.0476207 0.2007719 -0.0306160 0 0 255
0.0473788 0.2022570 -0.0307176 0 0 255
0.0468833 0.2036312 -0.0310848 0 0 255
0.0466423 0.2051126 -0.0311859 0 0 255
0.0471624 0.2069259 -0.0304900 0 0 255
0.0466673 0.2082945 -0.0308572 0 0 255
0.0464264 0.2097728 -0.0309585 0 0 255
0.0464390 0.2113630 -0.0307942 0 0 255
0.0456928 0.2126109 -0.0314255 0 0 255
0.0454529 0.2140840 -0.0315262 0 0 255
0.0444585 0.2152102 -0.0324187 0 0 255
0.0437185 0.2164472 -0.0330448 0 0 255
0.0432305 0.2177962 -0.0334068 0 0 255
0.0429932 0.2192591 -0.0335060 0 0 255
0.0425067 0.2206032 -0.0338669 0 0 255
0.0422701 0.2220624 -0.0339656 0 0 255
0.0415369 0.2232832 -0.0345864 0 0 255
0.0415493 0.2248572 -0.0344239 0 0 255
0.0413137 0.2263113 -0.0345221 0 0 255
0.0400927 0.2272842 -0.0356570 0 0 255
0.0401050 0.2288534 -0.0354950 0 0 255
0.0401174 0.2304227 -0.0353329 0 0 255
0.0393909 0.2316252 -0.0359487 0 0 255
0.0389119 0.2329465 -0.0363044 0 0 255
0.0386789 0.2343884 -0.0364010 0 0 255
0.0391822 0.2362014 -0.0357221 0 0 255
0.0387036 0.2375175 -0.0360778 0 0 255
0.0387159 0.2390821 -0.0359162 0 0 255
0.0389736 0.2407733 -0.0354958 0 0 255
0.0387406 0.2422113 -0.0355930 0 0 255
0.0380184 0.2433922 -0.0362065 0 0 255
0.0382753 0.2450830 -0.0357869 0 0 255
0.0380430 0.2465167 -0.0358838 0 0 255
0.0380553 0.2480790 -0.0357224 0 0 255
0.0375792 0.2493798 -0.0360771 0 0 255
0.0373476 0.2508091 -0.0361736 0 0 255
0.0378479 0.2526336 -0.0354965 0 0 255
0.0376161 0.2540621 -0.0355934 0 0 255
0.0383616 0.2560251 -0.0346565 0 0 255
0.0386187 0.2577234 -0.0342360 0 0 255
0.0405994 0.2603797 -0.0319910 0 0 255
0.0416019 0.2625029 -0.0307804 0 0 255
0.0416144 0.2640766 -0.0306178 0 0 255
0.0421234 0.2659308 -0.0299291 0 0 255
0.0421358 0.2675062 -0.0297664 0 0 255
0.0421483 0.2690816 -0.0296037 0 0 255
0.0471491 -0.0896226 -0.0565160 0 0 255
0.0474176 -0.0880654 -0.0560963 0 0 255
0.0474302 -0.0864649 -0.0559309 0 0 255
0.0471869 -0.0848237 -0.0560202 0 0 255
0.0451615 -0.0829061 -0.0578834 0 0 255
0.0444142 -0.0811970 -0.0584753 0 0 255
0.0436692 -0.0794932 -0.0590654 0 0 255
0.0426754 -0.0777581 -0.0599039 0 0 255
0.0424370 -0.0761374 -0.0599903 0 0 255
0.0416981 -0.0744485 -0.0605756 0 0 255
0.0412110 -0.0727988 -0.0609103 0 0 255
0.0397308 -0.0710202 -0.0622360 0 0 255
0.0394953 -0.0694130 -0.0623206 0 0 255
0.0385188 -0.0677136 -0.0631451 0 0 255
0.0375493 -0.0660215 -0.0639631 0 0 255
0.0368255 -0.0643653 -0.0645363 0 0 255
0.0365930 -0.0627712 -0.0646192 0 0 255
0.0358723 -0.0611234 -0.0651902 0 0 255
0.0356407 -0.0595342 -0.0652726 0 0 255
0.0354094 -0.0579466 -0.0653549 0 0 255
0.0349352 -0.0563355 -0.0656803 0 0 255
0.0347045 -0.0547519 -0.0657623 0 0 255
0.0342318 -0.0531464 -0.0660868 0 0 255
0.0342440 -0.0515896 -0.0659260 0 0 255
0.0335305 -0.0499670 -0.0664920 0 0 255
0.0335428 -0.0484125 -0.0663314 0 0 255
0.0333136 -0.0468377 -0.0664128 0 0 255
0.0335673 -0.0453034 -0.0660102 0 0 255
0.0333381 -0.0437301 -0.0660917 0 0 255
0.0331091 -0.0421584 -0.0661732 0 0 255
0.0326396 -0.0405713 -0.0664961 0 0 255
0.0326518 -0.0390198 -0.0663359 0 0 255
0.0331458 -0.0374992 -0.0656919 0 0 255
0.0329171 -0.0359314 -0.0657735 0 0 255
0.0326885 -0.0343652 -0.0658550 0 0 255
0.0327007 -0.0328136 -0.0656947 0 0 255
0.0324724 -0.0312498 -0.0657762 0 0 255
0.0324846 -0.0296989 -0.0656160 0 0 255
0.0324969 -0.0281481 -0.0654558 0 0 255
0.0325091 -0.0265972 -0.0652955 0 0 255
0.0322811 -0.0250372 -0.0653771 0 0 255
0.0325336 -0.0234955 -0.0649751 0 0 255
0.0325458 -0.0219445 -0.0648148 0 0 255
0.0332805 -0.0204140 -0.0639268 0 0 255
0.0330516 -0.0188546 -0.0640092 0 0 255
0.0333049 -0.0173073 -0.0636058 0 0 255
0.0330761 -0.0157495 -0.0636884 0 0 255
0.0335708 -0.0142042 -0.0630414 0 0 255
0.0352793 -0.0126701 -0.0611692 0 0 255
-0.0268582 -0.0105770 -0.1237397 0 0 255
-0.0286779 -0.0092109 -0.1254477 0 0 255
-0.0451091 -0.0078271 -0.1419141 0 0 255
0.0157335 0.0488457 -0.0750485 0 0 255
0.0590653 0.0606831 -0.0301469 0 0 255
0.0582761 0.0622086 -0.0307986 0 0 255
0.0561625 0.0635411 -0.0328067 0 0 255
0.0561753 0.0651682 -0.0326386 0 0 255
0.0559236 0.0667561 -0.0327414 0 0 255
0.0559365 0.0683824 -0.0325735 0 0 255
0.0554210 0.0699269 -0.0329469 0 0 255
0.0567566 0.0717608 -0.0314228 0 0 255
0.0575666 0.0735184 -0.0304371 0 0 255
0.0578457 0.0751939 -0.0299953 0 0 255
0.0575922 0.0767816 -0.0300999 0 0 255
0.0573391 0.0783677 -0.0302045 0 0 255
0.0570862 0.0799521 -0.0303088 0 0 255
0.0576308 0.0816766 -0.0295942 0 0 255
0.0573776 0.0832602 -0.0296990 0 0 255
0.0576565 0.0849401 -0.0292571 0 0 255
0.0571375 0.0864720 -0.0296353 0 0 255
0.0579486 0.0882544 -0.0286461 0 0 255
0.0574291 0.0897837 -0.0290250 0 0 255
0.0579743 0.0915197 -0.0283087 0 0 255
0.0582538 0.0932059 -0.0278656 0 0 255
0.0582667 0.0948395 -0.0276968 0 0 255
0.0577466 0.0963627 -0.0280770 0 0 255
0.0574933 0.0979386 -0.0281826 0 0 255
0.0564446 0.0993428 -0.0291081 0 0 255
0.0567224 0.1010279 -0.0286668 0 0 255
0.0556770 0.1024233 -0.0295898 0 0 255
0.0556898 0.1040483 -0.0294219 0 0 255
0.0554388 0.1056136 -0.0295262 0 0 255
0.0316072 0.1017529 -0.0539685 0 0 255
0.0306652 0.1030765 -0.0547939 0 0 255
0.0313927 0.1047889 -0.0538957 0 0 255
0.0314048 0.1063344 -0.0537361 0 0 255
0.0318951 0.1079962 -0.0530824 0 0 255
0.0316681 0.1094844 -0.0531698 0 0 255
0.0316802 0.1110308 -0.0530101 0 0 255
0.0319316 0.1126376 -0.0526029 0 0 255
0.0319438 0.1141848 -0.0524431 0 0 255
0.0317168 0.1156700 -0.0525308 0 0 255
0.0312513 0.1170910 -0.0528655 0 0 255
0.0315022 0.1186994 -0.0524587 0 0 255
0.0317534 0.1203094 -0.0520515 0 0 255
0.0317655 0.1218559 -0.0518918 0 0 255
0.0322564 0.1235344 -0.0512359 0 0 255
0.0322686 0.1250825 -0.0510759 0 0 255
0.0322808 0.1266307 -0.0509160 0 0 255
0.0325327 0.1282472 -0.0505074 0 0 255
0.0330250 0.1299348 -0.0498492 0 0 255
0.0332777 0.1315556 -0.0494394 0 0 255
0.0335306 0.1331780 -0.0490292 0 0 255
0.0335429 0.1347302 -0.0488688 0 0 255
0.0335551 0.1362824 -0.0487084 0 0 255
0.0342910 0.1380553 -0.0477960 0 0 255
0.0340617 0.1395354 -0.0478865 0 0 255
0.0347991 0.1413152 -0.0469719 0 0 255
0.0345694 0.1427952 -0.0470628 0 0 255
0.0348237 0.1444276 -0.0466503 0 0 255
0.0348359 0.1459839 -0.0464896 0 0 255
0.0343644 0.1473831 -0.0468324 0 0 255
0.0348604 0.1490964 -0.0461680 0 0 255
0.0346306 0.1505726 -0.0462594 0 0 255
0.0346429 0.1521281 -0.0460987 0 0 255
0.0348972 0.1537654 -0.0456857 0 0 255
0.0353942 0.1554870 -0.0450194 0 0 255
0.0358922 0.1572122 -0.0443519 0 0 255
0.0366351 0.1590256 -0.0434285 0 0 255
0.0364036 0.1605021 -0.0435216 0 0 255
0.0369036 0.1622359 -0.0428511 0 0 255
0.0376495 0.1640608 -0.0419236 0 0 255
0.0386435 0.1659799 -0.0407366 0 0 255
0.0389020 0.1676379 -0.0403174 0 0 255
0.0391606 0.1692976 -0.0398979 0 0 255
0.0394195 0.1709590 -0.0394779 0 0 255
0.0401731 0.1728068 -0.0385404 0 0 255
0.0411775 0.1747539 -0.0373402 0 0 255
0.0424355 0.1768040 -0.0358739 0 0 255
0.0429481 0.1785764 -0.0351871 0 0 255
0.0432110 0.1802556 -0.0347614 0 0 255
0.0437251 0.1820344 -0.0340725 0 0 255
0.0447441 0.1840149 -0.0328543 0 0 255
0.0450089 0.1857031 -0.0324258 0 0 255
0.0452739 0.1873931 -0.0319969 0 0 255
0.0445296 0.1886781 -0.0326263 0 0 255
0.0447941 0.1903678 -0.0321980 0 0 255
0.0448067 0.1919562 -0.0320339 0 0 255
0.0448192 0.1935444 -0.0318698 0 0 255
0.0453366 0.1953428 -0.0311756 0 0 255
0.0450966 0.1968269 -0.0312766 0 0 255
0.0456145 0.1986296 -0.0305815 0 0 255
0.0451216 0.2000053 -0.0309482 0 0 255
0.0453867 0.2017028 -0.0305186 0 0 255
0.0448942 0.2030747 -0.0308852 0 0 255
0.0449068 0.2046631 -0.0307211 0 0 255
0.0451716 0.2063623 -0.0302916 0 0 255
0.0449318 0.2078401 -0.0303929 0 0 255
0.0451967 0.2095410 -0.0299632 0 0 255
0.0444528 0.2107911 -0.0305954 0 0 255
0.0439624 0.2121508 -0.0309612 0 0 255
0.0439748 0.2137361 -0.0307974 0 0 255
0.0429845 0.2148619 -0.0316905 0 0 255
0.0429969 0.2164439 -0.0315271 0 0 255
0.0420106 0.2175619 -0.0324169 0 0 255
0.0420231 0.2191407 -0.0322537 0 0 255
0.0415376 0.2204849 -0.0326160 0 0 255
0.0410532 0.2218264 -0.0329774 0 0 255
0.0410656 0.2234021 -0.0328146 0 0 255
0.0405822 0.2247392 -0.0331755 0 0 255
0.0405946 0.2263133 -0.0330129 0 0 255
0.0393749 0.2272867 -0.0341522 0 0 255
0.0393872 0.2288567 -0.0339900 0 0 255
0.0391532 0.2303051 -0.0340883 0 0 255
0.0384282 0.2315078 -0.0347060 0 0 255
0.0381952 0.2329519 -0.0348037 0 0 255
0.0379625 0.2343946 -0.0349012 0 0 255
0.0377300 0.2358358 -0.0349987 0 0 255
0.0382322 0.2376504 -0.0343183 0 0 255
0.0379995 0.2390907 -0.0344161 0 0 255
0.0382569 0.2407828 -0.0339947 0 0 255
0.0382693 0.2423490 -0.0338328 0 0 255
0.0382816 0.2439153 -0.0336711 0 0 255
0.0378040 0.2452236 -0.0340288 0 0 255
0.0375717 0.2466587 -0.0341266 0 0 255
0.0373397 0.2480924 -0.0342243 0 0 255
0.0368640 0.2493938 -0.0345808 0 0 255
0.0363892 0.2506925 -0.0349365 0 0 255
0.0368886 0.2525169 -0.0342581 0 0 255
0.0366572 0.2539455 -0.0343556 0 0 255
0.0369132 0.2556401 -0.0339355 0 0 255
0.0376579 0.2576065 -0.0329956 0 0 255
0.0393881 0.2601254 -0.0310076 0 0 255
0.0406352 0.2623853 -0.0295324 0 0 255
0.0406475 0.2639590 -0.0293699 0 0 255
0.0404125 0.2653929 -0.0294706 0 0 255
0.0406724 0.2671066 -0.0290447 0 0 255
0.0464330 -0.0881886 -0.0548256 0 0 255
0.0464456 -0.0865881 -0.0546602 0 0 255
0.0462028 -0.0849468 -0.0547502 0 0 255
0.0431710 -0.0828704 -0.0576291 0 0 255
0.0429315 -0.0812421 -0.0577168 0 0 255
0.0421896 -0.0795400 -0.0583076 0 0 255
0.0419511 -0.0779167 -0.0583948 0 0 255
0.0414625 -0.0762592 -0.0587327 0 0 255
0.0412247 -0.0746401 -0.0588197 0 0 255
0.0397415 -0.0728522 -0.0601545 0 0 255
0.0395055 -0.0712407 -0.0602403 0 0 255
0.0390219 -0.0695985 -0.0605746 0 0 255
0.0380453 -0.0678969 -0.0614035 0 0 255
0.0365848 -0.0661420 -0.0627184 0 0 255
0.0356182 -0.0644562 -0.0635387 0 0 255
0.0356305 -0.0628915 -0.0633770 0 0 255
0.0351548 -0.0612712 -0.0637053 0 0 255
0.0351671 -0.0597080 -0.0635438 0 0 255
0.0344493 -0.0580665 -0.0641159 0 0 255
0.0344616 -0.0565057 -0.0639546 0 0 255
0.0339883 -0.0548960 -0.0642814 0 0 255
0.0337581 -0.0533131 -0.0643641 0 0 255
0.0332864 -0.0517091 -0.0646900 0 0 255
0.0330569 -0.0501302 -0.0647724 0 0 255
0.0330692 -0.0485741 -0.0646116 0 0 255
0.0328400 -0.0469976 -0.0646939 0 0 255
0.0326110 -0.0454226 -0.0647761 0 0 255
0.0321416 -0.0438306 -0.0651008 0 0 255
0.0319133 -0.0422596 -0.0651827 0 0 255
0.0319255 -0.0407074 -0.0650224 0 0 255
0.0316975 -0.0391388 -0.0651043 0 0 255
0.0317097 -0.0375872 -0.0649440 0 0 255
0.0319623 -0.0360504 -0.0645412 0 0 255
0.0319745 -0.0344981 -0.0643808 0 0 255
0.0315064 -0.0329194 -0.0647054 0 0 255
0.0317586 -0.0313809 -0.0643027 0 0 255
0.0315308 -0.0298177 -0.0643849 0 0 255
0.0317831 -0.0282777 -0.0639821 0 0 255
0.0313154 -0.0267060 -0.0643069 0 0 255
0.0315675 -0.0251651 -0.0639043 0 0 255
0.0313399 -0.0236058 -0.0639866 0 0 255
0.0318319 -0.0220709 -0.0633409 0 0 255
0.0320846 -0.0205260 -0.0629373 0 0 255
0.0320967 -0.0189735 -0.0627769 0 0 255
0.0321090 -0.0174209 -0.0626165 0 0 255
0.0326027 -0.0158773 -0.0619683 0 0 255
0.0330973 -0.0143306 -0.0613189 0 0 255
-0.0160083 -0.0121790 -0.1109483 0 0 255
-0.0198424 -0.0107502 -0.1147032 0 0 255
-0.0534783 -0.0091807 -0.1486887 0 0 255
-0.0622923 -0.0078887 -0.1575105 0 0 255
-0.0104726 0.0428192 -0.1000879 0 0 255
0.0551365 0.0601631 -0.0318517 0 0 255
0.0551493 0.0617902 -0.0316836 0 0 255
0.0543709 0.0633051 -0.0323291 0 0 255
0.0546471 0.0649679 -0.0318903 0 0 255
0.0549237 0.0666325 -0.0314509 0 0 255
0.0541462 0.0681389 -0.0320964 0 0 255
0.0544221 0.0698035 -0.0316578 0 0 255
0.0549622 0.0715115 -0.0309469 0 0 255
0.0552390 0.0731805 -0.0305068 0 0 255
0.0549877 0.0747643 -0.0306109 0 0 255
0.0547368 0.0763464 -0.0307147 0 0 255
0.0550134 0.0780172 -0.0302747 0 0 255
0.0550262 0.0796437 -0.0301067 0 0 255
0.0555674 0.0813642 -0.0293934 0 0 255
0.0555803 0.0829924 -0.0292252 0 0 255
0.0553287 0.0845719 -0.0293299 0 0 255
0.0556059 0.0862490 -0.0288888 0 0 255
0.0558834 0.0879278 -0.0284471 0 0 255
0.0553672 0.0894542 -0.0288255 0 0 255
0.0559091 0.0911862 -0.0281104 0 0 255
0.0559219 0.0928155 -0.0279422 0 0 255
0.0559347 0.0944447 -0.0277739 0 0 255
0.0556828 0.0960191 -0.0278794 0 0 255
0.0556957 0.0976475 -0.0277112 0 0 255
0.0554441 0.0992194 -0.0278167 0 0 255
0.0546652 0.1006751 -0.0284683 0 0 255
0.0536264 0.1020684 -0.0293897 0 0 255
0.0541645 0.1038074 -0.0286779 0 0 255
0.0544403 0.1054905 -0.0282375 0 0 255
0.0520988 0.1065727 -0.0305107 0 0 255
0.0342740 0.1040239 -0.0488430 0 0 255
0.0333195 0.1053531 -0.0496850 0 0 255
0.0316492 0.1065042 -0.0512703 0 0 255
0.0314220 0.1079954 -0.0513587 0 0 255
0.0307175 0.1093674 -0.0519430 0 0 255
0.0309684 0.1109734 -0.0515352 0 0 255
0.0312195 0.1125811 -0.0511272 0 0 255
0.0307540 0.1140066 -0.0514637 0 0 255
0.0310049 0.1156150 -0.0510557 0 0 255
0.0317346 0.1173509 -0.0501497 0 0 255
0.0317468 0.1189005 -0.0499896 0 0 255
0.0315196 0.1203856 -0.0500787 0 0 255
0.0320109 0.1220652 -0.0494199 0 0 255
0.0320232 0.1236157 -0.0492597 0 0 255
0.0317957 0.1250992 -0.0493492 0 0 255
0.0318078 0.1266489 -0.0491891 0 0 255
0.0320598 0.1282672 -0.0487792 0 0 255
0.0323119 0.1298871 -0.0483688 0 0 255
0.0325644 0.1315086 -0.0479581 0 0 255
0.0328171 0.1331319 -0.0475469 0 0 255
0.0330700 0.1347568 -0.0471353 0 0 255
0.0328415 0.1362378 -0.0472261 0 0 255
0.0330944 0.1378643 -0.0468143 0 0 255
0.0335889 0.1395670 -0.0461502 0 0 255
0.0336011 0.1411224 -0.0459895 0 0 255
0.0338549 0.1427540 -0.0455765 0 0 255
0.0345930 0.1445414 -0.0446571 0 0 255
0.0348478 0.1461781 -0.0442425 0 0 255
0.0346176 0.1476587 -0.0443350 0 0 255
0.0343876 0.1491379 -0.0444273 0 0 255
0.0346421 0.1507761 -0.0440129 0 0 255
0.0348969 0.1524160 -0.0435980 0 0 255
0.0351519 0.1540576 -0.0431828 0 0 255
0.0349215 0.1555351 -0.0432758 0 0 255
0.0351765 0.1571783 -0.0428603 0 0 255
0.0359185 0.1589926 -0.0419343 0 0 255
0.0364187 0.1607267 -0.0412615 0 0 255
0.0361870 0.1622046 -0.0413557 0 0 255
0.0369321 0.1640304 -0.0404255 0 0 255
0.0381710 0.1660392 -0.0389768 0 0 255
0.0389222 0.1678784 -0.0380390 0 0 255
0.0391814 0.1695416 -0.0376174 0 0 255
0.0399358 0.1713901 -0.0366757 0 0 255
0.0404442 0.1731514 -0.0359918 0 0 255
0.0417010 0.1751984 -0.0345212 0 0 255
0.0424633 0.1770653 -0.0335697 0 0 255
0.0422255 0.1785533 -0.0336691 0 0 255
0.0429894 0.1804273 -0.0327153 0 0 255
0.0432529 0.1821110 -0.0322874 0 0 255
0.0435166 0.1837965 -0.0318591 0 0 255
0.0435291 0.1853839 -0.0316951 0 0 255
0.0435416 0.1869713 -0.0315311 0 0 255
0.0435541 0.1885587 -0.0313671 0 0 255
0.0440699 0.1903509 -0.0306728 0 0 255
0.0440825 0.1919400 -0.0305086 0 0 255
0.0435916 0.1933211 -0.0308751 0 0 255
0.0433528 0.1948040 -0.0309761 0 0 255
0.0436166 0.1964961 -0.0305471 0 0 255
0.0436291 0.1980837 -0.0303831 0 0 255
0.0438932 0.1997786 -0.0299535 0 0 255
0.0436541 0.2012589 -0.0300550 0 0 255
0.0434153 0.2027377 -0.0301564 0 0 255
0.0434277 0.2043245 -0.0299925 0 0 255
0.0429384 0.2056909 -0.0303590 0 0 255
0.0429508 0.2072761 -0.0301952 0 0 255
0.0429633 0.2088614 -0.0300314 0 0 255
0.0429758 0.2104466 -0.0298676 0 0 255
0.0427377 0.2119185 -0.0299689 0 0 255
0.0422497 0.2132750 -0.0303349 0 0 255
0.0417628 0.2146287 -0.0306999 0 0 255
0.0417753 0.2162100 -0.0305366 0 0 255
0.0412893 0.2175593 -0.0309011 0 0 255
0.0410530 0.2190223 -0.0310015 0 0 255
0.0403205 0.2202496 -0.0316280 0 0 255
0.0405809 0.2219439 -0.0312021 0 0 255
0.0403453 0.2234025 -0.0313022 0 0 255
0.0391212 0.2243833 -0.0324510 0 0 255
0.0396274 0.2261953 -0.0317645 0 0 255
0.0384102 0.2271690 -0.0329070 0 0 255
0.0381767 0.2286183 -0.0330058 0 0 255
0.0376982 0.2299447 -0.0333650 0 0 255
0.0374655 0.2313904 -0.0334633 0 0 255
0.0374779 0.2329574 -0.0333014 0 0 255
0.0370008 0.2342774 -0.0336597 0 0 255
0.0370131 0.2358428 -0.0334980 0 0 255
0.0375149 0.2376583 -0.0328158 0 0 255
0.0372823 0.2390993 -0.0329144 0 0 255
0.0372947 0.2406656 -0.0327526 0 0 255
0.0373070 0.2422318 -0.0325907 0 0 255
0.0373193 0.2437981 -0.0324289 0 0 255
0.0370871 0.2452354 -0.0325276 0 0 255
0.0368550 0.2466712 -0.0326263 0 0 255
0.0363793 0.2479754 -0.0329847 0 0 255
0.0361480 0.2494077 -0.0330830 0 0 255
0.0359169 0.2508385 -0.0331811 0 0 255
0.0356860 0.2522680 -0.0332791 0 0 255
0.0361849 0.2540949 -0.0325987 0 0 255
0.0364408 0.2557914 -0.0321772 0 0 255
0.0362095 0.2572198 -0.0322759 0 0 255
0.0371979 0.2593257 -0.0310720 0 0 255
0.0379450 0.2613028 -0.0301254 0 0 255
0.0384485 0.2631475 -0.0294386 0 0 255
0.0384609 0.2647172 -0.0292764 0 0 255
0.0769377 -0.0935712 -0.0219518 0 0 255
0.0454609 -0.0867113 -0.0533895 0 0 255
0.0459841 -0.0851927 -0.0527114 0 0 255
0.0421929 -0.0829928 -0.0563670 0 0 255
0.0427092 -0.0814805 -0.0556965 0 0 255
0.0419665 -0.0797754 -0.0562913 0 0 255
0.0409756 -0.0780387 -0.0571360 0 0 255
0.0402383 -0.0763451 -0.0577263 0 0 255
0.0395032 -0.0746567 -0.0583148 0 0 255
0.0387705 -0.0729735 -0.0589015 0 0 255
0.0380400 -0.0712956 -0.0594863 0 0 255
0.0378053 -0.0696873 -0.0595724 0 0 255
0.0368317 -0.0679864 -0.0604029 0 0 255
0.0356202 -0.0662625 -0.0614737 0 0 255
0.0348995 -0.0646059 -0.0620507 0 0 255
0.0349118 -0.0630404 -0.0618889 0 0 255
0.0344366 -0.0614191 -0.0622189 0 0 255
0.0344489 -0.0598551 -0.0620573 0 0 255
0.0337318 -0.0582125 -0.0626319 0 0 255
0.0332590 -0.0566002 -0.0629603 0 0 255
0.0332713 -0.0550402 -0.0627991 0 0 255
0.0327995 -0.0534327 -0.0631270 0 0 255
0.0328117 -0.0518743 -0.0629659 0 0 255
0.0323409 -0.0502716 -0.0632933 0 0 255
0.0323532 -0.0487147 -0.0631324 0 0 255
0.0316426 -0.0470965 -0.0637026 0 0 255
0.0318955 -0.0455615 -0.0632985 0 0 255
0.0314265 -0.0439685 -0.0636248 0 0 255
0.0314388 -0.0424147 -0.0634643 0 0 255
0.0312108 -0.0408436 -0.0635470 0 0 255
0.0307432 -0.0392577 -0.0638726 0 0 255
0.0309952 -0.0377218 -0.0634693 0 0 255
0.0305281 -0.0361398 -0.0637948 0 0 255
0.0305403 -0.0345891 -0.0636346 0 0 255
0.0307920 -0.0330515 -0.0632314 0 0 255
0.0303254 -0.0314750 -0.0635569 0 0 255
0.0305769 -0.0299366 -0.0631539 0 0 255
0.0305891 -0.0283857 -0.0629936 0 0 255
0.0303620 -0.0268248 -0.0630765 0 0 255
0.0303742 -0.0252746 -0.0629163 0 0 255
0.0303864 -0.0237245 -0.0627561 0 0 255
0.0306379 -0.0221820 -0.0623527 0 0 255
0.0308897 -0.0206380 -0.0619488 0 0 255
0.0313819 -0.0190984 -0.0613004 0 0 255
0.0313941 -0.0175451 -0.0611399 0 0 255
0.0311663 -0.0159871 -0.0612237 0 0 255
0.0318996 -0.0144458 -0.0603292 0 0 255
-0.0191768 -0.0122570 -0.1121944 0 0 255
-0.0621518 -0.0104779 -0.1558391 0 0 255
-0.0214408 -0.0094694 -0.1142370 0 0 255
0.0530839 0.0598970 -0.0316467 0 0 255
0.0530967 0.0615207 -0.0314790 0 0 255
0.0531096 0.0631443 -0.0313112 0 0 255
0.0525978 0.0646919 -0.0316854 0 0 255
0.0526106 0.0663139 -0.0315178 0 0 255
0.0526234 0.0679359 -0.0313502 0 0 255
0.0526362 0.0695580 -0.0311826 0 0 255
0.0529110 0.0712215 -0.0307438 0 0 255
0.0531862 0.0728869 -0.0303046 0 0 255
0.0529366 0.0744674 -0.0304085 0 0 255
0.0532118 0.0761346 -0.0299690 0 0 255
0.0539037 0.0973574 -0.0272412 0 0 255
0.0536534 0.0989269 -0.0273468 0 0 255
0.0531410 0.1004378 -0.0277253 0 0 255
0.0528915 0.1020032 -0.0278305 0 0 255
0.0531665 0.1036845 -0.0273899 0 0 255
0.0526551 0.1051887 -0.0277680 0 0 255
0.0524062 0.1067501 -0.0278729 0 0 255
0.0508577 0.1080060 -0.0293320 0 0 255
0.0472583 0.1087656 -0.0329292 0 0 255
0.0477836 0.1104927 -0.0322291 0 0 255
0.0470275 0.1119110 -0.0328648 0 0 255
0.0460188 0.1132620 -0.0337644 0 0 255
0.0390032 0.1131039 -0.0409321 0 0 255
0.0343587 0.1135005 -0.0456295 0 0 255
0.0312363 0.1142574 -0.0487408 0 0 255
0.0310091 0.1157463 -0.0488305 0 0 255
0.0310213 0.1172967 -0.0486704 0 0 255
0.0312729 0.1189109 -0.0482599 0 0 255
0.0310457 0.1203975 -0.0483500 0 0 255
0.0312974 0.1220133 -0.0479394 0 0 255
0.0313096 0.1235646 -0.0477792 0 0 255
0.0313218 0.1251159 -0.0476189 0 0 255
0.0313340 0.1266672 -0.0474586 0 0 255
0.0315859 0.1282871 -0.0470474 0 0 255
0.0318381 0.1299087 -0.0466358 0 0 255
0.0318503 0.1314616 -0.0464753 0 0 255
0.0325839 0.1332281 -0.0455591 0 0 255
0.0318747 0.1345675 -0.0461544 0 0 255
0.0321272 0.1361932 -0.0457421 0 0 255
0.0323799 0.1378206 -0.0453294 0 0 255
0.0323921 0.1393752 -0.0451688 0 0 255
0.0331273 0.1411556 -0.0442496 0 0 255
0.0333810 0.1427889 -0.0438353 0 0 255
0.0333933 0.1443467 -0.0436743 0 0 255
0.0343740 0.1462166 -0.0424963 0 0 255
0.0353587 0.1480941 -0.0413134 0 0 255
0.0353710 0.1496584 -0.0411518 0 0 255
0.0356271 0.1513036 -0.0407340 0 0 255
0.0363722 0.1531143 -0.0398018 0 0 255
0.0361400 0.1545991 -0.0398970 0 0 255
0.0363968 0.1562494 -0.0394779 0 0 255
0.0366539 0.1579015 -0.0390584 0 0 255
0.0374021 0.1597262 -0.0381217 0 0 255
0.0376602 0.1613834 -0.0377006 0 0 255
0.0381649 0.1631299 -0.0370196 0 0 255
0.0386707 0.1648799 -0.0363372 0 0 255
0.0391776 0.1666335 -0.0356533 0 0 255
0.0396854 0.1683908 -0.0349681 0 0 255
0.0394500 0.1698778 -0.0350664 0 0 255
0.0402067 0.1717316 -0.0341182 0 0 255
0.0407167 0.1734978 -0.0334300 0 0 255
0.0417273 0.1754564 -0.0322130 0 0 255
0.0422404 0.1772321 -0.0315207 0 0 255
0.0422529 0.1788186 -0.0313568 0 0 255
0.0422654 0.1804051 -0.0311928 0 0 255
0.0422778 0.1819917 -0.0310289 0 0 255
0.0417897 0.1833809 -0.0313943 0 0 255
0.0423028 0.1851648 -0.0307011 0 0 255
0.0423153 0.1867514 -0.0305372 0 0 255
0.0420773 0.1882368 -0.0306383 0 0 255
0.0425911 0.1900268 -0.0299439 0 0 255
0.0421022 0.1914085 -0.0303106 0 0 255
0.0421147 0.1929943 -0.0301468 0 0 255
0.0416270 0.1943716 -0.0305128 0 0 255
0.0421397 0.1961661 -0.0298191 0 0 255
0.0419019 0.1976461 -0.0299205 0 0 255
0.0402814 0.2127019 -0.0301378 0 0 255
0.0402939 0.2142815 -0.0299746 0 0 255
0.0403063 0.2158611 -0.0298114 0 0 255
0.0393270 0.2169785 -0.0307034 0 0 255
0.0398348 0.2187875 -0.0300133 0 0 255
0.0391046 0.2200145 -0.0306408 0 0 255
0.0388699 0.2214726 -0.0307411 0 0 255
0.0386355 0.2229292 -0.0308413 0 0 255
0.0384014 0.2243843 -0.0309413 0 0 255
0.0379214 0.2257185 -0.0313036 0 0 255
0.0374455 0.2270514 -0.0316617 0 0 255
0.0374579 0.2286215 -0.0314995 0 0 255
0.0367350 0.2298273 -0.0321216 0 0 255
0.0362584 0.2311512 -0.0324813 0 0 255
0.0362708 0.2327173 -0.0323195 0 0 255
0.0362831 0.2342835 -0.0321577 0 0 255
0.0360514 0.2357255 -0.0322565 0 0 255
0.0363078 0.2374159 -0.0318341 0 0 255
0.0360760 0.2388564 -0.0319330 0 0 255
0.0363324 0.2405483 -0.0315104 0 0 255
0.0363447 0.2421146 -0.0313486 0 0 255
0.0363570 0.2436809 -0.0311868 0 0 255
0.0363694 0.2452472 -0.0310249 0 0 255
0.0361376 0.2466838 -0.0311244 0 0 255
0.0359060 0.2481189 -0.0312237 0 0 255
0.0359183 0.2496837 -0.0310621 0 0 255
0.0352004 0.2508532 -0.0316825 0 0 255
0.0352127 0.2524157 -0.0315211 0 0 255
0.0349821 0.2538451 -0.0316200 0 0 255
0.0349943 0.2554066 -0.0314587 0 0 255
0.0352496 0.2571030 -0.0310368 0 0 255
0.0359921 0.2590727 -0.0300920 0 0 255
0.0362484 0.2607744 -0.0296686 0 0 255
0.0362607 0.2623401 -0.0295068 0 0 255
0.0367617 0.2641831 -0.0288205 0 0 255
0.0741805 -0.0917154 -0.0221598 0 0 255
0.0447435 -0.0852750 -0.0516965 0 0 255
0.0434854 -0.0834732 -0.0528134 0 0 255
0.0419819 -0.0816419 -0.0541789 0 0 255
0.0407383 -0.0798598 -0.0552829 0 0 255
0.0405003 -0.0782346 -0.0553718 0 0 255
0.0400126 -0.0765750 -0.0557132 0 0 255
0.0387792 -0.0748133 -0.0568087 0 0 255
0.0377995 -0.0730949 -0.0576484 0 0 255
0.0375645 -0.0714832 -0.0577355 0 0 255
0.0370829 -0.0698408 -0.0580724 0 0 255
0.0363562 -0.0681702 -0.0586576 0 0 255
0.0356317 -0.0665047 -0.0592410 0 0 255
0.0344239 -0.0647854 -0.0603141 0 0 255
0.0344363 -0.0632182 -0.0601522 0 0 255
0.0337176 -0.0615671 -0.0607310 0 0 255
0.0337300 -0.0600024 -0.0605692 0 0 255
0.0330136 -0.0583587 -0.0611464 0 0 255
0.0327835 -0.0567708 -0.0612308 0 0 255
0.0325536 -0.0551846 -0.0613151 0 0 255
0.0323240 -0.0535999 -0.0613994 0 0 255
0.0320946 -0.0520168 -0.0614835 0 0 255
0.0321068 -0.0504575 -0.0613224 0 0 255
0.0313955 -0.0488342 -0.0618964 0 0 255
0.0311670 -0.0472567 -0.0619801 0 0 255
0.0311792 -0.0457005 -0.0618193 0 0 255
0.0304708 -0.0440877 -0.0623913 0 0 255
0.0302432 -0.0425158 -0.0624747 0 0 255
0.0302554 -0.0409627 -0.0623142 0 0 255
0.0305074 -0.0394260 -0.0619097 0 0 255
0.0302798 -0.0378564 -0.0619932 0 0 255
0.0298133 -0.0362736 -0.0623203 0 0 255
0.0293476 -0.0346939 -0.0626468 0 0 255
0.0295986 -0.0331571 -0.0622433 0 0 255
0.0296108 -0.0316062 -0.0620831 0 0 255
0.0298621 -0.0300671 -0.0616791 0 0 255
0.0293964 -0.0284936 -0.0620062 0 0 255
0.0291699 -0.0269334 -0.0620894 0 0 255
0.0296596 -0.0254027 -0.0614421 0 0 255
0.0296718 -0.0238517 -0.0612818 0 0 255
0.0296840 -0.0223008 -0.0611216 0 0 255
0.0299353 -0.0207567 -0.0607171 0 0 255
0.0301869 -0.0192111 -0.0603122 0 0 255
0.0301991 -0.0176585 -0.0601517 0 0 255
0.0299720 -0.0161013 -0.0602361 0 0 255
0.0304631 -0.0145571 -0.0595859 0 0 255
-0.0653781 -0.0117880 -0.1574856 0 0 255
-0.0659760 -0.0105445 -0.1579795 0 0 255
-0.0650541 -0.0093142 -0.1569180 0 0 255
0.0518238 0.0597381 -0.0306298 0 0 255
0.0520985 0.0613972 -0.0301905 0 0 255
0.0518494 0.0629838 -0.0302944 0 0 255
0.0516005 0.0645686 -0.0303983 0 0 255
0.0510911 0.0661130 -0.0307730 0 0 255
0.0511038 0.0677334 -0.0306056 0 0 255
0.0508558 0.0693133 -0.0307090 0 0 255
0.0513903 0.0710154 -0.0299994 0 0 255
0.0511421 0.0725945 -0.0301033 0 0 255
0.0503297 0.1015349 -0.0281783 0 0 255
0.0513843 0.1033857 -0.0269219 0 0 255
0.0513970 0.1050065 -0.0267544 0 0 255
0.0508883 0.1065071 -0.0271325 0 0 255
0.0503806 0.1080044 -0.0275099 0 0 255
0.0491002 0.1093151 -0.0286964 0 0 255
0.0480808 0.1106800 -0.0296105 0 0 255
0.0470656 0.1120392 -0.0305207 0 0 255
0.0470782 0.1136457 -0.0303548 0 0 255
0.0463228 0.1150599 -0.0309938 0 0 255
0.0435397 0.1159547 -0.0337591 0 0 255
0.0370728 0.1158846 -0.0403894 0 0 255
0.0351252 0.1169481 -0.0422828 0 0 255
0.0322275 0.1177484 -0.0451744 0 0 255
0.0315178 0.1191133 -0.0457714 0 0 255
0.0315300 0.1206685 -0.0456107 0 0 255
0.0317827 0.1222894 -0.0451975 0 0 255
0.0315545 0.1237789 -0.0452893 0 0 255
0.0313266 0.1252669 -0.0453810 0 0 255
0.0320601 0.1270256 -0.0444621 0 0 255
0.0325545 0.1287206 -0.0437943 0 0 255
0.0325667 0.1302791 -0.0436333 0 0 255
0.0328204 0.1319083 -0.0432183 0 0 255
0.0323500 0.1333246 -0.0435651 0 0 255
0.0321213 0.1348101 -0.0436578 0 0 255
0.0314121 0.1361486 -0.0442567 0 0 255
0.0319051 0.1378504 -0.0435897 0 0 255
0.0323991 0.1395556 -0.0429213 0 0 255
0.0331357 0.1413400 -0.0419968 0 0 255
0.0338747 0.1431299 -0.0410694 0 0 255
0.0338869 0.1446925 -0.0409080 0 0 255
0.0351154 0.1466474 -0.0394635 0 0 255
0.0358605 0.1484529 -0.0385284 0 0 255
0.0361176 0.1501025 -0.0381079 0 0 255
0.0368656 0.1519170 -0.0371689 0 0 255
0.0368780 0.1534894 -0.0370064 0 0 255
0.0368904 0.1550618 -0.0368439 0 0 255
0.0369028 0.1566342 -0.0366814 0 0 255
0.0376533 0.1584616 -0.0357386 0 0 255
0.0379122 0.1601225 -0.0353152 0 0 255
0.0384185 0.1618721 -0.0346300 0 0 255
0.0376904 0.1631863 -0.0352505 0 0 255
0.0384433 0.1650268 -0.0343041 0 0 255
0.0389506 0.1667833 -0.0336171 0 0 255
0.0387155 0.1682719 -0.0337161 0 0 255
0.0389755 0.1699414 -0.0332908 0 0 255
0.0399809 0.1718896 -0.0320754 0 0 255
0.0402423 0.1735653 -0.0316480 0 0 255
0.0402547 0.1751485 -0.0314845 0 0 255
0.0400183 0.1766368 -0.0315849 0 0 255
0.0402796 0.1783150 -0.0311574 0 0 255
0.0395461 0.1796087 -0.0317854 0 0 255
0.0403045 0.1814815 -0.0308301 0 0 255
0.0400680 0.1829665 -0.0309309 0 0 255
0.0400805 0.1845490 -0.0307674 0 0 255
0.0403419 0.1862314 -0.0303394 0 0 255
0.0403543 0.1878148 -0.0301758 0 0 255
0.0401178 0.1892967 -0.0302769 0 0 255
0.0396331 0.1906748 -0.0306421 0 0 255
0.0396455 0.1922558 -0.0304787 0 0 255
0.0399064 0.1939406 -0.0300509 0 0 255
0.0383337 0.2137075 -0.0297787 0 0 255
0.0385931 0.2153984 -0.0293519 0 0 255
0.0383584 0.2168603 -0.0294530 0 0 255
0.0376313 0.2180891 -0.0300807 0 0 255
0.0373976 0.2195467 -0.0301812 0 0 255
0.0374100 0.2211199 -0.0300186 0 0 255
0.0369310 0.2224573 -0.0303819 0 0 255
0.0364530 0.2237921 -0.0307442 0 0 255
0.0362236 0.2252446 -0.0308408 0 0 255
0.0359914 0.2266941 -0.0309405 0 0 255
0.0355154 0.2280218 -0.0313016 0 0 255
0.0350403 0.2293469 -0.0316620 0 0 255
0.0352962 0.2310339 -0.0312392 0 0 255
0.0348216 0.2323552 -0.0315994 0 0 255
0.0345908 0.2337968 -0.0316984 0 0 255
0.0343603 0.2352369 -0.0317973 0 0 255
0.0346154 0.2369244 -0.0313753 0 0 255
0.0343849 0.2383630 -0.0314744 0 0 255
0.0348831 0.2401783 -0.0307911 0 0 255
0.0344094 0.2414891 -0.0311514 0 0 255
0.0349077 0.2433077 -0.0304678 0 0 255
0.0349200 0.2448724 -0.0303061 0 0 255
0.0351757 0.2465667 -0.0298828 0 0 255
0.0344586 0.2477416 -0.0305054 0 0 255
0.0339858 0.2490434 -0.0308656 0 0 255
0.0339981 0.2506050 -0.0307043 0 0 255
0.0332846 0.2517709 -0.0313240 0 0 255
0.0332969 0.2533301 -0.0311629 0 0 255
0.0330677 0.2547561 -0.0312617 0 0 255
0.0338050 0.2567172 -0.0303197 0 0 255
0.0335754 0.2581430 -0.0304191 0 0 255
0.0338296 0.2598391 -0.0299971 0 0 255
0.0340841 0.2615369 -0.0295747 0 0 255
0.0725641 -0.0917519 -0.0213904 0 0 255
0.0717227 -0.0899172 -0.0220815 0 0 255
0.0425028 -0.0835961 -0.0515453 0 0 255
0.0412538 -0.0818034 -0.0526597 0 0 255
0.0407636 -0.0801340 -0.0530052 0 0 255
0.0405251 -0.0785053 -0.0530954 0 0 255
0.0395362 -0.0767694 -0.0539476 0 0 255
0.0380543 -0.0749701 -0.0553011 0 0 255
0.0370756 -0.0732505 -0.0561443 0 0 255
0.0368409 -0.0716379 -0.0562322 0 0 255
0.0366065 -0.0700269 -0.0563200 0 0 255
0.0356338 -0.0683227 -0.0571585 0 0 255
0.0351551 -0.0666868 -0.0574953 0 0 255
0.0339474 -0.0649653 -0.0585740 0 0 255
0.0337158 -0.0633675 -0.0586601 0 0 255
0.0327551 -0.0616873 -0.0594887 0 0 255
0.0327674 -0.0601225 -0.0593270 0 0 255
0.0325371 -0.0585314 -0.0594124 0 0 255
0.0320647 -0.0569162 -0.0597446 0 0 255
0.0318351 -0.0553291 -0.0598297 0 0 255
0.0316057 -0.0537435 -0.0599148 0 0 255
0.0313765 -0.0521596 -0.0599997 0 0 255
0.0311476 -0.0505772 -0.0600846 0 0 255
0.0309189 -0.0489964 -0.0601694 0 0 255
0.0304500 -0.0473967 -0.0604995 0 0 255
0.0299820 -0.0458002 -0.0608290 0 0 255
0.0297545 -0.0442258 -0.0609132 0 0 255
0.0300064 -0.0426893 -0.0605075 0 0 255
0.0295394 -0.0410991 -0.0608367 0 0 255
0.0290732 -0.0395121 -0.0611652 0 0 255
0.0290855 -0.0379598 -0.0610048 0 0 255
0.0290977 -0.0364074 -0.0608444 0 0 255
0.0286325 -0.0348268 -0.0611725 0 0 255
0.0284063 -0.0332626 -0.0612562 0 0 255
0.0284185 -0.0317126 -0.0610960 0 0 255
0.0281926 -0.0301507 -0.0611798 0 0 255
0.0282048 -0.0286014 -0.0610197 0 0 255
0.0284551 -0.0270622 -0.0606155 0 0 255
0.0287056 -0.0255214 -0.0602110 0 0 255
0.0284795 -0.0239619 -0.0602952 0 0 255
0.0289687 -0.0224273 -0.0596457 0 0 255
0.0289808 -0.0208755 -0.0594853 0 0 255
0.0289930 -0.0193237 -0.0593250 0 0 255
0.0292442 -0.0177774 -0.0589193 0 0 255
-0.0688722 -0.0143052 -0.1595456 0 0 255
-0.0682630 -0.0130861 -0.1588027 0 0 255
-0.0694505 -0.0118398 -0.1599059 0 0 255
-0.0694409 -0.0106129 -0.1597791 0 0 255
-0.0697294 -0.0093841 -0.1599589 0 0 255
0.0497837 0.0594735 -0.0304279 0 0 255
0.0492769 0.0610209 -0.0308020 0 0 255
0.0500693 0.0627493 -0.0298220 0 0 255
0.0498219 0.0643318 -0.0299259 0 0 255
0.0498346 0.0659513 -0.0297586 0 0 255
0.0490684 0.0674524 -0.0304040 0 0 255
0.0496001 0.0691499 -0.0296952 0 0 255
0.0483159 0.1027982 -0.0278120 0 0 255
0.0483286 0.1044121 -0.0276452 0 0 255
0.0488585 0.1061456 -0.0269349 0 0 255
0.0483540 0.1076402 -0.0273117 0 0 255
0.0473356 0.1090093 -0.0282292 0 0 255
0.0468343 0.1104963 -0.0286034 0 0 255
0.0463341 0.1119801 -0.0289767 0 0 255
0.0455794 0.1133977 -0.0296183 0 0 255
0.0455920 0.1150025 -0.0294524 0 0 255
0.0423072 0.1157700 -0.0327592 0 0 255
0.0365970 0.1158920 -0.0386232 0 0 255
0.0371019 0.1175955 -0.0379415 0 0 255
0.0351502 0.1186541 -0.0398488 0 0 255
0.0334571 0.1197690 -0.0414847 0 0 255
0.0334694 0.1213337 -0.0413231 0 0 255
0.0332391 0.1228321 -0.0414173 0 0 255
0.0325249 0.1241948 -0.0420224 0 0 255
0.0330212 0.1258921 -0.0413501 0 0 255
0.0335186 0.1275928 -0.0406763 0 0 255
0.0335309 0.1291577 -0.0405146 0 0 255
0.0330581 0.1305818 -0.0408655 0 0 255
0.0330704 0.1321451 -0.0407040 0 0 255
0.0333252 0.1337803 -0.0402861 0 0 255
0.0330950 0.1352717 -0.0403809 0 0 255
0.0333498 0.1369086 -0.0399628 0 0 255
0.0343343 0.1387707 -0.0387724 0 0 255
0.0348344 0.1404893 -0.0380942 0 0 255
0.0343590 0.1419055 -0.0384485 0 0 255
0.0353478 0.1437819 -0.0372524 0 0 255
0.0358498 0.1455091 -0.0365713 0 0 255
0.0368447 0.1473987 -0.0353677 0 0 255
0.0373498 0.1491351 -0.0346825 0 0 255
0.0381034 0.1509565 -0.0337337 0 0 255
0.0383633 0.1526186 -0.0333079 0 0 255
0.0383757 0.1541991 -0.0331447 0 0 255
0.0388841 0.1559479 -0.0324550 0 0 255
0.0386485 0.1574450 -0.0325549 0 0 255
0.0389089 0.1591122 -0.0321281 0 0 255
0.0384255 0.1605212 -0.0324913 0 0 255
0.0391822 0.1623642 -0.0315372 0 0 255
0.0389462 0.1638589 -0.0316376 0 0 255
0.0392070 0.1655304 -0.0312101 0 0 255
0.0384752 0.1668437 -0.0318381 0 0 255
0.0379926 0.1682434 -0.0322013 0 0 255
0.0385000 0.1700051 -0.0315114 0 0 255
0.0380174 0.1714015 -0.0318750 0 0 255
0.0380298 0.1729807 -0.0317118 0 0 255
0.0382896 0.1746535 -0.0312852 0 0 255
0.0385497 0.1763281 -0.0308581 0 0 255
0.0390582 0.1781000 -0.0301661 0 0 255
0.0383269 0.1793934 -0.0307955 0 0 255
0.0383393 0.1809734 -0.0306322 0 0 255
0.0388473 0.1827494 -0.0299403 0 0 255
0.0391079 0.1844300 -0.0295120 0 0 255
0.0386242 0.1858132 -0.0298781 0 0 255
0.0383890 0.1872937 -0.0299791 0 0 255
0.0384014 0.1888739 -0.0298159 0 0 255
0.0384138 0.1904540 -0.0296526 0 0 255
0.0384262 0.1920341 -0.0294893 0 0 255
0.0361609 0.2161676 -0.0295218 0 0 255
0.0359282 0.2176247 -0.0296224 0 0 255
0.0352070 0.2188485 -0.0302480 0 0 255
0.0347346 0.2201863 -0.0306067 0 0 255
0.0347469 0.2217539 -0.0304447 0 0 255
0.0345157 0.2232037 -0.0305446 0 0 255
0.0340416 0.2245337 -0.0309057 0 0 255
0.0338111 0.2259799 -0.0310051 0 0 255
0.0335808 0.2274246 -0.0311045 0 0 255
0.0331087 0.2287476 -0.0314643 0 0 255
0.0333631 0.2304309 -0.0310422 0 0 255
0.0331332 0.2318719 -0.0311415 0 0 255
0.0331455 0.2334341 -0.0309801 0 0 255
0.0333999 0.2351199 -0.0305577 0 0 255
0.0329282 0.2364344 -0.0309179 0 0 255
0.0329405 0.2379959 -0.0307566 0 0 255
0.0331946 0.2396831 -0.0303344 0 0 255
0.0329650 0.2411189 -0.0304339 0 0 255
0.0329773 0.2426803 -0.0302725 0 0 255
0.0332314 0.2443700 -0.0298501 0 0 255
0.0332438 0.2459324 -0.0296887 0 0 255
0.0325311 0.2471059 -0.0303102 0 0 255
0.0327848 0.2487963 -0.0298882 0 0 255
0.0320735 0.2499642 -0.0305088 0 0 255
0.0318450 0.2513912 -0.0306080 0 0 255
0.0318573 0.2529489 -0.0304470 0 0 255
0.0318695 0.2545066 -0.0302861 0 0 255
0.0316413 0.2559307 -0.0303853 0 0 255
0.0323757 0.2578916 -0.0294428 0 0 255
0.0321470 0.2593153 -0.0295426 0 0 255
0.0326414 0.2611468 -0.0288594 0 0 255
0.0324125 0.2625697 -0.0289595 0 0 255
0.0692651 -0.0898180 -0.0221781 0 0 255
0.0681515 -0.0879499 -0.0231513 0 0 255
0.0405250 -0.0819650 -0.0511388 0 0 255
0.0397845 -0.0802564 -0.0517416 0 0 255
0.0392963 -0.0785904 -0.0520876 0 0 255
0.0365734 -0.0766022 -0.0547130 0 0 255
0.0373287 -0.0751271 -0.0537918 0 0 255
0.0365982 -0.0734406 -0.0543863 0 0 255
0.0358699 -0.0717592 -0.0549791 0 0 255
0.0353898 -0.0701156 -0.0553189 0 0 255
0.0346653 -0.0684437 -0.0559086 0 0 255
0.0329700 -0.0666546 -0.0574907 0 0 255
0.0327389 -0.0650560 -0.0575773 0 0 255
0.0327513 -0.0634880 -0.0574153 0 0 255
0.0322775 -0.0618637 -0.0577503 0 0 255
0.0322899 -0.0602973 -0.0575884 0 0 255
0.0315749 -0.0586515 -0.0581708 0 0 255
0.0313453 -0.0570618 -0.0582568 0 0 255
0.0313576 -0.0554985 -0.0580952 0 0 255
0.0308867 -0.0538873 -0.0584286 0 0 255
0.0308990 -0.0523256 -0.0582672 0 0 255
0.0304291 -0.0507192 -0.0586000 0 0 255
0.0299602 -0.0491160 -0.0589321 0 0 255
0.0297322 -0.0475368 -0.0590174 0 0 255
0.0295044 -0.0459591 -0.0591026 0 0 255
0.0292769 -0.0443831 -0.0591877 0 0 255
0.0290496 -0.0428086 -0.0592727 0 0 255
0.0285835 -0.0412183 -0.0596031 0 0 255
0.0285957 -0.0396643 -0.0594426 0 0 255
0.0278922 -0.0380630 -0.0600173 0 0 255
0.0281428 -0.0365264 -0.0596120 0 0 255
0.0276785 -0.0349456 -0.0599414 0 0 255
0.0272152 -0.0333680 -0.0602701 0 0 255
0.0277029 -0.0318439 -0.0596209 0 0 255
0.0274772 -0.0302812 -0.0597054 0 0 255
0.0274895 -0.0287311 -0.0595451 0 0 255
0.0272640 -0.0271707 -0.0596296 0 0 255
0.0275138 -0.0256308 -0.0592248 0 0 255
0.0277639 -0.0240893 -0.0588195 0 0 255
0.0280142 -0.0225461 -0.0584138 0 0 255
0.0277883 -0.0209872 -0.0584990 0 0 255
0.0280386 -0.0194425 -0.0580931 0 0 255
-0.0711227 -0.0155937 -0.1602290 0 0 255
-0.0717047 -0.0143580 -0.1607130 0 0 255
-0.0719903 -0.0131312 -0.1608913 0 0 255
-0.0710938 -0.0119219 -0.1598495 0 0 255
-0.0707877 -0.0107008 -0.1594168 0 0 255
0.0307480 -0.0101486 -0.0544076 0 0 255
0.0459499 0.0589660 -0.0321130 0 0 255
0.0480234 0.0608620 -0.0297892 0 0 255
0.0472612 0.0623688 -0.0304336 0 0 255
0.0480488 0.0640957 -0.0294551 0 0 255
0.0468214 0.1041726 -0.0269082 0 0 255
0.0470914 0.1058443 -0.0264698 0 0 255
0.0468467 0.1073972 -0.0265749 0 0 255
0.0458325 0.1087655 -0.0274929 0 0 255
0.0455891 0.1103128 -0.0275972 0 0 255
0.0453460 0.1118584 -0.0277014 0 0 255
0.0448478 0.1133393 -0.0280753 0 0 255
0.0446055 0.1148810 -0.0281791 0 0 255
0.0451283 0.1166156 -0.0274734 0 0 255
0.0446307 0.1180907 -0.0278474 0 0 255
0.0431188 0.1192981 -0.0292953 0 0 255
0.0413649 0.1204314 -0.0310004 0 0 255
0.0421329 0.1222275 -0.0300355 0 0 255
0.0356782 0.1220736 -0.0367224 0 0 255
0.0339780 0.1231796 -0.0383745 0 0 255
0.0325321 0.1243449 -0.0397581 0 0 255
0.0327869 0.1259778 -0.0393394 0 0 255
0.0325567 0.1274746 -0.0394348 0 0 255
0.0325690 0.1290394 -0.0392731 0 0 255
0.0325814 0.1306043 -0.0391113 0 0 255
0.0328361 0.1322404 -0.0386922 0 0 255
0.0343083 0.1342398 -0.0369800 0 0 255
0.0365275 0.1364731 -0.0344734 0 0 255
0.0345772 0.1374550 -0.0363960 0 0 255
0.0363061 0.1395533 -0.0344090 0 0 255
0.0365647 0.1412067 -0.0339843 0 0 255
0.0363309 0.1427075 -0.0340831 0 0 255
0.0363433 0.1442846 -0.0339202 0 0 255
0.0368485 0.1460195 -0.0332328 0 0 255
0.0373546 0.1477580 -0.0325440 0 0 255
0.0378619 0.1495000 -0.0318538 0 0 255
0.0383702 0.1512458 -0.0311621 0 0 255
0.0383827 0.1528296 -0.0309985 0 0 255
0.0383951 0.1544133 -0.0308349 0 0 255
0.0379116 0.1558286 -0.0311999 0 0 255
0.0384200 0.1575809 -0.0305076 0 0 255
0.0384324 0.1591648 -0.0303438 0 0 255
0.0377013 0.1604886 -0.0309736 0 0 255
0.0379613 0.1621574 -0.0305459 0 0 255
0.0372317 0.1634753 -0.0311747 0 0 255
0.0372441 0.1650551 -0.0310114 0 0 255
0.0370097 0.1665454 -0.0311118 0 0 255
0.0367755 0.1680342 -0.0312122 0 0 255
0.0370345 0.1697035 -0.0307855 0 0 255
0.0370469 0.1712826 -0.0306223 0 0 255
0.0365663 0.1726764 -0.0309864 0 0 255
0.0365787 0.1742539 -0.0308234 0 0 255
0.0370841 0.1760200 -0.0301328 0 0 255
0.0368499 0.1775040 -0.0302336 0 0 255
0.0368623 0.1790824 -0.0300705 0 0 255
0.0373683 0.1808546 -0.0293788 0 0 255
0.0371338 0.1823369 -0.0294801 0 0 255
0.0368995 0.1838177 -0.0295812 0 0 255
0.0371585 0.1854954 -0.0291537 0 0 255
0.0366779 0.1868747 -0.0295192 0 0 255
0.0332732 0.2182705 -0.0300495 0 0 255
0.0330429 0.2197206 -0.0301494 0 0 255
0.0325708 0.2210526 -0.0305106 0 0 255
0.0320998 0.2223821 -0.0308710 0 0 255
0.0325954 0.2241800 -0.0301874 0 0 255
0.0321243 0.2255063 -0.0305482 0 0 255
0.0318952 0.2269490 -0.0306476 0 0 255
0.0316664 0.2283904 -0.0307468 0 0 255
0.0316787 0.2299510 -0.0305856 0 0 255
0.0314500 0.2313901 -0.0306849 0 0 255
0.0312217 0.2328278 -0.0307841 0 0 255
0.0312339 0.2343868 -0.0306230 0 0 255
0.0314869 0.2360697 -0.0302013 0 0 255
0.0312585 0.2375050 -0.0303007 0 0 255
0.0310303 0.2389390 -0.0304000 0 0 255
0.0315236 0.2407494 -0.0297177 0 0 255
0.0310548 0.2420556 -0.0300780 0 0 255
0.0310670 0.2436140 -0.0299170 0 0 255
0.0310793 0.2451724 -0.0297559 0 0 255
0.0310915 0.2467308 -0.0295949 0 0 255
0.0308636 0.2481594 -0.0296945 0 0 255
0.0308758 0.2497171 -0.0295336 0 0 255
0.0301688 0.2508813 -0.0301535 0 0 255
0.0301811 0.2524367 -0.0299928 0 0 255
0.0299540 0.2538596 -0.0300920 0 0 255
0.0302055 0.2555474 -0.0296714 0 0 255
0.0304572 0.2572370 -0.0292503 0 0 255
0.0304695 0.2587932 -0.0290895 0 0 255
0.0307214 0.2604853 -0.0286679 0 0 255
0.0665542 -0.0879902 -0.0223866 0 0 255
0.0662878 -0.0862630 -0.0224990 0 0 255
0.0428407 -0.0809955 -0.0463462 0 0 255
0.0398204 -0.0789373 -0.0492868 0 0 255
0.0351078 -0.0766517 -0.0539631 0 0 255
0.0353666 -0.0751077 -0.0535474 0 0 255
0.0361196 -0.0736311 -0.0526248 0 0 255
0.0358849 -0.0720149 -0.0527147 0 0 255
0.0356505 -0.0704004 -0.0528045 0 0 255
0.0339416 -0.0685964 -0.0544074 0 0 255
0.0332200 -0.0669286 -0.0549980 0 0 255
0.0322604 -0.0652362 -0.0558335 0 0 255
0.0317866 -0.0636085 -0.0561705 0 0 255
0.0315563 -0.0620123 -0.0562577 0 0 255
0.0315686 -0.0604450 -0.0560957 0 0 255
0.0310963 -0.0588246 -0.0564320 0 0 255
0.0308667 -0.0572332 -0.0565190 0 0 255
0.0306373 -0.0556434 -0.0566058 0 0 255
0.0304081 -0.0540553 -0.0566926 0 0 255
0.0299383 -0.0524455 -0.0570274 0 0 255
0.0301915 -0.0509061 -0.0566179 0 0 255
0.0292414 -0.0492572 -0.0574476 0 0 255
0.0290136 -0.0476771 -0.0575337 0 0 255
0.0290259 -0.0461184 -0.0573726 0 0 255
0.0283195 -0.0445024 -0.0579523 0 0 255
0.0280928 -0.0429279 -0.0580379 0 0 255
0.0276277 -0.0413374 -0.0583695 0 0 255
0.0281172 -0.0398169 -0.0577164 0 0 255
0.0274138 -0.0382137 -0.0582944 0 0 255
0.0271879 -0.0366454 -0.0583796 0 0 255
0.0269622 -0.0350788 -0.0584649 0 0 255
0.0267368 -0.0335136 -0.0585500 0 0 255
0.0267490 -0.0319628 -0.0583897 0 0 255
0.0267611 -0.0304118 -0.0582294 0 0 255
0.0265360 -0.0288498 -0.0583146 0 0 255
0.0267855 -0.0273100 -0.0579089 0 0 255
0.0263231 -0.0257400 -0.0582396 0 0 255
0.0270475 -0.0242167 -0.0573424 0 0 255
0.0268221 -0.0226570 -0.0574281 0 0 255
-0.0664971 -0.0182976 -0.1539207 0 0 255
-0.0721806 -0.0169034 -0.1596900 0 0 255
-0.0718755 -0.0156874 -0.1592574 0 0 255
-0.0727509 -0.0144456 -0.1600483 0 0 255
-0.0730353 -0.0132196 -0.1602270 0 0 255
-0.0724371 -0.0120075 -0.1594904 0 0 255
-0.0721326 -0.0107885 -0.1590581 0 0 255
-0.0721229 -0.0095655 -0.1589317 0 0 255
0.0445879 0.1085828 -0.0264875 0 0 255
0.0440902 0.1100679 -0.0268629 0 0 255
0.0441028 0.1116744 -0.0266969 0 0 255
0.0443705 0.1133441 -0.0262600 0 0 255
0.0443831 0.1149515 -0.0260939 0 0 255
0.0441407 0.1164940 -0.0261988 0 0 255
0.0444083 0.1181663 -0.0257617 0 0 255
0.0436567 0.1195742 -0.0264082 0 0 255
0.0436693 0.1211791 -0.0262424 0 0 255
0.0436819 0.1227841 -0.0260766 0 0 255
0.0436946 0.1243891 -0.0259106 0 0 255
0.0431990 0.1258547 -0.0262858 0 0 255
0.0427043 0.1273172 -0.0266603 0 0 255
0.0424637 0.1288478 -0.0267644 0 0 255
0.0412143 0.1300900 -0.0279437 0 0 255
0.0409752 0.1316143 -0.0280468 0 0 255
0.0409877 0.1332102 -0.0278820 0 0 255
0.0410002 0.1348061 -0.0277171 0 0 255
0.0402594 0.1361780 -0.0283558 0 0 255
0.0402719 0.1377714 -0.0281911 0 0 255
0.0402844 0.1393649 -0.0280265 0 0 255
0.0405478 0.1410355 -0.0275940 0 0 255
0.0408115 0.1427079 -0.0271609 0 0 255
0.0400713 0.1440668 -0.0278002 0 0 255
0.0400838 0.1456595 -0.0276356 0 0 255
0.0395958 0.1470919 -0.0280061 0 0 255
0.0388595 0.1484405 -0.0286424 0 0 255
0.0383771 0.1498673 -0.0290075 0 0 255
0.0381410 0.1513722 -0.0291095 0 0 255
0.0374092 0.1527101 -0.0297420 0 0 255
0.0376694 0.1543774 -0.0293131 0 0 255
0.0374341 0.1558777 -0.0294147 0 0 255
0.0376943 0.1575467 -0.0289856 0 0 255
0.0374590 0.1590454 -0.0290874 0 0 255
0.0369764 0.1604559 -0.0294542 0 0 255
0.0369888 0.1620382 -0.0292907 0 0 255
0.0362607 0.1633562 -0.0299214 0 0 255
0.0360268 0.1648474 -0.0300223 0 0 255
0.0360392 0.1664264 -0.0298592 0 0 255
0.0360516 0.1680055 -0.0296960 0 0 255
0.0355720 0.1694026 -0.0300610 0 0 255
0.0350934 0.1707968 -0.0304253 0 0 255
0.0351058 0.1723727 -0.0302625 0 0 255
0.0353636 0.1740418 -0.0298359 0 0 255
0.0361136 0.1759012 -0.0288801 0 0 255
0.0356340 0.1772902 -0.0292459 0 0 255
0.0356464 0.1788678 -0.0290828 0 0 255
0.0349227 0.1801561 -0.0297118 0 0 255
0.0354255 0.1819257 -0.0290212 0 0 255
0.0354379 0.1835025 -0.0288582 0 0 255
0.0311277 0.2207029 -0.0297934 0 0 255
0.0304182 0.2219147 -0.0304149 0 0 255
0.0306708 0.2235918 -0.0299929 0 0 255
0.0304427 0.2250341 -0.0300925 0 0 255
0.0297353 0.2262375 -0.0307125 0 0 255
0.0297476 0.2277949 -0.0305516 0 0 255
0.0295204 0.2292322 -0.0306506 0 0 255
0.0297720 0.2309098 -0.0302296 0 0 255
0.0293057 0.2322240 -0.0305888 0 0 255
0.0293179 0.2337798 -0.0304281 0 0 255
0.0293301 0.2353358 -0.0302673 0 0 255
0.0295815 0.2370156 -0.0298464 0 0 255
0.0295937 0.2385724 -0.0296855 0 0 255
0.0296059 0.2401291 -0.0295246 0 0 255
0.0291400 0.2414334 -0.0298843 0 0 255
0.0296304 0.2432427 -0.0292029 0 0 255
0.0294034 0.2446717 -0.0293025 0 0 255
0.0289379 0.2459707 -0.0296623 0 0 255
0.0289501 0.2475252 -0.0295017 0 0 255
0.0292011 0.2492097 -0.0290807 0 0 255
0.0284978 0.2503730 -0.0297004 0 0 255
0.0282719 0.2517948 -0.0297996 0 0 255
0.0282841 0.2533470 -0.0296392 0 0 255
0.0283206 0.2580037 -0.0291580 0 0 255
0.0290478 0.2599619 -0.0282165 0 0 255
0.0649737 -0.0863488 -0.0214499 0 0 255
0.0652657 -0.0847099 -0.0209892 0 0 255
0.0650001 -0.0829854 -0.0211022 0 0 255
0.0371036 -0.0772086 -0.0496550 0 0 255
0.0353805 -0.0753707 -0.0512777 0 0 255
0.0356402 -0.0738220 -0.0508595 0 0 255
0.0349118 -0.0721365 -0.0514589 0 0 255
0.0349243 -0.0705548 -0.0512954 0 0 255
0.0329725 -0.0687175 -0.0531568 0 0 255
0.0320088 -0.0670185 -0.0540005 0 0 255
0.0320211 -0.0654465 -0.0538380 0 0 255
0.0320335 -0.0638745 -0.0536756 0 0 255
0.0310767 -0.0621892 -0.0545134 0 0 255
0.0310890 -0.0606204 -0.0543512 0 0 255
0.0306168 -0.0589981 -0.0546895 0 0 255
0.0306291 -0.0574309 -0.0545275 0 0 255
0.0296751 -0.0557635 -0.0553641 0 0 255
0.0296874 -0.0541994 -0.0552025 0 0 255
0.0294588 -0.0526120 -0.0552899 0 0 255
0.0289899 -0.0510036 -0.0556261 0 0 255
0.0287619 -0.0494201 -0.0557132 0 0 255
0.0282944 -0.0478175 -0.0560484 0 0 255
0.0285464 -0.0462781 -0.0556391 0 0 255
0.0280794 -0.0446794 -0.0559742 0 0 255
0.0273745 -0.0430655 -0.0565560 0 0 255
0.0271482 -0.0414917 -0.0566423 0 0 255
0.0271604 -0.0399361 -0.0564815 0 0 255
0.0269343 -0.0383646 -0.0565679 0 0 255
0.0267084 -0.0367947 -0.0566541 0 0 255
0.0262451 -0.0352120 -0.0569868 0 0 255
0.0260199 -0.0336460 -0.0570728 0 0 255
0.0260321 -0.0320943 -0.0569124 0 0 255
0.0260443 -0.0305426 -0.0567520 0 0 255
0.0255825 -0.0289686 -0.0570841 0 0 255
0.0255946 -0.0274184 -0.0569239 0 0 255
0.0256068 -0.0258682 -0.0567637 0 0 255
0.0258559 -0.0243268 -0.0563571 0 0 255
0.0258681 -0.0227758 -0.0561968 0 0 255
-0.0690747 -0.0183375 -0.1548219 0 0 255
-0.0732271 -0.0169890 -0.1590255 0 0 255
-0.0735115 -0.0157601 -0.1592053 0 0 255
-0.0735019 -0.0145390 -0.1590790 0 0 255
-0.0737857 -0.0133130 -0.1592585 0 0 255
-0.0737762 -0.0120929 -0.1591324 0 0 255
-0.0737666 -0.0108728 -0.1590063 0 0 255
0.0415815 0.1095789 -0.0272101 0 0 255
0.0421001 0.1113043 -0.0265048 0 0 255
0.0421127 0.1129074 -0.0263392 0 0 255
0.0421253 0.1145106 -0.0261735 0 0 255
0.0413792 0.1159206 -0.0268177 0 0 255
0.0413917 0.1175213 -0.0266522 0 0 255
0.0424165 0.1193865 -0.0254058 0 0 255
0.0421756 0.1209235 -0.0255107 0 0 255
0.0419350 0.1224590 -0.0256156 0 0 255
0.0414420 0.1239243 -0.0259905 0 0 255
0.0412021 0.1254558 -0.0260951 0 0 255
0.0394551 0.1265668 -0.0278118 0 0 255
0.0389673 0.1280203 -0.0281824 0 0 255
0.0384804 0.1294707 -0.0285524 0 0 255
0.0379946 0.1309182 -0.0289214 0 0 255
0.0367658 0.1321461 -0.0300866 0 0 255
0.0375223 0.1339504 -0.0291257 0 0 255
0.0377832 0.1356120 -0.0286953 0 0 255
0.0372989 0.1370509 -0.0290637 0 0 255
0.0373113 0.1386378 -0.0288997 0 0 255
0.0375721 0.1403011 -0.0284694 0 0 255
0.0363487 0.1415045 -0.0296312 0 0 255
0.0356208 0.1428555 -0.0302620 0 0 255
0.0363736 0.1446719 -0.0293038 0 0 255
0.0366333 0.1463349 -0.0288747 0 0 255
0.0354118 0.1475194 -0.0300363 0 0 255
0.0351782 0.1490194 -0.0301373 0 0 255
0.0354366 0.1506804 -0.0297096 0 0 255
0.0356953 0.1523432 -0.0292816 0 0 255
0.0359542 0.1540078 -0.0288529 0 0 255
0.0354738 0.1554220 -0.0292196 0 0 255
0.0357325 0.1570873 -0.0287912 0 0 255
0.0357449 0.1586687 -0.0286278 0 0 255
0.0360039 0.1603366 -0.0281990 0 0 255
0.0352773 0.1616573 -0.0288313 0 0 255
0.0345530 0.1629740 -0.0294616 0 0 255
0.0343203 0.1644630 -0.0295627 0 0 255
0.0340878 0.1659506 -0.0296637 0 0 255
0.0345902 0.1677063 -0.0289726 0 0 255
0.0336237 0.1689211 -0.0298653 0 0 255
0.0336360 0.1704954 -0.0297025 0 0 255
0.0336483 0.1720697 -0.0295399 0 0 255
0.0329291 0.1733656 -0.0301669 0 0 255
0.0331851 0.1750310 -0.0297414 0 0 255
0.0329538 0.1765094 -0.0298420 0 0 255
0.0332098 0.1781764 -0.0294164 0 0 255
0.0280624 0.2257657 -0.0302579 0 0 255
0.0275985 0.2270830 -0.0306165 0 0 255
0.0278486 0.2287561 -0.0301964 0 0 255
0.0278608 0.2303104 -0.0300358 0 0 255
0.0273973 0.2316225 -0.0303945 0 0 255
0.0276473 0.2332971 -0.0299744 0 0 255
0.0271842 0.2346055 -0.0303329 0 0 255
0.0271964 0.2361575 -0.0301725 0 0 255
0.0272086 0.2377096 -0.0300121 0 0 255
0.0272208 0.2392616 -0.0298518 0 0 255
0.0269957 0.2406882 -0.0299509 0 0 255
0.0270079 0.2422395 -0.0297905 0 0 255
0.0274949 0.2440451 -0.0291107 0 0 255
0.0272695 0.2454700 -0.0292102 0 0 255
0.0268074 0.2467650 -0.0295691 0 0 255
0.0272939 0.2485743 -0.0288894 0 0 255
0.0622888 -0.0845404 -0.0216598 0 0 255
0.0611990 -0.0826981 -0.0226266 0 0 255
0.0587482 -0.0806626 -0.0250016 0 0 255
0.0356423 -0.0756703 -0.0487423 0 0 255
0.0339263 -0.0738398 -0.0503666 0 0 255
0.0344313 -0.0723257 -0.0496934 0 0 255
0.0327241 -0.0705120 -0.0513100 0 0 255
0.0315158 -0.0687749 -0.0524111 0 0 255
0.0320157 -0.0672633 -0.0517434 0 0 255
0.0310540 -0.0655673 -0.0525900 0 0 255
0.0315529 -0.0640540 -0.0519231 0 0 255
0.0303538 -0.0623382 -0.0530167 0 0 255
0.0303661 -0.0607685 -0.0528544 0 0 255
0.0298943 -0.0591453 -0.0531945 0 0 255
0.0291823 -0.0574994 -0.0537841 0 0 255
0.0291946 -0.0559337 -0.0536223 0 0 255
0.0287252 -0.0543195 -0.0539607 0 0 255
0.0284970 -0.0527320 -0.0540488 0 0 255
0.0287498 -0.0511912 -0.0536373 0 0 255
0.0282813 -0.0495834 -0.0539754 0 0 255
0.0280536 -0.0479999 -0.0540634 0 0 255
0.0278261 -0.0464179 -0.0541514 0 0 255
0.0275988 -0.0448375 -0.0542392 0 0 255
0.0268939 -0.0432218 -0.0548242 0 0 255
0.0269062 -0.0416639 -0.0546632 0 0 255
0.0269184 -0.0401059 -0.0545022 0 0 255
0.0264538 -0.0385159 -0.0548379 0 0 255
0.0259901 -0.0369290 -0.0551729 0 0 255
0.0252902 -0.0353310 -0.0557544 0 0 255
0.0250654 -0.0337649 -0.0558410 0 0 255
0.0253145 -0.0322260 -0.0554335 0 0 255
0.0250898 -0.0306615 -0.0555202 0 0 255
0.0251020 -0.0291098 -0.0553598 0 0 255
0.0248775 -0.0275476 -0.0554465 0 0 255
0.0248897 -0.0259966 -0.0552862 0 0 255
0.0246654 -0.0244367 -0.0553729 0 0 255
-0.0680345 -0.0197295 -0.1520776 0 0 255
-0.0719244 -0.0183679 -0.1560248 0 0 255
-0.0745649 -0.0170665 -0.1586683 0 0 255
-0.0742625 -0.0158535 -0.1582360 0 0 255
-0.0742529 -0.0146325 -0.1581098 0 0 255
-0.0748285 -0.0134013 -0.1585959 0 0 255
-0.0751109 -0.0121780 -0.1587755 0 0 255
-0.0751013 -0.0109599 -0.1586496 0 0 255
0.0393767 0.1139456 -0.0267913 0 0 255
0.0393893 0.1155429 -0.0266262 0 0 255
0.0394018 0.1171403 -0.0264611 0 0 255
0.0391635 0.1186721 -0.0265651 0 0 255
0.0386752 0.1201360 -0.0269376 0 0 255
0.0391886 0.1218652 -0.0262350 0 0 255
0.0387002 0.1233259 -0.0266079 0 0 255
0.0379634 0.1247148 -0.0272481 0 0 255
0.0372288 0.1260995 -0.0278862 0 0 255
0.0367445 0.1275497 -0.0282558 0 0 255
0.0367570 0.1291381 -0.0280917 0 0 255
0.0357789 0.1304411 -0.0289928 0 0 255
0.0357913 0.1320263 -0.0288289 0 0 255
0.0350666 0.1333942 -0.0294583 0 0 255
0.0350791 0.1349770 -0.0292947 0 0 255
0.0353380 0.1366340 -0.0288658 0 0 255
0.0355971 0.1382929 -0.0284364 0 0 255
0.0341452 0.1410020 -0.0297003 0 0 255
0.0346489 0.1427362 -0.0290075 0 0 255
0.0351535 0.1444739 -0.0283133 0 0 255
0.0344279 0.1458197 -0.0289457 0 0 255
0.0339495 0.1472408 -0.0293119 0 0 255
0.0334721 0.1486591 -0.0296774 0 0 255
0.0339743 0.1503986 -0.0289856 0 0 255
0.0339867 0.1519775 -0.0288224 0 0 255
0.0335092 0.1533909 -0.0291883 0 0 255
0.0335216 0.1549682 -0.0290253 0 0 255
0.0335340 0.1565455 -0.0288623 0 0 255
0.0335464 0.1581229 -0.0286993 0 0 255
0.0330698 0.1595286 -0.0290650 0 0 255
0.0333266 0.1611910 -0.0286378 0 0 255
0.0328506 0.1625929 -0.0290033 0 0 255
0.0323755 0.1639919 -0.0293682 0 0 255
0.0319014 0.1653880 -0.0297322 0 0 255
0.0321568 0.1670493 -0.0293065 0 0 255
0.0316832 0.1684416 -0.0296704 0 0 255
0.0316955 0.1700126 -0.0295080 0 0 255
0.0314653 0.1714921 -0.0296085 0 0 255
0.0314776 0.1730624 -0.0294463 0 0 255
0.0312475 0.1745395 -0.0295469 0 0 255
0.0257209 0.2295936 -0.0301020 0 0 255
0.0254968 0.2310235 -0.0302008 0 0 255
0.0252729 0.2324520 -0.0302995 0 0 255
0.0252850 0.2340009 -0.0301394 0 0 255
0.0252972 0.2355497 -0.0299794 0 0 255
0.0253094 0.2370986 -0.0298193 0 0 255
0.0250857 0.2385234 -0.0299183 0 0 255
0.0255697 0.2403216 -0.0292398 0 0 255
0.0251099 0.2416197 -0.0295982 0 0 255
0.0251221 0.2431679 -0.0294383 0 0 255
0.0248986 0.2445890 -0.0295373 0 0 255
0.0249108 0.2461365 -0.0293773 0 0 255
0.0590742 -0.0826611 -0.0224367 0 0 255
0.0577242 -0.0807906 -0.0236802 0 0 255
0.0577372 -0.0791262 -0.0235081 0 0 255
0.0359179 -0.0743800 -0.0460292 0 0 255
0.0334572 -0.0724475 -0.0484362 0 0 255
0.0312656 -0.0705677 -0.0505649 0 0 255
0.0305478 -0.0688959 -0.0511617 0 0 255
0.0310467 -0.0673844 -0.0504927 0 0 255
0.0308156 -0.0657788 -0.0505832 0 0 255
0.0305848 -0.0641749 -0.0506737 0 0 255
0.0303542 -0.0625726 -0.0507641 0 0 255
0.0301239 -0.0609719 -0.0508544 0 0 255
0.0294127 -0.0593194 -0.0514460 0 0 255
0.0289419 -0.0576976 -0.0517875 0 0 255
0.0287130 -0.0561042 -0.0518769 0 0 255
0.0282436 -0.0544882 -0.0522175 0 0 255
0.0282559 -0.0529224 -0.0520556 0 0 255
0.0280277 -0.0513339 -0.0521448 0 0 255
0.0277998 -0.0497470 -0.0522339 0 0 255
0.0270928 -0.0481197 -0.0528235 0 0 255
0.0275843 -0.0465983 -0.0521613 0 0 255
0.0268781 -0.0449766 -0.0527507 0 0 255
0.0268903 -0.0434155 -0.0525894 0 0 255
0.0266635 -0.0418366 -0.0526780 0 0 255
0.0264369 -0.0402593 -0.0527665 0 0 255
0.0257342 -0.0386513 -0.0533535 0 0 255
0.0255086 -0.0370788 -0.0534415 0 0 255
0.0245718 -0.0354644 -0.0542742 0 0 255
0.0241110 -0.0338839 -0.0546091 0 0 255
0.0243596 -0.0323450 -0.0542011 0 0 255
0.0243717 -0.0307925 -0.0540406 0 0 255
0.0241475 -0.0292286 -0.0541280 0 0 255
0.0239235 -0.0276664 -0.0542153 0 0 255
0.0236997 -0.0261057 -0.0543025 0 0 255
0.0239478 -0.0245643 -0.0538947 0 0 255
-0.0678886 -0.0198559 -0.1501369 0 0 255
-0.0729763 -0.0184528 -0.1553601 0 0 255
-0.0747304 -0.0171761 -0.1570855 0 0 255
-0.0753058 -0.0159398 -0.1575737 0 0 255
-0.0755879 -0.0147136 -0.1577542 0 0 255
-0.0755784 -0.0134945 -0.1576282 0 0 255
-0.0761510 -0.0122670 -0.1581144 0 0 255
-0.0764319 -0.0110466 -0.1582941 0 0 255
0.0367107 0.1213426 -0.0265819 0 0 255
0.0369719 0.1230019 -0.0261492 0 0 255
0.0367356 0.1245260 -0.0262530 0 0 255
0.0357556 0.1258412 -0.0271598 0 0 255
0.0350264 0.1272206 -0.0277963 0 0 255
0.0342994 0.1285957 -0.0284309 0 0 255
0.0338201 0.1300374 -0.0287985 0 0 255
0.0335901 0.1315485 -0.0288969 0 0 255
0.0331123 0.1329850 -0.0292633 0 0 255
0.0333697 0.1346376 -0.0288352 0 0 255
0.0328923 0.1360701 -0.0292016 0 0 255
0.0331495 0.1377236 -0.0287736 0 0 255
0.0329172 0.1392277 -0.0288751 0 0 255
0.0326851 0.1407302 -0.0289766 0 0 255
0.0322092 0.1421544 -0.0293422 0 0 255
0.0322215 0.1437307 -0.0291793 0 0 255
0.0322339 0.1453071 -0.0290164 0 0 255
0.0322463 0.1468835 -0.0288535 0 0 255
0.0320148 0.1483799 -0.0289548 0 0 255
0.0317837 0.1498748 -0.0290560 0 0 255
0.0320396 0.1515312 -0.0286291 0 0 255
0.0320519 0.1531069 -0.0284662 0 0 255
0.0315775 0.1545163 -0.0288318 0 0 255
0.0315898 0.1560904 -0.0286691 0 0 255
0.0316021 0.1576645 -0.0285064 0 0 255
0.0313714 0.1591532 -0.0286077 0 0 255
0.0311409 0.1606404 -0.0287090 0 0 255
0.0313961 0.1623000 -0.0282825 0 0 255
0.0306807 0.1636102 -0.0289112 0 0 255
0.0304509 0.1650929 -0.0290120 0 0 255
0.0564290 -0.0808784 -0.0226416 0 0 255
0.0561712 -0.0791756 -0.0227525 0 0 255
0.0564551 -0.0775514 -0.0222977 0 0 255
0.0564682 -0.0758879 -0.0221257 0 0 255
0.0298099 -0.0706232 -0.0498214 0 0 255
0.0300652 -0.0690808 -0.0494048 0 0 255
0.0298346 -0.0674743 -0.0494959 0 0 255
0.0300899 -0.0659302 -0.0490791 0 0 255
0.0293742 -0.0642663 -0.0496779 0 0 255
0.0293865 -0.0626934 -0.0495154 0 0 255
0.0291567 -0.0610926 -0.0496062 0 0 255
0.0284470 -0.0594399 -0.0501997 0 0 255
0.0287008 -0.0578963 -0.0497846 0 0 255
0.0277488 -0.0562246 -0.0506326 0 0 255
0.0272804 -0.0546084 -0.0509744 0 0 255
0.0272927 -0.0530426 -0.0508125 0 0 255
0.0277857 -0.0515224 -0.0501466 0 0 255
0.0268375 -0.0498671 -0.0509921 0 0 255
0.0266103 -0.0482817 -0.0510817 0 0 255
0.0268620 -0.0467386 -0.0506687 0 0 255
0.0263955 -0.0451353 -0.0510097 0 0 255
0.0261687 -0.0435539 -0.0510992 0 0 255
0.0254654 -0.0419384 -0.0516896 0 0 255
0.0259544 -0.0404130 -0.0510273 0 0 255
0.0257281 -0.0388355 -0.0511167 0 0 255
0.0250261 -0.0372289 -0.0517065 0 0 255
0.0236163 -0.0355835 -0.0530412 0 0 255
0.0233924 -0.0340165 -0.0531290 0 0 255
0.0231687 -0.0324510 -0.0532169 0 0 255
0.0231808 -0.0308993 -0.0530564 0 0 255
0.0229573 -0.0293362 -0.0531443 0 0 255
0.0234411 -0.0278063 -0.0524871 0 0 255
0.0232173 -0.0262439 -0.0525753 0 0 255
0.0229937 -0.0246831 -0.0526634 0 0 255
-0.0737412 -0.0197747 -0.1545123 0 0 255
-0.0737315 -0.0185468 -0.1543854 0 0 255
-0.0740169 -0.0173107 -0.1545697 0 0 255
-0.0754724 -0.0160476 -0.1559891 0 0 255
-0.0766286 -0.0148007 -0.1570934 0 0 255
-0.0766190 -0.0135826 -0.1569675 0 0 255
-0.0774789 -0.0123517 -0.1577599 0 0 255
0.0338052 0.1270312 -0.0268050 0 0 255
0.0328353 0.1283360 -0.0277067 0 0 255
0.0323611 0.1297773 -0.0280713 0 0 255
0.0323735 0.1313576 -0.0279080 0 0 255
0.0318972 0.1327935 -0.0282753 0 0 255
0.0316656 0.1342993 -0.0283770 0 0 255
0.0314343 0.1358036 -0.0284787 0 0 255
0.0316904 0.1374552 -0.0280508 0 0 255
0.0314589 0.1389578 -0.0281528 0 0 255
0.0309846 0.1403830 -0.0285190 0 0 255
0.0307540 0.1418820 -0.0286204 0 0 255
0.0307663 0.1434567 -0.0284576 0 0 255
0.0307787 0.1450315 -0.0282949 0 0 255
0.0305482 0.1465273 -0.0283964 0 0 255
0.0300758 0.1479420 -0.0287616 0 0 255
0.0300881 0.1495144 -0.0285991 0 0 255
0.0305853 0.1512495 -0.0279083 0 0 255
0.0298707 0.1525773 -0.0285379 0 0 255
0.0543391 -0.0791857 -0.0222810 0 0 255
0.0543521 -0.0775257 -0.0221094 0 0 255
0.0506263 -0.0753465 -0.0258611 0 0 255
0.0517026 -0.0738432 -0.0245746 0 0 255
0.0293387 -0.0692339 -0.0478993 0 0 255
0.0295939 -0.0676891 -0.0474813 0 0 255
0.0296063 -0.0661122 -0.0473183 0 0 255
0.0293757 -0.0645055 -0.0474106 0 0 255
0.0286608 -0.0628430 -0.0480122 0 0 255
0.0286731 -0.0612692 -0.0478495 0 0 255
0.0284435 -0.0596683 -0.0479414 0 0 255
0.0274936 -0.0579907 -0.0487912 0 0 255
0.0270247 -0.0563702 -0.0491354 0 0 255
0.0267968 -0.0547776 -0.0492262 0 0 255
0.0275305 -0.0532813 -0.0483045 0 0 255
0.0273021 -0.0516885 -0.0483958 0 0 255
0.0265937 -0.0500532 -0.0489930 0 0 255
0.0263662 -0.0484653 -0.0490839 0 0 255
0.0266183 -0.0469199 -0.0486692 0 0 255
0.0263908 -0.0453335 -0.0487601 0 0 255
0.0264030 -0.0437676 -0.0485983 0 0 255
0.0252202 -0.0421118 -0.0496977 0 0 255
0.0261881 -0.0406185 -0.0485274 0 0 255
0.0259611 -0.0390369 -0.0486183 0 0 255
0.0250186 -0.0374103 -0.0494651 0 0 255
0.0247927 -0.0358344 -0.0495553 0 0 255
0.0248049 -0.0342739 -0.0493940 0 0 255
0.0241044 -0.0326742 -0.0499864 0 0 255
0.0229333 -0.0310548 -0.0510768 0 0 255
0.0222384 -0.0294664 -0.0516642 0 0 255
0.0229577 -0.0279465 -0.0507555 0 0 255
0.0229698 -0.0263923 -0.0505948 0 0 255
-0.0742114 -0.0211079 -0.1533524 0 0 255
-0.0744965 -0.0198687 -0.1535376 0 0 255
-0.0744869 -0.0186408 -0.1534107 0 0 255
-0.0762337 -0.0173632 -0.1551454 0 0 255
-0.0768067 -0.0161266 -0.1556367 0 0 255
-0.0776675 -0.0148877 -0.1564336 0 0 255
-0.0779472 -0.0136652 -0.1566146 0 0 255
0.0517267 -0.0774243 -0.0224820 0 0 255
0.0493482 -0.0754362 -0.0248319 0 0 255
0.0493611 -0.0737897 -0.0246617 0 0 255
0.0496386 -0.0721782 -0.0242124 0 0 255
0.0480682 -0.0703259 -0.0257127 0 0 255
0.0475556 -0.0686174 -0.0260975 0 0 255
0.0459986 -0.0667844 -0.0275853 0 0 255
0.0452303 -0.0650560 -0.0282412 0 0 255
0.0447237 -0.0633632 -0.0286211 0 0 255
0.0343313 -0.0605609 -0.0394481 0 0 255
0.0301577 -0.0585077 -0.0437080 0 0 255
0.0289529 -0.0567969 -0.0448315 0 0 255
0.0265525 -0.0549717 -0.0472203 0 0 255
0.0265648 -0.0534018 -0.0470581 0 0 255
0.0263368 -0.0518090 -0.0471500 0 0 255
0.0258695 -0.0501956 -0.0474956 0 0 255
0.0258817 -0.0486281 -0.0473336 0 0 255
0.0258940 -0.0470606 -0.0471716 0 0 255
0.0256668 -0.0454734 -0.0472633 0 0 255
0.0261583 -0.0439445 -0.0465934 0 0 255
0.0254520 -0.0423218 -0.0471932 0 0 255
0.0259431 -0.0407904 -0.0465235 0 0 255
0.0259554 -0.0392228 -0.0463614 0 0 255
0.0257281 -0.0376395 -0.0464535 0 0 255
0.0255010 -0.0360577 -0.0465457 0 0 255
0.0255133 -0.0344917 -0.0463838 0 0 255
0.0255256 -0.0329256 -0.0462219 0 0 255
0.0250600 -0.0313346 -0.0465677 0 0 255
0.0245952 -0.0297468 -0.0469129 0 0 255
0.0234194 -0.0281299 -0.0480145 0 0 255
0.0241438 -0.0266009 -0.0470960 0 0 255
-0.0752614 -0.0211906 -0.1526898 0 0 255
-0.0752518 -0.0199627 -0.1525629 0 0 255
-0.0755359 -0.0187254 -0.1527486 0 0 255
-0.0775667 -0.0174401 -0.1547942 0 0 255
-0.0778471 -0.0162127 -0.1549769 0 0 255
-0.0787048 -0.0149745 -0.1557748 0 0 255
-0.0786952 -0.0137583 -0.1556490 0 0 255
0.0480843 -0.0738802 -0.0236337 0 0 255
0.0483609 -0.0722696 -0.0231841 0 0 255
0.0465335 -0.0703840 -0.0249646 0 0 255
0.0462846 -0.0687104 -0.0250726 0 0 255
0.0447325 -0.0668780 -0.0265629 0 0 255
0.0444854 -0.0652125 -0.0266696 0 0 255
0.0434617 -0.0634583 -0.0276008 0 0 255
0.0437332 -0.0618576 -0.0271577 0 0 255
0.0432287 -0.0601699 -0.0275384 0 0 255
0.0363682 -0.0578098 -0.0346708 0 0 255
0.0263073 -0.0551664 -0.0452083 0 0 255
0.0253593 -0.0534985 -0.0460665 0 0 255
0.0253715 -0.0519294 -0.0459043 0 0 255
0.0253838 -0.0503603 -0.0457421 0 0 255
0.0251566 -0.0487698 -0.0458347 0 0 255
0.0251689 -0.0472015 -0.0456726 0 0 255
0.0254207 -0.0456530 -0.0452555 0 0 255
0.0251935 -0.0440648 -0.0453483 0 0 255
0.0252057 -0.0424964 -0.0451862 0 0 255
0.0256973 -0.0409628 -0.0445134 0 0 255
0.0259496 -0.0394094 -0.0440952 0 0 255
0.0254821 -0.0378069 -0.0444444 0 0 255
0.0254944 -0.0362377 -0.0442822 0 0 255
0.0250278 -0.0346400 -0.0446307 0 0 255
0.0252794 -0.0330857 -0.0442133 0 0 255
0.0245745 -0.0314795 -0.0448167 0 0 255
0.0245867 -0.0299134 -0.0446548 0 0 255
0.0236461 -0.0283036 -0.0455106 0 0 255
0.0238962 -0.0267507 -0.0450949 0 0 255
-0.0757231 -0.0212961 -0.1514013 0 0 255
-0.0760070 -0.0200567 -0.1515881 0 0 255
-0.0757039 -0.0188383 -0.1511473 0 0 255
-0.0786065 -0.0175251 -0.1541351 0 0 255
-0.0785970 -0.0163060 -0.1540091 0 0 255
-0.0791649 -0.0150740 -0.1545011 0 0 255
0.0465591 -0.0722907 -0.0227164 0 0 255
0.0463096 -0.0706125 -0.0228258 0 0 255
0.0450148 -0.0688032 -0.0240488 0 0 255
0.0439866 -0.0670357 -0.0249887 0 0 255
0.0439994 -0.0654005 -0.0248196 0 0 255
0.0427170 -0.0636138 -0.0260314 0 0 255
0.0427297 -0.0619828 -0.0258628 0 0 255
0.0427425 -0.0603519 -0.0256942 0 0 255
0.0419814 -0.0586382 -0.0263513 0 0 255
0.0409662 -0.0569035 -0.0272803 0 0 255
0.0399553 -0.0551761 -0.0282053 0 0 255
0.0248850 -0.0520961 -0.0441473 0 0 255
0.0246578 -0.0505031 -0.0442408 0 0 255
0.0246700 -0.0489332 -0.0440785 0 0 255
0.0242040 -0.0473218 -0.0444275 0 0 255
0.0244554 -0.0457733 -0.0440097 0 0 255
0.0264010 -0.0427819 -0.0416297 0 0 255
0.0254508 -0.0411358 -0.0424970 0 0 255
0.0247437 -0.0395132 -0.0431046 0 0 255
0.0247560 -0.0379431 -0.0429423 0 0 255
0.0252477 -0.0364032 -0.0422665 0 0 255
0.0271966 -0.0333680 -0.0398788 0 0 255
0.0245658 -0.0316500 -0.0425496 0 0 255
0.0245781 -0.0300806 -0.0423874 0 0 255
0.0269948 -0.0286222 -0.0396456 0 0 255
-0.0761856 -0.0214017 -0.1501108 0 0 255
-0.0764695 -0.0201613 -0.1502988 0 0 255
-0.0764598 -0.0189324 -0.1501717 0 0 255
-0.0784888 -0.0176438 -0.1522351 0 0 255
-0.0796353 -0.0163918 -0.1533512 0 0 255
0.0432142 -0.0704658 -0.0237511 0 0 255
0.0424499 -0.0687306 -0.0244135 0 0 255
0.0419460 -0.0670329 -0.0247976 0 0 255
0.0422170 -0.0654323 -0.0243524 0 0 255
0.0406846 -0.0636182 -0.0258386 0 0 255
0.0396726 -0.0618738 -0.0267682 0 0 255
0.0404534 -0.0603348 -0.0257771 0 0 255
0.0402098 -0.0586807 -0.0258837 0 0 255
0.0392000 -0.0569486 -0.0268121 0 0 255
0.0376869 -0.0551729 -0.0282810 0 0 255
0.0382070 -0.0536049 -0.0275692 0 0 255
0.0349429 -0.0516787 -0.0309189 0 0 255
0.0317200 -0.0497782 -0.0342262 0 0 255
0.0263561 -0.0477134 -0.0398350 0 0 255
0.0275796 -0.0462358 -0.0383707 0 0 255
0.0320047 -0.0450070 -0.0334651 0 0 255
0.0350057 -0.0436388 -0.0300877 0 0 255
0.0345176 -0.0419940 -0.0304598 0 0 255
0.0320422 -0.0402131 -0.0329695 0 0 255
0.0266720 -0.0382559 -0.0385954 0 0 255
0.0278969 -0.0367529 -0.0371271 0 0 255
0.0286399 -0.0352128 -0.0361768 0 0 255
0.0303661 -0.0337234 -0.0341675 0 0 255
0.0316103 -0.0321967 -0.0326760 0 0 255
0.0318699 -0.0306126 -0.0322447 0 0 255
0.0316353 -0.0290038 -0.0323460 0 0 255
0.0304159 -0.0273543 -0.0335090 0 0 255
-0.0772350 -0.0214843 -0.1494502 0 0 255
-0.0772254 -0.0202554 -0.1493232 0 0 255
-0.0772158 -0.0190265 -0.1491961 0 0 255
-0.0769133 -0.0178063 -0.1487530 0 0 255
0.0406846 -0.0671262 -0.0237788 0 0 255
0.0396705 -0.0653707 -0.0247147 0 0 255
0.0391715 -0.0636829 -0.0250971 0 0 255
0.0391841 -0.0620571 -0.0249290 0 0 255
0.0386861 -0.0603745 -0.0253108 0 0 255
0.0381891 -0.0586956 -0.0256917 0 0 255
0.0371857 -0.0569671 -0.0266187 0 0 255
0.0366919 -0.0552970 -0.0269970 0 0 255
0.0369576 -0.0537045 -0.0265570 0 0 255
0.0364643 -0.0520387 -0.0269352 0 0 255
0.0364801 -0.0504225 -0.0267648 0 0 255
0.0354840 -0.0487178 -0.0276859 0 0 255
0.0357484 -0.0471259 -0.0272474 0 0 255
0.0352576 -0.0454713 -0.0276239 0 0 255
0.0352702 -0.0438591 -0.0274572 0 0 255
0.0345298 -0.0421911 -0.0281038 0 0 255
0.0347931 -0.0405990 -0.0276665 0 0 255
0.0320617 -0.0388041 -0.0304657 0 0 255
0.0318263 -0.0371870 -0.0305681 0 0 255
0.0320868 -0.0356014 -0.0301345 0 0 255
0.0318514 -0.0339859 -0.0302370 0 0 255
0.0316162 -0.0323720 -0.0303396 0 0 255
0.0321243 -0.0307971 -0.0296378 0 0 255
0.0318889 -0.0291840 -0.0297406 0 0 255
0.0314063 -0.0275619 -0.0301113 0 0 255
-0.0782827 -0.0215667 -0.1487907 0 0 255
-0.0782731 -0.0203388 -0.1486637 0 0 255
-0.0779717 -0.0191206 -0.1482205 0 0 255
-0.0802808 -0.0178223 -0.1506076 0 0 255
0.0381712 -0.0638077 -0.0238063 0 0 255
0.0376742 -0.0621233 -0.0241893 0 0 255
0.0379417 -0.0605277 -0.0237458 0 0 255
0.0376996 -0.0588752 -0.0238534 0 0 255
0.0361897 -0.0570914 -0.0253332 0 0 255
0.0356970 -0.0554212 -0.0257129 0 0 255
0.0354573 -0.0537792 -0.0258189 0 0 255
0.0359748 -0.0522105 -0.0251049 0 0 255
0.0354825 -0.0505463 -0.0254847 0 0 255
0.0352461 -0.0489079 -0.0255874 0 0 255
0.0352588 -0.0472923 -0.0254204 0 0 255
0.0347680 -0.0456357 -0.0257992 0 0 255
0.0350322 -0.0440413 -0.0253594 0 0 255
0.0342909 -0.0423704 -0.0260105 0 0 255
0.0345546 -0.0407759 -0.0255712 0 0 255
0.0345672 -0.0391627 -0.0254045 0 0 255
0.0318327 -0.0373732 -0.0282211 0 0 255
0.0308542 -0.0357091 -0.0291318 0 0 255
0.0303727 -0.0340802 -0.0295032 0 0 255
0.0301386 -0.0324679 -0.0296059 0 0 255
0.0303977 -0.0308823 -0.0291725 0 0 255
0.0299172 -0.0292601 -0.0295435 0 0 255
-0.0731350 -0.0231477 -0.1415100 0 0 255
-0.0790380 -0.0216608 -0.1478159 0 0 255
-0.0793190 -0.0204221 -0.1480052 0 0 255
-0.0790188 -0.0192049 -0.1475619 0 0 255
0.0361929 -0.0589447 -0.0231155 0 0 255
0.0351937 -0.0572157 -0.0240478 0 0 255
0.0349540 -0.0555710 -0.0241548 0 0 255
0.0349666 -0.0539529 -0.0239875 0 0 255
0.0347272 -0.0523107 -0.0240944 0 0 255
0.0339883 -0.0506245 -0.0247452 0 0 255
0.0342522 -0.0490319 -0.0243046 0 0 255
0.0342648 -0.0474162 -0.0241376 0 0 255
0.0337751 -0.0457596 -0.0245177 0 0 255
0.0340388 -0.0441652 -0.0240772 0 0 255
0.0340514 -0.0425503 -0.0239103 0 0 255
0.0340640 -0.0409354 -0.0237433 0 0 255
0.0338255 -0.0393034 -0.0238501 0 0 255
0.0305984 -0.0374802 -0.0272178 0 0 255
0.0293766 -0.0358016 -0.0283991 0 0 255
0.0291430 -0.0341885 -0.0285025 0 0 255
0.0291554 -0.0325904 -0.0283372 0 0 255
0.0296604 -0.0310174 -0.0276340 0 0 255
0.0294265 -0.0294058 -0.0277377 0 0 255
-0.0747999 -0.0232036 -0.1414999 0 0 255
-0.0806621 -0.0217194 -0.1477908 0 0 255
-0.0806525 -0.0204944 -0.1476641 0 0 255
0.0332330 -0.0523871 -0.0233560 0 0 255
0.0329948 -0.0507484 -0.0234631 0 0 255
0.0325067 -0.0490891 -0.0238438 0 0 255
0.0330200 -0.0475187 -0.0231291 0 0 255
0.0330327 -0.0459039 -0.0229622 0 0 255
0.0330453 -0.0442890 -0.0227951 0 0 255
0.0325571 -0.0426365 -0.0231766 0 0 255
0.0325696 -0.0410233 -0.0230097 0 0 255
0.0320825 -0.0393759 -0.0233904 0 0 255
0.0291187 -0.0375711 -0.0264859 0 0 255
0.0283929 -0.0359242 -0.0271297 0 0 255
0.0279145 -0.0342967 -0.0275027 0 0 255
0.0279270 -0.0326994 -0.0273375 0 0 255
0.0281848 -0.0311147 -0.0269031 0 0 255
-0.0746801 -0.0245868 -0.1396575 0 0 255
-0.0752678 -0.0233123 -0.1401844 0 0 255
-0.0814157 -0.0218132 -0.1468182 0 0 255
-0.0814061 -0.0205882 -0.1466916 0 0 255
0.0317765 -0.0476212 -0.0221217 0 0 255
0.0317892 -0.0460072 -0.0219548 0 0 255
0.0318018 -0.0443931 -0.0217879 0 0 255
0.0320643 -0.0427980 -0.0213460 0 0 255
0.0315772 -0.0411470 -0.0217288 0 0 255
0.0305935 -0.0394652 -0.0226586 0 0 255
0.0288725 -0.0377421 -0.0244008 0 0 255
0.0276546 -0.0360619 -0.0255900 0 0 255
0.0269319 -0.0344191 -0.0262345 0 0 255
0.0274343 -0.0328488 -0.0255294 0 0 255
0.0274467 -0.0312498 -0.0253641 0 0 255
-0.0754478 -0.0246824 -0.1386667 0 0 255
