ply
format ascii 1.0
element vertex 20000
property float x
property float y
property float z
property uchar red
property uchar green
property uchar blue
end_header
0.2210047 -0.0536497 0.5205524 0 255 0
-0.1051710 -0.0419153 0.4974228 0 255 0
-0.1953024 -0.0374089 0.5331435 0 255 0
-0.1468590 0.0332284 0.5210783 0 255 0
0.2038992 -0.0093360 0.5054059 0 255 0
-0.1130921 -0.0068358 0.4963235 0 255 0
-0.2177728 -0.0429028 0.5392129 0 255 0
0.1893084 -0.0617520 0.5490926 0 255 0
-0.2113800 0.0376386 0.5144166 0 255 0
0.2082788 0.0482147 0.4648806 0 255 0
0.2134911 0.0139569 0.4893306 0 255 0
-0.1468978 -0.0241422 0.4925085 0 255 0
-0.2036174 -0.0564995 0.5131083 0 255 0
-0.1306136 -0.0124496 0.4878089 0 255 0
0.3548966 -0.0261101 0.5326529 0 255 0
-0.1742909 -0.0544089 0.5048970 0 255 0
-0.2263161 0.0543296 0.5238392 0 255 0
-0.0949660 -0.0774423 0.4929271 0 255 0
-0.2238646 0.0286392 0.5267489 0 255 0
-0.1858675 0.0536545 0.5173305 0 255 0
0.2426187 -0.0427226 0.5070029 0 255 0
0.2866109 0.0129458 0.4946269 0 255 0
-0.1270937 -0.0397903 0.5153125 0 255 0
0.1928410 0.0365817 0.4697971 0 255 0
0.2306847 0.0138859 0.4868395 0 255 0
0.1881609 0.0647759 0.4583957 0 255 0
0.1910712 -0.0735465 0.5504584 0 255 0
0.2649389 0.0509725 0.4805828 0 255 0
0.2721798 -0.0883835 0.5889969 0 255 0
-0.1056965 0.0115006 0.5355765 0 255 0
-0.1890562 0.0438246 0.5160924 0 255 0
-0.1714144 -0.0128478 0.5034087 0 255 0
-0.1113987 -0.0194213 0.5210937 0 255 0
0.3217331 0.0086480 0.5155662 0 255 0
0.1996247 0.0176013 0.4948106 0 255 0
0.2844003 -0.0867491 0.5691918 0 255 0
0.3181223 -0.0010476 0.5175658 0 255 0
-0.0403191 -0.0498461 0.5191560 0 255 0
0.2141653 -0.0103887 0.4989269 0 255 0
0.1983692 -0.0576844 0.5352924 0 255 0
-0.1571133 0.0379445 0.5185974 0 255 0
-0.0722179 -0.0673802 0.4955911 0 255 0
-0.1257292 -0.0217648 0.4910884 0 255 0
-0.1888032 -0.0730460 0.5025241 0 255 0
0.2143222 0.0139363 0.4886073 0 255 0
0.2708094 -0.0585793 0.5319962 0 255 0
0.3296179 -0.0357912 0.5467054 0 255 0
0.2314839 0.0553610 0.4699074 0 255 0
0.2359150 -0.0442186 0.5105199 0 255 0
-0.2432380 0.0347698 0.5258719 0 255 0
-0.1545378 -0.0010246 0.5061751 0 255 0
-0.2348989 0.0309397 0.5237886 0 255 0
0.2600779 0.0001619 0.4971623 0 255 0
-0.1213250 -0.0735725 0.4827357 0 255 0
-0.1567181 -0.0404922 0.4943178 0 255 0
0.2397347 0.0504158 0.4753338 0 255 0
0.2467902 0.0290390 0.4916108 0 255 0
0.2728885 0.0323161 0.4887608 0 255 0
0.2671953 -0.0738777 0.5529374 0 255 0
0.3188018 -0.0539168 0.5615531 0 255 0
-0.1244920 0.0024661 0.4907545 0 255 0
0.2305220 -0.0852465 0.5680912 0 255 0
0.2910877 -0.0854141 0.5692081 0 255 0
-0.0867085 -0.0584719 0.5426005 0 255 0
-0.1628087 0.0366382 0.5173585 0 255 0
-0.1981103 0.0089004 0.5306106 0 255 0
0.2466102 -0.0138866 0.4982398 0 255 0
-0.1104995 -0.0458946 0.4899922 0 255 0
-0.1432192 -0.0206400 0.4917838 0 255 0
-0.1037346 -0.0596178 0.4799736 0 255 0
0.1915183 0.0288811 0.4889381 0 255 0
-0.1616345 -0.0877325 0.4987495 0 255 0
0.2723428 0.0277836 0.4898426 0 255 0
-0.1250429 -0.0241627 0.4929259 0 255 0
-0.0927010 -0.0639372 0.4871040 0 255 0
-0.2170809 0.0544769 0.5136232 0 255 0
-0.1823515 -0.0775333 0.5009993 0 255 0
0.2800255 -0.0162673 0.4994445 0 255 0
-0.1558971 0.0379447 0.5186001 0 255 0
-0.1807728 0.0199944 0.5272585 0 255 0
0.3245705 -0.0264917 0.5404375 0 255 0
-0.1953140 -0.0594221 0.5071813 0 255 0
0.2838907 -0.0765293 0.5628841 0 255 0
-0.2104818 -0.0223934 0.5335618 0 255 0
0.2532017 -0.0234296 0.5020355 0 255 0
-0.1451242 0.0025875 0.5149231 0 255 0
-0.1569863 0.0293908 0.5181782 0 255 0
0.2365510 -0.0067750 0.4919108 0 255 0
0.3471270 -0.0262789 0.5360980 0 255 0
-0.1169084 0.0144849 0.5078414 0 255 0
0.2814493 0.0325100 0.4916935 0 255 0
-0.1873417 -0.0658620 0.5017684 0 255 0
0.2142096 0.0048265 0.4963167 0 255 0
0.2181954 -0.0045134 0.4974373 0 255 0
-0.0952785 -0.0279272 0.5198807 0 255 0
-0.1256095 0.0209045 0.5512581 0 255 0
0.2485707 -0.0703884 0.5666862 0 255 0
0.2095750 -0.0092723 0.5019548 0 255 0
-0.1903781 0.0296672 0.5230520 0 255 0
0.2097826 0.0543108 0.4609929 0 255 0
0.2271517 -0.0539490 0.5234569 0 255 0
0.2187923 -0.0345667 0.5097062 0 255 0
-0.2044862 -0.0123042 0.5309992 0 255 0
-0.1159727 -0.0044796 0.4937108 0 255 0
0.2738987 0.0243667 0.4905702 0 255 0
0.3146272 -0.0719236 0.5682950 0 255 0
0.2672551 0.0129641 0.4953273 0 255 0
-0.1650725 -0.0533068 0.5056961 0 255 0
0.1809801 0.0471162 0.4648195 0 255 0
0.2434777 0.0408039 0.4805194 0 255 0
-0.1729969 -0.0272920 0.5080563 0 255 0
-0.1283032 -0.0373686 0.5153129 0 255 0
-0.2223334 0.0078493 0.5441808 0 255 0
0.2043946 -0.0507194 0.5156322 0 255 0
-0.0755931 -0.0614650 0.4948449 0 255 0
-0.1582771 -0.0872910 0.5029585 0 255 0
-0.2212103 0.0533939 0.5148176 0 255 0
-0.2432203 0.0102112 0.5339613 0 255 0
0.2131021 0.0171897 0.4832401 0 255 0
0.3444763 -0.0097216 0.5262820 0 255 0
-0.0923519 -0.0195312 0.5240433 0 255 0
0.2471098 -0.0919508 0.5852752 0 255 0
0.2895901 0.0164699 0.4957527 0 255 0
0.1995542 0.0219883 0.4889472 0 255 0
-0.1849847 -0.0741144 0.5017633 0 255 0
-0.1529305 0.0431679 0.5381399 0 255 0
-0.1827179 0.0063053 0.5222084 0 255 0
0.2127709 0.0105860 0.4929834 0 255 0
-0.1037330 -0.0652559 0.4799666 0 255 0
0.2267283 0.0228689 0.4832771 0 255 0
-0.1718065 -0.0188051 0.5045603 0 255 0
0.2016808 0.0490292 0.4622608 0 255 0
0.2466777 0.0106513 0.4960243 0 255 0
-0.2068906 0.0307961 0.5213568 0 255 0
0.2596920 0.0094934 0.4964247 0 255 0
0.2803324 -0.0658941 0.5407322 0 255 0
-0.2040748 0.0076906 0.5331801 0 255 0
0.2370187 0.0266678 0.4904897 0 255 0
0.2532244 0.0365550 0.4840612 0 255 0
-0.1971447 -0.0147167 0.5280243 0 255 0
0.2396981 -0.0454540 0.5109224 0 255 0
0.1950343 0.0427196 0.4645174 0 255 0
0.1928726 0.0602590 0.4568154 0 255 0
0.2303123 -0.1082213 0.5915217 0 255 0
0.2205691 0.0227019 0.4797479 0 255 0
0.2683776 0.0210172 0.4931181 0 255 0
0.2720844 0.0368011 0.4873206 0 255 0
0.2092970 0.0129026 0.4929761 0 255 0
0.1914720 -0.0623962 0.5790163 0 255 0
-0.1369682 0.0160742 0.5206687 0 255 0
0.2613640 -0.0889364 0.5926811 0 255 0
-0.1201500 -0.0171752 0.4918388 0 255 0
-0.1702353 -0.0092992 0.5034157 0 255 0
-0.2115642 -0.0161118 0.5331340 0 255 0
0.2794212 0.0036449 0.4942292 0 255 0
-0.1568813 -0.0795073 0.5060712 0 255 0
0.2406988 -0.0761696 0.5700909 0 255 0
-0.1636306 -0.0639014 0.5049087 0 255 0
0.2051952 0.0106734 0.4970526 0 255 0
0.3391435 -0.0059830 0.5237684 0 255 0
0.1670967 0.0725115 0.4596369 0 255 0
-0.1519440 -0.0536311 0.4976795 0 255 0
-0.2093584 0.0423090 0.5124233 0 255 0
0.1947608 0.0448396 0.4638661 0 255 0
-0.1350913 -0.0545980 0.4958400 0 255 0
-0.2210501 0.0128156 0.5379497 0 255 0
-0.1539500 -0.0067884 0.4928839 0 255 0
-0.1125220 -0.0080445 0.4989603 0 255 0
0.1687838 0.0701560 0.4583598 0 255 0
0.2184034 -0.0484509 0.5172846 0 255 0
0.2793406 0.0232837 0.4920442 0 255 0
-0.2174132 0.0424730 0.5144093 0 255 0
0.2335973 0.0429044 0.4787592 0 255 0
0.2317353 0.0397885 0.4818965 0 255 0
0.2543830 0.0443229 0.4819517 0 255 0
0.2813528 -0.1014328 0.5766343 0 255 0
0.2501240 -0.0103746 0.4982518 0 255 0
0.2107334 -0.0394162 0.5104680 0 255 0
0.2366554 0.0082148 0.4897377 0 255 0
0.2692186 0.0619521 0.4781682 0 255 0
-0.2507716 0.0263935 0.5313750 0 255 0
-0.1597117 -0.0602050 0.5037603 0 255 0
-0.1492114 -0.0148843 0.4925149 0 255 0
0.1873450 -0.0810195 0.5665359 0 255 0
-0.1296645 -0.0044327 0.4885461 0 255 0
0.2643409 0.0618611 0.4774655 0 255 0
-0.1933765 -0.0639420 0.5052290 0 255 0
0.2783883 0.0175156 0.4924022 0 255 0
-0.1876271 0.0308476 0.5222280 0 255 0
0.2225050 0.0205220 0.4815007 0 255 0
-0.1778036 -0.0370990 0.5115946 0 255 0
0.2454636 -0.1108109 0.5979959 0 255 0
-0.1342443 -0.0147637 0.4885232 0 255 0
-0.1576664 0.0001669 0.5124832 0 255 0
-0.1028368 -0.0442532 0.4974250 0 255 0
0.2872811 0.0455950 0.4957836 0 255 0
0.2485803 -0.0056830 0.4975024 0 255 0
0.2271638 -0.0149319 0.4940917 0 255 0
0.2765906 0.0480414 0.4851944 0 255 0
0.3331318 -0.0567519 0.5635005 0 255 0
0.3400692 -0.0134526 0.5271085 0 255 0
-0.1883427 -0.0756965 0.5044493 0 255 0
-0.2534510 0.0265435 0.5343952 0 255 0
-0.0937747 -0.0616025 0.4867438 0 255 0
0.2315298 0.0478694 0.4722504 0 255 0
0.1905625 -0.0612794 0.5565182 0 255 0
0.2165877 0.0337055 0.4759470 0 255 0
0.3583626 -0.0260894 0.5322309 0 255 0
0.2960326 0.0177420 0.4987663 0 255 0
-0.1168683 -0.0021546 0.4926018 0 255 0
-0.1885134 0.0038695 0.5246950 0 255 0
-0.0941339 -0.0267270 0.5202977 0 255 0
0.2076852 0.0071749 0.4974287 0 255 0
0.2412957 0.0428748 0.4784288 0 255 0
0.2511191 0.0580293 0.4736619 0 255 0
0.2777315 0.0491819 0.4851984 0 255 0
-0.1526788 -0.0090979 0.4925144 0 255 0
-0.2214240 0.0078624 0.5450861 0 255 0
-0.1287020 -0.0467609 0.5120878 0 255 0
0.2875533 -0.0385580 0.5150265 0 255 0
0.2356354 0.0544517 0.4715948 0 255 0
0.2819458 -0.0533240 0.5294637 0 255 0
-0.1340329 -0.0441468 0.4962298 0 255 0
0.2198702 -0.0010039 0.4959486 0 255 0
0.2022977 -0.0165244 0.5073385 0 255 0
0.2147331 0.0445047 0.4718716 0 255 0
-0.1830193 0.0308973 0.5230697 0 255 0
-0.0918968 -0.0722155 0.4889071 0 255 0
-0.1594615 0.0479114 0.5346311 0 255 0
-0.1971493 -0.0047911 0.5280366 0 255 0
-0.1981876 -0.0551233 0.5115259 0 255 0
0.2823935 -0.0377896 0.5211180 0 255 0
-0.1232949 0.0179535 0.5047126 0 255 0
-0.1531803 0.0407053 0.5390190 0 255 0
0.2842258 -0.0321309 0.5090667 0 255 0
0.2714124 -0.0719762 0.5483490 0 255 0
0.1919239 0.0223017 0.4959162 0 255 0
-0.2042886 -0.0477768 0.5370317 0 255 0
-0.2161812 0.0354143 0.5172385 0 255 0
-0.0827296 -0.0574769 0.5333673 0 255 0
0.2247738 0.0318373 0.4815197 0 255 0
-0.1297322 -0.0905767 0.4888011 0 255 0
0.2295529 0.0321905 0.4868621 0 255 0
-0.1248553 -0.0252830 0.4921867 0 255 0
-0.1685890 0.0356177 0.5202086 0 255 0
0.2400909 0.0408033 0.4805120 0 255 0
0.3267062 0.0026112 0.5196271 0 255 0
0.3401141 -0.0441959 0.5554659 0 255 0
0.1988634 -0.0792515 0.5541732 0 255 0
0.2208314 -0.0511632 0.5201442 0 255 0
-0.0528831 -0.0514702 0.5110569 0 255 0
-0.1141967 -0.0722290 0.4813411 0 255 0
-0.2030806 -0.0048142 0.5305827 0 255 0
-0.2203014 -0.0429023 0.5392074 0 255 0
-0.2060618 -0.0173227 0.5318495 0 255 0
0.2871520 -0.0272837 0.5079031 0 255 0
-0.2213995 -0.0124850 0.5388002 0 255 0
-0.1698217 -0.0877293 0.4987315 0 255 0
-0.0887415 -0.0594030 0.5394775 0 255 0
-0.1304198 -0.0135757 0.4870849 0 255 0
-0.1184701 0.0071322 0.4944624 0 255 0
-0.0383061 -0.0467031 0.5249636 0 255 0
0.2688588 -0.1064125 0.5969689 0 255 0
-0.1532121 0.0086847 0.5177526 0 255 0
-0.1567589 -0.0841981 0.5056760 0 255 0
-0.1571876 -0.0487685 0.4957987 0 255 0
0.3285637 -0.0440456 0.5535759 0 255 0
-0.1698227 -0.0853860 0.4987344 0 255 0
-0.1827673 -0.0824296 0.5021415 0 255 0
-0.1542666 -0.0888824 0.5052868 0 255 0
0.2820600 -0.0403658 0.5227665 0 255 0
-0.2300123 0.0152682 0.5353023 0 255 0
0.3522282 -0.0172793 0.5305166 0 255 0
0.3424239 -0.0035301 0.5250289 0 255 0
0.2548058 -0.0115456 0.4982606 0 255 0
0.2379132 0.0356768 0.4876046 0 255 0
0.2602412 0.0388598 0.4844349 0 255 0
0.2235841 0.0539473 0.4672261 0 255 0
0.2587172 -0.0526428 0.5227002 0 255 0
-0.1713041 0.0427156 0.5173475 0 255 0
0.1870033 0.0469850 0.4635257 0 255 0
-0.1290827 -0.0655783 0.4996071 0 255 0
-0.2138050 -0.0416024 0.5387808 0 255 0
0.1861795 -0.0690995 0.5670358 0 255 0
0.2665195 0.0378058 0.4855168 0 255 0
-0.1682741 0.0236936 0.5268677 0 255 0
-0.1846679 -0.0288185 0.5139916 0 255 0
-0.0545596 -0.0602791 0.5043806 0 255 0
0.3351063 -0.0317281 0.5431240 0 255 0
-0.1496405 -0.0913285 0.5056828 0 255 0
0.2776360 -0.1020563 0.5801790 0 255 0
0.2560165 0.0210475 0.4938293 0 255 0
-0.1141599 -0.0500879 0.4859935 0 255 0
-0.1925295 0.0367491 0.5189249 0 255 0
-0.1348164 -0.0966750 0.4906050 0 255 0
0.1865526 0.0343451 0.4849778 0 255 0
0.3089027 0.0097222 0.5083893 0 255 0
-0.2058295 0.0225060 0.5280513 0 255 0
-0.2057166 -0.0465528 0.5374696 0 255 0
-0.1718060 -0.0199906 0.5045589 0 255 0
-0.1072659 -0.0698672 0.4806552 0 255 0
-0.2215676 -0.0391015 0.5392093 0 255 0
0.2788121 -0.0840003 0.5686918 0 255 0
-0.1753408 -0.0531816 0.5045084 0 255 0
-0.1498095 0.0208843 0.5185923 0 255 0
0.3065333 -0.1007931 0.5807552 0 255 0
-0.1101860 0.0133435 0.5098239 0 255 0
-0.1347888 -0.0475008 0.4947295 0 255 0
0.2036657 0.0238274 0.4797122 0 255 0
-0.1462286 0.0013543 0.5061963 0 255 0
-0.1603821 0.0366386 0.5173639 0 255 0
0.2686193 0.0106443 0.4956996 0 255 0
0.2063412 -0.0332901 0.5085009 0 255 0
-0.2048649 0.0656245 0.5255766 0 255 0
-0.0593846 -0.0579968 0.5051478 0 255 0
0.2149153 -0.0888619 0.5656137 0 255 0
0.2052702 0.0322134 0.4704880 0 255 0
0.3093840 0.0132754 0.5072224 0 255 0
0.2201928 -0.0173442 0.4966763 0 255 0
0.2745799 0.0402669 0.4876905 0 255 0
-0.1139895 -0.0152757 0.5054680 0 255 0
-0.1189179 -0.0304878 0.5218910 0 255 0
0.2692179 0.0608284 0.4781668 0 255 0
-0.1526003 -0.0869095 0.5076331 0 255 0
-0.1134044 -0.0542940 0.4827770 0 255 0
-0.1574599 -0.0851237 0.5041209 0 255 0
0.3010676 0.0049134 0.5052518 0 255 0
0.2811663 -0.0393558 0.5256830 0 255 0
0.2615710 0.0377494 0.4847924 0 255 0
0.3476040 -0.0396478 0.5467428 0 255 0
-0.0804104 -0.0559699 0.5430657 0 255 0
0.1844098 0.0410840 0.4707905 0 255 0
0.2705382 -0.0258694 0.5036026 0 255 0
-0.0546751 -0.0653884 0.5166577 0 255 0
-0.1767953 -0.0508885 0.5052817 0 255 0
-0.2188759 -0.0212251 0.5357183 0 255 0
0.2710984 0.0175674 0.4938581 0 255 0
-0.1419309 0.0321567 0.5443906 0 255 0
0.2022514 0.0141345 0.4955559 0 255 0
-0.1988962 -0.0273649 0.5327156 0 255 0
-0.0986308 -0.0059202 0.5182627 0 255 0
0.2783711 -0.1036934 0.5817152 0 255 0
0.1733486 0.0529115 0.4677751 0 255 0
0.2483983 0.0013300 0.4971382 0 255 0
-0.0946562 -0.0342514 0.5231844 0 255 0
-0.2086410 0.0225420 0.5288955 0 255 0
-0.1351683 0.0198390 0.5231612 0 255 0
0.2190248 -0.0196781 0.4966709 0 255 0
0.2751447 -0.0546981 0.5307257 0 255 0
0.2641699 0.0530765 0.4791878 0 255 0
0.2420402 0.0546484 0.4732982 0 255 0
-0.1889746 0.0236536 0.5259787 0 255 0
-0.1845247 -0.0263826 0.5135930 0 255 0
-0.0935364 -0.0574802 0.5452875 0 255 0
0.3180237 -0.0318044 0.5444286 0 255 0
0.2835838 -0.1090655 0.5812069 0 255 0
-0.1366653 -0.0582682 0.4973332 0 255 0
-0.0927681 -0.0708558 0.4874565 0 255 0
0.2702004 -0.0960742 0.5937598 0 255 0
0.2777770 -0.0383339 0.5286242 0 255 0
0.2858096 0.0433950 0.4972721 0 255 0
-0.2161570 0.0331661 0.5201010 0 255 0
-0.2299073 0.0238019 0.5292765 0 255 0
0.2303012 -0.0137506 0.4933607 0 255 0
0.2499372 -0.0068572 0.4978795 0 255 0
0.2720598 -0.0809073 0.5657518 0 255 0
0.2101790 0.0036712 0.4978054 0 255 0
0.3351451 -0.0186143 0.5330492 0 255 0
-0.1046234 -0.0205161 0.5178233 0 255 0
-0.1608314 -0.0867587 0.4998913 0 255 0
0.2567137 -0.0976397 0.5947973 0 255 0
0.2858766 -0.0952657 0.5721463 0 255 0
-0.1795171 0.0487162 0.5165250 0 255 0
-0.2297230 0.0250255 0.5288522 0 255 0
0.2918419 -0.0896583 0.5706830 0 255 0
-0.1702126 -0.0797091 0.4998793 0 255 0
0.2251048 0.0352835 0.4822288 0 255 0
0.2378679 -0.0290381 0.4970751 0 255 0
0.2805643 -0.0115469 0.4983196 0 255 0
-0.2250249 0.0366862 0.5180365 0 255 0
-0.1733914 -0.0129070 0.5057293 0 255 0
-0.1784776 -0.0566063 0.5033374 0 255 0
0.2651310 -0.1094140 0.5980408 0 255 0
-0.2390250 0.0027503 0.5473096 0 255 0
-0.2475934 0.0001779 0.5463768 0 255 0
0.2026574 -0.0346713 0.5112495 0 255 0
0.2358131 -0.0242746 0.4952098 0 255 0
0.2515271 0.0083266 0.4964053 0 255 0
0.2014412 0.0459635 0.4642085 0 255 0
0.2331955 -0.0313732 0.4970619 0 255 0
-0.1730424 -0.0022697 0.5189194 0 255 0
-0.1775386 -0.0106366 0.5108323 0 255 0
0.2781011 0.0323888 0.4898609 0 255 0
0.2883960 0.0521551 0.4917330 0 255 0
0.3096128 0.0013685 0.5115337 0 255 0
0.2832983 -0.0506333 0.5273554 0 255 0
0.3183412 0.0025927 0.5159519 0 255 0
0.2151711 -0.0162380 0.4985446 0 255 0
-0.2377418 0.0027503 0.5473124 0 255 0
0.2565772 -0.0693179 0.5580671 0 255 0
-0.1211124 0.0156056 0.5054906 0 255 0
0.2091888 -0.0175951 0.5038621 0 255 0
0.3270334 -0.0147729 0.5300398 0 255 0
0.2147996 0.0128167 0.4896955 0 255 0
-0.0928142 -0.0600294 0.5337751 0 255 0
0.2669738 -0.1034195 0.5958887 0 255 0
0.3036225 -0.0034259 0.5095394 0 255 0
0.2687792 0.0198882 0.4938559 0 255 0
-0.1960772 -0.0335690 0.5318514 0 255 0
-0.1051185 -0.0376393 0.5027547 0 255 0
-0.1411924 0.0235078 0.5227364 0 255 0
0.2809116 0.0186867 0.4927744 0 255 0
-0.2184354 0.0366006 0.5168281 0 255 0
-0.2438203 0.0298985 0.5271309 0 255 0
0.2652893 -0.0355066 0.5235659 0 255 0
0.1845428 0.0571152 0.4574269 0 255 0
-0.2251508 0.0202014 0.5327168 0 255 0
0.1723699 0.0715659 0.4536426 0 255 0
0.2743085 0.0598361 0.4792184 0 255 0
-0.1439542 0.0184767 0.5194219 0 255 0
-0.1580691 -0.0771291 0.5060715 0 255 0
0.1681791 0.0789934 0.4596473 0 255 0
-0.2141692 0.0519416 0.5124246 0 255 0
0.3314113 -0.0022800 0.5212734 0 255 0
-0.1222992 -0.0304149 0.5206434 0 255 0
-0.1725586 -0.0761852 0.4998786 0 255 0
0.1975932 0.0520683 0.4603201 0 255 0
-0.1304940 -0.0501358 0.5096991 0 255 0
-0.0863549 -0.0712276 0.4900139 0 255 0
-0.1481847 -0.0775501 0.5088341 0 255 0
0.3504568 -0.0248983 0.5335060 0 255 0
0.2717500 -0.0138568 0.4971706 0 255 0
-0.2457821 0.0151561 0.5313721 0 255 0
-0.1095914 -0.0809161 0.4859653 0 255 0
0.2110132 0.0543491 0.4613180 0 255 0
0.2763621 0.0631695 0.4788793 0 255 0
0.2860202 -0.1011691 0.5751351 0 255 0
-0.1432179 -0.0930339 0.4957745 0 255 0
-0.1068778 -0.0606118 0.4789163 0 255 0
-0.1531260 -0.0381413 0.4939570 0 255 0
0.2810024 0.0013242 0.4949713 0 255 0
-0.1380393 -0.0618668 0.4980797 0 255 0
-0.2141274 0.0376972 0.5152175 0 255 0
0.2437206 -0.0874906 0.5740571 0 255 0
0.2823470 -0.1096446 0.5842926 0 255 0
0.2508787 -0.0174517 0.4997550 0 255 0
-0.1872237 -0.0312580 0.5143855 0 255 0
-0.1036580 -0.0629548 0.4796194 0 255 0
-0.0896029 -0.0722162 0.4889121 0 255 0
-0.2183362 0.0090681 0.5406078 0 255 0
-0.1614673 -0.0328558 0.5018677 0 255 0
0.2424550 0.0164294 0.4945344 0 255 0
-0.2016731 -0.0060560 0.5301560 0 255 0
0.1827970 0.0374607 0.4810848 0 255 0
-0.2041001 0.0236899 0.5267863 0 255 0
-0.1070514 -0.0458953 0.4899998 0 255 0
-0.1906638 -0.0096765 0.5238367 0 255 0
-0.0721631 -0.0696563 0.4952151 0 255 0
0.3492374 -0.0288688 0.5374094 0 255 0
0.2617880 -0.0365909 0.5214865 0 255 0
-0.0936356 -0.0637951 0.4860216 0 255 0
0.2757112 -0.1195785 0.5996845 0 255 0
0.3209395 -0.0580235 0.5629911 0 255 0
0.2375108 -0.0266620 0.4963289 0 255 0
0.2948657 0.0247741 0.4987724 0 255 0
0.2411213 0.0439671 0.4780831 0 255 0
-0.2090622 -0.0198701 0.5331349 0 255 0
-0.1477216 -0.0561408 0.4991983 0 255 0
0.2004595 0.0312185 0.4721604 0 255 0
0.2500419 -0.0593451 0.5276911 0 255 0
-0.1943663 -0.0399792 0.5340093 0 255 0
0.2003041 0.0084261 0.5023388 0 255 0
0.2873810 0.0001622 0.4979728 0 255 0
0.1941626 -0.0864199 0.5670320 0 255 0
-0.1502866 0.0295079 0.5202439 0 255 0
-0.1568428 -0.0242502 0.4947113 0 255 0
-0.1127816 0.0025131 0.5001116 0 255 0
0.2886859 -0.0057142 0.5002339 0 255 0
0.3255734 -0.0264701 0.5399972 0 255 0
-0.1884344 0.0390962 0.5177118 0 255 0
0.2569430 -0.0198157 0.5001444 0 255 0
0.2032421 -0.0559145 0.5188686 0 255 0
0.2241276 0.0205672 0.4825613 0 255 0
0.2647327 -0.0793716 0.5642844 0 255 0
0.1868535 -0.0654032 0.5815588 0 255 0
0.2651303 -0.1108189 0.5980390 0 255 0
-0.1396227 -0.0696791 0.5037928 0 255 0
0.3079285 -0.0860137 0.5732041 0 255 0
0.2829545 -0.1028780 0.5771410 0 255 0
0.3667097 -0.0379944 0.5602496 0 255 0
-0.1388934 -0.0878466 0.4928151 0 255 0
0.2639613 0.0118089 0.4956908 0 255 0
0.2024507 -0.0225020 0.5077223 0 255 0
0.2757974 0.0300862 0.4898530 0 255 0
-0.2422398 0.0139189 0.5318087 0 255 0
0.2805797 -0.1192550 0.5980625 0 255 0
0.3451650 -0.0211201 0.5330680 0 255 0
0.2025083 0.0060608 0.5019583 0 255 0
0.2881058 -0.0636686 0.5434263 0 255 0
-0.1945010 -0.0158430 0.5242386 0 255 0
-0.1287038 -0.0228330 0.4892527 0 255 0
0.2036398 0.0289791 0.4718268 0 255 0
0.2289734 -0.0091067 0.4929946 0 255 0
-0.2351946 0.0369469 0.5217177 0 255 0
0.2213570 -0.0220123 0.4966731 0 255 0
-0.0679944 -0.0534939 0.5074713 0 255 0
-0.1208559 -0.0055975 0.4900208 0 255 0
0.1779400 0.0663282 0.4542733 0 255 0
0.3003218 -0.0987306 0.5766791 0 255 0
0.2788003 0.0129066 0.4931309 0 255 0
-0.2095211 0.0411369 0.5128214 0 255 0
0.2525221 -0.0976382 0.5947882 0 255 0
0.2231009 -0.0474600 0.5197436 0 255 0
-0.2072288 -0.0312455 0.5348616 0 255 0
0.2707466 0.0129643 0.4953349 0 255 0
0.1787558 0.0522459 0.4618909 0 255 0
-0.0814594 -0.0568556 0.4952080 0 255 0
0.2147389 -0.0283589 0.5057939 0 255 0
-0.1884039 0.0332226 0.5209870 0 255 0
-0.1275081 -0.0558640 0.5073375 0 255 0
-0.1704765 0.0038240 0.5185230 0 255 0
-0.1320266 -0.0859826 0.4888018 0 255 0
0.1849052 0.0439948 0.4664658 0 255 0
0.1862188 0.0500417 0.4615812 0 255 0
-0.0986279 -0.0180975 0.5182477 0 255 0
-0.1797279 -0.0774160 0.5002419 0 255 0
-0.1457427 -0.0241424 0.4925110 0 255 0
0.1860895 0.0409673 0.4694533 0 255 0
0.2445793 -0.0663933 0.5666825 0 255 0
0.3429494 -0.0160064 0.5296462 0 255 0
-0.1671700 0.0175175 0.5272853 0 255 0
-0.2105653 0.0531467 0.5124340 0 255 0
0.2508428 -0.0234293 0.5020304 0 255 0
0.1932675 0.0509854 0.4603092 0 255 0
-0.2050305 0.0399950 0.5136318 0 255 0
-0.2104824 -0.0211398 0.5335633 0 255 0
0.2749152 0.0447191 0.4862593 0 255 0
0.3333644 -0.0251198 0.5382535 0 255 0
0.2784767 -0.0673296 0.5420602 0 255 0
-0.1374249 -0.0980459 0.4916991 0 255 0
0.3015629 0.0072711 0.5040977 0 255 0
0.2726778 -0.0859270 0.5726260 0 255 0
-0.1609775 0.0492476 0.5355006 0 255 0
0.1880586 0.0428689 0.4661416 0 255 0
-0.1443493 -0.0684941 0.5037838 0 255 0
0.2521154 0.0397922 0.4819412 0 255 0
0.2932880 -0.1027023 0.5761548 0 255 0
-0.1582392 -0.0289430 0.4954485 0 255 0
0.2693966 0.0378899 0.4865973 0 255 0
0.3093615 -0.0083049 0.5151131 0 255 0
-0.2010965 0.0296187 0.5221969 0 255 0
-0.1604142 -0.0975378 0.4949839 0 255 0
0.2644743 -0.0441874 0.5243862 0 255 0
-0.2201545 0.0202018 0.5327278 0 255 0
0.2792391 -0.0445799 0.5290438 0 255 0
-0.0933967 -0.0035633 0.5299723 0 255 0
-0.2026443 -0.0261128 0.5327089 0 255 0
0.2526556 -0.0115542 0.4986326 0 255 0
0.3001488 -0.0870550 0.5711989 0 255 0
-0.1440491 -0.0736803 0.5068876 0 255 0
-0.1814431 0.0557489 0.5256159 0 255 0
0.2389607 0.0566692 0.4716048 0 255 0
0.1986298 -0.0678657 0.5463758 0 255 0
-0.2123670 -0.0428334 0.5383408 0 255 0
-0.1309064 -0.0078824 0.4889024 0 255 0
0.2033451 -0.0459092 0.5160396 0 255 0
0.3015282 0.0025428 0.5060248 0 255 0
-0.1458226 -0.1028933 0.4927812 0 255 0
0.2625699 -0.0674918 0.5433656 0 255 0
-0.1447563 0.0259435 0.5223162 0 255 0
-0.2478779 0.0238578 0.5305197 0 255 0
0.1959149 -0.0734252 0.5495508 0 255 0
-0.1827784 -0.0576552 0.5021722 0 255 0
0.2676482 -0.0010041 0.4960558 0 255 0
-0.1646508 -0.0416176 0.5080569 0 255 0
0.2723072 -0.0331526 0.5252525 0 255 0
-0.1786180 0.0050663 0.5209736 0 255 0
-0.1820404 -0.0447630 0.5168058 0 255 0
-0.1014636 -0.0739594 0.4852741 0 255 0
0.2868187 -0.1133629 0.5822358 0 255 0
0.1894359 -0.0739166 0.5532283 0 255 0
-0.0746573 -0.0569861 0.4963444 0 255 0
-0.1731059 -0.0567816 0.5048967 0 255 0
0.2968743 0.0060634 0.5021701 0 255 0
0.2230224 -0.0138017 0.4951947 0 255 0
0.2501753 0.0129826 0.4960349 0 255 0
0.2711005 -0.0246298 0.5024543 0 255 0
-0.1847076 -0.0634082 0.5010116 0 255 0
-0.0736795 -0.0502139 0.5499020 0 255 0
0.2573395 -0.0150694 0.4986385 0 255 0
-0.1634617 0.0212349 0.5272981 0 255 0
-0.1103574 0.0145641 0.5106170 0 255 0
0.3301082 -0.0264273 0.5391245 0 255 0
-0.0873755 -0.0653737 0.4892894 0 255 0
-0.0912723 -0.0285830 0.5320891 0 255 0
-0.1438043 0.0037945 0.5145244 0 255 0
-0.1194089 -0.0806145 0.4841539 0 255 0
-0.1095904 0.0096969 0.5070682 0 255 0
-0.1592529 -0.0987011 0.4949850 0 255 0
-0.1229818 -0.0529015 0.5132928 0 255 0
0.2862093 0.0500673 0.4939339 0 255 0
0.2090980 -0.0951551 0.5714818 0 255 0
-0.1108904 -0.0734146 0.4816998 0 255 0
0.2479573 0.0558423 0.4739926 0 255 0
-0.1189141 -0.0427495 0.5218742 0 255 0
0.2511573 -0.0308351 0.5074265 0 255 0
-0.2221128 -0.0200315 0.5374664 0 255 0
0.2174036 -0.0383367 0.5120704 0 255 0
0.2076948 -0.0357073 0.5088934 0 255 0
0.2395946 0.0210302 0.4934240 0 255 0
-0.2002057 0.0616244 0.5230715 0 255 0
-0.1768889 -0.0611962 0.5021808 0 255 0
-0.1644306 -0.0767721 0.5037294 0 255 0
-0.1935997 0.0163158 0.5284954 0 255 0
-0.1001470 -0.0769787 0.4899764 0 255 0
0.1869972 -0.0674739 0.5536960 0 255 0
0.2879162 -0.0839309 0.5682216 0 255 0
0.2854185 -0.0466556 0.5244291 0 255 0
-0.0580646 -0.0649682 0.5039805 0 255 0
-0.1408862 0.0309286 0.5452918 0 255 0
-0.1747295 0.0175310 0.5276921 0 255 0
-0.1779441 -0.0323160 0.5119990 0 255 0
0.3187784 0.0122155 0.5127597 0 255 0
-0.1117762 -0.0057214 0.5008656 0 255 0
0.2394028 0.0001605 0.4930289 0 255 0
0.2336933 0.0575703 0.4699150 0 255 0
-0.1101718 -0.0408694 0.4989233 0 255 0
0.2631158 0.0322430 0.4876555 0 255 0
-0.1443718 -0.0229509 0.4917784 0 255 0
-0.1526226 -0.0926338 0.4999020 0 255 0
-0.2108357 0.0014299 0.5344590 0 255 0
-0.0733260 -0.0638388 0.4952197 0 255 0
-0.1028365 -0.0472235 0.4918407 0 255 0
0.2325280 0.0408614 0.4811965 0 255 0
-0.1419473 0.0074508 0.5165550 0 255 0
0.2699948 -0.0599256 0.5328526 0 255 0
-0.1593660 0.0025833 0.5140861 0 255 0
-0.1082221 -0.0343312 0.5062342 0 255 0
-0.1572058 -0.0033339 0.4958564 0 255 0
0.2763917 -0.0546984 0.5307284 0 255 0
-0.1811408 0.0272969 0.5247402 0 255 0
0.2303117 -0.1096109 0.5915201 0 255 0
0.2627100 0.0377495 0.4847949 0 255 0
0.1672128 0.0714811 0.4599564 0 255 0
0.3071420 -0.0773953 0.5692531 0 255 0
-0.0932091 -0.0231328 0.5219566 0 255 0
0.2205009 -0.0358477 0.5108936 0 255 0
-0.1141123 -0.0280582 0.5223193 0 255 0
-0.1810571 -0.0047268 0.5209561 0 255 0
-0.1397590 -0.0206403 0.4917914 0 255 0
-0.1728239 -0.0704204 0.5006471 0 255 0
-0.1049021 -0.0332190 0.5074152 0 255 0
0.2302611 0.0001598 0.4908072 0 255 0
0.2722175 -0.0233427 0.5001735 0 255 0
-0.1243004 -0.0171110 0.4899990 0 255 0
-0.1540601 -0.0207010 0.4932364 0 255 0
0.2854516 -0.1119946 0.5822344 0 255 0
-0.2484752 0.0164178 0.5317981 0 255 0
-0.1948345 0.0063810 0.5284804 0 255 0
0.2590993 -0.0234302 0.5020484 0 255 0
-0.2129367 -0.0326075 0.5365927 0 255 0
0.2992752 -0.0956859 0.5746694 0 255 0
-0.1400794 0.0001618 0.4970234 0 255 0
-0.1260110 -0.0926681 0.4877182 0 255 0
-0.1961632 0.0437889 0.5156716 0 255 0
0.2104562 -0.0775645 0.5608056 0 255 0
0.2836492 0.0152359 0.4935133 0 255 0
0.2745102 0.0221105 0.4916655 0 255 0
-0.1987672 -0.0573480 0.5099331 0 255 0
0.2868913 0.0423863 0.4991540 0 255 0
0.2328555 0.0047553 0.4889989 0 255 0
0.2657126 -0.0080095 0.4967902 0 255 0
0.2725688 -0.0197572 0.4986686 0 255 0
0.2845150 -0.0428228 0.5227689 0 255 0
0.2745842 -0.0933024 0.5766295 0 255 0
0.2210424 0.0093858 0.4907984 0 255 0
0.2422491 -0.0735550 0.5705913 0 255 0
0.2336040 -0.0125821 0.4930004 0 255 0
-0.1991961 0.0138764 0.5301862 0 255 0
0.2184616 -0.1004051 0.5785200 0 255 0
-0.1696716 -0.0034699 0.5160748 0 255 0
-0.1722925 -0.0854500 0.4991079 0 255 0
0.2123931 0.0522543 0.4619646 0 255 0
0.2416022 0.0366877 0.4858183 0 255 0
0.2187136 -0.0874593 0.5651385 0 255 0
-0.1506636 0.0050310 0.5173461 0 255 0
0.2170666 -0.0370759 0.5112767 0 255 0
-0.2074756 -0.0198380 0.5322743 0 255 0
-0.1965531 -0.0361560 0.5331422 0 255 0
0.2069836 -0.0104995 0.5042514 0 255 0
-0.2042125 0.0342275 0.5176695 0 255 0
0.2626372 -0.0246102 0.5020547 0 255 0
-0.1333723 -0.0443143 0.4981118 0 255 0
0.2859001 -0.0068791 0.4994689 0 255 0
-0.2042416 0.0102046 0.5336159 0 255 0
-0.1348910 -0.0452101 0.4951049 0 255 0
-0.2023093 0.0471640 0.5128448 0 255 0
-0.1368320 0.0236021 0.5248330 0 255 0
0.2619044 0.0573306 0.4771094 0 255 0
-0.2187898 0.0412962 0.5148079 0 255 0
-0.2233784 -0.0455477 0.5405290 0 255 0
-0.1825363 -0.0433783 0.5147839 0 255 0
0.2780223 -0.1193622 0.5986001 0 255 0
0.2298801 0.0127607 0.4875562 0 255 0
0.2740267 0.0048133 0.4949604 0 255 0
-0.2070542 0.0295944 0.5217689 0 255 0
-0.2179713 -0.0288246 0.5365863 0 255 0
-0.1887634 -0.0520190 0.5288453 0 255 0
-0.1628184 0.0458341 0.5252229 0 255 0
0.2674491 0.0024909 0.4956869 0 255 0
0.2985487 -0.0856384 0.5707027 0 255 0
-0.1923290 -0.0485647 0.5318410 0 255 0
-0.2050843 0.0200728 0.5293265 0 255 0
-0.1024490 -0.0452507 0.4955495 0 255 0
0.2637660 0.0164556 0.4953239 0 255 0
-0.0915572 -0.0685150 0.4871008 0 255 0
0.2011805 -0.0809628 0.5569877 0 255 0
0.2789850 -0.0587234 0.5333049 0 255 0
-0.0985489 -0.0241668 0.5178321 0 255 0
-0.1990204 0.0644941 0.5264301 0 255 0
0.2006633 0.0660433 0.4752675 0 255 0
-0.0499537 -0.0484404 0.5444913 0 255 0
0.3064771 -0.0058522 0.5123124 0 255 0
0.2490945 -0.0221989 0.5008841 0 255 0
-0.1240444 -0.0749811 0.4845077 0 255 0
0.2829093 0.0094517 0.4942440 0 255 0
0.2131522 -0.0150892 0.4992968 0 255 0
0.3279957 -0.0022817 0.5216781 0 255 0
-0.2173114 -0.0588039 0.5228788 0 255 0
-0.1704731 -0.0638015 0.5041188 0 255 0
0.2050204 0.0013439 0.5023404 0 255 0
0.2773534 -0.1015870 0.5853296 0 255 0
-0.1180206 -0.0125715 0.4925863 0 255 0
0.2453544 -0.0750263 0.5715863 0 255 0
-0.1293739 -0.0112951 0.4874513 0 255 0
0.2075538 0.0408551 0.4681672 0 255 0
0.2493851 -0.0367111 0.5062465 0 255 0
-0.1492083 -0.0229848 0.4925048 0 255 0
0.2729500 0.0255384 0.4909346 0 255 0
-0.1089161 0.0001641 0.5039483 0 255 0
-0.1446156 -0.0465115 0.4965785 0 255 0
-0.1822783 -0.0059509 0.5209519 0 255 0
-0.1358481 -0.0439804 0.4943594 0 255 0
-0.1792828 -0.0359527 0.5123909 0 255 0
-0.2082353 -0.0503406 0.5374594 0 255 0
0.2076932 0.0491685 0.4635737 0 255 0
0.1946990 0.0177878 0.5000545 0 255 0
-0.1659335 0.0175176 0.5272880 0 255 0
0.2211986 -0.0068357 0.4963176 0 255 0
-0.2004137 0.0354166 0.5172717 0 255 0
-0.1682912 0.0112322 0.5230777 0 255 0
-0.1375385 -0.0045028 0.4962726 0 255 0
-0.1458562 -0.0125794 0.4928945 0 255 0
-0.1735968 -0.0808208 0.4994904 0 255 0
0.2250290 -0.0512852 0.5213851 0 255 0
0.2375134 -0.0689356 0.5656908 0 255 0
0.1964461 0.0323970 0.4731694 0 255 0
0.2084951 -0.0430471 0.5108543 0 255 0
-0.2068784 0.0364876 0.5152320 0 255 0
-0.1009801 -0.0168663 0.5178358 0 255 0
-0.1021317 -0.0822563 0.4940144 0 255 0
0.2455654 -0.0791235 0.5720778 0 255 0
-0.1146538 0.0108049 0.5031775 0 255 0
0.3028927 -0.0046303 0.5103246 0 255 0
-0.1771506 -0.0468607 0.5131811 0 255 0
0.1965289 0.0241962 0.4871370 0 255 0
-0.2317069 0.0332959 0.5221356 0 255 0
-0.1543067 0.0135404 0.5173486 0 255 0
-0.1540615 -0.0172242 0.4932407 0 255 0
0.2962560 -0.0105602 0.5071641 0 255 0
0.3129029 -0.0369202 0.5444110 0 255 0
-0.1707374 -0.0579684 0.5049004 0 255 0
-0.1826110 0.0585937 0.5289990 0 255 0
0.1739118 0.0664184 0.4548912 0 255 0
0.3301113 0.0050493 0.5192287 0 255 0
-0.1111349 -0.0181537 0.5198595 0 255 0
-0.1740291 0.0125208 0.5255771 0 255 0
-0.0974890 -0.0181118 0.5186591 0 255 0
-0.1756745 -0.0443804 0.5123883 0 255 0
-0.2150684 -0.0416022 0.5387781 0 255 0
0.2980050 0.0013486 0.5040826 0 255 0
-0.2170802 -0.0036139 0.5374979 0 255 0
0.2200276 -0.0161650 0.4963036 0 255 0
-0.2174180 -0.0390380 0.5383344 0 255 0
-0.1289904 -0.0613967 0.5038264 0 255 0
-0.2369711 0.0237629 0.5284092 0 255 0
0.2387017 0.0439348 0.4777316 0 255 0
-0.1861175 -0.0804995 0.5048360 0 255 0
-0.1578271 -0.0746363 0.5052966 0 255 0
0.2346484 0.0345559 0.4879543 0 255 0
-0.1869835 0.0014015 0.5238585 0 255 0
0.2325625 -0.0525537 0.5218155 0 255 0
-0.1188267 -0.0194361 0.5214908 0 255 0
-0.2326815 0.0416200 0.5188441 0 255 0
0.2510709 0.0334613 0.4887144 0 255 0
-0.0871401 -0.0574817 0.5453016 0 255 0
-0.2036712 0.0484067 0.5132439 0 255 0
-0.1481634 -0.0253183 0.4928737 0 255 0
-0.1526757 -0.0171985 0.4925044 0 255 0
-0.1395358 -0.0452092 0.4950947 0 255 0
0.2899430 0.0036753 0.4983589 0 255 0
-0.1465618 0.0038034 0.5157296 0 255 0
-0.1021951 -0.0156495 0.5178346 0 255 0
0.2009688 -0.0437578 0.5192875 0 255 0
0.3440433 -0.0289624 0.5391520 0 255 0
0.2493277 -0.0150802 0.4989982 0 255 0
-0.2226525 -0.0327399 0.5387724 0 255 0
0.2136234 0.0422867 0.4718665 0 255 0
-0.1919168 0.0331958 0.5205665 0 255 0
0.2001860 0.0187079 0.4933322 0 255 0
0.2755709 -0.0318681 0.5244258 0 255 0
0.3019247 -0.0082340 0.5107130 0 255 0
0.2464892 0.0059846 0.4956453 0 255 0
-0.2039082 0.0051807 0.5327449 0 255 0
-0.0832182 -0.0622506 0.4918652 0 255 0
-0.1623247 -0.0567407 0.5045327 0 255 0
0.2536180 0.0387165 0.4826483 0 255 0
-0.2022092 -0.0375296 0.5348648 0 255 0
-0.2014221 0.0496521 0.5136516 0 255 0
-0.1898965 0.0063404 0.5251144 0 255 0
0.1882870 0.0551188 0.4587028 0 255 0
0.2421697 0.0278832 0.4915993 0 255 0
-0.1914632 0.0355579 0.5193360 0 255 0
0.2320492 0.0013102 0.4897191 0 255 0
0.2475531 -0.0820258 0.5735726 0 255 0
0.2881190 0.0048354 0.4972296 0 255 0
0.2207349 0.0282156 0.4776703 0 255 0
-0.0391008 -0.0510661 0.5191572 0 255 0
-0.1135227 0.0013329 0.4982134 0 255 0
0.2686927 -0.0221671 0.5001673 0 255 0
-0.1353960 -0.0593921 0.4969584 0 255 0
0.3245113 -0.0238543 0.5382356 0 255 0
0.2791814 -0.0127082 0.4979389 0 255 0
-0.0555838 -0.0493366 0.5138492 0 255 0
-0.1720439 -0.0682242 0.5017990 0 255 0
0.1826465 0.0571937 0.4580558 0 255 0
0.2006506 -0.0473433 0.5184652 0 255 0
-0.1044162 -0.0736323 0.4831277 0 255 0
-0.2493214 0.0213817 0.5309424 0 255 0
-0.0689893 -0.0676357 0.4974704 0 255 0
-0.1611335 -0.0768912 0.5045103 0 255 0
-0.1929713 -0.0010663 0.5267800 0 255 0
0.2126082 -0.0622572 0.5209321 0 255 0
0.2773526 -0.0311018 0.5118157 0 255 0
-0.1461096 -0.0512942 0.4976978 0 255 0
0.1909391 0.0427790 0.4651638 0 255 0
0.2240273 -0.0794947 0.5651600 0 255 0
-0.2510203 0.0027410 0.5454646 0 255 0
-0.1866729 0.0583114 0.5264497 0 255 0
0.2274793 -0.0500608 0.5213920 0 255 0
-0.2391546 0.0310134 0.5250354 0 255 0
0.2269078 -0.0907401 0.5690579 0 255 0
0.2721539 -0.1122267 0.5980527 0 255 0
-0.1656258 0.0355059 0.5185757 0 255 0
0.2789322 0.0347946 0.4913247 0 255 0
-0.1090442 -0.0639400 0.4785587 0 255 0
-0.1671975 0.0112412 0.5234968 0 255 0
0.2026094 0.0095485 0.4993042 0 255 0
0.2223604 0.0082387 0.4911655 0 255 0
0.2775918 -0.0126889 0.4971849 0 255 0
-0.1970850 0.0354730 0.5180949 0 255 0
0.3226679 -0.0212037 0.5351781 0 255 0
-0.0516837 -0.0538718 0.5110565 0 255 0
-0.2386018 0.0127416 0.5348443 0 255 0
0.2173463 -0.0209079 0.4981669 0 255 0
0.3044409 -0.0844457 0.5717070 0 255 0
-0.1468841 -0.0597957 0.5003361 0 255 0
0.2469713 0.0527657 0.4763822 0 255 0
-0.1777878 0.0403781 0.5185523 0 255 0
-0.0633581 -0.0489239 0.5499262 0 255 0
0.2122517 -0.0187363 0.5027146 0 255 0
0.2518632 -0.0150918 0.4993816 0 255 0
0.2680191 0.0175935 0.4945919 0 255 0
0.2881651 -0.0080834 0.5013703 0 255 0
-0.1810096 0.0414982 0.5173261 0 255 0
0.2435020 0.0547273 0.4739814 0 255 0
0.3240809 -0.0525985 0.5615664 0 255 0
0.2327539 0.0554008 0.4702452 0 255 0
0.2538048 -0.0854666 0.5786189 0 255 0
-0.2328814 0.0262046 0.5275723 0 255 0
-0.1414596 -0.0849881 0.5104211 0 255 0
0.2448825 -0.0161911 0.4971063 0 255 0
0.1977816 -0.0620618 0.5405532 0 255 0
0.2528832 0.0071656 0.4967808 0 255 0
-0.1804112 -0.0847898 0.5021437 0 255 0
-0.0977464 -0.0474489 0.5333467 0 255 0
-0.1515298 -0.0786226 0.5080384 0 255 0
-0.2334710 0.0115415 0.5374806 0 255 0
0.3320977 -0.0330856 0.5444606 0 255 0
0.2480923 -0.0706309 0.5686380 0 255 0
-0.1080787 -0.0651595 0.4792572 0 255 0
-0.1760847 -0.0468976 0.5135847 0 255 0
-0.1633293 0.0175037 0.5268710 0 255 0
0.2737409 -0.0271359 0.5051509 0 255 0
-0.1155184 -0.0342482 0.5231358 0 255 0
-0.1638950 0.0414685 0.5169552 0 255 0
-0.0468864 -0.0610771 0.5110582 0 255 0
0.2274507 0.0070637 0.4897161 0 255 0
-0.1803428 -0.0383304 0.5119862 0 255 0
-0.2403068 0.0001782 0.5473036 0 255 0
-0.2136720 -0.0560358 0.5199943 0 255 0
-0.2364205 0.0418508 0.5217211 0 255 0
-0.1454668 -0.0033316 0.4955083 0 255 0
-0.1033300 -0.0095582 0.5174321 0 255 0
0.2183782 0.0024885 0.4952047 0 255 0
0.2179441 0.0150179 0.4864539 0 255 0
0.2529335 0.0528435 0.4770842 0 255 0
-0.1760793 -0.0667891 0.4998825 0 255 0
0.2502713 -0.0221990 0.5008866 0 255 0
0.2945735 0.0083913 0.5002642 0 255 0
-0.2012321 -0.0260918 0.5322803 0 255 0
0.2963781 -0.0898153 0.5716828 0 255 0
-0.1683568 -0.0380654 0.5084464 0 255 0
-0.1090445 -0.0628157 0.4785601 0 255 0
-0.2375343 -0.0152410 0.5468348 0 255 0
0.2794421 -0.0309342 0.5090578 0 255 0
0.2071469 -0.0599977 0.5225754 0 255 0
0.2019191 0.0531511 0.4603308 0 255 0
-0.1623233 -0.0602967 0.5045283 0 255 0
-0.1901291 -0.0683755 0.5029119 0 255 0
0.2809885 -0.0127371 0.4990730 0 255 0
0.2161780 -0.0173963 0.4981687 0 255 0
-0.1768344 0.0574908 0.5302909 0 255 0
0.3167071 -0.0084036 0.5212337 0 255 0
0.2517153 0.0059982 0.4967768 0 255 0
0.2754616 -0.0150365 0.4975523 0 255 0
-0.1434329 -0.0229854 0.4925176 0 255 0
0.3309601 -0.0539653 0.5620583 0 255 0
0.1994065 -0.0839340 0.5593449 0 255 0
0.3323701 -0.0264060 0.5386893 0 255 0
0.2820750 0.0244768 0.4927866 0 255 0
0.1745504 0.0772661 0.4622363 0 255 0
0.2328562 0.0059044 0.4890003 0 255 0
-0.0874398 -0.0688735 0.4896494 0 255 0
-0.2279754 0.0226131 0.5305619 0 255 0
0.1698761 0.0740027 0.4555201 0 255 0
0.2846448 -0.0895008 0.5696809 0 255 0
0.2145369 -0.0332656 0.5081269 0 255 0
-0.1503660 -0.0160414 0.4925109 0 255 0
-0.1350968 -0.0382882 0.4958602 0 255 0
-0.1353968 -0.0570569 0.4969613 0 255 0
0.2530253 -0.0688216 0.5647553 0 255 0
0.2989669 -0.0987301 0.5766762 0 255 0
-0.0966982 -0.0792821 0.4899812 0 255 0
0.3250343 -0.0651942 0.5678366 0 255 0
-0.1592140 -0.0847977 0.5021904 0 255 0
0.3023112 -0.0828863 0.5702206 0 255 0
-0.1882344 -0.0120613 0.5205184 0 255 0
0.2065196 0.0151852 0.4918721 0 255 0
0.3158832 0.0206176 0.5119681 0 255 0
-0.2016749 -0.0023188 0.5301606 0 255 0
-0.1007070 -0.0436796 0.5042971 0 255 0
0.3332606 -0.0160187 0.5300519 0 255 0
0.3573993 -0.0273619 0.5326568 0 255 0
0.2248470 -0.0068051 0.4940967 0 255 0
-0.2491260 0.0300911 0.5305262 0 255 0
-0.2046557 -0.0035732 0.5314393 0 255 0
-0.1113955 -0.0304403 0.5210785 0 255 0
-0.1780775 0.0562443 0.5302867 0 255 0
-0.0625077 -0.0599551 0.5016696 0 255 0
-0.2448612 0.0323499 0.5267088 0 255 0
-0.1689896 0.0344771 0.5214447 0 255 0
0.2612611 -0.0643023 0.5380443 0 255 0
0.1989537 0.0302169 0.4738522 0 255 0
-0.1561425 -0.0488055 0.4961753 0 255 0
0.2818357 -0.0375523 0.5178460 0 255 0
-0.1499286 0.0233400 0.5190046 0 255 0
-0.1758456 -0.0612433 0.5025673 0 255 0
0.2272264 0.0195049 0.4843386 0 255 0
-0.0874306 -0.0551022 0.5471195 0 255 0
-0.1677321 0.0125112 0.5251708 0 255 0
-0.1276062 -0.0571000 0.5077277 0 255 0
-0.2107276 0.0201373 0.5310258 0 255 0
0.2419985 -0.0660519 0.5637683 0 255 0
0.3162609 -0.0776662 0.5712459 0 255 0
-0.2158054 -0.0326604 0.5374646 0 255 0
0.1878736 -0.0647688 0.5641310 0 255 0
-0.0551525 -0.0525478 0.5098618 0 255 0
-0.2222965 -0.0162562 0.5379109 0 255 0
0.3223648 -0.0665276 0.5678291 0 255 0
-0.1564955 -0.0091182 0.4936159 0 255 0
-0.2009550 -0.0375298 0.5348676 0 255 0
0.2583276 -0.0767840 0.5647570 0 255 0
-0.1979095 0.0604439 0.5234918 0 255 0
0.2841817 0.0001617 0.4964668 0 255 0
-0.0997639 -0.0229500 0.5178309 0 255 0
0.2632734 0.0456240 0.4837395 0 255 0
0.1696396 0.0696242 0.4548858 0 255 0
-0.1393398 -0.0068093 0.4943992 0 255 0
0.3273201 -0.0358206 0.5471538 0 255 0
-0.1624545 -0.0437349 0.5049363 0 255 0
-0.2349509 0.0176827 0.5322604 0 255 0
0.3454435 -0.0223908 0.5334981 0 255 0
0.2232715 -0.0863553 0.5666081 0 255 0
-0.1935958 0.0498096 0.5152803 0 255 0
0.1897362 0.0479402 0.4622333 0 255 0
-0.2142114 -0.0595122 0.5183468 0 255 0
0.2005243 -0.0908879 0.5699846 0 255 0
-0.2375426 0.0001781 0.5468538 0 255 0
0.2756056 -0.0900420 0.5731253 0 255 0
-0.1367342 -0.0285797 0.4892279 0 255 0
-0.2138489 -0.0262606 0.5357231 0 255 0
-0.1756148 -0.0022714 0.5193239 0 255 0
-0.1764686 -0.0322659 0.5112054 0 255 0
-0.1353990 0.0037623 0.5101523 0 255 0
-0.1325402 -0.0471913 0.5038362 0 255 0
0.2366574 0.0116671 0.4897420 0 255 0
-0.1015292 -0.0540761 0.4911002 0 255 0
-0.1840961 -0.0588797 0.5025521 0 255 0
0.2514124 -0.0761727 0.5701144 0 255 0
-0.1199723 -0.0136879 0.4911111 0 255 0
-0.1822963 0.0356721 0.5210034 0 255 0
0.3201357 -0.0384544 0.5480441 0 255 0
-0.1661905 0.0438634 0.5165483 0 255 0
-0.1685428 0.0200115 0.5277089 0 255 0
-0.1033306 -0.0071265 0.5174351 0 255 0
0.1803622 -0.0739856 0.5739319 0 255 0
0.2748429 -0.0091703 0.4964348 0 255 0
0.2165646 -0.0357916 0.5100943 0 255 0
-0.0754787 -0.0660159 0.4940957 0 255 0
0.2473391 -0.0792617 0.5730767 0 255 0
-0.0825027 -0.0526638 0.5485030 0 255 0
0.2825763 -0.0839291 0.5682099 0 255 0
0.3353807 -0.0134630 0.5275169 0 255 0
0.3141522 -0.0906860 0.5772245 0 255 0
-0.1592913 0.0293673 0.5177649 0 255 0
0.3382617 -0.0290091 0.5400218 0 255 0
0.2561561 -0.0210227 0.5009010 0 255 0
-0.1891345 -0.0084322 0.5230075 0 255 0
0.1877853 -0.0716778 0.5560294 0 255 0
0.2410311 -0.0547045 0.5189556 0 255 0
-0.2242233 0.0274453 0.5275929 0 255 0
-0.1880588 -0.0059792 0.5234296 0 255 0
0.2048332 0.0354543 0.4694862 0 255 0
-0.1257097 -0.0573219 0.5097007 0 255 0
-0.1383739 -0.0475359 0.4950944 0 255 0
-0.1904203 0.0535691 0.5165071 0 255 0
0.2148320 0.0493087 0.4648964 0 255 0
0.2532047 -0.1049090 0.5963960 0 255 0
-0.1965537 -0.0349034 0.5331438 0 255 0
0.2910410 0.0001629 0.5002463 0 255 0
0.2693818 0.0152806 0.4949631 0 255 0
0.2287692 0.0036143 0.4900787 0 255 0
0.2810460 -0.0494334 0.5277740 0 255 0
0.3084892 -0.0690731 0.5668192 0 255 0
0.2595117 -0.1094118 0.5980285 0 255 0
0.2737405 -0.0197573 0.4986712 0 255 0
-0.1822998 -0.0519548 0.5041075 0 255 0
-0.1948590 -0.0676064 0.5059998 0 255 0
0.2799226 -0.0778505 0.5628738 0 255 0
0.2324235 0.0575290 0.4695777 0 255 0
-0.1505464 0.0086711 0.5169439 0 255 0
0.2662578 -0.0905743 0.5942906 0 255 0
-0.0812119 -0.0729240 0.4937035 0 255 0
0.3411298 -0.0467669 0.5549976 0 255 0
0.2651038 0.0541635 0.4788435 0 255 0
0.1886800 0.0530737 0.4596602 0 255 0
-0.2038327 0.0532729 0.5136508 0 255 0
0.2638161 -0.0257899 0.5020558 0 255 0
-0.1340473 -0.0021707 0.4962832 0 255 0
0.2639415 0.0221921 0.4934787 0 255 0
0.2333851 -0.0389975 0.5050452 0 255 0
0.2160536 0.0059793 0.4952039 0 255 0
0.2405743 0.0221732 0.4930586 0 255 0
0.1887084 -0.0765006 0.5626726 0 255 0
-0.2422729 0.0091576 0.5459453 0 255 0
0.3230409 0.0001692 0.5196161 0 255 0
-0.1779436 -0.0335190 0.5119975 0 255 0
-0.0930297 -0.0502097 0.5498566 0 255 0
-0.1050326 -0.0774927 0.4859796 0 255 0
0.1948975 0.0437803 0.4641915 0 255 0
-0.2090798 0.0164605 0.5331799 0 255 0
-0.1270873 -0.0112952 0.4874563 0 255 0
0.3091063 -0.0181864 0.5207934 0 255 0
0.1869258 0.0409092 0.4687876 0 255 0
-0.1600755 -0.0710197 0.5049077 0 255 0
0.2158735 -0.0873834 0.5646480 0 255 0
0.2124995 0.0139672 0.4896919 0 255 0
-0.1527278 0.0319527 0.5202416 0 255 0
0.2583318 0.0106518 0.4960498 0 255 0
0.2748421 -0.0103368 0.4964334 0 255 0
0.2363047 0.0093516 0.4890121 0 255 0
0.2869000 0.0541835 0.4891822 0 255 0
0.2902109 -0.0261511 0.5090872 0 255 0
-0.1259834 -0.0410334 0.5157178 0 255 0
0.2762617 0.0447523 0.4866208 0 255 0
0.1763663 0.0514120 0.4641604 0 255 0
-0.1269684 -0.0868101 0.4870003 0 255 0
-0.1602565 0.0378246 0.5169587 0 255 0
0.2542879 -0.0372554 0.5137514 0 255 0
0.2670790 -0.0115202 0.4971633 0 255 0
0.3122581 -0.0950030 0.5787353 0 255 0
-0.2188531 -0.0517281 0.5387571 0 255 0
-0.2030800 -0.0060609 0.5305811 0 255 0
-0.1496113 -0.0512934 0.4976901 0 255 0
-0.1506671 0.0147564 0.5173581 0 255 0
-0.2212077 0.0485546 0.5148116 0 255 0
-0.0468138 -0.0597836 0.5102668 0 255 0
-0.2042899 -0.0452532 0.5370348 0 255 0
0.2598314 -0.0671551 0.5510803 0 255 0
0.2840419 -0.0924169 0.5711570 0 255 0
-0.1567164 0.0419026 0.5381300 0 255 0
-0.1671041 -0.0151441 0.5011116 0 255 0
0.2268047 0.0047729 0.4908053 0 255 0
-0.1797187 0.0539957 0.5206206 0 255 0
0.2991815 -0.1033368 0.5797143 0 255 0
-0.2183258 -0.0326601 0.5374591 0 255 0
0.2092794 -0.0308059 0.5069460 0 255 0
-0.1972166 0.0413327 0.5152618 0 255 0
-0.1896367 -0.0300491 0.5143816 0 255 0
0.1827112 0.0521373 0.4609309 0 255 0
0.2030237 -0.0093503 0.5061802 0 255 0
0.2741338 -0.1029573 0.5932254 0 255 0
0.2290336 -0.0392675 0.5085418 0 255 0
-0.1087153 -0.0553484 0.4820803 0 255 0
0.2842838 0.0094588 0.4946175 0 255 0
0.3390946 -0.0303526 0.5413516 0 255 0
-0.2495351 0.0040194 0.5450166 0 255 0
0.1848875 0.0392071 0.4748551 0 255 0
0.2845121 -0.0797189 0.5667535 0 255 0
-0.2087310 -0.0048296 0.5322902 0 255 0
-0.0613775 -0.0600012 0.5020552 0 255 0
0.3231950 0.0074424 0.5159684 0 255 0
-0.1612628 -0.0627158 0.5049154 0 255 0
-0.1864519 -0.0612404 0.5025440 0 255 0
0.2244484 0.0363104 0.4808224 0 255 0
-0.2067411 0.0039352 0.5336027 0 255 0
-0.1735983 -0.0773004 0.4994947 0 255 0
0.2542710 -0.0838131 0.5765967 0 255 0
0.2048948 0.0290000 0.4721673 0 255 0
0.2726944 -0.0756224 0.5562136 0 255 0
0.2562960 -0.0349504 0.5153649 0 255 0
0.2351339 -0.0854690 0.5695744 0 255 0
-0.1125352 -0.0859902 0.4888446 0 255 0
-0.1331659 -0.0582691 0.4973409 0 255 0
0.2800348 -0.0809098 0.5657693 0 255 0
0.2200449 0.0036412 0.4937290 0 255 0
-0.1823711 0.0549140 0.5177447 0 255 0
0.2030748 0.0248822 0.4783204 0 255 0
-0.1462481 -0.0849864 0.5104105 0 255 0
-0.1383743 -0.0463726 0.4950958 0 255 0
-0.1460231 -0.0800657 0.5096252 0 255 0
0.3224223 -0.0084573 0.5245616 0 255 0
-0.0592017 -0.0649181 0.5035920 0 255 0
-0.1776694 -0.0274613 0.5112087 0 255 0
-0.1013456 -0.0469819 0.5016003 0 255 0
0.3251714 0.0074599 0.5171860 0 255 0
-0.1421713 -0.0229683 0.4921515 0 255 0
-0.2043133 0.0570279 0.5148619 0 255 0
-0.1017799 -0.0597930 0.4813838 0 255 0
0.2878188 -0.0909976 0.5706725 0 255 0
-0.2035111 0.0459586 0.5128406 0 255 0
0.2511660 0.0386878 0.4822901 0 255 0
0.3396065 -0.0185846 0.5321990 0 255 0
0.1856477 0.0400064 0.4711282 0 255 0
0.2817455 0.0059676 0.4942371 0 255 0
0.2485721 -0.0677257 0.5666896 0 255 0
-0.1446324 -0.0010052 0.4966364 0 255 0
0.2218578 0.0548893 0.4659036 0 255 0
-0.1722037 -0.0297485 0.5092365 0 255 0
0.2620681 -0.0933652 0.5942779 0 255 0
-0.2104203 -0.0326078 0.5365982 0 255 0
-0.1801911 0.0112855 0.5255619 0 255 0
0.1956267 0.0315109 0.4765837 0 255 0
0.2050344 -0.0557397 0.5172462 0 255 0
0.2188062 -0.0308072 0.5069669 0 255 0
-0.1866363 0.0450379 0.5160992 0 255 0
-0.1636420 -0.0366167 0.5049440 0 255 0
0.3468959 -0.0384268 0.5476506 0 255 0
-0.1251664 -0.0411627 0.5173434 0 255 0
0.2633812 -0.0033402 0.4967908 0 255 0
-0.0624590 -0.0669756 0.5012786 0 255 0
0.2228923 -0.0332668 0.5081452 0 255 0
0.2712455 0.0221266 0.4920225 0 255 0
0.2091203 -0.0272116 0.5065604 0 255 0
0.2697479 0.0446194 0.4851752 0 255 0
-0.0809705 -0.0646107 0.4922355 0 255 0
-0.1999912 -0.0526238 0.5225111 0 255 0
0.2565536 -0.0783789 0.5666938 0 255 0
0.2181929 -0.0091887 0.4974315 0 255 0
-0.1496744 -0.0929887 0.5018176 0 255 0
0.1698771 0.0761439 0.4555227 0 255 0
0.2243518 -0.0184698 0.4955641 0 255 0
0.2678926 -0.0962463 0.5948236 0 255 0
-0.1238986 0.0140609 0.4929758 0 255 0
-0.2181269 -0.0505869 0.5400896 0 255 0
0.2930060 -0.0798588 0.5677483 0 255 0
0.2250133 -0.0091339 0.4944622 0 255 0
0.2886609 -0.0881639 0.5696914 0 255 0
0.3318526 0.0026133 0.5200479 0 255 0
0.2782322 -0.1041524 0.5842903 0 255 0
0.2778817 -0.1007822 0.5806925 0 255 0
0.2707106 -0.0286293 0.5106154 0 255 0
-0.2111797 0.0026901 0.5353309 0 255 0
0.2114988 -0.0295923 0.5065627 0 255 0
-0.1524861 -0.0773092 0.5072533 0 255 0
-0.2190510 -0.0546293 0.5300575 0 255 0
0.2241945 -0.0279106 0.4977971 0 255 0
0.1697408 0.0668781 0.4580395 0 255 0
-0.1086944 -0.0242613 0.5198573 0 255 0
0.3282790 -0.0147730 0.5300426 0 255 0
-0.1493189 -0.0264762 0.4928697 0 255 0
-0.1771522 -0.0444494 0.5131856 0 255 0
0.2813481 -0.1156068 0.5937601 0 255 0
-0.1257854 -0.0433887 0.5149072 0 255 0
-0.1331386 0.0223692 0.5248396 0 255 0
0.2002102 0.0291245 0.4741943 0 255 0
-0.1322241 0.0224230 0.5261019 0 255 0
0.2006245 -0.0737341 0.5518627 0 255 0
0.2053771 0.0195892 0.4864320 0 255 0
-0.2131625 -0.0111190 0.5340037 0 255 0
-0.1811414 0.0285300 0.5247418 0 255 0
0.1931705 -0.0764530 0.5527691 0 255 0
-0.0757524 -0.0537298 0.5462375 0 255 0
0.2618333 -0.0904912 0.5937454 0 255 0
-0.2023732 -0.0388179 0.5352988 0 255 0
-0.2122204 0.0128161 0.5379692 0 255 0
-0.1397578 -0.0241069 0.4917871 0 255 0
0.2770648 -0.1052719 0.5905704 0 255 0
-0.1432723 0.0098861 0.5169614 0 255 0
0.2291435 -0.0114320 0.4933610 0 255 0
0.2198814 0.0059570 0.4933621 0 255 0
0.2437970 0.0117901 0.4949028 0 255 0
0.3146590 0.0181410 0.5099840 0 255 0
-0.1495701 0.0111181 0.5177637 0 255 0
-0.2022761 0.0611371 0.5189352 0 255 0
0.3478938 -0.0383950 0.5471985 0 255 0
0.2792149 0.0082840 0.4938644 0 255 0
0.2587161 0.0024964 0.4967878 0 255 0
0.2721032 -0.0044975 0.4956885 0 255 0
0.2035898 -0.0033930 0.5046387 0 255 0
-0.1034352 -0.0726043 0.4838425 0 255 0
0.1924639 0.0550819 0.4583955 0 255 0
0.2434780 -0.1001582 0.5931585 0 255 0
-0.1059093 -0.0584469 0.4796200 0 255 0
-0.1681399 0.0249117 0.5264475 0 255 0
0.3307892 -0.0072192 0.5241647 0 255 0
-0.2132205 -0.0531707 0.5279412 0 255 0
0.2941977 -0.0953515 0.5726615 0 255 0
0.2061261 0.0060288 0.4993075 0 255 0
-0.0777977 -0.0625328 0.4940949 0 255 0
0.2695295 -0.1033271 0.5953559 0 255 0
-0.2171097 0.0177560 0.5344654 0 255 0
-0.1128209 -0.0686860 0.4802932 0 255 0
-0.1289493 0.0246868 0.5489536 0 255 0
0.2152790 0.0116921 0.4907886 0 255 0
-0.1378986 0.0025655 0.5105416 0 255 0
-0.1757326 0.0575375 0.5307217 0 255 0
0.2567652 -0.0033452 0.4975258 0 255 0
0.2461544 0.0496941 0.4791442 0 255 0
0.2770598 -0.0573308 0.5320114 0 255 0
-0.1592904 0.0269339 0.5177619 0 255 0
-0.0713790 -0.0594988 0.4978519 0 255 0
-0.1832424 0.0125605 0.5272438 0 255 0
0.2583136 -0.0259473 0.5051200 0 255 0
0.1803744 0.0433889 0.4717950 0 255 0
0.2355699 -0.0090934 0.4922730 0 255 0
-0.1239325 -0.0124685 0.4885487 0 255 0
0.2228973 -0.0920755 0.5690475 0 255 0
0.1888658 -0.0624696 0.5441048 0 255 0
-0.1370492 0.0309291 0.5453002 0 255 0
-0.1489375 -0.0440773 0.4954487 0 255 0
-0.0799960 -0.0612793 0.4933501 0 255 0
-0.2386207 -0.0100930 0.5463837 0 255 0
0.2079246 -0.0033673 0.5008171 0 255 0
-0.1754936 0.0391909 0.5189654 0 255 0
0.2347149 -0.0564553 0.5238864 0 255 0
0.2062396 0.0471550 0.4652027 0 255 0
0.2551250 0.0376376 0.4833575 0 255 0
0.2133833 0.0258949 0.4762740 0 255 0
-0.1780112 0.0125407 0.5264104 0 255 0
0.2775117 -0.0010019 0.4949608 0 255 0
0.2407475 0.0105952 0.4934136 0 255 0
0.3071565 -0.0704044 0.5668147 0 255 0
-0.1485393 -0.0957941 0.4980120 0 255 0
-0.1253637 -0.0807909 0.4852131 0 255 0
-0.1688619 0.0038150 0.5173045 0 255 0
-0.1920452 -0.0096841 0.5242517 0 255 0
0.2498431 0.0244915 0.4930818 0 255 0
0.2274964 -0.0936567 0.5705341 0 255 0
-0.1374176 -0.0534325 0.4958364 0 255 0
0.2109274 0.0106096 0.4940851 0 255 0
0.2092129 -0.0369603 0.5096823 0 255 0
-0.1202337 -0.0403288 0.5222865 0 255 0
-0.2047124 0.0435480 0.5128350 0 255 0
-0.2070622 -0.0274530 0.5344315 0 255 0
-0.1674449 -0.0521181 0.5056923 0 255 0
-0.1434367 -0.0125701 0.4925305 0 255 0
0.1972056 -0.0734256 0.5495536 0 255 0
-0.1380957 0.0074393 0.5157527 0 255 0
-0.1210645 0.0129708 0.4955822 0 255 0
0.2868992 0.0530339 0.4891808 0 255 0
0.2506892 -0.0162651 0.4993776 0 255 0
-0.2062365 -0.0010774 0.5323003 0 255 0
0.1854864 -0.0706748 0.5689918 0 255 0
0.1827768 0.0470171 0.4638425 0 255 0
-0.1529025 -0.0230189 0.4932361 0 255 0
-0.1600745 -0.0733921 0.5049047 0 255 0
0.2547691 -0.0746406 0.5686477 0 255 0
0.2074819 0.0344250 0.4704955 0 255 0
-0.1658065 -0.0057200 0.5007443 0 255 0
0.1924974 -0.0645498 0.5739702 0 255 0
-0.1009439 -0.0690429 0.4827886 0 255 0
0.3108224 -0.0169896 0.5216223 0 255 0
-0.1782866 -0.0702581 0.4994931 0 255 0
0.2389710 0.0323830 0.4897726 0 255 0
-0.1203683 -0.0770883 0.4834437 0 255 0
0.3501377 -0.0147505 0.5292386 0 255 0
0.2794500 -0.1140057 0.5926898 0 255 0
0.2233544 -0.0208141 0.4959318 0 255 0
-0.1398347 -0.1015861 0.4920577 0 255 0
-0.1511462 0.0245595 0.5190035 0 255 0
-0.2201686 0.0401177 0.5152072 0 255 0
0.2462704 -0.0618179 0.5496784 0 255 0
-0.2053789 -0.0502589 0.5365874 0 255 0
-0.2238119 0.0027528 0.5477996 0 255 0
-0.1759398 0.0321786 0.5239210 0 255 0
0.2018736 -0.0400349 0.5184811 0 255 0
-0.1775842 0.0112766 0.5251476 0 255 0
-0.1949697 -0.0109420 0.5255019 0 255 0
0.2275294 -0.0302274 0.4974259 0 255 0
0.2793439 -0.0296011 0.5067125 0 255 0
0.2063063 0.0397264 0.4678297 0 255 0
0.2118573 0.0357097 0.4728680 0 255 0
-0.1741470 0.0099869 0.5222318 0 255 0
-0.2079026 -0.0351297 0.5366006 0 255 0
0.2358138 -0.0231111 0.4952113 0 255 0
0.2319788 -0.0184289 0.4944685 0 255 0
0.2106893 0.0269553 0.4752398 0 255 0
-0.1448565 -0.0917417 0.5014466 0 255 0
-0.1292548 -0.0810888 0.4870024 0 255 0
0.1853462 0.0449324 0.4648263 0 255 0
-0.1168806 -0.0770329 0.4830960 0 255 0
0.2762324 -0.0871221 0.5716389 0 255 0
0.2789354 0.0394130 0.4913304 0 255 0
-0.1801377 0.0345028 0.5218343 0 255 0
-0.2116151 -0.0570322 0.5179467 0 255 0
0.2154949 -0.0209552 0.4992947 0 255 0
0.2391940 -0.1091065 0.5963601 0 255 0
0.2829076 0.0071290 0.4942411 0 255 0
0.3163462 0.0169690 0.5107757 0 255 0
-0.2058689 -0.0534672 0.5187822 0 255 0
0.2572268 -0.0724926 0.5623505 0 255 0
-0.0959595 -0.0355087 0.5235966 0 255 0
0.2766908 0.0140758 0.4934967 0 255 0
0.3263045 -0.0371368 0.5476043 0 255 0
0.2227550 -0.1058786 0.5862463 0 255 0
0.2991145 -0.0814048 0.5692306 0 255 0
0.2479022 0.0366079 0.4847610 0 255 0
0.3473605 -0.0441229 0.5545478 0 255 0
0.2628016 -0.0138771 0.4979016 0 255 0
-0.1080633 -0.0069620 0.5054914 0 255 0
0.2496577 0.0267888 0.4927159 0 255 0
-0.1356002 -0.0618206 0.4977079 0 255 0
0.3207540 -0.0664700 0.5673371 0 255 0
-0.2001043 -0.0122648 0.5292974 0 255 0
-0.2339707 0.0357211 0.5217189 0 255 0
0.2483421 -0.0174383 0.4993711 0 255 0
0.2801670 0.0105971 0.4934999 0 255 0
0.2006979 -0.0651369 0.5450277 0 255 0
0.2596224 -0.0687371 0.5533915 0 255 0
-0.2135628 0.0201697 0.5318795 0 255 0
0.2513771 0.0233679 0.4938221 0 255 0
-0.1719777 0.0380019 0.5193818 0 255 0
-0.1973014 -0.0184535 0.5284441 0 255 0
-0.0546433 -0.0615585 0.5051538 0 255 0
-0.1178785 -0.0354487 0.5227131 0 255 0
-0.1457397 -0.0322426 0.4925010 0 255 0
-0.1411330 -0.0788089 0.5092425 0 255 0
0.2027139 -0.0057733 0.5054077 0 255 0
-0.1876748 -0.0508177 0.5292753 0 255 0
0.2932412 0.0130341 0.4980015 0 255 0
-0.1194138 -0.0646902 0.4841736 0 255 0
0.2208737 0.0036357 0.4929926 0 255 0
0.2450206 -0.1064031 0.5969166 0 255 0
-0.2119326 0.0543930 0.5128326 0 255 0
-0.1220980 0.0001597 0.4903908 0 255 0
-0.2057550 0.0447181 0.5124342 0 255 0
0.2939973 -0.0045666 0.5032974 0 255 0
0.2927019 -0.1043291 0.5776665 0 255 0
0.3295389 -0.0330852 0.5444550 0 255 0
0.3287747 -0.0047446 0.5229171 0 255 0
0.1917854 0.0530375 0.4593468 0 255 0
-0.0926316 -0.0673204 0.4867393 0 255 0
0.2614377 0.0152916 0.4953174 0 255 0
-0.1066784 0.0037628 0.5102155 0 255 0
-0.1058093 0.0013693 0.5118032 0 255 0
-0.0885903 -0.0608206 0.4896569 0 255 0
0.2669748 -0.0530650 0.5268925 0 255 0
0.2784385 -0.0521211 0.5298830 0 255 0
-0.2202969 -0.0517702 0.5391964 0 255 0
-0.0821875 -0.0611869 0.4926060 0 255 0
-0.1090845 0.0049083 0.5047276 0 255 0
-0.1995378 -0.0387552 0.5344340 0 255 0
0.3001033 -0.0928242 0.5736744 0 255 0
0.2334307 -0.0102577 0.4926347 0 255 0
0.3062910 0.0108665 0.5060456 0 255 0
0.2042673 -0.0345378 0.5092806 0 255 0
-0.1433222 -0.0322188 0.4921375 0 255 0
-0.1951127 0.0559517 0.5160941 0 255 0
0.2084819 -0.0211953 0.5050141 0 255 0
-0.1833960 -0.0460132 0.5172082 0 255 0
-0.1286062 -0.0350294 0.5165302 0 255 0
0.3148982 0.0121586 0.5103716 0 255 0
-0.1064493 -0.0712049 0.4820656 0 255 0
0.1948096 0.0264074 0.4857006 0 255 0
-0.1448270 -0.0824606 0.5096249 0 255 0
0.2733541 0.0209551 0.4916615 0 255 0
0.2608542 -0.0150696 0.4986462 0 255 0
-0.1821532 0.0150506 0.5276728 0 255 0
-0.1994916 -0.0715572 0.5087287 0 255 0
-0.1492131 -0.0102553 0.4925206 0 255 0
-0.1979500 0.0076474 0.5301812 0 255 0
-0.1480516 -0.0276136 0.4925017 0 255 0
0.3276849 -0.0497065 0.5587230 0 255 0
-0.1491179 -0.0585751 0.4999520 0 255 0
0.2581675 0.0572468 0.4764122 0 255 0
0.2719042 0.0036530 0.4953260 0 255 0
-0.0603369 -0.0660503 0.5032027 0 255 0
-0.0514834 -0.0560555 0.5090760 0 255 0
-0.2294071 -0.0151282 0.5427874 0 255 0
-0.0971166 -0.0458980 0.5299101 0 255 0
-0.1555642 -0.0277166 0.4943376 0 255 0
-0.1169581 -0.0514574 0.4881515 0 255 0
-0.0493238 -0.0539143 0.5114592 0 255 0
0.2041834 -0.0568548 0.5275937 0 255 0
0.3103366 0.0061670 0.5107492 0 255 0
0.2051750 -0.0021988 0.5027195 0 255 0
0.2291876 -0.0852460 0.5680882 0 255 0
-0.1896630 -0.0535481 0.5079856 0 255 0
0.2709385 0.0356558 0.4873167 0 255 0
-0.1305130 -0.0238934 0.4874331 0 255 0
-0.1608570 0.0150277 0.5268734 0 255 0
-0.1200626 -0.0113885 0.4914809 0 255 0
-0.2169077 0.0471979 0.5132133 0 255 0
-0.1382842 -0.0068144 0.4947737 0 255 0
-0.0746571 -0.0581522 0.4963429 0 255 0
0.2425440 -0.0208629 0.4970954 0 255 0
0.2604682 0.0129734 0.4956846 0 255 0
0.2397728 0.0187253 0.4937910 0 255 0
-0.1897507 0.0609804 0.5281386 0 255 0
-0.0943354 -0.0060344 0.5282638 0 255 0
-0.1832970 0.0536129 0.5169291 0 255 0
-0.1506863 -0.0823946 0.5092170 0 255 0
0.2345300 -0.0759051 0.5681115 0 255 0
-0.1167104 -0.0723868 0.4823929 0 255 0
0.3194185 -0.0412696 0.5512457 0 255 0
0.2129457 -0.0611300 0.5217592 0 255 0
0.2826986 -0.0924159 0.5711511 0 255 0
0.2052843 -0.0506403 0.5148286 0 255 0
-0.1124302 -0.0782269 0.4834598 0 255 0
0.2373942 -0.0428534 0.5085556 0 255 0
-0.1511979 -0.0920201 0.5029682 0 255 0
0.2093161 -0.0802675 0.5612776 0 255 0
0.2342967 0.0585497 0.4689156 0 255 0
0.3025723 -0.0842989 0.5707132 0 255 0
-0.2081593 0.0471260 0.5124319 0 255 0
0.3568255 -0.0235691 0.5318016 0 255 0
0.1875647 0.0479397 0.4622286 0 255 0
-0.2048135 -0.0198221 0.5318491 0 255 0
0.2168908 0.0059703 0.4944630 0 255 0
-0.1242289 -0.0705319 0.4852283 0 255 0
-0.1304194 -0.0147201 0.4870835 0 255 0
0.1867334 -0.0675987 0.5769706 0 255 0
0.2703492 -0.0720358 0.5488032 0 255 0
0.1968781 0.0188345 0.4966699 0 255 0
0.2659093 -0.0138564 0.4971578 0 255 0
-0.1434182 0.0283759 0.5219074 0 255 0
-0.1218220 -0.0113375 0.4892821 0 255 0
-0.1750810 0.0415319 0.5177453 0 255 0
-0.1588918 -0.0698339 0.5049118 0 255 0
-0.1556749 -0.0428474 0.4946893 0 255 0
0.2463111 0.0176182 0.4952872 0 255 0
0.2893716 0.0152935 0.4953786 0 255 0
0.2210778 0.0582562 0.4665650 0 255 0
0.2763672 -0.1150384 0.5980585 0 255 0
-0.1696432 0.0175173 0.5272799 0 255 0
0.2660866 0.0059806 0.4953161 0 255 0
0.1925047 -0.0614250 0.5700034 0 255 0
0.2419463 -0.0507275 0.5157145 0 255 0
-0.0998440 -0.0168797 0.5182465 0 255 0
0.2065326 0.0521433 0.4609831 0 255 0
0.1861322 0.0429292 0.4667974 0 255 0
-0.1993402 -0.0655305 0.5083427 0 255 0
0.2437549 0.0324077 0.4901471 0 255 0
-0.1402681 -0.0658756 0.5018719 0 255 0
0.2684492 0.0344848 0.4869502 0 255 0
-0.0999074 -0.0426585 0.5062422 0 255 0
0.2013811 0.0354285 0.4691446 0 255 0
-0.1752504 -0.0129567 0.5076765 0 255 0
0.2692010 0.0424326 0.4862439 0 255 0
0.3312175 -0.0134952 0.5287762 0 255 0
-0.2311017 0.0439894 0.5180322 0 255 0
0.1793765 0.0632566 0.4552132 0 255 0
-0.2220798 0.0343603 0.5196794 0 255 0
-0.1890687 -0.0496139 0.5297006 0 255 0
0.2559157 0.0518731 0.4784733 0 255 0
0.2651603 0.0478281 0.4830407 0 255 0
0.2104771 -0.0646051 0.5405779 0 255 0
-0.1546090 -0.0998660 0.4949938 0 255 0
-0.0982802 -0.0471049 0.5294792 0 255 0
-0.0899403 -0.0586505 0.4907533 0 255 0
0.2674499 0.0036556 0.4956884 0 255 0
-0.1072087 -0.0010263 0.5070601 0 255 0
-0.1937457 0.0355295 0.5189207 0 255 0
-0.1796163 0.0100185 0.5238854 0 255 0
0.2636597 0.0445526 0.4844494 0 255 0
-0.2194445 0.0226321 0.5310097 0 255 0
-0.1348257 0.0284373 0.5466626 0 255 0
-0.1530159 -0.0265155 0.4936020 0 255 0
-0.1511633 -0.0033290 0.4951225 0 255 0
-0.1963748 0.0236529 0.5259624 0 255 0
-0.1677949 0.0390997 0.5177583 0 255 0
-0.1296362 -0.0893620 0.4884395 0 255 0
-0.1849512 -0.0421683 0.5147800 0 255 0
0.2693410 -0.0737546 0.5520161 0 255 0
0.2073798 -0.0481464 0.5140331 0 255 0
-0.1151588 -0.0664771 0.4806420 0 255 0
-0.1664505 0.0415007 0.5173566 0 255 0
-0.1136817 -0.0443854 0.4989113 0 255 0
-0.2423880 0.0273992 0.5267066 0 255 0
-0.2022809 -0.0525814 0.5220908 0 255 0
0.1806888 0.0437329 0.4755365 0 255 0
-0.1628933 -0.0317249 0.5026338 0 255 0
0.3188725 -0.0650247 0.5663601 0 255 0
-0.1914329 -0.0133370 0.5225803 0 255 0
0.2415365 -0.0453489 0.5097412 0 255 0
0.2758032 -0.0068322 0.4960665 0 255 0
0.2213558 -0.0243462 0.4966702 0 255 0
-0.1392222 -0.0427861 0.4939818 0 255 0
0.2428750 -0.1109106 0.5985335 0 255 0
-0.2112913 0.0225599 0.5293159 0 255 0
-0.1890050 -0.0144730 0.5192794 0 255 0
0.2585250 0.0083269 0.4964207 0 255 0
-0.2091068 0.0284812 0.5238434 0 255 0
-0.1923681 0.0260835 0.5251334 0 255 0
0.2671456 0.0311667 0.4887468 0 255 0
0.2056435 0.0365058 0.4688219 0 255 0
0.2207979 -0.0904256 0.5670854 0 255 0
0.3296994 -0.0385199 0.5489774 0 255 0
-0.1480040 0.0050231 0.5165387 0 255 0
-0.1784577 -0.0142153 0.5100327 0 255 0
-0.1374038 0.0198073 0.5223247 0 255 0
-0.1328125 0.0259764 0.5489467 0 255 0
-0.1021957 -0.0132160 0.5178376 0 255 0
-0.1969899 -0.0072667 0.5276098 0 255 0
-0.1925379 0.0486370 0.5156856 0 255 0
0.2046525 0.0511309 0.4616230 0 255 0
0.2478965 0.0233675 0.4938144 0 255 0
-0.2254056 -0.0100185 0.5423543 0 255 0
0.2591033 0.0498055 0.4802189 0 255 0
0.2336695 -0.0577317 0.5242993 0 255 0
-0.1365060 -0.0114132 0.4925471 0 255 0
-0.1243985 0.0001597 0.4903857 0 255 0
-0.2141667 0.0471248 0.5124186 0 255 0
0.3319974 -0.0774002 0.5896716 0 255 0
-0.1401844 0.0050036 0.5145338 0 255 0
-0.1672265 0.0099398 0.5197683 0 255 0
0.2654512 -0.0724566 0.5520092 0 255 0
0.3421648 -0.0399113 0.5503772 0 255 0
0.1976732 0.0241963 0.4871395 0 255 0
0.2246811 -0.0021595 0.4937320 0 255 0
0.3287257 -0.0304513 0.5431116 0 255 0
0.2798853 -0.0955122 0.5736268 0 255 0
-0.2375405 -0.0036768 0.5468491 0 255 0
0.2472089 0.0312564 0.4901533 0 255 0
-0.2029157 -0.0073017 0.5301517 0 255 0
-0.1388156 -0.0137277 0.4925392 0 255 0
0.2285249 -0.0487976 0.5209863 0 255 0
-0.1495509 -0.0056388 0.4936355 0 255 0
0.2338918 -0.0044566 0.4911751 0 255 0
0.2419046 0.0071170 0.4934118 0 255 0
-0.1472346 -0.0079587 0.4936377 0 255 0
-0.1291817 -0.0135657 0.4867269 0 255 0
-0.1964675 0.0377890 0.5164716 0 255 0
0.3028338 -0.0857139 0.5712065 0 255 0
0.2852905 -0.0427551 0.5219432 0 255 0
0.2176810 0.0226357 0.4783496 0 255 0
-0.1925289 0.0355297 0.5189234 0 255 0
-0.2088934 -0.0186023 0.5327044 0 255 0
0.1928720 0.0591854 0.4568141 0 255 0
-0.1066361 -0.0083161 0.5158024 0 255 0
0.2717522 -0.0628361 0.5363209 0 255 0
0.2237000 -0.0303413 0.4993011 0 255 0
-0.1683558 -0.0404546 0.5084434 0 255 0
0.2829157 0.0590985 0.4823886 0 255 0
0.3457158 -0.0172650 0.5300761 0 255 0
-0.1439095 -0.0647449 0.5022489 0 255 0
0.2432784 -0.0534437 0.5185539 0 255 0
-0.0977754 -0.0769222 0.4896167 0 255 0
-0.1568437 -0.0219255 0.4947142 0 255 0
-0.0974145 -0.0083557 0.5182624 0 255 0
-0.1470075 -0.0253184 0.4928762 0 255 0
-0.2144153 -0.0098643 0.5340025 0 255 0
0.2822697 -0.0056796 0.4972037 0 255 0
0.3246302 -0.0291507 0.5426574 0 255 0
0.3039452 0.0226708 0.5041246 0 255 0
0.2779223 -0.0743172 0.5562267 0 255 0
0.2598823 0.0267700 0.4923706 0 255 0
0.1860448 0.0459278 0.4638483 0 255 0
0.2007467 0.0301521 0.4728368 0 255 0
0.2859266 -0.0199544 0.5036450 0 255 0
0.2340656 -0.0056149 0.4915401 0 255 0
-0.1238416 -0.0090180 0.4881904 0 255 0
-0.1710161 -0.0034726 0.5164775 0 255 0
-0.2152805 -0.0262819 0.5361573 0 255 0
0.3012252 -0.0070177 0.5095297 0 255 0
0.2599380 -0.0847787 0.5832398 0 255 0
0.2709884 -0.0173874 0.4979152 0 255 0
0.2434597 -0.0256315 0.4989723 0 255 0
0.2160632 -0.0345129 0.5089133 0 255 0
-0.0998434 -0.0193150 0.5182435 0 255 0
0.2062151 0.0195604 0.4857172 0 255 0
-0.2298851 0.0403375 0.5180303 0 255 0
-0.1047821 -0.0663348 0.4796127 0 255 0
-0.1798632 -0.0810033 0.5006185 0 255 0
-0.1482201 -0.0500486 0.4969418 0 255 0
0.1864344 0.0602571 0.4568013 0 255 0
0.3079094 -0.0095078 0.5147065 0 255 0
0.2639598 0.0094793 0.4956879 0 255 0
-0.1706054 -0.0602946 0.5045100 0 255 0
-0.1069560 -0.0595300 0.4792666 0 255 0
0.2059271 -0.0532259 0.5164406 0 255 0
0.2587146 0.0001618 0.4967849 0 255 0
-0.2182852 0.0544766 0.5136206 0 255 0
-0.0948158 -0.0561988 0.5452863 0 255 0
0.2295809 0.0070585 0.4893574 0 255 0
-0.1870763 -0.0336488 0.5139803 0 255 0
-0.0996419 -0.0553257 0.5368149 0 255 0
-0.1205083 -0.0205309 0.5181966 0 255 0
-0.1985446 -0.0097617 0.5284522 0 255 0
-0.0754791 -0.0636943 0.4940986 0 255 0
0.3358175 -0.0109578 0.5262614 0 255 0
-0.1584085 -0.0613418 0.5033758 0 255 0
0.1938174 -0.0705486 0.5472698 0 255 0
-0.2009073 -0.0248010 0.5314212 0 255 0
0.2605334 -0.0779778 0.5637942 0 255 0
-0.1339644 -0.1003576 0.4917039 0 255 0
-0.1730651 0.0513874 0.5189874 0 255 0
0.2755950 0.0335147 0.4894934 0 255 0
0.2711086 -0.0917244 0.5926990 0 255 0
-0.1350605 0.0185949 0.5227438 0 255 0
-0.1535735 -0.0608305 0.4991796 0 255 0
0.2526571 -0.0092109 0.4986355 0 255 0
-0.1762051 -0.0856437 0.5002395 0 255 0
-0.1454016 0.0359048 0.5430383 0 255 0
-0.1801256 0.0063004 0.5217993 0 255 0
0.2772911 -0.0973673 0.5766304 0 255 0
-0.2307773 0.0250053 0.5284244 0 255 0
0.2721592 -0.0162176 0.4979192 0 255 0
-0.1553276 0.0431321 0.5376944 0 255 0
-0.2227597 0.0413604 0.5156074 0 255 0
-0.1995173 0.0126510 0.5310411 0 255 0
0.2468585 0.0024944 0.4963879 0 255 0
0.2688171 -0.0368837 0.5256590 0 255 0
0.2399447 -0.1046198 0.5947520 0 255 0
0.2042667 -0.0357344 0.5092792 0 255 0
-0.1221603 -0.0494382 0.5149077 0 255 0
-0.2053089 -0.0261337 0.5331354 0 255 0
-0.1543761 -0.1008769 0.4942481 0 255 0
-0.1553275 -0.0547581 0.4972940 0 255 0
-0.1318342 0.0238118 0.5294949 0 255 0
-0.1656816 -0.0944024 0.4968459 0 255 0
0.2771644 0.0588388 0.4802696 0 255 0
0.2380622 -0.0067852 0.4926490 0 255 0
0.2381439 -0.0196207 0.4952232 0 255 0
0.2434125 0.0387147 0.4826259 0 255 0
0.2258364 -0.0102803 0.4937246 0 255 0
-0.1162863 -0.0255425 0.5210754 0 255 0
-0.2117669 0.0531464 0.5124314 0 255 0
0.2786500 -0.0336638 0.5142099 0 255 0
0.3514757 -0.0301072 0.5369754 0 255 0
0.2376430 0.0312087 0.4894049 0 255 0
0.2390519 0.0117282 0.4923064 0 255 0
-0.0962709 -0.0242052 0.5186542 0 255 0
0.2185267 -0.0860577 0.5646555 0 255 0
0.2171903 -0.0056865 0.4978092 0 255 0
-0.1007227 -0.0666277 0.4817305 0 255 0
-0.2166045 0.0225959 0.5301587 0 255 0
0.2834441 0.0233364 0.4931565 0 255 0
0.2790125 -0.0482700 0.5286146 0 255 0
-0.1396157 -0.0762399 0.5080702 0 255 0
-0.1667780 -0.0367856 0.5072736 0 255 0
-0.1634621 0.0224740 0.5272996 0 255 0
0.2221958 -0.0091612 0.4959436 0 255 0
0.2329869 0.0367675 0.4868753 0 255 0
0.3441898 -0.0223906 0.5334954 0 255 0
-0.1739099 -0.0487022 0.5072417 0 255 0
-0.0977018 -0.0803131 0.4892482 0 255 0
-0.1604704 0.0125215 0.5256069 0 255 0
0.2796067 -0.0354524 0.5227672 0 255 0
0.2307396 -0.0424096 0.5177254 0 255 0
0.2841017 -0.0559922 0.5311713 0 255 0
-0.1562840 -0.0685431 0.5041441 0 255 0
-0.1005475 -0.0752665 0.4863518 0 255 0
0.3277372 -0.0010551 0.5212669 0 255 0
0.2327952 -0.0731092 0.5671331 0 255 0
-0.1480572 -0.0125699 0.4925203 0 255 0
0.2520322 0.0334367 0.4883547 0 255 0
-0.1914314 0.0014071 0.5259457 0 255 0
0.2538924 0.0581553 0.4746904 0 255 0
-0.1912732 0.0126005 0.5289214 0 255 0
0.1953648 0.0284389 0.4814510 0 255 0
0.2669430 -0.0367954 0.5244008 0 255 0
-0.1976266 0.0619705 0.5260087 0 255 0
-0.2288971 0.0189493 0.5327070 0 255 0
-0.1958583 0.0485601 0.5148700 0 255 0
0.2777768 -0.0988952 0.5776405 0 255 0
-0.1857185 0.0199940 0.5272476 0 255 0
-0.0974099 -0.0266212 0.5182382 0 255 0
-0.1550771 -0.0955018 0.4964922 0 255 0
-0.1985458 -0.0072783 0.5284552 0 255 0
-0.1872504 0.0113396 0.5280784 0 255 0
0.2761436 0.0024854 0.4945910 0 255 0
-0.0928489 -0.0316204 0.5412798 0 255 0
0.3117852 -0.0046739 0.5151229 0 255 0
0.3199338 -0.0225341 0.5369130 0 255 0
0.2797010 -0.1155020 0.5932221 0 255 0
-0.1304175 -0.0204424 0.4870764 0 255 0
-0.1388506 -0.0824627 0.5096380 0 255 0
0.2178680 -0.1021227 0.5805562 0 255 0
0.2467395 -0.0245524 0.5008759 0 255 0
0.2243511 -0.0196342 0.4955626 0 255 0
-0.1477045 0.0345712 0.5421357 0 255 0
-0.1483806 -0.0381134 0.4935964 0 255 0
-0.0941767 -0.0382433 0.5273752 0 255 0
0.2547811 -0.0608296 0.5298204 0 255 0
-0.1648922 -0.0899380 0.4979833 0 255 0
0.2428743 -0.1123166 0.5985317 0 255 0
0.2238221 -0.0723597 0.5613193 0 255 0
0.2110307 0.0060017 0.4970596 0 255 0
-0.2377425 0.0040364 0.5473140 0 255 0
-0.1464334 0.0358454 0.5421401 0 255 0
0.2161793 -0.0150552 0.4981716 0 255 0
-0.1832085 -0.0083857 0.5201219 0 255 0
0.2200606 0.0127885 0.4886184 0 255 0
-0.1435813 -0.0622424 0.5011035 0 255 0
0.2752874 -0.0470273 0.5286080 0 255 0
0.1875091 -0.0671916 0.5513800 0 255 0
-0.1615964 0.0390700 0.5173643 0 255 0
-0.1037342 -0.0607454 0.4799722 0 255 0
0.2151749 -0.0092094 0.4985534 0 255 0
-0.1381436 -0.0630847 0.4984559 0 255 0
0.2564487 0.0376654 0.4837147 0 255 0
0.2221726 0.0560635 0.4665647 0 255 0
-0.2400057 0.0371229 0.5242031 0 255 0
0.2308608 -0.0302050 0.4970583 0 255 0
-0.1238867 -0.0241628 0.4929285 0 255 0
0.3624080 -0.0261109 0.5326693 0 255 0
0.1701079 0.0666010 0.4561415 0 255 0
-0.1886410 -0.0568212 0.5052482 0 255 0
0.2635964 0.0552083 0.4781476 0 255 0
-0.1821334 -0.0071693 0.5205379 0 255 0
-0.2458419 0.0262665 0.5288182 0 255 0
0.2669119 -0.0185990 0.4990324 0 255 0
-0.2507723 0.0276422 0.5313765 0 255 0
-0.1612647 -0.0579708 0.5049213 0 255 0
-0.2303616 -0.0087875 0.5450458 0 255 0
0.1985620 0.0479758 0.4625769 0 255 0
-0.1253614 -0.0009911 0.4896516 0 255 0
-0.1460226 -0.0812629 0.5096237 0 255 0
0.3437393 -0.0454634 0.5550049 0 255 0
-0.2270519 -0.0100350 0.5432480 0 255 0
0.3122523 0.0180710 0.5080155 0 255 0
-0.1382147 0.0321838 0.5448500 0 255 0
-0.2023209 0.0296185 0.5221941 0 255 0
0.2802597 -0.0898093 0.5716444 0 255 0
0.2286413 -0.0354369 0.5050392 0 255 0
0.2565760 0.0036665 0.4971590 0 255 0
0.2464228 -0.1064037 0.5969197 0 255 0
-0.1621524 -0.0245265 0.5003476 0 255 0
0.2213710 0.0070898 0.4915280 0 255 0
0.2109720 -0.0045338 0.4996835 0 255 0
0.2476580 0.0129727 0.4956565 0 255 0
0.1889930 0.0397797 0.4684577 0 255 0
-0.1171281 -0.0137599 0.4936967 0 255 0
-0.2208475 -0.0301342 0.5374567 0 255 0
-0.1608442 0.0441778 0.5350571 0 255 0
-0.1018387 -0.0765218 0.4870683 0 255 0
0.3586533 -0.0248589 0.5326626 0 255 0
-0.1167455 -0.0342480 0.5231331 0 255 0
0.2287226 -0.0382200 0.5105115 0 255 0
-0.1600769 -0.0674611 0.5049121 0 255 0
-0.1578920 -0.0044855 0.4943613 0 255 0
-0.1221968 -0.0487247 0.5202072 0 255 0
0.2820609 -0.0481551 0.5273558 0 255 0
0.2585358 0.0433177 0.4833719 0 255 0
0.2394782 0.0449926 0.4770450 0 255 0
0.2027286 0.0269349 0.4748801 0 255 0
-0.1762513 -0.0578337 0.5037269 0 255 0
0.3383099 -0.0237588 0.5360818 0 255 0
0.1916264 0.0437797 0.4641844 0 255 0
-0.1760778 -0.0703122 0.4998781 0 255 0
0.3410362 -0.0122044 0.5266914 0 255 0
-0.1135591 -0.0462037 0.4932924 0 255 0
-0.1245426 -0.0352517 0.5198073 0 255 0
0.3186331 -0.0719247 0.5683037 0 255 0
-0.1238871 -0.0230046 0.4929299 0 255 0
-0.1890600 0.0523145 0.5161029 0 255 0
0.2079261 0.0322829 0.4715030 0 255 0
0.2119078 0.0421657 0.4705161 0 255 0
0.2536715 0.0129828 0.4960425 0 255 0
0.2826956 -0.0068582 0.4979538 0 255 0
0.2451453 0.0141266 0.4952802 0 255 0
0.2716629 0.0619977 0.4785203 0 255 0
-0.1448266 -0.0836578 0.5096234 0 255 0
0.2773727 -0.1196881 0.6002344 0 255 0
0.2290201 0.0446995 0.4739374 0 255 0
-0.1436126 0.0147801 0.5181895 0 255 0
-0.1044987 -0.0342790 0.5054638 0 255 0
-0.2168902 0.0090606 0.5401663 0 255 0
-0.1986475 0.0296190 0.5222023 0 255 0
-0.1816844 -0.0395639 0.5123811 0 255 0
-0.1034090 -0.0192995 0.5178275 0 255 0
-0.1179327 -0.0114056 0.4922191 0 255 0
-0.1299224 -0.0976110 0.4895179 0 255 0
0.2334338 -0.1035886 0.5888901 0 255 0
-0.1203384 0.0105780 0.4926099 0 255 0
-0.0758187 -0.0733107 0.4963216 0 255 0
0.1943515 0.0469207 0.4628911 0 255 0
-0.1947086 -0.0687423 0.5056091 0 255 0
0.2206752 -0.0332921 0.5085323 0 255 0
-0.1151584 -0.0114745 0.4951916 0 255 0
-0.1439386 -0.0724336 0.5064986 0 255 0
0.2635972 0.0563320 0.4781490 0 255 0
0.2460607 -0.0389402 0.5043030 0 255 0
0.2153315 -0.1008467 0.5810644 0 255 0
-0.2362130 0.0261622 0.5267187 0 255 0
0.2770259 0.0198148 0.4920349 0 255 0
0.2025314 0.0289789 0.4718244 0 255 0
-0.1819397 0.0487157 0.5165197 0 255 0
0.2715240 -0.0900084 0.5905771 0 255 0
0.3156371 0.0193995 0.5115691 0 255 0
0.2265097 -0.0184561 0.4951966 0 255 0
0.3335994 0.0001696 0.5208697 0 255 0
-0.1692346 0.0137671 0.5260099 0 255 0
-0.1543020 0.0025794 0.5132942 0 255 0
0.2667339 -0.1005288 0.5953532 0 255 0
-0.0926999 -0.0685147 0.4870983 0 255 0
-0.1315245 0.0246866 0.5489479 0 255 0
0.3132245 0.0085807 0.5115505 0 255 0
0.2017235 -0.0249454 0.5088937 0 255 0
-0.2247871 0.0214185 0.5318564 0 255 0
-0.1996519 -0.0596513 0.5091375 0 255 0
-0.1108144 -0.0552668 0.4813696 0 255 0
-0.0969322 -0.0577655 0.5031326 0 255 0
-0.0759418 -0.0525775 0.5476037 0 255 0
0.2506900 -0.0150917 0.4993791 0 255 0
-0.1433260 -0.0218118 0.4921504 0 255 0
-0.1579466 -0.0794457 0.5056793 0 255 0
-0.1665063 0.0273204 0.5251918 0 255 0
-0.0585143 -0.0535374 0.5078840 0 255 0
0.1957226 0.0395843 0.4661568 0 255 0
0.2690100 -0.0103365 0.4964207 0 255 0
0.2092471 0.0398683 0.4695013 0 255 0
-0.1514132 -0.0773693 0.5076476 0 255 0
-0.1163703 -0.0699154 0.4809869 0 255 0
-0.2192816 0.0297582 0.5246567 0 255 0
-0.1178416 -0.0735197 0.4823890 0 255 0
-0.1721082 0.0112410 0.5234860 0 255 0
0.2997362 0.0154684 0.5010441 0 255 0
0.3432243 -0.0172648 0.5300707 0 255 0
0.2779953 -0.0458226 0.5290395 0 255 0
0.1672996 0.0698062 0.4631851 0 255 0
0.2451899 -0.0245150 0.5001128 0 255 0
0.2861153 0.0444297 0.4957796 0 255 0
0.2282001 0.0456491 0.4722404 0 255 0
-0.0926310 -0.0696075 0.4867364 0 255 0
0.3250802 -0.0398753 0.5498810 0 255 0
-0.1992794 0.0272513 0.5238635 0 255 0
0.3211955 -0.0225342 0.5369157 0 255 0
-0.2192169 -0.0429378 0.5396528 0 255 0
-0.2413897 0.0014630 0.5468470 0 255 0
-0.2439475 -0.0101011 0.5468270 0 255 0
-0.1580752 0.0245007 0.5177615 0 255 0
0.2768402 -0.0688290 0.5438436 0 255 0
-0.1982709 0.0101554 0.5310408 0 255 0
0.2288846 -0.0513267 0.5218062 0 255 0
0.2543886 -0.0654948 0.5590138 0 255 0
0.2542369 -0.0010063 0.4971481 0 255 0
-0.1265945 -0.0831315 0.4855661 0 255 0
-0.1358673 -0.0919957 0.4902424 0 255 0
-0.1820837 0.0511836 0.5169287 0 255 0
0.2191940 -0.0126856 0.4970544 0 255 0
0.2681828 -0.1123270 0.5985872 0 255 0
0.2162777 0.0381243 0.4752658 0 255 0
-0.1819278 0.0087804 0.5234613 0 255 0
-0.1629557 -0.0197787 0.4992113 0 255 0
0.2665103 -0.0174002 0.4982815 0 255 0
-0.1256655 -0.0266812 0.5194062 0 255 0
0.2280708 0.0447314 0.4742760 0 255 0
0.2659196 -0.0417568 0.5248099 0 255 0
0.2830188 -0.0283022 0.5047832 0 255 0
-0.0896719 -0.0619245 0.4892886 0 255 0
-0.2168692 0.0052833 0.5432894 0 255 0
-0.1984587 -0.0584554 0.5091416 0 255 0
-0.1623322 -0.0389597 0.5045562 0 255 0
-0.0777494 -0.0551948 0.5012596 0 255 0
-0.2311303 -0.0023919 0.5468647 0 255 0
-0.1486109 -0.0930602 0.5022035 0 255 0
0.2766152 0.0232488 0.4913054 0 255 0
-0.1606320 0.0293903 0.5181702 0 255 0
0.2152032 -0.0657688 0.5397040 0 255 0
-0.0548544 -0.0582216 0.5071055 0 255 0
0.1921546 -0.0648889 0.5769858 0 255 0
0.2980891 -0.0731280 0.5672792 0 255 0
-0.1582053 0.0391321 0.5181876 0 255 0
0.2530704 0.0013301 0.4971485 0 255 0
-0.1966544 -0.0606601 0.5075688 0 255 0
-0.1435585 -0.0488821 0.4969535 0 255 0
0.2559765 -0.0115456 0.4982632 0 255 0
0.2718579 0.0586666 0.4788639 0 255 0
0.2661301 -0.0442581 0.5252253 0 255 0
-0.1604972 0.0074678 0.5177351 0 255 0
-0.1360534 -0.0417202 0.4951067 0 255 0
0.2123129 -0.0344857 0.5085125 0 255 0
-0.0788959 -0.0706049 0.4937114 0 255 0
0.3130288 -0.0133023 0.5212196 0 255 0
0.2479830 -0.0862185 0.5745687 0 255 0
0.2849485 -0.1104315 0.5812082 0 255 0
-0.1301385 -0.0309485 0.4903320 0 255 0
-0.2193964 -0.0528204 0.5369922 0 255 0
-0.1458663 0.0283756 0.5219020 0 255 0
-0.1292570 -0.0742241 0.4870109 0 255 0
-0.1652692 -0.0866252 0.4991218 0 255 0
-0.1291020 0.0071426 0.4951840 0 255 0
0.2088026 0.0419853 0.4685039 0 255 0
-0.1298272 -0.0929419 0.4891594 0 255 0
0.3263775 -0.0186137 0.5330316 0 255 0
0.1909554 0.0468870 0.4625589 0 255 0
0.2443832 -0.0292595 0.5008650 0 255 0
-0.1520128 -0.0901396 0.5056791 0 255 0
-0.2161557 -0.0390382 0.5383372 0 255 0
0.2519664 0.0497315 0.4795052 0 255 0
0.1999245 0.0164633 0.4955537 0 255 0
0.2707403 0.0036529 0.4953234 0 255 0
-0.2283860 0.0164993 0.5344363 0 255 0
0.2020846 -0.0560633 0.5318459 0 255 0
0.2589091 -0.0010063 0.4971584 0 255 0
-0.0735482 -0.0581964 0.4967203 0 255 0
-0.2289509 0.0053270 0.5477915 0 255 0
0.2026807 -0.0521464 0.5301404 0 255 0
0.2018365 -0.0057822 0.5061820 0 255 0
0.2556869 0.0365823 0.4844221 0 255 0
-0.1508983 -0.1020395 0.4942543 0 255 0
0.2859670 -0.0477738 0.5231807 0 255 0
0.2163872 0.0581726 0.4658957 0 255 0
-0.1322359 -0.0482641 0.5026793 0 255 0
0.2729936 -0.0878063 0.5761287 0 255 0
-0.1992173 -0.0311704 0.5335757 0 255 0
0.3401550 -0.0198672 0.5330586 0 255 0
-0.1871320 0.0001707 0.5242747 0 255 0
-0.2127900 -0.0549013 0.5208225 0 255 0
0.1925816 0.0448391 0.4638613 0 255 0
0.2150514 0.0048192 0.4955724 0 255 0
-0.2136258 0.0388167 0.5140106 0 255 0
-0.0935662 -0.0648890 0.4856613 0 255 0
-0.1749895 0.0309970 0.5247583 0 255 0
-0.1784440 0.0438956 0.5169277 0 255 0
0.2605656 -0.0527687 0.5239504 0 255 0
-0.1507764 -0.0548007 0.4976806 0 255 0
-0.1219138 -0.0078944 0.4896506 0 255 0
0.1772406 0.0686050 0.4552151 0 255 0
-0.1546803 0.0367262 0.5186012 0 255 0
-0.1726481 0.0099711 0.5214062 0 255 0
0.2688373 -0.0272396 0.5070820 0 255 0
-0.1820066 0.0137995 0.5272481 0 255 0
-0.0837197 -0.0526197 0.5480431 0 255 0
0.2040541 -0.0129085 0.5057896 0 255 0
-0.1519675 -0.0381415 0.4939595 0 255 0
0.2513399 0.0118171 0.4960360 0 255 0
0.2877281 -0.0068948 0.5006100 0 255 0
-0.2414605 0.0176109 0.5300978 0 255 0
0.2032717 -0.0532211 0.5284424 0 255 0
0.1928577 -0.0650810 0.5445600 0 255 0
0.2787278 -0.0233965 0.5013267 0 255 0
-0.1872254 -0.0276322 0.5143899 0 255 0
-0.1447006 -0.0114213 0.4928985 0 255 0
0.2789452 -0.0809790 0.5662528 0 255 0
-0.1847038 -0.0716475 0.5010014 0 255 0
-0.1995167 0.0114032 0.5310396 0 255 0
0.2383904 -0.1129132 0.6686966 0 255 0
-0.1767123 -0.0165607 0.5084547 0 255 0
-0.1219082 -0.0461707 0.5189786 0 255 0
0.2113510 -0.0871577 0.5631902 0 255 0
-0.0411794 -0.0530445 0.5146807 0 255 0
-0.1218645 -0.0647850 0.4848826 0 255 0
-0.1756724 -0.0479918 0.5123824 0 255 0
0.2717070 -0.0736936 0.5515594 0 255 0
0.1813690 0.0777071 0.4715022 0 255 0
-0.1397553 -0.0310398 0.4917785 0 255 0
0.2767112 -0.0899641 0.5726298 0 255 0
-0.1503686 -0.0090980 0.4925195 0 255 0
-0.2399183 0.0273995 0.5267121 0 255 0
-0.1753403 -0.0543669 0.5045070 0 255 0
0.3044661 -0.0787318 0.5692456 0 255 0
0.2765183 -0.0994175 0.5806912 0 255 0
-0.1929841 0.0284604 0.5234615 0 255 0
0.2424459 0.0013230 0.4945158 0 255 0
-0.0818873 -0.0561087 0.5444116 0 255 0
-0.0951253 -0.0720537 0.4878116 0 255 0
-0.1276583 -0.0009911 0.4896466 0 255 0
-0.1790080 -0.0262805 0.5116054 0 255 0
0.1838485 0.0372164 0.4779482 0 255 0
0.2948333 -0.1073262 0.5791904 0 255 0
-0.0894758 -0.0586164 0.5439413 0 255 0
-0.1260377 -0.0101574 0.4878218 0 255 0
0.2612730 -0.0258882 0.5039685 0 255 0
-0.1363958 0.0210683 0.5231600 0 255 0
0.2908372 -0.1166147 0.5848211 0 255 0
-0.2284905 0.0403059 0.5176252 0 255 0
0.2644573 0.0322670 0.4880193 0 255 0
-0.1150705 -0.0161164 0.4948132 0 255 0
-0.1329508 -0.0378371 0.5053969 0 255 0
0.1822024 0.0541523 0.4596473 0 255 0
-0.2411925 0.0078813 0.5464004 0 255 0
0.1777614 0.0573517 0.4593214 0 255 0
-0.1314864 -0.0476666 0.5089105 0 255 0
-0.1073755 0.0037453 0.5078490 0 255 0
0.2470432 0.0001618 0.4967593 0 255 0
-0.0636847 -0.0599548 0.5016671 0 255 0
0.2712815 -0.0885415 0.5900496 0 255 0
0.1881541 -0.0827063 0.5689828 0 255 0
-0.1689953 0.0050345 0.5177134 0 255 0
0.2950796 0.0118909 0.4991343 0 255 0
0.2885166 -0.0164170 0.5040399 0 255 0
0.2850918 -0.0505126 0.5260973 0 255 0
0.2631866 0.0024946 0.4964237 0 255 0
-0.2161746 -0.0010898 0.5383842 0 255 0
-0.2488743 0.0001779 0.5463739 0 255 0
0.1835995 0.0353543 0.4831969 0 255 0
0.3337491 -0.0358215 0.5471679 0 255 0
-0.1313554 -0.0566613 0.5038271 0 255 0
-0.1843759 -0.0372138 0.5131787 0 255 0
-0.1825079 0.0403455 0.5181330 0 255 0
0.2560059 -0.1063111 0.5964004 0 255 0
-0.0801296 -0.0502123 0.5498849 0 255 0
-0.0958353 -0.0760558 0.4914526 0 255 0
0.3186557 -0.0426359 0.5521654 0 255 0
0.1717656 0.0604348 0.4664573 0 255 0
-0.2343891 -0.0075129 0.5454884 0 255 0
-0.2060606 -0.0198220 0.5318464 0 255 0
0.2440103 -0.0777116 0.5715800 0 255 0
-0.1125239 -0.0010100 0.4989690 0 255 0
-0.0409333 -0.0444131 0.5270644 0 255 0
0.2300512 -0.1033109 0.5873109 0 255 0
-0.2261851 0.0250461 0.5292862 0 255 0
-0.1371238 -0.0068145 0.4947763 0 255 0
0.2191392 0.0315145 0.4766377 0 255 0
0.2663859 -0.0756844 0.5566695 0 255 0
-0.0795315 -0.0556184 0.5051065 0 255 0
0.2311953 0.0104772 0.4879169 0 255 0
-0.1858689 -0.0384794 0.5139770 0 255 0
0.2800818 0.0278673 0.4913187 0 255 0
-0.1492136 -0.0090980 0.4925221 0 255 0
0.2781828 0.0209712 0.4920388 0 255 0
-0.2438779 0.0101864 0.5326604 0 255 0
-0.1658021 -0.0163092 0.5007311 0 255 0
0.2374211 0.0534966 0.4729473 0 255 0
-0.1954652 0.0113849 0.5301912 0 255 0
-0.0625541 -0.0682573 0.5020424 0 255 0
0.2905012 -0.0896578 0.5706801 0 255 0
0.2435916 -0.0695337 0.5705991 0 255 0
0.1933335 -0.0734245 0.5495451 0 255 0
-0.1441431 0.0050153 0.5157364 0 255 0
-0.0679247 -0.0689090 0.4982252 0 255 0
0.2394160 0.0221731 0.4930561 0 255 0
0.2379398 -0.0494376 0.5149016 0 255 0
0.2833310 0.0048135 0.4949808 0 255 0
-0.1289970 -0.0547986 0.5085134 0 255 0
-0.1674851 -0.0198993 0.5022541 0 255 0
0.2244705 0.0149963 0.4857540 0 255 0
0.2267033 -0.0302730 0.4981759 0 255 0
0.2616196 -0.0582013 0.5285642 0 255 0
-0.1058911 -0.0010367 0.5121988 0 255 0
-0.1579462 -0.0806337 0.5056778 0 255 0
0.2199614 0.0455495 0.4712102 0 255 0
0.3601995 -0.0211214 0.5331010 0 255 0
0.3293120 -0.0426734 0.5526515 0 255 0
0.1980528 0.0396127 0.4664916 0 255 0
-0.1438371 -0.0961648 0.4939055 0 255 0
-0.1977571 -0.0541321 0.5135254 0 255 0
-0.0720878 -0.0512917 0.5476137 0 255 0
-0.1246701 0.0179810 0.5054858 0 255 0
0.2575783 0.0334128 0.4880055 0 255 0
-0.1437419 -0.0861195 0.5100184 0 255 0
-0.1796562 0.0438953 0.5169250 0 255 0
0.1765866 0.0533309 0.4618875 0 255 0
0.2080816 -0.0057252 0.5011952 0 255 0
-0.1472597 -0.0957221 0.4976376 0 255 0
-0.1090246 -0.0480541 0.4885360 0 255 0
0.3055888 0.0132142 0.5048853 0 255 0
0.2268482 -0.0231450 0.4959366 0 255 0
-0.1276579 -0.0021416 0.4896451 0 255 0
0.2220235 -0.0184696 0.4955589 0 255 0
-0.2057160 -0.0478156 0.5374680 0 255 0
-0.1642857 -0.0045995 0.5069302 0 255 0
-0.1736669 -0.0297945 0.5100240 0 255 0
0.1650527 0.0725614 0.4599530 0 255 0
-0.1617836 -0.0232977 0.4992095 0 255 0
-0.1395442 -0.0367619 0.4910355 0 255 0
-0.2007456 -0.0235333 0.5309935 0 255 0
0.2998786 0.0025389 0.5052462 0 255 0
0.2900525 -0.0347923 0.5130334 0 255 0
0.2475516 -0.0847208 0.5735692 0 255 0
0.2671551 -0.0793044 0.5638071 0 255 0
-0.1981154 0.0436857 0.5144559 0 255 0
0.2655729 0.0355499 0.4858695 0 255 0
-0.1329757 -0.0847079 0.4880750 0 255 0
0.1950475 0.0365820 0.4698006 0 255 0
-0.0604305 -0.0578632 0.5039841 0 255 0
0.2418963 0.0472695 0.4773983 0 255 0
-0.2246325 -0.0212941 0.5374593 0 255 0
-0.2136293 -0.0428332 0.5383381 0 255 0
-0.1178457 -0.0599199 0.4824059 0 255 0
-0.1215023 -0.0770879 0.4834412 0 255 0
0.2334879 0.0408318 0.4808478 0 255 0
-0.0967712 -0.0758853 0.4903508 0 255 0
0.2022416 -0.0348063 0.5132392 0 255 0
0.1811394 0.0407331 0.4796852 0 255 0
0.3238058 -0.0512355 0.5610896 0 255 0
-0.2356674 -0.0087946 0.5454841 0 255 0
-0.0933554 -0.0305394 0.5227758 0 255 0
0.2299588 -0.0102575 0.4926270 0 255 0
0.2787235 -0.0328915 0.5211160 0 255 0
-0.1278005 -0.0432527 0.5132942 0 255 0
-0.1703420 -0.0649360 0.5037311 0 255 0
0.2085393 0.0083313 0.4966825 0 255 0
-0.1342332 -0.0512193 0.4969711 0 255 0
0.2633267 -0.0729447 0.5557274 0 255 0
-0.0724925 -0.0571160 0.4974757 0 255 0
0.2187308 0.0582144 0.4662302 0 255 0
-0.1803501 -0.0214888 0.5120071 0 255 0
0.2293119 -0.0172411 0.4937236 0 255 0
-0.1485928 0.0196658 0.5185935 0 255 0
-0.1341337 -0.0453469 0.4966030 0 255 0
-0.1073929 -0.0132575 0.5194630 0 255 0
0.2555948 -0.0056832 0.4975203 0 255 0
0.2734705 -0.0091633 0.4960585 0 255 0
0.1949380 0.0295056 0.4803991 0 255 0
-0.1862764 -0.0120138 0.5184687 0 255 0
0.1998872 0.0198374 0.4925957 0 255 0
-0.1508086 -0.0393022 0.4939606 0 255 0
-0.2314552 0.0140216 0.5357343 0 255 0
0.2475544 0.0537689 0.4753550 0 255 0
0.2264216 0.0541013 0.4685599 0 255 0
-0.2111010 -0.0504225 0.5383342 0 255 0
-0.1142791 -0.0745448 0.4816884 0 255 0
0.3235503 -0.0010534 0.5204354 0 255 0
0.3540689 -0.0328715 0.5409373 0 255 0
0.2521600 0.0244917 0.4930869 0 255 0
-0.1517444 -0.0264958 0.4932343 0 255 0
0.3460110 -0.0289153 0.5382764 0 255 0
0.1804828 0.0417085 0.4779464 0 255 0
-0.1284056 -0.0291908 0.5206314 0 255 0
0.2824041 -0.0614288 0.5350402 0 255 0
-0.1386826 -0.0958069 0.4920674 0 255 0
0.2459722 -0.0647283 0.5637786 0 255 0
0.2957383 -0.0999088 0.5756603 0 255 0
-0.1045423 -0.0156370 0.5174218 0 255 0
-0.1137390 -0.0521787 0.4842016 0 255 0
-0.1265296 -0.0625331 0.5034444 0 255 0
-0.2201692 0.0413284 0.5152087 0 255 0
0.2564637 0.0476866 0.4816111 0 255 0
-0.1068766 -0.0651124 0.4789107 0 255 0
-0.1765239 -0.0531813 0.5045059 0 255 0
-0.1467891 -0.0206551 0.4921442 0 255 0
0.2636590 0.0434142 0.4844480 0 255 0
0.2340172 0.0265883 0.4890284 0 255 0
0.2653202 0.0036583 0.4960565 0 255 0
0.2429888 -0.0056615 0.4956233 0 255 0
0.3553663 -0.0287524 0.5352432 0 255 0
-0.1434033 -0.1039741 0.4924158 0 255 0
0.2090329 -0.0744223 0.5570130 0 255 0
-0.2053501 0.0376398 0.5144325 0 255 0
-0.1833182 -0.0312096 0.5135897 0 255 0
-0.2301700 -0.0100599 0.5445926 0 255 0
-0.2260636 0.0165128 0.5348766 0 255 0
-0.1669254 -0.0661712 0.5041236 0 255 0
-0.1848324 0.0272965 0.5247321 0 255 0
0.3383322 -0.0357630 0.5462745 0 255 0
0.3057470 -0.0082726 0.5131047 0 255 0
0.2415205 0.0556408 0.4722819 0 255 0
0.2266365 0.0059217 0.4904414 0 255 0
0.2906653 -0.0982115 0.5736471 0 255 0
-0.1305111 -0.0296197 0.4874261 0 255 0
0.2723460 -0.0866128 0.5863788 0 255 0
-0.0922775 -0.0232066 0.5236215 0 255 0
-0.0703176 -0.0584179 0.4986107 0 255 0
0.1918435 0.0327487 0.4783055 0 255 0
-0.2102956 0.0609905 0.5176908 0 255 0
0.2208945 0.0271127 0.4780155 0 255 0
0.3430569 -0.0289859 0.5395907 0 255 0
-0.2088393 0.0319449 0.5201156 0 255 0
0.3268338 -0.0072134 0.5237399 0 255 0
-0.1150061 0.0120240 0.5047234 0 255 0
-0.2293547 0.0262261 0.5280042 0 255 0
-0.0666498 -0.0533709 0.5063046 0 255 0
0.2180421 -0.0535222 0.5193155 0 255 0
-0.1729353 0.0137669 0.5260017 0 255 0
-0.1733545 -0.0647366 0.5021842 0 255 0
0.2770228 -0.0331268 0.5248448 0 255 0
-0.2257926 0.0298050 0.5254819 0 255 0
0.2441424 -0.0932419 0.5847476 0 255 0
0.3119529 -0.0772633 0.5682825 0 255 0
0.2642869 -0.0542590 0.5264645 0 255 0
-0.1690403 -0.0797095 0.4998819 0 255 0
0.2511530 0.0153024 0.4956671 0 255 0
-0.1569872 0.0318261 0.5181813 0 255 0
0.2720112 -0.0915601 0.5916368 0 255 0
-0.1026821 -0.0653039 0.4803196 0 255 0
0.2761737 -0.1040707 0.5916305 0 255 0
0.2703407 0.0597049 0.4781679 0 255 0
0.1964154 0.0375259 0.4678066 0 255 0
0.3289979 -0.0497068 0.5587259 0 255 0
-0.1815745 0.0248904 0.5259965 0 255 0
0.2081718 -0.0856140 0.5617443 0 255 0
-0.1131590 0.0108883 0.5070618 0 255 0
-0.1280407 0.0024679 0.4911134 0 255 0
-0.1735947 -0.0855144 0.4994845 0 255 0
-0.1699731 -0.0140092 0.5026402 0 255 0
0.2661412 -0.0828743 0.5701385 0 255 0
-0.1430582 -0.0684420 0.5034007 0 255 0
-0.1664021 0.0099635 0.5210065 0 255 0
0.2101622 -0.0598088 0.5209298 0 255 0
0.3259230 -0.0097208 0.5262386 0 255 0
-0.1023756 -0.0726581 0.4842012 0 255 0
0.2855159 -0.0440163 0.5223555 0 255 0
-0.1109386 -0.0080999 0.5023957 0 255 0
-0.1152417 -0.0710458 0.4809880 0 255 0
0.2587057 -0.0222167 0.5012858 0 255 0
-0.1410191 -0.0171865 0.4921612 0 255 0
-0.1749015 -0.0797075 0.4998690 0 255 0
0.3710509 -0.0293979 0.5472603 0 255 0
-0.1481694 -0.0091049 0.4928938 0 255 0
-0.2411881 0.0139302 0.5322420 0 255 0
-0.2434313 0.0323241 0.5262899 0 255 0
0.2509021 -0.0849437 0.5750782 0 255 0
-0.0680292 -0.0608075 0.4989913 0 255 0
0.3233037 -0.0425654 0.5512527 0 255 0
-0.0745330 -0.0524903 0.5466961 0 255 0
-0.2131498 0.0642842 0.5247172 0 255 0
0.1864981 -0.0758911 0.5680062 0 255 0
0.2432487 -0.0414359 0.5058388 0 255 0
0.3188601 -0.0211179 0.5330120 0 255 0
-0.1411237 -0.0610192 0.5007285 0 255 0
-0.1320981 -0.0618215 0.4977156 0 255 0
-0.1523086 -0.0440435 0.4950680 0 255 0
0.2291119 0.0542175 0.4695663 0 255 0
-0.0671136 -0.0575089 0.5008982 0 255 0
0.3269970 -0.0552850 0.5620480 0 255 0
-0.0931368 -0.0157618 0.5215518 0 255 0
0.2504067 -0.0609755 0.5310913 0 255 0
-0.2088084 0.0213164 0.5293198 0 255 0
-0.1721758 -0.0670966 0.5021839 0 255 0
-0.1971105 0.0307974 0.5213783 0 255 0
-0.2228332 -0.0365675 0.5392097 0 255 0
-0.1804931 -0.0678589 0.4991117 0 255 0
0.2014371 0.0107217 0.4993030 0 255 0
0.1991200 0.0459306 0.4638769 0 255 0
0.3000253 -0.0106093 0.5095227 0 255 0
-0.1493776 -0.0787451 0.5088300 0 255 0
0.2710732 -0.0331524 0.5252498 0 255 0
0.2852072 0.0550065 0.4862959 0 255 0
0.1964988 0.0571581 0.4577706 0 255 0
-0.0971952 -0.0446890 0.5303391 0 255 0
0.2456861 -0.1123178 0.5985379 0 255 0
0.2767107 -0.0221512 0.4998084 0 255 0
-0.1683688 -0.0591553 0.5049042 0 255 0
-0.1306859 -0.0858554 0.4880787 0 255 0
-0.2452367 0.0027479 0.5468401 0 255 0
-0.2278063 -0.0075069 0.5450530 0 255 0
0.1866099 0.0479731 0.4625507 0 255 0
0.2008652 0.0064226 0.5319220 0 255 0
0.2404750 -0.0126392 0.4952370 0 255 0
-0.2387954 0.0114942 0.5352783 0 255 0
-0.0997636 -0.0241667 0.5178294 0 255 0
-0.2165584 0.0152939 0.5362060 0 255 0
-0.1502879 0.0331755 0.5202485 0 255 0
-0.1885238 0.0272961 0.5247239 0 255 0
-0.2163618 -0.0250016 0.5357191 0 255 0
-0.0954609 -0.0596461 0.5416854 0 255 0
0.2596851 0.0312351 0.4898191 0 255 0
-0.1752693 -0.0334672 0.5112065 0 255 0
0.2392213 0.0429055 0.4787715 0 255 0
-0.2137180 0.0331665 0.5201063 0 255 0
0.1857838 0.0469518 0.4631974 0 255 0
-0.1044399 0.0102421 0.5355777 0 255 0
0.2312618 -0.0770396 0.5666372 0 255 0
0.3354497 -0.0072136 0.5237588 0 255 0
0.3049916 -0.0815475 0.5702281 0 255 0
-0.1724698 -0.0321913 0.5100236 0 255 0
0.2074468 0.0129315 0.4940804 0 255 0
0.1886127 -0.0728000 0.5546253 0 255 0
-0.1866369 0.0462508 0.5161007 0 255 0
-0.1572009 0.0037973 0.5148981 0 255 0
0.2898056 0.0129849 0.4961216 0 255 0
0.2649267 0.0118000 0.4953207 0 255 0
0.2239404 -0.0384273 0.5132808 0 255 0
0.3252862 -0.0022799 0.5212600 0 255 0
0.2221845 0.0183260 0.4832615 0 255 0
0.2263229 -0.0009964 0.4922627 0 255 0
0.2221726 0.0475273 0.4688754 0 255 0
-0.1057349 -0.0814595 0.4892291 0 255 0
0.2677919 -0.0430930 0.5260685 0 255 0
0.2029985 0.0196907 0.4889519 0 255 0
0.2577410 -0.0010063 0.4971558 0 255 0
0.2772031 -0.0673293 0.5420574 0 255 0
0.2577955 0.0582822 0.4757258 0 255 0
-0.0481613 -0.0527539 0.5118613 0 255 0
-0.1325425 -0.0400887 0.5038450 0 255 0
-0.1425003 -0.0500877 0.4973305 0 255 0
-0.2182512 0.0331135 0.5192755 0 255 0
-0.1721880 -0.0509287 0.5056807 0 255 0
-0.1275323 -0.0940920 0.4891630 0 255 0
0.2592937 -0.0115372 0.4978968 0 255 0
-0.2064856 0.0284588 0.5234318 0 255 0
-0.2134582 -0.0352152 0.5379069 0 255 0
-0.1539482 -0.0114209 0.4928782 0 255 0
0.3383406 -0.0010577 0.5225285 0 255 0
-0.2247198 -0.0011069 0.5468805 0 255 0
-0.1613887 -0.0899393 0.4979910 0 255 0
0.1888336 -0.0693190 0.5477154 0 255 0
0.2809108 0.0175288 0.4927729 0 255 0
-0.2066401 0.0342271 0.5176641 0 255 0
-0.1519974 0.0074681 0.5177538 0 255 0
-0.2467182 -0.0075376 0.5472799 0 255 0
-0.2150677 -0.0428680 0.5387765 0 255 0
0.1884176 0.0540785 0.4590211 0 255 0
0.2745760 0.0544821 0.4816605 0 255 0
0.2466335 0.0386870 0.4822801 0 255 0
-0.0644672 -0.0666195 0.4986134 0 255 0
0.3018912 -0.0130847 0.5126916 0 255 0
0.2803597 -0.1061463 0.5801800 0 255 0
0.2838129 -0.1026985 0.5761340 0 255 0
0.2665344 -0.0656213 0.5384938 0 255 0
-0.1247726 -0.0446686 0.5157160 0 255 0
-0.0767543 -0.0603021 0.4948438 0 255 0
-0.1332683 -0.0952387 0.4891490 0 255 0
0.2061979 -0.0033775 0.5023372 0 255 0
-0.1558943 0.0306327 0.5185910 0 255 0
0.2065831 -0.0616597 0.5370508 0 255 0
-0.1715242 -0.0625688 0.5037314 0 255 0
0.2823927 -0.0390139 0.5211165 0 255 0
-0.1199471 -0.0451299 0.5210415 0 255 0
0.2664820 -0.0707454 0.5487962 0 255 0
-0.1660681 0.0212518 0.5277159 0 255 0
-0.1377648 -0.0102635 0.4929152 0 255 0
0.2012988 -0.0752831 0.5537176 0 255 0
0.1938071 0.0437801 0.4641891 0 255 0
-0.1047724 0.0037804 0.5126066 0 255 0
-0.2002153 0.0448240 0.5136483 0 255 0
0.2599460 -0.0514150 0.5227044 0 255 0
0.1869120 -0.0657561 0.5612436 0 255 0
0.1973233 0.0165377 0.4977931 0 255 0
0.1825857 0.0461541 0.4661337 0 255 0
0.2441639 -0.0616118 0.5478463 0 255 0
-0.1925152 0.0163291 0.5289233 0 255 0
0.2517383 -0.0321015 0.5086004 0 255 0
0.1938083 0.0530011 0.4590315 0 255 0
-0.2222919 -0.0493984 0.5409719 0 255 0
0.2241844 -0.0161288 0.4951944 0 255 0
0.2842495 -0.1178668 0.5911004 0 255 0
0.1938137 -0.0620099 0.5401014 0 255 0
-0.1736623 0.0539270 0.5320106 0 255 0
-0.1333668 -0.0606979 0.4980915 0 255 0
0.2088100 -0.0917535 0.5670575 0 255 0
0.2736203 0.0117740 0.4942265 0 255 0
0.2514168 -0.0246653 0.5031793 0 255 0
0.2606804 -0.1079094 0.5974905 0 255 0
-0.1827683 -0.0800703 0.5021445 0 255 0
0.3219900 -0.0540095 0.5625181 0 255 0
-0.1634758 -0.0921386 0.4972297 0 255 0
0.2605986 -0.0610272 0.5315418 0 255 0
0.2555169 0.0465884 0.4819570 0 255 0
0.2352197 -0.0067699 0.4915412 0 255 0
0.2818865 0.0622716 0.4806339 0 255 0
-0.1309745 -0.0929414 0.4891569 0 255 0
-0.2183252 -0.0339229 0.5374575 0 255 0
0.2752114 -0.1165486 0.5985974 0 255 0
0.2589174 0.0244742 0.4927334 0 255 0
0.3288422 -0.0251604 0.5391233 0 255 0
0.2015680 0.0301091 0.4721614 0 255 0
-0.2194239 0.0103298 0.5401623 0 255 0
0.2406995 -0.0748302 0.5700926 0 255 0
-0.1474568 -0.0056474 0.4943828 0 255 0
0.2797166 0.0546030 0.4827289 0 255 0
-0.2424637 -0.0100928 0.5463753 0 255 0
0.2729047 -0.0258696 0.5036077 0 255 0
-0.0837195 -0.0539073 0.5480415 0 255 0
0.2745935 -0.0705132 0.5469955 0 255 0
-0.2050184 0.0319201 0.5197124 0 255 0
0.2479083 -0.0548789 0.5206098 0 255 0
0.1949910 -0.0848689 0.5655749 0 255 0
-0.2429475 0.0091348 0.5445855 0 255 0
-0.2314456 -0.0126190 0.5445866 0 255 0
0.2655946 -0.0597796 0.5315543 0 255 0
0.2761452 0.0048097 0.4945939 0 255 0
-0.2426718 0.0014630 0.5468442 0 255 0
-0.1371102 -0.0451756 0.4947273 0 255 0
-0.1588872 -0.0816956 0.5048971 0 255 0
0.1926706 -0.0817894 0.5626747 0 255 0
0.1841624 0.0634332 0.4564841 0 255 0
-0.2362522 -0.0152410 0.5468376 0 255 0
-0.1847929 0.0403134 0.5177212 0 255 0
0.2609061 -0.0962438 0.5948083 0 255 0
0.2825108 -0.0519553 0.5281970 0 255 0
0.2257037 -0.0302957 0.4985504 0 255 0
-0.0422546 -0.0552896 0.5130693 0 255 0
0.3248877 -0.0084574 0.5245669 0 255 0
0.2296180 -0.0056190 0.4918971 0 255 0
-0.1094411 -0.0686871 0.4803006 0 255 0
0.2604635 -0.0115372 0.4978994 0 255 0
0.3732484 -0.0354831 0.5621767 0 255 0
0.1863546 0.0399210 0.4701220 0 255 0
0.2983444 -0.0758588 0.5677649 0 255 0
-0.1993397 -0.0667248 0.5083412 0 255 0
0.1954296 0.0200923 0.4989236 0 255 0
0.2799737 -0.0335333 0.5122160 0 255 0
0.1904568 -0.0664146 0.5450037 0 255 0
0.2411915 -0.0493612 0.5141057 0 255 0
0.2467192 0.0599963 0.4716260 0 255 0
0.2019806 -0.0349696 0.5156479 0 255 0
-0.1628042 -0.0877320 0.4987469 0 255 0
-0.1819403 -0.0667874 0.4998696 0 255 0
-0.1694380 -0.0235474 0.5045596 0 255 0
0.3246935 -0.0608777 0.5649251 0 255 0
0.2685100 -0.0871544 0.5900452 0 255 0
0.2043073 0.0001639 0.5034884 0 255 0
0.1758266 0.0613698 0.4570937 0 255 0
0.3552930 -0.0185559 0.5313762 0 255 0
-0.0769831 -0.0733103 0.4963190 0 255 0
-0.1034637 -0.0409951 0.5004574 0 255 0
0.2806037 -0.0382120 0.5269434 0 255 0
-0.1920446 -0.0109160 0.5242501 0 255 0
-0.1711400 -0.0345614 0.5096279 0 255 0
0.2125259 -0.0283804 0.5061775 0 255 0
0.2715386 0.0322919 0.4883960 0 255 0
-0.0448730 -0.0482824 0.5154853 0 255 0
-0.2241444 0.0413926 0.5160095 0 255 0
-0.1420667 -0.0183291 0.4917892 0 255 0
0.2778487 0.0117566 0.4934963 0 255 0
0.2131334 -0.0370180 0.5104777 0 255 0
-0.1965510 0.0632576 0.5264341 0 255 0
0.2532593 -0.0021761 0.4975196 0 255 0
0.2806470 0.0568306 0.4823809 0 255 0
-0.1492150 0.0038094 0.5165345 0 255 0
-0.1152421 -0.0699158 0.4809894 0 255 0
0.1939451 0.0591857 0.4568164 0 255 0
0.2651275 0.0141385 0.4956962 0 255 0
0.2887470 0.0501054 0.4943095 0 255 0
0.2553602 0.0528823 0.4774348 0 255 0
-0.1687924 -0.0187334 0.5026370 0 255 0
-0.1353841 0.0211020 0.5239964 0 255 0
-0.1731826 0.0062707 0.5193399 0 255 0
0.1745402 0.0555402 0.4622094 0 255 0
-0.1734919 0.0175311 0.5276949 0 255 0
0.2629782 0.0210481 0.4938446 0 255 0
0.3504647 -0.0396811 0.5472025 0 255 0
-0.1275548 0.0233775 0.5484970 0 255 0
-0.1547375 -0.0896555 0.5029633 0 255 0
-0.1623261 -0.0531846 0.5045370 0 255 0
0.2464231 -0.0150459 0.4978617 0 255 0
0.2756350 0.0598799 0.4795695 0 255 0
-0.2117384 -0.0111101 0.5335730 0 255 0
-0.1416440 0.0272797 0.5244083 0 255 0
0.2121497 -0.0332652 0.5081216 0 255 0
-0.0668583 -0.0619801 0.4989924 0 255 0
0.2185159 -0.0220785 0.4981681 0 255 0
-0.2346497 0.0139872 0.5344194 0 255 0
0.2554445 -0.0744485 0.5671840 0 255 0
0.3136979 0.0109593 0.5103675 0 255 0
0.1895798 0.0449017 0.4645081 0 255 0
0.2817235 -0.1113130 0.5858476 0 255 0
-0.1656774 -0.0127698 0.5003545 0 255 0
0.2751283 -0.0871973 0.5721327 0 255 0
0.2747792 0.0082900 0.4942247 0 255 0
0.2807563 0.0611417 0.4806300 0 255 0
0.2739783 -0.0332057 0.5260943 0 255 0
-0.1881063 0.0343924 0.5201642 0 255 0
-0.1676127 -0.0210955 0.5026366 0 255 0
0.1967863 0.0510576 0.4609604 0 255 0
-0.1638866 -0.0533071 0.5056987 0 255 0
-0.0419347 -0.0453966 0.5241206 0 255 0
0.1908264 0.0308813 0.4842705 0 255 0
0.2154353 -0.0949926 0.5705059 0 255 0
-0.2237211 0.0214360 0.5322897 0 255 0
0.2713436 -0.0091701 0.4964272 0 255 0
0.3498598 -0.0122537 0.5288185 0 255 0
-0.1128891 -0.0206947 0.5223311 0 255 0
-0.0906845 -0.0629800 0.4885578 0 255 0
0.2778617 -0.0559907 0.5311576 0 255 0
0.3117750 0.0121303 0.5091832 0 255 0
-0.1360698 -0.0932865 0.4909731 0 255 0
-0.1159495 0.0071917 0.4985932 0 255 0
-0.2055473 -0.0490382 0.5370274 0 255 0
-0.2085277 -0.0592797 0.5163217 0 255 0
-0.2366069 0.0394300 0.5221325 0 255 0
-0.1175865 -0.0631812 0.4813449 0 255 0
0.3324614 -0.0047447 0.5229251 0 255 0
0.1969570 0.0396125 0.4664892 0 255 0
-0.1963894 0.0063913 0.5293286 0 255 0
-0.2131600 -0.0161379 0.5339975 0 255 0
-0.2225124 -0.0023821 0.5446190 0 255 0
-0.1641512 0.0366669 0.5177633 0 255 0
-0.1786882 -0.0833559 0.5006182 0 255 0
0.2523481 0.0233505 0.4934548 0 255 0
-0.1060062 -0.0156739 0.5186433 0 255 0
0.1884141 0.0331326 0.4839125 0 255 0
0.2765828 -0.0318429 0.5240113 0 255 0
-0.1292762 -0.0170092 0.4870832 0 255 0
0.2869714 -0.0951835 0.5716525 0 255 0
-0.1974590 -0.0209537 0.5288662 0 255 0
0.2081091 -0.0633864 0.5410181 0 255 0
0.3026267 -0.0106588 0.5119004 0 255 0
-0.1386056 -0.0206404 0.4917939 0 255 0
0.1844690 -0.0707968 0.5699742 0 255 0
-0.0602454 -0.0612278 0.5024399 0 255 0
0.3230337 -0.0739623 0.5737509 0 255 0
-0.0972729 -0.0035235 0.5240523 0 255 0
0.2798060 -0.0494332 0.5277714 0 255 0
-0.2361065 0.0548004 0.5406270 0 255 0
-0.0864213 -0.0620640 0.4903907 0 255 0
0.3500085 -0.0369259 0.5444952 0 255 0
-0.0864855 -0.0632633 0.4907552 0 255 0
-0.1735975 0.0499706 0.5169459 0 255 0
0.2321011 -0.0079366 0.4922668 0 255 0
0.1895434 -0.0580594 0.5387718 0 255 0
-0.1263051 0.0117528 0.4933376 0 255 0
-0.1758002 0.0333832 0.5235053 0 255 0
0.2757982 0.0312373 0.4898544 0 255 0
-0.1328121 0.0246864 0.5489451 0 255 0
-0.0434923 -0.0553325 0.5134671 0 255 0
0.1829629 0.0623169 0.4561644 0 255 0
-0.1399692 -0.0183567 0.4925309 0 255 0
-0.1342328 -0.0523869 0.4969697 0 255 0
-0.2488744 0.0126894 0.5326525 0 255 0
-0.0763232 -0.0502551 0.5503536 0 255 0
-0.0370743 -0.0467034 0.5249664 0 255 0
-0.0998437 -0.0180974 0.5182450 0 255 0
0.2770777 0.0414441 0.4880582 0 255 0
-0.0358999 -0.0455429 0.5258099 0 255 0
-0.1349907 -0.0510647 0.4954707 0 255 0
0.2782969 -0.0927358 0.5731279 0 255 0
-0.1474433 -0.0647439 0.5022411 0 255 0
-0.1859415 -0.0096229 0.5209392 0 255 0
-0.2108228 -0.0249412 0.5344263 0 255 0
-0.1804130 0.0087665 0.5226319 0 255 0
0.3277712 -0.0225531 0.5373675 0 255 0
0.2728003 -0.0519946 0.5285963 0 255 0
0.1841843 -0.0690140 0.5774692 0 255 0
0.2049656 -0.0469382 0.5140293 0 255 0
-0.1839549 -0.0600145 0.5021667 0 255 0
0.2513506 -0.1005231 0.5953194 0 255 0
0.2183776 0.0013249 0.4952033 0 255 0
0.2185273 -0.0847312 0.5646571 0 255 0
0.2755312 0.0140757 0.4934941 0 255 0
0.2533493 -0.0272377 0.5070469 0 255 0
0.2109561 -0.0332651 0.5081190 0 255 0
-0.0413740 -0.0496499 0.5171128 0 255 0
0.2588079 -0.1063122 0.5964066 0 255 0
0.1875173 0.0310863 0.4874860 0 255 0
0.2046879 0.0196326 0.4875095 0 255 0
0.2639639 -0.0727608 0.5543268 0 255 0
0.3184125 -0.0225156 0.5364729 0 255 0
-0.2105642 0.0507382 0.5124311 0 255 0
-0.1671838 -0.0615280 0.5049038 0 255 0
0.2011136 -0.0010269 0.5073551 0 255 0
-0.2239705 0.0449952 0.5156093 0 255 0
-0.1322961 -0.0689417 0.4984615 0 255 0
0.2552973 -0.1094101 0.5980192 0 255 0
-0.1740458 0.0520449 0.5256275 0 255 0
-0.1511187 -0.0572692 0.4988104 0 255 0
0.2251461 -0.0384275 0.5132834 0 255 0
0.2454360 -0.0197398 0.4982299 0 255 0
0.2774059 0.0458961 0.4866247 0 255 0
-0.1491783 -0.0021705 0.4962499 0 255 0
0.3302867 -0.0609312 0.5654217 0 255 0
-0.1321978 -0.0630386 0.4980911 0 255 0
-0.1050977 -0.0034573 0.5141980 0 255 0
-0.1536744 -0.0808838 0.5072463 0 255 0
0.2201774 -0.0293232 0.5019558 0 255 0
-0.1466744 0.0333524 0.5430323 0 255 0
-0.1358926 -0.0194270 0.4903337 0 255 0
-0.0414720 -0.0473317 0.5183382 0 255 0
-0.1414051 0.0160231 0.5190143 0 255 0
0.1960517 0.0304571 0.4776190 0 255 0
0.2469200 0.0210624 0.4941794 0 255 0
-0.1490984 -0.0183422 0.4921420 0 255 0
0.2181891 -0.0162014 0.4974228 0 255 0
0.2365932 0.0367953 0.4872429 0 255 0
-0.2477957 -0.0062464 0.5468233 0 255 0
0.2318615 0.0468267 0.4729269 0 255 0
-0.1170446 0.0013199 0.4933451 0 255 0
0.2083121 0.0025072 0.4989300 0 255 0
0.3500481 -0.0410687 0.5485622 0 255 0
0.2585103 -0.0162411 0.4986396 0 255 0
0.2688065 -0.0918885 0.5937589 0 255 0
0.2044500 0.0185694 0.4896800 0 255 0
-0.2188588 -0.0403357 0.5387713 0 255 0
-0.2272431 0.0250258 0.5288576 0 255 0
0.2568021 -0.0677205 0.5557196 0 255 0
0.1840859 -0.0711658 0.5729450 0 255 0
0.2087633 0.0117794 0.4944523 0 255 0
-0.0692919 -0.0535763 0.5082529 0 255 0
-0.1767772 0.0137777 0.5264146 0 255 0
-0.1643049 0.0261283 0.5260360 0 255 0
0.2256240 -0.0986158 0.5760085 0 255 0
0.3198918 -0.0554252 0.5634731 0 255 0
-0.1264093 -0.0784528 0.4848557 0 255 0
0.1860464 0.0389829 0.4721398 0 255 0
-0.2319062 0.0053359 0.5487004 0 255 0
-0.1929859 0.0390338 0.5168856 0 255 0
0.2188054 0.0237599 0.4783535 0 255 0
0.3254831 0.0001692 0.5196214 0 255 0
-0.1249601 0.0105777 0.4925998 0 255 0
-0.1308042 -0.0227989 0.4885208 0 255 0
-0.1483927 -0.0067988 0.4936366 0 255 0
0.1946608 0.0285012 0.4825065 0 255 0
-0.2051562 0.0026771 0.5327390 0 255 0
-0.1252731 -0.0750360 0.4848624 0 255 0
0.2043061 -0.0022022 0.5034855 0 255 0
0.1799961 0.0591818 0.4567859 0 255 0
-0.1088226 -0.0365131 0.5035155 0 255 0
-0.1310876 0.0271758 0.5471243 0 255 0
-0.1354988 -0.0582685 0.4973358 0 255 0
0.2498267 0.0579874 0.4733193 0 255 0
0.2224832 0.0484570 0.4672169 0 255 0
0.3255266 -0.0650264 0.5663746 0 255 0
0.2697216 -0.0558539 0.5298593 0 255 0
0.1957565 0.0324668 0.4741887 0 255 0
-0.0890853 -0.0501686 0.5494057 0 255 0
-0.2490799 -0.0023917 0.5468253 0 255 0
-0.1604906 -0.0244522 0.4988319 0 255 0
-0.1269924 -0.0135759 0.4870925 0 255 0
-0.1621279 -0.0844738 0.5002719 0 255 0
0.2118241 -0.0308299 0.5073417 0 255 0
-0.1915852 0.0026451 0.5263683 0 255 0
0.2784646 0.0513872 0.4844927 0 255 0
0.1735608 0.0634739 0.4567771 0 255 0
-0.1856673 0.0356151 0.5201710 0 255 0
0.2697738 -0.0044975 0.4956834 0 255 0
-0.0862909 -0.0539067 0.5480359 0 255 0
0.2835601 0.0486511 0.4913520 0 255 0
0.2497271 -0.0990344 0.5947803 0 255 0
0.3546120 -0.0235879 0.5322257 0 255 0
-0.2149428 -0.0023414 0.5353164 0 255 0
-0.1786169 0.0026179 0.5209705 0 255 0
0.2552198 0.0106677 0.4967902 0 255 0
-0.2141961 -0.0300858 0.5365930 0 255 0
-0.1349903 -0.0522287 0.4954693 0 255 0
-0.2077728 0.0581914 0.5144526 0 255 0
-0.2227604 0.0425720 0.5156090 0 255 0
-0.2013945 -0.0273646 0.5327101 0 255 0
-0.1626243 -0.0811951 0.5018037 0 255 0
-0.2034503 0.0260823 0.5251091 0 255 0
-0.1717890 -0.0591090 0.5045089 0 255 0
0.3119557 -0.0732580 0.5682875 0 255 0
-0.2055491 -0.0452530 0.5370320 0 255 0
-0.2208424 -0.0480881 0.5405314 0 255 0
0.3355537 -0.0303771 0.5417884 0 255 0
-0.1444752 -0.0356875 0.4921306 0 255 0
-0.1861605 0.0561741 0.5181461 0 255 0
0.2453219 0.0013260 0.4956370 0 255 0
-0.1760484 0.0368682 0.5206059 0 255 0
0.2080275 -0.0519316 0.5156386 0 255 0
-0.1413503 -0.0837240 0.5100267 0 255 0
-0.1125236 -0.0021824 0.4989676 0 255 0
-0.2279449 -0.0176644 0.5423393 0 255 0
-0.2004692 -0.0299165 0.5335745 0 255 0
0.2721506 -0.0431970 0.5273374 0 255 0
0.2737947 -0.0912313 0.5806953 0 255 0
0.2647427 -0.0115200 0.4971581 0 255 0
0.3555777 -0.0210700 0.5318019 0 255 0
0.2891535 0.0343055 0.5010442 0 255 0
-0.2089823 -0.0514768 0.5361398 0 255 0
-0.1520195 -0.0723196 0.5057012 0 255 0
0.3412308 -0.0276727 0.5387071 0 255 0
0.2384961 -0.0402466 0.5058299 0 255 0
0.2677432 0.0542429 0.4795453 0 255 0
-0.1611441 -0.0909714 0.4972363 0 255 0
-0.2031363 -0.0299405 0.5340024 0 255 0
-0.1769714 -0.0047157 0.5197287 0 255 0
0.2992891 -0.0130238 0.5103063 0 255 0
0.2593272 -0.0313916 0.5165846 0 255 0
0.2743777 0.0413824 0.4873313 0 255 0
-0.1339338 -0.0382884 0.4958628 0 255 0
0.3139274 0.0145122 0.5087982 0 255 0
-0.1573470 -0.0649397 0.5037597 0 255 0
0.2843951 -0.0010057 0.4968398 0 255 0
-0.1816933 -0.0190975 0.5124065 0 255 0
0.2334857 -0.0254379 0.4952033 0 255 0
-0.2116791 -0.0313469 0.5365970 0 255 0
-0.1178422 0.0083317 0.4967068 0 255 0
0.3312545 -0.0468439 0.5559114 0 255 0
-0.1011391 -0.0181115 0.5186510 0 255 0
-0.1990286 -0.0010723 0.5297404 0 255 0
0.3261826 -0.0109661 0.5266577 0 255 0
-0.1010635 -0.0010490 0.5182635 0 255 0
-0.1170450 0.0024791 0.4933465 0 255 0
-0.2015218 0.0319459 0.5201316 0 255 0
-0.1345257 0.0160744 0.5206741 0 255 0
-0.1554487 -0.0242139 0.4939706 0 255 0
0.2048329 -0.0284669 0.5077201 0 255 0
0.2028647 0.0385990 0.4674891 0 255 0
0.2711784 0.0510856 0.4816489 0 255 0
0.2218656 -0.0021660 0.4952066 0 255 0
0.2732438 0.0533110 0.4813050 0 255 0
0.3378602 -0.0134632 0.5275224 0 255 0
0.2446067 0.0408041 0.4805219 0 255 0
0.2600889 -0.0258881 0.5039660 0 255 0
0.3558608 -0.0260891 0.5322254 0 255 0
-0.1324773 -0.0404297 0.5081303 0 255 0
-0.1792823 -0.0371566 0.5123894 0 255 0
-0.1743133 0.0261481 0.5264354 0 255 0
0.2883970 -0.0359415 0.5122315 0 255 0
0.2015689 -0.0225366 0.5085037 0 255 0
-0.1360514 -0.0475363 0.4950995 0 255 0
0.2964299 -0.0153979 0.5095088 0 255 0
0.1872296 -0.0698309 0.5621973 0 255 0
0.3496096 -0.0223370 0.5322163 0 255 0
-0.1119383 -0.0733605 0.4813447 0 255 0
0.2518417 0.0559639 0.4750249 0 255 0
-0.1378430 0.0235644 0.5239940 0 255 0
0.1883204 0.0623185 0.4561761 0 255 0
0.2727132 -0.0126791 0.4967997 0 255 0
-0.1382925 -0.0286647 0.4906830 0 255 0
0.2594545 -0.0806118 0.5731016 0 255 0
0.2671615 0.0563738 0.4785035 0 255 0
-0.1054410 -0.0353848 0.5042970 0 255 0
0.2711374 0.0333901 0.4876745 0 255 0
-0.1728036 0.0298118 0.5256011 0 255 0
-0.2465446 0.0477253 0.5468946 0 255 0
0.2498942 0.0486395 0.4798480 0 255 0
0.2375320 -0.0021500 0.4915520 0 255 0
0.1676806 0.0705973 0.4612432 0 255 0
-0.0885872 -0.0746248 0.4896398 0 255 0
0.3054767 -0.0945854 0.5761915 0 255 0
-0.1795368 0.0212335 0.5272627 0 255 0
0.2826980 0.0106051 0.4938749 0 255 0
0.2643484 -0.0045042 0.4964176 0 255 0
-0.0877962 -0.0514596 0.5494069 0 255 0
-0.2410738 0.0213135 0.5292488 0 255 0
0.2668817 -0.0705107 0.5469757 0 255 0
-0.1649418 -0.0627631 0.5052956 0 255 0
-0.0619020 -0.0495676 0.5162558 0 255 0
-0.0915578 -0.0662263 0.4871037 0 255 0
0.2765673 -0.0627863 0.5358956 0 255 0
0.2800345 -0.0432678 0.5282022 0 255 0
0.2300396 -0.0314202 0.4978056 0 255 0
-0.0744311 -0.0672781 0.4948403 0 255 0
0.2573579 0.0071603 0.4964167 0 255 0
0.3105778 0.0156593 0.5072279 0 255 0
0.1970609 0.0489595 0.4616036 0 255 0
-0.1615959 0.0378542 0.5173628 0 255 0
-0.1483954 -0.0622885 0.5014753 0 255 0
-0.2047951 0.0608003 0.5160761 0 255 0
0.2729869 -0.1016548 0.5937591 0 255 0
-0.1263978 -0.0480019 0.5124907 0 255 0
0.2555322 0.0497685 0.4798617 0 255 0
0.2542663 0.0187686 0.4949343 0 255 0
-0.1791446 0.0391903 0.5189574 0 255 0
0.3314946 -0.0059781 0.5233363 0 255 0
0.2151736 -0.0115523 0.4985504 0 255 0
-0.1681541 -0.0080731 0.5007362 0 255 0
0.2210721 0.0483882 0.4665529 0 255 0
0.2768557 -0.0868966 0.5701599 0 255 0
-0.2129193 0.0376974 0.5152202 0 255 0
-0.2379413 0.0053269 0.5477718 0 255 0
0.2394112 0.0345822 0.4883260 0 255 0
-0.1620941 0.0187419 0.5268753 0 255 0
0.2971479 -0.0940890 0.5731676 0 255 0
0.2741078 0.0468662 0.4848311 0 255 0
-0.1041120 -0.0688901 0.4817202 0 255 0
0.2046442 0.0083626 0.4985520 0 255 0
-0.0959611 -0.0010736 0.5303973 0 255 0
0.2882067 0.0141293 0.4953746 0 255 0
-0.1398423 -0.0621486 0.5003486 0 255 0
0.2373300 0.0503789 0.4749863 0 255 0
-0.2040576 -0.0286392 0.5331351 0 255 0
0.2280112 -0.0266408 0.4959348 0 255 0
-0.1420654 -0.0217956 0.4917849 0 255 0
-0.1153365 -0.0317397 0.5223121 0 255 0
0.3527986 -0.0316003 0.5409361 0 255 0
-0.1877744 -0.0601054 0.5029273 0 255 0
-0.1278285 -0.0809094 0.4859252 0 255 0
-0.1759414 -0.0761262 0.4994910 0 255 0
0.2860518 -0.0236126 0.5059572 0 255 0
-0.1199264 0.0144179 0.5054918 0 255 0
0.1849469 -0.0750085 0.5714508 0 255 0
-0.1288030 -0.0443892 0.5124899 0 255 0
-0.1912737 0.0138434 0.5289229 0 255 0
-0.2111281 0.0052357 0.5384032 0 255 0
-0.1125243 0.0001625 0.4989705 0 255 0
0.2247745 0.0329688 0.4815210 0 255 0
0.2439810 0.0129628 0.4952762 0 255 0
0.1882444 0.0310176 0.4864086 0 255 0
-0.2274285 -0.0087731 0.5441490 0 255 0
0.2049885 -0.0332642 0.5081059 0 255 0
0.2782598 0.0036448 0.4942266 0 255 0
0.3365817 0.0026216 0.5217029 0 255 0
-0.0997642 -0.0217333 0.5178325 0 255 0
-0.1617330 -0.0091524 0.4954653 0 255 0
-0.1421950 -0.0021706 0.4962653 0 255 0
-0.2518810 0.0027365 0.5445579 0 255 0
-0.1747691 0.0551323 0.5315794 0 255 0
-0.1569835 0.0220849 0.5181692 0 255 0
-0.1116480 0.0155803 0.5462462 0 255 0
-0.1482810 -0.0079527 0.4932649 0 255 0
-0.1886646 0.0051065 0.5251156 0 255 0
0.2352012 -0.0513690 0.5222362 0 255 0
0.2877067 0.0573350 0.4866628 0 255 0
-0.1926642 0.0001713 0.5259415 0 255 0
0.1896209 -0.0709004 0.5499989 0 255 0
-0.1843611 0.0462876 0.5165114 0 255 0
0.2773833 -0.0115120 0.4968114 0 255 0
0.2543800 0.0397926 0.4819461 0 255 0
-0.1636991 -0.0257608 0.5014884 0 255 0
-0.1291922 0.0013139 0.4911094 0 255 0
-0.1444885 -0.0894360 0.5084337 0 255 0
-0.2115654 -0.0136065 0.5331372 0 255 0
0.1741747 0.0575914 0.4612413 0 255 0
-0.1445586 -0.1028168 0.4924147 0 255 0
0.1844899 0.0531097 0.4599716 0 255 0
-0.2045547 -0.0299647 0.5344338 0 255 0
0.2361995 -0.0428532 0.5085530 0 255 0
-0.1557979 -0.0895865 0.5025762 0 255 0
0.2796301 0.0024854 0.4945987 0 255 0
0.2252138 0.0437106 0.4752937 0 255 0
-0.1805612 -0.0576999 0.5025613 0 255 0
0.1906520 0.0407650 0.4671352 0 255 0
-0.1373643 -0.0709177 0.5041828 0 255 0
-0.2118508 -0.0338961 0.5370322 0 255 0
-0.2190564 -0.0174631 0.5361599 0 255 0
0.1930070 0.0613751 0.4571337 0 255 0
-0.1570499 -0.0976128 0.4953645 0 255 0
0.2049787 0.0343756 0.4698197 0 255 0
-0.1799108 0.0285302 0.5247445 0 255 0
-0.2033004 -0.0576153 0.5123097 0 255 0
0.1940801 0.0427495 0.4648428 0 255 0
-0.1265809 -0.0351402 0.5181636 0 255 0
0.2504031 0.0210627 0.4941871 0 255 0
0.1923206 0.0510208 0.4606287 0 255 0
-0.1141692 -0.0103265 0.4959424 0 255 0
0.2348263 -0.0242928 0.4955798 0 255 0
-0.1530128 -0.0346337 0.4935919 0 255 0
0.2358500 -0.0009927 0.4904530 0 255 0
0.2472402 -0.0690567 0.5666850 0 255 0
0.2072974 -0.0176354 0.5050159 0 255 0
-0.1347376 -0.0654775 0.4988388 0 255 0
0.3081912 0.0120835 0.5072182 0 255 0
0.2510364 0.0301499 0.4908898 0 255 0
0.2842457 -0.0360248 0.5134186 0 255 0
-0.1515206 -0.0171986 0.4925070 0 255 0
-0.1807098 0.0309222 0.5234915 0 255 0
-0.1508091 -0.0381417 0.4939621 0 255 0
0.3265757 -0.0251808 0.5395594 0 255 0
-0.1987171 0.0175715 0.5289112 0 255 0
0.1909222 0.0397236 0.4677973 0 255 0
-0.2341953 -0.0087874 0.5450374 0 255 0
-0.2117366 -0.0148712 0.5335684 0 255 0
0.2526564 -0.0103826 0.4986340 0 255 0
0.2525477 -0.0578283 0.5251760 0 255 0
-0.2322109 0.0115415 0.5374834 0 255 0
0.1772384 0.0494741 0.4664558 0 255 0
0.1877212 -0.0665934 0.5800228 0 255 0
-0.1708766 -0.0309212 0.5088435 0 255 0
0.3374462 -0.0524227 0.5596894 0 255 0
0.2019274 -0.0335481 0.5124419 0 255 0
-0.1165398 -0.0711491 0.4816876 0 255 0
0.3499305 -0.0275613 0.5365385 0 255 0
-0.1723335 -0.0236196 0.5061080 0 255 0
-0.1083937 -0.0687376 0.4806541 0 255 0
-0.2507687 0.0213989 0.5313689 0 255 0
-0.1781508 -0.0713773 0.4991124 0 255 0
-0.1758735 0.0550875 0.5311472 0 255 0
0.2093125 -0.0650316 0.5441464 0 255 0
-0.1171274 -0.0160800 0.4936938 0 255 0
0.3372691 -0.0290328 0.5404621 0 255 0
-0.2421204 0.0225389 0.5288218 0 255 0
0.1925003 -0.0836112 0.5660571 0 255 0
0.2708440 0.0244027 0.4912942 0 255 0
0.2408924 0.0377181 0.4843911 0 255 0
0.2131535 -0.0127429 0.4992997 0 255 0
-0.1810102 0.0427139 0.5173276 0 255 0
-0.1130962 -0.0142747 0.5121666 0 255 0
-0.1397594 -0.0194848 0.4917928 0 255 0
0.2963772 -0.0911584 0.5716810 0 255 0
-0.0981658 -0.0520954 0.5425832 0 255 0
-0.1845226 -0.0312095 0.5135871 0 255 0
-0.1176552 0.0107554 0.5008731 0 255 0
-0.2439531 0.0001781 0.5468397 0 255 0
0.2293126 -0.0160810 0.4937250 0 255 0
-0.1119490 0.0025208 0.5016398 0 255 0
-0.0929931 -0.0582566 0.5074104 0 255 0
-0.1931356 0.0199933 0.5272285 0 255 0
0.2520664 -0.0777140 0.5715976 0 255 0
-0.1923363 -0.0711187 0.5056114 0 255 0
0.2131566 -0.0068769 0.4993069 0 255 0
0.2246514 0.0116406 0.4886271 0 255 0
0.2715038 0.0152693 0.4945967 0 255 0
-0.1361456 -0.0774946 0.5084695 0 255 0
-0.1311076 -0.0359320 0.5120960 0 255 0
0.2634649 -0.0919695 0.5942827 0 255 0
-0.2399975 0.0091198 0.5436931 0 255 0
0.3356980 -0.0399103 0.5503631 0 255 0
-0.2439546 0.0027479 0.5468429 0 255 0
0.2426903 -0.0401549 0.5046776 0 255 0
-0.1648310 0.0224919 0.5277201 0 255 0
-0.1420713 -0.0476068 0.4958334 0 255 0
0.2414321 -0.0998877 0.5915564 0 255 0
-0.1505482 0.0135300 0.5169500 0 255 0
0.1930053 0.0581522 0.4571297 0 255 0
0.2011460 -0.0635935 0.5427854 0 255 0
0.2736069 -0.0686582 0.5424939 0 255 0
-0.1685116 -0.0729409 0.5018010 0 255 0
-0.1220056 -0.0044461 0.4900197 0 255 0
0.1710608 0.0665553 0.4558283 0 255 0
-0.1399386 -0.1039757 0.4924234 0 255 0
-0.1124380 -0.0033523 0.4985878 0 255 0
-0.2018802 -0.0655805 0.5087308 0 255 0
0.2543618 0.0365552 0.4840637 0 255 0
0.3272505 -0.0331123 0.5448998 0 255 0
-0.2345790 -0.0164986 0.5459304 0 255 0
-0.1998291 0.0343092 0.5189058 0 255 0
0.2438691 0.0256303 0.4927018 0 255 0
-0.1889482 -0.0719204 0.5029101 0 255 0
-0.1728031 0.0285767 0.5255996 0 255 0
0.2148904 0.0059792 0.4952014 0 255 0
0.2676021 -0.0259284 0.5047523 0 255 0
-0.0961751 -0.0549630 0.5457376 0 255 0
-0.1229714 -0.0055892 0.4892867 0 255 0
0.2907515 -0.0924193 0.5711718 0 255 0
0.2552374 0.0187546 0.4945653 0 255 0
-0.1398548 0.0222619 0.5223224 0 255 0
0.1972578 0.0231370 0.4889436 0 255 0
-0.1879974 0.0523558 0.5165109 0 255 0
0.2339320 -0.1086129 0.5936618 0 255 0
0.2177588 -0.0902691 0.5661042 0 255 0
-0.1300891 -0.0547560 0.5081177 0 255 0
0.3261630 -0.0538267 0.5606145 0 255 0
0.2863431 -0.0385578 0.5150238 0 255 0
-0.1177573 -0.0666710 0.4820439 0 255 0
-0.1547458 -0.0475682 0.4954316 0 255 0
0.3022766 -0.0886280 0.5726905 0 255 0
-0.1399658 0.0286723 0.5273589 0 255 0
0.2608554 0.0048275 0.4964215 0 255 0
0.2329194 0.0543345 0.4705796 0 255 0
0.3231954 -0.0345058 0.5466929 0 255 0
-0.1970633 0.0437201 0.5148614 0 255 0
0.2745765 0.0129257 0.4938600 0 255 0
-0.1333672 -0.0595276 0.4980929 0 255 0
0.2509416 -0.0777811 0.5720913 0 255 0
-0.1011137 -0.0492262 0.5004524 0 255 0
0.1895221 0.0602163 0.4564919 0 255 0
-0.1094163 -0.0105414 0.5062625 0 255 0
-0.2002696 -0.0035617 0.5297346 0 255 0
0.2127979 0.0493430 0.4652198 0 255 0
0.1931810 -0.0592776 0.5383381 0 255 0
-0.1604137 -0.0987006 0.4949825 0 255 0
-0.2405092 0.0040397 0.5477645 0 255 0
0.2596543 -0.0767844 0.5647600 0 255 0
0.1963594 -0.0900926 0.5734473 0 255 0
-0.1556273 0.0025814 0.5136925 0 255 0
-0.1796972 -0.0481035 0.5135752 0 255 0
0.2215600 -0.0848776 0.5656332 0 255 0
-0.1757310 0.0537958 0.5307170 0 255 0
-0.1518543 -0.0369533 0.4935916 0 255 0
-0.1006495 -0.0643171 0.4813807 0 255 0
-0.0933207 -0.0072933 0.5295410 0 255 0
-0.1439914 -0.0537144 0.4984520 0 255 0
-0.0607102 -0.0545619 0.5063162 0 255 0
-0.0852061 -0.0677743 0.4900207 0 255 0
0.2637262 -0.1094135 0.5980377 0 255 0
0.2847646 -0.0519142 0.5277792 0 255 0
-0.2044740 0.0582835 0.5152669 0 255 0
-0.1433285 -0.0148735 0.4921590 0 255 0
-0.1290850 -0.0298188 0.4907019 0 255 0
0.3011452 0.0190150 0.5014322 0 255 0
-0.1214022 0.0082567 0.4922358 0 255 0
0.1982472 0.0096211 0.5031026 0 255 0
-0.2326081 0.0014643 0.5473221 0 255 0
-0.1029314 0.0077064 0.5342722 0 255 0
0.3135374 -0.0594460 0.5639361 0 255 0
-0.1281341 -0.0158648 0.4870871 0 255 0
0.2183413 -0.0820077 0.5641765 0 255 0
-0.1125346 -0.0882870 0.4888418 0 255 0
0.2348242 -0.0416260 0.5081595 0 255 0
0.2114961 -0.0506812 0.5152447 0 255 0
0.2057989 0.0636733 0.4742506 0 255 0
-0.1013713 -0.0793396 0.4903364 0 255 0
0.2245500 0.0455831 0.4715571 0 255 0
-0.1435184 -0.0883787 0.5092254 0 255 0
-0.1908359 0.0609312 0.5277121 0 255 0
0.3124913 -0.0787343 0.5692633 0 255 0
0.2091678 0.0036740 0.4981794 0 255 0
-0.2237374 0.0165265 0.5353177 0 255 0
0.2060836 -0.0588164 0.5229893 0 255 0
-0.1024507 -0.0738500 0.4845565 0 255 0
-0.2029133 -0.0122844 0.5301455 0 255 0
0.3182858 0.0158056 0.5119674 0 255 0
-0.1128681 0.0048671 0.5004950 0 255 0
-0.1416585 -0.0079709 0.4943927 0 255 0
-0.1359627 0.0173252 0.5214987 0 255 0
0.2471247 -0.0778476 0.5725800 0 255 0
-0.2157069 0.0520225 0.5132219 0 255 0
-0.2272837 -0.0023919 0.5468733 0 255 0
-0.2029987 0.0342276 0.5176722 0 255 0
-0.1072697 -0.0563162 0.4806720 0 255 0
0.1950187 0.0602596 0.4568201 0 255 0
0.1864997 -0.0718877 0.5680112 0 255 0
-0.1303024 -0.0753121 0.4866465 0 255 0
-0.0776794 -0.0705523 0.4933437 0 255 0
-0.1641392 0.0062512 0.5177256 0 255 0
0.3026411 -0.0689530 0.5658336 0 255 0
0.2432970 -0.0859920 0.5730595 0 255 0
0.2189510 0.0193761 0.4811403 0 255 0
-0.1611078 0.0467688 0.5359339 0 255 0
0.2076923 -0.0081113 0.5031014 0 255 0
-0.1387886 -0.0900945 0.4924431 0 255 0
-0.1178792 -0.0329925 0.5227161 0 255 0
-0.0690950 -0.0607151 0.4982327 0 255 0
0.3243285 -0.0412359 0.5507962 0 255 0
-0.1798716 -0.0621850 0.5006419 0 255 0
0.1916014 0.0376587 0.4694613 0 255 0
-0.1568410 -0.0288996 0.4947055 0 255 0
0.1878600 -0.0668560 0.5486258 0 255 0
0.2511069 -0.0068572 0.4978821 0 255 0
0.1752207 0.0632990 0.4555185 0 255 0
-0.2444048 0.0250039 0.5283944 0 255 0
-0.1540641 -0.0021903 0.5007744 0 255 0
0.2650159 0.0333399 0.4869412 0 255 0
-0.0536232 -0.0581771 0.5067174 0 255 0
-0.1165648 -0.0206944 0.5223231 0 255 0
-0.1884327 -0.0252149 0.5143903 0 255 0
-0.1142447 -0.0489823 0.4863543 0 255 0
0.1978475 -0.0895479 0.5699804 0 255 0
0.2827194 0.0407806 0.4939122 0 255 0
0.2538925 -0.0359921 0.5129527 0 255 0
-0.1803411 -0.0083659 0.5188958 0 255 0
0.1999546 -0.0721955 0.5500200 0 255 0
0.2309447 -0.0079366 0.4922643 0 255 0
-0.1422855 -0.0488454 0.4965808 0 255 0
0.2434363 0.0199008 0.4941704 0 255 0
-0.1083717 -0.0797159 0.4856104 0 255 0
-0.1508222 -0.0044823 0.4940052 0 255 0
0.2662555 -0.0947628 0.5942853 0 255 0
0.2926781 -0.0854884 0.5697035 0 255 0
0.2609046 -0.0990385 0.5948048 0 255 0
0.2304718 -0.0172411 0.4937261 0 255 0
-0.1040684 -0.0461021 0.4922077 0 255 0
-0.1320007 -0.0346477 0.5109012 0 255 0
-0.0998454 -0.0107911 0.5182540 0 255 0
0.2241455 -0.0462026 0.5193380 0 255 0
0.3286401 -0.0468432 0.5559028 0 255 0
0.2188687 -0.0033370 0.4963169 0 255 0
-0.1199520 -0.0292150 0.5210627 0 255 0
-0.1200461 -0.0316886 0.5214714 0 255 0
-0.1340988 0.0049572 0.5097610 0 255 0
-0.1764747 0.0528987 0.5218666 0 255 0
-0.0826834 -0.0568982 0.4955785 0 255 0
-0.1067057 -0.0354118 0.5046814 0 255 0
0.2967029 0.0130837 0.4998957 0 255 0
-0.1236190 -0.0279903 0.5210562 0 255 0
0.3182619 -0.0498737 0.5606021 0 255 0
-0.1543090 0.0196189 0.5173562 0 255 0
-0.1761159 -0.0589720 0.5033397 0 255 0
-0.1926685 0.0126106 0.5293445 0 255 0
-0.2028631 -0.0489987 0.5365945 0 255 0
-0.1326045 -0.0192835 0.4867123 0 255 0
-0.1934433 0.0320231 0.5213879 0 255 0
0.1878310 -0.0785603 0.5680059 0 255 0
0.3092703 -0.0904467 0.5757017 0 255 0
-0.1912743 0.0150863 0.5289245 0 255 0
-0.1631971 0.0137785 0.5264446 0 255 0
-0.1976453 -0.0311200 0.5327137 0 255 0
-0.1472162 -0.0860514 0.5096152 0 255 0
0.3220306 -0.0264914 0.5404319 0 255 0
0.2262964 -0.0740573 0.5642037 0 255 0
0.2462709 -0.0722155 0.5706017 0 255 0
0.2143325 -0.0370182 0.5104803 0 255 0
0.2705136 -0.0704536 0.5465330 0 255 0
0.2324973 -0.0442522 0.5109080 0 255 0
0.2099575 -0.0045372 0.5000603 0 255 0
0.2148864 0.0434269 0.4722085 0 255 0
0.2138908 0.0493433 0.4652222 0 255 0
0.2225231 -0.0231794 0.4966742 0 255 0
-0.1578906 -0.0079703 0.4943570 0 255 0
0.2349268 0.0469959 0.4746351 0 255 0
-0.1173982 0.0059748 0.4948355 0 255 0
0.2050369 0.0088867 0.5297990 0 255 0
-0.1148020 -0.0473980 0.4936587 0 255 0
-0.1540295 -0.0944072 0.4968715 0 255 0
0.3319093 -0.0426739 0.5526572 0 255 0
0.2233550 -0.0196488 0.4959332 0 255 0
-0.1721763 -0.0659167 0.5021853 0 255 0
-0.1583988 -0.0861754 0.5033450 0 255 0
0.2144852 -0.0197970 0.4996724 0 255 0
-0.1698103 -0.0417135 0.5092269 0 255 0
-0.0939116 -0.0708555 0.4874540 0 255 0
-0.2018294 -0.0197743 0.5305669 0 255 0
0.3213561 -0.0035019 0.5208384 0 255 0
0.2126773 0.0013328 0.4981842 0 255 0
-0.1696925 -0.0888335 0.4983520 0 255 0
-0.1175082 -0.0267667 0.5210712 0 255 0
-0.0644676 -0.0642767 0.4986164 0 255 0
-0.0543358 -0.0492983 0.5134508 0 255 0
0.2094209 -0.0901114 0.5651149 0 255 0
-0.1532407 -0.0393314 0.4943269 0 255 0
0.2164611 0.0435207 0.4732284 0 255 0
0.3349445 -0.0147378 0.5287827 0 255 0
-0.1801251 0.0050743 0.5217978 0 255 0
0.2279260 0.0116321 0.4882725 0 255 0
0.1773611 0.0643702 0.4555246 0 255 0
-0.1375209 -0.0546387 0.4962091 0 255 0
0.2389694 -0.0547903 0.5197693 0 255 0
0.2011142 0.0001652 0.5073566 0 255 0
-0.2506379 0.0052695 0.5418702 0 255 0
0.2882823 -0.1087797 0.5796837 0 255 0
-0.2007910 -0.0387550 0.5344312 0 255 0
0.2590418 -0.1078110 0.5969456 0 255 0
-0.1832523 -0.0656626 0.5002487 0 255 0
-0.0692005 -0.0572902 0.4989931 0 255 0
0.3125049 0.0049823 0.5123389 0 255 0
-0.1485278 -0.0825233 0.5100123 0 255 0
0.1750304 0.0535179 0.4635075 0 255 0
-0.1580775 0.0305842 0.5177691 0 255 0
0.3519479 -0.0135288 0.5300944 0 255 0
0.2863984 0.0164203 0.4942602 0 255 0
0.3252457 -0.0225529 0.5373620 0 255 0
-0.1865875 -0.0766472 0.5029094 0 255 0
0.1991055 -0.0521877 0.5305594 0 255 0
-0.0841815 -0.0701817 0.4907517 0 255 0
-0.1954647 0.0101391 0.5301898 0 255 0
0.3100888 -0.0678001 0.5673121 0 255 0
-0.2344517 0.0392743 0.5200698 0 255 0
0.2340773 -0.0326643 0.4989416 0 255 0
0.3134781 0.0025826 0.5139344 0 255 0
0.1685522 0.0765130 0.4577309 0 255 0
0.1918743 0.0366076 0.4701300 0 255 0
0.2241796 0.0024755 0.4926301 0 255 0
-0.1270621 -0.0880193 0.4873599 0 255 0
-0.1784191 -0.0773576 0.4998642 0 255 0
0.2537405 -0.0608782 0.5302443 0 255 0
-0.1570696 -0.0475677 0.4954265 0 255 0
0.2568183 0.0344575 0.4865656 0 255 0
-0.1274090 -0.0582030 0.5069434 0 255 0
0.2711244 0.0553707 0.4795541 0 255 0
0.2852979 -0.0284112 0.5067270 0 255 0
0.2005498 -0.0838632 0.5588729 0 255 0
0.2228573 -0.0267206 0.4974200 0 255 0
-0.1818639 0.0212163 0.5268348 0 255 0
-0.1730434 0.0001690 0.5189224 0 255 0
-0.1960623 0.0260831 0.5251253 0 255 0
-0.2212271 0.0165266 0.5353232 0 255 0
-0.1458127 0.0123252 0.5173658 0 255 0
-0.1989220 -0.0561936 0.5103304 0 255 0
-0.1070014 -0.0298960 0.5117604 0 255 0
0.2560227 -0.0918014 0.5931964 0 255 0
-0.1190913 0.0001603 0.4922334 0 255 0
0.2780344 -0.0331006 0.5244297 0 255 0
-0.1890573 0.0462503 0.5160953 0 255 0
0.2231937 -0.0279315 0.4981711 0 255 0
0.2511136 -0.0577819 0.5247549 0 255 0
-0.2098393 -0.0491580 0.5383385 0 255 0
-0.1057190 -0.0286714 0.5113665 0 255 0
-0.1366852 -0.0010068 0.4974056 0 255 0
0.2245099 -0.1040392 0.5836551 0 255 0
0.2349374 -0.0137509 0.4933708 0 255 0
-0.1144369 0.0120890 0.5074519 0 255 0
0.2674463 -0.0571441 0.5302789 0 255 0
-0.1844572 0.0563969 0.5202010 0 255 0
0.2876399 -0.0372027 0.5130252 0 255 0
0.2389508 -0.0149439 0.4944880 0 255 0
0.2651315 0.0498795 0.4809321 0 255 0
-0.1105713 -0.0562742 0.4803135 0 255 0
0.2246661 0.0047764 0.4911662 0 255 0
-0.1819717 -0.0311854 0.5131915 0 255 0
0.2654971 0.0199028 0.4942187 0 255 0
-0.2008410 -0.0519328 0.5279685 0 255 0
-0.1158386 -0.0566451 0.4834790 0 255 0
-0.1691423 0.0391303 0.5181636 0 255 0
-0.1256431 0.0024661 0.4907520 0 255 0
0.3325500 -0.0160444 0.5309034 0 255 0
0.2883558 0.0317337 0.4976383 0 255 0
-0.0446620 -0.0576998 0.5130610 0 255 0
0.3292315 -0.0399093 0.5503489 0 255 0
0.3428987 -0.0357045 0.5453813 0 255 0
-0.1833891 0.0138105 0.5276658 0 255 0
0.2041817 0.0106814 0.4974254 0 255 0
0.1698443 0.0640940 0.4612399 0 255 0
-0.1957165 0.0366618 0.5176912 0 255 0
0.2313197 0.0564251 0.4695739 0 255 0
0.2057201 -0.0741705 0.5551286 0 255 0
0.2170143 -0.0859835 0.5641687 0 255 0
-0.1369939 0.0086580 0.5161617 0 255 0
-0.1009811 -0.0497581 0.4940572 0 255 0
0.3483411 -0.0097607 0.5283974 0 255 0
-0.1964998 -0.0665710 0.5071698 0 255 0
-0.0985520 -0.0107827 0.5178487 0 255 0
0.2811178 0.0129067 0.4931360 0 255 0
-0.1397506 0.0013606 0.5085608 0 255 0
0.2065760 -0.0431471 0.5120407 0 255 0
0.1842859 -0.0627253 0.5820705 0 255 0
-0.2064917 0.0200889 0.5297502 0 255 0
-0.1293713 -0.0193124 0.4874413 0 255 0
0.2760847 -0.0185858 0.4986778 0 255 0
-0.1590920 -0.0859118 0.5018057 0 255 0
-0.1141169 -0.0482682 0.4907130 0 255 0
-0.1701026 -0.0152019 0.5030233 0 255 0
0.2554064 0.0013301 0.4971536 0 255 0
-0.1491897 -0.0685452 0.5041597 0 255 0
0.2150152 0.0512770 0.4629417 0 255 0
0.2699983 -0.0305623 0.5231670 0 255 0
0.2166455 -0.0805438 0.5632099 0 255 0
-0.2241018 0.0152935 0.5361894 0 255 0
0.2141628 -0.0150779 0.4989211 0 255 0
0.1970506 0.0283563 0.4800526 0 255 0
0.2511933 -0.0259465 0.5051044 0 255 0
-0.0898479 -0.0562933 0.5462034 0 255 0
0.2013026 -0.0298431 0.5108563 0 255 0
-0.0929088 -0.0583448 0.4881958 0 255 0
-0.1321234 -0.0883444 0.4891600 0 255 0
-0.1512614 -0.0440769 0.4954436 0 255 0
0.2221971 -0.0068306 0.4959465 0 255 0
0.2877774 -0.0397992 0.5154279 0 255 0
-0.2336294 0.0225579 0.5292668 0 255 0
0.2466070 0.0301718 0.4912457 0 255 0
0.2540982 0.0267693 0.4923579 0 255 0
0.2238167 -0.0577293 0.5242777 0 255 0
-0.1485082 -0.0635152 0.5018567 0 255 0
0.2426669 -0.0790540 0.5715753 0 255 0
0.2441129 -0.0521435 0.5177427 0 255 0
0.3122657 0.0229344 0.5099847 0 255 0
0.1997793 0.0301736 0.4731739 0 255 0
0.3368794 -0.0371692 0.5480824 0 255 0
-0.1740674 -0.0406739 0.5112002 0 255 0
0.2237496 -0.1077350 0.5888638 0 255 0
0.2223561 -0.0219958 0.4963014 0 255 0
0.2340901 -0.0462410 0.5197692 0 255 0
-0.2221083 -0.0288712 0.5374555 0 255 0
0.2149660 0.0237079 0.4773064 0 255 0
0.2182136 -0.0547855 0.5197239 0 255 0
-0.0981819 -0.0341964 0.5223452 0 255 0
-0.1762035 -0.0891692 0.5002351 0 255 0
-0.1605705 -0.0103166 0.4954665 0 255 0
0.2673679 -0.0380882 0.5252356 0 255 0
-0.1712546 -0.0796481 0.4994970 0 255 0
0.2570021 0.0323377 0.4890884 0 255 0
-0.1601109 0.0455838 0.5368086 0 255 0
-0.2226486 -0.0403351 0.5387629 0 255 0
0.2349280 0.0378561 0.4861632 0 255 0
0.2567645 -0.0045142 0.4975244 0 255 0
-0.1860165 -0.0336753 0.5143851 0 255 0
0.3437856 -0.0134528 0.5271167 0 255 0
-0.1987049 -0.0085269 0.5288788 0 255 0
-0.2019919 -0.0210380 0.5309939 0 255 0
-0.1113777 -0.0794215 0.4838165 0 255 0
-0.1661292 -0.0568270 0.5053004 0 255 0
-0.1211746 -0.0279906 0.5210616 0 255 0
0.1812230 0.0433270 0.4711226 0 255 0
0.3068314 -0.0932322 0.5761961 0 255 0
-0.1921890 -0.0698771 0.5052243 0 255 0
0.3426595 -0.0211199 0.5330626 0 255 0
-0.1760221 0.0499700 0.5169406 0 255 0
0.2732317 -0.0737558 0.5520247 0 255 0
-0.1543915 -0.0723188 0.5056960 0 255 0
-0.1769719 -0.0034945 0.5197302 0 255 0
-0.1565176 -0.0852549 0.5048978 0 255 0
0.2682525 0.0367462 0.4865934 0 255 0
-0.1127406 -0.0618705 0.4799510 0 255 0
0.2061118 -0.0164487 0.5050147 0 255 0
-0.1555054 0.0013732 0.5132900 0 255 0
-0.1367346 -0.0274302 0.4892294 0 255 0
-0.1079815 -0.0022093 0.5051090 0 255 0
-0.1802845 -0.0599696 0.5017912 0 255 0
0.3002393 -0.0703420 0.5663127 0 255 0
0.2445464 0.0387149 0.4826284 0 255 0
0.3320333 0.0111323 0.5184245 0 255 0
0.1665997 0.0760170 0.4612475 0 255 0
-0.1804865 -0.0311370 0.5123942 0 255 0
-0.1240441 -0.0761193 0.4845062 0 255 0
0.3191232 -0.0034908 0.5191941 0 255 0
0.2522789 -0.0033476 0.4978890 0 255 0
-0.1923536 -0.0059982 0.5250937 0 255 0
-0.1496070 -0.0848533 0.5096114 0 255 0
-0.1926674 0.0101229 0.5293415 0 255 0
-0.1459669 -0.0091118 0.4932685 0 255 0
-0.1422847 0.0135518 0.5177827 0 255 0
-0.2439524 -0.0011069 0.5468382 0 255 0
-0.2195737 -0.0506283 0.5405310 0 255 0
-0.1782457 0.0100106 0.5234710 0 255 0
-0.0814824 -0.0571041 0.5417193 0 255 0
0.2324166 0.0438068 0.4763392 0 255 0
-0.2190557 -0.0187229 0.5361583 0 255 0
-0.1046243 -0.0168660 0.5178278 0 255 0
0.2421799 -0.0184990 0.4963492 0 255 0
-0.0624591 -0.0657979 0.5012801 0 255 0
0.2799071 -0.0546552 0.5303094 0 255 0
0.2178676 -0.0021724 0.4966900 0 255 0
-0.1832512 -0.0471912 0.5168000 0 255 0
0.2409472 0.0450580 0.4777379 0 255 0
-0.0832780 -0.0738613 0.4922190 0 255 0
-0.2388734 0.0249442 0.5271341 0 255 0
-0.1265098 -0.0009911 0.4896491 0 255 0
0.2241320 -0.1058792 0.5862493 0 255 0
0.3385213 -0.0467664 0.5549918 0 255 0
0.3072200 0.0037579 0.5095562 0 255 0
0.2148661 0.0545026 0.4626207 0 255 0
0.1884928 0.0289452 0.4900218 0 255 0
0.2897512 -0.0840764 0.5692068 0 255 0
0.2836988 -0.1058681 0.5786593 0 255 0
-0.2153613 0.0225960 0.5301614 0 255 0
-0.2072845 0.0544366 0.5132434 0 255 0
0.2490027 -0.1035063 0.5963885 0 255 0
0.2844448 -0.0333528 0.5094590 0 255 0
0.3141718 0.0169164 0.5091943 0 255 0
0.2874707 0.0083217 0.4961108 0 255 0
-0.1307825 -0.0870667 0.4884398 0 255 0
-0.0853343 -0.0632636 0.4907577 0 255 0
-0.1208992 -0.0854151 0.4855758 0 255 0
0.2970349 -0.1030640 0.5781843 0 255 0
-0.1722549 0.0187712 0.5276992 0 255 0
-0.0674739 -0.0542678 0.5035870 0 255 0
0.1957384 -0.0677525 0.5454648 0 255 0
0.3046101 0.0049323 0.5072016 0 255 0
-0.1727060 -0.0613850 0.5037302 0 255 0
-0.2391553 0.0322472 0.5250370 0 255 0
-0.1342066 0.0148157 0.5194388 0 255 0
-0.2065596 -0.0248809 0.5331342 0 255 0
0.2515967 -0.0793320 0.5735848 0 255 0
-0.1515294 -0.0798161 0.5080369 0 255 0
0.2089802 -0.0455536 0.5120429 0 255 0
0.1946201 0.0499738 0.4609543 0 255 0
0.2614380 -0.0080215 0.4975303 0 255 0
0.2297331 -0.0769729 0.5661470 0 255 0
0.2695788 0.0071446 0.4953251 0 255 0
-0.2431646 0.0225207 0.5283940 0 255 0
-0.1555205 0.0147560 0.5173475 0 255 0
-0.2073113 -0.0123240 0.5318530 0 255 0
-0.1902658 0.0426116 0.5160882 0 255 0
0.2088185 -0.0443161 0.5116466 0 255 0
-0.1409084 -0.0476070 0.4958359 0 255 0
-0.2053837 -0.0401731 0.5365999 0 255 0
0.2566028 0.0256318 0.4927297 0 255 0
-0.1949685 -0.0134115 0.5254988 0 255 0
-0.0941375 -0.0108341 0.5203174 0 255 0
0.3031277 -0.0800688 0.5692410 0 255 0
-0.1300568 -0.0678228 0.4988462 0 255 0
0.1966567 0.0132996 0.5081452 0 255 0
-0.1197647 -0.0206122 0.5202489 0 255 0
0.1815498 -0.0681947 0.5820577 0 255 0
-0.1218592 -0.0818716 0.4848614 0 255 0
-0.1818335 -0.0227271 0.5128016 0 255 0
-0.1756532 -0.0225517 0.5088434 0 255 0
-0.2148899 -0.0584789 0.5199886 0 255 0
-0.1322996 -0.0584020 0.4984745 0 255 0
0.3403804 0.0014013 0.5237802 0 255 0
0.1739537 0.0538581 0.4664539 0 255 0
-0.1675752 -0.0485912 0.5060860 0 255 0
0.2527475 -0.1033207 0.5953191 0 255 0
-0.0471441 -0.0493384 0.5138677 0 255 0
0.2934732 0.0270976 0.4983956 0 255 0
-0.1166006 -0.0890364 0.4866596 0 255 0
0.2380788 0.0209986 0.4926834 0 255 0
-0.1979439 0.0633079 0.5268531 0 255 0
0.2096963 -0.0406468 0.5108598 0 255 0
0.2099884 -0.0247932 0.5057879 0 255 0
-0.1490971 -0.0218113 0.4921377 0 255 0
0.2775137 -0.0283450 0.5055448 0 255 0
0.2046467 -0.0456592 0.5132295 0 255 0
-0.2338528 0.0102953 0.5383595 0 255 0
-0.1884310 -0.0288406 0.5143858 0 255 0
-0.1190435 0.0182989 0.5508074 0 255 0
-0.2008428 -0.0656317 0.5091275 0 255 0
0.3434820 -0.0276503 0.5382725 0 255 0
0.2080134 -0.0393549 0.5096741 0 255 0
0.2231553 0.0351547 0.4804679 0 255 0
0.2823776 0.0013252 0.4953460 0 255 0
-0.1629355 0.0330169 0.5177614 0 255 0
-0.1802730 -0.0859039 0.5017591 0 255 0
-0.1291606 -0.0764557 0.4866476 0 255 0
0.2039531 -0.0539866 0.5238221 0 255 0
-0.1182919 0.0059613 0.4937186 0 255 0
0.3367176 -0.0277174 0.5395784 0 255 0
-0.1817926 0.0308974 0.5230724 0 255 0
0.2757345 0.0094443 0.4938582 0 255 0
-0.1426227 -0.0646959 0.5018682 0 255 0
-0.1576531 -0.0091182 0.4936134 0 255 0
-0.2007290 0.0342550 0.5180854 0 255 0
-0.1238408 -0.0113122 0.4881875 0 255 0
-0.1782977 0.0150387 0.5272577 0 255 0
0.2546204 -0.0021777 0.4978981 0 255 0
0.2740544 -0.1166541 0.5991392 0 255 0
0.2006610 0.0150627 0.5280991 0 255 0
-0.1460650 -0.0392735 0.4936000 0 255 0
0.1970195 -0.0677529 0.5454676 0 255 0
-0.1165571 0.0183144 0.5512748 0 255 0
0.2486713 0.0537692 0.4753575 0 255 0
-0.1285857 -0.0905772 0.4888036 0 255 0
-0.1671852 -0.0579693 0.5049083 0 255 0
0.2421357 -0.0388800 0.5035242 0 255 0
-0.1001815 -0.0579128 0.4845813 0 255 0
-0.1212700 -0.0304633 0.5214718 0 255 0
0.2625192 0.0411371 0.4844427 0 255 0
-0.1307110 -0.0113118 0.4881724 0 255 0
-0.1219300 0.0177774 0.5351099 0 255 0
-0.1361567 -0.0394233 0.4954826 0 255 0
-0.0760518 -0.0548191 0.4978475 0 255 0
0.2930077 -0.0771911 0.5677516 0 255 0
-0.1066974 -0.0427602 0.4936823 0 255 0
0.2439732 0.0001613 0.4952604 0 255 0
0.2368438 0.0289514 0.4901277 0 255 0
0.2271143 0.0093513 0.4889920 0 255 0
0.3608643 -0.0260896 0.5322363 0 255 0
-0.1283231 -0.0193268 0.4878054 0 255 0
0.2691740 -0.0688269 0.5438267 0 255 0
-0.1434724 -0.0610186 0.5007234 0 255 0
-0.2320737 0.0321197 0.5229621 0 255 0
0.1756853 0.0673487 0.4539569 0 255 0
0.3032112 -0.1070031 0.5848631 0 255 0
-0.1391240 0.0001621 0.4977784 0 255 0
0.2215470 -0.0678157 0.5459734 0 255 0
-0.1975720 -0.0561503 0.5099372 0 255 0
0.2869325 -0.0248778 0.5075148 0 255 0
-0.0950575 -0.0095811 0.5186749 0 255 0
0.2313647 0.0489441 0.4719135 0 255 0
-0.1843621 0.0487152 0.5165144 0 255 0
-0.1816365 0.0038543 0.5226231 0 255 0
0.2938720 -0.0997339 0.5746526 0 255 0
-0.2075853 0.0077282 0.5357817 0 255 0
-0.1041381 0.0062234 0.5154215 0 255 0
-0.1252735 -0.0738969 0.4848638 0 255 0
-0.1772044 0.0175308 0.5276867 0 255 0
0.2696156 -0.0162052 0.4975381 0 255 0
-0.1502548 -0.0125603 0.4921466 0 255 0
-0.1201934 -0.0713047 0.4827409 0 255 0
0.1788395 0.0474163 0.4677803 0 255 0
0.2136634 -0.0609854 0.5205245 0 255 0
0.3469773 -0.0236636 0.5339317 0 255 0
0.3491723 -0.0172514 0.5296582 0 255 0
-0.1540624 -0.0149063 0.4932436 0 255 0
0.2318316 0.0173181 0.4868487 0 255 0
0.2045199 -0.0236587 0.5069444 0 255 0
-0.1009822 -0.0083490 0.5178463 0 255 0
-0.2005964 0.0039131 0.5305989 0 255 0
0.3339282 -0.0344219 0.5453632 0 255 0
-0.1963472 -0.0689009 0.5067759 0 255 0
-0.1816360 0.0026262 0.5226216 0 255 0
-0.1316597 -0.0135857 0.4874434 0 255 0
0.2545842 -0.1139346 0.5996451 0 255 0
0.2382397 -0.0079487 0.4930163 0 255 0
-0.0810925 -0.0612331 0.4929777 0 255 0
-0.2460370 0.0213131 0.5292379 0 255 0
-0.2203267 0.0040232 0.5455365 0 255 0
0.2795027 -0.0691721 0.5465543 0 255 0
0.2910061 -0.1087808 0.5796897 0 255 0
-0.1854568 -0.0047455 0.5230201 0 255 0
0.2032625 0.0141239 0.4951859 0 255 0
0.3417888 -0.0289858 0.5395880 0 255 0
-0.1498360 -0.0548841 0.4984378 0 255 0
0.1698756 0.0729322 0.4555187 0 255 0
0.2602690 0.0233339 0.4931032 0 255 0
-0.0431989 -0.0454325 0.5245358 0 255 0
0.2062494 -0.0557400 0.5172489 0 255 0
0.2241167 0.0283598 0.4801119 0 255 0
0.2711717 -0.1062209 0.5958944 0 255 0
-0.1213455 -0.0914564 0.4873682 0 255 0
-0.1981183 0.0497306 0.5144634 0 255 0
-0.1469742 0.0295784 0.5214870 0 255 0
-0.1358820 0.0283900 0.5457524 0 255 0
-0.1647421 0.0112413 0.5235022 0 255 0
-0.1493341 0.0086712 0.5169466 0 255 0
0.2167015 -0.0010054 0.4966888 0 255 0
-0.1172415 0.0160501 0.5198884 0 255 0
-0.1723827 0.0438967 0.5169411 0 255 0
-0.1497618 -0.0416549 0.4943317 0 255 0
-0.1177559 -0.0712009 0.4820382 0 255 0
-0.1444520 -0.0910503 0.5041422 0 255 0
-0.1812015 -0.0107114 0.5144241 0 255 0
-0.1605060 0.0305839 0.5177637 0 255 0
0.2086407 -0.0235865 0.5053987 0 255 0
0.2801317 -0.0559462 0.5307350 0 255 0
0.3477990 -0.0198038 0.5313582 0 255 0
-0.0446973 -0.0541258 0.5134660 0 255 0
0.3258293 -0.0385193 0.5489689 0 255 0
0.2577837 0.0477217 0.4819658 0 255 0
0.2850298 0.0256926 0.4938987 0 255 0
-0.1772323 0.0451106 0.5169319 0 255 0
0.2697743 -0.1020207 0.5958965 0 255 0
0.2397721 0.0175649 0.4937895 0 255 0
-0.1576953 0.0050229 0.5165173 0 255 0
0.2346443 -0.0487989 0.5209997 0 255 0
0.2289035 0.0116236 0.4879133 0 255 0
-0.1635026 -0.0697788 0.5045139 0 255 0
-0.2478265 0.0126998 0.5330873 0 255 0
-0.1521949 -0.0416858 0.4946985 0 255 0
-0.1126916 -0.0127534 0.4997127 0 255 0
0.2248557 0.0476295 0.4698834 0 255 0
0.2274471 0.0437111 0.4752986 0 255 0
-0.2024660 0.0447886 0.5132421 0 255 0
-0.1606973 0.0025853 0.5144857 0 255 0
-0.0680276 -0.0701859 0.4989797 0 255 0
-0.0394437 -0.0441304 0.5237102 0 255 0
-0.2505697 -0.0036797 0.5472762 0 255 0
0.3193829 -0.0622037 0.5649118 0 255 0
0.2843012 0.0338676 0.4946477 0 255 0
0.2227440 -0.1038545 0.5826188 0 255 0
0.2013597 0.0573185 0.4590557 0 255 0
0.2205097 -0.0295254 0.5054174 0 255 0
0.2592929 -0.0127070 0.4978953 0 255 0
0.2266591 -0.0056315 0.4929938 0 255 0
-0.2253589 0.0152934 0.5361866 0 255 0
-0.0974183 -0.0429921 0.5248356 0 255 0
0.2141659 -0.0092164 0.4989284 0 255 0
-0.1359623 0.0025517 0.5077847 0 255 0
-0.2439489 -0.0075314 0.5468302 0 255 0
0.3346843 -0.0399435 0.5508204 0 255 0
0.2154260 -0.0713245 0.5532885 0 255 0
-0.1974584 -0.0221963 0.5288646 0 255 0
-0.1224900 -0.0402646 0.5214554 0 255 0
0.2392395 -0.0467993 0.5125085 0 255 0
0.2032682 -0.0955670 0.5739555 0 255 0
-0.2197787 -0.0023664 0.5410357 0 255 0
0.3450242 -0.0185402 0.5309262 0 255 0
0.2080064 0.0268968 0.4742087 0 255 0
-0.1558713 0.0037943 0.5144978 0 255 0
-0.1934392 0.0051351 0.5280571 0 255 0
0.2591001 -0.0080214 0.4975251 0 255 0
0.2885083 -0.0488100 0.5211178 0 255 0
0.2861070 0.0327792 0.4957652 0 255 0
0.2189869 -0.0282943 0.5046417 0 255 0
0.3151774 0.0025866 0.5147400 0 255 0
-0.1132640 -0.0033422 0.4970780 0 255 0
0.2707419 0.0059807 0.4953263 0 255 0
0.2249988 0.0507254 0.4678879 0 255 0
-0.1013775 -0.0551475 0.4903664 0 255 0
0.2089409 -0.0057165 0.5004362 0 255 0
0.3013727 0.0166712 0.5018111 0 255 0
-0.2011133 -0.0488795 0.5352891 0 255 0
-0.1492092 -0.0206704 0.4925077 0 255 0
-0.0612830 -0.0657983 0.5012826 0 255 0
-0.1287974 -0.0559069 0.5077266 0 255 0
-0.2011642 0.0595884 0.5160826 0 255 0
0.1841214 -0.0667688 0.5815511 0 255 0
0.2697286 -0.0291710 0.5202786 0 255 0
0.2633525 -0.0746274 0.5585484 0 255 0
0.2385283 0.0397898 0.4819114 0 255 0
-0.1827153 0.0001700 0.5222008 0 255 0
-0.2192746 0.0262061 0.5276023 0 255 0
0.1866581 -0.0786278 0.5684934 0 255 0
0.2335164 -0.0442181 0.5105146 0 255 0
0.2658324 0.0278241 0.4905568 0 255 0
-0.1932263 -0.0674510 0.5048366 0 255 0
-0.1928285 0.0224352 0.5263901 0 255 0
0.3421543 0.0001708 0.5246154 0 255 0
-0.2103196 -0.0048375 0.5331508 0 255 0
-0.1399664 0.0235079 0.5227391 0 255 0
0.2336046 -0.0500623 0.5214081 0 255 0
-0.2252795 0.0274232 0.5271671 0 255 0
0.2738249 -0.0482303 0.5281798 0 255 0
0.2171896 -0.0068562 0.4978077 0 255 0
-0.1411173 -0.0368718 0.4925040 0 255 0
-0.2129671 0.0507377 0.5124258 0 255 0
-0.2050376 0.0544797 0.5136496 0 255 0
0.2781533 -0.0296009 0.5067099 0 255 0
-0.1806257 -0.0347758 0.5127894 0 255 0
-0.1946768 0.0038943 0.5280528 0 255 0
-0.1055043 -0.0265159 0.5161874 0 255 0
0.2037588 -0.0457303 0.5140281 0 255 0
-0.1345339 -0.0642081 0.4980845 0 255 0
0.2559041 0.0487117 0.4805603 0 255 0
-0.2342294 0.0297801 0.5250432 0 255 0
0.2335356 0.0438070 0.4763417 0 255 0
0.2036299 0.0113674 0.5293735 0 255 0
0.2313366 -0.0525534 0.5218127 0 255 0
0.1787152 0.0562334 0.4590024 0 255 0
-0.1055874 -0.0253229 0.5165943 0 255 0
0.2734780 -0.1032353 0.5948272 0 255 0
-0.1110519 -0.0757886 0.4824011 0 255 0
0.2566596 0.0497687 0.4798642 0 255 0
-0.1818010 -0.0690835 0.4994868 0 255 0
-0.2101437 -0.0160989 0.5327048 0 255 0
0.2278152 -0.0091067 0.4929921 0 255 0
0.3352457 -0.0224625 0.5352069 0 255 0
-0.2142549 0.0177274 0.5336033 0 255 0
0.3108928 -0.0860895 0.5737094 0 255 0
-0.1474932 0.0209010 0.5190070 0 255 0
-0.1667966 -0.0684874 0.5037345 0 255 0
-0.1513474 -0.0597036 0.4995655 0 255 0
0.2562078 0.0199020 0.4941984 0 255 0
-0.2428668 -0.0113956 0.5472836 0 255 0
0.2694126 0.0597480 0.4785126 0 255 0
0.3227604 -0.0539176 0.5615618 0 255 0
0.3393781 -0.0481921 0.5563965 0 255 0
0.2469918 -0.0971102 0.5915721 0 255 0
0.2791755 -0.1178495 0.5980612 0 255 0
0.2181556 0.0215586 0.4793925 0 255 0
0.2979241 -0.0970354 0.5746648 0 255 0
0.3339544 -0.0059782 0.5233417 0 255 0
0.2788504 -0.0186142 0.4994390 0 255 0
0.2102480 -0.0357353 0.5092922 0 255 0
0.3117707 0.0168513 0.5072320 0 255 0
-0.1697959 0.0309483 0.5239329 0 255 0
-0.1617114 0.0074678 0.5177324 0 255 0
0.2462401 -0.0562794 0.5222543 0 255 0
-0.1129031 -0.0698654 0.4806428 0 255 0
-0.2163643 -0.0199666 0.5357254 0 255 0
0.3204789 -0.0650810 0.5668504 0 255 0
-0.1058315 -0.0606563 0.4792677 0 255 0
-0.1275480 -0.0738961 0.4848588 0 255 0
-0.1281114 -0.0845215 0.4870006 0 255 0
0.2848230 -0.0033456 0.4975873 0 255 0
-0.1452880 0.0209343 0.5198328 0 255 0
-0.1882092 -0.0047530 0.5238482 0 255 0
-0.1659992 -0.0627145 0.5049050 0 255 0
0.3003775 0.0060866 0.5040937 0 255 0
-0.2147182 -0.0377427 0.5379009 0 255 0
0.2624097 -0.0391344 0.5227250 0 255 0
0.2418746 -0.0414039 0.5054480 0 255 0
-0.2190645 0.0115801 0.5392777 0 255 0
0.2637644 0.0141278 0.4953211 0 255 0
0.2260773 -0.0487971 0.5209810 0 255 0
-0.1240433 -0.0783958 0.4845034 0 255 0
0.3418318 -0.0185698 0.5317749 0 255 0
-0.1178297 -0.0879578 0.4870190 0 255 0
0.2009152 0.0428112 0.4655140 0 255 0
0.3403969 -0.0263423 0.5373905 0 255 0
0.2432559 0.0233670 0.4938043 0 255 0
0.2749815 0.0024854 0.4945885 0 255 0
-0.2265493 0.0238407 0.5301383 0 255 0
-0.2304285 0.0379926 0.5192548 0 255 0
-0.1963746 -0.0259452 0.5292886 0 255 0
0.2567889 -0.0710501 0.5613931 0 255 0
-0.0571900 -0.0569857 0.5067111 0 255 0
-0.2164769 0.0297112 0.5238287 0 255 0
-0.2468774 0.0077776 0.5392118 0 255 0
0.2525046 0.0106515 0.4960370 0 255 0
0.3273782 -0.0277845 0.5408852 0 255 0
0.2755965 -0.0056624 0.4956947 0 255 0
-0.1817220 0.0392208 0.5193619 0 255 0
0.2625591 -0.1109185 0.5985766 0 255 0
0.2576661 -0.0739401 0.5633109 0 255 0
0.2659172 -0.0454559 0.5248052 0 255 0
0.2695765 0.0036529 0.4953208 0 255 0
-0.1386522 0.0049919 0.5133316 0 255 0
0.3101022 0.0180153 0.5064512 0 255 0
0.2259430 0.0138753 0.4864700 0 255 0
-0.2014158 0.0284368 0.5230262 0 255 0
0.2424230 0.0323835 0.4897802 0 255 0
-0.1033321 -0.0010474 0.5174426 0 255 0
0.2130912 -0.0762478 0.5608131 0 255 0
-0.1192375 -0.0668667 0.4834589 0 255 0
-0.0830932 -0.0656192 0.4911264 0 255 0
-0.1750856 0.0512657 0.5177588 0 255 0
-0.2452317 -0.0062465 0.5468290 0 255 0
0.2031127 0.0279502 0.4731785 0 255 0
-0.2084125 0.0353320 0.5160366 0 255 0
0.2766307 -0.0150366 0.4975549 0 255 0
0.3302647 -0.0059781 0.5233335 0 255 0
-0.1201400 -0.0366185 0.5218792 0 255 0
0.3388915 -0.0371079 0.5471776 0 255 0
-0.0999234 -0.0522910 0.5316104 0 255 0
0.3052776 -0.0759262 0.5682695 0 255 0
0.2064379 0.0036879 0.5000627 0 255 0
0.2709673 -0.0546093 0.5298636 0 255 0
0.2629900 0.0048239 0.4960528 0 255 0
0.1941785 -0.0642148 0.5709919 0 255 0
-0.1578502 0.0443952 0.5376904 0 255 0
0.2417243 0.0082702 0.4930440 0 255 0
0.2096827 -0.0627178 0.5353110 0 255 0
-0.1838949 0.0261053 0.5255722 0 255 0
0.3228188 -0.0426723 0.5526373 0 255 0
-0.1507737 0.0356682 0.5394605 0 255 0
0.2587708 -0.0782450 0.5657259 0 255 0
-0.2119061 -0.0199021 0.5339956 0 255 0
0.2110647 0.0593079 0.4662147 0 255 0
-0.0853982 -0.0621570 0.4911256 0 255 0
0.2861934 -0.0490420 0.5235950 0 255 0
-0.0777388 -0.0648057 0.4937212 0 255 0
0.2452093 0.0244910 0.4930716 0 255 0
0.2938416 0.0048722 0.5010180 0 255 0
-0.1483566 0.0135515 0.5177693 0 255 0
-0.1003223 0.0001696 0.5207295 0 255 0
-0.2147195 -0.0352150 0.5379041 0 255 0
0.2688106 -0.0056664 0.4960526 0 255 0
0.3238583 -0.0059732 0.5229048 0 255 0
-0.1852659 -0.0777695 0.5025260 0 255 0
-0.1331686 -0.0500898 0.4973511 0 255 0
0.2815086 -0.0295786 0.5063283 0 255 0
-0.1674033 0.0475048 0.5165502 0 255 0
-0.1942376 0.0633089 0.5268613 0 255 0
0.2663016 -0.0723357 0.5510882 0 255 0
-0.2269337 0.0575718 0.5310380 0 255 0
-0.1715830 0.0528054 0.5333090 0 255 0
-0.1964772 0.0584226 0.5164971 0 255 0
0.1821420 0.0591824 0.4567906 0 255 0
-0.1113165 -0.0480536 0.4885309 0 255 0
0.2534336 -0.1064064 0.5969350 0 255 0
-0.1222273 0.0141352 0.4955811 0 255 0
0.2382220 -0.0856181 0.5705675 0 255 0
0.2618780 -0.0797119 0.5667039 0 255 0
-0.1622231 0.0162788 0.5272946 0 255 0
-0.1517440 -0.0276546 0.4932329 0 255 0
-0.2103153 -0.0136065 0.5331399 0 255 0
-0.1755184 -0.0201449 0.5084529 0 255 0
-0.1287750 -0.0953115 0.4895232 0 255 0
-0.0998750 -0.0347337 0.5121688 0 255 0
-0.1569817 0.0172144 0.5181631 0 255 0
0.2924701 -0.1180940 0.5853423 0 255 0
-0.1529788 0.0025774 0.5128965 0 255 0
0.2284026 -0.0783026 0.5661424 0 255 0
0.2699754 -0.0068321 0.4960537 0 255 0
0.2719401 0.0300411 0.4891182 0 255 0
-0.1977896 -0.0532587 0.5167590 0 255 0
0.3256883 -0.0440081 0.5531054 0 255 0
-0.1565024 0.0087327 0.5206140 0 255 0
0.2673549 0.0552894 0.4788498 0 255 0
-0.2289482 0.0001784 0.5477851 0 255 0
-0.1422831 0.0309541 0.5457415 0 255 0
-0.2095446 0.0237465 0.5280447 0 255 0
0.2578794 -0.0947599 0.5942670 0 255 0
-0.2187597 0.0309172 0.5234078 0 255 0
-0.1681082 -0.0649865 0.5041225 0 255 0
0.2139200 -0.0235150 0.5038651 0 255 0
-0.1397338 -0.0911144 0.4917026 0 255 0
-0.1566174 -0.0893811 0.5014237 0 255 0
-0.1021969 -0.0083490 0.5178437 0 255 0
-0.1108096 -0.0722301 0.4813485 0 255 0
-0.0935793 -0.0269187 0.5240299 0 255 0
0.1674761 0.0743611 0.4577259 0 255 0
-0.2265687 0.0498805 0.5160147 0 255 0
0.1683865 0.0676294 0.4631848 0 255 0
0.2674507 0.0048204 0.4956898 0 255 0
0.2254816 -0.1024868 0.5826265 0 255 0
-0.1540296 -0.0915982 0.5006622 0 255 0
0.2595668 -0.0626292 0.5345548 0 255 0
0.2672711 0.0445861 0.4848133 0 255 0
0.1999629 0.0142199 0.4985490 0 255 0
-0.1829538 0.0236732 0.5264134 0 255 0
-0.2224744 -0.0507112 0.5414159 0 255 0
0.2009683 -0.0449778 0.5192860 0 255 0
-0.1952615 -0.0517676 0.5262885 0 255 0
-0.1656711 0.0261491 0.5264544 0 255 0
0.3111538 -0.0787338 0.5692604 0 255 0
-0.1629357 0.0125214 0.5256014 0 255 0
0.2511812 -0.0535719 0.5197977 0 255 0
-0.1819408 -0.0656130 0.4998710 0 255 0
-0.1512925 -0.0880346 0.5072427 0 255 0
-0.1591664 0.0305600 0.5173591 0 255 0
0.2347156 -0.0442183 0.5105172 0 255 0
0.2809580 -0.0347100 0.5118192 0 255 0
0.2816269 -0.0151167 0.5002068 0 255 0
-0.1758268 0.0199948 0.5272693 0 255 0
0.2166783 -0.0471243 0.5160673 0 255 0
-0.1873758 -0.0191868 0.5148032 0 255 0
0.2665832 0.0596175 0.4774677 0 255 0
0.2802435 -0.1015212 0.5771367 0 255 0
0.2860249 -0.0423201 0.5166323 0 255 0
-0.1509905 -0.0935242 0.4983873 0 255 0
-0.0459380 -0.0529605 0.5138659 0 255 0
-0.1255253 0.0141137 0.4948277 0 255 0
-0.1279056 -0.0275960 0.5137160 0 255 0
-0.1015563 -0.0619189 0.4803263 0 255 0
-0.1432196 -0.0194845 0.4917852 0 255 0
0.2760328 -0.0573769 0.5324388 0 255 0
0.2728605 0.0001612 0.4949521 0 255 0
-0.0743473 -0.0536410 0.5453345 0 255 0
-0.0712150 -0.0722006 0.4967081 0 255 0
-0.1158851 -0.0067946 0.4933375 0 255 0
-0.2020372 -0.0644352 0.5091264 0 255 0
-0.2093133 0.0201211 0.5305999 0 255 0
-0.2206887 0.0262270 0.5280233 0 255 0
0.1806198 0.0561557 0.4583685 0 255 0
-0.2403876 0.0347146 0.5250373 0 255 0
0.2407927 0.0397902 0.4819164 0 255 0
-0.1141964 -0.0733598 0.4813397 0 255 0
-0.1623171 -0.0757055 0.5045092 0 255 0
-0.1827779 -0.0588350 0.5021707 0 255 0
0.1888024 -0.0710782 0.5513780 0 255 0
0.2244474 -0.0967551 0.5730048 0 255 0
0.2678207 0.0467618 0.4837509 0 255 0
-0.1236198 0.0094062 0.4918666 0 255 0
-0.1874837 -0.0682718 0.5021487 0 255 0
0.2155965 -0.0271290 0.5050223 0 255 0
-0.1452562 -0.0935975 0.4987783 0 255 0
0.1953535 -0.0888998 0.5744470 0 255 0
0.3088886 -0.0010370 0.5123236 0 255 0
0.2278464 0.0541786 0.4692296 0 255 0
-0.1823639 0.0100344 0.5247161 0 255 0
0.2806171 -0.0984648 0.5751266 0 255 0
-0.1156861 0.0060065 0.4974604 0 255 0
0.2046646 0.0268964 0.4742014 0 255 0
0.2524675 -0.0068625 0.4982613 0 255 0
0.2324385 -0.0564996 0.5242982 0 255 0
0.2426364 0.0152788 0.4949045 0 255 0
0.3505772 -0.0223190 0.5317894 0 255 0
0.3434912 -0.0236824 0.5343564 0 255 0
0.1787998 0.0602132 0.4564683 0 255 0
-0.1806267 -0.0323661 0.5127923 0 255 0
-0.0947066 -0.0603247 0.4856645 0 255 0
0.2511956 -0.0747686 0.5696228 0 255 0
0.2465741 -0.0880283 0.5775855 0 255 0
-0.1699424 -0.0405484 0.5096231 0 255 0
-0.1345180 -0.0884093 0.4895192 0 255 0
-0.1995969 0.0260618 0.5246981 0 255 0
0.1887829 0.0479736 0.4625555 0 255 0
0.2143245 -0.0162625 0.4992979 0 255 0
0.3534226 -0.0313181 0.5361055 0 255 0
-0.2522984 0.0014593 0.5454602 0 255 0
0.2020628 0.0138329 0.5285242 0 255 0
-0.1623167 -0.0768908 0.5045077 0 255 0
-0.1809009 -0.0774157 0.5002394 0 255 0
-0.1632635 -0.0103399 0.4965838 0 255 0
0.3199560 -0.0096897 0.5245547 0 255 0
0.1983630 -0.0777532 0.5527789 0 255 0
0.2871962 -0.0477741 0.5231834 0 255 0
0.1876679 -0.0633585 0.5518470 0 255 0
0.2445785 -0.1034110 0.5958395 0 255 0
-0.1973776 0.0546953 0.5156825 0 255 0
0.2793918 -0.0138886 0.4983141 0 255 0
0.1831240 0.0361718 0.4789869 0 255 0
-0.1669859 0.0516790 0.5346193 0 255 0
0.2705448 0.0152807 0.4949657 0 255 0
0.1864492 -0.0791052 0.5719453 0 255 0
0.2604657 -0.0080275 0.4979037 0 255 0
-0.1597354 -0.0931672 0.4964849 0 255 0
0.2398679 -0.0414671 0.5062198 0 255 0
0.3341265 -0.0385848 0.5499024 0 255 0
-0.2182807 0.0460276 0.5136101 0 255 0
-0.2114478 -0.0582032 0.5175374 0 255 0
0.2884840 -0.0531550 0.5277857 0 255 0
-0.1222045 0.0167805 0.5051013 0 255 0
0.2093138 -0.0829043 0.5612715 0 255 0
-0.1858699 -0.0360642 0.5139800 0 255 0
0.1787135 0.0449148 0.4762205 0 255 0
0.2644453 -0.1125299 0.5996685 0 255 0
-0.1749443 0.0427150 0.5173410 0 255 0
-0.2198298 0.0509346 0.5144145 0 255 0
0.3315919 0.0038323 0.5196394 0 255 0
0.2127018 0.0150509 0.4875214 0 255 0
0.2337182 -0.0033000 0.4908105 0 255 0
-0.2145333 0.0090682 0.5406162 0 255 0
0.3100868 -0.0157266 0.5203878 0 255 0
0.1916475 0.0256051 0.4922171 0 255 0
-0.1870795 -0.0264029 0.5139893 0 255 0
0.2359970 0.0595252 0.4679229 0 255 0
0.2321702 0.0116152 0.4875598 0 255 0
0.2608088 0.0455901 0.4833798 0 255 0
-0.1362554 -0.0511029 0.4958418 0 255 0
-0.1366135 0.0223332 0.5239952 0 255 0
-0.1580363 0.0013743 0.5136857 0 255 0
0.2642879 0.0300847 0.4898278 0 255 0
-0.2203027 -0.0403686 0.5392105 0 255 0
-0.1267240 -0.0614444 0.5042179 0 255 0
-0.1580770 0.0293675 0.5177675 0 255 0
0.2137149 -0.0283806 0.5061801 0 255 0
-0.1874602 -0.0096382 0.5217634 0 255 0
0.3216168 -0.0469606 0.5572966 0 255 0
-0.2251855 -0.0200805 0.5387825 0 255 0
0.2425464 -0.0453140 0.5093498 0 255 0
0.2180621 -0.0459480 0.5164762 0 255 0
-0.1300517 -0.0021432 0.4900049 0 255 0
-0.1900958 0.0367495 0.5189303 0 255 0
0.2452634 0.0506360 0.4774099 0 255 0
-0.1161495 0.0036466 0.4944631 0 255 0
0.2980882 -0.0744607 0.5672775 0 255 0
-0.1799998 -0.0822420 0.5009986 0 255 0
-0.1826124 0.0598372 0.5290033 0 255 0
-0.0704783 -0.0562029 0.4997502 0 255 0
0.2561009 0.0507855 0.4788196 0 255 0
0.2623026 -0.0976417 0.5948097 0 255 0
-0.1636287 -0.0686462 0.5049028 0 255 0
0.2694129 -0.0150248 0.4971641 0 255 0
-0.2060805 0.0532308 0.5132446 0 255 0
-0.1585294 -0.0625723 0.5037600 0 255 0
0.2846456 -0.0881625 0.5696825 0 255 0
0.3298362 -0.0511496 0.5601497 0 255 0
0.2779075 -0.0310297 0.5106282 0 255 0
0.2211839 -0.0409984 0.5152778 0 255 0
-0.0944005 -0.0746784 0.4899919 0 255 0
-0.1342324 -0.0535545 0.4969682 0 255 0
0.2240127 0.0036304 0.4922634 0 255 0
0.2752777 -0.1056499 0.5926909 0 255 0
0.3265112 -0.0022799 0.5212626 0 255 0
0.2126744 -0.0858351 0.5631947 0 255 0
0.1706793 0.0611418 0.4635074 0 255 0
-0.1378805 -0.0320279 0.4892211 0 255 0
0.2805728 -0.0628384 0.5363402 0 255 0
-0.1200052 0.0119322 0.5008694 0 255 0
-0.2302359 0.0066142 0.5477903 0 255 0
-0.1326035 -0.0491443 0.4996198 0 255 0
-0.1347884 -0.0486632 0.4947281 0 255 0
0.2676819 -0.0162295 0.4982856 0 255 0
0.1892869 0.0418033 0.4664727 0 255 0
0.3410533 -0.0343660 0.5444786 0 255 0
0.2060982 -0.0382458 0.5108564 0 255 0
0.2732532 -0.0246112 0.5020765 0 255 0
-0.1698202 -0.0912442 0.4987271 0 255 0
-0.0724373 -0.0594086 0.4970968 0 255 0
0.3249725 0.0026071 0.5188062 0 255 0
-0.1119460 -0.0080875 0.5016267 0 255 0
-0.1448278 -0.0800661 0.5096279 0 255 0
-0.1473760 0.0184473 0.5185947 0 255 0
-0.1770246 -0.0600622 0.5025662 0 255 0
0.1829736 0.0451545 0.4671238 0 255 0
0.2193620 -0.0080199 0.4974355 0 255 0
0.2298066 0.0387123 0.4825962 0 255 0
0.1706974 0.0657563 0.4577223 0 255 0
0.2709892 -0.0162175 0.4979167 0 255 0
0.3453228 -0.0371090 0.5471945 0 255 0
0.2098931 -0.0128301 0.5027167 0 255 0
-0.0981217 -0.0495131 0.5286249 0 255 0
-0.1152137 -0.0534735 0.4856279 0 255 0
0.2696241 -0.0331258 0.5248286 0 255 0
0.2086916 0.0226348 0.4783300 0 255 0
0.2869481 0.0615018 0.4834605 0 255 0
0.2745772 0.0140862 0.4938614 0 255 0
-0.1353579 0.0074219 0.5145475 0 255 0
0.3302157 -0.0212045 0.5351974 0 255 0
-0.1574331 -0.0891766 0.5002764 0 255 0
-0.1534605 0.0269771 0.5185919 0 255 0
-0.1397450 0.0111098 0.5173776 0 255 0
-0.1458235 -0.1005781 0.4927841 0 255 0
-0.1679784 -0.0673036 0.5037333 0 255 0
-0.0449084 -0.0471082 0.5158911 0 255 0
0.2631562 0.0267504 0.4920105 0 255 0
0.2625861 0.0233341 0.4931083 0 255 0
-0.1089145 -0.0057566 0.5039409 0 255 0
-0.2506051 0.0040161 0.5445623 0 255 0
-0.1399700 -0.0160422 0.4925338 0 255 0
0.2720430 -0.0848025 0.5741225 0 255 0
-0.2012790 -0.0451433 0.5357301 0 255 0
-0.1241198 -0.0032898 0.4892870 0 255 0
0.2544770 0.0244920 0.4930919 0 255 0
0.2289907 -0.0838391 0.5676001 0 255 0
0.1736730 0.0684620 0.4542665 0 255 0
0.2850248 0.0187290 0.4938900 0 255 0
0.2684808 0.0564150 0.4788537 0 255 0
0.1921305 0.0337259 0.4762347 0 255 0
-0.1198841 -0.0090653 0.4907503 0 255 0
-0.1652382 0.0439325 0.5173622 0 255 0
-0.2024689 0.0508193 0.5132495 0 255 0
0.2441304 -0.0352773 0.5027651 0 255 0
0.2700417 0.0289344 0.4898390 0 255 0
-0.0636360 -0.0610868 0.5012833 0 255 0
0.3106213 -0.0593945 0.5634479 0 255 0
-0.1504065 0.0319783 0.5206589 0 255 0
-0.2371445 -0.0062363 0.5459375 0 255 0
0.3127530 -0.0022513 0.5147261 0 255 0
-0.1577938 -0.0882027 0.5014225 0 255 0
-0.1477226 -0.0904192 0.5072476 0 255 0
-0.1011453 -0.0780132 0.4892435 0 255 0
-0.1290647 -0.0775416 0.4862863 0 255 0
0.2882318 0.0490536 0.4954177 0 255 0
-0.2331380 0.0201354 0.5309765 0 255 0
0.2786984 -0.0356501 0.5256822 0 255 0
-0.0461913 -0.0471820 0.5166989 0 255 0
0.2585443 0.0618147 0.4771076 0 255 0
0.2656032 -0.0792361 0.5633218 0 255 0
-0.1949575 0.0510602 0.5156833 0 255 0
-0.1858671 0.0548700 0.5173293 0 255 0
-0.1771153 -0.0702585 0.4994957 0 255 0
-0.1201407 -0.0341661 0.5218822 0 255 0
-0.0820633 -0.0668732 0.4918620 0 255 0
0.3236550 -0.0084573 0.5245643 0 255 0
-0.0703178 -0.0572465 0.4986122 0 255 0
0.2202813 0.0464909 0.4695351 0 255 0
0.1855506 0.0343703 0.4853341 0 255 0
-0.0485017 -0.0470706 0.5154788 0 255 0
-0.1471995 -0.1018879 0.4935199 0 255 0
0.2479683 -0.0138971 0.4986194 0 255 0
-0.1816487 0.0321011 0.5226581 0 255 0
0.2011969 -0.0665827 0.5463830 0 255 0
-0.2141679 0.0495332 0.5124216 0 255 0
-0.1237631 0.0153459 0.4970781 0 255 0
-0.1297170 -0.0325765 0.5161266 0 255 0
-0.2019438 0.0342548 0.5180827 0 255 0
-0.1089549 -0.0531999 0.4831430 0 255 0
0.3356184 -0.0010568 0.5221090 0 255 0
-0.1732159 0.0224551 0.5268553 0 255 0
-0.1372217 -0.0921327 0.4909720 0 255 0
-0.1794336 -0.0106780 0.5128219 0 255 0
-0.0991342 -0.0433596 0.5145627 0 255 0
0.1984630 0.0187639 0.4948095 0 255 0
0.2782261 0.0437382 0.4880635 0 255 0
-0.0943503 -0.0380730 0.5426090 0 255 0
-0.1940815 0.0620210 0.5264379 0 255 0
0.3247448 -0.0122426 0.5283400 0 255 0
0.1825230 0.0442133 0.4687821 0 255 0
0.2564926 0.0582398 0.4753801 0 255 0
0.2228437 0.0138957 0.4871820 0 255 0
0.2039313 0.0279103 0.4725022 0 255 0
0.2858484 -0.1181960 0.5858481 0 255 0
-0.0512452 -0.0593682 0.5067212 0 255 0
0.2878180 -0.0923382 0.5706708 0 255 0
-0.1258222 -0.0229356 0.4914514 0 255 0
0.3313014 -0.0172918 0.5308991 0 255 0
-0.2289495 0.0027527 0.5477883 0 255 0
0.2434299 0.0094500 0.4941575 0 255 0
0.3048669 0.0096699 0.5056532 0 255 0
0.2738430 0.0522945 0.4823604 0 255 0
-0.1187089 -0.0854792 0.4859396 0 255 0
-0.1545105 -0.0583959 0.4984231 0 255 0
-0.1002913 -0.0511812 0.5081877 0 255 0
-0.1432551 -0.0585766 0.4999648 0 255 0
0.1809941 -0.0728915 0.5759424 0 255 0
0.3095471 -0.0816902 0.5712262 0 255 0
0.2737727 0.0447188 0.4862568 0 255 0
0.2639197 -0.0596830 0.5306949 0 255 0
0.1982419 0.0323277 0.4721569 0 255 0
0.2435316 -0.0150117 0.4967304 0 255 0
-0.1961788 0.0343097 0.5189139 0 255 0
0.2363766 -0.0033050 0.4915480 0 255 0
-0.1941890 -0.0207370 0.5233978 0 255 0
0.2808259 -0.0419597 0.5273607 0 255 0
0.2456931 0.0335100 0.4894254 0 255 0
0.2637005 0.0311662 0.4887393 0 255 0
0.1911560 -0.0855285 0.5699707 0 255 0
-0.1621274 -0.0856490 0.5002704 0 255 0
-0.1696457 0.0237125 0.5272875 0 255 0
0.1926624 -0.0623417 0.5785105 0 255 0
0.1961649 0.0334609 0.4724921 0 255 0
0.2288035 -0.0067849 0.4926288 0 255 0
-0.1615935 0.0317754 0.5173552 0 255 0
-0.1543931 -0.0635135 0.5018438 0 255 0
0.2483468 -0.0534869 0.5189731 0 255 0
-0.2201247 -0.0352720 0.5387748 0 255 0
-0.2062370 0.0319200 0.5197098 0 255 0
0.3074891 0.0227580 0.5060629 0 255 0
0.3301650 -0.0371374 0.5476128 0 255 0
0.2554978 -0.0324272 0.5137600 0 255 0
-0.0755920 -0.0672778 0.4948377 0 255 0
0.1873466 -0.0770265 0.5665408 0 255 0
0.1802458 0.0444657 0.4714587 0 255 0
-0.1742904 -0.0555951 0.5048956 0 255 0
0.2531026 -0.0382833 0.5113568 0 255 0
-0.1699434 0.0356457 0.5206178 0 255 0
-0.1087820 -0.0181683 0.5202761 0 255 0
0.2363408 -0.0547465 0.5193541 0 255 0
-0.2399024 -0.0088091 0.5463825 0 255 0
0.2757275 0.0425593 0.4876959 0 255 0
0.1959478 -0.0809611 0.5569762 0 255 0
-0.0937059 -0.0592715 0.4863867 0 255 0
-0.1387890 -0.0558463 0.4965798 0 255 0
0.2304355 -0.0339903 0.5012078 0 255 0
0.2499047 -0.1109134 0.5985489 0 255 0
-0.1278985 -0.0315126 0.5185756 0 255 0
-0.1708761 -0.0321168 0.5088421 0 255 0
0.3018307 0.0143347 0.5025737 0 255 0
0.2683308 -0.0245921 0.5016853 0 255 0
0.2072915 -0.0786801 0.5593687 0 255 0
-0.1869819 -0.0022913 0.5238539 0 255 0
0.3404973 -0.0526916 0.5625603 0 255 0
-0.2274736 -0.0011079 0.5473302 0 255 0
-0.2391685 0.0188720 0.5305327 0 255 0
-0.1029113 -0.0524518 0.4867351 0 255 0
-0.1379600 -0.0427542 0.4936135 0 255 0
0.2355754 0.0408024 0.4805021 0 255 0
-0.1129853 -0.0710465 0.4809929 0 255 0
0.2098630 0.0060016 0.4970570 0 255 0
-0.1164729 -0.0182254 0.5219116 0 255 0
0.2545302 -0.0789891 0.5711060 0 255 0
-0.1491862 0.0344255 0.5206646 0 255 0
0.2781820 0.0198149 0.4920374 0 255 0
-0.2098518 0.0640294 0.5226372 0 255 0
0.1964784 0.0293987 0.4786587 0 255 0
0.1708071 0.0618831 0.4609169 0 255 0
-0.1478423 -0.0749852 0.5076584 0 255 0
-0.1185437 -0.0230571 0.5202486 0 255 0
-0.1617203 0.0305837 0.5177611 0 255 0
-0.1540561 -0.0311310 0.4932235 0 255 0
0.2276927 -0.0577762 0.5247036 0 255 0
-0.1666684 -0.0696175 0.5033473 0 255 0
0.1805459 0.0521368 0.4609262 0 255 0
-0.1961985 0.0296193 0.5222076 0 255 0
0.2716618 -0.0672172 0.5411554 0 255 0
0.3193395 0.0001685 0.5175700 0 255 0
-0.0960950 -0.0561985 0.5452836 0 255 0
0.2813942 -0.0362785 0.5170346 0 255 0
-0.2413822 0.0114382 0.5326702 0 255 0
0.2017903 0.0101560 0.5310714 0 255 0
-0.2027873 0.0545229 0.5140566 0 255 0
0.3537629 -0.0135507 0.5309514 0 255 0
0.1852508 0.0410256 0.4701209 0 255 0
-0.1806267 -0.0071580 0.5197176 0 255 0
-0.1787726 0.0357010 0.5214247 0 255 0
0.2456867 -0.0353314 0.5035364 0 255 0
0.2133268 -0.0596681 0.5197045 0 255 0
0.2275006 -0.0207676 0.4948243 0 255 0
0.2210256 -0.0184834 0.4959295 0 255 0
-0.1953083 0.0126206 0.5297655 0 255 0
-0.2028080 -0.0273867 0.5331393 0 255 0
-0.2221096 -0.0263456 0.5374586 0 255 0
0.1773779 0.0791297 0.4668229 0 255 0
-0.1351705 0.0013389 0.5004416 0 255 0
0.2337776 -0.0149100 0.4933668 0 255 0
-0.0974956 -0.0454946 0.5252518 0 255 0
-0.2222930 0.0214187 0.5318618 0 255 0
0.3405589 -0.0427829 0.5540687 0 255 0
-0.2461113 0.0065918 0.5459337 0 255 0
0.1833783 -0.0727649 0.5749422 0 255 0
0.2606714 -0.0947608 0.5942731 0 255 0
-0.0436288 -0.0530855 0.5150784 0 255 0
-0.1085686 0.0109053 0.5078553 0 255 0
0.2725541 -0.0271358 0.5051483 0 255 0
0.3282546 -0.0035103 0.5220899 0 255 0
0.3245393 -0.0385191 0.5489661 0 255 0
0.2739071 0.0479703 0.4844760 0 255 0
0.3321897 -0.0277623 0.5404525 0 255 0
-0.1684061 0.0162784 0.5272810 0 255 0
-0.0895377 -0.0664237 0.4885561 0 255 0
-0.1410703 0.0135519 0.5177854 0 255 0
-0.2226519 -0.0340058 0.5387708 0 255 0
0.2282077 -0.0755775 0.5656593 0 255 0
0.1718941 0.0675334 0.4552021 0 255 0
0.2479956 0.0419342 0.4805332 0 255 0
0.2220513 -0.0435902 0.5172986 0 255 0
0.2059264 -0.0544392 0.5164391 0 255 0
-0.1010371 -0.0480139 0.5000733 0 255 0
0.2360702 -0.0719635 0.5686100 0 255 0
0.2031667 0.0106894 0.4977987 0 255 0
-0.2047154 0.0495739 0.5128425 0 255 0
-0.0962746 -0.0083623 0.5186738 0 255 0
-0.1477211 -0.0573136 0.4991968 0 255 0
-0.1806297 -0.0690839 0.4994894 0 255 0
-0.1440540 -0.0951475 0.4946501 0 255 0
0.3334160 -0.0581256 0.5639813 0 255 0
-0.1355998 -0.0629899 0.4977064 0 255 0
0.1770822 0.0513038 0.4631837 0 255 0
0.2370147 -0.0468350 0.5128997 0 255 0
-0.2180070 -0.0565270 0.5245525 0 255 0
0.2721997 0.0221103 0.4916604 0 255 0
-0.1465181 -0.0044925 0.4951313 0 255 0
0.1950924 -0.0662514 0.5436647 0 255 0
0.2370043 0.0024646 0.4904598 0 255 0
-0.0994378 -0.0559194 0.5425757 0 255 0
-0.1966665 0.0284600 0.5234534 0 255 0
0.1905289 0.0298749 0.4864122 0 255 0
-0.1419745 -0.0585324 0.4995875 0 255 0
0.2051845 -0.0841503 0.5607859 0 255 0
-0.1192629 -0.0206887 0.4929430 0 255 0
-0.1519031 -0.0710768 0.5053140 0 255 0
0.2083133 0.0048519 0.4989330 0 255 0
-0.1190001 -0.0067743 0.4918567 0 255 0
-0.2131100 -0.0338959 0.5370295 0 255 0
0.2417924 -0.0561006 0.5205949 0 255 0
-0.0922794 -0.0145943 0.5236322 0 255 0
0.2215228 -0.0291900 0.4996762 0 255 0
-0.1833924 -0.0645364 0.5006312 0 255 0
0.2010454 -0.0938096 0.5714658 0 255 0
0.2118770 -0.0235508 0.5046320 0 255 0
-0.1426224 0.0160231 0.5190116 0 255 0
0.2728668 0.0094655 0.4949636 0 255 0
-0.2358364 0.0285919 0.5258790 0 255 0
0.1929701 0.0336774 0.4755496 0 255 0
-0.1073910 -0.0205807 0.5194539 0 255 0
-0.1389201 -0.0125798 0.4929098 0 255 0
-0.1665801 0.0528065 0.5333200 0 255 0
-0.2073850 -0.0637812 0.5134922 0 255 0
-0.0567954 -0.0625046 0.5032149 0 255 0
-0.1164726 -0.0194517 0.5219101 0 255 0
0.1913293 0.0387067 0.4687946 0 255 0
0.2232671 -0.0423750 0.5173027 0 255 0
-0.2139760 -0.0505047 0.5392118 0 255 0
0.2351781 -0.0278279 0.4963223 0 255 0
0.1922538 0.0296131 0.4821498 0 255 0
0.2798134 -0.0382730 0.5277852 0 255 0
0.2481773 0.0430949 0.4808852 0 255 0
0.2707364 -0.0021664 0.4953162 0 255 0
0.2069778 -0.0531844 0.5160385 0 255 0
0.3283952 -0.0595003 0.5644513 0 255 0
-0.1359690 -0.0909118 0.4906096 0 255 0
-0.0742588 -0.0542685 0.5265569 0 255 0
0.3385606 -0.0122042 0.5266860 0 255 0
0.2581013 -0.0628834 0.5367249 0 255 0
0.2239803 -0.0537775 0.5217925 0 255 0
-0.2015094 -0.0085405 0.5297257 0 255 0
0.2794223 0.0599681 0.4802759 0 255 0
0.3278343 -0.0580746 0.5634872 0 255 0
-0.1716940 0.0074792 0.5185249 0 255 0
0.2909946 0.0343841 0.5021923 0 255 0
-0.1935936 0.0449659 0.5152743 0 255 0
0.2223548 -0.0243280 0.4962986 0 255 0
0.2128839 0.0059882 0.4959419 0 255 0
-0.0647134 -0.0609935 0.5005178 0 255 0
-0.1913040 -0.0580969 0.5060194 0 255 0
-0.2038643 -0.0610356 0.5107104 0 255 0
0.1858038 -0.0801707 0.5699655 0 255 0
-0.1431425 -0.0033316 0.4955134 0 255 0
0.2918559 -0.1058713 0.5786771 0 255 0
-0.2136889 0.0001743 0.5353223 0 255 0
-0.1839382 -0.0035110 0.5221936 0 255 0
-0.1592927 0.0330174 0.5177694 0 255 0
-0.1860070 0.0403132 0.5177186 0 255 0
-0.2103159 -0.0123538 0.5331414 0 255 0
0.2685558 -0.0305379 0.5227491 0 255 0
0.2739761 0.0554924 0.4806082 0 255 0
-0.2381118 0.0285687 0.5254533 0 255 0
-0.1535614 -0.0924926 0.4991404 0 255 0
0.1900799 -0.0624286 0.5551087 0 255 0
0.2114443 -0.0357355 0.5092949 0 255 0
-0.1828853 -0.0407676 0.5123770 0 255 0
0.3012305 -0.0856392 0.5707085 0 255 0
0.2812279 -0.1045995 0.5791640 0 255 0
0.2741943 -0.0600237 0.5337245 0 255 0
0.2673635 -0.0872321 0.5905714 0 255 0
0.2228650 -0.0303872 0.5000566 0 255 0
0.3223151 -0.0609293 0.5654042 0 255 0
0.2493817 0.0071655 0.4967731 0 255 0
0.3229813 -0.0497900 0.5596609 0 255 0
-0.1095911 -0.0820578 0.4859639 0 255 0
-0.1515220 -0.0137269 0.4925112 0 255 0
0.2848122 0.0198747 0.4935216 0 255 0
-0.0960285 -0.0447253 0.5307698 0 255 0
0.2228200 0.0436787 0.4749462 0 255 0
-0.1515085 0.0343979 0.5202473 0 255 0
-0.1844480 0.0368377 0.5201752 0 255 0
-0.0550670 -0.0536625 0.5090711 0 255 0
0.2563345 -0.0756510 0.5662099 0 255 0
0.2670599 -0.0689401 0.5447208 0 255 0
0.2443580 -0.1019190 0.5953025 0 255 0
0.1929440 0.0234495 0.4955470 0 255 0
-0.2427764 0.0262035 0.5275505 0 255 0
0.2095657 -0.0544401 0.5164471 0 255 0
0.2697011 0.0489643 0.4830520 0 255 0
-0.2116001 0.0494952 0.5120279 0 255 0
0.1966643 0.0469542 0.4632212 0 255 0
-0.2225890 0.0485924 0.5152124 0 255 0
0.2814949 -0.0507545 0.5286169 0 255 0
-0.0843095 -0.0598944 0.4914980 0 255 0
-0.1457975 -0.0787463 0.5088379 0 255 0
-0.1689109 -0.0819959 0.4994992 0 255 0
-0.2014186 0.0424097 0.5136427 0 255 0
0.2274513 0.0082144 0.4897175 0 255 0
-0.1965016 -0.0629964 0.5071743 0 255 0
0.2354637 -0.0184292 0.4944761 0 255 0
0.2241896 -0.0068204 0.4952059 0 255 0
-0.2066683 -0.0578851 0.5147086 0 255 0
-0.2480269 0.0114564 0.5335184 0 255 0
0.2328569 0.0070534 0.4890017 0 255 0
-0.1756870 0.0224548 0.5268499 0 255 0
-0.1692400 0.0273639 0.5260267 0 255 0
0.1976341 0.0417166 0.4655055 0 255 0
-0.1533373 0.0208676 0.5181757 0 255 0
0.3540503 -0.0123131 0.5313827 0 255 0
0.2816167 -0.0309107 0.5086699 0 255 0
-0.1085517 -0.0711000 0.4813549 0 255 0
0.2002444 0.0396131 0.4664964 0 255 0
0.2018353 -0.0081609 0.5061790 0 255 0
-0.0645943 -0.0488828 0.5494640 0 255 0
-0.1431593 0.0086646 0.5165538 0 255 0
0.1947762 0.0345215 0.4718142 0 255 0
0.1828969 -0.0779635 0.5734329 0 255 0
-0.1671843 -0.0603418 0.5049053 0 255 0
0.2061814 -0.0344582 0.5081071 0 255 0
0.2061635 -0.0599096 0.5327100 0 255 0
0.2119849 -0.0045304 0.4993073 0 255 0
0.3610827 -0.0451887 0.5679432 0 255 0
0.2660913 0.0129640 0.4953247 0 255 0
0.2665677 -0.0740639 0.5543309 0 255 0
-0.1553384 -0.0079584 0.4936199 0 255 0
0.3119566 -0.0719229 0.5682891 0 255 0
0.2890957 -0.0236674 0.5071309 0 255 0
-0.2268631 -0.0125776 0.5427962 0 255 0
-0.1194966 -0.0818121 0.4845092 0 255 0
0.3498577 -0.0134962 0.5288154 0 255 0
-0.1535541 -0.0855844 0.5068493 0 255 0
0.3319986 -0.0526002 0.5615836 0 255 0
-0.1261295 -0.0159003 0.4881768 0 255 0
0.2320132 0.0345046 0.4872301 0 255 0
-0.2139233 0.0342261 0.5176497 0 255 0
-0.0994469 -0.0471981 0.5039090 0 255 0
0.3270267 -0.0047371 0.5220857 0 255 0
0.2253362 0.0013180 0.4926312 0 255 0
-0.1662594 -0.0509303 0.5056964 0 255 0
-0.1520135 0.0037885 0.5137019 0 255 0
-0.2467204 -0.0036797 0.5472847 0 255 0
-0.1657810 -0.0022537 0.5152754 0 255 0
0.1881731 -0.0682587 0.5495402 0 255 0
-0.1241861 -0.0516952 0.5132916 0 255 0
0.1667482 0.0734380 0.4586782 0 255 0
-0.2326074 0.0001782 0.5473205 0 255 0
-0.1411376 -0.0021722 0.4966426 0 255 0
-0.1315574 -0.0555628 0.5046018 0 255 0
0.2419203 -0.0267632 0.4982136 0 255 0
0.3463344 -0.0399453 0.5508459 0 255 0
-0.1069298 0.0133852 0.5114175 0 255 0
-0.1570700 -0.0464038 0.4954280 0 255 0
0.2123937 0.0533399 0.4619659 0 255 0
0.2155648 -0.0320472 0.5077392 0 255 0
0.2743649 -0.0918786 0.5848155 0 255 0
-0.0772909 -0.0526210 0.5480572 0 255 0
-0.1756750 -0.0431765 0.5123898 0 255 0
0.2034447 -0.0396299 0.5132359 0 255 0
-0.1569770 -0.0884054 0.5025751 0 255 0
0.2896442 -0.1087803 0.5796867 0 255 0
-0.1922303 0.0593569 0.5247571 0 255 0
0.2785523 -0.0091773 0.4968168 0 255 0
-0.1246419 -0.0328350 0.5202216 0 255 0
0.2452520 -0.0173854 0.4978563 0 255 0
-0.1818644 0.0224543 0.5268363 0 255 0
-0.1140308 -0.0687359 0.4806417 0 255 0
0.2634117 -0.0673809 0.5424731 0 255 0
-0.0916925 -0.0709088 0.4878206 0 255 0
-0.1563767 -0.0535493 0.4969195 0 255 0
-0.0963494 -0.0132476 0.5190771 0 255 0
0.2019221 -0.0547695 0.5314182 0 255 0
-0.1655505 -0.0151096 0.4999712 0 255 0
-0.1165617 -0.0317395 0.5223094 0 255 0
-0.0411795 -0.0518353 0.5146822 0 255 0
0.2343597 0.0544125 0.4712551 0 255 0
-0.0937394 -0.0773847 0.4925605 0 255 0
-0.1270048 -0.0537708 0.5100980 0 255 0
-0.1822515 -0.0421029 0.5139804 0 255 0
-0.2041929 0.0272508 0.5238527 0 255 0
-0.0830927 -0.0679268 0.4911235 0 255 0
-0.1215952 -0.0657786 0.4838110 0 255 0
0.2478101 0.0334857 0.4890696 0 255 0
0.2269732 0.0036223 0.4911699 0 255 0
-0.2368544 0.0053313 0.5482314 0 255 0
0.3172371 -0.0109135 0.5241305 0 255 0
0.2005237 -0.0922269 0.5699829 0 255 0
-0.1708895 0.0333839 0.5235161 0 255 0
-0.1403934 -0.0079649 0.4940238 0 255 0
0.2836606 -0.0175206 0.5017276 0 255 0
-0.2079917 0.0026814 0.5335984 0 255 0
0.3298684 -0.0185990 0.5326088 0 255 0
-0.1901566 -0.0520607 0.5292683 0 255 0
-0.1316566 -0.0227481 0.4874321 0 255 0
-0.1741557 -0.0579231 0.5045052 0 255 0
0.1940802 0.0603011 0.4571347 0 255 0
-0.1784734 -0.0022768 0.5205520 0 255 0
0.2315376 0.0093445 0.4886394 0 255 0
-0.1168362 0.0107883 0.5024061 0 255 0
-0.1566026 -0.0358197 0.4939537 0 255 0
-0.1542898 -0.0253747 0.4939717 0 255 0
-0.1720709 -0.0285299 0.5088438 0 255 0
-0.0999230 -0.0156743 0.5186567 0 255 0
0.2111094 0.0502940 0.4639086 0 255 0
0.2774657 -0.0197726 0.4990566 0 255 0
0.2106887 0.0258385 0.4752384 0 255 0
0.2412820 -0.0021629 0.4945089 0 255 0
0.2204503 0.0526248 0.4652406 0 255 0
0.2861663 -0.1057762 0.5781571 0 255 0
-0.2472350 0.0065536 0.5427751 0 255 0
0.2579167 -0.0260269 0.5066689 0 255 0
0.2608778 -0.0677146 0.5451593 0 255 0
-0.1111355 -0.0157108 0.5198625 0 255 0
-0.2011157 -0.0438489 0.5352953 0 255 0
0.2065192 0.0205056 0.4811144 0 255 0
-0.0682366 -0.0586408 0.5005130 0 255 0
-0.1283272 -0.0067187 0.4878210 0 255 0
0.2728011 -0.0507526 0.5285979 0 255 0
-0.1339874 -0.0333515 0.4917883 0 255 0
0.2047274 0.0248104 0.4769402 0 255 0
-0.1089901 0.0133436 0.5098265 0 255 0
0.2449057 0.0312561 0.4901482 0 255 0
-0.1437613 0.0309024 0.5231560 0 255 0
0.2795855 -0.1107232 0.5900403 0 255 0
-0.1638885 -0.0485546 0.5057045 0 255 0
-0.1039528 -0.0321013 0.5085965 0 255 0
0.2680448 -0.0115115 0.4967909 0 255 0
-0.1088689 -0.0747108 0.4827616 0 255 0
-0.2402461 0.0115035 0.5357118 0 255 0
0.2293840 0.0333100 0.4865040 0 255 0
-0.2411848 -0.0062414 0.5463828 0 255 0
0.2894820 -0.0128542 0.5036616 0 255 0
-0.1042580 -0.0353850 0.5042996 0 255 0
-0.1955963 -0.0060221 0.5271909 0 255 0
0.2557002 0.0409554 0.4823028 0 255 0
-0.2195756 -0.0468184 0.5405357 0 255 0
0.3374835 -0.0096981 0.5250104 0 255 0
-0.1032614 0.0051495 0.5295346 0 255 0
0.2742347 -0.0296917 0.5082632 0 255 0
-0.1299054 -0.0395418 0.5120941 0 255 0
0.2019521 0.0076663 0.5314970 0 255 0
0.2128179 0.0401261 0.4725368 0 255 0
-0.1409895 -0.0992737 0.4920580 0 255 0
-0.1388935 -0.0570561 0.4969536 0 255 0
-0.2067266 -0.0261548 0.5335653 0 255 0
-0.1236314 -0.0926003 0.4873617 0 255 0
0.2183959 0.0071056 0.4926231 0 255 0
0.1997398 0.0126010 0.5289417 0 255 0
0.2062455 -0.0635948 0.5427966 0 255 0
0.3127741 -0.0818330 0.5722248 0 255 0
0.1866897 -0.0626152 0.5810488 0 255 0
-0.1710375 0.0475041 0.5165422 0 255 0
0.1880183 -0.0630417 0.5490882 0 255 0
0.2377663 -0.0389386 0.5042822 0 255 0
-0.1846657 -0.0336491 0.5139856 0 255 0
-0.1140311 -0.0676067 0.4806431 0 255 0
-0.1779727 0.0345580 0.5226692 0 255 0
-0.1677385 0.0285544 0.5251907 0 255 0
0.2587673 -0.0751996 0.5628307 0 255 0
-0.1843600 0.0438600 0.5165083 0 255 0
0.2019546 0.0322129 0.4704807 0 255 0
-0.1385016 -0.0217797 0.4914250 0 255 0
-0.1213623 -0.0427490 0.5218689 0 255 0
-0.0990714 -0.0770365 0.4903443 0 255 0
-0.2386827 0.0261619 0.5267133 0 255 0
0.2575245 -0.0246848 0.5035770 0 255 0
0.2868253 0.0117923 0.4949970 0 255 0
-0.1917750 0.0402488 0.5168912 0 255 0
-0.1759250 -0.0237840 0.5096307 0 255 0
0.2560017 0.0118173 0.4960462 0 255 0
0.2607826 0.0562091 0.4771055 0 255 0
0.1949930 0.0154611 0.5008094 0 255 0
0.2741539 -0.0221342 0.4994243 0 255 0
-0.1911781 0.0473882 0.5152826 0 255 0
-0.2109090 0.0627509 0.5222179 0 255 0
-0.1503063 -0.0965977 0.4961289 0 255 0
0.2137806 0.0566767 0.4626210 0 255 0
-0.1855744 0.0511426 0.5165147 0 255 0
0.2255792 0.0385705 0.4808277 0 255 0
0.2730648 -0.0010026 0.4953227 0 255 0
0.1810691 0.0591821 0.4567882 0 255 0
-0.0765807 -0.0636461 0.4937251 0 255 0
-0.1092508 -0.0386131 0.5000669 0 255 0
-0.1677954 0.0403164 0.5177598 0 255 0
-0.1178788 -0.0342206 0.5227146 0 255 0
0.3177838 -0.0608240 0.5644264 0 255 0
0.2104268 -0.0625655 0.5340113 0 255 0
-0.0778543 -0.0718731 0.4944549 0 255 0
0.2405639 0.0047946 0.4930372 0 255 0
-0.1101751 -0.0243189 0.5210903 0 255 0
0.1699907 0.0676262 0.4558273 0 255 0
-0.1743355 -0.0467517 0.5119874 0 255 0
0.3256229 -0.0412361 0.5507990 0 255 0
0.2192777 -0.0890162 0.5665961 0 255 0
0.2606321 0.0333639 0.4872913 0 255 0
-0.1291583 -0.0833152 0.4866391 0 255 0
-0.1679661 0.0503405 0.5337470 0 255 0
-0.1708696 -0.0556387 0.5052915 0 255 0
-0.2201772 0.0624141 0.5297741 0 255 0
0.2587418 -0.0649376 0.5433604 0 255 0
0.1906152 -0.0625610 0.5805453 0 255 0
0.2103711 -0.0199630 0.5038617 0 255 0
0.2684088 -0.0021664 0.4953111 0 255 0
-0.1596459 -0.0184937 0.4962067 0 255 0
-0.1445229 -0.0021706 0.4962602 0 255 0
0.2070406 0.0481805 0.4645505 0 255 0
-0.1513870 0.0294844 0.5198300 0 255 0
-0.2250152 -0.0468945 0.5414150 0 255 0
-0.1409497 0.0037827 0.5129244 0 255 0
-0.1462747 0.0172424 0.5190051 0 255 0
-0.1168676 -0.0044695 0.4925989 0 255 0
0.2926765 -0.0165182 0.5071489 0 255 0
0.2019888 -0.0117380 0.5065640 0 255 0
0.2329116 -0.0044599 0.4915390 0 255 0
-0.1334673 -0.0942298 0.4898793 0 255 0
0.2311384 -0.0352753 0.5027366 0 255 0
-0.1004242 0.0051956 0.5342746 0 255 0
0.2543084 -0.0310746 0.5113683 0 255 0
-0.1418676 -0.0561422 0.4992112 0 255 0
0.2600734 -0.0068472 0.4971537 0 255 0
0.3564345 -0.0286364 0.5330834 0 255 0
-0.1210338 -0.0136776 0.4907421 0 255 0
0.2556518 -0.0537424 0.5214518 0 255 0
0.1964024 0.0427801 0.4651758 0 255 0
-0.1225875 -0.0390704 0.5218707 0 255 0
0.2714166 -0.1077183 0.5964324 0 255 0
-0.1477569 0.0013574 0.5073653 0 255 0
0.1997114 0.0375264 0.4678125 0 255 0
-0.2306320 0.0090527 0.5396922 0 255 0
0.2204490 0.0504382 0.4652379 0 255 0
0.2362120 0.0470300 0.4749796 0 255 0
-0.2177960 -0.0237621 0.5361549 0 255 0
-0.1820761 -0.0727144 0.5002426 0 255 0
0.2555105 -0.0634822 0.5529247 0 255 0
0.2577403 -0.0021745 0.4971544 0 255 0
0.2126348 0.0182850 0.4821804 0 255 0
0.2194807 -0.0332920 0.5085297 0 255 0
0.3057655 -0.0888607 0.5741944 0 255 0
0.2344638 0.0161981 0.4875705 0 255 0
0.2432077 -0.0561452 0.5210094 0 255 0
0.3356201 -0.0250996 0.5378196 0 255 0
-0.2119339 0.0568034 0.5128356 0 255 0
0.2704983 -0.0808375 0.5652632 0 255 0
-0.1962286 -0.0498538 0.5322618 0 255 0
0.2057089 -0.0272321 0.5069426 0 255 0
0.3417286 -0.0109494 0.5258549 0 255 0
-0.1534696 -0.0440433 0.4950655 0 255 0
-0.1646101 0.0466920 0.5350535 0 255 0
0.2047146 -0.0520123 0.5164394 0 255 0
0.2450705 -0.0847938 0.5740634 0 255 0
-0.1782983 0.0162777 0.5272593 0 255 0
-0.1875917 0.0248698 0.5255625 0 255 0
-0.0470338 -0.0504275 0.5126649 0 255 0
-0.1635079 -0.0567404 0.5045301 0 255 0
0.2249891 -0.0878381 0.5675864 0 255 0
0.2755170 -0.0855567 0.5701586 0 255 0
-0.0747818 -0.0513767 0.5485216 0 255 0
0.2523472 -0.0703290 0.5662077 0 255 0
0.3485012 -0.0426409 0.5522308 0 255 0
-0.2403096 0.0053224 0.5473099 0 255 0
0.2707372 -0.0010026 0.4953177 0 255 0
0.2613756 -0.0340864 0.5206650 0 255 0
0.2141264 -0.0713241 0.5532856 0 255 0
0.2377477 -0.0560112 0.5197652 0 255 0
-0.2134563 -0.0390067 0.5379022 0 255 0
0.2739715 -0.1062220 0.5959005 0 255 0
0.1900023 0.0469197 0.4628815 0 255 0
-0.2384924 0.0273777 0.5262931 0 255 0
-0.2147654 -0.0073667 0.5348746 0 255 0
0.2536025 -0.0550541 0.5222719 0 255 0
-0.1412367 -0.0710802 0.5053375 0 255 0
-0.2186244 0.0521438 0.5144187 0 255 0
-0.2179795 -0.0124341 0.5366066 0 255 0
-0.1498364 -0.0537130 0.4984392 0 255 0
0.2573770 0.0279059 0.4919993 0 255 0
-0.1059739 0.0001669 0.5125995 0 255 0
-0.1168536 0.0083443 0.4974608 0 255 0
0.1871138 -0.0666774 0.5579181 0 255 0
0.1932642 0.0469205 0.4628886 0 255 0
-0.1242257 -0.0807913 0.4852156 0 255 0
-0.1450574 0.0172425 0.5190078 0 255 0
-0.1653195 0.0308015 0.5214482 0 255 0
0.2750486 -0.0115119 0.4968063 0 255 0
-0.0863631 -0.0526630 0.5484945 0 255 0
0.2789229 -0.1163388 0.5975201 0 255 0
0.2283656 0.0217813 0.4843440 0 255 0
-0.1901205 0.0510613 0.5156939 0 255 0
-0.1258843 -0.0422119 0.5153121 0 255 0
-0.0765217 -0.0717117 0.4933448 0 255 0
0.2751930 -0.0703383 0.5456387 0 255 0
0.3347289 -0.0290325 0.5404565 0 255 0
0.2789902 0.0535467 0.4834333 0 255 0
-0.1269834 0.0036246 0.4914818 0 255 0
0.1962704 0.0221356 0.4922229 0 255 0
0.2902898 -0.0212844 0.5071378 0 255 0
-0.1092041 -0.0606554 0.4792603 0 255 0
0.1754001 0.0525395 0.4644866 0 255 0
0.2692891 -0.0976442 0.5948249 0 255 0
-0.1985873 0.0559069 0.5156813 0 255 0
-0.1235208 -0.0291914 0.5206422 0 255 0
0.2506192 0.0419959 0.4812400 0 255 0
0.2177416 -0.0396014 0.5128664 0 255 0
-0.1226376 -0.0725446 0.4834444 0 255 0
-0.1065039 -0.0309538 0.5093806 0 255 0
-0.1434304 -0.0299286 0.4925089 0 255 0
-0.2168394 0.0618170 0.5247060 0 255 0
-0.1663947 -0.0343226 0.5061077 0 255 0
0.3103347 0.0001670 0.5127264 0 255 0
0.2923681 -0.1087814 0.5796927 0 255 0
-0.1522425 0.0221027 0.5185885 0 255 0
-0.1556398 0.0062514 0.5177443 0 255 0
0.2124133 -0.0199327 0.5030971 0 255 0
0.2814768 0.0633088 0.4799353 0 255 0
0.2277688 -0.0341194 0.5031118 0 255 0
-0.1240882 -0.0552699 0.5128868 0 255 0
-0.0977614 -0.0680592 0.4838606 0 255 0
-0.0534990 -0.0627938 0.5055432 0 255 0
-0.1421680 -0.0322190 0.4921400 0 255 0
0.2817259 -0.0867482 0.5691859 0 255 0
0.2081975 0.0512035 0.4622778 0 255 0
-0.2053780 -0.0671388 0.5114952 0 255 0
-0.1489765 0.0358450 0.5421345 0 255 0
0.3188378 -0.0594472 0.5639477 0 255 0
-0.1695585 -0.0740629 0.5014142 0 255 0
0.2919238 -0.0799273 0.5682353 0 255 0
-0.1490656 0.0270630 0.5202436 0 255 0
-0.1169532 -0.0114227 0.4929595 0 255 0
-0.1539451 -0.0195274 0.4928682 0 255 0
0.2581069 -0.1094112 0.5980254 0 255 0
-0.2227617 0.0449954 0.5156119 0 255 0
-0.2026801 0.0353884 0.5168597 0 255 0
-0.1002113 0.0014088 0.5265676 0 255 0
0.2317067 0.0047553 0.4889964 0 255 0
-0.0942101 -0.0194073 0.5207188 0 255 0
0.2721016 -0.0068270 0.4956856 0 255 0
0.2647406 -0.0583424 0.5298453 0 255 0
-0.1457423 -0.0252996 0.4925096 0 255 0
-0.1282056 -0.0868739 0.4873587 0 255 0
0.2370105 0.0128370 0.4904726 0 255 0
-0.1969597 -0.0583653 0.5083568 0 255 0
0.2163744 0.0193476 0.4804335 0 255 0
0.2839049 -0.0334300 0.5106384 0 255 0
-0.0619458 -0.0546036 0.5067036 0 255 0
-0.1518944 0.0025794 0.5132995 0 255 0
-0.0865514 -0.0575413 0.4911288 0 255 0
0.1949229 -0.0606915 0.5396631 0 255 0
0.3473375 -0.0412053 0.5503870 0 255 0
-0.1219548 -0.0636928 0.4852418 0 255 0
-0.1149860 -0.0091336 0.4944499 0 255 0
0.2637652 0.0152917 0.4953225 0 255 0
0.2203977 0.0160901 0.4843195 0 255 0
-0.1629815 -0.0010405 0.5140737 0 255 0
-0.2212086 -0.0314484 0.5383355 0 255 0
0.1802046 -0.0752684 0.5734303 0 255 0
-0.0855061 -0.0585205 0.5430514 0 255 0
-0.1057541 -0.0617373 0.4789173 0 255 0
0.2076173 -0.0431138 0.5116454 0 255 0
0.2598537 0.0508602 0.4795238 0 255 0
0.2331804 -0.0579159 0.5259716 0 255 0
0.2978177 -0.1060600 0.5797080 0 255 0
-0.1786159 0.0001696 0.5209675 0 255 0
0.2262299 -0.0436938 0.5185285 0 255 0
-0.2067394 -0.0647855 0.5118939 0 255 0
0.2758705 0.0209709 0.4920337 0 255 0
0.2653179 0.0001615 0.4960522 0 255 0
-0.1357470 0.0160743 0.5206714 0 255 0
-0.2266973 0.0274450 0.5275874 0 255 0
0.2501853 0.0569568 0.4739988 0 255 0
0.2639928 -0.0209915 0.5001584 0 255 0
0.2653526 0.0467270 0.4833911 0 255 0
0.1940823 0.0366079 0.4701335 0 255 0
0.3455869 -0.0249989 0.5356610 0 255 0
-0.2388240 -0.0011069 0.5468494 0 255 0
-0.2146308 -0.0532131 0.5283629 0 255 0
-0.1267938 0.0013129 0.4907480 0 255 0
0.2776891 0.0632157 0.4792300 0 255 0
0.3014136 -0.0972911 0.5761793 0 255 0
-0.1255637 -0.0339765 0.5189856 0 255 0
-0.1381048 -0.0736822 0.5069007 0 255 0
0.2008066 0.0037360 0.5065805 0 255 0
0.3273527 0.0147404 0.5167974 0 255 0
-0.1354980 -0.0606054 0.4973329 0 255 0
0.2647450 -0.0080155 0.4971625 0 255 0
0.2011437 0.0126112 0.5293697 0 255 0
-0.0997016 -0.0754902 0.4877973 0 255 0
-0.1546781 0.0306329 0.5185937 0 255 0
-0.2040067 0.0188443 0.5297542 0 255 0
0.2132245 -0.0259421 0.5050186 0 255 0
-0.1857551 0.0014015 0.5238612 0 255 0
-0.0986079 -0.0633258 0.4824464 0 255 0
-0.2406869 0.0225209 0.5283995 0 255 0
0.1875069 -0.0797571 0.5670255 0 255 0
0.2034538 -0.0782141 0.5560557 0 255 0
-0.1444790 -0.0252808 0.4921435 0 255 0
0.2960351 0.0212581 0.4987707 0 255 0
-0.1112962 -0.0782273 0.4834623 0 255 0
-0.0919996 -0.0284219 0.5290900 0 255 0
0.2038559 -0.0394763 0.5112463 0 255 0
-0.1225493 -0.0668166 0.4830962 0 255 0
0.2839928 -0.1205357 0.5905667 0 255 0
0.2999352 -0.0785947 0.5682545 0 255 0
0.3396881 -0.0263852 0.5382658 0 255 0
0.2856655 -0.1042349 0.5771452 0 255 0
-0.1800728 -0.0142483 0.5112198 0 255 0
0.3473595 -0.0454258 0.5545462 0 255 0
0.2179696 -0.0778979 0.5632161 0 255 0
0.2028699 -0.0421727 0.5148337 0 255 0
-0.1732405 -0.0532639 0.5052891 0 255 0
-0.1422509 -0.0970340 0.4924269 0 255 0
0.3222441 -0.0251392 0.5386686 0 255 0
0.3041178 0.0013601 0.5083685 0 255 0
-0.0560442 -0.0582213 0.5071028 0 255 0
-0.2372545 0.0176683 0.5318242 0 255 0
-0.1425721 -0.0949337 0.4935387 0 255 0
-0.1082383 -0.0584890 0.4799651 0 255 0
0.2198895 0.0093858 0.4907959 0 255 0
-0.1225490 -0.0679515 0.4830948 0 255 0
0.1829301 0.0363567 0.4814350 0 255 0
-0.1954730 0.0633086 0.5268586 0 255 0
-0.1322988 -0.0607442 0.4984716 0 255 0
-0.1132322 -0.0745998 0.4820440 0 255 0
0.3191119 -0.0581721 0.5644326 0 255 0
-0.1120654 -0.0472213 0.4918179 0 255 0
-0.1297875 -0.0570114 0.5069396 0 255 0
0.2549759 0.0507852 0.4788172 0 255 0
0.2233477 0.0082326 0.4908020 0 255 0
-0.1884338 -0.0227976 0.5143933 0 255 0
0.1680070 0.0690084 0.4651436 0 255 0
-0.0941108 -0.0582114 0.5070166 0 255 0
-0.0832812 -0.0588279 0.4922376 0 255 0
-0.2083253 0.0543939 0.5128405 0 255 0
0.1908577 0.0581516 0.4571250 0 255 0
0.1939781 -0.0718941 0.5477235 0 255 0
0.2262167 -0.0315387 0.4996836 0 255 0
0.2109094 0.0483175 0.4658715 0 255 0
0.2666235 0.0255947 0.4920167 0 255 0
-0.2447976 0.0238005 0.5292438 0 255 0
0.2742956 -0.0955591 0.5905764 0 255 0
-0.1153358 0.0013269 0.4959542 0 255 0
-0.1178464 -0.0576532 0.4824087 0 255 0
-0.1031409 -0.0502763 0.4878210 0 255 0
-0.1212658 -0.0439403 0.5214536 0 255 0
-0.1654860 -0.0743479 0.5033441 0 255 0
-0.1937515 0.0076290 0.5289097 0 255 0
0.3374880 -0.0211879 0.5347795 0 255 0
-0.1384094 0.0185505 0.5214949 0 255 0
0.1922033 -0.0734854 0.5500014 0 255 0
-0.1223087 -0.0867476 0.4866499 0 255 0
0.3237309 -0.0371364 0.5475987 0 255 0
0.2117154 -0.0223479 0.5042471 0 255 0
-0.2410731 0.0200698 0.5292473 0 255 0
-0.1722544 0.0175312 0.5276976 0 255 0
0.1871344 0.0459280 0.4638507 0 255 0
0.2011048 0.0219072 0.4871442 0 255 0
0.3103527 -0.0788698 0.5702432 0 255 0
-0.1401820 -0.0102711 0.4932798 0 255 0
-0.1447986 -0.0392443 0.4932323 0 255 0
0.2231922 -0.0103188 0.4955716 0 255 0
-0.1834407 0.0524393 0.5173343 0 255 0
0.2163442 -0.0127238 0.4985516 0 255 0
0.1883297 -0.0696079 0.5499977 0 255 0
-0.2345852 -0.0049535 0.5459447 0 255 0
0.2109726 -0.0033597 0.4996850 0 255 0
0.2216991 0.0515682 0.4655704 0 255 0
-0.2089915 -0.0325814 0.5361633 0 255 0
-0.1733538 0.0199950 0.5272748 0 255 0
0.3082001 0.0240025 0.5072330 0 255 0
-0.1878465 0.0450377 0.5160965 0 255 0
-0.2272490 0.0078426 0.5437195 0 255 0
0.2262543 0.0183802 0.4846911 0 255 0
0.1818047 0.0414981 0.4755361 0 255 0
0.1926818 0.0306342 0.4803956 0 255 0
0.2367295 -0.0506471 0.5148975 0 255 0
0.1981232 0.0061072 0.5058001 0 255 0
-0.1765523 -0.0059228 0.5184976 0 255 0
0.3571148 -0.0223376 0.5322328 0 255 0
0.2558529 0.0323376 0.4890859 0 255 0
-0.1630634 0.0318253 0.5181679 0 255 0
0.2028163 0.0037075 0.5027216 0 255 0
-0.1339439 -0.0204573 0.4874299 0 255 0
0.1982311 0.0241251 0.4857053 0 255 0
-0.1796593 0.0511841 0.5169341 0 255 0
-0.1831799 -0.0203330 0.5132023 0 255 0
0.2052802 0.0141029 0.4944476 0 255 0
0.2916386 0.0246991 0.4972618 0 255 0
-0.2072488 0.0102294 0.5349130 0 255 0
0.1994002 0.0449038 0.4645297 0 255 0
0.1830945 0.0500760 0.4618977 0 255 0
0.3201648 -0.0567976 0.5639539 0 255 0
0.2010957 -0.0606434 0.5392349 0 255 0
-0.1988765 0.0163418 0.5293355 0 255 0
0.2345867 -0.0125728 0.4926343 0 255 0
0.1842895 0.0624036 0.4567992 0 255 0
0.2222252 -0.0448408 0.5177037 0 255 0
0.1856192 0.0736447 0.4738780 0 255 0
0.2119580 0.0258573 0.4755840 0 255 0
0.3266425 -0.0291030 0.5417704 0 255 0
-0.1706085 0.0516362 0.5341766 0 255 0
-0.1174049 -0.0545736 0.4852631 0 255 0
0.2055397 0.0216518 0.4814649 0 255 0
0.2800481 -0.0010026 0.4953380 0 255 0
0.2589752 -0.0689105 0.5547873 0 255 0
-0.1294997 -0.0466155 0.5104949 0 255 0
0.1987817 0.0333418 0.4708110 0 255 0
0.2728460 0.0543627 0.4806043 0 255 0
0.1833106 -0.0691957 0.5789900 0 255 0
-0.2124343 0.0014322 0.5353266 0 255 0
0.2445016 0.0577790 0.4716183 0 255 0
0.2706379 -0.0737550 0.5520189 0 255 0
-0.1092028 -0.0651591 0.4792548 0 255 0
0.2364569 0.0439344 0.4777266 0 255 0
-0.1685219 -0.0935169 0.4983487 0 255 0
0.2889061 -0.0045423 0.5006155 0 255 0
0.1864381 0.0449327 0.4648288 0 255 0
0.3201938 -0.0238150 0.5373493 0 255 0
0.3062919 0.0120556 0.5060471 0 255 0
-0.1792854 -0.0299332 0.5123984 0 255 0
0.2771529 0.0278048 0.4902171 0 255 0
-0.1896484 0.0390960 0.5177091 0 255 0
0.2688907 0.0289342 0.4898364 0 255 0
-0.2255566 -0.0175775 0.5396703 0 255 0
-0.1924838 -0.0723622 0.5059991 0 255 0
0.1796687 0.0572725 0.4586866 0 255 0
-0.2217644 -0.0099693 0.5396881 0 255 0
-0.1465508 -0.0561411 0.4992008 0 255 0
-0.1063388 -0.0321009 0.5085913 0 255 0
-0.1675330 0.0438975 0.5169502 0 255 0
0.2824888 0.0140761 0.4935093 0 255 0
0.2144200 -0.0508010 0.5164622 0 255 0
0.2036767 0.0407389 0.4668355 0 255 0
-0.0780295 -0.0743637 0.4955671 0 255 0
-0.1304190 -0.0158646 0.4870821 0 255 0
0.2624615 -0.0596346 0.5302650 0 255 0
0.2681716 -0.0258691 0.5035973 0 255 0
-0.2106821 -0.0537634 0.5216561 0 255 0
-0.2006314 -0.0311955 0.5340064 0 255 0
-0.1801313 0.0598378 0.5290087 0 255 0
0.3379857 -0.0277176 0.5395812 0 255 0
-0.1963229 0.0559514 0.5160914 0 255 0
0.2294324 -0.0952451 0.5720226 0 255 0
-0.0472552 -0.0470339 0.5150779 0 255 0
-0.0504847 -0.0526714 0.5110607 0 255 0
-0.1180137 -0.0770325 0.4830935 0 255 0
0.1854888 -0.0626702 0.5815592 0 255 0
0.2319551 -0.0436262 0.5177265 0 255 0
0.2654499 -0.0640941 0.5363027 0 255 0
-0.2168864 0.0014451 0.5401569 0 255 0
-0.1832435 0.0150384 0.5272469 0 255 0
0.3346379 -0.0526007 0.5615895 0 255 0
-0.1541722 -0.0299946 0.4935952 0 255 0
0.2129739 0.0128452 0.4907850 0 255 0
-0.0684456 -0.0552813 0.5020455 0 255 0
0.2523168 0.0141377 0.4956682 0 255 0
0.2644728 -0.0466515 0.5243832 0 255 0
0.1854883 -0.0640366 0.5815575 0 255 0
-0.1608566 0.0137897 0.5268718 0 255 0
0.2591100 0.0301510 0.4909075 0 255 0
0.2503119 -0.0127257 0.4986260 0 255 0
0.2296530 -0.0207522 0.4944579 0 255 0
0.2757275 -0.0508348 0.5294532 0 255 0
-0.1327051 -0.0468322 0.5000026 0 255 0
-0.0950548 -0.0217680 0.5186598 0 255 0
0.2016918 -0.0824807 0.5584034 0 255 0
-0.1111402 -0.0520261 0.4827847 0 255 0
-0.2206715 -0.0212770 0.5370285 0 255 0
-0.1804235 0.0333294 0.5226623 0 255 0
-0.1469021 -0.0125699 0.4925228 0 255 0
-0.1119496 0.0048783 0.5016428 0 255 0
0.2623034 -0.0962443 0.5948113 0 255 0
0.2146052 0.0105624 0.4918841 0 255 0
0.2330271 0.0024591 0.4893593 0 255 0
-0.0974136 -0.0120090 0.5182579 0 255 0
-0.1995367 -0.0412665 0.5344309 0 255 0
0.3374299 -0.0147380 0.5287882 0 255 0
0.2807455 -0.0926561 0.5726354 0 255 0
0.2703902 0.0311441 0.4883921 0 255 0
-0.1034944 -0.0034845 0.5182551 0 255 0
0.2346971 -0.0021452 0.4904491 0 255 0
0.2911958 0.0199949 0.4965067 0 255 0
0.2541869 -0.0579209 0.5260177 0 255 0
0.2275577 -0.0384279 0.5132887 0 255 0
0.2857368 -0.0880867 0.5691930 0 255 0
-0.1401545 -0.0825263 0.5100307 0 255 0
0.2319756 -0.0219143 0.4944616 0 255 0
-0.1724693 -0.0333897 0.5100221 0 255 0
0.2813703 0.0590118 0.4816810 0 255 0
-0.1592894 0.0245006 0.5177588 0 255 0
0.2263518 -0.0950789 0.5710243 0 255 0
-0.2465180 0.0014630 0.5468357 0 255 0
0.1926705 0.0275688 0.4860555 0 255 0
0.3196048 -0.0371050 0.5471353 0 255 0
-0.1504757 -0.0241600 0.4928700 0 255 0
0.2125695 0.0236905 0.4769559 0 255 0
-0.1670366 0.0187415 0.5268643 0 255 0
-0.1484618 -0.0711326 0.5057105 0 255 0
-0.1557688 0.0233026 0.5181733 0 255 0
0.2457505 0.0356517 0.4872616 0 255 0
-0.1919193 0.0608820 0.5272862 0 255 0
-0.1255476 -0.0854765 0.4859246 0 255 0
-0.1632279 -0.0943320 0.4964758 0 255 0
-0.0974550 -0.0562449 0.5457332 0 255 0
-0.1993786 -0.0324504 0.5340075 0 255 0
-0.2333065 -0.0023879 0.5459507 0 255 0
0.2493789 0.0024963 0.4967674 0 255 0
0.2808400 -0.1181833 0.5926877 0 255 0
-0.1626841 0.0451132 0.5169623 0 255 0
-0.2234588 0.0378441 0.5172256 0 255 0
0.2598803 -0.0021729 0.4967846 0 255 0
0.2625383 -0.1005272 0.5953440 0 255 0
-0.1900488 0.0075804 0.5255357 0 255 0
0.2112907 -0.0080683 0.5004385 0 255 0
0.2194356 -0.0523436 0.5197296 0 255 0
0.2102392 0.0094699 0.4951955 0 255 0
-0.2059137 0.0411375 0.5128294 0 255 0
-0.2130885 0.0249669 0.5276143 0 255 0
0.2026014 0.0186107 0.4907694 0 255 0
0.2659761 -0.0759404 0.5585525 0 255 0
-0.1236183 -0.0304388 0.5210532 0 255 0
-0.1539236 -0.0621448 0.5003176 0 255 0
-0.1633548 0.0466921 0.5350547 0 255 0
0.1994263 -0.0535204 0.5314143 0 255 0
-0.0684700 -0.0526673 0.5110211 0 255 0
-0.1760742 -0.0785327 0.4998679 0 255 0
0.3164831 -0.0650800 0.5668417 0 255 0
-0.0970542 -0.0706449 0.4860056 0 255 0
-0.0647629 -0.0598632 0.5009004 0 255 0
-0.2514936 0.0052608 0.5409754 0 255 0
-0.2272062 0.0298287 0.5258995 0 255 0
0.2550210 -0.0712925 0.5633085 0 255 0
0.2961845 -0.0799975 0.5687348 0 255 0
0.2756920 -0.0270946 0.5043826 0 255 0
0.1994644 0.0061119 0.5061915 0 255 0
0.3039415 -0.0772609 0.5682650 0 255 0
-0.1431896 -0.1015085 0.4916821 0 255 0
-0.0819405 -0.0679272 0.4911260 0 255 0
0.2571456 -0.0138872 0.4982628 0 255 0
0.2724108 -0.0284315 0.5070884 0 255 0
0.2528294 0.0355217 0.4854840 0 255 0
0.2858091 -0.0585829 0.5320290 0 255 0
0.2164777 -0.0595284 0.5184876 0 255 0
-0.1079740 -0.0760128 0.4838282 0 255 0
0.2534341 -0.0733043 0.5686464 0 255 0
0.2833000 -0.0481553 0.5273585 0 255 0
0.2494865 0.0408646 0.4812337 0 255 0
-0.0938790 -0.0798181 0.4932940 0 255 0
0.2818361 -0.0468785 0.5269354 0 255 0
0.2838137 -0.1013451 0.5761356 0 255 0
-0.1717807 -0.0704744 0.5010313 0 255 0
0.2370772 -0.0567263 0.5264018 0 255 0
0.3151512 -0.0650797 0.5668387 0 255 0
0.2341263 -0.0184153 0.4941027 0 255 0
0.2717159 0.0532329 0.4806004 0 255 0
-0.2007858 -0.0500556 0.5344172 0 255 0
0.1954553 0.0375524 0.4681366 0 255 0
0.2751886 -0.0967734 0.5895202 0 255 0
-0.0969612 -0.0420951 0.5290622 0 255 0
0.2538714 0.0539259 0.4767429 0 255 0
-0.2103989 0.0482921 0.5120290 0 255 0
-0.2208314 -0.0538177 0.5343657 0 255 0
0.2560674 -0.0511304 0.5198114 0 255 0
0.2311190 -0.0881439 0.5695623 0 255 0
0.2557777 -0.0632432 0.5397961 0 255 0
-0.2226499 -0.0378034 0.5387661 0 255 0
-0.1577022 -0.0840683 0.5048967 0 255 0
0.2714300 0.0467968 0.4841137 0 255 0
-0.1596464 -0.0173278 0.4962081 0 255 0
-0.0436292 -0.0494550 0.5150829 0 255 0
-0.1058119 -0.0398189 0.5004537 0 255 0
-0.1455209 0.0333802 0.5434839 0 255 0
-0.1181001 -0.0782249 0.4834473 0 255 0
-0.1617217 0.0342338 0.5177656 0 255 0
-0.0780559 -0.0548304 0.5444216 0 255 0
-0.1397447 -0.0499372 0.4958356 0 255 0
-0.1281338 -0.0170093 0.4870857 0 255 0
-0.1634260 -0.0833615 0.5006518 0 255 0
-0.0906118 -0.0776764 0.4944171 0 255 0
0.1877662 0.0571161 0.4574339 0 255 0
0.2132204 -0.0887090 0.5646405 0 255 0
0.2726628 0.0106205 0.4945934 0 255 0
-0.1550857 -0.0915280 0.5002787 0 255 0
-0.2034184 0.0151587 0.5314653 0 255 0
-0.1389701 0.0148037 0.5190182 0 255 0
-0.1606306 0.0257374 0.5181657 0 255 0
-0.1526779 -0.0114124 0.4925116 0 255 0
-0.1311331 -0.0338422 0.5169339 0 255 0
0.2269962 -0.0102804 0.4937271 0 255 0
0.2674515 0.0059851 0.4956912 0 255 0
-0.1352066 -0.0710274 0.5049624 0 255 0
0.2017561 -0.0621138 0.5410057 0 255 0
0.2101416 0.0128834 0.4922445 0 255 0
-0.2438786 0.0114380 0.5326620 0 255 0
-0.1608584 0.0187420 0.5268779 0 255 0
-0.0932462 -0.0048009 0.5291181 0 255 0
-0.1325033 0.0198077 0.5223355 0 255 0
-0.2228446 0.0152935 0.5361922 0 255 0
0.1668663 0.0778042 0.4590031 0 255 0
0.2604448 -0.1064092 0.5969504 0 255 0
0.2852593 -0.0411706 0.5174427 0 255 0
-0.1230601 -0.0147974 0.4896396 0 255 0
0.3093567 -0.0131978 0.5171259 0 255 0
-0.1453804 -0.0549685 0.4992049 0 255 0
0.2878805 -0.0503525 0.5244300 0 255 0
0.2788884 -0.1001648 0.5771354 0 255 0
0.3228132 -0.0594482 0.5639564 0 255 0
0.2583508 0.0487478 0.4809159 0 255 0
-0.1166013 -0.0867498 0.4866625 0 255 0
-0.1679779 -0.0684870 0.5037318 0 255 0
0.2271221 -0.0475358 0.5205733 0 255 0
-0.1024558 -0.0544968 0.4845805 0 255 0
0.2683903 -0.0343587 0.5248244 0 255 0
-0.1372460 -0.0229173 0.4910591 0 255 0
0.2736342 0.0368558 0.4880450 0 255 0
0.1894958 0.0540788 0.4590234 0 255 0
-0.1058474 -0.0331421 0.5062408 0 255 0
0.2233551 0.0001607 0.4933626 0 255 0
0.2313303 0.0366860 0.4857959 0 255 0
0.2869205 -0.1087792 0.5796807 0 255 0
0.1985259 0.0312630 0.4728333 0 255 0
-0.1422766 -0.0264572 0.4925158 0 255 0
0.2569578 -0.0056875 0.4978989 0 255 0
-0.1384806 0.0001627 0.4996720 0 255 0
-0.1298276 -0.0917928 0.4891608 0 255 0
0.3210194 0.0050214 0.5163645 0 255 0
0.2486369 0.0152907 0.4952893 0 255 0
0.1900521 -0.0772951 0.5588580 0 255 0
0.2181941 -0.0068511 0.4974343 0 255 0
0.2101830 -0.0455539 0.5120456 0 255 0
-0.1722935 -0.0831049 0.4991108 0 255 0
0.1990043 0.0673536 0.4766368 0 255 0
0.2800353 -0.0420268 0.5282037 0 255 0
0.2014243 0.0311963 0.4718247 0 255 0
0.1865692 0.0438713 0.4651556 0 255 0
-0.2060708 0.0014230 0.5318727 0 255 0
0.1990688 -0.0824798 0.5583977 0 255 0
0.2752866 -0.0482693 0.5286064 0 255 0
0.2288028 -0.0079424 0.4926273 0 255 0
-0.0965759 -0.0526167 0.5480120 0 255 0
0.3199852 0.0146254 0.5127653 0 255 0
-0.1796788 0.0162907 0.5276797 0 255 0
0.2257650 -0.0934942 0.5695440 0 255 0
0.2309873 -0.0219306 0.4948305 0 255 0
-0.1665385 -0.0754723 0.5029550 0 255 0
0.2537006 -0.0659984 0.5633121 0 255 0
0.2352211 -0.0044599 0.4915441 0 255 0
0.1923805 0.0276912 0.4882144 0 255 0
-0.1857374 0.0621228 0.5273013 0 255 0
-0.2300671 0.0415876 0.5184403 0 255 0
-0.1839733 -0.0485963 0.5188364 0 255 0
-0.1115324 -0.0652060 0.4795993 0 255 0
0.2137781 0.0523279 0.4626156 0 255 0
0.2100055 -0.0678125 0.5459481 0 255 0
0.3071574 -0.0690727 0.5668163 0 255 0
0.1985823 0.0282536 0.4783147 0 255 0
-0.1260385 -0.0078650 0.4878246 0 255 0
-0.1447240 -0.0488818 0.4969510 0 255 0
0.2189003 0.0105468 0.4911608 0 255 0
0.2117060 0.0367945 0.4725302 0 255 0
0.3556542 -0.0300344 0.5356768 0 255 0
0.2138662 -0.0981827 0.5734788 0 255 0
-0.0979050 -0.0487811 0.5342117 0 255 0
-0.0457232 -0.0575201 0.5114627 0 255 0
-0.1965515 0.0644947 0.5264356 0 255 0
-0.2368641 0.0115225 0.5365947 0 255 0
-0.1929551 -0.0449615 0.5335724 0 255 0
-0.1318316 -0.0516492 0.5011425 0 255 0
-0.1451041 -0.0973977 0.4942728 0 255 0
-0.1050911 -0.0574881 0.4810271 0 255 0
0.2624096 -0.0068473 0.4971588 0 255 0
-0.1100895 -0.0181826 0.5206854 0 255 0
-0.1772049 0.0187708 0.5276883 0 255 0
-0.1385817 -0.0499374 0.4958381 0 255 0
-0.1934562 0.0589798 0.5214227 0 255 0
-0.1776485 -0.0857738 0.5009994 0 255 0
-0.1977071 0.0331425 0.5197300 0 255 0
-0.0687080 -0.0543091 0.5039703 0 255 0
-0.1317528 -0.0273494 0.4877879 0 255 0
0.1835827 0.0382840 0.4772570 0 255 0
0.1831736 0.0421600 0.4704532 0 255 0
0.2194311 0.0182856 0.4821953 0 255 0
0.2499365 -0.0080271 0.4978781 0 255 0
-0.1316220 -0.0312410 0.5141053 0 255 0
0.2688900 0.0277831 0.4898350 0 255 0
-0.1176031 -0.0206615 0.5214920 0 255 0
0.2595814 -0.0645124 0.5398028 0 255 0
0.2654628 0.0618614 0.4774680 0 255 0
0.2784638 0.0502486 0.4844913 0 255 0
0.2090071 -0.0570454 0.5180666 0 255 0
-0.2143795 0.0630508 0.5247130 0 255 0
0.2110138 -0.0259618 0.5054010 0 255 0
0.2678934 -0.0948489 0.5948253 0 255 0
-0.2007590 0.0051640 0.5310291 0 255 0
-0.2066444 -0.0351299 0.5366034 0 255 0
-0.2029614 -0.0512274 0.5335426 0 255 0
-0.1490980 -0.0194986 0.4921406 0 255 0
-0.2415396 0.0262037 0.5275533 0 255 0
-0.1796556 0.0426806 0.5169235 0 255 0
-0.1988852 -0.0511452 0.5326861 0 255 0
-0.1700837 -0.0784751 0.4995010 0 255 0
0.2530641 0.0420268 0.4815942 0 255 0
0.2348713 -0.0033000 0.4908130 0 255 0
0.1935266 0.0275283 0.4853417 0 255 0
-0.1100013 -0.0747105 0.4827591 0 255 0
0.2051638 0.0542338 0.4603393 0 255 0
0.3489214 -0.0425342 0.5508484 0 255 0
0.2420831 0.0024813 0.4937759 0 255 0
0.2436436 -0.0268242 0.4993491 0 255 0
0.2823982 -0.0559017 0.5303133 0 255 0
0.2902505 -0.0882406 0.5701876 0 255 0
-0.1949626 0.0355293 0.5189180 0 255 0
-0.1265095 -0.0021416 0.4896477 0 255 0
-0.1162644 0.0169764 0.5498903 0 255 0
-0.0456169 -0.0561874 0.5102739 0 255 0
-0.1075497 -0.0822409 0.4870487 0 255 0
0.3047286 -0.0801384 0.5697365 0 255 0
-0.0908168 -0.0745685 0.4892705 0 255 0
-0.1833134 -0.0420697 0.5135763 0 255 0
-0.1831488 0.0438602 0.5165110 0 255 0
0.3180897 -0.0638035 0.5673345 0 255 0
0.3229284 -0.0331938 0.5462412 0 255 0
-0.1303016 -0.0775986 0.4866437 0 255 0
-0.0785110 -0.0538635 0.5475964 0 255 0
0.2695812 0.0106364 0.4953295 0 255 0
-0.1946667 0.0586074 0.5181304 0 255 0
-0.2054263 0.0342273 0.5176668 0 255 0
0.1688802 0.0663081 0.4615633 0 255 0
0.2221900 -0.0196487 0.4959307 0 255 0
0.1953643 -0.0632571 0.5744787 0 255 0
-0.1626452 -0.0304973 0.5018680 0 255 0
-0.0993338 -0.0729277 0.4859978 0 255 0
-0.1534411 -0.0736205 0.5064763 0 255 0
0.2858475 -0.1195723 0.5858464 0 255 0
-0.2071210 0.0507786 0.5128387 0 255 0
0.2578860 -0.0753280 0.5637916 0 255 0
-0.1091773 -0.0428240 0.4944195 0 255 0
0.2257410 -0.0822919 0.5661317 0 255 0
0.2672528 0.0094723 0.4953229 0 255 0
-0.1587195 -0.0243600 0.4969520 0 255 0
0.3207531 -0.0678029 0.5673354 0 255 0
0.2627982 0.0141384 0.4956911 0 255 0
0.2593035 0.0129734 0.4956820 0 255 0
0.1811228 0.0541520 0.4596450 0 255 0
0.2844729 -0.1168192 0.5858468 0 255 0
-0.1662585 -0.0533065 0.5056934 0 255 0
0.2581062 -0.1108161 0.5980237 0 255 0
0.1703557 0.0705476 0.4539492 0 255 0
0.2364926 0.0300585 0.4894010 0 255 0
-0.1361075 0.0271526 0.5466582 0 255 0
-0.1624441 -0.0698328 0.5049039 0 255 0
-0.1277974 -0.0327052 0.5181655 0 255 0
0.2359211 -0.0114238 0.4930070 0 255 0
-0.1569890 0.0366969 0.5181873 0 255 0
-0.1543189 0.0432030 0.5385779 0 255 0
-0.1980814 0.0212318 0.5272192 0 255 0
-0.1598205 -0.0010357 0.5116788 0 255 0
0.1973956 -0.0791844 0.5537043 0 255 0
-0.1926912 0.0535265 0.5160964 0 255 0
-0.0525963 -0.0571627 0.5082851 0 255 0
0.2268817 -0.0397266 0.5144875 0 255 0
0.3193080 0.0062250 0.5155579 0 255 0
-0.2403075 0.0014642 0.5473052 0 255 0
0.2377209 -0.0669173 0.5599254 0 255 0
0.2207431 0.0405635 0.4776880 0 255 0
-0.2005947 0.0001728 0.5305943 0 255 0
-0.0635871 -0.0633939 0.5008986 0 255 0
-0.2069793 -0.0415014 0.5374731 0 255 0
0.2363916 0.0221067 0.4915794 0 255 0
0.3281173 0.0074717 0.5180045 0 255 0
0.2900898 -0.0771238 0.5672567 0 255 0
-0.2271330 0.0343868 0.5200799 0 255 0
0.3172630 -0.0146662 0.5262135 0 255 0
-0.2147114 -0.0516442 0.5378838 0 255 0
-0.1141698 -0.0079959 0.4959452 0 255 0
0.2566785 0.0593999 0.4757247 0 255 0
-0.1117796 -0.0563150 0.4806620 0 255 0
-0.1710219 -0.0069655 0.5057419 0 255 0
-0.2010862 0.0101717 0.5318945 0 255 0
-0.1456706 -0.0453104 0.4962027 0 255 0
-0.1419845 0.0298156 0.5256689 0 255 0
0.3132927 -0.0705881 0.5682937 0 255 0
-0.1740669 -0.0418750 0.5111988 0 255 0
0.2181223 0.0160899 0.4843145 0 255 0
0.2282953 0.0001601 0.4915346 0 255 0
-0.1718442 0.0261484 0.5264409 0 255 0
-0.1378518 -0.0010068 0.4974031 0 255 0
-0.1026075 -0.0641286 0.4799705 0 255 0
0.2341890 0.0231580 0.4893874 0 255 0
-0.2426725 0.0027480 0.5468458 0 255 0
-0.2011981 0.0188141 0.5289072 0 255 0
0.2019518 0.0260061 0.4783193 0 255 0
-0.2155368 0.0483665 0.5128172 0 255 0
-0.1722493 0.0368396 0.5202021 0 255 0
0.2235815 0.0495553 0.4672206 0 255 0
0.2808340 -0.1207697 0.5986046 0 255 0
-0.1212204 0.0047796 0.4914984 0 255 0
-0.1773869 -0.0656643 0.5002617 0 255 0
0.2379960 0.0301033 0.4901316 0 255 0
-0.2291411 0.0040432 0.5482467 0 255 0
-0.1597150 -0.0519201 0.5037706 0 255 0
0.2013396 0.0385171 0.4664975 0 255 0
0.2435063 0.0279042 0.4919689 0 255 0
0.2732663 -0.0068270 0.4956882 0 255 0
0.1882450 0.0321606 0.4864100 0 255 0
0.1908744 0.0348197 0.4758895 0 255 0
0.2107778 0.0172781 0.4857243 0 255 0
0.2672566 0.0152920 0.4953302 0 255 0
0.2729839 0.0597923 0.4788677 0 255 0
0.2911974 0.0223284 0.4965096 0 255 0
0.1985127 0.0592691 0.4574602 0 255 0
0.3159352 -0.0046996 0.5179628 0 255 0
-0.1733884 -0.0200366 0.5057205 0 255 0
0.2861568 -0.0437395 0.5190707 0 255 0
0.2030208 -0.0152970 0.5061728 0 255 0
0.2742189 -0.1077194 0.5964386 0 255 0
0.2349709 -0.0469076 0.5136945 0 255 0
0.3074569 0.0025625 0.5099490 0 255 0
-0.1190096 -0.0391020 0.5222933 0 255 0
0.2950271 -0.1119986 0.5822554 0 255 0
-0.1271793 -0.0181808 0.4878093 0 255 0
-0.1316570 -0.0216028 0.4874335 0 255 0
-0.1999335 0.0619203 0.5255828 0 255 0
-0.2185280 0.0140798 0.5379568 0 255 0
0.2168476 -0.0483747 0.5164706 0 255 0
0.2047538 0.0174446 0.4904076 0 255 0
-0.1245056 -0.0672609 0.4863091 0 255 0
0.2647193 -0.0689964 0.5451661 0 255 0
-0.1261291 -0.0170473 0.4881754 0 255 0
-0.1279063 -0.0626287 0.5042139 0 255 0
0.2685649 -0.0931998 0.5932252 0 255 0
0.2331562 -0.0417545 0.5097274 0 255 0
0.3173319 0.0194297 0.5123673 0 255 0
0.2604474 -0.0663240 0.5442597 0 255 0
0.2196671 -0.0806827 0.5641810 0 255 0
-0.1927933 -0.0517681 0.5262939 0 255 0
0.2877765 -0.1072291 0.5786665 0 255 0
0.1996169 0.0531135 0.4600047 0 255 0
-0.1017051 -0.0608794 0.4810303 0 255 0
0.2720233 -0.0705125 0.5469898 0 255 0
-0.1367015 0.0037652 0.5105457 0 255 0
-0.1444769 -0.0310623 0.4921364 0 255 0
-0.2232982 0.0343602 0.5196767 0 255 0
0.2787327 -0.0642547 0.5376466 0 255 0
-0.0825030 -0.0513751 0.5485046 0 255 0
-0.1979581 -0.0487213 0.5335567 0 255 0
-0.1140851 -0.0033321 0.4955773 0 255 0
0.2610483 -0.0010056 0.4967886 0 255 0
0.2435473 0.0473727 0.4784407 0 255 0
0.3378110 -0.0173061 0.5313394 0 255 0
-0.0980494 -0.0705403 0.4852859 0 255 0
0.1872286 0.0429295 0.4667997 0 255 0
0.2103151 0.0492730 0.4645590 0 255 0
0.1939445 0.0581122 0.4568151 0 255 0
0.1961563 -0.0549010 0.5326943 0 255 0
-0.1351181 -0.0992020 0.4917028 0 255 0
-0.1366003 -0.0723244 0.5057351 0 255 0
0.2362727 -0.0149214 0.4937417 0 255 0
-0.1422720 -0.0380288 0.4925000 0 255 0
0.2284320 0.0082084 0.4893563 0 255 0
-0.1860198 -0.0728796 0.5013794 0 255 0
0.3069686 -0.0010346 0.5111287 0 255 0
-0.2231898 -0.0212768 0.5370229 0 255 0
-0.1375134 0.0210514 0.5227414 0 255 0
0.2180752 0.0464904 0.4695302 0 255 0
-0.1648272 -0.0342437 0.5049443 0 255 0
-0.2088576 -0.0557281 0.5171386 0 255 0
0.2105316 -0.0211631 0.5042460 0 255 0
0.2744334 -0.0033329 0.4956951 0 255 0
-0.1870812 -0.0227799 0.5139938 0 255 0
-0.2341575 0.0127731 0.5361642 0 255 0
0.2696691 -0.0641997 0.5371860 0 255 0
-0.1557665 0.0172145 0.5181658 0 255 0
0.2232560 -0.0397259 0.5144795 0 255 0
-0.1490277 -0.0892960 0.5076381 0 255 0
0.2712483 -0.0233603 0.5005510 0 255 0
0.3191914 -0.0238343 0.5377852 0 255 0
0.2203571 -0.0208609 0.4970468 0 255 0
-0.1121896 -0.0542545 0.4824253 0 255 0
0.2834482 0.0291307 0.4931636 0 255 0
0.2578787 -0.0961559 0.5942652 0 255 0
-0.1949591 0.0546959 0.5156878 0 255 0
0.2900316 0.0234950 0.4965084 0 255 0
0.3227783 -0.0135055 0.5291818 0 255 0
0.2251628 -0.0767737 0.5646815 0 255 0
-0.0427893 -0.0486643 0.5195622 0 255 0
-0.1470070 -0.0264764 0.4928748 0 255 0
-0.1528666 -0.0621924 0.5007012 0 255 0
0.3076617 -0.0845934 0.5727073 0 255 0
-0.1102628 -0.0231128 0.5215051 0 255 0
0.2662281 0.0267111 0.4912869 0 255 0
0.2617533 0.0466920 0.4830293 0 255 0
0.3378863 -0.0371385 0.5476297 0 255 0
-0.0641258 -0.0544353 0.5051418 0 255 0
0.3112983 0.0097599 0.5103608 0 255 0
0.2251930 -0.0290584 0.4974223 0 255 0
-0.1325832 -0.0810275 0.4866344 0 255 0
0.2656354 0.0289553 0.4901932 0 255 0
0.2370964 0.0595255 0.4679253 0 255 0
0.2343166 0.0448618 0.4756578 0 255 0
-0.1602208 -0.0899398 0.4979936 0 255 0
-0.2048129 -0.0210718 0.5318476 0 255 0
-0.1860542 0.0075684 0.5247049 0 255 0
0.2221945 -0.0114918 0.4959407 0 255 0
0.3237000 -0.0651939 0.5678337 0 255 0
0.2796659 -0.0825222 0.5677158 0 255 0
0.3333440 -0.0109577 0.5262560 0 255 0
-0.1035781 0.0050439 0.5186743 0 255 0
0.2423993 -0.0493614 0.5141083 0 255 0
-0.1737328 -0.0714874 0.4998818 0 255 0
-0.1043806 -0.0450804 0.4936845 0 255 0
0.2019912 -0.0069769 0.5065698 0 255 0
-0.0950578 -0.0083624 0.5186765 0 255 0
0.2923461 -0.0938430 0.5716689 0 255 0
0.2169883 -0.0918355 0.5675639 0 255 0
-0.0699450 -0.0662662 0.4959688 0 255 0
-0.1260200 0.0070999 0.4922243 0 255 0
0.2862695 -0.1026098 0.5756362 0 255 0
0.1684342 0.0743098 0.4574105 0 255 0
0.2039572 0.0101398 0.5302244 0 255 0
0.3364809 -0.0455387 0.5559244 0 255 0
-0.1264118 -0.0704792 0.4848655 0 255 0
0.2973489 -0.0166465 0.5110884 0 255 0
0.2525032 0.0083204 0.4960342 0 255 0
0.2172819 0.0465565 0.4701979 0 255 0
-0.1522876 -0.0596127 0.4988049 0 255 0
0.2057924 -0.0902649 0.5660781 0 255 0
-0.1141718 -0.0010039 0.4959539 0 255 0
0.2115404 -0.0970029 0.5744724 0 255 0
-0.1772570 -0.0250007 0.5100220 0 255 0
-0.2206904 0.0103298 0.5401595 0 255 0
0.2667347 -0.0991301 0.5953549 0 255 0
0.1961261 0.0438114 0.4645212 0 255 0
-0.1233409 0.0024661 0.4907570 0 255 0
-0.1457139 -0.1016595 0.4924136 0 255 0
0.2299963 -0.0242740 0.4951971 0 255 0
-0.1879930 0.0426455 0.5164989 0 255 0
0.1882445 -0.0597155 0.5423151 0 255 0
0.2946410 0.0224130 0.4983923 0 255 0
-0.0582440 -0.0592294 0.5055372 0 255 0
-0.2167011 -0.0527778 0.5365593 0 255 0
-0.1332453 0.0236213 0.5252604 0 255 0
-0.2008417 -0.0680239 0.5091245 0 255 0
0.2761106 0.0534286 0.4823667 0 255 0
0.2770986 0.0036448 0.4942240 0 255 0
0.2836500 0.0163955 0.4935147 0 255 0
-0.1186372 -0.0242987 0.5206590 0 255 0
-0.1468496 0.0025754 0.5125099 0 255 0
0.2775499 -0.0233964 0.5013242 0 255 0
-0.1313114 -0.0383982 0.5128918 0 255 0
-0.0972841 0.0001729 0.5308242 0 255 0
0.3213459 -0.0456126 0.5568271 0 255 0
0.3245375 -0.0680380 0.5693029 0 255 0
-0.1450280 -0.0079648 0.4940136 0 255 0
0.1880542 -0.0626156 0.5810518 0 255 0
0.2453558 -0.0723406 0.5715895 0 255 0
-0.1373188 -0.0394231 0.4954801 0 255 0
-0.1976786 0.0377888 0.5164689 0 255 0
0.1964008 0.0231713 0.4896680 0 255 0
0.2704341 -0.0791024 0.5623712 0 255 0
0.1839253 -0.0724488 0.5724451 0 255 0
0.2154313 -0.0559177 0.5188980 0 255 0
-0.1065266 -0.0723901 0.4824153 0 255 0
-0.1223654 -0.0183170 0.4914648 0 255 0
-0.1009825 -0.0071322 0.5178478 0 255 0
-0.1047073 -0.0606566 0.4792702 0 255 0
0.2297496 0.0036116 0.4897169 0 255 0
-0.1960789 0.0606376 0.5251697 0 255 0
0.2489146 0.0290177 0.4912493 0 255 0
0.2342397 -0.0067749 0.4919057 0 255 0
-0.1590130 -0.0722618 0.5052969 0 255 0
-0.2170759 0.0448208 0.5136113 0 255 0
0.1867956 -0.0704902 0.5569691 0 255 0
-0.1348926 -0.0405571 0.4951107 0 255 0
0.2516088 -0.0521862 0.5181660 0 255 0
-0.1066236 -0.0365695 0.5042929 0 255 0
-0.1510920 -0.0659733 0.5026159 0 255 0
0.2911798 -0.1134650 0.5827600 0 255 0
-0.1301279 0.0233772 0.5484913 0 255 0
0.3381002 -0.0303774 0.5417939 0 255 0
0.2104332 -0.0116135 0.5011931 0 255 0
0.2356818 -0.0487606 0.5205906 0 255 0
-0.1866358 0.0438251 0.5160977 0 255 0
0.3065470 -0.0989927 0.5782102 0 255 0
-0.1629404 0.0248724 0.5256167 0 255 0
0.2695882 -0.1137338 0.5985886 0 255 0
0.2014952 0.0175619 0.4937031 0 255 0
0.3312773 -0.0317277 0.5431156 0 255 0
0.2391333 0.0471665 0.4763581 0 255 0
-0.0972927 -0.0599918 0.5448242 0 255 0
0.2047733 0.0407391 0.4668379 0 255 0
-0.1129037 -0.0676070 0.4806456 0 255 0
-0.1073119 -0.0797753 0.4859717 0 255 0
0.2031775 -0.0141186 0.5065636 0 255 0
0.3420006 -0.0121947 0.5262734 0 255 0
0.3096286 0.0216354 0.5076234 0 255 0
-0.1153845 -0.0524100 0.4863476 0 255 0
-0.1719814 0.0249313 0.5268611 0 255 0
-0.2233285 0.0298053 0.5254873 0 255 0
-0.1735955 0.0451113 0.5169399 0 255 0
0.3462837 -0.0237018 0.5347957 0 255 0
0.2784067 -0.0613780 0.5345977 0 255 0
0.2092691 -0.0611291 0.5217511 0 255 0
-0.0997405 -0.0599252 0.4824482 0 255 0
-0.1410162 -0.0252811 0.4921512 0 255 0
-0.1011333 -0.0486704 0.4948021 0 255 0
-0.1782882 -0.0667376 0.4994975 0 255 0
0.2249705 -0.0753824 0.5641992 0 255 0
-0.1505951 -0.0067936 0.4932613 0 255 0
0.3132893 -0.0158267 0.5236996 0 255 0
-0.0931357 -0.0206636 0.5215458 0 255 0
0.3311042 -0.0264058 0.5386865 0 255 0
0.2290045 -0.0254565 0.4955656 0 255 0
0.3329287 -0.0426383 0.5521967 0 255 0
-0.1220032 -0.0125058 0.4900097 0 255 0
-0.2112388 0.0189353 0.5323141 0 255 0
-0.1668074 0.0320776 0.5222753 0 255 0
-0.1673622 -0.0080917 0.5018854 0 255 0
-0.1498782 0.0382981 0.5407974 0 255 0
-0.1334664 -0.0654282 0.4984632 0 255 0
0.1938155 -0.0662511 0.5436619 0 255 0
0.1864992 -0.0732222 0.5680095 0 255 0
0.1950733 -0.0578245 0.5365929 0 255 0
0.2234420 -0.0436247 0.5177079 0 255 0
-0.1833914 -0.0668887 0.5006283 0 255 0
0.2920693 0.0106936 0.4979961 0 255 0
0.2015422 0.0141664 0.4966744 0 255 0
0.2857223 0.0594468 0.4852324 0 255 0
-0.2300390 0.0274006 0.5267338 0 255 0
0.3611571 -0.0248592 0.5326681 0 255 0
-0.1556889 -0.0635617 0.5022245 0 255 0
0.3288215 0.0123213 0.5172000 0 255 0
-0.2450583 0.0336145 0.5271327 0 255 0
-0.1334648 -0.0344069 0.5073510 0 255 0
-0.1429299 -0.0560993 0.4988298 0 255 0
0.2630956 0.0355233 0.4855064 0 255 0
0.2967106 0.0236559 0.4999087 0 255 0
0.2573920 0.0355224 0.4854940 0 255 0
0.3277901 -0.0344493 0.5457982 0 255 0
-0.1376428 -0.0033393 0.4966488 0 255 0
-0.1926690 0.0138545 0.5293460 0 255 0
-0.1052275 -0.0309300 0.5089890 0 255 0
0.3002792 -0.1032464 0.5792074 0 255 0
-0.2038261 0.0399952 0.5136344 0 255 0
0.2611983 0.0344328 0.4862165 0 255 0
0.2040199 0.0332951 0.4701511 0 255 0
0.1876577 0.0359635 0.4762290 0 255 0
-0.0469967 -0.0539988 0.5122611 0 255 0
-0.1282020 -0.0513736 0.5100983 0 255 0
0.2468993 -0.0466558 0.5109366 0 255 0
-0.1167452 -0.0354771 0.5231315 0 255 0
0.3180870 -0.0678022 0.5673296 0 255 0
-0.1716935 0.0062608 0.5185234 0 255 0
-0.0702642 -0.0595442 0.4982316 0 255 0
-0.1932269 -0.0662649 0.5048380 0 255 0
0.3324633 -0.0358213 0.5471651 0 255 0
0.2084089 -0.0320462 0.5077235 0 255 0
0.1707095 0.0728318 0.4548920 0 255 0
-0.1152441 -0.0631357 0.4809978 0 255 0
-0.1136858 0.0145300 0.5094227 0 255 0
-0.1069563 -0.0584040 0.4792680 0 255 0
0.2567821 -0.0740664 0.5642735 0 255 0
0.1942133 0.0571178 0.4574481 0 255 0
0.2792423 -0.0396079 0.5290499 0 255 0
-0.1237128 0.0128832 0.4922365 0 255 0
0.1778508 0.0602547 0.4567825 0 255 0
0.2380205 0.0544910 0.4719350 0 255 0
0.2958661 -0.0869782 0.5706952 0 255 0
-0.1735213 -0.0212412 0.5061083 0 255 0
0.1839584 -0.0680750 0.5810361 0 255 0
-0.1987061 -0.0060415 0.5288819 0 255 0
0.2831158 -0.1165822 0.5916302 0 255 0
-0.1830999 0.0224542 0.5268337 0 255 0
0.1971967 0.0154496 0.5004366 0 255 0
0.2890130 -0.0285433 0.5090817 0 255 0
0.2934715 0.0247552 0.4983927 0 255 0
0.2620561 -0.0258488 0.5032012 0 255 0
-0.1507768 -0.0536314 0.4976821 0 255 0
-0.1609772 -0.0292291 0.5003444 0 255 0
-0.0657656 -0.0524235 0.5086553 0 255 0
0.3127354 0.0192945 0.5088015 0 255 0
-0.2480028 -0.0049657 0.5472803 0 255 0
0.2318782 0.0036089 0.4893582 0 255 0
0.2695949 0.0367736 0.4869555 0 255 0
0.2440754 0.0429688 0.4794781 0 255 0
-0.2215773 0.0238412 0.5301493 0 255 0
-0.1614466 -0.0835532 0.5018034 0 255 0
-0.2115808 0.0177132 0.5331759 0 255 0
0.2768079 -0.0944925 0.5756255 0 255 0
-0.1636005 -0.0898703 0.4976089 0 255 0
0.2013675 0.0270515 0.4769355 0 255 0
-0.1222996 -0.0291916 0.5206449 0 255 0
-0.1223943 -0.0353358 0.5210483 0 255 0
0.2838602 0.0129262 0.4938803 0 255 0
-0.1751326 -0.0346414 0.5108078 0 255 0
-0.1552202 -0.0697814 0.5045322 0 255 0
0.2380461 -0.0302287 0.4974476 0 255 0
0.2338321 0.0070482 0.4886416 0 255 0
0.2036587 -0.0904975 0.5675363 0 255 0
-0.2032370 -0.0210378 0.5309911 0 255 0
0.2502486 -0.0806791 0.5735801 0 255 0
-0.1329007 -0.0158880 0.4877996 0 255 0
-0.2418138 0.0384465 0.5254589 0 255 0
0.2803755 0.0082840 0.4938670 0 255 0
-0.2255352 0.0487064 0.5164211 0 255 0
0.1909362 0.0278146 0.4903902 0 255 0
0.2612593 -0.0234126 0.5016713 0 255 0
0.1738205 0.0556570 0.4631819 0 255 0
-0.1772349 0.0511846 0.5169395 0 255 0
0.2631958 -0.0174130 0.4986484 0 255 0
0.2577970 0.0605182 0.4757285 0 255 0
0.2731542 -0.0808383 0.5652690 0 255 0
0.1837003 -0.0701860 0.5759516 0 255 0
-0.0662415 -0.0554088 0.5032030 0 255 0
-0.1352109 -0.0033368 0.4962792 0 255 0
-0.2101431 -0.0173505 0.5327032 0 255 0
-0.2221591 0.0066034 0.5468957 0 255 0
0.2760737 0.0186724 0.4923961 0 255 0
0.2602992 -0.0748803 0.5604413 0 255 0
-0.1153254 -0.0733594 0.4813372 0 255 0
0.1965704 0.0344478 0.4708076 0 255 0
0.2676634 0.0423698 0.4855249 0 255 0
-0.1062199 -0.0070763 0.5137891 0 255 0
-0.1470036 -0.0357406 0.4928633 0 255 0
-0.1568632 0.0305843 0.5177718 0 255 0
-0.1216805 -0.0794763 0.4841503 0 255 0
0.2458462 -0.0694141 0.5696177 0 255 0
-0.1257633 -0.0315877 0.5198107 0 255 0
0.3406001 -0.0560035 0.5693529 0 255 0
0.2242912 0.0194475 0.4829136 0 255 0
-0.1351177 -0.1003571 0.4917013 0 255 0
0.2344120 -0.0114067 0.4922676 0 255 0
-0.1291892 -0.0591199 0.5046026 0 255 0
0.3129716 0.0121303 0.5091858 0 255 0
0.2569550 -0.0080273 0.4978935 0 255 0
0.2916729 -0.0785245 0.5677471 0 255 0
0.1896355 -0.0658402 0.5734626 0 255 0
0.2565559 -0.0743848 0.5666988 0 255 0
-0.1792452 -0.0588359 0.5021785 0 255 0
0.2621810 0.0301067 0.4901871 0 255 0
-0.1944998 -0.0183066 0.5242356 0 255 0
0.2775994 -0.1030537 0.5858487 0 255 0
-0.1233429 0.0154393 0.5001044 0 255 0
-0.2150671 -0.0441339 0.5387749 0 255 0
-0.1581608 0.0037913 0.5140903 0 255 0
0.2630291 -0.0503072 0.5239588 0 255 0
0.3223629 -0.0691957 0.5678258 0 255 0
0.2466252 -0.0402172 0.5054600 0 255 0
-0.1582439 -0.0173018 0.4954629 0 255 0
0.2099288 0.0532647 0.4613143 0 255 0
-0.1440867 -0.0056517 0.4947624 0 255 0
0.3106204 -0.0732576 0.5682845 0 255 0
0.2339515 -0.0172414 0.4937337 0 255 0
-0.2351150 0.0102953 0.5383567 0 255 0
-0.1704736 0.0273637 0.5260240 0 255 0
0.1825847 0.0643274 0.4552215 0 255 0
0.2037642 -0.0652997 0.5463903 0 255 0
0.2077008 0.0397832 0.4684987 0 255 0
-0.1530986 0.0037855 0.5132983 0 255 0
-0.1918921 -0.0538391 0.5107456 0 255 0
-0.1400768 0.0147919 0.5186062 0 255 0
-0.0574115 -0.0524254 0.5086737 0 255 0
0.2083526 -0.0544398 0.5164444 0 255 0
-0.1743985 0.0013894 0.5193312 0 255 0
0.2220180 0.0282362 0.4780193 0 255 0
-0.1956151 -0.0475068 0.5339972 0 255 0
-0.1702243 0.0415327 0.5177559 0 255 0
0.2636175 0.0509351 0.4802302 0 255 0
-0.1678721 0.0273421 0.5256090 0 255 0
0.2535075 0.0233506 0.4934573 0 255 0
0.2596898 -0.0824602 0.5766102 0 255 0
-0.1652702 -0.0842800 0.4991248 0 255 0
-0.0788980 -0.0601657 0.4937244 0 255 0
0.2780585 -0.1126128 0.5926884 0 255 0
-0.1860224 -0.0203806 0.5144016 0 255 0
-0.1106093 0.0096820 0.5062850 0 255 0
-0.0906154 -0.0709618 0.4881852 0 255 0
0.2397707 0.0152443 0.4937866 0 255 0
-0.2037467 0.0126815 0.5323228 0 255 0
0.2387730 -0.0126107 0.4941200 0 255 0
0.2047830 -0.0572241 0.5196887 0 255 0
-0.0952810 -0.0181550 0.5198943 0 255 0
0.2589162 -0.0274495 0.5109882 0 255 0
0.2161818 -0.0103731 0.4981774 0 255 0
-0.0982377 -0.0301552 0.5161973 0 255 0
-0.2004786 -0.0542162 0.5143237 0 255 0
-0.1562849 -0.0661742 0.5041471 0 255 0
0.2650979 -0.0962453 0.5948175 0 255 0
0.2217033 -0.0562733 0.5221978 0 255 0
0.2725447 0.0266523 0.4902056 0 255 0
-0.1553272 0.0418686 0.5376928 0 255 0
0.2591308 -0.0566863 0.5260301 0 255 0
-0.1206296 0.0142211 0.4985916 0 255 0
0.2383492 0.0278412 0.4908591 0 255 0
0.2629989 -0.0162292 0.4982753 0 255 0
0.2905879 -0.0812618 0.5682307 0 255 0
0.2707458 0.0118003 0.4953334 0 255 0
-0.2063081 -0.0338139 0.5357303 0 255 0
-0.1831735 -0.0348025 0.5131843 0 255 0
0.2558882 0.0421196 0.4826575 0 255 0
-0.1663135 -0.0865590 0.4987406 0 255 0
-0.1567173 0.0444318 0.5381332 0 255 0
-0.1299473 -0.0251507 0.4896116 0 255 0
0.2392275 0.0387707 0.4833241 0 255 0
-0.1634597 0.0162787 0.5272919 0 255 0
0.2164307 0.0325636 0.4756020 0 255 0
0.3641048 -0.0200147 0.5370156 0 255 0
0.3310516 -0.0084576 0.5245805 0 255 0
0.2826964 0.0082841 0.4938720 0 255 0
-0.1236327 0.0185369 0.5211139 0 255 0
-0.1646419 -0.0921381 0.4972271 0 255 0
0.2664540 -0.0612261 0.5332744 0 255 0
-0.1419651 -0.0452428 0.4954626 0 255 0
-0.1462969 -0.0068091 0.4943839 0 255 0
-0.1401816 -0.0114301 0.4932784 0 255 0
0.3392569 -0.0109493 0.5258495 0 255 0
-0.2122478 -0.0262181 0.5348568 0 255 0
0.2771767 -0.0080039 0.4964414 0 255 0
0.2338450 0.0288652 0.4886685 0 255 0
-0.1981511 -0.0595593 0.5083527 0 255 0
0.3155026 -0.0121256 0.5232937 0 255 0
-0.1489379 -0.0429133 0.4954502 0 255 0
-0.2267453 0.0474925 0.5164170 0 255 0
0.2604697 0.0153030 0.4956875 0 255 0
-0.1854579 -0.0022876 0.5230231 0 255 0
-0.1798365 -0.0022786 0.5209618 0 255 0
-0.1940544 0.0572094 0.5165009 0 255 0
0.1784305 0.0633000 0.4555255 0 255 0
-0.1655211 -0.0034591 0.5144676 0 255 0
0.2978712 -0.1015280 0.5771754 0 255 0
0.2184213 -0.0409339 0.5144675 0 255 0
-0.1669889 -0.0034645 0.5152713 0 255 0
0.2546669 0.0233507 0.4934599 0 255 0
0.2079140 0.0117970 0.4951932 0 255 0
0.2168309 -0.0233193 0.4996732 0 255 0
0.1942345 0.0295701 0.4814500 0 255 0
0.1886811 -0.0589754 0.5472729 0 255 0
0.2972070 -0.0869787 0.5706981 0 255 0
-0.1827955 0.0391897 0.5189493 0 255 0
-0.2248274 -0.0519399 0.5409631 0 255 0
-0.2311568 0.0344408 0.5208960 0 255 0
0.2375623 0.0367683 0.4868853 0 255 0
0.1785864 0.0484468 0.4671183 0 255 0
-0.1167992 -0.0622326 0.4827597 0 255 0
-0.1795918 -0.0761829 0.4998631 0 255 0
0.2273627 0.0573643 0.4682334 0 255 0
-0.1015298 -0.0517685 0.4911030 0 255 0
0.2591016 -0.0056833 0.4975280 0 255 0
-0.2507709 0.0251448 0.5313734 0 255 0
-0.0952794 -0.0254842 0.5198852 0 255 0
-0.1874842 -0.0670921 0.5021502 0 255 0
0.1785013 0.0476189 0.4697794 0 255 0
-0.1922362 0.0573903 0.5181343 0 255 0
-0.1161728 -0.0818737 0.4848740 0 255 0
0.2342538 0.0501975 0.4732756 0 255 0
-0.1117768 -0.0033676 0.5008686 0 255 0
0.2722849 0.0356824 0.4876799 0 255 0
-0.1650177 -0.0888354 0.4983622 0 255 0
0.3357385 -0.0469236 0.5568570 0 255 0
0.1851087 -0.0723863 0.5719507 0 255 0
0.3573983 -0.0286134 0.5326552 0 255 0
-0.1246426 -0.0316128 0.5202246 0 255 0
-0.0616601 -0.0590923 0.5043665 0 255 0
-0.1683673 -0.0627139 0.5048997 0 255 0
-0.2055052 0.0307718 0.5209463 0 255 0
-0.1228796 -0.0067338 0.4889215 0 255 0
-0.1746079 -0.0456199 0.5127876 0 255 0
0.2274015 0.0331873 0.4847119 0 255 0
0.2507778 0.0187683 0.4949267 0 255 0
-0.1145301 -0.0769771 0.4827464 0 255 0
0.2704301 -0.0197720 0.4990412 0 255 0
0.2602778 -0.0702142 0.5547885 0 255 0
-0.2181595 -0.0086586 0.5370497 0 255 0
0.3289581 -0.0609309 0.5654188 0 255 0
-0.1938257 -0.0593308 0.5064026 0 255 0
-0.1726027 -0.0346148 0.5104165 0 255 0
-0.2410966 0.0512410 0.5432947 0 255 0
-0.1871342 0.0050984 0.5242808 0 255 0
0.1768053 0.0563112 0.4596381 0 255 0
-0.1772553 0.0038391 0.5205623 0 255 0
0.2051428 0.0185282 0.4885929 0 255 0
-0.1926388 -0.0581414 0.5064066 0 255 0
-0.1233348 -0.0171366 0.4907327 0 255 0
0.3403668 -0.0303527 0.5413543 0 255 0
0.2497513 -0.0021760 0.4975093 0 255 0
-0.1619652 0.0212010 0.5264564 0 255 0
-0.2012631 0.0459949 0.5132462 0 255 0
-0.2154185 0.0078301 0.5428467 0 255 0
0.3290779 0.0098984 0.5176032 0 255 0
0.1920670 0.0624925 0.4574500 0 255 0
0.2477286 -0.0233579 0.5004994 0 255 0
0.2702925 0.0467966 0.4841112 0 255 0
-0.1517575 0.0050270 0.5169367 0 255 0
0.2836356 0.0612764 0.4816888 0 255 0
0.2537635 0.0345079 0.4872777 0 255 0
0.2489891 0.0507102 0.4781100 0 255 0
0.2047739 0.0418362 0.4668393 0 255 0
0.2735302 -0.0586272 0.5324317 0 255 0
0.2353541 -0.0301829 0.4966937 0 255 0
0.2667636 -0.0517860 0.5264756 0 255 0
0.2400258 -0.0231812 0.4967126 0 255 0
-0.0915863 -0.0514159 0.5489398 0 255 0
-0.1904644 -0.0496536 0.5301250 0 255 0
-0.1635074 -0.0579258 0.5045286 0 255 0
0.2669850 0.0278242 0.4905593 0 255 0
-0.1503651 -0.0183559 0.4925081 0 255 0
0.2498500 0.0386593 0.4819348 0 255 0
-0.0998445 -0.0144443 0.5182495 0 255 0
0.2081894 0.0183921 0.4850055 0 255 0
-0.2059129 0.0260820 0.5251037 0 255 0
-0.1675825 -0.0319442 0.5061081 0 255 0
0.3649281 -0.0408695 0.5635898 0 255 0
-0.1304925 -0.0845832 0.4873565 0 255 0
-0.1942044 0.0331692 0.5201492 0 255 0
0.1804462 0.0643267 0.4552168 0 255 0
-0.1056271 -0.0736860 0.4834804 0 255 0
-0.2073162 -0.0023263 0.5318654 0 255 0
0.2489534 -0.0103746 0.4982492 0 255 0
0.2761338 0.0391791 0.4884146 0 255 0
-0.1327019 -0.0215867 0.4870700 0 255 0
0.2058662 -0.0296371 0.5073301 0 255 0
0.1928342 -0.0633117 0.5749746 0 255 0
-0.1682386 -0.0614805 0.5045138 0 255 0
-0.2138482 -0.0275193 0.5357215 0 255 0
-0.1748093 0.0487555 0.5169417 0 255 0
0.2559967 -0.0629854 0.5375956 0 255 0
-0.1938982 0.0343372 0.5193291 0 255 0
0.2730672 0.0024891 0.4953270 0 255 0
-0.1038993 -0.0523740 0.4860132 0 255 0
0.2587264 0.0540051 0.4774435 0 255 0
-0.2087316 -0.0035789 0.5322917 0 255 0
-0.0404149 -0.0462962 0.5203900 0 255 0
-0.1033062 -0.0421069 0.4996955 0 255 0
-0.0906175 -0.0617863 0.4881966 0 255 0
0.2721498 -0.0444360 0.5273359 0 255 0
0.2647093 -0.0555847 0.5273058 0 255 0
0.3454494 -0.0276057 0.5374027 0 255 0
0.3187830 0.0182400 0.5127672 0 255 0
-0.0517647 -0.0491454 0.5118579 0 255 0
0.1820691 0.0432654 0.4704521 0 255 0
-0.1820811 0.0451097 0.5169212 0 255 0
-0.0759940 -0.0559464 0.4974695 0 255 0
0.2253180 0.0082205 0.4900768 0 255 0
-0.1113961 -0.0292161 0.5210816 0 255 0
-0.1672325 -0.0127990 0.5014967 0 255 0
-0.1751352 -0.0286405 0.5108153 0 255 0
0.2392358 0.0357035 0.4879682 0 255 0
-0.0921322 -0.0170279 0.5227967 0 255 0
-0.1082198 -0.0511177 0.4849296 0 255 0
-0.1745909 0.0212339 0.5272736 0 255 0
0.2211960 -0.0115004 0.4963119 0 255 0
0.2643115 0.0255944 0.4920116 0 255 0
0.2454521 0.0290172 0.4912417 0 255 0
0.3335403 -0.0237776 0.5365045 0 255 0
0.2395005 -0.0402160 0.5054443 0 255 0
-0.1167101 -0.0735201 0.4823915 0 255 0
-0.1787355 -0.0130371 0.5108267 0 255 0
0.2141665 -0.0080440 0.4989299 0 255 0
-0.1331663 -0.0571007 0.4973423 0 255 0
0.2546067 0.0518351 0.4781237 0 255 0
0.2707411 0.0048168 0.4953249 0 255 0
-0.1154235 0.0036604 0.4963314 0 255 0
0.2466784 0.0118168 0.4960258 0 255 0
0.2847600 -0.1194699 0.5921620 0 255 0
-0.1390724 0.0247956 0.5239928 0 255 0
-0.0935788 -0.0293812 0.5240269 0 255 0
0.2106324 -0.0308298 0.5073391 0 255 0
-0.1410143 -0.0488088 0.4962086 0 255 0
-0.0490182 -0.0595520 0.5082900 0 255 0
0.2133127 -0.0174488 0.4996727 0 255 0
0.2433673 -0.0440494 0.5085672 0 255 0
0.2329952 -0.0745057 0.5676204 0 255 0
0.2160152 -0.0162135 0.4977936 0 255 0
-0.1209453 -0.0079062 0.4903833 0 255 0
-0.2127124 -0.0492381 0.5392162 0 255 0
0.2238568 -0.0267006 0.4970473 0 255 0
-0.1951516 0.0138543 0.5293406 0 255 0
0.2836021 -0.1156481 0.5868899 0 255 0
-0.1300520 -0.0009918 0.4900063 0 255 0
-0.1270880 -0.0090045 0.4874591 0 255 0
-0.1455998 -0.0597506 0.4999582 0 255 0
-0.2384238 -0.0075190 0.5459331 0 255 0
-0.1839543 0.0333025 0.5222391 0 255 0
0.2033851 -0.0333925 0.5100657 0 255 0
-0.1884904 0.0150622 0.5280803 0 255 0
0.2759807 -0.0974612 0.5853317 0 255 0
0.1907527 -0.0721326 0.5495410 0 255 0
0.2713505 -0.0959881 0.5932279 0 255 0
-0.2315179 0.0103039 0.5388063 0 255 0
0.3265085 -0.0225530 0.5373647 0 255 0
0.2251620 0.0562633 0.4682272 0 255 0
-0.1963931 0.0619708 0.5260114 0 255 0
0.2548798 -0.0446020 0.5149474 0 255 0
-0.2174440 0.0128263 0.5383987 0 255 0
-0.2088060 0.0388177 0.5140238 0 255 0
-0.1851784 0.0320751 0.5222349 0 255 0
0.2165895 0.0370609 0.4759511 0 255 0
-0.1283016 -0.0490145 0.5104946 0 255 0
-0.1359272 0.0261314 0.5260984 0 255 0
0.2761970 -0.0296462 0.5074854 0 255 0
0.3271017 -0.0173333 0.5321747 0 255 0
0.2833318 0.0059766 0.4949822 0 255 0
0.2836231 -0.1209691 0.5926903 0 255 0
0.2427505 -0.0587791 0.5226576 0 255 0
-0.1235201 -0.0316380 0.5206392 0 255 0
0.2415556 -0.0255540 0.4974625 0 255 0
0.2626624 -0.0714582 0.5543256 0 255 0
-0.1349972 0.0111188 0.5177957 0 255 0
0.2028672 -0.0105316 0.5057899 0 255 0
0.2295678 -0.0475362 0.5205787 0 255 0
0.2570252 0.0466569 0.4826655 0 255 0
0.3350444 -0.0172920 0.5309073 0 255 0
-0.2368719 0.0188874 0.5309667 0 255 0
-0.1872928 0.0260632 0.5247251 0 255 0
-0.1383970 -0.0252248 0.4910538 0 255 0
-0.1069710 -0.0107738 0.5174226 0 255 0
-0.1000177 0.0039242 0.5321118 0 255 0
-0.0987531 -0.0622838 0.4831567 0 255 0
0.2787995 0.0117478 0.4931295 0 255 0
-0.2197663 -0.0314228 0.5378977 0 255 0
0.2695773 0.0048168 0.4953223 0 255 0
-0.1522429 0.0233214 0.5185900 0 255 0
0.2294383 0.0531898 0.4702352 0 255 0
-0.1804854 -0.0335448 0.5123912 0 255 0
-0.1382045 0.0086580 0.5161591 0 255 0
0.2453923 0.0233498 0.4934396 0 255 0
-0.1126773 0.0170193 0.5512818 0 255 0
-0.1084600 -0.0500892 0.4860060 0 255 0
0.2508779 -0.0186259 0.4997536 0 255 0
0.2150158 0.0523649 0.4629430 0 255 0
0.2054503 0.0532263 0.4609821 0 255 0
0.2191907 -0.0185251 0.4970471 0 255 0
0.2033497 0.0311520 0.4711547 0 255 0
-0.1432964 -0.1027404 0.4920487 0 255 0
-0.1672350 -0.0069071 0.5015041 0 255 0
0.2437140 -0.0173590 0.4971023 0 255 0
-0.0800532 -0.0752441 0.4937031 0 255 0
-0.1123525 -0.0045204 0.4982087 0 255 0
-0.0626995 -0.0565919 0.5032093 0 255 0
-0.2021663 0.0026706 0.5314525 0 255 0
0.3202216 -0.0426719 0.5526316 0 255 0
-0.1769798 -0.0725503 0.4991136 0 255 0
-0.1220938 -0.0136673 0.4903737 0 255 0
-0.2170789 -0.0061398 0.5374948 0 255 0
-0.2071469 -0.0453268 0.5379083 0 255 0
-0.1367788 0.0074335 0.5153512 0 255 0
-0.2145883 -0.0123838 0.5344335 0 255 0
0.2541220 -0.1123213 0.5985564 0 255 0
-0.1764655 -0.0394724 0.5111964 0 255 0
0.2028435 -0.0534350 0.5305660 0 255 0
-0.1021984 -0.0022650 0.5178512 0 255 0
-0.1242253 -0.0819312 0.4852142 0 255 0
-0.0693585 -0.0562459 0.5001327 0 255 0
-0.2399045 -0.0049576 0.5463873 0 255 0
0.3279100 -0.0623125 0.5659000 0 255 0
-0.1128878 -0.0256038 0.5223250 0 255 0
0.2442209 -0.0804671 0.5720733 0 255 0
-0.1409122 -0.0697322 0.5041764 0 255 0
-0.2074852 0.0001733 0.5322991 0 255 0
0.2012663 -0.0058000 0.5077403 0 255 0
0.1892063 0.0499725 0.4609425 0 255 0
0.2220204 0.0446339 0.4732419 0 255 0
-0.1432201 -0.0183290 0.4917866 0 255 0
0.2901606 -0.0966954 0.5726510 0 255 0
-0.2269727 0.0591545 0.5340620 0 255 0
0.2138463 -0.0010084 0.4981839 0 255 0
0.2032789 -0.0022038 0.5038681 0 255 0
-0.1312660 -0.0977560 0.4902453 0 255 0
-0.1028349 -0.0535557 0.4863737 0 255 0
-0.1911234 -0.0035306 0.5250995 0 255 0
-0.1621576 0.0025894 0.5152894 0 255 0
-0.1933737 -0.0698767 0.5052217 0 255 0
-0.1672330 -0.0116206 0.5014982 0 255 0
0.1944619 -0.0733636 0.5490896 0 255 0
-0.2219307 -0.0212769 0.5370257 0 255 0
0.2022449 0.0249182 0.4790136 0 255 0
0.1773984 0.0487227 0.4697783 0 255 0
0.2672535 0.0106362 0.4953244 0 255 0
-0.1917661 0.0620714 0.5268652 0 255 0
0.3373772 -0.0047448 0.5229359 0 255 0
-0.1026836 -0.0596617 0.4803267 0 255 0
0.2915567 0.0060265 0.4991194 0 255 0
-0.0931363 -0.0182127 0.5215488 0 255 0
0.2230237 -0.0114746 0.4951976 0 255 0
0.2076113 0.0013379 0.5000624 0 255 0
-0.0987694 0.0039243 0.5321145 0 255 0
-0.2219488 0.0140566 0.5370695 0 255 0
0.2440509 0.0244908 0.4930691 0 255 0
-0.1456219 0.0001628 0.5000339 0 255 0
0.2742287 -0.0010026 0.4953253 0 255 0
-0.1088305 -0.0081185 0.5035522 0 255 0
0.2688519 -0.0174004 0.4982867 0 255 0
-0.1528985 -0.0334488 0.4932232 0 255 0
0.2464190 -0.0847942 0.5740664 0 255 0
-0.1985776 0.0377293 0.5156561 0 255 0
-0.1819387 -0.0703104 0.4998652 0 255 0
0.2032004 0.0076664 0.5314997 0 255 0
-0.2094399 0.0272937 0.5246780 0 255 0
0.2817202 -0.0520382 0.5290400 0 255 0
0.2676642 0.0435108 0.4855263 0 255 0
0.2292789 0.0001599 0.4911707 0 255 0
-0.1280019 -0.0384888 0.5141027 0 255 0
-0.1906438 -0.0527517 0.5237818 0 255 0
0.3537619 -0.0147982 0.5309499 0 255 0
0.2398456 -0.0219975 0.4963398 0 255 0
-0.1527291 0.0356203 0.5202461 0 255 0
-0.1954390 -0.0072551 0.5267670 0 255 0
0.1786765 0.0612436 0.4561537 0 255 0
0.2754328 -0.0357065 0.5265145 0 255 0
0.2176743 -0.0232841 0.4989187 0 255 0
0.3179590 -0.0277380 0.5399790 0 255 0
-0.1943426 -0.0232150 0.5238118 0 255 0
0.3369372 -0.0330589 0.5440222 0 255 0
0.2547688 -0.0246469 0.5028030 0 255 0
0.3350740 -0.0237971 0.5369446 0 255 0
-0.1946789 0.0589795 0.5214201 0 255 0
-0.1507105 -0.0912579 0.5052916 0 255 0
0.2038579 -0.0542887 0.5267527 0 255 0
0.2397830 -0.0440487 0.5085593 0 255 0
-0.1496262 -0.1031236 0.4938841 0 255 0
-0.1843605 0.0450738 0.5165099 0 255 0
0.1923885 -0.0594230 0.5396590 0 255 0
0.2353285 0.0059088 0.4893686 0 255 0
-0.0557425 -0.0638337 0.5043736 0 255 0
-0.1528994 -0.0311311 0.4932260 0 255 0
-0.1647264 -0.0810705 0.5010337 0 255 0
0.2397707 -0.0843512 0.5710670 0 255 0
0.3290787 -0.0525548 0.5610995 0 255 0
0.2733133 -0.0897088 0.5796744 0 255 0
-0.2039849 0.0388185 0.5140345 0 255 0
-0.0974565 -0.0498339 0.5457412 0 255 0
-0.0945666 -0.0613750 0.4849468 0 255 0
-0.2319565 0.0164856 0.5339938 0 255 0
0.2812128 0.0001613 0.4953420 0 255 0
-0.1779410 -0.0395337 0.5119900 0 255 0
0.2211980 -0.0080019 0.4963162 0 255 0
-0.1255039 0.0195927 0.5507948 0 255 0
0.2987539 0.0285498 0.5033513 0 255 0
0.2038987 -0.0105235 0.5054045 0 255 0
-0.1158854 -0.0056354 0.4933390 0 255 0
-0.0853985 -0.0610032 0.4911270 0 255 0
-0.0627472 -0.0590015 0.5035915 0 255 0
-0.1347166 -0.0942995 0.4902420 0 255 0
0.2965382 -0.0057757 0.5056159 0 255 0
-0.0470702 -0.0528776 0.5130617 0 255 0
0.2016532 0.0229841 0.4857114 0 255 0
-0.0734937 -0.0543496 0.5043463 0 255 0
-0.2312832 0.0428057 0.5184392 0 255 0
-0.1485548 -0.0536726 0.4980642 0 255 0
0.2314603 -0.0784383 0.5671236 0 255 0
-0.1841877 0.0224361 0.5264091 0 255 0
-0.0824338 -0.0539075 0.5480443 0 255 0
-0.1928190 0.0014082 0.5263641 0 255 0
-0.2332544 0.0237633 0.5284173 0 255 0
-0.1142014 -0.0329931 0.5227268 0 255 0
-0.1665068 0.0285546 0.5251934 0 255 0
0.2244823 -0.0423752 0.5173054 0 255 0
0.1898047 -0.0679196 0.5468099 0 255 0
-0.1610527 -0.0185216 0.4969541 0 255 0
0.2113858 -0.0598091 0.5209325 0 255 0
0.2176503 0.0535663 0.4639270 0 255 0
0.3073801 -0.0902884 0.5746939 0 255 0
0.2273420 0.0407416 0.4797850 0 255 0
0.2231947 -0.0056610 0.4955773 0 255 0
0.2572215 -0.0768495 0.5652390 0 255 0
0.1853267 -0.0692781 0.5685020 0 255 0
0.2373838 -0.0481150 0.5136983 0 255 0
-0.0691458 -0.0701323 0.4985988 0 255 0
0.2190480 0.0525504 0.4645822 0 255 0
-0.2056703 0.0364878 0.5152346 0 255 0
0.3196635 -0.0071903 0.5220665 0 255 0
0.1870290 -0.0662642 0.5655805 0 255 0
-0.0917714 -0.0788375 0.4944131 0 255 0
0.2643379 0.0573727 0.4774600 0 255 0
0.2495621 -0.0033425 0.4971324 0 255 0
-0.1537933 -0.0897934 0.5037367 0 255 0
-0.2324119 -0.0036769 0.5468604 0 255 0
-0.1612614 -0.0662745 0.5049109 0 255 0
-0.2067465 0.0152201 0.5336167 0 255 0
-0.1654842 0.0074736 0.5181324 0 255 0
0.2289798 -0.1008519 0.5810943 0 255 0
0.2205548 0.0138955 0.4871770 0 255 0
-0.0612365 -0.0645714 0.5009023 0 255 0
0.2581068 -0.0690264 0.5557208 0 255 0
0.2064278 -0.0176624 0.5057890 0 255 0
-0.1395084 -0.0749883 0.5076793 0 255 0
0.2052911 0.0460941 0.4655277 0 255 0
0.2654613 0.0596172 0.4774652 0 255 0
0.2061832 -0.0308767 0.5081115 0 255 0
0.2790190 -0.0383341 0.5286269 0 255 0
0.2385860 -0.0314688 0.4985757 0 255 0
0.2007073 0.0343994 0.4701453 0 255 0
-0.1264107 -0.0738965 0.4848613 0 255 0
0.2644312 0.0355497 0.4858669 0 255 0
0.2750034 -0.0586749 0.5328652 0 255 0
-0.1636762 -0.0811327 0.5014184 0 255 0
-0.2396400 0.0212965 0.5288258 0 255 0
0.2709281 -0.1033276 0.5953589 0 255 0
0.2255477 -0.0808923 0.5656469 0 255 0
0.2630337 -0.0429210 0.5239680 0 255 0
0.2294881 -0.1064491 0.5894049 0 255 0
0.2295410 0.0138858 0.4868370 0 255 0
-0.1420646 -0.0241066 0.4917820 0 255 0
0.2955264 0.0107343 0.4998902 0 255 0
-0.2232228 0.0090604 0.5401524 0 255 0
0.2243570 -0.0091544 0.4955756 0 255 0
-0.1527273 0.0307301 0.5202401 0 255 0
-0.2296564 -0.0036738 0.5464115 0 255 0
-0.2014892 0.0644934 0.5264247 0 255 0
-0.0777390 -0.0636458 0.4937226 0 255 0
-0.2500203 0.0065266 0.5405349 0 255 0
-0.0985722 -0.0392614 0.5244217 0 255 0
0.3221912 0.0122538 0.5143660 0 255 0
0.2433392 -0.0967619 0.5894502 0 255 0
0.2486383 0.0176184 0.4952922 0 255 0
-0.2499482 0.0014605 0.5459188 0 255 0
0.2863188 0.0625004 0.4824003 0 255 0
-0.0814197 -0.0502121 0.5498821 0 255 0
-0.1525374 -0.0464397 0.4958118 0 255 0
0.1915384 -0.0781445 0.5555607 0 255 0
0.1946426 0.0324666 0.4741863 0 255 0
-0.1235197 -0.0328613 0.5206376 0 255 0
0.2122690 -0.0660381 0.5419139 0 255 0
-0.1642516 -0.0186198 0.4995895 0 255 0
0.2056052 -0.0519311 0.5156333 0 255 0
-0.2390236 0.0001782 0.5473064 0 255 0
0.1828974 -0.0766163 0.5734345 0 255 0
0.2747134 0.0458280 0.4859022 0 255 0
-0.1201570 0.0036274 0.4918671 0 255 0
0.2144612 0.0475253 0.4688561 0 255 0
-0.1300062 -0.0407767 0.5124918 0 255 0
-0.1717017 0.0137670 0.5260044 0 255 0
0.2726109 -0.0789684 0.5614181 0 255 0
0.2418223 -0.0091552 0.4956164 0 255 0
0.1973558 0.0427502 0.4648500 0 255 0
0.2690116 -0.0080036 0.4964235 0 255 0
-0.0865509 -0.0598490 0.4911259 0 255 0
-0.0506033 -0.0479804 0.5122606 0 255 0
0.2786399 -0.0174275 0.4990621 0 255 0
0.2548079 0.0550068 0.4764021 0 255 0
-0.1256427 0.0013129 0.4907506 0 255 0
0.1850856 0.0459599 0.4641727 0 255 0
0.3144420 -0.0369510 0.5448641 0 255 0
-0.2054626 -0.0554669 0.5147143 0 255 0
-0.1023485 0.0039179 0.5312467 0 255 0
0.2231883 -0.0173053 0.4955629 0 255 0
0.3422003 -0.0316769 0.5422466 0 255 0
-0.1612000 -0.0846029 0.5010371 0 255 0
-0.1884305 -0.0300492 0.5143843 0 255 0
-0.1915479 -0.0461779 0.5331408 0 255 0
0.2285998 0.0047623 0.4897158 0 255 0
0.1907160 -0.0796509 0.5569664 0 255 0
0.2585398 0.0550873 0.4770992 0 255 0
0.2321937 -0.0605028 0.5379853 0 255 0
0.3490854 -0.0440122 0.5531566 0 255 0
0.3512390 -0.0315743 0.5404896 0 255 0
-0.1848188 -0.0143373 0.5144117 0 255 0
-0.2451274 0.0114379 0.5326592 0 255 0
-0.1001883 -0.0300137 0.5137751 0 255 0
-0.1690096 0.0403162 0.5177571 0 255 0
0.2038658 -0.0854668 0.5607786 0 255 0
-0.1262227 0.0194075 0.5117807 0 255 0
-0.1917666 0.0633096 0.5268667 0 255 0
0.3412384 -0.0499631 0.5616072 0 255 0
0.2131516 -0.0162624 0.4992954 0 255 0
0.2613945 -0.0554067 0.5256172 0 255 0
-0.1298028 -0.0443199 0.5116897 0 255 0
-0.1759806 -0.0601085 0.5029532 0 255 0
-0.0937043 -0.0661276 0.4863782 0 255 0
0.2510185 -0.0676682 0.5662081 0 255 0
0.2217036 -0.0423083 0.5164887 0 255 0
-0.1793222 -0.0690318 0.4991128 0 255 0
-0.1523090 -0.0428803 0.4950695 0 255 0
-0.0987060 -0.0168931 0.5186579 0 255 0
0.2475262 0.0244912 0.4930767 0 255 0
-0.2120234 -0.0351866 0.5374698 0 255 0
0.2536693 0.0094860 0.4960381 0 255 0
0.2131073 -0.0187078 0.5019509 0 255 0
0.2466333 -0.0862180 0.5745657 0 255 0
0.2736094 -0.0419918 0.5277643 0 255 0
-0.1541825 -0.0033190 0.4936282 0 255 0
0.2088525 0.0048373 0.4974284 0 255 0
-0.1502187 -0.0881030 0.5076369 0 255 0
-0.2260620 0.0378735 0.5176275 0 255 0
-0.0978873 -0.0419599 0.5273624 0 255 0
-0.1021478 -0.0514990 0.4885468 0 255 0
0.2417405 -0.0859168 0.5725582 0 255 0
0.2384985 -0.0243115 0.4959606 0 255 0
0.2616107 -0.1049122 0.5964144 0 255 0
-0.1070676 -0.0386723 0.5008337 0 255 0
-0.0947379 -0.0072119 0.5236359 0 255 0
-0.1411233 -0.0621956 0.5007271 0 255 0
-0.1640151 -0.0474029 0.5060953 0 255 0
-0.2072469 0.0064587 0.5349083 0 255 0
0.3277526 -0.0135058 0.5291927 0 255 0
-0.2447506 0.0077905 0.5401034 0 255 0
-0.1734586 0.0438620 0.5165324 0 255 0
-0.1336432 -0.0044894 0.4947868 0 255 0
-0.1711390 -0.0369561 0.5096249 0 255 0
0.2409224 0.0013210 0.4937720 0 255 0
-0.1427355 0.0172563 0.5194231 0 255 0
0.2514432 0.0323609 0.4894390 0 255 0
0.1852691 -0.0737941 0.5724463 0 255 0
-0.1843764 -0.0360081 0.5131802 0 255 0
0.2683030 -0.0809756 0.5662295 0 255 0
-0.1230872 -0.0819316 0.4852167 0 255 0
0.2880893 -0.1166135 0.5848151 0 255 0
-0.0583791 -0.0557949 0.5067100 0 255 0
-0.1884322 -0.0264235 0.5143888 0 255 0
0.2108944 -0.0442478 0.5108581 0 255 0
0.1938130 -0.0578243 0.5365902 0 255 0
0.2943071 0.0296416 0.5018117 0 255 0
-0.1685941 -0.0022590 0.5164844 0 255 0
0.2079839 0.0140504 0.4926063 0 255 0
-0.1695533 -0.0579687 0.5049030 0 255 0
0.2475737 -0.0427564 0.5074039 0 255 0
-0.1456362 -0.0171861 0.4921510 0 255 0
0.1922068 0.0236449 0.4996772 0 255 0
0.2587240 0.0410760 0.4837239 0 255 0
-0.1951215 -0.0508161 0.5292590 0 255 0
0.1817121 -0.0641489 0.5825779 0 255 0
0.2006363 0.0175881 0.4944417 0 255 0
-0.1764681 -0.0334670 0.5112039 0 255 0
0.2567814 -0.0753921 0.5642719 0 255 0
-0.0875065 -0.0620175 0.4900228 0 255 0
0.2140437 -0.0558734 0.5184867 0 255 0
-0.1783494 0.0380611 0.5201902 0 255 0
0.2513407 0.0129827 0.4960374 0 255 0
0.2409314 -0.0279548 0.4985866 0 255 0
-0.1937549 0.0150861 0.5289190 0 255 0
0.2705377 0.0608728 0.4785164 0 255 0
-0.1320523 -0.0101798 0.4888971 0 255 0
-0.1856679 0.0368375 0.5201726 0 255 0
-0.1406262 0.0098707 0.5161552 0 255 0
-0.0400658 -0.0531696 0.5158942 0 255 0
0.2809114 0.0163709 0.4927740 0 255 0
-0.1506645 0.0074623 0.5173491 0 255 0
-0.1427606 0.0284891 0.5239893 0 255 0
-0.2119055 -0.0211568 0.5339940 0 255 0
0.2168637 -0.0033420 0.4970607 0 255 0
0.2358210 0.0387701 0.4833166 0 255 0
0.3100842 -0.0831765 0.5722173 0 255 0
-0.1497766 -0.0033240 0.4943806 0 255 0
0.2228245 0.0249568 0.4797556 0 255 0
0.2702678 -0.0369133 0.5260816 0 255 0
0.3198496 -0.0525529 0.5610793 0 255 0
-0.1257330 -0.0867463 0.4866424 0 255 0
0.2737773 0.0565806 0.4802594 0 255 0
-0.2512875 0.0065266 0.5405322 0 255 0
0.3161610 -0.0010451 0.5163463 0 255 0
0.1982162 0.0354532 0.4694718 0 255 0
-0.1485046 -0.0056431 0.4940089 0 255 0
0.2722051 -0.0844348 0.5716334 0 255 0
-0.1808393 -0.0542406 0.5033352 0 255 0
0.2666796 -0.0068371 0.4964198 0 255 0
0.2943416 -0.0771915 0.5677545 0 255 0
-0.1422749 -0.0310859 0.4925101 0 255 0
-0.1436301 -0.0872500 0.5096216 0 255 0
-0.1979946 -0.0666735 0.5079510 0 255 0
0.2776432 0.0152241 0.4931313 0 255 0
0.2658945 0.0176065 0.4949583 0 255 0
-0.1308772 -0.0522068 0.5065525 0 255 0
0.2059563 -0.0116933 0.5046337 0 255 0
0.2744659 -0.1106219 0.5969760 0 255 0
-0.0841808 -0.0736404 0.4907474 0 255 0
0.2491953 0.0094930 0.4964017 0 255 0
0.2071366 0.0140713 0.4933417 0 255 0
0.2715030 0.0141071 0.4945952 0 255 0
0.2104101 -0.0369605 0.5096849 0 255 0
0.3481037 -0.0262577 0.5356649 0 255 0
0.2064157 -0.0757301 0.5570056 0 255 0
-0.1397326 -0.0945797 0.4916983 0 255 0
-0.1034102 -0.0144327 0.5178335 0 255 0
-0.0530898 -0.0480547 0.5130544 0 255 0
0.2172394 0.0082631 0.4926220 0 255 0
-0.1329260 0.0211022 0.5240018 0 255 0
-0.1858737 -0.0276107 0.5139905 0 255 0
-0.1777927 0.0586424 0.5294386 0 255 0
0.2554762 -0.0471321 0.5161523 0 255 0
0.2346059 -0.0897936 0.5715444 0 255 0
0.2924259 -0.0840773 0.5692127 0 255 0
0.2764845 0.0152240 0.4931287 0 255 0
-0.2482750 0.0176532 0.5313697 0 255 0
0.2240219 -0.0056525 0.4948354 0 255 0
-0.2348703 0.0225577 0.5292640 0 255 0
0.3314123 -0.0010551 0.5212749 0 255 0
0.1902342 -0.0768389 0.5555595 0 255 0
0.2072962 -0.0200086 0.5050129 0 255 0
-0.2476765 0.0213473 0.5300888 0 255 0
-0.0673236 -0.0515070 0.5114226 0 255 0
0.2719049 0.0048169 0.4953274 0 255 0
-0.2106521 -0.0236663 0.5339937 0 255 0
0.2740560 -0.1138391 0.5991427 0 255 0
0.2137321 0.0302625 0.4745666 0 255 0
-0.1408030 -0.0321710 0.4914071 0 255 0
-0.1624512 -0.0520392 0.5049260 0 255 0
-0.1395178 0.0273454 0.5256713 0 255 0
0.2946350 0.0142151 0.4983822 0 255 0
-0.1408026 -0.0333256 0.4914056 0 255 0
-0.1376604 -0.0137278 0.4925417 0 255 0
-0.1500491 -0.0936667 0.4991466 0 255 0
0.1916394 0.0489582 0.4615918 0 255 0
0.1749953 0.0603790 0.4577251 0 255 0
0.2959181 0.0037062 0.5025476 0 255 0
0.2640465 0.0423380 0.4851599 0 255 0
-0.1327831 -0.0021690 0.4959115 0 255 0
-0.1720546 -0.0556384 0.5052888 0 255 0
0.2034510 0.0185831 0.4900417 0 255 0
-0.2203406 0.0389375 0.5156098 0 255 0
-0.1061013 -0.0511937 0.4856507 0 255 0
0.3246627 0.0086616 0.5163769 0 255 0
0.2233537 -0.0219794 0.4959303 0 255 0
0.3488900 -0.0383634 0.5467473 0 255 0
0.2065929 -0.0952368 0.5719724 0 255 0
0.3126141 -0.0288643 0.5373265 0 255 0
-0.1615949 0.0354226 0.5173597 0 255 0
-0.1991168 -0.0541741 0.5139242 0 255 0
0.3095504 -0.0759930 0.5687690 0 255 0
-0.1567616 -0.0770702 0.5056849 0 255 0
0.2483969 -0.0010063 0.4971353 0 255 0
0.3087567 -0.0664669 0.5673108 0 255 0
-0.0669089 -0.0632004 0.4993698 0 255 0
-0.1631407 -0.0091661 0.4962106 0 255 0
-0.2201382 -0.0086870 0.5388077 0 255 0
-0.2390271 0.0066085 0.5473143 0 255 0
-0.1916000 -0.0558051 0.5068026 0 255 0
-0.1445988 0.0111096 0.5173670 0 255 0
-0.1021963 -0.0107825 0.5178407 0 255 0
-0.1223084 -0.0878908 0.4866485 0 255 0
-0.1640235 0.0402853 0.5173604 0 255 0
0.2660874 0.0071445 0.4953175 0 255 0
-0.1940628 0.0224351 0.5263874 0 255 0
0.2338328 0.0081964 0.4886430 0 255 0
-0.1475833 0.0358157 0.5416906 0 255 0
-0.1298510 -0.0239824 0.4892488 0 255 0
0.2242795 0.0272514 0.4804606 0 255 0
0.2485001 0.0267887 0.4927134 0 255 0
0.2968674 -0.0685397 0.5624422 0 255 0
0.2027699 -0.0753468 0.5541866 0 255 0
-0.1798642 -0.0786511 0.5006214 0 255 0
-0.0983928 -0.0277730 0.5170119 0 255 0
-0.1668221 -0.0809463 0.5002660 0 255 0
0.2834672 -0.1109193 0.5837758 0 255 0
0.3422538 -0.0172786 0.5304947 0 255 0
0.2484927 0.0548467 0.4750162 0 255 0
-0.1893261 0.0343922 0.5201614 0 255 0
0.2396803 0.0267078 0.4912262 0 255 0
-0.1950080 -0.0700378 0.5063866 0 255 0
-0.2059006 -0.0060706 0.5314335 0 255 0
-0.1694211 -0.0308736 0.5080597 0 255 0
-0.1021966 -0.0095657 0.5178422 0 255 0
0.1883651 -0.0652957 0.5463564 0 255 0
0.2677788 0.0244386 0.4920178 0 255 0
-0.1732216 -0.0658661 0.5017994 0 255 0
0.3012704 -0.0785951 0.5682575 0 255 0
0.2022518 0.0013491 0.5042557 0 255 0
-0.1297310 -0.0940216 0.4887969 0 255 0
0.3062963 -0.0917181 0.5751913 0 255 0
0.1935356 0.0458971 0.4635386 0 255 0
0.3122233 -0.0759938 0.5687749 0 255 0
0.2310483 -0.0410322 0.5157026 0 255 0
0.2790603 -0.0209771 0.4998150 0 255 0
-0.0884565 -0.0699194 0.4889175 0 255 0
-0.0966567 -0.0513719 0.5484707 0 255 0
0.2302999 -0.0160690 0.4933578 0 255 0
0.3368757 -0.0497083 0.5587431 0 255 0
-0.1842335 0.0026283 0.5230319 0 255 0
0.2240225 -0.0044898 0.4948368 0 255 0
-0.1086117 -0.0821796 0.4866857 0 255 0
-0.1495715 -0.0622882 0.5014728 0 255 0
-0.1546280 -0.0759998 0.5064707 0 255 0
0.2821754 -0.0405588 0.5252650 0 255 0
-0.1934453 0.0187845 0.5280740 0 255 0
0.3042765 -0.0155545 0.5146911 0 255 0
-0.1902086 0.0248895 0.5259775 0 255 0
-0.2024677 0.0484070 0.5132465 0 255 0
0.2074887 0.0247393 0.4755728 0 255 0
-0.1296871 -0.0581576 0.5065477 0 255 0
0.2053732 -0.0431469 0.5120380 0 255 0
0.3248709 -0.0426013 0.5517172 0 255 0
-0.0938450 -0.0582149 0.4871086 0 255 0
0.2788848 -0.0559459 0.5307323 0 255 0
0.2246859 -0.0254944 0.4963022 0 255 0
-0.2201434 0.0027391 0.5450826 0 255 0
-0.2122608 0.0001742 0.5348895 0 255 0
0.2671076 0.0344591 0.4865881 0 255 0
-0.2492777 0.0114563 0.5335157 0 255 0
0.2665513 -0.0505087 0.5260566 0 255 0
-0.0996668 -0.0621465 0.4820917 0 255 0
0.1960112 0.0365561 0.4694682 0 255 0
-0.2073089 -0.0173226 0.5318468 0 255 0
0.2766559 -0.0656240 0.5385160 0 255 0
-0.2165376 -0.0262817 0.5361545 0 255 0
-0.1397330 -0.0934246 0.4916998 0 255 0
-0.0527707 -0.0499673 0.5472021 0 255 0
0.2171884 -0.0091956 0.4978049 0 255 0
0.2621640 0.0322667 0.4880142 0 255 0
0.2062868 0.0140924 0.4940793 0 255 0
-0.1154595 -0.0878936 0.4866636 0 255 0
0.2871555 0.0511900 0.4935679 0 255 0
-0.1406540 0.0321568 0.5443934 0 255 0
0.2276588 -0.0513264 0.5218036 0 255 0
0.2823800 -0.0347371 0.5122198 0 255 0
0.2796293 0.0013232 0.4945973 0 255 0
0.2855792 -0.0572866 0.5316012 0 255 0
-0.2237458 -0.0468948 0.5414178 0 255 0
-0.1179346 -0.0067794 0.4922274 0 255 0
-0.2034787 0.0330893 0.5188963 0 255 0
-0.1443188 -0.0561843 0.4995853 0 255 0
-0.1460437 0.0159976 0.5181857 0 255 0
0.2271876 -0.0278478 0.4966787 0 255 0
-0.2478771 0.0226112 0.5305181 0 255 0
0.2244674 -0.0987016 0.5765099 0 255 0
0.2774363 0.0163706 0.4927639 0 255 0
-0.2119277 0.0447518 0.5128207 0 255 0
-0.1620839 -0.0377164 0.5037844 0 255 0
0.2042167 0.0113310 0.5276796 0 255 0
0.2635761 -0.0091837 0.4971585 0 255 0
-0.2260947 0.0115513 0.5379371 0 255 0
0.2303468 0.0161501 0.4861264 0 255 0
-0.0962740 -0.0107998 0.5186707 0 255 0
0.2216987 -0.0332666 0.5081426 0 255 0
0.1792313 0.0439227 0.4776002 0 255 0
0.2787710 -0.0323296 0.5122148 0 255 0
-0.1201403 -0.0353923 0.5218807 0 255 0
0.2594950 0.0071550 0.4960481 0 255 0
0.2828003 -0.0021698 0.4960876 0 255 0
-0.1845279 -0.0191421 0.5136020 0 255 0
0.1804947 0.0571931 0.4580511 0 255 0
0.2720859 0.0390915 0.4873235 0 255 0
-0.1652006 -0.0509698 0.5060883 0 255 0
-0.1378616 0.0148155 0.5194308 0 255 0
-0.2058958 -0.0160601 0.5314211 0 255 0
-0.2156242 0.0103300 0.5401707 0 255 0
-0.1591669 0.0317757 0.5173605 0 255 0
0.2371388 -0.0351156 0.5004603 0 255 0
0.2132062 -0.0520141 0.5164580 0 255 0
0.3485315 -0.0552880 0.5758341 0 255 0
0.2783784 0.0545627 0.4823731 0 255 0
0.2480291 0.0094929 0.4963991 0 255 0
-0.1722483 0.0462899 0.5165380 0 255 0
0.3239784 -0.0665854 0.5683220 0 255 0
-0.1154601 -0.0856070 0.4866664 0 255 0
0.2399981 0.0439669 0.4780806 0 255 0
0.2352310 0.0585083 0.4685846 0 255 0
0.3391349 -0.0250795 0.5373892 0 255 0
0.1842550 0.0460245 0.4648254 0 255 0
-0.1087819 -0.0490925 0.4874483 0 255 0
0.3162985 -0.0412002 0.5503190 0 255 0
0.2773542 -0.1002119 0.5853313 0 255 0
0.2226662 0.0316981 0.4794149 0 255 0
0.1919248 0.0638774 0.4596806 0 255 0
0.2463677 0.0244911 0.4930742 0 255 0
0.2958566 -0.0251300 0.5126594 0 255 0
-0.1129064 -0.0585733 0.4806568 0 255 0
0.2459091 -0.0690564 0.5666820 0 255 0
0.2325553 -0.0390572 0.5058183 0 255 0
0.2479445 0.0278839 0.4916119 0 255 0
-0.2306488 0.0213833 0.5309834 0 255 0
0.2784506 -0.1080472 0.5905700 0 255 0
-0.2102395 -0.0514765 0.5361371 0 255 0
-0.1052417 -0.0700215 0.4817164 0 255 0
-0.1605712 0.0013754 0.5140820 0 255 0
-0.1175550 0.0144180 0.5054970 0 255 0
0.2115020 0.0182849 0.4821779 0 255 0
0.2948325 -0.1086868 0.5791888 0 255 0
0.2036868 0.0048813 0.5019594 0 255 0
-0.1944981 -0.0220018 0.5242310 0 255 0
0.2011583 0.0469882 0.4635567 0 255 0
0.2111699 -0.0660921 0.5423574 0 255 0
0.2129886 0.0193473 0.4804261 0 255 0
-0.1453568 -0.0044925 0.4951338 0 255 0
-0.1235219 -0.0255215 0.5206468 0 255 0
0.2251675 -0.0410632 0.5160934 0 255 0
-0.1287927 -0.0624846 0.5030541 0 255 0
0.2916377 0.0235306 0.4972603 0 255 0
0.1951027 -0.0705490 0.5472726 0 255 0
0.1999287 0.0469549 0.4632284 0 255 0
0.3143577 -0.0691936 0.5678082 0 255 0
-0.1062938 -0.0699698 0.4813613 0 255 0
-0.1398571 -0.0380007 0.4921365 0 255 0
0.1894359 0.0329155 0.4807415 0 255 0
0.2504377 0.0442254 0.4808916 0 255 0
-0.1970650 0.0473499 0.5148659 0 255 0
-0.1448100 -0.0091118 0.4932711 0 255 0
-0.1492587 -0.0882397 0.5084247 0 255 0
0.2826994 -0.0910741 0.5711528 0 255 0
0.2052501 -0.0938926 0.5719712 0 255 0
0.3164585 -0.0594976 0.5644252 0 255 0
0.2563840 0.0059984 0.4967870 0 255 0
0.3383574 -0.0469243 0.5568656 0 255 0
0.2081312 -0.0680375 0.5477593 0 255 0
0.2430869 -0.0832270 0.5725645 0 255 0
-0.1738668 0.0415321 0.5177479 0 255 0
0.2108013 0.0399540 0.4705110 0 255 0
0.2374680 0.0334839 0.4890445 0 255 0
-0.2072839 0.0532305 0.5132419 0 255 0
-0.2427848 0.0398406 0.5275689 0 255 0
-0.2003706 -0.0533001 0.5171603 0 255 0
0.2171379 -0.0246615 0.5031016 0 255 0
-0.1848852 0.0332495 0.5214082 0 255 0
-0.0833025 -0.0562014 0.5453116 0 255 0
-0.1879086 -0.0072033 0.5230116 0 255 0
0.3366692 -0.0198830 0.5334820 0 255 0
0.2694894 0.0255380 0.4909270 0 255 0
-0.2169083 0.0484040 0.5132148 0 255 0
-0.1021954 -0.0144327 0.5178362 0 255 0
0.2832967 -0.0531113 0.5273523 0 255 0
-0.1157474 -0.0770333 0.4830985 0 255 0
0.2604721 -0.0669873 0.5497031 0 255 0
0.3328131 0.0038323 0.5196420 0 255 0
0.2823997 -0.0418262 0.5256826 0 255 0
0.2747142 -0.1121260 0.5975160 0 255 0
-0.1293491 -0.0857286 0.4873576 0 255 0
0.2063328 -0.0493924 0.5144305 0 255 0
-0.1021129 -0.0229317 0.5174181 0 255 0
-0.1484744 0.0159974 0.5181803 0 255 0
-0.1671634 -0.0404548 0.5084460 0 255 0
0.3006456 -0.0191822 0.5146787 0 255 0
0.2902410 0.0106694 0.4968669 0 255 0
-0.0937699 -0.0563393 0.5466490 0 255 0
-0.1145661 0.0084337 0.5027924 0 255 0
0.2587155 -0.0424146 0.5177867 0 255 0
-0.0530483 -0.0492217 0.5126531 0 255 0
0.2514183 0.0507476 0.4784621 0 255 0
-0.1783971 0.0321783 0.5239155 0 255 0
0.2622132 -0.0045075 0.4967868 0 255 0
0.1965057 0.0144824 0.5077549 0 255 0
-0.1208107 -0.0830723 0.4852203 0 255 0
-0.1819398 -0.0679617 0.4998681 0 255 0
0.2744828 -0.0520784 0.5294489 0 255 0
-0.1862992 0.0391582 0.5185321 0 255 0
-0.1175093 -0.0230938 0.5210757 0 255 0
0.2641040 -0.0569601 0.5285711 0 255 0
-0.1650015 -0.0246011 0.5018702 0 255 0
0.2014174 0.0162646 0.5268360 0 255 0
-0.1321041 -0.0334734 0.5113015 0 255 0
0.3429645 -0.0109494 0.5258577 0 255 0
0.3398245 -0.0480706 0.5549930 0 255 0
0.2665885 -0.0557188 0.5285782 0 255 0
-0.2033009 -0.0312206 0.5344350 0 255 0
0.3058265 -0.0677407 0.5668150 0 255 0
0.2721536 -0.0407192 0.5273432 0 255 0
-0.1504739 -0.0287921 0.4928643 0 255 0
0.2089415 -0.0045406 0.5004377 0 255 0
-0.2045523 0.0423099 0.5124338 0 255 0
0.2195148 0.0570383 0.4655724 0 255 0
0.2466087 -0.0162279 0.4982369 0 255 0
-0.1434308 -0.0287714 0.4925104 0 255 0
-0.2129274 -0.0515180 0.5365692 0 255 0
-0.0998558 0.0026696 0.5312506 0 255 0
0.2185153 -0.0232490 0.4981666 0 255 0
-0.2346035 0.0285920 0.5258818 0 255 0
0.2184576 0.0171649 0.4825447 0 255 0
0.1732126 0.0576315 0.4615621 0 255 0
-0.1902085 -0.0108813 0.5225860 0 255 0
0.2112327 -0.0175684 0.5030974 0 255 0
0.2311901 -0.0378395 0.5054290 0 255 0
0.1872720 -0.0680459 0.5583897 0 255 0
-0.1414177 0.0247756 0.5235703 0 255 0
0.2011129 -0.0495753 0.5292885 0 255 0
0.2056149 -0.0915161 0.5655900 0 255 0
0.1768290 0.0469492 0.4741641 0 255 0
0.2050234 0.0574395 0.4600243 0 255 0
-0.1748002 -0.0624721 0.5029529 0 255 0
-0.1923413 -0.0604278 0.5056246 0 255 0
0.2616226 0.0221919 0.4934736 0 255 0
-0.1740033 0.0403472 0.5181544 0 255 0
0.2465515 0.0233499 0.4934421 0 255 0
0.2632160 0.0573724 0.4774575 0 255 0
-0.1829805 -0.0107449 0.5160366 0 255 0
-0.1727338 -0.0418427 0.5108042 0 255 0
-0.1840879 -0.0383597 0.5123773 0 255 0
-0.2022033 -0.0500961 0.5348492 0 255 0
0.3398256 -0.0467666 0.5549947 0 255 0
0.2933531 -0.0177508 0.5083213 0 255 0
-0.2386938 0.0164318 0.5322506 0 255 0
0.3010123 -0.0758596 0.5677707 0 255 0
0.2616298 0.0083145 0.4956814 0 255 0
0.2605596 -0.0801244 0.5696367 0 255 0
0.2437892 -0.0010017 0.4948869 0 255 0
0.2552966 -0.1108149 0.5980175 0 255 0
0.2672352 0.0489279 0.4826932 0 255 0
0.2248535 -0.0487969 0.5209783 0 255 0
-0.0992543 -0.0440857 0.5089858 0 255 0
-0.1087105 -0.0723367 0.4820592 0 255 0
0.2749630 -0.1136328 0.5980572 0 255 0
-0.1858639 0.0138103 0.5276604 0 255 0
0.1704660 0.0774819 0.4571019 0 255 0
0.2096371 0.0564381 0.4606733 0 255 0
-0.2093614 0.0483300 0.5124307 0 255 0
-0.1623755 -0.0834254 0.5010359 0 255 0
-0.1776475 -0.0881277 0.5009965 0 255 0
-0.0887226 -0.0597592 0.4903885 0 255 0
0.2648489 0.0311664 0.4887418 0 255 0
0.2875496 -0.0199850 0.5044188 0 255 0
-0.2027000 -0.0439199 0.5361631 0 255 0
-0.1395350 -0.0475356 0.4950918 0 255 0
0.1858065 -0.0734754 0.5699738 0 255 0
0.2640547 -0.0778457 0.5628390 0 255 0
0.2379362 -0.0548333 0.5201772 0 255 0
0.2526249 -0.0221992 0.5008918 0 255 0
-0.0970134 -0.0573290 0.5097638 0 255 0
0.2306021 -0.0044599 0.4915339 0 255 0
0.2877391 -0.0488871 0.5219409 0 255 0
-0.0480487 -0.0562304 0.5106647 0 255 0
-0.2234389 0.0014631 0.5468865 0 255 0
-0.1695615 -0.0946154 0.4979672 0 255 0
-0.1052792 -0.0365137 0.5035233 0 255 0
0.2156980 0.0001619 0.4970625 0 255 0
0.2761171 -0.1135303 0.5975174 0 255 0
-0.1413520 0.0001620 0.4973968 0 255 0
-0.1605347 -0.0964471 0.4953557 0 255 0
-0.1802198 0.0403777 0.5185469 0 255 0
-0.1885129 0.0026366 0.5246934 0 255 0
-0.1482386 0.0098937 0.5173575 0 255 0
0.1992148 -0.0621131 0.5410001 0 255 0
0.2954683 0.0048796 0.5017837 0 255 0
0.2453805 0.0430003 0.4798298 0 255 0
0.1957936 0.0273675 0.4825076 0 255 0
0.3108175 -0.0010394 0.5135241 0 255 0
0.1716579 0.0695769 0.4545766 0 255 0
0.2380383 -0.0415625 0.5073845 0 255 0
-0.0748270 -0.0559466 0.4974720 0 255 0
0.2893997 -0.0200312 0.5055827 0 255 0
-0.1288920 -0.0601669 0.5034421 0 255 0
0.3268986 -0.0097131 0.5258213 0 255 0
0.2826245 -0.0430957 0.5261011 0 255 0
0.3444803 -0.0047752 0.5262881 0 255 0
-0.1100885 -0.0491651 0.4881694 0 255 0
0.2754608 -0.0162056 0.4975509 0 255 0
-0.1002162 -0.0415972 0.5078071 0 255 0
-0.1791442 -0.0335188 0.5119948 0 255 0
-0.2331109 -0.0062312 0.5454929 0 255 0
0.2474385 -0.0330412 0.5046993 0 255 0
0.2440109 0.0397617 0.4815716 0 255 0
0.3251248 -0.0186136 0.5330288 0 255 0
0.1998503 0.0208703 0.4896727 0 255 0
0.2723073 -0.0056665 0.4960603 0 255 0
-0.0581313 -0.0494520 0.5150510 0 255 0
0.2442809 -0.1109111 0.5985366 0 255 0
-0.1293783 -0.0633753 0.5007514 0 255 0
-0.1146141 0.0133020 0.5082376 0 255 0
-0.2007426 -0.0551656 0.5119190 0 255 0
0.2840916 -0.0199086 0.5024900 0 255 0
-0.2096719 -0.0402711 0.5379089 0 255 0
0.2866221 -0.0982100 0.5736383 0 255 0
-0.1910117 0.0379089 0.5181113 0 255 0
0.2528785 -0.0456689 0.5133380 0 255 0
-0.2077343 -0.0325815 0.5361661 0 255 0
-0.1951591 0.0607349 0.5260126 0 255 0
-0.1017043 -0.0642697 0.4810261 0 255 0
0.2698012 0.0553302 0.4792030 0 255 0
0.3372517 -0.0817810 0.6015112 0 255 0
0.3538220 -0.0274723 0.5348075 0 255 0
-0.1570504 -0.0964491 0.4953660 0 255 0
0.2803746 0.0071236 0.4938655 0 255 0
-0.1569527 -0.0440426 0.4950579 0 255 0
-0.1201379 -0.0439754 0.5218701 0 255 0
0.2502645 -0.0926099 0.5894706 0 255 0
0.2177850 -0.0765096 0.5627392 0 255 0
0.2491182 -0.0807490 0.5740774 0 255 0
-0.1060896 -0.0169059 0.5190511 0 255 0
0.2515764 -0.0283634 0.5058746 0 255 0
0.2059361 0.0354545 0.4694887 0 255 0
-0.1576453 -0.0921409 0.4972425 0 255 0
0.3386082 -0.0022873 0.5229416 0 255 0
-0.0986800 -0.0645066 0.4827992 0 255 0
-0.1976277 0.0644428 0.5260118 0 255 0
0.2500818 -0.0210061 0.5005075 0 255 0
-0.1008725 -0.0587914 0.4824471 0 255 0
-0.0894709 -0.0675214 0.4881920 0 255 0
0.2752352 0.0609183 0.4788740 0 255 0
0.2808251 -0.0431988 0.5273591 0 255 0
-0.2169102 0.0520222 0.5132193 0 255 0
-0.1059221 -0.0180969 0.5182316 0 255 0
-0.1580747 0.0232840 0.5177600 0 255 0
0.2248002 0.0138753 0.4864675 0 255 0
0.2256319 0.0116320 0.4882674 0 255 0
0.2043644 -0.0200698 0.5065588 0 255 0
0.1807984 0.0511251 0.4615707 0 255 0
-0.1093074 -0.0289865 0.5169864 0 255 0
0.2019811 -0.0337581 0.5156493 0 255 0
-0.1266818 -0.0327312 0.5185767 0 255 0
0.1936735 0.0202762 0.5034900 0 255 0
-0.2084100 -0.0415352 0.5379102 0 255 0
-0.0502889 -0.0560557 0.5090786 0 255 0
0.2937409 -0.0226504 0.5110716 0 255 0
-0.1520582 -0.0560120 0.4980536 0 255 0
0.3204850 0.0158549 0.5135661 0 255 0
0.2558959 -0.0728653 0.5652410 0 255 0
-0.1056652 -0.0480906 0.4889067 0 255 0
-0.1737247 -0.0902766 0.4998585 0 255 0
0.1894905 -0.0665244 0.5459046 0 255 0
-0.1806292 -0.0702574 0.4994880 0 255 0
0.3164859 -0.0610848 0.5668465 0 255 0
-0.1872732 0.0597399 0.5281426 0 255 0
0.2976652 -0.0956019 0.5741654 0 255 0
0.2255362 -0.1079287 0.5899222 0 255 0
0.2457782 -0.0805375 0.5725737 0 255 0
-0.0920782 -0.0085376 0.5295422 0 255 0
-0.1199747 -0.0056101 0.4911211 0 255 0
0.2969409 -0.0117791 0.5083365 0 255 0
-0.1996961 -0.0475834 0.5348579 0 255 0
-0.1599026 -0.0857151 0.5006566 0 255 0
-0.1591706 0.0415020 0.5173726 0 255 0
-0.1778439 -0.0520357 0.5048921 0 255 0
0.2727006 -0.0719765 0.5483518 0 255 0
0.1855941 -0.0685337 0.5734504 0 255 0
-0.1747107 -0.0152952 0.5061131 0 255 0
-0.1650019 -0.0234219 0.5018716 0 255 0
0.1887402 -0.0759818 0.5588568 0 255 0
0.2619900 -0.0452033 0.5218891 0 255 0
0.1830797 -0.0655180 0.5825792 0 255 0
0.2036341 0.0218108 0.4849997 0 255 0
-0.1600731 -0.0769506 0.5049003 0 255 0
0.2884319 0.0257895 0.4957617 0 255 0
0.2665226 0.0423696 0.4855224 0 255 0
0.1815355 0.0396925 0.4807340 0 255 0
-0.2113431 0.0261440 0.5263513 0 255 0
0.2150134 -0.0068613 0.4981792 0 255 0
-0.2222650 0.0321211 0.5229849 0 255 0
-0.1003200 -0.0553158 0.5023590 0 255 0
0.2779165 -0.0957616 0.5751241 0 255 0
-0.1449772 -0.0635161 0.5018644 0 255 0
-0.1830993 0.0212162 0.5268321 0 255 0
0.2719941 -0.0533218 0.5294419 0 255 0
-0.1968708 -0.0399788 0.5340037 0 255 0
0.2754917 -0.0959155 0.5842944 0 255 0
0.1964342 0.0199564 0.4955503 0 255 0
0.2733928 -0.0233428 0.5001761 0 255 0
-0.0875687 -0.0758885 0.4903710 0 255 0
-0.1114714 -0.0860546 0.4892108 0 255 0
0.2612212 -0.0799178 0.5681680 0 255 0
-0.0581484 -0.0488840 0.5494781 0 255 0
0.2757562 -0.0641494 0.5367647 0 255 0
-0.2057337 -0.0073134 0.5310027 0 255 0
-0.1290962 0.0024660 0.4907444 0 255 0
0.2643499 -0.0021713 0.4964205 0 255 0
0.2677927 -0.0418570 0.5260701 0 255 0
0.3349745 -0.0211877 0.5347740 0 255 0
-0.1397334 -0.0922695 0.4917012 0 255 0
0.1974074 -0.0549013 0.5326970 0 255 0
0.2613754 -0.1020175 0.5958781 0 255 0
-0.2041439 0.0376400 0.5144352 0 255 0
0.2405954 -0.1077061 0.5963649 0 255 0
0.2554451 0.0256316 0.4927272 0 255 0
0.2755973 -0.0044976 0.4956961 0 255 0
0.2318330 0.0196061 0.4868516 0 255 0
0.2629892 0.0036583 0.4960514 0 255 0
-0.1140331 -0.0608314 0.4806515 0 255 0
-0.2239386 0.0115703 0.5388245 0 255 0
-0.1567598 -0.0818221 0.5056790 0 255 0
-0.1133507 0.0001620 0.4974583 0 255 0
0.2553157 -0.0990365 0.5947925 0 255 0
-0.0927915 -0.0344709 0.5265380 0 255 0
-0.1694217 -0.0614802 0.5045112 0 255 0
-0.1343519 -0.0010068 0.4974107 0 255 0
-0.1802108 -0.0190679 0.5116116 0 255 0
-0.1444281 -0.0574017 0.4999637 0 255 0
0.3365808 0.0013957 0.5217015 0 255 0
0.2087050 -0.0613231 0.5234073 0 255 0
-0.0659386 -0.0489234 0.5499206 0 255 0
0.2251826 -0.0892485 0.5680745 0 255 0
0.2619892 -0.0464295 0.5218875 0 255 0
-0.2179510 -0.0442059 0.5396541 0 255 0
-0.1996513 -0.0608474 0.5091360 0 255 0
0.2153459 -0.0674786 0.5432593 0 255 0
-0.1933903 -0.0539226 0.5115379 0 255 0
0.2285985 -0.0797012 0.5666280 0 255 0
0.1905944 0.0602166 0.4564942 0 255 0
-0.1129778 -0.0243959 0.5227417 0 255 0
0.3580723 -0.0273178 0.5317997 0 255 0
0.1963394 -0.0881321 0.5694860 0 255 0
-0.1142020 -0.0305368 0.5227299 0 255 0
0.1946179 -0.0690909 0.5459127 0 255 0
0.2507509 -0.0549663 0.5214396 0 255 0
0.3285069 -0.0862505 0.5933653 0 255 0
0.2342743 -0.0474997 0.5201783 0 255 0
-0.2497212 0.0151681 0.5317937 0 255 0
0.2631747 0.0199026 0.4942136 0 255 0
0.1684347 0.0753849 0.4574118 0 255 0
-0.1451980 -0.0659750 0.5026289 0 255 0
-0.1860629 0.0272964 0.5247294 0 255 0
-0.1377712 0.0062127 0.5145406 0 255 0
0.2393056 0.0460803 0.4767013 0 255 0
-0.2098424 -0.0428338 0.5383464 0 255 0
0.2631820 -0.0045041 0.4964150 0 255 0
0.2389620 0.0408031 0.4805095 0 255 0
-0.2246622 -0.0137961 0.5405656 0 255 0
0.2882268 -0.0422873 0.5162327 0 255 0
0.2735356 -0.0705715 0.5474473 0 255 0
-0.1105035 -0.0417249 0.4951629 0 255 0
0.2642662 -0.0404590 0.5239737 0 255 0
-0.1948007 0.0425439 0.5152687 0 255 0
-0.2141673 0.0483290 0.5124201 0 255 0
0.3132410 -0.0536416 0.5586865 0 255 0
0.1982607 -0.0853202 0.5598161 0 255 0
-0.1879935 0.0438593 0.5165004 0 255 0
0.2325130 0.0093376 0.4882797 0 255 0
0.3413104 -0.0385216 0.5490028 0 255 0
-0.1381870 -0.0344033 0.4903086 0 255 0
0.2365001 0.0585503 0.4689204 0 255 0
0.2426684 0.0505622 0.4767142 0 255 0
-0.1759245 -0.0249815 0.5096292 0 255 0
0.2773253 0.0502484 0.4844888 0 255 0
-0.2093596 0.0447174 0.5124263 0 255 0
0.2020821 -0.0489080 0.5221639 0 255 0
-0.2134818 0.0128160 0.5379664 0 255 0
0.3338866 -0.0540120 0.5625442 0 255 0
-0.2169335 -0.0544102 0.5279315 0 255 0
0.2709092 -0.0469137 0.5273301 0 255 0
0.2900248 0.0141613 0.4964969 0 255 0
0.2332569 -0.0090933 0.4922679 0 255 0
-0.0916254 -0.0674206 0.4874633 0 255 0
0.2706995 -0.0382104 0.5269217 0 255 0
-0.1698190 -0.0706367 0.5021846 0 255 0
0.3140914 -0.0624696 0.5673274 0 255 0
-0.2101467 -0.0098404 0.5327125 0 255 0
0.1727425 0.0574717 0.4691105 0 255 0
0.1775470 0.0532938 0.4615662 0 255 0
-0.0874400 -0.0677231 0.4896508 0 255 0
0.3222633 -0.0567011 0.5629956 0 255 0
0.2484980 -0.1123189 0.5985441 0 255 0
0.2699585 -0.0932003 0.5932283 0 255 0
0.3461378 -0.0211032 0.5326399 0 255 0
0.1942577 0.0200922 0.4989209 0 255 0
0.2548045 -0.0685870 0.5628302 0 255 0
-0.1270877 -0.0101499 0.4874577 0 255 0
-0.2475955 0.0040295 0.5463815 0 255 0
-0.1162372 0.0048121 0.4948366 0 255 0
-0.0995240 -0.0436798 0.5042998 0 255 0
0.2124544 0.0484204 0.4668642 0 255 0
0.1966790 0.0406512 0.4658309 0 255 0
-0.0383062 -0.0454697 0.5249652 0 255 0
0.2144583 -0.0456967 0.5136510 0 255 0
0.2340050 0.0059044 0.4890028 0 255 0
0.2230802 -0.0849511 0.5661225 0 255 0
0.3476697 -0.0223729 0.5330720 0 255 0
-0.1729721 -0.0591087 0.5045063 0 255 0
0.2314661 -0.0449838 0.5193555 0 255 0
-0.1895990 0.0621717 0.5277163 0 255 0
-0.1128858 -0.0317399 0.5223159 0 255 0
0.2710348 0.0490005 0.4834088 0 255 0
-0.1439654 -0.0404945 0.4943459 0 255 0
0.2543823 0.0431903 0.4819503 0 255 0
-0.1659330 0.0162785 0.5272865 0 255 0
0.2906785 0.0095162 0.4976160 0 255 0
0.2336737 0.0322863 0.4883106 0 255 0
0.2263389 -0.0196049 0.4948232 0 255 0
-0.2117353 -0.0173786 0.5335652 0 255 0
-0.1089164 0.0013483 0.5039498 0 255 0
0.2351317 0.0397891 0.4819039 0 255 0
-0.1858716 -0.0324413 0.5139844 0 255 0
0.2052061 0.0375274 0.4678245 0 255 0
0.3299261 -0.0010543 0.5208601 0 255 0
0.2152773 0.0226191 0.4779977 0 255 0
-0.1127107 -0.0182112 0.5215058 0 255 0
-0.1291064 -0.0396655 0.5136970 0 255 0
0.2311549 -0.0500618 0.5214027 0 255 0
0.2492774 -0.0974610 0.5937092 0 255 0
-0.1728389 -0.0602477 0.5041180 0 255 0
0.2005430 0.0101559 0.5310687 0 255 0
-0.1644315 -0.0744053 0.5037323 0 255 0
-0.0621375 -0.0511896 0.5082715 0 255 0
-0.1094443 -0.0574029 0.4803146 0 255 0
0.2103374 0.0025034 0.4981805 0 255 0
0.2088902 -0.0357075 0.5088961 0 255 0
-0.0962726 -0.0168932 0.5186632 0 255 0
0.3399177 -0.0512823 0.5616026 0 255 0
0.2223394 0.0260274 0.4787112 0 255 0
0.2983656 -0.0117882 0.5087317 0 255 0
-0.1900460 0.0014060 0.5255280 0 255 0
-0.1470886 -0.1029700 0.4931483 0 255 0
-0.1883615 0.0001707 0.5242720 0 255 0
0.2280195 -0.0526358 0.5226302 0 255 0
-0.0733815 -0.0603936 0.4955947 0 255 0
-0.1341435 -0.0181937 0.4881563 0 255 0
0.2554072 0.0024983 0.4971550 0 255 0
-0.1202922 -0.0892331 0.4877350 0 255 0
-0.2213804 0.0354694 0.5180430 0 255 0
-0.1061387 -0.0687383 0.4806591 0 255 0
0.2659363 0.0445531 0.4844544 0 255 0
0.1834095 0.0531094 0.4599693 0 255 0
0.2777151 -0.0854097 0.5691788 0 255 0
0.2698679 -0.0221672 0.5001698 0 255 0
0.1917368 -0.0664150 0.5450065 0 255 0
0.2453536 -0.0763692 0.5715845 0 255 0
0.2951015 -0.0827409 0.5692202 0 255 0
-0.2163323 -0.0403361 0.5387768 0 255 0
0.2707854 -0.0150362 0.4975421 0 255 0
0.2198808 0.0047977 0.4933607 0 255 0
0.2194350 -0.0535647 0.5197280 0 255 0
0.2022004 0.0510589 0.4609723 0 255 0
0.2483559 0.0408644 0.4812312 0 255 0
-0.1363909 -0.0710270 0.5049598 0 255 0
-0.1952565 0.0377892 0.5164742 0 255 0
0.2373660 0.0163189 0.4912083 0 255 0
0.2561116 0.0539264 0.4767478 0 255 0
-0.0990290 -0.0569592 0.5403449 0 255 0
-0.1481604 -0.0334245 0.4928636 0 255 0
-0.1675907 -0.0730528 0.5025708 0 255 0
-0.1587708 -0.0674097 0.5045273 0 255 0
0.2372975 -0.0454535 0.5109171 0 255 0
-0.1821537 0.0162905 0.5276743 0 255 0
0.2132252 -0.0247555 0.5050201 0 255 0
-0.1400790 -0.0010060 0.4970220 0 255 0
-0.0426211 -0.0472569 0.5175200 0 255 0
-0.1383888 -0.0056561 0.4951477 0 255 0
0.2087647 -0.0628196 0.5361800 0 255 0
0.2515387 -0.1124223 0.5990950 0 255 0
0.2844471 -0.1088739 0.5801856 0 255 0
0.2982382 -0.0913174 0.5726783 0 255 0
0.2604631 0.0221917 0.4934711 0 255 0
0.2567014 -0.1108155 0.5980206 0 255 0
-0.1399696 -0.0171995 0.4925323 0 255 0
0.2047733 -0.0069503 0.5046369 0 255 0
0.3172987 -0.0705892 0.5683024 0 255 0
0.2348943 -0.0314445 0.4981909 0 255 0
-0.1431895 0.0222087 0.5210754 0 255 0
-0.1149873 -0.0044864 0.4944556 0 255 0
-0.1757321 0.0562903 0.5307201 0 255 0
0.2053738 -0.0419439 0.5120395 0 255 0
0.3404928 -0.0109493 0.5258523 0 255 0
0.1865234 -0.0666517 0.5805313 0 255 0
0.2080738 0.0300884 0.4718379 0 255 0
-0.2468297 0.0176390 0.5309432 0 255 0
0.2022472 0.0469884 0.4635591 0 255 0
-0.1074520 -0.0449114 0.4918334 0 255 0
-0.1276002 -0.0467976 0.5124896 0 255 0
-0.2124217 0.0388171 0.5140159 0 255 0
-0.2147994 0.0353867 0.5168346 0 255 0
0.1877041 -0.0655125 0.5481706 0 255 0
-0.2016755 -0.0010731 0.5301622 0 255 0
-0.2476787 0.0250842 0.5300934 0 255 0
0.2426551 -0.1094050 0.5979915 0 255 0
-0.1887926 0.0126006 0.5289268 0 255 0
-0.1525030 -0.0684392 0.5033799 0 255 0
0.3273339 -0.0468429 0.5559000 0 255 0
-0.1367338 -0.0297291 0.4892265 0 255 0
0.2109913 -0.0843672 0.5622315 0 255 0
0.2958588 -0.0033918 0.5044575 0 255 0
-0.1413385 -0.0114301 0.4932759 0 255 0
-0.1422753 -0.0299288 0.4925115 0 255 0
0.3501743 -0.0236256 0.5330759 0 255 0
0.3232465 -0.0238542 0.5382329 0 255 0
-0.2057307 -0.0135518 0.5309950 0 255 0
0.2727140 -0.0115118 0.4968012 0 255 0
-0.1384226 0.0111011 0.5169736 0 255 0
-0.2003938 0.0224524 0.5267929 0 255 0
-0.2246721 0.0390594 0.5172244 0 255 0
-0.0522728 -0.0615591 0.5051590 0 255 0
0.2017424 0.0095629 0.5000597 0 255 0
0.2774259 -0.0258504 0.5032334 0 255 0
0.3405821 -0.0185697 0.5317723 0 255 0
-0.1796588 0.0499693 0.5169326 0 255 0
-0.1658723 -0.0614811 0.5045190 0 255 0
-0.1909703 -0.0047606 0.5246788 0 255 0
-0.2314442 -0.0151782 0.5445834 0 255 0
-0.1848479 -0.0646345 0.5013922 0 255 0
0.3231433 -0.0454977 0.5554242 0 255 0
0.2143794 -0.0596217 0.5192999 0 255 0
-0.0580205 -0.0625522 0.5035976 0 255 0
-0.1654865 -0.0731654 0.5033455 0 255 0
-0.1102631 -0.0218875 0.5215066 0 255 0
-0.1766180 -0.0634589 0.5014118 0 255 0
-0.1554492 -0.0230533 0.4939720 0 255 0
-0.1620821 -0.0412672 0.5037786 0 255 0
0.2336690 0.0242540 0.4883007 0 255 0
-0.0823115 -0.0578015 0.4933493 0 255 0
-0.1177586 -0.0621410 0.4820495 0 255 0
-0.1817013 -0.0083725 0.5193030 0 255 0
0.2564118 0.0267696 0.4923629 0 255 0
-0.1461351 -0.0837223 0.5100161 0 255 0
0.2567660 -0.0021761 0.4975273 0 255 0
-0.1168666 -0.0079419 0.4925946 0 255 0
0.2441546 -0.0033324 0.4956287 0 255 0
-0.0371927 -0.0505649 0.5266429 0 255 0
-0.1378083 -0.0670042 0.5014928 0 255 0
0.2334870 -0.0231109 0.4952061 0 255 0
-0.2021540 -0.0235522 0.5314201 0 255 0
0.2713513 -0.0945944 0.5932297 0 255 0
-0.1563339 0.0455845 0.5368168 0 255 0
0.2153103 0.0139260 0.4882477 0 255 0
-0.2017908 0.0224703 0.5272126 0 255 0
-0.1623176 -0.0745203 0.5045106 0 255 0
0.2512331 -0.0703892 0.5666921 0 255 0
-0.0973330 -0.0278169 0.5178288 0 255 0
0.2767435 0.0312143 0.4894931 0 255 0
0.2766160 0.0244033 0.4913068 0 255 0
-0.1147822 -0.0794202 0.4838091 0 255 0
0.3100899 -0.0622011 0.5648886 0 255 0
-0.1088302 -0.0093017 0.5035507 0 255 0
-0.1558140 -0.0807588 0.5064622 0 255 0
0.3238051 -0.0022781 0.5208453 0 255 0
-0.1010638 0.0001688 0.5182649 0 255 0
-0.0811536 -0.0601199 0.4933490 0 255 0
0.2806312 -0.0868228 0.5696754 0 255 0
0.2882059 0.0129653 0.4953732 0 255 0
-0.1535642 -0.0987781 0.4953707 0 255 0
0.2628253 -0.0416568 0.5235530 0 255 0
-0.1767814 0.0236738 0.5264269 0 255 0
0.3185621 0.0086277 0.5143536 0 255 0
-0.1594100 -0.0068241 0.4954733 0 255 0
0.2799835 -0.1065212 0.5822291 0 255 0
-0.2413819 -0.0126710 0.5468295 0 255 0
0.2451252 -0.0340702 0.5023857 0 255 0
-0.1122658 -0.0758438 0.4827528 0 255 0
0.1703092 0.0624942 0.4654689 0 255 0
0.2347292 -0.0826498 0.5685939 0 255 0
-0.2509730 0.0239155 0.5318018 0 255 0
-0.2119135 -0.0048453 0.5340142 0 255 0
0.3260954 -0.0496641 0.5582466 0 255 0
0.2812872 -0.0334038 0.5102376 0 255 0
0.3068030 -0.1022476 0.5812662 0 255 0
0.2823334 -0.0825230 0.5677215 0 255 0
-0.1073994 -0.0501265 0.4863679 0 255 0
0.2932488 0.0235663 0.4980145 0 255 0
-0.1076220 -0.0070106 0.5090148 0 255 0
-0.2079923 0.0039352 0.5335999 0 255 0
0.2171028 -0.1004046 0.5785170 0 255 0
-0.2135144 -0.0010827 0.5348852 0 255 0
0.3201242 -0.0499590 0.5615609 0 255 0
0.2073767 -0.0057382 0.5023369 0 255 0
-0.2235590 -0.0519401 0.5409659 0 255 0
0.2164326 0.0359165 0.4756061 0 255 0
0.2579519 0.0233336 0.4930981 0 255 0
0.2248175 0.0105002 0.4889884 0 255 0
0.2720830 -0.0990426 0.5948293 0 255 0
-0.1640230 0.0390696 0.5173589 0 255 0
0.3035926 -0.0930684 0.5751837 0 255 0
0.2218657 0.0036330 0.4926264 0 255 0
0.2548362 0.0118173 0.4960436 0 255 0
0.1998292 -0.0606431 0.5392322 0 255 0
-0.2120913 0.0411686 0.5132164 0 255 0
-0.1305138 -0.0216029 0.4874360 0 255 0
-0.1481808 -0.0883085 0.5088208 0 255 0
0.3465405 -0.0134637 0.5275441 0 255 0
-0.2434320 0.0335609 0.5262914 0 255 0
-0.1354884 -0.0216667 0.4888753 0 255 0
0.2591242 -0.0500281 0.5210519 0 255 0
-0.1127241 0.0096596 0.5051133 0 255 0
-0.1680585 0.0367241 0.5185719 0 255 0
0.3362496 -0.0096981 0.5250077 0 255 0
-0.1058402 -0.0119991 0.5178311 0 255 0
-0.1600773 -0.0662749 0.5049136 0 255 0
0.2545677 0.0420885 0.4823017 0 255 0
-0.1402629 -0.0837895 0.5104252 0 255 0
-0.0658676 -0.0513078 0.5094447 0 255 0
-0.1912778 0.0001711 0.5255238 0 255 0
0.2648617 -0.0905738 0.5942874 0 255 0
0.2061697 0.0501518 0.4625963 0 255 0
-0.2054940 0.0127124 0.5336163 0 255 0
0.3381299 -0.0147144 0.5279435 0 255 0
0.2794285 -0.1193628 0.5986032 0 255 0
0.2471046 0.0199161 0.4945490 0 255 0
-0.1786164 0.0013938 0.5209690 0 255 0
0.2073283 0.0553165 0.4603478 0 255 0
-0.1860215 -0.0693459 0.5013838 0 255 0
-0.1365350 0.0135842 0.5190220 0 255 0
-0.1324730 -0.0335526 0.4947534 0 255 0
-0.2393451 0.0298034 0.5254536 0 255 0
-0.1703378 0.0285770 0.5256050 0 255 0
0.2074275 0.0194603 0.4832305 0 255 0
0.2830990 -0.1126898 0.5858489 0 255 0
0.1919171 -0.0580125 0.5383369 0 255 0
-0.2119240 0.0164870 0.5340407 0 255 0
0.2562373 -0.1078099 0.5969394 0 255 0
-0.1386365 -0.0799442 0.5088522 0 255 0
0.2155895 0.0215271 0.4786909 0 255 0
-0.2198279 0.0473080 0.5144100 0 255 0
-0.1506649 -0.0500859 0.4973126 0 255 0
0.2289508 0.0574871 0.4692361 0 255 0
0.2655590 -0.0570062 0.5289985 0 255 0
0.2955256 0.0095596 0.4998887 0 255 0
-0.1093254 -0.0343046 0.5058422 0 255 0
0.2416595 -0.0327397 0.5000935 0 255 0
0.2037904 -0.0551734 0.5234042 0 255 0
-0.1868471 0.0296913 0.5234765 0 255 0
0.3177876 -0.0555196 0.5644330 0 255 0
-0.1068872 -0.0095505 0.5170173 0 255 0
0.2991466 -0.0022132 0.5060138 0 255 0
0.2532585 -0.0033451 0.4975181 0 255 0
0.2732353 -0.0892096 0.5853359 0 255 0
0.2390363 -0.0278703 0.4970791 0 255 0
-0.1943635 0.0014105 0.5272028 0 255 0
-0.0884250 -0.0777941 0.4951667 0 255 0
0.2551107 0.0355220 0.4854890 0 255 0
0.2981046 0.0142692 0.5002792 0 255 0
0.1905553 -0.0782762 0.5564972 0 255 0
-0.2230136 -0.0416692 0.5396461 0 255 0
-0.0955633 -0.0612843 0.4842303 0 255 0
0.2191895 -0.0208608 0.4970443 0 255 0
0.2057292 -0.0680935 0.5482097 0 255 0
0.2605947 0.0572888 0.4767618 0 255 0
-0.1847542 -0.0460492 0.5176128 0 255 0
-0.1060601 -0.0459641 0.4907336 0 255 0
-0.1519232 -0.0634657 0.5014661 0 255 0
0.2476387 0.0475114 0.4798416 0 255 0
-0.1870768 -0.0324412 0.5139818 0 255 0
-0.1832456 0.0199942 0.5272530 0 255 0
0.2058779 -0.0935679 0.5699930 0 255 0
-0.1520570 -0.1032001 0.4942503 0 255 0
0.2263408 -0.0161169 0.4948275 0 255 0
-0.2267426 0.0426383 0.5164109 0 255 0
0.2726604 0.0071340 0.4945891 0 255 0
-0.1775499 0.0357011 0.5214274 0 255 0
0.2261559 0.0024718 0.4918995 0 255 0
0.2674554 0.0118090 0.4956985 0 255 0
0.2042601 0.0227664 0.4811122 0 255 0
0.1931331 0.0520308 0.4599892 0 255 0
-0.1785543 -0.0785917 0.5002431 0 255 0
0.2710992 0.0187279 0.4938595 0 255 0
0.2783088 0.0335649 0.4902267 0 255 0
0.1955414 0.0232057 0.4903946 0 255 0
-0.1569881 0.0342615 0.5181842 0 255 0
-0.0895379 -0.0652760 0.4885575 0 255 0
0.2086276 0.0013368 0.4996856 0 255 0
0.2207900 -0.1022139 0.5810747 0 255 0
-0.1981149 0.0424767 0.5144544 0 255 0
0.2523154 -0.0747043 0.5691333 0 255 0
-0.2173230 0.0250268 0.5288795 0 255 0
-0.1457979 -0.0775509 0.5088394 0 255 0
-0.1535555 -0.0820122 0.5068538 0 255 0
-0.1159737 -0.0009993 0.4937151 0 255 0
0.2781394 0.0469706 0.4859111 0 255 0
0.2807922 0.0024854 0.4946012 0 255 0
0.2128252 -0.0570912 0.5184826 0 255 0
0.2499878 0.0141376 0.4956630 0 255 0
-0.1163440 -0.0831354 0.4855886 0 255 0
-0.1781523 -0.0678596 0.4991168 0 255 0
0.2727818 -0.0687712 0.5433865 0 255 0
-0.1840850 -0.0022858 0.5226101 0 255 0
-0.1948601 -0.0652288 0.5060027 0 255 0
-0.1661859 -0.0900057 0.4983582 0 255 0
-0.2306100 0.0368015 0.5196637 0 255 0
0.2323281 -0.1085144 0.5931237 0 255 0
-0.1679647 -0.0427445 0.5072621 0 255 0
0.1891803 0.0458962 0.4635291 0 255 0
-0.1118519 -0.0387009 0.5012050 0 255 0
-0.0989483 -0.0543755 0.5399044 0 255 0
0.2770994 0.0048061 0.4942255 0 255 0
0.3540431 -0.0198043 0.5313719 0 255 0
0.2198278 -0.0307836 0.5065795 0 255 0
-0.2201567 0.0238221 0.5297248 0 255 0
0.2107482 -0.0901118 0.5651178 0 255 0
0.1885810 0.0613313 0.4568073 0 255 0
0.2650972 -0.0976427 0.5948157 0 255 0
0.2625996 -0.0328633 0.5206692 0 255 0
0.1899252 0.0266820 0.4907516 0 255 0
0.2610384 0.0256131 0.4923717 0 255 0
0.2469795 -0.0209423 0.4989858 0 255 0
0.1989519 0.0510581 0.4609652 0 255 0
-0.1090852 0.0072803 0.5047306 0 255 0
0.3177848 -0.0594979 0.5644282 0 255 0
-0.1605070 0.0330173 0.5177668 0 255 0
0.2136299 0.0555505 0.4622951 0 255 0
0.2131553 -0.0092233 0.4993041 0 255 0
-0.2329181 -0.0075068 0.5450417 0 255 0
-0.1448854 -0.0995703 0.4935279 0 255 0
0.1754891 0.0734922 0.4590167 0 255 0
0.1995814 0.0096285 0.5034897 0 255 0
0.1785534 0.0622725 0.4558394 0 255 0
-0.1503643 -0.0206703 0.4925052 0 255 0
0.2221926 -0.0149877 0.4959365 0 255 0
-0.1190597 -0.0758415 0.4827378 0 255 0
0.3433482 -0.0250189 0.5360912 0 255 0
-0.1714385 0.0415325 0.5177533 0 255 0
-0.1846711 -0.0215724 0.5140006 0 255 0
-0.2228203 0.0238411 0.5301465 0 255 0
0.2334350 -0.0339134 0.5000740 0 255 0
0.2273866 0.0476977 0.4705569 0 255 0
0.2235555 -0.0318276 0.5042614 0 255 0
-0.0929055 -0.0721079 0.4881788 0 255 0
-0.1324019 -0.0525862 0.4988599 0 255 0
0.2200813 0.0193762 0.4811427 0 255 0
-0.2071582 0.0176562 0.5314602 0 255 0
0.2181689 -0.0256870 0.5000522 0 255 0
0.2031246 0.0001639 0.5034859 0 255 0
-0.1611414 -0.0567410 0.5045353 0 255 0
0.2757079 0.0544824 0.4816631 0 255 0
0.2595403 -0.0540424 0.5243633 0 255 0
-0.1669063 -0.0380068 0.5076638 0 255 0
0.2853082 -0.1073223 0.5791695 0 255 0
0.2121225 0.0172022 0.4835924 0 255 0
-0.0693449 -0.0511644 0.5462548 0 255 0
0.2458740 -0.0033400 0.4967525 0 255 0
0.2139173 -0.0494712 0.5152515 0 255 0
-0.1155833 -0.0576538 0.4824137 0 255 0
0.2414769 -0.0315407 0.4997155 0 255 0
-0.2035135 0.0507794 0.5128466 0 255 0
0.1831543 0.0541148 0.4593292 0 255 0
0.2741057 -0.0904346 0.5756246 0 255 0
-0.1790028 -0.0383008 0.5115905 0 255 0
-0.1891770 0.0355864 0.5197518 0 255 0
0.2729484 0.0232311 0.4909317 0 255 0
0.2553150 -0.1004338 0.5947908 0 255 0
0.2266836 -0.0768400 0.5651692 0 255 0
-0.2243244 0.0487066 0.5164238 0 255 0
-0.1021481 -0.0503512 0.4885482 0 255 0
0.1885138 -0.0796204 0.5660533 0 255 0
0.2330603 -0.0910568 0.5710440 0 255 0
-0.1760701 -0.0879272 0.4998563 0 255 0
-0.2068108 -0.0402057 0.5370355 0 255 0
0.2404847 -0.0327395 0.5000909 0 255 0
0.2758684 -0.1106225 0.5969790 0 255 0
-0.2118430 0.0610864 0.5185046 0 255 0
0.2433201 -0.0365141 0.5035298 0 255 0
0.2838610 0.0140867 0.4938818 0 255 0
-0.0949835 -0.0059202 0.5182707 0 255 0
0.2594830 0.0366367 0.4851429 0 255 0
-0.1567290 -0.0137782 0.4943523 0 255 0
-0.1562844 -0.0673587 0.5041456 0 255 0
-0.1555705 -0.0623342 0.5018426 0 255 0
-0.2131307 0.0459567 0.5128195 0 255 0
0.1806613 -0.0683754 0.5836000 0 255 0
-0.1744525 0.0249310 0.5268557 0 255 0
0.2663575 -0.0671607 0.5407000 0 255 0
-0.1339431 -0.0227478 0.4874271 0 255 0
0.2341280 -0.0717771 0.5671377 0 255 0
-0.2051985 0.0557303 0.5140527 0 255 0
0.2544965 0.0301504 0.4908974 0 255 0
0.2031938 0.0480442 0.4632369 0 255 0
0.2500287 0.0221907 0.4934482 0 255 0
0.3339699 -0.0147496 0.5292048 0 255 0
-0.1023608 0.0026064 0.5186740 0 255 0
0.2510178 -0.0689984 0.5662064 0 255 0
-0.1759240 -0.0261789 0.5096278 0 255 0
-0.1449946 -0.0984848 0.4939000 0 255 0
-0.1251699 -0.0170727 0.4889037 0 255 0
-0.1760195 0.0438960 0.5169331 0 255 0
-0.1434672 0.0025795 0.5133180 0 255 0
0.2371493 -0.1074131 0.5947424 0 255 0
0.2744440 0.0323642 0.4894894 0 255 0
0.2848088 0.0152359 0.4935158 0 255 0
-0.1422803 -0.0160420 0.4925287 0 255 0
-0.1890584 0.0486759 0.5160983 0 255 0
-0.1770633 0.0199947 0.5272666 0 255 0
0.2741108 0.0620434 0.4788730 0 255 0
-0.1673843 0.0013818 0.5164915 0 255 0
-0.1897287 0.0150621 0.5280775 0 255 0
-0.0434244 -0.0564507 0.5126653 0 255 0
-0.2079014 0.0201050 0.5301747 0 255 0
0.2589135 0.0344324 0.4862115 0 255 0
-0.1341963 -0.0090986 0.4925551 0 255 0
-0.1583226 0.0196650 0.5185721 0 255 0
-0.2239699 0.0437835 0.5156078 0 255 0
-0.1648276 -0.0330573 0.5049458 0 255 0
0.2229920 0.0340008 0.4801164 0 255 0
0.1872698 -0.0732933 0.5583832 0 255 0
-0.1069243 -0.0521803 0.4842165 0 255 0
0.2573963 0.0376380 0.4833625 0 255 0
-0.1011438 0.0013876 0.5186751 0 255 0
0.2850215 0.0140868 0.4938843 0 255 0
-0.1517597 0.0111005 0.5169442 0 255 0
0.2570245 -0.0648360 0.5533906 0 255 0
0.2520314 -0.1064059 0.5969320 0 255 0
0.3260502 -0.0147847 0.5304639 0 255 0
-0.1269026 0.0209044 0.5512553 0 255 0
-0.1476101 0.0221381 0.5194184 0 255 0
0.2616321 0.0118087 0.4956857 0 255 0
0.2744667 -0.1092195 0.5969777 0 255 0
0.3218148 -0.0291264 0.5422051 0 255 0
0.2509498 0.0365546 0.4840563 0 255 0
-0.1626461 -0.0281390 0.5018709 0 255 0
-0.1928481 0.0644957 0.5264437 0 255 0
-0.0952055 -0.0193612 0.5194822 0 255 0
0.2223413 0.0294022 0.4787154 0 255 0
0.3204822 0.0122346 0.5135617 0 255 0
0.2542196 0.0497320 0.4795101 0 255 0
-0.1453527 0.0050153 0.5157338 0 255 0
-0.1939689 -0.0724734 0.5067767 0 255 0
-0.1342435 -0.0170594 0.4885204 0 255 0
-0.1394094 -0.0683907 0.5030234 0 255 0
-0.0645722 -0.0524238 0.5086579 0 255 0
-0.1188240 -0.0292383 0.5214787 0 255 0
-0.1811762 -0.0787107 0.5010004 0 255 0
-0.1945208 0.0272736 0.5242921 0 255 0
0.2760010 0.0278047 0.4902146 0 255 0
0.2888828 -0.0503127 0.5240155 0 255 0
-0.0458666 -0.0504671 0.5130674 0 255 0
-0.1772548 0.0026159 0.5205608 0 255 0
0.2113318 -0.0613725 0.5238291 0 255 0
0.1978785 -0.0901716 0.5739504 0 255 0
0.2237440 0.0561832 0.4675603 0 255 0
0.2158597 -0.0021757 0.4974351 0 255 0
-0.1636425 -0.0354303 0.5049454 0 255 0
0.2039023 0.0248462 0.4776293 0 255 0
0.1835248 0.0373789 0.4800355 0 255 0
-0.1311693 -0.0942307 0.4898843 0 255 0
-0.1316665 -0.0318755 0.5050201 0 255 0
0.2639723 -0.0127073 0.4979056 0 255 0
-0.1403743 -0.0736247 0.5065050 0 255 0
0.2060823 0.0343757 0.4698220 0 255 0
0.2719034 0.0024891 0.4953245 0 255 0
-0.1167442 -0.0391645 0.5231270 0 255 0
0.2656957 0.0187555 0.4945883 0 255 0
-0.0952799 -0.0230412 0.5198882 0 255 0
0.2609053 -0.0976412 0.5948065 0 255 0
0.2169921 -0.0560062 0.5197197 0 255 0
-0.2427040 0.0188565 0.5300967 0 255 0
-0.1641683 0.0125214 0.5255987 0 255 0
0.1998876 0.0333420 0.4708134 0 255 0
-0.1026058 -0.0494237 0.4907369 0 255 0
-0.1981444 0.0366614 0.5176858 0 255 0
-0.0941363 -0.0157243 0.5203113 0 255 0
0.2752546 -0.0138570 0.4971783 0 255 0
-0.1624335 -0.0898708 0.4976115 0 255 0
0.2058022 -0.0799259 0.5588894 0 255 0
-0.1902769 -0.0636982 0.5033027 0 255 0
-0.1740211 -0.0602474 0.5041154 0 255 0
-0.1629346 0.0305835 0.5177584 0 255 0
-0.1517921 0.0419378 0.5385819 0 255 0
0.2919230 -0.0812623 0.5682337 0 255 0
0.2173784 0.0024903 0.4955747 0 255 0
0.2811074 -0.0999906 0.5761314 0 255 0
-0.1437263 0.0160103 0.5185997 0 255 0
0.2460939 0.0397331 0.4812248 0 255 0
-0.1527191 -0.0845897 0.5080284 0 255 0
0.2412806 -0.0044868 0.4945060 0 255 0
0.3087246 -0.0947522 0.5772075 0 255 0
-0.1769225 0.0224547 0.5268472 0 255 0
-0.0382755 -0.0478983 0.5245435 0 255 0
0.1881923 -0.0741733 0.5650880 0 255 0
-0.1661302 -0.0544527 0.5053033 0 255 0
-0.0916313 -0.0270698 0.5269718 0 255 0
0.2799384 -0.0745064 0.5576426 0 255 0
-0.1906828 -0.0241382 0.5172192 0 255 0
0.2286345 -0.0033098 0.4922649 0 255 0
0.2805833 0.0048062 0.4942331 0 255 0
-0.1469025 -0.0114127 0.4925243 0 255 0
0.2972078 -0.0856379 0.5706997 0 255 0
-0.1820399 -0.0459772 0.5168042 0 255 0
0.2534611 0.0486757 0.4802051 0 255 0
-0.1199468 -0.0463541 0.5210400 0 255 0
0.2429784 0.0557209 0.4729622 0 255 0
0.1907347 -0.0752167 0.5532295 0 255 0
0.2788210 -0.0355086 0.5235956 0 255 0
-0.1618336 -0.0423858 0.5030063 0 255 0
-0.1563695 -0.0311306 0.4932184 0 255 0
-0.1224886 -0.0914559 0.4873656 0 255 0
0.2776102 0.0447856 0.4869830 0 255 0
0.1977963 0.0143171 0.5019581 0 255 0
0.2473570 0.0376639 0.4836948 0 255 0
0.3130245 -0.0678593 0.5678070 0 255 0
-0.1611443 -0.0496287 0.5045441 0 255 0
-0.2237204 0.0201852 0.5322882 0 255 0
-0.0997633 -0.0253834 0.5178279 0 255 0
0.3289960 -0.0317535 0.5435581 0 255 0
-0.1791080 0.0261267 0.5260035 0 255 0
-0.2251862 -0.0188146 0.5387841 0 255 0
0.3507094 -0.0355880 0.5436009 0 255 0
-0.0859127 -0.0567266 0.4940843 0 255 0
-0.1877347 0.0088224 0.5259631 0 255 0
0.2779768 0.0232662 0.4916745 0 255 0
0.2329649 -0.0195762 0.4940987 0 255 0
-0.2223435 0.0053227 0.5473495 0 255 0
0.3103525 -0.0890169 0.5752034 0 255 0
0.3398452 -0.0250389 0.5365195 0 255 0
-0.1763398 -0.0845328 0.5006219 0 255 0
0.2286638 -0.0196051 0.4948283 0 255 0
0.2669273 -0.0641467 0.5367427 0 255 0
0.2733918 -0.0284098 0.5067009 0 255 0
0.2161166 -0.0656615 0.5388235 0 255 0
-0.2002142 0.0424099 0.5136454 0 255 0
-0.1527286 0.0343977 0.5202447 0 255 0
0.2944174 0.0212258 0.4980142 0 255 0
-0.0776800 -0.0670752 0.4933480 0 255 0
0.2045882 -0.0755380 0.5555925 0 255 0
-0.0972650 -0.0367680 0.5240096 0 255 0
-0.1949586 0.0534840 0.5156863 0 255 0
-0.1858743 -0.0264031 0.5139920 0 255 0
0.2086257 -0.0021855 0.4996813 0 255 0
0.2651252 0.0106441 0.4956919 0 255 0
0.2541333 -0.0700886 0.5642726 0 255 0
-0.1389608 0.0223152 0.5235726 0 255 0
-0.1287993 -0.0240004 0.4896156 0 255 0
0.3272628 -0.0440453 0.5535730 0 255 0
-0.1748505 0.0322045 0.5243414 0 255 0
-0.1567630 -0.0735061 0.5056893 0 255 0
0.3538475 -0.0369265 0.5445035 0 255 0
0.2656040 0.0322672 0.4880217 0 255 0
-0.1759409 -0.0772996 0.4994895 0 255 0
0.2805825 0.0036449 0.4942317 0 255 0
0.2207375 0.0327056 0.4776759 0 255 0
-0.2147636 -0.0111371 0.5348700 0 255 0
-0.1731811 0.0026097 0.5193353 0 255 0
-0.1081483 0.0001647 0.5058889 0 255 0
0.2086996 0.0543105 0.4609906 0 255 0
-0.2413829 0.0126899 0.5326717 0 255 0
-0.2126228 0.0296881 0.5234198 0 255 0
0.2572135 -0.0789899 0.5711119 0 255 0
-0.1625699 -0.0675122 0.5052950 0 255 0
-0.1154983 -0.0587441 0.4820586 0 255 0
0.2207569 0.0474595 0.4682067 0 255 0
-0.1053185 -0.0712053 0.4820681 0 255 0
-0.1213033 -0.0183308 0.4918348 0 255 0
0.2786755 0.0001612 0.4949648 0 255 0
-0.1732070 0.0333570 0.5230943 0 255 0
0.2296709 0.0195195 0.4847000 0 255 0
-0.2003754 0.0521073 0.5140589 0 255 0
-0.2001183 0.0175855 0.5293343 0 255 0
-0.0568828 -0.0602323 0.5039890 0 255 0
-0.1579457 -0.0818217 0.5056763 0 255 0
-0.1401537 -0.0849226 0.5100278 0 255 0
-0.1214148 -0.0713567 0.4830931 0 255 0
0.2713428 -0.0103366 0.4964257 0 255 0
0.2170163 0.0493092 0.4649011 0 255 0
0.2290464 0.0344024 0.4857880 0 255 0
0.1921768 0.0469202 0.4628863 0 255 0
0.3172679 -0.0331381 0.5453255 0 255 0
-0.1715364 -0.0406427 0.5108083 0 255 0
-0.1620844 -0.0365327 0.5037859 0 255 0
0.3325528 0.0062694 0.5192356 0 255 0
0.2186054 -0.0693850 0.5482364 0 255 0
0.2030280 -0.0434163 0.5152350 0 255 0
0.2705867 0.0532327 0.4805980 0 255 0
-0.1568451 -0.0184383 0.4947185 0 255 0
-0.1479433 -0.0206550 0.4921417 0 255 0
-0.1520809 -0.0404930 0.4943280 0 255 0
-0.0967705 -0.0613292 0.4845846 0 255 0
0.2866585 -0.0360252 0.5134239 0 255 0
0.2049285 -0.0105155 0.5050195 0 255 0
0.3076490 -0.0156647 0.5183381 0 255 0
-0.0798752 -0.0658168 0.4926053 0 255 0
-0.1971362 0.0260621 0.5247035 0 255 0
-0.1445847 -0.0322428 0.4925036 0 255 0
0.3351014 -0.0511507 0.5601612 0 255 0
-0.1789228 0.0541246 0.5218627 0 255 0
-0.1562046 0.0405054 0.5363728 0 255 0
0.2232701 0.0582568 0.4665699 0 255 0
-0.1346174 -0.0907768 0.4898810 0 255 0
0.2860201 -0.0151630 0.5017357 0 255 0
0.2785741 -0.0370328 0.5277840 0 255 0
0.3346547 -0.0035132 0.5225174 0 255 0
-0.1796252 0.0309470 0.5239113 0 255 0
0.2589007 -0.0186125 0.4993927 0 255 0
-0.1691467 0.0488720 0.5181772 0 255 0
0.2379664 -0.0172805 0.4948541 0 255 0
-0.1053805 -0.0450126 0.4929419 0 255 0
0.3486017 -0.0370480 0.5462955 0 255 0
-0.1934410 0.0366910 0.5181044 0 255 0
0.1810696 0.0602556 0.4567896 0 255 0
0.3455745 -0.0147149 0.5279598 0 255 0
-0.1851090 -0.0131492 0.5152194 0 255 0
-0.1346023 0.0296726 0.5457568 0 255 0
-0.1341001 0.0259763 0.5489439 0 255 0
-0.1995390 -0.0362438 0.5344371 0 255 0
0.1755027 0.0555015 0.4618877 0 255 0
0.2620612 -0.0763273 0.5613982 0 255 0
-0.2004323 -0.0010731 0.5301649 0 255 0
-0.1271745 0.0070998 0.4922217 0 255 0
0.2153323 -0.0197671 0.4989179 0 255 0
0.2415607 -0.1033164 0.5952946 0 255 0
0.2589015 -0.0174391 0.4993941 0 255 0
0.2073804 -0.0469387 0.5140346 0 255 0
0.1939438 0.0489931 0.4619202 0 255 0
0.2021353 -0.0422718 0.5160429 0 255 0
-0.2295724 0.0356086 0.5200760 0 255 0
-0.1535589 -0.0748680 0.5068652 0 255 0
0.3053142 0.0037492 0.5083740 0 255 0
0.2789167 -0.0898089 0.5716415 0 255 0
-0.1152463 -0.0268095 0.5219036 0 255 0
-0.2013595 0.0175854 0.5293316 0 255 0
0.1762170 0.0553853 0.4609207 0 255 0
0.2128525 -0.0296152 0.5069553 0 255 0
-0.2232081 0.0140565 0.5370668 0 255 0
-0.1179274 -0.0758419 0.4827403 0 255 0
-0.0657375 -0.0620275 0.4993738 0 255 0
-0.2042881 -0.0490385 0.5370301 0 255 0
-0.0436978 -0.0483205 0.5158923 0 255 0
-0.2189054 0.0202019 0.5327305 0 255 0
-0.1412304 -0.0634203 0.5011072 0 255 0
-0.1554437 -0.0369804 0.4939547 0 255 0
0.1890746 0.0510200 0.4606215 0 255 0
0.2382556 0.0186972 0.4930492 0 255 0
-0.1477811 -0.0672580 0.5033918 0 255 0
0.2151563 0.0291895 0.4752524 0 255 0
0.2441270 0.0376910 0.4840427 0 255 0
-0.1817193 0.0236733 0.5264161 0 255 0
0.2478438 0.0118169 0.4960283 0 255 0
0.2769763 -0.0433713 0.5294651 0 255 0
-0.2293168 0.0140447 0.5366145 0 255 0
0.2487669 0.0486393 0.4798456 0 255 0
-0.1659115 -0.0010438 0.5156811 0 255 0
0.3349192 -0.0047447 0.5229305 0 255 0
-0.1299469 -0.0263011 0.4896102 0 255 0
0.3250601 -0.0483933 0.5587189 0 255 0
-0.1756104 -0.0508888 0.5052842 0 255 0
-0.1669033 -0.0439704 0.5076550 0 255 0
-0.1504060 0.0307548 0.5206574 0 255 0
-0.0731895 -0.0524470 0.5462448 0 255 0
-0.1522873 -0.0998670 0.4949989 0 255 0
0.2056436 -0.0069397 0.5038674 0 255 0
-0.1567162 -0.0922810 0.4979984 0 255 0
0.2738265 0.0129450 0.4945989 0 255 0
-0.2201388 -0.0074209 0.5388093 0 255 0
0.1654001 0.0748802 0.4609211 0 255 0
-0.2054145 0.0188594 0.5301787 0 255 0
0.1996029 0.0343992 0.4701428 0 255 0
-0.1169538 -0.0091061 0.4929624 0 255 0
0.2540511 0.0083330 0.4967848 0 255 0
-0.1213253 -0.0724384 0.4827371 0 255 0
-0.1482986 -0.0800028 0.5092252 0 255 0
0.2394251 -0.0480408 0.5129061 0 255 0
-0.1787607 0.0075206 0.5213898 0 255 0
0.3311526 -0.0511499 0.5601526 0 255 0
-0.2093639 0.0531470 0.5124367 0 255 0
-0.1478939 -0.0684930 0.5037760 0 255 0
0.2854477 0.0117834 0.4946229 0 255 0
0.3258620 -0.0072191 0.5241539 0 255 0
0.2331140 -0.0551364 0.5230531 0 255 0
0.2910949 -0.1180934 0.5853393 0 255 0
-0.2246715 0.0378439 0.5172229 0 255 0
-0.2340055 0.0213485 0.5301188 0 255 0
0.2757267 0.0414132 0.4876945 0 255 0
-0.1323304 0.0236782 0.5265247 0 255 0
-0.1741562 -0.0567378 0.5045066 0 255 0
-0.1712698 -0.0417780 0.5100144 0 255 0
0.2245332 -0.0291242 0.4985493 0 255 0
-0.2237031 0.0250463 0.5292917 0 255 0
-0.1578498 0.0431317 0.5376889 0 255 0
-0.2313951 0.0189491 0.5327015 0 255 0
0.2006685 0.0385986 0.4674843 0 255 0
0.2717392 0.0311673 0.4887569 0 255 0
0.2648690 -0.0342220 0.5227364 0 255 0
0.2972952 -0.1045141 0.5786908 0 255 0
-0.2331840 0.0285693 0.5254641 0 255 0
-0.1801246 0.0038482 0.5217962 0 255 0
-0.1463295 -0.0537138 0.4984469 0 255 0
0.2207394 0.0360731 0.4776800 0 255 0
0.2027145 -0.0045857 0.5054092 0 255 0
0.2740536 -0.1180615 0.5991374 0 255 0
-0.0672162 -0.0564181 0.5016637 0 255 0
-0.0812840 -0.0514183 0.5489653 0 255 0
-0.1237227 -0.0938148 0.4877218 0 255 0
-0.0422873 -0.0577454 0.5134668 0 255 0
-0.1740654 0.0524223 0.5294390 0 255 0
-0.1353849 0.0235646 0.5239995 0 255 0
0.2465508 0.0221904 0.4934407 0 255 0
-0.1222042 -0.0242791 0.5202390 0 255 0
-0.1600741 -0.0745782 0.5049033 0 255 0
0.1931193 0.0386247 0.4678007 0 255 0
0.1816404 0.0633009 0.4555326 0 255 0
0.1799564 -0.0730189 0.5769490 0 255 0
0.2292062 -0.0462401 0.5197585 0 255 0
-0.1593233 0.0099796 0.5218496 0 255 0
0.3542174 -0.0261522 0.5335127 0 255 0
-0.2388234 -0.0023918 0.5468479 0 255 0
0.2818457 -0.0925761 0.5721408 0 255 0
0.2074008 -0.0604290 0.5263321 0 255 0
-0.1766066 0.0345308 0.5222568 0 255 0
0.2033132 0.0258935 0.4762495 0 255 0
-0.1471431 0.0159849 0.5177751 0 255 0
0.2263615 -0.0290585 0.4974248 0 255 0
0.1952878 0.0571181 0.4574504 0 255 0
0.2419502 -0.0873379 0.5730549 0 255 0
0.2406908 -0.1015506 0.5931507 0 255 0
0.1683169 0.0731840 0.4570918 0 255 0
0.2329109 -0.0056149 0.4915376 0 255 0
-0.1878910 0.0224357 0.5264009 0 255 0
-0.1627969 0.0062463 0.5173209 0 255 0
-0.1039809 -0.0830422 0.4917938 0 255 0
-0.1619785 -0.0056683 0.4962175 0 255 0
0.2956108 -0.0855633 0.5702026 0 255 0
-0.2377335 0.0201025 0.5301091 0 255 0
-0.1568442 -0.0207631 0.4947156 0 255 0
-0.1518308 -0.0512541 0.4973086 0 255 0
-0.1674024 0.0450770 0.5165471 0 255 0
-0.0925729 -0.0208123 0.5252975 0 255 0
-0.1663202 0.0426829 0.5169514 0 255 0
-0.2095284 0.0555988 0.5128394 0 255 0
-0.1582039 0.0354790 0.5181831 0 255 0
0.2053726 -0.0443499 0.5120365 0 255 0
0.2662289 0.0541638 0.4788460 0 255 0
0.2731521 -0.0874243 0.5736220 0 255 0
-0.0926321 -0.0650334 0.4867421 0 255 0
-0.1730783 0.0249112 0.5264366 0 255 0
0.2029158 0.0072129 0.5000594 0 255 0
-0.0961982 -0.0719999 0.4874476 0 255 0
-0.2349781 0.0261623 0.5267214 0 255 0
0.2663916 0.0300626 0.4894690 0 255 0
-0.1814506 -0.0835459 0.5017594 0 255 0
0.2780336 -0.0343328 0.5244282 0 255 0
0.2027598 -0.0297053 0.5084974 0 255 0
0.1849265 0.0561569 0.4583780 0 255 0
-0.2226280 -0.0526905 0.5356710 0 255 0
-0.1280011 -0.0409046 0.5140997 0 255 0
-0.0997532 -0.0449681 0.5054610 0 255 0
0.2914089 -0.0237589 0.5090928 0 255 0
0.2510544 0.0517968 0.4777697 0 255 0
-0.1216191 -0.0497109 0.5177482 0 255 0
0.2770109 -0.0311986 0.5134087 0 255 0
-0.1970025 0.0200090 0.5276435 0 255 0
0.2104715 -0.0284238 0.5069516 0 255 0
0.2371555 -0.0231286 0.4955864 0 255 0
-0.1732576 -0.0140844 0.5053391 0 255 0
0.2587077 -0.0246849 0.5035796 0 255 0
0.2322727 -0.0114151 0.4926307 0 255 0
0.2516393 -0.0222160 0.5012703 0 255 0
-0.1126036 -0.0510414 0.4842055 0 255 0
0.3144084 -0.0302998 0.5404105 0 255 0
-0.2399410 0.0151810 0.5322464 0 255 0
-0.1938958 0.0413982 0.5160787 0 255 0
0.3132519 -0.0083442 0.5175461 0 255 0
-0.1533324 0.0074740 0.5181591 0 255 0
0.2632346 0.0519879 0.4795326 0 255 0
0.1875074 0.0602575 0.4568036 0 255 0
-0.2028648 -0.0452165 0.5365992 0 255 0
0.3279119 -0.0596534 0.5659034 0 255 0
0.2076437 -0.0801304 0.5603193 0 255 0
-0.2281318 -0.0202297 0.5427839 0 255 0
0.2359204 -0.0125822 0.4930055 0 255 0
0.2300990 0.0408312 0.4808404 0 255 0
-0.1969796 0.0272733 0.5242866 0 255 0
-0.1209443 -0.0113630 0.4903791 0 255 0
-0.0927018 -0.0605040 0.4871083 0 255 0
-0.2161868 -0.0224658 0.5352859 0 255 0
-0.1133149 -0.0757878 0.4823962 0 255 0
-0.1130677 -0.0722293 0.4813436 0 255 0
0.2194480 -0.0447699 0.5168858 0 255 0
-0.1916326 0.0559965 0.5165074 0 255 0
0.2604682 -0.0198160 0.5001521 0 255 0
-0.1556434 0.0159843 0.5177563 0 255 0
-0.1020324 -0.0241284 0.5170099 0 255 0
-0.1102432 -0.0782853 0.4838204 0 255 0
-0.1954391 0.0284601 0.5234560 0 255 0
-0.0744313 -0.0661156 0.4948417 0 255 0
0.2163410 -0.0185809 0.4985443 0 255 0
-0.2170530 0.0365721 0.5164248 0 255 0
0.2426620 -0.0479669 0.5121164 0 255 0
0.2738280 -0.0432665 0.5281859 0 255 0
-0.1436201 -0.0994961 0.4931602 0 255 0
0.2012669 -0.0046069 0.5077417 0 255 0
0.1856463 -0.0720739 0.5694824 0 255 0
-0.0957031 -0.0659319 0.4849387 0 255 0
0.2092047 0.0151289 0.4900500 0 255 0
0.2830714 -0.0997298 0.5746289 0 255 0
0.2458172 0.0267484 0.4919725 0 255 0
-0.1717895 -0.0579237 0.5045104 0 255 0
-0.1928465 0.0607842 0.5264391 0 255 0
-0.2077129 0.0284587 0.5234290 0 255 0
0.2820734 0.0221608 0.4927837 0 255 0
0.2363009 -0.0402771 0.5062134 0 255 0
-0.2219473 -0.0087083 0.5401332 0 255 0
-0.0855910 -0.0576708 0.4922340 0 255 0
-0.0691476 -0.0595897 0.4986119 0 255 0
0.2263389 -0.0596257 0.5301858 0 255 0
0.2110733 -0.0140114 0.5027178 0 255 0
0.3432139 -0.0224087 0.5339249 0 255 0
0.1889175 -0.0651736 0.5795168 0 255 0
-0.2486683 0.0014605 0.5459217 0 255 0
0.2741965 -0.0344693 0.5265133 0 255 0
0.2567941 0.0244922 0.4930970 0 255 0
0.3259544 -0.0553319 0.5625252 0 255 0
0.2213576 -0.0357923 0.5101048 0 255 0
0.2081639 -0.0187933 0.5042437 0 255 0
0.1857456 0.0560794 0.4577457 0 255 0
-0.0722714 -0.0709262 0.4959579 0 255 0
0.3138184 -0.0664111 0.5668342 0 255 0
0.2052386 -0.0200391 0.5057834 0 255 0
0.3122725 -0.0058935 0.5159281 0 255 0
-0.1822190 -0.0633606 0.5006353 0 255 0
0.2215355 0.0238120 0.4794026 0 255 0
0.2676264 0.0478637 0.4833999 0 255 0
0.3465919 -0.0342819 0.5431460 0 255 0
0.1996954 0.0095773 0.5008124 0 255 0
-0.2201215 -0.0416013 0.5387670 0 255 0
0.2664811 -0.0033352 0.4960504 0 255 0
0.2695941 0.0356292 0.4869541 0 255 0
-0.1394926 0.0321837 0.5448472 0 255 0
0.3351004 -0.0524668 0.5601596 0 255 0
0.2687683 -0.0317914 0.5231628 0 255 0
0.2769178 -0.1085329 0.5932245 0 255 0
0.2855231 -0.0982951 0.5741354 0 255 0
0.1911219 0.0307460 0.4821487 0 255 0
0.2544259 -0.0056832 0.4975178 0 255 0
0.2933980 -0.1146323 0.5817347 0 255 0
-0.2177954 -0.0250218 0.5361533 0 255 0
0.2714991 0.0082961 0.4945880 0 255 0
-0.0950362 -0.0798177 0.4932915 0 255 0
-0.1529016 -0.0253367 0.4932332 0 255 0
0.2855471 -0.0518314 0.5269374 0 255 0
0.2635216 -0.0611265 0.5324067 0 255 0
-0.1642672 -0.0965912 0.4960957 0 255 0
-0.1073907 -0.0218013 0.5194524 0 255 0
-0.2184490 0.0436475 0.5140060 0 255 0
0.2463850 0.0506362 0.4774124 0 255 0
0.2507312 -0.0416931 0.5089789 0 255 0
0.2044888 -0.0588957 0.5348698 0 255 0
-0.1785937 -0.0202229 0.5104212 0 255 0
-0.1796567 0.0451101 0.5169266 0 255 0
-0.2127136 -0.0467044 0.5392194 0 255 0
-0.1312487 -0.0774835 0.4859219 0 255 0
-0.0681199 -0.0512072 0.5467117 0 255 0
0.2256578 0.0455833 0.4715596 0 255 0
-0.1396068 0.0296474 0.5452930 0 255 0
-0.1943629 -0.0475070 0.5339999 0 255 0
-0.1424858 -0.0909794 0.4972799 0 255 0
0.2217005 0.0105156 0.4897078 0 255 0
-0.0580203 -0.0637353 0.5035961 0 255 0
0.2399533 -0.0389094 0.5039043 0 255 0
-0.1648314 0.0237320 0.5277216 0 255 0
-0.0960922 -0.0478656 0.5526266 0 255 0
0.3288771 -0.0580253 0.5630085 0 255 0
0.2532563 -0.0068522 0.4975138 0 255 0
-0.2048710 0.0411698 0.5132323 0 255 0
0.3178572 -0.0412349 0.5507820 0 255 0
-0.1444135 -0.0033341 0.4958845 0 255 0
-0.1213267 -0.0679020 0.4827427 0 255 0
-0.1556527 -0.0997903 0.4946188 0 255 0
0.3049439 -0.0930689 0.5751866 0 255 0
0.2121439 -0.0080561 0.4996817 0 255 0
-0.1278002 -0.0444587 0.5132927 0 255 0
-0.0933091 -0.0343335 0.5439630 0 255 0
0.2288337 -0.0231104 0.4951960 0 255 0
0.1860203 -0.0663779 0.5665511 0 255 0
-0.2071455 -0.0085680 0.5314276 0 255 0
0.2319285 -0.0067749 0.4919007 0 255 0
0.1650532 0.0736424 0.4599544 0 255 0
-0.2041775 -0.0695425 0.5114948 0 255 0
-0.1358607 -0.0079711 0.4944054 0 255 0
-0.1411993 -0.1040531 0.4927900 0 255 0
0.3198040 0.0025948 0.5163588 0 255 0
-0.0820628 -0.0691843 0.4918591 0 255 0
0.2869686 -0.1194666 0.5853285 0 255 0
0.3230908 -0.0581730 0.5644413 0 255 0
0.2669438 -0.0355633 0.5244023 0 255 0
-0.0360148 -0.0494070 0.5274919 0 255 0
0.2924523 -0.0153148 0.5067604 0 255 0
0.2801136 -0.1046911 0.5796708 0 255 0
0.3312655 -0.0385522 0.5494381 0 255 0
0.2762159 -0.0115119 0.4968089 0 255 0
0.2153315 -0.0408059 0.5128596 0 255 0
-0.2075768 -0.0535938 0.5200107 0 255 0
-0.1506644 -0.0512543 0.4973111 0 255 0
0.1715191 0.0585322 0.4687756 0 255 0
0.3015684 -0.1082803 0.5843394 0 255 0
0.2076256 0.0472219 0.4658630 0 255 0
0.3114227 -0.0664676 0.5673167 0 255 0
-0.1590495 -0.0091318 0.4943530 0 255 0
0.2679000 0.0607840 0.4778177 0 255 0
0.2122597 -0.0430812 0.5112587 0 255 0
0.3506215 -0.0262580 0.5356705 0 255 0
-0.0946353 -0.0659809 0.4852990 0 255 0
-0.1980511 0.0272515 0.5238662 0 255 0
-0.1373382 -0.0774942 0.5084668 0 255 0
0.3202448 -0.0719872 0.5687975 0 255 0
-0.2439503 -0.0049616 0.5468334 0 255 0
0.3030153 0.0190587 0.5025822 0 255 0
-0.1230786 -0.0505290 0.5136967 0 255 0
0.2399775 -0.0871099 0.5715595 0 255 0
0.2146745 0.0150288 0.4868059 0 255 0
0.1923634 -0.0748401 0.5504597 0 255 0
-0.1802740 -0.0835463 0.5017620 0 255 0
0.2594958 0.0083206 0.4960495 0 255 0
0.2895918 0.0187998 0.4957556 0 255 0
0.2730632 -0.0033303 0.4953198 0 255 0
0.2487675 -0.0068572 0.4978770 0 255 0
0.2667184 0.0412590 0.4858790 0 255 0
0.3494522 -0.0185107 0.5300828 0 255 0
-0.2363007 0.0213311 0.5296862 0 255 0
-0.1108536 -0.0092733 0.5020108 0 255 0
0.2713739 -0.0643049 0.5380665 0 255 0
-0.1935756 -0.0498139 0.5318367 0 255 0
0.2088835 -0.0885557 0.5636649 0 255 0
-0.1748078 0.0451111 0.5169373 0 255 0
0.2587374 -0.0646180 0.5406864 0 255 0
0.3244484 -0.0454980 0.5554270 0 255 0
-0.1534482 -0.0998665 0.4949963 0 255 0
0.2627820 0.0221920 0.4934762 0 255 0
0.2199896 -0.0345668 0.5097089 0 255 0
0.2783098 -0.0573311 0.5320141 0 255 0
0.1816286 0.0521371 0.4609286 0 255 0
0.2930808 -0.0728758 0.5653225 0 255 0
-0.1434505 -0.0476785 0.4965797 0 255 0
-0.2287125 0.0201847 0.5322772 0 255 0
-0.0964154 -0.0538148 0.5471014 0 255 0
0.3267782 -0.0344777 0.5462480 0 255 0
0.2765397 0.0334900 0.4891326 0 255 0
0.2703935 -0.0829474 0.5706413 0 255 0
-0.2174973 0.0238032 0.5293038 0 255 0
0.2392296 -0.0427549 0.5073856 0 255 0
0.1825263 0.0414087 0.4745109 0 255 0
0.2572099 0.0410156 0.4830123 0 255 0
-0.1454325 -0.0964541 0.4953915 0 255 0
-0.2113580 0.0152819 0.5357829 0 255 0
-0.1498715 -0.0902795 0.5064635 0 255 0
-0.1839377 -0.0047380 0.5221920 0 255 0
0.1882960 -0.0713767 0.5536940 0 255 0
0.2465078 0.0430005 0.4798322 0 255 0
-0.1606897 -0.0149846 0.4958343 0 255 0
0.2075412 -0.0493926 0.5144331 0 255 0
-0.2363895 0.0164453 0.5326874 0 255 0
-0.1615940 0.0329911 0.5173567 0 255 0
0.2144114 -0.0247557 0.5050226 0 255 0
0.2796221 -0.1031477 0.5786538 0 255 0
-0.0790143 -0.0718727 0.4944523 0 255 0
-0.1058229 -0.0470118 0.4896361 0 255 0
-0.2280586 0.0140448 0.5366172 0 255 0
0.1777413 0.0485153 0.4677792 0 255 0
-0.0601990 -0.0635400 0.5020534 0 255 0
-0.1533550 -0.0416856 0.4946959 0 255 0
0.2420838 0.0036415 0.4937774 0 255 0
0.3182189 -0.0290305 0.5404204 0 255 0
-0.1712536 -0.0819950 0.4994940 0 255 0
0.2519038 0.0036664 0.4971488 0 255 0
0.2653706 -0.1123259 0.5985811 0 255 0
-0.1629590 0.0503415 0.5337580 0 255 0
-0.2107632 -0.0351868 0.5374726 0 255 0
-0.2093626 0.0507385 0.5124337 0 255 0
-0.1242516 -0.0242023 0.5185927 0 255 0
0.1889150 0.0469195 0.4628791 0 255 0
-0.1768771 -0.0419725 0.5123887 0 255 0
0.1836801 0.0450589 0.4661347 0 255 0
-0.1640156 -0.0462138 0.5060968 0 255 0
0.3070983 -0.0960235 0.5766973 0 255 0
-0.1700799 -0.0683815 0.5029560 0 255 0
-0.2398558 0.0127415 0.5348416 0 255 0
0.3381469 -0.0263635 0.5378236 0 255 0
-0.1645595 -0.0697250 0.5041244 0 255 0
0.2016374 -0.0767130 0.5546491 0 255 0
0.2247208 -0.0328370 0.5015795 0 255 0
-0.1190909 -0.0009963 0.4922320 0 255 0
-0.1663889 -0.0474024 0.5060901 0 255 0
0.2656770 -0.0317155 0.5219138 0 255 0
-0.1083934 -0.0698668 0.4806527 0 255 0
0.3212131 -0.0593970 0.5634711 0 255 0
0.2250119 -0.0436936 0.5185258 0 255 0
-0.1538148 -0.0499718 0.4961790 0 255 0
-0.2452324 -0.0049616 0.5468305 0 255 0
-0.1427601 0.0272578 0.5239878 0 255 0
-0.2329154 -0.0126294 0.5450354 0 255 0
-0.1702248 0.0427494 0.5177575 0 255 0
-0.0997683 -0.0046987 0.5178536 0 255 0
0.1925964 0.0540419 0.4587109 0 255 0
0.3081406 -0.0144128 0.5171217 0 255 0
-0.2323885 0.0225580 0.5292695 0 255 0
0.2393589 -0.0775085 0.5700863 0 255 0
-0.0942814 -0.0328913 0.5211131 0 255 0
0.2017217 -0.0285325 0.5088893 0 255 0
0.2521898 0.0301500 0.4908923 0 255 0
0.2854917 -0.0853385 0.5687048 0 255 0
0.2452642 0.0376912 0.4840452 0 255 0
0.2730664 0.0013252 0.4953256 0 255 0
-0.0934205 -0.0491232 0.5521667 0 255 0
0.2228607 -0.0033271 0.4948357 0 255 0
-0.1385769 -0.1015106 0.4916923 0 255 0
0.2889508 -0.1150359 0.5837827 0 255 0
0.2560009 0.0106517 0.4960447 0 255 0
0.2893597 -0.0436713 0.5182619 0 255 0
0.2785515 -0.0103447 0.4968154 0 255 0
-0.1284042 -0.0361862 0.5157185 0 255 0
-0.2148741 0.0273585 0.5259236 0 255 0
0.2354676 0.0555203 0.4712589 0 255 0
0.2786611 -0.0546550 0.5303066 0 255 0
-0.2161912 -0.0136616 0.5352969 0 255 0
-0.0658376 -0.0609468 0.5001346 0 255 0
-0.1129765 -0.0293088 0.5227357 0 255 0
0.1816320 0.0724971 0.4664938 0 255 0
-0.1218733 -0.0517362 0.5136979 0 255 0
0.2646849 -0.1154526 0.6002117 0 255 0
-0.2340048 0.0201028 0.5301173 0 255 0
0.2875704 -0.0895792 0.5701800 0 255 0
0.2869316 -0.0260703 0.5075133 0 255 0
-0.1420658 -0.0206401 0.4917863 0 255 0
0.2899244 -0.0140591 0.5044313 0 255 0
0.1898426 -0.0809506 0.5660545 0 255 0
-0.2044892 -0.0060657 0.5310070 0 255 0
-0.1657152 -0.0391998 0.5076650 0 255 0
0.2036607 -0.0532671 0.5168406 0 255 0
0.2367271 -0.0079368 0.4922769 0 255 0
0.2852345 0.0129360 0.4942533 0 255 0
-0.1635017 -0.0721494 0.5045110 0 255 0
-0.2108373 0.0273152 0.5250916 0 255 0
0.2968752 0.0072434 0.5021716 0 255 0
-0.0932086 -0.0255856 0.5219536 0 255 0
0.2591101 0.0152914 0.4953123 0 255 0
0.2647520 -0.0850059 0.5848030 0 255 0
-0.0994093 -0.0393631 0.5097808 0 255 0
0.2160056 0.0161016 0.4846658 0 255 0
0.1943114 -0.0795176 0.5560340 0 255 0
-0.1107710 -0.0021941 0.5016366 0 255 0
0.1801691 0.0447213 0.4741686 0 255 0
0.2644720 -0.0478835 0.5243817 0 255 0
0.1795094 0.0491965 0.4638380 0 255 0
0.2065944 0.0226510 0.4786726 0 255 0
0.2251797 -0.0137915 0.4948278 0 255 0
0.1998297 -0.0765192 0.5532479 0 255 0
0.2080135 -0.0629731 0.5374904 0 255 0
-0.1599022 -0.0868913 0.5006551 0 255 0
-0.1624517 -0.0508529 0.5049275 0 255 0
-0.1445705 -0.0697846 0.5045556 0 255 0
0.2449396 -0.0453145 0.5093550 0 255 0
0.1970647 -0.0777528 0.5527760 0 255 0
0.3193424 -0.0332208 0.5466861 0 255 0
0.3033891 -0.0814765 0.5697319 0 255 0
-0.1511458 0.0233399 0.5190020 0 255 0
0.2030470 -0.0516071 0.5246572 0 255 0
-0.1056458 0.0049694 0.5110123 0 255 0
-0.2103202 -0.0035847 0.5331523 0 255 0
0.2211915 -0.0196635 0.4963018 0 255 0
-0.1483573 -0.1007281 0.4935188 0 255 0
-0.1725576 -0.0785339 0.4998756 0 255 0
-0.1186216 -0.0842753 0.4855822 0 255 0
-0.2304076 0.0262049 0.5275778 0 255 0
-0.1411259 -0.0137275 0.4925341 0 255 0
0.3154813 -0.0096283 0.5212294 0 255 0
-0.1901286 -0.0695570 0.5029104 0 255 0
-0.2493243 0.0263723 0.5309486 0 255 0
0.2137926 -0.0431484 0.5120564 0 255 0
-0.1214029 0.0105700 0.4922387 0 255 0
0.1847302 -0.0687129 0.5749502 0 255 0
0.2035022 -0.0507987 0.5164383 0 255 0
-0.0493242 -0.0503093 0.5114637 0 255 0
-0.2157038 0.0459921 0.5132145 0 255 0
-0.1225568 0.0082566 0.4922333 0 255 0
0.2873233 -0.0868250 0.5696900 0 255 0
-0.2071456 -0.0478545 0.5379051 0 255 0
-0.1040484 -0.0264537 0.5149774 0 255 0
0.2034731 0.0083626 0.4985494 0 255 0
-0.1522099 -0.0033265 0.4947474 0 255 0
0.2760854 -0.0915478 0.5741231 0 255 0
-0.1613973 -0.0010381 0.5128735 0 255 0
-0.1967075 -0.0474680 0.5335610 0 255 0
-0.2170662 -0.0313975 0.5374634 0 255 0
0.2186525 -0.0270671 0.5038711 0 255 0
0.2701772 -0.0091701 0.4964246 0 255 0
-0.1347600 0.0001625 0.4989216 0 255 0
0.2324452 -0.0137404 0.4929965 0 255 0
-0.1144313 0.0013299 0.4970812 0 255 0
0.2624410 -0.0568685 0.5277214 0 255 0
0.2170207 0.0569572 0.4649106 0 255 0
-0.2349790 0.0014631 0.5468611 0 255 0
0.2725839 -0.0482301 0.5281770 0 255 0
-0.1029166 -0.0376971 0.5035270 0 255 0
0.2475243 -0.0453500 0.5097544 0 255 0
0.2627965 -0.1138344 0.5991180 0 255 0
0.3257638 -0.0357907 0.5466969 0 255 0
0.2276462 -0.0067848 0.4926262 0 255 0
0.2303896 0.0093445 0.4886369 0 255 0
0.2575337 -0.0162533 0.4990147 0 255 0
-0.1516280 -0.0334239 0.4928560 0 255 0
-0.1645678 0.0249321 0.5268775 0 255 0
-0.1498778 0.0370273 0.5407958 0 255 0
-0.2021716 0.0139099 0.5314664 0 255 0
0.2120755 -0.0901123 0.5651207 0 255 0
-0.0935780 -0.0330749 0.5240223 0 255 0
0.2528448 -0.0150805 0.4990059 0 255 0
0.2788842 -0.0010026 0.4953355 0 255 0
0.2635754 -0.0103518 0.4971570 0 255 0
0.2223472 0.0395269 0.4787279 0 255 0
0.2558867 0.0398511 0.4826546 0 255 0
-0.1846544 0.0536548 0.5173331 0 255 0
0.1966563 0.0263494 0.4846336 0 255 0
-0.1973956 0.0343096 0.5189112 0 255 0
0.2432983 -0.0466551 0.5109288 0 255 0
-0.0996709 -0.0554787 0.4933115 0 255 0
-0.0468141 -0.0573859 0.5102698 0 255 0
-0.1747701 -0.0761266 0.4994936 0 255 0
-0.1231839 -0.0637394 0.4855976 0 255 0
0.2729182 -0.0138568 0.4971732 0 255 0
-0.2059942 0.0296181 0.5221861 0 255 0
-0.1605074 0.0342340 0.5177683 0 255 0
0.2488168 0.0355996 0.4865494 0 255 0
-0.2248484 -0.0112650 0.5410135 0 255 0
0.2749764 -0.0916272 0.5746211 0 255 0
0.2553139 -0.0286496 0.5109788 0 255 0
-0.1769724 -0.0022732 0.5197317 0 255 0
0.2164292 -0.0902687 0.5661014 0 255 0
-0.0658378 -0.0597718 0.5001361 0 255 0
-0.1515076 0.0319528 0.5202443 0 255 0
0.1958399 0.0500090 0.4612795 0 255 0
0.2752368 0.0631691 0.4788768 0 255 0
-0.1701016 -0.0175657 0.5030204 0 255 0
-0.1857015 -0.0566479 0.5037076 0 255 0
0.2775674 0.0566641 0.4809678 0 255 0
0.3264423 -0.0304761 0.5435541 0 255 0
-0.1041917 -0.0564822 0.4820888 0 255 0
-0.2206628 -0.0442418 0.5400919 0 255 0
-0.2192602 0.0189809 0.5335938 0 255 0
0.2406608 0.0576543 0.4706007 0 255 0
-0.2152395 0.0052746 0.5423957 0 255 0
-0.1897543 0.0272960 0.5247213 0 255 0
0.2694066 -0.0271770 0.5059164 0 255 0
-0.1681247 -0.0774790 0.5006487 0 255 0
0.2779760 0.0221109 0.4916731 0 255 0
0.2440802 -0.0208946 0.4978493 0 255 0
-0.0788975 -0.0624856 0.4937215 0 255 0
-0.0937040 -0.0672703 0.4863768 0 255 0
-0.2441549 -0.0023938 0.5472919 0 255 0
0.3349020 -0.0264062 0.5386948 0 255 0
-0.2059651 -0.0513519 0.5348395 0 255 0
-0.0851472 -0.0514172 0.5489540 0 255 0
-0.2085408 0.0261024 0.5255153 0 255 0
0.2427681 -0.0946152 0.5847428 0 255 0
0.2502546 0.0278842 0.4916170 0 255 0
-0.1845242 -0.0275893 0.5135915 0 255 0
-0.1748083 0.0463259 0.5169387 0 255 0
-0.2087249 -0.0173366 0.5322747 0 255 0
-0.1543085 0.0184032 0.5173547 0 255 0
-0.1679789 -0.0661201 0.5037348 0 255 0
-0.1141705 -0.0056653 0.4959481 0 255 0
0.1961397 0.0210892 0.4948073 0 255 0
-0.1308768 -0.0533969 0.5065510 0 255 0
-0.1349946 -0.0394235 0.4954852 0 255 0
-0.0971375 -0.0588242 0.4922072 0 255 0
-0.1636000 -0.0910393 0.4976075 0 255 0
0.2890476 -0.0474732 0.5198881 0 255 0
0.3124905 0.0145009 0.5084031 0 255 0
0.1889305 -0.0742281 0.5555598 0 255 0
-0.1201049 -0.0723857 0.4823855 0 255 0
0.2208539 -0.0267608 0.4981674 0 255 0
0.2618406 -0.0221833 0.5005318 0 255 0
-0.1139012 -0.0451803 0.4947783 0 255 0
-0.1217698 -0.0806730 0.4845056 0 255 0
-0.1494907 -0.0859839 0.5092152 0 255 0
0.1928082 0.0254533 0.4892995 0 255 0
0.2324962 -0.0364845 0.5031218 0 255 0
0.3115866 -0.0235458 0.5312743 0 255 0
-0.0787081 -0.0514188 0.5489710 0 255 0
0.2729127 -0.0900254 0.5817201 0 255 0
0.2362702 -0.0800477 0.5690916 0 255 0
-0.1474954 -0.0914702 0.5064672 0 255 0
-0.1419983 -0.0762387 0.5080623 0 255 0
0.2132911 0.0117094 0.4915160 0 255 0
-0.0457051 -0.0467365 0.5395905 0 255 0
0.1939694 0.0191223 0.5042594 0 255 0
-0.2110594 0.0296410 0.5225903 0 255 0
0.2036279 -0.0563583 0.5229869 0 255 0
0.2065841 -0.0224332 0.5061718 0 255 0
-0.1411380 -0.0010053 0.4966440 0 255 0
-0.2317674 0.0297804 0.5250487 0 255 0
-0.1106035 -0.0117309 0.5062584 0 255 0
-0.0963461 -0.0266634 0.5190589 0 255 0
0.2923470 -0.0925000 0.5716706 0 255 0
-0.2177998 -0.0162034 0.5361642 0 255 0
0.2166956 -0.1022123 0.5810657 0 255 0
-0.1118571 -0.0710469 0.4809954 0 255 0
-0.1504546 -0.0786838 0.5084339 0 255 0
-0.1837906 -0.0071863 0.5217745 0 255 0
0.2777320 -0.0587231 0.5333022 0 255 0
0.2095110 0.0226021 0.4776388 0 255 0
0.1856076 0.0439020 0.4654818 0 255 0
0.2922668 -0.0996464 0.5741485 0 255 0
0.2678768 -0.0584842 0.5311326 0 255 0
-0.1958572 0.0461402 0.5148671 0 255 0
0.2298271 -0.0366237 0.5050403 0 255 0
-0.1104053 -0.0795389 0.4845320 0 255 0
-0.1568590 0.0196342 0.5177582 0 255 0
0.2121325 -0.0803364 0.5617595 0 255 0
-0.2031060 0.0570282 0.5148646 0 255 0
-0.1371114 -0.0416886 0.4947316 0 255 0
0.1963041 0.0200620 0.4981714 0 255 0
-0.2084076 -0.0465904 0.5379038 0 255 0
-0.1567276 -0.0172629 0.4943480 0 255 0
0.2105894 -0.0675887 0.5441461 0 255 0
0.2726644 0.0129450 0.4945963 0 255 0
-0.2052583 0.0284589 0.5234345 0 255 0
0.2060414 -0.0021955 0.5019558 0 255 0
-0.0961879 -0.0392929 0.5248429 0 255 0
0.2532521 0.0465879 0.4819520 0 255 0
-0.2005841 -0.0222677 0.5305665 0 255 0
-0.0996021 -0.0423495 0.5169912 0 255 0
0.2234276 0.0572008 0.4668991 0 255 0
-0.1153392 -0.0219218 0.5223242 0 255 0
0.3403764 -0.0035216 0.5237741 0 255 0
0.2472248 -0.0056787 0.4971244 0 255 0
0.2060177 0.0440618 0.4671754 0 255 0
0.2694137 -0.0138566 0.4971655 0 255 0
0.2571671 -0.1138320 0.5991056 0 255 0
-0.2154177 -0.0492780 0.5396534 0 255 0
0.2026075 -0.0496629 0.5172485 0 255 0
0.1997697 0.0025476 0.5069663 0 255 0
-0.2420037 0.0322984 0.5258716 0 255 0
-0.2421961 0.0298508 0.5262895 0 255 0
-0.1555725 -0.0853865 0.5056772 0 255 0
0.2419996 -0.0149890 0.4959798 0 255 0
0.2386170 0.0334841 0.4890470 0 255 0
0.2195403 0.0001613 0.4952044 0 255 0
0.2541185 0.0312574 0.4901684 0 255 0
-0.1845637 -0.0704168 0.5006213 0 255 0
0.2042359 -0.0482587 0.5152317 0 255 0
0.2546459 0.0141378 0.4956732 0 255 0
-0.2227623 0.0462071 0.5156134 0 255 0
0.1962990 -0.0829708 0.5617215 0 255 0
-0.1275952 -0.0350847 0.5173456 0 255 0
-0.1762061 -0.0832933 0.5002424 0 255 0
0.2651214 0.0048203 0.4956847 0 255 0
-0.1235264 0.0059345 0.4914948 0 255 0
-0.2039584 -0.0414003 0.5361634 0 255 0
0.2791338 0.0255771 0.4916799 0 255 0
0.2799079 -0.0534093 0.5303109 0 255 0
0.2335449 -0.0021451 0.4904466 0 255 0
-0.2179076 0.0342796 0.5184580 0 255 0
-0.1256127 -0.0560809 0.5093074 0 255 0
0.2447007 -0.0115103 0.4967372 0 255 0
-0.1246430 -0.0303905 0.5202261 0 255 0
0.2627277 0.0333396 0.4869362 0 255 0
-0.1689963 0.0074676 0.5177164 0 255 0
0.2525330 -0.0761072 0.5696241 0 255 0
-0.2150903 0.0027077 0.5388330 0 255 0
-0.2093311 -0.0364200 0.5370347 0 255 0
0.2229862 0.0238468 0.4801039 0 255 0
-0.0927861 -0.0592120 0.5265073 0 255 0
0.2086085 -0.0597140 0.5201042 0 255 0
-0.2243250 0.0499202 0.5164253 0 255 0
0.2176354 -0.0270877 0.5042542 0 255 0
-0.2186802 -0.0390378 0.5383316 0 255 0
0.2520904 -0.0021761 0.4975170 0 255 0
0.3314625 -0.0290797 0.5413364 0 255 0
0.2896599 -0.0938420 0.5716630 0 255 0
0.2054875 -0.0045683 0.5034851 0 255 0
0.2503623 0.0106595 0.4964057 0 255 0
0.2560173 0.0222079 0.4938308 0 255 0
-0.2069787 -0.0427642 0.5374715 0 255 0
0.1853938 0.0490254 0.4622251 0 255 0
-0.0799962 -0.0601202 0.4933515 0 255 0
-0.1054075 0.0100941 0.5278354 0 255 0
0.2941934 0.0188711 0.4976352 0 255 0
-0.0961993 -0.0059202 0.5182681 0 255 0
-0.1566035 -0.0334986 0.4939565 0 255 0
-0.1722915 -0.0877950 0.4991050 0 255 0
-0.0909556 -0.0597140 0.4900181 0 255 0
0.2568839 -0.0498308 0.5189963 0 255 0
0.2466770 0.0094857 0.4960229 0 255 0
0.2861775 -0.0296932 0.5082894 0 255 0
-0.1509770 -0.0647429 0.5022334 0 255 0
-0.1027569 -0.0664809 0.4806693 0 255 0
-0.1814359 0.0403775 0.5185443 0 255 0
-0.2103983 0.0470889 0.5120275 0 255 0
0.2427109 0.0244724 0.4926979 0 255 0
0.3221945 -0.0225160 0.5364812 0 255 0
0.1883859 0.0727406 0.4752464 0 255 0
0.2544560 0.0164550 0.4953035 0 255 0
0.2119903 -0.0693255 0.5477661 0 255 0
-0.2285145 -0.0100433 0.5436946 0 255 0
0.2572333 0.0561675 0.4767530 0 255 0
0.2655155 -0.0033377 0.4964216 0 255 0
0.2864556 -0.0163668 0.5024996 0 255 0
0.2537197 0.0278846 0.4916246 0 255 0
-0.2129665 0.0495335 0.5124243 0 255 0
0.3207139 -0.0412698 0.5512486 0 255 0
-0.1751341 -0.0310408 0.5108123 0 255 0
-0.0591083 -0.0492589 0.5130397 0 255 0
0.2571374 -0.0210068 0.5005230 0 255 0
-0.2107865 0.0128056 0.5375321 0 255 0
0.2174229 0.0116835 0.4904283 0 255 0
0.3141831 -0.0356413 0.5444154 0 255 0
0.1976763 0.0344480 0.4708100 0 255 0
0.2900029 -0.0092826 0.5025161 0 255 0
0.3228353 -0.0035047 0.5212531 0 255 0
0.2600523 0.0422440 0.4840832 0 255 0
-0.1580761 0.0269341 0.5177646 0 255 0
-0.1420947 -0.0697318 0.5041738 0 255 0
-0.2290352 0.0238404 0.5301329 0 255 0
-0.1643441 0.0503821 0.5341889 0 255 0
-0.2478750 0.0188713 0.5305135 0 255 0
0.2928003 0.0153513 0.4972528 0 255 0
-0.1487142 -0.0416864 0.4947061 0 255 0
0.2335462 0.0001597 0.4904494 0 255 0
-0.1189134 -0.0452018 0.5218713 0 255 0
0.2655140 -0.0056706 0.4964187 0 255 0
0.2355356 0.0513468 0.4736196 0 255 0
-0.1721167 0.0321535 0.5235119 0 255 0
0.2068965 -0.0456241 0.5128352 0 255 0
0.1878277 0.0469192 0.4628767 0 255 0
-0.1092844 -0.0584460 0.4796126 0 255 0
0.1897543 -0.0753429 0.5541581 0 255 0
0.2269969 -0.0091203 0.4937285 0 255 0
-0.2340870 0.0027526 0.5477770 0 255 0
0.2654864 -0.0656747 0.5389317 0 255 0
-0.1238047 0.0105778 0.4926023 0 255 0
0.2077902 -0.0570451 0.5180640 0 255 0
0.1979555 -0.0844349 0.5626830 0 255 0
0.2161405 -0.0533536 0.5176799 0 255 0
-0.1546306 -0.0440430 0.4950629 0 255 0
-0.1722014 -0.0224132 0.5057201 0 255 0
0.2319774 -0.0207526 0.4944656 0 255 0
-0.1969103 0.0461039 0.5144616 0 255 0
0.2050567 -0.0394765 0.5112489 0 255 0
0.2744432 0.0312140 0.4894881 0 255 0
-0.1916320 0.0547827 0.5165060 0 255 0
0.1970949 0.0385434 0.4668159 0 255 0
0.2278477 0.0563841 0.4692323 0 255 0
0.2378332 0.0408029 0.4805071 0 255 0
-0.1784567 -0.0166120 0.5100297 0 255 0
-0.1847054 -0.0681164 0.5010058 0 255 0
0.2844753 -0.1126904 0.5858518 0 255 0
0.2268777 -0.0782349 0.5656531 0 255 0
0.2629869 0.0001615 0.4960470 0 255 0
0.2455004 0.0386868 0.4822776 0 255 0
0.2334218 -0.0463505 0.5210001 0 255 0
-0.0620893 -0.0523434 0.5078776 0 255 0
-0.1033001 -0.0451145 0.4940579 0 255 0
-0.1483570 0.0147681 0.5177709 0 255 0
0.1956943 0.0550827 0.4584025 0 255 0
0.3373809 -0.0317023 0.5426822 0 255 0
-0.2320805 0.0201518 0.5314084 0 255 0
0.2694424 0.0311670 0.4887518 0 255 0
-0.1450284 -0.0068040 0.4940151 0 255 0
-0.1557087 0.0407048 0.5390134 0 255 0
-0.1902274 0.0308718 0.5226377 0 255 0
0.2823751 -0.0127468 0.4994540 0 255 0
-0.2141661 0.0459207 0.5124172 0 255 0
0.1849963 -0.0679554 0.5800151 0 255 0
0.2368293 0.0047660 0.4900978 0 255 0
-0.1489617 -0.0672576 0.5033892 0 255 0
-0.2244769 -0.0150538 0.5401197 0 255 0
0.2007445 0.0186522 0.4918638 0 255 0
0.2064410 0.0129411 0.4944487 0 255 0
-0.2083454 0.0330886 0.5188856 0 255 0
-0.1303009 -0.0798851 0.4866409 0 255 0
-0.1716915 0.0013872 0.5185174 0 255 0
-0.1520578 -0.0571822 0.4980522 0 255 0
-0.1725218 0.0356736 0.5210249 0 255 0
0.2233104 0.0216220 0.4808018 0 255 0
-0.1772692 0.0368680 0.5206032 0 255 0
0.2222123 -0.0345405 0.5093200 0 255 0
0.2002791 0.0354284 0.4691423 0 255 0
0.2746736 -0.0924329 0.5796741 0 255 0
-0.1713924 -0.0637034 0.5033442 0 255 0
0.2724494 0.0554113 0.4799058 0 255 0
-0.1822992 -0.0531392 0.5041060 0 255 0
0.2189469 -0.0383966 0.5128705 0 255 0
0.1712914 0.0638266 0.4593152 0 255 0
-0.1932700 -0.0425232 0.5344431 0 255 0
-0.1710291 0.0551332 0.5315876 0 255 0
-0.1645644 0.0162656 0.5268667 0 255 0
-0.1013935 -0.0275991 0.5137728 0 255 0
-0.0955538 -0.0585616 0.4900094 0 255 0
-0.1270858 -0.0158766 0.4874506 0 255 0
-0.1060643 -0.0574038 0.4803220 0 255 0
-0.0905435 -0.0122310 0.5278403 0 255 0
-0.1728676 -0.0430763 0.5111999 0 255 0
-0.1907732 -0.0484864 0.5309845 0 255 0
0.2569556 -0.0091973 0.4978946 0 255 0
0.1912541 0.0550433 0.4580744 0 255 0
-0.1453800 -0.0561414 0.4992034 0 255 0
0.2763495 0.0001612 0.4949597 0 255 0
-0.1532166 -0.1020385 0.4942492 0 255 0
-0.2079397 -0.0647851 0.5118912 0 255 0
-0.1544445 0.0407051 0.5390162 0 255 0
-0.1207932 -0.0230205 0.5194214 0 255 0
0.2938009 0.0320731 0.5029612 0 255 0
0.2645677 -0.0174263 0.4990287 0 255 0
-0.1545540 0.0245204 0.5181776 0 255 0
-0.1915858 0.0038819 0.5263698 0 255 0
-0.2024695 0.0520254 0.5132510 0 255 0
0.3482566 -0.0288920 0.5378426 0 255 0
-0.1284990 -0.0581579 0.5065503 0 255 0
-0.1141503 -0.0831977 0.4859525 0 255 0
0.2004261 -0.0870053 0.5622050 0 255 0
-0.1444512 -0.1004281 0.4920490 0 255 0
0.1977268 -0.0562439 0.5335588 0 255 0
0.1679443 0.0778046 0.4590055 0 255 0
-0.2208513 -0.0225573 0.5374661 0 255 0
-0.2360620 -0.0036738 0.5463973 0 255 0
-0.1244917 0.0013129 0.4907531 0 255 0
-0.2084082 -0.0453266 0.5379055 0 255 0
0.1856172 0.0571155 0.4574293 0 255 0
0.2320278 -0.0313731 0.4970594 0 255 0
-0.1106582 -0.0500517 0.4856421 0 255 0
0.3219409 0.0134519 0.5139664 0 255 0
-0.1264089 -0.0795918 0.4848543 0 255 0
-0.2266629 0.0309901 0.5246419 0 255 0
0.3574004 -0.0261103 0.5326583 0 255 0
0.1733496 0.0551101 0.4677778 0 255 0
-0.2167137 -0.0275639 0.5365906 0 255 0
-0.2015065 -0.0147639 0.5297180 0 255 0
-0.0842453 -0.0656188 0.4911239 0 255 0
0.2207337 0.0259706 0.4776675 0 255 0
0.2601690 -0.0581544 0.5281376 0 255 0
-0.1915883 -0.0218106 0.5196753 0 255 0
-0.1724249 -0.0819946 0.4994915 0 255 0
0.1877597 0.0408513 0.4681239 0 255 0
0.1960918 0.0602599 0.4568225 0 255 0
-0.1037235 -0.0275774 0.5133691 0 255 0
-0.1236321 -0.0903105 0.4873645 0 255 0
-0.2107235 0.0411367 0.5128188 0 255 0
-0.2343857 -0.0139215 0.5454805 0 255 0
-0.1005522 -0.0459787 0.5035220 0 255 0
0.2792133 0.0059630 0.4938615 0 255 0
-0.1567208 -0.0346852 0.4943265 0 255 0
-0.1231561 -0.0009919 0.4900214 0 255 0
0.1932603 0.0417158 0.4654959 0 255 0
0.2164093 0.0557074 0.4636009 0 255 0
0.2035680 0.0129799 0.4959301 0 255 0
0.2695757 0.0024890 0.4953194 0 255 0
0.2188949 0.0546954 0.4642576 0 255 0
0.2701757 -0.0115030 0.4964218 0 255 0
-0.1754417 -0.0646372 0.5014129 0 255 0
0.3607012 -0.0389460 0.5550501 0 255 0
-0.1388076 -0.0033392 0.4966463 0 255 0
0.2399380 -0.0056445 0.4941312 0 255 0
-0.2093305 -0.0376818 0.5370331 0 255 0
-0.1725209 0.0500101 0.5173553 0 255 0
0.1913718 0.0499730 0.4609472 0 255 0
0.2269975 -0.0079602 0.4937300 0 255 0
0.3367268 -0.0160061 0.5296341 0 255 0
-0.1748995 -0.0844047 0.4998632 0 255 0
0.2301302 -0.0114236 0.4929942 0 255 0
-0.1257346 -0.0603527 0.5049964 0 255 0
0.2874806 -0.1183019 0.5863729 0 255 0
-0.1311266 -0.0701131 0.4984626 0 255 0
0.1817423 0.0423410 0.4724728 0 255 0
-0.2131607 -0.0148832 0.5339990 0 255 0
-0.1133340 0.0120984 0.5078463 0 255 0
-0.1190086 -0.0403290 0.5222892 0 255 0
0.2945071 -0.1104355 0.5812292 0 255 0
0.2858736 0.0071451 0.4953608 0 255 0
-0.2199975 0.0425058 0.5148068 0 255 0
-0.1504556 0.0025754 0.5125020 0 255 0
0.2165036 -0.0209395 0.4989190 0 255 0
0.2472486 0.0579039 0.4726380 0 255 0
0.3303199 -0.0173056 0.5313246 0 255 0
0.2556204 0.0176189 0.4953075 0 255 0
0.3132910 -0.0732584 0.5682904 0 255 0
0.3361680 -0.0264064 0.5386976 0 255 0
0.2244444 0.0295311 0.4808140 0 255 0
0.1746477 0.0595512 0.4596374 0 255 0
0.3431922 -0.0316510 0.5418035 0 255 0
0.2866978 -0.0448532 0.5178477 0 255 0
0.3327245 -0.0059781 0.5233390 0 255 0
-0.1825686 -0.0035082 0.5217817 0 255 0
0.2387035 0.0585509 0.4689252 0 255 0
-0.1778750 0.0273629 0.5260077 0 255 0
-0.1432354 -0.0441117 0.4958351 0 255 0
0.2351688 0.0311852 0.4890366 0 255 0
0.2120446 -0.0469030 0.5136442 0 255 0
0.2111710 -0.0857613 0.5627103 0 255 0
-0.2113353 -0.0287783 0.5357255 0 255 0
-0.1623647 0.0467686 0.5359312 0 255 0
0.3525651 -0.0274722 0.5348048 0 255 0
0.2905910 -0.0152795 0.5055912 0 255 0
-0.1037399 -0.0750987 0.4852677 0 255 0
0.2112436 0.0094628 0.4948260 0 255 0
-0.1600063 -0.0232098 0.4973268 0 255 0
-0.0658833 -0.0501735 0.5494595 0 255 0
-0.2052180 -0.0363611 0.5361669 0 255 0
0.2090756 -0.0506807 0.5152393 0 255 0
0.2714857 -0.1181679 0.5996770 0 255 0
-0.2334855 0.0321452 0.5233758 0 255 0
0.3424360 -0.0441592 0.5550036 0 255 0
-0.1248754 -0.0663146 0.4877533 0 255 0
-0.2010069 0.0583301 0.5156790 0 255 0
0.3294815 -0.0035103 0.5220926 0 255 0
0.3444653 -0.0500490 0.5625722 0 255 0
0.2709377 0.0345106 0.4873153 0 255 0
0.2775715 0.0359222 0.4909575 0 255 0
0.3006479 0.0119727 0.5025682 0 255 0
0.1850559 0.0352000 0.4810869 0 255 0
0.1797480 0.0612439 0.4561560 0 255 0
0.2455084 -0.0466194 0.5105379 0 255 0
0.2835835 -0.0347373 0.5122225 0 255 0
-0.1320852 -0.0044759 0.4933048 0 255 0
-0.2249082 0.0014643 0.5473390 0 255 0
-0.0754778 -0.0706591 0.4940900 0 255 0
-0.1785833 0.0414987 0.5173314 0 255 0
-0.0635868 -0.0657475 0.5008957 0 255 0
-0.0956340 -0.0601910 0.4845884 0 255 0
0.2145636 -0.0693262 0.5477718 0 255 0
0.3044118 0.0238920 0.5048985 0 255 0
0.3330748 0.0026133 0.5200506 0 255 0
0.2043429 -0.0710826 0.5514121 0 255 0
-0.1360690 -0.0955933 0.4909702 0 255 0
0.2236695 0.0116492 0.4889873 0 255 0
-0.1257104 -0.0549269 0.5097037 0 255 0
-0.2379287 0.0127729 0.5361559 0 255 0
0.2502573 0.0475810 0.4805451 0 255 0
-0.1815423 -0.0407360 0.5119806 0 255 0
0.2579327 -0.0056833 0.4975255 0 255 0
-0.1889160 -0.0508174 0.5292726 0 255 0
-0.1858754 -0.0239877 0.5139949 0 255 0
0.2608782 -0.0869185 0.5884479 0 255 0
-0.1395251 0.0098785 0.5165633 0 255 0
-0.2132639 0.0052573 0.5406142 0 255 0
0.1932449 0.0295916 0.4817996 0 255 0
0.2108963 -0.0406470 0.5108625 0 255 0
-0.1004501 -0.0369102 0.5089921 0 255 0
-0.1591326 -0.0997888 0.4946111 0 255 0
-0.1601470 -0.0846679 0.5014217 0 255 0
-0.1676337 0.0344499 0.5210341 0 255 0
-0.2185051 -0.0314230 0.5379004 0 255 0
-0.2212173 0.0286165 0.5263326 0 255 0
0.3336360 -0.0264061 0.5386921 0 255 0
-0.1062585 -0.0501268 0.4863704 0 255 0
0.2551297 -0.0273009 0.5082232 0 255 0
-0.0947746 -0.0683621 0.4860135 0 255 0
0.2804992 0.0267526 0.4920510 0 255 0
0.3370488 -0.0469241 0.5568628 0 255 0
0.2280537 -0.0383089 0.5116988 0 255 0
0.2015503 -0.0509179 0.5176508 0 255 0
0.2441417 0.0506357 0.4774074 0 255 0
-0.0798755 -0.0646595 0.4926068 0 255 0
-0.1047064 -0.0180970 0.5182343 0 255 0
-0.1567281 -0.0161013 0.4943494 0 255 0
0.2814746 -0.1136998 0.5910995 0 255 0
-0.1062198 -0.0563577 0.4810260 0 255 0
-0.1390146 -0.0392453 0.4932451 0 255 0
0.2107322 -0.0418149 0.5104650 0 255 0
0.1935109 -0.0621781 0.5769922 0 255 0
-0.1152480 -0.0206781 0.5219112 0 255 0
-0.1509211 -0.0416547 0.4943291 0 255 0
-0.1217329 -0.0067339 0.4889241 0 255 0
0.1750130 0.0575112 0.4605988 0 255 0
0.3441846 -0.0276054 0.5373971 0 255 0
-0.1156101 -0.0355056 0.5235508 0 255 0
0.3290726 -0.0344495 0.5458010 0 255 0
0.2024489 -0.0260808 0.5077178 0 255 0
-0.1611349 -0.0733354 0.5045147 0 255 0
0.2231886 0.0013189 0.4929948 0 255 0
0.2661312 0.0434466 0.4848094 0 255 0
0.3508312 -0.0329250 0.5418187 0 255 0
0.2355164 0.0277789 0.4897594 0 255 0
-0.1587276 -0.0880679 0.5006562 0 255 0
0.2164515 -0.0259028 0.5042531 0 255 0
-0.0941350 -0.0218370 0.5203038 0 255 0
-0.1810745 0.0356723 0.5210061 0 255 0
-0.1543185 0.0419374 0.5385764 0 255 0
-0.0987014 -0.0351721 0.5186337 0 255 0
-0.2003742 0.0496912 0.5140559 0 255 0
0.2476112 -0.0722159 0.5706046 0 255 0
-0.2238126 0.0040400 0.5478012 0 255 0
-0.1653534 0.0062512 0.5177230 0 255 0
0.2905238 -0.0045492 0.5013798 0 255 0
-0.1646259 -0.0210154 0.5007279 0 255 0
-0.2069757 -0.0490781 0.5374637 0 255 0
-0.1902247 0.0595000 0.5260220 0 255 0
-0.1453429 -0.0417184 0.4950863 0 255 0
-0.1275570 -0.0205340 0.4892581 0 255 0
-0.1281110 -0.0856655 0.4869992 0 255 0
0.2320573 -0.0839848 0.5685863 0 255 0
-0.1942116 0.0284603 0.5234587 0 255 0
0.2124054 0.0083001 0.4948271 0 255 0
0.2664560 0.0499162 0.4812859 0 255 0
0.1893723 0.0367645 0.4721443 0 255 0
0.2841556 -0.0853381 0.5687019 0 255 0
0.1993124 0.0084843 0.5058056 0 255 0
-0.2086514 0.0556859 0.5136432 0 255 0
0.2079954 0.0387372 0.4691632 0 255 0
-0.2145683 0.0140685 0.5375253 0 255 0
0.2678460 -0.0068371 0.4964224 0 255 0
-0.1215920 -0.0760081 0.4837983 0 255 0
-0.1057539 -0.0241470 0.5174087 0 255 0
-0.1455612 -0.0441113 0.4958300 0 255 0
0.2472245 0.0397333 0.4812273 0 255 0
-0.1347842 0.0086717 0.5169786 0 255 0
0.3365892 -0.0509778 0.5582680 0 255 0
-0.1569547 0.0025834 0.5140915 0 255 0
-0.1726002 -0.0406110 0.5104091 0 255 0
-0.0905484 -0.0697631 0.4878245 0 255 0
-0.0647727 -0.0513877 0.5102378 0 255 0
0.2527245 0.0199017 0.4941907 0 255 0
-0.1434107 -0.0787471 0.5088431 0 255 0
0.2995119 0.0201626 0.5006692 0 255 0
-0.2373389 -0.0113768 0.5463849 0 255 0
-0.1836131 -0.0131287 0.5144159 0 255 0
0.3103535 -0.0718605 0.5677962 0 255 0
0.2531796 0.0334369 0.4883572 0 255 0
-0.1544255 0.0062514 0.5177470 0 255 0
-0.0987522 -0.0656891 0.4831524 0 255 0
-0.1020404 -0.0310507 0.5109741 0 255 0
-0.1173910 -0.0184415 0.4948052 0 255 0
0.2368307 0.0070692 0.4901006 0 255 0
-0.1871034 0.0187699 0.5276638 0 255 0
0.2506172 0.0408648 0.4812362 0 255 0
-0.2289515 0.0066142 0.5477931 0 255 0
-0.1254559 -0.0819912 0.4855700 0 255 0
-0.1618324 0.0125315 0.5260246 0 255 0
0.2534085 -0.0790573 0.5715989 0 255 0
0.2555978 -0.0010070 0.4975261 0 255 0
0.2805024 -0.0912315 0.5721395 0 255 0
-0.1365064 -0.0102559 0.4925486 0 255 0
0.2464629 -0.0480049 0.5125228 0 255 0
0.2593037 0.0221916 0.4934686 0 255 0
0.2769627 -0.0296008 0.5067073 0 255 0
-0.1322992 -0.0595731 0.4984730 0 255 0
0.2043354 0.0095197 0.4977998 0 255 0
0.2253496 -0.0126383 0.4952013 0 255 0
0.3188734 -0.0636941 0.5663617 0 255 0
0.2845248 -0.0211215 0.5032562 0 255 0
0.2651244 0.0094794 0.4956905 0 255 0
-0.1749045 -0.0726614 0.4998778 0 255 0
0.1762911 0.0643699 0.4555222 0 255 0
0.2218588 -0.0304102 0.5004340 0 255 0
-0.1020714 -0.0537547 0.4881814 0 255 0
-0.1939103 0.0138544 0.5293434 0 255 0
0.2288575 -0.0380433 0.5081509 0 255 0
-0.1454901 -0.0573577 0.4995813 0 255 0
0.2207091 0.0047906 0.4926253 0 255 0
0.2697366 0.0187138 0.4934871 0 255 0
0.1829129 0.0432039 0.4697836 0 255 0
0.3112991 0.0025745 0.5123333 0 255 0
0.2071398 -0.0152505 0.5046319 0 255 0
0.2502707 -0.0468379 0.5129314 0 255 0
0.2692445 -0.0406537 0.5264948 0 255 0
-0.1749061 -0.0691382 0.4998821 0 255 0
0.1933811 0.0245219 0.4936939 0 255 0
-0.1495688 0.0074682 0.5177591 0 255 0
-0.0790171 -0.0579327 0.4944696 0 255 0
-0.1458222 -0.1040509 0.4927798 0 255 0
0.2437856 -0.0575058 0.5222474 0 255 0
-0.1220973 -0.0021449 0.4903879 0 255 0
0.2425447 -0.0196950 0.4970969 0 255 0
-0.2154769 0.0153065 0.5366465 0 255 0
0.2488247 0.0164669 0.4956634 0 255 0
-0.2120759 -0.0249411 0.5344235 0 255 0
0.2637236 0.0278445 0.4909172 0 255 0
-0.1139822 -0.0819350 0.4852367 0 255 0
0.3090267 -0.0635825 0.5653690 0 255 0
-0.1659120 0.0001679 0.5156826 0 255 0
-0.2199925 0.0354417 0.5176378 0 255 0
-0.0557429 -0.0614638 0.5043765 0 255 0
-0.1564864 -0.0323137 0.4935872 0 255 0
0.2425433 -0.0220309 0.4970940 0 255 0
-0.1981115 0.0113940 0.5306137 0 255 0
-0.1644447 0.0001677 0.5148777 0 255 0
0.2729877 -0.1002599 0.5937608 0 255 0
0.2055531 -0.0224504 0.5065585 0 255 0
-0.2496104 0.0077839 0.5396489 0 255 0
-0.1400786 -0.0021739 0.4970205 0 255 0
0.2122467 0.0565573 0.4616463 0 255 0
0.2297903 -0.0044665 0.4922661 0 255 0
-0.1331721 -0.0395730 0.4973641 0 255 0
-0.1235215 -0.0267448 0.5206452 0 255 0
0.2257573 0.0206126 0.4836265 0 255 0
0.2539948 -0.0222162 0.5012755 0 255 0
-0.1281360 -0.0101423 0.4870942 0 255 0
-0.1450506 -0.0861859 0.5104117 0 255 0
0.2718979 -0.0825908 0.5681881 0 255 0
-0.1938350 -0.0549105 0.5095512 0 255 0
0.2649668 -0.0209757 0.4997815 0 255 0
0.2751054 0.0554927 0.4806107 0 255 0
0.2565556 -0.0162655 0.4993905 0 255 0
-0.0884567 -0.0687707 0.4889189 0 255 0
0.2256831 -0.0231448 0.4959340 0 255 0
-0.1689008 -0.0672003 0.5029600 0 255 0
0.2220311 0.0024773 0.4929937 0 255 0
0.2322602 -0.0339133 0.5000714 0 255 0
0.1880659 -0.0749225 0.5607569 0 255 0
-0.2420066 0.0372415 0.5258777 0 255 0
-0.1041618 -0.0419791 0.4981789 0 255 0
-0.1108562 0.0001635 0.5020224 0 255 0
-0.1729979 -0.0249045 0.5080593 0 255 0
0.2598854 0.0187550 0.4945755 0 255 0
-0.1461530 -0.0984843 0.4938975 0 255 0
-0.1636315 -0.0615290 0.5049117 0 255 0
0.2388706 0.0070957 0.4919330 0 255 0
-0.1615978 0.0427173 0.5173688 0 255 0
0.2740428 0.0511984 0.4827123 0 255 0
0.2382748 0.0514583 0.4746479 0 255 0
-0.1281349 -0.0135758 0.4870899 0 255 0
0.2376111 -0.0720261 0.5691044 0 255 0
-0.1842357 0.0075443 0.5230380 0 255 0
-0.1923508 -0.0169936 0.5217435 0 255 0
0.2740491 -0.0627856 0.5358900 0 255 0
-0.1148738 -0.0555912 0.4841948 0 255 0
-0.0915583 -0.0639375 0.4871065 0 255 0
0.2792399 -0.0433369 0.5290453 0 255 0
-0.2460384 0.0238003 0.5292410 0 255 0
0.2661258 -0.0850064 0.5848060 0 255 0
0.2345238 0.0001596 0.4900870 0 255 0
0.2786381 0.0426544 0.4887862 0 255 0
0.2176509 0.0546566 0.4639283 0 255 0
-0.1451728 0.0196972 0.5194208 0 255 0
-0.2047698 0.0296182 0.5221888 0 255 0
-0.1704738 -0.0751259 0.5006465 0 255 0
0.2006739 -0.0547692 0.5314155 0 255 0
0.1708249 0.0675331 0.4551997 0 255 0
-0.0690932 -0.0712497 0.4982197 0 255 0
0.2062288 0.0332954 0.4701560 0 255 0
0.2149607 -0.0470135 0.5148543 0 255 0
0.2933608 -0.0982125 0.5736530 0 255 0
-0.1710360 0.0438625 0.5165377 0 255 0
-0.1074588 0.0049425 0.5082430 0 255 0
0.2061124 -0.0152621 0.5050162 0 255 0
-0.1516377 -0.0079466 0.4928876 0 255 0
0.2960343 0.0200860 0.4987692 0 255 0
-0.1734379 -0.0046861 0.5164707 0 255 0
0.2353947 -0.0079308 0.4919069 0 255 0
-0.1766049 -0.0346951 0.5116002 0 255 0
0.2378521 0.0555606 0.4716010 0 255 0
0.1888019 -0.0723736 0.5513765 0 255 0
0.2183214 -0.0918360 0.5675668 0 255 0
0.3227133 -0.0358794 0.5480530 0 255 0
-0.1496079 -0.0824589 0.5096144 0 255 0
0.2021882 -0.0309955 0.5100660 0 255 0
0.3217189 -0.0238346 0.5377908 0 255 0
-0.0810904 -0.0716565 0.4929648 0 255 0
-0.1459066 -0.0895740 0.5092186 0 255 0
0.3321138 0.0013924 0.5204572 0 255 0
-0.2071216 0.0519838 0.5128402 0 255 0
-0.0948444 -0.0695553 0.4863715 0 255 0
0.2132756 0.0379869 0.4735530 0 255 0
0.2522046 0.0549268 0.4757094 0 255 0
-0.1608851 -0.0803236 0.5037328 0 255 0
0.1802942 0.0531457 0.4602835 0 255 0
0.1853235 -0.0667102 0.5810407 0 255 0
0.2666781 -0.0091700 0.4964170 0 255 0
-0.1696447 0.0212344 0.5272844 0 255 0
0.2042443 0.0048666 0.5004390 0 255 0
0.2684197 0.0141281 0.4953313 0 255 0
-0.1870807 0.0560854 0.5173281 0 255 0
-0.0925644 -0.0563864 0.5471066 0 255 0
-0.1467917 -0.0137169 0.4921528 0 255 0
0.2543104 -0.0775801 0.5706127 0 255 0
-0.1480559 -0.0160416 0.4925160 0 255 0
0.1938164 0.0234144 0.4948051 0 255 0
0.2568776 -0.0525175 0.5214561 0 255 0
0.2669113 0.0355763 0.4862305 0 255 0
0.3426920 -0.0097061 0.5254399 0 255 0
-0.0761322 -0.0514193 0.5489767 0 255 0
0.2573128 -0.0287390 0.5125719 0 255 0
0.1933321 -0.0796518 0.5569721 0 255 0
0.2612415 -0.0068472 0.4971563 0 255 0
-0.1160565 -0.0160921 0.4940673 0 255 0
0.2083788 -0.0651389 0.5450445 0 255 0
-0.0978495 -0.0481580 0.5141571 0 255 0
-0.2210340 0.0473077 0.5144073 0 255 0
-0.1421946 -0.0033367 0.4962638 0 255 0
-0.1009146 -0.0539023 0.5113459 0 255 0
-0.1685946 -0.0010454 0.5164859 0 255 0
-0.1242246 -0.0842109 0.4852114 0 255 0
0.2440897 0.0557212 0.4729647 0 255 0
0.2548582 -0.0932786 0.5937266 0 255 0
-0.2031066 0.0582381 0.5148661 0 255 0
-0.2196472 0.0366005 0.5168254 0 255 0
-0.1636301 -0.0650876 0.5049072 0 255 0
0.3143905 -0.0276471 0.5382088 0 255 0
0.2213577 -0.0208453 0.4966745 0 255 0
-0.1902669 0.0450372 0.5160912 0 255 0
0.1939881 -0.0812352 0.5588619 0 255 0
-0.2007602 0.0076596 0.5310322 0 255 0
-0.1973095 -0.0010697 0.5284656 0 255 0
0.3323725 -0.0412717 0.5512741 0 255 0
-0.2025812 0.0319205 0.5197178 0 255 0
-0.1360778 -0.0696802 0.5038006 0 255 0
0.1832172 -0.0754005 0.5744370 0 255 0
-0.1857171 0.0438942 0.5169117 0 255 0
-0.1842325 0.0001703 0.5230289 0 255 0
0.2017153 -0.0387862 0.5180747 0 255 0
-0.1459664 -0.0102708 0.4932671 0 255 0
0.2521325 -0.0662813 0.5657261 0 255 0
0.2804682 -0.1119093 0.5889860 0 255 0
0.3340659 -0.0173059 0.5313328 0 255 0
0.2897640 -0.0249165 0.5083032 0 255 0
-0.1208170 -0.0625531 0.4852457 0 255 0
-0.1156192 -0.0165268 0.5074139 0 255 0
0.2312631 -0.0743771 0.5666404 0 255 0
-0.1549751 -0.0886095 0.5037355 0 255 0
-0.0838593 -0.0514175 0.5489568 0 255 0
0.2706330 -0.0209603 0.4994155 0 255 0
-0.2474272 0.0139299 0.5322283 0 255 0
-0.1475837 0.0370886 0.5416923 0 255 0
-0.1974230 0.0296191 0.5222049 0 255 0
0.2520871 0.0365548 0.4840587 0 255 0
-0.1364596 -0.0558469 0.4965849 0 255 0
0.3153126 -0.0197218 0.5291578 0 255 0
-0.2358176 0.0189028 0.5313987 0 255 0
0.2288366 -0.0936572 0.5705370 0 255 0
0.3190747 -0.0526423 0.5620339 0 255 0
0.3465485 -0.0035471 0.5275563 0 255 0
-0.1388601 0.0135734 0.5186073 0 255 0
-0.2185042 0.0052920 0.5441861 0 255 0
0.3357820 -0.0541046 0.5635095 0 255 0
0.1990359 0.0365046 0.4688073 0 255 0
0.2066768 0.0461596 0.4661888 0 255 0
-0.1835274 -0.0751789 0.5009996 0 255 0
0.3155318 -0.0425641 0.5512356 0 255 0
0.1881064 -0.0639478 0.5569801 0 255 0
-0.1833257 -0.0143150 0.5136106 0 255 0
0.1810690 -0.0693781 0.5805160 0 255 0
0.2125483 0.0632425 0.4794330 0 255 0
-0.1766064 -0.0310890 0.5116047 0 255 0
-0.2176210 -0.0187077 0.5357242 0 255 0
-0.1499864 -0.0440439 0.4950732 0 255 0
0.2163683 -0.0395704 0.5124646 0 255 0
-0.1993385 -0.0691133 0.5083383 0 255 0
-0.2174205 -0.0339786 0.5383407 0 255 0
-0.2213581 -0.0545847 0.5296249 0 255 0
0.2742263 -0.0044942 0.4953209 0 255 0
0.2605748 -0.0567319 0.5264533 0 255 0
0.2164081 0.0535284 0.4635982 0 255 0
0.2624088 -0.0080154 0.4971574 0 255 0
0.1805018 -0.0669449 0.5830846 0 255 0
-0.1398493 -0.0523065 0.4962068 0 255 0
-0.1725591 -0.0750109 0.4998800 0 255 0
0.3372191 -0.0441583 0.5549922 0 255 0
0.2583470 0.0444211 0.4830191 0 255 0
0.3263711 -0.0510190 0.5587185 0 255 0
0.2102859 -0.0506810 0.5152420 0 255 0
0.2449640 0.0187679 0.4949139 0 255 0
0.2910030 -0.0938425 0.5716659 0 255 0
-0.1793404 0.0333561 0.5230808 0 255 0
0.2751275 -0.0885414 0.5721311 0 255 0
0.3512622 -0.0197882 0.5309383 0 255 0
-0.1371094 -0.0475003 0.4947244 0 255 0
-0.2014233 0.0520663 0.5136546 0 255 0
0.2658937 0.0164435 0.4949569 0 255 0
0.2736430 -0.0985987 0.5921634 0 255 0
-0.1670347 -0.0392298 0.5080546 0 255 0
0.2705407 0.0390336 0.4866013 0 255 0
-0.1517422 -0.0322901 0.4932272 0 255 0
-0.1488050 -0.0987057 0.4950080 0 255 0
0.2136277 -0.0407106 0.5116615 0 255 0
-0.1504377 -0.0488436 0.4965629 0 255 0
-0.1773792 -0.0832929 0.5002398 0 255 0
-0.1586574 0.0050150 0.5157045 0 255 0
-0.1599775 -0.0921400 0.4972374 0 255 0
0.2672026 -0.0810449 0.5667139 0 255 0
-0.1645654 0.0187417 0.5268698 0 255 0
0.2657710 -0.0245731 0.5012984 0 255 0
0.2809147 0.0210027 0.4927798 0 255 0
0.3045404 -0.0094781 0.5131006 0 255 0
0.2868712 -0.0996444 0.5741367 0 255 0
0.2031293 -0.0371603 0.5124401 0 255 0
0.2670187 -0.1138362 0.5991272 0 255 0
-0.1646983 0.0212348 0.5272954 0 255 0
-0.1996318 0.0389106 0.5152535 0 255 0
0.2286338 -0.0044665 0.4922635 0 255 0
-0.0620160 -0.0488833 0.5494696 0 255 0
0.2413740 -0.0243667 0.4970886 0 255 0
0.2587208 -0.0581075 0.5277117 0 255 0
-0.1425976 0.0037946 0.5145270 0 255 0
-0.1227268 -0.0760077 0.4837958 0 255 0
0.2632494 -0.1064103 0.5969566 0 255 0
-0.1654068 0.0273424 0.5256144 0 255 0
-0.2235727 0.0128155 0.5379442 0 255 0
0.2243193 0.0127698 0.4879048 0 255 0
-0.1772312 0.0426810 0.5169289 0 255 0
-0.1334420 -0.0056435 0.4940420 0 255 0
-0.1027589 -0.0411834 0.5027555 0 255 0
0.2573689 0.0199021 0.4942009 0 255 0
0.2221932 -0.0138224 0.4959379 0 255 0
0.2537205 0.0290399 0.4916260 0 255 0
-0.1648333 0.0038061 0.5160945 0 255 0
0.2015556 -0.0411882 0.5176644 0 255 0
-0.1459999 -0.0489185 0.4973243 0 255 0
0.3004891 -0.0118248 0.5103105 0 255 0
-0.1398620 -0.0252813 0.4921537 0 255 0
-0.1445864 -0.0276141 0.4925093 0 255 0
-0.1009819 -0.0095658 0.5178449 0 255 0
0.2088476 0.0576009 0.4613173 0 255 0
-0.1388148 -0.0160423 0.4925363 0 255 0
-0.1991677 0.0472754 0.5140556 0 255 0
0.2511522 0.0141376 0.4956656 0 255 0
-0.1101624 -0.0770919 0.4834661 0 255 0
0.2377608 -0.0441164 0.5093408 0 255 0
0.2145683 0.0071321 0.4944593 0 255 0
-0.1357909 -0.0205638 0.4899669 0 255 0
0.2384459 0.0503792 0.4749887 0 255 0
0.2691351 0.0232999 0.4923865 0 255 0
-0.1352495 -0.0114047 0.4921810 0 255 0
-0.0899977 -0.0551016 0.5471138 0 255 0
-0.0940608 -0.0205982 0.5198939 0 255 0
-0.1393058 0.0086511 0.5157516 0 255 0
-0.1957652 0.0200091 0.5276462 0 255 0
0.2587233 0.0187549 0.4945730 0 255 0
0.2276468 -0.0056273 0.4926277 0 255 0
0.2980392 -0.0190926 0.5122749 0 255 0
-0.1755179 -0.0213396 0.5084514 0 255 0
-0.1140238 -0.0206782 0.5219139 0 255 0
0.2569360 -0.0234478 0.5024261 0 255 0
0.2754336 -0.0996324 0.5900450 0 255 0
0.3462719 -0.0185403 0.5309289 0 255 0
-0.1667593 -0.0046352 0.5108634 0 255 0
-0.2225897 0.0498031 0.5152139 0 255 0
0.3403754 -0.0047524 0.5237726 0 255 0
-0.1865864 -0.0790101 0.5029064 0 255 0
-0.1189731 -0.0735193 0.4823865 0 255 0
0.1876923 0.0368698 0.4734969 0 255 0
-0.1696846 -0.0556390 0.5052940 0 255 0
-0.1496598 0.0357621 0.5223176 0 255 0
-0.1415532 -0.0659256 0.5022526 0 255 0
-0.1032515 0.0013833 0.5170388 0 255 0
-0.0478994 -0.0608405 0.5090779 0 255 0
-0.1732566 -0.0164592 0.5053362 0 255 0
-0.1724270 -0.0773008 0.4994973 0 255 0
-0.1245912 -0.0878899 0.4866435 0 255 0
-0.2089013 -0.0023301 0.5327246 0 255 0
-0.1296637 -0.0067286 0.4885432 0 255 0
-0.1745919 0.0237120 0.5272766 0 255 0
0.2758341 0.0576678 0.4799159 0 255 0
0.2392244 0.0013181 0.4926616 0 255 0
-0.0597524 -0.0511902 0.5082768 0 255 0
-0.1899623 -0.0770586 0.5056092 0 255 0
0.2806275 -0.0348180 0.5134122 0 255 0
0.2707391 0.0367738 0.4869580 0 255 0
0.2234718 0.0395271 0.4787304 0 255 0
-0.0617079 -0.0555800 0.5047579 0 255 0
0.1887252 0.0408225 0.4677938 0 255 0
-0.2265680 0.0486679 0.5160132 0 255 0
-0.2475948 0.0027456 0.5463799 0 255 0
-0.0865511 -0.0586952 0.4911274 0 255 0
-0.1968702 -0.0412334 0.5340022 0 255 0
-0.0986268 -0.0229682 0.5182416 0 255 0
-0.1274005 -0.0503314 0.5116875 0 255 0
0.1711832 0.0751776 0.4561544 0 255 0
-0.1321189 0.0001621 0.4977938 0 255 0
-0.1748418 0.0112588 0.5243155 0 255 0
-0.1182895 0.0107064 0.4985924 0 255 0
-0.0864183 -0.0758888 0.4903736 0 255 0
0.1977711 0.0154029 0.4989229 0 255 0
-0.2170795 -0.0048769 0.5374963 0 255 0
-0.0593388 -0.0591382 0.5047587 0 255 0
0.3172961 -0.0384220 0.5475829 0 255 0
-0.0426884 -0.0461136 0.5183371 0 255 0
0.3420884 -0.0250188 0.5360885 0 255 0
0.2780919 0.0610520 0.4799251 0 255 0
-0.1345387 -0.0309019 0.4895944 0 255 0
-0.1261155 0.0105777 0.4925972 0 255 0
-0.1935832 -0.0096996 0.5250864 0 255 0
-0.1492537 0.0025754 0.5125047 0 255 0
0.3247758 -0.0251395 0.5386742 0 255 0
-0.1032393 -0.0298500 0.5109730 0 255 0
0.2867844 -0.0530697 0.5269386 0 255 0
-0.1106096 0.0108716 0.5062864 0 255 0
0.2324568 -0.0881443 0.5695652 0 255 0
0.2452026 0.0440958 0.4794820 0 255 0
-0.0666552 -0.0664677 0.4974770 0 255 0
0.2352925 -0.0403079 0.5066001 0 255 0
-0.1253674 -0.0693916 0.4852273 0 255 0
0.2989179 -0.0010234 0.5056270 0 255 0
-0.1858611 0.0414972 0.5173127 0 255 0
0.2707396 0.0024890 0.4953220 0 255 0
-0.2227610 0.0437837 0.5156105 0 255 0
-0.1920477 0.0076107 0.5276391 0 255 0
-0.1949957 0.0163289 0.5289178 0 255 0
-0.1861651 -0.0658624 0.5017709 0 255 0
-0.2004399 0.0151222 0.5301850 0 255 0
-0.1159714 -0.0091199 0.4937050 0 255 0
-0.1398351 -0.1004301 0.4920592 0 255 0
0.2495316 0.0496948 0.4791516 0 255 0
0.2022950 -0.0398781 0.5164506 0 255 0
-0.2183311 -0.0010942 0.5405952 0 255 0
0.2136293 0.0544640 0.4622938 0 255 0
-0.1388144 -0.0171996 0.4925349 0 255 0
0.2605969 0.0606502 0.4767659 0 255 0
0.2637130 -0.0710403 0.5510840 0 255 0
-0.1221287 -0.0843363 0.4859335 0 255 0
-0.1308533 -0.0588035 0.5019013 0 255 0
0.2215606 -0.0835488 0.5656348 0 255 0
-0.2316395 -0.0087875 0.5450430 0 255 0
-0.1471013 -0.0883773 0.5092175 0 255 0
-0.1279355 -0.0275132 0.4907098 0 255 0
-0.1802626 -0.0446232 0.5151911 0 255 0
0.2247848 0.0183531 0.4839764 0 255 0
0.2686071 0.0434790 0.4851713 0 255 0
-0.2084657 -0.0547287 0.5191851 0 255 0
0.2112864 -0.0162993 0.5004283 0 255 0
0.2373961 0.0397896 0.4819089 0 255 0
0.2867248 -0.0937597 0.5711613 0 255 0
-0.0945661 -0.0636537 0.4849440 0 255 0
-0.1818324 -0.0251368 0.5127987 0 255 0
0.2278650 0.0251403 0.4832823 0 255 0
-0.1308001 -0.0418501 0.5108949 0 255 0
-0.1796584 -0.0554234 0.5033363 0 255 0
-0.1177597 -0.0587435 0.4820537 0 255 0
0.2767163 -0.1018581 0.5868918 0 255 0
-0.1507610 -0.0957206 0.4976299 0 255 0
-0.1831504 0.0475016 0.5165156 0 255 0
-0.2083241 0.0519835 0.5128375 0 255 0
0.2813756 -0.0614785 0.5354725 0 255 0
0.1871871 -0.0729707 0.5660586 0 255 0
-0.1482706 -0.0357673 0.4932305 0 255 0
0.2000361 -0.0636456 0.5432305 0 255 0
-0.0933210 -0.0060490 0.5295426 0 255 0
-0.1995156 0.0089075 0.5310365 0 255 0
0.2657417 0.0456580 0.4840999 0 255 0
-0.2014227 0.0508592 0.5136531 0 255 0
-0.1742915 -0.0532227 0.5048985 0 255 0
-0.1677111 -0.0331589 0.5064965 0 255 0
-0.2022044 0.0365170 0.5156466 0 255 0
0.2818651 0.0256156 0.4924198 0 255 0
0.2029823 0.0238794 0.4807601 0 255 0
0.2802180 -0.0270745 0.5040071 0 255 0
0.1831278 -0.0774918 0.5699630 0 255 0
0.2677398 0.0289341 0.4898339 0 255 0
0.2388714 0.0082516 0.4919344 0 255 0
0.3246925 -0.0622049 0.5649235 0 255 0
0.3388078 -0.0455008 0.5554614 0 255 0
0.2271405 0.0001601 0.4915321 0 255 0
0.2852326 -0.1198917 0.5874114 0 255 0
-0.1850882 -0.0532609 0.5052605 0 255 0
-0.1661745 0.0050227 0.5164987 0 255 0
-0.2243056 0.0103211 0.5397077 0 255 0
0.2791087 -0.1053387 0.5832564 0 255 0
-0.1898790 0.0101067 0.5284958 0 255 0
0.2796024 -0.0150709 0.4986898 0 255 0
0.2463089 0.0141267 0.4952828 0 255 0
0.2189328 -0.0733646 0.5589263 0 255 0
0.2258383 -0.0068000 0.4937289 0 255 0
0.2131529 -0.0139161 0.4992983 0 255 0
0.2013996 -0.0362946 0.5172638 0 255 0
-0.1635174 -0.0342176 0.5045595 0 255 0
-0.1130108 -0.0820565 0.4859564 0 255 0
0.1673316 0.0758581 0.4602832 0 255 0
0.2767616 -0.1008706 0.5812021 0 255 0
-0.1495400 -0.0346342 0.4935996 0 255 0
0.2719085 -0.1093175 0.5975134 0 255 0
-0.1066781 0.0025639 0.5102140 0 255 0
0.2931938 -0.0129136 0.5059875 0 255 0
0.3060673 -0.0801388 0.5697394 0 255 0
0.1915916 -0.0608402 0.5409850 0 255 0
0.2148540 -0.0010076 0.4978099 0 255 0
0.2340179 0.0277375 0.4890298 0 255 0
0.3141691 0.0133269 0.5091899 0 255 0
0.2735343 -0.0185716 0.4982955 0 255 0
0.1734411 0.0645026 0.4564619 0 255 0
-0.0747343 -0.0543910 0.5047308 0 255 0
-0.1916017 -0.0661130 0.5036802 0 255 0
0.2381040 0.0525359 0.4743077 0 255 0
0.3169051 -0.0022637 0.5175616 0 255 0
-0.2125398 -0.0454002 0.5387789 0 255 0
-0.2172289 0.0065707 0.5441905 0 255 0
0.3439122 -0.0211200 0.5330653 0 255 0
-0.1915889 -0.0205896 0.5196769 0 255 0
0.2611592 0.0540449 0.4777946 0 255 0
0.2660621 -0.0626817 0.5350028 0 255 0
0.2353671 0.0524222 0.4732808 0 255 0
-0.1948396 0.0175576 0.5284942 0 255 0
0.2207098 0.0059481 0.4926268 0 255 0
-0.0884194 -0.0574814 0.5452988 0 255 0
0.2036935 0.0196470 0.4878680 0 255 0
0.2141538 0.0214957 0.4779938 0 255 0
0.2052634 -0.0887062 0.5646231 0 255 0
0.2159027 0.0204319 0.4793862 0 255 0
0.2888205 -0.0462153 0.5194797 0 255 0
-0.1343331 -0.0559319 0.4973412 0 255 0
-0.1771527 -0.0432437 0.5131871 0 255 0
-0.1401714 -0.0392451 0.4932425 0 255 0
0.2393842 0.0576128 0.4702624 0 255 0
0.2003517 -0.0521879 0.5305620 0 255 0
-0.1846265 0.0138104 0.5276631 0 255 0
-0.2129883 -0.0136174 0.5335671 0 255 0
-0.1881971 -0.0780069 0.5040596 0 255 0
0.2677896 -0.0468010 0.5260639 0 255 0
0.2354630 -0.0195911 0.4944747 0 255 0
-0.1625770 -0.0497047 0.5053170 0 255 0
-0.1872510 0.0125805 0.5280799 0 255 0
0.2680441 -0.0737542 0.5520132 0 255 0
0.2161237 -0.0733016 0.5584465 0 255 0
-0.1351086 -0.0044995 0.4959035 0 255 0
0.2719057 0.0059808 0.4953288 0 255 0
-0.1579979 -0.0370357 0.4946929 0 255 0
-0.1385436 0.0037828 0.5129297 0 255 0
-0.1863857 -0.0071919 0.5221836 0 255 0
0.1783435 0.0582690 0.4580477 0 255 0
0.2116665 0.0001623 0.4985572 0 255 0
0.2180209 -0.0611798 0.5221837 0 255 0
-0.0823649 -0.0551492 0.5475864 0 255 0
-0.1105116 -0.0354929 0.5058381 0 255 0
-0.2326434 0.0176973 0.5326972 0 255 0
-0.0932094 -0.0219064 0.5219581 0 255 0
0.1939491 0.0316021 0.4779620 0 255 0
-0.0950365 -0.0786589 0.4932929 0 255 0
0.3180666 0.0098210 0.5135534 0 255 0
-0.0646140 -0.0679455 0.4997485 0 255 0
0.2116069 0.0443138 0.4698478 0 255 0
0.2018761 -0.0297510 0.5092787 0 255 0
-0.2240826 0.0189651 0.5331500 0 255 0
-0.2002626 -0.0184979 0.5297161 0 255 0
0.2180597 -0.1035779 0.5810670 0 255 0
-0.1359953 0.0296971 0.5462073 0 255 0
-0.1831815 -0.0167155 0.5132067 0 255 0
0.2311590 -0.0254377 0.4951982 0 255 0
-0.1046652 -0.0815206 0.4895959 0 255 0
-0.0950570 -0.0120185 0.5186719 0 255 0
0.2037453 -0.0045823 0.5050242 0 255 0
0.2879170 -0.0825959 0.5682232 0 255 0
-0.1433854 0.0111096 0.5173696 0 255 0
0.1700820 0.0630984 0.4618853 0 255 0
-0.0766374 -0.0683371 0.4940903 0 255 0
0.2978160 -0.1087836 0.5797046 0 255 0
-0.1635748 -0.0245638 0.5011078 0 255 0
0.2585242 0.0071604 0.4964193 0 255 0
-0.1379533 0.0248155 0.5244133 0 255 0
0.3174095 -0.0237954 0.5369059 0 255 0
-0.2109141 -0.0532139 0.5283710 0 255 0
0.2472498 -0.0318310 0.5043144 0 255 0
0.2740438 -0.0495110 0.5286022 0 255 0
0.3155432 -0.0184194 0.5274674 0 255 0
-0.0576347 -0.0502294 0.5106511 0 255 0
0.2495615 -0.0610736 0.5319465 0 255 0
-0.2230402 0.0103212 0.5397105 0 255 0
0.2810576 0.0557786 0.4830867 0 255 0
0.1675936 0.0765658 0.4580468 0 255 0
-0.1724260 -0.0796477 0.4994944 0 255 0
0.3450320 -0.0329784 0.5426973 0 255 0
0.3315230 -0.0580259 0.5630142 0 255 0
0.2818449 -0.0939202 0.5721391 0 255 0
-0.2347126 0.0321450 0.5233731 0 255 0
-0.1082016 -0.0310982 0.5117562 0 255 0
0.2241890 -0.0079840 0.4952045 0 255 0
0.3021230 -0.0155059 0.5130852 0 255 0
0.2409067 -0.0775761 0.5705833 0 255 0
-0.1248408 -0.0292144 0.5210520 0 255 0
0.2809276 -0.0533666 0.5298869 0 255 0
-0.2107241 0.0423418 0.5128203 0 255 0
-0.1557706 0.0281732 0.5181794 0 255 0
0.2742411 0.0334896 0.4891275 0 255 0
-0.1344415 -0.0360944 0.4977423 0 255 0
-0.1580062 -0.0161134 0.4947188 0 255 0
-0.1699434 -0.0381537 0.5096261 0 255 0
-0.1525400 0.0370573 0.5412353 0 255 0
-0.1600778 -0.0650886 0.5049151 0 255 0
0.2684135 0.0048168 0.4953197 0 255 0
0.3168337 0.0121870 0.5115629 0 255 0
-0.1879251 0.0296675 0.5230573 0 255 0
0.2633782 -0.0080094 0.4967850 0 255 0
-0.0768123 -0.0591840 0.4952179 0 255 0
0.3178141 -0.0664121 0.5668429 0 255 0
-0.2374478 0.0261621 0.5267159 0 255 0
-0.2188723 0.0014499 0.5419354 0 255 0
0.2525365 0.0222076 0.4938232 0 255 0
-0.1590491 -0.0102934 0.4943516 0 255 0
0.2249495 0.0172285 0.4843309 0 255 0
-0.1481090 -0.0476775 0.4965694 0 255 0
-0.0625729 -0.0508700 0.5431113 0 255 0
-0.1893017 0.0284609 0.5234696 0 255 0
0.2679373 0.0531546 0.4798931 0 255 0
-0.1373148 -0.0510641 0.4954656 0 255 0
0.2061013 0.0602319 0.4648907 0 255 0
0.3495946 -0.0383000 0.5458440 0 255 0
0.2079972 -0.0815857 0.5612731 0 255 0
-0.1059380 -0.0761817 0.4849035 0 255 0
-0.1076578 -0.0735231 0.4824114 0 255 0
0.2409336 0.0198857 0.4937949 0 255 0
-0.1282295 -0.0147312 0.4874495 0 255 0
0.2743141 -0.0773863 0.5595173 0 255 0
-0.2020006 0.0307967 0.5213675 0 255 0
0.1842250 0.0401784 0.4731536 0 255 0
0.2524878 -0.1094090 0.5980131 0 255 0
-0.1584808 -0.0219915 0.4962049 0 255 0
-0.0785767 -0.0526207 0.5480544 0 255 0
-0.1767534 -0.0623284 0.5017960 0 255 0
-0.2274756 0.0027504 0.5473350 0 255 0
-0.2226512 -0.0352717 0.5387692 0 255 0
0.2237434 0.0550844 0.4675590 0 255 0
0.2794220 0.0048062 0.4942306 0 255 0
-0.1227275 -0.0737345 0.4837986 0 255 0
-0.1625704 -0.0663251 0.5052965 0 255 0
-0.1700735 0.0001684 0.5172974 0 255 0
0.2516732 -0.0139079 0.4990048 0 255 0
-0.0940636 -0.0083823 0.5199091 0 255 0
-0.0909025 -0.0574332 0.5448413 0 255 0
0.1699941 0.0751253 0.4558365 0 255 0
-0.0896050 -0.0630272 0.4889235 0 255 0
0.2208361 -0.0435899 0.5172959 0 255 0
0.2158749 0.0182719 0.4818352 0 255 0
0.3274119 0.0038262 0.5188131 0 255 0
-0.1280169 -0.0833157 0.4866416 0 255 0
-0.1557701 0.0269556 0.5181779 0 255 0
0.1727266 0.0635614 0.4574066 0 255 0
0.2653361 -0.0991296 0.5953519 0 255 0
-0.1707463 0.0261695 0.5268654 0 255 0
0.2698900 0.0232654 0.4916568 0 255 0
0.2734184 0.0164071 0.4938618 0 255 0
-0.2183069 -0.0493586 0.5405354 0 255 0
0.1928616 -0.0621115 0.5409862 0 255 0
-0.1973787 0.0571191 0.5156855 0 255 0
-0.2215818 -0.0112282 0.5392438 0 255 0
-0.1466289 -0.0033316 0.4955058 0 255 0
-0.1915484 -0.0449252 0.5331423 0 255 0
0.2042353 -0.0494692 0.5152302 0 255 0
-0.2057457 0.0176420 0.5310336 0 255 0
-0.1905226 -0.0169399 0.5200952 0 255 0
-0.1858655 0.0175301 0.5276650 0 255 0
-0.1039253 -0.0430517 0.4970479 0 255 0
0.2193429 -0.0268621 0.5000533 0 255 0
-0.0968424 -0.0590958 0.4849447 0 255 0
0.2950625 -0.0129435 0.5071586 0 255 0
0.2206041 0.0493797 0.4655653 0 255 0
0.3209404 -0.0567008 0.5629927 0 255 0
-0.1873400 -0.0693985 0.5017639 0 255 0
0.2610498 0.0013291 0.4967915 0 255 0
0.2828029 -0.0270955 0.5043981 0 255 0
-0.2388254 0.0014630 0.5468526 0 255 0
0.2764281 -0.0722782 0.5506500 0 255 0
0.3237010 0.0062397 0.5167763 0 255 0
0.2393358 -0.0506872 0.5153056 0 255 0
-0.1653797 -0.0258395 0.5030205 0 255 0
-0.1739989 -0.0680677 0.5006475 0 255 0
0.2042097 -0.0152971 0.5061754 0 255 0
0.2444304 0.0419030 0.4801756 0 255 0
-0.0946356 -0.0648408 0.4853005 0 255 0
0.2218799 -0.0474597 0.5197409 0 255 0
-0.2004230 -0.0210041 0.5301402 0 255 0
0.1916672 0.0612898 0.4564979 0 255 0
-0.1580765 0.0281508 0.5177661 0 255 0
-0.1982987 -0.0715575 0.5087313 0 255 0
-0.0439739 -0.0461861 0.5191525 0 255 0
0.1951062 0.0243038 0.4893032 0 255 0
-0.0956331 -0.0636064 0.4845842 0 255 0
-0.1600750 -0.0722059 0.5049062 0 255 0
-0.1968667 0.0101472 0.5306149 0 255 0
-0.0951284 -0.0266635 0.5190616 0 255 0
0.2281823 -0.0278270 0.4963070 0 255 0
0.2428771 -0.0804667 0.5720703 0 255 0
-0.1399545 -0.0535127 0.4965801 0 255 0
0.3103552 -0.0635828 0.5653719 0 255 0
-0.1886424 0.0163162 0.5285063 0 255 0
0.2362399 -0.0525545 0.5218235 0 255 0
0.3051679 -0.1021569 0.5807505 0 255 0
-0.1872934 0.0272962 0.5247267 0 255 0
0.2777704 0.0244034 0.4913094 0 255 0
0.2092387 -0.0519319 0.5156413 0 255 0
-0.1005762 -0.0631399 0.4810300 0 255 0
0.2720399 -0.0657302 0.5393870 0 255 0
0.1992082 0.0323047 0.4718212 0 255 0
-0.1136471 0.0096373 0.5039496 0 255 0
0.2717046 0.0106285 0.4949625 0 255 0
0.2925812 0.0176749 0.4968807 0 255 0
-0.1201923 -0.0747070 0.4827367 0 255 0
0.2156332 -0.0508013 0.5164649 0 255 0
0.3312043 -0.0211874 0.5347657 0 255 0
0.2643613 0.0519882 0.4795351 0 255 0
0.1817096 -0.0753344 0.5739332 0 255 0
-0.0965564 -0.0634658 0.4835130 0 255 0
-0.1274009 -0.0491292 0.5116890 0 255 0
-0.2017197 -0.0311700 0.5335702 0 255 0
-0.1508987 -0.1008785 0.4942558 0 255 0
-0.1933943 -0.0530510 0.5147438 0 255 0
-0.1333699 -0.0884098 0.4895217 0 255 0
-0.2080436 0.0272721 0.5242623 0 255 0
-0.1100030 -0.0157233 0.5202765 0 255 0
-0.1362998 -0.0171740 0.4918033 0 255 0
0.2114040 0.0389595 0.4718561 0 255 0
0.2505489 0.0071655 0.4967757 0 255 0
-0.1251905 0.0234168 0.5494191 0 255 0
-0.1260392 -0.0055725 0.4878275 0 255 0
0.2834398 -0.0033430 0.4972092 0 255 0
0.2684181 0.0118002 0.4953284 0 255 0
-0.2015088 -0.0097852 0.5297241 0 255 0
-0.1999462 -0.0060414 0.5288792 0 255 0
-0.1843742 -0.0408310 0.5131742 0 255 0
-0.0956552 -0.0341696 0.5219361 0 255 0
-0.1939014 0.0535262 0.5160937 0 255 0
0.2726652 0.0141072 0.4945978 0 255 0
-0.1541850 0.0123151 0.5169404 0 255 0
-0.1573057 -0.0499710 0.4961714 0 255 0
-0.1555353 -0.1008764 0.4942456 0 255 0
-0.1612638 -0.0603434 0.5049183 0 255 0
0.2594935 0.0048238 0.4960452 0 255 0
-0.1731957 0.0380017 0.5193791 0 255 0
0.3133028 -0.0802798 0.5707416 0 255 0
0.2282064 0.0365509 0.4840064 0 255 0
-0.1923340 -0.0525419 0.5216980 0 255 0
0.2488702 0.0233501 0.4934472 0 255 0
-0.1920453 -0.0615210 0.5048465 0 255 0
-0.1001687 -0.0481606 0.5016015 0 255 0
0.2217498 -0.0862806 0.5661179 0 255 0
0.2907542 -0.0726260 0.5633851 0 255 0
0.2624089 -0.0403625 0.5227234 0 255 0
-0.1450875 -0.0647446 0.5022464 0 255 0
0.2007864 0.0164386 0.4948117 0 255 0
0.3237472 -0.0483931 0.5587160 0 255 0
0.1816399 0.0622304 0.4555313 0 255 0
-0.2172420 -0.0352147 0.5378985 0 255 0
-0.0384590 -0.0530818 0.5270591 0 255 0
0.2464245 -0.0127063 0.4978646 0 255 0
-0.1236165 -0.0353357 0.5210456 0 255 0
-0.2160177 -0.0111370 0.5348672 0 255 0
-0.1523706 -0.0736776 0.5068693 0 255 0
-0.1594931 0.0137787 0.5264527 0 255 0
-0.2421197 0.0212962 0.5288203 0 255 0
-0.2199438 -0.0365080 0.5383320 0 255 0
0.2815681 0.0515390 0.4859242 0 255 0
0.2223836 -0.0357648 0.5097126 0 255 0
0.2314589 -0.0160691 0.4933603 0 255 0
0.3303553 -0.0344497 0.5458038 0 255 0
0.2148671 0.0161015 0.4846633 0 255 0
0.2016833 -0.0022123 0.5057976 0 255 0
0.2626036 -0.0821019 0.5741052 0 255 0
-0.2012040 0.0331158 0.5193115 0 255 0
0.2016401 0.0563182 0.4596949 0 255 0
-0.1746660 -0.0636050 0.5025669 0 255 0
0.2577711 0.0344323 0.4862090 0 255 0
0.2395918 0.0163923 0.4934182 0 255 0
0.2411714 0.0356510 0.4872515 0 255 0
-0.2031054 0.0558182 0.5148631 0 255 0
0.2482468 -0.0294388 0.5039356 0 255 0
0.2745677 -0.0825917 0.5681940 0 255 0
0.3239541 0.0050294 0.5171804 0 255 0
-0.1034087 -0.0205162 0.5178260 0 255 0
0.3276294 -0.0609306 0.5654159 0 255 0
-0.1811171 -0.0531394 0.5041085 0 255 0
0.1885799 0.0591842 0.4568047 0 255 0
-0.1330741 -0.0859183 0.4884362 0 255 0
-0.1404132 0.0248152 0.5244080 0 255 0
0.2548358 -0.1064070 0.5969381 0 255 0
0.2576476 -0.0932795 0.5937327 0 255 0
0.2794367 -0.0600736 0.5341684 0 255 0
0.2129958 -0.0056993 0.4989302 0 255 0
-0.2155374 0.0495716 0.5128187 0 255 0
0.2448458 0.0366612 0.4854679 0 255 0
0.2521286 0.0164548 0.4952984 0 255 0
0.2680851 -0.0197718 0.4990361 0 255 0
-0.0637824 -0.0576855 0.5024364 0 255 0
-0.1897298 0.0175439 0.5280806 0 255 0
0.2236290 -0.0500207 0.5209741 0 255 0
0.2322734 -0.0102576 0.4926321 0 255 0
-0.1831644 0.0296917 0.5234846 0 255 0
0.2376077 -0.0787111 0.5690962 0 255 0
-0.1001178 -0.0542189 0.5260760 0 255 0
0.3382911 -0.0109579 0.5262669 0 255 0
0.2800834 0.0301764 0.4913215 0 255 0
-0.1698261 0.0475043 0.5165448 0 255 0
0.2911174 0.0083595 0.4983672 0 255 0
0.2604378 -0.0918856 0.5937406 0 255 0
0.2839267 -0.0982089 0.5736323 0 255 0
-0.1702079 0.0013851 0.5177062 0 255 0
-0.1377279 -0.0570564 0.4969562 0 255 0
-0.1140228 -0.0243571 0.5219094 0 255 0
-0.1889096 0.0474259 0.5156921 0 255 0
0.2052421 -0.0129086 0.5057922 0 255 0
-0.2194155 -0.0149680 0.5370391 0 255 0
0.3424200 -0.0084647 0.5250227 0 255 0
0.2903382 -0.0798580 0.5677425 0 255 0
0.2032238 0.0060470 0.5008184 0 255 0
-0.2342836 0.0053314 0.5482370 0 255 0
0.2665847 0.0618617 0.4774704 0 255 0
0.2680576 0.0412897 0.4862400 0 255 0
0.3312885 -0.0237967 0.5369363 0 255 0
-0.1213627 -0.0415229 0.5218704 0 255 0
0.2050228 0.0563584 0.4600230 0 255 0
-0.2231796 0.0226318 0.5310014 0 255 0
0.2799463 -0.0353404 0.5211157 0 255 0
0.3355626 -0.0497080 0.5587403 0 255 0
0.2658930 0.0152804 0.4949555 0 255 0
-0.1293985 -0.0489762 0.5100960 0 255 0
0.2899860 -0.0273262 0.5086926 0 255 0
0.1866597 -0.0746210 0.5684984 0 255 0
-0.1454034 0.0221734 0.5202456 0 255 0
-0.0757644 -0.0581081 0.4959661 0 255 0
-0.1716483 -0.0739493 0.5006453 0 255 0
-0.1752048 -0.0566940 0.5041172 0 255 0
-0.0998873 -0.0588781 0.4831584 0 255 0
-0.1606907 -0.0126545 0.4958372 0 255 0
-0.0842441 -0.0713879 0.4911167 0 255 0
0.2693802 0.0129545 0.4949602 0 255 0
0.1928526 0.0438107 0.4645140 0 255 0
0.2696234 -0.0343589 0.5248271 0 255 0
-0.1737257 -0.0879281 0.4998614 0 255 0
-0.1282302 -0.0124405 0.4874524 0 255 0
0.1925669 0.0376321 0.4691294 0 255 0
-0.1993775 -0.0349597 0.5340045 0 255 0
-0.1972654 -0.0572595 0.5091457 0 255 0
0.2604071 0.0583670 0.4764185 0 255 0
0.3260426 -0.0238739 0.5386785 0 255 0
0.2854521 -0.0360250 0.5134212 0 255 0
-0.1442973 0.0221910 0.5206602 0 255 0
0.2738878 -0.1014723 0.5926931 0 255 0
0.2745073 0.0587526 0.4795657 0 255 0
-0.0550243 -0.0548161 0.5086759 0 255 0
-0.2394481 0.0225210 0.5284022 0 255 0
0.2548052 -0.0672647 0.5628318 0 255 0
0.2115070 0.0013328 0.4981816 0 255 0
0.2662547 -0.0961589 0.5942836 0 255 0
0.2571464 -0.0127165 0.4982642 0 255 0
-0.1524229 -0.0452407 0.4954396 0 255 0
-0.1925373 0.0474251 0.5156841 0 255 0
-0.2048231 0.0001732 0.5318739 0 255 0
0.2838665 -0.0056882 0.4979579 0 255 0
0.2674476 0.0001614 0.4956840 0 255 0
0.1889665 0.0377928 0.4711327 0 255 0
-0.1818287 -0.0335708 0.5127882 0 255 0
-0.1473317 -0.0825237 0.5100150 0 255 0
0.2960317 0.0165700 0.4987649 0 255 0
-0.1057045 -0.0748769 0.4838347 0 255 0
0.2421027 -0.0279550 0.4985892 0 255 0
0.2373439 0.0576534 0.4705935 0 255 0
-0.2196567 0.0484789 0.5140093 0 255 0
0.2269465 0.0104925 0.4886307 0 255 0
-0.2279148 0.0103125 0.5392566 0 255 0
0.3404915 -0.0330322 0.5435817 0 255 0
0.2037231 -0.0572690 0.5200965 0 255 0
-0.0895389 -0.0606847 0.4885632 0 255 0
0.1974381 0.0592688 0.4574578 0 255 0
0.2594981 0.0118175 0.4960538 0 255 0
0.2534845 -0.0646197 0.5628321 0 255 0
0.2846152 -0.1188292 0.5889866 0 255 0
-0.1632644 -0.0080062 0.4965867 0 255 0
0.2274620 -0.0824341 0.5671099 0 255 0
0.2336033 -0.0137405 0.4929990 0 255 0
-0.0960561 -0.0707499 0.4867275 0 255 0
0.2595110 -0.1108167 0.5980268 0 255 0
0.2027200 0.0563185 0.4596973 0 255 0
0.2077558 -0.0951546 0.5714789 0 255 0
0.2788495 -0.0197877 0.4994375 0 255 0
0.1955666 0.0510216 0.4606358 0 255 0
0.2128370 -0.0010091 0.4985583 0 255 0
-0.1716752 -0.0176060 0.5041749 0 255 0
0.1796681 0.0561945 0.4586852 0 255 0
0.2263975 0.0251033 0.4825719 0 255 0
-0.0757646 -0.0569428 0.4959675 0 255 0
-0.1316348 0.0259982 0.5494081 0 255 0
0.2659116 -0.0103519 0.4971622 0 255 0
0.3403794 0.0001706 0.5237787 0 255 0
-0.1154096 -0.0722811 0.4816887 0 255 0
-0.0953703 -0.0500836 0.5484751 0 255 0
-0.1315188 -0.0324235 0.5137021 0 255 0
-0.1814299 0.0261055 0.5255776 0 255 0
-0.1665811 0.0403166 0.5177624 0 255 0
0.3366816 -0.0059830 0.5237630 0 255 0
0.2499593 -0.0403725 0.5074121 0 255 0
-0.0998352 -0.0521897 0.5182012 0 255 0
-0.1839464 -0.0788902 0.5021433 0 255 0
0.1947143 0.0180063 0.5061958 0 255 0
-0.2465166 -0.0011069 0.5468325 0 255 0
-0.1153369 -0.0305125 0.5223136 0 255 0
0.2200011 -0.1058775 0.5862402 0 255 0
0.2049179 0.0396701 0.4671676 0 255 0
0.3558618 -0.0248386 0.5322269 0 255 0
0.2141678 -0.0056993 0.4989328 0 255 0
0.2654890 -0.0741259 0.5547951 0 255 0
-0.1491849 0.0307549 0.5206601 0 255 0
0.2023560 -0.0495755 0.5292912 0 255 0
0.2264675 0.0446348 0.4732517 0 255 0
-0.0908881 -0.0585192 0.4896547 0 255 0
0.2940955 -0.0153385 0.5075437 0 255 0
0.3435799 -0.0529633 0.5654607 0 255 0
-0.1426560 -0.0873859 0.5104155 0 255 0
0.2879178 -0.0812610 0.5682248 0 255 0
0.2743802 -0.1044450 0.5937586 0 255 0
0.2064523 0.0386544 0.4681607 0 255 0
0.2325631 -0.0513277 0.5218170 0 255 0
0.2298895 0.0574465 0.4689046 0 255 0
-0.1892764 0.0212156 0.5268185 0 255 0
-0.1013627 -0.0464502 0.4959243 0 255 0
-0.1667741 -0.0451283 0.5072618 0 255 0
-0.1529826 -0.0634170 0.5010814 0 255 0
0.2696068 0.0575407 0.4788575 0 255 0
-0.1447135 0.0135517 0.5177773 0 255 0
-0.2317066 0.0213660 0.5305521 0 255 0
0.2790067 0.0094374 0.4934960 0 255 0
-0.1010629 -0.0034846 0.5182604 0 255 0
0.2258749 -0.0424087 0.5177147 0 255 0
0.3535360 -0.0261945 0.5343753 0 255 0
0.2066178 0.0653991 0.4787268 0 255 0
-0.1373430 -0.0379443 0.4914061 0 255 0
0.1970783 0.0437808 0.4641963 0 255 0
0.2732514 -0.0301090 0.5154080 0 255 0
0.2614342 -0.0138666 0.4975230 0 255 0
-0.2095892 0.0152447 0.5344788 0 255 0
-0.1085222 -0.0266621 0.5190337 0 255 0
-0.1344344 -0.0736266 0.5065181 0 255 0
0.2048741 -0.0544817 0.5168418 0 255 0
0.2996060 -0.0034075 0.5067908 0 255 0
0.2705440 0.0141176 0.4949642 0 255 0
0.2061627 0.0418957 0.4675042 0 255 0
0.1875080 0.0613310 0.4568050 0 255 0
0.2107788 -0.0544403 0.5164497 0 255 0
-0.1050393 -0.0523737 0.4860107 0 255 0
-0.1896372 -0.0288405 0.5143831 0 255 0
0.2697754 -0.0021681 0.4956863 0 255 0
0.3168567 -0.0440435 0.5535502 0 255 0
0.2849379 -0.0425197 0.5190695 0 255 0
0.2635686 0.0176063 0.4949533 0 255 0
0.2719544 -0.0150363 0.4975446 0 255 0
-0.1003451 -0.0276424 0.5145794 0 255 0
-0.2092307 -0.0223935 0.5335646 0 255 0
0.1923871 0.0286686 0.4853406 0 255 0
-0.1386044 -0.0241070 0.4917896 0 255 0
-0.2065563 0.0376396 0.5144298 0 255 0
0.2928853 0.0025196 0.5013937 0 255 0
-0.1399704 -0.0148849 0.4925352 0 255 0
-0.1526761 -0.0160413 0.4925058 0 255 0
0.3199694 -0.0705899 0.5683083 0 255 0
0.1770521 0.0478231 0.4717932 0 255 0
0.2170193 -0.0185389 0.4974174 0 255 0
0.2011983 0.0406808 0.4661701 0 255 0
-0.1653792 -0.0270214 0.5030190 0 255 0
0.2763487 -0.0010019 0.4949583 0 255 0
-0.0971257 -0.0718398 0.4863636 0 255 0
-0.2074470 0.0556862 0.5136459 0 255 0
0.2880642 0.0423865 0.4991566 0 255 0
0.2550860 -0.0975510 0.5942574 0 255 0
-0.1050182 0.0049966 0.5138094 0 255 0
-0.1413612 0.0013419 0.5015712 0 255 0
-0.1488046 -0.0998686 0.4950066 0 255 0
0.2078653 -0.0506805 0.5152367 0 255 0
0.1988406 0.0469547 0.4632260 0 255 0
-0.1309026 -0.0394801 0.5112951 0 255 0
-0.1467405 0.0246378 0.5206578 0 255 0
-0.1466140 -0.0429137 0.4954553 0 255 0
0.2895018 -0.0826677 0.5687169 0 255 0
-0.1053516 -0.0490932 0.4874558 0 255 0
0.1935262 0.0253969 0.4882141 0 255 0
0.3384700 -0.0211709 0.5343485 0 255 0
0.2305223 0.0253075 0.4864966 0 255 0
0.2516544 -0.0609758 0.5310940 0 255 0
-0.0926418 -0.0551469 0.5475638 0 255 0
-0.1900323 0.0113577 0.5289226 0 255 0
0.2405632 0.0036361 0.4930357 0 255 0
-0.1120012 -0.0144435 0.5182228 0 255 0
-0.1426036 -0.0079589 0.4936479 0 255 0
-0.1802610 -0.0470439 0.5151865 0 255 0
0.2829624 -0.0532814 0.5290412 0 255 0
-0.1731031 0.0562454 0.5302976 0 255 0
0.2177041 -0.0010046 0.4963172 0 255 0
0.2750844 -0.0627349 0.5354571 0 255 0
0.3543268 -0.0223194 0.5317976 0 255 0
-0.2294045 0.0226312 0.5309877 0 255 0
0.2731557 -0.0914783 0.5911087 0 255 0
0.2424557 0.0175915 0.4945359 0 255 0
-0.1468586 0.0320040 0.5210768 0 255 0
-0.1090846 -0.0397276 0.4993061 0 255 0
-0.2104897 -0.0060951 0.5335820 0 255 0
-0.1886739 0.0260839 0.5251415 0 255 0
0.2043650 -0.0188796 0.5065603 0 255 0
-0.2325218 0.0140102 0.5352952 0 255 0
0.1843845 0.0449639 0.4651521 0 255 0
0.1951785 0.0385977 0.4674737 0 255 0
0.2620674 -0.0947613 0.5942761 0 255 0
-0.2025354 -0.0426255 0.5357277 0 255 0
-0.1095834 -0.0863763 0.4910399 0 255 0
0.2366766 -0.0855435 0.5700705 0 255 0
-0.1754760 -0.0520362 0.5048974 0 255 0
0.2086571 0.0452564 0.4681775 0 255 0
-0.2055000 0.0237088 0.5272059 0 255 0
-0.1102479 -0.0606109 0.4789089 0 255 0
0.2931415 -0.1104349 0.5812262 0 255 0
0.2828528 -0.0572398 0.5311670 0 255 0
-0.1616964 -0.0964467 0.4953532 0 255 0
0.2008111 -0.0425042 0.5188798 0 255 0
-0.2074713 0.0624540 0.5197464 0 255 0
0.2752889 -0.0445434 0.5286110 0 255 0
0.2412932 0.0164293 0.4945319 0 255 0
-0.1248674 -0.0915228 0.4877221 0 255 0
-0.1745931 -0.0273552 0.5092342 0 255 0
-0.2039932 0.0557306 0.5140554 0 255 0
0.2218653 0.0405637 0.4776905 0 255 0
0.2851563 -0.0104156 0.5002204 0 255 0
-0.1273198 -0.0647002 0.5019018 0 255 0
-0.1000605 -0.0462980 0.5070183 0 255 0
0.2746339 -0.0370026 0.5273533 0 255 0
-0.1151618 0.0001613 0.4952060 0 255 0
-0.2235805 -0.0099938 0.5410179 0 255 0
0.2744989 -0.0887723 0.5736233 0 255 0
-0.0767848 -0.0551960 0.5355559 0 255 0
-0.2407701 0.0310628 0.5258728 0 255 0
0.2112961 0.0236732 0.4766084 0 255 0
0.2596859 -0.0221999 0.5009072 0 255 0
0.2998445 -0.0913973 0.5731797 0 255 0
0.2885519 0.0013323 0.4979768 0 255 0
-0.0751330 -0.0552400 0.5240354 0 255 0
0.3110710 -0.0195335 0.5241036 0 255 0
0.1843068 -0.0774251 0.5694728 0 255 0
-0.1158837 -0.0114314 0.4933318 0 255 0
-0.1092411 -0.0354658 0.5054520 0 255 0
-0.2493200 0.0188864 0.5309393 0 255 0
0.2513756 0.0210470 0.4938192 0 255 0
0.2477279 -0.0245339 0.5004980 0 255 0
0.2241837 -0.0172924 0.4951929 0 255 0
-0.1599564 -0.0614827 0.5045320 0 255 0
0.2294327 -0.0340160 0.5015869 0 255 0
0.2864170 -0.1072286 0.5786636 0 255 0
-0.1798711 -0.0633612 0.5006404 0 255 0
-0.1807733 0.0212334 0.5272600 0 255 0
-0.1435325 0.0296259 0.5223234 0 255 0
0.2725680 -0.0209289 0.4986672 0 255 0
-0.1900472 0.0038757 0.5255311 0 255 0
0.1891634 -0.0825640 0.5680038 0 255 0
0.2022512 0.0001642 0.5042542 0 255 0
0.3227123 -0.0371671 0.5480514 0 255 0
0.2836316 -0.0467668 0.5256793 0 255 0
-0.1430586 -0.0672593 0.5034022 0 255 0
0.2222158 -0.0371343 0.5120823 0 255 0
0.2539700 0.0355219 0.4854865 0 255 0
-0.1002945 -0.0380472 0.5082040 0 255 0
0.2096323 -0.0728674 0.5551387 0 255 0
0.2818676 0.0290871 0.4924241 0 255 0
-0.2073095 -0.0160730 0.5318483 0 255 0
0.2057095 -0.0260410 0.5069441 0 255 0
-0.2326809 0.0404007 0.5188426 0 255 0
0.3084787 -0.0787330 0.5692545 0 255 0
-0.1009199 -0.0322765 0.5113726 0 255 0
-0.1200056 0.0131092 0.5008709 0 255 0
0.3068305 -0.0945859 0.5761945 0 255 0
-0.1297296 -0.0963176 0.4887915 0 255 0
-0.1470058 -0.0299506 0.4928705 0 255 0
0.3170924 -0.0426000 0.5517002 0 255 0
0.2395636 -0.0829376 0.5705737 0 255 0
-0.1823244 -0.0496979 0.5176120 0 255 0
-0.1906834 0.0621215 0.5272905 0 255 0
-0.0864190 -0.0724327 0.4903778 0 255 0
-0.1185599 0.0094630 0.4948372 0 255 0
0.2288343 -0.0219469 0.4951974 0 255 0
-0.0903035 -0.0595983 0.5412508 0 255 0
-0.1239321 -0.0136164 0.4885473 0 255 0
0.2668434 -0.0597799 0.5315570 0 255 0
0.3307329 -0.0304014 0.5422231 0 255 0
0.2380135 0.0460468 0.4763542 0 255 0
0.1842848 -0.0654604 0.5820671 0 255 0
0.2627108 0.0388888 0.4847963 0 255 0
0.2768635 -0.0972887 0.5842957 0 255 0
0.2481554 -0.0150801 0.4989956 0 255 0
0.2207388 0.0349506 0.4776787 0 255 0
-0.1557908 -0.0463691 0.4950575 0 255 0
-0.1696808 -0.0368991 0.5088387 0 255 0
0.2420030 -0.0114929 0.4959867 0 255 0
0.3084277 0.0109000 0.5076076 0 255 0
-0.1583309 0.0416004 0.5185993 0 255 0
-0.1761966 -0.0274188 0.5104176 0 255 0
-0.1840124 0.0391895 0.5189466 0 255 0
-0.1159697 -0.0149200 0.4936979 0 255 0
0.2182624 0.0493443 0.4652318 0 255 0
0.2827051 -0.0334298 0.5106357 0 255 0
-0.1768461 -0.0713236 0.4987364 0 255 0
-0.1201382 -0.0427493 0.5218716 0 255 0
0.2357223 0.0378005 0.4854493 0 255 0
-0.1271639 0.0129998 0.4966922 0 255 0
-0.1158991 -0.0514958 0.4885166 0 255 0
-0.1281018 -0.0537288 0.5096999 0 255 0
-0.1032452 -0.0241283 0.5170072 0 255 0
0.2326169 -0.0404629 0.5085481 0 255 0
-0.1849795 0.0260843 0.5251497 0 255 0
0.2709812 0.0521794 0.4812986 0 255 0
0.2317229 -0.0391170 0.5065938 0 255 0
-0.1364600 -0.0546802 0.4965864 0 255 0
-0.2092410 -0.0010800 0.5335909 0 255 0
-0.1894722 -0.0192772 0.5172279 0 255 0
0.1979397 0.0252292 0.4849915 0 255 0
0.1934962 -0.0691479 0.5463629 0 255 0
-0.1908250 -0.0157427 0.5209209 0 255 0
-0.0981940 -0.0717863 0.4860017 0 255 0
-0.1634946 0.0038032 0.5156924 0 255 0
0.1936713 0.0448394 0.4638637 0 255 0
0.2453770 0.0557615 0.4733068 0 255 0
0.3368494 0.0038505 0.5221178 0 255 0
0.2061511 0.0279106 0.4725071 0 255 0
-0.0527188 -0.0549016 0.5094692 0 255 0
-0.1722758 0.0551329 0.5315849 0 255 0
-0.1363003 -0.0160184 0.4918047 0 255 0
-0.1549238 0.0343430 0.5194175 0 255 0
-0.1549242 0.0355636 0.5194190 0 255 0
0.2187224 0.0059570 0.4933596 0 255 0
0.2032174 -0.0724383 0.5518699 0 255 0
0.3052768 -0.0772613 0.5682679 0 255 0
0.3437383 -0.0467674 0.5550032 0 255 0
-0.0983375 -0.0367093 0.5231732 0 255 0
0.2187052 -0.0010039 0.4959460 0 255 0
-0.1700730 -0.0010471 0.5172959 0 255 0
-0.1674622 -0.0741768 0.5021854 0 255 0
-0.2426746 0.0066029 0.5468505 0 255 0
0.3170790 0.0109934 0.5119588 0 255 0
-0.1869846 0.0038634 0.5238616 0 255 0
0.2573322 -0.0221997 0.5009021 0 255 0
-0.2302775 0.0225946 0.5301286 0 255 0
-0.2111638 -0.0274972 0.5352907 0 255 0
-0.1575986 0.0087257 0.5201994 0 255 0
0.1860023 0.0380914 0.4748562 0 255 0
-0.0493239 -0.0527126 0.5114607 0 255 0
-0.1904208 0.0547829 0.5165086 0 255 0
-0.1325829 -0.0821707 0.4866330 0 255 0
-0.1273442 -0.0916578 0.4884416 0 255 0
0.1890845 -0.0638683 0.5800291 0 255 0
-0.1995332 -0.0488003 0.5344215 0 255 0
-0.2345845 -0.0062363 0.5459431 0 255 0
0.2382234 -0.0376389 0.5027493 0 255 0
0.2151705 -0.0174094 0.4985432 0 255 0
0.2697761 -0.0010033 0.4956877 0 255 0
-0.1489761 0.0345711 0.5421329 0 255 0
-0.1519970 0.0062515 0.5177523 0 255 0
-0.1798568 -0.0498926 0.5072271 0 255 0
0.2444490 -0.0220977 0.4986016 0 255 0
0.3162995 -0.0399072 0.5503206 0 255 0
-0.2267749 0.0355527 0.5192598 0 255 0
-0.0660897 -0.0564614 0.5020492 0 255 0
-0.1545707 0.0394707 0.5394568 0 255 0
-0.1568355 -0.0911802 0.4983774 0 255 0
-0.1481612 -0.0311084 0.4928665 0 255 0
-0.1506640 0.0062466 0.5173476 0 255 0
0.3037764 -0.0192274 0.5158930 0 255 0
-0.1634888 0.0479887 0.5354935 0 255 0
-0.1671979 -0.0283114 0.5049465 0 255 0
-0.1685672 0.0309484 0.5239356 0 255 0
0.3265098 -0.0454221 0.5545005 0 255 0
0.2246216 -0.0371347 0.5120876 0 255 0
-0.1366649 -0.0594367 0.4973318 0 255 0
0.2656522 0.0574146 0.4778086 0 255 0
0.3278605 0.0086821 0.5175991 0 255 0
0.1944044 0.0189341 0.4992977 0 255 0
-0.1707358 -0.0705286 0.5014160 0 255 0
-0.1517635 -0.0811350 0.5088218 0 255 0
-0.2231879 -0.0250622 0.5370182 0 255 0
0.1839081 0.0644167 0.4558538 0 255 0
0.1907260 0.0591848 0.4568094 0 255 0
0.2104338 -0.0104359 0.5011945 0 255 0
0.2823563 -0.1134966 0.5900430 0 255 0
0.3271193 -0.0385195 0.5489717 0 255 0
-0.0933205 -0.0085375 0.5295395 0 255 0
0.2493285 -0.0549226 0.5210244 0 255 0
0.2729333 -0.0672176 0.5411583 0 255 0
-0.1526088 0.0368137 0.5198364 0 255 0
-0.1009807 -0.0144328 0.5178388 0 255 0
0.2539317 0.0323853 0.4898079 0 255 0
-0.1684992 -0.0568264 0.5052952 0 255 0
0.2405750 0.0233318 0.4930601 0 255 0
0.2177474 0.0455491 0.4712054 0 255 0
-0.1744515 0.0224550 0.5268527 0 255 0
0.2021508 0.0118680 0.4981741 0 255 0
-0.1220381 -0.0854147 0.4855732 0 255 0
0.2026251 0.0500807 0.4619405 0 255 0
0.1865520 0.0332054 0.4849764 0 255 0
0.2727558 -0.0863772 0.5756267 0 255 0
0.2134283 0.0369006 0.4738922 0 255 0
0.2325239 0.0276962 0.4883024 0 255 0
0.2025487 -0.0854664 0.5607756 0 255 0
0.1828276 -0.0703703 0.5774645 0 255 0
-0.1064066 -0.0845297 0.4870484 0 255 0
-0.2071480 -0.0035731 0.5314338 0 255 0
0.2873700 0.0500676 0.4939364 0 255 0
0.2282631 0.0093513 0.4889945 0 255 0
-0.0953700 -0.0513722 0.5484735 0 255 0
-0.1890590 0.0498888 0.5160999 0 255 0
-0.0798147 -0.0692368 0.4922323 0 255 0
0.2798077 -0.0469532 0.5277745 0 255 0
0.2541474 -0.1005241 0.5953256 0 255 0
0.2333177 0.0150523 0.4875666 0 255 0
0.2808478 -0.1101321 0.5868906 0 255 0
0.1920642 0.0571172 0.4574434 0 255 0
0.2176556 -0.1040365 0.5836400 0 255 0
0.2454644 -0.1094061 0.5979977 0 255 0
-0.1298035 -0.0419154 0.5116927 0 255 0
0.2521293 0.0176187 0.4952999 0 255 0
0.2816260 -0.0162921 0.5002054 0 255 0
-0.1322397 -0.0364535 0.5026939 0 255 0
0.2609510 -0.0302254 0.5174003 0 255 0
-0.1752682 0.0285764 0.5255942 0 255 0
-0.1711360 -0.0441403 0.5096160 0 255 0
0.2508982 -0.0975495 0.5942482 0 255 0
-0.2099299 0.0140115 0.5353477 0 255 0
-0.1315388 -0.0822320 0.4869959 0 255 0
0.2721048 -0.0021681 0.4956914 0 255 0
0.2184729 0.0204619 0.4800898 0 255 0
-0.1786185 0.0062904 0.5209751 0 255 0
0.2191888 -0.0220287 0.4970428 0 255 0
0.2069648 0.0289795 0.4718341 0 255 0
0.2026813 -0.0509009 0.5301419 0 255 0
-0.1684081 -0.0139772 0.5014927 0 255 0
-0.2081587 0.0459218 0.5124304 0 255 0
-0.1469913 -0.0775505 0.5088367 0 255 0
-0.2169089 0.0496100 0.5132163 0 255 0
0.2501745 0.0118170 0.4960334 0 255 0
-0.2044844 -0.0160472 0.5309946 0 255 0
0.3030653 -0.0179731 0.5146855 0 255 0
0.2096417 0.0001626 0.4993080 0 255 0
0.2483942 -0.0033425 0.4971299 0 255 0
0.1987862 0.0251922 0.4842809 0 255 0
0.2267277 0.0217332 0.4832756 0 255 0
0.2607957 -0.0595384 0.5294097 0 255 0
0.2128357 -0.0033521 0.4985554 0 255 0
-0.1479446 -0.0171860 0.4921460 0 255 0
0.2181001 -0.0370476 0.5108868 0 255 0
0.2188219 0.0303505 0.4759477 0 255 0
0.2030546 0.0174966 0.4918674 0 255 0
0.3259700 -0.0331121 0.5448970 0 255 0
-0.1568540 0.0062514 0.5177416 0 255 0
-0.0568783 -0.0494135 0.5146507 0 255 0
0.2591024 -0.0045143 0.4975294 0 255 0
0.2571471 -0.0115457 0.4982657 0 255 0
0.3471435 -0.0315479 0.5400382 0 255 0
-0.1227423 0.0140610 0.4929784 0 255 0
0.2211811 -0.1057839 0.5857216 0 255 0
0.2135400 -0.0545264 0.5172664 0 255 0
-0.1224907 -0.0378142 0.5214584 0 255 0
0.1961014 0.0530386 0.4593562 0 255 0
-0.1164699 -0.0292618 0.5218979 0 255 0
-0.1682663 -0.0945443 0.4975929 0 255 0
0.3164604 -0.0568454 0.5644284 0 255 0
-0.2017419 -0.0533418 0.5175648 0 255 0
-0.2022097 -0.0362729 0.5348664 0 255 0
-0.2025366 -0.0401081 0.5357308 0 255 0
-0.1216808 -0.0783389 0.4841517 0 255 0
0.2421725 -0.0440492 0.5085647 0 255 0
0.2489592 0.0334858 0.4890721 0 255 0
0.2683247 -0.0903311 0.5926946 0 255 0
0.2604674 -0.0209912 0.5001506 0 255 0
0.3005824 -0.1028849 0.5771796 0 255 0
0.3354496 -0.0277173 0.5395756 0 255 0
0.2261763 -0.0371927 0.5128878 0 255 0
0.2358986 -0.0987338 0.5847228 0 255 0
-0.1845220 -0.0324162 0.5135856 0 255 0
-0.1687707 -0.0695103 0.5025726 0 255 0
0.2317081 0.0070534 0.4889992 0 255 0
-0.1516324 -0.0218437 0.4928704 0 255 0
0.2472888 0.0176051 0.4949176 0 255 0
0.1996216 -0.0707851 0.5491041 0 255 0
0.2100625 0.0193895 0.4814721 0 255 0
-0.1621997 -0.0578816 0.5041443 0 255 0
-0.2007596 0.0064118 0.5310307 0 255 0
0.2581105 -0.0362464 0.5165759 0 255 0
-0.1013624 -0.0476154 0.4959228 0 255 0
0.2922886 -0.1161009 0.5822443 0 255 0
-0.1036583 -0.0618280 0.4796208 0 255 0
0.2331458 0.0161860 0.4872074 0 255 0
0.3202771 -0.0291023 0.5417565 0 255 0
0.3158547 0.0145460 0.5099822 0 255 0
0.2963669 0.0013465 0.5033099 0 255 0
-0.0715421 -0.0561173 0.4989893 0 255 0
0.2769533 0.0369932 0.4898641 0 255 0
0.2865660 -0.1118962 0.5817230 0 255 0
0.2678584 0.0389756 0.4858786 0 255 0
0.3055198 -0.0830309 0.5712157 0 255 0
-0.1552134 -0.0875603 0.5045101 0 255 0
-0.1748990 -0.0855790 0.4998617 0 255 0
-0.1684076 -0.0151556 0.5014912 0 255 0
0.2007739 0.0438742 0.4651867 0 255 0
-0.1066787 0.0049616 0.5102170 0 255 0
-0.1409071 -0.0356614 0.4917702 0 255 0
0.2690647 -0.0656220 0.5384994 0 255 0
0.2176802 -0.0695004 0.5491480 0 255 0
-0.1764829 -0.0645876 0.5010282 0 255 0
-0.1496637 -0.0044823 0.4940078 0 255 0
0.2669746 -0.1020196 0.5958903 0 255 0
-0.1114686 0.0145527 0.5102183 0 255 0
0.2685474 -0.0755574 0.5557356 0 255 0
-0.2395751 0.0102698 0.5370260 0 255 0
0.3084919 -0.0650780 0.5668242 0 255 0
0.2534628 -0.0946729 0.5937219 0 255 0
0.2026340 0.0259497 0.4772822 0 255 0
-0.0953697 -0.0526608 0.5484719 0 255 0
0.3407053 -0.0211539 0.5339210 0 255 0
-0.1545589 0.0379150 0.5181941 0 255 0
0.2092577 -0.0080805 0.5011949 0 255 0
-0.2047166 0.0519843 0.5128455 0 255 0
-0.1609869 0.0175179 0.5272989 0 255 0
-0.1433006 -0.0762972 0.5084526 0 255 0
0.2686115 -0.0010033 0.4956852 0 255 0
0.2162547 0.0513133 0.4632696 0 255 0
-0.0887190 -0.0758881 0.4903685 0 255 0
0.2176497 0.0524761 0.4639256 0 255 0
0.2196184 -0.1036699 0.5815834 0 255 0
0.3086570 0.0049591 0.5099546 0 255 0
0.3269721 -0.0212386 0.5360573 0 255 0
0.2581109 -0.0976402 0.5948004 0 255 0
-0.1517453 -0.0241780 0.4932372 0 255 0
0.2501179 -0.0691169 0.5671790 0 255 0
0.2713010 0.0164192 0.4942271 0 255 0
0.2410938 0.0335093 0.4894153 0 255 0
-0.1069966 -0.0761252 0.4845437 0 255 0
-0.1480811 0.0332283 0.5210756 0 255 0
-0.1081591 -0.0595731 0.4796137 0 255 0
0.1984987 -0.0892393 0.5680161 0 255 0
0.2002649 0.0118949 0.4993019 0 255 0
-0.1414633 0.0346007 0.5425971 0 255 0
-0.1920619 0.0272739 0.5242975 0 255 0
0.2540172 -0.0150805 0.4990085 0 255 0
0.2287941 -0.0824345 0.5671128 0 255 0
0.3077062 0.0073330 0.5083837 0 255 0
-0.2042632 0.0224701 0.5272071 0 255 0
-0.1000585 -0.0546364 0.5070080 0 255 0
0.1921704 -0.0821401 0.5650869 0 255 0
0.2284651 -0.0009957 0.4919002 0 255 0
-0.0852691 -0.0701290 0.4903832 0 255 0
-0.1559077 -0.0475680 0.4954291 0 255 0
0.2027124 0.0113856 0.5302233 0 255 0
-0.1132634 -0.0056781 0.4970751 0 255 0
0.2349814 0.0093447 0.4886469 0 255 0
-0.1069670 -0.0265783 0.5174030 0 255 0
0.2406785 0.0514959 0.4749950 0 255 0
0.3253351 -0.0497482 0.5591916 0 255 0
0.3070167 0.0215357 0.5052853 0 255 0
0.2729847 0.0609177 0.4788691 0 255 0
0.1955848 0.0406510 0.4658285 0 255 0
0.2678432 -0.0887788 0.5916312 0 255 0
0.2647435 -0.0103519 0.4971596 0 255 0
-0.0667560 -0.0677389 0.4982291 0 255 0
-0.1605701 -0.0114808 0.4954650 0 255 0
0.2045188 -0.0260409 0.5069414 0 255 0
0.2438986 0.0440635 0.4791309 0 255 0
0.3530769 -0.0223193 0.5317950 0 255 0
0.2539171 -0.0673795 0.5637928 0 255 0
-0.1835327 -0.0634085 0.5010142 0 255 0
0.2703910 0.0322918 0.4883935 0 255 0
-0.1469444 -0.0476777 0.4965720 0 255 0
-0.1341298 -0.0570142 0.4965886 0 255 0
-0.1392079 -0.0606963 0.4980786 0 255 0
-0.0957028 -0.0670712 0.4849373 0 255 0
0.2775184 -0.1177419 0.5975152 0 255 0
0.2291763 -0.0266410 0.4959373 0 255 0
0.2183407 -0.0833331 0.5641749 0 255 0
-0.1443735 -0.0183289 0.4917841 0 255 0
0.2078996 0.0162683 0.4896847 0 255 0
-0.1789586 0.0112856 0.5255647 0 255 0
-0.1816849 -0.0383601 0.5123826 0 255 0
0.2518409 -0.0945871 0.5931838 0 255 0
-0.2115818 0.0641821 0.5238838 0 255 0
-0.1367326 -0.0331775 0.4892222 0 255 0
0.2032729 -0.0507380 0.5284455 0 255 0
0.2191933 -0.0138535 0.4970529 0 255 0
-0.2375456 0.0334278 0.5242039 0 255 0
-0.1875232 -0.0179913 0.5152081 0 255 0
0.2859678 -0.0465446 0.5231823 0 255 0
0.2119925 -0.0532272 0.5164539 0 255 0
-0.1795166 0.0475023 0.5165235 0 255 0
-0.1574063 -0.0943345 0.4964886 0 255 0
0.2463098 -0.0281685 0.5023970 0 255 0
-0.1235222 -0.0242982 0.5206482 0 255 0
0.2213855 0.0464914 0.4695399 0 255 0
-0.1259060 -0.0514138 0.5104969 0 255 0
-0.1288064 -0.0021416 0.4896426 0 255 0
0.2395904 0.0140734 0.4934154 0 255 0
0.2972650 -0.0785939 0.5682487 0 255 0
0.3540442 -0.0185558 0.5313735 0 255 0
0.2839229 -0.0385574 0.5150185 0 255 0
-0.2329147 -0.0139101 0.5450338 0 255 0
-0.1704695 0.0503400 0.5337415 0 255 0
0.2909659 -0.0057360 0.5021427 0 255 0
-0.1529798 -0.0944791 0.4972499 0 255 0
-0.0843088 -0.0633585 0.4914937 0 255 0
-0.1294706 -0.0090111 0.4878157 0 255 0
0.2700219 -0.0185713 0.4982878 0 255 0
-0.2147573 -0.0237044 0.5348544 0 255 0
0.2602731 0.0141276 0.4953134 0 255 0
-0.1264095 -0.0205341 0.4892606 0 255 0
-0.0976464 -0.0034929 0.5194965 0 255 0
-0.2289875 0.0274228 0.5271589 0 255 0
0.1968981 0.0166003 0.4996788 0 255 0
0.3544846 -0.0509192 0.5723544 0 255 0
-0.1265018 -0.0807904 0.4852106 0 255 0
0.2773657 0.0577522 0.4806184 0 255 0
-0.0717887 -0.0523603 0.5453417 0 255 0
0.2642169 0.0467267 0.4833886 0 255 0
0.2928046 0.0211937 0.4972600 0 255 0
0.2350618 0.0418401 0.4794545 0 255 0
-0.1649404 -0.0663244 0.5052912 0 255 0
0.1873792 0.0634341 0.4564911 0 255 0
0.3289183 -0.0290794 0.5413308 0 255 0
0.2994897 -0.1016176 0.5776846 0 255 0
0.2089581 0.0173162 0.4867962 0 255 0
0.2807202 -0.1106246 0.5895151 0 255 0
0.3386871 -0.0427108 0.5531355 0 255 0
0.2618275 0.0094864 0.4960560 0 255 0
0.2032083 -0.0528819 0.5250739 0 255 0
0.3293583 -0.0539190 0.5615762 0 255 0
-0.1827296 0.0333026 0.5222418 0 255 0
0.2162784 -0.0764439 0.5622557 0 255 0
-0.1735958 -0.0831676 0.4994874 0 255 0
-0.1252720 -0.0784532 0.4848582 0 255 0
0.2164008 0.0237424 0.4780015 0 255 0
-0.1794085 -0.0059368 0.5197218 0 255 0
-0.1892041 0.0426453 0.5164962 0 255 0
-0.1456340 -0.0229679 0.4921439 0 255 0
-0.2153904 0.0261855 0.5271873 0 255 0
0.2493803 0.0048309 0.4967703 0 255 0
-0.0975663 -0.0169065 0.5190699 0 255 0
0.2017521 -0.0723773 0.5514048 0 255 0
0.2812633 -0.0586765 0.5328789 0 255 0
0.2697727 -0.1048205 0.5958930 0 255 0
-0.1588683 0.0001669 0.5124806 0 255 0
0.2827175 -0.1092579 0.5822318 0 255 0
0.3020602 0.0131637 0.5029559 0 255 0
0.2610868 -0.0271761 0.5058995 0 255 0
0.2912535 -0.0952677 0.5721581 0 255 0
-0.0904824 -0.0651305 0.4874686 0 255 0
0.3277029 -0.0651949 0.5678424 0 255 0
-0.2402184 0.0188566 0.5301021 0 255 0
0.3187233 -0.0096897 0.5245519 0 255 0
-0.1532157 0.0184178 0.5177647 0 255 0
0.2186801 -0.0244380 0.4985422 0 255 0
0.3447470 -0.0236825 0.5343592 0 255 0
-0.1461342 -0.0861186 0.5100132 0 255 0
-0.2131644 -0.0073548 0.5340084 0 255 0
-0.1160561 -0.0172530 0.4940658 0 255 0
0.2132037 0.0036630 0.4966870 0 255 0
0.3435909 -0.0482336 0.5568755 0 255 0
-0.1983330 0.0307972 0.5213756 0 255 0
0.2647947 -0.0245917 0.5016776 0 255 0
0.2608524 0.0199024 0.4942085 0 255 0
0.3215511 -0.0278295 0.5417609 0 255 0
0.2192316 -0.1021232 0.5805591 0 255 0
0.2807596 -0.0246496 0.5028585 0 255 0
0.2356603 -0.1039612 0.5910080 0 255 0
-0.2168895 -0.0301100 0.5370259 0 255 0
0.2446250 -0.0414680 0.5062302 0 255 0
-0.1327999 -0.0227479 0.4874296 0 255 0
-0.1382705 -0.0451754 0.4947248 0 255 0
-0.1037333 -0.0641283 0.4799680 0 255 0
0.2486291 0.0517587 0.4774187 0 255 0
0.2305209 0.0230211 0.4864938 0 255 0
0.3151494 -0.0677431 0.5668355 0 255 0
0.2706849 -0.1004395 0.5948245 0 255 0
-0.2059203 0.0543944 0.5128458 0 255 0
-0.0831558 -0.0633588 0.4914962 0 255 0
-0.1544291 0.0159844 0.5177590 0 255 0
-0.1968302 -0.0109770 0.5271820 0 255 0
0.1966729 -0.0633835 0.5409930 0 255 0
0.2773758 -0.0614276 0.5350292 0 255 0
-0.2176388 0.0165404 0.5357678 0 255 0
-0.1835181 0.0356719 0.5210007 0 255 0
0.2561923 0.0083268 0.4964156 0 255 0
-0.2289475 -0.0011088 0.5477835 0 255 0
0.2897471 -0.0385283 0.5146294 0 255 0
0.1921950 -0.0765812 0.5536961 0 255 0
-0.1211750 -0.0615948 0.4866836 0 255 0
0.1716527 0.0646360 0.4574056 0 255 0
0.2436091 0.0036470 0.4945212 0 255 0
0.2965008 -0.0730647 0.5667880 0 255 0
-0.1435308 0.0247163 0.5223173 0 255 0
0.1705694 0.0639600 0.4602756 0 255 0
-0.2112269 0.0593530 0.5140440 0 255 0
0.2372785 -0.0512881 0.5214146 0 255 0
-0.1598351 -0.0578822 0.5041495 0 255 0
0.2149213 -0.0594345 0.5176696 0 255 0
-0.1288027 -0.0455933 0.5124884 0 255 0
0.2109898 -0.0954041 0.5729770 0 255 0
0.2447979 -0.1077078 0.5963742 0 255 0
0.3501326 -0.0342542 0.5427069 0 255 0
0.1720086 0.0594228 0.4671174 0 255 0
0.2127693 0.0280521 0.4749035 0 255 0
-0.1230637 -0.0032922 0.4896538 0 255 0
0.3525678 -0.0369263 0.5445007 0 255 0
0.3441765 -0.0398452 0.5494647 0 255 0
-0.2315204 0.0225945 0.5301259 0 255 0
-0.1969305 0.0366616 0.5176885 0 255 0
0.2487662 0.0475116 0.4798442 0 255 0
0.2257272 -0.0328121 0.5012004 0 255 0
0.2536961 0.0210473 0.4938243 0 255 0
0.2587131 -0.0021729 0.4967820 0 255 0
-0.1641397 0.0074677 0.5177271 0 255 0
-0.1858759 -0.0227800 0.5139964 0 255 0
0.1696078 0.0661693 0.4605976 0 255 0
-0.2366563 0.0040397 0.5477729 0 255 0
0.3010132 -0.0745257 0.5677724 0 255 0
0.2038565 -0.0382751 0.5112478 0 255 0
0.2875505 -0.0187999 0.5044203 0 255 0
-0.1918968 -0.0638442 0.5044562 0 255 0
0.2759520 -0.0233607 0.5005598 0 255 0
-0.1077186 -0.0479831 0.4878138 0 255 0
0.2201372 -0.0485656 0.5185091 0 255 0
0.2594250 -0.0736887 0.5613957 0 255 0
-0.1818329 -0.0239320 0.5128002 0 255 0
0.2669496 -0.0233954 0.5013024 0 255 0
0.2740356 -0.0926772 0.5812063 0 255 0
-0.1181132 0.0013189 0.4929727 0 255 0
0.2325245 0.0288437 0.4883038 0 255 0
-0.2210328 0.0366291 0.5172294 0 255 0
0.2046177 -0.0045753 0.5042535 0 255 0
0.2477822 -0.0115452 0.4982452 0 255 0
0.3324610 -0.0211875 0.5347685 0 255 0
0.3394505 -0.0211538 0.5339183 0 255 0
0.2900324 0.0246617 0.4965099 0 255 0
-0.1491001 -0.0137168 0.4921477 0 255 0
0.2141671 -0.0068717 0.4989313 0 255 0
0.1836083 0.0480398 0.4631940 0 255 0
-0.2107787 0.0330883 0.5188802 0 255 0
-0.2296571 -0.0023899 0.5464130 0 255 0
-0.1784424 0.0187707 0.5276855 0 255 0
0.2609708 0.0551277 0.4774498 0 255 0
-0.1759445 -0.0690853 0.4994997 0 255 0
-0.1192709 0.0059524 0.4929760 0 255 0
-0.1959219 0.0187843 0.5280685 0 255 0
0.3349953 -0.0483133 0.5577956 0 255 0
0.2543893 -0.0641815 0.5590153 0 255 0
-0.1749040 -0.0738357 0.4998763 0 255 0
-0.2435521 0.0078747 0.5459409 0 255 0
0.1836654 0.0521012 0.4606110 0 255 0
0.2325266 0.0322861 0.4883081 0 255 0
-0.1301263 -0.0302462 0.5177552 0 255 0
-0.2073107 -0.0135737 0.5318514 0 255 0
-0.1670769 -0.0798926 0.5010300 0 255 0
0.2238983 0.0485261 0.4678828 0 255 0
-0.2514355 -0.0011059 0.5463667 0 255 0
-0.1334696 -0.0873248 0.4898878 0 255 0
0.3213130 0.0001689 0.5187952 0 255 0
-0.1437496 -0.0392740 0.4936051 0 255 0
-0.2117402 -0.0073489 0.5335777 0 255 0
0.2539193 -0.0976387 0.5947912 0 255 0
-0.1524025 -0.0987786 0.4953733 0 255 0
0.2158603 -0.0010069 0.4974365 0 255 0
0.2699888 -0.0832355 0.5726234 0 255 0
-0.1257373 0.0036219 0.4911199 0 255 0
0.2452513 -0.0185552 0.4978548 0 255 0
0.2298262 -0.0196052 0.4948308 0 255 0
-0.1118706 -0.0831985 0.4859575 0 255 0
0.2338110 0.0458802 0.4746313 0 255 0
0.1902484 0.0309722 0.4856963 0 255 0
0.3317491 -0.0147613 0.5296247 0 255 0
0.2681333 -0.0991306 0.5953580 0 255 0
0.2675392 -0.0317912 0.5231601 0 255 0
-0.2375419 -0.0011069 0.5468522 0 255 0
-0.1491845 0.0295314 0.5206586 0 255 0
-0.0609921 -0.0512295 0.5086673 0 255 0
0.2703876 -0.0271563 0.5055307 0 255 0
-0.1650730 -0.0521187 0.5056975 0 255 0
-0.1671208 -0.0010438 0.5156784 0 255 0
-0.1857020 -0.0554645 0.5037090 0 255 0
0.3246316 -0.0566532 0.5625206 0 255 0
-0.0605699 -0.0568098 0.5051467 0 255 0
0.2797205 -0.0080100 0.4968208 0 255 0
-0.1433239 -0.0275936 0.4921432 0 255 0
-0.1804902 -0.0227095 0.5124047 0 255 0
-0.1658060 -0.0968099 0.4972188 0 255 0
0.2736757 -0.0103367 0.4964308 0 255 0
-0.1363010 -0.0137073 0.4918076 0 255 0
-0.2097276 0.0331146 0.5192928 0 255 0
0.2004051 0.0219558 0.4882249 0 255 0
-0.1563971 -0.0863747 0.5045090 0 255 0
-0.1377540 -0.0403741 0.4928764 0 255 0
0.2496382 -0.0904963 0.5847631 0 255 0
0.1845174 0.0362247 0.4796870 0 255 0
-0.2111129 -0.0629677 0.5167177 0 255 0
-0.0906165 -0.0109996 0.5282658 0 255 0
0.2023547 0.0072348 0.5015774 0 255 0
-0.1525641 -0.0102474 0.4921444 0 255 0
0.2303793 0.0542564 0.4699036 0 255 0
-0.1043814 -0.0022596 0.5166255 0 255 0
-0.1960788 0.0175575 0.5284914 0 255 0
0.2721413 0.0289132 0.4894801 0 255 0
0.2964388 -0.0827413 0.5692231 0 255 0
-0.2317700 0.0177261 0.5335647 0 255 0
0.2752898 -0.0433014 0.5286126 0 255 0
-0.1846717 -0.0203647 0.5140021 0 255 0
-0.0997665 -0.0119994 0.5178445 0 255 0
-0.1515272 -0.0857837 0.5080295 0 255 0
0.2831804 -0.0454592 0.5248431 0 255 0
-0.1528989 -0.0322900 0.4932246 0 255 0
-0.1045426 -0.0144212 0.5174234 0 255 0
-0.1800841 0.0537402 0.5181565 0 255 0
0.2157719 0.0492742 0.4645710 0 255 0
0.2050180 -0.0588628 0.5234023 0 255 0
0.2358124 -0.0254382 0.4952084 0 255 0
-0.1449423 -0.0512945 0.4977004 0 255 0
0.2536359 -0.0103748 0.4982595 0 255 0
0.3226105 -0.0304756 0.5435457 0 255 0
-0.1232234 -0.0437663 0.5193889 0 255 0
-0.1977939 0.0151102 0.5297632 0 255 0
0.3523923 -0.0355005 0.5422642 0 255 0
-0.1976301 0.0051475 0.5293244 0 255 0
0.2646812 -0.0503877 0.5247964 0 255 0
-0.1422761 -0.0276144 0.4925143 0 255 0
0.2930291 0.0258873 0.4976413 0 255 0
-0.1741571 0.0345311 0.5222622 0 255 0
0.3222138 -0.0498745 0.5606107 0 255 0
-0.1467925 0.0050232 0.5165413 0 255 0
0.2617172 0.0606505 0.4767683 0 255 0
-0.0901479 -0.0539059 0.5480273 0 255 0
-0.0556627 -0.0502595 0.5504019 0 255 0
-0.1000623 -0.0391505 0.5070271 0 255 0
0.2159963 0.0445368 0.4722123 0 255 0
-0.2347870 0.0078815 0.5464144 0 255 0
0.2070169 -0.0680938 0.5482125 0 255 0
0.2201388 0.0514588 0.4645832 0 255 0
0.2319999 0.0138962 0.4872020 0 255 0
0.2658146 -0.1035127 0.5964254 0 255 0
-0.2079730 0.0249474 0.5272021 0 255 0
-0.1957782 -0.0387558 0.5344422 0 255 0
0.1881290 0.0378467 0.4718051 0 255 0
0.3308346 -0.0251196 0.5382479 0 255 0
-0.1809073 -0.0633127 0.5002568 0 255 0
-0.1437596 0.0259849 0.5231498 0 255 0
-0.0914336 -0.0539056 0.5480245 0 255 0
-0.1842267 -0.0813739 0.5029087 0 255 0
0.2190267 -0.0161771 0.4966752 0 255 0
-0.1990362 0.0151101 0.5297604 0 255 0
-0.1163716 -0.0653954 0.4809925 0 255 0
-0.0958835 -0.0023180 0.5299684 0 255 0
-0.1525186 -0.0608770 0.4995614 0 255 0
-0.2419685 0.0102113 0.5339640 0 255 0
-0.1239343 -0.0067288 0.4885558 0 255 0
-0.2109578 0.0102879 0.5379688 0 255 0
-0.1485932 0.0208845 0.5185950 0 255 0
0.2594952 0.0278854 0.4916372 0 255 0
-0.1702094 0.0050345 0.5177107 0 255 0
0.3159643 -0.0692537 0.5683012 0 255 0
-0.1227309 -0.0230047 0.4929324 0 255 0
-0.1189744 -0.0689862 0.4823921 0 255 0
0.2817369 -0.0092052 0.4983250 0 255 0
0.2140398 0.0291893 0.4752499 0 255 0
0.2643507 -0.0010048 0.4964219 0 255 0
-0.1072106 0.0061225 0.5070690 0 255 0
0.3028918 -0.0058295 0.5103230 0 255 0
-0.1221080 -0.0230385 0.5198293 0 255 0
0.2406504 -0.0196356 0.4955983 0 255 0
0.2897189 -0.1194678 0.5853346 0 255 0
-0.1885819 -0.0216059 0.5147976 0 255 0
-0.1581603 0.0025834 0.5140888 0 255 0
0.2856292 -0.0938401 0.5716512 0 255 0
-0.1914794 0.0498883 0.5160945 0 255 0
-0.1322840 -0.0033218 0.4940474 0 255 0
-0.1409075 -0.0345059 0.4917717 0 255 0
0.2344134 -0.0090934 0.4922704 0 255 0
0.2374673 0.0323347 0.4890431 0 255 0
-0.1406055 -0.0056518 0.4947701 0 255 0
-0.1299641 0.0224591 0.5269505 0 255 0
-0.2012625 0.0447888 0.5132447 0 255 0
-0.2008482 0.0558625 0.5152719 0 255 0
0.3164813 -0.0677435 0.5668383 0 255 0
0.2059581 -0.0081361 0.5046381 0 255 0
-0.1988597 -0.0197268 0.5292908 0 255 0
0.1873516 -0.0684297 0.5509170 0 255 0
-0.1301905 -0.0524089 0.5085137 0 255 0
0.1950822 -0.0620102 0.5401042 0 255 0
-0.0949736 -0.0550089 0.5461937 0 255 0
-0.1135131 -0.0858621 0.4881164 0 255 0
0.2405856 -0.0376392 0.5027544 0 255 0
0.3074820 0.0132448 0.5060511 0 255 0
0.2059557 -0.0128790 0.5046322 0 255 0
0.3044285 0.0190733 0.5029684 0 255 0
0.2437942 0.0071384 0.4948970 0 255 0
-0.1001042 -0.0715213 0.4842076 0 255 0
0.1728444 0.0685562 0.4548914 0 255 0
-0.1045438 -0.0095581 0.5174294 0 255 0
0.2171890 -0.0080259 0.4978063 0 255 0
-0.0978877 -0.0576329 0.5019779 0 255 0
-0.1695063 0.0150272 0.5268543 0 255 0
0.2238836 -0.0328869 0.5023420 0 255 0
0.3555767 -0.0223195 0.5318004 0 255 0
-0.1238547 -0.0435597 0.5169364 0 255 0
-0.1335163 0.0173254 0.5215040 0 255 0
-0.0940831 -0.0526611 0.5484747 0 255 0
-0.1628326 -0.0185917 0.4988340 0 255 0
-0.1373226 -0.0968184 0.4913331 0 255 0
-0.1747305 0.0200110 0.5276952 0 255 0
-0.2079790 -0.0236473 0.5335658 0 255 0
-0.2109332 -0.0402709 0.5379062 0 255 0
0.2902234 -0.0104714 0.5028982 0 255 0
0.2205757 0.0293168 0.4773256 0 255 0
-0.1709977 -0.0682767 0.5021850 0 255 0
0.2637737 -0.0115287 0.4975311 0 255 0
-0.0837192 -0.0551949 0.5480399 0 255 0
-0.1784729 -0.0035000 0.5205505 0 255 0
0.1873786 0.0623613 0.4564898 0 255 0
-0.1327023 -0.0204422 0.4870714 0 255 0
-0.2295954 -0.0176935 0.5432329 0 255 0
-0.1665598 -0.0246575 0.5030194 0 255 0
-0.2356660 -0.0113580 0.5454808 0 255 0
0.2290261 -0.0449834 0.5193502 0 255 0
0.2517846 0.0267691 0.4923528 0 255 0
0.2188544 0.0455493 0.4712078 0 255 0
0.2855466 -0.0346837 0.5114323 0 255 0
-0.1299202 -0.0338422 0.5169351 0 255 0
0.1942460 0.0694919 0.4759412 0 255 0
-0.1013710 -0.0804915 0.4903350 0 255 0
0.2982835 0.0084298 0.5025587 0 255 0
-0.1874787 0.0320493 0.5218151 0 255 0
-0.1374245 -0.0992010 0.4916977 0 255 0
0.2507358 0.0036664 0.4971462 0 255 0
0.2164783 -0.0583103 0.5184891 0 255 0
-0.1995384 -0.0374995 0.5344355 0 255 0
-0.1558966 0.0367260 0.5185986 0 255 0
-0.1833916 0.0175304 0.5276731 0 255 0
-0.1733518 0.0150390 0.5272686 0 255 0
0.3228848 -0.0072075 0.5233159 0 255 0
0.2643476 -0.0056706 0.4964162 0 255 0
-0.0907519 -0.0586161 0.5439385 0 255 0
0.2657717 -0.0233952 0.5012998 0 255 0
-0.1759430 -0.0726058 0.4994954 0 255 0
-0.0737156 -0.0559893 0.4978511 0 255 0
-0.2192961 0.0343065 0.5188645 0 255 0
0.2450132 -0.0562791 0.5222516 0 255 0
0.2009600 0.0013563 0.5069675 0 255 0
-0.1734606 0.0487174 0.5165384 0 255 0
-0.1163723 -0.0631353 0.4809953 0 255 0
0.3407999 -0.0290094 0.5400274 0 255 0
0.2251511 0.0093651 0.4897139 0 255 0
0.2074376 0.0173802 0.4885964 0 255 0
-0.1152434 -0.0653957 0.4809950 0 255 0
0.1978479 0.0550833 0.4584073 0 255 0
0.2127898 -0.1009348 0.5815718 0 255 0
0.2478101 -0.0506891 0.5153242 0 255 0
-0.1181136 0.0024772 0.4929742 0 255 0
-0.1603844 0.0427176 0.5173715 0 255 0
-0.2375425 0.0213310 0.5296834 0 255 0
0.2846690 -0.1011686 0.5751321 0 255 0
-0.1555602 -0.0381697 0.4943247 0 255 0
-0.2152711 0.0115802 0.5392860 0 255 0
0.2150030 0.0325164 0.4749139 0 255 0
-0.2351739 0.0001782 0.5473148 0 255 0
0.3229801 -0.0384868 0.5485061 0 255 0
-0.1738660 -0.0691912 0.5002650 0 255 0
-0.2111047 -0.0428336 0.5383436 0 255 0
0.2030082 0.0375270 0.4678197 0 255 0
-0.1555588 -0.0404924 0.4943204 0 255 0
0.2323229 -0.0926389 0.5725292 0 255 0
0.1832329 0.0441193 0.4677859 0 255 0
0.2495678 0.0036664 0.4971437 0 255 0
0.3331327 -0.0554280 0.5635021 0 255 0
0.2287659 0.0428412 0.4780546 0 255 0
-0.2139773 -0.0479710 0.5392150 0 255 0
-0.1418730 -0.0044926 0.4951415 0 255 0
-0.2038637 -0.0622354 0.5107089 0 255 0
0.3108938 -0.0918800 0.5762067 0 255 0
-0.1312567 -0.0507039 0.5034486 0 255 0
0.2726477 -0.1152460 0.5991378 0 255 0
-0.1023591 -0.0287389 0.5125701 0 255 0
-0.2026988 -0.0464394 0.5361599 0 255 0
-0.1115749 -0.0219047 0.5219178 0 255 0
0.2402744 -0.0533172 0.5173265 0 255 0
-0.1349962 -0.0347669 0.4954909 0 255 0
0.2676163 -0.0544336 0.5281585 0 255 0
-0.1140845 0.0108631 0.5058892 0 255 0
-0.2299355 0.0344410 0.5208986 0 255 0
0.1980310 -0.0763264 0.5518537 0 255 0
-0.1806313 -0.0655635 0.4994938 0 255 0
0.2168716 0.0215428 0.4790414 0 255 0
0.2455661 -0.0777795 0.5720795 0 255 0
-0.2192376 -0.0552944 0.5245513 0 255 0
0.1747850 0.0545305 0.4628576 0 255 0
-0.1735952 -0.0843410 0.4994860 0 255 0
0.1974158 0.0323739 0.4728323 0 255 0
-0.0723828 -0.0581967 0.4967229 0 255 0
0.2831244 -0.0222868 0.5028666 0 255 0
-0.1073916 -0.0181397 0.5194569 0 255 0
-0.0974091 -0.0302741 0.5182337 0 255 0
0.2527252 0.0210629 0.4941922 0 255 0
-0.1658699 -0.0674076 0.5045117 0 255 0
-0.1350439 -0.0668011 0.4999727 0 255 0
-0.1210380 0.0001598 0.4907592 0 255 0
-0.1429303 -0.0549274 0.4988313 0 255 0
0.2307614 -0.0417540 0.5097221 0 255 0
0.2154665 0.0281132 0.4759376 0 255 0
-0.2506698 0.0077775 0.5392034 0 255 0
0.2756526 0.0469355 0.4855480 0 255 0
0.2280119 -0.0254756 0.4959362 0 255 0
0.2414223 0.0586767 0.4699333 0 255 0
-0.1688776 0.0427160 0.5173528 0 255 0
0.2258200 0.0047764 0.4911688 0 255 0
0.2130437 0.0048265 0.4963142 0 255 0
0.2304749 -0.0526363 0.5226356 0 255 0
-0.2074818 -0.0556846 0.5167347 0 255 0
-0.0688857 -0.0640326 0.4967234 0 255 0
0.2734714 -0.0893161 0.5771370 0 255 0
-0.2145211 -0.0550318 0.5220608 0 255 0
0.2092983 0.0204461 0.4797204 0 255 0
-0.2380186 0.0237437 0.5279821 0 255 0
0.2194721 0.0425619 0.4749375 0 255 0
0.2124945 -0.0817957 0.5627182 0 255 0
-0.1177865 -0.0317392 0.5223052 0 255 0
0.2855223 -0.0996439 0.5741338 0 255 0
-0.2361111 0.0225576 0.5292613 0 255 0
0.2767444 0.0323646 0.4894945 0 255 0
0.2581173 -0.0209910 0.5001456 0 255 0
0.2107082 0.0474236 0.4678525 0 255 0
0.3424229 -0.0047637 0.5250273 0 255 0
0.2308707 0.0521591 0.4709059 0 255 0
0.1863488 0.0489913 0.4619035 0 255 0
-0.1925146 0.0150862 0.5289217 0 255 0
-0.1579740 0.0099718 0.5214385 0 255 0
-0.2014215 0.0484450 0.5136501 0 255 0
-0.0656372 -0.0654478 0.4986123 0 255 0
0.2887060 -0.0310311 0.5106518 0 255 0
0.3225589 -0.0278068 0.5413184 0 255 0
-0.2206615 -0.0467797 0.5400888 0 255 0
0.2006089 0.0060746 0.5031034 0 255 0
0.2843095 -0.1042344 0.5771423 0 255 0
0.2634634 -0.0947618 0.5942792 0 255 0
-0.1748098 0.0499703 0.5169433 0 255 0
0.2825029 0.0601441 0.4816849 0 255 0
0.2848211 0.0303125 0.4935370 0 255 0
0.2483949 -0.0021744 0.4971313 0 255 0
0.2067663 -0.0901104 0.5651091 0 255 0
0.3621174 -0.0235887 0.5322422 0 255 0
0.2730108 0.0187000 0.4931254 0 255 0
-0.2323227 0.0273784 0.5263066 0 255 0
-0.1219145 -0.0055933 0.4896535 0 255 0
-0.1612605 -0.0686469 0.5049080 0 255 0
0.2126907 0.0512405 0.4626119 0 255 0
0.2542908 -0.0806803 0.5735890 0 255 0
0.2007021 0.0208394 0.4889483 0 255 0
-0.1326827 -0.0392965 0.5089182 0 255 0
-0.1956163 -0.0449975 0.5340003 0 255 0
0.2940964 -0.0141459 0.5075453 0 255 0
-0.2411841 -0.0075252 0.5463813 0 255 0
-0.2196422 0.0331395 0.5196832 0 255 0
0.2128999 -0.0223481 0.5042497 0 255 0
-0.2400071 0.0395866 0.5242061 0 255 0
-0.1828637 0.0075384 0.5226250 0 255 0
0.2572208 0.0487475 0.4809134 0 255 0
0.1854878 -0.0654029 0.5815558 0 255 0
0.3087531 -0.0717982 0.5673041 0 255 0
0.2333163 0.0127609 0.4875637 0 255 0
-0.2165091 -0.0416361 0.5392173 0 255 0
-0.2383086 0.0176539 0.5313916 0 255 0
0.3518142 -0.0341701 0.5413746 0 255 0
0.2525053 0.0118171 0.4960385 0 255 0
0.2668783 -0.0103442 0.4967898 0 255 0
0.2391282 -0.0327145 0.4997089 0 255 0
-0.1021940 -0.0205163 0.5178286 0 255 0
-0.2230129 -0.0429371 0.5396445 0 255 0
0.2424204 0.0439993 0.4784327 0 255 0
0.3022557 0.0061006 0.5052558 0 255 0
0.2243461 0.0001605 0.4929959 0 255 0
0.2434609 0.0356514 0.4872565 0 255 0
-0.2428752 0.0040363 0.5473027 0 255 0
0.2030064 -0.0547256 0.5309923 0 255 0
-0.1110474 -0.0169189 0.5194504 0 255 0
0.2215351 0.0194046 0.4818490 0 255 0
-0.0830922 -0.0702344 0.4911207 0 255 0
0.2324445 -0.0148988 0.4929951 0 255 0
-0.1470500 -0.0698375 0.5049378 0 255 0
-0.1846296 0.0187702 0.5276719 0 255 0
-0.2002790 0.0163549 0.5297592 0 255 0
0.2191443 0.0404752 0.4766488 0 255 0
0.3059945 -0.0992536 0.5797343 0 255 0
0.2358336 -0.0916135 0.5745354 0 255 0
-0.1666993 0.0074735 0.5181297 0 255 0
-0.1867394 0.0355868 0.5197572 0 255 0
-0.1396072 0.0309288 0.5452946 0 255 0
-0.0905422 -0.0184322 0.5278327 0 255 0
0.2205378 0.0001611 0.4948349 0 255 0
0.2629027 0.0366373 0.4851504 0 255 0
-0.1555277 0.0087466 0.5214424 0 255 0
-0.1909839 -0.0229591 0.5180359 0 255 0
-0.1437600 0.0272143 0.5231514 0 255 0
-0.1141971 -0.0710981 0.4813425 0 255 0
-0.1932913 0.0272738 0.5242947 0 255 0
-0.0957732 -0.0682608 0.4852937 0 255 0
0.3310479 -0.0595009 0.5644571 0 255 0
-0.1311338 -0.0314130 0.5169369 0 255 0
0.2898116 -0.1120954 0.5827587 0 255 0
-0.1700569 0.0539715 0.5324497 0 255 0
-0.1873306 0.0332491 0.5214028 0 255 0
-0.1986251 0.0599185 0.5189418 0 255 0
-0.1720696 -0.0212087 0.5053329 0 255 0
-0.1022798 0.0013865 0.5182638 0 255 0
0.1895027 0.0289238 0.4896600 0 255 0
-0.1712999 0.0356738 0.5210276 0 255 0
-0.1458726 -0.0955784 0.4968905 0 255 0
-0.1356669 -0.0861089 0.4895195 0 255 0
0.2380142 0.0471662 0.4763556 0 255 0
0.3299481 -0.0468436 0.5559085 0 255 0
0.3028003 -0.0204555 0.5162931 0 255 0
0.3092798 -0.0802786 0.5707328 0 255 0
0.2343530 -0.0429523 0.5097285 0 255 0
-0.1527946 -0.0056303 0.4928879 0 255 0
-0.1624432 -0.0722051 0.5049010 0 255 0
0.3023463 -0.0758600 0.5677737 0 255 0
0.2138318 -0.0622575 0.5209348 0 255 0
0.2817227 -0.1061469 0.5801830 0 255 0
-0.0506031 -0.0491839 0.5122591 0 255 0
-0.2098418 -0.0440987 0.5383448 0 255 0
-0.1987444 0.0583765 0.5160891 0 255 0
0.2057370 0.0511312 0.4616253 0 255 0
0.2124933 -0.0844397 0.5627149 0 255 0
-0.1920528 0.0187695 0.5276529 0 255 0
-0.1920177 -0.0497337 0.5309802 0 255 0
-0.1535857 -0.0429124 0.4954399 0 255 0
-0.0841405 -0.0502957 0.5507975 0 255 0
-0.2022103 -0.0350162 0.5348679 0 255 0
-0.1189239 0.0156298 0.5062740 0 255 0
-0.1620287 -0.0256826 0.4999658 0 255 0
-0.1383350 -0.0696261 0.5034096 0 255 0
-0.2038686 0.0284365 0.5230207 0 255 0
0.2613802 0.0399984 0.4844387 0 255 0
0.2443618 0.0334850 0.4890596 0 255 0
0.1930197 -0.0634346 0.5414296 0 255 0
0.3342806 -0.0303769 0.5417856 0 255 0
-0.2191317 0.0389377 0.5156124 0 255 0
0.2801679 0.0117567 0.4935014 0 255 0
0.2104499 -0.0519322 0.5156440 0 255 0
-0.1417694 -0.0672082 0.5030197 0 255 0
-0.1831746 -0.0323910 0.5131873 0 255 0
0.2101152 -0.0080683 0.5004359 0 255 0
-0.1333726 -0.0431440 0.4981132 0 255 0
-0.1006296 -0.0448300 0.5039093 0 255 0
-0.1831762 -0.0287737 0.5131918 0 255 0
-0.1360511 -0.0486996 0.4950981 0 255 0
0.1768997 0.0602959 0.4570947 0 255 0
0.3047993 -0.0058431 0.5115142 0 255 0
-0.2064331 -0.0545137 0.5171455 0 255 0
-0.1926907 0.0523137 0.5160949 0 255 0
-0.1178412 -0.0746530 0.4823876 0 255 0
0.1868875 0.0389273 0.4714664 0 255 0
0.2090766 0.0106335 0.4951944 0 255 0
0.2180238 -0.0173571 0.4970460 0 255 0
-0.1080012 -0.0606115 0.4789138 0 255 0
-0.1416589 -0.0068092 0.4943941 0 255 0
-0.1976353 0.0163419 0.5293382 0 255 0
-0.1590445 0.0390396 0.5169629 0 255 0
0.2446884 -0.0466915 0.5113280 0 255 0
-0.1414588 -0.0873863 0.5104181 0 255 0
0.3436269 -0.0262999 0.5365263 0 255 0
-0.0542090 -0.0479796 0.5122527 0 255 0
-0.1389133 -0.0010060 0.4970245 0 255 0
0.3226941 0.0110624 0.5151688 0 255 0
0.2162438 0.0082693 0.4929881 0 255 0
-0.1376243 -0.0558466 0.4965824 0 255 0
-0.1989997 0.0236715 0.5263754 0 255 0
0.2254292 -0.0343024 0.5058100 0 255 0
0.2802363 -0.0186284 0.4998204 0 255 0
-0.2055960 0.0470898 0.5120381 0 255 0
-0.1057282 0.0061749 0.5114112 0 255 0
-0.2223114 0.0128155 0.5379469 0 255 0
0.1951581 -0.0862717 0.5660596 0 255 0
-0.1882093 0.0596437 0.5272928 0 255 0
-0.1064069 -0.0833855 0.4870498 0 255 0
-0.1581246 -0.0900772 0.4987543 0 255 0
-0.1985440 -0.0110034 0.5284506 0 255 0
-0.2360627 -0.0023899 0.5463989 0 255 0
-0.1275472 -0.0761743 0.4848560 0 255 0
0.2763124 -0.0395439 0.5281960 0 255 0
-0.1247724 0.0059389 0.4918598 0 255 0
-0.1090012 0.0060896 0.5043420 0 255 0
-0.1345188 -0.0861093 0.4895220 0 255 0
-0.2026218 0.0399954 0.5136370 0 255 0
0.2336782 -0.0364847 0.5031244 0 255 0
0.2641926 -0.0221835 0.5005369 0 255 0
0.3218883 -0.0483108 0.5577669 0 255 0
0.2768949 0.0094444 0.4938608 0 255 0
0.2642039 -0.1138350 0.5991210 0 255 0
-0.1060050 -0.0205484 0.5186373 0 255 0
0.2544304 0.0013311 0.4975264 0 255 0
-0.2208526 -0.0200316 0.5374692 0 255 0
-0.0692003 -0.0584625 0.4989916 0 255 0
0.2290052 -0.0242922 0.4955671 0 255 0
-0.1923351 -0.0734944 0.5056084 0 255 0
-0.2086534 -0.0300130 0.5352959 0 255 0
0.2399373 -0.0068056 0.4941297 0 255 0
0.2024208 -0.0635938 0.5427882 0 255 0
0.2550617 -0.0497130 0.5177697 0 255 0
0.2418977 0.0495133 0.4774011 0 255 0
0.2813291 0.0140761 0.4935068 0 255 0
-0.1127110 -0.0169859 0.5215073 0 255 0
0.1863069 0.0634338 0.4564888 0 255 0
0.1926983 0.0356554 0.4721489 0 255 0
0.3178150 -0.0650804 0.5668446 0 255 0
-0.1672053 -0.0775976 0.5014150 0 255 0
0.3330074 -0.0303768 0.5417828 0 255 0
0.2108792 -0.0693828 0.5482194 0 255 0
0.2467932 -0.0197549 0.4986096 0 255 0
-0.1214351 -0.0926700 0.4877282 0 255 0
-0.1518805 0.0147563 0.5173555 0 255 0
-0.1396505 -0.0321712 0.4914096 0 255 0
-0.1159717 -0.0079598 0.4937065 0 255 0
0.2536524 -0.0747047 0.5691363 0 255 0
0.2785136 0.0301313 0.4905874 0 255 0
0.2351552 0.0082025 0.4890082 0 255 0
-0.2487530 0.0065266 0.5405377 0 255 0
0.3138947 -0.0937262 0.5792490 0 255 0
0.2769723 -0.0495911 0.5294574 0 255 0
-0.1326812 -0.0440793 0.5089123 0 255 0
-0.1398419 -0.0633241 0.5003471 0 255 0
-0.0683796 -0.0517178 0.5386505 0 255 0
-0.1238412 -0.0101651 0.4881889 0 255 0
0.2151774 -0.0045236 0.4985592 0 255 0
-0.1448096 -0.0102709 0.4932697 0 255 0
-0.2182858 0.0556837 0.5136220 0 255 0
-0.0715423 -0.0549450 0.4989908 0 255 0
0.2739125 0.0631230 0.4785266 0 255 0
-0.1968296 -0.0122157 0.5271805 0 255 0
0.2016985 -0.0680358 0.5477452 0 255 0
0.2177181 -0.0967526 0.5729901 0 255 0
-0.1606380 -0.0825639 0.5029591 0 255 0
0.2503112 -0.0138973 0.4986245 0 255 0
0.2512675 0.0538474 0.4760492 0 255 0
-0.1786154 -0.0542827 0.5037261 0 255 0
0.2706429 0.0255381 0.4909295 0 255 0
-0.2046569 -0.0010757 0.5314424 0 255 0
-0.1458212 -0.0610180 0.5007182 0 255 0
0.1851346 0.0500415 0.4615789 0 255 0
-0.2353713 0.0027526 0.5477742 0 255 0
0.2527483 -0.1019221 0.5953208 0 255 0
0.2932580 -0.0812627 0.5682366 0 255 0
0.2288677 0.0172668 0.4854089 0 255 0
0.2033483 -0.0826212 0.5593552 0 255 0
0.2043311 -0.0407724 0.5124382 0 255 0
0.2744312 -0.0937122 0.5791625 0 255 0
-0.0765222 -0.0693937 0.4933476 0 255 0
-0.1702023 0.0297883 0.5251868 0 255 0
-0.1672564 0.0479879 0.5354852 0 255 0
0.2829086 -0.0080343 0.4983291 0 255 0
0.2677824 0.0499529 0.4816401 0 255 0
-0.1927794 -0.0748549 0.5067763 0 255 0
0.2662732 -0.0841852 0.5791565 0 255 0
-0.1871020 -0.0526402 0.5107577 0 255 0
-0.1698222 -0.0865577 0.4987329 0 255 0
0.2363178 0.0311853 0.4890391 0 255 0
0.2793414 0.0244400 0.4920456 0 255 0
-0.2199457 -0.0327134 0.5383367 0 255 0
0.2355092 -0.0947254 0.5770441 0 255 0
-0.2090677 0.0342267 0.5176588 0 255 0
-0.1471043 -0.0800032 0.5092279 0 255 0
-0.0491322 -0.0584934 0.5094725 0 255 0
-0.2401055 -0.0023918 0.5468450 0 255 0
0.1683860 0.0665408 0.4631835 0 255 0
-0.1496502 -0.0393024 0.4939632 0 255 0
-0.2101602 0.0176989 0.5327467 0 255 0
0.1829998 0.0768192 0.4728570 0 255 0
0.3117111 -0.0934791 0.5777215 0 255 0
0.2098001 -0.0010114 0.4996853 0 255 0
-0.2246787 0.0512143 0.5172395 0 255 0
0.1816303 -0.0717896 0.5779669 0 255 0
-0.1792663 -0.0071524 0.5193098 0 255 0
0.2080879 0.0236900 0.4769461 0 255 0
0.2119789 0.0128547 0.4911484 0 255 0
0.2177823 -0.0320228 0.5073533 0 255 0
-0.1086915 -0.0845289 0.4870433 0 255 0
-0.1025213 -0.0344116 0.5074190 0 255 0
-0.2493265 0.0288677 0.5309532 0 255 0
-0.1963940 0.0163419 0.5293409 0 255 0
0.1982841 0.0489941 0.4619297 0 255 0
-0.1201396 -0.0378446 0.5218776 0 255 0
0.3044111 0.0250783 0.5048974 0 255 0
0.2552176 0.0071657 0.4967859 0 255 0
-0.1704728 -0.0774782 0.5006436 0 255 0
0.2787534 -0.1019670 0.5796713 0 255 0
0.3411318 -0.0441589 0.5550008 0 255 0
-0.1870785 -0.0288183 0.5139863 0 255 0
0.3145043 -0.0108616 0.5216379 0 255 0
-0.2299867 0.0309404 0.5237994 0 255 0
-0.1791075 0.0248906 0.5260019 0 255 0
-0.1820087 0.0187553 0.5272542 0 255 0
-0.1988609 -0.0172395 0.5292939 0 255 0
-0.1523645 -0.0879662 0.5068490 0 255 0
0.2053096 0.0586021 0.4606665 0 255 0
-0.1071283 0.0073084 0.5066799 0 255 0
0.2711919 0.0277834 0.4898400 0 255 0
-0.1250813 -0.0032849 0.4885576 0 255 0
-0.2167132 0.0377264 0.5156162 0 255 0
-0.0833399 -0.0762311 0.4925848 0 255 0
0.2747051 -0.0185717 0.4982981 0 255 0
0.1974330 -0.0577781 0.5361615 0 255 0
-0.0956329 -0.0647449 0.4845828 0 255 0
-0.1148982 -0.0137704 0.4940727 0 255 0
0.2438522 0.0536906 0.4746629 0 255 0
-0.1469012 -0.0148844 0.4925200 0 255 0
0.2181358 -0.0283376 0.5054137 0 255 0
-0.2246921 -0.0062108 0.5437077 0 255 0
-0.1681030 0.0516367 0.5341821 0 255 0
-0.0638313 -0.0565483 0.5028220 0 255 0
0.3231986 0.0098673 0.5159742 0 255 0
-0.0911556 -0.0760006 0.4910958 0 255 0
0.3013366 0.0108165 0.5037193 0 255 0
-0.1770279 0.0333830 0.5235026 0 255 0
-0.1212682 -0.0353641 0.5214642 0 255 0
-0.2039572 -0.0439197 0.5361603 0 255 0
0.1882613 -0.0744791 0.5574387 0 255 0
-0.1640992 -0.0854530 0.4991259 0 255 0
-0.1725733 -0.0625205 0.5033431 0 255 0
0.3008479 -0.1002610 0.5776893 0 255 0
-0.1837485 0.0273185 0.5251539 0 255 0
0.2122312 0.0161606 0.4864428 0 255 0
0.1969351 0.0061072 0.5057975 0 255 0
0.2731817 0.0587096 0.4792145 0 255 0
0.2277053 0.0376054 0.4829435 0 255 0
-0.2083235 0.0507783 0.5128360 0 255 0
-0.1822195 -0.0621844 0.5006367 0 255 0
-0.1675757 -0.0474022 0.5060875 0 255 0
0.2088537 0.0071750 0.4974312 0 255 0
0.2096957 -0.0418471 0.5108584 0 255 0
-0.1079300 -0.0107484 0.5162016 0 255 0
-0.1571684 -0.0953568 0.4957384 0 255 0
0.2835221 -0.0556338 0.5277719 0 255 0
0.2589318 -0.0609285 0.5306824 0 255 0
0.2485789 -0.0080210 0.4974995 0 255 0
0.2148110 0.0248115 0.4769622 0 255 0
-0.1458468 -0.0368987 0.4928630 0 255 0
0.2874953 0.0584356 0.4863052 0 255 0
0.2591109 0.0164553 0.4953137 0 255 0
0.2142852 -0.0210667 0.5019506 0 255 0
0.2948997 -0.1027927 0.5766622 0 255 0
0.2242184 -0.0822208 0.5656423 0 255 0
0.2648553 -0.0271973 0.5062948 0 255 0
-0.2395544 0.0176538 0.5313889 0 255 0
-0.2245831 0.0262477 0.5284395 0 255 0
-0.1160021 -0.0806157 0.4841613 0 255 0
-0.1715172 -0.0750683 0.5002629 0 255 0
0.2097832 0.0553942 0.4609942 0 255 0
0.3190031 -0.0303750 0.5417521 0 255 0
0.2622424 -0.0730059 0.5561939 0 255 0
-0.0774849 -0.0514620 0.5494325 0 255 0
-0.1947108 -0.0639908 0.5056150 0 255 0
0.2899068 -0.0298314 0.5106559 0 255 0
-0.1370484 0.0283663 0.5452971 0 255 0
-0.1591735 -0.0900085 0.4983737 0 255 0
0.3326397 -0.0186141 0.5330437 0 255 0
-0.1466524 -0.0749860 0.5076637 0 255 0
-0.0683411 -0.0563748 0.5012788 0 255 0
-0.1999623 -0.0585458 0.5099289 0 255 0
-0.2472277 0.0151682 0.5317992 0 255 0
-0.2096931 0.0580545 0.5132426 0 255 0
-0.2250139 -0.0494386 0.5414119 0 255 0
0.2155057 -0.0832609 0.5636860 0 255 0
-0.2011531 0.0365458 0.5160540 0 255 0
-0.1488009 -0.0010098 0.4988893 0 255 0
-0.2269060 -0.0049537 0.5459644 0 255 0
-0.1668146 -0.0258790 0.5037888 0 255 0
0.1691581 0.0763017 0.4564671 0 255 0
-0.1747696 -0.0773000 0.4994921 0 255 0
0.2187218 0.0047977 0.4933582 0 255 0
0.2765614 0.0609629 0.4792247 0 255 0
0.2404933 -0.0707509 0.5696043 0 255 0
-0.1855707 0.0426460 0.5165042 0 255 0
0.2043109 0.0322363 0.4708218 0 255 0
-0.1702314 -0.0187620 0.5034040 0 255 0
-0.1409883 -0.1027414 0.4920538 0 255 0
-0.1262080 -0.0262864 0.5117214 0 255 0
0.1763143 0.0583089 0.4583617 0 255 0
0.2036266 0.0071965 0.4989256 0 255 0
-0.1708701 -0.0544516 0.5052929 0 255 0
0.2959298 -0.0785935 0.5682457 0 255 0
-0.0905425 -0.0171919 0.5278342 0 255 0
0.2987834 0.0119453 0.5014184 0 255 0
-0.0904498 -0.0502103 0.5498623 0 255 0
-0.0765220 -0.0705527 0.4933462 0 255 0
0.1896529 0.0591845 0.4568070 0 255 0
0.2250004 0.0024718 0.4918969 0 255 0
0.3188611 -0.0198655 0.5330136 0 255 0
0.2755808 0.0512737 0.4834230 0 255 0
0.2458180 0.0279045 0.4919739 0 255 0
-0.1230926 -0.0648324 0.4852379 0 255 0
0.2285322 0.0195194 0.4846975 0 255 0
0.2864248 -0.0033507 0.4983425 0 255 0
0.3067804 0.0179600 0.5048964 0 255 0
-0.1359507 -0.0428512 0.4947327 0 255 0
0.2510831 -0.1094084 0.5980100 0 255 0
-0.1223929 0.0179950 0.5058797 0 255 0
-0.2067966 0.0470896 0.5120354 0 255 0
0.3195546 0.0038051 0.5159560 0 255 0
-0.1163720 -0.0642654 0.4809939 0 255 0
0.2190639 -0.0967531 0.5729930 0 255 0
0.3087313 -0.0889387 0.5746985 0 255 0
0.2061029 0.0552776 0.4600240 0 255 0
0.2166671 -0.0221285 0.4992958 0 255 0
0.3195583 -0.0172632 0.5300204 0 255 0
-0.1865078 0.0236539 0.5259841 0 255 0
-0.1475953 -0.0947683 0.4987717 0 255 0
-0.1342112 0.0255077 0.5390419 0 255 0
0.1971389 -0.0859769 0.5641251 0 255 0
-0.1660431 0.0025934 0.5160903 0 255 0
-0.0702108 -0.0606688 0.4978531 0 255 0
-0.2096225 0.0353319 0.5160339 0 255 0
0.2220300 0.0093789 0.4904355 0 255 0
0.3361258 -0.0185994 0.5326210 0 255 0
-0.1713919 -0.0648860 0.5033427 0 255 0
-0.1971435 -0.0171980 0.5280212 0 255 0
0.1984920 0.0153680 0.4977942 0 255 0
0.2181805 0.0371416 0.4769873 0 255 0
-0.1872841 0.0063354 0.5247007 0 255 0
-0.1897405 -0.0035278 0.5246831 0 255 0
-0.1209446 -0.0102107 0.4903805 0 255 0
-0.2090604 -0.0236280 0.5331302 0 255 0
0.2866150 0.0187573 0.4946341 0 255 0
0.2267790 0.0116321 0.4882700 0 255 0
0.2757361 0.0117653 0.4938611 0 255 0
-0.2016737 -0.0048103 0.5301575 0 255 0
-0.1779452 -0.0299101 0.5120019 0 255 0
-0.1886651 0.0063404 0.5251171 0 255 0
0.2013114 0.0239491 0.4821626 0 255 0
0.2695096 -0.0245922 0.5016879 0 255 0
-0.2294401 0.0320947 0.5225545 0 255 0
0.2219394 -0.0890171 0.5666019 0 255 0
-0.1855739 0.0499287 0.5165132 0 255 0
-0.1124020 -0.0462040 0.4932950 0 255 0
0.3208913 -0.0059637 0.5220707 0 255 0
-0.2114498 -0.0454377 0.5392237 0 255 0
-0.1732703 -0.0455846 0.5123907 0 255 0
-0.1056844 -0.0342788 0.5054613 0 255 0
0.2530711 0.0024982 0.4971499 0 255 0
0.2378857 -0.0044667 0.4922838 0 255 0
0.1939960 -0.0850145 0.5665455 0 255 0
-0.1609496 0.0038002 0.5152936 0 255 0
0.2693521 0.0456923 0.4844633 0 255 0
0.2103096 -0.0990430 0.5785038 0 255 0
0.2009530 0.0375533 0.4681473 0 255 0
-0.1946499 0.0461404 0.5148697 0 255 0
0.2299787 -0.0908982 0.5700492 0 255 0
-0.1234327 0.0013139 0.4911221 0 255 0
-0.2003077 -0.0273869 0.5331448 0 255 0
-0.2250146 -0.0481666 0.5414135 0 255 0
-0.1566108 -0.0149286 0.4939795 0 255 0
0.2573697 0.0210634 0.4942023 0 255 0
-0.1238051 0.0117353 0.4926037 0 255 0
0.1785456 0.0492309 0.4641624 0 255 0
0.2022520 0.0152990 0.4955574 0 255 0
0.2779721 -0.0246118 0.5020868 0 255 0
0.3455801 -0.0198196 0.5317816 0 255 0
0.2062481 0.0574799 0.4603481 0 255 0
-0.1686639 -0.0175390 0.5022545 0 255 0
0.3427915 -0.0237207 0.5352219 0 255 0
0.2614440 -0.0209754 0.4997738 0 255 0
0.2967554 -0.0744604 0.5672746 0 255 0
-0.2281325 -0.0189543 0.5427855 0 255 0
0.2555451 -0.1019232 0.5953270 0 255 0
-0.1579956 -0.0416847 0.4946857 0 255 0
0.1864986 0.0350467 0.4789929 0 255 0
-0.0898694 -0.0758877 0.4903660 0 255 0
0.3122566 0.0109507 0.5099698 0 255 0
0.2083637 0.0151514 0.4907777 0 255 0
-0.2241477 0.0474558 0.5160170 0 255 0
0.2044416 -0.0680931 0.5482069 0 255 0
0.2406315 -0.0924205 0.5795965 0 255 0
0.2141172 0.0193474 0.4804286 0 255 0
-0.1335439 0.0297221 0.5466670 0 255 0
-0.0798150 -0.0680804 0.4922338 0 255 0
-0.1793898 0.0137886 0.5268310 0 255 0
-0.1787314 -0.0226390 0.5108148 0 255 0
0.2043078 0.0013470 0.5034899 0 255 0
0.2088849 0.0333672 0.4711695 0 255 0
0.3164042 -0.0524184 0.5596433 0 255 0
0.3284696 -0.0122428 0.5283482 0 255 0
0.3041229 -0.0945849 0.5761885 0 255 0
-0.1806999 -0.0565624 0.5029473 0 255 0
0.2303889 0.0081963 0.4886354 0 255 0
0.1975792 0.0303474 0.4758987 0 255 0
-0.1782998 0.0199946 0.5272639 0 255 0
0.2286005 0.0059130 0.4897172 0 255 0
0.1703561 0.0716144 0.4539505 0 255 0
-0.2003071 -0.0286396 0.5331433 0 255 0
0.3333182 -0.0526004 0.5615865 0 255 0
0.2019432 0.0025301 0.5034862 0 255 0
0.2679939 -0.0720951 0.5492551 0 255 0
0.2289820 0.0466922 0.4715682 0 255 0
0.1914778 0.0407075 0.4664761 0 255 0
0.2371960 0.0278411 0.4908566 0 255 0
0.3318181 -0.0399097 0.5503546 0 255 0
0.2894244 -0.0021847 0.4994824 0 255 0
-0.1099300 0.0121173 0.5086397 0 255 0
-0.1663884 -0.0485914 0.5060886 0 255 0
-0.1077941 0.0133436 0.5098292 0 255 0
-0.1994957 -0.0631908 0.5087391 0 255 0
-0.1660531 -0.0210473 0.5014891 0 255 0
-0.2255319 0.0426385 0.5164136 0 255 0
0.2185282 0.0446012 0.4728950 0 255 0
-0.1629803 -0.0976834 0.4957227 0 255 0
-0.1056464 0.0073709 0.5110153 0 255 0
-0.1908175 -0.0059886 0.5242590 0 255 0
-0.2008488 0.0570734 0.5152734 0 255 0
-0.0953528 -0.0328391 0.5202860 0 255 0
0.2152127 0.0036575 0.4959442 0 255 0
-0.1770618 0.0162778 0.5272620 0 255 0
0.2684189 0.0129642 0.4953298 0 255 0
-0.2212054 -0.0377726 0.5383276 0 255 0
0.2195189 -0.0244012 0.4977912 0 255 0
0.2808470 -0.1115109 0.5868890 0 255 0
-0.2235519 -0.0276309 0.5378941 0 255 0
-0.1870806 -0.0239876 0.5139922 0 255 0
-0.1641517 0.0378836 0.5177648 0 255 0
0.2341872 -0.0301827 0.4966911 0 255 0
-0.1908154 0.0187696 0.5276556 0 255 0
0.2330834 -0.0079307 0.4919018 0 255 0
0.2534331 0.0398215 0.4822964 0 255 0
0.2676983 -0.1079122 0.5975059 0 255 0
0.3386072 -0.0035160 0.5229401 0 255 0
-0.1786887 -0.0821798 0.5006196 0 255 0
-0.1272500 -0.0904432 0.4880805 0 255 0
0.2714031 -0.0559442 0.5307159 0 255 0
0.2151029 -0.0246990 0.5038662 0 255 0
-0.1742598 -0.0010503 0.5189182 0 255 0
0.2264041 0.0364436 0.4825859 0 255 0
0.2090760 0.0094698 0.4951929 0 255 0
0.2748510 -0.0395121 0.5277700 0 255 0
-0.2309513 0.0128046 0.5374877 0 255 0
0.1921570 0.0386519 0.4681307 0 255 0
-0.2307207 0.0298044 0.5254711 0 255 0
0.2087368 0.0355562 0.4708356 0 255 0
0.2670566 0.0164435 0.4949594 0 255 0
-0.1499488 -0.0572695 0.4988130 0 255 0
-0.1520018 0.0196346 0.5177689 0 255 0
-0.1177555 -0.0723334 0.4820368 0 255 0
0.2718367 -0.1003494 0.5942907 0 255 0
0.2024150 0.0677464 0.4794164 0 255 0
-0.1540369 -0.0697817 0.5045347 0 255 0
-0.1444807 -0.0206554 0.4921493 0 255 0
-0.1067591 -0.0046329 0.5106011 0 255 0
0.2132298 0.0269945 0.4759313 0 255 0
-0.1405261 0.0273016 0.5248295 0 255 0
-0.2316368 -0.0139102 0.5450367 0 255 0
0.3106195 -0.0745927 0.5682829 0 255 0
-0.1870801 -0.0251953 0.5139908 0 255 0
-0.0998477 -0.0010490 0.5182661 0 255 0
-0.1466798 -0.0194842 0.4917776 0 255 0
0.3526790 -0.0248784 0.5330799 0 255 0
-0.1826300 -0.0095775 0.5184797 0 255 0
0.2613934 -0.0748170 0.5599676 0 255 0
-0.1189172 -0.0317139 0.5218880 0 255 0
0.2952873 -0.1134668 0.5827690 0 255 0
0.3470694 -0.0427840 0.5540830 0 255 0
-0.1303005 -0.0810283 0.4866394 0 255 0
0.3524515 -0.0288222 0.5365425 0 255 0
-0.1009830 -0.0046986 0.5178509 0 255 0
0.2268475 -0.0243102 0.4959351 0 255 0
-0.1265967 -0.0762871 0.4855745 0 255 0
0.3330155 -0.0371686 0.5480739 0 255 0
-0.1347846 0.0098865 0.5169801 0 255 0
-0.1412321 -0.0125797 0.4929047 0 255 0
0.2893167 -0.0995586 0.5736425 0 255 0
-0.1169528 -0.0125810 0.4929581 0 255 0
0.2098937 -0.0116489 0.5027182 0 255 0
-0.1515391 0.0013701 0.5120988 0 255 0
0.3343803 -0.0330586 0.5440165 0 255 0
0.2782195 -0.0446155 0.5294663 0 255 0
0.3267688 -0.0035075 0.5216739 0 255 0
0.2127229 0.0225860 0.4773001 0 255 0
-0.1460986 0.0296491 0.5227332 0 255 0
-0.1030983 0.0052040 0.5351385 0 255 0
-0.1115331 -0.0629525 0.4796021 0 255 0
0.2309198 -0.0867308 0.5690716 0 255 0
0.2140774 0.0502241 0.4632634 0 255 0
-0.1267857 -0.0240544 0.4907166 0 255 0
0.2741765 0.0436405 0.4869740 0 255 0
0.2251886 -0.0449473 0.5189329 0 255 0
-0.0808110 -0.0549664 0.5457714 0 255 0
-0.0779743 -0.0580203 0.4952167 0 255 0
-0.1794273 0.0380308 0.5197763 0 255 0
0.2550683 -0.0636958 0.5547852 0 255 0
0.3149177 -0.0790078 0.5712413 0 255 0
0.2424741 -0.0467273 0.5117200 0 255 0
0.2679007 0.0619069 0.4778191 0 255 0
0.2293400 -0.0741852 0.5651783 0 255 0
-0.1687468 0.0463270 0.5169520 0 255 0
0.2463306 0.0463496 0.4794872 0 255 0
0.2666827 -0.0021713 0.4964256 0 255 0
0.2023875 -0.0938101 0.5714688 0 255 0
-0.2532437 0.0252671 0.5339579 0 255 0
0.1745702 0.0507492 0.4681071 0 255 0
0.2996784 -0.0758592 0.5677679 0 255 0
0.2795469 0.0198299 0.4924076 0 255 0
0.2045179 0.0665719 0.4790714 0 255 0
-0.0962729 -0.0156746 0.5186647 0 255 0
0.3237746 -0.0251599 0.5391122 0 255 0
-0.1354852 -0.0308558 0.4888639 0 255 0
-0.1226497 0.0117354 0.4926063 0 255 0
-0.1698246 0.0438627 0.5165403 0 255 0
-0.1495714 0.0147680 0.5177682 0 255 0
-0.1794595 -0.0667373 0.4994949 0 255 0
-0.2096831 -0.0547284 0.5191824 0 255 0
0.3348456 -0.0122040 0.5266752 0 255 0
0.2026057 -0.0533087 0.5172439 0 255 0
0.2839276 -0.0968614 0.5736340 0 255 0
-0.1195411 0.0106098 0.4940927 0 255 0
-0.1437614 -0.0079588 0.4936453 0 255 0
0.3189074 -0.0733231 0.5687929 0 255 0
0.2811019 -0.1077942 0.5817161 0 255 0
0.2404277 0.0494414 0.4767079 0 255 0
0.2015573 -0.0375394 0.5176689 0 255 0
0.2004748 -0.0889332 0.5660680 0 255 0
-0.1836631 0.0344749 0.5214124 0 255 0
0.3364914 -0.0344222 0.5453689 0 255 0
-0.1669854 0.0504226 0.5346177 0 255 0
0.2077861 -0.0666397 0.5468509 0 255 0
0.2264902 -0.0044698 0.4926265 0 255 0
-0.1994825 0.0533991 0.5148681 0 255 0
0.2470440 0.0013290 0.4967608 0 255 0
-0.1613849 -0.0675126 0.5052976 0 255 0
-0.1346414 -0.0749320 0.5072981 0 255 0
0.2230236 0.0047906 0.4926304 0 255 0
-0.0988497 -0.0791633 0.4892471 0 255 0
-0.0875037 -0.0746807 0.4900071 0 255 0
-0.1683947 -0.0922762 0.4979727 0 255 0
-0.1840415 0.0248901 0.5259911 0 255 0
-0.2017326 0.0400582 0.5144435 0 255 0
-0.2015100 -0.0072958 0.5297272 0 255 0
-0.1998593 -0.0463644 0.5352950 0 255 0
-0.1797965 0.0414985 0.5173287 0 255 0
-0.2275421 0.0115607 0.5383749 0 255 0
0.2284419 -0.0908191 0.5695531 0 255 0
0.2351774 -0.0289940 0.4963209 0 255 0
0.1819491 0.0551555 0.4590082 0 255 0
-0.1434676 -0.0010053 0.4966390 0 255 0
-0.1798376 0.0001696 0.5209648 0 255 0
0.2078449 0.0590150 0.4639122 0 255 0
0.1817110 -0.0668863 0.5825745 0 255 0
-0.1622209 -0.0115155 0.4969603 0 255 0
-0.0727129 -0.0549447 0.4989882 0 255 0
0.2752360 0.0620437 0.4788754 0 255 0
0.2546467 0.0153026 0.4956747 0 255 0
-0.1298031 -0.0431177 0.5116912 0 255 0
-0.1454520 -0.0429140 0.4954578 0 255 0
-0.1723832 0.0451115 0.5169426 0 255 0
0.2384495 0.0576537 0.4705958 0 255 0
-0.1231752 -0.0493606 0.5140999 0 255 0
-0.1414158 -0.0914559 0.4935456 0 255 0
-0.1516373 -0.0091047 0.4928862 0 255 0
0.2568251 0.0365824 0.4844246 0 255 0
-0.1769850 -0.0189795 0.5092393 0 255 0
-0.1759420 -0.0749527 0.4994925 0 255 0
0.2487660 -0.0091969 0.4978741 0 255 0
-0.1836663 -0.0775920 0.5013788 0 255 0
0.2851373 -0.0909966 0.5706666 0 255 0
-0.1653346 -0.0355393 0.5064988 0 255 0
-0.2352732 0.0297563 0.5246230 0 255 0
-0.1653010 -0.0103947 0.4992178 0 255 0
0.2914253 -0.1011712 0.5751470 0 255 0
-0.1552725 0.0050230 0.5165226 0 255 0
0.3333899 -0.0399433 0.5508175 0 255 0
-0.1496852 -0.0635148 0.5018541 0 255 0
-0.2141698 0.0531459 0.5124261 0 255 0
0.2695835 0.0141282 0.4953338 0 255 0
-0.1820832 0.0499688 0.5169272 0 255 0
0.2885085 -0.0770571 0.5667656 0 255 0
-0.0733794 -0.0720367 0.4955802 0 255 0
-0.1452379 -0.0736799 0.5068850 0 255 0
-0.1361699 -0.0979732 0.4913342 0 255 0
0.3164318 -0.0059260 0.5187770 0 255 0
-0.0540400 -0.0526297 0.5106560 0 255 0
0.2643514 0.0001616 0.4964234 0 255 0
-0.1528391 0.0383995 0.5248162 0 255 0
0.2326708 -0.0278066 0.4959435 0 255 0
0.2567122 -0.1004343 0.5947939 0 255 0
-0.1271827 -0.0078649 0.4878221 0 255 0
-0.2312647 0.0078490 0.5441611 0 255 0
0.2120083 0.0335113 0.4732049 0 255 0
0.1869507 0.0561187 0.4580663 0 255 0
0.1899377 -0.0723134 0.5509179 0 255 0
0.1884741 0.0349961 0.4783009 0 255 0
-0.1054313 0.0122886 0.5158305 0 255 0
0.3205840 -0.0318049 0.5444370 0 255 0
-0.1191465 -0.0781670 0.4830897 0 255 0
0.2116129 0.0105859 0.4929809 0 255 0
0.1874294 -0.0694162 0.5588592 0 255 0
-0.0546851 -0.0627935 0.5055406 0 255 0
-0.0624119 -0.0633942 0.5009012 0 255 0
-0.0882728 -0.0586653 0.5443944 0 255 0
-0.1951572 -0.0724730 0.5067740 0 255 0
0.2039972 0.0037075 0.5027242 0 255 0
-0.1784471 0.0511843 0.5169368 0 255 0
0.2585135 -0.0553181 0.5247769 0 255 0
0.1894911 -0.0652419 0.5459063 0 255 0
0.3032256 0.0262647 0.5048963 0 255 0
0.2570400 0.0518733 0.4784758 0 255 0
0.2723041 -0.0103289 0.4960546 0 255 0
-0.2378304 0.0152058 0.5331151 0 255 0
-0.1791411 -0.0407364 0.5119858 0 255 0
-0.2165085 -0.0429030 0.5392157 0 255 0
-0.2062269 -0.0210887 0.5322755 0 255 0
0.3426006 -0.0385218 0.5490057 0 255 0
-0.1909980 0.0320234 0.5213932 0 255 0
-0.1384758 -0.0945095 0.4913335 0 255 0
-0.2193945 -0.0480488 0.5400900 0 255 0
0.2583437 -0.0883790 0.5889666 0 255 0
-0.2497226 0.0176673 0.5317968 0 255 0
-0.2022620 0.0330895 0.5188990 0 255 0
-0.0927221 -0.0786597 0.4932980 0 255 0
-0.1638960 0.0438982 0.5169582 0 255 0
-0.1858705 -0.0348566 0.5139815 0 255 0
0.2210536 0.0248842 0.4783598 0 255 0
0.3472399 -0.0185255 0.5305042 0 255 0
-0.2101474 -0.0085887 0.5327141 0 255 0
0.3550789 -0.0274725 0.5348102 0 255 0
-0.1167445 -0.0379354 0.5231285 0 255 0
-0.1081328 -0.0772631 0.4845398 0 255 0
0.2006975 0.0531138 0.4600071 0 255 0
0.2311556 0.0574877 0.4692409 0 255 0
-0.2068143 0.0272722 0.5242650 0 255 0
0.2915900 -0.0882411 0.5701904 0 255 0
-0.2470845 0.0299944 0.5288217 0 255 0
0.2049650 -0.0481459 0.5140278 0 255 0
-0.2062342 0.0387878 0.5136276 0 255 0
0.2611411 -0.0700965 0.5538581 0 255 0
0.2784012 -0.0986361 0.5761272 0 255 0
0.2664796 -0.0056664 0.4960475 0 255 0
-0.1123479 -0.0770345 0.4831060 0 255 0
-0.1477220 -0.0549680 0.4991997 0 255 0
0.1825314 0.0396638 0.4803859 0 255 0
0.2019894 -0.0105477 0.5065654 0 255 0
0.2394868 -0.0184710 0.4955972 0 255 0
0.2491960 0.0106594 0.4964032 0 255 0
-0.0927015 -0.0616484 0.4871069 0 255 0
0.2716503 0.0210018 0.4927569 0 255 0
-0.1100818 -0.0759003 0.4831124 0 255 0
-0.2467197 -0.0049657 0.5472831 0 255 0
0.1751001 0.0643251 0.4552051 0 255 0
0.2096948 0.0388480 0.4705059 0 255 0
-0.1289902 -0.0274925 0.4903414 0 255 0
0.2048575 0.0470883 0.4645444 0 255 0
-0.1896383 -0.0264233 0.5143861 0 255 0
-0.0986311 -0.0047024 0.5182642 0 255 0
0.2151724 -0.0138951 0.4985476 0 255 0
0.2748516 -0.0947948 0.5858529 0 255 0
0.2849222 0.0048208 0.4957281 0 255 0
-0.2342678 0.0416856 0.5196617 0 255 0
0.2365817 -0.0389384 0.5042797 0 255 0
0.2510192 -0.0663379 0.5662097 0 255 0
-0.2154190 -0.0467422 0.5396565 0 255 0
0.2579597 0.0323139 0.4887281 0 255 0
-0.0983267 -0.0585659 0.5434722 0 255 0
0.2835229 -0.0543939 0.5277734 0 255 0
-0.1819375 0.0438604 0.5165137 0 255 0
-0.1377328 0.0223153 0.5235754 0 255 0
0.2618260 0.0071551 0.4960531 0 255 0
-0.1042003 -0.0788679 0.4874215 0 255 0
-0.2029720 -0.0286626 0.5335705 0 255 0
-0.1715731 0.0403476 0.5181597 0 255 0
0.3422364 -0.0224267 0.5343552 0 255 0
-0.1327847 -0.0417202 0.5093095 0 255 0
-0.1864030 0.0320749 0.5222322 0 255 0
-0.1221610 -0.0470187 0.5149106 0 255 0
-0.2401965 0.0359197 0.5246198 0 255 0
-0.2274645 0.0201848 0.5322800 0 255 0
-0.0575006 -0.0513097 0.5094631 0 255 0
0.1922130 -0.0691475 0.5463601 0 255 0
-0.1398367 -0.0958064 0.4920649 0 255 0
0.2075596 -0.0885552 0.5636620 0 255 0
-0.2135231 0.0165138 0.5349070 0 255 0
-0.1482205 -0.0488811 0.4969433 0 255 0
-0.1375262 -0.1027430 0.4920613 0 255 0
-0.1928432 0.0547824 0.5165033 0 255 0
-0.0608506 -0.0534956 0.5074869 0 255 0
0.2113929 -0.0199478 0.5034791 0 255 0
0.2661411 -0.0209758 0.4997841 0 255 0
-0.1549828 -0.0684909 0.5037605 0 255 0
-0.1745374 0.0038330 0.5197446 0 255 0
0.3387301 -0.0385212 0.5489972 0 255 0
-0.1941931 -0.0508983 0.5301153 0 255 0
0.2381957 0.0595258 0.4679277 0 255 0
-0.1787748 -0.0433450 0.5143890 0 255 0
-0.1565226 -0.0722070 0.5049140 0 255 0
0.2395687 0.0418412 0.4794669 0 255 0
-0.1575930 0.0455843 0.5368141 0 255 0
0.2997247 -0.0688931 0.5653420 0 255 0
0.2721706 0.0490007 0.4834113 0 255 0
-0.1942049 -0.0047796 0.5267727 0 255 0
-0.2479824 0.0089929 0.5361291 0 255 0
-0.0607774 -0.0502165 0.5499303 0 255 0
-0.1304929 -0.0834383 0.4873580 0 255 0
0.2813900 -0.0406233 0.5261014 0 255 0
0.1899152 0.0571166 0.4574387 0 255 0
0.1921395 0.0346450 0.4735025 0 255 0
0.2462073 0.0517207 0.4770681 0 255 0
-0.0712169 -0.0616980 0.4967211 0 255 0
-0.1760226 0.0511849 0.5169421 0 255 0
-0.1734596 0.0462897 0.5165353 0 255 0
0.3116894 -0.0691929 0.5678024 0 255 0
-0.1629985 -0.0790183 0.5029584 0 255 0
-0.1433277 -0.0171863 0.4921561 0 255 0
0.2311798 0.0428728 0.4784066 0 255 0
0.2775932 -0.0318178 0.5235975 0 255 0
0.2238574 -0.0255327 0.4970487 0 255 0
-0.1182854 -0.0160799 0.4936913 0 255 0
0.2230895 -0.0934932 0.5695381 0 255 0
0.2019526 0.0089153 0.5314985 0 255 0
0.2087295 -0.0344852 0.5085046 0 255 0
0.2524056 0.0323371 0.4890783 0 255 0
0.2356057 -0.0338881 0.4996998 0 255 0
0.3016202 -0.0179589 0.5142810 0 255 0
0.2393006 0.0545303 0.4722756 0 255 0
0.2627752 -0.1020181 0.5958812 0 255 0
-0.1156094 -0.0379658 0.5235477 0 255 0
0.2059937 -0.0618612 0.5388060 0 255 0
0.3176528 -0.0034881 0.5187827 0 255 0
0.2974297 0.0177555 0.4991467 0 255 0
-0.0787786 -0.0658664 0.4929771 0 255 0
-0.1707423 0.0162651 0.5268531 0 255 0
0.2292776 -0.0021483 0.4911678 0 255 0
0.2363415 -0.0535263 0.5193556 0 255 0
0.1758185 0.0488965 0.4714544 0 255 0
-0.2088946 -0.0160990 0.5327075 0 255 0
-0.2358645 -0.0062363 0.5459403 0 255 0
0.1893617 -0.0609397 0.5418699 0 255 0
-0.1861703 -0.0155581 0.5148104 0 255 0
0.3223263 -0.0022763 0.5204312 0 255 0
0.1912085 0.0417448 0.4658202 0 255 0
0.3198411 -0.0010493 0.5183828 0 255 0
-0.1590116 -0.0758230 0.5052925 0 255 0
-0.1214032 0.0094134 0.4922398 0 255 0
0.2606576 0.0210479 0.4938396 0 255 0
0.1911055 0.0520666 0.4603058 0 255 0
-0.1126221 -0.0157480 0.5210956 0 255 0
0.3105765 0.0049707 0.5111440 0 255 0
-0.2001055 -0.0097774 0.5293004 0 255 0
0.2791323 -0.1016097 0.5776401 0 255 0
-0.1192344 -0.0770887 0.4834462 0 255 0
-0.1628092 0.0378540 0.5173601 0 255 0
0.2511242 -0.0990350 0.5947834 0 255 0
-0.1199524 -0.0279907 0.5210643 0 255 0
0.2358895 -0.0495145 0.5157027 0 255 0
0.2270907 0.0456489 0.4722379 0 255 0
0.2050475 -0.0653000 0.5463930 0 255 0
-0.1913286 0.0486373 0.5156882 0 255 0
-0.1818303 -0.0299563 0.5127927 0 255 0
-0.0979077 -0.0590519 0.4845849 0 255 0
-0.1960247 0.0355011 0.5185062 0 255 0
0.2604078 0.0594867 0.4764199 0 255 0
0.2184040 -0.0472356 0.5172861 0 255 0
0.2008412 -0.0795197 0.5560484 0 255 0
-0.1505706 -0.0799401 0.5088259 0 255 0
-0.1935258 -0.0628032 0.5056190 0 255 0
-0.1321963 -0.0677193 0.4980853 0 255 0
-0.1780013 -0.0083135 0.5156454 0 255 0
0.2716613 0.0597486 0.4785175 0 255 0
-0.1434472 0.0311005 0.5265094 0 255 0
-0.1490673 0.0319531 0.5202497 0 255 0
-0.1631990 0.0187268 0.5264507 0 255 0
-0.0946073 -0.0427141 0.5368416 0 255 0
0.2754616 0.0244032 0.4913043 0 255 0
0.2021501 0.0197199 0.4896764 0 255 0
0.3532820 -0.0558251 0.5814283 0 255 0
0.2016148 -0.0310917 0.5116486 0 255 0
0.2012599 -0.0189230 0.5077240 0 255 0
-0.2228075 0.0274235 0.5271725 0 255 0
-0.1034914 -0.0156617 0.5182400 0 255 0
0.2190110 -0.0256482 0.4992966 0 255 0
-0.1385809 -0.0522673 0.4958352 0 255 0
-0.1456002 -0.0585760 0.4999597 0 255 0
-0.1305123 -0.0261840 0.4874303 0 255 0
-0.1722493 0.0487177 0.5165410 0 255 0
-0.0991005 -0.0010540 0.5207307 0 255 0
0.1949491 -0.0748409 0.5504653 0 255 0
-0.1353101 -0.0722692 0.5053490 0 255 0
0.1871893 -0.0676511 0.5660652 0 255 0
0.3335550 -0.0317018 0.5426738 0 255 0
0.2063754 0.0322136 0.4704904 0 255 0
0.2649866 -0.0611763 0.5328402 0 255 0
-0.2159814 -0.0339510 0.5379029 0 255 0
0.2750455 0.0479705 0.4844786 0 255 0
0.1941317 -0.0633828 0.5409874 0 255 0
0.2309155 0.0457479 0.4732628 0 255 0
-0.1508087 0.0037885 0.5137046 0 255 0
0.3338736 -0.0744303 0.5881013 0 255 0
-0.1080006 -0.0628618 0.4789110 0 255 0
-0.1319967 -0.0664485 0.4973333 0 255 0
0.1989947 -0.0736103 0.5509361 0 255 0
0.2894406 -0.0410747 0.5162368 0 255 0
-0.1620302 0.0013775 0.5148845 0 255 0
0.2168731 -0.0651292 0.5344554 0 255 0
-0.1807722 0.0187554 0.5272569 0 255 0
0.2852995 -0.0260300 0.5067300 0 255 0
-0.1415463 -0.0548447 0.4980807 0 255 0
-0.1267849 -0.0263604 0.4907137 0 255 0
-0.0613301 -0.0634913 0.5016679 0 255 0
-0.2153066 0.0342529 0.5180548 0 255 0
-0.1611405 -0.0591117 0.5045323 0 255 0
0.2044392 -0.0578167 0.5250706 0 255 0
-0.1554428 -0.0393015 0.4939519 0 255 0
0.2711726 -0.1048210 0.5958961 0 255 0
0.3536468 -0.0236069 0.5326532 0 255 0
0.2403630 0.0387709 0.4833265 0 255 0
-0.1603428 -0.0888372 0.4983725 0 255 0
-0.2445992 0.0212960 0.5288149 0 255 0
0.2883145 -0.0951840 0.5716555 0 255 0
-0.0886299 -0.0569826 0.4963137 0 255 0
-0.1937482 0.0510605 0.5156859 0 255 0
0.1935373 0.0499735 0.4609520 0 255 0
-0.1744595 -0.0237474 0.5088445 0 255 0
0.3175709 -0.0733228 0.5687900 0 255 0
0.1905112 0.0289025 0.4892988 0 255 0
0.3076852 -0.0718597 0.5677903 0 255 0
0.2320130 -0.0487598 0.5205826 0 255 0
-0.2465173 0.0001781 0.5468341 0 255 0
-0.1288105 -0.0302225 0.5173504 0 255 0
0.2154648 -0.0495490 0.5160616 0 255 0
0.2049391 0.0501163 0.4622694 0 255 0
-0.2264884 -0.0138301 0.5418996 0 255 0
0.2132737 0.0346484 0.4735488 0 255 0
0.2200340 -0.0045033 0.4963180 0 255 0
-0.2088971 -0.0110922 0.5327138 0 255 0
-0.1472758 -0.0711330 0.5057131 0 255 0
0.2278159 -0.0079483 0.4929935 0 255 0
-0.2161816 0.0128264 0.5384015 0 255 0
0.2406300 -0.0480411 0.5129088 0 255 0
0.2606635 0.0118176 0.4960564 0 255 0
0.2766891 0.0117565 0.4934938 0 255 0
-0.1985792 0.0389413 0.5156603 0 255 0
0.2733108 -0.0843620 0.5711405 0 255 0
-0.1398303 -0.0787484 0.5088510 0 255 0
0.1992891 0.0385440 0.4668232 0 255 0
0.2097230 0.0247395 0.4755777 0 255 0
-0.2038333 0.0544800 0.5136523 0 255 0
-0.1814933 0.0063053 0.5222111 0 255 0
0.2571678 0.0129830 0.4960501 0 255 0
0.1870984 -0.0820778 0.5739367 0 255 0
-0.1672923 -0.0416816 0.5088380 0 255 0
0.2361405 0.0534579 0.4726057 0 255 0
0.2113434 -0.0674219 0.5428030 0 255 0
0.2648969 -0.0430239 0.5252241 0 255 0
-0.1591701 0.0402862 0.5173711 0 255 0
0.1981777 0.0272283 0.4800537 0 255 0
0.3547421 -0.0460462 0.5621202 0 255 0
0.3116836 -0.0635831 0.5653748 0 255 0
-0.1704818 -0.0284640 0.5076678 0 255 0
0.2040321 -0.0636992 0.5436874 0 255 0
0.2709369 -0.0068270 0.4956831 0 255 0
0.3039141 -0.0829585 0.5707178 0 255 0
0.2795901 -0.0370033 0.5273641 0 255 0
-0.1858748 -0.0251954 0.5139934 0 255 0
-0.1055647 0.0085650 0.5106201 0 255 0
0.2773128 -0.1067551 0.5910990 0 255 0
0.2058310 -0.0585633 0.5318510 0 255 0
-0.0667817 -0.0511649 0.5462605 0 255 0
-0.1749000 -0.0832304 0.4998646 0 255 0
0.2425302 0.0256110 0.4923311 0 255 0
-0.1013144 -0.0727120 0.4845605 0 255 0
0.2134950 0.0204168 0.4790326 0 255 0
0.2027133 -0.0069609 0.5054063 0 255 0
-0.0468503 -0.0586302 0.5106643 0 255 0
0.2051579 0.0205956 0.4832270 0 255 0
-0.0977029 -0.0757156 0.4892539 0 255 0
-0.1154591 -0.0890368 0.4866621 0 255 0
0.2270661 0.0308638 0.4839969 0 255 0
-0.1957544 -0.0035475 0.5276171 0 255 0
0.2437928 0.0048126 0.4948941 0 255 0
0.2055519 -0.0248308 0.5065556 0 255 0
-0.1623289 -0.0460722 0.5045459 0 255 0
-0.1721183 0.0224732 0.5272806 0 255 0
-0.1816009 -0.0576555 0.5021748 0 255 0
-0.2206821 -0.0061700 0.5401391 0 255 0
-0.0974111 -0.0229683 0.5182443 0 255 0
-0.1831778 -0.0251563 0.5131963 0 255 0
-0.1423886 -0.0114215 0.4929036 0 255 0
0.1816676 0.0385910 0.4810837 0 255 0
0.3444813 -0.0035386 0.5262896 0 255 0
0.2830296 -0.0321308 0.5090641 0 255 0
0.2329655 -0.0184152 0.4941001 0 255 0
0.2045099 0.0521792 0.4613011 0 255 0
0.2090764 0.0492380 0.4642293 0 255 0
0.2549785 -0.0221995 0.5008969 0 255 0
0.3360874 -0.0427104 0.5531297 0 255 0
0.2575996 0.0497328 0.4795175 0 255 0
-0.2143699 -0.0326339 0.5370283 0 255 0
-0.1427153 -0.0525041 0.4980810 0 255 0
0.2788377 -0.0792402 0.5633508 0 255 0
-0.1429335 0.0050153 0.5157391 0 255 0
0.1975348 -0.0748416 0.5504710 0 255 0
-0.2058989 -0.0098167 0.5314289 0 255 0
0.3038314 -0.0082532 0.5119060 0 255 0
0.2157758 0.0259137 0.4766210 0 255 0
0.2321201 -0.0996637 0.5821297 0 255 0
0.2265864 0.0161260 0.4854025 0 255 0
0.2135715 0.0160896 0.4843045 0 255 0
0.2816032 -0.0597354 0.5311612 0 255 0
-0.1961615 0.0401535 0.5156671 0 255 0
0.2662860 0.0048204 0.4956873 0 255 0
0.2581585 0.0455228 0.4826666 0 255 0
-0.0679772 -0.0631043 0.4986101 0 255 0
0.2191047 -0.0434872 0.5160771 0 255 0
0.3484419 -0.0356170 0.5440443 0 255 0
-0.2014705 -0.0586364 0.5107186 0 255 0
0.2400698 -0.0467268 0.5117147 0 255 0
-0.1986831 0.0248687 0.5255381 0 255 0
-0.1390720 0.0235643 0.5239913 0 255 0
-0.0887893 -0.0574978 0.4907572 0 255 0
0.3060873 -0.0717975 0.5672984 0 255 0
0.1978164 -0.0876025 0.5660638 0 255 0
0.2270648 0.0285891 0.4839941 0 255 0
0.2878143 -0.0021813 0.4987237 0 255 0
-0.2377345 0.0322216 0.5246207 0 255 0
0.2150036 0.0336325 0.4749153 0 255 0
0.2514799 0.0569981 0.4743425 0 255 0
0.2474101 -0.0080209 0.4974970 0 255 0
0.2439817 0.0141266 0.4952777 0 255 0
-0.1810461 -0.0421031 0.5139831 0 255 0
-0.0457947 -0.0552026 0.5122622 0 255 0
0.2370807 -0.0091071 0.4930124 0 255 0
-0.1224566 -0.0194863 0.4918309 0 255 0
-0.0854625 -0.0598941 0.4914955 0 255 0
0.1973014 0.0199265 0.4948084 0 255 0
0.1984986 0.0343990 0.4701404 0 255 0
0.2738276 -0.0304420 0.5211083 0 255 0
0.2221733 0.0571600 0.4665661 0 255 0
-0.1141168 -0.0597458 0.4810044 0 255 0
0.2843293 -0.0585353 0.5315969 0 255 0
0.2231755 -0.0658788 0.5406069 0 255 0
0.2285978 -0.0810324 0.5666264 0 255 0
-0.1580076 -0.0126261 0.4947231 0 255 0
0.2071392 -0.0164362 0.5046304 0 255 0
-0.2163524 0.0001755 0.5388271 0 255 0
-0.1293743 -0.0101498 0.4874527 0 255 0
0.3342189 -0.0072136 0.5237561 0 255 0
-0.0937750 -0.0604589 0.4867452 0 255 0
0.2433495 -0.0126678 0.4963589 0 255 0
-0.1149753 -0.0169588 0.5206761 0 255 0
-0.0949580 -0.0355939 0.5248529 0 255 0
-0.2105611 0.0447172 0.5124236 0 255 0
0.3243169 -0.0035075 0.5216685 0 255 0
-0.0635866 -0.0669243 0.5008942 0 255 0
-0.1532135 0.0123345 0.5177572 0 255 0
-0.1200661 0.0001600 0.4914953 0 255 0
-0.0583340 -0.0569415 0.5063184 0 255 0
0.3303697 0.0026112 0.5196351 0 255 0
-0.1963495 -0.0641385 0.5067818 0 255 0
-0.2325623 0.0344679 0.5213063 0 255 0
-0.2497415 0.0027410 0.5454674 0 255 0
-0.0974417 0.0014225 0.5316840 0 255 0
0.1863395 -0.0704924 0.5675231 0 255 0
0.2329102 -0.0067698 0.4915362 0 255 0
-0.2231648 0.0262267 0.5280178 0 255 0
0.2026549 0.0162647 0.5268387 0 255 0
-0.1979644 -0.0349315 0.5335737 0 255 0
-0.1827440 -0.0383300 0.5119809 0 255 0
0.2284634 0.0584650 0.4682372 0 255 0
0.2604227 -0.0644072 0.5389221 0 255 0
0.3307085 -0.0035104 0.5220953 0 255 0
0.3752517 -0.0341044 0.5612263 0 255 0
-0.0708030 -0.0512919 0.5476165 0 255 0
-0.1539402 0.0050191 0.5161200 0 255 0
-0.1099129 -0.0279255 0.5198500 0 255 0
0.2012888 0.0677460 0.4794139 0 255 0
0.2746982 -0.0938354 0.5884697 0 255 0
-0.1735932 -0.0890347 0.4994802 0 255 0
-0.1541548 -0.0710215 0.5049207 0 255 0
-0.1567625 -0.0746941 0.5056878 0 255 0
0.2139985 -0.0831893 0.5632009 0 255 0
0.2212250 0.0415658 0.4763119 0 255 0
-0.0955630 -0.0624220 0.4842288 0 255 0
-0.0830305 -0.0690291 0.4907556 0 255 0
-0.2156303 -0.0301102 0.5370286 0 255 0
0.1932682 0.0706612 0.4762842 0 255 0
-0.1427157 -0.0513338 0.4980825 0 255 0
-0.0972037 -0.0503224 0.5372652 0 255 0
0.2489502 -0.0748974 0.5706043 0 255 0
0.2803738 0.0059631 0.4938641 0 255 0
0.2552532 -0.0696714 0.5609136 0 255 0
-0.0787779 -0.0693409 0.4929728 0 255 0
0.2728629 0.0036502 0.4949564 0 255 0
-0.0831221 -0.0560294 0.4982077 0 255 0
0.3191905 -0.0250979 0.5377837 0 255 0
0.3542864 -0.0326575 0.5374158 0 255 0
-0.1814612 -0.0599693 0.5017886 0 255 0
0.2122035 0.0579260 0.4639204 0 255 0
0.2407369 0.0346080 0.4886907 0 255 0
0.2110144 -0.0247743 0.5054024 0 255 0
0.2044482 0.0064175 0.5315009 0 255 0
-0.1717077 0.0285997 0.5260228 0 255 0
0.2138169 -0.0804741 0.5627227 0 255 0
-0.0504849 -0.0514707 0.5110621 0 255 0
-0.1594068 -0.0149734 0.4954633 0 255 0
0.2777518 -0.0793077 0.5638303 0 255 0
-0.1942758 -0.0570832 0.5075785 0 255 0
0.2811386 -0.0676641 0.5447533 0 255 0
-0.1241161 -0.0147863 0.4892728 0 255 0
0.2250001 0.0529246 0.4678907 0 255 0
0.2161224 0.0392129 0.4749246 0 255 0
0.2204098 -0.0967536 0.5729960 0 255 0
0.2622217 -0.0700379 0.5533955 0 255 0
0.2114477 -0.0151350 0.5008103 0 255 0
-0.1223957 -0.0316632 0.5210543 0 255 0
-0.1682812 -0.0104342 0.5011149 0 255 0
0.2315057 -0.0278065 0.4959410 0 255 0
0.2705409 0.0094654 0.4949585 0 255 0
0.1905173 -0.0793483 0.5641187 0 255 0
-0.1669249 -0.0673555 0.5041221 0 255 0
0.2057080 -0.0870071 0.5622166 0 255 0
0.2048747 -0.0532674 0.5168433 0 255 0
0.3344793 -0.0357623 0.5462633 0 255 0
-0.1664116 -0.0742339 0.5025719 0 255 0
-0.2165212 0.0342528 0.5180522 0 255 0
-0.1177432 -0.0856061 0.4866614 0 255 0
0.3444823 -0.0023019 0.5262911 0 255 0
0.3135597 -0.0759942 0.5687779 0 255 0
-0.2369629 0.0139757 0.5339797 0 255 0
0.2430864 0.0526507 0.4753439 0 255 0
-0.1007073 -0.0424947 0.5042986 0 255 0
-0.1900477 0.0051106 0.5255326 0 255 0
0.2271504 -0.0564087 0.5234538 0 255 0
-0.1598863 -0.0208570 0.4969538 0 255 0
0.3271797 -0.0304260 0.5426614 0 255 0
-0.1600736 -0.0757644 0.5049018 0 255 0
0.3279884 -0.0330577 0.5440026 0 255 0
-0.1038921 -0.0010408 0.5142036 0 255 0
-0.0975665 -0.0156869 0.5190713 0 255 0
0.2201954 -0.0126761 0.4966821 0 255 0
0.2481058 -0.0989445 0.5942403 0 255 0
0.2217492 -0.0876106 0.5661163 0 255 0
0.3034188 -0.0757950 0.5672876 0 255 0
0.2396724 -0.0351426 0.5008460 0 255 0
-0.2043355 0.0176278 0.5306078 0 255 0
-0.1589702 -0.0870243 0.5014214 0 255 0
0.2626798 0.0498426 0.4805765 0 255 0
-0.1527282 0.0331752 0.5202432 0 255 0
0.2494284 0.0199163 0.4945540 0 255 0
0.2123943 0.0544256 0.4619673 0 255 0
-0.1108559 -0.0010161 0.5020210 0 255 0
-0.2051902 0.0388183 0.5140318 0 255 0
-0.1080642 -0.0033987 0.5054957 0 255 0
-0.1290854 -0.0286658 0.4907033 0 255 0
-0.2232118 -0.0125157 0.5401257 0 255 0
-0.1789659 0.0285759 0.5255861 0 255 0
0.2417674 -0.0364582 0.5027584 0 255 0
-0.1587228 0.0468073 0.5363750 0 255 0
0.2678196 0.0199030 0.4942238 0 255 0
0.3383416 0.0001702 0.5225300 0 255 0
-0.1943612 -0.0035447 0.5271966 0 255 0
-0.2165464 -0.0086445 0.5361764 0 255 0
0.2581269 -0.0068575 0.4979000 0 255 0
-0.2476794 0.0263299 0.5300949 0 255 0
0.2938057 -0.0189745 0.5091054 0 255 0
0.1818904 0.0601725 0.4561594 0 255 0
0.2211973 -0.0091681 0.4963147 0 255 0
0.2078934 0.0654470 0.4790774 0 255 0
-0.1769761 0.0550428 0.5307158 0 255 0
-0.1650582 0.0319761 0.5206240 0 255 0
-0.2347816 -0.0023899 0.5464017 0 255 0
0.2890449 -0.1104332 0.5812172 0 255 0
0.3340382 0.0087165 0.5196507 0 255 0
0.2986001 -0.0785943 0.5682516 0 255 0
0.2165111 0.0474923 0.4685300 0 255 0
-0.1536757 -0.0773088 0.5072507 0 255 0
-0.0998474 -0.0022668 0.5182646 0 255 0
-0.1655974 0.0516372 0.5341877 0 255 0
-0.0996942 0.0001727 0.5303907 0 255 0
-0.1491614 -0.0464755 0.4961936 0 255 0
0.2651221 0.0059851 0.4956862 0 255 0
0.2718857 0.0402070 0.4869648 0 255 0
0.2739471 -0.0209449 0.4990475 0 255 0
-0.2236691 0.0321466 0.5233986 0 255 0
-0.1940459 0.0390031 0.5164784 0 255 0
-0.1505262 0.0356769 0.5210733 0 255 0
-0.2183385 -0.0074028 0.5374904 0 255 0
-0.1386847 -0.0546384 0.4962065 0 255 0
0.2414518 0.0324074 0.4901421 0 255 0
0.2453307 0.0346089 0.4887033 0 255 0
0.2581069 -0.0723694 0.5613944 0 255 0
0.1841471 0.0421301 0.4701199 0 255 0
-0.2358652 -0.0049535 0.5459419 0 255 0
-0.0736040 -0.0570725 0.4970972 0 255 0
0.1868663 -0.0715178 0.5650884 0 255 0
-0.1406991 -0.0749879 0.5076767 0 255 0
-0.1806236 -0.0395950 0.5127834 0 255 0
-0.1949529 0.0413655 0.5156713 0 255 0
0.2275020 -0.0184423 0.4948272 0 255 0
0.2122466 0.0094558 0.4944571 0 255 0
0.2803482 0.0621806 0.4799314 0 255 0
-0.1502539 -0.0148731 0.4921438 0 255 0
-0.0896024 -0.0745134 0.4889093 0 255 0
0.2531020 0.0164425 0.4949289 0 255 0
-0.2091861 0.0626021 0.5209792 0 255 0
-0.1243054 -0.0009919 0.4900189 0 255 0
0.1816804 0.0442761 0.4694478 0 255 0
0.2890965 -0.0224758 0.5071323 0 255 0
-0.1670385 0.0236937 0.5268705 0 255 0
-0.2431652 0.0237623 0.5283955 0 255 0
-0.2149375 0.0331663 0.5201036 0 255 0
-0.2104916 -0.0023338 0.5335866 0 255 0
0.2199298 0.0248841 0.4783573 0 255 0
-0.1485923 0.0184472 0.5185920 0 255 0
-0.2168425 0.0320453 0.5217505 0 255 0
-0.2078109 -0.0223755 0.5331345 0 255 0
0.2729686 0.0468659 0.4848286 0 255 0
-0.1112956 0.0133331 0.5094264 0 255 0
-0.1856196 0.0296914 0.5234792 0 255 0
0.2171877 -0.0103653 0.4978034 0 255 0
-0.1133452 -0.0845898 0.4873943 0 255 0
-0.1408837 -0.1003545 0.4916886 0 255 0
-0.2297082 0.0476042 0.5176315 0 255 0
0.1816193 0.0461865 0.4664613 0 255 0
0.2767506 -0.0483083 0.5290337 0 255 0
-0.2301694 -0.0113395 0.5445910 0 255 0
-0.1634507 -0.0233685 0.5007275 0 255 0
0.1743919 0.0633863 0.4561469 0 255 0
0.2456211 -0.0209263 0.4986056 0 255 0
-0.2441527 -0.0062517 0.5472871 0 255 0
-0.2134570 -0.0377429 0.5379037 0 255 0
0.2684254 -0.1152442 0.5991285 0 255 0
-0.1494383 -0.0067936 0.4932638 0 255 0
0.2278391 0.0397008 0.4808341 0 255 0
-0.1073922 -0.0156986 0.5194600 0 255 0
0.3233660 -0.0608774 0.5649222 0 255 0
0.2174140 -0.0750592 0.5617805 0 255 0
0.3514262 -0.0248783 0.5330771 0 255 0
-0.1344379 -0.0466193 0.4977293 0 255 0
-0.2036729 0.0520251 0.5132484 0 255 0
0.2167287 0.0071268 0.4940936 0 255 0
-0.1504519 -0.0858505 0.5084251 0 255 0
0.2507329 -0.0010063 0.4971405 0 255 0
-0.1134874 -0.0554690 0.4831302 0 255 0
0.2602746 0.0164554 0.4953163 0 255 0
0.3098211 -0.0690734 0.5668222 0 255 0
0.1846395 0.0748118 0.4742180 0 255 0
-0.2421968 0.0310876 0.5262911 0 255 0
0.2526264 -0.0198454 0.5008947 0 255 0
-0.2079960 0.0446828 0.5120298 0 255 0
0.2073332 0.0332956 0.4701584 0 255 0
0.3062206 -0.0107004 0.5138994 0 255 0
-0.0968431 -0.0770948 0.4907153 0 255 0
-0.1516019 -0.0500100 0.4965588 0 255 0
-0.1152487 -0.0182255 0.5219142 0 255 0
0.2565920 0.0187688 0.4949394 0 255 0
-0.0456875 -0.0586761 0.5110638 0 255 0
0.2636153 -0.0316151 0.5202622 0 255 0
-0.2190538 -0.0225022 0.5361537 0 255 0
-0.1736664 -0.0309928 0.5100225 0 255 0
-0.0754776 -0.0718198 0.4940885 0 255 0
0.1737933 0.0695776 0.4545813 0 255 0
0.2029790 0.0150508 0.5276815 0 255 0
-0.1022792 -0.0010490 0.5182608 0 255 0
-0.1624437 -0.0710190 0.5049025 0 255 0
-0.1890145 0.0578933 0.5226754 0 255 0
0.2782171 -0.0483474 0.5294617 0 255 0
-0.1044214 -0.0543361 0.4831516 0 255 0
0.2552702 0.0312575 0.4901709 0 255 0
0.3363183 0.0062943 0.5212947 0 255 0
0.2400010 -0.0547474 0.5193622 0 255 0
0.3297216 -0.0595006 0.5644543 0 255 0
-0.1527195 -0.0833962 0.5080298 0 255 0
0.2107699 0.0117618 0.4937162 0 255 0
0.2820726 0.0210028 0.4927823 0 255 0
0.2872819 0.0467601 0.4957850 0 255 0
-0.1058375 -0.0229494 0.5178176 0 255 0
0.2480390 -0.0763699 0.5715904 0 255 0
-0.2033543 0.0495355 0.5124454 0 255 0
0.2569857 0.0233510 0.4934649 0 255 0
0.2255871 -0.0578679 0.5255356 0 255 0
-0.1008992 -0.0229318 0.5174208 0 255 0
0.2076166 -0.0443159 0.5116439 0 255 0
0.2420880 0.0106032 0.4937859 0 255 0
-0.1843748 -0.0396253 0.5131757 0 255 0
-0.1152470 -0.0243570 0.5219067 0 255 0
-0.1949951 0.0150860 0.5289162 0 255 0
-0.1821590 -0.0542819 0.5037183 0 255 0
-0.1395450 -0.0344545 0.4910384 0 255 0
0.2854203 -0.0345233 0.5090664 0 255 0
0.2598796 -0.0033402 0.4967831 0 255 0
0.2598778 -0.0174260 0.4990184 0 255 0
-0.1539488 0.0343975 0.5202420 0 255 0
0.1800656 0.0463501 0.4681138 0 255 0
-0.2035510 -0.0523108 0.5318117 0 255 0
-0.0571458 -0.0581314 0.5063196 0 255 0
0.2251830 -0.0079780 0.4948350 0 255 0
-0.1460433 0.0147799 0.5181842 0 255 0
0.2033338 -0.0560636 0.5318487 0 255 0
0.2822806 0.0187008 0.4931457 0 255 0
-0.1532161 -0.1031995 0.4942478 0 255 0
-0.0951319 -0.0538151 0.5471042 0 255 0
0.3218189 -0.0010518 0.5196119 0 255 0
0.2555956 -0.0045142 0.4975218 0 255 0
-0.1855723 0.0462873 0.5165087 0 255 0
-0.1960433 0.0308220 0.5217947 0 255 0
-0.1913009 0.0308471 0.5222199 0 255 0
0.2990653 -0.0884732 0.5716903 0 255 0
-0.0822495 -0.0589164 0.4929781 0 255 0
0.2231892 0.0024774 0.4929962 0 255 0
0.2228371 0.0161021 0.4846808 0 255 0
0.2641494 -0.0817464 0.5716191 0 255 0
0.3194209 -0.0664696 0.5673341 0 255 0
0.2865820 -0.0825955 0.5682203 0 255 0
-0.2065666 0.0581917 0.5144553 0 255 0
-0.1409124 -0.0206402 0.4917888 0 255 0
0.3221097 -0.0455359 0.5558901 0 255 0
-0.1761761 0.0087389 0.5209835 0 255 0
0.2836509 0.0175552 0.4935162 0 255 0
-0.2312739 0.0274005 0.5267311 0 255 0
0.2290358 0.0161381 0.4857654 0 255 0
-0.0885874 -0.0734744 0.4896412 0 255 0
-0.1760350 0.0050623 0.5205665 0 255 0
0.3232439 -0.0122327 0.5279140 0 255 0
0.2120382 0.0059972 0.4966873 0 255 0
-0.1689205 -0.0211115 0.5030186 0 255 0
-0.1804949 -0.0118736 0.5124181 0 255 0
-0.1008828 -0.0514603 0.4993096 0 255 0
-0.1583741 -0.0010341 0.5108864 0 255 0
0.1886777 -0.0666900 0.5472633 0 255 0
0.2962017 -0.0141897 0.5091166 0 255 0
0.3288225 0.0135366 0.5172015 0 255 0
-0.2328640 0.0392124 0.5192509 0 255 0
0.2403846 0.0059487 0.4926699 0 255 0
0.2484993 0.0256308 0.4927119 0 255 0
0.3091280 -0.0022426 0.5127208 0 255 0
0.2579304 -0.0091904 0.4975211 0 255 0
0.3225331 0.0013880 0.5187994 0 255 0
-0.1659329 -0.0933763 0.4975995 0 255 0
0.2258992 -0.0475355 0.5205706 0 255 0
-0.1715167 -0.0762436 0.5002614 0 255 0
-0.1263165 -0.0772567 0.4844998 0 255 0
0.3230890 -0.0173191 0.5317370 0 255 0
0.2109825 0.0128642 0.4915124 0 255 0
0.2565745 0.0013301 0.4971561 0 255 0
0.1869644 0.0321367 0.4860486 0 255 0
0.2564820 0.0528826 0.4774372 0 255 0
-0.1704780 0.0074793 0.5185276 0 255 0
-0.1428487 0.0184914 0.5198352 0 255 0
0.2156788 -0.0643981 0.5284559 0 255 0
0.2887907 -0.0273260 0.5086901 0 255 0
-0.1896255 0.0332224 0.5209842 0 255 0
-0.1882826 -0.0312334 0.5139806 0 255 0
-0.1824234 -0.0047305 0.5213665 0 255 0
0.2366994 -0.0302058 0.4970711 0 255 0
0.3022237 0.0013569 0.5071920 0 255 0
0.2113478 0.0025015 0.4978065 0 255 0
0.3040960 -0.1004382 0.5787107 0 255 0
-0.1262986 -0.0503708 0.5120887 0 255 0
-0.1724254 -0.0808212 0.4994929 0 255 0
0.2876140 -0.0738225 0.5624154 0 255 0
-0.1548629 -0.0464392 0.4958067 0 255 0
-0.1840456 -0.0119480 0.5156277 0 255 0
-0.2195956 -0.0137173 0.5374798 0 255 0
-0.1080601 -0.0521801 0.4842141 0 255 0
-0.1951390 -0.0486429 0.5326974 0 255 0
0.3173516 0.0062104 0.5143480 0 255 0
0.2062564 -0.0406778 0.5112485 0 255 0
0.2078693 0.0215419 0.4790217 0 255 0
0.2363903 0.0197964 0.4915766 0 255 0
-0.1973707 0.0401533 0.5156645 0 255 0
0.2125645 0.0071428 0.4951977 0 255 0
0.3263877 0.0086752 0.5171902 0 255 0
0.2959738 0.0083978 0.5006469 0 255 0
0.2718994 -0.0033303 0.4953173 0 255 0
0.2925105 0.0095378 0.4987485 0 255 0
0.3616647 -0.0186919 0.5352694 0 255 0
0.2459915 -0.0819540 0.5730704 0 255 0
0.2780561 0.0106049 0.4938648 0 255 0
-0.1847060 -0.0669394 0.5010073 0 255 0
0.1793384 0.0531825 0.4606029 0 255 0
-0.1678680 -0.0797099 0.4998845 0 255 0
-0.1476797 -0.0033291 0.4951302 0 255 0
0.2667872 0.0289554 0.4901958 0 255 0
-0.2263794 0.0001784 0.5477908 0 255 0
0.2750610 -0.0258502 0.5032282 0 255 0
0.3306576 -0.0639166 0.5683399 0 255 0
-0.1749987 -0.0298175 0.5104172 0 255 0
-0.1967073 0.0088932 0.5301855 0 255 0
0.3013754 0.0202087 0.5018156 0 255 0
-0.0976393 -0.0327869 0.5194587 0 255 0
-0.2344544 0.0441629 0.5200759 0 255 0
0.2543808 0.0409252 0.4819475 0 255 0
-0.1840409 0.0236541 0.5259895 0 255 0
-0.2052183 -0.0527065 0.5233324 0 255 0
-0.1021981 -0.0034818 0.5178497 0 255 0
0.2142076 -0.0308303 0.5073470 0 255 0
-0.1915524 -0.0508578 0.5296935 0 255 0
0.2072564 0.0501520 0.4625987 0 255 0
0.2529978 -0.0718442 0.5676675 0 255 0
-0.1168867 -0.0566032 0.4831213 0 255 0
0.1880531 -0.0653458 0.5810484 0 255 0
-0.1442711 -0.0749868 0.5076689 0 255 0
-0.1173227 -0.0255020 0.5202482 0 255 0
0.2928011 0.0165198 0.4972542 0 255 0
-0.2330678 0.0249849 0.5279945 0 255 0
0.2116017 0.0225859 0.4772977 0 255 0
-0.1329947 -0.0296634 0.4881446 0 255 0
-0.0995634 -0.0428550 0.5231629 0 255 0
0.3292398 -0.0623128 0.5659029 0 255 0
-0.1353870 -0.0239462 0.4885093 0 255 0
-0.1709898 -0.0912437 0.4987246 0 255 0
-0.1113682 0.0096448 0.5043412 0 255 0
0.1878226 -0.0698995 0.5523019 0 255 0
0.2960581 -0.0955182 0.5736623 0 255 0
-0.1251274 -0.0582485 0.5073398 0 255 0
0.2341904 -0.1019327 0.5873217 0 255 0
-0.1606311 0.0269550 0.5181672 0 255 0
0.3595315 -0.0173917 0.5339669 0 255 0
0.2492157 -0.0507290 0.5157304 0 255 0
0.2746974 -0.0952179 0.5884680 0 255 0
-0.1850833 0.0391583 0.5185347 0 255 0
-0.1988603 -0.0184831 0.5292923 0 255 0
0.2663569 0.0333648 0.4873039 0 255 0
0.2393603 -0.0748299 0.5700896 0 255 0
0.2092112 -0.0381576 0.5096782 0 255 0
0.2171839 -0.0173832 0.4977947 0 255 0
0.2559501 -0.0246470 0.5028056 0 255 0
0.2018207 -0.0385740 0.5152398 0 255 0
0.2364641 -0.0455239 0.5117083 0 255 0
-0.1694227 -0.0591096 0.5045142 0 255 0
0.1743235 0.0528742 0.4674456 0 255 0
-0.1247404 0.0153227 0.4963253 0 255 0
0.2260052 -0.0091270 0.4940938 0 255 0
0.1962267 0.0581531 0.4571368 0 255 0
-0.1579439 0.0062464 0.5173316 0 255 0
0.2591116 0.0176192 0.4953152 0 255 0
-0.1572270 -0.0637074 0.5033754 0 255 0
-0.1664402 -0.0854522 0.4991208 0 255 0
0.3218870 -0.0198979 0.5338829 0 255 0
0.2285637 0.0437113 0.4753011 0 255 0
0.2136111 0.0182717 0.4818302 0 255 0
-0.1535820 0.0282180 0.5190027 0 255 0
0.2898107 -0.1134644 0.5827570 0 255 0
-0.1311017 -0.0067436 0.4896319 0 255 0
-0.2176146 -0.0023567 0.5388211 0 255 0
0.2301794 -0.0378683 0.5058146 0 255 0
-0.0873758 -0.0642242 0.4892908 0 255 0
-0.1956186 -0.0399790 0.5340065 0 255 0
0.2049335 -0.0769732 0.5565302 0 255 0
0.2438651 -0.0479671 0.5121191 0 255 0
0.2706752 -0.0688841 0.5442790 0 255 0
-0.2291785 0.0090453 0.5392523 0 255 0
-0.1285838 -0.0963186 0.4887965 0 255 0
-0.2020471 -0.0324764 0.5344362 0 255 0
-0.2404950 0.0249842 0.5279782 0 255 0
-0.2223030 0.0177701 0.5348892 0 255 0
0.2361439 0.0334589 0.4886792 0 255 0
0.2504029 -0.1049079 0.5963899 0 255 0
0.2516887 0.0355215 0.4854815 0 255 0
-0.0998741 -0.0383437 0.5121643 0 255 0
0.2271632 -0.0160929 0.4940903 0 255 0
0.3136064 -0.0262113 0.5347182 0 255 0
0.3178169 -0.0624168 0.5668479 0 255 0
-0.2417321 0.0237434 0.5279739 0 255 0
0.2043408 0.0439369 0.4658518 0 255 0
0.2098278 -0.0235867 0.5054013 0 255 0
0.2107132 0.0071588 0.4963119 0 255 0
0.2607864 0.0618153 0.4771125 0 255 0
0.1923022 0.0406504 0.4658213 0 255 0
-0.2009242 0.0114123 0.5314661 0 255 0
0.2289840 -0.0410961 0.5165061 0 255 0
0.2463104 0.0164544 0.4952857 0 255 0
0.1950283 0.0479078 0.4619212 0 255 0
0.2072971 0.0025091 0.4993057 0 255 0
0.2036613 -0.0520528 0.5168421 0 255 0
-0.0358998 -0.0467783 0.5258084 0 255 0
0.2528817 0.0048310 0.4967779 0 255 0
-0.1706049 -0.0614798 0.5045086 0 255 0
-0.1386851 -0.0534726 0.4962080 0 255 0
0.2244646 -0.0397262 0.5144822 0 255 0
-0.1635064 -0.0602964 0.5045257 0 255 0
-0.1030828 -0.0253033 0.5161942 0 255 0
-0.1399382 -0.0800057 0.5092437 0 255 0
-0.1990198 0.0632569 0.5264286 0 255 0
-0.1329069 -0.0480801 0.5007626 0 255 0
-0.1874859 -0.0635528 0.5021545 0 255 0
0.2842847 0.0106211 0.4946189 0 255 0
0.3319053 -0.0497495 0.5592059 0 255 0
-0.2261942 0.0066088 0.5473426 0 255 0
0.2276568 -0.0851721 0.5675955 0 255 0
0.2454529 0.0301716 0.4912432 0 255 0
0.2772097 -0.1034212 0.5879382 0 255 0
-0.1912721 0.0101148 0.5289183 0 255 0
0.1772991 0.0543024 0.4609218 0 255 0
-0.2294191 0.0078296 0.5428159 0 255 0
0.2755941 0.0323644 0.4894919 0 255 0
-0.1503392 -0.0762359 0.5080440 0 255 0
-0.1463144 -0.0724329 0.5064934 0 255 0
-0.0809695 -0.0692364 0.4922298 0 255 0
0.2766641 -0.0962651 0.5781481 0 255 0
-0.2018306 -0.0172811 0.5305700 0 255 0
-0.1883609 -0.0010612 0.5242705 0 255 0
-0.1670701 -0.0271042 0.5045605 0 255 0
-0.2077682 -0.0530439 0.5266830 0 255 0
0.1950182 0.0591861 0.4568188 0 255 0
-0.1898926 -0.0022967 0.5251037 0 255 0
-0.2268787 0.0262263 0.5280097 0 255 0
-0.1491476 -0.0762363 0.5080466 0 255 0
0.2255433 -0.0462393 0.5197505 0 255 0
-0.1248678 -0.0903770 0.4877235 0 255 0
-0.1536997 -0.0476043 0.4958078 0 255 0
0.2453255 0.0071492 0.4956442 0 255 0
0.2059188 0.0227004 0.4797158 0 255 0
-0.1538262 0.0319272 0.5198277 0 255 0
-0.2036308 -0.0337869 0.5353023 0 255 0
0.2388693 0.0047838 0.4919302 0 255 0
-0.1698280 -0.0259782 0.5057209 0 255 0
0.2973989 -0.0129935 0.5091207 0 255 0
0.2452495 -0.0401861 0.5050697 0 255 0
0.3252703 -0.0469216 0.5568341 0 255 0
0.2402055 -0.0255346 0.4970845 0 255 0
0.2548372 -0.0639646 0.5571263 0 255 0
0.2836029 -0.1142694 0.5868915 0 255 0
-0.1687973 -0.0069229 0.5026516 0 255 0
0.2217633 -0.1020343 0.5800536 0 255 0
-0.1473321 -0.0813255 0.5100165 0 255 0
-0.1902692 0.0498885 0.5160972 0 255 0
-0.1941174 -0.0749123 0.5071647 0 255 0
0.2079532 -0.0583082 0.5184703 0 255 0
-0.1162141 0.0083824 0.4997312 0 255 0
-0.1467241 -0.0441110 0.4958274 0 255 0
-0.2186193 0.0424728 0.5144067 0 255 0
0.2131794 -0.0320468 0.5077339 0 255 0
0.2241877 -0.0103111 0.4952016 0 255 0
0.3414872 -0.0330051 0.5431364 0 255 0
0.3045370 -0.0118893 0.5130950 0 255 0
0.2569340 -0.1123224 0.5985626 0 255 0
-0.1284209 0.0209690 0.5206936 0 255 0
0.2291133 0.0564245 0.4695691 0 255 0
-0.2208546 -0.0162430 0.5374739 0 255 0
0.2052014 0.0076480 0.5302241 0 255 0
-0.1761755 0.0075147 0.5209820 0 255 0
-0.2517274 0.0077711 0.5387586 0 255 0
0.1896665 0.0299189 0.4871291 0 255 0
-0.1309060 -0.0090311 0.4889010 0 255 0
0.2201941 -0.0150101 0.4966792 0 255 0
0.2763909 -0.0559453 0.5307269 0 255 0
-0.1091872 -0.0469761 0.4892643 0 255 0
0.2712329 0.0478996 0.4837623 0 255 0
-0.2147360 0.0308686 0.5225838 0 255 0
0.2291199 -0.0396960 0.5140912 0 255 0
0.2220195 0.0227351 0.4804501 0 255 0
0.2343285 -0.0745061 0.5676234 0 255 0
0.2370800 -0.0102655 0.4930109 0 255 0
0.3321073 -0.0109577 0.5262533 0 255 0
-0.1528637 -0.0955750 0.4968726 0 255 0
0.2782155 -0.0508353 0.5294586 0 255 0
-0.1060053 -0.0193298 0.5186388 0 255 0
-0.1133978 -0.0769775 0.4827489 0 255 0
-0.2255345 0.0474928 0.5164196 0 255 0
0.3334588 -0.0290323 0.5404538 0 255 0
-0.1468249 -0.0685459 0.5041649 0 255 0
-0.1592377 0.0125216 0.5256096 0 255 0
-0.2145877 -0.0136395 0.5344321 0 255 0
0.2464830 -0.0749616 0.5710933 0 255 0
0.1799611 0.0427077 0.4765646 0 255 0
0.3093736 0.0025685 0.5111384 0 255 0
-0.1916314 0.0535688 0.5165044 0 255 0
-0.2439553 0.0040329 0.5468445 0 255 0
-0.1978050 -0.0323979 0.5331441 0 255 0
0.1886212 0.0438408 0.4648322 0 255 0
0.2680553 0.0378617 0.4862358 0 255 0
0.2585351 0.0421818 0.4833706 0 255 0
-0.0996845 -0.0265791 0.5174190 0 255 0
0.2600751 0.0244743 0.4927359 0 255 0
-0.1244475 -0.0254609 0.5194104 0 255 0
-0.1785538 -0.0797669 0.5002416 0 255 0
-0.1409585 0.0111097 0.5173749 0 255 0
-0.1015660 -0.0344916 0.5085989 0 255 0
-0.1186365 -0.0267454 0.5206559 0 255 0
0.2276488 -0.0021547 0.4926319 0 255 0
-0.0919299 -0.0097661 0.5286893 0 255 0
-0.2507745 0.0301396 0.5313812 0 255 0
-0.1682533 -0.0763610 0.5010318 0 255 0
0.2558113 0.0153027 0.4956773 0 255 0
0.2677911 -0.0443290 0.5260670 0 255 0
-0.1940809 0.0607839 0.5264364 0 255 0
-0.1319310 -0.0552235 0.5015203 0 255 0
0.2830370 0.0464454 0.4924481 0 255 0
-0.1369943 0.0098709 0.5161632 0 255 0
-0.2004340 0.0026642 0.5301695 0 255 0
0.2264440 0.0127605 0.4875486 0 255 0
-0.1661741 0.0038091 0.5164972 0 255 0
-0.1825692 -0.0022822 0.5217833 0 255 0
0.2112445 0.0161725 0.4867998 0 255 0
-0.2142947 0.0365151 0.5156201 0 255 0
0.2803318 0.0535863 0.4837906 0 255 0
-0.1728234 -0.0715966 0.5006457 0 255 0
0.1827731 0.0561563 0.4583732 0 255 0
0.3159615 -0.0732591 0.5682962 0 255 0
-0.1827158 0.0013971 0.5222023 0 255 0
0.2746456 0.0289350 0.4898491 0 255 0
-0.1489469 0.0245985 0.5198293 0 255 0
-0.1645160 -0.0955700 0.4968470 0 255 0
-0.1265838 -0.0266180 0.5181757 0 255 0
-0.1591692 0.0378546 0.5173681 0 255 0
-0.2413465 0.0274213 0.5271317 0 255 0
0.2623213 -0.1094129 0.5980346 0 255 0
0.2733949 -0.0370024 0.5273505 0 255 0
-0.2147773 0.0165137 0.5349042 0 255 0
-0.1731064 -0.0555954 0.5048981 0 255 0
0.2743093 0.0609623 0.4792198 0 255 0
0.2838542 0.0538236 0.4859334 0 255 0
-0.2036296 -0.0363023 0.5352992 0 255 0
0.2594973 0.0210478 0.4938370 0 255 0
-0.0468142 -0.0561871 0.5102713 0 255 0
-0.1860126 0.0125805 0.5280826 0 255 0
0.2421020 -0.0291264 0.4985878 0 255 0
-0.1652372 0.0415009 0.5173593 0 255 0
-0.1149587 -0.0544938 0.4845530 0 255 0
0.3482074 -0.0172651 0.5300816 0 255 0
0.3279650 -0.0212214 0.5356243 0 255 0
0.2366640 -0.0415303 0.5069913 0 255 0
0.1967846 0.0072901 0.5054109 0 255 0
-0.1279366 -0.0240543 0.4907140 0 255 0
0.2833346 -0.1076052 0.5806960 0 255 0
-0.1289489 0.0233969 0.5489520 0 255 0
-0.1526511 -0.0499720 0.4961816 0 255 0
0.2855988 -0.0783204 0.5662708 0 255 0
0.2923663 -0.0069212 0.5025241 0 255 0
-0.1841363 -0.0095926 0.5192961 0 255 0
0.2974315 0.0201014 0.4991496 0 255 0
-0.1652316 -0.0777764 0.5025702 0 255 0
0.2039700 -0.0797225 0.5574667 0 255 0
0.2265807 0.0508340 0.4688891 0 255 0
-0.1857147 0.0113215 0.5272368 0 255 0
0.2143484 0.0281131 0.4759352 0 255 0
0.2622980 0.0508977 0.4798779 0 255 0
0.2018069 -0.0780818 0.5551151 0 255 0
-0.1141685 -0.0126571 0.4959394 0 255 0
0.2231909 -0.0126477 0.4955687 0 255 0
-0.1518800 0.0135406 0.5173540 0 255 0
-0.1997832 -0.0110034 0.5284479 0 255 0
0.2653346 -0.1019269 0.5953484 0 255 0
-0.1756584 -0.0105955 0.5088582 0 255 0
-0.2001032 -0.0147521 0.5292943 0 255 0
-0.1858694 -0.0372718 0.5139785 0 255 0
-0.1634612 0.0199959 0.5272965 0 255 0
0.1963336 -0.0578249 0.5365957 0 255 0
-0.1637677 0.0450776 0.5165536 0 255 0
0.2672512 0.0071445 0.4953201 0 255 0
-0.1467728 -0.0585757 0.4999571 0 255 0
-0.1960720 0.0026556 0.5284730 0 255 0
-0.2377341 0.0115036 0.5357174 0 255 0
0.3040969 -0.0990787 0.5787124 0 255 0
0.2069031 0.0162803 0.4900464 0 255 0
-0.1503621 -0.0264562 0.4924980 0 255 0
-0.1700784 -0.0498178 0.5064666 0 255 0
-0.1932257 -0.0686370 0.5048351 0 255 0
0.2874697 -0.0966944 0.5726451 0 255 0
-0.1571934 -0.0902146 0.4995148 0 255 0
0.1977859 -0.0856836 0.5622009 0 255 0
-0.2121963 -0.0364792 0.5379081 0 255 0
0.2397659 0.0334843 0.4890495 0 255 0
0.2101485 -0.0271908 0.5061737 0 255 0
-0.1685357 -0.0163464 0.5018726 0 255 0
-0.0974876 -0.0242050 0.5186515 0 255 0
0.2216894 -0.0255517 0.4974189 0 255 0
0.2742279 -0.0021665 0.4953238 0 255 0
-0.1750315 -0.0868193 0.5002406 0 255 0
-0.2098430 -0.0415690 0.5383480 0 255 0
0.2428047 -0.0079847 0.4952478 0 255 0
-0.1897754 0.0320235 0.5213959 0 255 0
0.2367676 0.0356767 0.4876021 0 255 0
0.2202301 -0.0875349 0.5656270 0 255 0
-0.1114868 -0.0206620 0.5215054 0 255 0
0.2183514 -0.0208922 0.4977930 0 255 0
-0.2145865 -0.0161510 0.5344289 0 255 0
-0.1579961 -0.0405224 0.4946871 0 255 0
-0.1459830 0.0308530 0.5223196 0 255 0
0.2768941 0.0082839 0.4938594 0 255 0
0.1999949 0.0364789 0.4684764 0 255 0
-0.1724214 -0.0902085 0.4994813 0 255 0
-0.1777944 -0.0622805 0.5014107 0 255 0
0.2780938 -0.0325317 0.5154157 0 255 0
-0.1890281 0.0367787 0.5193428 0 255 0
0.2348294 -0.0500626 0.5214108 0 255 0
0.2403795 -0.0560560 0.5201811 0 255 0
0.2244490 0.0374403 0.4808238 0 255 0
-0.2039100 0.0089362 0.5327495 0 255 0
-0.0483123 -0.0480932 0.5134655 0 255 0
0.2084554 0.0247215 0.4752322 0 255 0
-0.1684071 0.0187564 0.5272841 0 255 0
0.2659062 0.0488919 0.4823374 0 255 0
0.2346936 0.0533811 0.4719264 0 255 0
0.1711865 0.0715162 0.4533281 0 255 0
0.2428966 -0.0521433 0.5177400 0 255 0
-0.1115746 -0.0231310 0.5219162 0 255 0
0.2691811 0.0175936 0.4945944 0 255 0
-0.2066438 -0.0363906 0.5366018 0 255 0
0.2703801 -0.0103443 0.4967975 0 255 0
0.2020324 -0.0605448 0.5383587 0 255 0
-0.1580788 0.0342343 0.5177736 0 255 0
0.1879932 0.0521022 0.4606205 0 255 0
-0.1130719 -0.0575281 0.4813618 0 255 0
0.3464168 -0.0223728 0.5330692 0 255 0
0.2672612 -0.1153486 0.5996712 0 255 0
-0.1102473 -0.0628611 0.4789061 0 255 0
-0.1554483 -0.0253745 0.4939691 0 255 0
0.2606755 -0.0246475 0.5028160 0 255 0
-0.1599535 -0.0685946 0.5045232 0 255 0
-0.0392870 -0.0476322 0.5216292 0 255 0
-0.1387434 -0.0812025 0.5092448 0 255 0
0.3103571 -0.0665246 0.5678028 0 255 0
-0.0841190 -0.0689773 0.4903872 0 255 0
-0.1103371 -0.0428238 0.4944169 0 255 0
-0.1251950 -0.0504103 0.5124905 0 255 0
0.3079167 -0.0917988 0.5756971 0 255 0
-0.1673551 -0.0888345 0.4983571 0 255 0
0.2965731 -0.0983849 0.5746602 0 255 0
0.2286980 -0.0302275 0.4974285 0 255 0
0.2327386 -0.0033025 0.4911740 0 255 0
0.2725696 -0.0185855 0.4986701 0 255 0
0.3129966 -0.0034635 0.5151270 0 255 0
-0.1166286 -0.0598763 0.4820547 0 255 0
0.3144538 -0.0022549 0.5155342 0 255 0
0.2786083 -0.0258506 0.5032360 0 255 0
0.1975737 0.0209947 0.4925921 0 255 0
0.3385233 -0.0441585 0.5549951 0 255 0
0.2031339 -0.0889342 0.5660739 0 255 0
-0.1740216 -0.0590630 0.5041168 0 255 0
-0.2185630 0.0250267 0.5288767 0 255 0
0.1696283 0.0786650 0.4577360 0 255 0
-0.1307994 -0.0442508 0.5108919 0 255 0
-0.1740559 -0.0224995 0.5076673 0 255 0
0.2701685 -0.0671617 0.5407084 0 255 0
-0.1152902 -0.0831973 0.4859500 0 255 0
0.2352878 -0.0172544 0.4941066 0 255 0
0.2048361 -0.0826919 0.5598338 0 255 0
-0.1656316 -0.0294302 0.5037869 0 255 0
0.2499962 0.0365813 0.4844096 0 255 0
0.2678829 -0.0185852 0.4986598 0 255 0
0.3030135 0.0166967 0.5025792 0 255 0
-0.2160006 0.0600089 0.5197246 0 255 0
-0.1960721 -0.0560636 0.5091498 0 255 0
0.2471985 0.0548070 0.4746716 0 255 0
0.3261926 0.0038261 0.5188103 0 255 0
0.3081696 -0.1008825 0.5812709 0 255 0
-0.1498212 -0.0946955 0.4983884 0 255 0
0.2344741 -0.0230936 0.4948367 0 255 0
0.2076288 -0.0713223 0.5532714 0 255 0
-0.1862725 -0.0544477 0.5052564 0 255 0
-0.1281022 -0.0525313 0.5097014 0 255 0
-0.1060615 -0.0675597 0.4803094 0 255 0
0.2011772 0.0084133 0.5015763 0 255 0
-0.1569831 0.0208672 0.5181677 0 255 0
-0.1498099 0.0221030 0.5185938 0 255 0
-0.1830983 0.0187402 0.5268290 0 255 0
0.3322844 -0.0084576 0.5245832 0 255 0
0.2969932 -0.0069744 0.5063916 0 255 0
0.2286842 -0.0968409 0.5735129 0 255 0
-0.0876376 -0.0598041 0.4907569 0 255 0
-0.2484634 0.0040228 0.5454718 0 255 0
0.2766177 -0.1165492 0.5986005 0 255 0
-0.0996662 -0.0644117 0.4820889 0 255 0
0.2780521 0.0048026 0.4938576 0 255 0
0.2592930 -0.0198159 0.5001495 0 255 0
-0.2103129 -0.0186173 0.5331337 0 255 0
-0.2046240 0.0627028 0.5218168 0 255 0
0.3073530 -0.0258959 0.5282835 0 255 0
-0.2133332 -0.0583868 0.5191699 0 255 0
0.2892882 0.0060038 0.4972335 0 255 0
-0.1361532 -0.0499003 0.4954697 0 255 0
-0.2013274 0.0632057 0.5260021 0 255 0
0.2022940 0.0417765 0.4661738 0 255 0
-0.1017602 0.0051998 0.5347062 0 255 0
0.1883992 -0.0610399 0.5427606 0 255 0
-0.0852684 -0.0735852 0.4903789 0 255 0
-0.2194091 -0.0544096 0.5279261 0 255 0
0.1793780 0.0664660 0.4552172 0 255 0
-0.1355181 -0.0021756 0.4974067 0 255 0
0.2412918 0.0141052 0.4945290 0 255 0
-0.0416030 -0.0487030 0.5199756 0 255 0
0.2747995 -0.0657847 0.5398347 0 255 0
-0.1334677 -0.0930790 0.4898807 0 255 0
-0.2168902 -0.0288483 0.5370274 0 255 0
-0.2203290 0.0115800 0.5392749 0 255 0
0.1837628 -0.0791044 0.5719393 0 255 0
-0.2008422 -0.0668278 0.5091260 0 255 0
0.2419970 -0.1063057 0.5963697 0 255 0
-0.1211743 -0.0292149 0.5210601 0 255 0
0.2834168 -0.0546121 0.5298908 0 255 0
0.3479983 -0.0328976 0.5413679 0 255 0
0.1863064 0.0623610 0.4564875 0 255 0
0.2231889 -0.0161409 0.4955644 0 255 0
-0.1684066 0.0175174 0.5272826 0 255 0
0.2017418 0.0083879 0.5000582 0 255 0
-0.1632376 0.0013775 0.5148818 0 255 0
-0.1686303 -0.0533060 0.5056883 0 255 0
-0.1706059 -0.0591093 0.5045115 0 255 0
-0.1025232 -0.0434461 0.5016021 0 255 0
0.2416309 0.0312789 0.4905055 0 255 0
-0.2427756 0.0249638 0.5275490 0 255 0
0.2152341 -0.0296156 0.5069605 0 255 0
-0.0765803 -0.0659660 0.4937223 0 255 0
-0.1289123 -0.0290298 0.5177593 0 255 0
-0.1536748 -0.0796922 0.5072477 0 255 0
-0.2456450 0.0274870 0.5283948 0 255 0
0.2864556 0.0399797 0.4983961 0 255 0
-0.1235168 -0.0414238 0.5206255 0 255 0
-0.2324125 -0.0023919 0.5468619 0 255 0
-0.1017351 -0.0388803 0.5035282 0 255 0
-0.1115743 -0.0243573 0.5219147 0 255 0
-0.2426739 0.0053179 0.5468490 0 255 0
-0.2439567 0.0066028 0.5468477 0 255 0
0.2889578 -0.0176282 0.5048108 0 255 0
0.2616341 -0.0103674 0.4979034 0 255 0
0.3300036 -0.0047446 0.5229198 0 255 0
0.2794706 -0.1073741 0.5868911 0 255 0
0.2752554 -0.0126888 0.4971797 0 255 0
-0.1473109 -0.0996440 0.4938935 0 255 0
-0.1950120 -0.0617100 0.5063969 0 255 0
-0.1646978 0.0199958 0.5272938 0 255 0
-0.1501665 0.0258200 0.5198281 0 255 0
0.2143239 -0.0174357 0.4992965 0 255 0
-0.1794574 -0.0714312 0.4994891 0 255 0
0.2559691 -0.0639238 0.5456045 0 255 0
0.1953016 0.0468880 0.4625684 0 255 0
-0.1422172 -0.0787475 0.5088457 0 255 0
0.2686691 -0.1167579 0.5996726 0 255 0
0.2208785 0.0105312 0.4904345 0 255 0
0.2033286 -0.0248497 0.5069402 0 255 0
0.1967566 -0.0807565 0.5555689 0 255 0
-0.1305153 -0.0170217 0.4874417 0 255 0
-0.0446275 -0.0552459 0.5126641 0 255 0
-0.1354848 -0.0320044 0.4888625 0 255 0
0.1898172 0.0686976 0.4705006 0 255 0
0.2167828 -0.0271291 0.5050249 0 255 0
-0.1248946 -0.0067188 0.4878286 0 255 0
-0.1367330 -0.0320281 0.4892237 0 255 0
0.2727678 -0.0773202 0.5590394 0 255 0
-0.0655124 -0.0534123 0.5066972 0 255 0
-0.1081572 -0.0663337 0.4796053 0 255 0
-0.1991585 0.0224525 0.5267956 0 255 0
-0.2452302 -0.0088162 0.5468258 0 255 0
0.2469266 -0.0257488 0.5012556 0 255 0
0.1736989 0.0567057 0.4628579 0 255 0
0.3071592 -0.0664094 0.5668196 0 255 0
-0.1043759 -0.0241092 0.5165985 0 255 0
0.3337178 -0.0211876 0.5347713 0 255 0
0.2197709 0.0259893 0.4780117 0 255 0
0.2618230 0.0024927 0.4960474 0 255 0
0.2768207 0.0221108 0.4916705 0 255 0
-0.1383274 0.0283662 0.5452942 0 255 0
0.2730894 -0.0572837 0.5315738 0 255 0
0.2574076 -0.1049106 0.5964052 0 255 0
0.3294073 0.0013913 0.5200410 0 255 0
0.1795889 0.0521730 0.4612465 0 255 0
0.2435480 0.0484970 0.4784421 0 255 0
0.2768406 -0.0138780 0.4979323 0 255 0
-0.0679249 -0.0677385 0.4982266 0 255 0
0.3500912 -0.0302052 0.5387233 0 255 0
0.2691550 0.0467964 0.4841088 0 255 0
0.2014153 -0.0709630 0.5504843 0 255 0
-0.2349776 -0.0011069 0.5468579 0 255 0
-0.1211690 -0.0463538 0.5210373 0 255 0
-0.1567176 -0.0416536 0.4943164 0 255 0
0.3106208 -0.0802790 0.5707358 0 255 0
0.2980338 -0.0828133 0.5697185 0 255 0
0.2634642 -0.0933657 0.5942809 0 255 0
0.2112656 0.0610943 0.4715472 0 255 0
0.3303108 -0.0497070 0.5587288 0 255 0
-0.1126297 -0.0481248 0.4892553 0 255 0
-0.0989808 -0.0372564 0.5137662 0 255 0
-0.1204562 -0.0794182 0.4837966 0 255 0
-0.1861837 0.0585460 0.5285683 0 255 0
-0.1134325 -0.0138748 0.4978175 0 255 0
-0.1899629 -0.0758708 0.5056107 0 255 0
0.2036973 0.0269156 0.4745405 0 255 0
0.2405679 -0.0267429 0.4978344 0 255 0
-0.2452381 0.0053178 0.5468433 0 255 0
0.1789640 0.0552316 0.4596416 0 255 0
-0.1775702 -0.0543246 0.5041149 0 255 0
-0.1272702 0.0082626 0.4925918 0 255 0
0.2182334 0.0082570 0.4922565 0 255 0
-0.2008440 -0.0632394 0.5091305 0 255 0
0.2539855 -0.0892031 0.5852937 0 255 0
0.2614102 -0.0778449 0.5628332 0 255 0
0.1915511 -0.0750279 0.5518411 0 255 0
0.2688833 -0.0790345 0.5618884 0 255 0
-0.1709908 -0.0889005 0.4987275 0 255 0
-0.1949691 -0.0121768 0.5255004 0 255 0
-0.1161491 0.0024847 0.4944617 0 255 0
-0.1290563 0.0221254 0.5494090 0 255 0
0.3289168 -0.0481899 0.5563707 0 255 0
-0.1349938 -0.0417518 0.4954823 0 255 0
0.1896981 -0.0593737 0.5392115 0 255 0
0.2901616 0.0025062 0.4987347 0 255 0
0.3383426 0.0013980 0.5225315 0 255 0
-0.1148667 0.0060248 0.4989726 0 255 0
-0.2206703 -0.0238007 0.5370254 0 255 0
0.3302962 0.0123310 0.5176089 0 255 0
-0.1751735 -0.0668911 0.5006464 0 255 0
-0.1350917 -0.0534331 0.4958415 0 255 0
-0.1126926 -0.0092309 0.4997171 0 255 0
0.3246905 -0.0318316 0.5448957 0 255 0
-0.1866833 -0.0047455 0.5230174 0 255 0
0.2261723 -0.0137812 0.4944589 0 255 0
0.2754328 -0.1010186 0.5900433 0 255 0
-0.1139911 -0.0511541 0.4852749 0 255 0
0.3343290 -0.0441206 0.5545192 0 255 0
0.2361770 -0.0481148 0.5136957 0 255 0
0.3568296 -0.0185710 0.5318078 0 255 0
-0.1289497 0.0259768 0.5489552 0 255 0
-0.1258258 -0.0879546 0.4870014 0 255 0
-0.0974899 -0.0144558 0.5186635 0 255 0
0.2567487 -0.0186264 0.4997664 0 255 0
0.2855951 -0.1167159 0.5853289 0 255 0
-0.2096670 -0.0503815 0.5378964 0 255 0
-0.1493180 -0.0287922 0.4928668 0 255 0
-0.0682368 -0.0574649 0.5005144 0 255 0
0.2251613 0.0551629 0.4682258 0 255 0
0.2246866 -0.0243283 0.4963037 0 255 0
0.3397983 -0.0122043 0.5266887 0 255 0
-0.1526743 -0.0206701 0.4925001 0 255 0
-0.1485270 -0.0849196 0.5100094 0 255 0
-0.1756875 0.0236929 0.5268515 0 255 0
0.3518281 -0.0210696 0.5317938 0 255 0
0.2647206 0.0563323 0.4781514 0 255 0
0.3223096 -0.0160309 0.5304542 0 255 0
0.2780623 -0.0270949 0.5043877 0 255 0
-0.0921016 -0.0746792 0.4899970 0 255 0
0.2199471 0.0415356 0.4759654 0 255 0
0.2191946 -0.0115177 0.4970558 0 255 0
-0.2205110 0.0065925 0.5459928 0 255 0
-0.1493167 -0.0322663 0.4928625 0 255 0
0.2325137 0.0104850 0.4882811 0 255 0
0.2666156 0.0531156 0.4795414 0 255 0
0.2808618 -0.0283237 0.5051650 0 255 0
-0.1555596 -0.0906286 0.5018076 0 255 0
0.2140875 0.0094346 0.4933512 0 255 0
-0.1777070 -0.0531810 0.5045033 0 255 0
-0.1993534 0.0064067 0.5306048 0 255 0
-0.1926748 0.0236533 0.5259706 0 255 0
0.2538856 0.0199018 0.4941933 0 255 0
0.2204516 0.0548115 0.4652433 0 255 0
-0.1018915 -0.0377551 0.5043018 0 255 0
0.2356373 -0.0219311 0.4948407 0 255 0
0.2232644 -0.0739302 0.5632355 0 255 0
0.2473777 -0.1034121 0.5958457 0 255 0
-0.2481415 0.0077776 0.5392089 0 255 0
-0.1423550 -0.1040525 0.4927874 0 255 0
-0.1532112 0.0062515 0.5177496 0 255 0
0.2246764 -0.0475353 0.5205680 0 255 0
0.2837417 -0.1148833 0.5900444 0 255 0
-0.1532170 -0.1008774 0.4942507 0 255 0
0.2754290 -0.0296918 0.5082659 0 255 0
0.1705902 0.0695766 0.4545742 0 255 0
-0.1843808 0.0038604 0.5234499 0 255 0
-0.1426564 -0.0861868 0.5104170 0 255 0
0.2470935 -0.1095062 0.5985445 0 255 0
0.2453291 0.0129726 0.4956515 0 255 0
0.1979587 0.0333894 0.4714824 0 255 0
0.2211967 -0.0103343 0.4963133 0 255 0
-0.1524029 -0.0976148 0.4953747 0 255 0
0.2052947 -0.0696708 0.5504944 0 255 0
0.3555787 -0.0198204 0.5318035 0 255 0
-0.1655053 -0.0282248 0.5034027 0 255 0
-0.1212686 -0.0341388 0.5214657 0 255 0
-0.2145067 0.0580533 0.5132321 0 255 0
0.2864033 0.0233890 0.4942688 0 255 0
-0.2453254 0.0101946 0.5330896 0 255 0
0.2032406 -0.0870805 0.5626913 0 255 0
-0.0987052 -0.0205490 0.5186533 0 255 0
0.2086740 0.0140191 0.4915088 0 255 0
0.2593435 -0.0594903 0.5289817 0 255 0
0.2652416 0.0300625 0.4894665 0 255 0
0.2730616 -0.0056580 0.4953170 0 255 0
-0.1682450 -0.0460710 0.5045329 0 255 0
-0.1677822 0.0074676 0.5177191 0 255 0
-0.1605867 -0.0877995 0.4991307 0 255 0
0.2544408 0.0560453 0.4757157 0 255 0
-0.1009810 -0.0132161 0.5178403 0 255 0
-0.1778740 0.0248908 0.5260047 0 255 0
-0.1445371 -0.0597963 0.5003412 0 255 0
-0.1596218 0.0162659 0.5268776 0 255 0
-0.2120919 0.0423746 0.5132179 0 255 0
-0.0894707 -0.0686683 0.4881906 0 255 0
-0.2004754 0.0613314 0.5205840 0 255 0
-0.1656668 0.0150154 0.5264406 0 255 0
-0.2082612 0.0595398 0.5156619 0 255 0
-0.2116487 0.0065169 0.5397308 0 255 0
0.2497263 -0.1004317 0.5947785 0 255 0
0.2126225 -0.0916760 0.5665782 0 255 0
-0.2091990 0.0494957 0.5120331 0 255 0
0.2701555 -0.0571908 0.5307116 0 255 0
0.3247169 -0.0212556 0.5364883 0 255 0
-0.1458566 -0.0114213 0.4928960 0 255 0
-0.1739342 -0.0358417 0.5108089 0 255 0
-0.1828626 0.0050823 0.5226219 0 255 0
0.2121433 -0.0092302 0.4996803 0 255 0
0.2930325 -0.1012601 0.5756527 0 255 0
0.2945947 -0.0785931 0.5682428 0 255 0
0.3100889 -0.0058751 0.5143145 0 255 0
-0.2407989 0.0151564 0.5313830 0 255 0
-0.1643567 0.0296233 0.5222777 0 255 0
0.2534814 0.0141378 0.4956707 0 255 0
0.2439165 0.0567923 0.4726292 0 255 0
0.2811880 -0.0258706 0.5036259 0 255 0
-0.1633283 0.0150276 0.5268679 0 255 0
0.2416803 -0.0521430 0.5177373 0 255 0
-0.2338923 0.0176972 0.5326945 0 255 0
-0.1444802 -0.0218117 0.4921479 0 255 0
0.3362921 -0.0172921 0.5309101 0 255 0
0.2108133 -0.0021839 0.4993076 0 255 0
0.3086730 0.0156231 0.5060567 0 255 0
-0.2300415 0.0014643 0.5473278 0 255 0
0.2743785 0.0425276 0.4873327 0 255 0
0.2136348 -0.0790845 0.5622438 0 255 0
-0.1307053 -0.0285168 0.4881511 0 255 0
0.2834402 0.0198597 0.4931497 0 255 0
0.2445637 -0.0598227 0.5319371 0 255 0
0.3154245 -0.0624700 0.5673304 0 255 0
-0.0787191 -0.0681317 0.4926050 0 255 0
-0.2124411 0.0152693 0.5353437 0 255 0
0.2012741 -0.0508597 0.5297127 0 255 0
-0.1235176 -0.0389774 0.5206286 0 255 0
-0.2072500 0.0127433 0.5349161 0 255 0
0.2716851 -0.0773855 0.5595115 0 255 0
0.2339737 -0.0525957 0.5222320 0 255 0
0.1903114 -0.0844079 0.5714509 0 255 0
-0.1117883 -0.0819963 0.4856000 0 255 0
0.2194004 0.0116662 0.4897042 0 255 0
-0.1345445 -0.0136462 0.4896157 0 255 0
-0.1982981 -0.0727527 0.5087298 0 255 0
0.3148269 -0.0210157 0.5304317 0 255 0
0.2683274 0.0521027 0.4805916 0 255 0
0.1993168 -0.0890093 0.5665523 0 255 0
-0.0620677 -0.0502162 0.5499275 0 255 0
-0.1784201 -0.0750089 0.4998671 0 255 0
0.2070507 0.0195317 0.4850044 0 255 0
-0.1279345 -0.0286660 0.4907058 0 255 0
0.2711402 -0.0079977 0.4960549 0 255 0
-0.1782176 -0.0420050 0.5127857 0 255 0
0.1770519 0.0553082 0.4602790 0 255 0
-0.0987874 -0.0022704 0.5190853 0 255 0
0.2456859 -0.0365145 0.5035349 0 255 0
-0.2373437 -0.0023899 0.5463961 0 255 0
0.2178887 0.0059659 0.4940946 0 255 0
-0.1085454 -0.0094834 0.5133824 0 255 0
0.3608664 -0.0235885 0.5322394 0 255 0
0.2422619 -0.0021613 0.4941406 0 255 0
0.2768925 0.0059630 0.4938565 0 255 0
0.2658630 0.0233170 0.4927472 0 255 0
-0.1878103 0.0367789 0.5193455 0 255 0
-0.1641458 -0.0379195 0.5064985 0 255 0
0.1967349 -0.0763260 0.5518509 0 255 0
-0.1075491 -0.0845293 0.4870459 0 255 0
-0.0987066 -0.0144557 0.5186609 0 255 0
0.2360387 0.0209203 0.4908455 0 255 0
0.2478256 -0.1050019 0.5969245 0 255 0
-0.1808684 0.0438951 0.5169224 0 255 0
-0.0631831 -0.0534538 0.5070904 0 255 0
-0.1460177 -0.0010068 0.4973851 0 255 0
0.3444743 -0.0121948 0.5262789 0 255 0
-0.1679970 -0.0235114 0.5037891 0 255 0
0.2252138 -0.0315625 0.5000603 0 255 0
0.2522949 -0.0961540 0.5942530 0 255 0
-0.1790085 -0.0250784 0.5116068 0 255 0
0.2397700 -0.0856928 0.5710653 0 255 0
-0.1696813 -0.0357036 0.5088402 0 255 0
0.2404757 -0.0114756 0.4952384 0 255 0
0.2300890 -0.0009927 0.4904404 0 255 0
-0.1391902 0.0160486 0.5198402 0 255 0
-0.2491209 0.0226111 0.5305154 0 255 0
0.2068259 -0.0093076 0.5038671 0 255 0
-0.1433201 -0.0368439 0.4921303 0 255 0
0.2061456 0.0237241 0.4776328 0 255 0
-0.1963478 -0.0677103 0.5067773 0 255 0
-0.1266947 -0.0457006 0.5136948 0 255 0
-0.1535669 -0.0660231 0.5029952 0 255 0
0.2654002 -0.0258294 0.5028248 0 255 0
0.2112774 -0.0629535 0.5267583 0 255 0
0.2344964 -0.0458435 0.5153010 0 255 0
-0.0802977 -0.0568559 0.4952105 0 255 0
0.3556532 -0.0312930 0.5356752 0 255 0
0.1953788 -0.0562889 0.5339861 0 255 0
-0.1209457 -0.0067540 0.4903848 0 255 0
0.2555963 -0.0033451 0.4975232 0 255 0
-0.1760210 0.0475404 0.5169376 0 255 0
0.3068287 -0.0972931 0.5761911 0 255 0
-0.1406138 0.0013460 0.5031087 0 255 0
-0.2322676 0.0189184 0.5318368 0 255 0
0.2621368 0.0456238 0.4837371 0 255 0
0.2833355 -0.0103919 0.4990811 0 255 0
-0.1501905 0.0038034 0.5157216 0 255 0
-0.2400078 0.0408185 0.5242077 0 255 0
0.2149561 -0.0777640 0.5622483 0 255 0
-0.1745888 0.0162779 0.5272675 0 255 0
0.2560627 0.0354961 0.4851340 0 255 0
0.3311334 -0.0109663 0.5266685 0 255 0
-0.1473456 -0.0068039 0.4940100 0 255 0
0.2548369 0.0129829 0.4960451 0 255 0
0.2283232 -0.0172539 0.4940914 0 255 0
-0.1968672 0.0113941 0.5306165 0 255 0
0.2831219 -0.0092122 0.4987048 0 255 0
0.2145310 0.0013298 0.4970615 0 255 0
0.2112895 -0.0104201 0.5004355 0 255 0
0.2691804 0.0164314 0.4945930 0 255 0
0.2065123 -0.0045648 0.5031032 0 255 0
-0.1627481 -0.0824369 0.5021855 0 255 0
0.2498013 0.0164546 0.4952933 0 255 0
0.2384999 -0.0574135 0.5214097 0 255 0
-0.0811505 -0.0751872 0.4933303 0 255 0
-0.2044838 -0.0172948 0.5309930 0 255 0
-0.1104094 -0.0584457 0.4796102 0 255 0
-0.1682808 -0.0116117 0.5011135 0 255 0
-0.0677713 -0.0652492 0.4970998 0 255 0
0.2947791 -0.0897370 0.5711839 0 255 0
-0.1033297 -0.0107740 0.5174305 0 255 0
-0.1475023 -0.0724325 0.5064908 0 255 0
-0.1719347 -0.0455493 0.5119942 0 255 0
0.1973161 0.0293562 0.4779666 0 255 0
-0.1589817 0.0456213 0.5372499 0 255 0
-0.2141542 -0.0454745 0.5396609 0 255 0
-0.1772977 -0.0554240 0.5033415 0 255 0
-0.1896788 -0.0591495 0.5048547 0 255 0
0.2242191 -0.0808919 0.5656440 0 255 0
-0.1292766 -0.0158647 0.4870846 0 255 0
0.2527533 0.0279053 0.4919891 0 255 0
0.2676811 -0.0174003 0.4982841 0 255 0
-0.0558717 -0.0592300 0.5055424 0 255 0
0.2130997 -0.0692682 0.5473136 0 255 0
-0.2053831 -0.0414339 0.5365983 0 255 0
0.3069379 -0.0119359 0.5151033 0 255 0
0.2609995 0.0444868 0.4837331 0 255 0
0.2177666 0.0475263 0.4688658 0 255 0
-0.1949805 -0.0498540 0.5322646 0 255 0
0.3078738 -0.0207154 0.5228515 0 255 0
-0.1417523 -0.0428501 0.4947200 0 255 0
-0.1154810 0.0095932 0.5016409 0 255 0
-0.1180208 0.0095132 0.4974597 0 255 0
-0.0733258 -0.0650023 0.4952183 0 255 0
-0.1795352 0.0175166 0.5272581 0 255 0
0.1705922 0.0738499 0.4545795 0 255 0
0.2986009 -0.0772593 0.5682532 0 255 0
0.2682609 -0.0558087 0.5294307 0 255 0
-0.1410699 0.0123352 0.5177839 0 255 0
0.2340043 0.0047553 0.4890014 0 255 0
0.2686146 0.0036556 0.4956909 0 255 0
-0.1174166 -0.0218521 0.5206647 0 255 0
-0.2222427 0.0521430 0.5144107 0 255 0
0.2204945 -0.0396636 0.5136718 0 255 0
0.2665521 -0.0492727 0.5260581 0 255 0
-0.1047061 -0.0193146 0.5182328 0 255 0
-0.0810306 -0.0669737 0.4926013 0 255 0
-0.1784248 -0.0644396 0.4998802 0 255 0
-0.1213260 -0.0701702 0.4827399 0 255 0
0.3220092 -0.0412700 0.5512514 0 255 0
-0.1346159 -0.0953801 0.4898753 0 255 0
-0.0482744 -0.0492611 0.5130635 0 255 0
-0.1338885 0.0123453 0.5182078 0 255 0
0.2715591 -0.0507524 0.5285951 0 255 0
-0.0557000 -0.0626007 0.5039886 0 255 0
-0.1580738 0.0208507 0.5177570 0 255 0
0.2222489 -0.0636170 0.5323104 0 255 0
-0.1587713 -0.0662244 0.5045288 0 255 0
0.2773764 -0.0809090 0.5657634 0 255 0
-0.1517413 -0.0346079 0.4932243 0 255 0
0.2532607 0.0001620 0.4975225 0 255 0
0.2364064 0.0565876 0.4709259 0 255 0
-0.1142913 -0.0342484 0.5231385 0 255 0
-0.1552124 -0.0322897 0.4932195 0 255 0
0.1969235 0.0500093 0.4612818 0 255 0
-0.1087097 -0.0734688 0.4820553 0 255 0
-0.2034247 0.0595410 0.5156725 0 255 0
-0.1368368 -0.0263003 0.4895950 0 255 0
0.1827552 -0.0681348 0.5815464 0 255 0
0.1787557 0.0465814 0.4704489 0 255 0
0.3013116 -0.0689526 0.5658306 0 255 0
0.2485538 -0.1005220 0.5953134 0 255 0
0.2066760 -0.0727440 0.5541984 0 255 0
-0.1238570 0.0165265 0.4974555 0 255 0
-0.1181970 -0.0149087 0.4933224 0 255 0
0.2363817 0.0459469 0.4753209 0 255 0
-0.2150152 0.0238034 0.5293093 0 255 0
0.2495120 0.0312567 0.4901583 0 255 0
0.1996702 0.0292083 0.4755587 0 255 0
0.2190486 0.0536422 0.4645835 0 255 0
0.2763378 0.0380595 0.4887755 0 255 0
-0.1584430 0.0074856 0.5189663 0 255 0
0.2033456 -0.0446968 0.5160410 0 255 0
-0.2285659 -0.0023919 0.5468704 0 255 0
-0.2179503 -0.0454738 0.5396525 0 255 0
-0.1445060 -0.0476422 0.4962024 0 255 0
0.2181916 -0.0115263 0.4974286 0 255 0
-0.1673147 -0.0556396 0.5052993 0 255 0
0.2150153 -0.0033496 0.4981835 0 255 0
0.3373228 -0.0122042 0.5266833 0 255 0
0.2758417 -0.0657312 0.5393953 0 255 0
-0.2213989 -0.0137510 0.5387987 0 255 0
0.2829566 -0.0429587 0.5244283 0 255 0
0.3273482 0.0110972 0.5167903 0 255 0
-0.0875047 -0.0700760 0.4900128 0 255 0
-0.0945636 -0.0048047 0.5295414 0 255 0
0.3132651 -0.0095979 0.5195826 0 255 0
0.2641750 -0.1020186 0.5958843 0 255 0
-0.1293099 -0.0348922 0.5145068 0 255 0
0.2038410 0.0025243 0.5023393 0 255 0
0.2517513 0.0442580 0.4812453 0 255 0
-0.1383734 -0.0486991 0.4950929 0 255 0
-0.2141183 0.0225961 0.5301641 0 255 0
-0.0853250 -0.0567165 0.5043174 0 255 0
0.2341256 -0.0195763 0.4941012 0 255 0
-0.1211732 -0.0328876 0.5210555 0 255 0
-0.2251247 0.0238216 0.5297139 0 255 0
-0.1289992 0.0001597 0.4903756 0 255 0
-0.2102187 0.0213334 0.5297436 0 255 0
0.2078549 -0.0369315 0.5092856 0 255 0
0.2331714 -0.0436265 0.5177292 0 255 0
-0.1614702 0.0414689 0.5169605 0 255 0
0.2124240 -0.0443168 0.5116545 0 255 0
0.2527159 -0.1123207 0.5985534 0 255 0
-0.2147667 -0.0048531 0.5348778 0 255 0
-0.1645753 -0.0318221 0.5041729 0 255 0
0.1968021 0.0458979 0.4635458 0 255 0
0.3468603 -0.0302542 0.5395975 0 255 0
0.3159624 -0.0719240 0.5682979 0 255 0
0.2007067 0.0332946 0.4701439 0 255 0
0.2333123 -0.0219308 0.4948356 0 255 0
0.2133681 -0.0632066 0.5288764 0 255 0
-0.1878476 0.0474633 0.5160995 0 255 0
0.2055632 0.0311523 0.4711595 0 255 0
-0.1397570 -0.0264179 0.4917842 0 255 0
-0.1223732 0.0047796 0.4914959 0 255 0
0.2855891 -0.0116086 0.5009797 0 255 0
0.2177089 0.0392981 0.4759563 0 255 0
0.2538939 0.0603865 0.4746932 0 255 0
0.2876380 -0.0140054 0.5025051 0 255 0
-0.1340413 -0.0262030 0.4877843 0 255 0
0.2818857 0.0611420 0.4806325 0 255 0
-0.1533555 -0.0405233 0.4946973 0 255 0
-0.1420600 -0.0356611 0.4917663 0 255 0
-0.2029823 0.0629532 0.5239012 0 255 0
-0.1276417 -0.0750905 0.4852152 0 255 0
0.2963154 -0.0969503 0.5741608 0 255 0
-0.1348962 -0.0696805 0.5038031 0 255 0
-0.2294051 -0.0189542 0.5427827 0 255 0
0.2871761 -0.0783882 0.5667610 0 255 0
-0.0777981 -0.0602112 0.4940978 0 255 0
0.3466837 -0.0160067 0.5296543 0 255 0
-0.0862916 -0.0665731 0.4896548 0 255 0
0.3013763 0.0213879 0.5018170 0 255 0
0.1875478 -0.0752426 0.5631527 0 255 0
0.2381343 -0.0339141 0.5000843 0 255 0
-0.1743747 -0.0058904 0.5156565 0 255 0
0.2980900 -0.0717952 0.5672808 0 255 0
-0.2208411 -0.0506280 0.5405282 0 255 0
0.2686035 -0.0356202 0.5252414 0 255 0
0.2435679 0.0578200 0.4719537 0 255 0
-0.1696613 0.0321538 0.5235173 0 255 0
-0.2170752 0.0436138 0.5136097 0 255 0
0.1920240 -0.0796513 0.5569692 0 255 0
0.2009978 -0.0561083 0.5322731 0 255 0
-0.2044868 -0.0110565 0.5310008 0 255 0
-0.1411251 -0.0160421 0.4925312 0 255 0
-0.1213937 -0.0195010 0.4922014 0 255 0
-0.1496497 -0.0404630 0.4939618 0 255 0
0.2339672 -0.0351685 0.5012141 0 255 0
-0.0970390 -0.0433730 0.5294866 0 255 0
-0.1465504 -0.0573139 0.4991994 0 255 0
0.1962904 0.0355035 0.4701369 0 255 0
0.3325537 0.0074895 0.5192370 0 255 0
-0.1701046 -0.0104741 0.5030292 0 255 0
-0.2170890 0.0140684 0.5375198 0 255 0
0.2368287 0.0036144 0.4900964 0 255 0
0.1783083 0.0653959 0.4552135 0 255 0
0.2758767 -0.0174009 0.4983021 0 255 0
-0.1782988 0.0175167 0.5272608 0 255 0
0.3292217 -0.0022818 0.5216808 0 255 0
0.2721552 -0.0382412 0.5273463 0 255 0
-0.2430855 0.0090448 0.5392216 0 255 0
0.3325518 0.0050493 0.5192340 0 255 0
0.2031028 0.0439056 0.4655202 0 255 0
-0.0961984 -0.0095735 0.5182636 0 255 0
0.2874635 -0.0435683 0.5170389 0 255 0
-0.0995226 -0.0496039 0.5042924 0 255 0
0.3315240 -0.0567031 0.5630159 0 255 0
-0.0974882 -0.0217678 0.5186545 0 255 0
0.2422171 -0.1049998 0.5969122 0 255 0
0.2684103 0.0445863 0.4848158 0 255 0
-0.1411322 -0.0812017 0.5092396 0 255 0
0.1871541 -0.0688326 0.5541604 0 255 0
0.2928121 -0.0081143 0.5032905 0 255 0
-0.1779276 0.0391905 0.5189601 0 255 0
-0.1636339 -0.0555977 0.5049190 0 255 0
0.1899899 0.0318788 0.4821476 0 255 0
-0.2180515 0.0297584 0.5246594 0 255 0
0.2060683 0.0215888 0.4800640 0 255 0
0.3010114 -0.0771935 0.5677691 0 255 0
0.2594051 -0.0673803 0.5529284 0 255 0
-0.1270862 -0.0147313 0.4874521 0 255 0
0.2215355 0.0160901 0.4843220 0 255 0
0.2831555 -0.0386176 0.5158224 0 255 0
0.3387173 -0.0096982 0.5250131 0 255 0
0.3386062 -0.0047448 0.5229386 0 255 0
0.2798516 -0.1069932 0.5848089 0 255 0
0.2175724 -0.0888628 0.5656195 0 255 0
-0.1827147 -0.0010570 0.5221993 0 255 0
-0.1416714 -0.0736811 0.5068928 0 255 0
0.2777187 -0.0033304 0.4953300 0 255 0
0.2270171 -0.0266608 0.4963059 0 255 0
0.2389704 0.0312320 0.4897712 0 255 0
0.1991588 0.0072902 0.5054160 0 255 0
0.1754204 0.0506775 0.4674452 0 255 0
0.2946717 -0.0057624 0.5044519 0 255 0
-0.2237445 -0.0494389 0.5414147 0 255 0
-0.1088308 -0.0069353 0.5035536 0 255 0
0.2255029 -0.0021563 0.4929956 0 255 0
-0.2480978 0.0065428 0.5418774 0 255 0
-0.1793216 0.0574902 0.5302855 0 255 0
-0.1568809 -0.0806962 0.5060697 0 255 0
0.3289580 -0.0212044 0.5351947 0 255 0
-0.1077819 -0.0321754 0.5097713 0 255 0
-0.1127399 -0.0641257 0.4799482 0 255 0
0.2758630 -0.0774525 0.5599960 0 255 0
-0.1966880 0.0224528 0.5268010 0 255 0
-0.1533411 -0.0595672 0.4984242 0 255 0
0.2662884 0.0083146 0.4956916 0 255 0
0.2071987 -0.0742335 0.5555999 0 255 0
-0.1503669 -0.0137270 0.4925138 0 255 0
0.2448443 0.0267682 0.4923376 0 255 0
0.2467092 -0.1003400 0.5942356 0 255 0
0.2686426 -0.0531503 0.5277396 0 255 0
0.2749847 0.0071341 0.4945943 0 255 0
-0.1987428 0.0571633 0.5160849 0 255 0
-0.2001078 -0.0048026 0.5293066 0 255 0
-0.1588867 -0.0828817 0.5048956 0 255 0
-0.1979623 0.0472756 0.5140582 0 255 0
0.2055862 -0.0593817 0.5280164 0 255 0
0.2261716 -0.0149430 0.4944575 0 255 0
-0.1560062 -0.0965224 0.4957421 0 255 0
-0.0963455 -0.0291025 0.5190560 0 255 0
-0.1876015 -0.0544893 0.5056424 0 255 0
-0.1807701 -0.0059415 0.5201303 0 255 0
-0.1591683 0.0354230 0.5173650 0 255 0
0.2545156 0.0334619 0.4887220 0 255 0
0.2520222 -0.0234295 0.5020329 0 255 0
0.2575686 0.0267697 0.4923655 0 255 0
0.2793033 -0.0349538 0.5154153 0 255 0
-0.2073149 -0.0048258 0.5318622 0 255 0
0.2551915 0.0581975 0.4750350 0 255 0
0.2945244 -0.0883185 0.5706905 0 255 0
0.2670782 -0.0126883 0.4971618 0 255 0
0.2455810 -0.0507282 0.5157225 0 255 0
0.3151928 -0.0034744 0.5167456 0 255 0
0.2148105 -0.0210029 0.5004302 0 255 0
0.2509217 0.0001620 0.4975148 0 255 0
-0.1302103 -0.0372224 0.5132963 0 255 0
-0.1699741 -0.0116471 0.5026432 0 255 0
-0.1233585 -0.0878254 0.4862861 0 255 0
-0.2331195 0.0078685 0.5455131 0 255 0
0.2579526 0.0244923 0.4930996 0 255 0
0.3348255 0.0026175 0.5208755 0 255 0
-0.0495170 -0.0480930 0.5134628 0 255 0
0.1860932 0.0360936 0.4779517 0 255 0
-0.1939034 0.0296431 0.5226281 0 255 0
0.2903223 -0.1150365 0.5837857 0 255 0
-0.1295679 -0.0055765 0.4881820 0 255 0
0.2747761 0.0533892 0.4820115 0 255 0
-0.2018300 -0.0185277 0.5305684 0 255 0
0.3256508 -0.0198982 0.5338911 0 255 0
0.2471936 -0.0415003 0.5066248 0 255 0
-0.0982596 -0.0354519 0.5227588 0 255 0
0.2515973 0.0279052 0.4919866 0 255 0
-0.2151056 -0.0250017 0.5357219 0 255 0
-0.1406258 0.0086579 0.5161538 0 255 0
-0.0422877 -0.0541264 0.5134712 0 255 0
-0.2125404 -0.0441343 0.5387805 0 255 0
-0.2058310 0.0353047 0.5156372 0 255 0
-0.1051173 -0.0512697 0.4863715 0 255 0
0.1685265 0.0672515 0.4605966 0 255 0
-0.2059024 -0.0023244 0.5314381 0 255 0
-0.2427033 0.0176108 0.5300951 0 255 0
-0.1167098 -0.0746533 0.4823901 0 255 0
0.2899093 -0.0952672 0.5721551 0 255 0
-0.1598346 -0.0590667 0.5041480 0 255 0
0.2719975 0.0232483 0.4912953 0 255 0
0.2423488 0.0408037 0.4805169 0 255 0
-0.0649114 -0.0588207 0.5020489 0 255 0
0.2041106 -0.0321198 0.5088900 0 255 0
-0.1525035 -0.0672566 0.5033814 0 255 0
-0.1536753 -0.0785005 0.5072492 0 255 0
0.2069660 0.0311971 0.4718368 0 255 0
-0.1575871 -0.0685953 0.5045284 0 255 0
0.2517506 0.0431270 0.4812439 0 255 0
-0.1223968 -0.0279904 0.5210589 0 255 0
-0.1715776 0.0500892 0.5181733 0 255 0
-0.2452388 0.0066028 0.5468449 0 255 0
-0.2026013 0.0188292 0.5293304 0 255 0
0.2031412 0.0138219 0.5281031 0 255 0
0.2728589 -0.0021648 0.4949492 0 255 0
-0.2146701 0.0250069 0.5284598 0 255 0
0.2844128 -0.0466925 0.5248443 0 255 0
-0.1652068 -0.0367010 0.5061074 0 255 0
-0.1477755 -0.0440776 0.4954513 0 255 0
0.3379714 -0.0160061 0.5296368 0 255 0
-0.1070549 -0.0119990 0.5178285 0 255 0
0.2225088 -0.0794261 0.5646724 0 255 0
-0.1902763 -0.0648806 0.5033013 0 255 0
0.2816347 -0.0021698 0.4960850 0 255 0
0.2784203 -0.0724604 0.5520376 0 255 0
-0.0586505 -0.0512697 0.5090662 0 255 0
-0.2210489 0.0177702 0.5348920 0 255 0
-0.2035771 0.0026728 0.5318798 0 255 0
0.2921742 -0.0826685 0.5687227 0 255 0
0.2947965 0.0072213 0.5006429 0 255 0
-0.1386822 -0.0969629 0.4920660 0 255 0
0.2038205 0.0396699 0.4671652 0 255 0
0.2471004 0.0496582 0.4787985 0 255 0
-0.2131576 -0.0211567 0.5339913 0 255 0
0.2386775 -0.0254960 0.4963329 0 255 0
0.2121451 -0.0057079 0.4996846 0 255 0
0.2651237 0.0083146 0.4956891 0 255 0
0.2899866 -0.1056851 0.5776588 0 255 0
-0.2279343 0.0274449 0.5275847 0 255 0
0.1870033 0.0342193 0.4832015 0 255 0
0.2606019 0.0519118 0.4788308 0 255 0
-0.1671715 0.0212346 0.5272899 0 255 0
-0.2162064 0.0412644 0.5144104 0 255 0
-0.1704775 0.0062609 0.5185261 0 255 0
0.2681317 -0.1019279 0.5953545 0 255 0
-0.1500183 -0.0920206 0.5029708 0 255 0
0.3060864 -0.0731303 0.5672967 0 255 0
-0.1407444 0.0197600 0.5210778 0 255 0
0.2449391 -0.0328648 0.5020043 0 255 0
0.3611592 -0.0223560 0.5326712 0 255 0
0.2099464 0.0173035 0.4864392 0 255 0
-0.1802135 -0.0130573 0.5116191 0 255 0
-0.1458477 -0.0357408 0.4928659 0 255 0
0.2792197 0.0610524 0.4799275 0 255 0
0.2162143 0.0024903 0.4955721 0 255 0
0.2476861 0.0506732 0.4777609 0 255 0
0.2626014 0.0152916 0.4953200 0 255 0
0.2962576 0.0189283 0.4991455 0 255 0
0.2442201 -0.0818111 0.5720716 0 255 0
0.2111663 -0.0493934 0.5144411 0 255 0
0.2011328 0.0118769 0.4985486 0 255 0
0.3034165 0.0025487 0.5071961 0 255 0
-0.2384009 0.0225392 0.5288301 0 255 0
-0.1826624 0.0261054 0.5255749 0 255 0
-0.1871029 0.0175300 0.5276622 0 255 0
-0.2129696 0.0555546 0.5124317 0 255 0
0.2405464 -0.0506875 0.5153083 0 255 0
-0.1375266 -0.1015871 0.4920628 0 255 0
-0.1786315 0.0368970 0.5210130 0 255 0
0.2767023 -0.0600243 0.5337300 0 255 0
-0.2068120 -0.0376822 0.5370386 0 255 0
0.2715945 -0.0974696 0.5937612 0 255 0
-0.0916267 -0.0616944 0.4874704 0 255 0
-0.1423579 -0.0959490 0.4927974 0 255 0
-0.0841827 -0.0644169 0.4907588 0 255 0
0.1875294 0.0438405 0.4648298 0 255 0
0.2644053 -0.0641461 0.5367371 0 255 0
0.2498423 0.0233328 0.4930804 0 255 0
0.2331928 -0.0812434 0.5681019 0 255 0
-0.2180233 0.0226140 0.5305838 0 255 0
0.2566770 0.0571639 0.4757219 0 255 0
-0.1152460 -0.0280357 0.5219021 0 255 0
-0.1553293 -0.0311542 0.4935912 0 255 0
0.2602186 -0.1139369 0.5996575 0 255 0
0.2163404 -0.0197522 0.4985428 0 255 0
0.2525167 -0.0345983 0.5101731 0 255 0
0.2102278 -0.0713230 0.5532771 0 255 0
-0.0991413 -0.0564964 0.5023602 0 255 0
-0.0864185 -0.0747368 0.4903750 0 255 0
0.3471633 -0.0356168 0.5440414 0 255 0
0.2635280 0.0289766 0.4905532 0 255 0
0.2363222 -0.0351688 0.5012193 0 255 0
0.2653411 -0.0150586 0.4982819 0 255 0
0.2203814 0.0082509 0.4918939 0 255 0
0.2295205 -0.0290151 0.4966823 0 255 0
0.3037106 -0.0675659 0.5653524 0 255 0
-0.1375482 -0.0391574 0.4921401 0 255 0
0.2111315 -0.0057122 0.5000614 0 255 0
-0.1594936 0.0150158 0.5264542 0 255 0
-0.0904818 -0.0674209 0.4874658 0 255 0
-0.1647509 -0.0222088 0.5011081 0 255 0
-0.1087813 -0.0206132 0.5202731 0 255 0
-0.2281725 0.0355806 0.5196675 0 255 0
-0.1035941 -0.0804307 0.4899646 0 255 0
0.2117066 0.0379050 0.4725316 0 255 0
0.2598489 0.0551275 0.4774474 0 255 0
0.2140097 -0.0988707 0.5774977 0 255 0
0.3031545 -0.0022252 0.5087540 0 255 0
0.2772684 -0.1148303 0.5969769 0 255 0
0.2799689 -0.1089471 0.5879375 0 255 0
0.2140025 -0.0115522 0.4985479 0 255 0
-0.1332973 -0.0124865 0.4892554 0 255 0
0.1829173 -0.0668275 0.5820624 0 255 0
0.2552959 -0.1122198 0.5980158 0 255 0
0.2608142 0.0355230 0.4855014 0 255 0
-0.1615704 -0.0824373 0.5021881 0 255 0
0.1905822 0.0338479 0.4779574 0 255 0
0.2016798 -0.0093431 0.5057889 0 255 0
0.2631739 0.0187413 0.4942122 0 255 0
-0.0897361 -0.0734741 0.4896387 0 255 0
-0.1973100 0.0001721 0.5284672 0 255 0
0.2618009 -0.0715783 0.5552576 0 255 0
-0.1429719 0.0346577 0.5434911 0 255 0
-0.1471071 -0.0622414 0.5010958 0 255 0
-0.2194309 0.0153188 0.5370766 0 255 0
0.2995102 0.0178096 0.5006663 0 255 0
0.3167290 -0.0608758 0.5649077 0 255 0
0.2075291 0.0083375 0.4970548 0 255 0
-0.1174870 0.0071429 0.4952095 0 255 0
0.2643530 0.0024946 0.4964263 0 255 0
-0.1072942 0.0097045 0.5074646 0 255 0
0.2720557 0.0187139 0.4934922 0 255 0
-0.1008628 -0.0390000 0.5050775 0 255 0
-0.1147793 0.0048486 0.4985929 0 255 0
-0.1552227 -0.0056345 0.4932525 0 255 0
0.3193406 -0.0357897 0.5466829 0 255 0
0.2594243 -0.0750076 0.5613940 0 255 0
-0.1316294 -0.0562730 0.5003740 0 255 0
0.2402365 -0.0427222 0.5069976 0 255 0
0.2113496 0.0291260 0.4742188 0 255 0
0.2138879 0.0059837 0.4955713 0 255 0
0.2339915 -0.0416901 0.5089422 0 255 0
0.2740251 0.0024872 0.4949575 0 255 0
0.2695595 -0.0585789 0.5319934 0 255 0
0.2210346 -0.0021692 0.4959497 0 255 0
0.2151998 -0.0357637 0.5096969 0 255 0
-0.1749350 -0.0601548 0.5033408 0 255 0
0.2092800 -0.0296148 0.5069475 0 255 0
-0.1258636 -0.0291680 0.5202249 0 255 0
-0.1869824 -0.0010603 0.5238554 0 255 0
0.2883126 -0.0384980 0.5142250 0 255 0
0.2711028 -0.0290566 0.5182374 0 255 0
-0.1193527 -0.0195451 0.4933141 0 255 0
-0.1400761 -0.0125797 0.4929073 0 255 0
0.2527239 -0.0792633 0.5730885 0 255 0
0.2682866 0.0574986 0.4785073 0 255 0
0.3274352 -0.0199306 0.5347590 0 255 0
0.2080936 -0.0901109 0.5651119 0 255 0
-0.1409091 -0.0298841 0.4917774 0 255 0
0.2948342 -0.1059656 0.5791922 0 255 0
0.2517467 -0.0564147 0.5235104 0 255 0
-0.1267942 -0.0445285 0.5140979 0 255 0
0.2265861 -0.0449829 0.5193448 0 255 0
0.2618253 0.0059895 0.4960517 0 255 0
-0.1624469 -0.0627155 0.5049127 0 255 0
-0.1029878 -0.0513462 0.4870970 0 255 0
-0.2297055 0.0427385 0.5176255 0 255 0
0.2590995 0.0572058 0.4760705 0 255 0
0.2796994 -0.1182892 0.5932186 0 255 0
-0.1322389 -0.0388157 0.5026910 0 255 0
-0.2224205 0.0366577 0.5176340 0 255 0
-0.1177903 -0.0194670 0.5223219 0 255 0
0.2040843 0.0207168 0.4860720 0 255 0
-0.1629819 0.0001674 0.5140752 0 255 0
0.2784184 -0.1147269 0.5964391 0 255 0
-0.1120348 0.0037024 0.5020242 0 255 0
-0.1127998 -0.0194520 0.5219181 0 255 0
-0.1603840 0.0415018 0.5173699 0 255 0
-0.0930638 -0.0120758 0.5211431 0 255 0
0.2383145 -0.0351158 0.5004628 0 255 0
0.3172670 -0.0344194 0.5453240 0 255 0
-0.0987536 -0.0600135 0.4831595 0 255 0
0.2080373 -0.0972561 0.5759716 0 255 0
-0.1367512 0.0148273 0.5198440 0 255 0
-0.1207718 -0.0215783 0.5141411 0 255 0
0.2591057 0.0477569 0.4823211 0 255 0
0.2416135 -0.0427553 0.5073908 0 255 0
0.2197264 0.0105312 0.4904319 0 255 0
0.2236688 0.0105001 0.4889858 0 255 0
0.2763255 -0.0929776 0.5746225 0 255 0
0.3053582 0.0155752 0.5045043 0 255 0
0.2351447 -0.0351687 0.5012167 0 255 0
-0.1873395 -0.0705773 0.5017625 0 255 0
0.2474093 -0.0091899 0.4974955 0 255 0
-0.2160152 -0.0161640 0.5348610 0 255 0
0.2035886 -0.0057645 0.5046358 0 255 0
0.3305655 -0.0238354 0.5378101 0 255 0
-0.0907626 -0.0097740 0.5291173 0 255 0
0.1952941 0.0520314 0.4599939 0 255 0
0.2649921 0.0434463 0.4848069 0 255 0
-0.1484114 -0.0860510 0.5096126 0 255 0
-0.1610090 -0.0792008 0.5041205 0 255 0
-0.2002741 -0.0562369 0.5107242 0 255 0
-0.1450578 0.0184621 0.5190093 0 255 0
0.2066580 -0.0381279 0.5092814 0 255 0
0.1881699 0.0340202 0.4803899 0 255 0
-0.2486736 0.0139297 0.5322228 0 255 0
0.2072163 -0.0320460 0.5077209 0 255 0
0.3135495 -0.0650234 0.5663484 0 255 0
0.2193023 0.0393836 0.4769925 0 255 0
0.2777712 0.0255579 0.4913108 0 255 0
-0.2009555 -0.0362731 0.5348691 0 255 0
0.2611704 0.0508975 0.4798755 0 255 0
0.2350390 -0.0376958 0.5035101 0 255 0
0.2760330 -0.0965188 0.5796720 0 255 0
0.2447994 -0.1049057 0.5963776 0 255 0
0.2644713 -0.0491155 0.5243802 0 255 0
0.1887102 0.0581510 0.4571203 0 255 0
0.1773605 0.0632996 0.4555232 0 255 0
0.2398584 0.0255725 0.4915914 0 255 0
0.2674117 -0.0918880 0.5937558 0 255 0
0.2090992 -0.0068976 0.5008153 0 255 0
-0.1374131 0.0001628 0.5000545 0 255 0
-0.1990564 -0.0298924 0.5331445 0 255 0
-0.1145726 -0.0869438 0.4877504 0 255 0
-0.1564787 -0.0933095 0.4972436 0 255 0
0.2435323 -0.0138445 0.4967318 0 255 0
-0.1524150 0.0382977 0.5407918 0 255 0
-0.2155405 0.0555974 0.5128261 0 255 0
0.2140433 -0.0296154 0.5069579 0 255 0
0.3051893 -0.0976338 0.5782089 0 255 0
0.2548205 -0.0669218 0.5599629 0 255 0
-0.1095844 -0.0375524 0.5015939 0 255 0
0.3163889 0.0050057 0.5147457 0 255 0
0.2472305 -0.0493625 0.5141190 0 255 0
-0.2097542 0.0039448 0.5348997 0 255 0
-0.1225482 -0.0702214 0.4830920 0 255 0
-0.1623102 -0.0909709 0.4972337 0 255 0
0.2386768 -0.0266621 0.4963314 0 255 0
-0.1722920 -0.0866225 0.4991064 0 255 0
0.1926917 -0.0718937 0.5477207 0 255 0
0.2385947 -0.0114411 0.4937510 0 255 0
-0.1498780 -0.0724318 0.5064856 0 255 0
0.1851669 0.0429595 0.4671260 0 255 0
0.2808235 -0.0456768 0.5273561 0 255 0
-0.1760788 -0.0679635 0.4998810 0 255 0
-0.2182833 0.0508555 0.5136160 0 255 0
-0.1441002 -0.0549271 0.4988287 0 255 0
-0.1595917 -0.0542457 0.5033820 0 255 0
0.2589182 0.0256320 0.4927348 0 255 0
0.3046601 0.0179051 0.5033511 0 255 0
-0.2043349 0.0163810 0.5306062 0 255 0
-0.0407373 -0.0454330 0.5245412 0 255 0
-0.1494185 -0.0698367 0.5049326 0 255 0
-0.2071174 0.0435476 0.5128297 0 255 0
0.2733114 -0.1107218 0.5975147 0 255 0
-0.2058977 -0.0123141 0.5314258 0 255 0
-0.1422976 -0.0621953 0.5007245 0 255 0
-0.1778745 0.0261268 0.5260062 0 255 0
0.2343748 -0.0626881 0.5460078 0 255 0
0.2274008 0.0320483 0.4847105 0 255 0
0.1984268 0.0037359 0.5065752 0 255 0
0.2365747 0.0555205 0.4712613 0 255 0
0.2987546 -0.0941715 0.5736699 0 255 0
-0.1557697 0.0257379 0.5181764 0 255 0
0.2895968 0.0257896 0.4957642 0 255 0
-0.1389129 -0.0021739 0.4970231 0 255 0
0.2977213 -0.0898158 0.5716857 0 255 0
0.2626039 -0.0126976 0.4975270 0 255 0
0.2736334 0.0357090 0.4880436 0 255 0
0.2553815 -0.0174388 0.4993864 0 255 0
0.2598481 0.0540054 0.4774460 0 255 0
0.2881411 -0.0448888 0.5182577 0 255 0
-0.2413869 -0.0036767 0.5468406 0 255 0
0.1918332 0.0306787 0.4810948 0 255 0
0.2264915 -0.0021547 0.4926294 0 255 0
0.2835517 -0.0895779 0.5701712 0 255 0
0.2309404 0.0387125 0.4825986 0 255 0
-0.1709972 -0.0694565 0.5021835 0 255 0
0.3244134 -0.0634777 0.5644377 0 255 0
-0.1057573 -0.0107738 0.5174252 0 255 0
0.2031757 -0.0176893 0.5065592 0 255 0
0.2273859 0.0465919 0.4705555 0 255 0
0.3319283 -0.0122331 0.5279330 0 255 0
-0.1371862 0.0185506 0.5214975 0 255 0
0.2630277 0.0606947 0.4771160 0 255 0
0.2065877 -0.0696711 0.5504972 0 255 0
-0.1068232 -0.0397582 0.4996907 0 255 0
0.1954229 0.0560820 0.4577669 0 255 0
0.2830726 -0.0493548 0.5269351 0 255 0
0.1994565 0.0101641 0.5314946 0 255 0
0.3193415 -0.0345053 0.5466844 0 255 0
0.2066684 -0.0081174 0.5034834 0 255 0
0.2307299 0.0059087 0.4893585 0 255 0
0.1849379 0.0400923 0.4721387 0 255 0
0.2966157 0.0297550 0.5037324 0 255 0
0.2339354 0.0418399 0.4794521 0 255 0
0.2620785 -0.0626298 0.5345604 0 255 0
-0.1978434 -0.0630447 0.5075632 0 255 0
0.1914997 -0.0850869 0.5670277 0 255 0
0.1734476 0.0605889 0.4593159 0 255 0
-0.1510127 -0.0997924 0.4946290 0 255 0
0.3238167 -0.0160438 0.5308843 0 255 0
-0.1877738 -0.0612870 0.5029258 0 255 0
0.3072340 0.0097072 0.5076035 0 255 0
0.3521637 -0.0300584 0.5361044 0 255 0
0.2065929 0.0001630 0.5004383 0 255 0
0.3495578 -0.0329249 0.5418159 0 255 0
0.3027683 -0.0959380 0.5761839 0 255 0
-0.2131363 0.0568031 0.5128329 0 255 0
0.1992522 -0.0663621 0.5445725 0 255 0
0.2640236 -0.0761334 0.5599717 0 255 0
-0.1569542 0.0013754 0.5140900 0 255 0
-0.1223653 -0.0206266 0.4914644 0 255 0
0.2238364 -0.0767733 0.5646786 0 255 0
0.2281700 0.0520473 0.4698960 0 255 0
-0.1032103 -0.0778386 0.4881490 0 255 0
0.2792003 -0.1111210 0.5921601 0 255 0
0.2490560 0.0222072 0.4938155 0 255 0
-0.1714134 -0.0152134 0.5034058 0 255 0
0.2397735 0.0198856 0.4937924 0 255 0
0.2866217 0.0280560 0.4946456 0 255 0
0.2451365 -0.0521028 0.5173386 0 255 0
0.2079255 0.0311749 0.4715016 0 255 0
0.2847901 0.0572080 0.4855846 0 255 0
0.2509830 0.0397920 0.4819387 0 255 0
-0.0928741 -0.0514156 0.5489370 0 255 0
-0.1135642 -0.0782265 0.4834573 0 255 0
-0.1789030 0.0087527 0.5218050 0 255 0
0.2309733 -0.0475741 0.5209932 0 255 0
0.2028593 0.0541954 0.4600132 0 255 0
0.2875195 -0.0754657 0.5648227 0 255 0
-0.1079954 -0.0397579 0.4996881 0 255 0
0.2751848 -0.0021649 0.4949543 0 255 0
-0.0493625 -0.0515511 0.5118602 0 255 0
-0.1507849 0.0123347 0.5177625 0 255 0
0.3182867 0.0170086 0.5119689 0 255 0
0.2434605 -0.0244592 0.4989738 0 255 0
-0.1192720 0.0094275 0.4929803 0 255 0
0.2089909 0.0522169 0.4616338 0 255 0
0.2364725 -0.0841314 0.5695790 0 255 0
0.2091894 -0.0164112 0.5038635 0 255 0
-0.1830285 -0.0395946 0.5127781 0 255 0
0.2742046 -0.0672179 0.5411610 0 255 0
0.3245712 -0.0511486 0.5601381 0 255 0
0.2819793 -0.1166865 0.5921593 0 255 0
0.3027183 0.0037319 0.5060290 0 255 0
-0.1469448 -0.0465110 0.4965734 0 255 0
0.2261011 -0.0552224 0.5238691 0 255 0
0.1889398 0.0357830 0.4738385 0 255 0
-0.2020758 0.0630540 0.5247400 0 255 0
-0.1995355 -0.0437778 0.5344278 0 255 0
-0.1047827 -0.0640812 0.4796155 0 255 0
0.2446892 -0.0534861 0.5189651 0 255 0
0.2978169 -0.1074218 0.5797063 0 255 0
0.2160271 -0.0933293 0.5685397 0 255 0
0.3224845 -0.0551899 0.5610818 0 255 0
0.1862612 0.0540779 0.4590163 0 255 0
0.2158970 -0.0332914 0.5085218 0 255 0
-0.1577725 -0.0068036 0.4939871 0 255 0
-0.1835852 0.0549138 0.5177420 0 255 0
-0.0811482 -0.0526202 0.5480487 0 255 0
-0.1060168 -0.0429539 0.4959184 0 255 0
0.2489527 -0.0115453 0.4982477 0 255 0
-0.0548969 -0.0570742 0.5074982 0 255 0
-0.1172240 -0.0806747 0.4845156 0 255 0
-0.2384252 -0.0049535 0.5459362 0 255 0
0.2055748 0.0025167 0.5008192 0 255 0
-0.1982806 -0.0475449 0.5344259 0 255 0
-0.2119042 -0.0236662 0.5339909 0 255 0
-0.1001880 -0.0312208 0.5137736 0 255 0
-0.1892709 0.0088365 0.5268032 0 255 0
-0.1274678 -0.0032873 0.4889157 0 255 0
-0.1447139 0.0147684 0.5177789 0 255 0
0.1954063 0.0221686 0.4929571 0 255 0
-0.1165887 0.0071591 0.4963332 0 255 0
-0.1270838 -0.0291679 0.5202222 0 255 0
0.2675019 0.0333649 0.4873064 0 255 0
0.2043413 0.0450317 0.4658531 0 255 0
-0.1721178 0.0212342 0.5272790 0 255 0
0.2761188 -0.0614273 0.5350264 0 255 0
-0.1461542 -0.0635158 0.5018619 0 255 0
-0.0996665 -0.0632791 0.4820903 0 255 0
-0.2076001 0.0376100 0.5140250 0 255 0
-0.1457941 -0.0883094 0.5088260 0 255 0
-0.0745444 -0.0592289 0.4955935 0 255 0
0.3320014 -0.0454613 0.5549791 0 255 0
0.2596826 -0.0150695 0.4986436 0 255 0
-0.2131289 0.0423414 0.5128150 0 255 0
-0.1860347 0.0597402 0.5281453 0 255 0
-0.0485154 -0.0482808 0.5426970 0 255 0
0.2730643 -0.1092190 0.5969746 0 255 0
-0.1253911 -0.0480771 0.5132934 0 255 0
-0.1319659 -0.0450310 0.5061687 0 255 0
0.2916334 -0.0249744 0.5094850 0 255 0
0.2625207 0.0434139 0.4844455 0 255 0
-0.1372274 -0.0056561 0.4951502 0 255 0
-0.1917410 -0.0193838 0.5200895 0 255 0
-0.2388866 0.0151934 0.5326803 0 255 0
-0.1442392 -0.0672590 0.5033996 0 255 0
-0.1462751 0.0184620 0.5190066 0 255 0
-0.1044383 -0.0286492 0.5109718 0 255 0
0.1970891 -0.0535631 0.5318380 0 255 0
0.3601974 -0.0236266 0.5330979 0 255 0
-0.1736202 -0.0636540 0.5029540 0 255 0
0.2060518 0.0106573 0.4963060 0 255 0
-0.2464331 0.0201018 0.5300900 0 255 0
0.2312604 -0.0797020 0.5666338 0 255 0
-0.1359975 0.0111012 0.5169789 0 255 0
0.2218565 0.0526995 0.4659009 0 255 0
-0.2428265 0.0114473 0.5330967 0 255 0
-0.1993247 0.0497303 0.5144607 0 255 0
0.2303005 -0.0149098 0.4933592 0 255 0
0.3095367 -0.0977212 0.5787259 0 255 0
0.1872657 0.0448696 0.4641761 0 255 0
0.2419138 0.0221899 0.4934305 0 255 0
0.1730829 0.0675805 0.4555191 0 255 0
-0.1610589 0.0112415 0.5235103 0 255 0
-0.1470040 -0.0345826 0.4928647 0 255 0
0.3442023 -0.0084783 0.5258634 0 255 0
-0.1855702 0.0212159 0.5268267 0 255 0
0.2181556 -0.0792889 0.5636967 0 255 0
0.2712395 -0.1166529 0.5991330 0 255 0
0.3247487 -0.0358202 0.5471482 0 255 0
0.2632003 -0.0303448 0.5194431 0 255 0
0.2167411 0.0281337 0.4762841 0 255 0
0.2602675 -0.0103595 0.4975248 0 255 0
-0.1457419 -0.0264568 0.4925082 0 255 0
0.2118057 0.0269554 0.4752423 0 255 0
0.2853838 -0.0924174 0.5711600 0 255 0
0.3026888 0.0001654 0.5079725 0 255 0
-0.1540290 -0.0955745 0.4968700 0 255 0
0.3431630 -0.0427833 0.5540745 0 255 0
-0.2040655 0.0609441 0.5172969 0 255 0
-0.1900329 0.0126006 0.5289241 0 255 0
0.3242076 0.0038171 0.5175851 0 255 0
-0.1835269 -0.0763559 0.5009981 0 255 0
-0.2206622 -0.0455107 0.5400903 0 255 0
-0.2186809 -0.0377730 0.5383332 0 255 0
-0.1520574 -0.1020390 0.4942517 0 255 0
0.2705353 0.0574992 0.4785123 0 255 0
-0.0473594 -0.0471226 0.5440481 0 255 0
-0.1651078 0.0426831 0.5169540 0 255 0
-0.1060047 -0.0217670 0.5186357 0 255 0
0.2930205 0.0141936 0.4976268 0 255 0
0.2518046 -0.1035074 0.5963947 0 255 0
-0.1628316 -0.0402688 0.5061082 0 255 0
-0.1776794 0.0087527 0.5218077 0 255 0
-0.1687281 0.0013829 0.5168949 0 255 0
0.3360619 -0.0237778 0.5365101 0 255 0
0.2181903 -0.0138639 0.4974257 0 255 0
0.2143721 -0.0320470 0.5077366 0 255 0
0.2299295 -0.0797016 0.5666310 0 255 0
-0.1237571 -0.0447390 0.5165288 0 255 0
-0.1109393 -0.0057389 0.5023986 0 255 0
0.1913026 -0.0650597 0.5785041 0 255 0
0.2331485 0.0207655 0.4872131 0 255 0
0.3293347 0.0074718 0.5180072 0 255 0
-0.1770251 -0.0588815 0.5025676 0 255 0
0.2787267 0.0382298 0.4909629 0 255 0
-0.0962737 -0.0120185 0.5186692 0 255 0
0.2724006 -0.1137350 0.5985948 0 255 0
0.2413214 0.0387427 0.4829747 0 255 0
0.2552343 -0.0551418 0.5231043 0 255 0
0.2356903 0.0254960 0.4901209 0 255 0
-0.2237419 0.0602146 0.5323393 0 255 0
0.2170525 0.0259326 0.4769685 0 255 0
-0.1438543 -0.0837882 0.5104173 0 255 0
-0.1207220 -0.0818720 0.4848639 0 255 0
-0.2212170 -0.0150047 0.5383559 0 255 0
-0.1516927 -0.0610164 0.5007053 0 255 0
-0.1241366 -0.0727582 0.4848677 0 255 0
-0.1692992 -0.0763024 0.5006476 0 255 0
-0.1870779 -0.0300259 0.5139848 0 255 0
-0.2059018 -0.0035732 0.5314366 0 255 0
0.2591018 0.0605622 0.4760746 0 255 0
-0.1919094 0.0284832 0.5238813 0 255 0
-0.1223522 -0.0483041 0.5157167 0 255 0
-0.1409887 -0.1015855 0.4920552 0 255 0
0.2994219 -0.0731284 0.5672821 0 255 0
0.2453276 0.0106432 0.4956486 0 255 0
-0.2309046 0.0285924 0.5258899 0 255 0
-0.1242827 -0.0529425 0.5136911 0 255 0
-0.1683693 -0.0579690 0.5049056 0 255 0
0.2007206 -0.0576381 0.5348631 0 255 0
0.2063888 0.0531894 0.4606622 0 255 0
-0.1571124 0.0355072 0.5185944 0 255 0
-0.2465159 -0.0023918 0.5468310 0 255 0
0.2188130 -0.0673684 0.5423726 0 255 0
-0.1058686 0.0102588 0.5364487 0 255 0
0.2139674 0.0128357 0.4904222 0 255 0
0.2808227 -0.0469158 0.5273546 0 255 0
0.2016366 0.0060700 0.5027219 0 255 0
-0.2155225 -0.0543668 0.5275106 0 255 0
-0.2284309 0.0128047 0.5374932 0 255 0
-0.2277922 0.0238406 0.5301356 0 255 0
0.2349034 -0.1070257 0.5925977 0 255 0
-0.2343480 0.0115226 0.5366003 0 255 0
-0.1546776 0.0294142 0.5185922 0 255 0
-0.1117757 -0.0698658 0.4806453 0 255 0
-0.1596144 -0.0942623 0.4961088 0 255 0
-0.2104922 -0.0010800 0.5335882 0 255 0
-0.0989776 -0.0505342 0.5137497 0 255 0
-0.1503678 -0.0114125 0.4925166 0 255 0
-0.1633518 -0.0932361 0.4968524 0 255 0
0.2720815 -0.1018374 0.5948259 0 255 0
-0.0528832 -0.0502695 0.5110583 0 255 0
0.2201659 -0.0320231 0.5073586 0 255 0
0.2705431 0.0424641 0.4866055 0 255 0
-0.1644325 -0.0720384 0.5037353 0 255 0
0.1760704 0.0603793 0.4577275 0 255 0
0.3213782 -0.0331661 0.5457857 0 255 0
-0.1694288 -0.0751835 0.5010306 0 255 0
-0.1994770 0.0200088 0.5276381 0 255 0
0.1813423 0.0416483 0.4772563 0 255 0
0.2655391 -0.0174132 0.4986536 0 255 0
0.2208479 -0.0307601 0.5061927 0 255 0
-0.2283250 -0.0113114 0.5432436 0 255 0
0.2625062 0.0488911 0.4823300 0 255 0
0.2325559 -0.0378687 0.5058197 0 255 0
0.2264898 -0.0754475 0.5646861 0 255 0
-0.1374289 -0.0864948 0.4917134 0 255 0
0.2132743 0.0357612 0.4735502 0 255 0
0.1947891 0.0315564 0.4772719 0 255 0
0.2083240 -0.0176220 0.5046315 0 255 0
0.2806583 -0.0221851 0.5005730 0 255 0
0.3009706 -0.0842255 0.5702161 0 255 0
0.2371433 0.0418103 0.4791133 0 255 0
0.2799308 -0.0091843 0.4971943 0 255 0
-0.2058258 0.0077093 0.5344778 0 255 0
0.3182994 -0.0901203 0.5823334 0 255 0
0.2863366 -0.0798567 0.5677336 0 255 0
-0.1087537 -0.0419464 0.4977915 0 255 0
0.2457293 0.0547278 0.4739863 0 255 0
-0.1215055 -0.0668660 0.4834539 0 255 0
0.2270461 -0.0314911 0.4989291 0 255 0
0.3065817 -0.0860133 0.5732012 0 255 0
0.2572121 0.0444209 0.4830166 0 255 0
0.2782938 0.0599678 0.4802735 0 255 0
0.3191101 -0.0608243 0.5644294 0 255 0
-0.1758953 0.0038361 0.5201532 0 255 0
-0.0770410 -0.0745325 0.4966924 0 255 0
0.2336606 -0.0266215 0.4955744 0 255 0
0.2837549 0.0013262 0.4957213 0 255 0
0.2273899 -0.0327129 0.4996847 0 255 0
-0.1318975 -0.0370197 0.5105016 0 255 0
0.2018243 -0.0313104 0.5152489 0 255 0
-0.0894704 -0.0698152 0.4881891 0 255 0
0.2961949 -0.1059661 0.5791951 0 255 0
0.3200366 -0.0469207 0.5568226 0 255 0
0.2984133 -0.0057890 0.5067852 0 255 0
0.2585219 0.0036610 0.4964149 0 255 0
0.2123126 0.0324459 0.4738842 0 255 0
-0.1440090 0.0358754 0.5425930 0 255 0
-0.1670540 -0.0650367 0.5045120 0 255 0
0.2384423 0.0418410 0.4794644 0 255 0
0.2027994 -0.0603970 0.5370440 0 255 0
-0.1894458 0.0596434 0.5272900 0 255 0
0.2150340 -0.0345394 0.5093042 0 255 0
-0.0513162 -0.0485205 0.5453914 0 255 0
-0.0920044 -0.0072874 0.5291177 0 255 0
0.1907908 -0.0622644 0.5423175 0 255 0
-0.2037933 -0.0388491 0.5357296 0 255 0
0.2015308 0.0025398 0.5054154 0 255 0
0.2195532 0.0071057 0.4926257 0 255 0
0.2581165 -0.0234479 0.5024287 0 255 0
-0.1074226 -0.0711003 0.4813574 0 255 0
-0.1433289 -0.0137171 0.4921604 0 255 0
-0.1691606 -0.0649363 0.5037336 0 255 0
0.1884888 0.0449014 0.4645058 0 255 0
-0.1619399 -0.0977576 0.4960994 0 255 0
0.3522780 -0.0427848 0.5540944 0 255 0
0.2516643 -0.0718438 0.5676646 0 255 0
-0.1628101 0.0402855 0.5173631 0 255 0
-0.1250971 -0.0515742 0.5120898 0 255 0
-0.1251805 -0.0761189 0.4845037 0 255 0
0.2818833 0.0548040 0.4845059 0 255 0
-0.1015560 -0.0630474 0.4803250 0 255 0
-0.1387113 -0.0148738 0.4921691 0 255 0
-0.1985579 0.0187992 0.5284876 0 255 0
0.2553172 -0.0962418 0.5947961 0 255 0
0.3286492 -0.0277847 0.5408879 0 255 0
0.1954388 -0.0763256 0.5518481 0 255 0
0.2768734 0.0425595 0.4876984 0 255 0
0.2012681 -0.0022208 0.5077447 0 255 0
-0.0938793 -0.0786593 0.4932954 0 255 0
0.2558263 0.0233509 0.4934624 0 255 0
0.2806208 0.0450857 0.4902460 0 255 0
-0.2386241 -0.0036737 0.5463917 0 255 0
-0.2361276 0.0321704 0.5237874 0 255 0
0.2056919 -0.0456239 0.5128325 0 255 0
0.2641555 0.0048239 0.4960554 0 255 0
-0.1768496 -0.0153779 0.5088496 0 255 0
-0.1852374 0.0562631 0.5189666 0 255 0
0.2664593 0.0210485 0.4938523 0 255 0
0.3496819 -0.0315482 0.5400438 0 255 0
0.2308994 0.0024609 0.4897180 0 255 0
0.1707075 0.0685555 0.4548868 0 255 0
-0.1313280 -0.0631825 0.4992282 0 255 0
-0.1558126 -0.0843282 0.5064577 0 255 0
-0.1948018 0.0449657 0.5152717 0 255 0
0.2034256 0.0510949 0.4612974 0 255 0
0.3415737 -0.0427471 0.5536060 0 255 0
0.1780704 0.0458682 0.4745067 0 255 0
-0.1929546 -0.0462151 0.5335708 0 255 0
-0.1698083 -0.0453026 0.5092210 0 255 0
0.1989247 0.0550836 0.4584096 0 255 0
0.3321935 -0.0134844 0.5283548 0 255 0
0.2467128 0.0356256 0.4869040 0 255 0
-0.1776491 -0.0845968 0.5010009 0 255 0
0.2781817 -0.0600733 0.5341656 0 255 0
-0.0885238 -0.0630744 0.4892897 0 255 0
0.2696680 -0.0506302 0.5273228 0 255 0
-0.1997965 0.0559066 0.5156786 0 255 0
0.3487964 -0.0249587 0.5347996 0 255 0
-0.1806318 -0.0643900 0.4994952 0 255 0
-0.1079831 0.0037252 0.5051163 0 255 0
-0.1221902 0.0036193 0.4907610 0 255 0
-0.1889526 -0.0624682 0.5029218 0 255 0
-0.2335866 0.0139987 0.5348570 0 255 0
0.2745741 0.0094443 0.4938557 0 255 0
-0.1494283 -0.0334494 0.4932308 0 255 0
-0.2060780 0.0164207 0.5318913 0 255 0
0.2436183 0.0187537 0.4945399 0 255 0
0.3039968 -0.0646876 0.5634239 0 255 0
0.2409300 -0.0291262 0.4985837 0 255 0
-0.1580779 0.0318009 0.5177706 0 255 0
-0.1914524 0.0296434 0.5226334 0 255 0
0.2369360 -0.1059202 0.5942072 0 255 0
-0.1495413 -0.0311550 0.4936039 0 255 0
0.2520911 -0.0010070 0.4975185 0 255 0
0.2725238 -0.0344141 0.5256702 0 255 0
-0.1434292 -0.0334001 0.4925047 0 255 0
-0.1226387 -0.0691373 0.4834486 0 255 0
0.2795583 0.0360297 0.4924276 0 255 0
0.3220269 0.0026029 0.5179851 0 255 0
-0.1929366 -0.0570395 0.5071895 0 255 0
-0.1508339 -0.0711319 0.5057052 0 255 0
-0.1907128 0.0402807 0.5173005 0 255 0
0.2951227 -0.0069584 0.5052241 0 255 0
0.1765595 0.0573115 0.4589990 0 255 0
0.3008879 -0.0957699 0.5751743 0 255 0
0.3291091 -0.0097055 0.5254102 0 255 0
0.2839611 -0.0453871 0.5240107 0 255 0
-0.1982999 0.0354728 0.5180923 0 255 0
-0.1274945 -0.0362717 0.5169374 0 255 0
0.1760060 0.0763408 0.4632123 0 255 0
-0.1740679 -0.0394728 0.5112017 0 255 0
-0.1747294 -0.0249816 0.5096319 0 255 0
0.1913497 -0.0804671 0.5626734 0 255 0
-0.1758263 0.0187558 0.5272678 0 255 0
-0.1622195 -0.0150185 0.4969559 0 255 0
-0.1630525 -0.0855184 0.4995077 0 255 0
-0.1520579 -0.1008779 0.4942532 0 255 0
0.2012593 -0.0201159 0.5077226 0 255 0
-0.1146203 -0.0566037 0.4831263 0 255 0
0.2042062 -0.0224330 0.5061666 0 255 0
0.1672143 0.0747241 0.4599604 0 255 0
-0.2195879 -0.0288715 0.5374610 0 255 0
-0.1169662 -0.0782253 0.4834498 0 255 0
-0.2244673 0.0140565 0.5370640 0 255 0
0.2569849 0.0221914 0.4934635 0 255 0
-0.1473308 -0.0849200 0.5100120 0 255 0
0.3624275 -0.0331717 0.5458785 0 255 0
-0.1069257 -0.0022368 0.5113981 0 255 0
-0.1523873 -0.0660234 0.5029978 0 255 0
0.2613440 -0.0685075 0.5515431 0 255 0
0.2675797 -0.0405886 0.5256517 0 255 0
-0.1692183 0.0515945 0.5337458 0 255 0
0.2467895 0.0278838 0.4916094 0 255 0
0.2278416 -0.0231277 0.4955660 0 255 0
-0.1520813 -0.0393316 0.4943295 0 255 0
0.3130254 -0.0665252 0.5678086 0 255 0
0.2009617 0.0049301 0.5069719 0 255 0
-0.2080368 -0.0603506 0.5151063 0 255 0
0.1952645 -0.0718945 0.5477263 0 255 0
-0.1467887 -0.0218115 0.4921428 0 255 0
-0.1251819 -0.0715659 0.4845094 0 255 0
-0.1088317 -0.0033857 0.5035580 0 255 0
0.2220293 -0.0079899 0.4955719 0 255 0
0.2777762 -0.0395759 0.5286226 0 255 0
0.1942182 0.0386249 0.4678031 0 255 0
-0.0699448 -0.0674314 0.4959673 0 255 0
-0.1759399 -0.0796465 0.4994866 0 255 0
-0.1325406 -0.0460075 0.5038376 0 255 0
0.3027717 -0.0217537 0.5183184 0 255 0
0.3450390 -0.0412393 0.5508415 0 255 0
0.2101256 -0.0975982 0.5779975 0 255 0
-0.1730429 -0.0010504 0.5189209 0 255 0
-0.1385308 -0.0774938 0.5084643 0 255 0
-0.1075438 0.0121175 0.5086449 0 255 0
-0.2046525 -0.0534675 0.5187849 0 255 0
-0.1626826 0.0414687 0.5169579 0 255 0
-0.2017390 0.0533568 0.5144599 0 255 0
-0.1487794 -0.0560979 0.4988170 0 255 0
0.2082627 -0.0468658 0.5132360 0 255 0
0.2388622 -0.0414988 0.5066065 0 255 0
0.2798125 -0.0395131 0.5277836 0 255 0
0.2087140 -0.0092864 0.5027185 0 255 0
-0.2330905 0.0127835 0.5366046 0 255 0
-0.0831555 -0.0645135 0.4914948 0 255 0
-0.1619424 -0.0802617 0.5033445 0 255 0
0.1835392 -0.0714765 0.5754465 0 255 0
-0.2371432 -0.0088019 0.5459343 0 255 0
0.2680569 0.0401470 0.4862386 0 255 0
0.1778844 0.0552313 0.4596392 0 255 0
-0.0937038 -0.0684130 0.4863754 0 255 0
0.2688145 0.0001615 0.4960599 0 255 0
0.2036227 0.0470549 0.4642147 0 255 0
-0.1495705 0.0123347 0.5177652 0 255 0
-0.0459743 -0.0493772 0.5142722 0 255 0
0.1956014 0.0156034 0.5054185 0 255 0
-0.1581137 -0.0440423 0.4950553 0 255 0
0.2072198 -0.0033750 0.5019569 0 255 0
0.3483108 -0.0395823 0.5458396 0 255 0
0.2173862 -0.0874588 0.5651356 0 255 0
0.3474698 -0.0410683 0.5485566 0 255 0
-0.1278091 -0.0602133 0.5038305 0 255 0
0.2258496 -0.0397574 0.5148871 0 255 0
0.2299301 -0.0783704 0.5666326 0 255 0
0.2051462 -0.0344846 0.5084968 0 255 0
-0.1557678 0.0208673 0.5181703 0 255 0
-0.1484440 -0.0512937 0.4976927 0 255 0
0.3470311 -0.0357347 0.5458416 0 255 0
0.2174267 -0.0345398 0.5093095 0 255 0
0.3007110 -0.0828141 0.5697244 0 255 0
0.2160025 -0.0445596 0.5144576 0 255 0
-0.2030812 -0.0035674 0.5305842 0 255 0
-0.1093573 -0.0511175 0.4849270 0 255 0
-0.1358684 -0.0885407 0.4902466 0 255 0
0.2188997 0.0093927 0.4911593 0 255 0
-0.2197845 0.0090755 0.5410499 0 255 0
-0.1890978 -0.0613336 0.5033082 0 255 0
-0.1276268 -0.0953120 0.4895258 0 255 0
-0.0671135 -0.0586857 0.5008967 0 255 0
0.2615717 0.0388886 0.4847938 0 255 0
0.2624200 -0.0197862 0.4993990 0 255 0
0.2026063 -0.0520934 0.5172454 0 255 0
-0.2401100 0.0261828 0.5271329 0 255 0
-0.1023667 -0.0445567 0.5008367 0 255 0
-0.1330518 -0.0414312 0.5057812 0 255 0
-0.2030753 -0.0160343 0.5305688 0 255 0
0.1963508 -0.0620106 0.5401070 0 255 0
0.2340196 -0.0435582 0.5169191 0 255 0
-0.1128232 -0.0607873 0.4803030 0 255 0
-0.1585991 -0.0255084 0.4965753 0 255 0
-0.2217768 -0.0036497 0.5428185 0 255 0
0.2102115 -0.0175817 0.5034795 0 255 0
0.1923965 -0.0565172 0.5361519 0 255 0
-0.0971878 -0.0355085 0.5235940 0 255 0
-0.2434866 0.0139188 0.5318059 0 255 0
0.2879689 -0.0995581 0.5736395 0 255 0
0.1913355 -0.0836827 0.5665414 0 255 0
0.2018667 0.0438744 0.4651891 0 255 0
-0.1374529 -0.0183295 0.4917993 0 255 0
0.2072170 0.0094912 0.4963072 0 255 0
0.2837370 -0.0428906 0.5235972 0 255 0
0.2603234 -0.0783127 0.5662153 0 255 0
0.1924927 -0.0636449 0.5780008 0 255 0
0.1956384 0.0294413 0.4793529 0 255 0
0.2496784 -0.1094078 0.5980069 0 255 0
0.2498868 -0.0617712 0.5380225 0 255 0
-0.2270941 -0.0036739 0.5464171 0 255 0
0.2699746 -0.0079976 0.4960523 0 255 0
0.2724008 0.0209705 0.4920236 0 255 0
0.3135624 -0.0719853 0.5687827 0 255 0
-0.2093602 0.0459216 0.5124277 0 255 0
-0.1254887 -0.0493216 0.5136929 0 255 0
-0.1428184 -0.0068092 0.4943916 0 255 0
0.2023391 0.0354035 0.4688133 0 255 0
-0.1310942 0.0199665 0.5265228 0 255 0
0.2303246 -0.0825060 0.5676047 0 255 0
0.1868540 -0.0640369 0.5815605 0 255 0
-0.1507862 0.0159846 0.5177670 0 255 0
0.2008214 0.0138329 0.5285215 0 255 0
-0.1506976 -0.0346340 0.4935970 0 255 0
0.2647199 0.0552086 0.4781500 0 255 0
-0.2002147 0.0436170 0.5136468 0 255 0
0.2054192 0.0036907 0.5004401 0 255 0
-0.1330414 -0.0079413 0.4925590 0 255 0
0.2729972 -0.0825200 0.5677011 0 255 0
-0.1338775 -0.0480067 0.4999985 0 255 0
0.2658750 0.0520642 0.4802365 0 255 0
-0.1473328 -0.0404634 0.4939668 0 255 0
-0.1463145 -0.0946969 0.4983961 0 255 0
-0.1731831 0.0074910 0.5193413 0 255 0
-0.2119147 -0.0023357 0.5340173 0 255 0
-0.1315593 -0.0496351 0.5046091 0 255 0
0.2033316 -0.0188940 0.5069477 0 255 0
-0.2261539 -0.0062159 0.5441549 0 255 0
0.2793025 -0.0033354 0.4960785 0 255 0
0.1909356 0.0266623 0.4903888 0 255 0
0.2312419 0.0001597 0.4904443 0 255 0
-0.1127813 0.0013380 0.5001101 0 255 0
0.3527966 -0.0341423 0.5409330 0 255 0
0.2831236 -0.0234683 0.5028651 0 255 0
0.2940165 -0.0854888 0.5697064 0 255 0
0.2463519 -0.0521031 0.5173413 0 255 0
0.2762151 -0.0126793 0.4968074 0 255 0
-0.1158830 -0.0137497 0.4933290 0 255 0
0.3290330 -0.0238159 0.5373687 0 255 0
-0.1515184 -0.0229846 0.4924998 0 255 0
-0.1860137 0.0150623 0.5280857 0 255 0
0.2700722 -0.0233602 0.5005484 0 255 0
0.2610491 0.0001618 0.4967901 0 255 0
0.3036918 0.0274932 0.5056726 0 255 0
0.3013385 -0.1049764 0.5812508 0 255 0
0.2624104 -0.0379062 0.5227265 0 255 0
0.2037962 -0.0308764 0.5081062 0 255 0
-0.2251795 0.0449949 0.5156066 0 255 0
-0.1642521 -0.0174460 0.4995909 0 255 0
0.3005833 -0.1015290 0.5771813 0 255 0
0.3205205 0.0074365 0.5155621 0 255 0
0.3173754 0.0001681 0.5163505 0 255 0
0.2557675 -0.0635555 0.5424612 0 255 0
-0.1633758 -0.0732784 0.5041226 0 255 0
-0.1733733 -0.0521165 0.5056766 0 255 0
0.2264203 0.0518990 0.4685571 0 255 0
-0.0988494 -0.0803127 0.4892457 0 255 0
-0.2224708 -0.0314483 0.5383327 0 255 0
0.2324971 -0.0254569 0.4955733 0 255 0
0.2483061 -0.0720290 0.5691279 0 255 0
-0.1797109 0.0368676 0.5205978 0 255 0
-0.0516437 -0.0526302 0.5106612 0 255 0
-0.1253655 -0.0351404 0.5181662 0 255 0
0.2548570 0.0222078 0.4938283 0 255 0
0.2364266 -0.0538232 0.5222358 0 255 0
0.2231482 0.0227352 0.4804525 0 255 0
0.1804467 0.0653965 0.4552182 0 255 0
0.1974375 0.0581938 0.4574565 0 255 0
0.2459150 0.0408341 0.4808750 0 255 0
0.2024050 -0.0022072 0.5046376 0 255 0
-0.1307822 -0.0882141 0.4884384 0 255 0
0.3424249 -0.0022964 0.5250304 0 255 0
-0.1354925 0.0223511 0.5244157 0 255 0
-0.2400999 -0.0126711 0.5468323 0 255 0
0.2365216 -0.0290160 0.4966977 0 255 0
-0.1277001 -0.0456291 0.5128908 0 255 0
-0.0930627 -0.0169738 0.5211371 0 255 0
-0.1354526 -0.0102636 0.4929203 0 255 0
0.2336697 0.0254014 0.4883020 0 255 0
-0.1438539 -0.0849873 0.5104159 0 255 0
-0.1772469 -0.0773580 0.4998668 0 255 0
-0.1440432 -0.0903514 0.5068669 0 255 0
0.2952896 -0.0925813 0.5721732 0 255 0
-0.0952069 -0.0132582 0.5194898 0 255 0
0.2638488 -0.0367074 0.5231459 0 255 0
0.2480906 0.0527660 0.4763846 0 255 0
0.2657118 -0.0091768 0.4967887 0 255 0
-0.1917471 0.0212154 0.5268131 0 255 0
-0.1010632 -0.0022668 0.5182619 0 255 0
-0.2009538 -0.0400432 0.5348645 0 255 0
0.2154394 0.0483527 0.4662108 0 255 0
-0.1011898 -0.0527937 0.5008291 0 255 0
-0.1682281 -0.0344549 0.5080579 0 255 0
0.2823990 -0.0546558 0.5303148 0 255 0
-0.1142583 0.0001616 0.4963296 0 255 0
-0.0733253 -0.0673291 0.4952154 0 255 0
-0.0779741 -0.0568565 0.4952156 0 255 0
-0.1782037 -0.0588812 0.5025650 0 255 0
-0.1605051 0.0281505 0.5177607 0 255 0
0.2585335 0.0399100 0.4833677 0 255 0
0.2709085 -0.0481526 0.5273286 0 255 0
-0.1859053 0.0063304 0.5242850 0 255 0
-0.2258817 0.0177554 0.5344461 0 255 0
-0.2392304 0.0523881 0.5419554 0 255 0
0.1792208 0.0464159 0.4687776 0 255 0
0.1880267 0.0561190 0.4580687 0 255 0
0.3070113 0.0144118 0.5052765 0 255 0
-0.1768501 -0.0141823 0.5088511 0 255 0
0.2728019 -0.0495107 0.5285994 0 255 0
0.2105941 0.0334631 0.4725237 0 255 0
0.1790554 0.0447211 0.4741662 0 255 0
0.2184274 0.0139057 0.4875325 0 255 0
-0.2157025 0.0435800 0.5132114 0 255 0
0.2726726 -0.0885805 0.5812083 0 255 0
-0.0656864 -0.0690143 0.4989862 0 255 0
0.2466867 0.0419034 0.4801805 0 255 0
-0.2147579 -0.0224477 0.5348560 0 255 0
-0.2155740 -0.0549879 0.5216438 0 255 0
0.3008428 -0.0229173 0.5170938 0 255 0
-0.1671696 0.0162784 0.5272838 0 255 0
0.3345068 -0.0426743 0.5526628 0 255 0
0.3383436 0.0026258 0.5225330 0 255 0
0.3058038 0.0073160 0.5072072 0 255 0
0.3171050 0.0074132 0.5139483 0 255 0
0.2135080 -0.0332911 0.5085166 0 255 0
-0.1074581 0.0025540 0.5082400 0 255 0
-0.1747117 0.0334100 0.5239252 0 255 0
-0.2278570 0.0066198 0.5482528 0 255 0
0.2372926 0.0346075 0.4886832 0 255 0
-0.2192320 -0.0237814 0.5365898 0 255 0
0.3252249 -0.0344490 0.5457926 0 255 0
-0.1935573 -0.0525416 0.5216953 0 255 0
-0.1304732 -0.0579786 0.5049890 0 255 0
0.1928314 -0.0850873 0.5670307 0 255 0
-0.0909611 -0.0577228 0.5027609 0 255 0
0.2432202 0.0588449 0.4712800 0 255 0
0.2063265 -0.0827627 0.5603132 0 255 0
-0.1842351 0.0063153 0.5230365 0 255 0
-0.2084094 -0.0427990 0.5379086 0 255 0
0.2218563 -0.0267407 0.4977934 0 255 0
0.1906140 -0.0677511 0.5454536 0 255 0
0.2646806 0.0289767 0.4905557 0 255 0
0.2335456 -0.0009927 0.4904480 0 255 0
-0.1799350 -0.0531397 0.5041112 0 255 0
0.2778108 -0.1083382 0.5921605 0 255 0
0.1870396 -0.0657311 0.5499997 0 255 0
0.2960308 0.0153979 0.4987634 0 255 0
0.2767621 -0.0044976 0.4956987 0 255 0
0.2837646 -0.0115821 0.4998369 0 255 0
0.2325252 0.0299912 0.4883052 0 255 0
0.2560298 0.0278849 0.4916296 0 255 0
0.2598827 -0.0233946 0.5012869 0 255 0
-0.1920472 0.0063709 0.5276375 0 255 0
0.2825892 0.0001614 0.4957172 0 255 0
-0.1987067 -0.0047987 0.5288835 0 255 0
-0.1935930 0.0437551 0.5152729 0 255 0
-0.2057568 0.0483308 0.5124387 0 255 0
0.3068959 -0.0650217 0.5663338 0 255 0
-0.1687817 -0.0842787 0.4991170 0 255 0
0.1966536 -0.0591820 0.5374702 0 255 0
0.2732679 -0.0044976 0.4956911 0 255 0
0.2491175 -0.0820977 0.5740756 0 255 0
0.1885805 0.0602578 0.4568060 0 255 0
-0.1879187 -0.0589689 0.5033138 0 255 0
0.3186554 -0.0047219 0.5204202 0 255 0
0.2427833 0.0312790 0.4905080 0 255 0
0.2738256 -0.0469894 0.5281813 0 255 0
0.3424812 -0.0329781 0.5426917 0 255 0
0.3405869 -0.0398778 0.5499150 0 255 0
0.1753602 0.0594272 0.4586798 0 255 0
-0.1988690 0.0001724 0.5293155 0 255 0
-0.1246437 -0.0279459 0.5202292 0 255 0
0.2744432 0.0501373 0.4834177 0 255 0
-0.1037119 -0.0332192 0.5074179 0 255 0
0.2409077 0.0596535 0.4689314 0 255 0
-0.1977970 -0.0499344 0.5331224 0 255 0
-0.2074822 -0.0060804 0.5322914 0 255 0
-0.1902454 0.0355581 0.5193387 0 255 0
0.2240830 0.0446023 0.4729072 0 255 0
-0.2247218 0.0027482 0.5468853 0 255 0
-0.0721569 -0.0536248 0.5203112 0 255 0
-0.0629890 -0.0544774 0.5055327 0 255 0
-0.1177832 -0.0415563 0.5222903 0 255 0
0.2459908 -0.0833003 0.5730687 0 255 0
-0.1656143 -0.0708546 0.5037341 0 255 0
0.2738225 0.0071340 0.4945917 0 255 0
0.2493342 -0.0835192 0.5745750 0 255 0
0.3017903 -0.0800683 0.5692381 0 255 0
0.2139607 -0.0198571 0.5011906 0 255 0
0.2662922 0.0141386 0.4956988 0 255 0
-0.1158841 -0.0102722 0.4933333 0 255 0
-0.1059233 -0.0132262 0.5182377 0 255 0
-0.1922065 0.0175437 0.5280752 0 255 0
-0.2100785 -0.0300372 0.5357267 0 255 0
-0.2453868 0.0176248 0.5305175 0 255 0
-0.1509430 -0.0902095 0.5060710 0 255 0
0.2293842 -0.0879912 0.5685755 0 255 0
-0.1325441 -0.0353535 0.5038509 0 255 0
-0.1177515 0.0182990 0.5508103 0 255 0
0.2798385 0.0001612 0.4949673 0 255 0
0.2587639 -0.0721851 0.5599650 0 255 0
0.3313543 -0.0413061 0.5517330 0 255 0
-0.1468344 -0.0453101 0.4962002 0 255 0
0.2446239 -0.0493235 0.5137127 0 255 0
0.2643491 -0.0033377 0.4964190 0 255 0
-0.1444843 0.0086713 0.5169572 0 255 0
0.3371050 -0.0185845 0.5321936 0 255 0
-0.2278328 0.0189648 0.5331418 0 255 0
0.2390589 0.0232968 0.4923206 0 255 0
-0.2233698 -0.0263455 0.5374559 0 255 0
0.1691576 0.0752290 0.4564658 0 255 0
-0.1283010 -0.0592567 0.5057696 0 255 0
0.2675364 -0.0627330 0.5354406 0 255 0
-0.1579952 -0.0428470 0.4946842 0 255 0
-0.0554772 -0.0488030 0.5485672 0 255 0
-0.0612829 -0.0669760 0.5012812 0 255 0
0.2318311 -0.0462771 0.5201744 0 255 0
0.2203564 -0.0220288 0.4970453 0 255 0
-0.1860204 -0.0717017 0.5013809 0 255 0
-0.1709888 -0.0935869 0.4987216 0 255 0
0.2371304 0.0387988 0.4836738 0 255 0
0.2188693 -0.0021708 0.4963183 0 255 0
-0.1211683 -0.0488021 0.5210343 0 255 0
0.2706424 -0.0318675 0.5244150 0 255 0
0.2266604 -0.0033147 0.4929967 0 255 0
-0.1972273 -0.0525408 0.5216872 0 255 0
-0.1956088 0.0212320 0.5272247 0 255 0
-0.1487109 0.0221205 0.5190058 0 255 0
0.2864617 -0.1151368 0.5842948 0 255 0
-0.1824646 0.0573048 0.5285749 0 255 0
0.2378429 0.0482508 0.4760129 0 255 0
-0.1865880 -0.0754657 0.5029109 0 255 0
-0.1873422 -0.0646832 0.5017698 0 255 0
0.2559273 0.0550070 0.4764045 0 255 0
0.2408705 0.0418718 0.4798185 0 255 0
-0.1778062 -0.0310888 0.5116020 0 255 0
-0.1883408 0.0187698 0.5276610 0 255 0
0.1962420 -0.0748413 0.5504682 0 255 0
-0.1150741 -0.0033270 0.4948291 0 255 0
-0.2054620 -0.0566761 0.5147128 0 255 0
-0.0993981 -0.0564487 0.5355019 0 255 0
-0.1498086 0.0184471 0.5185893 0 255 0
0.3019047 -0.1046997 0.5797186 0 255 0
-0.0734949 -0.0513770 0.5485244 0 255 0
-0.1728244 -0.0692442 0.5006486 0 255 0
-0.2360565 -0.0139446 0.5463846 0 255 0
0.1925893 0.0500082 0.4612723 0 255 0
0.2455585 0.0419032 0.4801780 0 255 0
-0.1018716 -0.0265163 0.5161954 0 255 0
-0.1564645 0.0001669 0.5124859 0 255 0
0.2167050 -0.0408380 0.5132620 0 255 0
-0.1692908 -0.0638018 0.5041214 0 255 0
-0.1416128 0.0050114 0.5153376 0 255 0
0.2754343 -0.0982463 0.5900466 0 255 0
0.1906796 -0.0820692 0.5645993 0 255 0
-0.2026619 0.0114400 0.5327554 0 255 0
-0.1757531 -0.0034945 0.5197329 0 255 0
0.2479384 -0.0941624 0.5905203 0 255 0
0.2878367 0.0552923 0.4888233 0 255 0
0.2135245 0.0013308 0.4974342 0 255 0
-0.2237438 -0.0507109 0.5414131 0 255 0
0.2892585 0.0511522 0.4932036 0 255 0
-0.1783540 -0.0468605 0.5131785 0 255 0
-0.1250542 0.0117440 0.4929704 0 255 0
-0.1292770 -0.0147202 0.4870860 0 255 0
0.2122609 -0.0406788 0.5112617 0 255 0
0.2231082 0.0516414 0.4662316 0 255 0
0.2763228 -0.1022220 0.5889888 0 255 0
-0.1214362 -0.0892327 0.4877325 0 255 0
-0.1358050 -0.0642565 0.4984595 0 255 0
-0.1047067 -0.0629086 0.4792674 0 255 0
0.3205968 -0.0022727 0.5196077 0 255 0
0.2422753 0.0199007 0.4941679 0 255 0
0.1761698 0.0653952 0.4552088 0 255 0
-0.1384996 -0.0275529 0.4914178 0 255 0
-0.1431891 0.0209843 0.5210739 0 255 0
-0.1503638 -0.0218275 0.4925038 0 255 0
0.3146718 0.0097903 0.5119520 0 255 0
0.2934621 0.0118728 0.4983767 0 255 0
0.2702721 -0.0627846 0.5358818 0 255 0
0.2388700 0.0059397 0.4919316 0 255 0
-0.0935782 -0.0318437 0.5240238 0 255 0
0.3053346 0.0084947 0.5064290 0 255 0
-0.1503656 -0.0171987 0.4925095 0 255 0
0.2083341 -0.0418145 0.5104598 0 255 0
0.3441941 -0.0160065 0.5296488 0 255 0
0.2012675 -0.0034139 0.5077432 0 255 0
0.1888342 -0.0680322 0.5477170 0 255 0
0.2148500 0.0358387 0.4745760 0 255 0
0.2380164 -0.0842046 0.5700750 0 255 0
0.2137277 0.0071428 0.4952002 0 255 0
0.2770053 -0.1023263 0.5817139 0 255 0
-0.2257351 0.0343598 0.5196714 0 255 0
0.2124089 0.0464561 0.4691838 0 255 0
-0.1803480 -0.0263008 0.5120011 0 255 0
-0.1021937 -0.0217330 0.5178271 0 255 0
-0.1067998 -0.0616920 0.4785664 0 255 0
-0.1914766 0.0438242 0.5160871 0 255 0
0.2445198 -0.0080027 0.4963699 0 255 0
0.3277593 -0.0538728 0.5610949 0 255 0
-0.1673133 -0.0592010 0.5052949 0 255 0
-0.1651432 0.0285319 0.5247769 0 255 0
-0.1322957 -0.0701128 0.4984600 0 255 0
-0.1658714 -0.0638517 0.5045161 0 255 0
-0.1217299 0.0196095 0.5512651 0 255 0
-0.1213264 -0.0690361 0.4827413 0 255 0
0.2094841 0.0025072 0.4989327 0 255 0
-0.1241362 -0.0738973 0.4848663 0 255 0
0.2370500 0.0408623 0.4812064 0 255 0
-0.1753700 -0.0487772 0.5080230 0 255 0
-0.1184474 -0.0818729 0.4848689 0 255 0
-0.1348253 0.0271527 0.5466610 0 255 0
-0.2020576 0.0582841 0.5152722 0 255 0
0.2986519 -0.0702812 0.5658232 0 255 0
0.1875505 -0.0686273 0.5631608 0 255 0
-0.1201490 -0.0206421 0.4918345 0 255 0
-0.1612619 -0.0650883 0.5049124 0 255 0
0.2892537 -0.0799265 0.5682295 0 255 0
-0.1773748 0.0524407 0.5173476 0 255 0
-0.1461949 -0.0914003 0.5060800 0 255 0
-0.1738655 -0.0703665 0.5002636 0 255 0
0.2446056 0.0356516 0.4872590 0 255 0
0.2026099 -0.0448019 0.5172545 0 255 0
0.2651229 0.0071498 0.4956876 0 255 0
0.2127938 -0.0674779 0.5432537 0 255 0
-0.1374180 -0.0522676 0.4958378 0 255 0
0.3084472 -0.0991674 0.5792304 0 255 0
-0.0998431 -0.0205327 0.5182420 0 255 0
-0.1108568 0.0025227 0.5020254 0 255 0
-0.2188767 -0.0048888 0.5388152 0 255 0
0.2337954 -0.0868067 0.5695698 0 255 0
-0.1830070 0.0026283 0.5230346 0 255 0
-0.2024683 0.0496131 0.5132480 0 255 0
-0.1259432 -0.0135860 0.4874560 0 255 0
0.2279845 -0.0114320 0.4933584 0 255 0
-0.2095255 0.0115426 0.5375333 0 255 0
-0.1682543 -0.0247330 0.5045608 0 255 0
-0.1335770 -0.0373489 0.4988762 0 255 0
-0.1362602 -0.0371230 0.4958591 0 255 0
0.2736196 0.0106126 0.4942251 0 255 0
-0.1445983 -0.0943403 0.4965193 0 255 0
-0.1129772 -0.0268524 0.5227387 0 255 0
0.2409528 -0.0388798 0.5035216 0 255 0
0.2106977 -0.0745488 0.5579600 0 255 0
-0.0552383 -0.0514297 0.5106549 0 255 0
0.3401774 -0.0371080 0.5471804 0 255 0
-0.1612596 -0.0710193 0.5049051 0 255 0
-0.1116065 -0.0045376 0.5001054 0 255 0
0.2234837 0.0183395 0.4836187 0 255 0
-0.1738108 -0.0082297 0.5104466 0 255 0
0.2344773 0.0368221 0.4875984 0 255 0
0.2718865 0.0413514 0.4869662 0 255 0
0.2587225 0.0388026 0.4837211 0 255 0
-0.1558319 -0.0021987 0.5026860 0 255 0
0.2613600 0.0498060 0.4802238 0 255 0
0.2338457 0.0300136 0.4886699 0 255 0
-0.1325029 0.0185803 0.5223340 0 255 0
-0.2183752 0.0214017 0.5314401 0 255 0
0.1885132 -0.0809502 0.5660517 0 255 0
-0.1381799 -0.0079710 0.4944003 0 255 0
-0.1819391 0.0475019 0.5165182 0 255 0
-0.1216276 0.0182987 0.5508018 0 255 0
0.2984608 0.0001644 0.5048536 0 255 0
-0.1227869 -0.0113206 0.4885527 0 255 0
0.2979368 -0.0671616 0.5619696 0 255 0
0.2191984 -0.0045100 0.4970645 0 255 0
0.2040768 -0.0470113 0.5148304 0 255 0
-0.2072026 0.0353322 0.5160393 0 255 0
-0.0516440 -0.0502307 0.5106642 0 255 0
0.2380965 0.0429053 0.4787691 0 255 0
0.2717765 -0.0520361 0.5290182 0 255 0
0.2726461 -0.1180609 0.5991343 0 255 0
0.2496681 0.0397627 0.4815840 0 255 0
0.2571754 -0.1034158 0.5958672 0 255 0
0.2369890 0.0514210 0.4743038 0 255 0
0.1964459 -0.0824790 0.5583919 0 255 0
-0.1953066 0.0088861 0.5297610 0 255 0
0.2448760 -0.0389400 0.5043004 0 255 0
0.1942268 0.0325836 0.4758941 0 255 0
0.2076178 -0.0419117 0.5116469 0 255 0
0.3069835 0.0049514 0.5091638 0 255 0
-0.1567172 -0.0428150 0.4943149 0 255 0
0.2661277 -0.0479601 0.5252207 0 255 0
-0.2121951 -0.0390069 0.5379050 0 255 0
0.2715941 0.0255192 0.4905666 0 255 0
0.2768912 -0.0357353 0.5269384 0 255 0
-0.1100888 -0.0206294 0.5206823 0 255 0
0.2526941 0.0094931 0.4964094 0 255 0
-0.2003022 0.0319461 0.5201343 0 255 0
0.2563607 -0.0679491 0.5575961 0 255 0
-0.2444723 0.0372411 0.5258723 0 255 0
-0.1289906 -0.0263404 0.4903428 0 255 0
-0.1536836 -0.0684388 0.5033773 0 255 0
-0.1386680 -0.0644999 0.5003483 0 255 0
-0.2269898 0.0320950 0.5225599 0 255 0
0.1729763 0.0568252 0.4638331 0 255 0
-0.1469083 0.0062418 0.5169489 0 255 0
0.3430236 -0.0413080 0.5517585 0 255 0
-0.1273438 -0.0928053 0.4884402 0 255 0
0.2788107 -0.1143138 0.5942917 0 255 0
0.2600559 0.0344326 0.4862140 0 255 0
-0.1743370 -0.0443461 0.5119920 0 255 0
-0.1056455 0.0037686 0.5110108 0 255 0
0.3593232 -0.0260685 0.5318040 0 255 0
0.2569239 -0.0260468 0.5070562 0 255 0
-0.1385979 -0.0044994 0.4958959 0 255 0
-0.1140318 -0.0653483 0.4806459 0 255 0
-0.1518498 -0.0021754 0.4973708 0 255 0
-0.1301259 -0.0314627 0.5177536 0 255 0
-0.1541744 -0.0241958 0.4936023 0 255 0
0.2706942 0.0198586 0.4931218 0 255 0
-0.1218223 -0.0101879 0.4892835 0 255 0
-0.1125115 -0.0443856 0.4989139 0 255 0
0.2633843 0.0013291 0.4967966 0 255 0
0.2820608 -0.0391376 0.5227680 0 255 0
-0.1911362 0.0248496 0.5251346 0 255 0
-0.2436154 0.0089711 0.5348287 0 255 0
0.2555272 -0.1137280 0.5985578 0 255 0
0.2007042 0.0089152 0.5314957 0 255 0
0.2220236 0.0426238 0.4756281 0 255 0
0.2658131 -0.1063150 0.5964220 0 255 0
0.1988675 0.0406516 0.4658357 0 255 0
0.3041427 0.0061147 0.5064234 0 255 0
-0.1987073 -0.0035560 0.5288850 0 255 0
-0.1634942 0.0025914 0.5156909 0 255 0
-0.1128677 0.0036911 0.5004935 0 255 0
-0.1818292 -0.0323659 0.5127897 0 255 0
0.2014356 -0.0521462 0.5301377 0 255 0
0.2535068 0.0221911 0.4934559 0 255 0
0.2034441 -0.0408358 0.5132344 0 255 0
0.2046171 -0.0057601 0.5042521 0 255 0
0.2448833 -0.0150231 0.4971078 0 255 0
0.2163399 -0.0458400 0.5152612 0 255 0
-0.1335774 -0.0361768 0.4988777 0 255 0
-0.1072901 -0.0057966 0.5074454 0 255 0
-0.2466312 0.0188714 0.5305162 0 255 0
-0.1301287 0.0259550 0.5484945 0 255 0
0.2211999 -0.0045033 0.4963205 0 255 0
0.2255159 -0.0184699 0.4955666 0 255 0
0.3202487 -0.0134514 0.5270624 0 255 0
-0.0958560 -0.0586149 0.5439273 0 255 0
-0.1749355 -0.0589723 0.5033423 0 255 0
0.3086766 0.0203798 0.5060626 0 255 0
-0.1471658 -0.0500867 0.4973203 0 255 0
-0.2058078 -0.0299646 0.5344311 0 255 0
0.2264422 0.0466250 0.4708894 0 255 0
-0.1409116 -0.0229512 0.4917860 0 255 0
0.2165852 0.0292318 0.4759414 0 255 0
-0.1758451 -0.0624240 0.5025658 0 255 0
-0.1515233 -0.0102552 0.4925156 0 255 0
0.2299288 -0.0810328 0.5666293 0 255 0
0.2011176 0.0510586 0.4609699 0 255 0
0.2493844 -0.0379006 0.5062450 0 255 0
0.2278169 -0.0741212 0.5646906 0 255 0
-0.1479638 0.0307551 0.5206627 0 255 0
-0.1856077 0.0026304 0.5234457 0 255 0
0.2225082 0.0384298 0.4790746 0 255 0
0.1981930 0.0165128 0.4970444 0 255 0
0.2099634 0.0483514 0.4661988 0 255 0
-0.0591567 -0.0625040 0.5032097 0 255 0
0.3237318 -0.0358498 0.5476003 0 255 0
-0.1732642 -0.0285298 0.5088412 0 255 0
0.2448189 -0.0233045 0.4993561 0 255 0
-0.2232838 0.0390289 0.5168204 0 255 0
0.2376892 -0.0278491 0.4967017 0 255 0
0.1778850 0.0563115 0.4596405 0 255 0
0.2691994 0.0401472 0.4862411 0 255 0
-0.2286215 0.0286156 0.5263163 0 255 0
-0.1372464 -0.0217635 0.4910606 0 255 0
0.2842581 0.0602765 0.4827459 0 255 0
0.2435451 0.0451238 0.4784365 0 255 0
0.2017106 -0.0473065 0.5180627 0 255 0
-0.1456963 0.0074566 0.5169531 0 255 0
0.2686092 -0.0044975 0.4956809 0 255 0
0.3520464 -0.0339475 0.5378474 0 255 0
-0.1312560 -0.0530696 0.5034457 0 255 0
0.1979454 0.0107868 0.5023366 0 255 0
-0.1500789 -0.0987796 0.4953784 0 255 0
-0.1942752 -0.0582757 0.5075770 0 255 0
-0.1951415 0.0236530 0.5259652 0 255 0
-0.1745321 -0.0647363 0.5021816 0 255 0
-0.1940649 0.0101310 0.5297652 0 255 0
-0.0799356 -0.0635498 0.4929774 0 255 0
-0.2500889 0.0102359 0.5352519 0 255 0
-0.2489229 0.0275754 0.5300937 0 255 0
-0.1390906 -0.0670550 0.5018730 0 255 0
-0.2323162 0.0439891 0.5180295 0 255 0
0.2077712 -0.0260013 0.5061700 0 255 0
0.3432374 -0.0121948 0.5262762 0 255 0
-0.1264808 -0.0363290 0.5177541 0 255 0
-0.1600759 -0.0698335 0.5049092 0 255 0
0.2114489 -0.0127815 0.5008131 0 255 0
0.1957882 0.0696432 0.4769773 0 255 0
0.2683729 -0.1048200 0.5958900 0 255 0
-0.1606926 -0.0079943 0.4958430 0 255 0
-0.0930622 -0.0194228 0.5211340 0 255 0
0.3388499 -0.0412728 0.5512883 0 255 0
-0.1445263 0.0246770 0.5214863 0 255 0
-0.1431466 -0.0573583 0.4995864 0 255 0
-0.2071555 -0.0568093 0.5159221 0 255 0
-0.1896378 -0.0276319 0.5143846 0 255 0
0.2061034 0.0563587 0.4600253 0 255 0
0.2315064 -0.0266412 0.4959425 0 255 0
-0.1548622 -0.0597027 0.4995577 0 255 0
0.2061633 0.0429944 0.4675055 0 255 0
0.1876364 0.0581507 0.4571179 0 255 0
0.1871548 0.0378736 0.4721408 0 255 0
0.2053661 0.0064072 0.5306497 0 255 0
0.1666336 0.0766187 0.4583631 0 255 0
0.2662947 -0.1079116 0.5975028 0 255 0
0.2523862 -0.0891234 0.5847708 0 255 0
-0.1373434 -0.0367897 0.4914075 0 255 0
-0.2194302 0.0140567 0.5370750 0 255 0
-0.0646944 -0.0505358 0.5395441 0 255 0
-0.1540610 -0.0183831 0.4932393 0 255 0
-0.1364592 -0.0570136 0.4965835 0 255 0
0.3518271 -0.0223192 0.5317922 0 255 0
-0.1127396 -0.0652532 0.4799468 0 255 0
0.2397248 -0.0574138 0.5214124 0 255 0
-0.1576449 -0.0933091 0.4972411 0 255 0
0.2297337 -0.0756429 0.5661486 0 255 0
0.2067417 -0.0248309 0.5065582 0 255 0
-0.1444823 -0.0160298 0.4921550 0 255 0
0.2685224 0.0510105 0.4809410 0 255 0
0.2592944 -0.0103673 0.4978983 0 255 0
-0.2158830 0.0214020 0.5314456 0 255 0
0.2271035 -0.0921566 0.5695485 0 255 0
0.2199804 -0.0383669 0.5124741 0 255 0
-0.1009795 -0.0192997 0.5178328 0 255 0
0.1893227 0.0349455 0.4776098 0 255 0
0.2847638 -0.0531542 0.5277776 0 255 0
-0.1911106 -0.0525421 0.5217006 0 255 0
-0.1058309 -0.0629082 0.4792649 0 255 0
-0.1229196 0.0182986 0.5507989 0 255 0
0.3374332 -0.0800757 0.5993264 0 255 0
-0.2138025 -0.0466658 0.5387745 0 255 0
-0.1898252 -0.0580079 0.5052442 0 255 0
-0.1645242 -0.0403927 0.5076661 0 255 0
0.2215309 -0.0461658 0.5189233 0 255 0
0.1915539 0.0317629 0.4803945 0 255 0
-0.1318971 -0.0382191 0.5105001 0 255 0
0.2633521 0.0256134 0.4923767 0 255 0
-0.1007852 -0.0401558 0.5046886 0 255 0
0.2071413 0.0048519 0.4989304 0 255 0
0.2149238 -0.0545696 0.5176757 0 255 0
-0.2015567 -0.0298921 0.5331390 0 255 0
-0.1573717 -0.0022037 0.5038388 0 255 0
0.2194911 0.0465570 0.4702028 0 255 0
-0.1824073 -0.0119200 0.5144200 0 255 0
-0.2197759 -0.0124646 0.5379212 0 255 0
0.2426328 0.0578612 0.4722895 0 255 0
0.2653780 0.0366646 0.4855129 0 255 0
0.2317561 -0.0056148 0.4915350 0 255 0
0.3043509 -0.0010298 0.5087581 0 255 0
-0.0853340 -0.0644166 0.4907563 0 255 0
0.2595293 -0.0462095 0.5194155 0 255 0
-0.1224679 0.0171493 0.5162042 0 255 0
0.2053312 -0.0033827 0.5031021 0 255 0
-0.1297548 -0.0228159 0.4888865 0 255 0
0.2609503 -0.0733766 0.5590184 0 255 0
-0.1064537 -0.0553490 0.4820852 0 255 0
0.2868278 -0.0853390 0.5687076 0 255 0
-0.1337285 0.0198076 0.5223328 0 255 0
0.2300559 0.0428726 0.4784042 0 255 0
-0.1468781 -0.0762961 0.5084447 0 255 0
0.2451437 -0.0709361 0.5710953 0 255 0
-0.1418775 -0.0684424 0.5034033 0 255 0
0.2071901 0.0258195 0.4748885 0 255 0
0.2662899 0.0106442 0.4956945 0 255 0
-0.1130404 0.0060524 0.5012594 0 255 0
0.2423877 0.0536131 0.4739776 0 255 0
-0.1721158 0.0162781 0.5272729 0 255 0
0.3060499 -0.0845195 0.5722067 0 255 0
-0.0626514 -0.0577299 0.5028231 0 255 0
0.2467099 -0.0989440 0.5942373 0 255 0
-0.1362709 -0.1003566 0.4916988 0 255 0
-0.2484744 0.0151682 0.5317965 0 255 0
-0.1067148 -0.0277285 0.5161832 0 255 0
-0.1456841 0.0322857 0.5256639 0 255 0
0.2312884 -0.0114236 0.4929968 0 255 0
0.2939453 -0.0925808 0.5721702 0 255 0
-0.1610218 -0.0920699 0.4968590 0 255 0
0.2021408 -0.0188939 0.5069450 0 255 0
0.1901566 0.0510203 0.4606239 0 255 0
0.1898670 -0.0777564 0.5621933 0 255 0
0.2362127 0.0481462 0.4749811 0 255 0
0.2709101 -0.0456747 0.5273317 0 255 0
0.2277887 0.0059218 0.4904439 0 255 0
-0.1586001 -0.0231749 0.4965782 0 255 0
0.1682921 0.0693195 0.4599561 0 255 0
0.2065985 0.0375809 0.4684923 0 255 0
-0.1068769 -0.0639872 0.4789121 0 255 0
-0.1523644 0.0269985 0.5190038 0 255 0
-0.1459995 -0.0500870 0.4973228 0 255 0
-0.2033838 0.0295949 0.5217770 0 255 0
0.2779945 -0.0470656 0.5290380 0 255 0
0.2725958 -0.0853978 0.5781526 0 255 0
-0.1645581 -0.0732780 0.5041201 0 255 0
-0.1153291 -0.0609202 0.4813526 0 255 0
-0.1905324 -0.0253335 0.5168111 0 255 0
-0.2117320 0.0285036 0.5242558 0 255 0
0.3260582 -0.0047408 0.5224971 0 255 0
0.2632597 -0.0555400 0.5268813 0 255 0
-0.1211669 -0.0878913 0.4866510 0 255 0
0.2294493 -0.0009949 0.4915357 0 255 0
0.2326234 -0.0423103 0.5165126 0 255 0
0.2858500 -0.1154435 0.5858514 0 255 0
0.2031105 -0.0494568 0.5280232 0 255 0
0.3202335 0.0134309 0.5131632 0 255 0
0.2692891 -0.0545213 0.5290097 0 255 0
-0.2392249 0.0040397 0.5477673 0 255 0
0.2438097 -0.0427228 0.5070055 0 255 0
-0.1906643 -0.0084456 0.5238382 0 255 0
-0.2095290 0.0568040 0.5128408 0 255 0
-0.1758823 0.0462892 0.5165300 0 255 0
0.3146280 -0.0705885 0.5682966 0 255 0
-0.1835788 0.0403136 0.5177239 0 255 0
-0.1696452 0.0224734 0.5272860 0 255 0
0.2358645 -0.0759055 0.5681145 0 255 0
-0.1934282 -0.0109246 0.5246658 0 255 0
0.3172661 -0.0357007 0.5453224 0 255 0
-0.1200658 -0.0009948 0.4914938 0 255 0
0.3058247 -0.0704040 0.5668117 0 255 0
-0.1645011 -0.0198238 0.5003483 0 255 0
-0.2147661 -0.0061099 0.5348762 0 255 0
0.2461842 0.0256306 0.4927069 0 255 0
0.2071161 -0.0773003 0.5588955 0 255 0
-0.1140244 -0.0182256 0.5219169 0 255 0
-0.0862911 -0.0688738 0.4896519 0 255 0
-0.2338907 0.0001782 0.5473177 0 255 0
-0.1557728 0.0342617 0.5181869 0 255 0
0.2864009 0.0199046 0.4942645 0 255 0
-0.2221078 -0.0518977 0.5405239 0 255 0
0.2316484 0.0542954 0.4702414 0 255 0
0.3263018 -0.0596019 0.5654146 0 255 0
0.2102965 0.0643686 0.4794295 0 255 0
0.2491946 0.0083265 0.4964003 0 255 0
-0.1666499 -0.0355663 0.5068840 0 255 0
-0.1509216 -0.0404932 0.4943306 0 255 0
0.2524871 -0.1108138 0.5980113 0 255 0
-0.0963458 -0.0278829 0.5190575 0 255 0
0.2617582 -0.0289646 0.5165972 0 255 0
0.2771935 -0.0521209 0.5298803 0 255 0
-0.2064045 0.0569381 0.5140516 0 255 0
0.3325491 -0.0172919 0.5309019 0 255 0
-0.1784562 -0.0178104 0.5100283 0 255 0
0.2990146 -0.0154697 0.5118866 0 255 0
0.2853854 -0.0699856 0.5529821 0 255 0
-0.2329311 0.0332957 0.5221329 0 255 0
0.1893552 -0.0780895 0.5646013 0 255 0
-0.2324987 0.0428055 0.5184365 0 255 0
-0.2047199 -0.0325025 0.5348656 0 255 0
0.3242945 -0.0524200 0.5596606 0 255 0
-0.1674541 -0.0307314 0.5057203 0 255 0
-0.1021960 -0.0119993 0.5178392 0 255 0
0.2400688 0.0566695 0.4716073 0 255 0
-0.1584858 -0.0891083 0.4998935 0 255 0
0.3114238 -0.0774634 0.5697545 0 255 0
-0.1199370 -0.0866843 0.4862951 0 255 0
-0.1388931 -0.0582236 0.4969522 0 255 0
0.3312325 -0.0047446 0.5229225 0 255 0
0.2583264 -0.0737512 0.5618718 0 255 0
0.2051950 -0.0569997 0.5176514 0 255 0
-0.2034119 0.0014218 0.5314482 0 255 0
-0.1155783 -0.0746537 0.4823926 0 255 0
-0.1138750 0.0170050 0.5508172 0 255 0
0.2242339 -0.0920760 0.5690504 0 255 0
0.2705385 0.0619974 0.4785179 0 255 0
-0.1925356 0.0437896 0.5156796 0 255 0
0.2088722 -0.0116577 0.5030996 0 255 0
0.2128052 -0.0357633 0.5096916 0 255 0
-0.1718285 0.0050464 0.5189312 0 255 0
0.2102121 -0.0163987 0.5034809 0 255 0
-0.1333904 -0.0309021 0.4895969 0 255 0
0.2818659 0.0267728 0.4924212 0 255 0
0.2574776 -0.0608792 0.5302525 0 255 0
-0.2213854 -0.0403353 0.5387657 0 255 0
-0.1279445 0.0001598 0.4907441 0 255 0
0.2079240 -0.0045441 0.5008156 0 255 0
-0.1423890 -0.0102633 0.4929050 0 255 0
-0.2265828 0.0189649 0.5331445 0 255 0
-0.1517519 -0.0067936 0.4932587 0 255 0
0.2480262 0.0048272 0.4963934 0 255 0
0.3558701 -0.0148342 0.5322393 0 255 0
-0.1191437 0.0196097 0.5512707 0 255 0
0.2489059 -0.0210060 0.5005049 0 255 0
0.2677996 -0.0656217 0.5384966 0 255 0
0.2200890 0.0237773 0.4787035 0 255 0
0.2494747 -0.0662806 0.5657203 0 255 0
0.2026088 0.0083752 0.4993027 0 255 0
0.2102720 0.0204314 0.4793738 0 255 0
0.2627471 0.0311892 0.4890995 0 255 0
0.2152138 -0.0968359 0.5734833 0 255 0
-0.1888065 -0.0659624 0.5025329 0 255 0
0.2824880 0.0129165 0.4935079 0 255 0
0.3014512 -0.0928247 0.5736774 0 255 0
0.2914875 -0.0312005 0.5134404 0 255 0
-0.2130857 0.0365153 0.5156227 0 255 0
-0.2129182 0.0261858 0.5271927 0 255 0
-0.2312513 -0.0177227 0.5441295 0 255 0
-0.1796956 0.0547330 0.5277289 0 255 0
-0.2006190 0.0307725 0.5209571 0 255 0
-0.1666948 -0.0820591 0.4998842 0 255 0
-0.2125671 0.0103047 0.5388479 0 255 0
0.3330250 -0.0454232 0.5545148 0 255 0
0.2154104 0.0474920 0.4685275 0 255 0
0.1977307 0.0510221 0.4606405 0 255 0
-0.1524865 -0.0761175 0.5072548 0 255 0
0.2497889 0.0548866 0.4753613 0 255 0
-0.1804870 -0.0299331 0.5123957 0 255 0
-0.1620646 -0.0919999 0.4964812 0 255 0
-0.1204566 -0.0782816 0.4837980 0 255 0
-0.1104871 -0.0686366 0.4799476 0 255 0
0.2206161 -0.0765755 0.5632235 0 255 0
0.1712758 0.0595491 0.4681108 0 255 0
-0.0913465 -0.0273549 0.5325215 0 255 0
-0.1632497 -0.0755891 0.5037335 0 255 0
-0.0994834 -0.0465055 0.5227425 0 255 0
0.2992281 -0.1001726 0.5771800 0 255 0
-0.1844826 0.0212331 0.5272518 0 255 0
-0.1158834 -0.0125905 0.4933304 0 255 0
-0.0861471 -0.0551024 0.5471223 0 255 0
0.1875069 0.0591839 0.4568023 0 255 0
-0.1310517 0.0036740 0.4981778 0 255 0
0.2014126 0.0249544 0.4797087 0 255 0
0.2949655 -0.0982986 0.5741561 0 255 0
0.2873225 -0.0881634 0.5696884 0 255 0
0.2025008 -0.0334442 0.5108545 0 255 0
0.2038999 -0.0081485 0.5054074 0 255 0
-0.1928354 0.0402170 0.5164825 0 255 0
0.1727256 0.0695773 0.4545789 0 255 0
0.2925821 0.0188425 0.4968822 0 255 0
-0.2009248 0.0126612 0.5314677 0 255 0
0.2143445 -0.1023920 0.5820873 0 255 0
-0.1278416 -0.0228842 0.4903496 0 255 0
0.2715234 -0.0790354 0.5618942 0 255 0
-0.1701954 0.0125110 0.5251654 0 255 0
-0.1232681 -0.0854774 0.4859296 0 255 0
0.1902691 0.0458964 0.4635315 0 255 0
-0.2062371 0.0001733 0.5323018 0 255 0
-0.2026596 0.0064326 0.5327492 0 255 0
0.3057630 -0.0902092 0.5741898 0 255 0
-0.1869290 -0.0360359 0.5135757 0 255 0
0.2639621 0.0129736 0.4956922 0 255 0
0.2407426 0.0024794 0.4934036 0 255 0
0.1995346 -0.0808256 0.5560439 0 255 0
-0.1737987 -0.0370131 0.5104109 0 255 0
-0.1358828 0.0309549 0.5457556 0 255 0
-0.1580742 0.0220674 0.5177585 0 255 0
0.2437993 -0.0763025 0.5710858 0 255 0
0.2844966 0.0083028 0.4949876 0 255 0
0.2847871 -0.0347375 0.5122251 0 255 0
0.2100528 -0.0140220 0.5030992 0 255 0
-0.1327067 -0.0421332 0.5000084 0 255 0
0.3483343 -0.0147268 0.5283871 0 255 0
0.2450272 0.0474418 0.4791390 0 255 0
0.2052116 0.0163287 0.4915040 0 255 0
0.2974495 -0.0081769 0.5071698 0 255 0
0.2176994 -0.0522197 0.5184993 0 255 0
0.3405524 -0.0237398 0.5356514 0 255 0
0.1864339 0.0591836 0.4568000 0 255 0
-0.1166017 -0.0856066 0.4866639 0 255 0
-0.2155067 0.0189811 0.5336021 0 255 0
-0.2013286 0.0656780 0.5260051 0 255 0
-0.0930633 -0.0145248 0.5211401 0 255 0
0.2411101 0.0129334 0.4941567 0 255 0
-0.2111299 0.0090312 0.5384079 0 255 0
0.2969368 0.0248495 0.5002897 0 255 0
-0.2003748 0.0508992 0.5140574 0 255 0
-0.1456425 -0.0685463 0.5041675 0 255 0
-0.0799958 -0.0624384 0.4933486 0 255 0
-0.1347202 -0.0839343 0.4902548 0 255 0
-0.1882815 -0.0336486 0.5139776 0 255 0
0.2548563 0.0210474 0.4938268 0 255 0
-0.1515224 -0.0125697 0.4925127 0 255 0
0.2160582 -0.0887860 0.5651311 0 255 0
0.2570222 0.0421198 0.4826599 0 255 0
0.2028711 -0.0409633 0.5148367 0 255 0
0.2436461 -0.0893060 0.5770716 0 255 0
-0.1981166 0.0461036 0.5144589 0 255 0
0.2492263 -0.1078071 0.5969241 0 255 0
-0.1072210 -0.0229855 0.5186316 0 255 0
-0.1548033 0.0391945 0.5190136 0 255 0
0.2310236 -0.0552236 0.5238799 0 255 0
0.2884122 -0.0867504 0.5692006 0 255 0
0.2614577 -0.0246101 0.5020521 0 255 0
-0.2355690 0.0053314 0.5482342 0 255 0
-0.1320974 -0.0641602 0.4977127 0 255 0
-0.1047824 -0.0652080 0.4796141 0 255 0
-0.2092416 0.0001738 0.5335925 0 255 0
0.2301295 -0.0125819 0.4929928 0 255 0
-0.2240633 0.0238409 0.5301438 0 255 0
-0.1133477 -0.0103578 0.4974453 0 255 0
-0.1506967 -0.0369534 0.4935942 0 255 0
0.2138376 -0.0345392 0.5093016 0 255 0
0.2805831 -0.0572854 0.5315902 0 255 0
-0.1644311 -0.0755887 0.5037309 0 255 0
0.2089589 -0.0283800 0.5061696 0 255 0
0.2196121 0.0270929 0.4776664 0 255 0
-0.1019895 -0.0777813 0.4877894 0 255 0
-0.1021972 -0.0071322 0.5178452 0 255 0
0.2067488 -0.0021905 0.5008159 0 255 0
-0.2063439 -0.0602093 0.5139008 0 255 0
0.2882142 0.0246060 0.4953875 0 255 0
0.2498412 -0.0494015 0.5145258 0 255 0
-0.1782851 -0.0737785 0.4994888 0 255 0
-0.2341946 -0.0100681 0.5450358 0 255 0
0.2121421 -0.0115784 0.4996774 0 255 0
0.3305044 -0.0147612 0.5296220 0 255 0
-0.1294108 -0.0361293 0.5149082 0 255 0
-0.1849836 -0.0764720 0.5017604 0 255 0
0.2054870 -0.0057513 0.5034837 0 255 0
0.2269219 -0.1079293 0.5899253 0 255 0
0.2451425 0.0094714 0.4952745 0 255 0
-0.2281012 0.0090528 0.5396978 0 255 0
0.1999131 -0.0678660 0.5463786 0 255 0
-0.0963483 -0.0181262 0.5190710 0 255 0
0.3468458 -0.0249990 0.5356637 0 255 0
0.2255035 -0.0009979 0.4929970 0 255 0
0.1804718 0.0491621 0.4635141 0 255 0
0.2532270 -0.0174519 0.4997602 0 255 0
0.2061255 0.0048555 0.4993061 0 255 0
0.1910553 -0.0766452 0.5541593 0 255 0
0.2411150 -0.0789851 0.5710766 0 255 0
0.2988722 -0.0069906 0.5075645 0 255 0
0.2138625 -0.0747396 0.5593880 0 255 0
-0.2208638 0.0521025 0.5140111 0 255 0
0.2123025 -0.0127622 0.5000553 0 255 0
0.2008658 0.0076725 0.5319235 0 255 0
0.1873394 0.0540782 0.4590186 0 255 0
0.2771087 -0.0987490 0.5848131 0 255 0
0.2299594 -0.0091000 0.4926284 0 255 0
-0.1526770 -0.0137268 0.4925087 0 255 0
-0.1276410 -0.0773704 0.4852124 0 255 0
0.2725880 -0.0880689 0.5868998 0 255 0
0.2928523 -0.0953510 0.5726586 0 255 0
-0.1029070 -0.0677091 0.4813716 0 255 0
-0.1522433 0.0245400 0.5185915 0 255 0
0.2173667 0.0248478 0.4776588 0 255 0
0.2914195 0.0258481 0.4968883 0 255 0
0.1983157 0.0686223 0.4776725 0 255 0
0.2597428 -0.0977290 0.5953413 0 255 0
0.2097995 -0.0021855 0.4996839 0 255 0
0.3185897 0.0013814 0.5163546 0 255 0
0.2248162 -0.0936557 0.5705282 0 255 0
0.3227614 -0.0525983 0.5615634 0 255 0
0.3295697 -0.0251195 0.5382451 0 255 0
-0.1553347 -0.0172370 0.4936084 0 255 0
0.2115273 -0.0713234 0.5532799 0 255 0
0.2480276 0.0071601 0.4963962 0 255 0
-0.1970031 0.0212489 0.5276451 0 255 0
-0.1610532 -0.0173539 0.4969556 0 255 0
-0.0534991 -0.0616061 0.5055447 0 255 0
0.2245251 0.0582983 0.4669028 0 255 0
0.2031252 0.0013470 0.5034873 0 255 0
0.2641385 0.0210482 0.4938471 0 255 0
-0.1993870 -0.0551230 0.5115232 0 255 0
-0.1861662 -0.0635047 0.5017739 0 255 0
0.2096950 -0.0430474 0.5108569 0 255 0
-0.0915591 -0.0605043 0.4871108 0 255 0
0.2412497 -0.1108092 0.5979867 0 255 0
-0.1908169 -0.0072205 0.5242574 0 255 0
-0.2165440 0.0389076 0.5152137 0 255 0
0.3288901 0.0038292 0.5192245 0 255 0
0.3105769 0.0144674 0.5072265 0 255 0
0.1994559 0.0089152 0.5314930 0 255 0
0.2571664 0.0106518 0.4960473 0 255 0
0.2698494 0.0510480 0.4812947 0 255 0
-0.2145858 -0.0174067 0.5344273 0 255 0
0.2647308 0.0164434 0.4949544 0 255 0
-0.1962379 0.0656268 0.5255955 0 255 0
-0.1554524 -0.0865079 0.5052871 0 255 0
0.2917751 -0.1117997 0.5812215 0 255 0
-0.1845252 -0.0251758 0.5135945 0 255 0
0.2589159 0.0322901 0.4883684 0 255 0
-0.1527883 -0.0218436 0.4928678 0 255 0
0.2875633 -0.0517491 0.5261012 0 255 0
0.1820095 0.0500758 0.4618953 0 255 0
0.2373653 0.0151647 0.4912069 0 255 0
0.2945117 0.0025234 0.5021607 0 255 0
-0.2199801 0.0250467 0.5292999 0 255 0
-0.1581174 -0.0359004 0.4950668 0 255 0
-0.1164297 -0.0843384 0.4859461 0 255 0
0.2946367 0.0165573 0.4983851 0 255 0
-0.1033127 -0.0354667 0.5054650 0 255 0
0.2013299 0.0072403 0.5019571 0 255 0
-0.2441570 0.0014642 0.5472967 0 255 0
-0.1375570 -0.0148739 0.4921717 0 255 0
-0.2129889 -0.0123637 0.5335687 0 255 0
0.2560067 -0.1049101 0.5964022 0 255 0
0.2853933 0.0614114 0.4827498 0 255 0
0.2304347 0.0397592 0.4815418 0 255 0
-0.1000311 -0.0335826 0.5129693 0 255 0
-0.1971441 -0.0159574 0.5280228 0 255 0
0.2023465 0.0229335 0.4846418 0 255 0
-0.0435259 -0.0589975 0.5138637 0 255 0
0.1808709 0.0551552 0.4590058 0 255 0
0.1921495 0.0706608 0.4762817 0 255 0
-0.2060897 0.0624050 0.5193386 0 255 0
-0.1898807 0.0138323 0.5285004 0 255 0
-0.1475540 -0.0416866 0.4947087 0 255 0
-0.0920790 -0.0048048 0.5295468 0 255 0
-0.1979940 -0.0678669 0.5079495 0 255 0
0.3340692 -0.0511940 0.5606350 0 255 0
-0.2145852 -0.0186624 0.5344258 0 255 0
0.2191914 -0.0173572 0.4970486 0 255 0
-0.1638016 -0.0800158 0.5018026 0 255 0
-0.1275487 -0.0716179 0.4848616 0 255 0
0.2099239 -0.0344854 0.5085072 0 255 0
0.2335501 0.0387697 0.4833116 0 255 0
0.3558680 -0.0173353 0.5322362 0 255 0
0.1952875 -0.0793839 0.5550992 0 255 0
-0.1460432 -0.0622892 0.5014805 0 255 0
0.2623321 -0.0658353 0.5402497 0 255 0
0.2949426 -0.0214497 0.5110756 0 255 0
-0.1808705 0.0487542 0.5169284 0 255 0
0.3478948 -0.0371094 0.5472001 0 255 0
0.2764790 -0.0587228 0.5332994 0 255 0
-0.0423539 -0.0530028 0.5142757 0 255 0
0.2323927 -0.0021451 0.4904440 0 255 0
-0.1843844 -0.0179213 0.5132026 0 255 0
0.3352830 -0.0097058 0.5254236 0 255 0
-0.1444828 -0.0148735 0.4921564 0 255 0
0.2884537 -0.0411067 0.5166391 0 255 0
0.3211573 -0.0371360 0.5475931 0 255 0
0.3175926 -0.0399074 0.5503234 0 255 0
-0.1159734 -0.0021594 0.4937136 0 255 0
0.2753706 -0.1076225 0.5959018 0 255 0
0.2817277 -0.0380298 0.5244316 0 255 0
0.2071419 0.0060243 0.4989318 0 255 0
-0.1792834 -0.0347488 0.5123924 0 255 0
0.2421813 -0.0161666 0.4963521 0 255 0
0.2395024 0.0278414 0.4908616 0 255 0
0.2447000 -0.0126774 0.4967358 0 255 0
-0.1126654 0.0145526 0.5102156 0 255 0
0.1723693 0.0704997 0.4536413 0 255 0
-0.1762119 0.0112677 0.5247312 0 255 0
0.2363924 0.0232618 0.4915809 0 255 0
-0.1770639 0.0212337 0.5272682 0 255 0
-0.1762201 0.0309969 0.5247556 0 255 0
-0.2046816 0.0260821 0.5251064 0 255 0
-0.0985517 -0.0119994 0.5178472 0 255 0
0.2437991 0.0152789 0.4949071 0 255 0
0.2622125 -0.0056748 0.4967854 0 255 0
-0.1856088 0.0050903 0.5234487 0 255 0
0.3599073 -0.0223559 0.5326684 0 255 0
-0.2353313 0.0164587 0.5331222 0 255 0
0.2396274 -0.1107081 0.5974408 0 255 0
-0.1362546 -0.0534328 0.4958389 0 255 0
0.3369913 -0.0399105 0.5503659 0 255 0
-0.1838520 0.0598366 0.5289978 0 255 0
0.1993024 -0.0575911 0.5344262 0 255 0
0.2789982 -0.1034198 0.5801803 0 255 0
0.2859686 -0.0453154 0.5231838 0 255 0
-0.1346452 -0.0125051 0.4899819 0 255 0
0.2641856 -0.0289649 0.5166024 0 255 0
0.2353111 -0.0462412 0.5197719 0 255 0
0.2614384 0.0164555 0.4953188 0 255 0
0.2348216 0.0334340 0.4883145 0 255 0
-0.2119484 0.0308199 0.5217597 0 255 0
0.1935275 0.0285011 0.4825040 0 255 0
0.3304831 -0.0224803 0.5356309 0 255 0
0.2260033 -0.0126099 0.4940895 0 255 0
-0.1669849 0.0491662 0.5346161 0 255 0
0.2099242 0.0106175 0.4944535 0 255 0
-0.1808721 0.0523986 0.5169330 0 255 0
-0.1993577 0.0354447 0.5176817 0 255 0
0.2724614 0.0152579 0.4942282 0 255 0
-0.1957561 0.0001718 0.5276217 0 255 0
0.2135419 -0.0660384 0.5419167 0 255 0
0.3298188 -0.0084575 0.5245777 0 255 0
-0.2215508 0.0413606 0.5156101 0 255 0
0.2141805 -0.0859090 0.5636798 0 255 0
0.2391575 -0.0560557 0.5201784 0 255 0
-0.1863089 -0.0623734 0.5021586 0 255 0
0.3098479 -0.0046629 0.5139148 0 255 0
0.2600742 -0.0056790 0.4971551 0 255 0
-0.1132627 -0.0080141 0.4970722 0 255 0
-0.1832960 0.0511833 0.5169261 0 255 0
0.2429898 0.0376908 0.4840402 0 255 0
-0.1901194 0.0486375 0.5156909 0 255 0
-0.1615392 -0.0209200 0.4984556 0 255 0
-0.2015083 -0.0110299 0.5297226 0 255 0
-0.1719219 -0.0567819 0.5048993 0 255 0
0.1767785 0.0613279 0.4567814 0 255 0
-0.2023512 -0.0633372 0.5099177 0 255 0
-0.0967688 -0.0681599 0.4845761 0 255 0
0.2663423 -0.0221669 0.5001621 0 255 0
0.2422484 -0.0748955 0.5705895 0 255 0
0.2597334 -0.0474673 0.5198239 0 255 0
0.3417269 -0.0413078 0.5517557 0 255 0
0.2660001 -0.0689968 0.5451689 0 255 0
-0.1860240 -0.0167546 0.5144061 0 255 0
0.3441804 -0.0357047 0.5453842 0 255 0
-0.1255879 -0.0457366 0.5140991 0 255 0
0.2665359 -0.1094146 0.5980439 0 255 0
-0.2134613 0.0412005 0.5136147 0 255 0
0.2944875 -0.0202175 0.5102869 0 255 0
0.3071155 -0.0875122 0.5741991 0 255 0
0.2263988 0.0273713 0.4825746 0 255 0
0.2019876 -0.0141185 0.5065610 0 255 0
-0.1696752 0.0368108 0.5197962 0 255 0
0.2288463 -0.0437287 0.5189424 0 255 0
-0.2137919 0.0065437 0.5419528 0 255 0
-0.1653698 0.0464007 0.5177742 0 255 0
0.3138316 -0.0747224 0.5692711 0 255 0
-0.1092688 -0.0458607 0.4896300 0 255 0
0.2148667 0.0555898 0.4626220 0 255 0
0.2281534 -0.0149208 0.4937239 0 255 0
0.1947564 -0.0564718 0.5357212 0 255 0
0.2510857 -0.0868251 0.5786113 0 255 0
0.3674611 -0.0226677 0.5400964 0 255 0
0.2234831 0.0172031 0.4836173 0 255 0
0.2616102 0.0278649 0.4912757 0 255 0
0.2832875 -0.0415943 0.5227677 0 255 0
0.1856442 -0.0774255 0.5694758 0 255 0
-0.2155361 0.0471613 0.5128157 0 255 0
0.2538949 -0.0717213 0.5666963 0 255 0
0.1818287 0.0680531 0.4587046 0 255 0
0.2692113 -0.0126789 0.4967921 0 255 0
0.1767516 0.0673491 0.4539593 0 255 0
-0.1019198 -0.0548203 0.4874563 0 255 0
0.2111928 0.0151066 0.4893270 0 255 0
-0.1139557 0.0060385 0.5001134 0 255 0
-0.1517431 -0.0299724 0.4932300 0 255 0
-0.1843791 -0.0566048 0.5033245 0 255 0
-0.1855588 -0.0577870 0.5033205 0 255 0
-0.2307063 0.0177406 0.5340009 0 255 0
0.2952443 0.0060541 0.5014033 0 255 0
-0.1183732 -0.0195745 0.4940579 0 255 0
0.2393969 -0.0290821 0.4978290 0 255 0
0.1952312 0.0274477 0.4839204 0 255 0
-0.2025370 -0.0413670 0.5357320 0 255 0
0.2459098 -0.0677250 0.5666837 0 255 0
0.2049591 0.0258193 0.4748836 0 255 0
0.2291422 -0.0137505 0.4933581 0 255 0
-0.1496271 -0.1008032 0.4938870 0 255 0
-0.1991682 0.0484834 0.5140570 0 255 0
-0.1990013 -0.0532584 0.5167564 0 255 0
-0.2165041 -0.0517710 0.5392047 0 255 0
-0.1677404 -0.0222936 0.5030198 0 255 0
-0.1085257 -0.0132469 0.5190503 0 255 0
-0.1667249 -0.0104105 0.4999744 0 255 0
0.2223314 0.0582978 0.4668981 0 255 0
0.2228898 -0.0822204 0.5656394 0 255 0
0.2864075 0.0291965 0.4942760 0 255 0
0.2295672 -0.0487593 0.5205771 0 255 0
0.2755406 -0.0756871 0.5566896 0 255 0
0.2560031 0.0141486 0.4960491 0 255 0
-0.1254603 -0.0683021 0.4855870 0 255 0
-0.1714339 0.0297881 0.5251841 0 255 0
0.2192044 0.0558652 0.4649140 0 255 0
0.3304189 -0.0454228 0.5545091 0 255 0
0.2864780 -0.0909971 0.5706695 0 255 0
0.2164319 0.0347988 0.4756048 0 255 0
-0.1420613 -0.0333503 0.4917706 0 255 0
0.3275753 -0.0251603 0.5391206 0 255 0
0.2473425 0.0267885 0.4927109 0 255 0
-0.1223559 0.0154629 0.5008686 0 255 0
0.1883678 0.0358859 0.4752009 0 255 0
-0.1531269 -0.0369808 0.4939599 0 255 0
-0.0884570 -0.0676221 0.4889203 0 255 0
-0.1468965 -0.0276138 0.4925042 0 255 0
0.2230638 -0.0344873 0.5085360 0 255 0
0.2534242 -0.0523099 0.5193946 0 255 0
-0.2379230 0.0297798 0.5250366 0 255 0
-0.1449427 -0.0501251 0.4977018 0 255 0
0.2505103 0.0528047 0.4767342 0 255 0
0.3152118 -0.0071450 0.5187728 0 255 0
-0.1371625 0.0296723 0.5457512 0 255 0
-0.2148935 -0.0390384 0.5383400 0 255 0
-0.1898932 -0.0010629 0.5251052 0 255 0
-0.0435948 -0.0518348 0.5146769 0 255 0
-0.0410507 -0.0552899 0.5130720 0 255 0
0.2645446 -0.0091768 0.4967861 0 255 0
0.3525640 -0.0287288 0.5348032 0 255 0
-0.1915941 0.0224354 0.5263928 0 255 0
0.2673153 -0.0209759 0.4997867 0 255 0
-0.1546099 -0.0975403 0.4949967 0 255 0
0.2373326 -0.0254766 0.4959566 0 255 0
-0.2263821 0.0053271 0.5477971 0 255 0
-0.1087245 -0.0332956 0.5085846 0 255 0
-0.1819386 0.0462880 0.5165167 0 255 0
-0.2364198 0.0406248 0.5217196 0 255 0
0.2112926 -0.0729909 0.5560793 0 255 0
0.2763212 -0.0313940 0.5166245 0 255 0
0.1902087 0.0367121 0.4714710 0 255 0
-0.1698256 0.0462904 0.5165433 0 255 0
-0.1173618 0.0157390 0.5098111 0 255 0
-0.2132831 -0.0364492 0.5374655 0 255 0
-0.1021945 -0.0180829 0.5178316 0 255 0
-0.2098668 0.0077660 0.5384091 0 255 0
0.2123567 0.0024997 0.4974332 0 255 0
-0.2389763 0.0201024 0.5301064 0 255 0
-0.2182845 0.0532696 0.5136190 0 255 0
0.1994755 0.0187499 0.4944406 0 255 0
0.3589487 -0.0186161 0.5331013 0 255 0
-0.1178440 -0.0655866 0.4823989 0 255 0
0.2679408 -0.1094151 0.5980470 0 255 0
0.2769513 -0.0913889 0.5731266 0 255 0
-0.1773874 -0.0644890 0.5002631 0 255 0
-0.2404943 0.0237435 0.5279766 0 255 0
0.2738970 -0.0559448 0.5307214 0 255 0
-0.0923508 -0.0244564 0.5240372 0 255 0
0.3362312 -0.0211878 0.5347767 0 255 0
-0.1142550 -0.0115005 0.4963152 0 255 0
0.3084646 -0.0875127 0.5742020 0 255 0
-0.2127636 -0.0313211 0.5361565 0 255 0
0.3270410 -0.0238545 0.5382412 0 255 0
0.2735716 0.0458277 0.4858996 0 255 0
0.2826236 -0.0443318 0.5260994 0 255 0
0.2033198 0.0095269 0.4981738 0 255 0
0.3241591 0.0122826 0.5155761 0 255 0
-0.1310280 -0.0677197 0.4980879 0 255 0
-0.1187301 -0.0279909 0.5210670 0 255 0
0.1845665 0.0480063 0.4628710 0 255 0
0.1792947 0.0582288 0.4577319 0 255 0
0.1779405 0.0673958 0.4542746 0 255 0
-0.1318555 -0.0124588 0.4881684 0 255 0
-0.1623181 -0.0733350 0.5045121 0 255 0
0.2743732 0.0163949 0.4934944 0 255 0
-0.1706091 0.0249115 0.5264421 0 255 0
0.2048989 -0.0370453 0.5108553 0 255 0
0.2671492 -0.0722152 0.5501701 0 255 0
-0.1767829 0.0273849 0.5264316 0 255 0
0.2631208 -0.0625794 0.5341296 0 255 0
0.2523161 0.0129730 0.4956667 0 255 0
-0.1475556 -0.0659743 0.5026237 0 255 0
0.2469816 -0.0174250 0.4989901 0 255 0
-0.1686317 -0.0497417 0.5056926 0 255 0
0.2482118 0.0024963 0.4967648 0 255 0
0.3403038 -0.0385536 0.5494578 0 255 0
-0.2071180 0.0447527 0.5128312 0 255 0
0.3026055 -0.0785955 0.5682604 0 255 0
0.2804968 0.0232839 0.4920467 0 255 0
0.2716621 0.0608732 0.4785189 0 255 0
-0.1568622 0.0281509 0.5177687 0 255 0
-0.1642695 0.0086911 0.5181366 0 255 0
0.2543319 -0.0731786 0.5676718 0 255 0
0.2552382 0.0199168 0.4945668 0 255 0
0.2779998 -0.0323798 0.5130100 0 255 0
0.1999972 -0.0778844 0.5537116 0 255 0
0.1968987 0.0177745 0.4996802 0 255 0
-0.1813292 -0.0433785 0.5147865 0 255 0
-0.1397451 -0.0487722 0.4958370 0 255 0
0.1693543 0.0654066 0.4628591 0 255 0
-0.1860219 -0.0215892 0.5144001 0 255 0
-0.1479421 -0.0241240 0.4921374 0 255 0
0.2300194 0.0366588 0.4854354 0 255 0
-0.1243927 -0.0182759 0.4903629 0 255 0
0.2418850 0.0346082 0.4886932 0 255 0
0.1932382 0.0243578 0.4903910 0 255 0
-0.1905683 -0.0626113 0.5040734 0 255 0
-0.0537475 -0.0559250 0.5078915 0 255 0
0.3403084 -0.0173063 0.5313450 0 255 0
0.1911566 -0.0841895 0.5699723 0 255 0
0.1975759 0.0603858 0.4577770 0 255 0
-0.1823719 0.0285299 0.5247390 0 255 0
0.1943237 -0.0832541 0.5636395 0 255 0
0.2080732 0.0289797 0.4718365 0 255 0
0.2753266 0.0163827 0.4931276 0 255 0
0.3157242 -0.0343908 0.5448701 0 255 0
0.2959175 -0.0178335 0.5106880 0 255 0
-0.1406388 0.0285577 0.5252503 0 255 0
0.2719983 0.0244028 0.4912967 0 255 0
0.3296496 -0.0277620 0.5404470 0 255 0
0.2300087 0.0184076 0.4854129 0 255 0
0.2596898 0.0059939 0.4964204 0 255 0
0.2382201 -0.0480406 0.5129035 0 255 0
0.3411817 -0.0370776 0.5467319 0 255 0
0.2630269 0.0595734 0.4771146 0 255 0
-0.1566049 -0.0300168 0.4939609 0 255 0
0.2410117 -0.0219976 0.4963423 0 255 0
0.2329753 -0.0429188 0.5093317 0 255 0
0.2600758 0.0256321 0.4927373 0 255 0
0.2231075 0.0505457 0.4662303 0 255 0
-0.1675325 0.0426827 0.5169487 0 255 0
-0.1466461 -0.0904895 0.5076418 0 255 0
-0.1296588 -0.0216511 0.4885248 0 255 0
0.2606721 -0.0933647 0.5942748 0 255 0
0.2780927 0.0621799 0.4799265 0 255 0
-0.0938826 -0.0097114 0.5257284 0 255 0
0.2212066 0.0082387 0.4911630 0 255 0
-0.1554442 -0.0358199 0.4939562 0 255 0
0.2762356 0.0566225 0.4806145 0 255 0
-0.1252626 -0.0182350 0.4892660 0 255 0
0.2868389 -0.0333531 0.5094642 0 255 0
0.2381413 -0.0219478 0.4952178 0 255 0
0.2683897 -0.0705697 0.5474333 0 255 0
0.1928622 -0.0608405 0.5409878 0 255 0
-0.1402758 -0.0415940 0.4936099 0 255 0
-0.2008411 -0.0692200 0.5091230 0 255 0
0.2392155 -0.0302289 0.4974516 0 255 0
0.2411136 -0.0816683 0.5710733 0 255 0
-0.1144033 -0.0856708 0.4870293 0 255 0
-0.1963139 0.0389720 0.5160677 0 255 0
0.2096422 0.0013358 0.4993094 0 255 0
0.2805898 -0.1139037 0.5921597 0 255 0
-0.1784465 0.0499695 0.5169352 0 255 0
0.2534821 0.0153025 0.4956721 0 255 0
-0.1089840 -0.0094171 0.5097983 0 255 0
0.2856125 -0.0413978 0.5202984 0 255 0
0.2943172 -0.1044212 0.5781767 0 255 0
-0.1873076 0.0581249 0.5247664 0 255 0
0.2620243 -0.0174129 0.4986459 0 255 0
0.3214427 -0.0512786 0.5615621 0 255 0
-0.1414055 0.0172427 0.5190158 0 255 0
-0.1894266 0.0199936 0.5272367 0 255 0
0.2502347 -0.0246652 0.5031767 0 255 0
-0.0619934 -0.0534540 0.5070931 0 255 0
0.2047986 0.0071966 0.4989281 0 255 0
0.2780537 0.0071235 0.4938605 0 255 0
0.2882499 -0.0033583 0.4994784 0 255 0
0.3511915 -0.0275614 0.5365412 0 255 0
-0.1703579 0.0403478 0.5181624 0 255 0
-0.1533382 0.0233029 0.5181787 0 255 0
-0.0831550 -0.0668229 0.4914919 0 255 0
0.2515278 0.0094931 0.4964068 0 255 0
-0.1181139 0.0036356 0.4929756 0 255 0
-0.0820022 -0.0656686 0.4914959 0 255 0
-0.1180203 -0.0137290 0.4925849 0 255 0
-0.0401605 -0.0508651 0.5171139 0 255 0
0.2600483 -0.0685071 0.5515403 0 255 0
-0.1478865 -0.0452757 0.4958235 0 255 0
-0.1038865 -0.0585757 0.4806766 0 255 0
-0.1480533 -0.0229849 0.4925074 0 255 0
-0.0908328 -0.0234683 0.5295265 0 255 0
-0.1846094 -0.0447978 0.5172070 0 255 0
-0.2325630 0.0356930 0.5213079 0 255 0
0.2828195 -0.0853377 0.5686989 0 255 0
-0.1170443 0.0001606 0.4933437 0 255 0
0.2080077 -0.0128594 0.5038653 0 255 0
0.2948674 0.0271182 0.4987753 0 255 0
0.2181387 0.0182721 0.4818402 0 255 0
-0.1733358 0.0112409 0.5234833 0 255 0
0.2634876 -0.1079105 0.5974967 0 255 0
0.2119008 0.0502236 0.4632587 0 255 0
0.2340145 0.0219917 0.4890227 0 255 0
-0.2096840 0.0399629 0.5132202 0 255 0
0.3208088 0.0013858 0.5179810 0 255 0
-0.1538266 0.0331488 0.5198292 0 255 0
0.3161365 -0.0510602 0.5591698 0 255 0
-0.2343413 0.0333220 0.5225452 0 255 0
-0.1267244 -0.0602598 0.5042194 0 255 0
0.2701411 -0.0773194 0.5590336 0 255 0
0.2019093 0.0375268 0.4678173 0 255 0
0.2228563 0.0036303 0.4922608 0 255 0
-0.1684086 0.0224735 0.5272887 0 255 0
-0.1991787 -0.0234955 0.5301399 0 255 0
-0.1105923 -0.0374950 0.5008274 0 255 0
0.2482672 0.0210783 0.4945529 0 255 0
0.3044930 -0.0704037 0.5668088 0 255 0
0.2265820 0.0530378 0.4688919 0 255 0
0.3444753 -0.0109582 0.5262804 0 255 0
-0.1710026 -0.0497409 0.5056848 0 255 0
-0.1662831 -0.0777165 0.5021836 0 255 0
0.2575497 0.0036637 0.4967867 0 255 0
0.1993692 0.0489943 0.4619320 0 255 0
-0.0383064 -0.0442363 0.5249667 0 255 0
0.2686099 -0.0033328 0.4956823 0 255 0
0.2167021 0.0001617 0.4966903 0 255 0
0.1857788 0.0351232 0.4800376 0 255 0
0.1971748 0.0176940 0.4974186 0 255 0
0.2284678 -0.1032182 0.5867844 0 255 0
0.2818335 -0.0321306 0.5090615 0 255 0
0.2202709 0.0436153 0.4742576 0 255 0
0.2943849 -0.1012606 0.5756557 0 255 0
-0.1018719 -0.0253034 0.5161968 0 255 0
-0.1795923 -0.0750085 0.4998645 0 255 0
-0.2337914 0.0467184 0.5213189 0 255 0
-0.0737717 -0.0548611 0.4982297 0 255 0
-0.1101711 -0.0439194 0.4936732 0 255 0
0.2477208 -0.0648397 0.5647486 0 255 0
0.2487139 0.0568747 0.4733155 0 255 0
0.2682448 -0.0150247 0.4971615 0 255 0
0.2931828 -0.0896587 0.5706859 0 255 0
-0.2020476 0.0376994 0.5152467 0 255 0
-0.2381168 0.0188873 0.5309640 0 255 0
-0.1507615 -0.0945516 0.4976314 0 255 0
-0.1151553 -0.0255629 0.5214913 0 255 0
-0.1105679 -0.0807963 0.4852456 0 255 0
0.2870599 -0.0573332 0.5320333 0 255 0
-0.2070596 -0.0672952 0.5126867 0 255 0
0.1973368 0.0479419 0.4622500 0 255 0
0.2144261 -0.0970887 0.5749802 0 255 0
-0.1579993 -0.0335488 0.4946972 0 255 0
0.1824595 0.0422503 0.4714608 0 255 0
0.2041077 0.0386266 0.4678235 0 255 0
0.2166405 0.0455488 0.4712029 0 255 0
-0.1529007 -0.0276545 0.4932303 0 255 0
-0.1190602 -0.0880225 0.4873774 0 255 0
0.3153858 0.0109763 0.5111620 0 255 0
0.2772307 0.0186725 0.4923986 0 255 0
-0.1718275 0.0026077 0.5189281 0 255 0
-0.1787591 0.0038451 0.5213852 0 255 0
0.3047518 -0.0167901 0.5154950 0 255 0
-0.1733533 0.0187560 0.5272732 0 255 0
0.2435901 -0.0722148 0.5705958 0 255 0
-0.2493207 0.0201341 0.5309408 0 255 0
0.2088451 0.0532644 0.4613119 0 255 0
0.1917153 0.0347696 0.4752055 0 255 0
0.2525214 -0.0990355 0.5947864 0 255 0
0.2625200 0.0422755 0.4844441 0 255 0
-0.1089053 0.0121362 0.5094302 0 255 0
0.2441539 -0.0044970 0.4956273 0 255 0
-0.2329133 -0.0164714 0.5450307 0 255 0
-0.1092025 -0.0662851 0.4792534 0 255 0
0.2109925 0.0247575 0.4759237 0 255 0
0.3115462 -0.0083310 0.5167316 0 255 0
0.3005297 -0.0046125 0.5083532 0 255 0
0.2258518 -0.0254945 0.4963048 0 255 0
-0.2208643 0.0298056 0.5254927 0 255 0
0.2618245 0.0048239 0.4960503 0 255 0
0.2106554 0.0013348 0.4989338 0 255 0
0.2673923 0.0510102 0.4809385 0 255 0
-0.1549775 -0.0523030 0.4961736 0 255 0
-0.1516023 -0.0488434 0.4965603 0 255 0
-0.1037681 -0.0441528 0.4962963 0 255 0
-0.1314419 -0.0810279 0.4866369 0 255 0
-0.2068244 0.0188745 0.5306038 0 255 0
0.2299746 -0.0577308 0.5242912 0 255 0
0.1897348 0.0338969 0.4786495 0 255 0
0.2598629 0.0444865 0.4837307 0 255 0
0.2297889 -0.0067798 0.4922632 0 255 0
-0.1164702 -0.0280356 0.5218994 0 255 0
-0.0647132 -0.0621694 0.5005163 0 255 0
-0.1872526 0.0163032 0.5280845 0 255 0
0.1904622 0.0358603 0.4748618 0 255 0
0.2073755 -0.0332646 0.5081111 0 255 0
-0.1213554 -0.0593959 0.4874079 0 255 0
0.2202082 0.0024829 0.4940954 0 255 0
-0.1603723 0.0443948 0.5376849 0 255 0
-0.1505714 -0.0775493 0.5088289 0 255 0
0.2285055 0.0386838 0.4822404 0 255 0
-0.1698156 -0.0544937 0.5056841 0 255 0
0.2270402 0.0386270 0.4815330 0 255 0
0.2033716 -0.0504548 0.5254961 0 255 0
-0.2432401 0.0384771 0.5258765 0 255 0
-0.1450516 -0.0525035 0.4980759 0 255 0
0.2466662 0.0558019 0.4736494 0 255 0
0.2648549 -0.0743134 0.5561980 0 255 0
0.3662795 -0.0441593 0.5718952 0 255 0
0.2419696 0.0526504 0.4753415 0 255 0
0.2546057 -0.1049095 0.5963991 0 255 0
0.2692121 -0.0115116 0.4967935 0 255 0
-0.1708817 0.0224733 0.5272833 0 255 0
0.2740552 -0.1152466 0.5991409 0 255 0
0.3103397 0.0168382 0.5068392 0 255 0
0.1953399 -0.0882844 0.5704702 0 255 0
-0.2180375 0.0262062 0.5276049 0 255 0
-0.1429621 0.0197286 0.5202479 0 255 0
0.3350301 -0.0555233 0.5644708 0 255 0
0.2364280 -0.0513692 0.5222389 0 255 0
-0.1652697 -0.0854526 0.4991233 0 255 0
0.1849558 0.0470176 0.4638472 0 255 0
0.2259422 0.0583814 0.4675678 0 255 0
0.2268113 -0.0707405 0.5589468 0 255 0
-0.0917821 -0.0109907 0.5278392 0 255 0
-0.1051954 -0.0501641 0.4867329 0 255 0
-0.1499655 -0.0998681 0.4950040 0 255 0
-0.0525146 -0.0630364 0.5074961 0 255 0
0.3331864 -0.0277397 0.5400123 0 255 0
0.2171876 -0.0496660 0.5172804 0 255 0
0.2938453 -0.1180946 0.5853453 0 255 0
-0.1313454 -0.0786832 0.4862799 0 255 0
-0.1999863 0.0331159 0.5193142 0 255 0
-0.2153354 0.0376970 0.5152149 0 255 0
0.2940898 -0.0744596 0.5672687 0 255 0
0.2428764 -0.0818107 0.5720686 0 255 0
-0.0491699 -0.0621323 0.5098630 0 255 0
-0.1702084 0.0026015 0.5177077 0 255 0
-0.1425461 -0.0849218 0.5100226 0 255 0
0.3230871 -0.0634774 0.5644348 0 255 0
0.2037594 -0.0445225 0.5140296 0 255 0
0.2248471 -0.0044831 0.4940970 0 255 0
-0.1619429 -0.0790792 0.5033460 0 255 0
0.2817447 0.0048062 0.4942357 0 255 0
-0.0965562 -0.0646018 0.4835115 0 255 0
-0.1074768 -0.0169325 0.5198690 0 255 0
0.2680029 -0.0480754 0.5264829 0 255 0
0.1896540 0.0613316 0.4568097 0 255 0
-0.1503647 -0.0195131 0.4925066 0 255 0
0.2614919 -0.0659432 0.5411348 0 255 0
-0.1236158 -0.0377841 0.5210426 0 255 0
0.2191169 -0.0396325 0.5132688 0 255 0
0.2720548 0.0575831 0.4792106 0 255 0
-0.0480112 -0.0585844 0.5102656 0 255 0
-0.1042759 -0.0298035 0.5101777 0 255 0
0.2559772 -0.0103749 0.4982646 0 255 0
-0.1000721 -0.0780716 0.4896103 0 255 0
0.2793648 -0.0246307 0.5024724 0 255 0
-0.2300409 0.0001782 0.5473261 0 255 0
0.2405667 0.0094287 0.4930429 0 255 0
-0.1867385 -0.0589692 0.5033163 0 255 0
-0.2029646 0.0272509 0.5238554 0 255 0
0.2499040 -0.1123195 0.5985472 0 255 0
0.2008299 0.0141984 0.4977979 0 255 0
-0.2146655 0.0412003 0.5136120 0 255 0
-0.1342335 -0.0500517 0.4969726 0 255 0
0.2162149 0.0036548 0.4955736 0 255 0
0.1885143 -0.0782905 0.5660549 0 255 0
0.2887227 -0.1011701 0.5751410 0 255 0
-0.1758110 -0.0456198 0.5127865 0 255 0
-0.1614663 -0.0352141 0.5018647 0 255 0
0.2288740 -0.1047830 0.5878276 0 255 0
0.2443162 -0.0364864 0.5031477 0 255 0
0.2039328 -0.0666387 0.5468425 0 255 0
0.1834451 -0.0762844 0.5709504 0 255 0
0.3183602 -0.0691947 0.5678170 0 255 0
0.3010667 0.0037261 0.5052503 0 255 0
0.2919258 -0.0021947 0.5017672 0 255 0
0.2695965 0.0390622 0.4869584 0 255 0
0.2276272 -0.0437285 0.5189398 0 255 0
0.2461268 0.0187680 0.4949165 0 255 0
-0.1361563 -0.0405875 0.4954812 0 255 0
-0.1952696 0.0331428 0.5197354 0 255 0
-0.2045017 -0.0576150 0.5123070 0 255 0
0.1976990 0.0313077 0.4735106 0 255 0
-0.1248048 -0.0538546 0.5108932 0 255 0
-0.1140224 -0.0255834 0.5219078 0 255 0
-0.2363152 0.0309642 0.5242035 0 255 0
0.2611881 -0.0541289 0.5252022 0 255 0
0.2246024 -0.0863558 0.5666111 0 255 0
-0.1558149 -0.0783791 0.5064651 0 255 0
-0.1646499 -0.0428112 0.5080540 0 255 0
-0.1337655 0.0271981 0.5475742 0 255 0
-0.2489273 0.0338039 0.5301030 0 255 0
-0.2358611 -0.0126502 0.5459324 0 255 0
-0.2043236 -0.0073075 0.5305768 0 255 0
0.2644735 -0.0454195 0.5243847 0 255 0
0.3333369 0.0013924 0.5204599 0 255 0
-0.1546709 0.0111354 0.5185695 0 255 0
-0.2212067 -0.0352430 0.5383308 0 255 0
0.2482475 -0.0282548 0.5039371 0 255 0
-0.2465202 0.0053178 0.5468405 0 255 0
-0.1276616 0.0246870 0.5489565 0 255 0
-0.0958350 -0.0772104 0.4914512 0 255 0
0.2177032 0.0292319 0.4759439 0 255 0
0.1825933 -0.0694397 0.5810314 0 255 0
0.2669040 -0.0304893 0.5219180 0 255 0
-0.2106131 0.0342805 0.5184726 0 255 0
0.3055644 -0.0663519 0.5663293 0 255 0
-0.1993252 0.0509393 0.5144622 0 255 0
-0.1314868 -0.0464709 0.5089120 0 255 0
-0.1972931 0.0248490 0.5251211 0 255 0
0.3386562 -0.0317025 0.5426849 0 255 0
-0.1369046 -0.0439472 0.4939854 0 255 0
-0.1170453 0.0036384 0.4933480 0 255 0
0.2307736 -0.0056190 0.4918996 0 255 0
0.2358733 0.0491915 0.4742986 0 255 0
-0.0947037 -0.0596415 0.5303259 0 255 0
0.2820818 -0.0730733 0.5567071 0 255 0
0.2293003 -0.0353557 0.5038827 0 255 0
0.3515263 -0.0328711 0.5409318 0 255 0
0.2622826 0.0551680 0.4777984 0 255 0
0.3039100 0.0072991 0.5060360 0 255 0
0.2270681 0.0342759 0.4840011 0 255 0
0.2378610 -0.0364021 0.5019844 0 255 0
0.2151368 -0.0222125 0.5011903 0 255 0
0.2522774 -0.0056874 0.4978861 0 255 0
0.2680935 0.0597043 0.4781629 0 255 0
-0.1800741 -0.0508099 0.5045010 0 255 0
0.2771927 -0.0533658 0.5298787 0 255 0
-0.1222946 -0.0450937 0.5206237 0 255 0
-0.1582379 -0.0324353 0.4954442 0 255 0
-0.2021143 0.0212655 0.5280580 0 255 0
0.2465995 -0.0506888 0.5153216 0 255 0
0.2090109 0.0060107 0.4978057 0 255 0
-0.1804849 0.0236734 0.5264188 0 255 0
0.2044564 0.0311521 0.4711571 0 255 0
0.2653687 -0.0221836 0.5005395 0 255 0
-0.1949861 0.0248691 0.5255463 0 255 0
0.2349951 0.0323104 0.4886753 0 255 0
0.2823759 -0.0115733 0.4994554 0 255 0
0.3494319 -0.0355878 0.5435982 0 255 0
0.2165864 0.0314686 0.4759442 0 255 0
0.2117127 -0.0886325 0.5641538 0 255 0
-0.2183392 -0.0061398 0.5374920 0 255 0
0.2069690 0.0451279 0.4668481 0 255 0
0.3100992 0.0121115 0.5083949 0 255 0
-0.0722177 -0.0685445 0.4955896 0 255 0
-0.1752698 -0.0322661 0.5112080 0 255 0
-0.1586500 -0.0649891 0.5041433 0 255 0
0.2285638 -0.0327131 0.4996872 0 255 0
0.2220235 -0.0279314 0.4981685 0 255 0
0.2944148 0.0177151 0.4980099 0 255 0
0.2138162 -0.0817961 0.5627210 0 255 0
-0.2054749 -0.0274086 0.5335666 0 255 0
-0.0581994 -0.0579971 0.5051504 0 255 0
0.2848155 0.0245136 0.4935273 0 255 0
0.2830255 0.0302444 0.4924281 0 255 0
-0.1567267 -0.0195859 0.4943452 0 255 0
-0.1250545 0.0129024 0.4929719 0 255 0
-0.1354555 -0.0681831 0.5014965 0 255 0
-0.2289489 0.0014655 0.5477867 0 255 0
-0.0974142 -0.0095735 0.5182609 0 255 0
-0.1358611 -0.0068094 0.4944069 0 255 0
0.3076983 -0.0635821 0.5653660 0 255 0
0.2231648 0.0149852 0.4853936 0 255 0
0.2666788 -0.0080035 0.4964184 0 255 0
0.2102744 -0.0092512 0.5008149 0 255 0
-0.1137658 -0.0883522 0.4892029 0 255 0
0.2133563 -0.0933283 0.5685338 0 255 0
0.2606184 0.0466918 0.4830268 0 255 0
-0.2168004 0.0262064 0.5276077 0 255 0
-0.1327802 -0.0800027 0.4873572 0 255 0
-0.2307451 -0.0049536 0.5459532 0 255 0
0.2409053 -0.0802571 0.5705800 0 255 0
-0.1855707 0.0224539 0.5268282 0 255 0
0.2909731 0.0153166 0.4961271 0 255 0
-0.1784450 0.0463251 0.5169308 0 255 0
-0.0986314 -0.0034846 0.5182657 0 255 0
0.2147531 -0.0581726 0.5172645 0 255 0
-0.1581132 -0.0452055 0.4950539 0 255 0
-0.1022052 -0.0366827 0.5058549 0 255 0
0.1934970 -0.0834680 0.5650882 0 255 0
-0.2334164 0.0380825 0.5204828 0 255 0
-0.1804202 0.0586888 0.5298569 0 255 0
0.2483112 0.0376365 0.4833426 0 255 0
-0.1813471 0.0013960 0.5217905 0 255 0
0.2632749 -0.1154520 0.6002086 0 255 0
-0.1762138 -0.0656646 0.5002642 0 255 0
-0.1558144 -0.0795690 0.5064636 0 255 0
0.3113693 -0.0434589 0.5462032 0 255 0
-0.1356862 -0.0332024 0.4895890 0 255 0
-0.1439779 -0.0068091 0.4943890 0 255 0
-0.1405151 0.0074392 0.5157474 0 255 0
0.2845350 -0.0543506 0.5273535 0 255 0
-0.1894261 0.0187547 0.5272352 0 255 0
-0.1580468 -0.0576615 0.5022267 0 255 0
0.2122461 0.0554724 0.4616450 0 255 0
0.2113369 -0.0283803 0.5061749 0 255 0
0.3589445 -0.0236265 0.5330951 0 255 0
-0.1413278 -0.0404038 0.4932385 0 255 0
0.2091204 0.0268970 0.4742111 0 255 0
0.1741627 0.0615399 0.4583610 0 255 0
0.2236877 -0.0021611 0.4940973 0 255 0
0.2715968 -0.0932848 0.5937663 0 255 0
-0.1567194 -0.0381695 0.4943221 0 255 0
0.2365524 -0.0044633 0.4919137 0 255 0
-0.1124519 -0.0847787 0.4884829 0 255 0
-0.1608983 -0.0471855 0.5037739 0 255 0
0.2505142 0.0345329 0.4876308 0 255 0
0.3042320 -0.0690126 0.5663230 0 255 0
-0.1141120 -0.0292854 0.5223178 0 255 0
-0.1244181 -0.0560812 0.5093101 0 255 0
0.2509477 -0.0623389 0.5543112 0 255 0
-0.1893874 -0.0602430 0.5040790 0 255 0
0.2997414 0.0225327 0.5010528 0 255 0
0.3177913 -0.0370433 0.5462251 0 255 0
-0.1433028 0.0234517 0.5214875 0 255 0
-0.1380801 0.0160614 0.5202541 0 255 0
-0.2147592 -0.0199343 0.5348591 0 255 0
0.2655752 0.0389752 0.4858737 0 255 0
-0.1931372 0.0378489 0.5172907 0 255 0
-0.2190561 0.0078235 0.5423904 0 255 0
-0.0502499 -0.0572075 0.5086834 0 255 0
0.3239076 0.0146941 0.5151760 0 255 0
-0.1174052 -0.0534335 0.4852645 0 255 0
0.1991486 0.0396129 0.4664940 0 255 0
0.1899689 0.0320662 0.4849825 0 255 0
-0.1718447 0.0273855 0.5264424 0 255 0
0.2247451 0.0427167 0.4766652 0 255 0
0.2042103 -0.0141078 0.5061769 0 255 0
-0.1615388 -0.0220912 0.4984541 0 255 0
0.2142353 0.0401839 0.4732180 0 255 0
0.2316003 -0.0416897 0.5089369 0 255 0
0.2557468 0.0616801 0.4760686 0 255 0
-0.0950573 -0.0107998 0.5186734 0 255 0
-0.1057343 -0.0837582 0.4892263 0 255 0
0.3490478 -0.0198039 0.5313610 0 255 0
-0.1067330 -0.0469068 0.4885424 0 255 0
-0.1516448 -0.0846556 0.5084239 0 255 0
0.2697777 0.0013262 0.4956906 0 255 0
-0.2044898 -0.0048180 0.5310085 0 255 0
-0.1009987 -0.0310992 0.5117720 0 255 0
-0.1253610 -0.0021417 0.4896502 0 255 0
-0.1518079 -0.0622401 0.5010855 0 255 0
-0.0962754 -0.0047061 0.5186783 0 255 0
-0.2158060 -0.0313976 0.5374662 0 255 0
-0.0707331 -0.0528530 0.5373231 0 255 0
0.2847088 0.0059811 0.4953569 0 255 0
0.2722811 -0.0246299 0.5024568 0 255 0
-0.2167238 -0.0073907 0.5366156 0 255 0
0.2219529 -0.1001426 0.5770076 0 255 0
-0.2121440 0.0201534 0.5314522 0 255 0
-0.1213638 -0.0378444 0.5218750 0 255 0
0.2721928 -0.0870614 0.5801857 0 255 0
0.2763121 0.0523333 0.4827187 0 255 0
-0.1992014 0.0366324 0.5172759 0 255 0
0.2095081 -0.0199935 0.5046312 0 255 0
-0.1686527 -0.0865581 0.4987355 0 255 0
-0.1884421 0.0561293 0.5177329 0 255 0
0.2485202 -0.0734296 0.5696186 0 255 0
0.3119699 -0.0846684 0.5732147 0 255 0
-0.1241370 -0.0716190 0.4848692 0 255 0
-0.1783009 0.0224726 0.5272670 0 255 0
-0.1721172 0.0333837 0.5235134 0 255 0
-0.2136523 0.0039706 0.5383961 0 255 0
0.2834433 0.0221775 0.4931551 0 255 0
-0.2100112 0.0388175 0.5140212 0 255 0
0.3272619 -0.0453460 0.5535715 0 255 0
0.2752785 -0.1042575 0.5926927 0 255 0
0.2231731 0.0127698 0.4879022 0 255 0
-0.2166913 0.0078300 0.5428439 0 255 0
0.2012657 -0.0069930 0.5077388 0 255 0
-0.1583310 -0.0953563 0.4957358 0 255 0
0.2437963 0.0106272 0.4949014 0 255 0
-0.1700803 -0.0671999 0.5029574 0 255 0
0.2814486 0.0313545 0.4916921 0 255 0
0.3236564 0.0171019 0.5147765 0 255 0
-0.1639584 0.0099636 0.5210119 0 255 0
0.2770188 -0.1119240 0.5964396 0 255 0
-0.1899053 0.0260837 0.5251389 0 255 0
-0.1568414 -0.0277373 0.4947070 0 255 0
-0.1688358 0.0297647 0.5247703 0 255 0
-0.1473872 -0.0525027 0.4980682 0 255 0
0.3567026 -0.0356770 0.5449610 0 255 0
0.3568276 -0.0210701 0.5318047 0 255 0
0.2276849 0.0552420 0.4688970 0 255 0
-0.1963934 0.0150981 0.5293394 0 255 0
-0.0852694 -0.0689769 0.4903847 0 255 0
0.2145028 0.0270142 0.4762778 0 255 0
0.2540489 0.0048310 0.4967805 0 255 0
0.2614357 -0.0115286 0.4975259 0 255 0
0.3206261 -0.0345055 0.5466872 0 255 0
0.2692453 -0.0394167 0.5264964 0 255 0
0.2449398 -0.0316853 0.5020058 0 255 0
-0.1221845 -0.0148306 0.4907382 0 255 0
0.3459885 -0.0109670 0.5267038 0 255 0
-0.1257637 -0.0303663 0.5198122 0 255 0
-0.2318290 0.0380224 0.5196625 0 255 0
0.2288684 0.0184075 0.4854103 0 255 0
0.2517160 0.0071656 0.4967782 0 255 0
0.2852016 -0.0321063 0.5086763 0 255 0
0.1981063 -0.0634359 0.5414407 0 255 0
0.2002864 0.0260815 0.4797076 0 255 0
-0.1582002 0.0257376 0.5181710 0 255 0
-0.1462633 -0.0973972 0.4942703 0 255 0
-0.2072341 0.0225240 0.5284731 0 255 0
-0.2221110 -0.0455479 0.5405318 0 255 0
-0.1989257 0.0331423 0.5197273 0 255 0
-0.1482377 0.0074624 0.5173544 0 255 0
-0.1682538 -0.0259185 0.5045593 0 255 0
0.2038313 -0.0696122 0.5500317 0 255 0
0.2223627 0.0001608 0.4937299 0 255 0
0.2161034 0.0523652 0.4629454 0 255 0
-0.1990194 -0.0209873 0.5297157 0 255 0
-0.2254329 0.0309903 0.5246447 0 255 0
-0.1807274 0.0462883 0.5165194 0 255 0
0.3204243 -0.0084371 0.5233090 0 255 0
-0.1554465 -0.0300170 0.4939634 0 255 0
0.2548128 -0.0565499 0.5247645 0 255 0
-0.1297748 -0.0600287 0.5022858 0 255 0
0.3466088 -0.0371092 0.5471973 0 255 0
0.2047080 0.0216834 0.4821673 0 255 0
0.1979723 0.0084777 0.5054149 0 255 0
0.2816018 -0.0911527 0.5716457 0 255 0
-0.1721593 -0.0912432 0.4987220 0 255 0
-0.2303869 0.0140332 0.5361741 0 255 0
-0.0896541 -0.0778523 0.4955372 0 255 0
-0.1505947 -0.0079526 0.4932598 0 255 0
0.2441983 -0.0280613 0.5004859 0 255 0
0.2009606 0.0025476 0.5069690 0 255 0
0.2319591 0.0377443 0.4847275 0 255 0
-0.1343563 0.0025438 0.5062239 0 255 0
-0.1284180 -0.0204882 0.4881661 0 255 0
0.3371106 -0.0035132 0.5225227 0 255 0
-0.1183677 -0.0567697 0.4845427 0 255 0
-0.1773797 -0.0821177 0.5002413 0 255 0
0.2494298 0.0559231 0.4746779 0 255 0
-0.1116924 -0.0010130 0.5004903 0 255 0
0.3187064 -0.0264261 0.5390996 0 255 0
-0.1457389 -0.0345569 0.4924982 0 255 0
0.2780924 -0.0824507 0.5672238 0 255 0
-0.1789142 -0.0445884 0.5147903 0 255 0
0.1872522 0.0370024 0.4751998 0 255 0
0.2501946 -0.0521449 0.5177560 0 255 0
0.1958845 0.0345217 0.4718166 0 255 0
-0.1425470 -0.0825254 0.5100255 0 255 0
-0.1436518 0.0306992 0.5412470 0 255 0
0.2083127 0.0036795 0.4989315 0 255 0
0.2815247 -0.0080282 0.4979498 0 255 0
0.2780529 0.0059630 0.4938590 0 255 0
0.2653187 0.0013271 0.4960536 0 255 0
0.2799989 -0.1000776 0.5766330 0 255 0
0.2610292 0.0301066 0.4901846 0 255 0
0.2796434 -0.0927363 0.5731308 0 255 0
0.1880890 -0.0662435 0.5769753 0 255 0
-0.0812760 -0.0578886 0.4940930 0 255 0
-0.1532153 0.0172011 0.5177632 0 255 0
-0.1341345 -0.0430134 0.4966060 0 255 0
0.2175504 -0.0934105 0.5690340 0 255 0
-0.1703613 -0.0199601 0.5037882 0 255 0
-0.1449036 -0.0711337 0.5057183 0 255 0
-0.1699404 -0.0441404 0.5096171 0 255 0
-0.1227412 0.0105858 0.4929741 0 255 0
0.2917077 -0.0189159 0.5075341 0 255 0
0.3114296 -0.0818326 0.5722218 0 255 0
0.1714057 0.0599263 0.4625322 0 255 0
0.2267528 0.0149965 0.4857590 0 255 0
-0.1354856 -0.0297072 0.4888653 0 255 0
-0.2044910 -0.0023226 0.5310116 0 255 0
-0.2441423 0.0163783 0.5305186 0 255 0
0.2041194 0.0152647 0.4944465 0 255 0
-0.2111141 -0.0605397 0.5167207 0 255 0
0.2647300 0.0152803 0.4949529 0 255 0
-0.1999430 0.0365460 0.5160567 0 255 0
-0.0993712 -0.0277076 0.5157928 0 255 0
0.2412490 -0.1122140 0.5979850 0 255 0
-0.1096000 -0.0500889 0.4860035 0 255 0
0.2210486 0.0171903 0.4832576 0 255 0
0.2139992 0.0226025 0.4776486 0 255 0
-0.2237653 -0.0087298 0.5414652 0 255 0
0.2246031 -0.0850246 0.5666127 0 255 0
0.2387061 0.0367685 0.4868878 0 255 0
-0.1660284 -0.0799539 0.5014147 0 255 0
-0.1474985 -0.0537136 0.4984443 0 255 0
0.2178049 -0.0734265 0.5593983 0 255 0
0.1815706 0.0571934 0.4580535 0 255 0
0.2805865 -0.1194680 0.5921528 0 255 0
-0.1751730 -0.0680673 0.5006449 0 255 0
0.3036231 -0.0872830 0.5726951 0 255 0
0.2680456 -0.0103442 0.4967924 0 255 0
0.2504385 0.0453555 0.4808930 0 255 0
0.1904223 0.0500077 0.4612676 0 255 0
0.2977780 -0.0800671 0.5692293 0 255 0
0.2120969 -0.0394470 0.5108666 0 255 0
0.2378850 -0.0056234 0.4922823 0 255 0
0.2131541 -0.0115697 0.4993011 0 255 0
0.2747028 -0.0533652 0.5298733 0 255 0
-0.1060159 -0.0773779 0.4852599 0 255 0
-0.2069572 0.0459221 0.5124331 0 255 0
-0.1348301 0.0061886 0.5125409 0 255 0
0.2508503 0.0312801 0.4905257 0 255 0
0.3105746 -0.0144697 0.5191618 0 255 0
-0.2051431 -0.0248609 0.5327049 0 255 0
0.3178445 -0.0747236 0.5692799 0 255 0
-0.1787893 -0.0095027 0.5144309 0 255 0
-0.1846281 0.0175302 0.5276677 0 255 0
-0.1812023 -0.0010553 0.5213737 0 255 0
0.2013745 -0.0010222 0.5050234 0 255 0
0.2312412 -0.0009927 0.4904429 0 255 0
0.1839221 0.0510901 0.4612547 0 255 0
0.3195224 0.0098287 0.5139566 0 255 0
0.2655170 -0.0010048 0.4964245 0 255 0
-0.1142520 -0.0156364 0.5174006 0 255 0
0.2108668 0.0564778 0.4609980 0 255 0
0.1834503 0.0393770 0.4769129 0 255 0
0.2834506 -0.1044169 0.5781529 0 255 0
-0.1757552 0.0013905 0.5197389 0 255 0
0.2714894 -0.0285851 0.5098276 0 255 0
0.2105097 -0.0468297 0.5128416 0 255 0
-0.1956164 -0.0583205 0.5079666 0 255 0
-0.2162803 0.0273803 0.5263420 0 255 0
0.3514081 -0.0342544 0.5427097 0 255 0
0.2181935 -0.0080199 0.4974329 0 255 0
0.1936610 -0.0816503 0.5617173 0 255 0
-0.1033294 -0.0119897 0.5174291 0 255 0
-0.1285186 -0.0044328 0.4885486 0 255 0
0.2722520 0.0564980 0.4795580 0 255 0
0.3382847 -0.0399107 0.5503687 0 255 0
-0.2082408 -0.0389756 0.5374734 0 255 0
-0.2186822 -0.0352433 0.5383363 0 255 0
-0.1421659 -0.0368440 0.4921329 0 255 0
-0.1718280 0.0038270 0.5189297 0 255 0
0.2734946 0.0289348 0.4898465 0 255 0
0.2615265 0.0583673 0.4764210 0 255 0
-0.1963460 -0.0712821 0.5067729 0 255 0
0.2024513 -0.0213090 0.5077237 0 255 0
0.2572355 -0.0691428 0.5566575 0 255 0
-0.2299775 -0.0138872 0.5441370 0 255 0
-0.2263011 -0.0150909 0.5414516 0 255 0
-0.2131582 -0.0199020 0.5339928 0 255 0
-0.1044631 -0.0034763 0.5170302 0 255 0
-0.1655333 0.0125313 0.5260165 0 255 0
0.1960298 -0.0606421 0.5392238 0 255 0
0.2131230 0.0390717 0.4732142 0 255 0
0.2353278 0.0047589 0.4893672 0 255 0
-0.1151581 -0.0126380 0.4951901 0 255 0
-0.0963491 -0.0144673 0.5190756 0 255 0
-0.1648525 -0.0799543 0.5014172 0 255 0
0.3000261 -0.0094121 0.5095241 0 255 0
-0.1487651 -0.0947678 0.4987691 0 255 0
0.1901116 -0.0637562 0.5790116 0 255 0
0.2721544 -0.0394802 0.5273448 0 255 0
0.3063314 -0.0815479 0.5702311 0 255 0
-0.1001095 -0.0324026 0.5133711 0 255 0
0.2817222 -0.0983794 0.5746276 0 255 0
-0.1679266 0.0379129 0.5181648 0 255 0
-0.1749005 -0.0820561 0.4998661 0 255 0
0.3257435 -0.0581736 0.5644472 0 255 0
0.1667155 0.0739007 0.4615679 0 255 0
-0.0920277 -0.0598938 0.5439341 0 255 0
0.2261293 -0.0837660 0.5671054 0 255 0
0.2951684 -0.0238697 0.5114667 0 255 0
0.2485381 0.0590573 0.4729810 0 255 0
-0.1655220 -0.0832339 0.4998853 0 255 0
0.2027212 0.0584792 0.4597000 0 255 0
0.3055000 -0.0874355 0.5736958 0 255 0
0.1755844 0.0623578 0.4564640 0 255 0
-0.1925214 0.0248693 0.5255517 0 255 0
0.2493284 -0.0139077 0.4989997 0 255 0
0.3373227 -0.0237779 0.5365128 0 255 0
-0.0710992 -0.0502144 0.5499076 0 255 0
-0.1735988 -0.0761270 0.4994962 0 255 0
0.2081651 -0.0164237 0.5042467 0 255 0
-0.1718300 0.0087045 0.5189357 0 255 0
-0.1199740 -0.0079181 0.4911182 0 255 0
0.2770893 -0.0271155 0.5047716 0 255 0
0.3516448 -0.0302301 0.5391670 0 255 0
-0.1289046 -0.0408087 0.5128942 0 255 0
0.1888407 0.0571163 0.4574363 0 255 0
-0.0602456 -0.0600473 0.5024413 0 255 0
0.2729805 -0.0221341 0.4994218 0 255 0
-0.1652368 0.0402851 0.5173578 0 255 0
0.2171846 -0.0162136 0.4977962 0 255 0
-0.0992191 -0.0482713 0.5027544 0 255 0
-0.1041151 -0.0575726 0.4817343 0 255 0
0.2453262 0.0083139 0.4956457 0 255 0
0.2968187 -0.0010203 0.5040771 0 255 0
0.3100972 0.0073614 0.5103552 0 255 0
-0.1658378 0.0112323 0.5230830 0 255 0
0.2321830 0.0333841 0.4875867 0 255 0
-0.1989630 0.0284370 0.5230315 0 255 0
-0.1109412 0.0013441 0.5024074 0 255 0
0.2540164 -0.0162530 0.4990070 0 255 0
0.2434369 0.0210621 0.4941718 0 255 0
-0.2048123 -0.0223214 0.5318460 0 255 0
0.2086361 0.0502228 0.4632515 0 255 0
-0.1971424 -0.0196794 0.5280182 0 255 0
0.3216273 -0.0186284 0.5334522 0 255 0
0.2217006 0.0047870 0.4922597 0 255 0
-0.1886617 -0.0670917 0.5021476 0 255 0
0.2635941 -0.0186129 0.4994030 0 255 0
-0.1124373 -0.0056954 0.4985850 0 255 0
0.2259751 -0.0357652 0.5097190 0 255 0
-0.1760706 -0.0867529 0.4998577 0 255 0
0.2119331 -0.0382170 0.5104721 0 255 0
-0.1678488 -0.0696171 0.5033447 0 255 0
0.2492421 0.0210626 0.4941846 0 255 0
-0.1849901 -0.0623261 0.5017779 0 255 0
0.2564384 -0.0609279 0.5306770 0 255 0
-0.1049772 -0.0840713 0.4910554 0 255 0
0.2442975 -0.0680167 0.5691241 0 255 0
0.1861321 0.0551182 0.4586980 0 255 0
0.2557859 -0.0068574 0.4978923 0 255 0
0.3201232 -0.0512784 0.5615593 0 255 0
-0.1188862 -0.0723330 0.4820344 0 255 0
-0.1151832 0.0132304 0.5055007 0 255 0
0.2009129 -0.0694957 0.5491113 0 255 0
0.2048335 -0.0272740 0.5077216 0 255 0
0.2939330 -0.0105196 0.5052171 0 255 0
0.3202042 -0.0636944 0.5663646 0 255 0
-0.1482990 -0.0788065 0.5092267 0 255 0
-0.1929557 -0.0437079 0.5335739 0 255 0
0.2684924 0.0300406 0.4891107 0 255 0
-0.1659275 -0.0186765 0.5011098 0 255 0
0.2790932 -0.0021681 0.4957067 0 255 0
0.2046295 0.0429028 0.4665101 0 255 0
0.2830631 -0.0867486 0.5691888 0 255 0
-0.2192358 -0.0162166 0.5365992 0 255 0
0.2235810 -0.0357650 0.5097153 0 255 0
0.3019412 -0.0988176 0.5771877 0 255 0
-0.2226421 -0.0529930 0.5387473 0 255 0
0.2084510 0.0129218 0.4937126 0 255 0
-0.1344329 -0.0618209 0.4977104 0 255 0
0.2784671 0.0013232 0.4945947 0 255 0
-0.1831493 0.0450740 0.5165126 0 255 0
0.2341568 -0.0550930 0.5226407 0 255 0
-0.1532126 0.0099013 0.5177541 0 255 0
-0.2274547 0.0379032 0.5180327 0 255 0
0.2840826 -0.0505527 0.5265151 0 255 0
0.2445786 -0.0677247 0.5666808 0 255 0
-0.1311996 0.0212208 0.5269462 0 255 0
0.2952072 0.0309150 0.5033465 0 255 0
-0.1490668 -0.0921621 0.5037441 0 255 0
0.2563620 -0.0150807 0.4990136 0 255 0
0.2729403 -0.0600234 0.5337218 0 255 0
0.2317568 -0.0044599 0.4915365 0 255 0
0.3246593 -0.0199143 0.5343214 0 255 0
0.2694118 0.0586234 0.4785112 0 255 0
0.2787227 -0.0341159 0.5211145 0 255 0
-0.1694206 -0.0320673 0.5080582 0 255 0
0.2859832 -0.0895013 0.5696838 0 255 0
-0.2190912 0.0238414 0.5301547 0 255 0
-0.1902664 0.0438244 0.5160897 0 255 0
0.2073653 0.0151626 0.4911412 0 255 0
0.2400367 -0.0363747 0.5016072 0 255 0
0.3523361 -0.0314458 0.5382900 0 255 0
-0.1845384 0.0284841 0.5238975 0 255 0
-0.1871959 -0.0144275 0.5176466 0 255 0
-0.1831788 -0.0227447 0.5131993 0 255 0
0.2751864 0.0001612 0.4949571 0 255 0
-0.1685951 0.0001682 0.5164874 0 255 0
0.1729628 0.0664640 0.4552031 0 255 0
0.2264692 0.0082205 0.4900793 0 255 0
-0.2477972 -0.0036766 0.5468265 0 255 0
-0.1649632 0.0050228 0.5165014 0 255 0
-0.2025101 -0.0597896 0.5103180 0 255 0
-0.1278080 -0.0637644 0.5038261 0 255 0
-0.1707453 0.0236934 0.5268623 0 255 0
0.2398500 0.0367687 0.4868904 0 255 0
0.2047728 0.0206712 0.4850008 0 255 0
0.2664850 0.0024927 0.4960576 0 255 0
-0.0643761 -0.0505592 0.5265832 0 255 0
0.3048922 0.0167351 0.5037345 0 255 0
0.1962602 -0.0792507 0.5541675 0 255 0
0.2263799 -0.0410635 0.5160961 0 255 0
0.2794900 -0.1049678 0.5812030 0 255 0
-0.2057011 -0.0612255 0.5123000 0 255 0
0.3356588 -0.0330588 0.5440194 0 255 0
0.2774695 -0.0642544 0.5376438 0 255 0
-0.2038431 0.0200729 0.5293292 0 255 0
-0.1293735 -0.0124405 0.4874499 0 255 0
0.2028169 0.0048888 0.5027230 0 255 0
0.2283456 -0.0463129 0.5205775 0 255 0
0.2755320 0.0152353 0.4934955 0 255 0
-0.2045373 0.0642865 0.5247362 0 255 0
0.2684262 -0.1138368 0.5991303 0 255 0
-0.1856066 0.0001704 0.5234426 0 255 0
0.2862987 0.0521935 0.4920951 0 255 0
-0.1513865 0.0282629 0.5198285 0 255 0
0.2528455 -0.0139080 0.4990074 0 255 0
0.1957127 0.0448083 0.4635421 0 255 0
-0.1223165 -0.0615945 0.4866811 0 255 0
-0.1445069 -0.0453106 0.4962053 0 255 0
0.2976535 0.0154214 0.4995221 0 255 0
-0.0514434 -0.0572072 0.5086808 0 255 0
0.2872536 0.0071505 0.4957361 0 255 0
-0.1102470 -0.0639862 0.4789047 0 255 0
0.2622155 -0.0010056 0.4967911 0 255 0
0.2916293 0.0118459 0.4972459 0 255 0
-0.0987063 -0.0156744 0.5186594 0 255 0
0.2359702 0.0357292 0.4883199 0 255 0
-0.1960112 0.0473872 0.5152720 0 255 0
-0.1380397 -0.0606966 0.4980811 0 255 0
-0.1527941 -0.0067884 0.4928865 0 255 0
0.2161799 -0.0138847 0.4981730 0 255 0
-0.2255312 0.0414249 0.5164121 0 255 0
0.2661308 -0.0430241 0.5252268 0 255 0
-0.2117619 0.0435128 0.5124195 0 255 0
-0.1593296 0.0428509 0.5341890 0 255 0
0.2009776 0.0521055 0.4606490 0 255 0
-0.1223725 0.0024698 0.4914930 0 255 0
-0.2166825 -0.0505457 0.5396490 0 255 0
-0.2373375 -0.0139445 0.5463818 0 255 0
0.1830803 -0.0641492 0.5825809 0 255 0
-0.1831498 0.0462878 0.5165140 0 255 0
0.1678636 0.0715988 0.4677862 0 255 0
-0.1659334 -0.0922074 0.4976009 0 255 0
-0.1531273 -0.0358202 0.4939613 0 255 0
0.2786619 -0.0534090 0.5303081 0 255 0
-0.2239236 -0.0175487 0.5387884 0 255 0
-0.1897968 0.0379091 0.5181140 0 255 0
0.2451468 0.0164543 0.4952831 0 255 0
-0.1708812 0.0212343 0.5272818 0 255 0
-0.0766961 -0.0625802 0.4944689 0 255 0
0.2271228 -0.0463127 0.5205749 0 255 0
-0.1915857 -0.0121188 0.5229975 0 255 0
-0.1401588 -0.0723233 0.5057272 0 255 0
0.2641593 0.0106521 0.4960626 0 255 0
0.1958146 -0.0846511 0.5641238 0 255 0
0.2377739 -0.0326895 0.4993276 0 255 0
-0.0792555 -0.0557768 0.4959613 0 255 0
0.2385255 0.0255533 0.4912223 0 255 0
0.2127699 0.0291681 0.4749049 0 255 0
0.2826228 -0.0455678 0.5260980 0 255 0
0.2528463 -0.0127355 0.4990088 0 255 0
-0.1760200 0.0451108 0.5169346 0 255 0
0.2618471 -0.1064097 0.5969535 0 255 0
-0.1445254 -0.0927076 0.5003004 0 255 0
-0.1654957 0.0366956 0.5181686 0 255 0
-0.1255483 -0.0831934 0.4859274 0 255 0
0.2424237 0.0335344 0.4897816 0 255 0
-0.2139767 -0.0492379 0.5392134 0 255 0
-0.1027594 -0.0332964 0.5085977 0 255 0
-0.1521549 -0.0647426 0.5022308 0 255 0
0.2171373 -0.0258436 0.5031002 0 255 0
-0.1846468 0.0572122 0.5277211 0 255 0
-0.0806545 -0.0555754 0.5047163 0 255 0
-0.1959128 -0.0010688 0.5280439 0 255 0
0.2437999 0.0164418 0.4949085 0 255 0
-0.1711221 -0.0854504 0.4991104 0 255 0
-0.1380637 0.0260686 0.5248334 0 255 0
0.1917990 0.0591851 0.4568117 0 255 0
-0.1487344 -0.0659739 0.5026211 0 255 0
0.2867852 -0.0518317 0.5269402 0 255 0
-0.1591344 -0.0746934 0.5056826 0 255 0
0.3365304 -0.0540125 0.5625499 0 255 0
-0.1606902 -0.0138196 0.4958357 0 255 0
0.2082139 0.0462580 0.4671829 0 255 0
-0.1241087 0.0221629 0.5503399 0 255 0
0.2181991 0.0425310 0.4745930 0 255 0
0.2037441 -0.0069556 0.5050213 0 255 0
-0.1504382 -0.0476770 0.4965643 0 255 0
-0.1772474 -0.0761837 0.4998682 0 255 0
0.2688961 -0.0233601 0.5005458 0 255 0
-0.1116238 -0.0807363 0.4848854 0 255 0
0.2947094 -0.0968653 0.5736576 0 255 0
0.1812487 0.0531088 0.4599645 0 255 0
-0.2171866 0.0308683 0.5225784 0 255 0
-0.1242123 0.0208871 0.5507993 0 255 0
0.2810352 -0.0598800 0.5324466 0 255 0
0.2723259 -0.1047268 0.5953603 0 255 0
-0.1169658 -0.0793610 0.4834484 0 255 0
0.3213997 -0.0072018 0.5228979 0 255 0
-0.1502574 -0.0673088 0.5037723 0 255 0
-0.0456874 -0.0598768 0.5110623 0 255 0
-0.1567593 -0.0830101 0.5056775 0 255 0
0.2563502 -0.0222165 0.5012807 0 255 0
0.2624191 -0.0697452 0.5510828 0 255 0
0.1969401 0.0448401 0.4638708 0 255 0
0.2028142 -0.0359004 0.5116453 0 255 0
0.3121134 -0.0314661 0.5386387 0 255 0
-0.1486098 0.0382983 0.5408002 0 255 0
0.2818313 -0.0585347 0.5315915 0 255 0
0.2751885 0.0369107 0.4887715 0 255 0
0.2058851 -0.0010152 0.5015750 0 255 0
0.1932517 0.0346452 0.4735049 0 255 0
-0.2141955 -0.0313465 0.5365915 0 255 0
-0.1540460 -0.0535498 0.4969247 0 255 0
0.2028778 -0.0710227 0.5509478 0 255 0
-0.1268888 0.0024679 0.4911159 0 255 0
-0.1172215 0.0048048 0.4940906 0 255 0
0.2699762 -0.0056665 0.4960552 0 255 0
-0.1435346 -0.0380571 0.4928666 0 255 0
-0.1332690 -0.0512971 0.4977260 0 255 0
-0.1277467 -0.0217159 0.4899857 0 255 0
-0.1445582 -0.1039735 0.4924133 0 255 0
-0.0485958 -0.0470834 0.5435957 0 255 0
-0.1071100 -0.0675101 0.4799564 0 255 0
0.2617278 0.0530374 0.4788347 0 255 0
-0.0987356 -0.0567658 0.4944251 0 255 0
0.2596852 -0.0010048 0.4964117 0 255 0
-0.1031707 0.0025961 0.5166342 0 255 0
0.2728645 0.0059763 0.4949593 0 255 0
0.2300653 -0.0437289 0.5189451 0 255 0
-0.1644442 -0.0010422 0.5148761 0 255 0
0.2026045 -0.0272948 0.5081081 0 255 0
0.3115387 0.0085673 0.5107548 0 255 0
-0.1137661 -0.0872029 0.4892043 0 255 0
-0.2124709 0.0628505 0.5230460 0 255 0
0.2831335 -0.0296243 0.5071104 0 255 0
0.2728305 -0.0895275 0.5874218 0 255 0
0.2636999 -0.0976422 0.5948127 0 255 0
-0.1968291 -0.0134544 0.5271789 0 255 0
-0.2070616 -0.0287087 0.5344299 0 255 0
0.2725847 -0.0469891 0.5281786 0 255 0
-0.1713853 -0.0785343 0.4998782 0 255 0
-0.0989326 -0.0474696 0.5198485 0 255 0
-0.1979633 -0.0374388 0.5335707 0 255 0
0.2014990 0.0551994 0.4593731 0 255 0
0.2793361 -0.1092392 0.5895138 0 255 0
0.2804984 0.0255964 0.4920496 0 255 0
-0.0734370 -0.0592739 0.4959698 0 255 0
-0.2208539 -0.0175059 0.5374723 0 255 0
-0.1596455 -0.0196596 0.4962052 0 255 0
0.2686753 0.0553299 0.4792005 0 255 0
-0.1908565 -0.0721958 0.5048359 0 255 0
0.3157141 -0.0761920 0.5702583 0 255 0
0.2652683 0.0584527 0.4771181 0 255 0
-0.2248715 0.0331913 0.5204955 0 255 0
-0.1070823 -0.0511180 0.4849320 0 255 0
0.3345334 -0.0497500 0.5592117 0 255 0
-0.2016278 -0.0574812 0.5111173 0 255 0
-0.1641785 -0.0778363 0.5029572 0 255 0
0.1714229 0.0726817 0.4539542 0 255 0
0.2818460 -0.0033380 0.4964574 0 255 0
-0.1055706 -0.0409013 0.4993124 0 255 0
-0.0672851 -0.0489641 0.5503780 0 255 0
-0.2244893 0.0090604 0.5401496 0 255 0
0.2384167 -0.0102732 0.4933827 0 255 0
-0.2364572 0.0001782 0.5473120 0 255 0
0.2406552 -0.0138132 0.4956081 0 255 0
-0.1458900 -0.0477140 0.4969499 0 255 0
0.2381725 0.0289731 0.4904951 0 255 0
-0.1092044 -0.0595294 0.4792617 0 255 0
0.2618473 -0.0610275 0.5315445 0 255 0
0.1885223 0.0299188 0.4871266 0 255 0
-0.1788750 -0.0118460 0.5112254 0 255 0
-0.0451905 -0.0608222 0.5191317 0 255 0
-0.1128861 -0.0305127 0.5223175 0 255 0
0.1935279 0.0305897 0.4796984 0 255 0
0.2323797 -0.0500621 0.5214053 0 255 0
0.2213524 -0.0601922 0.5242693 0 255 0
-0.1400757 -0.0137379 0.4929058 0 255 0
-0.1534645 0.0379451 0.5186055 0 255 0
0.2937641 -0.0827404 0.5692173 0 255 0
0.2279123 -0.0396958 0.5140886 0 255 0
-0.1013781 -0.0528434 0.4903693 0 255 0
0.1969922 0.0334131 0.4718177 0 255 0
0.2681325 -0.1005293 0.5953563 0 255 0
-0.1686147 0.0475045 0.5165475 0 255 0
-0.2000952 0.0656783 0.5260079 0 255 0
-0.2413890 0.0001781 0.5468454 0 255 0
-0.1623423 -0.0126927 0.4973321 0 255 0
-0.1867298 -0.0778882 0.5032929 0 255 0
0.2200164 -0.0268012 0.4989195 0 255 0
-0.1674617 -0.0753566 0.5021840 0 255 0
-0.1071879 -0.0686878 0.4803056 0 255 0
0.2393582 -0.0788479 0.5700846 0 255 0
0.2697374 0.0198734 0.4934886 0 255 0
0.2126766 0.0001622 0.4981827 0 255 0
-0.1772563 0.0062855 0.5205653 0 255 0
-0.1628097 0.0390698 0.5173616 0 255 0
-0.1262272 -0.0032848 0.4885551 0 255 0
0.2047394 -0.0382160 0.5104578 0 255 0
0.2511077 -0.0056874 0.4978836 0 255 0
-0.1647447 0.0479884 0.5354908 0 255 0
0.2871648 0.0013313 0.4975981 0 255 0
-0.1275483 -0.0727570 0.4848602 0 255 0
0.2718286 0.0457264 0.4848247 0 255 0
-0.2415836 -0.0113956 0.5472864 0 255 0
-0.1070515 -0.0253826 0.5178119 0 255 0
-0.1619780 -0.0068343 0.4962160 0 255 0
0.2571857 0.0290404 0.4916336 0 255 0
0.2201269 -0.0574088 0.5213668 0 255 0
0.2617922 0.0312122 0.4894603 0 255 0
0.2330524 -0.0474994 0.5201756 0 255 0
0.1830891 0.0612873 0.4564791 0 255 0
-0.1867035 -0.0533837 0.5064256 0 255 0
-0.1265812 -0.0339228 0.5181651 0 255 0
0.2093902 0.0083188 0.4959371 0 255 0
-0.1719809 0.0236932 0.5268596 0 255 0
-0.1181053 0.0143408 0.5027894 0 255 0
0.2304308 -0.0033024 0.4911689 0 255 0
0.2828520 -0.0584878 0.5311655 0 255 0
0.1804457 0.0632569 0.4552155 0 255 0
0.3393707 -0.0147145 0.5279462 0 255 0
-0.1800008 -0.0798881 0.5010015 0 255 0
0.3460573 -0.0441227 0.5545450 0 255 0
-0.0954899 -0.0407539 0.5277926 0 255 0
0.2210340 -0.0033346 0.4959483 0 255 0
0.2568032 0.0301507 0.4909024 0 255 0
0.2295128 0.0377162 0.4843662 0 255 0
0.2738786 -0.0258500 0.5032256 0 255 0
-0.1883615 0.0621720 0.5277191 0 255 0
-0.2333052 -0.0049536 0.5459475 0 255 0
0.2613016 -0.0273227 0.5086287 0 255 0
0.2626978 0.0477926 0.4826818 0 255 0
0.1899126 0.0717794 0.4762782 0 255 0
0.2902418 0.0118369 0.4968684 0 255 0
0.2551930 0.0604303 0.4750378 0 255 0
0.2703425 0.0164314 0.4945956 0 255 0
0.2589106 0.0013301 0.4971612 0 255 0
0.3007557 -0.0717960 0.5672867 0 255 0
0.3396517 -0.0316766 0.5422410 0 255 0
0.2103889 -0.0583088 0.5184757 0 255 0
-0.2297075 0.0463878 0.5176300 0 255 0
0.2483428 -0.0162649 0.4993725 0 255 0
0.2139206 -0.0223311 0.5038666 0 255 0
0.2435909 -0.0708743 0.5705975 0 255 0
-0.2447969 0.0225568 0.5292422 0 255 0
-0.1422505 -0.0981908 0.4924255 0 255 0
0.2789714 -0.0115294 0.4975643 0 255 0
0.2538612 0.0106596 0.4964134 0 255 0
0.2412946 -0.0303436 0.4993382 0 255 0
0.2211798 -0.1037621 0.5821006 0 255 0
-0.0958061 -0.0035604 0.5295402 0 255 0
-0.1636434 -0.0330575 0.5049484 0 255 0
-0.1123551 -0.0520640 0.4831370 0 255 0
0.2808895 -0.0056753 0.4968263 0 255 0
0.2608442 0.0267502 0.4920054 0 255 0
0.1983382 -0.0535634 0.5318407 0 255 0
-0.0965730 -0.0406884 0.5269441 0 255 0
0.2974639 -0.0883960 0.5711914 0 255 0
0.2724994 -0.0586743 0.5328597 0 255 0
0.2845333 -0.0939211 0.5721450 0 255 0
0.2959962 -0.1013498 0.5761624 0 255 0
0.2404778 0.0301261 0.4905016 0 255 0
-0.1726941 0.0540146 0.5328756 0 255 0
-0.1290632 -0.0821112 0.4862806 0 255 0
-0.0927188 -0.0539050 0.5480189 0 255 0
0.2709138 -0.0419580 0.5273390 0 255 0
0.2989634 0.0048983 0.5037042 0 255 0
-0.1648156 -0.0615286 0.5049090 0 255 0
0.2053214 0.0237584 0.4783239 0 255 0
0.2325369 -0.1100069 0.5936570 0 255 0
-0.1086941 -0.0254828 0.5198557 0 255 0
-0.1981160 0.0448946 0.5144574 0 255 0
0.2395788 -0.0906603 0.5770609 0 255 0
0.1772390 0.0653955 0.4552112 0 255 0
-0.1557843 -0.0924215 0.4987566 0 255 0
0.2208690 -0.0010031 0.4955780 0 255 0
0.2498575 -0.0747682 0.5696199 0 255 0
0.2514842 -0.0115541 0.4986300 0 255 0
0.2515335 0.0376095 0.4829957 0 255 0
-0.1950595 -0.0531757 0.5159532 0 255 0
-0.2074476 0.0568933 0.5136474 0 255 0
-0.1670351 0.0150274 0.5268598 0 255 0
0.2167943 -0.0611794 0.5221810 0 255 0
0.3110548 0.0132959 0.5080070 0 255 0
-0.0863551 -0.0700764 0.4900153 0 255 0
-0.1622226 0.0150397 0.5272931 0 255 0
-0.1399724 -0.0033392 0.4966437 0 255 0
0.3140924 -0.0611368 0.5673290 0 255 0
-0.1348918 -0.0428836 0.4951078 0 255 0
0.3086739 0.0168123 0.5060581 0 255 0
0.2733797 0.0576253 0.4795618 0 255 0
-0.1192337 -0.0793602 0.4834434 0 255 0
0.3454389 -0.0160066 0.5296516 0 255 0
0.2379391 -0.0506474 0.5149001 0 255 0
-0.1444773 -0.0299060 0.4921378 0 255 0
-0.1265955 -0.0468709 0.5132923 0 255 0
0.2622383 -0.0233949 0.5012920 0 255 0
0.2097940 -0.0493546 0.5140369 0 255 0
0.3161885 -0.0581217 0.5639436 0 255 0
0.2793230 -0.0322546 0.5110255 0 255 0
0.2660949 -0.1154532 0.6002149 0 255 0
0.1738316 0.0796060 0.4632115 0 255 0
0.2683396 -0.0689404 0.5447236 0 255 0
-0.1644317 0.0137784 0.5264418 0 255 0
0.2740258 0.0036502 0.4949589 0 255 0
0.2175102 -0.0220951 0.4985425 0 255 0
-0.0927964 -0.0526614 0.5484775 0 255 0
-0.1813719 0.0598375 0.5290059 0 255 0
-0.2259414 0.0090678 0.5405911 0 255 0
0.3095829 -0.0299556 0.5342717 0 255 0
0.2305216 0.0241643 0.4864953 0 255 0
0.2713979 -0.0185854 0.4986675 0 255 0
0.2420944 0.0210462 0.4937989 0 255 0
0.2766299 -0.0162057 0.4975534 0 255 0
0.2385935 -0.0534847 0.5189518 0 255 0
0.2891587 -0.0923387 0.5706738 0 255 0
-0.1920753 0.0378789 0.5177007 0 255 0
0.2252283 -0.0565429 0.5246997 0 255 0
0.2535082 0.0245102 0.4934587 0 255 0
-0.1716668 -0.0466795 0.5111966 0 255 0
0.2755840 -0.1005685 0.5874141 0 255 0
-0.1993420 -0.0619476 0.5083472 0 255 0
0.1864965 -0.0798944 0.5680012 0 255 0
0.2393568 -0.0815265 0.5700813 0 255 0
-0.2446290 0.0078681 0.5454850 0 255 0
0.2350017 -0.0266416 0.4959501 0 255 0
0.1876003 0.0530734 0.4596578 0 255 0
0.2629862 -0.0010041 0.4960456 0 255 0
0.2226991 -0.0808220 0.5651554 0 255 0
-0.1128443 -0.0807954 0.4852406 0 255 0
0.2231928 -0.0091544 0.4955730 0 255 0
-0.1564607 0.0430967 0.5372523 0 255 0
0.2480269 0.0059936 0.4963948 0 255 0
-0.1831783 -0.0239505 0.5131978 0 255 0
-0.2052963 -0.0524378 0.5331028 0 255 0
0.2547750 0.0487115 0.4805577 0 255 0
0.2787260 -0.1057127 0.5853274 0 255 0
0.2475413 -0.0221651 0.5001209 0 255 0
0.1980757 0.0365305 0.4691388 0 255 0
-0.1631043 -0.0954263 0.4960997 0 255 0
-0.1671833 -0.0627142 0.5049024 0 255 0
-0.1565029 0.0099560 0.5206155 0 255 0
-0.1226486 -0.0229116 0.5169661 0 255 0
0.2787473 -0.0338221 0.5166268 0 255 0
0.2217517 -0.0934927 0.5695351 0 255 0
-0.1315572 -0.0284532 0.4870640 0 255 0
0.2178858 0.0435835 0.4739116 0 255 0
-0.1710016 -0.0521171 0.5056819 0 255 0
0.2655147 -0.0045042 0.4964202 0 255 0
-0.0633939 -0.0643746 0.4993760 0 255 0
-0.1860175 -0.0312581 0.5143881 0 255 0
-0.0948755 -0.0479061 0.5530943 0 255 0
0.2479756 -0.0619216 0.5506004 0 255 0
0.2353373 -0.0481897 0.5144956 0 255 0
-0.1410307 -0.0033367 0.4962664 0 255 0
-0.1710174 0.0187713 0.5277019 0 255 0
0.1798315 0.0437959 0.4762215 0 255 0
0.3469616 -0.0172651 0.5300789 0 255 0
-0.1010757 -0.0561322 0.4889068 0 255 0
-0.1065144 0.0085451 0.5094310 0 255 0
-0.1511462 0.0370271 0.5407930 0 255 0
0.2211783 -0.0919162 0.5680624 0 255 0
0.2737245 -0.1047273 0.5953634 0 255 0
0.3255269 -0.0135165 0.5296126 0 255 0
0.2872007 -0.0128052 0.5017412 0 255 0
-0.2283154 0.0487825 0.5172284 0 255 0
-0.1754037 -0.0383014 0.5115984 0 255 0
0.1931762 -0.0677518 0.5454592 0 255 0
0.1949871 0.0212164 0.4977938 0 255 0
-0.2038267 0.0412022 0.5136359 0 255 0
0.2495153 -0.0174384 0.4993736 0 255 0
0.2887721 0.0563996 0.4884650 0 255 0
0.1913573 0.0448074 0.4635325 0 255 0
0.1764121 0.0622718 0.4558347 0 255 0
-0.1877412 0.0236537 0.5259814 0 255 0
0.3108936 -0.0847417 0.5737110 0 255 0
-0.1107310 -0.0820573 0.4859614 0 255 0
-0.1272940 -0.0374274 0.5161244 0 255 0
-0.0877035 -0.0575410 0.4911262 0 255 0
-0.1939081 0.0088790 0.5293372 0 255 0
0.2496885 -0.0676678 0.5662051 0 255 0
-0.1545147 -0.0428476 0.4946919 0 255 0
0.2774665 -0.0186000 0.4990581 0 255 0
-0.1557708 -0.0975398 0.4949941 0 255 0
0.2445204 -0.0068364 0.4963713 0 255 0
-0.1535575 -0.0908376 0.5029644 0 255 0
-0.0794916 -0.0565919 0.5368603 0 255 0
0.2145913 -0.0763132 0.5612941 0 255 0
-0.0997387 -0.0667258 0.4824397 0 255 0
-0.1713858 -0.0773600 0.4998797 0 255 0
0.2708375 -0.0221505 0.4997929 0 255 0
-0.1465371 -0.0936681 0.4991543 0 255 0
-0.1383978 -0.0229172 0.4910566 0 255 0
-0.1435581 -0.0500496 0.4969521 0 255 0
-0.1754752 -0.0047083 0.5189110 0 255 0
0.3171801 -0.0071619 0.5200037 0 255 0
-0.2026282 0.0532732 0.5136535 0 255 0
0.2396914 -0.0939471 0.5806141 0 255 0
-0.1431589 0.0074508 0.5165523 0 255 0
-0.2170337 0.0331137 0.5192782 0 255 0
-0.1303020 -0.0764553 0.4866451 0 255 0
0.2929306 -0.0869020 0.5701951 0 255 0
-0.1874020 0.0138325 0.5285059 0 255 0
-0.1309537 -0.0576683 0.5022862 0 255 0
0.1996486 0.0479760 0.4625793 0 255 0
0.2353064 -0.0547894 0.5197614 0 255 0
0.1751349 0.0564682 0.4609197 0 255 0
0.2200423 -0.0848043 0.5651448 0 255 0
-0.1197606 -0.0842748 0.4855797 0 255 0
-0.1068772 -0.0628621 0.4789135 0 255 0
0.2606628 0.0106519 0.4960549 0 255 0
-0.1247721 0.0070946 0.4918587 0 255 0
0.2084813 -0.0223819 0.5050126 0 255 0
-0.2388185 -0.0113863 0.5468367 0 255 0
0.2278526 -0.0865802 0.5680837 0 255 0
-0.0977751 -0.0780724 0.4896153 0 255 0
-0.2372508 0.0102783 0.5374707 0 255 0
-0.2138120 0.0273805 0.5263474 0 255 0
-0.1076637 -0.0542559 0.4824378 0 255 0
-0.1102509 -0.0510044 0.4838542 0 255 0
0.2361776 -0.0469079 0.5136971 0 255 0
-0.1189998 -0.0079300 0.4918553 0 255 0
0.3164308 -0.0277151 0.5395340 0 255 0
-0.1496075 -0.0836561 0.5096129 0 255 0
-0.2103166 -0.0111011 0.5331430 0 255 0
0.2612430 -0.0045109 0.4971592 0 255 0
0.2948571 0.0130539 0.4987580 0 255 0
-0.1943576 0.0319722 0.5205595 0 255 0
-0.2183228 0.0040100 0.5437344 0 255 0
0.2514831 -0.0593930 0.5281171 0 255 0
-0.1315614 -0.0158645 0.4870796 0 255 0
-0.1963449 -0.0736632 0.5067700 0 255 0
0.1917996 0.0602587 0.4568131 0 255 0
-0.1821525 0.0368672 0.5205925 0 255 0
-0.1316555 -0.0261838 0.4874278 0 255 0
-0.0391009 -0.0498464 0.5191587 0 255 0
0.1925227 0.0265637 0.4885751 0 255 0
0.2736965 0.0266524 0.4902081 0 255 0
0.2118250 -0.0033546 0.4989305 0 255 0
-0.1860352 0.0609814 0.5281469 0 255 0
0.2348632 -0.0471279 0.5161071 0 255 0
-0.1150416 0.0072082 0.4997323 0 255 0
0.2976587 0.0224642 0.4995309 0 255 0
0.2248528 -0.0500209 0.5209768 0 255 0
0.2653787 0.0378056 0.4855143 0 255 0
-0.1522747 -0.0935946 0.4987628 0 255 0
-0.0612838 -0.0610874 0.5012885 0 255 0
0.2630166 -0.0221834 0.5005344 0 255 0
0.2707380 0.0001613 0.4953191 0 255 0
-0.2011163 -0.0425912 0.5352969 0 255 0
0.2086270 0.0001627 0.4996842 0 255 0
-0.1310728 -0.0907107 0.4895239 0 255 0
0.2040098 -0.0919894 0.5685149 0 255 0
0.2610510 -0.0162535 0.4990225 0 255 0
0.2509202 -0.0021760 0.4975119 0 255 0
0.2173514 -0.0115437 0.4981785 0 255 0
0.2567620 -0.0806109 0.5730957 0 255 0
-0.1031832 0.0089837 0.5355790 0 255 0
-0.0812148 -0.0590051 0.4937207 0 255 0
0.2780098 -0.0150480 0.4979335 0 255 0
-0.1119824 -0.0130816 0.5125699 0 255 0
0.2771917 -0.0928161 0.5736243 0 255 0
0.2314602 -0.0137507 0.4933632 0 255 0
0.2738273 -0.0445075 0.5281844 0 255 0
0.2795730 -0.0760734 0.5595304 0 255 0
0.2488463 -0.0578274 0.5251679 0 255 0
-0.1669773 -0.0139560 0.5007315 0 255 0
-0.2147189 -0.0364789 0.5379025 0 255 0
0.3290789 0.0111147 0.5176048 0 255 0
-0.2093355 0.0307958 0.5213514 0 255 0
-0.2399017 -0.0100929 0.5463809 0 255 0
0.1984483 0.0438428 0.4648537 0 255 0
-0.1395355 -0.0463724 0.4950933 0 255 0
0.2653020 -0.0888578 0.5921571 0 255 0
0.3122630 0.0061814 0.5119423 0 255 0
-0.1591632 0.0220499 0.5173485 0 255 0
-0.2117662 0.0519422 0.5124299 0 255 0
0.2064430 0.0173930 0.4889566 0 255 0
-0.2118767 0.0365155 0.5156254 0 255 0
0.2307508 -0.0694284 0.5589570 0 255 0
0.3047535 -0.0731299 0.5672938 0 255 0
-0.1687919 -0.0199144 0.5026355 0 255 0
0.3139530 0.0049862 0.5127403 0 255 0
-0.1321226 -0.0906427 0.4891572 0 255 0
0.2648204 -0.0726389 0.5533980 0 255 0
-0.1522610 -0.0919493 0.5025811 0 255 0
-0.2296911 0.0128047 0.5374905 0 255 0
-0.1381866 -0.0355553 0.4903072 0 255 0
-0.0997662 -0.0132161 0.5178430 0 255 0
0.1963187 -0.0861980 0.5655762 0 255 0
0.2046183 -0.0033904 0.5042550 0 255 0
-0.1599780 -0.0909719 0.4972388 0 255 0
0.3133177 -0.0833222 0.5732192 0 255 0
-0.1278409 -0.0251885 0.4903468 0 255 0
0.2226919 0.0070952 0.4918976 0 255 0
0.2659211 -0.0392907 0.5248129 0 255 0
0.2788019 0.0152242 0.4931338 0 255 0
0.2695804 0.0094724 0.4953280 0 255 0
0.3373873 -0.0427106 0.5531326 0 255 0
-0.0542351 -0.0501339 0.5490263 0 255 0
0.2664804 -0.0045008 0.4960490 0 255 0
0.2176153 -0.0308070 0.5069643 0 255 0
0.2744150 -0.0357349 0.5269329 0 255 0
-0.1869271 0.0414643 0.5169034 0 255 0
-0.2131336 0.0140571 0.5370889 0 255 0
-0.1246831 -0.0890991 0.4870025 0 255 0
-0.1109386 -0.0344369 0.5077924 0 255 0
0.3390189 -0.0224628 0.5352151 0 255 0
-0.1870737 0.0402813 0.5173086 0 255 0
-0.1416295 0.0184915 0.5198378 0 255 0
0.2730746 -0.0869086 0.5791680 0 255 0
0.2100282 -0.0871573 0.5631872 0 255 0
-0.1620939 0.0087049 0.5189571 0 255 0
0.2661093 -0.0150359 0.4975318 0 255 0
-0.0701575 -0.0617917 0.4974751 0 255 0
0.2117735 -0.0583550 0.5188869 0 255 0
-0.1178270 0.0156419 0.5066667 0 255 0
0.2808887 -0.0068427 0.4968249 0 255 0
-0.1445859 -0.0287713 0.4925078 0 255 0
-0.1053225 -0.0564819 0.4820863 0 255 0
-0.2228449 -0.0137622 0.5392379 0 255 0
-0.1599554 -0.0638534 0.5045291 0 255 0
0.2084395 0.0366104 0.4701650 0 255 0
-0.1317947 -0.0405867 0.5101038 0 255 0
0.2796749 -0.0283235 0.5051624 0 255 0
0.2020597 0.0521057 0.4606513 0 255 0
-0.1460769 -0.0079587 0.4936402 0 255 0
0.1904025 0.0448387 0.4638565 0 255 0
0.2170162 -0.0820073 0.5641736 0 255 0
0.1897839 0.0581513 0.4571226 0 255 0
-0.1202810 -0.0736270 0.4830928 0 255 0
0.2687430 -0.0599253 0.5328500 0 255 0
-0.1346410 -0.0490323 0.4984810 0 255 0
-0.1565236 -0.0698346 0.5049170 0 255 0
-0.2030818 -0.0023207 0.5305858 0 255 0
-0.1619766 -0.0103321 0.4962116 0 255 0
-0.1103286 -0.0595291 0.4792593 0 255 0
-0.0710556 -0.0650519 0.4955965 0 255 0
0.2180314 -0.0033421 0.4970634 0 255 0
-0.0770979 -0.0537742 0.5466889 0 255 0
-0.2253588 0.0498808 0.5160174 0 255 0
0.3415286 -0.0513263 0.5620848 0 255 0
0.2144671 -0.0951571 0.5714936 0 255 0
-0.1239346 -0.0055808 0.4885572 0 255 0
-0.0628922 -0.0555797 0.5047553 0 255 0
0.2090569 0.0236730 0.4766035 0 255 0
-0.1812572 -0.0508096 0.5044984 0 255 0
-0.1603922 -0.0836175 0.5021893 0 255 0
-0.1714037 -0.0394120 0.5104132 0 255 0
0.1813054 0.0490933 0.4628651 0 255 0
0.2228509 0.0105157 0.4897103 0 255 0
0.1907276 0.0624055 0.4568134 0 255 0
-0.1243810 -0.0493604 0.5140972 0 255 0
-0.0624593 -0.0646202 0.5012815 0 255 0
-0.1533172 -0.0890197 0.5060672 0 255 0
-0.2206896 0.0226320 0.5310069 0 255 0
-0.0948952 -0.0762271 0.4925594 0 255 0
-0.1748158 0.0087320 0.5205737 0 255 0
-0.1869495 0.0100825 0.5272298 0 255 0
0.2909757 0.0188140 0.4961314 0 255 0
0.2343292 -0.0731726 0.5676250 0 255 0
-0.1867390 -0.0577867 0.5033178 0 255 0
0.2463097 0.0152905 0.4952843 0 255 0
0.2793090 0.0567887 0.4820256 0 255 0
0.3188406 -0.0554723 0.5639526 0 255 0
-0.1726017 -0.0370133 0.5104136 0 255 0
0.1993410 -0.0592310 0.5379148 0 255 0
-0.2073780 0.0608474 0.5164762 0 255 0
-0.1084906 -0.0375812 0.5019794 0 255 0
0.2267414 0.0497675 0.4692217 0 255 0
0.2023871 0.0126113 0.5293723 0 255 0
-0.1712541 -0.0808216 0.4994955 0 255 0
-0.2042398 0.0064430 0.5336113 0 255 0
-0.1080009 -0.0617366 0.4789124 0 255 0
-0.2274749 0.0014643 0.5473334 0 255 0
0.2095743 -0.0104517 0.5019533 0 255 0
0.1924283 0.0718841 0.4769727 0 255 0
0.2884275 0.0595351 0.4859530 0 255 0
0.2596730 0.0455898 0.4833772 0 255 0
-0.1327991 -0.0250385 0.4874267 0 255 0
0.2862400 0.0411199 0.4980208 0 255 0
-0.2016684 -0.0160215 0.5301436 0 255 0
-0.1864457 0.0379696 0.5189398 0 255 0
0.2381850 0.0449598 0.4766975 0 255 0
0.1921971 0.0560811 0.4577599 0 255 0
-0.2233710 -0.0238199 0.5374590 0 255 0
-0.1843769 -0.0348024 0.5131817 0 255 0
0.3103377 0.0109253 0.5087860 0 255 0
-0.2346467 0.0560251 0.5401871 0 255 0
-0.2127096 0.0342263 0.5176523 0 255 0
0.2018568 0.0290412 0.4728379 0 255 0
0.2457863 0.0589298 0.4719599 0 255 0
0.3086494 0.0001667 0.5119269 0 255 0
0.2806021 -0.0406881 0.5269404 0 255 0
-0.0852689 -0.0712810 0.4903818 0 255 0
0.3105878 -0.0248139 0.5316988 0 255 0
0.1888850 0.0339461 0.4793436 0 255 0
-0.1293092 -0.0373099 0.5145038 0 255 0
0.3087397 -0.0831761 0.5722142 0 255 0
0.2341879 -0.0290157 0.4966926 0 255 0
0.3554703 -0.0274059 0.5335140 0 255 0
0.2136362 -0.0186512 0.5004305 0 255 0
0.2169633 -0.0950755 0.5710037 0 255 0
0.2492278 -0.1050025 0.5969276 0 255 0
-0.1444508 -0.1015840 0.4920476 0 255 0
-0.0988674 -0.0530635 0.5394630 0 255 0
-0.1607508 0.0086981 0.5185532 0 255 0
-0.1441828 0.0209510 0.5202467 0 255 0
0.2733142 -0.0883470 0.5796762 0 255 0
-0.0552814 -0.0502689 0.5110531 0 255 0
-0.1296750 -0.0623412 0.5018995 0 255 0
0.2882125 0.0222778 0.4953846 0 255 0
-0.0989811 -0.0360493 0.5137677 0 255 0
-0.1648132 -0.0674597 0.5049017 0 255 0
-0.1843920 0.0296916 0.5234819 0 255 0
-0.1436326 -0.0800665 0.5096305 0 255 0
0.2255705 -0.0920765 0.5690532 0 255 0
0.2914204 0.0270157 0.4968897 0 255 0
0.1993386 0.0251186 0.4828659 0 255 0
-0.1226393 -0.0218302 0.4925647 0 255 0
-0.0887883 -0.0538613 0.5475739 0 255 0
0.2170531 0.0048120 0.4948330 0 255 0
0.2924411 0.0036921 0.5006334 0 255 0
0.2476359 0.0441284 0.4798361 0 255 0
0.2927561 -0.0757919 0.5672642 0 255 0
-0.1221842 -0.0159837 0.4907367 0 255 0
0.2680464 -0.0091769 0.4967938 0 255 0
0.2150399 0.0423475 0.4725457 0 255 0
-0.1952972 0.0224350 0.5263847 0 255 0
-0.2347809 -0.0036738 0.5464002 0 255 0
-0.1047974 -0.0398798 0.5012191 0 255 0
-0.1772343 0.0499698 0.5169379 0 255 0
0.2790050 0.0071182 0.4934931 0 255 0
0.2188328 -0.0269437 0.5015739 0 255 0
0.2037968 -0.0296826 0.5081077 0 255 0
0.2236892 -0.0243465 0.4966753 0 255 0
0.2831167 -0.1151924 0.5916320 0 255 0
0.2647729 0.0488916 0.4823349 0 255 0
-0.1080655 0.0013524 0.5055016 0 255 0
0.3383557 -0.0185845 0.5321963 0 255 0
-0.1436209 -0.0971790 0.4931631 0 255 0
-0.2176048 0.0078171 0.5419461 0 255 0
0.1860160 -0.0770261 0.5665379 0 255 0
0.2144080 0.0082878 0.4940899 0 255 0
0.2618276 -0.0150583 0.4982716 0 255 0
0.2307076 0.0532280 0.4705734 0 255 0
0.2391312 0.0556006 0.4719412 0 255 0
-0.1790075 -0.0274825 0.5116039 0 255 0
-0.0580208 -0.0601859 0.5036005 0 255 0
-0.1101748 -0.0255432 0.5210888 0 255 0
0.2062488 -0.0569552 0.5172474 0 255 0
-0.1929730 0.0026471 0.5267847 0 255 0
-0.1455205 0.0321030 0.5434824 0 255 0
-0.1374525 -0.0194850 0.4917979 0 255 0
-0.1029311 0.0064510 0.5342706 0 255 0
-0.2030783 -0.0098010 0.5305765 0 255 0
0.2051474 -0.0320952 0.5084997 0 255 0
0.2360250 -0.0021468 0.4908170 0 255 0
0.2677124 -0.0829466 0.5706354 0 255 0
0.2774326 -0.0942458 0.5741227 0 255 0
0.2143215 -0.0931679 0.5675564 0 255 0
0.1932309 0.0214102 0.5023394 0 255 0
0.3064291 -0.0181004 0.5183324 0 255 0
0.2563832 0.0048310 0.4967856 0 255 0
0.2789502 -0.1096313 0.5916297 0 255 0
0.2336434 0.0469618 0.4742910 0 255 0
-0.1686124 -0.0046533 0.5128531 0 255 0
-0.1021541 -0.0566070 0.4831537 0 255 0
-0.0723278 -0.0604850 0.4963451 0 255 0
0.2014128 -0.0237131 0.5081099 0 255 0
0.2001732 0.0322817 0.4714860 0 255 0
0.2401210 0.0312322 0.4897738 0 255 0
0.2465114 0.0475111 0.4798392 0 255 0
0.2758349 0.0587957 0.4799174 0 255 0
-0.1066883 -0.0532005 0.4831480 0 255 0
0.3334258 -0.0047409 0.5225132 0 255 0
-0.2083265 0.0568043 0.5128435 0 255 0
0.2568909 -0.0459556 0.5165613 0 255 0
0.2288701 -0.0314200 0.4978030 0 255 0
0.2598666 -0.0764569 0.5623513 0 255 0
0.2241870 -0.0114747 0.4952001 0 255 0
0.3479199 -0.0399790 0.5513098 0 255 0
-0.2091614 -0.0338687 0.5365994 0 255 0
0.2293483 -0.0278272 0.4963096 0 255 0
0.2875246 -0.1057768 0.5781601 0 255 0
-0.1765718 0.0403783 0.5185550 0 255 0
0.2520306 -0.1078082 0.5969302 0 255 0
0.3272280 -0.0122427 0.5283455 0 255 0
0.2753493 -0.0283664 0.5059279 0 255 0
0.1890895 -0.0755971 0.5560275 0 255 0
0.2828365 -0.1060539 0.5796751 0 255 0
-0.2320251 -0.0049536 0.5459504 0 255 0
0.2668792 0.0456582 0.4841024 0 255 0
-0.0906873 -0.0209462 0.5286782 0 255 0
0.2729855 0.0620431 0.4788705 0 255 0
-0.1493176 -0.0299503 0.4928654 0 255 0
-0.2219294 -0.0238005 0.5370226 0 255 0
0.2569766 0.0164675 0.4956813 0 255 0
-0.2063928 -0.0236091 0.5327037 0 255 0
0.2914828 -0.0010141 0.5010056 0 255 0
0.2191429 -0.0320476 0.5077470 0 255 0
0.3292964 -0.0059828 0.5237468 0 255 0
-0.2439510 -0.0036767 0.5468350 0 255 0
0.1979132 0.0406802 0.4661629 0 255 0
-0.1196788 -0.0625534 0.4852482 0 255 0
0.2553749 0.0571223 0.4753763 0 255 0
-0.1656779 -0.0115941 0.5003559 0 255 0
0.2673431 0.0300405 0.4891081 0 255 0
-0.1049373 -0.0585326 0.4803231 0 255 0
0.2063400 -0.0356796 0.5084979 0 255 0
0.3143586 -0.0678596 0.5678099 0 255 0
-0.1892091 0.0535694 0.5165098 0 255 0
0.1802730 -0.0717892 0.5779639 0 255 0
-0.1079819 -0.0010224 0.5051104 0 255 0
0.2413312 -0.0587322 0.5222405 0 255 0
0.2585153 -0.0375189 0.5173860 0 255 0
-0.1248006 -0.0112953 0.4874614 0 255 0
0.2840649 -0.0415286 0.5219420 0 255 0
0.3062045 -0.0143789 0.5159043 0 255 0
-0.1334894 -0.0320763 0.4899602 0 255 0
-0.1540597 -0.0218599 0.4932350 0 255 0
0.2253470 -0.0172925 0.4951955 0 255 0
0.1914715 -0.0637566 0.5790147 0 255 0
-0.1076267 0.0109307 0.5090371 0 255 0
-0.2174801 0.0201857 0.5323020 0 255 0
0.1935239 0.0166127 0.5000504 0 255 0
0.2517008 -0.0648407 0.5647573 0 255 0
0.2809155 0.0221607 0.4927812 0 255 0
-0.0986534 -0.0561979 0.5452779 0 255 0
-0.1484131 -0.0812621 0.5096185 0 255 0
-0.1510045 -0.0560548 0.4984337 0 255 0
0.2849038 0.0528766 0.4877301 0 255 0
0.2705631 -0.0825904 0.5681852 0 255 0
0.1893346 -0.0639063 0.5454555 0 255 0
0.3046787 -0.0916376 0.5746862 0 255 0
-0.1056747 -0.0083357 0.5170215 0 255 0
0.2150164 0.0534529 0.4629444 0 255 0
-0.1132469 0.0132815 0.5074559 0 255 0
0.2742302 0.0013252 0.4953281 0 255 0
0.2561930 0.0094933 0.4964170 0 255 0
0.1986501 0.0582345 0.4577766 0 255 0
0.2623286 0.0445197 0.4840910 0 255 0
0.2449064 0.0324079 0.4901496 0 255 0
0.2118256 -0.0021823 0.4989320 0 255 0
0.2690130 -0.0627843 0.5358790 0 255 0
-0.0555406 -0.0480917 0.5134496 0 255 0
0.3255446 -0.0482707 0.5573036 0 255 0
0.2918608 -0.0225977 0.5098823 0 255 0
0.2554430 -0.0771135 0.5671808 0 255 0
-0.2283237 -0.0138643 0.5432405 0 255 0
0.1823926 0.0490936 0.4628676 0 255 0
0.2529056 -0.0394541 0.5109587 0 255 0
0.2146924 0.0001620 0.4974354 0 255 0
0.2934838 -0.0093183 0.5044450 0 255 0
-0.1507362 -0.0929173 0.5014322 0 255 0
0.2128364 -0.0021806 0.4985569 0 255 0
-0.1221895 0.0013130 0.4907582 0 255 0
0.2906662 -0.1118979 0.5817320 0 255 0
-0.1456358 -0.0183425 0.4921496 0 255 0
-0.1357676 -0.0873239 0.4898828 0 255 0
0.2525654 0.0290398 0.4916235 0 255 0
-0.2030747 -0.0172810 0.5305672 0 255 0
0.1936562 -0.0649202 0.5432149 0 255 0
-0.1247729 0.0094061 0.4918616 0 255 0
-0.1027532 -0.0752101 0.4859875 0 255 0
0.2296110 -0.0539496 0.5234623 0 255 0
0.3163666 0.0098056 0.5127515 0 255 0
-0.1592947 -0.0889051 0.4987532 0 255 0
0.1929435 0.0222850 0.4955456 0 255 0
-0.1444839 0.0074566 0.5169557 0 255 0
0.2758676 -0.1120249 0.5969773 0 255 0
0.1958849 0.0119854 0.5031003 0 255 0
-0.1715640 0.0125210 0.5255824 0 255 0
-0.2274923 0.0332172 0.5209025 0 255 0
0.2021703 0.0174608 0.5255789 0 255 0
-0.0720894 -0.0541837 0.5028068 0 255 0
0.2749159 0.0175152 0.4923921 0 255 0
0.3261639 -0.0525095 0.5606161 0 255 0
0.1953255 0.0355287 0.4704703 0 255 0
0.1668319 0.0728670 0.4618902 0 255 0
-0.1755479 0.0261480 0.5264328 0 255 0
-0.1882609 -0.0156314 0.5172351 0 255 0
0.2883437 -0.1194672 0.5853316 0 255 0
0.3253453 -0.0059780 0.5233228 0 255 0
0.2501125 0.0507105 0.4781125 0 255 0
0.2698852 -0.0290565 0.5182347 0 255 0
-0.0865796 -0.0515029 0.5498692 0 255 0
-0.1096567 -0.0132364 0.5186383 0 255 0
0.2538619 0.0118261 0.4964148 0 255 0
0.2522435 -0.0186402 0.5001355 0 255 0
-0.1851617 -0.0059650 0.5221878 0 255 0
0.2187251 0.0483534 0.4662180 0 255 0
0.3062576 0.0013643 0.5099449 0 255 0
-0.1860181 -0.0300495 0.5143896 0 255 0
0.2786012 -0.0330219 0.5231828 0 255 0
0.2753067 -0.0949064 0.5781468 0 255 0
-0.2192363 -0.0565266 0.5245482 0 255 0
0.3214881 -0.0122131 0.5270666 0 255 0
0.2419978 0.0418721 0.4798209 0 255 0
0.2585343 0.0312349 0.4898166 0 255 0
-0.1769876 -0.0129967 0.5092468 0 255 0
-0.2163655 -0.0174491 0.5357285 0 255 0
0.2857376 -0.0867495 0.5691947 0 255 0
-0.1879647 -0.0168202 0.5164211 0 255 0
0.3279382 -0.0399091 0.5503461 0 255 0
-0.1020717 -0.0526078 0.4881828 0 255 0
0.2732318 0.0402369 0.4873274 0 255 0
0.2326848 0.0081964 0.4886405 0 255 0
0.1716495 0.0617969 0.4602752 0 255 0
0.3256265 0.0135047 0.5159839 0 255 0
0.2643928 -0.0233773 0.5009161 0 255 0
0.3239086 0.0159047 0.5151775 0 255 0
0.3181574 -0.0440437 0.5535531 0 255 0
0.2268214 -0.0357101 0.5089338 0 255 0
0.1998949 0.0510226 0.4606453 0 255 0
0.2010879 0.0152989 0.4955548 0 255 0
0.2138457 -0.0021790 0.4981824 0 255 0
0.2671729 -0.0904120 0.5932256 0 255 0
-0.1072920 0.0013576 0.5074543 0 255 0
-0.1626831 0.0426835 0.5169594 0 255 0
-0.2251717 0.0590110 0.5327664 0 255 0
0.2281376 0.0418084 0.4790912 0 255 0
-0.1731806 0.0013894 0.5193338 0 255 0
-0.1080636 -0.0057743 0.5054928 0 255 0
0.2080892 -0.0296146 0.5069448 0 255 0
-0.1201114 0.0156297 0.5062714 0 255 0
-0.1140314 -0.0664775 0.4806445 0 255 0
0.2581090 -0.0386738 0.5165730 0 255 0
-0.2054905 0.0051891 0.5336069 0 255 0
-0.1772515 -0.0667887 0.4998799 0 255 0
0.3488929 -0.0159940 0.5292344 0 255 0
0.2876292 0.0434936 0.4984030 0 255 0
0.2096332 0.0312646 0.4728576 0 255 0
0.2766883 0.0105969 0.4934924 0 255 0
-0.1529096 -0.0044755 0.4932590 0 255 0
-0.0821240 -0.0703925 0.4922258 0 255 0
-0.1336772 -0.0408963 0.4992506 0 255 0
-0.0601529 -0.0646702 0.5016690 0 255 0
0.2736349 0.0380027 0.4880464 0 255 0
-0.1421693 -0.0287500 0.4921443 0 255 0
-0.2042837 0.0307720 0.5209490 0 255 0
-0.1847065 -0.0657623 0.5010087 0 255 0
-0.1906962 0.0331960 0.5205691 0 255 0
0.1939547 0.0264462 0.4864154 0 255 0
0.2664534 -0.0887784 0.5916281 0 255 0
-0.1068763 -0.0662375 0.4789093 0 255 0
-0.0909057 -0.0247324 0.5299515 0 255 0
0.2245133 -0.0551344 0.5230342 0 255 0
0.2472183 -0.0577350 0.5243291 0 255 0
0.2039247 -0.0546378 0.5301400 0 255 0
-0.1403018 0.0260268 0.5239916 0 255 0
0.2012385 0.0365050 0.4688122 0 255 0
0.1955651 0.0211526 0.4962960 0 255 0
0.2814477 0.0301991 0.4916906 0 255 0
-0.2368648 0.0127834 0.5365964 0 255 0
-0.0799293 -0.0513756 0.5485102 0 255 0
-0.0459020 -0.0541255 0.5134633 0 255 0
0.2683367 0.0266915 0.4909259 0 255 0
0.3103415 0.0192202 0.5068421 0 255 0
0.3060030 -0.0034393 0.5115198 0 255 0
0.2182500 0.0116662 0.4897016 0 255 0
0.2720807 -0.1032348 0.5948241 0 255 0
-0.2028257 0.0101964 0.5331859 0 255 0
0.2434292 0.0082889 0.4941560 0 255 0
0.2670292 -0.0271767 0.5059111 0 255 0
-0.1111510 -0.0491284 0.4878048 0 255 0
-0.1968713 -0.0387241 0.5340053 0 255 0
-0.1715452 -0.0140413 0.5037930 0 255 0
-0.1468999 -0.0183562 0.4925157 0 255 0
0.1873907 -0.0672466 0.5626811 0 255 0
-0.0516034 -0.0549871 0.5102623 0 255 0
0.2084245 -0.0481091 0.5136348 0 255 0
-0.1455313 -0.0673102 0.5037827 0 255 0
0.2475538 -0.0806783 0.5735742 0 255 0
0.2283239 -0.0160930 0.4940928 0 255 0
0.2734713 -0.0079978 0.4960600 0 255 0
0.1904573 -0.0651342 0.5450052 0 255 0
-0.2091978 0.0470891 0.5120302 0 255 0
-0.0942090 -0.0243012 0.5207127 0 255 0
0.2023981 -0.0372470 0.5136365 0 255 0
0.2243798 -0.0316103 0.5008183 0 255 0
0.2757369 0.0129257 0.4938625 0 255 0
-0.0563488 -0.0525476 0.5098591 0 255 0
0.2818668 0.0279299 0.4924227 0 255 0
-0.0832810 -0.0599843 0.4922362 0 255 0
-0.1872221 -0.0348837 0.5143809 0 255 0
-0.1579988 -0.0347111 0.4946958 0 255 0
-0.1342624 0.0223512 0.5244184 0 255 0
0.2112753 -0.0557850 0.5176662 0 255 0
-0.1053444 -0.0046764 0.5154053 0 255 0
-0.1447567 0.0271709 0.5223177 0 255 0
0.2996308 -0.0842250 0.5702130 0 255 0
0.1749803 0.0664188 0.4548935 0 255 0
-0.1645600 -0.0685406 0.5041259 0 255 0
0.1996172 0.0049263 0.5065793 0 255 0
0.2738978 -0.0546979 0.5307229 0 255 0
0.2241790 0.0013180 0.4926287 0 255 0
0.2345715 -0.0389977 0.5050477 0 255 0
-0.1502235 -0.0749844 0.5076532 0 255 0
-0.2159801 -0.0364787 0.5378998 0 255 0
0.1997703 0.0037388 0.5069678 0 255 0
-0.1690408 -0.0785352 0.4998834 0 255 0
0.2361828 -0.0702639 0.5656834 0 255 0
-0.1413377 -0.0646468 0.5014879 0 255 0
0.2879935 0.0187714 0.4950082 0 255 0
0.2660889 0.0094723 0.4953203 0 255 0
0.1938209 -0.0780136 0.5546303 0 255 0
-0.2198305 0.0521435 0.5144160 0 255 0
-0.1678313 0.0540596 0.5333188 0 255 0
-0.1568613 0.0257175 0.5177657 0 255 0
0.2346928 -0.1055386 0.5920663 0 255 0
0.2076917 -0.0092934 0.5030999 0 255 0
0.2050907 0.0227334 0.4804130 0 255 0
0.2129891 0.0502238 0.4632611 0 255 0
0.2401217 0.0323831 0.4897752 0 255 0
0.2983302 0.0131036 0.5006579 0 255 0
0.2583401 -0.1123230 0.5985656 0 255 0
0.2774472 0.0534680 0.4827226 0 255 0
0.2620689 -0.0919691 0.5942796 0 255 0
-0.1957502 0.0272735 0.5242894 0 255 0
-0.1293984 -0.0513734 0.5100957 0 255 0
0.2618191 -0.0732527 0.5580738 0 255 0
-0.1470053 -0.0311086 0.4928690 0 255 0
-0.1746764 0.0062806 0.5201588 0 255 0
0.2869702 -0.1167165 0.5853319 0 255 0
-0.1814907 0.0001700 0.5222034 0 255 0
-0.1965482 0.0076412 0.5297567 0 255 0
0.3269172 -0.0412364 0.5508018 0 255 0
0.2134625 -0.0394778 0.5112658 0 255 0
0.2450250 0.0451897 0.4791348 0 255 0
0.2556508 -0.0775805 0.5706156 0 255 0
-0.1116131 -0.0675087 0.4799465 0 255 0
0.3007548 -0.0731288 0.5672850 0 255 0
0.3300010 -0.0317275 0.5431128 0 255 0
-0.2267315 0.0226132 0.5305647 0 255 0
-0.2130038 0.0177275 0.5336060 0 255 0
0.2323537 0.0311156 0.4879450 0 255 0
0.1824627 0.0405269 0.4772574 0 255 0
-0.2281346 0.0463151 0.5168188 0 255 0
-0.1699429 -0.0393511 0.5096246 0 255 0
0.2922199 0.0048648 0.5002547 0 255 0
-0.2020570 0.0570731 0.5152707 0 255 0
-0.0985291 -0.0010744 0.5308200 0 255 0
0.2473418 0.0256307 0.4927094 0 255 0
-0.0812117 -0.0740838 0.4937020 0 255 0
-0.2305529 -0.0062313 0.5454985 0 255 0
0.2172156 0.0036521 0.4952036 0 255 0
0.2511206 0.0602556 0.4736647 0 255 0
-0.1250432 -0.0230045 0.4929274 0 255 0
0.2476594 0.0153021 0.4956594 0 255 0
-0.1733738 -0.0509285 0.5056781 0 255 0
0.2152458 0.0193475 0.4804311 0 255 0
-0.1954196 0.0584688 0.5169058 0 255 0
-0.2032470 0.0001729 0.5310174 0 255 0
-0.2039364 -0.0553804 0.5139121 0 255 0
-0.1993705 -0.0500152 0.5339859 0 255 0
-0.1341353 -0.0406798 0.4966089 0 255 0
-0.2346207 0.0090600 0.5401273 0 255 0
0.2124619 -0.0162994 0.5004308 0 255 0
0.3168797 0.0013793 0.5155440 0 255 0
0.2428242 -0.0548344 0.5201879 0 255 0
-0.2366815 0.0201188 0.5305397 0 255 0
-0.1759425 -0.0737792 0.4994939 0 255 0
0.1841608 0.0602148 0.4564801 0 255 0
0.2458521 0.0527654 0.4763797 0 255 0
-0.1892080 0.0511418 0.5165067 0 255 0
-0.0672849 -0.0502572 0.5503764 0 255 0
-0.1396329 0.0197758 0.5214937 0 255 0
-0.1922026 0.0088577 0.5280644 0 255 0
-0.0494012 -0.0491842 0.5122618 0 255 0
-0.1556803 -0.0560536 0.4984234 0 255 0
0.1784670 0.0572323 0.4583651 0 255 0
-0.1569840 0.0233025 0.5181707 0 255 0
0.1975504 0.0220208 0.4896691 0 255 0
-0.1112215 -0.0531994 0.4831380 0 255 0
0.2977771 -0.0814044 0.5692277 0 255 0
-0.2053843 -0.0389124 0.5366014 0 255 0
-0.2421989 0.0347978 0.5262957 0 255 0
0.2746386 -0.0613771 0.5345894 0 255 0
-0.1734914 0.0162911 0.5276933 0 255 0
-0.1162887 -0.0169722 0.5210860 0 255 0
-0.1396552 -0.0056603 0.4955182 0 255 0
0.2384407 0.0346077 0.4886857 0 255 0
0.2594973 0.0106519 0.4960524 0 255 0
0.2507372 0.0060027 0.4971491 0 255 0
0.2664858 0.0036584 0.4960590 0 255 0
-0.0722730 -0.0616047 0.4959694 0 255 0
0.3365405 -0.0413069 0.5517443 0 255 0
0.2479550 -0.0440164 0.5081853 0 255 0
-0.1889319 -0.0557198 0.5060276 0 255 0
0.2583163 -0.0138873 0.4982654 0 255 0
0.2655383 -0.0185849 0.4986521 0 255 0
-0.1957332 0.0319973 0.5209693 0 255 0
-0.1190899 -0.0044661 0.4922277 0 255 0
-0.2105635 0.0495340 0.5124296 0 255 0
0.2002206 0.0113855 0.5302151 0 255 0
0.2203635 -0.0091819 0.4970612 0 255 0
-0.1245853 0.0036220 0.4911224 0 255 0
-0.1182847 -0.0183999 0.4936884 0 255 0
0.2561078 -0.0299431 0.5125678 0 255 0
-0.2380215 0.0139643 0.5335435 0 255 0
-0.1494507 0.0062467 0.5173503 0 255 0
-0.2205127 0.0343063 0.5188618 0 255 0
0.3050352 -0.0070504 0.5119101 0 255 0
-0.0994110 -0.0581273 0.4863756 0 255 0
-0.1636296 -0.0662738 0.5049058 0 255 0
-0.1057576 -0.0095581 0.5174267 0 255 0
-0.1807650 -0.0738338 0.4998634 0 255 0
-0.1722910 -0.0889675 0.4991035 0 255 0
0.3374937 -0.0343939 0.5449206 0 255 0
-0.1294442 -0.0880837 0.4877163 0 255 0
-0.1804880 -0.0275252 0.5123987 0 255 0
0.2834466 0.0268130 0.4931608 0 255 0
0.2532485 0.0409250 0.4819450 0 255 0
-0.1844799 0.0150383 0.5272442 0 255 0
0.2971520 0.0107507 0.5006524 0 255 0
-0.1751321 -0.0358415 0.5108063 0 255 0
0.1893622 -0.0596666 0.5418715 0 255 0
-0.0799342 -0.0704987 0.4929688 0 255 0
0.2177047 0.0001616 0.4963186 0 255 0
0.2785494 0.0458964 0.4866272 0 255 0
0.2505824 0.0376368 0.4833475 0 255 0
0.1970447 0.0540810 0.4590423 0 255 0
0.2123573 0.0036685 0.4974346 0 255 0
0.2272262 0.0487690 0.4702249 0 255 0
-0.1499869 -0.0428808 0.4950746 0 255 0
-0.1132617 -0.0115179 0.4970679 0 255 0
-0.1302049 -0.0786836 0.4862824 0 255 0
-0.1795363 0.0199945 0.5272612 0 255 0
0.3238177 -0.0147965 0.5308859 0 255 0
0.2114138 -0.0761177 0.5598564 0 255 0
0.1788830 0.0455083 0.4707838 0 255 0
0.2558640 0.0344828 0.4869227 0 255 0
-0.1651049 -0.0788967 0.5021847 0 255 0
-0.1562415 -0.0955013 0.4964897 0 255 0
0.2946099 -0.0117337 0.5063806 0 255 0
-0.1213550 -0.0605410 0.4874065 0 255 0
0.2040282 0.0118413 0.4970514 0 255 0
0.1772676 0.0582687 0.4580454 0 255 0
-0.1007244 -0.0598371 0.4817389 0 255 0
-0.1492079 -0.0241420 0.4925034 0 255 0
-0.1171277 -0.0149200 0.4936953 0 255 0
-0.1039698 -0.0764079 0.4863429 0 255 0
0.2682137 0.0456920 0.4844608 0 255 0
0.2114018 0.0083063 0.4951966 0 255 0
-0.1032512 0.0001684 0.5170373 0 255 0
-0.1552196 -0.0137473 0.4932425 0 255 0
0.2810938 -0.1168962 0.5932234 0 255 0
0.1750488 0.0527622 0.4664550 0 255 0
0.2376114 -0.0137716 0.4941160 0 255 0
0.2570230 0.0432541 0.4826614 0 255 0
-0.2005327 0.0533571 0.5144626 0 255 0
-0.1578893 -0.0114550 0.4943527 0 255 0
-0.2315203 0.0066142 0.5477874 0 255 0
-0.1808689 0.0451099 0.5169239 0 255 0
-0.1349911 -0.0499006 0.4954722 0 255 0
-0.1970668 0.0509797 0.5148704 0 255 0
-0.1510659 -0.0724314 0.5064830 0 255 0
-0.1082328 0.0049234 0.5062842 0 255 0
0.2212122 0.0205069 0.4811466 0 255 0
0.2250237 -0.0278686 0.4970483 0 255 0
-0.1888165 0.0075804 0.5255384 0 255 0
-0.1760190 0.0426812 0.5169315 0 255 0
-0.1676102 -0.0866243 0.4991167 0 255 0
-0.0594376 -0.0488838 0.5494753 0 255 0
0.2970451 -0.0022064 0.5044615 0 255 0
0.3257124 -0.0212385 0.5360545 0 255 0
0.2323612 0.0458140 0.4739460 0 255 0
0.3283177 -0.0552853 0.5620509 0 255 0
-0.2205104 0.0053095 0.5459912 0 255 0
0.3411061 -0.0250391 0.5365223 0 255 0
-0.1633739 -0.0780157 0.5041168 0 255 0
-0.0597522 -0.0523843 0.5082753 0 255 0
0.2013402 0.0396133 0.4664988 0 255 0
0.1911210 -0.0594227 0.5396562 0 255 0
-0.2399031 -0.0075252 0.5463841 0 255 0
0.1927098 -0.0578711 0.5370250 0 255 0
0.2483606 0.0601257 0.4726431 0 255 0
0.2305328 -0.0391168 0.5065912 0 255 0
-0.1759669 0.0175309 0.5276895 0 255 0
0.3159837 -0.0369817 0.5453180 0 255 0
-0.1686307 -0.0521179 0.5056897 0 255 0
-0.1373246 -0.0910472 0.4913403 0 255 0
0.2719018 0.0001613 0.4953216 0 255 0
-0.1022166 -0.0791033 0.4888759 0 255 0
-0.1618473 0.0293901 0.5181676 0 255 0
-0.1445992 0.0123253 0.5173684 0 255 0
-0.2288938 -0.0087803 0.5445970 0 255 0
-0.1017605 0.0064562 0.5347078 0 255 0
0.2335939 -0.0853947 0.5690791 0 255 0
-0.1707379 -0.0567822 0.5049019 0 255 0
0.2025481 0.0207934 0.4878669 0 255 0
-0.1488043 -0.0736788 0.5068771 0 255 0
-0.1593738 -0.0964481 0.4953609 0 255 0
0.2323237 -0.0231107 0.4952036 0 255 0
0.2158656 -0.0382771 0.5112740 0 255 0
-0.1712603 -0.0660179 0.5029563 0 255 0
-0.1200654 -0.0021497 0.4914924 0 255 0
-0.1711231 -0.0831053 0.4991134 0 255 0
0.2772692 -0.1134279 0.5969787 0 255 0
-0.1773702 0.0414989 0.5173341 0 255 0
0.2143705 0.0036630 0.4966895 0 255 0
-0.1199751 -0.0044561 0.4911225 0 255 0
0.1912547 0.0561198 0.4580758 0 255 0
0.3487675 -0.0185405 0.5309343 0 255 0
0.2674083 -0.0671059 0.5402592 0 255 0
0.3143733 -0.0775313 0.5702537 0 255 0
0.2120089 0.0346234 0.4732063 0 255 0
0.2638168 -0.0246103 0.5020573 0 255 0
0.2700778 -0.1167585 0.5996756 0 255 0
0.1722524 0.0584078 0.4677795 0 255 0
0.2246817 -0.0009994 0.4937335 0 255 0
0.1802187 0.0501808 0.4628641 0 255 0
-0.1990304 0.0026620 0.5297450 0 255 0
0.2003762 0.0153334 0.4966733 0 255 0
0.2864772 -0.0923377 0.5706679 0 255 0
-0.1776583 -0.0634102 0.5010271 0 255 0
-0.2229339 0.0401802 0.5160106 0 255 0
0.2686138 0.0024909 0.4956895 0 255 0
-0.1149870 -0.0056482 0.4944542 0 255 0
-0.1499137 -0.0647928 0.5026199 0 255 0
-0.2357322 0.0237630 0.5284119 0 255 0
0.2060122 -0.0469018 0.5136310 0 255 0
0.3082140 -0.0759926 0.5687661 0 255 0
0.1840865 -0.0698198 0.5729467 0 255 0
-0.1075500 -0.0810967 0.4870501 0 255 0
-0.1552012 0.0443594 0.5372566 0 255 0
0.1977524 0.0469544 0.4632237 0 255 0
-0.1470130 -0.0102631 0.4928949 0 255 0
-0.1922207 0.0320232 0.5213906 0 255 0
0.2520905 0.0001620 0.4975173 0 255 0
0.3459823 -0.0582475 0.5783499 0 255 0
-0.0776796 -0.0693933 0.4933451 0 255 0
0.2324741 0.0500534 0.4719174 0 255 0
0.1920875 0.0266624 0.4903913 0 255 0
0.2800337 -0.0445088 0.5282007 0 255 0
-0.1010205 -0.0577424 0.4831548 0 255 0
0.1907037 0.0318091 0.4810937 0 255 0
0.1878453 0.0736454 0.4738829 0 255 0
0.2410315 -0.1093051 0.5974457 0 255 0
0.2144959 0.0483867 0.4665385 0 255 0
0.3139775 -0.0046886 0.5167415 0 255 0
0.2804690 -0.0021698 0.4960825 0 255 0
0.2367225 0.0448946 0.4760062 0 255 0
0.2427021 0.0397325 0.4812174 0 255 0
0.2285329 0.0206583 0.4846989 0 255 0
0.1705497 0.0614872 0.4661263 0 255 0
0.3428200 -0.0147030 0.5275344 0 255 0
0.2460227 -0.0493622 0.5141163 0 255 0
0.2491275 0.0464515 0.4805412 0 255 0
-0.1097527 -0.0844659 0.4866804 0 255 0
0.2165858 0.0303502 0.4759428 0 255 0
0.2811160 -0.0896546 0.5706595 0 255 0
-0.2392565 0.0237436 0.5279794 0 255 0
0.2192259 0.0082509 0.4918914 0 255 0
-0.1524852 0.0282404 0.5194153 0 255 0
0.2056306 0.0268772 0.4738627 0 255 0
-0.1767532 -0.0094584 0.5120299 0 255 0
0.2271511 -0.0551788 0.5234554 0 255 0
-0.1772479 -0.0750093 0.4998697 0 255 0
0.2233620 -0.0291240 0.4985467 0 255 0
-0.0986291 -0.0132266 0.5182537 0 255 0
0.2592883 0.0594864 0.4764174 0 255 0
-0.1119451 -0.0116235 0.5016223 0 255 0
0.2468683 -0.1108115 0.5979990 0 255 0
-0.2418124 0.0359770 0.5254558 0 255 0
-0.1228174 0.0208697 0.5503411 0 255 0
-0.1451265 -0.0724332 0.5064960 0 255 0
0.2349849 0.0150858 0.4886540 0 255 0
0.3295928 0.0062595 0.5184132 0 255 0
0.3519469 -0.0147744 0.5300929 0 255 0
-0.1492066 -0.0276135 0.4924991 0 255 0
-0.1932705 -0.0412676 0.5344446 0 255 0
0.3076844 -0.0731937 0.5677887 0 255 0
0.2300170 -0.0410641 0.5161040 0 255 0
-0.1550209 0.0001666 0.5116909 0 255 0
0.2723080 -0.0319184 0.5252540 0 255 0
-0.1512407 -0.0987791 0.4953759 0 255 0
-0.1308764 -0.0545870 0.5065495 0 255 0
0.1826641 0.0385630 0.4807351 0 255 0
0.2189991 0.0435837 0.4739140 0 255 0
0.3262320 -0.0567020 0.5630043 0 255 0
0.3095376 -0.0963616 0.5787277 0 255 0
-0.1388930 -0.0890043 0.4928137 0 255 0
0.2444803 0.0290387 0.4916057 0 255 0
0.2411128 -0.0830100 0.5710716 0 255 0
0.1978898 0.0283152 0.4793564 0 255 0
0.1911051 -0.0636433 0.5432109 0 255 0
-0.1733904 -0.0152836 0.5057263 0 255 0
-0.1641986 -0.0293853 0.5030187 0 255 0
-0.0744865 -0.0708190 0.4952085 0 255 0
-0.0832184 -0.0610950 0.4918666 0 255 0
-0.1751638 -0.0892376 0.5006186 0 255 0
0.2412813 -0.0033249 0.4945075 0 255 0
-0.1690405 -0.0057906 0.5069183 0 255 0
0.2789653 -0.0350634 0.5170308 0 255 0
0.2753274 -0.0221343 0.4994269 0 255 0
-0.1514883 -0.0476408 0.4961870 0 255 0
-0.2039542 -0.0502182 0.5361525 0 255 0
-0.1879116 -0.0743407 0.5032947 0 255 0
-0.1884316 -0.0276321 0.5143873 0 255 0
-0.1924910 -0.0548682 0.5091592 0 255 0
0.3360535 0.0075133 0.5208842 0 255 0
0.3355914 -0.0371690 0.5480796 0 255 0
0.2734686 -0.0305385 0.5227599 0 255 0
0.2739411 -0.0841439 0.5696641 0 255 0
0.2215357 0.0059393 0.4918936 0 255 0
0.2820911 -0.0811193 0.5672342 0 255 0
0.2029239 -0.0546097 0.5180563 0 255 0
0.1758484 0.0563503 0.4599567 0 255 0
0.3139483 0.0205695 0.5107749 0 255 0
0.3246612 -0.0440449 0.5535673 0 255 0
-0.1337651 -0.0979010 0.4909724 0 255 0
-0.2161539 0.0039935 0.5414976 0 255 0
0.2527763 0.0570395 0.4746866 0 255 0
0.2069654 0.0300883 0.4718354 0 255 0
0.2792205 0.0621802 0.4799290 0 255 0
-0.2328026 0.0027527 0.5477798 0 255 0
-0.1131270 0.0072357 0.5016431 0 255 0
0.1953092 0.0416867 0.4651721 0 255 0
0.2486783 -0.0467649 0.5121311 0 255 0
0.2113936 -0.0187648 0.5034806 0 255 0
0.2095770 0.0501878 0.4629284 0 255 0
-0.1480537 -0.0218277 0.4925088 0 255 0
0.1793775 0.0653962 0.4552159 0 255 0
-0.0972838 -0.0010744 0.5308226 0 255 0
0.2762793 0.0175284 0.4927628 0 255 0
0.1908438 -0.0808121 0.5650856 0 255 0
-0.1881912 0.0199938 0.5272421 0 255 0
0.1687414 0.0655906 0.4641611 0 255 0
-0.1379340 0.0275216 0.5290599 0 255 0
-0.1842330 0.0013993 0.5230304 0 255 0
0.2153309 -0.0420109 0.5128582 0 255 0
-0.1546146 -0.0924220 0.4987591 0 255 0
0.2269955 -0.0114405 0.4937257 0 255 0
0.2466852 -0.0548786 0.5206071 0 255 0
0.3034205 -0.0731295 0.5672908 0 255 0
-0.1699531 -0.0819332 0.4991174 0 255 0
0.3407157 -0.0413422 0.5522154 0 255 0
-0.1738645 -0.0727170 0.5002607 0 255 0
-0.1949620 0.0343099 0.5189165 0 255 0
0.2581218 -0.0127069 0.4978902 0 255 0
-0.1881392 0.0414641 0.5169007 0 255 0
0.3038308 -0.0976333 0.5782059 0 255 0
0.2852007 -0.0333015 0.5086748 0 255 0
-0.1444277 -0.0585763 0.4999623 0 255 0
-0.2091307 0.0364587 0.5148232 0 255 0
0.2207639 0.0559840 0.4659025 0 255 0
0.2200531 -0.0750600 0.5617862 0 255 0
0.3549714 -0.0313438 0.5365449 0 255 0
-0.2213886 -0.0340060 0.5387736 0 255 0
-0.1333696 -0.0525062 0.4981016 0 255 0
0.2216963 -0.0307131 0.5054185 0 255 0
0.1894709 0.0489577 0.4615870 0 255 0
-0.1099164 -0.0144893 0.5198667 0 255 0
0.3266432 0.0074658 0.5175949 0 255 0
-0.2405784 0.0322728 0.5254540 0 255 0
-0.0594304 -0.0568537 0.5055376 0 255 0
0.2821663 0.0024873 0.4949753 0 255 0
-0.2149990 0.0388469 0.5144101 0 255 0
0.2334300 -0.0114152 0.4926332 0 255 0
-0.1056566 -0.0802505 0.4888669 0 255 0
-0.1658659 0.0492065 0.5350538 0 255 0
0.3488252 -0.0302051 0.5387206 0 255 0
0.2818456 -0.1029678 0.5776443 0 255 0
-0.0663432 -0.0543096 0.5039755 0 255 0
0.2752571 0.0255386 0.4909396 0 255 0
-0.1534587 0.0221026 0.5185858 0 255 0
-0.2210235 -0.0493987 0.5409747 0 255 0
0.2509649 0.0164547 0.4952959 0 255 0
-0.1777902 0.0549095 0.5294312 0 255 0
0.2552676 -0.0666953 0.5580674 0 255 0
0.2871954 -0.0490033 0.5231819 0 255 0
0.2536920 -0.0407811 0.5125476 0 255 0
-0.1701021 -0.0163838 0.5030218 0 255 0
-0.2102350 -0.0569876 0.5175416 0 255 0
0.2672783 -0.0150360 0.4975344 0 255 0
-0.1345184 -0.0872593 0.4895206 0 255 0
0.2143698 0.0024959 0.4966881 0 255 0
0.3219108 -0.0345056 0.5466901 0 255 0
0.2692295 -0.0704532 0.5465302 0 255 0
0.2382667 0.0387990 0.4836763 0 255 0
-0.1235626 -0.0458805 0.5157171 0 255 0
-0.1486167 -0.0044857 0.4943817 0 255 0
-0.2030621 0.0307722 0.5209517 0 255 0
-0.2230135 0.0189806 0.5335855 0 255 0
0.2344141 -0.0079367 0.4922719 0 255 0
-0.1674453 -0.0509300 0.5056938 0 255 0
-0.1553397 -0.0044788 0.4936242 0 255 0
0.2569450 -0.0991265 0.5953335 0 255 0
-0.2194091 -0.0275862 0.5370234 0 255 0
-0.2387746 0.0334276 0.5242012 0 255 0
0.2670195 -0.1124287 0.5991290 0 255 0
-0.1691052 0.0285771 0.5256078 0 255 0
-0.1372209 -0.0944394 0.4909691 0 255 0
-0.1624446 -0.0686466 0.5049054 0 255 0
0.3308527 -0.0185840 0.5321814 0 255 0
0.2776752 -0.0209611 0.4994335 0 255 0
-0.1413326 -0.0535933 0.4973288 0 255 0
-0.1605471 0.0099796 0.5218470 0 255 0
-0.1534692 -0.0452064 0.4950641 0 255 0
0.2380081 -0.1106071 0.5968961 0 255 0
0.3224959 -0.0398749 0.5498754 0 255 0
-0.1869813 -0.0035222 0.5238524 0 255 0
-0.2176204 -0.0199665 0.5357226 0 255 0
0.2890718 0.0083343 0.4968615 0 255 0
0.2761444 0.0036475 0.4945925 0 255 0
-0.2469759 0.0102111 0.5339530 0 255 0
0.2851330 -0.0385576 0.5150211 0 255 0
0.3120261 0.0013739 0.5135297 0 255 0
-0.1431585 0.0062370 0.5165508 0 255 0
0.2033309 -0.0200852 0.5069461 0 255 0
-0.2022190 0.0260824 0.5251117 0 255 0
0.2174833 0.0171774 0.4828959 0 255 0
-0.1612624 -0.0639021 0.5049139 0 255 0
-0.1855728 0.0475011 0.5165102 0 255 0
0.2458692 -0.0091760 0.4967427 0 255 0
0.3159634 -0.0705888 0.5682995 0 255 0
-0.1227873 -0.0101727 0.4885541 0 255 0
0.2579334 -0.0045142 0.4975269 0 255 0
0.2779985 -0.0408507 0.5290456 0 255 0
0.2872803 0.0444299 0.4957821 0 255 0
0.2164609 -0.0791529 0.5627301 0 255 0
-0.1822132 -0.0762981 0.5006192 0 255 0
0.1986745 0.0520685 0.4603224 0 255 0
0.3041675 0.0108331 0.5044932 0 255 0
0.2451403 0.0059801 0.4952702 0 255 0
0.2797858 -0.0573778 0.5324469 0 255 0
-0.1610193 -0.0531441 0.5041528 0 255 0
-0.1213114 0.0059390 0.4918674 0 255 0
0.2689086 -0.0571905 0.5307089 0 255 0
-0.0923505 -0.0256877 0.5240357 0 255 0
0.2782643 -0.1004284 0.5786541 0 255 0
0.2302547 0.0467259 0.4719084 0 255 0
0.2640669 0.0333644 0.4872988 0 255 0
0.2585751 -0.1034163 0.5958702 0 255 0
-0.1999579 0.0188142 0.5289100 0 255 0
-0.1784196 -0.0761833 0.4998657 0 255 0
-0.1213641 -0.0366183 0.5218765 0 255 0
0.2099671 0.0215265 0.4786786 0 255 0
0.2153736 0.0013278 0.4963149 0 255 0
0.2624057 0.0176063 0.4949507 0 255 0
-0.2215689 -0.0365677 0.5392125 0 255 0
0.2548755 0.0290401 0.4916285 0 255 0
-0.1646969 0.0175176 0.5272908 0 255 0
0.2525990 -0.0246654 0.5031819 0 255 0
0.2330278 0.0036090 0.4893607 0 255 0
-0.1029812 -0.0765214 0.4870658 0 255 0
-0.1737298 -0.0785335 0.4998730 0 255 0
0.2297923 -0.0564541 0.5238757 0 255 0
0.2408351 0.0278623 0.4912302 0 255 0
-0.1254636 -0.0376049 0.5185719 0 255 0
-0.0518052 -0.0479801 0.5122580 0 255 0
-0.1189184 -0.0192528 0.5165725 0 255 0
-0.1724403 -0.0648360 0.5029551 0 255 0
0.2874253 -0.0465819 0.5236008 0 255 0
-0.2108873 0.0399627 0.5132176 0 255 0
-0.1980334 0.0601086 0.5205879 0 255 0
-0.1525183 -0.0965239 0.4957497 0 255 0
0.2883462 -0.0260905 0.5079072 0 255 0
0.2427435 0.0366879 0.4858208 0 255 0
-0.1385765 -0.1026657 0.4916908 0 255 0
-0.1216198 -0.0472781 0.5177512 0 255 0
-0.1743984 -0.0658658 0.5017968 0 255 0
-0.2286671 0.0250458 0.5292808 0 255 0
0.2411115 0.0152558 0.4941596 0 255 0
-0.1100077 -0.0520263 0.4827873 0 255 0
0.2087674 -0.0989555 0.5779929 0 255 0
0.2879786 0.0378376 0.5010459 0 255 0
-0.1249597 -0.0927373 0.4880827 0 255 0
0.2640426 0.0366374 0.4851529 0 255 0
-0.1722930 -0.0842774 0.4991093 0 255 0
0.2268770 -0.0795638 0.5656515 0 255 0
-0.2061601 0.0212994 0.5288994 0 255 0
-0.0744880 -0.0626750 0.4952186 0 255 0
-0.1789597 -0.0858388 0.5013789 0 255 0
0.3402431 -0.0276952 0.5391452 0 255 0
-0.2217624 0.0189807 0.5335883 0 255 0
-0.1203356 0.0182988 0.5508046 0 255 0
-0.2090032 -0.0530437 0.5266803 0 255 0
0.2585330 0.0279060 0.4920018 0 255 0
-0.1667674 0.0137673 0.5260153 0 255 0
-0.1686312 -0.0509298 0.5056912 0 255 0
0.2376018 0.0585506 0.4689228 0 255 0
-0.1708798 0.0175172 0.5272772 0 255 0
0.2456244 0.0366075 0.4847560 0 255 0
-0.1549837 -0.0661239 0.5037634 0 255 0
0.2788218 -0.0342784 0.5235971 0 255 0
-0.2283434 0.0214009 0.5314182 0 255 0
0.2881248 -0.1041447 0.5766457 0 255 0
-0.1427553 0.0013439 0.5023348 0 255 0
0.2483591 -0.0663372 0.5662039 0 255 0
-0.2022378 0.0643385 0.5251607 0 255 0
0.1992718 0.0281924 0.4772776 0 255 0
-0.1665394 -0.0731091 0.5029579 0 255 0
0.2371946 0.0255342 0.4908537 0 255 0
-0.1816954 -0.0142816 0.5124124 0 255 0
0.2888548 0.0094946 0.4964886 0 255 0
0.2540187 -0.0127355 0.4990114 0 255 0
-0.1082122 -0.0784592 0.4848957 0 255 0
0.2339062 -0.0449843 0.5193608 0 255 0
-0.1401658 -0.0547621 0.4973299 0 255 0
0.2438396 -0.1064992 0.5974553 0 255 0
0.2004993 0.0061073 0.5058053 0 255 0
0.2044891 -0.0420090 0.5128343 0 255 0
0.2764107 0.0255388 0.4909422 0 255 0
0.2668577 0.0187556 0.4945908 0 255 0
0.2780960 -0.0221682 0.5001904 0 255 0
0.3087558 -0.0677998 0.5673091 0 255 0
0.2445178 -0.0091690 0.4963658 0 255 0
0.2684158 0.0083085 0.4953241 0 255 0
0.1840702 0.0440570 0.4671249 0 255 0
-0.2248477 -0.0125362 0.5410120 0 255 0
-0.1223003 -0.0267450 0.5206479 0 255 0
-0.2322359 0.0570137 0.5375413 0 255 0
-0.0918314 -0.0595363 0.4885595 0 255 0
-0.2376384 0.0164452 0.5326847 0 255 0
-0.1962309 0.0051433 0.5289012 0 255 0
-0.1801241 0.0026221 0.5217947 0 255 0
0.2578849 -0.0783793 0.5666968 0 255 0
-0.2143356 0.0507770 0.5128228 0 255 0
-0.1368711 -0.0618671 0.4980823 0 255 0
-0.0992902 -0.0410059 0.5153721 0 255 0
-0.1921990 -0.0084590 0.5246716 0 255 0
-0.2290766 0.0332698 0.5217266 0 255 0
-0.1193534 -0.0172269 0.4933170 0 255 0
0.3096090 -0.0034527 0.5135185 0 255 0
-0.1809168 0.0175305 0.5276785 0 255 0
-0.2275028 0.0165262 0.5353094 0 255 0
0.2629997 -0.0150584 0.4982767 0 255 0
-0.2429546 0.0089931 0.5361401 0 255 0
0.2010567 0.0417468 0.4658418 0 255 0
-0.2122662 0.0593063 0.5136397 0 255 0
-0.1123166 0.0133124 0.5086359 0 255 0
-0.1546785 0.0318515 0.5185952 0 255 0
-0.1762952 0.0415317 0.5177426 0 255 0
0.3411851 -0.0096983 0.5250185 0 255 0
0.3004197 0.0131436 0.5021867 0 255 0
-0.1734825 0.0321790 0.5239263 0 255 0
-0.1527284 -0.0910470 0.5041240 0 255 0
0.2912599 -0.0176961 0.5067548 0 255 0
-0.1784740 -0.0010537 0.5205536 0 255 0
0.2608359 0.0312352 0.4898216 0 255 0
0.3108983 -0.0950025 0.5787323 0 255 0
0.3288479 -0.0084642 0.5249931 0 255 0
0.2733987 -0.0957303 0.5916348 0 255 0
-0.1568433 -0.0230878 0.4947127 0 255 0
-0.1953326 -0.0549954 0.5103397 0 255 0
-0.1210370 -0.0032996 0.4907550 0 255 0
-0.1409240 -0.0044994 0.4958908 0 255 0
-0.2133303 -0.0224296 0.5344239 0 255 0
-0.1717079 0.0391608 0.5185668 0 255 0
0.3035838 -0.0582971 0.5530365 0 255 0
-0.1790561 0.0345304 0.5222514 0 255 0
0.2237004 -0.1003190 0.5780240 0 255 0
-0.1711289 -0.0671482 0.5025703 0 255 0
-0.1273679 -0.0193556 0.4885327 0 255 0
0.2331997 0.0013102 0.4897216 0 255 0
-0.1337281 0.0185802 0.5223313 0 255 0
0.2728876 0.0311675 0.4887594 0 255 0
-0.2019913 -0.0222856 0.5309924 0 255 0
-0.0838460 -0.0568979 0.4955760 0 255 0
0.2823919 -0.0402383 0.5211149 0 255 0
0.2575749 0.0312580 0.4901784 0 255 0
-0.0987054 -0.0193304 0.5186548 0 255 0
0.2033036 0.0125911 0.5285254 0 255 0
0.2687784 0.0187277 0.4938545 0 255 0
-0.0586504 -0.0524657 0.5090647 0 255 0
-0.1863593 0.0248700 0.5255653 0 255 0
0.2150043 0.0347485 0.4749167 0 255 0
-0.1638805 -0.0127215 0.4984606 0 255 0
-0.1822280 0.0536553 0.5173385 0 255 0
0.2498831 0.0301497 0.4908873 0 255 0
-0.1771295 0.0380612 0.5201929 0 255 0
0.2489150 -0.0612217 0.5332359 0 255 0
0.2799524 -0.1170010 0.5937553 0 255 0
0.2633797 -0.0056748 0.4967879 0 255 0
-0.1755387 -0.0419400 0.5119923 0 255 0
-0.0711090 -0.0639354 0.4959691 0 255 0
0.2695898 -0.1109214 0.5985921 0 255 0
0.3462673 -0.0084987 0.5271282 0 255 0
-0.1960146 0.0546527 0.5152810 0 255 0
-0.1256358 -0.0205955 0.4907234 0 255 0
0.2639376 -0.0991291 0.5953488 0 255 0
0.1977568 -0.0837912 0.5583932 0 255 0
-0.0994805 -0.0741791 0.4867157 0 255 0
0.3244273 -0.0097130 0.5258159 0 255 0
0.3375967 -0.0250589 0.5369486 0 255 0
-0.2345818 -0.0113675 0.5459368 0 255 0
0.2305562 0.0418392 0.4794447 0 255 0
-0.0976527 -0.0406231 0.5260983 0 255 0
0.2964548 -0.1074212 0.5797033 0 255 0
0.1990152 0.0271889 0.4793575 0 255 0
-0.1177519 0.0195933 0.5508119 0 255 0
-0.1704736 -0.0626171 0.5041202 0 255 0
0.1881242 0.0510554 0.4609415 0 255 0
0.2408357 0.0290166 0.4912316 0 255 0
0.2209869 -0.0950770 0.5710125 0 255 0
-0.1111410 -0.0846534 0.4877608 0 255 0
0.1726152 0.0570657 0.4657960 0 255 0
0.2555585 0.0560456 0.4757181 0 255 0
-0.2505727 0.0313630 0.5309536 0 255 0
0.3188480 -0.0384542 0.5480413 0 255 0
0.2303582 0.0355704 0.4861504 0 255 0
0.2068585 -0.0934066 0.5690106 0 255 0
-0.2290302 0.0379628 0.5188476 0 255 0
-0.1588914 -0.0710201 0.5049103 0 255 0
-0.1698138 -0.0333383 0.5092373 0 255 0
-0.2073119 -0.0110743 0.5318545 0 255 0
0.2684150 0.0071446 0.4953226 0 255 0
-0.1004506 -0.0345184 0.5089950 0 255 0
-0.1706130 0.0087046 0.5189384 0 255 0
0.1837917 0.0351741 0.4807334 0 255 0
0.2093488 -0.0697301 0.5509636 0 255 0
-0.2302998 0.0332696 0.5217239 0 255 0
0.2752208 -0.0739421 0.5534192 0 255 0
-0.1384762 -0.0933553 0.4913349 0 255 0
-0.1405209 0.0172837 0.5202503 0 255 0
0.2544311 0.0025001 0.4975279 0 255 0
-0.2219300 -0.0225387 0.5370241 0 255 0
0.2457582 0.0199010 0.4941754 0 255 0
-0.1234502 -0.0867472 0.4866474 0 255 0
-0.1009816 -0.0107826 0.5178433 0 255 0
0.3249450 -0.0109660 0.5266550 0 255 0
-0.1535825 0.0294376 0.5190042 0 255 0
0.2049897 -0.0308766 0.5081089 0 255 0
0.3293356 0.0086890 0.5180086 0 255 0
0.2625583 -0.1123247 0.5985749 0 255 0
0.2249324 0.0216695 0.4818592 0 255 0
-0.1073739 -0.0022212 0.5078417 0 255 0
0.2552153 0.0036637 0.4967816 0 255 0
0.1737082 0.0548766 0.4657957 0 255 0
0.2564827 -0.0961554 0.5942622 0 255 0
0.2308147 -0.0207524 0.4944605 0 255 0
-0.1202023 -0.0914569 0.4873707 0 255 0
0.2445024 0.0588873 0.4716197 0 255 0
-0.1854071 -0.0790105 0.5029091 0 255 0
-0.1991920 0.0051557 0.5301753 0 255 0
0.2642670 -0.0392280 0.5239752 0 255 0
0.2156243 0.0568766 0.4642531 0 255 0
0.2798764 0.0324614 0.4909583 0 255 0
-0.1910899 -0.0519767 0.5284147 0 255 0
0.3239619 -0.0469214 0.5568312 0 255 0
0.2050828 -0.0164612 0.5053997 0 255 0
0.2360647 -0.0314447 0.4981935 0 255 0
0.2361882 0.0418403 0.4794570 0 255 0
-0.2490792 -0.0036766 0.5468237 0 255 0
0.2222072 -0.0319742 0.5065832 0 255 0
-0.1637559 -0.0138822 0.4980815 0 255 0
0.2816125 -0.0443670 0.5265173 0 255 0
-0.1751633 -0.0904137 0.5006172 0 255 0
-0.1658704 -0.0662223 0.5045131 0 255 0
-0.2062348 0.0399948 0.5136291 0 255 0
-0.2097390 -0.0274751 0.5348607 0 255 0
-0.1570539 -0.0010333 0.5104923 0 255 0
0.2451461 0.0152905 0.4952817 0 255 0
0.2025031 0.0175488 0.4933358 0 255 0
0.2707506 -0.1094163 0.5980532 0 255 0
-0.1127685 -0.0433120 0.5000533 0 255 0
-0.1831804 -0.0191272 0.5132037 0 255 0
-0.2261916 0.0014643 0.5473362 0 255 0
0.2392574 -0.0886832 0.5730473 0 255 0
-0.1813498 0.0075265 0.5217981 0 255 0
-0.1908619 0.0390957 0.5177049 0 255 0
-0.1804838 -0.0371564 0.5123867 0 255 0
-0.1563772 -0.0523818 0.4969210 0 255 0
-0.2122380 0.0273369 0.5255086 0 255 0
0.3309592 -0.0552858 0.5620567 0 255 0
0.1838663 0.0470174 0.4638449 0 255 0
0.2466155 0.0538074 0.4756957 0 255 0
0.2800868 -0.1123106 0.5910982 0 255 0
-0.1925079 -0.0047682 0.5255150 0 255 0
0.2318291 0.0150300 0.4868434 0 255 0
0.2883814 -0.0104474 0.5017467 0 255 0
-0.1162867 -0.0243182 0.5210769 0 255 0
0.2966646 0.0284627 0.5018154 0 255 0
-0.1048583 -0.0675108 0.4799614 0 255 0
0.2332695 0.0377723 0.4850869 0 255 0
-0.1171940 0.0120055 0.5039448 0 255 0
0.3414164 -0.0481114 0.5554639 0 255 0
0.2253457 -0.0196195 0.4951926 0 255 0
0.2846089 -0.0021747 0.4972132 0 255 0
0.2555738 -0.0198006 0.4997624 0 255 0
0.3028296 -0.0167506 0.5142852 0 255 0
0.2624707 -0.0851563 0.5858377 0 255 0
-0.1005241 -0.0524969 0.5093670 0 255 0
0.2346490 -0.0254381 0.4952058 0 255 0
-0.1683952 -0.0911064 0.4979741 0 255 0
-0.2221076 -0.0301340 0.5374539 0 255 0
-0.1923419 -0.0592398 0.5056261 0 255 0
0.3087255 -0.0933962 0.5772092 0 255 0
0.2110393 0.0193754 0.4811229 0 255 0
0.3287021 -0.0010543 0.5208575 0 255 0
0.2433720 0.0495854 0.4780963 0 255 0
0.1918125 0.0287532 0.4867727 0 255 0
0.3305540 0.0099062 0.5180128 0 255 0
0.2767613 -0.0056624 0.4956973 0 255 0
0.1765178 0.0495792 0.4674463 0 255 0
-0.1312094 -0.0371641 0.5124936 0 255 0
0.2578741 -0.1065047 0.5974861 0 255 0
0.2416302 0.0301262 0.4905041 0 255 0
-0.1704914 -0.0211600 0.5041730 0 255 0
0.2566671 -0.0551859 0.5235227 0 255 0
0.2138741 -0.0582638 0.5180758 0 255 0
0.2111297 -0.0092372 0.5000570 0 255 0
-0.1979951 -0.0654802 0.5079525 0 255 0
-0.1129768 -0.0280806 0.5227371 0 255 0
0.2306635 0.0584656 0.4682420 0 255 0
-0.1559086 -0.0452400 0.4954320 0 255 0
0.2277005 -0.0370490 0.5109064 0 255 0
-0.1591646 0.0256970 0.5173530 0 255 0
0.2077615 0.0532641 0.4613096 0 255 0
-0.1421924 0.0234704 0.5219040 0 255 0
0.1945244 -0.0634228 0.5759838 0 255 0
-0.2326836 0.0452779 0.5188487 0 255 0
0.2822129 -0.0882379 0.5701699 0 255 0
-0.1409120 -0.0217957 0.4917874 0 255 0
0.2620934 0.0562501 0.4774537 0 255 0
0.1724895 0.0617110 0.4596353 0 255 0
0.2633327 0.0301069 0.4901896 0 255 0
-0.1444786 -0.0264371 0.4921421 0 255 0
-0.2314462 -0.0113394 0.5445882 0 255 0
0.2705361 0.0586237 0.4785137 0 255 0
-0.1831998 -0.0542401 0.5033300 0 255 0
-0.1458657 -0.0698378 0.5049404 0 255 0
-0.1005765 -0.0620098 0.4810314 0 255 0
0.2105552 0.0083188 0.4959397 0 255 0
-0.0572784 -0.0558813 0.5074944 0 255 0
-0.1413389 -0.0102710 0.4932773 0 255 0
0.2678452 -0.0080036 0.4964209 0 255 0
0.1993190 0.0354534 0.4694742 0 255 0
0.2193633 -0.0056823 0.4974384 0 255 0
0.2418697 -0.0534014 0.5181432 0 255 0
0.2380315 -0.0521422 0.5177293 0 255 0
-0.2517858 0.0227393 0.5335241 0 255 0
0.2050852 -0.0117111 0.5054056 0 255 0
0.2273318 -0.0172667 0.4944572 0 255 0
-0.1886413 0.0138324 0.5285032 0 255 0
0.2265084 -0.0207831 0.4951938 0 255 0
0.2405059 0.0525743 0.4746542 0 255 0
-0.1516457 -0.0822667 0.5084268 0 255 0
0.2593980 -0.0657504 0.5501611 0 255 0
0.2068292 0.0071858 0.4981786 0 255 0
-0.1607783 -0.0930964 0.4961077 0 255 0
-0.0985714 -0.0574314 0.5448245 0 255 0
0.1897759 0.0728461 0.4759355 0 255 0
-0.0842451 -0.0667727 0.4911224 0 255 0
-0.2095249 0.0102795 0.5375317 0 255 0
-0.1335669 -0.0678217 0.4988385 0 255 0
-0.1322202 -0.0930101 0.4895185 0 255 0
0.2715949 0.0266720 0.4905680 0 255 0
0.1973343 -0.0906514 0.5685019 0 255 0
0.2290444 0.0309778 0.4857838 0 255 0
-0.1968350 -0.0550807 0.5111308 0 255 0
0.2226473 0.0465248 0.4698772 0 255 0
-0.1692178 0.0503402 0.5337443 0 255 0
0.2695371 0.0221760 0.4931221 0 255 0
-0.2208494 -0.0263458 0.5374614 0 255 0
-0.2018459 0.0151343 0.5306101 0 255 0
0.2526186 0.0345078 0.4872752 0 255 0
-0.1769840 -0.0213725 0.5092363 0 255 0
0.3241601 0.0134941 0.5155776 0 255 0
-0.1427364 0.0358755 0.5425959 0 255 0
0.1781696 0.0502156 0.4631848 0 255 0
-0.1125954 -0.0794795 0.4841703 0 255 0
0.2232841 -0.0563630 0.5230300 0 255 0
-0.0942603 -0.0734179 0.4892643 0 255 0
-0.0915580 -0.0650819 0.4871051 0 255 0
0.2356752 0.0001596 0.4900895 0 255 0
0.1991770 0.0198819 0.4937009 0 255 0
0.2253557 0.0446346 0.4732493 0 255 0
-0.1553389 -0.0710212 0.5049181 0 255 0
-0.2378317 0.0406568 0.5221313 0 255 0
-0.2430947 0.0163916 0.5309499 0 255 0
0.3062744 0.0061336 0.5079877 0 255 0
0.2265875 -0.0341194 0.5031106 0 255 0
-0.2239712 0.0462069 0.5156108 0 255 0
0.2666539 -0.0774497 0.5599758 0 255 0
0.2039005 -0.0739829 0.5537249 0 255 0
0.2718056 -0.0221339 0.4994166 0 255 0
-0.0918667 -0.0300275 0.5355539 0 255 0
-0.1161900 0.0120240 0.5047208 0 255 0
-0.2078539 0.0342269 0.5176615 0 255 0
0.1965406 0.0417164 0.4655031 0 255 0
-0.1890568 0.0450375 0.5160939 0 255 0
-0.1824980 -0.0611013 0.5014018 0 255 0
-0.1469955 -0.0610176 0.5007156 0 255 0
0.1983979 0.0530762 0.4596815 0 255 0
-0.1818282 -0.0347756 0.5127867 0 255 0
0.2037298 0.0343509 0.4694825 0 255 0
-0.2163668 -0.0149315 0.5357316 0 255 0
-0.1361460 -0.0763000 0.5084710 0 255 0
0.2151730 -0.0127237 0.4985490 0 255 0
0.2036613 0.0163896 0.4933369 0 255 0
0.2516739 -0.0127354 0.4990062 0 255 0
0.2463656 -0.0233400 0.5001168 0 255 0
0.2905003 -0.0909985 0.5706784 0 255 0
-0.2085283 -0.0580667 0.5163231 0 255 0
-0.1410167 -0.0597973 0.5003489 0 255 0
-0.1446422 0.0283758 0.5219047 0 255 0
-0.1121015 -0.0746002 0.4820465 0 255 0
-0.1596469 -0.0161619 0.4962096 0 255 0
0.2841009 -0.0572401 0.5311698 0 255 0
-0.1273659 0.0094272 0.4929624 0 255 0
0.2758713 0.0221272 0.4920352 0 255 0
-0.1697141 -0.0128086 0.5018744 0 255 0
-0.0616132 -0.0566789 0.5039830 0 255 0
-0.1368324 0.0248354 0.5248346 0 255 0
-0.2074762 -0.0185873 0.5322759 0 255 0
-0.2280337 0.0320694 0.5221422 0 255 0
0.3220512 -0.0147726 0.5300289 0 255 0
0.2761400 -0.0839995 0.5686859 0 255 0
0.3607843 -0.0199010 0.5339665 0 255 0
-0.1613293 0.0050228 0.5165094 0 255 0
-0.1415308 0.0260266 0.5239890 0 255 0
-0.2308346 0.0201519 0.5314112 0 255 0
-0.1334963 -0.0113538 0.4899859 0 255 0
0.2881181 0.0036670 0.4972281 0 255 0
-0.1518667 -0.0044789 0.4936318 0 255 0
-0.1138424 -0.0230941 0.5210838 0 255 0
0.2166161 0.0424391 0.4735672 0 255 0
0.2764716 -0.0885419 0.5721340 0 255 0
0.1964521 0.0189056 0.4985471 0 255 0
0.3472967 -0.0329516 0.5422562 0 255 0
0.2532262 -0.0186261 0.4997587 0 255 0
-0.1383172 -0.0761814 0.5076805 0 255 0
-0.2236341 0.0366575 0.5176313 0 255 0
-0.2119049 -0.0224115 0.5339925 0 255 0
0.3328417 -0.0468837 0.5563838 0 255 0
-0.1735259 -0.0105385 0.5061216 0 255 0
-0.1913298 0.0510610 0.5156913 0 255 0
-0.0669603 -0.0597261 0.4997536 0 255 0
-0.1519688 -0.0358204 0.4939638 0 255 0
0.1996960 0.0107541 0.5008139 0 255 0
-0.1949917 0.0076290 0.5289070 0 255 0
0.2849656 -0.0453512 0.5235969 0 255 0
0.1979654 0.0230857 0.4878597 0 255 0
0.2210091 -0.0448405 0.5177010 0 255 0
-0.1769819 -0.0678599 0.4991194 0 255 0
0.2469809 -0.0185974 0.4989887 0 255 0
-0.1921995 -0.0072262 0.5246731 0 255 0
0.2822140 -0.0999037 0.5756307 0 255 0
0.2829816 -0.1131928 0.5884639 0 255 0
0.1987276 0.0417168 0.4655079 0 255 0
0.3254808 -0.0454601 0.5549649 0 255 0
-0.0961232 -0.0071324 0.5178586 0 255 0
-0.1469088 0.0074565 0.5169504 0 255 0
0.2299970 -0.0231105 0.4951985 0 255 0
-0.1758833 0.0487169 0.5165330 0 255 0
0.2672791 -0.0138669 0.4975359 0 255 0
0.2123933 -0.0613241 0.5234154 0 255 0
-0.2168618 -0.0480493 0.5400956 0 255 0
-0.1706130 -0.0296797 0.5080585 0 255 0
0.3224873 -0.0512352 0.5610867 0 255 0
0.3020505 -0.0814761 0.5697290 0 255 0
0.3001918 0.0143128 0.5018057 0 255 0
0.2167009 -0.0021724 0.4966874 0 255 0
-0.1488919 -0.0573133 0.4991942 0 255 0
0.2532995 0.0517973 0.4777746 0 255 0
0.2174430 0.0139159 0.4878910 0 255 0
0.2486719 -0.0258079 0.5024051 0 255 0
-0.1731821 0.0050504 0.5193384 0 255 0
-0.1880410 0.0212157 0.5268213 0 255 0
0.2230161 0.0093719 0.4900732 0 255 0
0.2874550 0.0521938 0.4920976 0 255 0
-0.0927708 -0.0594036 0.4874707 0 255 0
0.2065727 -0.0582620 0.5180598 0 255 0
0.2825798 -0.0968608 0.5736310 0 255 0
-0.2100382 0.0065062 0.5388488 0 255 0
-0.1503352 -0.0869776 0.5080307 0 255 0
0.1904992 0.0387617 0.4694602 0 255 0
-0.1490329 -0.0749848 0.5076558 0 255 0
0.2725093 0.0511232 0.4820037 0 255 0
-0.2444716 0.0360054 0.5258708 0 255 0
0.2071407 0.0036795 0.4989290 0 255 0
0.2716496 0.0198439 0.4927555 0 255 0
-0.0722183 -0.0650516 0.4955940 0 255 0
0.3339474 -0.0413065 0.5517387 0 255 0
-0.1837435 -0.0433780 0.5147812 0 255 0
0.2622235 -0.0162536 0.4990250 0 255 0
0.2032458 0.0428419 0.4658480 0 255 0
0.3424351 -0.0454631 0.5550020 0 255 0
0.2162541 0.0502246 0.4632682 0 255 0
-0.1767959 -0.0497014 0.5052832 0 255 0
-0.2152311 -0.0573480 0.5208141 0 255 0
-0.1545548 0.0269557 0.5181805 0 255 0
-0.2267433 0.0438518 0.5164125 0 255 0
0.3137218 0.0013760 0.5143341 0 255 0
0.2247699 0.0250482 0.4815113 0 255 0
-0.1946836 0.0187844 0.5280713 0 255 0
-0.2293054 0.0297807 0.5250540 0 255 0
-0.0952816 -0.0157118 0.5198973 0 255 0
0.2326861 -0.0449841 0.5193582 0 255 0
0.2672149 -0.1049144 0.5964267 0 255 0
-0.1422799 -0.0171993 0.4925273 0 255 0
0.2396604 0.0397900 0.4819139 0 255 0
-0.2186815 -0.0365082 0.5383348 0 255 0
0.2471276 -0.0534866 0.5189704 0 255 0
0.2883471 -0.0248971 0.5079086 0 255 0
-0.2138038 -0.0441341 0.5387777 0 255 0
0.2468614 0.0071600 0.4963937 0 255 0
-0.0756503 -0.0603478 0.4952189 0 255 0
0.1675931 0.0754893 0.4580455 0 255 0
-0.1893584 0.0548263 0.5169173 0 255 0
0.2763503 0.0013242 0.4949611 0 255 0
-0.1236098 -0.0206418 0.4918269 0 255 0
-0.1232719 -0.0481905 0.5145036 0 255 0
0.2622148 -0.0021729 0.4967897 0 255 0
-0.1434300 -0.0310858 0.4925075 0 255 0
0.3361055 -0.0317022 0.5426793 0 255 0
0.2081663 -0.0140541 0.5042496 0 255 0
-0.1672264 -0.0934466 0.4979738 0 255 0
0.3519947 -0.0261731 0.5339395 0 255 0
0.2117050 0.0493428 0.4652174 0 255 0
0.2848651 -0.0492372 0.5256789 0 255 0
0.2585111 -0.0150694 0.4986411 0 255 0
-0.1728229 -0.0727728 0.5006442 0 255 0
0.2372351 -0.0314448 0.4981961 0 255 0
-0.1207911 0.0117796 0.4944630 0 255 0
-0.1783312 -0.0047194 0.5201372 0 255 0
-0.1713056 0.0539712 0.5324469 0 255 0
0.3366205 -0.0134631 0.5275196 0 255 0
0.2267356 0.0353613 0.4832924 0 255 0
0.2119868 -0.0320467 0.5077314 0 255 0
0.2886650 0.0479615 0.4961623 0 255 0
-0.2222548 0.0331654 0.5200890 0 255 0
0.2039399 0.0541956 0.4600155 0 255 0
-0.1568419 -0.0265749 0.4947084 0 255 0
0.2114409 -0.0570460 0.5180719 0 255 0
-0.2169096 0.0508161 0.5132178 0 255 0
0.2585319 -0.0652063 0.5456085 0 255 0
0.2473976 -0.0708140 0.5701122 0 255 0
0.2898309 0.0479618 0.4961649 0 255 0
-0.1009828 -0.0059154 0.5178494 0 255 0
0.2500731 -0.0761723 0.5701115 0 255 0
0.2974997 -0.0033970 0.5052337 0 255 0
0.2025793 0.0573588 0.4593782 0 255 0
0.1733436 0.0782971 0.4619112 0 255 0
0.2971834 -0.1122971 0.5838072 0 255 0
-0.1376608 -0.0125704 0.4925432 0 255 0
0.2451439 0.0537296 0.4750075 0 255 0
0.1969737 0.0365303 0.4691364 0 255 0
-0.1563782 0.0075034 0.5202006 0 255 0
-0.1203552 0.0118509 0.4974574 0 255 0
0.1992431 0.0119038 0.4996781 0 255 0
-0.1530938 0.0147562 0.5173528 0 255 0
-0.1050439 0.0074991 0.5199046 0 255 0
-0.1511754 -0.0891574 0.5068501 0 255 0
-0.1437175 -0.0711341 0.5057209 0 255 0
0.2161837 -0.0068614 0.4981817 0 255 0
0.2694591 -0.0419242 0.5269144 0 255 0
-0.1265823 -0.0314879 0.5181696 0 255 0
0.2177045 0.0314688 0.4759466 0 255 0
-0.2190569 -0.0036258 0.5392588 0 255 0
0.2557139 -0.0651639 0.5561893 0 255 0
-0.0680810 -0.0596805 0.4993716 0 255 0
-0.1480517 0.0025754 0.5125073 0 255 0
0.2325886 0.0564656 0.4699112 0 255 0
0.2121599 0.0593082 0.4662171 0 255 0
0.2349769 -0.0964185 0.5790697 0 255 0
-0.2177814 -0.0527345 0.5361190 0 255 0
-0.2205100 0.0153062 0.5366354 0 255 0
0.2095248 0.0591820 0.4652248 0 255 0
0.2349821 0.0104929 0.4886483 0 255 0
-0.1331674 -0.0535953 0.4973467 0 255 0
-0.1418355 0.0062321 0.5161481 0 255 0
0.2210263 -0.0173181 0.4959310 0 255 0
-0.2312519 -0.0164442 0.5441310 0 255 0
0.3215799 -0.0173050 0.5313054 0 255 0
0.2461988 -0.1077083 0.5963772 0 255 0
-0.2141704 0.0543501 0.5124276 0 255 0
-0.1397565 -0.0275733 0.4917828 0 255 0
-0.1540574 -0.0276544 0.4932278 0 255 0
0.2153994 -0.0308304 0.5073496 0 255 0
-0.0985719 -0.0548713 0.5448277 0 255 0
-0.1027596 -0.0276422 0.5145757 0 255 0
0.2016821 -0.0045892 0.5057946 0 255 0
-0.1463299 -0.0525428 0.4984483 0 255 0
-0.0633050 -0.0501740 0.5494652 0 255 0
0.2712866 0.0435436 0.4858918 0 255 0
-0.1843626 0.0499290 0.5165159 0 255 0
-0.1649447 -0.0556402 0.5053045 0 255 0
0.2579229 -0.0186265 0.4997690 0 255 0
0.2522537 -0.0835930 0.5750828 0 255 0
-0.1164552 -0.0688354 0.4813379 0 255 0
-0.1448670 -0.0622895 0.5014831 0 255 0
0.2310135 -0.0366239 0.5050429 0 255 0
0.2366567 0.0105163 0.4897406 0 255 0
-0.1090499 -0.0301301 0.5157685 0 255 0
0.2756974 -0.0932212 0.5761279 0 255 0
-0.1209882 -0.0866198 0.4859332 0 255 0
-0.2027313 -0.0553807 0.5139148 0 255 0
-0.1481686 -0.0114212 0.4928909 0 255 0
0.2835988 -0.0398920 0.5166299 0 255 0
-0.1932353 -0.0559342 0.5079747 0 255 0
0.2260208 -0.0278477 0.4966761 0 255 0
-0.2100690 -0.0581577 0.5171329 0 255 0
-0.1169555 -0.0033145 0.4929695 0 255 0
-0.2491621 0.0052652 0.5414266 0 255 0
-0.1434321 -0.0252998 0.4925147 0 255 0
0.2347221 0.0429046 0.4787616 0 255 0
-0.1818340 -0.0215222 0.5128031 0 255 0
-0.1158994 -0.0503481 0.4885180 0 255 0
0.2364442 -0.0508456 0.5169154 0 255 0
-0.2199832 0.0286167 0.5263354 0 255 0
-0.2168611 -0.0493183 0.5400940 0 255 0
-0.1918963 -0.0650293 0.5044547 0 255 0
0.2606605 0.0071551 0.4960506 0 255 0
0.2921730 0.0320241 0.5021920 0 255 0
-0.1250967 -0.0527773 0.5120883 0 255 0
-0.2362646 0.0078880 0.5468662 0 255 0
0.2493064 0.0419650 0.4808863 0 255 0
-0.2424651 -0.0075252 0.5463785 0 255 0
-0.1333672 -0.0964595 0.4895117 0 255 0
0.2228309 0.0362309 0.4797695 0 255 0
-0.2114966 -0.0514763 0.5361344 0 255 0
-0.1891254 0.0224356 0.5263982 0 255 0
-0.2014681 0.0353886 0.5168624 0 255 0
-0.1309284 -0.0301510 0.5161270 0 255 0
-0.1256866 -0.0445635 0.5145028 0 255 0
0.2189128 0.0127884 0.4886159 0 255 0
0.2824871 0.0117568 0.4935064 0 255 0
-0.2276876 0.0152808 0.5357441 0 255 0
-0.1758274 0.0212338 0.5272709 0 255 0
0.2751197 -0.0209450 0.4990501 0 255 0
0.1872095 0.0551185 0.4587004 0 255 0
0.3306484 -0.0277394 0.5400068 0 255 0
0.1899806 0.0428090 0.4654901 0 255 0
0.1877499 -0.0655886 0.5598146 0 255 0
-0.1735945 0.0426817 0.5169369 0 255 0
0.2181948 -0.0056822 0.4974358 0 255 0
0.2871207 -0.1010813 0.5746361 0 255 0
0.2364217 -0.0326646 0.4989468 0 255 0
0.2198696 -0.0021692 0.4959472 0 255 0
-0.1893508 0.0402492 0.5168965 0 255 0
0.2632223 -0.0353939 0.5219038 0 255 0
-0.0942070 -0.0316418 0.5207021 0 255 0
-0.1468564 0.0258816 0.5210692 0 255 0
0.2658138 -0.1049138 0.5964237 0 255 0
0.2501082 0.0334860 0.4890747 0 255 0
0.2076134 -0.0224161 0.5057856 0 255 0
-0.1971602 0.0187842 0.5280658 0 255 0
-0.1910093 -0.0591946 0.5052401 0 255 0
0.2078416 0.0060106 0.4978032 0 255 0
-0.1560205 0.0391943 0.5190109 0 255 0
0.3004518 -0.0142781 0.5122887 0 255 0
0.3194191 -0.0691354 0.5673308 0 255 0
0.3416598 -0.0263424 0.5373932 0 255 0
0.3202780 -0.0278294 0.5417581 0 255 0
0.2587184 0.0059984 0.4967921 0 255 0
0.3224856 0.0050254 0.5167721 0 255 0
-0.1149698 0.0145412 0.5098149 0 255 0
-0.1317316 -0.0504334 0.5007623 0 255 0
-0.1482342 -0.0698371 0.5049352 0 255 0
0.3276141 -0.0084642 0.5249904 0 255 0
0.2786664 0.0491459 0.4848439 0 255 0
-0.2008394 0.0376995 0.5152494 0 255 0
0.1895793 0.0438101 0.4645068 0 255 0
-0.1592410 0.0013743 0.5136831 0 255 0
-0.1716910 0.0001688 0.5185159 0 255 0
-0.2008971 -0.0525400 0.5216791 0 255 0
-0.1780792 -0.0407684 0.5123876 0 255 0
-0.2316402 -0.0075068 0.5450446 0 255 0
-0.0886402 -0.0563404 0.5466603 0 255 0
0.2738797 -0.0138465 0.4968009 0 255 0
-0.1834349 0.0414976 0.5173181 0 255 0
-0.2276665 0.0053271 0.5477943 0 255 0
0.2134711 0.0433645 0.4715302 0 255 0
0.2043968 0.0364796 0.4684861 0 255 0
0.2714664 -0.0599745 0.5332869 0 255 0
0.2437052 0.0366610 0.4854654 0 255 0
-0.2119954 0.0330881 0.5188776 0 255 0
-0.1793221 0.0587364 0.5302870 0 255 0
-0.1248939 -0.0090113 0.4878257 0 255 0
0.2630262 0.0584522 0.4771132 0 255 0
-0.0539141 -0.0549013 0.5094665 0 255 0
0.2648610 -0.0919700 0.5942857 0 255 0
0.2089945 0.0215420 0.4790241 0 255 0
-0.0977021 -0.0791637 0.4892496 0 255 0
0.2802376 0.0578795 0.4816772 0 255 0
-0.1976295 0.0039037 0.5293228 0 255 0
-0.1452706 -0.0537549 0.4988276 0 255 0
-0.1763604 0.0297875 0.5251732 0 255 0
0.2489576 -0.0427896 0.5077977 0 255 0
-0.1935219 -0.0711183 0.5056087 0 255 0
-0.2177973 -0.0212426 0.5361580 0 255 0
0.2602389 0.0477571 0.4823236 0 255 0
-0.1196693 -0.0230388 0.5198346 0 255 0
-0.1456959 0.0062418 0.5169516 0 255 0
-0.1732212 -0.0670450 0.5017980 0 255 0
0.2052450 -0.0587528 0.5335722 0 255 0
0.2759389 0.0059674 0.4942244 0 255 0
0.2744424 0.0300637 0.4894866 0 255 0
-0.0999573 -0.0702803 0.4834970 0 255 0
0.2739644 0.0186862 0.4927592 0 255 0
-0.1545099 -0.0735635 0.5060838 0 255 0
-0.1480658 -0.0894346 0.5084258 0 255 0
-0.1838879 0.0100504 0.5255523 0 255 0
-0.0916248 -0.0697110 0.4874604 0 255 0
-0.1595922 -0.0530630 0.5033834 0 255 0
0.3395308 -0.0290093 0.5400246 0 255 0
-0.1410142 -0.0310628 0.4921440 0 255 0
0.2303800 0.0553607 0.4699050 0 255 0
-0.1582057 0.0403499 0.5181891 0 255 0
0.2635210 -0.0713384 0.5533968 0 255 0
-0.1542631 -0.0933811 0.4976251 0 255 0
0.2670551 0.0141174 0.4949566 0 255 0
-0.1220060 -0.0032947 0.4900211 0 255 0
-0.1220643 -0.0506083 0.5145032 0 255 0
0.2443282 0.0599528 0.4712838 0 255 0
-0.0809707 -0.0634543 0.4922370 0 255 0
0.2593045 0.0233512 0.4934700 0 255 0
-0.2222932 -0.0468564 0.5409750 0 255 0
0.2360509 -0.0561880 0.5214059 0 255 0
0.2523861 0.0538477 0.4760517 0 255 0
0.3356175 -0.0022836 0.5221075 0 255 0
0.1730819 0.0654394 0.4555165 0 255 0
0.2018213 -0.0373634 0.5152414 0 255 0
0.2244139 -0.0331393 0.5061976 0 255 0
0.2868812 -0.0372605 0.5138228 0 255 0
-0.2032541 0.0364882 0.5152399 0 255 0
0.1942136 0.0520311 0.4599916 0 255 0
-0.2041243 -0.0426948 0.5365995 0 255 0
-0.1404045 0.0062224 0.5153418 0 255 0
0.2897250 -0.0519153 0.5277900 0 255 0
-0.1973181 0.0175574 0.5284888 0 255 0
-0.1258507 -0.0112869 0.4870978 0 255 0
-0.0975208 0.0026739 0.5321157 0 255 0
-0.1285853 -0.0917255 0.4888022 0 255 0
0.1897597 0.0530740 0.4596625 0 255 0
-0.0655377 -0.0665183 0.4978561 0 255 0
-0.1529706 -0.0710219 0.5049233 0 255 0
-0.1442462 0.0333803 0.5434867 0 255 0
-0.1689638 0.0125111 0.5251681 0 255 0
-0.2238284 0.0332177 0.5209106 0 255 0
0.2151392 -0.0791525 0.5627272 0 255 0
-0.1538338 -0.0090978 0.4925119 0 255 0
-0.1555638 -0.0288781 0.4943362 0 255 0
-0.1739332 -0.0382420 0.5108060 0 255 0
-0.0435264 -0.0541684 0.5138697 0 255 0
-0.2081623 0.0531472 0.5124393 0 255 0
0.2321352 0.0428419 0.4780620 0 255 0
0.1871535 -0.0701345 0.5541588 0 255 0
-0.1580473 -0.0564815 0.5022281 0 255 0
-0.1072917 0.0001652 0.5074528 0 255 0
0.3308183 -0.0330854 0.5444579 0 255 0
0.3392162 -0.0160062 0.5296395 0 255 0
0.3519870 -0.0355882 0.5436038 0 255 0
0.2898409 -0.0757259 0.5667701 0 255 0
-0.1804891 -0.0251174 0.5124016 0 255 0
0.2026263 0.0332475 0.4694787 0 255 0
0.2191308 -0.0358197 0.5104949 0 255 0
0.2818369 -0.0456405 0.5269370 0 255 0
0.2220312 -0.0044965 0.4955762 0 255 0
-0.1641991 -0.0282034 0.5030202 0 255 0
0.2652247 -0.0812539 0.5681751 0 255 0
0.2385262 0.0267077 0.4912237 0 255 0
-0.0964123 -0.0733081 0.4885324 0 255 0
-0.1469092 0.0086713 0.5169519 0 255 0
0.2303413 -0.0266411 0.4959399 0 255 0
-0.1315618 -0.0147201 0.4870810 0 255 0
-0.1522956 -0.0010175 0.5026952 0 255 0
-0.2337438 0.0274002 0.5267256 0 255 0
-0.1529043 -0.0183832 0.4932418 0 255 0
-0.1219730 -0.0221287 0.4993011 0 255 0
-0.1422980 -0.0610189 0.5007259 0 255 0
0.3329222 -0.0344502 0.5458123 0 255 0
-0.1960135 0.0522309 0.5152780 0 255 0
-0.1607330 -0.0280108 0.4995856 0 255 0
0.1758717 0.0534430 0.4628586 0 255 0
-0.1341365 -0.0371795 0.4966132 0 255 0
0.2115541 -0.0211470 0.5038629 0 255 0
0.3247733 -0.0010534 0.5204381 0 255 0
-0.1257630 -0.0328090 0.5198091 0 255 0
-0.1517426 -0.0311313 0.4932286 0 255 0
-0.1433427 -0.0464767 0.4962064 0 255 0
-0.2180090 0.0189810 0.5335965 0 255 0
0.2503308 -0.0718435 0.5676617 0 255 0
-0.2315172 0.0090378 0.5388047 0 255 0
0.2428076 -0.0033299 0.4952536 0 255 0
-0.1781585 0.0236926 0.5268461 0 255 0
-0.0960389 0.0001729 0.5308269 0 255 0
-0.2023169 -0.0248209 0.5318484 0 255 0
-0.1865951 -0.0601057 0.5029299 0 255 0
-0.1799954 0.0357008 0.5214220 0 255 0
0.2617973 -0.0515380 0.5239546 0 255 0
-0.1477272 0.0233771 0.5198305 0 255 0
0.2637254 -0.1108184 0.5980360 0 255 0
-0.2007933 -0.0337323 0.5344374 0 255 0
-0.1347891 -0.0463385 0.4947310 0 255 0
0.3220596 -0.0440444 0.5535616 0 255 0
-0.1492127 -0.0114125 0.4925192 0 255 0
0.2170288 0.0204320 0.4793886 0 255 0
0.2302164 0.0564248 0.4695715 0 255 0
-0.1803506 -0.0202858 0.5120085 0 255 0
0.2706857 -0.0990421 0.5948263 0 255 0
-0.2250997 0.0286390 0.5267462 0 255 0
0.2571173 -0.0273856 0.5097991 0 255 0
-0.1318314 -0.0835618 0.4880790 0 255 0
0.2202600 -0.0695011 0.5491537 0 255 0
-0.1339968 0.0013389 0.5004442 0 255 0
-0.1162860 -0.0267669 0.5210739 0 255 0
-0.1718100 -0.0105062 0.5045706 0 255 0
-0.2255422 0.0140449 0.5366228 0 255 0
-0.2281339 0.0451006 0.5168173 0 255 0
0.2795655 -0.1160235 0.5959007 0 255 0
0.3258807 0.0123019 0.5163867 0 255 0
0.2279832 -0.0137504 0.4933556 0 255 0
0.2234250 0.0528118 0.4668937 0 255 0
0.2888454 -0.0372029 0.5130278 0 255 0
-0.1456366 -0.0160298 0.4921525 0 255 0
-0.0690425 -0.0618388 0.4978542 0 255 0
0.1946282 0.0406795 0.4661557 0 255 0
-0.2385851 0.0346318 0.5237851 0 255 0
0.2609677 -0.0501474 0.5222942 0 255 0
0.2858509 -0.1140673 0.5858532 0 255 0
0.2260215 -0.0266807 0.4966775 0 255 0
-0.1978440 -0.0618523 0.5075647 0 255 0
0.2634161 -0.0233950 0.5012947 0 255 0
-0.2507007 0.0090002 0.5365612 0 255 0
0.3377612 -0.0224627 0.5352123 0 255 0
-0.1905292 0.0284607 0.5234669 0 255 0
0.2453755 -0.0257096 0.5004914 0 255 0
-0.2270513 -0.0113115 0.5432464 0 255 0
0.2268523 -0.0371064 0.5116976 0 255 0
-0.2103505 0.0594463 0.5148517 0 255 0
0.3215224 0.0038141 0.5171736 0 255 0
0.1776051 0.0612432 0.4561513 0 255 0
-0.2093994 -0.0249211 0.5339949 0 255 0
0.1906882 0.0479068 0.4619116 0 255 0
0.2179083 0.0093997 0.4915232 0 255 0
-0.1804896 -0.0239134 0.5124032 0 255 0
0.2474908 -0.0269882 0.5024011 0 255 0
0.2594808 0.0487480 0.4809184 0 255 0
0.2240173 -0.0137914 0.4948253 0 255 0
0.2135944 -0.0211149 0.5030982 0 255 0
0.2369040 -0.0499840 0.5205918 0 255 0
-0.0960151 -0.0574320 0.5448301 0 255 0
-0.1798370 -0.0010545 0.5209633 0 255 0
-0.2040193 -0.0682877 0.5110986 0 255 0
-0.1116921 -0.0021891 0.5004889 0 255 0
0.2345294 -0.0772398 0.5681099 0 255 0
0.2323230 -0.0242743 0.4952022 0 255 0
0.2085690 -0.0332647 0.5081137 0 255 0
0.1944682 -0.0777520 0.5527703 0 255 0
0.2697746 -0.0033328 0.4956849 0 255 0
0.2730835 -0.0656767 0.5389483 0 255 0
-0.1486832 -0.0914697 0.5064646 0 255 0
-0.1079130 -0.0409009 0.4993072 0 255 0
-0.2030907 0.0163811 0.5306090 0 255 0
-0.2106638 0.0001739 0.5340232 0 255 0
-0.1391185 -0.0404345 0.4936139 0 255 0
-0.1374941 -0.0656758 0.5003494 0 255 0
0.2141249 -0.0444206 0.5128525 0 255 0
0.2307729 -0.0067748 0.4918981 0 255 0
0.2942702 -0.0869024 0.5701980 0 255 0
-0.1593361 -0.0836818 0.5025758 0 255 0
-0.1998599 -0.0451068 0.5352966 0 255 0
-0.1849456 -0.0544061 0.5048710 0 255 0
0.2074093 0.0441246 0.4678412 0 255 0
0.2795113 -0.0056710 0.4964494 0 255 0
0.2016361 0.0048887 0.5027205 0 255 0
0.2196570 0.0474593 0.4682043 0 255 0
0.2183520 -0.0197226 0.4977944 0 255 0
0.3284861 -0.0412711 0.5512655 0 255 0
0.2840241 -0.0782527 0.5657812 0 255 0
0.3119756 -0.0904477 0.5757076 0 255 0
0.2020984 0.0311296 0.4708156 0 255 0
0.1931387 0.0571175 0.4574457 0 255 0
0.1760487 0.0664191 0.4548958 0 255 0
0.3138322 -0.0210324 0.5308548 0 255 0
0.3264478 0.0013891 0.5192162 0 255 0
0.3241345 -0.0186286 0.5334576 0 255 0
0.2051757 -0.0010176 0.5027210 0 255 0
-0.1322206 -0.0918602 0.4895200 0 255 0
0.3406585 -0.0485608 0.5606527 0 255 0
-0.1260363 -0.0147423 0.4878161 0 255 0
0.2536366 -0.0092040 0.4982609 0 255 0
0.1949320 -0.0649206 0.5432177 0 255 0
-0.0655877 -0.0642276 0.4982361 0 255 0
0.3203945 -0.0539631 0.5620351 0 255 0
0.2653811 0.0412284 0.4855185 0 255 0
-0.0934302 -0.0281052 0.5231947 0 255 0
0.2828012 -0.0010041 0.4960890 0 255 0
-0.1914805 0.0523139 0.5160975 0 255 0
0.2679694 -0.0774501 0.5599787 0 255 0
0.3234091 -0.0331118 0.5448914 0 255 0
-0.1754018 0.0125308 0.5259948 0 255 0
-0.2076431 -0.0211057 0.5327041 0 255 0
-0.1659359 0.0237129 0.5272957 0 255 0
-0.1632654 -0.0056726 0.4965896 0 255 0
-0.1311262 -0.0712842 0.4984611 0 255 0
-0.1093616 -0.0675094 0.4799514 0 255 0
-0.1529784 0.0013722 0.5128950 0 255 0
-0.0907599 -0.0222062 0.5291020 0 255 0
-0.1963489 -0.0653291 0.5067803 0 255 0
-0.2466883 0.0311870 0.5279738 0 255 0
0.2221977 -0.0056652 0.4959480 0 255 0
0.2968919 -0.0926623 0.5726737 0 255 0
-0.1301283 0.0246661 0.5484928 0 255 0
0.2617320 -0.0826778 0.5781321 0 255 0
0.2769715 -0.0508350 0.5294558 0 255 0
-0.2241629 0.0355250 0.5188553 0 255 0
-0.1746007 -0.0094071 0.5092564 0 255 0
0.3100879 -0.0095377 0.5163226 0 255 0
0.2959355 -0.1045135 0.5786877 0 255 0
-0.1417420 0.0197287 0.5202506 0 255 0
0.3214721 -0.0399080 0.5503319 0 255 0
0.3189737 -0.0121644 0.5249642 0 255 0
0.2450270 0.0567925 0.4726317 0 255 0
0.2072968 -0.0188220 0.5050144 0 255 0
-0.0974553 -0.0549627 0.5457348 0 255 0
0.2544296 0.0001620 0.4975250 0 255 0
-0.1473312 -0.0635155 0.5018592 0 255 0
0.2019817 -0.0325465 0.5156508 0 255 0
-0.1489176 -0.0976164 0.4953824 0 255 0
0.2050197 0.0001636 0.5023389 0 255 0
-0.1104299 -0.0334506 0.5109527 0 255 0
0.1970708 0.0262531 0.4828624 0 255 0
-0.1666998 0.0086910 0.5181312 0 255 0
-0.1201143 -0.0879569 0.4870140 0 255 0
-0.1819738 -0.0263623 0.5131974 0 255 0
-0.0809092 -0.0680291 0.4918631 0 255 0
0.3423834 -0.0198514 0.5326331 0 255 0
0.2098321 -0.0664748 0.5454974 0 255 0
-0.0898061 -0.0597143 0.4900206 0 255 0
-0.1154932 -0.0757315 0.4820376 0 255 0
-0.2284912 0.0415224 0.5176266 0 255 0
-0.2210288 -0.0288950 0.5378981 0 255 0
0.2023032 0.0107055 0.4985497 0 255 0
-0.2237451 -0.0481668 0.5414162 0 255 0
0.2234187 -0.0371345 0.5120850 0 255 0
0.2511185 -0.0429554 0.5097652 0 255 0
0.2484067 0.0345582 0.4879869 0 255 0
0.2355024 -0.0364017 0.5019792 0 255 0
-0.2084842 -0.0287319 0.5348619 0 255 0
-0.1820081 0.0175164 0.5272527 0 255 0
0.3423660 -0.0262998 0.5365235 0 255 0
0.3164613 -0.0555193 0.5644301 0 255 0
0.2028741 0.0101478 0.5306462 0 255 0
0.2315802 0.0447644 0.4746250 0 255 0
0.2745069 -0.0270945 0.5043799 0 255 0
-0.1190902 -0.0033095 0.4922291 0 255 0
-0.0480110 -0.0597833 0.5102642 0 255 0
0.2781880 -0.0339016 0.5178425 0 255 0
-0.2475926 -0.0011059 0.5463752 0 255 0
0.2402751 -0.0521018 0.5173280 0 255 0
-0.1928312 0.0296669 0.5230466 0 255 0
-0.0904707 -0.0134604 0.5274155 0 255 0
0.3309528 -0.0122429 0.5283536 0 255 0
0.2108139 -0.0010107 0.4993091 0 255 0
0.2257566 0.0194762 0.4836251 0 255 0
0.2308686 0.0345044 0.4872276 0 255 0
0.2492856 0.0279049 0.4919816 0 255 0
0.2709685 -0.0866124 0.5863758 0 255 0
0.2151755 -0.0080380 0.4985548 0 255 0
-0.1201941 -0.0690365 0.4827438 0 255 0
0.1906704 0.0438103 0.4645092 0 255 0
0.2200429 -0.0834766 0.5651464 0 255 0
0.2913369 0.0071939 0.4987430 0 255 0
0.2528514 -0.0495181 0.5157399 0 255 0
-0.1687703 -0.0706910 0.5025711 0 255 0
0.2782460 -0.0309341 0.5090551 0 255 0
0.2035853 0.0354289 0.4691495 0 255 0
-0.0668571 -0.0690139 0.4989837 0 255 0
0.2397354 0.0515328 0.4753352 0 255 0
0.2793503 0.0371591 0.4920613 0 255 0
0.2228316 0.0373584 0.4797710 0 255 0
0.2523192 -0.0592982 0.5272741 0 255 0
0.3058256 -0.0690724 0.5668134 0 255 0
-0.1343437 -0.0159233 0.4888850 0 255 0
-0.1766070 -0.0298869 0.5116062 0 255 0
-0.1073925 -0.0144780 0.5194615 0 255 0
0.2307914 -0.0463134 0.5205829 0 255 0
0.2279571 0.0036196 0.4908065 0 255 0
0.2484058 0.0496946 0.4791491 0 255 0
-0.2015819 0.0545231 0.5140592 0 255 0
0.2123633 -0.0271702 0.5057902 0 255 0
0.2838880 -0.0295789 0.5063335 0 255 0
0.2663254 -0.0274715 0.5113991 0 255 0
-0.1985423 -0.0147285 0.5284460 0 255 0
0.1848370 0.0371896 0.4776041 0 255 0
-0.2117013 0.0140457 0.5366533 0 255 0
-0.0867976 -0.0503373 0.5512536 0 255 0
0.1865206 0.0530731 0.4596555 0 255 0
-0.0469235 -0.0551165 0.5114630 0 255 0
0.1988402 0.0292504 0.4762438 0 255 0
-0.0997183 -0.0564650 0.5239771 0 255 0
-0.1340436 -0.0193263 0.4877928 0 255 0
-0.1280882 0.0208868 0.5507907 0 255 0
-0.2208487 -0.0276086 0.5374598 0 255 0
-0.1410187 -0.0183429 0.4921598 0 255 0
-0.1385773 -0.1003556 0.4916937 0 255 0
0.3078721 -0.1076731 0.5885253 0 255 0
-0.1808710 0.0499690 0.5169299 0 255 0
0.3035964 -0.0070449 0.5115101 0 255 0
-0.1195843 -0.0830115 0.4848650 0 255 0
-0.0447326 -0.0505462 0.5138716 0 255 0
0.1845433 0.0581902 0.4574282 0 255 0
0.2997083 -0.1048833 0.5807352 0 255 0
0.3387202 -0.0541515 0.5639979 0 255 0
0.2089602 -0.0260014 0.5061726 0 255 0
0.3356873 -0.0198990 0.5339116 0 255 0
0.2298249 -0.0219305 0.4948280 0 255 0
0.2106350 -0.0789493 0.5612822 0 255 0
0.2433193 -0.0376972 0.5035283 0 255 0
0.3478219 -0.0249788 0.5352313 0 255 0
0.3576968 -0.0173635 0.5331001 0 255 0
0.3025044 0.0286814 0.5056715 0 255 0
-0.1242119 0.0195928 0.5507976 0 255 0
-0.1505872 -0.0276548 0.4932354 0 255 0
-0.2067978 0.0494962 0.5120384 0 255 0
0.2565863 -0.0663589 0.5552526 0 255 0
0.2179317 -0.0358195 0.5104923 0 255 0
0.2329925 -0.0798399 0.5676138 0 255 0
0.2917760 -0.1104343 0.5812232 0 255 0
-0.1561416 -0.0511370 0.4961725 0 255 0
0.3343561 -0.0250995 0.5378168 0 255 0
0.1780091 0.0805121 0.4684840 0 255 0
-0.1538257 0.0307057 0.5198262 0 255 0
-0.0504454 -0.0538303 0.5106624 0 255 0
0.2445678 -0.0304594 0.5012432 0 255 0
0.2785531 -0.0080100 0.4968183 0 255 0
0.3317342 -0.0303766 0.5417800 0 255 0
-0.2167579 0.0189810 0.5335993 0 255 0
0.3278638 -0.0371679 0.5480627 0 255 0
-0.1382993 0.0173113 0.5210801 0 255 0
0.1807496 -0.0706174 0.5794921 0 255 0
0.1723695 0.0655751 0.4564609 0 255 0
0.2169079 -0.0713848 0.5537567 0 255 0
-0.1683821 -0.0752412 0.5014153 0 255 0
-0.2143325 0.0447513 0.5128154 0 255 0
0.2111117 -0.0987830 0.5769855 0 255 0
0.2276710 -0.0219468 0.4951948 0 255 0
0.2513863 0.0475813 0.4805476 0 255 0
-0.1317882 -0.0056224 0.4921958 0 255 0
-0.2021591 -0.0543435 0.5155311 0 255 0
0.2700529 -0.0356488 0.5256633 0 255 0
-0.2059143 0.0423427 0.5128309 0 255 0
0.2820488 -0.0283238 0.5051676 0 255 0
0.2528810 0.0036637 0.4967765 0 255 0
-0.1101849 0.0084597 0.5043424 0 255 0
0.2842180 -0.0716450 0.5557748 0 255 0
-0.1298024 -0.0455221 0.5116882 0 255 0
0.2747816 0.0117740 0.4942290 0 255 0
-0.1311270 -0.0689421 0.4984640 0 255 0
-0.2370687 0.0273560 0.5258748 0 255 0
0.2672198 0.0221758 0.4931170 0 255 0
0.2050222 0.0552773 0.4600216 0 255 0
0.2065195 0.0247569 0.4759114 0 255 0
0.2750477 0.0491093 0.4844824 0 255 0
-0.1974842 -0.0335961 0.5322793 0 255 0
-0.2030759 -0.0147877 0.5305703 0 255 0
-0.1803417 -0.0407362 0.5119832 0 255 0
-0.1048779 -0.0762383 0.4852638 0 255 0
0.2279794 -0.0355184 0.5062011 0 255 0
0.2749166 0.0186723 0.4923935 0 255 0
-0.1526020 -0.0821393 0.5076391 0 255 0
0.2081675 -0.0116844 0.5042525 0 255 0
0.3162773 -0.0171527 0.5266284 0 255 0
0.2136632 0.0464894 0.4695206 0 255 0
0.1895232 0.0623620 0.4564945 0 255 0
0.3546836 -0.0300587 0.5361099 0 255 0
-0.1818651 0.0380304 0.5197709 0 255 0
-0.1545437 0.0037914 0.5140983 0 255 0
-0.1239350 -0.0044329 0.4885587 0 255 0
-0.2509767 0.0289143 0.5318096 0 255 0
-0.1198848 -0.0067591 0.4907532 0 255 0
0.3233550 -0.0291505 0.5426546 0 255 0
-0.1712693 -0.0429762 0.5100129 0 255 0
0.3130023 -0.0580217 0.5629737 0 255 0
-0.1619775 -0.0080002 0.4962146 0 255 0
-0.1796931 -0.0047231 0.5205463 0 255 0
0.3241384 -0.0594485 0.5639594 0 255 0
-0.1454012 0.0346287 0.5430367 0 255 0
-0.1999723 -0.0511035 0.5322521 0 255 0
-0.2142905 0.0213675 0.5305905 0 255 0
0.2161824 -0.0092025 0.4981788 0 255 0
0.2176552 -0.0257651 0.5015728 0 255 0
-0.0909524 -0.0735284 0.4900009 0 255 0
-0.1482447 -0.1041279 0.4931443 0 255 0
0.2147302 -0.0901132 0.5651265 0 255 0
0.2520528 -0.0174518 0.4997576 0 255 0
-0.0766517 -0.0547401 0.5435246 0 255 0
-0.1377275 -0.0582239 0.4969548 0 255 0
0.2112972 0.0117268 0.4922455 0 255 0
0.3460583 -0.0428198 0.5545465 0 255 0
-0.1638795 -0.0150639 0.4984577 0 255 0
-0.1136474 -0.0794207 0.4838116 0 255 0
0.2139979 -0.0845124 0.5631992 0 255 0
0.1917801 0.0234494 0.4955444 0 255 0
-0.1268748 -0.0856026 0.4866413 0 255 0
-0.0973414 -0.0731447 0.4874436 0 255 0
-0.2037289 -0.0248409 0.5322763 0 255 0
0.2800046 -0.0258704 0.5036232 0 255 0
-0.1141681 -0.0138224 0.4959380 0 255 0
-0.1937443 0.0425775 0.5156754 0 255 0
-0.1265129 -0.0571444 0.5081227 0 255 0
-0.0933970 -0.0023180 0.5299738 0 255 0
-0.1535647 -0.0976143 0.4953722 0 255 0
0.2185133 0.0414755 0.4752763 0 255 0
0.1845699 0.0382565 0.4769139 0 255 0
-0.1273720 -0.0067287 0.4885483 0 255 0
-0.1615954 0.0366384 0.5173612 0 255 0
0.2505022 -0.0115628 0.4990051 0 255 0
0.1687882 0.0798513 0.4583718 0 255 0
0.3256284 0.0159297 0.5159869 0 255 0
0.2253764 -0.0906613 0.5685635 0 255 0
0.3276822 -0.0109749 0.5270817 0 255 0
-0.2131594 -0.0173926 0.5339959 0 255 0
-0.1699756 -0.0081040 0.5026476 0 255 0
-0.1541812 0.0013722 0.5128924 0 255 0
0.2419032 0.0047982 0.4934090 0 255 0
0.2572597 -0.0629858 0.5375984 0 255 0
0.2680951 0.0311438 0.4883870 0 255 0
0.1914491 -0.0566091 0.5370239 0 255 0
0.3132810 -0.0636381 0.5658634 0 255 0
-0.2341177 0.0249647 0.5275680 0 255 0
0.2792415 -0.0408509 0.5290484 0 255 0
0.2662287 -0.0837436 0.5761188 0 255 0
-0.0597059 -0.0535371 0.5078814 0 255 0
-0.1468568 0.0271061 0.5210707 0 255 0
-0.1046252 -0.0132159 0.5178323 0 255 0
-0.1871240 0.0621723 0.5277218 0 255 0
-0.1301552 -0.0690471 0.4992235 0 255 0
-0.1746892 0.0368392 0.5201967 0 255 0
0.2424522 0.0117812 0.4945287 0 255 0
-0.2366062 0.0382030 0.5221309 0 255 0
-0.2190488 0.0065871 0.5455425 0 255 0
0.2412946 0.0187535 0.4945348 0 255 0
-0.0678737 -0.0665176 0.4978509 0 255 0
0.2476380 0.0463837 0.4798403 0 255 0
-0.1828869 -0.0371560 0.5123814 0 255 0
-0.1034003 -0.0286940 0.5117698 0 255 0
0.2247588 -0.0343815 0.5069755 0 255 0
-0.1243449 -0.0388542 0.5189823 0 255 0
-0.1291595 -0.0798855 0.4866433 0 255 0
-0.2029382 0.0388491 0.5144393 0 255 0
0.2747767 -0.0233607 0.5005587 0 255 0
-0.2320244 -0.0062364 0.5459487 0 255 0
0.2172820 -0.0283810 0.5061879 0 255 0
-0.1448184 0.0013522 0.5054209 0 255 0
-0.2403082 0.0027503 0.5473068 0 255 0
0.1970859 0.0049224 0.5061848 0 255 0
0.2847799 -0.0953481 0.5726409 0 255 0
0.2156661 -0.0432833 0.5136566 0 255 0
0.2311603 -0.0231106 0.4952011 0 255 0
-0.1540552 -0.0334487 0.4932206 0 255 0
-0.1660995 -0.0404863 0.5088422 0 255 0
-0.1469615 -0.0021722 0.4966298 0 255 0
-0.0986095 0.0026696 0.5312533 0 255 0
-0.1235260 0.0047796 0.4914934 0 255 0
0.1837225 0.0571940 0.4580582 0 255 0
0.2559787 -0.0080333 0.4982675 0 255 0
-0.0522729 -0.0603723 0.5051605 0 255 0
-0.1048604 -0.0596175 0.4799711 0 255 0
-0.1708607 -0.0900038 0.4983479 0 255 0
-0.1807696 0.0125607 0.5272493 0 255 0
0.2066717 0.0184599 0.4867925 0 255 0
0.3363174 0.0050694 0.5212932 0 255 0
0.1927903 0.0225390 0.5011940 0 255 0
0.2656113 -0.1138356 0.5991241 0 255 0
0.3200957 -0.0331659 0.5457830 0 255 0
0.2427395 -0.1032236 0.5947598 0 255 0
0.1900312 0.0348699 0.4765756 0 255 0
0.2839932 0.0363012 0.4961377 0 255 0
-0.2182801 0.0448206 0.5136086 0 255 0
-0.2271336 0.0177552 0.5344406 0 255 0
-0.2201763 0.0546468 0.5152252 0 255 0
0.2449647 0.0199308 0.4949154 0 255 0
0.2698185 -0.0173873 0.4979126 0 255 0
0.2865161 -0.0439816 0.5219443 0 255 0
0.2776424 0.0140653 0.4931298 0 255 0
0.2577282 -0.0174390 0.4993916 0 255 0
0.2626183 -0.0209755 0.4997764 0 255 0
-0.1733205 0.0087182 0.5197534 0 255 0
0.2653354 -0.1005282 0.5953501 0 255 0
-0.1951577 -0.0712824 0.5067755 0 255 0
-0.2063394 0.0640813 0.5230610 0 255 0
0.2263968 0.0239694 0.4825704 0 255 0
-0.1756834 0.0137888 0.5268392 0 255 0
0.3111709 -0.0964468 0.5792397 0 255 0
0.1818687 -0.0740506 0.5744358 0 255 0
-0.1656153 -0.0684877 0.5037371 0 255 0
-0.1040335 -0.0309302 0.5089916 0 255 0
0.2539200 -0.0962413 0.5947929 0 255 0
0.2010603 -0.0853932 0.5602955 0 255 0
-0.1347395 0.0173253 0.5215014 0 255 0
0.2188869 -0.0934109 0.5690370 0 255 0
-0.1249852 -0.0136062 0.4881822 0 255 0
0.2641578 0.0083208 0.4960597 0 255 0
0.2687185 -0.0291940 0.5206872 0 255 0
0.1693924 0.0774815 0.4570995 0 255 0
-0.1771253 -0.0118093 0.5096429 0 255 0
-0.2053597 0.0569830 0.5144565 0 255 0
0.1910879 -0.0704893 0.5468096 0 255 0
0.3310736 0.0087027 0.5188271 0 255 0
0.1739423 0.0546069 0.4635065 0 255 0
-0.1698195 -0.0694569 0.5021861 0 255 0
-0.0961733 -0.0466064 0.5530931 0 255 0
0.2837332 0.0644374 0.4799416 0 255 0
0.2999350 0.0261843 0.5033510 0 255 0
0.1912233 0.0458644 0.4632080 0 255 0
0.3195672 -0.0318308 0.5448817 0 255 0
0.3158205 -0.0453820 0.5540113 0 255 0
-0.1815049 0.0333028 0.5222445 0 255 0
0.2966241 -0.0316197 0.5203372 0 255 0
0.2276644 -0.0368491 0.5081497 0 255 0
-0.1883369 0.0100905 0.5276503 0 255 0
-0.2327626 0.0213486 0.5301216 0 255 0
-0.1371269 -0.0749891 0.5076846 0 255 0
0.3261673 -0.0426015 0.5517200 0 255 0
0.3513092 -0.0262155 0.5348036 0 255 0
0.2911319 -0.0578947 0.5372435 0 255 0
-0.1579471 -0.0782578 0.5056808 0 255 0
0.2357454 -0.0102578 0.4926397 0 255 0
-0.1323406 -0.0309252 0.4899642 0 255 0
-0.1308790 -0.0894280 0.4888000 0 255 0
-0.1725872 -0.0486649 0.5068532 0 255 0
-0.1655338 0.0137673 0.5260180 0 255 0
0.2390464 0.0024738 0.4922949 0 255 0
-0.1445914 -0.0137273 0.4925265 0 255 0
-0.1356014 0.0248355 0.5248373 0 255 0
-0.1389726 -0.0723237 0.5057299 0 255 0
-0.2123683 -0.0403037 0.5383440 0 255 0
-0.1553385 -0.0722074 0.5049166 0 255 0
-0.1965021 -0.0618049 0.5071757 0 255 0
0.2068921 0.0365320 0.4691581 0 255 0
-0.2083192 0.0423422 0.5128256 0 255 0
-0.1111310 -0.0315895 0.5198413 0 255 0
-0.1727348 -0.0394424 0.5108072 0 255 0
-0.1706042 -0.0740061 0.5010295 0 255 0
0.2868245 0.0106292 0.4949956 0 255 0
0.2276185 0.0047658 0.4900776 0 255 0
-0.0706657 -0.0531170 0.5274084 0 255 0
-0.1443814 -0.0762379 0.5080571 0 255 0
-0.2450335 0.0040295 0.5463871 0 255 0
0.3064780 -0.0046484 0.5123138 0 255 0
-0.1354868 -0.0262613 0.4888696 0 255 0
-0.1790022 -0.0395028 0.5115890 0 255 0
-0.1379357 -0.0594814 0.4977056 0 255 0
-0.2181506 -0.0263245 0.5370278 0 255 0
-0.1177562 -0.0700684 0.4820396 0 255 0
-0.1582388 -0.0301071 0.4954470 0 255 0
-0.1804937 -0.0666863 0.4991131 0 255 0
0.3311512 0.0001696 0.5208644 0 255 0
-0.2227706 0.0354972 0.5184488 0 255 0
-0.1144871 -0.0891693 0.4873861 0 255 0
0.1684092 0.0682862 0.4602762 0 255 0
0.2918825 -0.0465089 0.5227805 0 255 0
0.2645336 0.0187554 0.4945857 0 255 0
-0.1609542 -0.0856494 0.5002730 0 255 0
-0.1943641 -0.0449978 0.5340031 0 255 0
-0.1990826 0.0319462 0.5201370 0 255 0
0.2627974 0.0129736 0.4956897 0 255 0
0.2024893 -0.0796546 0.5569922 0 255 0
-0.1037575 -0.0471175 0.4907372 0 255 0
0.3596124 -0.0273400 0.5322320 0 255 0
-0.2491267 0.0313378 0.5305278 0 255 0
0.3124690 -0.0566023 0.5620146 0 255 0
-0.2061670 0.0608477 0.5164788 0 255 0
-0.1425314 -0.0711345 0.5057235 0 255 0
0.2226912 0.0059393 0.4918961 0 255 0
-0.2098412 -0.0453635 0.5383433 0 255 0
-0.2413834 -0.0101013 0.5468327 0 255 0
0.1721298 0.0626601 0.4586767 0 255 0
-0.1405381 0.0334085 0.5439447 0 255 0
-0.2131663 -0.0035905 0.5340130 0 255 0
0.2043984 0.0025167 0.5008166 0 255 0
-0.1344989 -0.0079592 0.4936657 0 255 0
0.2849408 -0.0092332 0.4998423 0 255 0
0.2646256 0.0344333 0.4862241 0 255 0
-0.1961621 0.0413653 0.5156686 0 255 0
-0.1555765 -0.0746945 0.5056904 0 255 0
-0.1128532 -0.0500143 0.4852788 0 255 0
0.2606590 -0.0138875 0.4982731 0 255 0
0.2596923 -0.0246662 0.5031974 0 255 0
0.2715459 -0.0126790 0.4967971 0 255 0
0.2091710 -0.0583085 0.5184730 0 255 0
0.1885187 0.0489918 0.4619083 0 255 0
-0.2420447 0.0151563 0.5313803 0 255 0
0.1816415 0.0654421 0.4555352 0 255 0
-0.0992582 -0.0558983 0.4970422 0 255 0
-0.0639728 -0.0505026 0.5134281 0 255 0
0.2852530 -0.0045216 0.4983385 0 255 0
0.2771010 0.0071288 0.4942283 0 255 0
0.2603490 -0.0488042 0.5210561 0 255 0
-0.0952782 -0.0291487 0.5198792 0 255 0
0.2505890 -0.0648960 0.5652393 0 255 0
-0.1302727 -0.0590743 0.5042130 0 255 0
-0.1151582 -0.0687355 0.4806392 0 255 0
-0.2446666 0.0347974 0.5262902 0 255 0
0.2420264 -0.0339662 0.5008526 0 255 0
-0.1808715 0.0511838 0.5169314 0 255 0
-0.0947936 0.0001729 0.5308297 0 255 0
0.2728178 -0.1077189 0.5964355 0 255 0
0.3046076 -0.1051632 0.5822849 0 255 0
-0.1832922 0.0426799 0.5169156 0 255 0
0.2825874 -0.0258905 0.5040138 0 255 0
-0.1831767 -0.0275679 0.5131933 0 255 0
-0.2112341 -0.0548147 0.5200012 0 255 0
-0.1164716 -0.0231306 0.5219055 0 255 0
0.2965927 0.0001640 0.5036932 0 255 0
0.2211874 -0.0304795 0.5015747 0 255 0
0.2425211 -0.1017345 0.5942246 0 255 0
-0.1638880 -0.0497427 0.5057030 0 255 0
0.2660372 0.0563735 0.4785010 0 255 0
-0.1488288 0.0233586 0.5194173 0 255 0
0.2620002 0.0267503 0.4920079 0 255 0
-0.1034132 -0.0022650 0.5178486 0 255 0
0.3209413 -0.0553781 0.5629944 0 255 0
-0.0516840 -0.0514704 0.5110595 0 255 0
0.2732923 0.0300636 0.4894841 0 255 0
0.2026237 -0.0481005 0.5267576 0 255 0
0.2096326 0.0301534 0.4728563 0 255 0
0.2801450 0.0632624 0.4795836 0 255 0
-0.1654276 -0.0080548 0.4996000 0 255 0
0.3334352 -0.0134845 0.5283576 0 255 0
0.2416420 -0.0068209 0.4952467 0 255 0
0.2085207 0.0279309 0.4728511 0 255 0
0.2741049 -0.0917869 0.5756229 0 255 0
0.2200038 -0.0282728 0.5042579 0 255 0
0.2779969 -0.0433367 0.5290426 0 255 0
0.3188729 -0.0022691 0.5187868 0 255 0
0.3476918 -0.0275834 0.5369703 0 255 0
0.2169845 0.0160898 0.4843120 0 255 0
-0.1806290 0.0224544 0.5268391 0 255 0
-0.1779431 -0.0347219 0.5119960 0 255 0
0.2622819 0.0540451 0.4777971 0 255 0
-0.1422815 -0.0125702 0.4925330 0 255 0
-0.2163624 -0.0237428 0.5357207 0 255 0
-0.1999451 -0.0085268 0.5288761 0 255 0
-0.1645537 -0.0068445 0.4969609 0 255 0
-0.1088668 -0.0230763 0.5206820 0 255 0
-0.1624474 -0.0615293 0.5049142 0 255 0
0.1739212 0.0625301 0.4577254 0 255 0
-0.1694213 -0.0626654 0.5045097 0 255 0
0.2450865 0.0517204 0.4770656 0 255 0
0.2363185 0.0323346 0.4890406 0 255 0
-0.2080865 0.0364874 0.5152293 0 255 0
0.3355617 -0.0510208 0.5587386 0 255 0
0.2445171 -0.0103353 0.4963644 0 255 0
0.2432044 -0.0316128 0.5008581 0 255 0
-0.1583595 -0.0266349 0.4958250 0 255 0
0.2253451 -0.0207830 0.4951912 0 255 0
-0.1356564 -0.0091191 0.4936617 0 255 0
0.2337770 -0.0160693 0.4933654 0 255 0
-0.1769835 -0.0225690 0.5092349 0 255 0
0.3611051 -0.0315497 0.5400687 0 255 0
0.2117196 0.0071535 0.4959408 0 255 0
-0.1845209 -0.0554648 0.5037116 0 255 0
0.2475524 -0.0833733 0.5735709 0 255 0
-0.1707446 0.0112321 0.5230722 0 255 0
-0.1566145 -0.0056429 0.4939910 0 255 0
-0.1961678 0.0534837 0.5156837 0 255 0
0.1936715 0.0212003 0.4974153 0 255 0
-0.0902232 -0.0513733 0.5484847 0 255 0
-0.2058994 -0.0085680 0.5314304 0 255 0
0.2431251 0.0418723 0.4798235 0 255 0
0.2153226 -0.0805434 0.5632070 0 255 0
-0.1831514 0.0499293 0.5165185 0 255 0
0.2587579 -0.0675501 0.5543218 0 255 0
-0.1876626 0.0379694 0.5189371 0 255 0
0.2635483 0.0244747 0.4927435 0 255 0
0.1691571 0.0741562 0.4564644 0 255 0
0.2234331 0.0475614 0.4692117 0 255 0
0.3361873 -0.0147379 0.5287855 0 255 0
-0.2038934 -0.0261127 0.5327061 0 255 0
-0.2030123 0.0609924 0.5177068 0 255 0
-0.1934448 0.0175436 0.5280724 0 255 0
0.2461920 -0.0427233 0.5070107 0 255 0
0.2645669 -0.0185989 0.4990273 0 255 0
0.2813251 0.0082779 0.4934996 0 255 0
-0.2160171 -0.0123938 0.5348656 0 255 0
0.2196843 -0.0255901 0.4981663 0 255 0
0.2485454 0.0312798 0.4905207 0 255 0
0.1740893 0.0509299 0.4697738 0 255 0
-0.2079977 0.0152200 0.5336139 0 255 0
-0.1118633 0.0013410 0.5012561 0 255 0
0.2951817 -0.0022014 0.5033030 0 255 0
0.1979465 0.0131476 0.5023395 0 255 0
0.2877782 0.0199197 0.4946380 0 255 0
0.2937301 -0.1087820 0.5796957 0 255 0
0.1747691 0.0585119 0.4599570 0 255 0
-0.1953171 0.0644951 0.5264383 0 255 0
-0.1472203 0.0382670 0.5403585 0 255 0
0.2831891 -0.0939207 0.5721421 0 255 0
0.3536457 -0.0248584 0.5326517 0 255 0
0.1828516 0.0412309 0.4724739 0 255 0
0.2851359 0.0036587 0.4960999 0 255 0
-0.1080671 0.0072915 0.5055090 0 255 0
-0.1208995 -0.0842744 0.4855772 0 255 0
-0.1892238 -0.0546150 0.5068092 0 255 0
0.2844745 -0.1140667 0.5858502 0 255 0
0.1943056 -0.0763892 0.5523082 0 255 0
0.2261546 0.0001602 0.4918966 0 255 0
0.2814236 -0.0010034 0.4957132 0 255 0
0.2274286 -0.0726702 0.5637281 0 255 0
0.2738995 0.0255195 0.4905716 0 255 0
0.3367853 -0.0109491 0.5258442 0 255 0
-0.1971900 -0.0425572 0.5348697 0 255 0
-0.2238139 0.0066144 0.5478044 0 255 0
-0.1778041 -0.0358969 0.5115961 0 255 0
0.1806326 0.0423408 0.4724704 0 255 0
-0.1386818 -0.0981188 0.4920646 0 255 0
0.2319581 -0.0429518 0.5097232 0 255 0
-0.1818798 -0.0553805 0.5029461 0 255 0
-0.1790090 -0.0238763 0.5116083 0 255 0
-0.1039739 0.0013768 0.5146089 0 255 0
0.3251650 -0.0304759 0.5435513 0 255 0
-0.1908554 -0.0745679 0.5048330 0 255 0
0.2075821 -0.0612110 0.5331426 0 255 0
-0.1456968 0.0086713 0.5169545 0 255 0
0.2556498 0.0301505 0.4908999 0 255 0
0.3371582 -0.0263849 0.5382602 0 255 0
0.2562967 -0.0337395 0.5153664 0 255 0
-0.0987080 -0.0583867 0.4885459 0 255 0
0.1818825 0.0511254 0.4615731 0 255 0
0.2438760 -0.0401551 0.5046802 0 255 0
0.2303239 -0.0838395 0.5676031 0 255 0
-0.1746715 0.0475033 0.5165342 0 255 0
0.2044179 -0.0560186 0.5314221 0 255 0
-0.2233754 0.0177555 0.5344516 0 255 0
-0.1210373 -0.0021465 0.4907564 0 255 0
0.2026039 -0.0284886 0.5081066 0 255 0
-0.1847033 -0.0728245 0.5009999 0 255 0
0.2976578 0.0212904 0.4995295 0 255 0
-0.1357862 -0.0343781 0.4899498 0 255 0
-0.2310307 0.0309156 0.5233796 0 255 0
-0.1124867 -0.0450788 0.4936667 0 255 0
0.2911846 -0.0081019 0.5025201 0 255 0
0.2800843 0.0313310 0.4913230 0 255 0
-0.1270854 -0.0170220 0.4874492 0 255 0
0.3423329 -0.0343662 0.5444815 0 255 0
-0.1205445 -0.0806141 0.4841514 0 255 0
0.3133413 -0.0223336 0.5321369 0 255 0
0.1810516 0.0501106 0.4622170 0 255 0
0.2316010 -0.0404940 0.5089385 0 255 0
0.2121445 -0.0068820 0.4996832 0 255 0
0.1966389 0.0273276 0.4818042 0 255 0
0.2889614 0.0489803 0.4946765 0 255 0
-0.1527874 -0.0241597 0.4928649 0 255 0
0.3084795 -0.0773957 0.5692561 0 255 0
-0.1793832 -0.0565194 0.5025653 0 255 0
-0.1443739 -0.0171734 0.4917855 0 255 0
-0.1317535 -0.0250572 0.4877908 0 255 0
-0.1647670 -0.0910389 0.4976049 0 255 0
-0.0896047 -0.0641758 0.4889221 0 255 0
0.2795127 0.0556966 0.4823770 0 255 0
0.2591237 -0.0412630 0.5186036 0 255 0
0.2861244 -0.0966939 0.5726421 0 255 0
0.2506199 0.0431268 0.4812414 0 255 0
-0.1883841 -0.0108469 0.5209324 0 255 0
0.1942372 0.0274677 0.4842737 0 255 0
0.2691012 -0.1093164 0.5975072 0 255 0
0.3310357 -0.0160314 0.5304733 0 255 0
0.3378371 -0.0413071 0.5517471 0 255 0
0.2068997 -0.0272323 0.5069451 0 255 0
-0.1983666 0.0260620 0.5247008 0 255 0
-0.1408030 -0.0452430 0.4954652 0 255 0
-0.2405212 0.0102031 0.5335334 0 255 0
0.1871887 -0.0689810 0.5660636 0 255 0
-0.1045444 -0.0071265 0.5174324 0 255 0
-0.2194633 0.0320705 0.5221595 0 255 0
0.2047329 0.0129799 0.4959327 0 255 0
-0.0906155 -0.0159645 0.5282597 0 255 0
-0.1151204 -0.0819345 0.4852342 0 255 0
-0.1090448 -0.0616914 0.4785615 0 255 0
-0.1209839 -0.0242793 0.5202417 0 255 0
0.2094400 -0.0320216 0.5073350 0 255 0
0.2757337 0.0082839 0.4938568 0 255 0
-0.1286877 -0.0711080 0.4891915 0 255 0
-0.1516311 -0.0253179 0.4928661 0 255 0
-0.2167408 -0.0534276 0.5304923 0 255 0
0.2742468 -0.0807694 0.5647870 0 255 0
0.3008871 0.0249825 0.5029679 0 255 0
-0.2064057 0.0249076 0.5263606 0 255 0
-0.2079032 -0.0338689 0.5366022 0 255 0
0.2305836 -0.0405251 0.5093294 0 255 0
-0.1201227 -0.0604965 0.4870480 0 255 0
0.2591093 0.0289974 0.4909061 0 255 0
0.2358360 -0.0415941 0.5077703 0 255 0
-0.2109477 -0.0617052 0.5163133 0 255 0
0.2178387 -0.0244749 0.4992955 0 255 0
-0.1617109 0.0062513 0.5177310 0 255 0
0.2054109 -0.0600550 0.5340034 0 255 0
-0.1334326 0.0284139 0.5462113 0 255 0
-0.1202803 -0.0758968 0.4830900 0 255 0
-0.2257646 0.0320952 0.5225626 0 255 0
-0.1174149 -0.0279689 0.5206571 0 255 0
-0.1499290 0.0245596 0.5190061 0 255 0
0.2914111 0.0141721 0.4968738 0 255 0
0.2269942 -0.0137607 0.4937228 0 255 0
-0.1013657 0.0026439 0.5261453 0 255 0
0.2385248 0.0243990 0.4912209 0 255 0
-0.2074386 0.0387876 0.5136250 0 255 0
-0.1428224 -0.0537147 0.4984546 0 255 0
0.2738234 0.0082962 0.4945931 0 255 0
0.2220116 0.0494498 0.4662265 0 255 0
-0.2368798 0.0285689 0.5254560 0 255 0
-0.1418898 -0.0749875 0.5076741 0 255 0
-0.1498090 0.0196657 0.5185908 0 255 0
-0.2277772 0.0474550 0.5160090 0 255 0
0.2770422 0.0545226 0.4820178 0 255 0
-0.1629282 -0.0866261 0.4991270 0 255 0
0.2709944 -0.1137344 0.5985917 0 255 0
0.1996172 -0.0872283 0.5636463 0 255 0
0.2181792 0.0348998 0.4769845 0 255 0
0.2422477 -0.0762360 0.5705879 0 255 0
-0.1091156 -0.0521414 0.4838553 0 255 0
-0.1176564 -0.0844004 0.4863029 0 255 0
0.2987383 0.0072600 0.5033250 0 255 0
0.3233006 -0.0264915 0.5404347 0 255 0
0.2181897 -0.0150327 0.4974242 0 255 0
0.2581082 -0.0806113 0.5730986 0 255 0
-0.2312674 0.0152681 0.5352996 0 255 0
0.2964531 -0.1101449 0.5796999 0 255 0
-0.1947413 -0.0539643 0.5119337 0 255 0
-0.0669077 -0.0702395 0.4993610 0 255 0
-0.1265846 0.0221441 0.5498741 0 255 0
-0.1548436 -0.0965229 0.4957446 0 255 0
-0.1345343 -0.0630379 0.4980860 0 255 0
0.2329945 -0.0758393 0.5676188 0 255 0
-0.2426317 0.0126898 0.5326690 0 255 0
0.2352005 -0.0525959 0.5222347 0 255 0
0.2560940 -0.0790581 0.5716048 0 255 0
0.1877047 -0.0642246 0.5481722 0 255 0
-0.1186379 -0.0218520 0.5206620 0 255 0
0.2506292 -0.1064053 0.5969289 0 255 0
-0.1015833 -0.0827541 0.4970038 0 255 0
-0.0773481 -0.0559527 0.5307969 0 255 0
-0.1484110 -0.0872482 0.5096111 0 255 0
0.2424564 0.0187536 0.4945373 0 255 0
0.2579464 0.0152913 0.4953098 0 255 0
0.3098110 -0.0919600 0.5767083 0 255 0
0.3171174 -0.0809113 0.5752313 0 255 0
-0.2257079 0.0402430 0.5168166 0 255 0
-0.1769767 0.0562900 0.5307174 0 255 0
-0.1209432 -0.0148196 0.4903748 0 255 0
-0.1771501 -0.0480664 0.5131796 0 255 0
-0.1431421 -0.0044959 0.4955120 0 255 0
0.3481554 -0.0343104 0.5435969 0 255 0
-0.1502480 0.0358449 0.5421317 0 255 0
-0.1685233 -0.0900047 0.4983531 0 255 0
-0.1806859 -0.0459413 0.5164009 0 255 0
-0.2001067 -0.0072900 0.5293035 0 255 0
0.2909748 0.0176482 0.4961300 0 255 0
-0.2217747 0.0103212 0.5397133 0 255 0
0.2788152 0.0632161 0.4792324 0 255 0
0.2922894 -0.1147331 0.5822460 0 255 0
0.3227644 -0.0412013 0.5503331 0 255 0
0.1739123 0.0674875 0.4548925 0 255 0
0.2317190 -0.0910563 0.5710410 0 255 0
0.3318119 -0.0482312 0.5568468 0 255 0
-0.1381886 -0.0309473 0.4903143 0 255 0
-0.0798625 -0.0526205 0.5480516 0 255 0
-0.0560877 -0.0558816 0.5074971 0 255 0
0.3105875 0.0240953 0.5091954 0 255 0
-0.1103267 -0.0662847 0.4792509 0 255 0
-0.1420593 0.0086714 0.5169626 0 255 0
0.2766706 -0.0344696 0.5265187 0 255 0
0.2154694 -0.0917559 0.5670720 0 255 0
-0.0649116 -0.0576412 0.5020503 0 255 0
-0.0830917 -0.0725420 0.4911178 0 255 0
0.2318514 0.0418699 0.4797963 0 255 0
-0.1542857 -0.0358201 0.4939587 0 255 0
-0.2107626 -0.0364496 0.5374711 0 255 0
-0.1097516 -0.0364292 0.5023592 0 255 0
0.2205003 -0.0370480 0.5108922 0 255 0
-0.1419750 -0.0573586 0.4995890 0 255 0
-0.1625406 0.0050228 0.5165067 0 255 0
-0.1176972 -0.0182253 0.5219089 0 255 0
0.1950289 0.0489933 0.4619225 0 255 0
-0.2098400 -0.0478932 0.5383401 0 255 0
-0.1269194 -0.0591659 0.5049953 0 255 0
0.2842422 -0.0749510 0.5609707 0 255 0
-0.1626803 -0.0888363 0.4983674 0 255 0
-0.1032521 0.0038131 0.5170419 0 255 0
0.2159684 -0.0652348 0.5353217 0 255 0
0.3263120 -0.0160440 0.5308898 0 255 0
0.2598833 0.0024964 0.4967903 0 255 0
0.2061826 -0.0320706 0.5081100 0 255 0
0.2499386 -0.0045175 0.4978824 0 255 0
0.2925097 0.0083659 0.4987471 0 255 0
0.2030268 -0.0621141 0.5410085 0 255 0
-0.0584690 -0.0546884 0.5074907 0 255 0
-0.1696889 -0.0717617 0.5017999 0 255 0
-0.1789132 -0.0457978 0.5147874 0 255 0
-0.0690417 -0.0665173 0.4978484 0 255 0
0.2663085 -0.0342494 0.5231543 0 255 0
0.3188857 -0.0399076 0.5503262 0 255 0
-0.1793827 -0.0577002 0.5025639 0 255 0
0.2093051 -0.0468295 0.5128390 0 255 0
0.2245181 -0.0231447 0.4959314 0 255 0
-0.1993408 -0.0643362 0.5083442 0 255 0
0.2854882 -0.1186176 0.5879377 0 255 0
0.2108124 -0.0816557 0.5617550 0 255 0
0.2178049 0.0557862 0.4642565 0 255 0
0.1986117 0.0176144 0.4951800 0 255 0
0.1928309 -0.0864195 0.5670290 0 255 0
0.2140063 -0.0045236 0.4985566 0 255 0
0.2261020 0.0573232 0.4678985 0 255 0
0.3063119 0.0191172 0.5041254 0 255 0
-0.1161809 -0.0545336 0.4849078 0 255 0
0.2289727 -0.0102651 0.4929932 0 255 0
0.2661620 -0.0543897 0.5277326 0 255 0
0.2872846 -0.0475854 0.5211166 0 255 0
-0.1698171 -0.0509295 0.5056885 0 255 0
0.2235136 0.0070846 0.4911666 0 255 0
-0.1633753 -0.0744627 0.5041211 0 255 0
0.2123019 -0.0139371 0.5000538 0 255 0
-0.0966978 -0.0669721 0.4842207 0 255 0
-0.1896046 -0.0132948 0.5209267 0 255 0
-0.1186382 -0.0206287 0.5206636 0 255 0
0.2272019 0.0584231 0.4679023 0 255 0
0.2180231 -0.0185250 0.4970446 0 255 0
-0.1911367 0.0260836 0.5251361 0 255 0
-0.1256858 -0.0469812 0.5144998 0 255 0
0.2833072 -0.0881620 0.5696796 0 255 0
0.2611889 0.0411066 0.4840843 0 255 0
0.1868214 0.0571554 0.4577494 0 255 0
-0.1057292 0.0097801 0.5114157 0 255 0
0.3533115 -0.0326840 0.5378518 0 255 0
-0.1659364 0.0249519 0.5272972 0 255 0
0.2348578 0.0387984 0.4836689 0 255 0
0.3252881 -0.0371675 0.5480570 0 255 0
0.3349196 -0.0829664 0.5998626 0 255 0
-0.0930784 -0.0329736 0.5426181 0 255 0
-0.1351040 0.0123452 0.5182052 0 255 0
0.2110150 -0.0235868 0.5054039 0 255 0
0.2103731 0.0577225 0.4622906 0 255 0
0.3362506 -0.0084645 0.5250093 0 255 0
-0.1410972 -0.0935640 0.4924338 0 255 0
-0.1053950 -0.0723905 0.4824178 0 255 0
-0.0974856 -0.0744001 0.4881659 0 255 0
0.2609648 -0.0763920 0.5618743 0 255 0
0.2556382 -0.0806807 0.5735919 0 255 0
-0.2047148 0.0483687 0.5128410 0 255 0
-0.1585711 -0.0931677 0.4964875 0 255 0
0.1942963 -0.0676961 0.5450105 0 255 0
-0.1905123 0.0224535 0.5268173 0 255 0
-0.1119435 -0.0552665 0.4813671 0 255 0
0.3267109 -0.0317794 0.5440013 0 255 0
-0.1388790 -0.0657755 0.5011095 0 255 0
0.2436176 0.0175916 0.4945385 0 255 0
0.2029159 -0.0309240 0.5088889 0 255 0
-0.1142017 -0.0317650 0.5227284 0 255 0
-0.1706249 0.0379721 0.5189746 0 255 0
-0.1235409 -0.0890996 0.4870050 0 255 0
0.1861801 -0.0677673 0.5670375 0 255 0
0.2583238 -0.0661365 0.5533918 0 255 0
-0.2027808 0.0412346 0.5140401 0 255 0
-0.1710251 0.0321793 0.5239317 0 255 0
-0.1655509 -0.0139349 0.4999726 0 255 0
-0.2024001 0.0656251 0.5255820 0 255 0
0.2362716 -0.0773737 0.5690949 0 255 0
-0.2117644 0.0483295 0.5124254 0 255 0
0.2015134 -0.0920679 0.5690005 0 255 0
-0.2117347 -0.0186323 0.5335637 0 255 0
-0.2002548 0.0644937 0.5264274 0 255 0
0.2417500 -0.0639613 0.5570977 0 255 0
0.2322565 -0.0867312 0.5690745 0 255 0
0.2039405 0.0552767 0.4600169 0 255 0
0.3464298 -0.0275833 0.5369675 0 255 0
0.2005949 0.0490289 0.4622585 0 255 0
-0.1711709 0.0451117 0.5169452 0 255 0
0.2966945 -0.0841513 0.5697140 0 255 0
0.1976468 -0.0649748 0.5436719 0 255 0
-0.0571017 -0.0592753 0.5059286 0 255 0
-0.1251794 -0.0795336 0.4844995 0 255 0
0.2596883 0.0036610 0.4964175 0 255 0
-0.2133296 -0.0236853 0.5344223 0 255 0
-0.1578275 -0.0734492 0.5052980 0 255 0
-0.1785942 -0.0190236 0.5104227 0 255 0
-0.1309015 -0.0430839 0.5112907 0 255 0
0.2008357 -0.0285763 0.5096716 0 255 0
-0.0843090 -0.0622038 0.4914951 0 255 0
-0.0906177 -0.0606394 0.4881980 0 255 0
-0.1036798 -0.0482345 0.4903699 0 255 0
-0.0832162 -0.0714950 0.4918538 0 255 0
0.3063494 -0.0745272 0.5677841 0 255 0
0.2506846 -0.0821698 0.5745796 0 255 0
0.3223736 -0.0059684 0.5224875 0 255 0
0.2333082 0.0480073 0.4736106 0 255 0
0.2373708 0.0243989 0.4912184 0 255 0
-0.2249096 0.0040366 0.5473422 0 255 0
-0.1681973 -0.0034645 0.5152686 0 255 0
-0.1657560 0.0343143 0.5189834 0 255 0
-0.2243203 -0.0074760 0.5428082 0 255 0
0.1977115 0.0571981 0.4580912 0 255 0
0.2583326 0.0118174 0.4960513 0 255 0
-0.0875037 -0.0538615 0.5475767 0 255 0
-0.2055217 0.0594475 0.5148623 0 255 0
0.3092842 -0.0745923 0.5682800 0 255 0
-0.2388289 0.0078880 0.5468606 0 255 0
-0.1014089 -0.0356314 0.5078119 0 255 0
0.2951692 -0.0730643 0.5667851 0 255 0
0.2315051 -0.0289717 0.4959396 0 255 0
-0.1837911 -0.0059603 0.5217760 0 255 0
0.3380765 0.0038506 0.5221205 0 255 0
-0.0971268 -0.0023180 0.5299656 0 255 0
-0.2073125 -0.0098246 0.5318561 0 255 0
0.2278060 -0.0449832 0.5193474 0 255 0
0.2201922 -0.0185112 0.4966749 0 255 0
-0.2109981 0.0353594 0.5164366 0 255 0
-0.1878493 0.0511019 0.5161040 0 255 0
0.2292417 0.0093444 0.4886343 0 255 0
-0.2167429 0.0555971 0.5128235 0 255 0
-0.0918317 -0.0583885 0.4885610 0 255 0
0.2804483 -0.0198178 0.5001984 0 255 0
-0.1057885 -0.0521806 0.4842190 0 255 0
-0.1660686 0.0224918 0.5277174 0 255 0
0.3304825 -0.0580752 0.5634930 0 255 0
-0.1492109 -0.0160415 0.4925135 0 255 0
0.2583461 -0.0902466 0.5921401 0 255 0
0.3341267 -0.0010560 0.5216930 0 255 0
-0.2008434 -0.0644355 0.5091290 0 255 0
0.3317419 -0.0224804 0.5356337 0 255 0
0.2159568 -0.0234793 0.5031005 0 255 0
0.2478958 0.0222071 0.4938130 0 255 0
0.2591031 -0.0259077 0.5043492 0 255 0
-0.1085317 -0.0809764 0.4863272 0 255 0
0.2323160 -0.0580082 0.5268105 0 255 0
-0.2266498 0.0090454 0.5392578 0 255 0
0.1853121 0.0541153 0.4593340 0 255 0
0.3043518 0.0001657 0.5087596 0 255 0
-0.1328873 -0.0429501 0.5097027 0 255 0
0.1955616 0.0615038 0.4580918 0 255 0
-0.1955952 -0.0084996 0.5271878 0 255 0
0.2536666 0.0507481 0.4784670 0 255 0
0.2373556 -0.0009942 0.4911869 0 255 0
-0.1114521 -0.0617807 0.4792540 0 255 0
0.2429881 -0.0068261 0.4956219 0 255 0
-0.1935990 0.0248493 0.5251292 0 255 0
0.2085554 -0.0080989 0.5023365 0 255 0
0.2819493 -0.0103840 0.4987007 0 255 0
-0.1806283 -0.0287516 0.5127968 0 255 0
-0.2035117 0.0471638 0.5128421 0 255 0
-0.0986300 -0.0095734 0.5182582 0 255 0
-0.2232124 -0.0112465 0.5401272 0 255 0
-0.1917474 -0.0685321 0.5040635 0 255 0
-0.1755213 0.0345584 0.5226746 0 255 0
0.2910368 -0.0164927 0.5063668 0 255 0
0.2082526 -0.0759232 0.5584259 0 255 0
0.2421746 -0.0574144 0.5214178 0 255 0
-0.1519983 0.0099013 0.5177568 0 255 0
-0.1591673 -0.0137884 0.4947191 0 255 0
-0.1050881 -0.0687890 0.4810131 0 255 0
0.2349937 0.0300137 0.4886724 0 255 0
0.2423867 -0.0983217 0.5904999 0 255 0
-0.1991659 0.0436513 0.5140511 0 255 0
-0.1894370 -0.0059839 0.5238439 0 255 0
-0.1920448 -0.0627071 0.5048451 0 255 0
-0.0750320 -0.0502554 0.5503564 0 255 0
-0.1594085 0.0074738 0.5181457 0 255 0
-0.1632649 -0.0068394 0.4965882 0 255 0
-0.1785388 0.0309718 0.5243317 0 255 0
-0.1023685 -0.0803713 0.4896024 0 255 0
0.2141558 -0.1009353 0.5815748 0 255 0
-0.1084398 -0.0144551 0.5186394 0 255 0
0.2220269 0.0127697 0.4878997 0 255 0
0.2278643 0.0240046 0.4832809 0 255 0
0.2312286 0.0408314 0.4808429 0 255 0
-0.2174125 0.0412641 0.5144078 0 255 0
0.2208983 0.0338526 0.4780238 0 255 0
-0.0400973 -0.0519983 0.5163007 0 255 0
0.2182669 0.0569977 0.4652412 0 255 0
-0.1021990 0.0001686 0.5178542 0 255 0
-0.0688849 -0.0687005 0.4967175 0 255 0
0.2314590 -0.0811030 0.5671203 0 255 0
0.2071411 -0.0128790 0.5046349 0 255 0
-0.0800535 -0.0740842 0.4937046 0 255 0
0.2281694 0.0509430 0.4698947 0 255 0
0.2831807 -0.0797185 0.5667506 0 255 0
-0.1658065 -0.0956418 0.4972202 0 255 0
-0.0874411 -0.0631217 0.4896566 0 255 0
0.2313373 -0.0513275 0.5218143 0 255 0
-0.1672306 -0.0175123 0.5014909 0 255 0
0.2038570 -0.0370739 0.5112492 0 255 0
0.2807348 -0.1030577 0.5781486 0 255 0
0.2210445 0.0127791 0.4882588 0 255 0
0.3317571 -0.0072135 0.5237507 0 255 0
-0.1244078 -0.0854769 0.4859271 0 255 0
0.2795101 -0.0985504 0.5756264 0 255 0
-0.1861079 0.0332493 0.5214055 0 255 0
0.2376097 -0.0747001 0.5691012 0 255 0
-0.1443983 -0.0441115 0.4958326 0 255 0
0.2748902 -0.0857786 0.5716376 0 255 0
-0.1979627 -0.0386925 0.5335691 0 255 0
0.2652997 0.0222088 0.4938511 0 255 0
0.2754611 -0.1180622 0.5991405 0 255 0
-0.1603294 -0.0091387 0.4947224 0 255 0
-0.1868056 0.0212158 0.5268239 0 255 0
0.2742918 -0.0162055 0.4975483 0 255 0
0.2996792 -0.0745253 0.5677695 0 255 0
-0.2052186 -0.0351014 0.5361685 0 255 0
0.2606620 0.0094863 0.4960535 0 255 0
0.1858671 -0.0677765 0.5784888 0 255 0
0.2022944 -0.0410915 0.5164491 0 255 0
-0.2036668 -0.0526230 0.5225031 0 255 0
0.2102226 0.0522537 0.4619598 0 255 0
0.2331445 0.0138963 0.4872046 0 255 0
-0.1895887 -0.0047568 0.5242632 0 255 0
-0.2347614 0.0189182 0.5318313 0 255 0
0.2618237 0.0036583 0.4960488 0 255 0
0.2721547 -0.1108218 0.5980544 0 255 0
0.2080089 -0.0104916 0.5038682 0 255 0
0.2814023 -0.0270746 0.5040097 0 255 0
0.3487590 -0.0410685 0.5485594 0 255 0
-0.1131759 -0.0126763 0.4966911 0 255 0
0.1779737 0.0592222 0.4570981 0 255 0
-0.1686137 0.0450768 0.5165445 0 255 0
0.1891082 0.0321134 0.4856952 0 255 0
-0.1109422 0.0048857 0.5024118 0 255 0
-0.2178011 -0.0136838 0.5361674 0 255 0
-0.2488736 -0.0011059 0.5463723 0 255 0
0.3459895 -0.0097295 0.5267053 0 255 0
0.2620970 -0.0641977 0.5371694 0 255 0
-0.1371787 0.0013471 0.5035016 0 255 0
0.2112967 0.0172274 0.4843010 0 255 0
0.2795121 -0.0045045 0.4964508 0 255 0
-0.1514077 -0.0160294 0.4921398 0 255 0
-0.2492859 -0.0049656 0.5472775 0 255 0
0.2663093 -0.0330202 0.5231559 0 255 0
-0.1788239 -0.0845964 0.5009983 0 255 0
0.3286321 0.0050453 0.5188172 0 255 0
-0.2015118 -0.0035617 0.5297318 0 255 0
0.2225612 -0.0383972 0.5128784 0 255 0
0.1994934 0.0312407 0.4724966 0 255 0
-0.1931569 0.0633600 0.5272865 0 255 0
-0.0446974 -0.0529195 0.5134675 0 255 0
0.2294740 0.0456821 0.4725815 0 255 0
0.2487177 0.0386591 0.4819323 0 255 0
0.2198204 -0.1004056 0.5785230 0 255 0
-0.0893860 -0.0586030 0.5210921 0 255 0
-0.0874390 -0.0723245 0.4896452 0 255 0
0.2623754 0.0289764 0.4905507 0 255 0
-0.1411204 -0.0500124 0.4965819 0 255 0
0.3460224 -0.0329514 0.5422534 0 255 0
-0.2403869 0.0334808 0.5250358 0 255 0
-0.2415921 0.0040363 0.5473055 0 255 0
0.2021958 0.0364793 0.4684812 0 255 0
0.3007128 -0.0801372 0.5697277 0 255 0
-0.2474805 0.0275533 0.5296693 0 255 0
0.3130589 -0.0863156 0.5752157 0 255 0
0.2702418 0.0278040 0.4902020 0 255 0
-0.1283265 -0.0090111 0.4878182 0 255 0
0.2718405 -0.0572834 0.5315711 0 255 0
-0.1422807 -0.0148847 0.4925301 0 255 0
0.3452350 -0.0629304 0.5839735 0 255 0
-0.0800565 -0.0590054 0.4937232 0 255 0
-0.1329492 -0.0425868 0.5053910 0 255 0
0.2225094 -0.0780995 0.5646740 0 255 0
0.1960461 -0.0648674 0.5427727 0 255 0
0.3406114 -0.0147146 0.5279490 0 255 0
-0.2452352 0.0001781 0.5468369 0 255 0
0.2036403 -0.0284668 0.5077175 0 255 0
0.3251640 -0.0317530 0.5435497 0 255 0
0.2005270 -0.0273366 0.5088881 0 255 0
-0.1653294 -0.0450590 0.5064829 0 255 0
0.2529669 0.0312572 0.4901659 0 255 0
-0.1386064 -0.0183294 0.4917968 0 255 0
-0.1703619 0.0488717 0.5181745 0 255 0
-0.1911484 -0.0758704 0.5056081 0 255 0
0.2534329 -0.1078088 0.5969334 0 255 0
-0.2201417 -0.0010969 0.5419294 0 255 0
-0.1885123 0.0014037 0.5246919 0 255 0
0.2096701 -0.0856876 0.5622269 0 255 0
0.2872932 -0.0045353 0.4998533 0 255 0
0.3114220 -0.0801405 0.5697511 0 255 0
-0.0423540 -0.0517945 0.5142772 0 255 0
0.2892068 0.0001625 0.4991070 0 255 0
0.2059849 0.0185008 0.4878716 0 255 0
-0.1745389 0.0074969 0.5197492 0 255 0
0.2087362 0.0344498 0.4708342 0 255 0
-0.1506867 -0.0811983 0.5092185 0 255 0
0.2539385 -0.0643998 0.5609173 0 255 0
-0.1085311 -0.0832614 0.4863244 0 255 0
-0.1110228 -0.0104688 0.5027768 0 255 0
-0.2424665 -0.0049575 0.5463817 0 255 0
-0.2296558 -0.0049578 0.5464098 0 255 0
-0.2057497 0.0330629 0.5184817 0 255 0
0.3157524 -0.0133658 0.5237080 0 255 0
0.2170028 -0.0672020 0.5410329 0 255 0
-0.2047826 0.0353326 0.5160446 0 255 0
-0.1769793 -0.0737228 0.4991121 0 255 0
0.2585301 0.0199022 0.4942035 0 255 0
0.2516717 -0.0162529 0.4990019 0 255 0
0.1933409 -0.0564256 0.5352830 0 255 0
0.1883657 -0.0640121 0.5463581 0 255 0
-0.0942079 -0.0279715 0.5207067 0 255 0
-0.1613436 -0.0340090 0.5014834 0 255 0
0.2611398 -0.1005267 0.5953409 0 255 0
0.3170540 -0.0761923 0.5702611 0 255 0
0.1998648 0.0593519 0.4580986 0 255 0
0.2619557 0.0366641 0.4855054 0 255 0
0.2079304 -0.0272115 0.5065579 0 255 0
0.1947644 0.0396119 0.4664820 0 255 0
-0.1370771 0.0173114 0.5210828 0 255 0
-0.1889521 -0.0636498 0.5029203 0 255 0
0.2686130 0.0013261 0.4956881 0 255 0
-0.1620286 0.0112236 0.5226753 0 255 0
-0.1763330 -0.0286403 0.5108126 0 255 0
0.1866922 0.0581908 0.4574329 0 255 0
0.2038945 -0.0603481 0.5366092 0 255 0
-0.1385024 -0.0194703 0.4914278 0 255 0
0.2406872 -0.0414037 0.5054455 0 255 0
-0.1612633 -0.0615296 0.5049168 0 255 0
-0.1545152 -0.0416853 0.4946934 0 255 0
-0.2042422 0.0114585 0.5336175 0 255 0
-0.2159795 -0.0377425 0.5378982 0 255 0
0.2611904 0.0433818 0.4840871 0 255 0
0.2268282 -0.0067950 0.4933616 0 255 0
-0.1703322 0.0528057 0.5333117 0 255 0
-0.1787194 -0.0490419 0.5107806 0 255 0
-0.1959122 -0.0023096 0.5280424 0 255 0
0.3233651 -0.0622046 0.5649205 0 255 0
0.3145547 -0.0523292 0.5586910 0 255 0
0.2051884 0.0279305 0.4728438 0 255 0
0.3081715 0.0013675 0.5111343 0 255 0
-0.1115327 -0.0640792 0.4796007 0 255 0
0.1975142 0.0375261 0.4678090 0 255 0
0.3169419 -0.0538247 0.5605943 0 255 0
0.2385870 -0.0388794 0.5035165 0 255 0
-0.2085049 0.0140002 0.5349149 0 255 0
0.1690375 0.0687447 0.4561418 0 255 0
-0.1589321 -0.0910412 0.4976178 0 255 0
-0.1598858 -0.0220246 0.4969524 0 255 0
-0.2054213 0.0272506 0.5238500 0 255 0
-0.2309745 0.0356366 0.5204851 0 255 0
-0.1472705 0.0336014 0.5269262 0 255 0
-0.2198260 0.0436814 0.5144055 0 255 0
-0.2093645 0.0543512 0.5124382 0 255 0
-0.2117826 -0.0558594 0.5183567 0 255 0
0.2338593 0.0565062 0.4702489 0 255 0
-0.2274553 0.0391205 0.5180342 0 255 0
0.2393907 0.0525740 0.4746518 0 255 0
-0.2435547 0.0200696 0.5292419 0 255 0
0.1698648 0.0798517 0.4583742 0 255 0
-0.1080639 -0.0045865 0.5054943 0 255 0
-0.1542597 -0.1019613 0.4938754 0 255 0
0.2155211 -0.1023021 0.5815760 0 255 0
-0.2267446 0.0462790 0.5164155 0 255 0
0.2498808 -0.0577816 0.5247522 0 255 0
-0.1469008 -0.0160417 0.4925185 0 255 0
-0.1365815 -0.0021739 0.4970282 0 255 0
-0.1127402 -0.0629981 0.4799496 0 255 0
-0.1706218 -0.0223617 0.5045585 0 255 0
0.2017124 -0.0436549 0.5180672 0 255 0
-0.1878482 0.0486762 0.5161010 0 255 0
-0.0705321 -0.0550706 0.5001316 0 255 0
-0.2114492 -0.0467046 0.5392221 0 255 0
0.2015497 -0.0521341 0.5176494 0 255 0
0.2064160 -0.0419115 0.5116442 0 255 0
-0.0946586 -0.0573848 0.5443819 0 255 0
-0.1898174 -0.0746256 0.5052236 0 255 0
-0.2501239 0.0139410 0.5326514 0 255 0
-0.1433858 0.0123253 0.5173711 0 255 0
0.1912477 0.0298090 0.4853395 0 255 0
-0.2206696 -0.0250625 0.5370238 0 255 0
-0.0896243 -0.0574335 0.5448442 0 255 0
0.1783812 0.0532195 0.4609227 0 255 0
0.2769689 -0.0068323 0.4960691 0 255 0
0.2849110 -0.0373184 0.5146203 0 255 0
0.3416170 -0.0357043 0.5453785 0 255 0
-0.1225798 -0.0903780 0.4877285 0 255 0
-0.0669601 -0.0609002 0.4997521 0 255 0
0.2670207 0.0233171 0.4927497 0 255 0
0.1878878 -0.0639243 0.5805377 0 255 0
-0.1354443 -0.0345844 0.4928902 0 255 0
0.2024495 -0.0248878 0.5077193 0 255 0
0.1950224 0.0530383 0.4593539 0 255 0
0.3469136 -0.0413086 0.5517671 0 255 0
-0.1031329 -0.0701249 0.4824281 0 255 0
-0.1095776 0.0147822 0.5182644 0 255 0
-0.1026084 -0.0607458 0.4799747 0 255 0
-0.1436523 -0.0114300 0.4932708 0 255 0
0.2641532 0.0013271 0.4960511 0 255 0
0.2613722 0.0477574 0.4823261 0 255 0
0.2698832 -0.0519107 0.5277438 0 255 0
0.2108960 0.0323992 0.4732011 0 255 0
-0.1319971 -0.0652801 0.4973348 0 255 0
-0.1861645 -0.0670412 0.5017695 0 255 0
-0.2212281 -0.0049130 0.5414754 0 255 0
0.2757259 0.0402671 0.4876930 0 255 0
-0.0568388 -0.0637356 0.5035987 0 255 0
0.2383197 -0.0231287 0.4955889 0 255 0
0.2945939 -0.0799281 0.5682412 0 255 0
0.3300578 -0.0413059 0.5517302 0 255 0
0.2646035 0.0445201 0.4840960 0 255 0
0.2591031 -0.0033452 0.4975309 0 255 0
-0.2217682 0.0153061 0.5366327 0 255 0
0.2517690 -0.0295747 0.5062620 0 255 0
0.2747808 0.0106127 0.4942276 0 255 0
-0.2035652 -0.0223215 0.5318488 0 255 0
0.1737087 0.0559713 0.4657971 0 255 0
-0.1429263 -0.0056517 0.4947650 0 255 0
0.2474086 -0.0103588 0.4974941 0 255 0
-0.1323382 -0.0447552 0.5030683 0 255 0
-0.1056622 0.0113617 0.5291108 0 255 0
-0.1752053 -0.0555096 0.5041186 0 255 0
-0.2215714 0.0274236 0.5271752 0 255 0
0.2215290 -0.0384269 0.5132756 0 255 0
-0.1038222 -0.0534763 0.4856529 0 255 0
-0.2454373 -0.0036797 0.5472875 0 255 0
-0.1926862 0.0426112 0.5160828 0 255 0
0.1864350 0.0613307 0.4568026 0 255 0
0.2795828 -0.0481546 0.5273503 0 255 0
0.3084192 0.0061526 0.5095617 0 255 0
0.2485714 -0.0690571 0.5666879 0 255 0
-0.1771611 -0.0577449 0.5029536 0 255 0
-0.1585289 -0.0637558 0.5037585 0 255 0
-0.2450307 -0.0011059 0.5463808 0 255 0
0.2330309 0.0448292 0.4753122 0 255 0
0.2581667 0.0561272 0.4764108 0 255 0
-0.1604901 -0.0256242 0.4988305 0 255 0
-0.1423270 -0.0800049 0.5092384 0 255 0
-0.0810804 -0.0538629 0.5475908 0 255 0
-0.1937391 -0.0072377 0.5255092 0 255 0
0.2235129 0.0059305 0.4911651 0 255 0
0.1773055 0.0467813 0.4724686 0 255 0
0.3225911 -0.0623112 0.5658884 0 255 0
0.2903267 -0.1026114 0.5756451 0 255 0
-0.1720555 -0.0532642 0.5052918 0 255 0
-0.1973089 -0.0023114 0.5284641 0 255 0
-0.1545535 0.0233027 0.5181760 0 255 0
-0.1502122 -0.0452753 0.4958183 0 255 0
0.3351390 -0.0385528 0.5494466 0 255 0
-0.1372151 -0.0405567 0.4951056 0 255 0
0.2196392 -0.0371051 0.5116792 0 255 0
-0.1433252 -0.0241245 0.4921475 0 255 0
0.2062452 0.0542341 0.4603417 0 255 0
0.2130310 0.0214956 0.4779914 0 255 0
0.1921669 0.0417156 0.4654935 0 255 0
0.2151569 0.0303063 0.4752537 0 255 0
0.2435887 -0.0748959 0.5705925 0 255 0
-0.2157031 0.0447860 0.5132129 0 255 0
0.3345808 -0.0109578 0.5262587 0 255 0
-0.1592533 -0.0975383 0.4949865 0 255 0
0.2602245 0.0529601 0.4781374 0 255 0
-0.2075477 -0.0626237 0.5138952 0 255 0
0.3344838 -0.0084510 0.5241712 0 255 0
0.3522354 -0.0098001 0.5305274 0 255 0
-0.1154598 -0.0867503 0.4866650 0 255 0
0.2411121 -0.0843516 0.5710700 0 255 0
0.2651267 0.0129737 0.4956948 0 255 0
0.2846409 -0.0666053 0.5465688 0 255 0
0.2293820 0.0298803 0.4864998 0 255 0
-0.1911211 0.0163160 0.5285008 0 255 0
0.3341419 -0.0122235 0.5275157 0 255 0
0.3320995 -0.0251197 0.5382507 0 255 0
0.2780553 0.0094444 0.4938633 0 255 0
0.2592923 -0.0209911 0.5001481 0 255 0
-0.1060065 -0.0144553 0.5186448 0 255 0
0.2797213 -0.0068426 0.4968223 0 255 0
-0.2321954 0.0368595 0.5204839 0 255 0
-0.1482732 -0.0288140 0.4932391 0 255 0
0.2688700 0.0542432 0.4795477 0 255 0
-0.1744875 0.0562906 0.5307229 0 255 0
-0.1661278 -0.0603885 0.5052960 0 255 0
0.1922128 0.0211682 0.4966626 0 255 0
-0.1067418 -0.0409011 0.4993098 0 255 0
-0.0481616 -0.0503488 0.5118644 0 255 0
-0.1358903 0.0098787 0.5165713 0 255 0
-0.1961666 0.0510600 0.5156806 0 255 0
0.1796241 0.0622728 0.4558417 0 255 0
0.2575614 0.0187548 0.4945704 0 255 0
0.3063017 0.0251362 0.5060632 0 255 0
-0.1229961 -0.0830102 0.4848575 0 255 0
0.2095514 -0.0647110 0.5414642 0 255 0
0.2623905 0.0244745 0.4927409 0 255 0
-0.2021926 -0.0668792 0.5095180 0 255 0
-0.1448274 -0.0812633 0.5096264 0 255 0
0.3231916 -0.0097130 0.5258132 0 255 0
0.2533223 0.0549271 0.4757118 0 255 0
-0.2261896 -0.0023939 0.5473314 0 255 0
-0.1270618 -0.0891642 0.4873584 0 255 0
0.2148513 0.0380692 0.4745787 0 255 0
0.2616328 0.0129735 0.4956872 0 255 0
-0.1372101 0.0111012 0.5169762 0 255 0
0.2907721 0.0331787 0.5018083 0 255 0
-0.1854725 0.0308970 0.5230643 0 255 0
-0.1903952 0.0343649 0.5197476 0 255 0
-0.0634771 -0.0513083 0.5094500 0 255 0
0.3011921 -0.0900513 0.5731844 0 255 0
-0.1883421 -0.0768816 0.5044478 0 255 0
-0.1514698 -0.0965972 0.4961264 0 255 0
-0.2087267 -0.0135846 0.5322793 0 255 0
0.2252511 0.0396425 0.4801283 0 255 0
-0.1637249 -0.0887685 0.4979873 0 255 0
-0.1420598 0.0098862 0.5169641 0 255 0
-0.1046465 -0.0749324 0.4841934 0 255 0
-0.1377776 -0.0331527 0.4888560 0 255 0
0.2846244 -0.0151513 0.5013513 0 255 0
0.2783106 -0.1099270 0.5932259 0 255 0
-0.1498776 -0.0736216 0.5064841 0 255 0
-0.1514384 -0.0684920 0.5037683 0 255 0
0.2239357 0.0436789 0.4749486 0 255 0
-0.1187308 -0.0255423 0.5210700 0 255 0
0.3221931 0.0146711 0.5143690 0 255 0
-0.0458665 -0.0516725 0.5130659 0 255 0
-0.1314422 -0.0798847 0.4866383 0 255 0
-0.1890340 -0.0528452 0.5127470 0 255 0
-0.1491618 -0.0453097 0.4961950 0 255 0
-0.2125677 0.0115709 0.5388495 0 255 0
0.3350893 0.0013946 0.5212860 0 255 0
0.2201451 -0.0422418 0.5156772 0 255 0
0.3146867 0.0037902 0.5139385 0 255 0
-0.1201566 0.0024717 0.4918657 0 255 0
0.2123697 0.0204167 0.4790302 0 255 0
-0.1763880 -0.0543249 0.5041175 0 255 0
0.2841564 -0.0840021 0.5687035 0 255 0
0.2205455 0.0071004 0.4922601 0 255 0
0.2190474 0.0514586 0.4645809 0 255 0
0.1867806 0.0520656 0.4602964 0 255 0
-0.1046655 -0.0803704 0.4895973 0 255 0
-0.1553343 -0.0183968 0.4936070 0 255 0
-0.1935942 0.0461768 0.5152758 0 255 0
0.2050713 -0.0951536 0.5714730 0 255 0
0.2414611 -0.0056530 0.4948761 0 255 0
-0.2413925 0.0066029 0.5468534 0 255 0
0.2112877 -0.0139476 0.5004312 0 255 0
-0.1419655 -0.0440787 0.4954641 0 255 0
0.2420304 0.0377183 0.4843936 0 255 0
0.2757735 -0.1072353 0.5937583 0 255 0
0.2315917 -0.0423433 0.5169153 0 255 0
-0.1191812 0.0047904 0.4926053 0 255 0
-0.1065262 -0.0735235 0.4824139 0 255 0
0.2100434 0.0151065 0.4893245 0 255 0
0.1993402 0.0541192 0.4593671 0 255 0
0.2991137 -0.0827421 0.5692290 0 255 0
-0.1240437 -0.0772575 0.4845048 0 255 0
-0.1263162 -0.0182214 0.4888997 0 255 0
-0.1462157 0.0321314 0.5231521 0 255 0
-0.1784460 0.0487547 0.5169337 0 255 0
-0.1658450 0.0296702 0.5231059 0 255 0
-0.1882098 -0.0035222 0.5238497 0 255 0
-0.1993212 0.0424765 0.5144517 0 255 0
-0.1928470 0.0620214 0.5264407 0 255 0
-0.1322931 0.0173255 0.5215068 0 255 0
0.2799004 0.0470750 0.4869908 0 255 0
0.2480498 -0.1065008 0.5974646 0 255 0
0.2574181 0.0539658 0.4770954 0 255 0
-0.1615115 -0.0888367 0.4983699 0 255 0
0.2852765 0.0645317 0.4806441 0 255 0
0.2168482 0.0182586 0.4814855 0 255 0
0.2993243 -0.0898943 0.5721853 0 255 0
0.2035039 -0.0471586 0.5164428 0 255 0
0.2246804 0.0517515 0.4672258 0 255 0
-0.0678741 -0.0641784 0.4978538 0 255 0
-0.1047295 -0.0533578 0.4845769 0 255 0
0.2297509 0.0059130 0.4897197 0 255 0
-0.1591687 0.0366388 0.5173666 0 255 0
-0.2221051 0.0262480 0.5284450 0 255 0
-0.1049859 0.0088184 0.5257242 0 255 0
0.2210029 -0.0548724 0.5205482 0 255 0
-0.1731364 -0.0443463 0.5119946 0 255 0
-0.1591697 -0.0079763 0.4947264 0 255 0
-0.1813487 0.0050742 0.5217951 0 255 0
-0.1329713 -0.0383465 0.4966143 0 255 0
-0.1867818 0.0426457 0.5165015 0 255 0
-0.1287081 -0.0338425 0.5169392 0 255 0
0.2909179 -0.0996459 0.5741456 0 255 0
0.1967109 0.0210261 0.4933274 0 255 0
0.1977109 0.0561216 0.4580899 0 255 0
0.2490098 0.0129825 0.4960322 0 255 0
0.2091906 -0.0140434 0.5038664 0 255 0
0.2394104 0.0129043 0.4930447 0 255 0
0.3472761 -0.0289155 0.5382792 0 255 0
-0.2224970 -0.0061853 0.5414711 0 255 0
-0.1867399 0.0368082 0.5197586 0 255 0
0.3009311 -0.0886275 0.5726876 0 255 0
0.2850232 0.0164079 0.4938872 0 255 0
0.2236694 -0.0950780 0.5710185 0 255 0
0.3079222 -0.0034473 0.5127167 0 255 0
-0.1557979 -0.0572681 0.4988001 0 255 0
0.2563709 -0.0649995 0.5547864 0 255 0
-0.1666679 -0.0708000 0.5033458 0 255 0
0.2961219 -0.0883955 0.5711884 0 255 0
0.2577604 0.0256319 0.4927323 0 255 0
-0.2261612 0.0078492 0.5441724 0 255 0
0.2238358 -0.0780999 0.5646769 0 255 0
0.1967852 0.0084777 0.5054123 0 255 0
0.2246804 -0.0033196 0.4937306 0 255 0
-0.1250773 -0.0159122 0.4885419 0 255 0
-0.0864216 -0.0609119 0.4903921 0 255 0
-0.1581256 -0.0149622 0.4950928 0 255 0
0.2698419 0.0300631 0.4894765 0 255 0
0.2136899 0.0236906 0.4769584 0 255 0
0.2100209 0.0048373 0.4974309 0 255 0
-0.0664858 -0.0505810 0.5142256 0 255 0
-0.1710179 0.0200113 0.5277034 0 255 0
0.1718891 0.0608002 0.4609179 0 255 0
-0.1494808 -0.0956487 0.4972561 0 255 0
-0.2459004 0.0347973 0.5262875 0 255 0
0.1980070 0.0500095 0.4612842 0 255 0
-0.1304183 -0.0181535 0.4870793 0 255 0
0.2336601 0.0093377 0.4882822 0 255 0
-0.1266989 0.0001597 0.4903807 0 255 0
-0.2452536 0.0311621 0.5275528 0 255 0
0.2707908 0.0300409 0.4891157 0 255 0
-0.1259187 -0.0891647 0.4873609 0 255 0
0.2840834 -0.0493156 0.5265166 0 255 0
0.2437147 -0.0161910 0.4971038 0 255 0
0.2933963 0.0060403 0.5002587 0 255 0
-0.2489180 0.0052870 0.5436687 0 255 0
-0.2418499 0.0163917 0.5309526 0 255 0
0.3302400 -0.0135059 0.5291982 0 255 0
0.2598775 0.0301064 0.4901821 0 255 0
-0.1402876 -0.0091189 0.4936515 0 255 0
0.2916286 -0.0092969 0.5032864 0 255 0
0.1726094 0.0606731 0.4599549 0 255 0
-0.1625558 0.0438639 0.5165548 0 255 0
-0.2261890 -0.0036800 0.5473298 0 255 0
0.2509058 0.0548869 0.4753638 0 255 0
-0.1041881 -0.0700731 0.4820719 0 255 0
0.2511055 -0.0091970 0.4978792 0 255 0
0.2841950 -0.0127759 0.5005950 0 255 0
0.2150727 0.0465560 0.4701931 0 255 0
-0.2313290 0.0115605 0.5383666 0 255 0
-0.1682391 -0.0602952 0.5045152 0 255 0
0.2086263 -0.0010114 0.4996827 0 255 0
-0.1303124 -0.0360445 0.5136988 0 255 0
-0.1214358 -0.0903784 0.4877311 0 255 0
-0.1056099 0.0089763 0.5351377 0 255 0
0.2027667 0.0490295 0.4622633 0 255 0
0.2897197 -0.1180928 0.5853363 0 255 0
-0.1106479 -0.0709953 0.4806463 0 255 0
0.2547855 -0.0210066 0.5005178 0 255 0
0.2254850 0.0070741 0.4904402 0 255 0
-0.0843717 -0.0573397 0.5439541 0 255 0
-0.2131588 -0.0186473 0.5339944 0 255 0
0.3389761 -0.0276950 0.5391424 0 255 0
-0.1138145 -0.0806760 0.4845231 0 255 0
0.3139493 0.0217698 0.5107765 0 255 0
-0.1982740 0.0509795 0.5148677 0 255 0
0.2680021 -0.0493123 0.5264813 0 255 0
0.3218118 -0.0637496 0.5668550 0 255 0
0.2622628 -0.0746904 0.5590196 0 255 0
-0.1808387 -0.0554232 0.5033337 0 255 0
0.2669488 -0.0245732 0.5013009 0 255 0
0.1873891 -0.0712125 0.5626762 0 255 0
-0.0884573 -0.0664735 0.4889218 0 255 0
0.2361445 0.0346073 0.4886806 0 255 0
-0.2128283 -0.0594657 0.5179411 0 255 0
-0.1741391 0.0391602 0.5185588 0 255 0
0.2163764 0.0013268 0.4959438 0 255 0
-0.2491274 0.0325845 0.5305293 0 255 0
-0.1398343 -0.1027420 0.4920563 0 255 0
0.2775192 -0.1163382 0.5975170 0 255 0
0.2109919 -0.0830463 0.5622331 0 255 0
-0.1666336 0.0125212 0.5255933 0 255 0
-0.1556745 -0.0440097 0.4946879 0 255 0
-0.0568391 -0.0613693 0.5036016 0 255 0
-0.1606562 -0.0953553 0.4957307 0 255 0
0.2012226 0.0037217 0.5046423 0 255 0
-0.2190377 -0.0416357 0.5392117 0 255 0
0.2209935 -0.0780322 0.5641872 0 255 0
0.2323217 -0.0266013 0.4951993 0 255 0
0.2367706 -0.0901070 0.5735390 0 255 0
-0.1316611 -0.0473003 0.5049996 0 255 0
0.2304812 0.0376887 0.4840128 0 255 0
-0.1807660 -0.0714851 0.4998663 0 255 0
0.2879927 0.0176082 0.4950068 0 255 0
0.2291870 -0.0865806 0.5680866 0 255 0
0.1999623 0.0130484 0.4985475 0 255 0
-0.1855750 0.0523564 0.5165163 0 255 0
0.2549915 0.0539262 0.4767453 0 255 0
0.2435056 0.0267481 0.4919675 0 255 0
-0.2336709 0.0309399 0.5237913 0 255 0
-0.1067609 -0.0748215 0.4834764 0 255 0
-0.1373196 -0.0370949 0.4954829 0 255 0
0.2220546 -0.0487193 0.5201500 0 255 0
-0.1421726 -0.0194992 0.4921558 0 255 0
0.2682517 0.0356028 0.4865920 0 255 0
-0.1716728 -0.0272710 0.5076666 0 255 0
-0.1494270 -0.0369259 0.4932265 0 255 0
0.2240853 -0.0344609 0.5081463 0 255 0
-0.1982835 -0.0412667 0.5344336 0 255 0
0.2794881 0.0481482 0.4862736 0 255 0
-0.1546095 -0.0987032 0.4949952 0 255 0
0.2001414 0.0562003 0.4587325 0 255 0
0.2549979 -0.0127260 0.4986363 0 255 0
-0.1906839 0.0633607 0.5272920 0 255 0
-0.0961944 0.0014225 0.5316867 0 255 0
0.2771545 0.0301088 0.4902200 0 255 0
0.2198430 -0.0281010 0.5011933 0 255 0
-0.1940660 0.0126207 0.5297683 0 255 0
0.2703491 -0.0287181 0.5122009 0 255 0
0.2269720 -0.0526773 0.5230427 0 255 0
-0.2270973 0.0214010 0.5314209 0 255 0
0.2895926 0.0199647 0.4957570 0 255 0
-0.1444760 -0.0333749 0.4921335 0 255 0
0.2866175 0.0222442 0.4946384 0 255 0
0.2545699 0.0454888 0.4823059 0 255 0
0.2147395 -0.0271705 0.5057954 0 255 0
0.2154320 -0.0259225 0.5046369 0 255 0
-0.1323175 -0.0965319 0.4898790 0 255 0
0.2893903 -0.1073240 0.5791785 0 255 0
-0.0744867 -0.0696556 0.4952100 0 255 0
0.2096707 -0.0843667 0.5622286 0 255 0
-0.1363194 0.0123452 0.5182025 0 255 0
-0.2329167 -0.0100681 0.5450386 0 255 0
-0.1688614 0.0025995 0.5173031 0 255 0
-0.1116902 -0.0092450 0.5004801 0 255 0
0.2125407 -0.0494323 0.5148460 0 255 0
0.2719026 0.0013252 0.4953231 0 255 0
-0.1108959 -0.0541755 0.4817236 0 255 0
0.2225776 -0.0549596 0.5213752 0 255 0
-0.1902675 0.0462500 0.5160927 0 255 0
0.2485290 -0.0198000 0.4997470 0 255 0
-0.0961123 -0.0367975 0.5244302 0 255 0
-0.0624599 -0.0610871 0.5012859 0 255 0
-0.1077239 -0.0365413 0.5039040 0 255 0
-0.2277113 0.0309653 0.5242209 0 255 0
0.2152469 0.0082754 0.4933549 0 255 0
-0.1982758 0.0546094 0.5148723 0 255 0
0.2545936 -0.0186404 0.5001407 0 255 0
0.2280081 0.0531137 0.4695626 0 255 0
0.2883169 -0.0938415 0.5716601 0 255 0
-0.1886402 0.0113486 0.5285001 0 255 0
0.2854461 0.0094589 0.4946200 0 255 0
0.2201916 -0.0196782 0.4966734 0 255 0
-0.0876378 -0.0586511 0.4907584 0 255 0
-0.1417659 -0.0056518 0.4947675 0 255 0
0.3351843 -0.0059782 0.5233443 0 255 0
0.2236552 -0.0891711 0.5675818 0 255 0
-0.2467190 -0.0062516 0.5472815 0 255 0
0.2519031 0.0024982 0.4971473 0 255 0
-0.1807645 -0.0750082 0.4998620 0 255 0
-0.1095069 -0.0417880 0.4959121 0 255 0
0.3142231 -0.0059074 0.5171456 0 255 0
-0.0702695 -0.0531211 0.5154235 0 255 0
-0.1603835 0.0402860 0.5173684 0 255 0
0.2630811 0.0467265 0.4833861 0 255 0
-0.1212696 -0.0316885 0.5214702 0 255 0
0.2656355 -0.0708631 0.5497096 0 255 0
-0.2385254 0.0091123 0.5432465 0 255 0
0.2855454 -0.0543074 0.5269344 0 255 0
0.1948045 -0.0810292 0.5574450 0 255 0
0.2794627 -0.0458597 0.5294675 0 255 0
0.1904414 0.0540414 0.4587062 0 255 0
-0.2413862 -0.0049617 0.5468390 0 255 0
-0.1616954 -0.0987740 0.4953503 0 255 0
-0.1082358 -0.0675097 0.4799539 0 255 0
-0.1321682 -0.0486736 0.5069447 0 255 0
0.3017527 -0.0871310 0.5716978 0 255 0
-0.1390247 -0.0114302 0.4932809 0 255 0
0.2317020 -0.0538645 0.5226368 0 255 0
0.2628528 0.0530376 0.4788372 0 255 0
0.2679400 -0.1108201 0.5980452 0 255 0
-0.1682707 0.0150273 0.5268570 0 255 0
-0.1305167 -0.0348920 0.5145041 0 255 0
0.2693794 0.0117914 0.4949588 0 255 0
-0.1638899 -0.0449901 0.5057089 0 255 0
0.2345880 -0.0102577 0.4926372 0 255 0
0.2124648 0.0313549 0.4742240 0 255 0
-0.1941873 -0.0244263 0.5233933 0 255 0
0.1680330 0.0696596 0.4622126 0 255 0
-0.1456343 0.0258817 0.5210719 0 255 0
-0.1030017 -0.0264953 0.5157878 0 255 0
0.2591010 0.0529599 0.4781350 0 255 0
-0.1248010 -0.0101500 0.4874627 0 255 0
-0.1470062 -0.0287925 0.4928719 0 255 0
0.2025555 -0.0384838 0.5140360 0 255 0
-0.1580784 0.0330176 0.5177721 0 255 0
0.2161239 -0.1005809 0.5795326 0 255 0
-0.2213779 0.0425389 0.5152076 0 255 0
-0.1506972 -0.0357937 0.4935956 0 255 0
0.2767689 -0.1104228 0.5959014 0 255 0
0.2499600 0.0355998 0.4865519 0 255 0
0.2991651 -0.0717338 0.5667955 0 255 0
-0.2132958 0.0435805 0.5132167 0 255 0
0.3034800 0.0214534 0.5033529 0 255 0
-0.0694644 -0.0551547 0.5008959 0 255 0
0.2805229 -0.0334554 0.5110266 0 255 0
-0.1651803 0.0099635 0.5210092 0 255 0
0.3163435 0.0133683 0.5107713 0 255 0
-0.1110481 -0.0144778 0.5194534 0 255 0
0.2998896 -0.0856388 0.5707056 0 255 0
-0.2084806 0.0399632 0.5132229 0 255 0
0.2075588 0.0279508 0.4731883 0 255 0
0.2814141 -0.0139309 0.4998288 0 255 0
0.2743977 -0.0791037 0.5623799 0 255 0
0.2288041 -0.0056274 0.4926302 0 255 0
0.1969157 0.0107950 0.5027174 0 255 0
-0.1035162 -0.0544564 0.4842212 0 255 0
0.2697171 -0.0903316 0.5926977 0 255 0
-0.1584510 -0.0942628 0.4961113 0 255 0
0.2640442 0.0389176 0.4851557 0 255 0
0.2074573 -0.0406780 0.5112512 0 255 0
0.2301104 -0.0513269 0.5218089 0 255 0
0.2542629 -0.0483445 0.5161481 0 255 0
-0.1794569 -0.0726047 0.4994876 0 255 0
-0.1432070 0.0321563 0.5443850 0 255 0
0.1966348 0.0096579 0.5050262 0 255 0
0.2093504 -0.0933269 0.5685250 0 255 0
0.3263803 -0.0084641 0.5249876 0 255 0
-0.1369345 -0.0355290 0.4899444 0 255 0
-0.2020465 -0.0337321 0.5344347 0 255 0
-0.1483562 0.0123348 0.5177678 0 255 0
0.3324615 -0.0290560 0.5408947 0 255 0
-0.1235172 -0.0402006 0.5206270 0 255 0
0.2300497 0.0116236 0.4879158 0 255 0
0.2045622 -0.0870810 0.5626943 0 255 0
-0.0989973 -0.0781302 0.4899775 0 255 0
-0.1396377 0.0037798 0.5125273 0 255 0
-0.1523639 0.0257789 0.5190023 0 255 0
0.2102937 0.0356328 0.4718496 0 255 0
0.2891595 -0.0909980 0.5706754 0 255 0
-0.2390264 0.0053224 0.5473127 0 255 0
0.2543689 -0.0697900 0.5618680 0 255 0
0.2887562 -0.0784561 0.5672521 0 255 0
-0.2100792 -0.0287785 0.5357283 0 255 0
-0.0920787 -0.0060490 0.5295453 0 255 0
0.3050171 -0.0718590 0.5677845 0 255 0
-0.1675174 0.0050267 0.5169021 0 255 0
0.2269647 -0.0355455 0.5065878 0 255 0
-0.1813703 0.0561080 0.5290014 0 255 0
0.2077150 -0.0598082 0.5209244 0 255 0
0.2709385 -0.0044975 0.4956859 0 255 0
-0.1294491 -0.0731884 0.4877348 0 255 0
0.1843073 -0.0760872 0.5694745 0 255 0
-0.2095831 0.0026857 0.5344633 0 255 0
-0.1530925 0.0111092 0.5173483 0 255 0
0.2516304 0.0528050 0.4767366 0 255 0
0.2760094 -0.0091703 0.4964374 0 255 0
-0.2072772 0.0399634 0.5132255 0 255 0
0.2822782 0.0152244 0.4931414 0 255 0
-0.0778564 -0.0614181 0.4944678 0 255 0
-0.1783405 -0.0577446 0.5029510 0 255 0
-0.1557704 -0.0987027 0.4949927 0 255 0
0.2358616 0.0185996 0.4904772 0 255 0
0.1864049 0.0370557 0.4758839 0 255 0
0.2146116 -0.0222801 0.5027153 0 255 0
0.2832379 0.0314250 0.4927977 0 255 0
0.1742723 0.0654850 0.4558340 0 255 0
0.2850019 -0.0811901 0.5677291 0 255 0
-0.1034126 -0.0046986 0.5178455 0 255 0
-0.2119098 -0.0123738 0.5340049 0 255 0
0.2345232 -0.0009920 0.4900856 0 255 0
0.2779703 -0.0326593 0.5174373 0 255 0
-0.1902758 -0.0660630 0.5032998 0 255 0
-0.1060560 -0.0022438 0.5129963 0 255 0
0.2920942 -0.0910779 0.5711764 0 255 0
-0.1814617 -0.0587904 0.5017900 0 255 0
-0.1475330 -0.0986320 0.4946381 0 255 0
-0.1248928 -0.0124499 0.4878215 0 255 0
0.1764634 0.0543782 0.4615652 0 255 0
-0.1094214 0.0084923 0.5062861 0 255 0
0.2477814 -0.0127159 0.4982437 0 255 0
-0.1187446 0.0167798 0.5435222 0 255 0
0.2297930 -0.0552233 0.5238772 0 255 0
0.2737699 -0.0755590 0.5557471 0 255 0
-0.1421719 0.0111097 0.5173723 0 255 0
0.2826082 -0.0374935 0.5170358 0 255 0
0.3098238 -0.0650783 0.5668271 0 255 0
-0.0790141 -0.0730343 0.4944509 0 255 0
-0.1698193 -0.0935874 0.4987242 0 255 0
-0.1080554 -0.0354660 0.5054546 0 255 0
0.2625391 -0.0991286 0.5953457 0 255 0
-0.1335742 -0.0455536 0.4988661 0 255 0
0.2495663 0.0013300 0.4971408 0 255 0
0.2088728 -0.0104756 0.5031011 0 255 0
-0.1284974 -0.0635207 0.5019007 0 255 0
-0.2333058 -0.0036707 0.5459491 0 255 0
-0.1610988 -0.0316043 0.5007225 0 255 0
-0.1006492 -0.0654480 0.4813793 0 255 0
0.2096721 0.0140087 0.4911448 0 255 0
-0.1708597 -0.0923452 0.4983450 0 255 0
0.2110464 0.0301969 0.4735384 0 255 0
-0.1683756 0.0492060 0.5350484 0 255 0
-0.1325414 -0.0436400 0.5038406 0 255 0
-0.2137053 -0.0605867 0.5171219 0 255 0
0.1913079 0.0718837 0.4769703 0 255 0
0.2100593 -0.0557847 0.5176635 0 255 0
0.2263982 0.0262373 0.4825732 0 255 0
0.2678918 -0.0976437 0.5948219 0 255 0
0.3068759 -0.0786646 0.5687599 0 255 0
0.2036995 -0.0358449 0.5108541 0 255 0
-0.1646494 -0.0440048 0.5080525 0 255 0
0.2018111 0.0332947 0.4701463 0 255 0
-0.1029821 -0.0688905 0.4817227 0 255 0
0.2201967 -0.0103420 0.4966850 0 255 0
0.2025749 -0.0574521 0.5331362 0 255 0
-0.1600727 -0.0781367 0.5048988 0 255 0
-0.1532055 -0.0723192 0.5056986 0 255 0
-0.1582116 -0.0976123 0.4953620 0 255 0
0.2796938 -0.0222018 0.5009496 0 255 0
0.2820628 -0.0628899 0.5367802 0 255 0
0.2120619 0.0215111 0.4783359 0 255 0
0.2265176 -0.0879143 0.5680791 0 255 0
0.2401470 0.0586346 0.4695960 0 255 0
-0.1236161 -0.0365599 0.5210441 0 255 0
0.1798888 0.0482083 0.4648184 0 255 0
0.3018549 -0.0191823 0.5146813 0 255 0
0.2481765 0.0323843 0.4897928 0 255 0
-0.2018971 0.0272728 0.5242758 0 255 0
-0.1854168 0.0100665 0.5263911 0 255 0
-0.1463915 0.0209177 0.5194196 0 255 0
0.2936834 0.0107099 0.4987525 0 255 0
0.2722551 -0.0930336 0.5921672 0 255 0
-0.0968398 -0.0693494 0.4849320 0 255 0
0.2809997 -0.0825226 0.5677187 0 255 0
0.2742419 0.0346391 0.4891290 0 255 0
-0.1756880 0.0249309 0.5268530 0 255 0
-0.1664107 -0.0765953 0.5025690 0 255 0
0.2155023 0.0413259 0.4735620 0 255 0
0.2941382 -0.0554613 0.5381300 0 255 0
0.2171827 -0.0197225 0.4977919 0 255 0
0.1784147 0.0456713 0.4724696 0 255 0
-0.1088321 -0.0022025 0.5035595 0 255 0
0.2412939 0.0175914 0.4945334 0 255 0
-0.0539202 -0.0485602 0.5458384 0 255 0
-0.1911523 0.0594046 0.5251790 0 255 0
-0.1984425 -0.0463270 0.5348622 0 255 0
-0.1539301 -0.0523428 0.4965509 0 255 0
0.2644727 -0.0775809 0.5609241 0 255 0
-0.1222751 -0.0171495 0.4911017 0 255 0
0.2377884 -0.0161057 0.4944840 0 255 0
0.2251810 -0.0114661 0.4948307 0 255 0
-0.1139488 -0.0641722 0.4802963 0 255 0
0.3286833 -0.0385518 0.5494325 0 255 0
0.2099203 -0.0760526 0.5593778 0 255 0
-0.2134769 0.0027033 0.5379539 0 255 0
0.3310726 0.0074836 0.5188256 0 255 0
-0.1874821 -0.0718109 0.5021443 0 255 0
0.1829925 0.0395199 0.4786431 0 255 0
-0.1923513 -0.0157677 0.5217450 0 255 0
0.1776710 0.0522457 0.4618885 0 255 0
0.2801473 -0.0853368 0.5686930 0 255 0
-0.1639738 -0.0877316 0.4987443 0 255 0
-0.1127024 -0.0872683 0.4895711 0 255 0
-0.1265055 -0.0693913 0.4852247 0 255 0
-0.0598914 -0.0501122 0.5094593 0 255 0
-0.2126661 0.0319697 0.5205193 0 255 0
0.2256524 0.0059261 0.4908042 0 255 0
0.2085866 -0.0493543 0.5140343 0 255 0
0.3563180 -0.0341148 0.5404975 0 255 0
-0.1820766 -0.0715392 0.5002441 0 255 0
0.2071404 -0.0140648 0.5046333 0 255 0
0.2659101 -0.0126883 0.4971593 0 255 0
0.2033928 0.0207627 0.4871479 0 255 0
0.2532432 -0.0675527 0.5652418 0 255 0
-0.2206728 -0.0187534 0.5370316 0 255 0
0.2714283 -0.0284533 0.5074764 0 255 0
0.3563338 -0.0299858 0.5348099 0 255 0
-0.1245765 -0.0470182 0.5149053 0 255 0
0.2502493 -0.0793315 0.5735818 0 255 0
-0.1686408 -0.0718168 0.5021858 0 255 0
0.2058565 0.0289794 0.4718317 0 255 0
0.2441825 0.0346087 0.4887008 0 255 0
0.2036584 0.0573591 0.4593805 0 255 0
0.3079489 -0.0745919 0.5682770 0 255 0
0.2659108 -0.0115201 0.4971607 0 255 0
-0.1339415 -0.0273288 0.4874214 0 255 0
-0.1673848 0.0025954 0.5164930 0 255 0
0.2643441 -0.0708627 0.5497068 0 255 0
0.2767618 0.0598802 0.4795720 0 255 0
0.2155427 -0.0748672 0.5603431 0 255 0
-0.2364579 0.0014643 0.5473136 0 255 0
0.2382390 -0.0091071 0.4930149 0 255 0
0.2044879 -0.0444188 0.5128314 0 255 0
-0.2302546 0.0103039 0.5388090 0 255 0
0.2719066 0.0071447 0.4953303 0 255 0
-0.0481240 -0.0515113 0.5114648 0 255 0
0.3063485 -0.0758612 0.5677825 0 255 0
0.1734755 0.0821289 0.4651718 0 255 0
0.2590423 -0.0932800 0.5937358 0 255 0
0.2596653 0.0618150 0.4771100 0 255 0
0.2651137 -0.0760691 0.5594987 0 255 0
0.2314583 -0.0824354 0.5671187 0 255 0
-0.0916264 -0.0628397 0.4874690 0 255 0
-0.2198292 0.0497257 0.5144129 0 255 0
0.2019014 0.0150628 0.5281019 0 255 0
0.2738886 -0.1000799 0.5926948 0 255 0
0.1852877 0.0381738 0.4758829 0 255 0
0.2833688 -0.1194693 0.5921589 0 255 0
-0.1003287 -0.0537573 0.5337663 0 255 0
0.2015514 0.0208087 0.4882260 0 255 0
-0.1683563 -0.0392600 0.5084449 0 255 0
0.2979073 -0.0093830 0.5079502 0 255 0
-0.1843616 0.0475014 0.5165129 0 255 0
-0.2193958 -0.0455110 0.5400931 0 255 0
0.2255585 0.0417472 0.4783905 0 255 0
-0.0983143 -0.0326064 0.5165998 0 255 0
-0.2156812 0.0177417 0.5340340 0 255 0
-0.1919253 0.0390648 0.5172964 0 255 0
0.2436105 0.0059710 0.4945241 0 255 0
0.2853951 -0.0223723 0.5047957 0 255 0
-0.2044850 -0.0147995 0.5309961 0 255 0
-0.1637611 -0.0520789 0.5053115 0 255 0
0.2664906 0.0478635 0.4833975 0 255 0
0.2346809 -0.0364571 0.5027430 0 255 0
0.2876826 -0.0236490 0.5067381 0 255 0
0.2122095 -0.0481474 0.5140437 0 255 0
0.3468949 -0.0397135 0.5476490 0 255 0
0.2799064 -0.0839283 0.5682040 0 255 0
-0.1976459 -0.0298683 0.5327152 0 255 0
0.2095087 -0.0188078 0.5046327 0 255 0
0.3344088 -0.0134737 0.5279369 0 255 0
0.2062233 0.0258380 0.4752286 0 255 0
-0.0714333 -0.0583734 0.4982305 0 255 0
0.1702131 0.0649057 0.4593142 0 255 0
0.2715187 0.0543228 0.4802516 0 255 0
-0.2189606 0.0401179 0.5152099 0 255 0
-0.1973781 0.0559072 0.5156839 0 255 0
0.1988412 -0.0907303 0.5689963 0 255 0
0.3596145 -0.0248390 0.5322351 0 255 0
-0.2206861 0.0377851 0.5164183 0 255 0
0.2110727 -0.0151926 0.5027164 0 255 0
0.2548073 -0.0092041 0.4982634 0 255 0
0.2960847 -0.0045806 0.5048426 0 255 0
0.2549602 0.0476169 0.4809071 0 255 0
0.2864374 -0.0768582 0.5653030 0 255 0
0.2608539 0.0024946 0.4964186 0 255 0
-0.1879984 0.0547835 0.5165139 0 255 0
-0.1682817 -0.0092568 0.5011163 0 255 0
-0.1940549 0.0559959 0.5165021 0 255 0
0.2775650 0.0266926 0.4909461 0 255 0
-0.2049961 0.0151832 0.5323232 0 255 0
0.2607580 -0.0327853 0.5194348 0 255 0
-0.1972218 0.0522306 0.5152754 0 255 0
-0.1458502 -0.0287927 0.4928744 0 255 0
-0.1752667 -0.0394726 0.5111991 0 255 0
0.2102350 0.0280115 0.4742149 0 255 0
-0.2002621 -0.0197426 0.5297145 0 255 0
0.3406173 -0.0357337 0.5458276 0 255 0
0.2160209 -0.0056865 0.4978066 0 255 0
-0.1335777 -0.0350046 0.4988791 0 255 0
-0.0820638 -0.0645621 0.4918649 0 255 0
0.3490173 -0.0369563 0.5449427 0 255 0
-0.1091086 -0.0771490 0.4838243 0 255 0
0.2035633 -0.0589912 0.5357375 0 255 0
0.2058668 -0.0284451 0.5073317 0 255 0
0.2504274 -0.0507293 0.5157331 0 255 0
-0.1451248 -0.0404943 0.4943433 0 255 0
0.2336744 0.0334338 0.4883120 0 255 0
0.3162335 -0.0746587 0.5687854 0 255 0
0.2669111 -0.0197716 0.4990309 0 255 0
0.2548060 -0.0659423 0.5628334 0 255 0
-0.1367116 -0.0091122 0.4932889 0 255 0
-0.1236169 -0.0341114 0.5210471 0 255 0
-0.1907151 -0.0614741 0.5044617 0 255 0
-0.1555200 0.0135404 0.5173460 0 255 0
0.2150140 -0.0056908 0.4981806 0 255 0
-0.1592890 0.0232839 0.5177574 0 255 0
-0.2126592 0.0189506 0.5327427 0 255 0
0.2141640 -0.0127333 0.4989240 0 255 0
-0.0952777 -0.0315916 0.5198762 0 255 0
-0.1766039 -0.0370991 0.5115972 0 255 0
-0.1582429 -0.0196301 0.4954600 0 255 0
-0.1000029 -0.0573237 0.4892716 0 255 0
0.2275353 -0.0969248 0.5740100 0 255 0
-0.1960101 0.0449655 0.5152690 0 255 0
0.2340339 -0.0377243 0.5038902 0 255 0
0.2156878 0.0455812 0.4715377 0 255 0
-0.1004504 -0.0357143 0.5089936 0 255 0
-0.1807279 0.0475021 0.5165209 0 255 0
-0.1578285 -0.0710750 0.5053010 0 255 0
-0.0963466 -0.0254439 0.5190620 0 255 0
-0.1285130 -0.0216513 0.4885273 0 255 0
0.2308640 0.0287795 0.4872179 0 255 0
-0.1069248 -0.0058417 0.5113937 0 255 0
-0.1571137 0.0391632 0.5185989 0 255 0
0.2995636 -0.0082022 0.5087388 0 255 0
0.2293722 0.0150187 0.4864789 0 255 0
0.2048323 -0.0296598 0.5077186 0 255 0
0.2111309 -0.0068872 0.5000600 0 255 0
-0.1153751 -0.0844012 0.4863079 0 255 0
-0.1745602 -0.0497401 0.5056770 0 255 0
0.2059569 -0.0105075 0.5046352 0 255 0
-0.1961954 -0.0700375 0.5063840 0 255 0
-0.2096511 0.0189048 0.5314562 0 255 0
-0.1815524 -0.0178796 0.5120089 0 255 0
-0.1748007 -0.0612905 0.5029544 0 255 0
0.2640861 -0.0795757 0.5657359 0 255 0
0.2163723 -0.0967521 0.5729872 0 255 0
-0.2226527 0.0202016 0.5327223 0 255 0
-0.0941372 -0.0120566 0.5203159 0 255 0
-0.1504073 0.0344253 0.5206620 0 255 0
0.2590994 -0.0091904 0.4975237 0 255 0
-0.1083177 -0.0574032 0.4803171 0 255 0
0.1887199 0.0329875 0.4817939 0 255 0
0.2478430 0.0106513 0.4960268 0 255 0
0.2650987 -0.0948479 0.5948192 0 255 0
0.1790063 0.0512323 0.4625381 0 255 0
0.2205384 0.0013239 0.4948363 0 255 0
0.2818455 -0.0763332 0.5614416 0 255 0
-0.1231258 -0.0449511 0.5189774 0 255 0
-0.0918165 -0.0502520 0.5503196 0 255 0
-0.1057535 -0.0639876 0.4789146 0 255 0
-0.1742593 -0.0022697 0.5189167 0 255 0
0.2163099 -0.0546128 0.5180856 0 255 0
-0.1227876 -0.0090247 0.4885555 0 255 0
0.2538024 -0.0210224 0.5008958 0 255 0
-0.0940353 -0.0595484 0.5407973 0 255 0
0.2141634 -0.0139056 0.4989226 0 255 0
-0.1362717 -0.0044995 0.4959010 0 255 0
-0.0470337 -0.0516320 0.5126634 0 255 0
0.2050864 -0.0093361 0.5054085 0 255 0
-0.1456345 -0.0218116 0.4921453 0 255 0
-0.1190005 -0.0056185 0.4918582 0 255 0
0.2695780 0.0059807 0.4953237 0 255 0
-0.0978836 -0.0580668 0.5273424 0 255 0
-0.1758253 0.0162778 0.5272647 0 255 0
0.1829645 0.0655330 0.4561683 0 255 0
0.2878260 -0.0474729 0.5198855 0 255 0
0.2581246 -0.0103672 0.4978957 0 255 0
-0.1636344 -0.0544114 0.5049204 0 255 0
-0.1869335 0.0536121 0.5169211 0 255 0
0.2829456 -0.0389218 0.5198854 0 255 0
0.2237408 -0.0332157 0.5073649 0 255 0
0.1936563 -0.0748405 0.5504625 0 255 0
0.1870415 0.0510552 0.4609391 0 255 0
0.2997371 0.0166457 0.5010455 0 255 0
0.2450009 -0.0427230 0.5070081 0 255 0
-0.1439028 0.0001622 0.4981452 0 255 0
-0.1311807 -0.0511348 0.5077273 0 255 0
-0.0963480 -0.0193458 0.5190695 0 255 0
-0.1598360 -0.0555133 0.5041525 0 255 0
-0.1385813 -0.0511024 0.4958367 0 255 0
0.1906345 0.0376853 0.4697937 0 255 0
-0.1356392 0.0148391 0.5202580 0 255 0
0.2705423 0.0413206 0.4866041 0 255 0
-0.1008623 -0.0413733 0.5050747 0 255 0
-0.0946361 -0.0625605 0.4853033 0 255 0
-0.1540579 -0.0264955 0.4932292 0 255 0
-0.1782144 -0.0480287 0.5127767 0 255 0
0.2825033 0.0526426 0.4855715 0 255 0
0.2680198 0.0187557 0.4945933 0 255 0
0.2211941 -0.0149989 0.4963075 0 255 0
-0.1305126 -0.0250387 0.4874318 0 255 0
-0.1062166 -0.0376103 0.5023680 0 255 0
-0.1372123 -0.0486993 0.4950955 0 255 0
-0.1372229 -0.0886725 0.4909762 0 255 0
0.2228614 -0.0021643 0.4948371 0 255 0
-0.0982591 -0.0379083 0.5227558 0 255 0
0.2097054 0.0071642 0.4966837 0 255 0
0.2825807 -0.0955132 0.5736327 0 255 0
0.3276300 -0.0186138 0.5330343 0 255 0
0.2667757 0.0585378 0.4778125 0 255 0
0.2555444 -0.1033217 0.5953252 0 255 0
-0.1580071 -0.0137885 0.4947217 0 255 0
-0.1933760 -0.0651289 0.5052276 0 255 0
0.1934067 0.0561204 0.4580804 0 255 0
0.2055996 0.0174188 0.4896810 0 255 0
-0.0915701 -0.0577991 0.4933289 0 255 0
0.2578993 -0.0512521 0.5210477 0 255 0
-0.1489916 -0.0937383 0.4995285 0 255 0
-0.1680939 -0.0439702 0.5076523 0 255 0
0.3101073 0.0228635 0.5084081 0 255 0
-0.1631770 -0.0844091 0.4998890 0 255 0
0.3674622 -0.0213987 0.5400980 0 255 0
-0.2300667 0.0115606 0.5383694 0 255 0
0.2839476 -0.1073218 0.5791666 0 255 0
-0.1334689 -0.0896265 0.4898849 0 255 0
-0.1568818 -0.0783184 0.5060726 0 255 0
0.2257933 -0.0967556 0.5730078 0 255 0
0.1917807 0.0246139 0.4955459 0 255 0
-0.1685371 -0.0128087 0.5018770 0 255 0
-0.1362598 -0.0382880 0.4958577 0 255 0
-0.2205113 0.0189808 0.5335910 0 255 0
0.3243556 -0.0552844 0.5620422 0 255 0
0.3017260 -0.0022235 0.5083588 0 255 0
0.2058147 0.0071912 0.4985531 0 255 0
-0.0975064 -0.0598339 0.5320367 0 255 0
-0.2162320 0.0201858 0.5323047 0 255 0
-0.1007290 -0.0548962 0.4985483 0 255 0
-0.1686322 -0.0485536 0.5056941 0 255 0
0.2629606 0.0278858 0.4916448 0 255 0
-0.1866385 0.0498893 0.5161052 0 255 0
0.2189204 -0.0751237 0.5622632 0 255 0
-0.1174433 -0.0178152 0.5101650 0 255 0
-0.1584882 -0.0033364 0.4962280 0 255 0
0.2604456 -0.1050068 0.5969522 0 255 0
-0.1753838 -0.0177418 0.5080629 0 255 0
-0.2034657 -0.0325027 0.5348683 0 255 0
-0.1281059 -0.0645029 0.5003715 0 255 0
-0.1244133 -0.0683529 0.4859483 0 255 0
0.1971805 0.0530389 0.4593586 0 255 0
0.1901144 0.0417446 0.4658178 0 255 0
-0.1182916 0.0048012 0.4937172 0 255 0
-0.1181953 0.0131694 0.5031726 0 255 0
0.3478435 -0.0302296 0.5391587 0 255 0
0.2660612 0.0221757 0.4931144 0 255 0
-0.1537969 -0.0965962 0.4961213 0 255 0
0.2216985 0.0504741 0.4655690 0 255 0
0.2768742 0.0437056 0.4876998 0 255 0
-0.1567190 -0.0393309 0.4943207 0 255 0
0.2304742 -0.0538642 0.5226341 0 255 0
0.2523486 -0.0676685 0.5662110 0 255 0
-0.1287102 -0.0032897 0.4892769 0 255 0
-0.0860752 -0.0563410 0.5466659 0 255 0
-0.1855717 0.0450735 0.5165072 0 255 0
-0.1122953 -0.0491281 0.4878023 0 255 0
-0.0371038 -0.0479750 0.5253841 0 255 0
0.2027083 0.0129994 0.4966755 0 255 0
0.3490468 -0.0210524 0.5313594 0 255 0
-0.1148664 -0.0806161 0.4841639 0 255 0
-0.1595373 -0.0878667 0.4995125 0 255 0
-0.1038594 -0.0387910 0.5023717 0 255 0
-0.1461355 -0.0825241 0.5100176 0 255 0
0.2783455 0.0481480 0.4862710 0 255 0
-0.1818634 0.0199783 0.5268333 0 255 0
0.1933777 0.0177742 0.4996725 0 255 0
-0.1599489 -0.0804473 0.5045085 0 255 0
0.2363442 -0.0486455 0.5193617 0 255 0
0.2501248 -0.0092039 0.4982532 0 255 0
-0.1438839 -0.0513336 0.4980799 0 255 0
-0.1341294 -0.0581808 0.4965872 0 255 0
-0.1947097 -0.0663665 0.5056120 0 255 0
0.2368615 -0.0376100 0.5023632 0 255 0
-0.1109428 0.0072469 0.5024147 0 255 0
0.2042437 0.0036907 0.5004376 0 255 0
-0.1136095 0.0036771 0.4985940 0 255 0
-0.1517435 -0.0288135 0.4932314 0 255 0
-0.0961956 -0.0217507 0.5182485 0 255 0
-0.1617241 0.0403175 0.5177732 0 255 0
-0.0931126 -0.0734183 0.4892668 0 255 0
-0.1820750 -0.0750648 0.5002397 0 255 0
-0.1968685 -0.0449973 0.5339975 0 255 0
-0.1549832 -0.0673074 0.5037619 0 255 0
0.2854925 -0.0840025 0.5687065 0 255 0
0.2677200 -0.0233599 0.5005432 0 255 0
0.2550268 0.0094932 0.4964145 0 255 0
-0.1480575 -0.0597954 0.5003334 0 255 0
0.2244106 -0.0836215 0.5661271 0 255 0
0.2403822 0.0357036 0.4879707 0 255 0
-0.1216283 0.0208873 0.5508050 0 255 0
-0.0974153 -0.0047024 0.5182669 0 255 0
0.3098343 -0.0313634 0.5368799 0 255 0
0.2175467 0.0303285 0.4756017 0 255 0
0.2061598 -0.0652462 0.5459428 0 255 0
-0.1316586 -0.0170216 0.4874392 0 255 0
0.2365453 -0.0493987 0.5144967 0 255 0
-0.1702110 -0.0660688 0.5033439 0 255 0
-0.1369745 -0.0630851 0.4984584 0 255 0
-0.1214025 0.0071001 0.4922370 0 255 0
-0.1104874 -0.0675090 0.4799490 0 255 0
0.2025596 -0.0033956 0.5050231 0 255 0
-0.2014682 0.0236712 0.5263699 0 255 0
-0.2009877 0.0260825 0.5251145 0 255 0
0.2746368 -0.0079978 0.4960625 0 255 0
0.2484530 0.0199312 0.4949230 0 255 0
0.2958013 -0.0940885 0.5731646 0 255 0
-0.1979639 -0.0361852 0.5335722 0 255 0
0.2157607 0.0105624 0.4918866 0 255 0
0.2406518 -0.0173066 0.4956012 0 255 0
-0.1116927 0.0001630 0.5004917 0 255 0
0.2748815 -0.0686586 0.5424968 0 255 0
0.1745685 0.0810365 0.4651752 0 255 0
-0.1321193 0.0013318 0.4977953 0 255 0
-0.1049577 -0.0387612 0.5019857 0 255 0
-0.1629255 0.0074678 0.5177298 0 255 0
0.2081949 -0.0934071 0.5690135 0 255 0
-0.1696427 0.0162783 0.5272784 0 255 0
-0.2007940 -0.0324766 0.5344390 0 255 0
-0.2182826 0.0496485 0.5136145 0 255 0
0.2882819 -0.0463246 0.5207089 0 255 0
0.1962510 0.0479416 0.4622476 0 255 0
-0.0973739 -0.0574793 0.5452791 0 255 0
-0.0673706 -0.0553661 0.5028157 0 255 0
0.3223746 -0.0047407 0.5224890 0 255 0
0.2255976 -0.0953265 0.5725111 0 255 0
-0.1504524 -0.0846560 0.5084265 0 255 0
0.2800760 -0.0348994 0.5146127 0 255 0
0.2433253 0.0290386 0.4916032 0 255 0
-0.1973106 0.0014138 0.5284687 0 255 0
0.2735422 -0.0319186 0.5252568 0 255 0
0.2288350 -0.0207833 0.4951988 0 255 0
-0.1894475 0.0633610 0.5272947 0 255 0
0.1966349 0.0561213 0.4580875 0 255 0
-0.1772972 -0.0566066 0.5033401 0 255 0
-0.1552187 -0.0160652 0.4932396 0 255 0
-0.1254552 -0.0842727 0.4855672 0 255 0
0.3522272 -0.0185258 0.5305151 0 255 0
-0.1421724 0.0123254 0.5173738 0 255 0
-0.1342632 0.0248159 0.5244215 0 255 0
-0.0649614 -0.0565048 0.5024353 0 255 0
0.3571169 -0.0198365 0.5322359 0 255 0
0.1857533 0.0748122 0.4742205 0 255 0
-0.2131301 0.0447516 0.5128180 0 255 0
-0.1702100 -0.0486654 0.5068585 0 255 0
-0.0788396 -0.0502126 0.5498878 0 255 0
0.2561695 -0.0127260 0.4986388 0 255 0
0.3428495 -0.0513266 0.5620877 0 255 0
-0.1072207 -0.0242040 0.5186301 0 255 0
-0.0900750 -0.0575834 0.4914882 0 255 0
0.2360689 -0.0746352 0.5686067 0 255 0
0.2220166 0.0455174 0.4708783 0 255 0
-0.1276406 -0.0785103 0.4852110 0 255 0
-0.1745898 0.0187559 0.5272705 0 255 0
0.2863024 0.0048244 0.4961039 0 255 0
0.2693070 0.0500262 0.4823463 0 255 0
0.3253694 -0.0291029 0.5417677 0 255 0
-0.1492122 -0.0125698 0.4925178 0 255 0
-0.1104903 -0.0573607 0.4799615 0 255 0
-0.2041822 -0.0599288 0.5115067 0 255 0
0.2818380 -0.0378793 0.5223551 0 255 0
0.2965581 -0.0701002 0.5643656 0 255 0
0.2299199 0.0024627 0.4900798 0 255 0
0.1943487 0.0509857 0.4603116 0 255 0
0.2683784 0.0221759 0.4931196 0 255 0
0.2215592 -0.0720522 0.5589337 0 255 0
-0.1088333 0.0025305 0.5035654 0 255 0
0.2351865 -0.0428861 0.5089434 0 255 0
0.2625601 -0.0289194 0.5157908 0 255 0
0.3406442 -0.0072195 0.5241863 0 255 0
-0.2028637 -0.0477380 0.5365961 0 255 0
0.2075344 -0.0069239 0.5027188 0 255 0
-0.1150745 -0.0021643 0.4948305 0 255 0
-0.2443388 0.0151439 0.5309456 0 255 0
-0.1120494 -0.0129503 0.5074261 0 255 0
0.2792407 -0.0420939 0.5290469 0 255 0
0.2681377 0.0278244 0.4905619 0 255 0
0.3269621 0.0001693 0.5200342 0 255 0
0.2053041 -0.0357069 0.5088882 0 255 0
-0.1703574 0.0391301 0.5181609 0 255 0
-0.1476647 -0.0428812 0.4950797 0 255 0
-0.1852749 0.0248900 0.5259883 0 255 0
0.2174817 0.0581729 0.4658981 0 255 0
0.2393091 -0.0339143 0.5000868 0 255 0
-0.2197651 -0.0339505 0.5378945 0 255 0
0.1689003 0.0680489 0.4586762 0 255 0
0.2360654 -0.0813144 0.5685984 0 255 0
0.2047478 -0.0573598 0.5322798 0 255 0
-0.2362337 0.0430427 0.5213089 0 255 0
0.2275743 -0.0988758 0.5775274 0 255 0
-0.2058084 -0.0287089 0.5344326 0 255 0
-0.1068423 -0.0034358 0.5109993 0 255 0
0.2203496 -0.0280158 0.4996751 0 255 0
0.3288888 -0.0895220 0.5965840 0 255 0
0.2478452 0.0141481 0.4960312 0 255 0
0.2457590 0.0210623 0.4941769 0 255 0
0.2657904 -0.0775813 0.5609270 0 255 0
-0.1779085 -0.0059275 0.5189041 0 255 0
-0.1568641 0.0330178 0.5177748 0 255 0
0.2121085 0.0474913 0.4685203 0 255 0
-0.1231774 -0.0842735 0.4855722 0 255 0
-0.1506560 -0.0010144 0.5011653 0 255 0
0.2672839 -0.0291708 0.5202733 0 255 0
0.2864416 0.0604984 0.4845228 0 255 0
0.2007202 0.0095701 0.5004371 0 255 0
0.2171597 -0.0245306 0.5004310 0 255 0
0.2678974 0.0322675 0.4880268 0 255 0
0.1899374 0.0377659 0.4707985 0 255 0
-0.1602569 0.0390394 0.5169602 0 255 0
-0.1845513 0.0568016 0.5239341 0 255 0
-0.2271707 0.0128048 0.5374960 0 255 0
-0.1646111 0.0492067 0.5350566 0 255 0
-0.2100126 -0.0466666 0.5387829 0 255 0
-0.1292536 -0.0845210 0.4869981 0 255 0
0.2028717 -0.0397536 0.5148382 0 255 0
-0.1385805 -0.0911148 0.4917051 0 255 0
-0.1600521 0.0441767 0.5202380 0 255 0
-0.1795965 -0.0656136 0.4998762 0 255 0
0.1780819 0.0494044 0.4657986 0 255 0
0.2368810 -0.0869581 0.5705629 0 255 0
-0.2143603 0.0285259 0.5246660 0 255 0
-0.2323892 0.0238017 0.5292710 0 255 0
0.2295200 -0.0379556 0.5069800 0 255 0
-0.1670993 -0.0945448 0.4975954 0 255 0
-0.2073837 -0.0661939 0.5134892 0 255 0
-0.0985294 0.0001729 0.5308215 0 255 0
-0.1298880 -0.0558634 0.5073322 0 255 0
0.2565912 0.0176058 0.4949380 0 255 0
-0.1209836 -0.0255016 0.5202402 0 255 0
0.1729663 0.0625733 0.4580413 0 255 0
-0.1327021 0.0272436 0.5484904 0 255 0
-0.2426711 0.0001781 0.5468426 0 255 0
-0.0646147 -0.0632491 0.4997544 0 255 0
0.2130882 0.0094416 0.4937185 0 255 0
0.2312005 0.0511256 0.4715786 0 255 0
0.2747122 0.0198145 0.4920273 0 255 0
0.2173814 -0.0433850 0.5148641 0 255 0
0.2221968 0.0013199 0.4933615 0 255 0
0.2450266 0.0256304 0.4927044 0 255 0
-0.1493772 -0.0799405 0.5088285 0 255 0
0.2845142 -0.0440510 0.5227674 0 255 0
0.2652989 0.0210483 0.4938497 0 255 0
0.2468564 -0.0010047 0.4963836 0 255 0
-0.0949832 -0.0071380 0.5182692 0 255 0
0.2399389 -0.0314928 0.4989559 0 255 0
0.3007686 -0.1066237 0.5827895 0 255 0
-0.2183076 -0.0480886 0.5405370 0 255 0
0.2279564 0.0024663 0.4908050 0 255 0
-0.2259105 0.0128049 0.5374988 0 255 0
-0.1423972 0.0147801 0.5181922 0 255 0
-0.1080778 -0.0386133 0.5000695 0 255 0
0.2052391 -0.0188507 0.5057849 0 255 0
-0.1828080 0.0248903 0.5259938 0 255 0
0.2303770 -0.0923974 0.5710365 0 255 0
0.3297890 -0.0160313 0.5304706 0 255 0
-0.1383966 -0.0263785 0.4910523 0 255 0
0.2418216 -0.0103197 0.4956149 0 255 0
0.2626022 0.0164556 0.4953214 0 255 0
0.2664945 -0.0976432 0.5948188 0 255 0
-0.1469096 0.0098860 0.5169534 0 255 0
-0.1100074 -0.0531606 0.4827859 0 255 0
0.2217511 -0.0751887 0.5627495 0 255 0
-0.1734645 -0.0819319 0.4991097 0 255 0
-0.1853535 -0.0108127 0.5192919 0 255 0
-0.2243610 0.0320699 0.5221503 0 255 0
-0.1823249 -0.0484817 0.5176135 0 255 0
0.1854895 0.0592244 0.4571145 0 255 0
-0.0983146 -0.0313926 0.5166013 0 255 0
-0.1752678 -0.0370705 0.5112021 0 255 0
-0.2054929 0.0102046 0.5336132 0 255 0
0.1752965 0.0517393 0.4671152 0 255 0
0.3103438 -0.0475449 0.5489239 0 255 0
-0.1793227 -0.0678592 0.4991142 0 255 0
0.2343540 -0.1102063 0.5947328 0 255 0
-0.1167449 -0.0367062 0.5231301 0 255 0
0.3281343 -0.0097132 0.5258240 0 255 0
-0.1414335 -0.0415938 0.4936073 0 255 0
-0.1246415 -0.0340573 0.5202200 0 255 0
0.2548080 -0.0080333 0.4982649 0 255 0
0.2049533 0.0060288 0.4993050 0 255 0
0.2961932 -0.1086874 0.5791917 0 255 0
0.2088946 0.0162563 0.4893234 0 255 0
-0.1484748 0.0172150 0.5181819 0 255 0
-0.1246107 -0.0573667 0.5100988 0 255 0
0.3074699 0.0085210 0.5079933 0 255 0
-0.1934276 -0.0121574 0.5246643 0 255 0
-0.0987782 -0.0400779 0.5190370 0 255 0
0.2195265 -0.0103654 0.4978085 0 255 0
0.2253547 -0.0794951 0.5651629 0 255 0
-0.1676112 -0.0842792 0.4991196 0 255 0
0.2699459 0.0435113 0.4855313 0 255 0
-0.1852740 -0.0600601 0.5025480 0 255 0
-0.0944792 -0.0408525 0.5290691 0 255 0
0.2459354 -0.0269469 0.5016333 0 255 0
0.2324438 -0.0160572 0.4929936 0 255 0
-0.1202393 -0.0195011 0.4922040 0 255 0
0.2981362 -0.0105847 0.5083407 0 255 0
-0.2253556 0.0438176 0.5160099 0 255 0
-0.2360077 0.0176684 0.5318270 0 255 0
0.2636746 -0.0873875 0.5916237 0 255 0
0.2705249 -0.0851729 0.5766305 0 255 0
-0.2012637 0.0472011 0.5132477 0 255 0
0.2207292 0.0215903 0.4800961 0 255 0
0.2627967 0.0118088 0.4956882 0 255 0
-0.2348226 0.0381124 0.5208924 0 255 0
0.3403784 -0.0010602 0.5237772 0 255 0
0.2000711 -0.0561989 0.5331323 0 255 0
-0.1629365 0.0354503 0.5177644 0 255 0
0.2940643 0.0036977 0.5013978 0 255 0
0.2472602 0.0345580 0.4879844 0 255 0
-0.1971677 -0.0272987 0.5314264 0 255 0
0.1697260 0.0651324 0.4609185 0 255 0
-0.2036290 -0.0375600 0.5352976 0 255 0
-0.2307457 -0.0036708 0.5459547 0 255 0
0.3330790 -0.0097134 0.5258375 0 255 0
-0.1993740 -0.0424876 0.5339952 0 255 0
0.2612466 -0.0197861 0.4993964 0 255 0
-0.2038620 -0.0658350 0.5107045 0 255 0
0.2110300 0.0048337 0.4970581 0 255 0
-0.2199572 -0.0099448 0.5383649 0 255 0
0.2069918 -0.0606712 0.5284414 0 255 0
0.1870402 -0.0644389 0.5500013 0 255 0
-0.1228346 -0.0460614 0.5177501 0 255 0
0.2300775 -0.0713466 0.5637355 0 255 0
0.3249716 0.0013880 0.5188047 0 255 0
0.2790231 -0.0970284 0.5746234 0 255 0
0.2726636 0.0117827 0.4945949 0 255 0
-0.1035111 -0.0737953 0.4841973 0 255 0
0.2747819 -0.0573766 0.5324360 0 255 0
0.2394855 -0.0207999 0.4955944 0 255 0
0.2480284 0.0083265 0.4963977 0 255 0
0.1928122 0.0264461 0.4864129 0 255 0
-0.1943658 -0.0412338 0.5340077 0 255 0
0.3255891 -0.0160698 0.5317440 0 255 0
0.2698020 0.0564563 0.4792043 0 255 0
-0.1697798 0.0187714 0.5277046 0 255 0
0.2911790 -0.1148340 0.5827583 0 255 0
0.2032963 0.0364794 0.4684836 0 255 0
-0.1364027 -0.0148740 0.4921742 0 255 0
0.2835245 -0.0519139 0.5277764 0 255 0
-0.2037473 0.0139324 0.5323244 0 255 0
0.1863708 -0.0659511 0.5518410 0 255 0
0.2096945 -0.0442476 0.5108554 0 255 0
0.2265833 0.0552417 0.4688946 0 255 0
-0.1590126 -0.0734489 0.5052954 0 255 0
0.2681309 -0.1033265 0.5953528 0 255 0
-0.1535844 -0.0464045 0.4954357 0 255 0
-0.0990241 -0.0451766 0.5078053 0 255 0
-0.2370558 0.0091048 0.5428007 0 255 0
-0.2224621 0.0250464 0.5292944 0 255 0
-0.0766380 -0.0648548 0.4940946 0 255 0
0.1987282 0.0428108 0.4655093 0 255 0
0.2455052 -0.0010040 0.4960074 0 255 0
0.2721120 0.0521796 0.4813011 0 255 0
-0.1006607 -0.0265164 0.5161980 0 255 0
-0.1016296 -0.0653520 0.4806732 0 255 0
0.2557024 0.0443556 0.4823070 0 255 0
-0.0985576 -0.0743446 0.4878013 0 255 0
0.3051671 -0.1035212 0.5807489 0 255 0
0.2210384 0.0024792 0.4933604 0 255 0
-0.2364017 0.0249445 0.5271395 0 255 0
0.3557418 -0.0478565 0.5679282 0 255 0
0.2977780 0.0025311 0.5036988 0 255 0
0.1734349 0.0705001 0.4536436 0 255 0
0.3576978 -0.0161109 0.5331017 0 255 0
-0.1663130 -0.0877307 0.4987392 0 255 0
0.2835432 0.0036531 0.4953514 0 255 0
0.2629907 0.0059895 0.4960543 0 255 0
0.2017229 -0.0261411 0.5088922 0 255 0
-0.1043188 0.0063074 0.5223835 0 255 0
0.2701374 -0.0886205 0.5905758 0 255 0
-0.1164392 -0.0523710 0.4859857 0 255 0
-0.1532055 -0.0918084 0.5018113 0 255 0
-0.1064573 -0.0438214 0.4925716 0 255 0
0.2388727 0.0105635 0.4919373 0 255 0
0.2951219 -0.0081455 0.5052226 0 255 0
-0.2451896 0.0188563 0.5300911 0 255 0
-0.2036319 0.0643896 0.5255778 0 255 0
-0.2018900 0.0388797 0.5148448 0 255 0
-0.1327790 -0.0834375 0.4873529 0 255 0
0.2354450 -0.0455590 0.5121036 0 255 0
0.2366490 0.0524601 0.4736234 0 255 0
-0.1457465 -0.0137273 0.4925239 0 255 0
0.2233731 -0.0316342 0.5011967 0 255 0
0.2276475 -0.0044698 0.4926291 0 255 0
-0.1398497 -0.0511407 0.4962083 0 255 0
0.2293441 -0.0367362 0.5065916 0 255 0
-0.1677958 0.0415331 0.5177613 0 255 0
0.2987335 -0.0215501 0.5134682 0 255 0
0.2619791 -0.0315651 0.5194390 0 255 0
0.2864042 0.0245505 0.4942702 0 255 0
-0.2138358 -0.0526924 0.5356903 0 255 0
0.2987929 0.0249063 0.5014344 0 255 0
-0.1937500 0.0308468 0.5222145 0 255 0
-0.2004317 -0.0023189 0.5301633 0 255 0
0.3468232 -0.0072717 0.5279744 0 255 0
0.2705056 -0.1079133 0.5975120 0 255 0
-0.1253996 0.0221627 0.5503371 0 255 0
-0.1867862 0.0523561 0.5165136 0 255 0
0.3297112 -0.0122428 0.5283509 0 255 0
0.1981256 0.0302603 0.4745324 0 255 0
0.2583408 0.0290405 0.4916361 0 255 0
-0.1553365 -0.0125978 0.4936141 0 255 0
-0.1481199 0.0038124 0.5169432 0 255 0
0.2412198 0.0408035 0.4805144 0 255 0
0.2248547 -0.0266806 0.4966750 0 255 0
0.2180201 0.0326344 0.4766366 0 255 0
0.2544011 -0.0174520 0.4997627 0 255 0
-0.2177520 0.0389074 0.5152110 0 255 0
0.2404270 0.0483211 0.4767065 0 255 0
0.2822099 -0.0781180 0.5648078 0 255 0
-0.1743235 -0.0261183 0.5084481 0 255 0
0.2358675 -0.0500232 0.5210009 0 255 0
-0.0581968 -0.0502170 0.5499360 0 255 0
0.2861445 -0.0211539 0.5040289 0 255 0
0.2170776 0.0094137 0.4922553 0 255 0
-0.1395446 -0.0356082 0.4910369 0 255 0
-0.2143319 0.0435462 0.5128139 0 255 0
-0.1012659 0.0039242 0.5321090 0 255 0
0.2082571 0.0194319 0.4825251 0 255 0
-0.1310557 -0.0518074 0.5026775 0 255 0
0.2225287 -0.0984425 0.5749963 0 255 0
-0.1456349 -0.0206552 0.4921467 0 255 0
-0.1443660 0.0346862 0.5439379 0 255 0
0.2640015 0.0498792 0.4809297 0 255 0
0.3260210 -0.0608780 0.5649280 0 255 0
-0.2070717 0.0639284 0.5218130 0 255 0
0.3448878 -0.0263001 0.5365290 0 255 0
-0.2120215 0.0249871 0.5280408 0 255 0
-0.1458118 0.0098938 0.5173628 0 255 0
-0.2152792 -0.0288013 0.5361542 0 255 0
0.2606613 0.0083207 0.4960521 0 255 0
0.2695796 0.0083085 0.4953266 0 255 0
-0.1181866 -0.0794190 0.4838015 0 255 0
-0.1263159 -0.0193701 0.4888983 0 255 0
0.2838759 -0.0187137 0.5021085 0 255 0
-0.2127130 -0.0479712 0.5392178 0 255 0
-0.1263845 -0.0952416 0.4891641 0 255 0
0.2464234 -0.1050014 0.5969214 0 255 0
0.2390471 0.0036306 0.4922963 0 255 0
0.1836978 0.0411721 0.4717995 0 255 0
-0.1155178 -0.0367064 0.5231327 0 255 0
0.2875801 0.0604987 0.4845254 0 255 0
0.2709912 0.0289130 0.4894776 0 255 0
-0.0985494 -0.0217334 0.5178351 0 255 0
0.2211992 -0.0056695 0.4963191 0 255 0
-0.0688855 -0.0651996 0.4967219 0 255 0
0.2101912 -0.0970024 0.5744695 0 255 0
0.2551923 0.0593139 0.4750364 0 255 0
-0.1461743 -0.0404636 0.4939694 0 255 0
-0.0732700 -0.0684410 0.4948414 0 255 0
-0.2423887 0.0286369 0.5267082 0 255 0
-0.0884575 -0.0653248 0.4889232 0 255 0
0.1923114 0.0458646 0.4632104 0 255 0
-0.1532148 0.0159845 0.5177617 0 255 0
0.3462703 -0.0047829 0.5271328 0 255 0
0.2569436 -0.1019237 0.5953300 0 255 0
0.2066586 -0.0369313 0.5092829 0 255 0
0.1684823 0.0681075 0.4664596 0 255 0
-0.2159613 0.0308684 0.5225811 0 255 0
-0.1666674 -0.0719825 0.5033444 0 255 0
-0.2171291 0.0214018 0.5314428 0 255 0
0.2784679 0.0024854 0.4945962 0 255 0
0.2099610 -0.0916750 0.5665723 0 255 0
-0.1409912 -0.0946500 0.4920638 0 255 0
0.2256705 -0.0044764 0.4933619 0 255 0
-0.1670390 0.0249318 0.5268720 0 255 0
-0.1859151 0.0285067 0.5243125 0 255 0
0.2550008 -0.0593464 0.5277020 0 255 0
0.3387643 -0.0484780 0.5596971 0 255 0
0.2840842 -0.0480786 0.5265181 0 255 0
0.3163280 -0.0210327 0.5308617 0 255 0
-0.1879979 0.0535697 0.5165124 0 255 0
0.2871062 0.0388968 0.4995281 0 255 0
-0.1352849 -0.0285162 0.4881410 0 255 0
0.3266422 0.0062496 0.5175934 0 255 0
0.2443371 -0.0056658 0.4959990 0 255 0
0.2706222 -0.0901697 0.5916355 0 255 0
0.2729395 -0.0612773 0.5337202 0 255 0
0.3259863 -0.0122426 0.5283427 0 255 0
-0.1767106 0.0391907 0.5189627 0 255 0
0.2075351 -0.0344850 0.5085020 0 255 0
-0.2510196 0.0014593 0.5454630 0 255 0
-0.1268941 -0.0421457 0.5145031 0 255 0
0.2512961 -0.0080332 0.4982572 0 255 0
-0.1830586 -0.0565618 0.5029421 0 255 0
-0.1610202 -0.0507751 0.5041557 0 255 0
0.2542875 0.0256315 0.4927247 0 255 0
-0.1716905 -0.0010495 0.5185143 0 255 0
0.3409261 -0.0316767 0.5422439 0 255 0
0.1746949 0.0518862 0.4684414 0 255 0
0.2565549 -0.0174389 0.4993891 0 255 0
0.2113375 -0.0271910 0.5061764 0 255 0
0.2477611 0.0301719 0.4912482 0 255 0
-0.1818345 -0.0203173 0.5128046 0 255 0
-0.1670545 -0.0638514 0.5045134 0 255 0
-0.0573670 -0.0535791 0.5082791 0 255 0
0.2283682 0.0263339 0.4843496 0 255 0
-0.2067362 0.0237087 0.5272032 0 255 0
-0.1128888 -0.0219220 0.5223296 0 255 0
-0.0989687 -0.0703841 0.4842115 0 255 0
0.2724155 -0.0642528 0.5376300 0 255 0
0.2816133 -0.0431299 0.5265188 0 255 0
-0.1968690 -0.0437427 0.5339991 0 255 0
-0.2093860 -0.0525222 0.5339606 0 255 0
-0.1784781 -0.0554237 0.5033389 0 255 0
0.1837543 0.0431426 0.4691169 0 255 0
0.2135941 0.0580079 0.4645770 0 255 0
0.2190274 -0.0150101 0.4966767 0 255 0
-0.2111053 -0.0415688 0.5383452 0 255 0
0.2485297 -0.0186257 0.4997484 0 255 0
-0.2413918 0.0053179 0.5468518 0 255 0
-0.1884350 0.0403128 0.5177132 0 255 0
-0.2379420 0.0066140 0.5477733 0 255 0
-0.1568341 -0.0451717 0.4946839 0 255 0
0.2848130 0.0210344 0.4935230 0 255 0
-0.1853751 0.0379998 0.5193524 0 255 0
0.2180511 0.0036466 0.4944627 0 255 0
0.2064590 0.0491336 0.4632454 0 255 0
-0.1359259 0.0049803 0.5121376 0 255 0
-0.1022842 -0.0355215 0.5062457 0 255 0
-0.1962184 0.0248689 0.5255435 0 255 0
-0.1572178 -0.0873583 0.5033461 0 255 0
0.2726870 0.0334398 0.4884000 0 255 0
0.2834394 0.0187009 0.4931482 0 255 0
0.3207368 0.0182828 0.5139697 0 255 0
0.2507344 0.0013300 0.4971434 0 255 0
0.1971124 0.0121336 0.5093226 0 255 0
-0.1967121 -0.0374390 0.5335734 0 255 0
-0.1914519 -0.0569519 0.5064107 0 255 0
0.2764115 0.0266924 0.4909436 0 255 0
-0.1929847 0.0331694 0.5201519 0 255 0
-0.0844994 -0.0577143 0.4926052 0 255 0
0.2004982 0.0280505 0.4748766 0 255 0
-0.1719774 0.0150271 0.5268489 0 255 0
0.2417668 -0.0376394 0.5027570 0 255 0
0.2758102 -0.0808391 0.5652748 0 255 0
-0.2058252 0.0064534 0.5344762 0 255 0
-0.2081605 0.0495345 0.5124348 0 255 0
-0.1831509 0.0487154 0.5165170 0 255 0
0.1794839 -0.0741793 0.5754342 0 255 0
-0.2057580 0.0507393 0.5124416 0 255 0
-0.1097608 -0.0722834 0.4817036 0 255 0
0.3183269 -0.0622564 0.5653910 0 255 0
-0.1645726 -0.0022538 0.5152781 0 255 0
-0.1434069 -0.0895057 0.5088298 0 255 0
0.3146655 -0.0819759 0.5732239 0 255 0
-0.2058983 -0.0110654 0.5314273 0 255 0
0.2470921 -0.1123184 0.5985410 0 255 0
-0.2176217 -0.0174490 0.5357257 0 255 0
-0.1733543 0.0212341 0.5272763 0 255 0
-0.1831810 -0.0179214 0.5132052 0 255 0
0.2059575 -0.0093218 0.5046366 0 255 0
-0.1725538 0.0527197 0.5324426 0 255 0
0.2001742 0.0500100 0.4612890 0 255 0
-0.2129683 0.0531461 0.5124288 0 255 0
0.2774567 -0.1048961 0.5884621 0 255 0
0.2478171 0.0452890 0.4801872 0 255 0
-0.1773092 0.0309720 0.5243345 0 255 0
-0.1756317 0.0380013 0.5193738 0 255 0
-0.1016884 -0.0752661 0.4863493 0 255 0
-0.2477979 -0.0023917 0.5468281 0 255 0
0.3338924 -0.0186142 0.5330465 0 255 0
-0.2199688 0.0128262 0.5383931 0 255 0
-0.1674444 -0.0533062 0.5056908 0 255 0
0.3034214 -0.0717967 0.5672925 0 255 0
0.2547199 0.0344826 0.4869201 0 255 0
0.2750706 -0.0407847 0.5281917 0 255 0
0.1946985 0.0166128 0.5000530 0 255 0
-0.1967090 0.0126307 0.5301901 0 255 0
-0.1712713 -0.0381831 0.5100188 0 255 0
0.3156672 0.0001679 0.5155398 0 255 0
0.2497038 -0.0186258 0.4997510 0 255 0
-0.2017402 0.0557748 0.5144629 0 255 0
0.2253853 -0.0525935 0.5222105 0 255 0
0.2630117 -0.1049128 0.5964175 0 255 0
-0.2424736 0.0078813 0.5463976 0 255 0
-0.0992490 -0.0365926 0.5215111 0 255 0
-0.0936359 -0.0626533 0.4860230 0 255 0
-0.1620037 -0.0867582 0.4998887 0 255 0
-0.1083766 -0.0082642 0.5125838 0 255 0
-0.1591678 0.0342072 0.5173635 0 255 0
0.2466854 -0.0293937 0.5031631 0 255 0
0.1873471 -0.0756955 0.5665425 0 255 0
0.2442802 -0.1123172 0.5985348 0 255 0
0.1734713 0.0518490 0.4681061 0 255 0
0.1918224 0.0297216 0.4839157 0 255 0
-0.1017778 -0.0677095 0.4813740 0 255 0
0.2703778 -0.0138462 0.4967932 0 255 0
0.3424209 -0.0072311 0.5250242 0 255 0
0.2432128 0.0334848 0.4890571 0 255 0
0.3340256 -0.0371379 0.5476212 0 255 0
0.1806949 0.0622731 0.4558441 0 255 0
0.2097989 -0.0033597 0.4996824 0 255 0
0.2018690 -0.0461254 0.5184695 0 255 0
-0.1553375 -0.0102781 0.4936170 0 255 0
0.2339744 -0.0513687 0.5222335 0 255 0
0.1866607 0.0419512 0.4681228 0 255 0
0.2653050 -0.0672155 0.5411415 0 255 0
-0.2014191 0.0436167 0.5136442 0 255 0
-0.1507755 0.0407391 0.5394667 0 255 0
0.2840723 0.0117745 0.4942494 0 255 0
-0.1359943 -0.0182885 0.4907010 0 255 0
0.2788586 -0.0627359 0.5354654 0 255 0
0.2171865 -0.0127046 0.4978005 0 255 0
0.2855642 0.0013292 0.4968452 0 255 0
0.3313650 -0.0344215 0.5453576 0 255 0
0.1823291 0.0531091 0.4599668 0 255 0
0.3327262 -0.0147495 0.5292020 0 255 0
0.3243722 -0.0072133 0.5237346 0 255 0
0.2044488 0.0076664 0.5315024 0 255 0
0.2717039 0.0094654 0.4949611 0 255 0
0.2042091 -0.0164865 0.5061740 0 255 0
-0.0480486 -0.0574302 0.5106633 0 255 0
-0.1157471 -0.0781682 0.4830971 0 255 0
-0.1883604 -0.0022931 0.5242689 0 255 0
-0.1395458 -0.0333009 0.4910412 0 255 0
-0.1012675 -0.0504788 0.5012137 0 255 0
-0.2478260 0.0464399 0.5468902 0 255 0
0.2460580 0.0324081 0.4901522 0 255 0
-0.1670723 0.0308993 0.5231047 0 255 0
-0.1418204 0.0025715 0.5117229 0 255 0
0.2000329 0.0250637 0.4818089 0 255 0
-0.0766376 -0.0671764 0.4940917 0 255 0
0.2177465 0.0105468 0.4911582 0 255 0
0.2693990 0.0413204 0.4866016 0 255 0
0.2879025 0.0059992 0.4968561 0 255 0
0.2507351 0.0024982 0.4971448 0 255 0
-0.1055095 -0.0058967 0.5162129 0 255 0
0.1807797 0.0462518 0.4671204 0 255 0
-0.2452309 -0.0075314 0.5468274 0 255 0
0.2184888 0.0248479 0.4776612 0 255 0
-0.1286799 -0.0929424 0.4891619 0 255 0
0.2520933 -0.0443246 0.5117440 0 255 0
-0.1166290 -0.0587438 0.4820561 0 255 0
0.2883349 0.0025005 0.4976022 0 255 0
0.2346347 0.0116239 0.4879259 0 255 0
0.2497629 -0.0535293 0.5193850 0 255 0
0.2309727 -0.0487982 0.5209917 0 255 0
-0.0940507 -0.0721075 0.4881763 0 255 0
-0.1524856 -0.0785009 0.5072519 0 255 0
0.2626047 -0.0115286 0.4975285 0 255 0
0.1878995 -0.0600118 0.5450059 0 255 0
0.2015241 0.0343505 0.4694776 0 255 0
0.2308546 0.0127513 0.4871981 0 255 0
0.1953352 0.0335088 0.4731684 0 255 0
0.3527956 -0.0354132 0.5409314 0 255 0
-0.1842319 -0.0010587 0.5230274 0 255 0
0.2644683 -0.0673258 0.5420295 0 255 0
0.2102074 -0.0885561 0.5636678 0 255 0
-0.1072939 0.0085121 0.5074632 0 255 0
-0.1729726 -0.0579234 0.5045078 0 255 0
0.2128401 -0.0989570 0.5780018 0 255 0
0.2689914 -0.0886996 0.5911030 0 255 0
-0.2097383 -0.0592794 0.5163190 0 255 0
-0.1988600 0.0619702 0.5260060 0 255 0
-0.0988961 -0.0691956 0.4838566 0 255 0
-0.1501364 0.0001652 0.5073587 0 255 0
-0.1946504 0.0473504 0.5148712 0 255 0
0.2192542 -0.0981847 0.5734906 0 255 0
0.2237932 -0.0449116 0.5185216 0 255 0
0.3446082 -0.0250191 0.5360941 0 255 0
-0.1512329 -0.0584855 0.4991876 0 255 0
0.2932155 -0.1058719 0.5786801 0 255 0
-0.2196161 0.0177558 0.5344599 0 255 0
-0.1756507 0.0100028 0.5230600 0 255 0
0.3116786 -0.0593441 0.5629691 0 255 0
0.2395807 -0.0021580 0.4933953 0 255 0
0.3148643 -0.0567964 0.5639423 0 255 0
0.1986495 0.0571587 0.4577753 0 255 0
0.2510824 -0.1108132 0.5980082 0 255 0
0.3425582 -0.0499634 0.5616100 0 255 0
0.2083710 -0.0820260 0.6731123 0 255 0
0.2860879 0.0059856 0.4957321 0 255 0
0.3527976 -0.0328713 0.5409346 0 255 0
-0.1709913 -0.0877289 0.4987289 0 255 0
-0.0821877 -0.0600296 0.4926074 0 255 0
0.2828119 -0.0309108 0.5086725 0 255 0
0.2632840 -0.0582952 0.5294167 0 255 0
0.2291359 0.0397300 0.4811877 0 255 0
-0.1283281 0.0106655 0.4966867 0 255 0
0.2396435 0.0534971 0.4729522 0 255 0
-0.1243806 -0.0505682 0.5140957 0 255 0
-0.1840999 0.0321007 0.5226527 0 255 0
0.3103516 -0.0903682 0.5752018 0 255 0
0.2738813 -0.0115118 0.4968037 0 255 0
0.2052415 -0.0140970 0.5057908 0 255 0
-0.2313248 0.0014643 0.5473249 0 255 0
-0.2452359 0.0014630 0.5468385 0 255 0
0.2744329 -0.0246114 0.5020791 0 255 0
0.2377891 -0.0149438 0.4944855 0 255 0
-0.1564964 -0.0067985 0.4936188 0 255 0
0.2567021 -0.1094106 0.5980223 0 255 0
-0.1803616 0.0391901 0.5189547 0 255 0
0.2765548 -0.0033304 0.4953275 0 255 0
0.2318323 0.0184621 0.4868502 0 255 0
0.2102128 -0.0152157 0.5034824 0 255 0
0.3176675 -0.0250773 0.5373422 0 255 0
-0.2175950 -0.0416018 0.5387725 0 255 0
0.2529414 0.0267692 0.4923553 0 255 0
-0.1354880 -0.0228153 0.4888739 0 255 0
0.2539893 0.0376374 0.4833550 0 255 0
0.2068925 0.0268967 0.4742062 0 255 0
0.2414440 -0.0889935 0.5750524 0 255 0
0.2558890 0.0432538 0.4826589 0 255 0
-0.1095908 -0.0831994 0.4859625 0 255 0
0.3088728 -0.0119640 0.5163169 0 255 0
0.2463291 0.0440960 0.4794844 0 255 0
0.2742631 -0.0507937 0.5290252 0 255 0
0.2073289 0.0563983 0.4603491 0 255 0
-0.1815529 -0.0166766 0.5120104 0 255 0
-0.1346178 -0.0896260 0.4898824 0 255 0
0.2750956 -0.0962567 0.5863729 0 255 0
-0.1325154 -0.0955234 0.4906114 0 255 0
-0.2056042 0.0654671 0.5243165 0 255 0
-0.2174230 0.0027211 0.5414933 0 255 0
-0.1339648 -0.0992025 0.4917053 0 255 0
0.2003803 -0.0824802 0.5584006 0 255 0
-0.1396153 -0.0774335 0.5080687 0 255 0
-0.1555737 -0.0033239 0.4943678 0 255 0
0.2812978 -0.0234146 0.5017136 0 255 0
-0.1268305 0.0181202 0.5093982 0 255 0
-0.0885220 -0.0711209 0.4892798 0 255 0
0.2152146 0.0171773 0.4828909 0 255 0
0.1920639 -0.0635388 0.5423187 0 255 0
0.3433287 -0.0343380 0.5440346 0 255 0
-0.1116976 -0.0574023 0.4803096 0 255 0
0.2373077 -0.0402464 0.5058272 0 255 0
0.2492612 -0.0648957 0.5652363 0 255 0
-0.1850142 -0.0071863 0.5217718 0 255 0
0.2049780 0.0332715 0.4698183 0 255 0
-0.1910824 -0.0473153 0.5318453 0 255 0
0.2407740 0.0461473 0.4773945 0 255 0
-0.1292758 -0.0181536 0.4870817 0 255 0
0.2343502 0.0013102 0.4897241 0 255 0
-0.1426572 -0.0837886 0.5104199 0 255 0
-0.1938899 -0.0486431 0.5327002 0 255 0
0.2808734 -0.0882375 0.5701670 0 255 0
0.1829993 0.0757079 0.4728555 0 255 0
0.2190989 0.0160782 0.4839612 0 255 0
-0.1204604 -0.0657789 0.4838135 0 255 0
0.3287659 -0.0225349 0.5369323 0 255 0
0.2596912 0.0199023 0.4942060 0 255 0
0.3434509 -0.0441222 0.5545392 0 255 0
-0.2175822 0.0400867 0.5148091 0 255 0
-0.1480909 -0.0966716 0.4965087 0 255 0
-0.1608575 0.0162658 0.5268748 0 255 0
0.2376084 -0.0773741 0.5690978 0 255 0
-0.1928437 0.0559962 0.5165048 0 255 0
-0.1102466 -0.0651114 0.4789033 0 255 0
-0.1244428 -0.0401052 0.5193907 0 255 0
-0.1149866 -0.0068100 0.4944527 0 255 0
-0.2245606 0.0298052 0.5254846 0 255 0
0.2346300 0.0575296 0.4695826 0 255 0
0.1883532 0.0300743 0.4896589 0 255 0
-0.2297744 0.0201683 0.5318438 0 255 0
0.2424562 0.0387429 0.4829772 0 255 0
-0.2088982 -0.0085888 0.5327168 0 255 0
-0.1464267 -0.0736795 0.5068824 0 255 0
-0.1696442 0.0199953 0.5272830 0 255 0
0.1758489 0.0574312 0.4599580 0 255 0
0.3315786 -0.0097056 0.5254155 0 255 0
0.1868668 -0.0701902 0.5650900 0 255 0
0.2648602 -0.0933661 0.5942839 0 255 0
-0.0492853 -0.0550731 0.5110604 0 255 0
-0.2156523 0.0140570 0.5370834 0 255 0
0.2103089 -0.0295922 0.5065601 0 255 0
0.2518038 -0.1049084 0.5963929 0 255 0
-0.1085250 -0.0156861 0.5190473 0 255 0
0.3306295 0.0013913 0.5200437 0 255 0
0.3111556 -0.0650787 0.5668300 0 255 0
-0.1361383 0.0061934 0.5129380 0 255 0
0.1756043 0.0584306 0.4593180 0 255 0
-0.2145445 -0.0339234 0.5374659 0 255 0
0.2132512 -0.0469033 0.5136469 0 255 0
0.3485145 -0.0236829 0.5343674 0 255 0
-0.1959139 0.0014127 0.5280470 0 255 0
0.2973507 -0.0999967 0.5761670 0 255 0
0.2024514 -0.0435524 0.5168500 0 255 0
-0.1952656 0.0572091 0.5164983 0 255 0
-0.1033637 -0.0555123 0.4835078 0 255 0
-0.1845087 0.0523978 0.5169249 0 255 0
0.2190905 -0.0510420 0.5189120 0 255 0
0.2781485 -0.0656781 0.5389594 0 255 0
-0.2095712 -0.0640812 0.5159077 0 255 0
0.2368622 -0.0364296 0.5023646 0 255 0
0.3421458 -0.0467277 0.5545332 0 255 0
-0.1278281 -0.0820510 0.4859238 0 255 0
-0.1385297 -0.0786879 0.5084602 0 255 0
0.2595088 -0.0962433 0.5948052 0 255 0
-0.0872851 -0.0562939 0.5462090 0 255 0
-0.1575867 -0.0697806 0.5045269 0 255 0
-0.0696768 -0.0541428 0.5024279 0 255 0
0.2868511 0.0478532 0.4950415 0 255 0
0.1709344 0.0647706 0.4583579 0 255 0
0.1955498 -0.0592297 0.5379037 0 255 0
-0.2026590 0.0051808 0.5327476 0 255 0
-0.1383955 0.0273674 0.5260945 0 255 0
0.2127784 -0.0730530 0.5565523 0 255 0
0.2774169 -0.1101249 0.5942938 0 255 0
0.2100844 0.0291049 0.4738753 0 255 0
0.3149157 0.0085940 0.5123487 0 255 0
-0.1916249 0.0414309 0.5164867 0 255 0
0.2632231 -0.0341676 0.5219054 0 255 0
0.2944166 0.0200556 0.4980128 0 255 0
0.1843081 0.0490252 0.4622228 0 255 0
0.1938059 0.0396398 0.4668101 0 255 0
-0.1399439 -0.0710259 0.5049520 0 255 0
0.2743063 0.0232485 0.4913003 0 255 0
0.2976034 0.0095888 0.5014129 0 255 0
-0.0370744 -0.0454700 0.5249679 0 255 0
0.2774641 -0.0344148 0.5256810 0 255 0
0.2540746 0.0570809 0.4750312 0 255 0
0.2059765 -0.0813080 0.5593626 0 255 0
0.1940793 0.0479411 0.4622428 0 255 0
0.2866125 0.0152703 0.4946297 0 255 0
0.3003641 -0.0942540 0.5741730 0 255 0
0.2618463 -0.1078121 0.5969517 0 255 0
0.2099044 0.0441875 0.4685090 0 255 0
-0.1318310 -0.0847084 0.4880776 0 255 0
-0.2454498 0.0299464 0.5279750 0 255 0
0.1874425 0.0663604 0.4619274 0 255 0
0.2130624 -0.0235509 0.5046346 0 255 0
0.3447551 -0.0428195 0.5545437 0 255 0
0.2691020 -0.1079127 0.5975090 0 255 0
-0.1580920 -0.0987016 0.4949875 0 255 0
0.2567667 -0.0010071 0.4975287 0 255 0
0.2530358 -0.0162653 0.4993828 0 255 0
-0.1673556 -0.0876637 0.4983585 0 255 0
0.3032133 0.0096550 0.5048758 0 255 0
0.3363522 -0.0122138 0.5270992 0 255 0
0.2181550 -0.0806132 0.5636951 0 255 0
0.1910426 0.0366598 0.4707995 0 255 0
0.2366261 -0.0172675 0.4944801 0 255 0
0.1815155 0.0643270 0.4552192 0 255 0
0.2716865 0.0424643 0.4866080 0 255 0
-0.1943647 -0.0437431 0.5340046 0 255 0
0.2671981 0.0521024 0.4805892 0 255 0
-0.2161874 -0.0212081 0.5352875 0 255 0
-0.1762518 -0.0566502 0.5037283 0 255 0
-0.1470045 -0.0334246 0.4928662 0 255 0
-0.2015573 -0.0286395 0.5331405 0 255 0
-0.0639782 -0.0554942 0.5039792 0 255 0
-0.2002720 0.0014173 0.5297408 0 255 0
-0.2064054 0.0026771 0.5327363 0 255 0
-0.1591655 0.0281285 0.5173560 0 255 0
0.2296193 -0.0033073 0.4918999 0 255 0
-0.0607356 -0.0690280 0.5166399 0 255 0
-0.1222949 -0.0438705 0.5206252 0 255 0
-0.1036794 0.0076690 0.5316780 0 255 0
-0.0817057 -0.0558604 0.4967053 0 255 0
-0.0607268 -0.0488835 0.5494725 0 255 0
0.2106778 0.0183116 0.4828824 0 255 0
0.2258525 -0.0243284 0.4963062 0 255 0
-0.1874567 -0.0556344 0.5052523 0 255 0
-0.0788374 -0.0670749 0.4933454 0 255 0
0.2751439 -0.0559450 0.5307241 0 255 0
-0.1449385 -0.0849209 0.5100173 0 255 0
0.3332529 -0.0072193 0.5241700 0 255 0
-0.2109344 -0.0377433 0.5379093 0 255 0
-0.1470882 -0.1041285 0.4931469 0 255 0
-0.1592415 0.0444313 0.5381277 0 255 0
