ply
format ascii 1.0
element vertex 13938
property float x
property float y
property float z
property uchar red
property uchar green
property uchar blue
end_header
-0.0650487 -0.2142616 0.6912984 255 0 0
-0.1665916 -0.2088333 0.6789675 255 0 0
-0.1649022 -0.2087261 0.6786189 255 0 0
-0.1632989 -0.2087269 0.6786215 255 0 0
-0.1616120 -0.2086198 0.6782733 255 0 0
-0.1596792 -0.2081900 0.6768760 255 0 0
-0.1582434 -0.2084059 0.6775779 255 0 0
-0.1567235 -0.2085144 0.6779307 255 0 0
-0.1548018 -0.2080851 0.6765348 255 0 0
-0.1532825 -0.2081933 0.6768865 255 0 0
-0.1519184 -0.2085168 0.6779385 255 0 0
-0.1503167 -0.2085176 0.6779411 255 0 0
-0.1487918 -0.2086263 0.6782943 255 0 0
-0.1470372 -0.2084116 0.6775963 255 0 0
-0.1456620 -0.2087358 0.6786505 255 0 0
-0.1441331 -0.2088447 0.6790044 255 0 0
-0.1425288 -0.2088455 0.6790070 255 0 0
-0.1409245 -0.2088463 0.6790096 255 0 0
-0.1393202 -0.2088471 0.6790122 255 0 0
-0.1379301 -0.2091727 0.6800708 255 0 0
-0.1365356 -0.2094993 0.6811327 255 0 0
-0.1349263 -0.2095001 0.6811354 255 0 0
-0.1333862 -0.2096097 0.6814918 255 0 0
-0.1319130 -0.2098285 0.6822032 255 0 0
-0.1307090 -0.2104861 0.6843410 255 0 0
-0.1290920 -0.2104869 0.6843436 255 0 0
-0.0880113 -0.2128396 0.6919928 255 0 0
-0.0862851 -0.2126161 0.6912663 255 0 0
-0.0846517 -0.2126170 0.6912690 255 0 0
-0.0830619 -0.2127298 0.6916360 255 0 0
-0.0813847 -0.2126186 0.6912743 255 0 0
-0.0795837 -0.2121731 0.6898260 255 0 0
-0.0763235 -0.2121748 0.6898313 255 0 0
-0.0745758 -0.2118414 0.6887476 255 0 0
-0.0729099 -0.2117311 0.6883889 255 0 0
-0.0712832 -0.2117319 0.6883916 255 0 0
-0.0695470 -0.2114000 0.6873125 255 0 0
-0.0681012 -0.2119560 0.6891201 255 0 0
-0.0665776 -0.2122913 0.6902102 255 0 0
-0.0649807 -0.2124038 0.6905761 255 0 0
-0.0633488 -0.2124047 0.6905788 255 0 0
-0.0619451 -0.2131909 0.6931350 255 0 0
-0.1749755 -0.2076544 0.6803682 255 0 0
-0.1731885 -0.2074400 0.6796659 255 0 0
-0.1715828 -0.2074408 0.6796685 255 0 0
-0.1698890 -0.2073342 0.6793191 255 0 0
-0.1681970 -0.2072277 0.6789702 255 0 0
-0.1664206 -0.2070142 0.6782707 255 0 0
-0.1646479 -0.2068011 0.6775727 255 0 0
-0.1629630 -0.2066952 0.6772255 255 0 0
-0.1611965 -0.2064828 0.6765296 255 0 0
-0.1596805 -0.2065901 0.6768814 255 0 0
-0.1580813 -0.2065910 0.6768840 255 0 0
-0.1563208 -0.2063788 0.6761888 255 0 0
-0.1547232 -0.2063796 0.6761914 255 0 0
-0.1532837 -0.2065933 0.6768918 255 0 0
-0.1515281 -0.2063812 0.6761967 255 0 0
-0.1499305 -0.2063820 0.6761993 255 0 0
-0.1484093 -0.2064892 0.6765506 255 0 0
-0.1470383 -0.2068100 0.6776016 255 0 0
-0.1454374 -0.2068108 0.6776042 255 0 0
-0.1438364 -0.2068116 0.6776068 255 0 0
-0.1423825 -0.2070262 0.6783101 255 0 0
-0.1407799 -0.2070270 0.6783127 255 0 0
-0.1391773 -0.2070278 0.6783154 255 0 0
-0.1376458 -0.2071357 0.6786689 255 0 0
-0.1361127 -0.2072437 0.6790228 255 0 0
-0.1347175 -0.2075668 0.6800814 255 0 0
-0.1332488 -0.2077831 0.6807899 255 0 0
-0.1316403 -0.2077839 0.6807925 255 0 0
-0.1303022 -0.2082168 0.6822112 255 0 0
-0.1288913 -0.2085430 0.6832798 255 0 0
-0.1274096 -0.2087612 0.6839948 255 0 0
-0.1261882 -0.2094171 0.6861438 255 0 0
-0.1248936 -0.2099670 0.6879454 255 0 0
-0.1233328 -0.2100780 0.6883090 255 0 0
-0.0913306 -0.2113137 0.6923580 255 0 0
-0.0896472 -0.2112031 0.6919955 255 0 0
-0.0880120 -0.2112039 0.6919982 255 0 0
-0.0863768 -0.2112048 0.6920009 255 0 0
-0.0846969 -0.2110942 0.6916388 255 0 0
-0.0830188 -0.2109839 0.6912771 255 0 0
-0.0813424 -0.2108736 0.6909157 255 0 0
-0.0796678 -0.2107634 0.6905548 255 0 0
-0.0779133 -0.2104328 0.6894715 255 0 0
-0.0762840 -0.2104336 0.6894742 255 0 0
-0.0745372 -0.2101032 0.6883917 255 0 0
-0.0728723 -0.2099938 0.6880333 255 0 0
-0.0712090 -0.2098846 0.6876754 255 0 0
-0.0696936 -0.2102159 0.6887610 255 0 0
-0.0680302 -0.2101065 0.6884024 255 0 0
-0.0664732 -0.2103280 0.6891281 255 0 0
-0.0648447 -0.2103288 0.6891308 255 0 0
-0.0633160 -0.2106615 0.6902210 255 0 0
-0.0617824 -0.2109953 0.6913146 255 0 0
-0.0589809 -0.2126768 0.6968241 255 0 0
-0.1819726 -0.2066862 0.6824868 255 0 0
-0.1798923 -0.2061507 0.6807188 255 0 0
-0.1782841 -0.2061515 0.6807214 255 0 0
-0.1764013 -0.2058319 0.6796659 255 0 0
-0.1747051 -0.2057261 0.6793166 255 0 0
-0.1729211 -0.2055141 0.6786165 255 0 0
-0.1711408 -0.2053024 0.6779176 255 0 0
-0.1695392 -0.2053032 0.6779202 255 0 0
-0.1677642 -0.2050921 0.6772230 255 0 0
-0.1659928 -0.2048813 0.6765271 255 0 0
-0.1643098 -0.2047765 0.6761810 255 0 0
-0.1627122 -0.2047773 0.6761836 255 0 0
-0.1610317 -0.2046726 0.6758379 255 0 0
-0.1592709 -0.2044627 0.6751449 255 0 0
-0.1575947 -0.2043583 0.6748002 255 0 0
-0.1559202 -0.2042541 0.6744559 255 0 0
-0.1544061 -0.2043599 0.6748055 255 0 0
-0.1528118 -0.2043607 0.6748081 255 0 0
-0.1512175 -0.2043615 0.6748107 255 0 0
-0.1496231 -0.2043623 0.6748133 255 0 0
-0.1481050 -0.2044683 0.6751632 255 0 0
-0.1465852 -0.2045743 0.6755134 255 0 0
-0.1450639 -0.2046805 0.6758641 255 0 0
-0.1433932 -0.2045759 0.6755187 255 0 0
-0.1418708 -0.2046829 0.6758719 255 0 0
-0.1388195 -0.2048948 0.6765716 255 0 0
-0.1359027 -0.2053199 0.6779754 255 0 0
-0.1342315 -0.2052147 0.6776279 255 0 0
-0.1327676 -0.2054277 0.6783312 255 0 0
-0.1313006 -0.2056411 0.6790360 255 0 0
-0.1298979 -0.2059617 0.6800947 255 0 0
-0.1285576 -0.2063905 0.6815104 255 0 0
-0.1270793 -0.2066059 0.6822218 255 0 0
-0.1257945 -0.2071453 0.6840029 255 0 0
-0.1243728 -0.2074706 0.6850770 255 0 0
-0.1231399 -0.2081235 0.6872328 255 0 0
-0.1218352 -0.2086708 0.6890401 255 0 0
-0.1204602 -0.2091109 0.6904933 255 0 0
-0.1186414 -0.2087821 0.6894075 255 0 0
-0.1170739 -0.2088926 0.6897727 255 0 0
-0.1158094 -0.2095545 0.6919580 255 0 0
-0.0947033 -0.2098971 0.6930895 255 0 0
-0.0929673 -0.2096764 0.6923607 255 0 0
-0.0912831 -0.2095666 0.6919982 255 0 0
-0.0896007 -0.2094570 0.6916362 255 0 0
-0.0879663 -0.2094578 0.6916389 255 0 0
-0.0862865 -0.2093483 0.6912771 255 0 0
-0.0845639 -0.2091287 0.6905522 255 0 0
-0.0828885 -0.2090195 0.6901916 255 0 0
-0.0812575 -0.2090203 0.6901942 255 0 0
-0.0794597 -0.2085831 0.6887504 255 0 0
-0.0777913 -0.2084744 0.6883917 255 0 0
-0.0761646 -0.2084752 0.6883944 255 0 0
-0.0744987 -0.2083667 0.6880361 255 0 0
-0.0727965 -0.2081493 0.6873180 255 0 0
-0.0712096 -0.2082592 0.6876808 255 0 0
-0.0696210 -0.2083692 0.6880441 255 0 0
-0.0680308 -0.2084793 0.6884077 255 0 0
-0.0665087 -0.2088087 0.6894956 255 0 0
-0.0648452 -0.2086999 0.6891362 255 0 0
-0.0632499 -0.2088104 0.6895010 255 0 0
-0.0617503 -0.2092510 0.6909559 255 0 0
-0.0587940 -0.2103595 0.6946163 255 0 0
-0.0571828 -0.2104717 0.6949869 255 0 0
-0.1891114 -0.2058186 0.6849736 255 0 0
-0.1871031 -0.2053912 0.6835511 255 0 0
-0.1850062 -0.2048583 0.6817775 255 0 0
-0.1830151 -0.2044341 0.6803657 255 0 0
-0.1813137 -0.2043289 0.6800157 255 0 0
-0.1794282 -0.2040124 0.6789624 255 0 0
-0.1778241 -0.2040132 0.6789651 255 0 0
-0.1758560 -0.2035925 0.6775649 255 0 0
-0.1742553 -0.2035933 0.6775675 255 0 0
-0.1726545 -0.2035940 0.6775702 255 0 0
-0.1709654 -0.2034897 0.6772230 255 0 0
-0.1691908 -0.2032806 0.6765271 255 0 0
-0.1673336 -0.2029674 0.6754847 255 0 0
-0.1657377 -0.2029682 0.6754873 255 0 0
-0.1638887 -0.2026560 0.6744481 255 0 0
-0.1622119 -0.2025526 0.6741042 255 0 0
-0.1606192 -0.2025534 0.6741068 255 0 0
-0.1588634 -0.2023462 0.6734174 255 0 0
-0.1574339 -0.2025549 0.6741120 255 0 0
-0.1556813 -0.2023478 0.6734226 255 0 0
-0.1541694 -0.2024525 0.6737710 255 0 0
-0.1525775 -0.2024533 0.6737736 255 0 0
-0.1510632 -0.2025581 0.6741225 255 0 0
-0.1494705 -0.2025589 0.6741251 255 0 0
-0.1479544 -0.2026646 0.6744769 255 0 0
-0.1462856 -0.2025612 0.6741329 255 0 0
-0.1447673 -0.2026662 0.6744821 255 0 0
-0.1431001 -0.2025628 0.6741381 255 0 0
-0.1415801 -0.2026677 0.6744874 255 0 0
-0.1401306 -0.2028771 0.6751842 255 0 0
-0.1386067 -0.2029824 0.6755345 255 0 0
-0.1370106 -0.2029831 0.6755370 255 0 0
-0.1355541 -0.2031932 0.6762361 255 0 0
-0.1340945 -0.2034037 0.6769365 255 0 0
-0.1326320 -0.2036146 0.6776385 255 0 0
-0.1310986 -0.2037206 0.6779912 255 0 0
-0.1280928 -0.2040377 0.6790466 255 0 0
-0.1266851 -0.2043558 0.6801053 255 0 0
-0.1253380 -0.2047812 0.6815210 255 0 0
-0.1237921 -0.2048884 0.6818779 255 0 0
-0.1224354 -0.2053160 0.6833010 255 0 0
-0.1210731 -0.2057454 0.6847301 255 0 0
-0.1198305 -0.2063925 0.6868837 255 0 0
-0.1183314 -0.2066097 0.6876063 255 0 0
-0.1168905 -0.2069358 0.6886918 255 0 0
-0.1153843 -0.2071541 0.6894183 255 0 0
-0.1136956 -0.2070461 0.6890588 255 0 0
-0.1123625 -0.2075921 0.6908757 255 0 0
-0.1010415 -0.2078166 0.6916229 255 0 0
-0.0997226 -0.2084767 0.6938199 255 0 0
-0.0979795 -0.2082573 0.6930895 255 0 0
-0.0961893 -0.2079286 0.6919956 255 0 0
-0.0945043 -0.2078198 0.6916335 255 0 0
-0.0928211 -0.2077111 0.6912718 255 0 0
-0.0911396 -0.2076025 0.6909105 255 0 0
-0.0895070 -0.2076033 0.6909132 255 0 0
-0.0877819 -0.2073857 0.6901890 255 0 0
-0.0860605 -0.2071686 0.6894664 255 0 0
-0.0844756 -0.2072783 0.6898315 255 0 0
-0.0827585 -0.2070614 0.6891096 255 0 0
-0.0811731 -0.2071718 0.6894770 255 0 0
-0.0794186 -0.2068465 0.6883945 255 0 0
-0.0777103 -0.2066305 0.6876756 255 0 0
-0.0760455 -0.2065230 0.6873180 255 0 0
-0.0744213 -0.2065239 0.6873207 255 0 0
-0.0727590 -0.2064165 0.6869635 255 0 0
-0.0711729 -0.2065255 0.6873260 255 0 0
-0.0696581 -0.2068513 0.6884105 255 0 0
-0.0680670 -0.2069607 0.6887745 255 0 0
-0.0664394 -0.2069615 0.6887771 255 0 0
-0.0648457 -0.2070710 0.6891416 255 0 0
-0.0632837 -0.2072895 0.6898689 255 0 0
-0.0618159 -0.2078367 0.6916898 255 0 0
-0.0588256 -0.2088282 0.6949897 255 0 0
-0.0572135 -0.2089397 0.6953607 255 0 0
-0.0556883 -0.2093843 0.6968404 255 0 0
-0.2242088 -0.2097709 0.7036680 255 0 0
-0.2220700 -0.2093226 0.7021639 255 0 0
-0.2202934 -0.2092114 0.7017910 255 0 0
-0.2185186 -0.2091003 0.7014185 255 0 0
-0.2166299 -0.2088777 0.7006718 255 0 0
-0.2147453 -0.2086556 0.6999267 255 0 0
-0.2129782 -0.2085451 0.6995562 255 0 0
-0.2111013 -0.2083246 0.6988162 255 0 0
-0.2093389 -0.2082144 0.6984468 255 0 0
-0.2074680 -0.2079937 0.6977065 255 0 0
-0.2050563 -0.2072230 0.6951210 255 0 0
-0.2030913 -0.2068949 0.6940203 255 0 0
-0.2009202 -0.2063498 0.6921919 255 0 0
-0.1990749 -0.2061330 0.6914648 255 0 0
-0.1968189 -0.2054839 0.6892875 255 0 0
-0.1948833 -0.2051613 0.6882052 255 0 0
-0.1930549 -0.2049471 0.6874865 255 0 0
-0.1910303 -0.2045191 0.6860510 255 0 0
-0.1888178 -0.2038809 0.6839103 255 0 0
-0.1868125 -0.2034574 0.6824896 255 0 0
-0.1850077 -0.2032468 0.6817829 255 0 0
-0.1830166 -0.2028259 0.6803711 255 0 0
-0.1813152 -0.2027215 0.6800210 255 0 0
-0.1793368 -0.2023028 0.6786166 255 0 0
-0.1778255 -0.2024083 0.6789704 255 0 0
-0.1758574 -0.2019909 0.6775703 255 0 0
-0.1740768 -0.2017832 0.6768736 255 0 0
-0.1722999 -0.2015760 0.6761785 255 0 0
-0.1707024 -0.2015768 0.6761811 255 0 0
-0.1688438 -0.2012663 0.6751397 255 0 0
-0.1670768 -0.2010602 0.6744482 255 0 0
-0.1653134 -0.2008545 0.6737581 255 0 0
-0.1638057 -0.2009584 0.6741068 255 0 0
-0.1620466 -0.2007529 0.6734174 255 0 0
-0.1603733 -0.2006507 0.6730745 255 0 0
-0.1586203 -0.2004458 0.6723872 255 0 0
-0.1570323 -0.2004473 0.6723924 255 0 0
-0.1553641 -0.2003454 0.6720505 255 0 0
-0.1539340 -0.2005517 0.6727424 255 0 0
-0.1522665 -0.2004497 0.6724002 255 0 0
-0.1508325 -0.2006561 0.6730928 255 0 0
-0.1490892 -0.2004512 0.6724054 255 0 0
-0.1475762 -0.2005548 0.6727528 255 0 0
-0.1461366 -0.2007615 0.6734461 255 0 0
-0.1444713 -0.2006592 0.6731032 255 0 0
-0.1429543 -0.2007630 0.6734513 255 0 0
-0.1414358 -0.2008669 0.6737998 255 0 0
-0.1398438 -0.2008677 0.6738024 255 0 0
-0.1382518 -0.2008685 0.6738051 255 0 0
-0.1368707 -0.2011792 0.6748474 255 0 0
-0.1352762 -0.2011800 0.6748500 255 0 0
-0.1338194 -0.2013879 0.6755476 255 0 0
-0.1322233 -0.2013887 0.6755502 255 0 0
-0.1308292 -0.2017011 0.6765980 255 0 0
-0.1292972 -0.2018059 0.6769497 255 0 0
-0.1278957 -0.2021196 0.6780018 255 0 0
-0.1264899 -0.2024342 0.6790572 255 0 0
-0.1234722 -0.2027498 0.6801159 255 0 0
-0.1219284 -0.2028557 0.6804712 255 0 0
-0.1205707 -0.2032782 0.6818885 255 0 0
-0.1191453 -0.2035964 0.6829559 255 0 0
-0.1177768 -0.2040221 0.6843836 255 0 0
-0.1163418 -0.2043426 0.6854590 255 0 0
-0.1148421 -0.2045571 0.6861785 255 0 0
-0.1132800 -0.2046650 0.6865402 255 0 0
-0.1118334 -0.2049875 0.6876223 255 0 0
-0.1102664 -0.2050958 0.6879855 255 0 0
-0.1088120 -0.2054198 0.6890723 255 0 0
-0.1074094 -0.2058530 0.6905255 255 0 0
-0.1060009 -0.2062881 0.6919850 255 0 0
-0.1043108 -0.2061802 0.6916229 255 0 0
-0.1026765 -0.2061810 0.6916256 255 0 0
-0.1010423 -0.2061818 0.6916283 255 0 0
-0.0994080 -0.2061826 0.6916310 255 0 0
-0.0978769 -0.2064009 0.6923635 255 0 0
-0.0961394 -0.2061842 0.6916363 255 0 0
-0.0945051 -0.2061850 0.6916390 255 0 0
-0.0928218 -0.2060771 0.6912773 255 0 0
-0.0911884 -0.2060779 0.6912799 255 0 0
-0.0894135 -0.2057535 0.6901917 255 0 0
-0.0877826 -0.2057543 0.6901944 255 0 0
-0.0861064 -0.2056469 0.6898342 255 0 0
-0.0843875 -0.2054317 0.6891122 255 0 0
-0.0826293 -0.2051101 0.6880335 255 0 0
-0.0810034 -0.2051109 0.6880362 255 0 0
-0.0793776 -0.2051117 0.6880389 255 0 0
-0.0776296 -0.2047904 0.6869609 255 0 0
-0.0760062 -0.2047912 0.6869636 255 0 0
-0.0743829 -0.2047920 0.6869662 255 0 0
-0.0727976 -0.2049000 0.6873288 255 0 0
-0.0710617 -0.2045793 0.6862530 255 0 0
-0.0696221 -0.2051165 0.6880549 255 0 0
-0.0680318 -0.2052249 0.6884186 255 0 0
-0.0664399 -0.2053334 0.6887826 255 0 0
-0.0648803 -0.2055500 0.6895091 255 0 0
-0.0634509 -0.2062009 0.6916925 255 0 0
-0.0618816 -0.2064193 0.6924252 255 0 0
-0.0588260 -0.2071854 0.6949951 255 0 0
-0.0571836 -0.2071863 0.6949978 255 0 0
-0.0557183 -0.2078476 0.6972162 255 0 0
-0.0542147 -0.2084020 0.6990761 255 0 0
-0.2372461 -0.2093374 0.7078315 255 0 0
-0.2353201 -0.2091125 0.7070711 255 0 0
-0.2333982 -0.2088881 0.7063124 255 0 0
-0.2312316 -0.2084399 0.7047969 255 0 0
-0.2293203 -0.2082170 0.7040430 255 0 0
-0.2276572 -0.2082178 0.7040458 255 0 0
-0.2255098 -0.2077725 0.7025401 255 0 0
-0.2234911 -0.2074399 0.7014158 255 0 0
-0.2217156 -0.2073299 0.7010436 255 0 0
-0.2197073 -0.2069988 0.6999241 255 0 0
-0.2180539 -0.2069996 0.6999267 255 0 0
-0.2164004 -0.2070004 0.6999295 255 0 0
-0.2142905 -0.2065611 0.6984441 255 0 0
-0.2125273 -0.2064520 0.6980752 255 0 0
-0.2107661 -0.2063430 0.6977066 255 0 0
-0.2088957 -0.2061245 0.6969678 255 0 0
-0.2068096 -0.2056881 0.6954924 255 0 0
-0.2047324 -0.2052536 0.6940231 255 0 0
-0.2028782 -0.2050374 0.6932922 255 0 0
-0.2007100 -0.2044978 0.6914676 255 0 0
-0.1987622 -0.2041757 0.6903785 255 0 0
-0.1968205 -0.2038547 0.6892929 255 0 0
-0.1945786 -0.2032148 0.6871292 255 0 0
-0.1924513 -0.2026847 0.6853369 255 0 0
-0.1903358 -0.2021582 0.6835566 255 0 0
-0.1884263 -0.2018434 0.6824923 255 0 0
-0.1867169 -0.2017393 0.6821401 255 0 0
-0.1845296 -0.2011126 0.6800211 255 0 0
-0.1828283 -0.2010092 0.6796713 255 0 0
-0.1811288 -0.2009058 0.6793220 255 0 0
-0.1791528 -0.2004913 0.6779205 255 0 0
-0.1775512 -0.2004921 0.6779231 255 0 0
-0.1757680 -0.2002859 0.6772258 255 0 0
-0.1738987 -0.1999770 0.6761812 255 0 0
-0.1723012 -0.1999777 0.6761838 255 0 0
-0.1703525 -0.1995671 0.6747952 255 0 0
-0.1686715 -0.1994652 0.6744509 255 0 0
-0.1668208 -0.1991588 0.6734149 255 0 0
-0.1651451 -0.1990574 0.6730720 255 0 0
-0.1634710 -0.1989561 0.6727294 255 0 0
-0.1617987 -0.1988549 0.6723872 255 0 0
-0.1600467 -0.1986528 0.6717039 255 0 0
-0.1583786 -0.1985519 0.6713628 255 0 0
-0.1567925 -0.1985527 0.6713654 255 0 0
-0.1551269 -0.1984519 0.6710246 255 0 0
-0.1536201 -0.1985542 0.6713706 255 0 0
-0.1521118 -0.1986567 0.6717169 255 0 0
-0.1506019 -0.1987592 0.6720636 255 0 0
-0.1490140 -0.1987600 0.6720662 255 0 0
-0.1472753 -0.1985573 0.6713810 255 0 0
-0.1459131 -0.1988634 0.6724159 255 0 0
-0.1442504 -0.1987623 0.6720740 255 0 0
-0.1427357 -0.1988649 0.6724211 255 0 0
-0.1412193 -0.1989677 0.6727685 255 0 0
-0.1397014 -0.1990705 0.6731163 255 0 0
-0.1381111 -0.1990713 0.6731189 255 0 0
-0.1365207 -0.1990721 0.6731215 255 0 0
-0.1350689 -0.1992773 0.6738155 255 0 0
-0.1336140 -0.1994830 0.6745110 255 0 0
-0.1320204 -0.1994838 0.6745136 255 0 0
-0.1305609 -0.1996899 0.6752104 255 0 0
-0.1290319 -0.1997935 0.6755607 255 0 0
-0.1276329 -0.2001033 0.6766085 255 0 0
-0.1261643 -0.2003107 0.6773097 255 0 0
-0.1246928 -0.2005185 0.6780124 255 0 0
-0.1232181 -0.2007267 0.6787165 255 0 0
-0.1218035 -0.2010395 0.6797740 255 0 0
-0.1203220 -0.2012489 0.6804819 255 0 0
-0.1172883 -0.2015632 0.6815449 255 0 0
-0.1159188 -0.2019837 0.6829666 255 0 0
-0.1144241 -0.2021950 0.6836810 255 0 0
-0.1130443 -0.2026181 0.6851117 255 0 0
-0.1114837 -0.2027248 0.6854723 255 0 0
-0.1100941 -0.2031501 0.6869104 255 0 0
-0.1084710 -0.2031508 0.6869130 255 0 0
-0.1069039 -0.2032581 0.6872755 255 0 0
-0.1054456 -0.2035787 0.6883599 255 0 0
-0.1040921 -0.2041150 0.6901730 255 0 0
-0.1022998 -0.2037942 0.6890883 255 0 0
-0.1005660 -0.2035811 0.6883679 255 0 0
-0.0990433 -0.2037957 0.6890936 255 0 0
-0.0976201 -0.2042256 0.6905470 255 0 0
-0.0958370 -0.2039044 0.6894611 255 0 0
-0.0942079 -0.2039052 0.6894638 255 0 0
-0.0925787 -0.2039060 0.6894665 255 0 0
-0.0909973 -0.2040140 0.6898316 255 0 0
-0.0894142 -0.2041221 0.6901971 255 0 0
-0.0877372 -0.2040156 0.6898370 255 0 0
-0.0860618 -0.2039092 0.6894771 255 0 0
-0.0843442 -0.2036967 0.6887586 255 0 0
-0.0825866 -0.2033772 0.6876783 255 0 0
-0.0809192 -0.2032714 0.6873208 255 0 0
-0.0793366 -0.2033787 0.6876836 255 0 0
-0.0776302 -0.2031666 0.6869662 255 0 0
-0.0759273 -0.2029548 0.6862503 255 0 0
-0.0743445 -0.2030618 0.6866121 255 0 0
-0.0727220 -0.2030626 0.6866148 255 0 0
-0.0711367 -0.2031697 0.6869769 255 0 0
-0.0695497 -0.2032769 0.6873394 255 0 0
-0.0679967 -0.2034909 0.6880629 255 0 0
-0.0664404 -0.2037053 0.6887879 255 0 0
-0.0650175 -0.2043497 0.6909668 255 0 0
-0.0636191 -0.2051065 0.6935259 255 0 0
-0.0620130 -0.2052158 0.6938953 255 0 0
-0.0588265 -0.2055427 0.6950005 255 0 0
-0.0572751 -0.2058706 0.6961093 255 0 0
-0.0558374 -0.2066387 0.6987066 255 0 0
-0.0541862 -0.2066395 0.6987093 255 0 0
-0.2449937 -0.2085614 0.7108952 255 0 0
-0.2426569 -0.2079985 0.7089766 255 0 0
-0.2405920 -0.2076626 0.7078316 255 0 0
-0.2387911 -0.2075514 0.7074525 255 0 0
-0.2367369 -0.2072169 0.7063124 255 0 0
-0.2348155 -0.2069948 0.7055552 255 0 0
-0.2326483 -0.2065511 0.7040431 255 0 0
-0.2308613 -0.2064411 0.7036681 255 0 0
-0.2288308 -0.2061102 0.7025402 255 0 0
-0.2268067 -0.2057804 0.7014158 255 0 0
-0.2251498 -0.2057812 0.7014186 255 0 0
-0.2231349 -0.2054524 0.7002978 255 0 0
-0.2211265 -0.2051246 0.6991807 255 0 0
-0.2192411 -0.2049070 0.6984388 255 0 0
-0.2172450 -0.2045818 0.6973303 255 0 0
-0.2153687 -0.2043653 0.6965923 255 0 0
-0.2136097 -0.2042576 0.6962253 255 0 0
-0.2119650 -0.2042584 0.6962280 255 0 0
-0.2102087 -0.2041508 0.6958613 255 0 0
-0.2082334 -0.2038272 0.6947584 255 0 0
-0.2063736 -0.2036123 0.6940259 255 0 0
-0.2043016 -0.2031831 0.6925629 255 0 0
-0.2021320 -0.2026489 0.6907421 255 0 0
-0.2000788 -0.2022238 0.6892930 255 0 0
-0.1978267 -0.2015890 0.6871293 255 0 0
-0.1959981 -0.2013788 0.6864128 255 0 0
-0.1934661 -0.2004364 0.6832007 255 0 0
-0.1914533 -0.2000205 0.6817830 255 0 0
-0.1898427 -0.2000213 0.6817856 255 0 0
-0.1878415 -0.1996071 0.6803738 255 0 0
-0.1860411 -0.1994010 0.6796715 255 0 0
-0.1839589 -0.1988866 0.6779179 255 0 0
-0.1823574 -0.1988873 0.6779205 255 0 0
-0.1805692 -0.1986828 0.6772232 255 0 0
-0.1786925 -0.1983763 0.6761786 255 0 0
-0.1770038 -0.1982749 0.6758329 255 0 0
-0.1753168 -0.1981736 0.6754875 255 0 0
-0.1736316 -0.1980723 0.6751425 255 0 0
-0.1718597 -0.1978694 0.6744509 255 0 0
-0.1700041 -0.1975655 0.6734149 255 0 0
-0.1683267 -0.1974649 0.6730720 255 0 0
-0.1664803 -0.1971622 0.6720402 255 0 0
-0.1648926 -0.1971630 0.6720428 255 0 0
-0.1630549 -0.1968620 0.6710169 255 0 0
-0.1613870 -0.1967621 0.6706765 255 0 0
-0.1597208 -0.1966623 0.6703363 255 0 0
-0.1582180 -0.1967636 0.6706817 255 0 0
-0.1563936 -0.1964631 0.6696572 255 0 0
-0.1549696 -0.1966646 0.6703441 255 0 0
-0.1533859 -0.1966654 0.6703467 255 0 0
-0.1518021 -0.1966661 0.6703493 255 0 0
-0.1503720 -0.1968680 0.6710376 255 0 0
-0.1487105 -0.1967682 0.6706972 255 0 0
-0.1472011 -0.1968696 0.6710429 255 0 0
-0.1456157 -0.1968703 0.6710454 255 0 0
-0.1440302 -0.1968711 0.6710480 255 0 0
-0.1425177 -0.1969726 0.6713941 255 0 0
-0.1410757 -0.1971752 0.6720845 255 0 0
-0.1394164 -0.1970750 0.6717430 255 0 0
-0.1379705 -0.1972778 0.6724342 255 0 0
-0.1363119 -0.1971775 0.6720923 255 0 0
-0.1349313 -0.1974817 0.6731294 255 0 0
-0.1334093 -0.1975839 0.6734775 255 0 0
-0.1317505 -0.1974833 0.6731346 255 0 0
-0.1302937 -0.1976869 0.6738287 255 0 0
-0.1287016 -0.1976877 0.6738313 255 0 0
-0.1272402 -0.1978917 0.6745268 255 0 0
-0.1257758 -0.1980961 0.6752236 255 0 0
-0.1241804 -0.1980969 0.6752262 255 0 0
-0.1227745 -0.1984040 0.6762729 255 0 0
-0.1213643 -0.1987120 0.6773229 255 0 0
-0.1198877 -0.1989182 0.6780255 255 0 0
-0.1184693 -0.1992278 0.6790810 255 0 0
-0.1170465 -0.1995384 0.6801397 255 0 0
-0.1156192 -0.1998500 0.6812017 255 0 0
-0.1140688 -0.1999545 0.6815581 255 0 0
-0.1125754 -0.2001633 0.6822696 255 0 0
-0.1110788 -0.2003724 0.6829826 255 0 0
-0.1080194 -0.2006866 0.6840534 255 0 0
-0.1066254 -0.2011068 0.6854856 255 0 0
-0.1050606 -0.2012127 0.6858466 255 0 0
-0.1034941 -0.2013187 0.6862079 255 0 0
-0.1017662 -0.2011091 0.6854936 255 0 0
-0.1001464 -0.2011099 0.6854963 255 0 0
-0.0986297 -0.2013210 0.6862159 255 0 0
-0.0970590 -0.2014271 0.6865776 255 0 0
-0.0954866 -0.2015334 0.6869397 255 0 0
-0.0938633 -0.2015342 0.6869424 255 0 0
-0.0922884 -0.2016405 0.6873049 255 0 0
-0.0906643 -0.2016413 0.6873076 255 0 0
-0.0890869 -0.2017478 0.6876704 255 0 0
-0.0875081 -0.2018551 0.6880363 255 0 0
-0.0843007 -0.2019626 0.6884027 255 0 0
-0.0825873 -0.2017516 0.6876837 255 0 0
-0.0809198 -0.2016468 0.6873262 255 0 0
-0.0792541 -0.2015420 0.6869690 255 0 0
-0.0775902 -0.2014373 0.6866122 255 0 0
-0.0759279 -0.2013327 0.6862558 255 0 0
-0.0743062 -0.2013335 0.6862584 255 0 0
-0.0727226 -0.2014396 0.6866202 255 0 0
-0.0711000 -0.2014404 0.6866229 255 0 0
-0.0695503 -0.2016522 0.6873448 255 0 0
-0.0680329 -0.2019704 0.6884293 255 0 0
-0.0665107 -0.2022896 0.6895173 255 0 0
-0.0650522 -0.2028232 0.6913363 255 0 0
-0.0620132 -0.2035748 0.6938980 255 0 0
-0.0604054 -0.2036833 0.6942678 255 0 0
-0.0588270 -0.2038998 0.6950060 255 0 0
-0.0572755 -0.2042251 0.6961147 255 0 0
-0.0557785 -0.2047691 0.6979688 255 0 0
-0.0541578 -0.2048789 0.6983430 255 0 0
-0.0525354 -0.2049887 0.6987175 255 0 0
-0.2490281 -0.2074408 0.7128243 255 0 0
-0.2470757 -0.2072164 0.7120531 255 0 0
-0.2448629 -0.2067690 0.7105157 255 0 0
-0.2426588 -0.2063227 0.7089822 255 0 0
-0.2405939 -0.2059895 0.7078371 255 0 0
-0.2385357 -0.2056573 0.7066957 255 0 0
-0.2366114 -0.2054367 0.7059378 255 0 0
-0.2345650 -0.2051064 0.7048025 255 0 0
-0.2322761 -0.2045576 0.7029167 255 0 0
-0.2303687 -0.2043394 0.7021669 255 0 0
-0.2285877 -0.2042308 0.7017939 255 0 0
-0.2265662 -0.2039043 0.7006720 255 0 0
-0.2246710 -0.2036875 0.6999269 255 0 0
-0.2230176 -0.2036883 0.6999296 255 0 0
-0.2210104 -0.2033635 0.6988136 255 0 0
-0.2190104 -0.2030406 0.6977040 255 0 0
-0.2173622 -0.2030414 0.6977067 255 0 0
-0.2154848 -0.2028264 0.6969680 255 0 0
-0.2136114 -0.2026119 0.6962308 255 0 0
-0.2117419 -0.2023978 0.6954952 255 0 0
-0.2099875 -0.2022913 0.6951293 255 0 0
-0.2081248 -0.2020779 0.6943960 255 0 0
-0.2060481 -0.2016517 0.6929315 255 0 0
-0.2037653 -0.2010154 0.6907449 255 0 0
-0.2013912 -0.2002780 0.6882108 255 0 0
-0.1995560 -0.2000688 0.6874921 255 0 0
-0.1964910 -0.1986131 0.6824898 255 0 0
-0.1945750 -0.1983043 0.6814288 255 0 0
-0.1927649 -0.1980993 0.6807243 255 0 0
-0.1906621 -0.1975874 0.6789653 255 0 0
-0.1887650 -0.1972819 0.6779153 255 0 0
-0.1867774 -0.1968756 0.6765195 255 0 0
-0.1852747 -0.1969780 0.6768712 255 0 0
-0.1834863 -0.1967757 0.6761761 255 0 0
-0.1817015 -0.1965738 0.6754823 255 0 0
-0.1798279 -0.1962714 0.6744432 255 0 0
-0.1783262 -0.1963731 0.6747927 255 0 0
-0.1764598 -0.1960713 0.6737556 255 0 0
-0.1748680 -0.1960721 0.6737583 255 0 0
-0.1730097 -0.1957712 0.6727244 255 0 0
-0.1713325 -0.1956716 0.6723822 255 0 0
-0.1694834 -0.1953720 0.6713525 255 0 0
-0.1676400 -0.1950733 0.6703260 255 0 0
-0.1659721 -0.1949752 0.6699889 255 0 0
-0.1643053 -0.1948764 0.6696495 255 0 0
-0.1626402 -0.1947777 0.6693105 255 0 0
-0.1610590 -0.1947785 0.6693131 255 0 0
-0.1594777 -0.1947792 0.6693156 255 0 0
-0.1578158 -0.1946807 0.6689770 255 0 0
-0.1560761 -0.1944831 0.6682979 255 0 0
-0.1546548 -0.1946822 0.6689821 255 0 0
-0.1530742 -0.1946829 0.6689847 255 0 0
-0.1514937 -0.1946837 0.6689873 255 0 0
-0.1500661 -0.1948832 0.6696728 255 0 0
-0.1484082 -0.1947845 0.6693338 255 0 0
-0.1469017 -0.1948847 0.6696780 255 0 0
-0.1453937 -0.1949850 0.6700227 255 0 0
-0.1438107 -0.1949857 0.6700252 255 0 0
-0.1422276 -0.1949865 0.6700279 255 0 0
-0.1407164 -0.1950869 0.6703728 255 0 0
-0.1392749 -0.1952872 0.6710611 255 0 0
-0.1376894 -0.1952879 0.6710637 255 0 0
-0.1361038 -0.1952887 0.6710663 255 0 0
-0.1345871 -0.1953894 0.6714123 255 0 0
-0.1331370 -0.1955903 0.6721027 255 0 0
-0.1315490 -0.1955911 0.6721054 255 0 0
-0.1300276 -0.1956921 0.6724524 255 0 0
-0.1285046 -0.1957932 0.6727999 255 0 0
-0.1269801 -0.1958944 0.6731477 255 0 0
-0.1254539 -0.1959957 0.6734959 255 0 0
-0.1239262 -0.1960972 0.6738444 255 0 0
-0.1224599 -0.1962996 0.6745399 255 0 0
-0.1209904 -0.1965023 0.6752367 255 0 0
-0.1195180 -0.1967056 0.6759351 255 0 0
-0.1181644 -0.1971125 0.6773335 255 0 0
-0.1166242 -0.1972151 0.6776859 255 0 0
-0.1152014 -0.1975219 0.6787403 255 0 0
-0.1137742 -0.1978297 0.6797979 255 0 0
-0.1122843 -0.1980357 0.6805057 255 0 0
-0.1108488 -0.1983450 0.6815687 255 0 0
-0.1094089 -0.1986554 0.6826352 255 0 0
-0.1077959 -0.1986562 0.6826379 255 0 0
-0.1061829 -0.1986569 0.6826405 255 0 0
-0.1046788 -0.1988646 0.6833542 255 0 0
-0.1030104 -0.1987619 0.6830011 255 0 0
-0.1015022 -0.1989698 0.6837156 255 0 0
-0.0998867 -0.1989706 0.6837182 255 0 0
-0.0983736 -0.1991789 0.6844342 255 0 0
-0.0967563 -0.1991797 0.6844368 255 0 0
-0.0952881 -0.1994926 0.6855122 255 0 0
-0.0936683 -0.1994934 0.6855149 255 0 0
-0.0920966 -0.1995985 0.6858759 255 0 0
-0.0905232 -0.1997036 0.6862372 255 0 0
-0.0889481 -0.1998089 0.6865990 255 0 0
-0.0874171 -0.2000190 0.6873209 255 0 0
-0.0858380 -0.2001246 0.6876838 255 0 0
-0.0841688 -0.2000206 0.6873263 255 0 0
-0.0825447 -0.2000213 0.6873289 255 0 0
-0.0808781 -0.1999174 0.6869717 255 0 0
-0.0791719 -0.1997090 0.6862558 255 0 0
-0.0775502 -0.1997098 0.6862584 255 0 0
-0.0759285 -0.1997106 0.6862611 255 0 0
-0.0742680 -0.1996070 0.6859051 255 0 0
-0.0726851 -0.1997121 0.6862664 255 0 0
-0.0710634 -0.1997129 0.6862691 255 0 0
-0.0695873 -0.2001323 0.6877104 255 0 0
-0.0680334 -0.2003431 0.6884347 255 0 0
-0.0665462 -0.2007652 0.6898852 255 0 0
-0.0651557 -0.2015076 0.6924361 255 0 0
-0.0621123 -0.2022555 0.6950061 255 0 0
-0.0605019 -0.2023634 0.6953771 255 0 0
-0.0588586 -0.2023642 0.6953797 255 0 0
-0.0572456 -0.2024723 0.6957511 255 0 0
-0.0556309 -0.2025805 0.6961229 255 0 0
-0.0541582 -0.2032281 0.6983484 255 0 0
-0.0525638 -0.2034454 0.6990952 255 0 0
-0.0508846 -0.2033379 0.6987256 255 0 0
-0.2523597 -0.2071058 0.7175066 255 0 0
-0.2498448 -0.2064290 0.7151620 255 0 0
-0.2468106 -0.2053111 0.7112891 255 0 0
-0.2448649 -0.2050895 0.7105213 255 0 0
-0.2426607 -0.2046468 0.7089878 255 0 0
-0.2404660 -0.2042061 0.7074609 255 0 0
-0.2385375 -0.2039868 0.7067013 255 0 0
-0.2364859 -0.2036584 0.7055635 255 0 0
-0.2343151 -0.2032220 0.7040514 255 0 0
-0.2320292 -0.2026788 0.7021697 255 0 0
-0.2302473 -0.2025712 0.7017967 255 0 0
-0.2282232 -0.2022473 0.7006748 255 0 0
-0.2263262 -0.2020322 0.6999297 255 0 0
-0.2244333 -0.2018176 0.6991862 255 0 0
-0.2226629 -0.2017109 0.6988164 255 0 0
-0.2205430 -0.2012835 0.6973358 255 0 0
-0.2185472 -0.2009638 0.6962281 255 0 0
-0.2169024 -0.2009646 0.6962308 255 0 0
-0.2150295 -0.2007523 0.6954952 255 0 0
-0.2131605 -0.2005404 0.6947612 255 0 0
-0.2116313 -0.2006474 0.6951320 255 0 0
-0.2097669 -0.2004358 0.6943988 255 0 0
-0.2076867 -0.2000130 0.6929342 255 0 0
-0.2059409 -0.1999082 0.6925710 255 0 0
-0.2035526 -0.1991729 0.6900235 255 0 0
-0.2011817 -0.1984430 0.6874948 255 0 0
-0.1992443 -0.1981322 0.6864182 255 0 0
-0.1960845 -0.1965907 0.6810778 255 0 0
-0.1940724 -0.1961841 0.6796690 255 0 0
-0.1921681 -0.1958804 0.6786168 255 0 0
-0.1902697 -0.1955776 0.6775679 255 0 0
-0.1882800 -0.1951751 0.6761736 255 0 0
-0.1865864 -0.1950753 0.6758278 255 0 0
-0.1847043 -0.1947751 0.6747876 255 0 0
-0.1829220 -0.1945756 0.6740966 255 0 0
-0.1811433 -0.1943766 0.6734072 255 0 0
-0.1793683 -0.1941780 0.6727192 255 0 0
-0.1776879 -0.1940793 0.6723770 255 0 0
-0.1760092 -0.1939806 0.6720352 255 0 0
-0.1743322 -0.1938820 0.6716937 255 0 0
-0.1724804 -0.1935854 0.6706662 255 0 0
-0.1705479 -0.1931919 0.6693028 255 0 0
-0.1688805 -0.1930941 0.6689641 255 0 0
-0.1672147 -0.1929965 0.6686257 255 0 0
-0.1655507 -0.1928989 0.6682877 255 0 0
-0.1639718 -0.1928996 0.6682903 255 0 0
-0.1623103 -0.1928022 0.6679527 255 0 0
-0.1607322 -0.1928029 0.6679552 255 0 0
-0.1591541 -0.1928037 0.6679578 255 0 0
-0.1574958 -0.1927063 0.6676205 255 0 0
-0.1559979 -0.1928052 0.6679630 255 0 0
-0.1543412 -0.1927078 0.6676256 255 0 0
-0.1527638 -0.1927085 0.6676282 255 0 0
-0.1512635 -0.1928074 0.6679707 255 0 0
-0.1496853 -0.1928082 0.6679733 255 0 0
-0.1481826 -0.1929071 0.6683161 255 0 0
-0.1467531 -0.1931046 0.6690003 255 0 0
-0.1450985 -0.1930069 0.6686620 255 0 0
-0.1435918 -0.1931061 0.6690055 255 0 0
-0.1419388 -0.1930084 0.6686671 255 0 0
-0.1405739 -0.1933047 0.6696936 255 0 0
-0.1390626 -0.1934042 0.6700383 255 0 0
-0.1374795 -0.1934049 0.6700408 255 0 0
-0.1359658 -0.1935045 0.6703858 255 0 0
-0.1343819 -0.1935053 0.6703884 255 0 0
-0.1328658 -0.1936049 0.6707337 255 0 0
-0.1312810 -0.1936057 0.6707363 255 0 0
-0.1297626 -0.1937055 0.6710820 255 0 0
-0.1281770 -0.1937062 0.6710845 255 0 0
-0.1267210 -0.1939053 0.6717743 255 0 0
-0.1252620 -0.1941048 0.6724656 255 0 0
-0.1237366 -0.1942051 0.6728130 255 0 0
-0.1222095 -0.1943055 0.6731608 255 0 0
-0.1207429 -0.1945058 0.6738549 255 0 0
-0.1192732 -0.1947066 0.6745504 255 0 0
-0.1178005 -0.1949078 0.6752473 255 0 0
-0.1162648 -0.1950089 0.6755975 255 0 0
-0.1148459 -0.1953113 0.6766454 255 0 0
-0.1133640 -0.1955137 0.6773466 255 0 0
-0.1119369 -0.1958177 0.6783999 255 0 0
-0.1105053 -0.1961227 0.6794564 255 0 0
-0.1090127 -0.1963268 0.6801636 255 0 0
-0.1075171 -0.1965313 0.6808721 255 0 0
-0.1059082 -0.1965321 0.6808747 255 0 0
-0.1044620 -0.1968393 0.6819389 255 0 0
-0.1027972 -0.1967378 0.6815873 255 0 0
-0.1013446 -0.1970456 0.6826538 255 0 0
-0.0996797 -0.1969439 0.6823014 255 0 0
-0.0981185 -0.1970471 0.6826590 255 0 0
-0.0965054 -0.1970479 0.6826617 255 0 0
-0.0949911 -0.1972539 0.6833755 255 0 0
-0.0933763 -0.1972547 0.6833781 255 0 0
-0.0918572 -0.1974611 0.6840933 255 0 0
-0.0902878 -0.1975649 0.6844528 255 0 0
-0.0887167 -0.1976688 0.6848127 255 0 0
-0.0870530 -0.1975664 0.6844581 255 0 0
-0.0856143 -0.1979803 0.6858919 255 0 0
-0.0841254 -0.1982920 0.6869718 255 0 0
-0.0824589 -0.1981890 0.6866150 255 0 0
-0.0807941 -0.1980861 0.6862586 255 0 0
-0.0792139 -0.1981905 0.6866203 255 0 0
-0.0775914 -0.1981913 0.6866230 255 0 0
-0.0758894 -0.1979849 0.6859078 255 0 0
-0.0743074 -0.1980892 0.6862692 255 0 0
-0.0726477 -0.1979864 0.6859131 255 0 0
-0.0709897 -0.1978837 0.6855574 255 0 0
-0.0694786 -0.1981951 0.6866362 255 0 0
-0.0679983 -0.1986116 0.6880791 255 0 0
-0.0665818 -0.1992392 0.6902534 255 0 0
-0.0651562 -0.1998708 0.6924415 255 0 0
-0.0621457 -0.2007189 0.6953798 255 0 0
-0.0605024 -0.2007197 0.6953825 255 0 0
-0.0588591 -0.2007205 0.6953852 255 0 0
-0.0572461 -0.2008277 0.6957566 255 0 0
-0.0556905 -0.2011484 0.6968677 255 0 0
-0.0541587 -0.2015774 0.6983539 255 0 0
-0.0525363 -0.2016855 0.6987284 255 0 0
-0.0508850 -0.2016863 0.6987311 255 0 0
-0.0492600 -0.2017945 0.6991061 255 0 0
-0.2540565 -0.2054089 0.7175094 255 0 0
-0.2522237 -0.2052974 0.7171199 255 0 0
-0.2499830 -0.2048502 0.7155578 255 0 0
-0.2469465 -0.2037403 0.7116807 255 0 0
-0.2447342 -0.2032998 0.7101421 255 0 0
-0.2427939 -0.2030807 0.7093768 255 0 0
-0.2407276 -0.2027525 0.7082305 255 0 0
-0.2382827 -0.2020986 0.7059461 255 0 0
-0.2364878 -0.2019906 0.7055691 255 0 0
-0.2341912 -0.2014496 0.7036792 255 0 0
-0.2319069 -0.2009115 0.7017995 255 0 0
-0.2300030 -0.2006975 0.7010520 255 0 0
-0.2281031 -0.2004839 0.7003061 255 0 0
-0.2264488 -0.2004847 0.7003089 255 0 0
-0.2243154 -0.2000583 0.6988192 255 0 0
-0.2224277 -0.1998461 0.6980781 255 0 0
-0.2205439 -0.1996344 0.6973386 255 0 0
-0.2184329 -0.1992123 0.6958643 255 0 0
-0.2165593 -0.1990020 0.6951294 255 0 0
-0.2150312 -0.1991082 0.6955007 255 0 0
-0.2131622 -0.1988981 0.6947666 255 0 0
-0.2114089 -0.1987936 0.6944015 255 0 0
-0.2096575 -0.1986892 0.6940368 255 0 0
-0.2075787 -0.1982703 0.6925738 255 0 0
-0.2059426 -0.1982711 0.6925765 255 0 0
-0.2035542 -0.1975418 0.6900290 255 0 0
-0.2011833 -0.1968178 0.6875001 255 0 0
-0.1992459 -0.1965096 0.6864235 255 0 0
-0.1960860 -0.1949808 0.6810831 255 0 0
-0.1937728 -0.1942755 0.6786195 255 0 0
-0.1918718 -0.1939752 0.6775705 255 0 0
-0.1896833 -0.1933767 0.6754799 255 0 0
-0.1877009 -0.1929800 0.6740941 255 0 0
-0.1859174 -0.1927826 0.6734047 255 0 0
-0.1840431 -0.1924869 0.6723719 255 0 0
-0.1823612 -0.1923891 0.6720300 255 0 0
-0.1805885 -0.1921929 0.6713448 255 0 0
-0.1788195 -0.1919971 0.6706610 255 0 0
-0.1772351 -0.1919979 0.6706637 255 0 0
-0.1753816 -0.1917046 0.6696392 255 0 0
-0.1735346 -0.1914130 0.6686206 255 0 0
-0.1717799 -0.1912188 0.6679423 255 0 0
-0.1702019 -0.1912196 0.6679449 255 0 0
-0.1686238 -0.1912203 0.6679475 255 0 0
-0.1668759 -0.1910266 0.6672707 255 0 0
-0.1652154 -0.1909302 0.6669340 255 0 0
-0.1636397 -0.1909309 0.6669366 255 0 0
-0.1619817 -0.1908346 0.6666003 255 0 0
-0.1604068 -0.1908354 0.6666028 255 0 0
-0.1587512 -0.1907392 0.6662670 255 0 0
-0.1572570 -0.1908368 0.6666080 255 0 0
-0.1555240 -0.1906439 0.6659339 255 0 0
-0.1540289 -0.1907414 0.6662747 255 0 0
-0.1526097 -0.1909361 0.6669547 255 0 0
-0.1510340 -0.1909368 0.6669573 255 0 0
-0.1495342 -0.1910347 0.6672991 255 0 0
-0.1479576 -0.1910354 0.6673017 255 0 0
-0.1463810 -0.1910362 0.6673043 255 0 0
-0.1448044 -0.1910369 0.6673069 255 0 0
-0.1433007 -0.1911349 0.6676490 255 0 0
-0.1417954 -0.1912329 0.6679915 255 0 0
-0.1402885 -0.1913310 0.6683343 255 0 0
-0.1388509 -0.1915269 0.6690185 255 0 0
-0.1372003 -0.1914301 0.6686802 255 0 0
-0.1356896 -0.1915284 0.6690237 255 0 0
-0.1341773 -0.1916269 0.6693676 255 0 0
-0.1326634 -0.1917254 0.6697118 255 0 0
-0.1311480 -0.1918241 0.6700565 255 0 0
-0.1295648 -0.1918248 0.6700591 255 0 0
-0.1281125 -0.1920217 0.6707468 255 0 0
-0.1265924 -0.1921207 0.6710925 255 0 0
-0.1249428 -0.1920232 0.6707520 255 0 0
-0.1234211 -0.1921221 0.6710976 255 0 0
-0.1219602 -0.1923196 0.6717874 255 0 0
-0.1204963 -0.1925175 0.6724787 255 0 0
-0.1190904 -0.1928147 0.6735169 255 0 0
-0.1175594 -0.1929145 0.6738654 255 0 0
-0.1162059 -0.1933123 0.6752551 255 0 0
-0.1147284 -0.1935123 0.6759535 255 0 0
-0.1131896 -0.1936128 0.6763046 255 0 0
-0.1117644 -0.1939134 0.6773546 255 0 0
-0.1102777 -0.1941145 0.6780573 255 0 0
-0.1088443 -0.1944167 0.6791127 255 0 0
-0.1072397 -0.1944174 0.6791154 255 0 0
-0.1056350 -0.1944182 0.6791180 255 0 0
-0.1041381 -0.1946204 0.6798244 255 0 0
-0.1025849 -0.1947221 0.6801794 255 0 0
-0.1009253 -0.1946219 0.6798296 255 0 0
-0.0994736 -0.1949257 0.6808906 255 0 0
-0.0979155 -0.1950276 0.6812468 255 0 0
-0.0962557 -0.1949272 0.6808959 255 0 0
-0.0947451 -0.1951304 0.6816059 255 0 0
-0.0931829 -0.1952326 0.6819628 255 0 0
-0.0916191 -0.1953349 0.6823200 255 0 0
-0.0900536 -0.1954373 0.6826776 255 0 0
-0.0885787 -0.1957435 0.6837475 255 0 0
-0.0870083 -0.1958463 0.6841066 255 0 0
-0.0853918 -0.1958471 0.6841093 255 0 0
-0.0839064 -0.1961547 0.6851836 255 0 0
-0.0823303 -0.1962579 0.6855442 255 0 0
-0.0807104 -0.1962587 0.6855469 255 0 0
-0.0791317 -0.1963620 0.6859078 255 0 0
-0.0775514 -0.1964655 0.6862692 255 0 0
-0.0758900 -0.1963635 0.6859132 255 0 0
-0.0742692 -0.1963643 0.6859158 255 0 0
-0.0726103 -0.1962625 0.6855602 255 0 0
-0.0709903 -0.1962632 0.6855628 255 0 0
-0.0694791 -0.1965721 0.6866416 255 0 0
-0.0680702 -0.1971920 0.6888069 255 0 0
-0.0667227 -0.1980243 0.6917143 255 0 0
-0.0636545 -0.1986534 0.6939117 255 0 0
-0.0621791 -0.1991808 0.6957540 255 0 0
-0.0605992 -0.1993930 0.6964952 255 0 0
-0.0589220 -0.1992880 0.6961284 255 0 0
-0.0573987 -0.1997125 0.6976114 255 0 0
-0.0558392 -0.2000323 0.6987285 255 0 0
-0.0541879 -0.2000331 0.6987312 255 0 0
-0.0525087 -0.1999274 0.6983621 255 0 0
-0.0508583 -0.1999282 0.6983648 255 0 0
-0.0492342 -0.2000354 0.6987393 255 0 0
-0.0478120 -0.2009994 0.7021067 255 0 0
-0.2578714 -0.2040461 0.7186890 255 0 0
-0.2558933 -0.2038235 0.7179049 255 0 0
-0.2540585 -0.2037128 0.7175150 255 0 0
-0.2523636 -0.2037136 0.7175178 255 0 0
-0.2501214 -0.2032696 0.7159539 255 0 0
-0.2477541 -0.2027172 0.7140080 255 0 0
-0.2448687 -0.2017304 0.7105324 255 0 0
-0.2426645 -0.2012950 0.7089989 255 0 0
-0.2404698 -0.2008615 0.7074720 255 0 0
-0.2381563 -0.2003220 0.7055719 255 0 0
-0.2361086 -0.2000000 0.7044379 255 0 0
-0.2339420 -0.1995721 0.7029306 255 0 0
-0.2320329 -0.1993592 0.7021807 255 0 0
-0.2298819 -0.1989340 0.7006830 255 0 0
-0.2281049 -0.1988286 0.7003117 255 0 0
-0.2260884 -0.1985114 0.6991944 255 0 0
-0.2244368 -0.1985121 0.6991972 255 0 0
-0.2220757 -0.1978808 0.6969735 255 0 0
-0.2203122 -0.1977765 0.6966060 255 0 0
-0.2183188 -0.1974627 0.6955007 255 0 0
-0.2166758 -0.1974634 0.6955034 255 0 0
-0.2148051 -0.1972550 0.6947694 255 0 0
-0.2130510 -0.1971514 0.6944042 255 0 0
-0.2112987 -0.1970478 0.6940396 255 0 0
-0.2095483 -0.1969444 0.6936753 255 0 0
-0.2074707 -0.1965294 0.6922137 255 0 0
-0.2057269 -0.1964265 0.6918513 255 0 0
-0.2034487 -0.1958077 0.6896716 255 0 0
-0.2010795 -0.1950905 0.6871455 255 0 0
-0.1977992 -0.1934705 0.6814396 255 0 0
-0.1953775 -0.1926706 0.6786222 255 0 0
-0.1930752 -0.1919762 0.6761763 255 0 0
-0.1909855 -0.1914834 0.6744407 255 0 0
-0.1889067 -0.1909932 0.6727141 255 0 0
-0.1870297 -0.1907006 0.6716834 255 0 0
-0.1853480 -0.1906037 0.6713423 255 0 0
-0.1833866 -0.1902151 0.6699735 255 0 0
-0.1817110 -0.1901188 0.6696341 255 0 0
-0.1799454 -0.1899256 0.6689538 255 0 0
-0.1782741 -0.1898295 0.6686155 255 0 0
-0.1764254 -0.1895412 0.6675999 255 0 0
-0.1748482 -0.1895420 0.6676025 255 0 0
-0.1731829 -0.1894463 0.6672656 255 0 0
-0.1715192 -0.1893507 0.6669289 255 0 0
-0.1697710 -0.1891591 0.6662541 255 0 0
-0.1681970 -0.1891599 0.6662567 255 0 0
-0.1667076 -0.1892567 0.6665978 255 0 0
-0.1648814 -0.1889694 0.6655859 255 0 0
-0.1633918 -0.1890660 0.6659262 255 0 0
-0.1618185 -0.1890668 0.6659288 255 0 0
-0.1601639 -0.1889716 0.6655936 255 0 0
-0.1585110 -0.1888765 0.6652586 255 0 0
-0.1569393 -0.1888772 0.6652613 255 0 0
-0.1554464 -0.1889738 0.6656013 255 0 0
-0.1538738 -0.1889745 0.6656039 255 0 0
-0.1523012 -0.1889753 0.6656065 255 0 0
-0.1508051 -0.1890719 0.6659468 255 0 0
-0.1492318 -0.1890726 0.6659495 255 0 0
-0.1476584 -0.1890734 0.6659520 255 0 0
-0.1461592 -0.1891701 0.6662928 255 0 0
-0.1446584 -0.1892669 0.6666339 255 0 0
-0.1430834 -0.1892677 0.6666365 255 0 0
-0.1415803 -0.1893647 0.6669780 255 0 0
-0.1400756 -0.1894617 0.6673198 255 0 0
-0.1385694 -0.1895588 0.6676620 255 0 0
-0.1371315 -0.1897527 0.6683447 255 0 0
-0.1355524 -0.1897534 0.6683474 255 0 0
-0.1339733 -0.1897542 0.6683499 255 0 0
-0.1324616 -0.1898516 0.6686932 255 0 0
-0.1309484 -0.1899492 0.6690367 255 0 0
-0.1293676 -0.1899499 0.6690393 255 0 0
-0.1279826 -0.1902416 0.6700669 255 0 0
-0.1263994 -0.1902424 0.6700695 255 0 0
-0.1248800 -0.1903403 0.6704144 255 0 0
-0.1233590 -0.1904384 0.6707598 255 0 0
-0.1219611 -0.1907316 0.6717927 255 0 0
-0.1204355 -0.1908301 0.6721394 255 0 0
-0.1189692 -0.1910265 0.6728314 255 0 0
-0.1174397 -0.1911253 0.6731792 255 0 0
-0.1160276 -0.1914206 0.6742195 255 0 0
-0.1146112 -0.1917169 0.6752630 255 0 0
-0.1130739 -0.1918164 0.6756134 255 0 0
-0.1115924 -0.1920149 0.6763125 255 0 0
-0.1101079 -0.1922137 0.6770130 255 0 0
-0.1085642 -0.1923137 0.6773651 255 0 0
-0.1070742 -0.1925132 0.6780679 255 0 0
-0.1054175 -0.1924145 0.6777202 255 0 0
-0.1038698 -0.1925147 0.6780730 255 0 0
-0.1024264 -0.1928144 0.6791286 255 0 0
-0.1008217 -0.1928151 0.6791312 255 0 0
-0.0992169 -0.1928159 0.6791338 255 0 0
-0.0976627 -0.1929165 0.6794881 255 0 0
-0.0961069 -0.1930172 0.6798428 255 0 0
-0.0945985 -0.1932181 0.6805507 255 0 0
-0.0930386 -0.1933191 0.6809065 255 0 0
-0.0914771 -0.1934203 0.6812626 255 0 0
-0.0897741 -0.1932204 0.6805586 255 0 0
-0.0882575 -0.1934218 0.6812679 255 0 0
-0.0866926 -0.1935230 0.6816244 255 0 0
-0.0850378 -0.1934233 0.6812732 255 0 0
-0.0836015 -0.1938265 0.6826936 255 0 0
-0.0821165 -0.1941303 0.6837634 255 0 0
-0.0804588 -0.1940299 0.6834100 255 0 0
-0.0789672 -0.1943343 0.6844821 255 0 0
-0.0773498 -0.1943351 0.6844847 255 0 0
-0.0757323 -0.1943358 0.6844873 255 0 0
-0.0741148 -0.1943366 0.6844900 255 0 0
-0.0724973 -0.1943373 0.6844926 255 0 0
-0.0708428 -0.1942368 0.6841385 255 0 0
-0.0692983 -0.1944402 0.6848552 255 0 0
-0.0680350 -0.1954611 0.6884509 255 0 0
-0.0666178 -0.1960791 0.6906276 255 0 0
-0.0637224 -0.1972216 0.6946518 255 0 0
-0.0622456 -0.1977458 0.6964980 255 0 0
-0.0606963 -0.1980619 0.6976115 255 0 0
-0.0590477 -0.1980627 0.6976142 255 0 0
-0.0574602 -0.1982743 0.6983594 255 0 0
-0.0558396 -0.1983806 0.6987340 255 0 0
-0.0541595 -0.1982758 0.6983649 255 0 0
-0.0525091 -0.1982766 0.6983676 255 0 0
-0.0508858 -0.1983829 0.6987421 255 0 0
-0.0493660 -0.1989133 0.7006101 255 0 0
-0.0477868 -0.1992332 0.7017367 255 0 0
-0.0461531 -0.1993405 0.7021149 255 0 0
-0.2598558 -0.2025685 0.7194803 255 0 0
-0.2575911 -0.2021258 0.7179078 255 0 0
-0.2557554 -0.2020160 0.7175179 255 0 0
-0.2540605 -0.2020168 0.7175207 255 0 0
-0.2520898 -0.2017968 0.7167392 255 0 0
-0.2501234 -0.2015772 0.7159595 255 0 0
-0.2481613 -0.2013582 0.7151816 255 0 0
-0.2450034 -0.2001592 0.7109231 255 0 0
-0.2425353 -0.1995112 0.7086214 255 0 0
-0.2404717 -0.1991891 0.7074775 255 0 0
-0.2384147 -0.1988681 0.7063373 255 0 0
-0.2359837 -0.1982284 0.7040652 255 0 0
-0.2339439 -0.1979105 0.7029361 255 0 0
-0.2317865 -0.1974879 0.7014352 255 0 0
-0.2298837 -0.1972777 0.7006885 255 0 0
-0.2281067 -0.1971731 0.7003171 255 0 0
-0.2262108 -0.1969636 0.6995729 255 0 0
-0.2243190 -0.1967545 0.6988301 255 0 0
-0.2225496 -0.1966505 0.6984608 255 0 0
-0.2204310 -0.1962341 0.6969817 255 0 0
-0.2183205 -0.1958186 0.6955062 255 0 0
-0.2165627 -0.1957156 0.6951403 255 0 0
-0.2146930 -0.1955092 0.6944070 255 0 0
-0.2130526 -0.1955099 0.6944097 255 0 0
-0.2111886 -0.1953039 0.6936780 255 0 0
-0.2091076 -0.1948924 0.6922165 255 0 0
-0.2074724 -0.1948932 0.6922191 255 0 0
-0.2052955 -0.1943811 0.6904003 255 0 0
-0.2028106 -0.1935668 0.6875082 255 0 0
-0.2006606 -0.1930617 0.6857141 255 0 0
-0.1965754 -0.1906712 0.6772235 255 0 0
-0.1939742 -0.1896927 0.6737481 255 0 0
-0.1920866 -0.1894016 0.6727142 255 0 0
-0.1902048 -0.1891114 0.6716835 255 0 0
-0.1883287 -0.1888221 0.6706560 255 0 0
-0.1864584 -0.1885337 0.6696316 255 0 0
-0.1846879 -0.1883421 0.6689513 255 0 0
-0.1828278 -0.1880552 0.6679322 255 0 0
-0.1810662 -0.1878654 0.6672579 255 0 0
-0.1793986 -0.1877706 0.6669213 255 0 0
-0.1779135 -0.1878668 0.6672630 255 0 0
-0.1761579 -0.1876766 0.6665875 255 0 0
-0.1745831 -0.1876773 0.6665901 255 0 0
-0.1729204 -0.1875828 0.6662542 255 0 0
-0.1712594 -0.1874883 0.6659185 255 0 0
-0.1696862 -0.1874890 0.6659212 255 0 0
-0.1680276 -0.1873946 0.6655859 255 0 0
-0.1663708 -0.1873003 0.6652510 255 0 0
-0.1646321 -0.1871113 0.6645796 255 0 0
-0.1630620 -0.1871120 0.6645822 255 0 0
-0.1615738 -0.1872076 0.6649216 255 0 0
-0.1599218 -0.1871135 0.6645874 255 0 0
-0.1582715 -0.1870195 0.6642534 255 0 0
-0.1567815 -0.1871149 0.6645925 255 0 0
-0.1552900 -0.1872105 0.6649318 255 0 0
-0.1536412 -0.1871164 0.6645976 255 0 0
-0.1519940 -0.1870224 0.6642637 255 0 0
-0.1505008 -0.1871178 0.6646028 255 0 0
-0.1490816 -0.1873083 0.6652794 255 0 0
-0.1475846 -0.1874041 0.6656194 255 0 0
-0.1459380 -0.1873098 0.6652845 255 0 0
-0.1444394 -0.1874055 0.6656246 255 0 0
-0.1429392 -0.1875013 0.6659650 255 0 0
-0.1414376 -0.1875973 0.6663058 255 0 0
-0.1398633 -0.1875980 0.6663083 255 0 0
-0.1383593 -0.1876941 0.6666495 255 0 0
-0.1369930 -0.1879813 0.6676698 255 0 0
-0.1354155 -0.1879821 0.6676723 255 0 0
-0.1338380 -0.1879828 0.6676750 255 0 0
-0.1323951 -0.1881750 0.6683577 255 0 0
-0.1308160 -0.1881758 0.6683604 255 0 0
-0.1293027 -0.1882724 0.6687036 255 0 0
-0.1277879 -0.1883691 0.6690472 255 0 0
-0.1262714 -0.1884660 0.6693911 255 0 0
-0.1246898 -0.1884667 0.6693937 255 0 0
-0.1232339 -0.1886599 0.6700800 255 0 0
-0.1217750 -0.1888535 0.6707677 255 0 0
-0.1203132 -0.1890475 0.6714568 255 0 0
-0.1188483 -0.1892420 0.6721473 255 0 0
-0.1173202 -0.1893397 0.6724944 255 0 0
-0.1159094 -0.1896320 0.6735326 255 0 0
-0.1144355 -0.1898276 0.6742274 255 0 0
-0.1129004 -0.1899259 0.6745766 255 0 0
-0.1114210 -0.1901222 0.6752735 255 0 0
-0.1099953 -0.1904169 0.6763204 255 0 0
-0.1083972 -0.1904176 0.6763231 255 0 0
-0.1068542 -0.1905165 0.6766744 255 0 0
-0.1054184 -0.1908125 0.6777256 255 0 0
-0.1038170 -0.1908132 0.6777282 255 0 0
-0.1022684 -0.1909126 0.6780810 255 0 0
-0.1007182 -0.1910120 0.6784343 255 0 0
-0.0991664 -0.1911116 0.6787879 255 0 0
-0.0975624 -0.1911124 0.6787905 255 0 0
-0.0960082 -0.1912120 0.6791444 255 0 0
-0.0945502 -0.1915101 0.6802032 255 0 0
-0.0929429 -0.1915108 0.6802058 255 0 0
-0.0913356 -0.1915116 0.6802085 255 0 0
-0.0897748 -0.1916116 0.6805639 255 0 0
-0.0882124 -0.1917118 0.6809197 255 0 0
-0.0865584 -0.1916131 0.6805692 255 0 0
-0.0849502 -0.1916139 0.6805719 255 0 0
-0.0834286 -0.1918136 0.6812811 255 0 0
-0.0819463 -0.1921135 0.6823465 255 0 0
-0.0802921 -0.1920145 0.6819946 255 0 0
-0.0788034 -0.1923150 0.6830622 255 0 0
-0.0772697 -0.1925162 0.6837767 255 0 0
-0.0756539 -0.1925170 0.6837794 255 0 0
-0.0739996 -0.1924175 0.6834260 255 0 0
-0.0724223 -0.1925184 0.6837847 255 0 0
-0.0708064 -0.1925192 0.6837873 255 0 0
-0.0691185 -0.1923195 0.6830781 255 0 0
-0.0677866 -0.1931245 0.6859372 255 0 0
-0.0667941 -0.1949596 0.6924551 255 0 0
-0.0638581 -0.1959946 0.6961312 255 0 0
-0.0622791 -0.1962035 0.6968732 255 0 0
-0.0606645 -0.1963086 0.6972463 255 0 0
-0.0590482 -0.1964137 0.6976196 255 0 0
-0.0574301 -0.1965189 0.6979935 255 0 0
-0.0557806 -0.1965197 0.6979961 255 0 0
-0.0541311 -0.1965204 0.6979989 255 0 0
-0.0524816 -0.1965212 0.6980016 255 0 0
-0.0508862 -0.1967312 0.6987476 255 0 0
-0.0492349 -0.1967320 0.6987503 255 0 0
-0.0476852 -0.1971527 0.7002444 255 0 0
-0.0460549 -0.1972587 0.7006209 255 0 0
-0.0443282 -0.1969440 0.6995033 255 0 0
-0.2635460 -0.2010868 0.7202706 255 0 0
-0.2617009 -0.2009772 0.7198780 255 0 0
-0.2597154 -0.2007576 0.7190914 255 0 0
-0.2577342 -0.2005385 0.7183066 255 0 0
-0.2557574 -0.2003199 0.7175235 255 0 0
-0.2539236 -0.2002111 0.7171339 255 0 0
-0.2520918 -0.2001025 0.7167448 255 0 0
-0.2501253 -0.1998848 0.7159652 255 0 0
-0.2481632 -0.1996676 0.7151872 255 0 0
-0.2452712 -0.1986941 0.7117002 255 0 0
-0.2427996 -0.1980501 0.7093934 255 0 0
-0.2404736 -0.1975168 0.7074831 255 0 0
-0.2381601 -0.1969863 0.7055830 255 0 0
-0.2361123 -0.1966697 0.7044489 255 0 0
-0.2340711 -0.1963541 0.7033185 255 0 0
-0.2317884 -0.1958298 0.7014407 255 0 0
-0.2301314 -0.1958306 0.7014434 255 0 0
-0.2281085 -0.1955177 0.7003226 255 0 0
-0.2262126 -0.1953099 0.6995783 255 0 0
-0.2245600 -0.1953107 0.6995810 255 0 0
-0.2226699 -0.1951033 0.6988383 255 0 0
-0.2204327 -0.1945865 0.6969872 255 0 0
-0.2183222 -0.1941745 0.6955116 255 0 0
-0.2164497 -0.1939696 0.6947776 255 0 0
-0.2146947 -0.1938677 0.6944125 255 0 0
-0.2128290 -0.1936634 0.6936808 255 0 0
-0.2109672 -0.1934595 0.6929505 255 0 0
-0.2091093 -0.1932561 0.6922219 255 0 0
-0.2073646 -0.1931549 0.6918595 255 0 0
-0.2050812 -0.1925464 0.6896798 255 0 0
-0.2027059 -0.1918411 0.6871536 255 0 0
-0.1989987 -0.1898537 0.6800347 255 0 0
-0.1954670 -0.1880027 0.6734049 255 0 0
-0.1933798 -0.1875222 0.6716835 255 0 0
-0.1914010 -0.1871396 0.6703133 255 0 0
-0.1897206 -0.1870448 0.6699736 255 0 0
-0.1878500 -0.1867594 0.6689513 255 0 0
-0.1859852 -0.1864748 0.6679322 255 0 0
-0.1844072 -0.1864756 0.6679348 255 0 0
-0.1824584 -0.1860980 0.6665824 255 0 0
-0.1807000 -0.1859098 0.6659083 255 0 0
-0.1792178 -0.1860050 0.6662491 255 0 0
-0.1775536 -0.1859113 0.6659135 255 0 0
-0.1759804 -0.1859120 0.6659160 255 0 0
-0.1744072 -0.1859127 0.6659186 255 0 0
-0.1726587 -0.1857249 0.6652460 255 0 0
-0.1710003 -0.1856315 0.6649113 255 0 0
-0.1693437 -0.1855382 0.6645771 255 0 0
-0.1677736 -0.1855389 0.6645797 255 0 0
-0.1662035 -0.1855396 0.6645823 255 0 0
-0.1644668 -0.1853525 0.6639122 255 0 0
-0.1628159 -0.1852595 0.6635789 255 0 0
-0.1613297 -0.1853540 0.6639174 255 0 0
-0.1596804 -0.1852610 0.6635841 255 0 0
-0.1581926 -0.1853554 0.6639225 255 0 0
-0.1565448 -0.1852624 0.6635892 255 0 0
-0.1548987 -0.1851694 0.6632563 255 0 0
-0.1533317 -0.1851702 0.6632589 255 0 0
-0.1519183 -0.1853583 0.6639328 255 0 0
-0.1504258 -0.1854529 0.6642715 255 0 0
-0.1487810 -0.1853597 0.6639379 255 0 0
-0.1472869 -0.1854543 0.6642767 255 0 0
-0.1458651 -0.1856430 0.6649525 255 0 0
-0.1442941 -0.1856437 0.6649551 255 0 0
-0.1427954 -0.1857386 0.6652949 255 0 0
-0.1412235 -0.1857393 0.6652974 255 0 0
-0.1397934 -0.1859286 0.6659754 255 0 0
-0.1382901 -0.1860237 0.6663162 255 0 0
-0.1367158 -0.1860244 0.6663187 255 0 0
-0.1351415 -0.1860251 0.6663213 255 0 0
-0.1337029 -0.1862150 0.6670014 255 0 0
-0.1322615 -0.1864052 0.6676828 255 0 0
-0.1306839 -0.1864059 0.6676853 255 0 0
-0.1291721 -0.1865016 0.6680279 255 0 0
-0.1276587 -0.1865973 0.6683707 255 0 0
-0.1262080 -0.1867883 0.6690550 255 0 0
-0.1246272 -0.1867891 0.6690576 255 0 0
-0.1231720 -0.1869805 0.6697432 255 0 0
-0.1217138 -0.1871722 0.6704302 255 0 0
-0.1201911 -0.1872687 0.6707755 255 0 0
-0.1187276 -0.1874610 0.6714646 255 0 0
-0.1172610 -0.1876538 0.6721551 255 0 0
-0.1157915 -0.1878470 0.6728472 255 0 0
-0.1142602 -0.1879441 0.6731949 255 0 0
-0.1128432 -0.1882346 0.6742353 255 0 0
-0.1113073 -0.1883321 0.6745846 255 0 0
-0.1098263 -0.1885266 0.6752815 255 0 0
-0.1083422 -0.1887216 0.6759799 255 0 0
-0.1068000 -0.1888196 0.6763309 255 0 0
-0.1052019 -0.1888204 0.6763335 255 0 0
-0.1037107 -0.1890159 0.6770341 255 0 0
-0.1021636 -0.1891143 0.6773862 255 0 0
-0.1006149 -0.1892127 0.6777387 255 0 0
-0.0990135 -0.1892134 0.6777413 255 0 0
-0.0974624 -0.1893119 0.6780942 255 0 0
-0.0959592 -0.1895085 0.6787984 255 0 0
-0.0944041 -0.1896073 0.6791524 255 0 0
-0.0927993 -0.1896081 0.6791550 255 0 0
-0.0912890 -0.1898053 0.6798614 255 0 0
-0.0896825 -0.1898060 0.6798640 255 0 0
-0.0880759 -0.1898067 0.6798667 255 0 0
-0.0865142 -0.1899059 0.6802217 255 0 0
-0.0849509 -0.1900051 0.6805772 255 0 0
-0.0832995 -0.1899074 0.6802270 255 0 0
-0.0818193 -0.1902039 0.6812891 255 0 0
-0.0802094 -0.1902046 0.6812918 255 0 0
-0.0786403 -0.1903041 0.6816483 255 0 0
-0.0769895 -0.1902061 0.6812970 255 0 0
-0.0754972 -0.1905035 0.6823624 255 0 0
-0.0738079 -0.1903064 0.6816562 255 0 0
-0.0722722 -0.1905050 0.6823677 255 0 0
-0.0706597 -0.1905057 0.6823704 255 0 0
-0.0691191 -0.1907048 0.6830834 255 0 0
-0.0676105 -0.1910038 0.6841545 255 0 0
-0.0667242 -0.1931189 0.6917306 255 0 0
-0.0639265 -0.1945555 0.6968760 255 0 0
-0.0622466 -0.1944530 0.6965089 255 0 0
-0.0606973 -0.1947638 0.6976224 255 0 0
-0.0590487 -0.1947646 0.6976251 255 0 0
-0.0574000 -0.1947654 0.6976278 255 0 0
-0.0557811 -0.1948697 0.6980016 255 0 0
-0.0541028 -0.1947669 0.6976333 255 0 0
-0.0524263 -0.1946641 0.6972653 255 0 0
-0.0508866 -0.1950795 0.6987530 255 0 0
-0.0492353 -0.1950803 0.6987557 255 0 0
-0.0476347 -0.1952890 0.6995034 255 0 0
-0.0459082 -0.1949779 0.6983893 255 0 0
-0.0442813 -0.1950825 0.6987638 255 0 0
-0.0427666 -0.1957085 0.7010062 255 0 0
-0.2689474 -0.1996011 0.7210597 255 0 0
-0.2670974 -0.1994922 0.7206664 255 0 0
-0.2651038 -0.1992740 0.7198781 255 0 0
-0.2632589 -0.1991654 0.7194860 255 0 0
-0.2614160 -0.1990570 0.7190943 255 0 0
-0.2592910 -0.1987309 0.7179163 255 0 0
-0.2574542 -0.1986230 0.7175264 255 0 0
-0.2557594 -0.1986237 0.7175291 255 0 0
-0.2536482 -0.1982991 0.7163563 255 0 0
-0.2518185 -0.1981916 0.7159680 255 0 0
-0.2499909 -0.1980843 0.7155802 255 0 0
-0.2481652 -0.1979770 0.7151928 255 0 0
-0.2454062 -0.1971187 0.7120921 255 0 0
-0.2431960 -0.1966923 0.7105519 255 0 0
-0.2408652 -0.1961618 0.7086353 255 0 0
-0.2385469 -0.1956341 0.7067289 255 0 0
-0.2363680 -0.1952141 0.7052119 255 0 0
-0.2343242 -0.1949005 0.7040790 255 0 0
-0.2320383 -0.1943796 0.7021971 255 0 0
-0.2301332 -0.1941725 0.7014489 255 0 0
-0.2282321 -0.1939658 0.7007022 255 0 0
-0.2265769 -0.1939665 0.7007049 255 0 0
-0.2246816 -0.1937603 0.6999598 255 0 0
-0.2227903 -0.1935545 0.6992163 255 0 0
-0.2209031 -0.1933491 0.6984744 255 0 0
-0.2186718 -0.1928372 0.6966252 255 0 0
-0.2164514 -0.1923272 0.6947830 255 0 0
-0.2148101 -0.1923280 0.6947858 255 0 0
-0.2129433 -0.1921252 0.6940532 255 0 0
-0.2109688 -0.1918215 0.6929560 255 0 0
-0.2090006 -0.1915187 0.6918622 255 0 0
-0.2072569 -0.1914185 0.6915002 255 0 0
-0.2050828 -0.1909161 0.6896852 255 0 0
-0.2027075 -0.1902168 0.6871589 255 0 0
-0.1983832 -0.1876625 0.6779314 255 0 0
-0.1948683 -0.1858385 0.6713425 255 0 0
-0.1930848 -0.1856492 0.6706587 255 0 0
-0.1912071 -0.1853657 0.6696343 255 0 0
-0.1895285 -0.1852718 0.6692953 255 0 0
-0.1876601 -0.1849894 0.6682751 255 0 0
-0.1859866 -0.1848959 0.6679374 255 0 0
-0.1842211 -0.1847086 0.6672606 255 0 0
-0.1822746 -0.1843350 0.6659110 255 0 0
-0.1806097 -0.1842422 0.6655757 255 0 0
-0.1790374 -0.1842429 0.6655783 255 0 0
-0.1773750 -0.1841502 0.6652434 255 0 0
-0.1757142 -0.1840576 0.6649088 255 0 0
-0.1742317 -0.1841516 0.6652486 255 0 0
-0.1723978 -0.1838726 0.6642407 255 0 0
-0.1709151 -0.1839665 0.6645797 255 0 0
-0.1692593 -0.1838741 0.6642458 255 0 0
-0.1676051 -0.1837817 0.6639123 255 0 0
-0.1659526 -0.1836895 0.6635790 255 0 0
-0.1643849 -0.1836902 0.6635816 255 0 0
-0.1626526 -0.1835053 0.6629136 255 0 0
-0.1611679 -0.1835988 0.6632513 255 0 0
-0.1596009 -0.1835995 0.6632538 255 0 0
-0.1579541 -0.1835074 0.6629213 255 0 0
-0.1564669 -0.1836009 0.6632590 255 0 0
-0.1547435 -0.1834162 0.6625917 255 0 0
-0.1532554 -0.1835095 0.6629290 255 0 0
-0.1517658 -0.1836030 0.6632667 255 0 0
-0.1501988 -0.1836037 0.6632692 255 0 0
-0.1487069 -0.1836973 0.6636073 255 0 0
-0.1472881 -0.1838840 0.6642818 255 0 0
-0.1457186 -0.1838847 0.6642844 255 0 0
-0.1440762 -0.1837924 0.6639509 255 0 0
-0.1426518 -0.1839793 0.6646261 255 0 0
-0.1410815 -0.1839800 0.6646286 255 0 0
-0.1395819 -0.1840740 0.6649680 255 0 0
-0.1380108 -0.1840747 0.6649706 255 0 0
-0.1365781 -0.1842622 0.6656479 255 0 0
-0.1350739 -0.1843564 0.6659883 255 0 0
-0.1336360 -0.1845445 0.6666677 255 0 0
-0.1321280 -0.1846390 0.6670092 255 0 0
-0.1305521 -0.1846397 0.6670118 255 0 0
-0.1289761 -0.1846404 0.6670144 255 0 0
-0.1275297 -0.1848291 0.6676958 255 0 0
-0.1260163 -0.1849239 0.6680383 255 0 0
-0.1245012 -0.1850188 0.6683812 255 0 0
-0.1229846 -0.1851138 0.6687244 255 0 0
-0.1215284 -0.1853034 0.6694093 255 0 0
-0.1200693 -0.1854934 0.6700956 255 0 0
-0.1186678 -0.1857787 0.6711264 255 0 0
-0.1172019 -0.1859697 0.6718163 255 0 0
-0.1156737 -0.1860657 0.6721630 255 0 0
-0.1141440 -0.1861618 0.6725101 255 0 0
-0.1126705 -0.1863535 0.6732028 255 0 0
-0.1111939 -0.1865457 0.6738970 255 0 0
-0.1097142 -0.1867382 0.6745924 255 0 0
-0.1081759 -0.1868350 0.6749421 255 0 0
-0.1066908 -0.1870281 0.6756397 255 0 0
-0.1051485 -0.1871252 0.6759905 255 0 0
-0.1036580 -0.1873189 0.6766902 255 0 0
-0.1020590 -0.1873196 0.6766928 255 0 0
-0.1005638 -0.1875137 0.6773942 255 0 0
-0.0989121 -0.1874177 0.6770473 255 0 0
-0.0974631 -0.1877090 0.6780995 255 0 0
-0.0958113 -0.1876128 0.6777519 255 0 0
-0.0942585 -0.1877104 0.6781048 255 0 0
-0.0927040 -0.1878082 0.6784580 255 0 0
-0.0911480 -0.1879061 0.6788116 255 0 0
-0.0896367 -0.1881014 0.6795173 255 0 0
-0.0880310 -0.1881022 0.6795199 255 0 0
-0.0864253 -0.1881029 0.6795225 255 0 0
-0.0849075 -0.1882986 0.6802297 255 0 0
-0.0833001 -0.1882994 0.6802323 255 0 0
-0.0817775 -0.1884955 0.6809409 255 0 0
-0.0801684 -0.1884963 0.6809436 255 0 0
-0.0785593 -0.1884970 0.6809462 255 0 0
-0.0769103 -0.1884000 0.6805957 255 0 0
-0.0753802 -0.1885963 0.6813051 255 0 0
-0.0738469 -0.1887931 0.6820159 255 0 0
-0.0722728 -0.1888920 0.6823731 255 0 0
-0.0706603 -0.1888927 0.6823757 255 0 0
-0.0690119 -0.1887953 0.6820238 255 0 0
-0.0676463 -0.1894854 0.6845167 255 0 0
-0.0663053 -0.1902802 0.6873879 255 0 0
-0.0650558 -0.1913836 0.6913742 255 0 0
-0.0620495 -0.1921944 0.6943032 255 0 0
-0.0606333 -0.1929096 0.6968869 255 0 0
-0.0590177 -0.1930129 0.6972600 255 0 0
-0.0574005 -0.1931162 0.6976333 255 0 0
-0.0557815 -0.1932197 0.6980071 255 0 0
-0.0541032 -0.1931178 0.6976387 255 0 0
-0.0524267 -0.1930159 0.6972708 255 0 0
-0.0507250 -0.1928117 0.6965333 255 0 0
-0.0492357 -0.1934285 0.6987612 255 0 0
-0.0476097 -0.1935323 0.6991362 255 0 0
-0.0459820 -0.1936362 0.6995116 255 0 0
-0.0442817 -0.1934307 0.6987693 255 0 0
-0.0430892 -0.1955136 0.7062937 255 0 0
-0.0415766 -0.1962537 0.7089674 255 0 0
-0.2720568 -0.1976777 0.7202680 255 0 0
-0.2702071 -0.1975700 0.7198754 255 0 0
-0.2683594 -0.1974624 0.7194833 255 0 0
-0.2666599 -0.1974631 0.7194861 255 0 0
-0.2646701 -0.1972474 0.7187003 255 0 0
-0.2628284 -0.1971402 0.7183095 255 0 0
-0.2609888 -0.1970330 0.7179191 255 0 0
-0.2590095 -0.1968184 0.7171369 255 0 0
-0.2570344 -0.1966041 0.7163563 255 0 0
-0.2554819 -0.1967123 0.7167506 255 0 0
-0.2535117 -0.1964983 0.7159708 255 0 0
-0.2519581 -0.1966064 0.7163647 255 0 0
-0.2498565 -0.1962856 0.7151956 255 0 0
-0.2483025 -0.1963934 0.7155886 255 0 0
-0.2463434 -0.1961801 0.7148114 255 0 0
-0.2437261 -0.1954361 0.7121005 255 0 0
-0.2415195 -0.1950134 0.7105602 255 0 0
-0.2393224 -0.1945925 0.7090266 255 0 0
-0.2370070 -0.1940688 0.7071183 255 0 0
-0.2347040 -0.1935478 0.7052202 255 0 0
-0.2322889 -0.1929262 0.7029553 255 0 0
-0.2306283 -0.1929270 0.7029580 255 0 0
-0.2288451 -0.1928244 0.7025842 255 0 0
-0.2268210 -0.1925158 0.7014598 255 0 0
-0.2249234 -0.1923109 0.7007131 255 0 0
-0.2232681 -0.1923116 0.7007158 255 0 0
-0.2212583 -0.1920047 0.6995974 255 0 0
-0.2186735 -0.1911904 0.6966306 255 0 0
-0.2164531 -0.1906849 0.6947885 255 0 0
-0.2145845 -0.1904838 0.6940560 255 0 0
-0.2128323 -0.1903838 0.6936917 255 0 0
-0.2107478 -0.1899827 0.6922301 255 0 0
-0.2087820 -0.1896832 0.6911387 255 0 0
-0.2067137 -0.1892850 0.6896879 255 0 0
-0.2045467 -0.1887894 0.6878823 255 0 0
-0.2011296 -0.1871229 0.6818099 255 0 0
-0.1972634 -0.1850082 0.6741048 255 0 0
-0.1945711 -0.1839691 0.6703186 255 0 0
-0.1927906 -0.1837820 0.6696369 255 0 0
-0.1909163 -0.1835017 0.6686157 255 0 0
-0.1892403 -0.1834089 0.6682777 255 0 0
-0.1875660 -0.1833163 0.6679401 255 0 0
-0.1858934 -0.1832237 0.6676027 255 0 0
-0.1839426 -0.1828529 0.6662518 255 0 0
-0.1821835 -0.1826681 0.6655784 255 0 0
-0.1805196 -0.1825762 0.6652434 255 0 0
-0.1788573 -0.1824844 0.6649089 255 0 0
-0.1771967 -0.1823927 0.6645747 255 0 0
-0.1755377 -0.1823010 0.6642408 255 0 0
-0.1739684 -0.1823017 0.6642433 255 0 0
-0.1723992 -0.1823024 0.6642459 255 0 0
-0.1707434 -0.1822109 0.6639124 255 0 0
-0.1690894 -0.1821194 0.6635791 255 0 0
-0.1673524 -0.1819361 0.6629111 255 0 0
-0.1657862 -0.1819368 0.6629136 255 0 0
-0.1642200 -0.1819375 0.6629162 255 0 0
-0.1625718 -0.1818463 0.6625840 255 0 0
-0.1608439 -0.1816635 0.6619180 255 0 0
-0.1591998 -0.1815726 0.6615868 255 0 0
-0.1576367 -0.1815733 0.6615894 255 0 0
-0.1561524 -0.1816656 0.6619257 255 0 0
-0.1545885 -0.1816664 0.6619283 255 0 0
-0.1531792 -0.1818506 0.6625994 255 0 0
-0.1516138 -0.1818513 0.6626020 255 0 0
-0.1498969 -0.1816685 0.6619360 255 0 0
-0.1485578 -0.1819445 0.6629419 255 0 0
-0.1470658 -0.1820372 0.6632796 255 0 0
-0.1455723 -0.1821300 0.6636177 255 0 0
-0.1439316 -0.1820386 0.6632847 255 0 0
-0.1424365 -0.1821314 0.6636228 255 0 0
-0.1408686 -0.1821321 0.6636254 255 0 0
-0.1394417 -0.1823173 0.6642999 255 0 0
-0.1379420 -0.1824103 0.6646390 255 0 0
-0.1365100 -0.1825960 0.6653156 255 0 0
-0.1349380 -0.1825967 0.6653182 255 0 0
-0.1335014 -0.1827828 0.6659961 255 0 0
-0.1319278 -0.1827835 0.6659987 255 0 0
-0.1304867 -0.1829699 0.6666781 255 0 0
-0.1289115 -0.1829706 0.6666806 255 0 0
-0.1274659 -0.1831575 0.6673614 255 0 0
-0.1259531 -0.1832514 0.6677036 255 0 0
-0.1243755 -0.1832521 0.6677062 255 0 0
-0.1229229 -0.1834395 0.6683890 255 0 0
-0.1214674 -0.1836273 0.6690733 255 0 0
-0.1199477 -0.1837217 0.6694172 255 0 0
-0.1185474 -0.1840040 0.6704459 255 0 0
-0.1170231 -0.1840988 0.6707913 255 0 0
-0.1156154 -0.1843823 0.6718242 255 0 0
-0.1140280 -0.1843830 0.6718267 255 0 0
-0.1126713 -0.1847621 0.6732081 255 0 0
-0.1111947 -0.1849526 0.6739022 255 0 0
-0.1096587 -0.1850484 0.6742511 255 0 0
-0.1081211 -0.1851442 0.6746004 255 0 0
-0.1066367 -0.1853355 0.6752973 255 0 0
-0.1050411 -0.1853362 0.6752999 255 0 0
-0.1034987 -0.1854323 0.6756502 255 0 0
-0.1020072 -0.1856242 0.6763494 255 0 0
-0.1004608 -0.1857207 0.6767008 255 0 0
-0.0988619 -0.1857214 0.6767034 255 0 0
-0.0974135 -0.1860099 0.6777546 255 0 0
-0.0957626 -0.1859146 0.6774073 255 0 0
-0.0942105 -0.1860113 0.6777598 255 0 0
-0.0926090 -0.1860121 0.6777625 255 0 0
-0.0910545 -0.1861089 0.6781154 255 0 0
-0.0895910 -0.1863986 0.6791709 255 0 0
-0.0879406 -0.1863029 0.6788222 255 0 0
-0.0863813 -0.1864000 0.6791762 255 0 0
-0.0848642 -0.1865939 0.6798825 255 0 0
-0.0832576 -0.1865946 0.6798852 255 0 0
-0.0816934 -0.1866921 0.6802403 255 0 0
-0.0800859 -0.1866928 0.6802429 255 0 0
-0.0784378 -0.1865968 0.6798931 255 0 0
-0.0768312 -0.1865975 0.6798958 255 0 0
-0.0753026 -0.1867918 0.6806036 255 0 0
-0.0737325 -0.1868895 0.6809595 255 0 0
-0.0721608 -0.1869872 0.6813157 255 0 0
-0.0705141 -0.1868909 0.6809647 255 0 0
-0.0690124 -0.1871830 0.6820291 255 0 0
-0.0676115 -0.1877693 0.6841652 255 0 0
-0.0661672 -0.1882608 0.6859560 255 0 0
-0.0647493 -0.1888538 0.6881168 255 0 0
-0.0633891 -0.1896501 0.6910182 255 0 0
-0.0619846 -0.1903525 0.6935775 255 0 0
-0.0587995 -0.1906555 0.6946816 255 0 0
-0.0572184 -0.1908583 0.6954206 255 0 0
-0.0556635 -0.1911630 0.6965306 255 0 0
-0.0540175 -0.1911637 0.6965333 255 0 0
-0.0523436 -0.1910630 0.6961665 255 0 0
-0.0507254 -0.1911652 0.6965387 255 0 0
-0.0491837 -0.1915727 0.6980234 255 0 0
-0.0476101 -0.1918796 0.6991416 255 0 0
-0.0460806 -0.1923928 0.7010117 255 0 0
-0.0444239 -0.1923936 0.7010145 255 0 0
-0.0431825 -0.1942622 0.7078230 255 0 0
-0.0415545 -0.1944727 0.7085902 255 0 0
-0.0398799 -0.1944735 0.7085930 255 0 0
-0.2740612 -0.1961897 0.7210627 255 0 0
-0.2717604 -0.1957600 0.7194834 255 0 0
-0.2697650 -0.1955462 0.7186976 255 0 0
-0.2682144 -0.1956542 0.7190945 255 0 0
-0.2662239 -0.1954407 0.7183096 255 0 0
-0.2642378 -0.1952276 0.7175265 255 0 0
-0.2625429 -0.1952284 0.7175292 255 0 0
-0.2608481 -0.1952291 0.7175320 255 0 0
-0.2590115 -0.1951231 0.7171425 255 0 0
-0.2573175 -0.1951239 0.7171453 255 0 0
-0.2553443 -0.1949115 0.7163647 255 0 0
-0.2536522 -0.1949123 0.7163675 255 0 0
-0.2516851 -0.1947003 0.7155886 255 0 0
-0.2498585 -0.1945949 0.7152012 255 0 0
-0.2481690 -0.1945957 0.7152040 255 0 0
-0.2462111 -0.1943845 0.7144276 255 0 0
-0.2443904 -0.1942794 0.7140415 255 0 0
-0.2421773 -0.1938588 0.7124956 255 0 0
-0.2399729 -0.1934392 0.7109537 255 0 0
-0.2376494 -0.1929172 0.7090349 255 0 0
-0.2350850 -0.1921907 0.7063650 255 0 0
-0.2329148 -0.1917784 0.7048494 255 0 0
-0.2311256 -0.1916761 0.7044737 255 0 0
-0.2292152 -0.1914712 0.7037205 255 0 0
-0.2273090 -0.1912667 0.7029690 255 0 0
-0.2255275 -0.1911650 0.7025952 255 0 0
-0.2237480 -0.1910634 0.7022218 255 0 0
-0.2218516 -0.1908599 0.7014735 255 0 0
-0.2185591 -0.1894430 0.6962663 255 0 0
-0.2163402 -0.1889424 0.6944261 255 0 0
-0.2142461 -0.1885438 0.6929615 255 0 0
-0.2123847 -0.1883456 0.6922328 255 0 0
-0.2103056 -0.1879496 0.6907775 255 0 0
-0.2085639 -0.1878514 0.6904166 255 0 0
-0.2064982 -0.1874575 0.6889688 255 0 0
-0.2026365 -0.1854140 0.6814584 255 0 0
-0.2002984 -0.1847430 0.6789921 255 0 0
-0.1964574 -0.1826638 0.6713504 255 0 0
-0.1943741 -0.1821983 0.6696396 255 0 0
-0.1927921 -0.1821990 0.6696422 255 0 0
-0.1908205 -0.1818285 0.6682804 255 0 0
-0.1892418 -0.1818292 0.6682829 255 0 0
-0.1873767 -0.1815525 0.6672659 255 0 0
-0.1856115 -0.1813687 0.6665903 255 0 0
-0.1838506 -0.1811860 0.6659188 255 0 0
-0.1819081 -0.1808196 0.6645721 255 0 0
-0.1804295 -0.1809119 0.6649115 255 0 0
-0.1788587 -0.1809126 0.6649141 255 0 0
-0.1771083 -0.1807301 0.6642434 255 0 0
-0.1755391 -0.1807308 0.6642460 255 0 0
-0.1738818 -0.1806401 0.6639124 255 0 0
-0.1722261 -0.1805494 0.6635792 255 0 0
-0.1705721 -0.1804588 0.6632463 255 0 0
-0.1689198 -0.1803683 0.6629137 255 0 0
-0.1672692 -0.1802779 0.6625815 255 0 0
-0.1655366 -0.1800967 0.6619155 255 0 0
-0.1640556 -0.1801883 0.6622522 255 0 0
-0.1624090 -0.1800981 0.6619207 255 0 0
-0.1607641 -0.1800080 0.6615894 255 0 0
-0.1592010 -0.1800087 0.6615920 255 0 0
-0.1576380 -0.1800094 0.6615946 255 0 0
-0.1559962 -0.1799194 0.6612636 255 0 0
-0.1544339 -0.1799201 0.6612662 255 0 0
-0.1529487 -0.1800115 0.6616023 255 0 0
-0.1513856 -0.1800122 0.6616048 255 0 0
-0.1498980 -0.1801037 0.6619411 255 0 0
-0.1484090 -0.1801953 0.6622778 255 0 0
-0.1468443 -0.1801960 0.6622804 255 0 0
-0.1453529 -0.1802877 0.6626174 255 0 0
-0.1438600 -0.1803795 0.6629548 255 0 0
-0.1423656 -0.1804714 0.6632925 255 0 0
-0.1407985 -0.1804721 0.6632951 255 0 0
-0.1393017 -0.1805641 0.6636331 255 0 0
-0.1378035 -0.1806561 0.6639715 255 0 0
-0.1363037 -0.1807483 0.6643103 255 0 0
-0.1348707 -0.1809322 0.6649862 255 0 0
-0.1333671 -0.1810247 0.6653260 255 0 0
-0.1319289 -0.1812091 0.6660039 255 0 0
-0.1304215 -0.1813019 0.6663448 255 0 0
-0.1288471 -0.1813026 0.6663473 255 0 0
-0.1274021 -0.1814876 0.6670274 255 0 0
-0.1258900 -0.1815806 0.6673692 255 0 0
-0.1243132 -0.1815813 0.6673718 255 0 0
-0.1228613 -0.1817669 0.6680539 255 0 0
-0.1214065 -0.1819529 0.6687375 255 0 0
-0.1198264 -0.1819536 0.6687401 255 0 0
-0.1183669 -0.1821400 0.6694251 255 0 0
-0.1168448 -0.1822336 0.6697693 255 0 0
-0.1154390 -0.1825138 0.6707991 255 0 0
-0.1140289 -0.1827949 0.6718320 255 0 0
-0.1125567 -0.1829829 0.6725233 255 0 0
-0.1110815 -0.1831714 0.6732160 255 0 0
-0.1096033 -0.1833603 0.6739101 255 0 0
-0.1081219 -0.1835495 0.6746057 255 0 0
-0.1066376 -0.1837392 0.6753026 255 0 0
-0.1050419 -0.1837399 0.6753052 255 0 0
-0.1034995 -0.1838352 0.6756555 255 0 0
-0.1019555 -0.1839306 0.6760063 255 0 0
-0.1003581 -0.1839313 0.6760089 255 0 0
-0.0988626 -0.1841217 0.6767087 255 0 0
-0.0973138 -0.1842174 0.6770605 255 0 0
-0.0957633 -0.1843133 0.6774126 255 0 0
-0.0941141 -0.1842189 0.6770657 255 0 0
-0.0926097 -0.1844099 0.6777678 255 0 0
-0.0911023 -0.1846013 0.6784713 255 0 0
-0.0895454 -0.1846975 0.6788249 255 0 0
-0.0879413 -0.1846982 0.6788275 255 0 0
-0.0863372 -0.1846989 0.6788301 255 0 0
-0.0847770 -0.1847953 0.6791841 255 0 0
-0.0832152 -0.1848917 0.6795384 255 0 0
-0.0816094 -0.1848924 0.6795411 255 0 0
-0.0800451 -0.1849889 0.6798958 255 0 0
-0.0783978 -0.1848938 0.6795464 255 0 0
-0.0768318 -0.1849903 0.6799011 255 0 0
-0.0752641 -0.1850869 0.6802561 255 0 0
-0.0737331 -0.1852797 0.6809648 255 0 0
-0.0721239 -0.1852805 0.6809674 255 0 0
-0.0705513 -0.1853774 0.6813236 255 0 0
-0.0690847 -0.1857639 0.6827441 255 0 0
-0.0675768 -0.1860550 0.6838140 255 0 0
-0.0660297 -0.1862498 0.6845301 255 0 0
-0.0645130 -0.1865425 0.6856056 255 0 0
-0.0631568 -0.1873261 0.6884859 255 0 0
-0.0616916 -0.1878195 0.6902993 255 0 0
-0.0602187 -0.1883155 0.6921223 255 0 0
-0.0586760 -0.1886147 0.6932219 255 0 0
-0.0571585 -0.1890148 0.6946924 255 0 0
-0.0555462 -0.1891157 0.6950631 255 0 0
-0.0539322 -0.1892166 0.6954341 255 0 0
-0.0521782 -0.1888171 0.6939659 255 0 0
-0.0506185 -0.1891179 0.6950712 255 0 0
-0.0476105 -0.1902269 0.6991472 255 0 0
-0.0461796 -0.1911441 0.7025183 255 0 0
-0.0443769 -0.1905329 0.7002718 255 0 0
-0.0430666 -0.1920710 0.7059248 255 0 0
-0.0415548 -0.1927977 0.7085958 255 0 0
-0.0399233 -0.1930069 0.7093645 255 0 0
-0.2800967 -0.1951266 0.7234463 255 0 0
-0.2776223 -0.1945907 0.7214594 255 0 0
-0.2756150 -0.1943776 0.7206694 255 0 0
-0.2736121 -0.1941650 0.7198811 255 0 0
-0.2717626 -0.1940593 0.7194890 255 0 0
-0.2699150 -0.1939536 0.7190973 255 0 0
-0.2680695 -0.1938480 0.7187060 255 0 0
-0.2659347 -0.1935307 0.7175293 255 0 0
-0.2640954 -0.1934256 0.7171398 255 0 0
-0.2624015 -0.1934264 0.7171426 255 0 0
-0.2605650 -0.1933214 0.7167534 255 0 0
-0.2587306 -0.1932166 0.7163648 255 0 0
-0.2568982 -0.1931119 0.7159765 255 0 0
-0.2552069 -0.1931126 0.7159793 255 0 0
-0.2536542 -0.1932188 0.7163731 255 0 0
-0.2518245 -0.1931141 0.7159848 255 0 0
-0.2498604 -0.1929043 0.7152069 255 0 0
-0.2481710 -0.1929050 0.7152096 255 0 0
-0.2462130 -0.1926956 0.7144333 255 0 0
-0.2445255 -0.1926964 0.7144361 255 0 0
-0.2425736 -0.1924874 0.7136614 255 0 0
-0.2404962 -0.1921752 0.7125040 255 0 0
-0.2381662 -0.1916555 0.7105768 255 0 0
-0.2358489 -0.1911385 0.7086602 255 0 0
-0.2337960 -0.1908299 0.7075162 255 0 0
-0.2321247 -0.1908307 0.7075189 255 0 0
-0.2299572 -0.1904206 0.7059985 255 0 0
-0.2282895 -0.1904214 0.7060013 255 0 0
-0.2263780 -0.1902173 0.7052448 255 0 0
-0.2245913 -0.1901159 0.7048686 255 0 0
-0.2226869 -0.1899125 0.7041146 255 0 0
-0.2209050 -0.1898113 0.7037396 255 0 0
-0.2162274 -0.1872017 0.6940641 255 0 0
-0.2141347 -0.1868071 0.6926011 255 0 0
-0.2124986 -0.1868078 0.6926038 255 0 0
-0.2100860 -0.1861207 0.6900561 255 0 0
-0.2081274 -0.1858281 0.6889716 255 0 0
-0.2058511 -0.1852451 0.6868100 255 0 0
-0.2014868 -0.1827589 0.6775920 255 0 0
-0.1988590 -0.1818205 0.6741128 255 0 0
-0.1960576 -0.1807069 0.6699842 255 0 0
-0.1943756 -0.1806154 0.6696448 255 0 0
-0.1925970 -0.1804319 0.6689646 255 0 0
-0.1910166 -0.1804326 0.6689671 255 0 0
-0.1892433 -0.1802494 0.6682882 255 0 0
-0.1874735 -0.1800667 0.6676106 255 0 0
-0.1855195 -0.1797023 0.6662596 255 0 0
-0.1837588 -0.1795207 0.6655862 255 0 0
-0.1820940 -0.1794304 0.6652513 255 0 0
-0.1804309 -0.1793401 0.6649167 255 0 0
-0.1785886 -0.1790686 0.6639099 255 0 0
-0.1770201 -0.1790692 0.6639125 255 0 0
-0.1753629 -0.1789794 0.6635792 255 0 0
-0.1737952 -0.1789801 0.6635818 255 0 0
-0.1721404 -0.1788902 0.6632488 255 0 0
-0.1705735 -0.1788909 0.6632515 255 0 0
-0.1688358 -0.1787110 0.6625841 255 0 0
-0.1671861 -0.1786214 0.6622522 255 0 0
-0.1654544 -0.1784420 0.6615869 255 0 0
-0.1639741 -0.1785327 0.6619232 255 0 0
-0.1622465 -0.1783534 0.6612586 255 0 0
-0.1606033 -0.1782643 0.6609281 255 0 0
-0.1590419 -0.1782650 0.6609306 255 0 0
-0.1574804 -0.1782657 0.6609332 255 0 0
-0.1559189 -0.1782664 0.6609358 255 0 0
-0.1543573 -0.1782671 0.6609383 255 0 0
-0.1528728 -0.1783576 0.6612740 255 0 0
-0.1513868 -0.1784482 0.6616100 255 0 0
-0.1497481 -0.1783590 0.6612791 255 0 0
-0.1482605 -0.1784496 0.6616151 255 0 0
-0.1466973 -0.1784503 0.6616177 255 0 0
-0.1452807 -0.1786311 0.6622882 255 0 0
-0.1437159 -0.1786318 0.6622907 255 0 0
-0.1422948 -0.1788130 0.6629626 255 0 0
-0.1407284 -0.1788137 0.6629651 255 0 0
-0.1391621 -0.1788144 0.6629677 255 0 0
-0.1378046 -0.1790866 0.6639767 255 0 0
-0.1363048 -0.1791779 0.6643155 255 0 0
-0.1348034 -0.1792694 0.6646546 255 0 0
-0.1333005 -0.1793609 0.6649939 255 0 0
-0.1318630 -0.1795436 0.6656713 255 0 0
-0.1303563 -0.1796354 0.6660117 255 0 0
-0.1288481 -0.1797274 0.6663526 255 0 0
-0.1273383 -0.1798194 0.6666937 255 0 0
-0.1258270 -0.1799115 0.6670352 255 0 0
-0.1242510 -0.1799122 0.6670378 255 0 0
-0.1227998 -0.1800960 0.6677192 255 0 0
-0.1212838 -0.1801884 0.6680618 255 0 0
-0.1197663 -0.1802809 0.6684047 255 0 0
-0.1183678 -0.1805575 0.6694303 255 0 0
-0.1168457 -0.1806503 0.6697745 255 0 0
-0.1153220 -0.1807433 0.6701192 255 0 0
-0.1139131 -0.1810213 0.6711500 255 0 0
-0.1125576 -0.1813931 0.6725286 255 0 0
-0.1109117 -0.1813009 0.6721866 255 0 0
-0.1094916 -0.1815807 0.6732239 255 0 0
-0.1080672 -0.1818613 0.6742643 255 0 0
-0.1065288 -0.1819555 0.6746135 255 0 0
-0.1050427 -0.1821435 0.6753105 255 0 0
-0.1034470 -0.1821442 0.6753131 255 0 0
-0.1019038 -0.1822387 0.6756635 255 0 0
-0.1003589 -0.1823333 0.6760142 255 0 0
-0.0988124 -0.1824280 0.6763653 255 0 0
-0.0971642 -0.1823347 0.6760194 255 0 0
-0.0957147 -0.1826176 0.6770684 255 0 0
-0.0942120 -0.1828070 0.6777705 255 0 0
-0.0926105 -0.1828077 0.6777731 255 0 0
-0.0910559 -0.1829029 0.6781259 255 0 0
-0.0894535 -0.1829036 0.6781286 255 0 0
-0.0878965 -0.1829989 0.6784818 255 0 0
-0.0863379 -0.1830942 0.6788355 255 0 0
-0.0847338 -0.1830949 0.6788381 255 0 0
-0.0830867 -0.1830010 0.6784897 255 0 0
-0.0816100 -0.1832860 0.6795464 255 0 0
-0.0800457 -0.1833817 0.6799011 255 0 0
-0.0784390 -0.1833824 0.6799037 255 0 0
-0.0768324 -0.1833831 0.6799064 255 0 0
-0.0752257 -0.1833838 0.6799091 255 0 0
-0.0736572 -0.1834796 0.6802641 255 0 0
-0.0721245 -0.1836707 0.6809728 255 0 0
-0.0706252 -0.1839578 0.6820372 255 0 0
-0.0690853 -0.1841499 0.6827495 255 0 0
-0.0675422 -0.1843425 0.6834633 255 0 0
-0.0659958 -0.1845354 0.6841786 255 0 0
-0.0644462 -0.1847287 0.6848954 255 0 0
-0.0629262 -0.1850191 0.6859720 255 0 0
-0.0614980 -0.1856019 0.6881329 255 0 0
-0.0600292 -0.1860905 0.6899445 255 0 0
-0.0584910 -0.1863852 0.6910371 255 0 0
-0.0569479 -0.1866809 0.6921331 255 0 0
-0.0553707 -0.1868787 0.6928667 255 0 0
-0.0538186 -0.1871759 0.6939685 255 0 0
-0.0522062 -0.1872757 0.6943384 255 0 0
-0.0504852 -0.1869796 0.6932407 255 0 0
-0.0475096 -0.1881731 0.6976659 255 0 0
-0.0461306 -0.1892808 0.7017725 255 0 0
-0.0444246 -0.1890793 0.7010254 255 0 0
-0.0429976 -0.1900955 0.7047930 255 0 0
-0.0415327 -0.1910195 0.7082189 255 0 0
-0.0398805 -0.1911234 0.7086041 255 0 0
-0.0382059 -0.1911241 0.7086068 255 0 0
-0.3627975 -0.1946689 0.7281370 255 0 0
-0.3601569 -0.1951031 0.7297607 255 0 0
-0.3586331 -0.1952124 0.7301698 255 0 0
-0.3569087 -0.1952132 0.7301727 255 0 0
-0.3551857 -0.1952147 0.7301784 255 0 0
-0.3523240 -0.1955421 0.7314029 255 0 0
-0.3505981 -0.1955436 0.7314085 255 0 0
-0.3482880 -0.1952177 0.7301896 255 0 0
-0.3469499 -0.1954361 0.7310065 255 0 0
-0.3456088 -0.1956550 0.7318252 255 0 0
-0.2908316 -0.1937318 0.7246315 255 0 0
-0.2888020 -0.1935194 0.7238372 255 0 0
-0.2870923 -0.1935201 0.7238400 255 0 0
-0.2850680 -0.1933075 0.7230448 255 0 0
-0.2830481 -0.1930954 0.7222512 255 0 0
-0.2814972 -0.1932025 0.7226520 255 0 0
-0.2791750 -0.1927784 0.7210656 255 0 0
-0.2774718 -0.1927792 0.7210684 255 0 0
-0.2754658 -0.1925682 0.7202793 255 0 0
-0.2734641 -0.1923577 0.7194918 255 0 0
-0.2713182 -0.1920424 0.7183126 255 0 0
-0.2694739 -0.1919380 0.7179222 255 0 0
-0.2677781 -0.1919387 0.7179249 255 0 0
-0.2657914 -0.1917296 0.7171426 255 0 0
-0.2639531 -0.1916256 0.7167535 255 0 0
-0.2622601 -0.1916263 0.7167563 255 0 0
-0.2604248 -0.1915224 0.7163677 255 0 0
-0.2587326 -0.1915231 0.7163705 255 0 0
-0.2567600 -0.1913149 0.7155915 255 0 0
-0.2552089 -0.1914201 0.7159849 255 0 0
-0.2532412 -0.1912121 0.7152069 255 0 0
-0.2514147 -0.1911086 0.7148199 255 0 0
-0.2497262 -0.1911093 0.7148226 255 0 0
-0.2481729 -0.1912143 0.7152152 255 0 0
-0.2463492 -0.1911108 0.7148282 255 0 0
-0.2445274 -0.1910075 0.7144416 255 0 0
-0.2424436 -0.1906966 0.7132789 255 0 0
-0.2404981 -0.1904909 0.7125096 255 0 0
-0.2386853 -0.1903883 0.7121255 255 0 0
-0.2364896 -0.1899764 0.7105852 255 0 0
-0.2345569 -0.1897716 0.7098189 255 0 0
-0.2327542 -0.1896697 0.7094378 255 0 0
-0.2305795 -0.1892610 0.7079090 255 0 0
-0.2286605 -0.1890577 0.7071486 255 0 0
-0.2271124 -0.1891604 0.7075328 255 0 0
-0.2253195 -0.1890591 0.7071540 255 0 0
-0.2230478 -0.1885516 0.7052558 255 0 0
-0.2215009 -0.1886538 0.7056379 255 0 0
-0.2193620 -0.1882495 0.7041256 255 0 0
-0.2141364 -0.1851698 0.6926065 255 0 0
-0.2128373 -0.1854643 0.6937079 255 0 0
-0.2106416 -0.1849759 0.6918812 255 0 0
-0.2080198 -0.1841028 0.6886153 255 0 0
-0.2035096 -0.1815314 0.6789975 255 0 0
-0.2008659 -0.1805974 0.6755039 255 0 0
-0.1979451 -0.1793973 0.6710150 255 0 0
-0.1962596 -0.1793063 0.6706746 255 0 0
-0.1943771 -0.1790324 0.6696501 255 0 0
-0.1926968 -0.1789417 0.6693111 255 0 0
-0.1908235 -0.1786690 0.6682909 255 0 0
-0.1891484 -0.1785787 0.6679532 255 0 0
-0.1873797 -0.1783977 0.6672763 255 0 0
-0.1855209 -0.1781273 0.6662648 255 0 0
-0.1837603 -0.1779473 0.6655914 255 0 0
-0.1820032 -0.1777676 0.6649193 255 0 0
-0.1803409 -0.1776782 0.6645851 255 0 0
-0.1787709 -0.1776789 0.6645877 255 0 0
-0.1771111 -0.1775896 0.6642538 255 0 0
-0.1752756 -0.1773210 0.6632490 255 0 0
-0.1736209 -0.1772321 0.6629164 255 0 0
-0.1720548 -0.1772328 0.6629190 255 0 0
-0.1704025 -0.1771440 0.6625867 255 0 0
-0.1687520 -0.1770552 0.6622549 255 0 0
-0.1671030 -0.1769666 0.6619233 255 0 0
-0.1654557 -0.1768780 0.6615921 255 0 0
-0.1637276 -0.1767005 0.6609281 255 0 0
-0.1620029 -0.1765234 0.6602655 255 0 0
-0.1605237 -0.1766129 0.6606005 255 0 0
-0.1589630 -0.1766136 0.6606030 255 0 0
-0.1574023 -0.1766143 0.6606056 255 0 0
-0.1558416 -0.1766150 0.6606082 255 0 0
-0.1542032 -0.1765268 0.6602783 255 0 0
-0.1526432 -0.1765275 0.6602808 255 0 0
-0.1511593 -0.1766170 0.6606159 255 0 0
-0.1495985 -0.1766177 0.6606184 255 0 0
-0.1481123 -0.1767074 0.6609538 255 0 0
-0.1466246 -0.1767971 0.6612894 255 0 0
-0.1451353 -0.1768870 0.6616254 255 0 0
-0.1437171 -0.1770662 0.6622959 255 0 0
-0.1421523 -0.1770669 0.6622985 255 0 0
-0.1406585 -0.1771570 0.6626356 255 0 0
-0.1392335 -0.1773368 0.6633080 255 0 0
-0.1377359 -0.1774272 0.6636461 255 0 0
-0.1362368 -0.1775177 0.6639845 255 0 0
-0.1347362 -0.1776082 0.6643233 255 0 0
-0.1333016 -0.1777889 0.6649992 255 0 0
-0.1317972 -0.1778798 0.6653390 255 0 0
-0.1302912 -0.1779707 0.6656791 255 0 0
-0.1287837 -0.1780617 0.6660195 255 0 0
-0.1272747 -0.1781528 0.6663603 255 0 0
-0.1257641 -0.1782441 0.6667015 255 0 0
-0.1242520 -0.1783354 0.6670430 255 0 0
-0.1227383 -0.1784267 0.6673849 255 0 0
-0.1211614 -0.1784274 0.6673875 255 0 0
-0.1197672 -0.1787008 0.6684099 255 0 0
-0.1182481 -0.1787926 0.6687532 255 0 0
-0.1167870 -0.1789757 0.6694381 255 0 0
-0.1153818 -0.1792507 0.6704668 255 0 0
-0.1137976 -0.1792514 0.6704694 255 0 0
-0.1123282 -0.1794355 0.6711579 255 0 0
-0.1109125 -0.1797119 0.6721919 255 0 0
-0.1094364 -0.1798969 0.6728839 255 0 0
-0.1080126 -0.1801748 0.6739233 255 0 0
-0.1064749 -0.1802681 0.6742721 255 0 0
-0.1049895 -0.1804542 0.6749684 255 0 0
-0.1034478 -0.1805478 0.6753184 255 0 0
-0.1018521 -0.1805485 0.6753210 255 0 0
-0.1003597 -0.1807352 0.6760195 255 0 0
-0.0988132 -0.1808291 0.6763706 255 0 0
-0.0971649 -0.1807366 0.6760247 255 0 0
-0.0956661 -0.1809237 0.6767246 255 0 0
-0.0941155 -0.1810178 0.6770763 255 0 0
-0.0925156 -0.1810185 0.6770790 255 0 0
-0.0910096 -0.1812062 0.6777810 255 0 0
-0.0894542 -0.1813005 0.6781339 255 0 0
-0.0878518 -0.1813012 0.6781365 255 0 0
-0.0862494 -0.1813019 0.6781392 255 0 0
-0.0847345 -0.1814902 0.6788434 255 0 0
-0.0830874 -0.1813971 0.6784950 255 0 0
-0.0815684 -0.1815856 0.6792001 255 0 0
-0.0799221 -0.1814923 0.6788514 255 0 0
-0.0783990 -0.1816810 0.6795570 255 0 0
-0.0768330 -0.1817758 0.6799117 255 0 0
-0.0752263 -0.1817765 0.6799144 255 0 0
-0.0736960 -0.1819658 0.6806223 255 0 0
-0.0720876 -0.1819665 0.6806249 255 0 0
-0.0705891 -0.1822508 0.6816882 255 0 0
-0.0690499 -0.1824410 0.6823997 255 0 0
-0.0675075 -0.1826317 0.6831129 255 0 0
-0.0659619 -0.1828227 0.6838274 255 0 0
-0.0644803 -0.1832053 0.6852584 255 0 0
-0.0628938 -0.1833017 0.6856191 255 0 0
-0.0612736 -0.1833024 0.6856217 255 0 0
-0.0599352 -0.1841691 0.6888634 255 0 0
-0.0583992 -0.1844603 0.6899526 255 0 0
-0.0569184 -0.1849472 0.6917738 255 0 0
-0.0552836 -0.1849479 0.6917765 255 0 0
-0.0537621 -0.1853394 0.6932408 255 0 0
-0.0520414 -0.1850468 0.6921465 255 0 0
-0.0504323 -0.1851452 0.6925145 255 0 0
-0.0490806 -0.1862269 0.6965604 255 0 0
-0.0462051 -0.1879233 0.7029056 255 0 0
-0.0444963 -0.1877229 0.7021562 255 0 0
-0.0429288 -0.1881263 0.7036648 255 0 0
-0.0413990 -0.1887342 0.7059386 255 0 0
-0.0397949 -0.1890400 0.7070824 255 0 0
-0.0381444 -0.1891426 0.7074664 255 0 0
-0.3657251 -0.1917741 0.7237139 255 0 0
-0.3644183 -0.1919867 0.7245164 255 0 0
-0.3629078 -0.1920936 0.7249197 255 0 0
-0.3615956 -0.1923070 0.7257249 255 0 0
-0.3600811 -0.1924142 0.7261296 255 0 0
-0.3587636 -0.1926283 0.7269374 255 0 0
-0.3576416 -0.1929499 0.7281511 255 0 0
-0.3557245 -0.1928436 0.7277499 255 0 0
-0.3545962 -0.1931659 0.7289664 255 0 0
-0.3532674 -0.1933817 0.7297806 255 0 0
-0.3515439 -0.1933824 0.7297834 255 0 0
-0.3500152 -0.1934908 0.7301925 255 0 0
-0.3482908 -0.1934916 0.7301954 255 0 0
-0.3467593 -0.1936001 0.7306050 255 0 0
-0.3452263 -0.1937088 0.7310151 255 0 0
-0.3440752 -0.1940340 0.7322425 255 0 0
-0.3429203 -0.1943604 0.7334740 255 0 0
-0.3409973 -0.1942524 0.7330667 255 0 0
-0.2975156 -0.1919097 0.7242258 255 0 0
-0.2958050 -0.1919105 0.7242286 255 0 0
-0.2937700 -0.1916995 0.7234324 255 0 0
-0.2919015 -0.1915953 0.7230393 255 0 0
-0.2900338 -0.1914905 0.7226436 255 0 0
-0.2881682 -0.1913858 0.7222486 255 0 0
-0.2863046 -0.1912812 0.7218538 255 0 0
-0.2845996 -0.1912819 0.7218566 255 0 0
-0.2827390 -0.1911775 0.7214624 255 0 0
-0.2807260 -0.1909681 0.7206723 255 0 0
-0.2788706 -0.1908640 0.7202793 255 0 0
-0.2768652 -0.1906553 0.7194920 255 0 0
-0.2750148 -0.1905515 0.7191002 255 0 0
-0.2728675 -0.1902393 0.7179222 255 0 0
-0.2711718 -0.1902401 0.7179250 255 0 0
-0.2693286 -0.1901368 0.7175350 255 0 0
-0.2676337 -0.1901375 0.7175378 255 0 0
-0.2657935 -0.1900343 0.7171482 255 0 0
-0.2636670 -0.1897238 0.7159767 255 0 0
-0.2621189 -0.1898282 0.7163705 255 0 0
-0.2604268 -0.1898289 0.7163733 255 0 0
-0.2584523 -0.1896225 0.7155944 255 0 0
-0.2569022 -0.1897268 0.7159877 255 0 0
-0.2552110 -0.1897275 0.7159905 255 0 0
-0.2533814 -0.1896247 0.7156027 255 0 0
-0.2515538 -0.1895221 0.7152153 255 0 0
-0.2498644 -0.1895228 0.7152181 255 0 0
-0.2481749 -0.1895235 0.7152208 255 0 0
-0.2462169 -0.1893178 0.7144445 255 0 0
-0.2445293 -0.1893186 0.7144473 255 0 0
-0.2427094 -0.1892162 0.7140611 255 0 0
-0.2408925 -0.1891147 0.7136781 255 0 0
-0.2389466 -0.1889099 0.7129051 255 0 0
-0.2371337 -0.1888080 0.7125207 255 0 0
-0.2349401 -0.1883994 0.7109786 255 0 0
-0.2333871 -0.1885023 0.7113670 255 0 0
-0.2312052 -0.1880950 0.7098299 255 0 0
-0.2294043 -0.1879940 0.7094488 255 0 0
-0.2276053 -0.1878931 0.7090681 255 0 0
-0.2259303 -0.1878939 0.7090709 255 0 0
-0.2240131 -0.1876917 0.7083079 255 0 0
-0.2223399 -0.1876924 0.7083106 255 0 0
-0.2207858 -0.1877946 0.7086960 255 0 0
-0.2188752 -0.1875926 0.7079338 255 0 0
-0.2130643 -0.1840190 0.6944478 255 0 0
-0.2099788 -0.1827620 0.6897042 255 0 0
-0.2056474 -0.1803924 0.6807619 255 0 0
-0.2024633 -0.1789998 0.6755066 255 0 0
-0.2005577 -0.1787244 0.6744673 255 0 0
-0.1982509 -0.1780842 0.6720514 255 0 0
-0.1960607 -0.1775393 0.6699948 255 0 0
-0.1942795 -0.1773588 0.6693137 255 0 0
-0.1926000 -0.1772691 0.6689751 255 0 0
-0.1908250 -0.1770891 0.6682960 255 0 0
-0.1891499 -0.1769997 0.6679584 255 0 0
-0.1874765 -0.1769103 0.6676211 255 0 0
-0.1855224 -0.1765523 0.6662701 255 0 0
-0.1838550 -0.1764633 0.6659344 255 0 0
-0.1820046 -0.1761957 0.6649246 255 0 0
-0.1804337 -0.1761964 0.6649271 255 0 0
-0.1787723 -0.1761078 0.6645929 255 0 0
-0.1770229 -0.1759303 0.6639228 255 0 0
-0.1753656 -0.1758420 0.6635896 255 0 0
-0.1737100 -0.1757538 0.6632567 255 0 0
-0.1719692 -0.1755769 0.6625894 255 0 0
-0.1702319 -0.1754005 0.6619233 255 0 0
-0.1686681 -0.1754011 0.6619259 255 0 0
-0.1669359 -0.1752250 0.6612613 255 0 0
-0.1653736 -0.1752257 0.6612638 255 0 0
-0.1637288 -0.1751381 0.6609333 255 0 0
-0.1621674 -0.1751388 0.6609359 255 0 0
-0.1603635 -0.1748752 0.6599411 255 0 0
-0.1589643 -0.1750520 0.6606082 255 0 0
-0.1571662 -0.1747886 0.6596145 255 0 0
-0.1557644 -0.1749652 0.6602809 255 0 0
-0.1541269 -0.1748779 0.6599514 255 0 0
-0.1526444 -0.1749666 0.6602860 255 0 0
-0.1510844 -0.1749673 0.6602886 255 0 0
-0.1495244 -0.1749679 0.6602911 255 0 0
-0.1480389 -0.1750567 0.6606261 255 0 0
-0.1464043 -0.1749693 0.6602963 255 0 0
-0.1449172 -0.1750581 0.6606312 255 0 0
-0.1434286 -0.1751469 0.6609666 255 0 0
-0.1420817 -0.1754127 0.6619695 255 0 0
-0.1405176 -0.1754134 0.6619721 255 0 0
-0.1391642 -0.1756799 0.6629781 255 0 0
-0.1375978 -0.1756806 0.6629806 255 0 0
-0.1362379 -0.1759480 0.6639897 255 0 0
-0.1347373 -0.1760378 0.6643285 255 0 0
-0.1332351 -0.1761276 0.6646675 255 0 0
-0.1318651 -0.1763964 0.6656817 255 0 0
-0.1302923 -0.1763971 0.6656843 255 0 0
-0.1287194 -0.1763977 0.6656869 255 0 0
-0.1272757 -0.1765776 0.6663656 255 0 0
-0.1256374 -0.1764886 0.6660299 255 0 0
-0.1241267 -0.1765789 0.6663707 255 0 0
-0.1226768 -0.1767592 0.6670508 255 0 0
-0.1211623 -0.1768497 0.6673927 255 0 0
-0.1196463 -0.1769404 0.6677349 255 0 0
-0.1181888 -0.1771214 0.6684177 255 0 0
-0.1166095 -0.1771221 0.6684203 255 0 0
-0.1152062 -0.1773938 0.6694459 255 0 0
-0.1136824 -0.1774850 0.6697902 255 0 0
-0.1122717 -0.1777579 0.6708201 255 0 0
-0.1107432 -0.1778496 0.6711658 255 0 0
-0.1094372 -0.1783062 0.6728892 255 0 0
-0.1079580 -0.1784900 0.6735826 255 0 0
-0.1064757 -0.1786741 0.6742774 255 0 0
-0.1049904 -0.1788586 0.6749738 255 0 0
-0.1033955 -0.1788593 0.6749763 255 0 0
-0.1018529 -0.1789521 0.6753263 255 0 0
-0.1003605 -0.1791371 0.6760248 255 0 0
-0.0987631 -0.1791378 0.6760274 255 0 0
-0.0971657 -0.1791385 0.6760300 255 0 0
-0.0956175 -0.1792315 0.6763811 255 0 0
-0.0940677 -0.1793247 0.6767325 255 0 0
-0.0924686 -0.1793254 0.6767351 255 0 0
-0.0909164 -0.1794186 0.6770869 255 0 0
-0.0894087 -0.1796046 0.6777890 255 0 0
-0.0878525 -0.1796981 0.6781418 255 0 0
-0.0862946 -0.1797917 0.6784951 255 0 0
-0.0846476 -0.1796995 0.6781471 255 0 0
-0.0830880 -0.1797931 0.6785004 255 0 0
-0.0815269 -0.1798868 0.6788540 255 0 0
-0.0799641 -0.1799806 0.6792080 255 0 0
-0.0783591 -0.1799813 0.6792106 255 0 0
-0.0768336 -0.1801685 0.6799170 255 0 0
-0.0752269 -0.1801692 0.6799197 255 0 0
-0.0736966 -0.1803568 0.6806276 255 0 0
-0.0722005 -0.1806386 0.6816909 255 0 0
-0.0705530 -0.1805455 0.6813396 255 0 0
-0.0690146 -0.1807339 0.6820505 255 0 0
-0.0675432 -0.1811111 0.6834740 255 0 0
-0.0658937 -0.1810175 0.6831208 255 0 0
-0.0644472 -0.1814905 0.6849061 255 0 0
-0.0628943 -0.1816809 0.6856244 255 0 0
-0.0612741 -0.1816816 0.6856270 255 0 0
-0.0597475 -0.1819675 0.6867060 255 0 0
-0.0582771 -0.1824456 0.6885101 255 0 0
-0.0567096 -0.1826379 0.6892359 255 0 0
-0.0551677 -0.1829268 0.6903263 255 0 0
-0.0536209 -0.1832167 0.6914201 255 0 0
-0.0520418 -0.1834106 0.6921520 255 0 0
-0.0504327 -0.1835081 0.6925200 255 0 0
-0.0489770 -0.1841892 0.6950902 255 0 0
-0.0461313 -0.1859628 0.7017835 255 0 0
-0.0444728 -0.1859636 0.7017862 255 0 0
-0.0427914 -0.1858649 0.7014139 255 0 0
-0.0412661 -0.1864635 0.7036731 255 0 0
-0.0396883 -0.1868650 0.7051883 255 0 0
-0.0381447 -0.1874702 0.7074719 255 0 0
-0.0366307 -0.1882829 0.7105389 255 0 0
-0.3693500 -0.1901667 0.7241136 255 0 0
-0.3672344 -0.1899577 0.7233176 255 0 0
-0.3653248 -0.1898537 0.7229217 255 0 0
-0.3640189 -0.1900640 0.7237224 255 0 0
-0.3621100 -0.1899599 0.7233260 255 0 0
-0.3609991 -0.1902755 0.7245277 255 0 0
-0.3598846 -0.1905921 0.7257334 255 0 0
-0.3583691 -0.1906984 0.7261381 255 0 0
-0.3568518 -0.1908048 0.7265432 255 0 0
-0.3555300 -0.1910172 0.7273520 255 0 0
-0.3542051 -0.1912300 0.7281625 255 0 0
-0.3526813 -0.1913370 0.7285699 255 0 0
-0.3513511 -0.1915506 0.7293831 255 0 0
-0.3490461 -0.1912322 0.7281709 255 0 0
-0.3473265 -0.1912330 0.7281738 255 0 0
-0.3457988 -0.1913400 0.7285812 255 0 0
-0.3442694 -0.1914471 0.7289890 255 0 0
-0.3427383 -0.1915543 0.7293973 255 0 0
-0.3417761 -0.1919822 0.7310265 255 0 0
-0.3410000 -0.1925195 0.7330725 255 0 0
-0.3396484 -0.1927357 0.7338958 255 0 0
-0.3379152 -0.1927365 0.7338986 255 0 0
-0.3106874 -0.1898772 0.7230113 255 0 0
-0.3089797 -0.1898780 0.7230141 255 0 0
-0.3072721 -0.1898787 0.7230169 255 0 0
-0.3053960 -0.1897748 0.7226213 255 0 0
-0.3036893 -0.1897755 0.7226241 255 0 0
-0.3021491 -0.1898809 0.7230253 255 0 0
-0.3001104 -0.1896725 0.7222318 255 0 0
-0.2985690 -0.1897778 0.7226325 255 0 0
-0.2970259 -0.1898831 0.7230337 255 0 0
-0.2951554 -0.1897792 0.7226381 255 0 0
-0.2932882 -0.1896762 0.7222458 255 0 0
-0.2912615 -0.1894682 0.7214540 255 0 0
-0.2895574 -0.1894690 0.7214568 255 0 0
-0.2878534 -0.1894697 0.7214596 255 0 0
-0.2856779 -0.1891583 0.7202738 255 0 0
-0.2842889 -0.1893670 0.7210686 255 0 0
-0.2822754 -0.1891598 0.7202794 255 0 0
-0.2804201 -0.1890567 0.7198868 255 0 0
-0.2784141 -0.1888501 0.7191002 255 0 0
-0.2764125 -0.1886440 0.7183155 255 0 0
-0.2747158 -0.1886447 0.7183182 255 0 0
-0.2730191 -0.1886455 0.7183210 255 0 0
-0.2711739 -0.1885429 0.7179306 255 0 0
-0.2691835 -0.1883375 0.7171484 255 0 0
-0.2673433 -0.1882353 0.7167592 255 0 0
-0.2655053 -0.1881332 0.7163706 255 0 0
-0.2638131 -0.1881340 0.7163733 255 0 0
-0.2621210 -0.1881347 0.7163761 255 0 0
-0.2604288 -0.1881354 0.7163789 255 0 0
-0.2585954 -0.1880334 0.7159905 255 0 0
-0.2567641 -0.1879316 0.7156028 255 0 0
-0.2550737 -0.1879323 0.7156055 255 0 0
-0.2531072 -0.1877282 0.7148283 255 0 0
-0.2515558 -0.1878313 0.7152209 255 0 0
-0.2497301 -0.1877297 0.7148339 255 0 0
-0.2481768 -0.1878328 0.7152264 255 0 0
-0.2463530 -0.1877311 0.7148394 255 0 0
-0.2445312 -0.1876296 0.7144528 255 0 0
-0.2428435 -0.1876303 0.7144556 255 0 0
-0.2410246 -0.1875289 0.7140695 255 0 0
-0.2390784 -0.1873264 0.7132984 255 0 0
-0.2372645 -0.1872253 0.7129135 255 0 0
-0.2355804 -0.1872261 0.7129163 255 0 0
-0.2337693 -0.1871251 0.7125318 255 0 0
-0.2318343 -0.1869228 0.7117613 255 0 0
-0.2300281 -0.1868221 0.7113780 255 0 0
-0.2282238 -0.1867216 0.7109952 255 0 0
-0.2266672 -0.1868235 0.7113835 255 0 0
-0.2248648 -0.1867230 0.7110007 255 0 0
-0.2230642 -0.1866226 0.7106183 255 0 0
-0.2212657 -0.1865223 0.7102363 255 0 0
-0.2197069 -0.1866240 0.7106239 255 0 0
-0.2136315 -0.1828613 0.6962963 255 0 0
-0.2104230 -0.1815133 0.6911631 255 0 0
-0.2039556 -0.1773109 0.6751616 255 0 0
-0.2020487 -0.1770383 0.6741235 255 0 0
-0.2003533 -0.1769481 0.6737799 255 0 0
-0.1979482 -0.1762247 0.6710255 255 0 0
-0.1957623 -0.1756862 0.6689751 255 0 0
-0.1940830 -0.1755974 0.6686368 255 0 0
-0.1926015 -0.1756876 0.6689802 255 0 0
-0.1908265 -0.1755093 0.6683013 255 0 0
-0.1892477 -0.1755100 0.6683038 255 0 0
-0.1873826 -0.1752428 0.6672868 255 0 0
-0.1855238 -0.1749772 0.6662753 255 0 0
-0.1837631 -0.1748004 0.6656018 255 0 0
-0.1820983 -0.1747124 0.6652670 255 0 0
-0.1803438 -0.1745361 0.6645955 255 0 0
-0.1786832 -0.1744484 0.6642616 255 0 0
-0.1770243 -0.1743608 0.6639281 255 0 0
-0.1752783 -0.1741852 0.6632593 255 0 0
-0.1735360 -0.1740099 0.6625921 255 0 0
-0.1719706 -0.1740106 0.6625946 255 0 0
-0.1703192 -0.1739234 0.6622627 255 0 0
-0.1684995 -0.1736611 0.6612639 255 0 0
-0.1669372 -0.1736618 0.6612665 255 0 0
-0.1652916 -0.1735750 0.6609359 255 0 0
-0.1635653 -0.1734010 0.6602733 255 0 0
-0.1620054 -0.1734016 0.6602758 255 0 0
-0.1602842 -0.1732280 0.6596146 255 0 0
-0.1587258 -0.1732287 0.6596171 255 0 0
-0.1571674 -0.1732293 0.6596197 255 0 0
-0.1556872 -0.1733171 0.6599540 255 0 0
-0.1540506 -0.1732307 0.6596248 255 0 0
-0.1524921 -0.1732313 0.6596273 255 0 0
-0.1510096 -0.1733191 0.6599616 255 0 0
-0.1494504 -0.1733198 0.6599642 255 0 0
-0.1478911 -0.1733205 0.6599668 255 0 0
-0.1464055 -0.1734084 0.6603014 255 0 0
-0.1449184 -0.1734964 0.6606365 255 0 0
-0.1435020 -0.1736719 0.6613049 255 0 0
-0.1420111 -0.1737601 0.6616409 255 0 0
-0.1405187 -0.1738485 0.6619773 255 0 0
-0.1390951 -0.1740247 0.6626485 255 0 0
-0.1377381 -0.1742895 0.6636565 255 0 0
-0.1362390 -0.1743784 0.6639949 255 0 0
-0.1347383 -0.1744673 0.6643336 255 0 0
-0.1332362 -0.1745564 0.6646728 255 0 0
-0.1317324 -0.1746455 0.6650122 255 0 0
-0.1301612 -0.1746462 0.6650147 255 0 0
-0.1286551 -0.1747354 0.6653545 255 0 0
-0.1272767 -0.1750023 0.6663708 255 0 0
-0.1256384 -0.1749141 0.6660351 255 0 0
-0.1241277 -0.1750036 0.6663759 255 0 0
-0.1226155 -0.1750932 0.6667171 255 0 0
-0.1212249 -0.1753612 0.6677375 255 0 0
-0.1195863 -0.1752727 0.6674005 255 0 0
-0.1181296 -0.1754519 0.6680827 255 0 0
-0.1166698 -0.1756314 0.6687663 255 0 0
-0.1151483 -0.1757216 0.6691099 255 0 0
-0.1136832 -0.1759017 0.6697955 255 0 0
-0.1122725 -0.1761722 0.6708254 255 0 0
-0.1106875 -0.1761728 0.6708279 255 0 0
-0.1092700 -0.1764441 0.6718609 255 0 0
-0.1078481 -0.1767162 0.6728970 255 0 0
-0.1064219 -0.1769892 0.6739365 255 0 0
-0.1049372 -0.1771719 0.6746320 255 0 0
-0.1033963 -0.1772637 0.6749817 255 0 0
-0.1019062 -0.1774469 0.6756793 255 0 0
-0.1003096 -0.1774476 0.6756819 255 0 0
-0.0987130 -0.1774483 0.6756846 255 0 0
-0.0971664 -0.1775404 0.6760353 255 0 0
-0.0956676 -0.1777242 0.6767352 255 0 0
-0.0940685 -0.1777249 0.6767378 255 0 0
-0.0924217 -0.1776340 0.6763917 255 0 0
-0.0909171 -0.1778180 0.6770922 255 0 0
-0.0893633 -0.1779104 0.6774444 255 0 0
-0.0878078 -0.1780030 0.6777969 255 0 0
-0.0862062 -0.1780037 0.6777995 255 0 0
-0.0846482 -0.1780964 0.6781524 255 0 0
-0.0830887 -0.1781892 0.6785057 255 0 0
-0.0814854 -0.1781898 0.6785083 255 0 0
-0.0798820 -0.1781905 0.6785109 255 0 0
-0.0784003 -0.1784680 0.6795676 255 0 0
-0.0768342 -0.1785612 0.6799223 255 0 0
-0.0752665 -0.1786545 0.6802775 255 0 0
-0.0736971 -0.1787478 0.6806329 255 0 0
-0.0722011 -0.1790271 0.6816962 255 0 0
-0.0705902 -0.1790278 0.6816989 255 0 0
-0.0690869 -0.1793079 0.6827655 255 0 0
-0.0675437 -0.1794953 0.6834794 255 0 0
-0.0659286 -0.1794960 0.6834820 255 0 0
-0.0643469 -0.1795903 0.6838408 255 0 0
-0.0628291 -0.1798721 0.6849141 255 0 0
-0.0612426 -0.1799668 0.6852744 255 0 0
-0.0597167 -0.1802498 0.6863523 255 0 0
-0.0581860 -0.1805338 0.6874335 255 0 0
-0.0566802 -0.1809135 0.6888795 255 0 0
-0.0551972 -0.1813903 0.6906950 255 0 0
-0.0535649 -0.1813910 0.6906977 255 0 0
-0.0519600 -0.1814872 0.6910640 255 0 0
-0.0503534 -0.1815836 0.6914308 255 0 0
-0.0489774 -0.1825460 0.6950956 255 0 0
-0.0461564 -0.1844024 0.7021645 255 0 0
-0.0444732 -0.1843045 0.7017917 255 0 0
-0.0428147 -0.1843052 0.7017944 255 0 0
-0.0412886 -0.1848992 0.7040561 255 0 0
-0.0396886 -0.1851980 0.7051938 255 0 0
-0.0381039 -0.1855976 0.7067155 255 0 0
-0.0365518 -0.1862000 0.7090091 255 0 0
-0.0349518 -0.1866039 0.7105473 255 0 0
-0.3721564 -0.1881418 0.7229161 255 0 0
-0.3704493 -0.1881425 0.7229189 255 0 0
-0.3689454 -0.1882470 0.7233204 255 0 0
-0.3668326 -0.1880403 0.7225261 255 0 0
-0.3647245 -0.1878341 0.7217337 255 0 0
-0.3632199 -0.1879382 0.7221339 255 0 0
-0.3613156 -0.1878355 0.7217392 255 0 0
-0.3602059 -0.1881469 0.7229357 255 0 0
-0.3583011 -0.1880439 0.7225401 255 0 0
-0.3573824 -0.1884600 0.7241389 255 0 0
-0.3556723 -0.1884608 0.7241417 255 0 0
-0.3547457 -0.1888787 0.7257475 255 0 0
-0.3538150 -0.1892985 0.7273605 255 0 0
-0.3524882 -0.1895094 0.7281711 255 0 0
-0.3507686 -0.1895101 0.7281739 255 0 0
-0.3490489 -0.1895109 0.7281767 255 0 0
-0.3471365 -0.1894064 0.7277754 255 0 0
-0.3454177 -0.1894072 0.7277783 255 0 0
-0.3436989 -0.1894079 0.7277810 255 0 0
-0.3421700 -0.1895138 0.7281879 255 0 0
-0.3404503 -0.1895145 0.7281908 255 0 0
-0.3394845 -0.1899371 0.7298146 255 0 0
-0.3381373 -0.1901495 0.7306306 255 0 0
-0.3352909 -0.1895167 0.7281992 255 0 0
-0.3319125 -0.1885751 0.7245811 255 0 0
-0.3294731 -0.1881600 0.7229862 255 0 0
-0.3159868 -0.1882696 0.7234073 255 0 0
-0.3141051 -0.1881666 0.7230114 255 0 0
-0.3122253 -0.1880636 0.7226158 255 0 0
-0.3105186 -0.1880643 0.7226185 255 0 0
-0.3086419 -0.1879615 0.7222235 255 0 0
-0.3069361 -0.1879622 0.7222263 255 0 0
-0.3052303 -0.1879630 0.7222291 255 0 0
-0.3035244 -0.1879637 0.7222319 255 0 0
-0.3016525 -0.1878610 0.7218372 255 0 0
-0.2997838 -0.1877591 0.7214457 255 0 0
-0.2982439 -0.1878632 0.7218456 255 0 0
-0.2963758 -0.1877606 0.7214513 255 0 0
-0.2945098 -0.1876581 0.7210574 255 0 0
-0.2928067 -0.1876588 0.7210602 255 0 0
-0.2909437 -0.1875564 0.7206669 255 0 0
-0.2890827 -0.1874541 0.7202739 255 0 0
-0.2872237 -0.1873520 0.7198814 255 0 0
-0.2852103 -0.1871473 0.7190948 255 0 0
-0.2836674 -0.1872507 0.7194921 255 0 0
-0.2818133 -0.1871487 0.7191004 255 0 0
-0.2799613 -0.1870469 0.7187091 255 0 0
-0.2781113 -0.1869452 0.7183183 255 0 0
-0.2762634 -0.1868436 0.7179279 255 0 0
-0.2744174 -0.1867421 0.7175379 255 0 0
-0.2725734 -0.1866407 0.7171484 255 0 0
-0.2708795 -0.1866414 0.7171512 255 0 0
-0.2691856 -0.1866422 0.7171540 255 0 0
-0.2673454 -0.1865409 0.7167648 255 0 0
-0.2656524 -0.1865416 0.7167676 255 0 0
-0.2638152 -0.1864405 0.7163789 255 0 0
-0.2619800 -0.1863394 0.7159907 255 0 0
-0.2602887 -0.1863401 0.7159934 255 0 0
-0.2581747 -0.1860362 0.7148256 255 0 0
-0.2567661 -0.1862399 0.7156084 255 0 0
-0.2549366 -0.1861391 0.7152209 255 0 0
-0.2532472 -0.1861398 0.7152237 255 0 0
-0.2515578 -0.1861405 0.7152265 255 0 0
-0.2498683 -0.1861413 0.7152293 255 0 0
-0.2479084 -0.1859392 0.7144529 255 0 0
-0.2463550 -0.1860413 0.7148450 255 0 0
-0.2446664 -0.1860420 0.7148477 255 0 0
-0.2427132 -0.1858401 0.7140723 255 0 0
-0.2410265 -0.1858409 0.7140750 255 0 0
-0.2392104 -0.1857412 0.7136921 255 0 0
-0.2375245 -0.1857419 0.7136948 255 0 0
-0.2358386 -0.1857426 0.7136976 255 0 0
-0.2341527 -0.1857433 0.7137004 255 0 0
-0.2323404 -0.1856431 0.7133151 255 0 0
-0.2305300 -0.1855429 0.7129301 255 0 0
-0.2288458 -0.1855436 0.7129329 255 0 0
-0.2272853 -0.1856452 0.7133234 255 0 0
-0.2253551 -0.1854443 0.7125512 255 0 0
-0.2235504 -0.1853443 0.7121671 255 0 0
-0.2217477 -0.1852445 0.7117835 255 0 0
-0.2201857 -0.1853457 0.7121726 255 0 0
-0.2183848 -0.1852459 0.7117890 255 0 0
-0.2060825 -0.1761675 0.6769061 255 0 0
-0.2034338 -0.1752639 0.6734341 255 0 0
-0.2018429 -0.1752646 0.6734366 255 0 0
-0.2002520 -0.1752652 0.6734393 255 0 0
-0.1975456 -0.1742818 0.6696606 255 0 0
-0.1958637 -0.1741936 0.6693217 255 0 0
-0.1941834 -0.1741055 0.6689829 255 0 0
-0.1926031 -0.1741061 0.6689855 255 0 0
-0.1908280 -0.1739294 0.6683065 255 0 0
-0.1891529 -0.1738416 0.6679689 255 0 0
-0.1871936 -0.1734889 0.6666139 255 0 0
-0.1855253 -0.1734022 0.6662806 255 0 0
-0.1836714 -0.1731391 0.6652696 255 0 0
-0.1820997 -0.1731397 0.6652722 255 0 0
-0.1803452 -0.1729650 0.6646007 255 0 0
-0.1785942 -0.1727906 0.6639307 255 0 0
-0.1769361 -0.1727039 0.6635975 255 0 0
-0.1751911 -0.1725300 0.6629294 255 0 0
-0.1736250 -0.1725307 0.6629320 255 0 0
-0.1718851 -0.1723572 0.6622653 255 0 0
-0.1702346 -0.1722709 0.6619338 255 0 0
-0.1685857 -0.1721847 0.6616026 255 0 0
-0.1667704 -0.1719253 0.6606058 255 0 0
-0.1652097 -0.1719259 0.6606084 255 0 0
-0.1634844 -0.1717537 0.6599464 255 0 0
-0.1618438 -0.1716680 0.6596172 255 0 0
-0.1602854 -0.1716686 0.6596197 255 0 0
-0.1587270 -0.1716693 0.6596223 255 0 0
-0.1570897 -0.1715837 0.6592934 255 0 0
-0.1555320 -0.1715844 0.6592960 255 0 0
-0.1540518 -0.1716713 0.6596300 255 0 0
-0.1524167 -0.1715857 0.6593010 255 0 0
-0.1510108 -0.1717590 0.6599668 255 0 0
-0.1493764 -0.1716733 0.6596376 255 0 0
-0.1479667 -0.1718467 0.6603040 255 0 0
-0.1463330 -0.1717610 0.6599745 255 0 0
-0.1448466 -0.1718481 0.6603091 255 0 0
-0.1434308 -0.1720219 0.6609769 255 0 0
-0.1418692 -0.1720225 0.6609795 255 0 0
-0.1405198 -0.1722836 0.6619825 255 0 0
-0.1389558 -0.1722842 0.6619850 255 0 0
-0.1376695 -0.1726333 0.6633262 255 0 0
-0.1361711 -0.1727213 0.6636643 255 0 0
-0.1347394 -0.1728968 0.6643389 255 0 0
-0.1332372 -0.1729851 0.6646780 255 0 0
-0.1316667 -0.1729858 0.6646806 255 0 0
-0.1301622 -0.1730741 0.6650200 255 0 0
-0.1287214 -0.1732504 0.6656973 255 0 0
-0.1272131 -0.1733390 0.6660378 255 0 0
-0.1257670 -0.1735158 0.6667171 255 0 0
-0.1241287 -0.1734283 0.6663812 255 0 0
-0.1226164 -0.1735171 0.6667223 255 0 0
-0.1211026 -0.1736060 0.6670639 255 0 0
-0.1196481 -0.1737834 0.6677453 255 0 0
-0.1181305 -0.1738725 0.6680879 255 0 0
-0.1165519 -0.1738732 0.6680905 255 0 0
-0.1151492 -0.1741398 0.6691151 255 0 0
-0.1136261 -0.1742294 0.6694590 255 0 0
-0.1122160 -0.1744971 0.6704878 255 0 0
-0.1106883 -0.1745870 0.6708332 255 0 0
-0.1092708 -0.1748558 0.6718662 255 0 0
-0.1078489 -0.1751255 0.6729023 255 0 0
-0.1064227 -0.1753960 0.6739418 255 0 0
-0.1049380 -0.1755770 0.6746373 255 0 0
-0.1033971 -0.1756680 0.6749870 255 0 0
-0.1018545 -0.1757591 0.6753369 255 0 0
-0.1003104 -0.1758503 0.6756873 255 0 0
-0.0987646 -0.1759416 0.6760380 255 0 0
-0.0971672 -0.1759422 0.6760406 255 0 0
-0.0956190 -0.1760336 0.6763917 255 0 0
-0.0940207 -0.1760343 0.6763943 255 0 0
-0.0924701 -0.1761257 0.6767457 255 0 0
-0.0909648 -0.1763083 0.6774471 255 0 0
-0.0893179 -0.1762180 0.6771001 255 0 0
-0.0878085 -0.1764007 0.6778022 255 0 0
-0.0861623 -0.1763103 0.6774549 255 0 0
-0.0846489 -0.1764932 0.6781577 255 0 0
-0.0830464 -0.1764939 0.6781604 255 0 0
-0.0814860 -0.1765859 0.6785136 255 0 0
-0.0799240 -0.1766779 0.6788673 255 0 0
-0.0783198 -0.1766786 0.6788699 255 0 0
-0.0767950 -0.1768623 0.6795756 255 0 0
-0.0752671 -0.1770463 0.6802828 255 0 0
-0.0737742 -0.1773227 0.6813450 255 0 0
-0.0721267 -0.1772314 0.6809941 255 0 0
-0.0706274 -0.1775084 0.6820585 255 0 0
-0.0690156 -0.1775091 0.6820612 255 0 0
-0.0674740 -0.1776945 0.6827735 255 0 0
-0.0659291 -0.1778803 0.6834874 255 0 0
-0.0643139 -0.1778810 0.6834900 255 0 0
-0.0627314 -0.1779744 0.6838488 255 0 0
-0.0612430 -0.1783468 0.6852798 255 0 0
-0.0597172 -0.1786273 0.6863576 255 0 0
-0.0581256 -0.1787215 0.6867194 255 0 0
-0.0565619 -0.1789094 0.6874415 255 0 0
-0.0550238 -0.1791917 0.6885262 255 0 0
-0.0535372 -0.1796637 0.6903397 255 0 0
-0.0519604 -0.1798536 0.6910695 255 0 0
-0.0503008 -0.1797596 0.6907085 255 0 0
-0.0489260 -0.1807114 0.6943656 255 0 0
-0.0461074 -0.1825472 0.7014194 255 0 0
-0.0445211 -0.1828410 0.7025486 255 0 0
-0.0428150 -0.1826462 0.7017999 255 0 0
-0.0412005 -0.1828424 0.7025539 255 0 0
-0.0396038 -0.1831373 0.7036868 255 0 0
-0.0382071 -0.1844235 0.7086290 255 0 0
-0.0366115 -0.1848234 0.7101656 255 0 0
-0.0348765 -0.1845246 0.7090173 255 0 0
-0.0332908 -0.1850251 0.7109405 255 0 0
-0.0316621 -0.1853270 0.7121005 255 0 0
-0.3785706 -0.1862246 0.7221144 255 0 0
-0.3748014 -0.1852054 0.7181625 255 0 0
-0.3722899 -0.1848013 0.7165955 255 0 0
-0.3697894 -0.1843990 0.7150354 255 0 0
-0.3687040 -0.1847018 0.7162097 255 0 0
-0.3678162 -0.1851069 0.7177805 255 0 0
-0.3669245 -0.1855138 0.7193583 255 0 0
-0.3644260 -0.1851084 0.7177861 255 0 0
-0.3623343 -0.1849067 0.7170040 255 0 0
-0.3612336 -0.1852112 0.7181848 255 0 0
-0.3599318 -0.1854150 0.7189751 255 0 0
-0.3580376 -0.1853141 0.7185839 255 0 0
-0.3567315 -0.1855181 0.7193750 255 0 0
-0.3556179 -0.1858246 0.7205636 255 0 0
-0.3543056 -0.1860298 0.7213591 255 0 0
-0.3531848 -0.1863380 0.7225542 255 0 0
-0.3522547 -0.1867503 0.7241530 255 0 0
-0.3511263 -0.1870609 0.7253574 255 0 0
-0.3498002 -0.1872688 0.7261636 255 0 0
-0.3478926 -0.1871659 0.7257645 255 0 0
-0.3461786 -0.1871666 0.7257673 255 0 0
-0.3446553 -0.1872710 0.7261720 255 0 0
-0.3429404 -0.1872717 0.7261748 255 0 0
-0.3408479 -0.1870653 0.7253743 255 0 0
-0.3389473 -0.1869626 0.7249761 255 0 0
-0.3379825 -0.1873776 0.7265856 255 0 0
-0.3364529 -0.1874822 0.7269911 255 0 0
-0.3334421 -0.1867583 0.7241839 255 0 0
-0.3310007 -0.1863474 0.7225906 255 0 0
-0.3294757 -0.1864509 0.7229919 255 0 0
-0.3275875 -0.1863488 0.7225962 255 0 0
-0.3262405 -0.1865551 0.7233962 255 0 0
-0.3243531 -0.1864530 0.7230002 255 0 0
-0.3192303 -0.1864552 0.7230086 255 0 0
-0.3173478 -0.1863532 0.7226130 255 0 0
-0.3154673 -0.1862513 0.7222180 255 0 0
-0.3137616 -0.1862520 0.7222208 255 0 0
-0.3118841 -0.1861502 0.7218260 255 0 0
-0.3100086 -0.1860486 0.7214318 255 0 0
-0.3081352 -0.1859470 0.7210379 255 0 0
-0.3066008 -0.1860500 0.7214374 255 0 0
-0.3048969 -0.1860507 0.7214402 255 0 0
-0.3028609 -0.1858477 0.7206530 255 0 0
-0.2996213 -0.1859513 0.7210547 255 0 0
-0.2979183 -0.1859520 0.7210575 255 0 0
-0.2960524 -0.1858506 0.7206641 255 0 0
-0.2943503 -0.1858513 0.7206669 255 0 0
-0.2923269 -0.1856480 0.7198786 255 0 0
-0.2904672 -0.1855469 0.7194865 255 0 0
-0.2887678 -0.1855476 0.7194893 255 0 0
-0.2870684 -0.1855483 0.7194921 255 0 0
-0.2850562 -0.1853457 0.7187064 255 0 0
-0.2832035 -0.1852449 0.7183156 255 0 0
-0.2815068 -0.1852456 0.7183183 255 0 0
-0.2799635 -0.1853479 0.7187147 255 0 0
-0.2778092 -0.1850444 0.7175380 255 0 0
-0.2759634 -0.1849439 0.7171485 255 0 0
-0.2744195 -0.1850458 0.7175435 255 0 0
-0.2724266 -0.1848443 0.7167621 255 0 0
-0.2707336 -0.1848450 0.7167649 255 0 0
-0.2690406 -0.1848457 0.7167677 255 0 0
-0.2672015 -0.1847455 0.7163790 255 0 0
-0.2655094 -0.1847462 0.7163818 255 0 0
-0.2636732 -0.1846461 0.7159935 255 0 0
-0.2619820 -0.1846468 0.7159963 255 0 0
-0.2602907 -0.1846475 0.7159990 255 0 0
-0.2583175 -0.1844469 0.7152210 255 0 0
-0.2566281 -0.1844476 0.7152238 255 0 0
-0.2547997 -0.1843478 0.7148368 255 0 0
-0.2533873 -0.1845496 0.7156195 255 0 0
-0.2514226 -0.1843492 0.7148423 255 0 0
-0.2495980 -0.1842495 0.7144557 255 0 0
-0.2479104 -0.1842502 0.7144585 255 0 0
-0.2462227 -0.1842509 0.7144613 255 0 0
-0.2445350 -0.1842517 0.7144640 255 0 0
-0.2427152 -0.1841521 0.7140779 255 0 0
-0.2411596 -0.1842531 0.7144696 255 0 0
-0.2394719 -0.1842538 0.7144724 255 0 0
-0.2376547 -0.1841542 0.7140862 255 0 0
-0.2359688 -0.1841556 0.7140917 255 0 0
-0.2341545 -0.1840561 0.7137060 255 0 0
-0.2322159 -0.1838568 0.7129329 255 0 0
-0.2305318 -0.1838575 0.7129357 255 0 0
-0.2290966 -0.1840583 0.7137142 255 0 0
-0.2274107 -0.1840590 0.7137170 255 0 0
-0.2252345 -0.1836600 0.7121699 255 0 0
-0.2235522 -0.1836607 0.7121727 255 0 0
-0.2218698 -0.1836614 0.7121754 255 0 0
-0.2201874 -0.1836622 0.7121782 255 0 0
-0.2098479 -0.1763861 0.6839643 255 0 0
-0.2052369 -0.1738497 0.6741288 255 0 0
-0.2034354 -0.1736719 0.6734394 255 0 0
-0.2019481 -0.1737618 0.6737878 255 0 0
-0.2003564 -0.1737624 0.6737905 255 0 0
-0.1977490 -0.1728752 0.6703502 255 0 0
-0.1961655 -0.1728759 0.6703528 255 0 0
-0.1942840 -0.1726120 0.6693295 255 0 0
-0.1926046 -0.1725246 0.6689908 255 0 0
-0.1909268 -0.1724374 0.6686524 255 0 0
-0.1890581 -0.1721748 0.6676342 255 0 0
-0.1872903 -0.1720004 0.6669580 255 0 0
-0.1856203 -0.1719137 0.6666217 255 0 0
-0.1838593 -0.1717405 0.6659501 255 0 0
-0.1821012 -0.1715670 0.6652774 255 0 0
-0.1804380 -0.1714807 0.6649427 255 0 0
-0.1785956 -0.1712210 0.6639359 255 0 0
-0.1770270 -0.1712217 0.6639385 255 0 0
-0.1751925 -0.1709628 0.6629346 255 0 0
-0.1735387 -0.1708772 0.6626024 255 0 0
-0.1718865 -0.1707916 0.6622705 255 0 0
-0.1702359 -0.1707061 0.6619390 255 0 0
-0.1685021 -0.1705347 0.6612743 255 0 0
-0.1667717 -0.1703636 0.6606110 255 0 0
-0.1651278 -0.1702785 0.6602811 255 0 0
-0.1635679 -0.1702792 0.6602836 255 0 0
-0.1618451 -0.1701086 0.6596224 255 0 0
-0.1603673 -0.1701948 0.6599566 255 0 0
-0.1588081 -0.1701955 0.6599592 255 0 0
-0.1571698 -0.1701106 0.6596300 255 0 0
-0.1555332 -0.1700258 0.6593011 255 0 0
-0.1538982 -0.1699411 0.6589725 255 0 0
-0.1523413 -0.1699417 0.6589751 255 0 0
-0.1510120 -0.1701988 0.6599720 255 0 0
-0.1492275 -0.1699430 0.6589802 255 0 0
-0.1478934 -0.1702001 0.6599771 255 0 0
-0.1464078 -0.1702864 0.6603118 255 0 0
-0.1449206 -0.1703728 0.6606468 255 0 0
-0.1434320 -0.1704593 0.6609821 255 0 0
-0.1420134 -0.1706319 0.6616513 255 0 0
-0.1405209 -0.1707186 0.6619877 255 0 0
-0.1390972 -0.1708917 0.6626589 255 0 0
-0.1376011 -0.1709787 0.6629962 255 0 0
-0.1361722 -0.1711523 0.6636695 255 0 0
-0.1346041 -0.1711530 0.6636720 255 0 0
-0.1332382 -0.1714138 0.6646832 255 0 0
-0.1317345 -0.1715013 0.6650226 255 0 0
-0.1302292 -0.1715889 0.6653624 255 0 0
-0.1287224 -0.1716767 0.6657025 255 0 0
-0.1272141 -0.1717644 0.6660430 255 0 0
-0.1257042 -0.1718523 0.6663838 255 0 0
-0.1241927 -0.1719403 0.6667250 255 0 0
-0.1226797 -0.1720284 0.6670665 255 0 0
-0.1211036 -0.1720291 0.6670691 255 0 0
-0.1195882 -0.1721172 0.6674110 255 0 0
-0.1180713 -0.1722055 0.6677532 255 0 0
-0.1165528 -0.1722938 0.6680958 255 0 0
-0.1150914 -0.1724701 0.6687793 255 0 0
-0.1136270 -0.1726468 0.6694643 255 0 0
-0.1122169 -0.1729120 0.6704930 255 0 0
-0.1106327 -0.1729127 0.6704956 255 0 0
-0.1093277 -0.1733563 0.6722156 255 0 0
-0.1077393 -0.1733570 0.6722182 255 0 0
-0.1063143 -0.1736245 0.6732554 255 0 0
-0.1048311 -0.1738035 0.6739497 255 0 0
-0.1032916 -0.1738935 0.6742985 255 0 0
-0.1018029 -0.1740730 0.6749948 255 0 0
-0.1003112 -0.1742530 0.6756926 255 0 0
-0.0986638 -0.1741640 0.6753474 255 0 0
-0.0971179 -0.1742543 0.6756978 255 0 0
-0.0956198 -0.1744346 0.6763970 255 0 0
-0.0940699 -0.1745252 0.6767484 255 0 0
-0.0924708 -0.1745259 0.6767510 255 0 0
-0.0908717 -0.1745266 0.6767536 255 0 0
-0.0892725 -0.1745273 0.6767563 255 0 0
-0.0877186 -0.1746180 0.6771080 255 0 0
-0.0862075 -0.1747991 0.6778101 255 0 0
-0.0845622 -0.1747095 0.6774628 255 0 0
-0.0830470 -0.1748907 0.6781657 255 0 0
-0.0814866 -0.1749818 0.6785189 255 0 0
-0.0799659 -0.1751637 0.6792240 255 0 0
-0.0783609 -0.1751643 0.6792266 255 0 0
-0.0768752 -0.1754374 0.6802855 255 0 0
-0.0752677 -0.1754381 0.6802881 255 0 0
-0.0738131 -0.1758033 0.6817043 255 0 0
-0.0722022 -0.1758040 0.6817069 255 0 0
-0.0706280 -0.1758960 0.6820639 255 0 0
-0.0690162 -0.1758967 0.6820666 255 0 0
-0.0674394 -0.1759889 0.6824238 255 0 0
-0.0658610 -0.1760811 0.6827815 255 0 0
-0.0643144 -0.1762652 0.6834954 255 0 0
-0.0627646 -0.1764497 0.6842107 255 0 0
-0.0612116 -0.1766345 0.6849275 255 0 0
-0.0596864 -0.1769122 0.6860042 255 0 0
-0.0581260 -0.1770980 0.6867248 255 0 0
-0.0565624 -0.1772843 0.6874470 255 0 0
-0.0549378 -0.1772849 0.6874496 255 0 0
-0.0535094 -0.1779381 0.6899822 255 0 0
-0.0518516 -0.1778453 0.6896223 255 0 0
-0.0503542 -0.1783145 0.6914417 255 0 0
-0.0488488 -0.1787861 0.6932706 255 0 0
-0.0461571 -0.1810826 0.7021754 255 0 0
-0.0444739 -0.1809864 0.7018027 255 0 0
-0.0427468 -0.1806973 0.7006813 255 0 0
-0.0411568 -0.1809878 0.7018082 255 0 0
-0.0396466 -0.1816686 0.7044477 255 0 0
-0.0381868 -0.1826497 0.7082521 255 0 0
-0.0366118 -0.1831446 0.7101712 255 0 0
-0.0349145 -0.1830462 0.7097898 255 0 0
-0.0333091 -0.1834438 0.7113314 255 0 0
-0.0316280 -0.1834445 0.7113341 255 0 0
-0.0299794 -0.1836443 0.7121089 255 0 0
-0.3879606 -0.1865694 0.7301504 255 0 0
-0.3851641 -0.1860521 0.7281260 255 0 0
-0.3806981 -0.1847202 0.7229135 255 0 0
-0.3783652 -0.1844159 0.7217227 255 0 0
-0.3743943 -0.1833069 0.7173824 255 0 0
-0.3712784 -0.1826083 0.7146485 255 0 0
-0.3693894 -0.1825096 0.7142620 255 0 0
-0.3679031 -0.1826097 0.7146540 255 0 0
-0.3662155 -0.1826105 0.7146568 255 0 0
-0.3647266 -0.1827107 0.7150493 255 0 0
-0.3622479 -0.1823138 0.7134959 255 0 0
-0.3603669 -0.1822154 0.7131107 255 0 0
-0.3592689 -0.1825138 0.7142786 255 0 0
-0.3577769 -0.1826140 0.7146707 255 0 0
-0.3562834 -0.1827143 0.7150632 255 0 0
-0.3547881 -0.1828147 0.7154560 255 0 0
-0.3540643 -0.1833154 0.7174158 255 0 0
-0.3529494 -0.1836175 0.7185978 255 0 0
-0.3516377 -0.1838196 0.7193891 255 0 0
-0.3503231 -0.1840222 0.7201819 255 0 0
-0.3490056 -0.1842253 0.7209766 255 0 0
-0.3480684 -0.1846320 0.7225683 255 0 0
-0.3463619 -0.1846327 0.7225711 255 0 0
-0.3454167 -0.1850412 0.7241699 255 0 0
-0.3435168 -0.1849398 0.7237731 255 0 0
-0.3418075 -0.1849406 0.7237759 255 0 0
-0.3399105 -0.1848393 0.7233794 255 0 0
-0.3380157 -0.1847381 0.7229835 255 0 0
-0.3368653 -0.1850448 0.7241839 255 0 0
-0.3351550 -0.1850455 0.7241867 255 0 0
-0.3327098 -0.1846384 0.7225935 255 0 0
-0.3308210 -0.1845375 0.7221984 255 0 0
-0.3289343 -0.1844366 0.7218037 255 0 0
-0.3274097 -0.1845389 0.7222040 255 0 0
-0.3257041 -0.1845396 0.7222068 255 0 0
-0.3238201 -0.1844388 0.7218121 255 0 0
-0.3219381 -0.1843380 0.7214179 255 0 0
-0.3205870 -0.1845418 0.7222152 255 0 0
-0.3187058 -0.1844409 0.7218205 255 0 0
-0.3170010 -0.1844416 0.7218233 255 0 0
-0.3149495 -0.1842395 0.7210324 255 0 0
-0.3130744 -0.1841390 0.7206391 255 0 0
-0.3112014 -0.1840386 0.7202461 255 0 0
-0.3096704 -0.1841405 0.7206447 255 0 0
-0.3077992 -0.1840401 0.7202517 255 0 0
-0.3057635 -0.1838396 0.7194671 255 0 0
-0.3040642 -0.1838403 0.7194699 255 0 0
-0.3025308 -0.1839419 0.7198675 255 0 0
-0.3006656 -0.1838417 0.7194754 255 0 0
-0.2991304 -0.1839433 0.7198731 255 0 0
-0.2975934 -0.1840450 0.7202712 255 0 0
-0.2957298 -0.1839447 0.7198787 255 0 0
-0.2937071 -0.1837438 0.7190921 255 0 0
-0.2920086 -0.1837445 0.7190949 255 0 0
-0.2903102 -0.1837452 0.7190977 255 0 0
-0.2884536 -0.1836452 0.7187064 255 0 0
-0.2865990 -0.1835454 0.7183157 255 0 0
-0.2849023 -0.1835461 0.7183184 255 0 0
-0.2830507 -0.1834463 0.7179280 255 0 0
-0.2813550 -0.1834470 0.7179308 255 0 0
-0.2796592 -0.1834477 0.7179335 255 0 0
-0.2778114 -0.1833481 0.7175436 255 0 0
-0.2759656 -0.1832485 0.7171541 255 0 0
-0.2742716 -0.1832493 0.7171568 255 0 0
-0.2725777 -0.1832500 0.7171596 255 0 0
-0.2707357 -0.1831505 0.7167705 255 0 0
-0.2690427 -0.1831512 0.7167733 255 0 0
-0.2670577 -0.1829520 0.7159935 255 0 0
-0.2653665 -0.1829527 0.7159963 255 0 0
-0.2636753 -0.1829534 0.7159991 255 0 0
-0.2619841 -0.1829541 0.7160019 255 0 0
-0.2601508 -0.1828550 0.7156140 255 0 0
-0.2583195 -0.1827561 0.7152267 255 0 0
-0.2566301 -0.1827568 0.7152294 255 0 0
-0.2549407 -0.1827575 0.7152322 255 0 0
-0.2533893 -0.1828579 0.7156251 255 0 0
-0.2515617 -0.1827589 0.7152377 255 0 0
-0.2497360 -0.1826600 0.7148507 255 0 0
-0.2477774 -0.1824618 0.7140752 255 0 0
-0.2463588 -0.1826614 0.7148562 255 0 0
-0.2444039 -0.1824632 0.7140808 255 0 0
-0.2428492 -0.1825633 0.7144724 255 0 0
-0.2411615 -0.1825640 0.7144752 255 0 0
-0.2394738 -0.1825647 0.7144780 255 0 0
-0.2376566 -0.1824661 0.7140918 255 0 0
-0.2362270 -0.1826656 0.7148728 255 0 0
-0.2344114 -0.1825676 0.7144890 255 0 0
-0.2327236 -0.1825683 0.7144918 255 0 0
-0.2310358 -0.1825690 0.7144945 255 0 0
-0.2292232 -0.1824703 0.7141084 255 0 0
-0.2279085 -0.1827695 0.7152793 255 0 0
-0.2256037 -0.1822733 0.7133373 255 0 0
-0.2235539 -0.1819771 0.7121782 255 0 0
-0.2218715 -0.1819778 0.7121810 255 0 0
-0.2135809 -0.1765171 0.6908100 255 0 0
-0.2088695 -0.1739530 0.6807753 255 0 0
-0.2057672 -0.1726997 0.6758705 255 0 0
-0.2035414 -0.1721682 0.6737905 255 0 0
-0.2018460 -0.1720805 0.6734473 255 0 0
-0.2001524 -0.1719929 0.6731043 255 0 0
-0.1980542 -0.1715534 0.6713846 255 0 0
-0.1962673 -0.1713787 0.6707008 255 0 0
-0.1942856 -0.1710297 0.6693348 255 0 0
-0.1926061 -0.1709431 0.6689960 255 0 0
-0.1909283 -0.1708567 0.6686577 255 0 0
-0.1890596 -0.1705965 0.6676394 255 0 0
-0.1872917 -0.1704237 0.6669633 255 0 0
-0.1855282 -0.1702519 0.6662909 255 0 0
-0.1837675 -0.1700798 0.6656175 255 0 0
-0.1820103 -0.1699081 0.6649454 255 0 0
-0.1802567 -0.1697367 0.6642747 255 0 0
-0.1786874 -0.1697374 0.6642773 255 0 0
-0.1768494 -0.1694806 0.6632724 255 0 0
-0.1752825 -0.1694812 0.6632749 255 0 0
-0.1735400 -0.1693107 0.6626076 255 0 0
-0.1718011 -0.1691405 0.6619416 255 0 0
-0.1700657 -0.1689707 0.6612769 255 0 0
-0.1685034 -0.1689714 0.6612794 255 0 0
-0.1666891 -0.1687169 0.6602837 255 0 0
-0.1651291 -0.1687176 0.6602862 255 0 0
-0.1634869 -0.1686334 0.6599568 255 0 0
-0.1619277 -0.1686340 0.6599593 255 0 0
-0.1602879 -0.1685499 0.6596301 255 0 0
-0.1586498 -0.1684659 0.6593012 255 0 0
-0.1570132 -0.1683819 0.6589726 255 0 0
-0.1554563 -0.1683826 0.6589751 255 0 0
-0.1539768 -0.1684678 0.6593089 255 0 0
-0.1524191 -0.1684685 0.6593114 255 0 0
-0.1509372 -0.1685538 0.6596454 255 0 0
-0.1493037 -0.1684698 0.6593165 255 0 0
-0.1478202 -0.1685551 0.6596505 255 0 0
-0.1464826 -0.1688104 0.6606494 255 0 0
-0.1449218 -0.1688110 0.6606520 255 0 0
-0.1434331 -0.1688967 0.6609873 255 0 0
-0.1419429 -0.1689825 0.6613230 255 0 0
-0.1404512 -0.1690684 0.6616591 255 0 0
-0.1390281 -0.1692397 0.6623296 255 0 0
-0.1376021 -0.1694114 0.6630014 255 0 0
-0.1362422 -0.1696692 0.6640106 255 0 0
-0.1347415 -0.1697558 0.6643493 255 0 0
-0.1331718 -0.1697564 0.6643519 255 0 0
-0.1317355 -0.1699292 0.6650279 255 0 0
-0.1301642 -0.1699298 0.6650304 255 0 0
-0.1287234 -0.1701029 0.6657078 255 0 0
-0.1271505 -0.1701035 0.6657103 255 0 0
-0.1257052 -0.1702770 0.6663890 255 0 0
-0.1241937 -0.1703641 0.6667302 255 0 0
-0.1226807 -0.1704514 0.6670718 255 0 0
-0.1211661 -0.1705388 0.6674136 255 0 0
-0.1196500 -0.1706262 0.6677558 255 0 0
-0.1181323 -0.1707138 0.6680984 255 0 0
-0.1165537 -0.1707144 0.6681010 255 0 0
-0.1151510 -0.1709762 0.6691256 255 0 0
-0.1135121 -0.1708898 0.6687872 255 0 0
-0.1121032 -0.1711521 0.6698138 255 0 0
-0.1106901 -0.1714152 0.6708437 255 0 0
-0.1092725 -0.1716792 0.6718767 255 0 0
-0.1078506 -0.1719440 0.6729129 255 0 0
-0.1062062 -0.1718565 0.6725706 255 0 0
-0.1048319 -0.1722102 0.6739550 255 0 0
-0.1032394 -0.1722109 0.6739575 255 0 0
-0.1018561 -0.1725660 0.6753474 255 0 0
-0.1002088 -0.1724780 0.6750028 255 0 0
-0.0987153 -0.1726562 0.6757004 255 0 0
-0.0971687 -0.1727459 0.6760512 255 0 0
-0.0955712 -0.1727465 0.6760538 255 0 0
-0.0940222 -0.1728362 0.6764049 255 0 0
-0.0925192 -0.1730153 0.6771055 255 0 0
-0.0908724 -0.1729267 0.6767589 255 0 0
-0.0893193 -0.1730166 0.6771107 255 0 0
-0.0877645 -0.1731066 0.6774629 255 0 0
-0.0861637 -0.1731073 0.6774656 255 0 0
-0.0845628 -0.1731079 0.6774682 255 0 0
-0.0830477 -0.1732875 0.6781710 255 0 0
-0.0814873 -0.1733778 0.6785243 255 0 0
-0.0798839 -0.1733785 0.6785269 255 0 0
-0.0784834 -0.1738285 0.6802882 255 0 0
-0.0769157 -0.1739193 0.6806437 255 0 0
-0.0753073 -0.1739200 0.6806463 255 0 0
-0.0737371 -0.1740109 0.6810021 255 0 0
-0.0722028 -0.1741924 0.6817123 255 0 0
-0.0706285 -0.1742836 0.6820692 255 0 0
-0.0690167 -0.1742843 0.6820719 255 0 0
-0.0674400 -0.1743756 0.6824291 255 0 0
-0.0658958 -0.1745578 0.6831422 255 0 0
-0.0643485 -0.1747404 0.6838568 255 0 0
-0.0627651 -0.1748322 0.6842160 255 0 0
-0.0611482 -0.1748328 0.6842187 255 0 0
-0.0596557 -0.1751989 0.6856512 255 0 0
-0.0580657 -0.1752911 0.6860123 255 0 0
-0.0565628 -0.1756591 0.6874523 255 0 0
-0.0549670 -0.1757518 0.6878152 255 0 0
-0.0534256 -0.1760293 0.6889011 255 0 0
-0.0518793 -0.1763076 0.6899903 255 0 0
-0.0502487 -0.1763083 0.6899930 255 0 0
-0.0487462 -0.1767737 0.6918142 255 0 0
-0.0460589 -0.1790394 0.7006813 255 0 0
-0.0444267 -0.1791357 0.7010584 255 0 0
-0.0427243 -0.1789453 0.7003129 255 0 0
-0.0411571 -0.1793287 0.7018136 255 0 0
-0.0396257 -0.1799066 0.7040753 255 0 0
-0.0380843 -0.1804883 0.7063517 255 0 0
-0.0365330 -0.1810737 0.7086428 255 0 0
-0.0349337 -0.1814664 0.7101794 255 0 0
-0.0333094 -0.1817621 0.7113370 255 0 0
-0.0316283 -0.1817628 0.7113397 255 0 0
-0.0299634 -0.1818621 0.7117282 255 0 0
-0.3914120 -0.1848418 0.7301504 255 0 0
-0.3896878 -0.1848426 0.7301533 255 0 0
-0.3879636 -0.1848433 0.7301561 255 0 0
-0.3853810 -0.1844332 0.7285362 255 0 0
-0.3828099 -0.1840250 0.7269236 255 0 0
-0.3781600 -0.1826092 0.7213313 255 0 0
-0.3756301 -0.1822090 0.7197505 255 0 0
-0.3724993 -0.1815124 0.7169986 255 0 0
-0.3699969 -0.1811170 0.7154367 255 0 0
-0.3673055 -0.1806250 0.7134932 255 0 0
-0.3660189 -0.1808224 0.7142732 255 0 0
-0.3641338 -0.1807247 0.7138872 255 0 0
-0.3622507 -0.1806271 0.7135015 255 0 0
-0.3599782 -0.1803334 0.7123416 255 0 0
-0.3586856 -0.1805302 0.7131190 255 0 0
-0.3571958 -0.1806291 0.7135097 255 0 0
-0.3555108 -0.1806299 0.7135125 255 0 0
-0.3544042 -0.1809259 0.7146818 255 0 0
-0.3532940 -0.1812228 0.7158549 255 0 0
-0.3521802 -0.1815208 0.7170319 255 0 0
-0.3506786 -0.1816208 0.7174269 255 0 0
-0.3491753 -0.1817209 0.7178224 255 0 0
-0.3482426 -0.1821204 0.7194003 255 0 0
-0.3469242 -0.1823211 0.7201931 255 0 0
-0.3456029 -0.1825223 0.7209878 255 0 0
-0.3442788 -0.1827239 0.7217842 255 0 0
-0.3425742 -0.1827246 0.7217870 255 0 0
-0.3410573 -0.1828259 0.7221873 255 0 0
-0.3387920 -0.1825251 0.7209990 255 0 0
-0.3370892 -0.1825258 0.7210017 255 0 0
-0.3357556 -0.1827274 0.7217982 255 0 0
-0.3338672 -0.1826276 0.7214040 255 0 0
-0.3317984 -0.1824276 0.7206140 255 0 0
-0.3304597 -0.1826290 0.7214096 255 0 0
-0.3287559 -0.1826297 0.7214123 255 0 0
-0.3270521 -0.1826304 0.7214151 255 0 0
-0.3251694 -0.1825307 0.7210213 255 0 0
-0.3227568 -0.1821309 0.7194421 255 0 0
-0.3215869 -0.1824319 0.7206308 255 0 0
-0.3195338 -0.1822323 0.7198425 255 0 0
-0.3178337 -0.1822330 0.7198453 255 0 0
-0.3159601 -0.1821338 0.7194532 255 0 0
-0.3146060 -0.1823345 0.7202462 255 0 0
-0.3125617 -0.1821352 0.7194588 255 0 0
-0.3108625 -0.1821359 0.7194616 255 0 0
-0.3089949 -0.1820374 0.7190727 255 0 0
-0.3074651 -0.1821380 0.7194700 255 0 0
-0.3054307 -0.1819391 0.7186843 255 0 0
-0.3038998 -0.1820396 0.7190810 255 0 0
-0.3022014 -0.1820402 0.7190838 255 0 0
-0.3005031 -0.1820410 0.7190866 255 0 0
-0.2988047 -0.1820417 0.7190894 255 0 0
-0.2972692 -0.1821422 0.7194867 255 0 0
-0.2954078 -0.1820431 0.7190949 255 0 0
-0.2935484 -0.1819440 0.7187037 255 0 0
-0.2918509 -0.1819447 0.7187065 255 0 0
-0.2899945 -0.1818458 0.7183157 255 0 0
-0.2881401 -0.1817470 0.7179253 255 0 0
-0.2864443 -0.1817477 0.7179281 255 0 0
-0.2845929 -0.1816490 0.7175381 255 0 0
-0.2828981 -0.1816497 0.7175409 255 0 0
-0.2812032 -0.1816504 0.7175437 255 0 0
-0.2793556 -0.1815518 0.7171541 255 0 0
-0.2775100 -0.1814532 0.7167650 255 0 0
-0.2759677 -0.1815532 0.7171597 255 0 0
-0.2742738 -0.1815539 0.7171625 255 0 0
-0.2724309 -0.1814554 0.7167734 255 0 0
-0.2705900 -0.1813570 0.7163846 255 0 0
-0.2688979 -0.1813577 0.7163875 255 0 0
-0.2672057 -0.1813584 0.7163903 255 0 0
-0.2655135 -0.1813591 0.7163930 255 0 0
-0.2638214 -0.1813598 0.7163958 255 0 0
-0.2622724 -0.1814596 0.7167900 255 0 0
-0.2602949 -0.1812622 0.7160103 255 0 0
-0.2587448 -0.1813619 0.7164041 255 0 0
-0.2569123 -0.1812636 0.7160158 255 0 0
-0.2552209 -0.1812643 0.7160186 255 0 0
-0.2533913 -0.1811661 0.7156307 255 0 0
-0.2515637 -0.1810680 0.7152433 255 0 0
-0.2500105 -0.1811675 0.7156363 255 0 0
-0.2480494 -0.1809707 0.7148591 255 0 0
-0.2463608 -0.1809714 0.7148619 255 0 0
-0.2448056 -0.1810708 0.7152544 255 0 0
-0.2429835 -0.1809728 0.7148674 255 0 0
-0.2414264 -0.1810722 0.7152599 255 0 0
-0.2397368 -0.1810729 0.7152627 255 0 0
-0.2380472 -0.1810736 0.7152655 255 0 0
-0.2364866 -0.1811731 0.7156584 255 0 0
-0.2347960 -0.1811738 0.7156612 255 0 0
-0.2331054 -0.1811745 0.7156640 255 0 0
-0.2311635 -0.1809784 0.7148895 255 0 0
-0.2293498 -0.1808806 0.7145029 255 0 0
-0.2276620 -0.1808813 0.7145057 255 0 0
-0.2263440 -0.1811780 0.7156779 255 0 0
-0.2237986 -0.1804895 0.7129579 255 0 0
-0.2107758 -0.1712764 0.6765651 255 0 0
-0.2093935 -0.1714539 0.6772662 255 0 0
-0.2080084 -0.1716318 0.6779689 255 0 0
-0.2051347 -0.1705747 0.6737932 255 0 0
-0.2034385 -0.1704878 0.6734499 255 0 0
-0.2018476 -0.1704884 0.6734525 255 0 0
-0.2001539 -0.1704016 0.6731096 255 0 0
-0.1983603 -0.1702276 0.6724222 255 0 0
-0.1960684 -0.1696197 0.6700210 255 0 0
-0.1943862 -0.1695338 0.6696815 255 0 0
-0.1928042 -0.1695344 0.6696842 255 0 0
-0.1908325 -0.1691897 0.6683223 255 0 0
-0.1890610 -0.1690181 0.6676447 255 0 0
-0.1870087 -0.1685905 0.6659554 255 0 0
-0.1855296 -0.1686768 0.6662962 255 0 0
-0.1837689 -0.1685063 0.6656228 255 0 0
-0.1821040 -0.1684215 0.6652879 255 0 0
-0.1804408 -0.1683368 0.6649532 255 0 0
-0.1785984 -0.1680819 0.6639463 255 0 0
-0.1769403 -0.1679975 0.6636131 255 0 0
-0.1751953 -0.1678284 0.6629450 255 0 0
-0.1735414 -0.1677443 0.6626128 255 0 0
-0.1718892 -0.1676603 0.6622809 255 0 0
-0.1701528 -0.1674918 0.6616156 255 0 0
-0.1685047 -0.1674081 0.6612846 255 0 0
-0.1666904 -0.1671560 0.6602889 255 0 0
-0.1650474 -0.1670725 0.6599593 255 0 0
-0.1635705 -0.1671573 0.6602940 255 0 0
-0.1618476 -0.1669899 0.6596327 255 0 0
-0.1603698 -0.1670745 0.6599670 255 0 0
-0.1587308 -0.1669912 0.6596378 255 0 0
-0.1570933 -0.1669079 0.6593089 255 0 0
-0.1554576 -0.1668247 0.6589803 255 0 0
-0.1539007 -0.1668254 0.6589829 255 0 0
-0.1523437 -0.1668260 0.6589854 255 0 0
-0.1509384 -0.1669944 0.6596506 255 0 0
-0.1492299 -0.1668273 0.6589905 255 0 0
-0.1478214 -0.1669957 0.6596557 255 0 0
-0.1463365 -0.1670803 0.6599900 255 0 0
-0.1447771 -0.1670810 0.6599925 255 0 0
-0.1433620 -0.1672499 0.6606597 255 0 0
-0.1418725 -0.1673348 0.6609951 255 0 0
-0.1403815 -0.1674197 0.6613308 255 0 0
-0.1390994 -0.1677586 0.6626692 255 0 0
-0.1375337 -0.1677592 0.6626718 255 0 0
-0.1362433 -0.1680995 0.6640158 255 0 0
-0.1347426 -0.1681852 0.6643545 255 0 0
-0.1331729 -0.1681859 0.6643571 255 0 0
-0.1317366 -0.1683570 0.6650330 255 0 0
-0.1301653 -0.1683576 0.6650356 255 0 0
-0.1286592 -0.1684437 0.6653754 255 0 0
-0.1271515 -0.1685298 0.6657156 255 0 0
-0.1256423 -0.1686160 0.6660560 255 0 0
-0.1241316 -0.1687022 0.6663969 255 0 0
-0.1225570 -0.1687029 0.6663994 255 0 0
-0.1211055 -0.1688751 0.6670796 255 0 0
-0.1195293 -0.1688757 0.6670821 255 0 0
-0.1180732 -0.1690482 0.6677636 255 0 0
-0.1165547 -0.1691350 0.6681062 255 0 0
-0.1150346 -0.1692218 0.6684491 255 0 0
-0.1136288 -0.1694814 0.6694748 255 0 0
-0.1121041 -0.1695686 0.6698191 255 0 0
-0.1106344 -0.1697425 0.6705061 255 0 0
-0.1092734 -0.1700908 0.6718819 255 0 0
-0.1077962 -0.1702658 0.6725733 255 0 0
-0.1062615 -0.1703538 0.6729208 255 0 0
-0.1047789 -0.1705294 0.6736143 255 0 0
-0.1032932 -0.1707053 0.6743091 255 0 0
-0.1017522 -0.1707937 0.6746584 255 0 0
-0.1001066 -0.1707066 0.6743143 255 0 0
-0.0986653 -0.1709708 0.6753580 255 0 0
-0.0970695 -0.1709715 0.6753606 255 0 0
-0.0955720 -0.1711483 0.6760591 255 0 0
-0.0939745 -0.1711490 0.6760617 255 0 0
-0.0924246 -0.1712378 0.6764128 255 0 0
-0.0908731 -0.1713268 0.6767642 255 0 0
-0.0893200 -0.1714159 0.6771160 255 0 0
-0.0877199 -0.1714165 0.6771187 255 0 0
-0.0860755 -0.1713288 0.6767721 255 0 0
-0.0845199 -0.1714179 0.6771239 255 0 0
-0.0830483 -0.1716843 0.6781763 255 0 0
-0.0814458 -0.1716849 0.6781789 255 0 0
-0.0798845 -0.1717744 0.6785322 255 0 0
-0.0784433 -0.1721310 0.6799411 255 0 0
-0.0769163 -0.1723103 0.6806490 255 0 0
-0.0753079 -0.1723109 0.6806517 255 0 0
-0.0737377 -0.1724010 0.6810075 255 0 0
-0.0721659 -0.1724912 0.6813637 255 0 0
-0.0705924 -0.1725814 0.6817203 255 0 0
-0.0690531 -0.1727616 0.6824319 255 0 0
-0.0674756 -0.1728522 0.6827896 255 0 0
-0.0658620 -0.1728528 0.6827922 255 0 0
-0.0642820 -0.1729435 0.6831502 255 0 0
-0.0627329 -0.1731244 0.6838648 255 0 0
-0.0611487 -0.1732153 0.6842241 255 0 0
-0.0595939 -0.1733968 0.6849409 255 0 0
-0.0580055 -0.1734880 0.6853012 255 0 0
-0.0565336 -0.1739428 0.6870977 255 0 0
-0.0549963 -0.1742171 0.6881813 255 0 0
-0.0534260 -0.1744007 0.6889065 255 0 0
-0.0517980 -0.1744014 0.6889091 255 0 0
-0.0501963 -0.1744936 0.6892736 255 0 0
-0.0488496 -0.1755082 0.6932815 255 0 0
-0.0459366 -0.1769107 0.6988214 255 0 0
-0.0443323 -0.1771000 0.6995691 255 0 0
-0.0427246 -0.1772897 0.7003184 255 0 0
-0.0411574 -0.1776696 0.7018191 255 0 0
-0.0396472 -0.1783378 0.7044588 255 0 0
-0.0380232 -0.1785302 0.7052186 255 0 0
-0.0365135 -0.1793016 0.7082659 255 0 0
-0.0349718 -0.1799823 0.7109544 255 0 0
-0.0333096 -0.1800805 0.7113425 255 0 0
-0.0316285 -0.1800812 0.7113453 255 0 0
-0.0299636 -0.1801796 0.7117338 255 0 0
-0.3914151 -0.1831157 0.7301562 255 0 0
-0.3896909 -0.1831164 0.7301590 255 0 0
-0.3881828 -0.1832191 0.7305686 255 0 0
-0.3853841 -0.1827109 0.7285420 255 0 0
-0.3838769 -0.1828132 0.7289498 255 0 0
-0.3779550 -0.1808045 0.7209404 255 0 0
-0.3758394 -0.1806066 0.7201514 255 0 0
-0.3735234 -0.1803102 0.7189696 255 0 0
-0.3699999 -0.1794256 0.7154423 255 0 0
-0.3675084 -0.1790356 0.7138872 255 0 0
-0.3654247 -0.1788416 0.7131136 255 0 0
-0.3637406 -0.1788423 0.7131163 255 0 0
-0.3618598 -0.1787458 0.7127315 255 0 0
-0.3599810 -0.1786494 0.7123471 255 0 0
-0.3581043 -0.1785531 0.7119632 255 0 0
-0.3564229 -0.1785538 0.7119660 255 0 0
-0.3549342 -0.1786515 0.7123554 255 0 0
-0.3536362 -0.1788465 0.7131330 255 0 0
-0.3527192 -0.1792370 0.7146902 255 0 0
-0.3514144 -0.1794333 0.7154728 255 0 0
-0.3501068 -0.1796300 0.7162571 255 0 0
-0.3489870 -0.1799255 0.7174354 255 0 0
-0.3471029 -0.1798278 0.7170458 255 0 0
-0.3459770 -0.1801239 0.7182267 255 0 0
-0.3446582 -0.1803221 0.7190170 255 0 0
-0.3435252 -0.1806199 0.7202044 255 0 0
-0.3418243 -0.1806206 0.7202072 255 0 0
-0.3404974 -0.1808199 0.7210018 255 0 0
-0.3386085 -0.1807213 0.7206085 255 0 0
-0.3369066 -0.1807220 0.7206113 255 0 0
-0.3353890 -0.1808220 0.7210102 255 0 0
-0.3338698 -0.1809222 0.7214096 255 0 0
-0.3319834 -0.1808234 0.7210158 255 0 0
-0.3304622 -0.1809236 0.7214152 255 0 0
-0.3287585 -0.1809243 0.7214180 255 0 0
-0.3268749 -0.1808255 0.7210242 255 0 0
-0.3249933 -0.1807269 0.7206308 255 0 0
-0.3229365 -0.1805292 0.7198426 255 0 0
-0.3212364 -0.1805299 0.7198454 255 0 0
-0.3195362 -0.1805305 0.7198481 255 0 0
-0.3174876 -0.1803333 0.7190616 255 0 0
-0.3159626 -0.1804329 0.7194588 255 0 0
-0.3139189 -0.1802359 0.7186731 255 0 0
-0.3123927 -0.1803354 0.7190700 255 0 0
-0.3103554 -0.1801393 0.7182879 255 0 0
-0.3088280 -0.1802387 0.7186843 255 0 0
-0.3069624 -0.1801407 0.7182935 255 0 0
-0.3052659 -0.1801414 0.7182963 255 0 0
-0.3035693 -0.1801421 0.7182991 255 0 0
-0.3018728 -0.1801428 0.7183019 255 0 0
-0.3000120 -0.1800449 0.7179115 255 0 0
-0.2984797 -0.1801442 0.7183074 255 0 0
-0.2967832 -0.1801449 0.7183102 255 0 0
-0.2947637 -0.1799485 0.7175271 255 0 0
-0.2933900 -0.1801463 0.7183158 255 0 0
-0.2915337 -0.1800483 0.7179254 255 0 0
-0.2899968 -0.1801476 0.7183213 255 0 0
-0.2879847 -0.1799513 0.7175382 255 0 0
-0.2861334 -0.1798536 0.7171487 255 0 0
-0.2842841 -0.1797560 0.7167595 255 0 0
-0.2825911 -0.1797567 0.7167623 255 0 0
-0.2808981 -0.1797574 0.7167650 255 0 0
-0.2792051 -0.1797581 0.7167678 255 0 0
-0.2775121 -0.1797588 0.7167706 255 0 0
-0.2758191 -0.1797594 0.7167734 255 0 0
-0.2741261 -0.1797602 0.7167762 255 0 0
-0.2722843 -0.1796627 0.7163875 255 0 0
-0.2707400 -0.1797615 0.7167817 255 0 0
-0.2690469 -0.1797622 0.7167845 255 0 0
-0.2673538 -0.1797629 0.7167873 255 0 0
-0.2656607 -0.1797636 0.7167901 255 0 0
-0.2639676 -0.1797643 0.7167929 255 0 0
-0.2621313 -0.1796669 0.7164042 255 0 0
-0.2604391 -0.1796676 0.7164070 255 0 0
-0.2587468 -0.1796682 0.7164097 255 0 0
-0.2570546 -0.1796689 0.7164125 255 0 0
-0.2553624 -0.1796696 0.7164153 255 0 0
-0.2535316 -0.1795723 0.7160270 255 0 0
-0.2517029 -0.1794750 0.7156391 255 0 0
-0.2500124 -0.1794757 0.7156419 255 0 0
-0.2481866 -0.1793785 0.7152544 255 0 0
-0.2466315 -0.1794771 0.7156475 255 0 0
-0.2446741 -0.1792822 0.7148702 255 0 0
-0.2432505 -0.1794785 0.7156530 255 0 0
-0.2414283 -0.1793813 0.7152655 255 0 0
-0.2398695 -0.1794799 0.7156585 255 0 0
-0.2383090 -0.1795785 0.7160519 255 0 0
-0.2364884 -0.1794813 0.7156641 255 0 0
-0.2349260 -0.1795799 0.7160575 255 0 0
-0.2332345 -0.1795806 0.7160603 255 0 0
-0.2315430 -0.1795813 0.7160630 255 0 0
-0.2297270 -0.1794847 0.7156779 255 0 0
-0.2282854 -0.1796815 0.7164624 255 0 0
-0.2265930 -0.1796822 0.7164652 255 0 0
-0.2115032 -0.1689792 0.6737880 255 0 0
-0.2098037 -0.1688931 0.6734447 255 0 0
-0.2085340 -0.1691542 0.6744860 255 0 0
-0.2070471 -0.1692419 0.6748356 255 0 0
-0.2049259 -0.1688084 0.6731070 255 0 0
-0.2034401 -0.1688957 0.6734552 255 0 0
-0.2018492 -0.1688963 0.6734578 255 0 0
-0.2001555 -0.1688103 0.6731149 255 0 0
-0.1979560 -0.1682929 0.6710518 255 0 0
-0.1960699 -0.1680358 0.6700263 255 0 0
-0.1945864 -0.1681222 0.6703712 255 0 0
-0.1928057 -0.1679513 0.6696894 255 0 0
-0.1909313 -0.1676951 0.6686682 255 0 0
-0.1891588 -0.1675250 0.6679898 255 0 0
-0.1873899 -0.1673553 0.6673129 255 0 0
-0.1855311 -0.1671016 0.6663014 255 0 0
-0.1837703 -0.1669327 0.6656280 255 0 0
-0.1820131 -0.1667641 0.6649558 255 0 0
-0.1802595 -0.1665959 0.6642851 255 0 0
-0.1785094 -0.1664280 0.6636157 255 0 0
-0.1769417 -0.1664287 0.6636183 255 0 0
-0.1751966 -0.1662612 0.6629502 255 0 0
-0.1736304 -0.1662618 0.6629528 255 0 0
-0.1718905 -0.1660946 0.6622861 255 0 0
-0.1701541 -0.1659277 0.6616207 255 0 0
-0.1685910 -0.1659284 0.6616233 255 0 0
-0.1667756 -0.1656784 0.6606265 255 0 0
-0.1651317 -0.1655957 0.6602966 255 0 0
-0.1636541 -0.1656797 0.6606317 255 0 0
-0.1619303 -0.1655136 0.6599696 255 0 0
-0.1602904 -0.1654311 0.6596404 255 0 0
-0.1587320 -0.1654317 0.6596429 255 0 0
-0.1570946 -0.1653492 0.6593140 255 0 0
-0.1555369 -0.1653499 0.6593166 255 0 0
-0.1539792 -0.1653505 0.6593192 255 0 0
-0.1524215 -0.1653512 0.6593217 255 0 0
-0.1509396 -0.1654349 0.6596557 255 0 0
-0.1493811 -0.1654356 0.6596583 255 0 0
-0.1478226 -0.1654362 0.6596609 255 0 0
-0.1462640 -0.1654368 0.6596634 255 0 0
-0.1448511 -0.1656040 0.6603299 255 0 0
-0.1433631 -0.1656880 0.6606649 255 0 0
-0.1419451 -0.1658557 0.6613334 255 0 0
-0.1404534 -0.1659399 0.6616694 255 0 0
-0.1391708 -0.1662760 0.6630093 255 0 0
-0.1376043 -0.1662766 0.6630118 255 0 0
-0.1361066 -0.1663613 0.6633496 255 0 0
-0.1346073 -0.1664461 0.6636876 255 0 0
-0.1331739 -0.1666153 0.6643623 255 0 0
-0.1317376 -0.1667848 0.6650382 255 0 0
-0.1302984 -0.1669547 0.6657156 255 0 0
-0.1286602 -0.1668707 0.6653807 255 0 0
-0.1272170 -0.1670407 0.6660586 255 0 0
-0.1256433 -0.1670414 0.6660612 255 0 0
-0.1241956 -0.1672118 0.6667407 255 0 0
-0.1226826 -0.1672974 0.6670822 255 0 0
-0.1212297 -0.1674683 0.6677637 255 0 0
-0.1196519 -0.1674690 0.6677663 255 0 0
-0.1180741 -0.1674696 0.6677688 255 0 0
-0.1165556 -0.1675555 0.6681114 255 0 0
-0.1150941 -0.1677270 0.6687950 255 0 0
-0.1136297 -0.1678988 0.6694800 255 0 0
-0.1121623 -0.1680709 0.6701664 255 0 0
-0.1105788 -0.1680715 0.6701690 255 0 0
-0.1092183 -0.1684162 0.6715434 255 0 0
-0.1077970 -0.1686758 0.6725785 255 0 0
-0.1063714 -0.1689362 0.6736169 255 0 0
-0.1048335 -0.1690237 0.6739655 255 0 0
-0.1032410 -0.1690243 0.6739681 255 0 0
-0.1017007 -0.1691118 0.6743169 255 0 0
-0.1001588 -0.1691994 0.6746663 255 0 0
-0.0986153 -0.1692871 0.6750159 255 0 0
-0.0970203 -0.1692878 0.6750185 255 0 0
-0.0955235 -0.1694627 0.6757163 255 0 0
-0.0939752 -0.1695507 0.6760671 255 0 0
-0.0923301 -0.1694641 0.6757215 255 0 0
-0.0908270 -0.1696394 0.6764207 255 0 0
-0.0892746 -0.1697275 0.6767722 255 0 0
-0.0877659 -0.1699034 0.6774735 255 0 0
-0.0861206 -0.1698164 0.6771266 255 0 0
-0.0845641 -0.1699048 0.6774788 255 0 0
-0.0830061 -0.1699932 0.6778314 255 0 0
-0.0814044 -0.1699938 0.6778339 255 0 0
-0.0800092 -0.1704346 0.6795916 255 0 0
-0.0785253 -0.1707005 0.6806517 255 0 0
-0.0768770 -0.1706127 0.6803015 255 0 0
-0.0753085 -0.1707018 0.6806570 255 0 0
-0.0737383 -0.1707911 0.6810128 255 0 0
-0.0721664 -0.1708804 0.6813690 255 0 0
-0.0705563 -0.1708810 0.6813716 255 0 0
-0.0690178 -0.1710593 0.6820825 255 0 0
-0.0674410 -0.1711490 0.6824399 255 0 0
-0.0658626 -0.1712387 0.6827976 255 0 0
-0.0642490 -0.1712393 0.6828002 255 0 0
-0.0627007 -0.1714184 0.6835141 255 0 0
-0.0611492 -0.1715978 0.6842294 255 0 0
-0.0595633 -0.1716879 0.6845890 255 0 0
-0.0580060 -0.1718679 0.6853066 255 0 0
-0.0564454 -0.1720482 0.6860257 255 0 0
-0.0549391 -0.1724094 0.6874658 255 0 0
-0.0534264 -0.1727721 0.6889119 255 0 0
-0.0517984 -0.1727727 0.6889145 255 0 0
-0.0501703 -0.1727734 0.6889172 255 0 0
-0.0475885 -0.1752580 0.6988242 255 0 0
-0.0459125 -0.1751654 0.6984550 255 0 0
-0.0442855 -0.1752593 0.6988295 255 0 0
-0.0427022 -0.1755404 0.6999504 255 0 0
-0.0410918 -0.1757285 0.7007005 255 0 0
-0.0395626 -0.1762940 0.7029551 255 0 0
-0.0379827 -0.1766731 0.7044670 255 0 0
-0.0363960 -0.1770540 0.7059855 255 0 0
-0.0349342 -0.1781086 0.7101906 255 0 0
-0.0333280 -0.1784956 0.7117339 255 0 0
-0.0316459 -0.1784963 0.7117366 255 0 0
-0.0299801 -0.1785938 0.7121256 255 0 0
-0.3912003 -0.1812886 0.7297555 255 0 0
-0.3899110 -0.1814913 0.7305714 255 0 0
-0.3879697 -0.1813910 0.7301676 255 0 0
-0.3851731 -0.1808880 0.7281432 255 0 0
-0.3804972 -0.1794941 0.7225321 255 0 0
-0.3779580 -0.1791001 0.7209460 255 0 0
-0.3752241 -0.1786098 0.7189725 255 0 0
-0.3723016 -0.1780249 0.7166180 255 0 0
-0.3695995 -0.1775405 0.7146682 255 0 0
-0.3679118 -0.1775412 0.7146709 255 0 0
-0.3656264 -0.1772521 0.7135072 255 0 0
-0.3637435 -0.1771564 0.7131220 255 0 0
-0.3618626 -0.1770608 0.7127371 255 0 0
-0.3599839 -0.1769653 0.7123528 255 0 0
-0.3579128 -0.1767740 0.7115825 255 0 0
-0.3564257 -0.1768706 0.7119715 255 0 0
-0.3547443 -0.1768713 0.7119743 255 0 0
-0.3536389 -0.1771605 0.7131385 255 0 0
-0.3521463 -0.1772576 0.7135293 255 0 0
-0.3510342 -0.1775481 0.7146986 255 0 0
-0.3497275 -0.1777425 0.7154812 255 0 0
-0.3482278 -0.1778402 0.7158745 255 0 0
-0.3469159 -0.1780353 0.7166596 255 0 0
-0.3456011 -0.1782307 0.7174465 255 0 0
-0.3440950 -0.1783290 0.7178420 255 0 0
-0.3429629 -0.1786230 0.7190254 255 0 0
-0.3410778 -0.1785258 0.7186342 255 0 0
-0.3401261 -0.1789187 0.7202156 255 0 0
-0.3384252 -0.1789194 0.7202184 255 0 0
-0.3369093 -0.1790183 0.7206169 255 0 0
-0.3350233 -0.1789207 0.7202240 255 0 0
-0.3335055 -0.1790197 0.7206225 255 0 0
-0.3318036 -0.1790204 0.7206253 255 0 0
-0.3299204 -0.1789228 0.7202324 255 0 0
-0.3280393 -0.1788253 0.7198398 255 0 0
-0.3263392 -0.1788260 0.7198426 255 0 0
-0.3244610 -0.1787286 0.7194505 255 0 0
-0.3227619 -0.1787293 0.7194533 255 0 0
-0.3207108 -0.1785341 0.7186676 255 0 0
-0.3188388 -0.1784370 0.7182769 255 0 0
-0.3169688 -0.1783400 0.7178865 255 0 0
-0.3154460 -0.1784384 0.7182825 255 0 0
-0.3135777 -0.1783414 0.7178921 255 0 0
-0.3120530 -0.1784398 0.7182880 255 0 0
-0.3100182 -0.1782459 0.7175077 255 0 0
-0.3083236 -0.1782466 0.7175105 255 0 0
-0.3066289 -0.1782473 0.7175132 255 0 0
-0.3047675 -0.1781505 0.7171237 255 0 0
-0.3032396 -0.1782487 0.7175188 255 0 0
-0.3013800 -0.1781519 0.7171292 255 0 0
-0.2998502 -0.1782501 0.7175243 255 0 0
-0.2983187 -0.1783483 0.7179198 255 0 0
-0.2964608 -0.1782515 0.7175299 255 0 0
-0.2946049 -0.1781547 0.7171404 255 0 0
-0.2930713 -0.1782528 0.7175355 255 0 0
-0.2913765 -0.1782535 0.7175382 255 0 0
-0.2893651 -0.1780594 0.7167568 255 0 0
-0.2876722 -0.1780601 0.7167596 255 0 0
-0.2859792 -0.1780608 0.7167624 255 0 0
-0.2842863 -0.1780615 0.7167652 255 0 0
-0.2824390 -0.1779649 0.7163765 255 0 0
-0.2807469 -0.1779656 0.7163793 255 0 0
-0.2790549 -0.1779663 0.7163821 255 0 0
-0.2775143 -0.1780642 0.7167763 255 0 0
-0.2758212 -0.1780649 0.7167790 255 0 0
-0.2742781 -0.1781630 0.7171737 255 0 0
-0.2725841 -0.1781637 0.7171765 255 0 0
-0.2708901 -0.1781643 0.7171792 255 0 0
-0.2690490 -0.1780677 0.7167901 255 0 0
-0.2675021 -0.1781657 0.7171848 255 0 0
-0.2656628 -0.1780691 0.7167957 255 0 0
-0.2641140 -0.1781671 0.7171904 255 0 0
-0.2622766 -0.1780704 0.7168012 255 0 0
-0.2605834 -0.1780711 0.7168040 255 0 0
-0.2590318 -0.1781692 0.7171987 255 0 0
-0.2573377 -0.1781699 0.7172015 255 0 0
-0.2555039 -0.1780732 0.7168124 255 0 0
-0.2536721 -0.1779767 0.7164237 255 0 0
-0.2518422 -0.1778802 0.7160354 255 0 0
-0.2502875 -0.1779780 0.7164292 255 0 0
-0.2483239 -0.1777845 0.7156503 255 0 0
-0.2467680 -0.1778822 0.7160437 255 0 0
-0.2449429 -0.1777859 0.7156558 255 0 0
-0.2432524 -0.1777866 0.7156585 255 0 0
-0.2415619 -0.1777873 0.7156613 255 0 0
-0.2400023 -0.1778850 0.7160547 255 0 0
-0.2383108 -0.1778857 0.7160575 255 0 0
-0.2366193 -0.1778864 0.7160603 255 0 0
-0.2350562 -0.1779842 0.7164542 255 0 0
-0.2333637 -0.1779849 0.7164569 255 0 0
-0.2316713 -0.1779856 0.7164598 255 0 0
-0.2298533 -0.1778891 0.7160714 255 0 0
-0.2282864 -0.1779870 0.7164653 255 0 0
-0.2130965 -0.1673856 0.6737907 255 0 0
-0.2113962 -0.1673003 0.6734474 255 0 0
-0.2100210 -0.1674729 0.6741421 255 0 0
-0.2085356 -0.1675597 0.6744913 255 0 0
-0.2071552 -0.1677328 0.6751881 255 0 0
-0.2048224 -0.1671313 0.6727671 255 0 0
-0.2032331 -0.1671320 0.6727697 255 0 0
-0.2013340 -0.1668759 0.6717389 255 0 0
-0.1998495 -0.1669620 0.6720856 255 0 0
-0.1978564 -0.1666213 0.6707140 255 0 0
-0.1961716 -0.1665368 0.6703739 255 0 0
-0.1943893 -0.1663674 0.6696921 255 0 0
-0.1927089 -0.1662832 0.6693531 255 0 0
-0.1909328 -0.1661143 0.6686734 255 0 0
-0.1890640 -0.1658614 0.6676551 255 0 0
-0.1874868 -0.1658620 0.6676577 255 0 0
-0.1854384 -0.1654424 0.6659684 255 0 0
-0.1836786 -0.1652752 0.6652957 255 0 0
-0.1821069 -0.1652759 0.6652983 255 0 0
-0.1803523 -0.1651091 0.6646268 255 0 0
-0.1785108 -0.1648592 0.6636209 255 0 0
-0.1770326 -0.1649432 0.6639593 255 0 0
-0.1752866 -0.1647771 0.6632905 255 0 0
-0.1736318 -0.1646945 0.6629580 255 0 0
-0.1718919 -0.1645289 0.6622912 255 0 0
-0.1702413 -0.1644465 0.6619597 255 0 0
-0.1684225 -0.1641986 0.6609619 255 0 0
-0.1666930 -0.1640340 0.6602992 255 0 0
-0.1652994 -0.1641999 0.6609670 255 0 0
-0.1635730 -0.1640353 0.6603044 255 0 0
-0.1619316 -0.1639534 0.6599748 255 0 0
-0.1602917 -0.1638716 0.6596456 255 0 0
-0.1588131 -0.1639547 0.6599799 255 0 0
-0.1571748 -0.1638729 0.6596507 255 0 0
-0.1553820 -0.1636267 0.6586599 255 0 0
-0.1539031 -0.1637096 0.6589932 255 0 0
-0.1522697 -0.1636280 0.6586650 255 0 0
-0.1508649 -0.1637931 0.6593295 255 0 0
-0.1493072 -0.1637937 0.6593320 255 0 0
-0.1478981 -0.1639591 0.6599978 255 0 0
-0.1463387 -0.1639598 0.6600003 255 0 0
-0.1449252 -0.1641255 0.6606675 255 0 0
-0.1435087 -0.1642916 0.6613360 255 0 0
-0.1419462 -0.1642922 0.6613386 255 0 0
-0.1404545 -0.1643757 0.6616746 255 0 0
-0.1390314 -0.1645422 0.6623451 255 0 0
-0.1376054 -0.1647092 0.6630170 255 0 0
-0.1361765 -0.1648764 0.6636903 255 0 0
-0.1346765 -0.1649605 0.6640288 255 0 0
-0.1331750 -0.1650447 0.6643675 255 0 0
-0.1316052 -0.1650453 0.6643701 255 0 0
-0.1302333 -0.1652970 0.6653833 255 0 0
-0.1286612 -0.1652977 0.6653859 255 0 0
-0.1271535 -0.1653821 0.6657260 255 0 0
-0.1257081 -0.1655508 0.6664047 255 0 0
-0.1241335 -0.1655514 0.6664073 255 0 0
-0.1226836 -0.1657204 0.6670874 255 0 0
-0.1211690 -0.1658053 0.6674293 255 0 0
-0.1196528 -0.1658903 0.6677715 255 0 0
-0.1181351 -0.1659754 0.6681141 255 0 0
-0.1165565 -0.1659760 0.6681166 255 0 0
-0.1150950 -0.1661459 0.6688003 255 0 0
-0.1136306 -0.1663160 0.6694853 255 0 0
-0.1121631 -0.1664866 0.6701717 255 0 0
-0.1106927 -0.1666574 0.6708595 255 0 0
-0.1091633 -0.1667433 0.6712052 255 0 0
-0.1077979 -0.1670858 0.6725838 255 0 0
-0.1062631 -0.1671721 0.6729313 255 0 0
-0.1047805 -0.1673444 0.6736248 255 0 0
-0.1032418 -0.1674310 0.6739734 255 0 0
-0.1016493 -0.1674316 0.6739760 255 0 0
-0.1001081 -0.1675183 0.6743249 255 0 0
-0.0985147 -0.1675190 0.6743275 255 0 0
-0.0969712 -0.1676057 0.6746768 255 0 0
-0.0954751 -0.1677789 0.6753738 255 0 0
-0.0938792 -0.1677795 0.6753764 255 0 0
-0.0922833 -0.1677802 0.6753790 255 0 0
-0.0907809 -0.1679537 0.6760775 255 0 0
-0.0892753 -0.1681276 0.6767774 255 0 0
-0.0875857 -0.1679550 0.6760828 255 0 0
-0.0861657 -0.1683025 0.6774815 255 0 0
-0.0844776 -0.1681295 0.6767853 255 0 0
-0.0830068 -0.1683907 0.6778367 255 0 0
-0.0814471 -0.1684784 0.6781896 255 0 0
-0.0801344 -0.1690907 0.6806544 255 0 0
-0.0785259 -0.1690914 0.6806570 255 0 0
-0.0769175 -0.1690920 0.6806597 255 0 0
-0.0753481 -0.1691804 0.6810156 255 0 0
-0.0737771 -0.1692689 0.6813717 255 0 0
-0.0721670 -0.1692696 0.6813744 255 0 0
-0.0705935 -0.1693581 0.6817309 255 0 0
-0.0690183 -0.1694468 0.6820879 255 0 0
-0.0674415 -0.1695356 0.6824452 255 0 0
-0.0658631 -0.1696244 0.6828029 255 0 0
-0.0642495 -0.1696251 0.6828055 255 0 0
-0.0627012 -0.1698025 0.6835194 255 0 0
-0.0611178 -0.1698916 0.6838782 255 0 0
-0.0595637 -0.1700695 0.6845943 255 0 0
-0.0579459 -0.1700702 0.6845970 255 0 0
-0.0563869 -0.1702484 0.6853146 255 0 0
-0.0549108 -0.1706947 0.6871112 255 0 0
-0.0533988 -0.1710536 0.6885558 255 0 0
-0.0517988 -0.1711441 0.6889200 255 0 0
-0.0503292 -0.1716855 0.6910992 255 0 0
-0.0472619 -0.1724131 0.6940283 255 0 0
-0.0458642 -0.1733303 0.6977205 255 0 0
-0.0442624 -0.1735155 0.6984659 255 0 0
-0.0410921 -0.1740720 0.7007060 255 0 0
-0.0395206 -0.1744452 0.7022083 255 0 0
-0.0379626 -0.1749138 0.7040946 255 0 0
-0.0363376 -0.1751024 0.7048537 255 0 0
-0.0348027 -0.1757638 0.7075162 255 0 0
-0.0332561 -0.1764303 0.7101989 255 0 0
-0.0315947 -0.1765265 0.7105861 255 0 0
-0.0299641 -0.1768143 0.7117449 255 0 0
-0.3879727 -0.1796647 0.7301732 255 0 0
-0.3849624 -0.1790672 0.7277448 255 0 0
-0.3802907 -0.1776881 0.7221399 255 0 0
-0.3777533 -0.1772982 0.7205555 255 0 0
-0.3750215 -0.1768132 0.7185842 255 0 0
-0.3718981 -0.1761383 0.7158412 255 0 0
-0.3696024 -0.1758510 0.7146737 255 0 0
-0.3675141 -0.1756602 0.7138984 255 0 0
-0.3654304 -0.1754699 0.7131248 255 0 0
-0.3635486 -0.1753751 0.7127399 255 0 0
-0.3614726 -0.1751854 0.7119688 255 0 0
-0.3597912 -0.1751861 0.7119716 255 0 0
-0.3577215 -0.1749968 0.7112021 255 0 0
-0.3560419 -0.1749974 0.7112049 255 0 0
-0.3547471 -0.1751881 0.7119799 255 0 0
-0.3534495 -0.1753792 0.7127565 255 0 0
-0.3517663 -0.1753799 0.7127593 255 0 0
-0.3506548 -0.1756670 0.7139261 255 0 0
-0.3491588 -0.1757634 0.7143176 255 0 0
-0.3480405 -0.1760517 0.7154895 255 0 0
-0.3465399 -0.1761485 0.7158828 255 0 0
-0.3452261 -0.1763417 0.7166680 255 0 0
-0.3435336 -0.1763424 0.7166708 255 0 0
-0.3424024 -0.1766326 0.7178504 255 0 0
-0.3405207 -0.1765367 0.7174605 255 0 0
-0.3395693 -0.1769245 0.7190366 255 0 0
-0.3376861 -0.1768283 0.7186455 255 0 0
-0.3367269 -0.1772174 0.7202268 255 0 0
-0.3346584 -0.1770236 0.7194395 255 0 0
-0.3327767 -0.1769273 0.7190478 255 0 0
-0.3310786 -0.1769279 0.7190506 255 0 0
-0.3295611 -0.1770257 0.7194479 255 0 0
-0.3276822 -0.1769293 0.7190562 255 0 0
-0.3258053 -0.1768330 0.7186649 255 0 0
-0.3239305 -0.1767369 0.7182742 255 0 0
-0.3222341 -0.1767376 0.7182769 255 0 0
-0.3201870 -0.1765449 0.7174938 255 0 0
-0.3186668 -0.1766422 0.7178893 255 0 0
-0.3166259 -0.1764504 0.7171099 255 0 0
-0.3151045 -0.1765476 0.7175050 255 0 0
-0.3135814 -0.1766449 0.7179005 255 0 0
-0.3115448 -0.1764525 0.7171182 255 0 0
-0.3098511 -0.1764531 0.7171210 255 0 0
-0.3079890 -0.1763574 0.7167319 255 0 0
-0.3062962 -0.1763581 0.7167346 255 0 0
-0.3047699 -0.1764552 0.7171293 255 0 0
-0.3029106 -0.1763595 0.7167403 255 0 0
-0.3012177 -0.1763601 0.7167430 255 0 0
-0.2995249 -0.1763608 0.7167458 255 0 0
-0.2979948 -0.1764579 0.7171404 255 0 0
-0.2961391 -0.1763622 0.7167513 255 0 0
-0.2944462 -0.1763629 0.7167541 255 0 0
-0.2927533 -0.1763636 0.7167569 255 0 0
-0.2910603 -0.1763642 0.7167596 255 0 0
-0.2893674 -0.1763649 0.7167624 255 0 0
-0.2875174 -0.1762693 0.7163738 255 0 0
-0.2859815 -0.1763663 0.7167680 255 0 0
-0.2841333 -0.1762707 0.7163793 255 0 0
-0.2825955 -0.1763676 0.7167735 255 0 0
-0.2809025 -0.1763683 0.7167763 255 0 0
-0.2792095 -0.1763690 0.7167791 255 0 0
-0.2773649 -0.1762734 0.7163904 255 0 0
-0.2759742 -0.1764668 0.7171766 255 0 0
-0.2745805 -0.1766607 0.7179644 255 0 0
-0.2727354 -0.1765647 0.7175745 255 0 0
-0.2711888 -0.1766621 0.7179700 255 0 0
-0.2693455 -0.1765661 0.7175800 255 0 0
-0.2679437 -0.1767602 0.7183688 255 0 0
-0.2661011 -0.1766641 0.7179784 255 0 0
-0.2642606 -0.1765682 0.7175884 255 0 0
-0.2625656 -0.1765688 0.7175911 255 0 0
-0.2607279 -0.1764730 0.7172015 255 0 0
-0.2590338 -0.1764736 0.7172043 255 0 0
-0.2574805 -0.1765709 0.7175995 255 0 0
-0.2557854 -0.1765716 0.7176023 255 0 0
-0.2538127 -0.1763793 0.7168207 255 0 0
-0.2521195 -0.1763799 0.7168235 255 0 0
-0.2504262 -0.1763806 0.7168263 255 0 0
-0.2487329 -0.1763813 0.7168291 255 0 0
-0.2469048 -0.1762857 0.7164404 255 0 0
-0.2450786 -0.1761901 0.7160521 255 0 0
-0.2433871 -0.1761908 0.7160549 255 0 0
-0.2418277 -0.1762877 0.7164487 255 0 0
-0.2400042 -0.1761922 0.7160604 255 0 0
-0.2383127 -0.1761928 0.7160631 255 0 0
-0.2367505 -0.1762898 0.7164571 255 0 0
-0.2351865 -0.1763868 0.7168513 255 0 0
-0.2334931 -0.1763875 0.7168540 255 0 0
-0.2317997 -0.1763881 0.7168568 255 0 0
-0.2299806 -0.1762925 0.7164682 255 0 0
-0.2148002 -0.1658772 0.6741396 255 0 0
-0.2130982 -0.1657927 0.6737959 255 0 0
-0.2113979 -0.1657082 0.6734527 255 0 0
-0.2098070 -0.1657089 0.6734553 255 0 0
-0.2081093 -0.1656245 0.6731124 255 0 0
-0.2066252 -0.1657102 0.6734605 255 0 0
-0.2048240 -0.1655408 0.6727724 255 0 0
-0.2030265 -0.1653719 0.6720858 255 0 0
-0.2012326 -0.1652033 0.6714005 255 0 0
-0.1995444 -0.1651194 0.6710597 255 0 0
-0.1976558 -0.1648671 0.6700342 255 0 0
-0.1960730 -0.1648677 0.6700368 255 0 0
-0.1942916 -0.1647001 0.6693557 255 0 0
-0.1928087 -0.1647848 0.6696999 255 0 0
-0.1909343 -0.1645335 0.6686786 255 0 0
-0.1890655 -0.1642830 0.6676604 255 0 0
-0.1873929 -0.1642001 0.6673234 255 0 0
-0.1855340 -0.1639512 0.6663119 255 0 0
-0.1837732 -0.1637855 0.6656384 255 0 0
-0.1820160 -0.1636201 0.6649662 255 0 0
-0.1805366 -0.1637037 0.6653060 255 0 0
-0.1786930 -0.1634557 0.6642981 255 0 0
-0.1770340 -0.1633736 0.6639645 255 0 0
-0.1753766 -0.1632916 0.6636313 255 0 0
-0.1737209 -0.1632097 0.6632983 255 0 0
-0.1720669 -0.1631278 0.6629657 255 0 0
-0.1703285 -0.1629638 0.6622990 255 0 0
-0.1685937 -0.1628001 0.6616337 255 0 0
-0.1668622 -0.1626367 0.6609696 255 0 0
-0.1652175 -0.1625554 0.6606394 255 0 0
-0.1636567 -0.1625561 0.6606420 255 0 0
-0.1620143 -0.1624749 0.6603121 255 0 0
-0.1604543 -0.1624755 0.6603146 255 0 0
-0.1587345 -0.1623128 0.6596533 255 0 0
-0.1570970 -0.1622318 0.6593244 255 0 0
-0.1555393 -0.1622325 0.6593270 255 0 0
-0.1539043 -0.1621516 0.6589984 255 0 0
-0.1524239 -0.1622337 0.6593321 255 0 0
-0.1509420 -0.1623159 0.6596661 255 0 0
-0.1493084 -0.1622350 0.6593372 255 0 0
-0.1478249 -0.1623172 0.6596712 255 0 0
-0.1464135 -0.1624812 0.6603377 255 0 0
-0.1448534 -0.1624818 0.6603402 255 0 0
-0.1434376 -0.1626461 0.6610081 255 0 0
-0.1418758 -0.1626468 0.6610106 255 0 0
-0.1404556 -0.1628114 0.6616798 255 0 0
-0.1391027 -0.1630587 0.6626848 255 0 0
-0.1375370 -0.1630593 0.6626874 255 0 0
-0.1361775 -0.1633074 0.6636955 255 0 0
-0.1346094 -0.1633080 0.6636980 255 0 0
-0.1331760 -0.1634740 0.6643727 255 0 0
-0.1317397 -0.1636404 0.6650487 255 0 0
-0.1301683 -0.1636410 0.6650512 255 0 0
-0.1286622 -0.1637246 0.6653911 255 0 0
-0.1272191 -0.1638914 0.6660691 255 0 0
-0.1257091 -0.1639753 0.6664099 255 0 0
-0.1241345 -0.1639759 0.6664125 255 0 0
-0.1226845 -0.1641433 0.6670927 255 0 0
-0.1210468 -0.1640605 0.6667563 255 0 0
-0.1195929 -0.1642281 0.6674371 255 0 0
-0.1181360 -0.1643959 0.6681193 255 0 0
-0.1166168 -0.1644803 0.6684622 255 0 0
-0.1151546 -0.1646487 0.6691466 255 0 0
-0.1136315 -0.1647333 0.6694906 255 0 0
-0.1121640 -0.1649022 0.6701769 255 0 0
-0.1106370 -0.1649871 0.6705219 255 0 0
-0.1092201 -0.1652410 0.6715539 255 0 0
-0.1076884 -0.1653263 0.6719003 255 0 0
-0.1062095 -0.1654964 0.6725917 255 0 0
-0.1047276 -0.1656668 0.6732845 255 0 0
-0.1031367 -0.1656675 0.6732870 255 0 0
-0.1015979 -0.1657532 0.6736353 255 0 0
-0.1000575 -0.1658389 0.6739839 255 0 0
-0.0985155 -0.1659248 0.6743328 255 0 0
-0.0969719 -0.1660107 0.6746821 255 0 0
-0.0953777 -0.1660114 0.6746847 255 0 0
-0.0938317 -0.1660974 0.6750343 255 0 0
-0.0922841 -0.1661835 0.6753843 255 0 0
-0.0906882 -0.1661842 0.6753870 255 0 0
-0.0891840 -0.1663560 0.6760855 255 0 0
-0.0875864 -0.1663567 0.6760881 255 0 0
-0.0860775 -0.1665289 0.6767880 255 0 0
-0.0844783 -0.1665295 0.6767906 255 0 0
-0.0829217 -0.1666161 0.6771424 255 0 0
-0.0814898 -0.1669613 0.6785455 255 0 0
-0.0801766 -0.1675685 0.6810129 255 0 0
-0.0785266 -0.1674822 0.6806624 255 0 0
-0.0769181 -0.1674829 0.6806650 255 0 0
-0.0753879 -0.1676574 0.6813744 255 0 0
-0.0737777 -0.1676581 0.6813771 255 0 0
-0.0722426 -0.1678330 0.6820880 255 0 0
-0.0706307 -0.1678337 0.6820906 255 0 0
-0.0690189 -0.1678343 0.6820933 255 0 0
-0.0674421 -0.1679222 0.6824505 255 0 0
-0.0658636 -0.1680102 0.6828083 255 0 0
-0.0642835 -0.1680983 0.6831663 255 0 0
-0.0627017 -0.1681865 0.6835248 255 0 0
-0.0611183 -0.1682748 0.6838836 255 0 0
-0.0595331 -0.1683632 0.6842428 255 0 0
-0.0579464 -0.1684517 0.6846023 255 0 0
-0.0564168 -0.1687164 0.6856780 255 0 0
-0.0548538 -0.1688935 0.6863979 255 0 0
-0.0533153 -0.1691595 0.6874792 255 0 0
-0.0517720 -0.1694264 0.6885639 255 0 0
-0.0502767 -0.1698727 0.6903775 255 0 0
-0.0488249 -0.1705012 0.6929317 255 0 0
-0.0471376 -0.1703220 0.6922035 255 0 0
-0.0457673 -0.1713165 0.6962454 255 0 0
-0.0441219 -0.1713172 0.6962481 255 0 0
-0.0426348 -0.1719564 0.6988459 255 0 0
-0.0394154 -0.1723241 0.7003403 255 0 0
-0.0378816 -0.1728783 0.7025924 255 0 0
-0.0362989 -0.1732499 0.7041029 255 0 0
-0.0347468 -0.1738101 0.7063794 255 0 0
-0.0331130 -0.1739980 0.7071432 255 0 0
-0.0315267 -0.1744687 0.7090562 255 0 0
-0.0298510 -0.1744694 0.7090589 255 0 0
-0.0276496 -0.1820430 0.7398388 255 0 0
-0.3877599 -0.1778395 0.7297726 255 0 0
-0.3849654 -0.1773467 0.7277505 255 0 0
-0.3794579 -0.1755941 0.7205584 255 0 0
-0.3771347 -0.1753058 0.7193754 255 0 0
-0.3748190 -0.1750184 0.7181963 255 0 0
-0.3716981 -0.1743507 0.7154564 255 0 0
-0.3696053 -0.1741614 0.7146794 255 0 0
-0.3673170 -0.1738778 0.7135156 255 0 0
-0.3650362 -0.1735951 0.7123556 255 0 0
-0.3635515 -0.1736901 0.7127455 255 0 0
-0.3614754 -0.1735022 0.7119744 255 0 0
-0.3592090 -0.1732208 0.7108195 255 0 0
-0.3573367 -0.1731276 0.7104372 255 0 0
-0.3558517 -0.1732221 0.7108250 255 0 0
-0.3545574 -0.1734108 0.7115992 255 0 0
-0.3530685 -0.1735056 0.7119882 255 0 0
-0.3517690 -0.1736948 0.7127649 255 0 0
-0.3502761 -0.1737900 0.7131553 255 0 0
-0.3489715 -0.1739799 0.7139345 255 0 0
-0.3472854 -0.1739805 0.7139372 255 0 0
-0.3459761 -0.1741708 0.7147181 255 0 0
-0.3446638 -0.1743616 0.7155007 255 0 0
-0.3431613 -0.1744574 0.7158940 255 0 0
-0.3420307 -0.1747442 0.7170711 255 0 0
-0.3403372 -0.1747449 0.7170738 255 0 0
-0.3386437 -0.1747456 0.7170766 255 0 0
-0.3376887 -0.1751293 0.7186511 255 0 0
-0.3361757 -0.1752260 0.7190478 255 0 0
-0.3341112 -0.1750347 0.7182631 255 0 0
-0.3325970 -0.1751313 0.7186594 255 0 0
-0.3308997 -0.1751320 0.7186622 255 0 0
-0.3295636 -0.1753248 0.7194535 255 0 0
-0.3275051 -0.1751333 0.7186677 255 0 0
-0.3258078 -0.1751340 0.7186705 255 0 0
-0.3239330 -0.1750388 0.7182798 255 0 0
-0.3220603 -0.1749437 0.7178894 255 0 0
-0.3203647 -0.1749443 0.7178922 255 0 0
-0.3183208 -0.1747537 0.7171100 255 0 0
-0.3166284 -0.1747551 0.7171155 255 0 0
-0.3147626 -0.1746603 0.7167264 255 0 0
-0.3130698 -0.1746609 0.7167292 255 0 0
-0.3115472 -0.1747571 0.7171238 255 0 0
-0.3095151 -0.1745669 0.7163433 255 0 0
-0.3079914 -0.1746629 0.7167375 255 0 0
-0.3062986 -0.1746636 0.7167403 255 0 0
-0.3046058 -0.1746643 0.7167431 255 0 0
-0.3029129 -0.1746650 0.7167459 255 0 0
-0.3012201 -0.1746656 0.7167486 255 0 0
-0.2995272 -0.1746663 0.7167514 255 0 0
-0.2976717 -0.1745716 0.7163628 255 0 0
-0.2959797 -0.1745723 0.7163655 255 0 0
-0.2941270 -0.1744777 0.7159773 255 0 0
-0.2925957 -0.1745736 0.7163711 255 0 0
-0.2907449 -0.1744790 0.7159828 255 0 0
-0.2890538 -0.1744797 0.7159855 255 0 0
-0.2875196 -0.1745757 0.7163794 255 0 0
-0.2856715 -0.1744811 0.7159911 255 0 0
-0.2839804 -0.1744817 0.7159939 255 0 0
-0.2822892 -0.1744824 0.7159967 255 0 0
-0.2809047 -0.1746738 0.7167819 255 0 0
-0.2793643 -0.1747700 0.7171766 255 0 0
-0.2781266 -0.1750578 0.7183577 255 0 0
-0.2764298 -0.1750585 0.7183605 255 0 0
-0.2748836 -0.1751550 0.7187569 255 0 0
-0.2733356 -0.1752518 0.7191537 255 0 0
-0.2714881 -0.1751564 0.7187625 255 0 0
-0.2696426 -0.1750612 0.7183716 255 0 0
-0.2679458 -0.1750619 0.7183744 255 0 0
-0.2663948 -0.1751584 0.7187708 255 0 0
-0.2646971 -0.1751591 0.7187736 255 0 0
-0.2627113 -0.1749680 0.7179895 255 0 0
-0.2611583 -0.1750646 0.7183856 255 0 0
-0.2591776 -0.1748737 0.7176023 255 0 0
-0.2576234 -0.1749701 0.7179979 255 0 0
-0.2559274 -0.1749708 0.7180007 255 0 0
-0.2539535 -0.1747801 0.7172183 255 0 0
-0.2523973 -0.1748764 0.7176134 255 0 0
-0.2505651 -0.1747815 0.7172238 255 0 0
-0.2487349 -0.1746866 0.7168347 255 0 0
-0.2471767 -0.1747828 0.7172294 255 0 0
-0.2453483 -0.1746880 0.7168403 255 0 0
-0.2436550 -0.1746887 0.7168430 255 0 0
-0.2418296 -0.1745939 0.7164543 255 0 0
-0.2401372 -0.1745946 0.7164571 255 0 0
-0.2384447 -0.1745953 0.7164599 255 0 0
-0.2368817 -0.1746914 0.7168542 255 0 0
-0.2350599 -0.1745966 0.7164654 255 0 0
-0.2333674 -0.1745973 0.7164682 255 0 0
-0.2319283 -0.1747889 0.7172545 255 0 0
-0.2159505 -0.1639459 0.6727595 255 0 0
-0.2137038 -0.1634436 0.6706985 255 0 0
-0.2120110 -0.1633607 0.6703584 255 0 0
-0.2105350 -0.1634449 0.6707037 255 0 0
-0.2092715 -0.1636966 0.6717365 255 0 0
-0.2078976 -0.1638650 0.6724277 255 0 0
-0.2062034 -0.1637817 0.6720858 255 0 0
-0.2047206 -0.1638663 0.6724328 255 0 0
-0.2028202 -0.1636153 0.6714031 255 0 0
-0.2011312 -0.1635323 0.6710624 255 0 0
-0.1994440 -0.1634493 0.6707219 255 0 0
-0.1976574 -0.1632830 0.6700394 255 0 0
-0.1960745 -0.1632836 0.6700420 255 0 0
-0.1942932 -0.1631177 0.6693610 255 0 0
-0.1925154 -0.1629520 0.6686813 255 0 0
-0.1907413 -0.1627868 0.6680030 255 0 0
-0.1891632 -0.1627874 0.6680055 255 0 0
-0.1873944 -0.1626224 0.6673287 255 0 0
-0.1853472 -0.1622112 0.6656411 255 0 0
-0.1837747 -0.1622118 0.6656436 255 0 0
-0.1822021 -0.1622124 0.6656462 255 0 0
-0.1804465 -0.1620486 0.6649740 255 0 0
-0.1787849 -0.1619672 0.6646398 255 0 0
-0.1770354 -0.1618039 0.6639697 255 0 0
-0.1754667 -0.1618045 0.6639723 255 0 0
-0.1738102 -0.1617233 0.6636390 255 0 0
-0.1721552 -0.1616421 0.6633061 255 0 0
-0.1704159 -0.1614795 0.6626387 255 0 0
-0.1686800 -0.1613172 0.6619726 255 0 0
-0.1670318 -0.1612365 0.6616414 255 0 0
-0.1653020 -0.1610747 0.6609774 255 0 0
-0.1637404 -0.1610753 0.6609799 255 0 0
-0.1619341 -0.1608329 0.6599851 255 0 0
-0.1603748 -0.1608335 0.6599877 255 0 0
-0.1587358 -0.1607533 0.6596585 255 0 0
-0.1570983 -0.1606731 0.6593296 255 0 0
-0.1556187 -0.1607545 0.6596636 255 0 0
-0.1539828 -0.1606743 0.6593347 255 0 0
-0.1524251 -0.1606750 0.6593372 255 0 0
-0.1509431 -0.1607564 0.6596712 255 0 0
-0.1494597 -0.1608378 0.6600056 255 0 0
-0.1478260 -0.1607576 0.6596764 255 0 0
-0.1462675 -0.1607583 0.6596789 255 0 0
-0.1449274 -0.1610017 0.6606779 255 0 0
-0.1432943 -0.1609213 0.6603479 255 0 0
-0.1419485 -0.1611652 0.6613489 255 0 0
-0.1403859 -0.1611658 0.6613515 255 0 0
-0.1389634 -0.1613291 0.6620213 255 0 0
-0.1376075 -0.1615742 0.6630274 255 0 0
-0.1361786 -0.1617383 0.6637007 255 0 0
-0.1346786 -0.1618208 0.6640391 255 0 0
-0.1331771 -0.1619034 0.6643779 255 0 0
-0.1317407 -0.1620681 0.6650539 255 0 0
-0.1301693 -0.1620687 0.6650565 255 0 0
-0.1285980 -0.1620693 0.6650590 255 0 0
-0.1272200 -0.1623167 0.6660743 255 0 0
-0.1256462 -0.1623174 0.6660768 255 0 0
-0.1241985 -0.1624829 0.6667563 255 0 0
-0.1226232 -0.1624836 0.6667589 255 0 0
-0.1211093 -0.1625668 0.6671005 255 0 0
-0.1197156 -0.1628157 0.6681219 255 0 0
-0.1181971 -0.1628993 0.6684648 255 0 0
-0.1166771 -0.1629830 0.6688082 255 0 0
-0.1151555 -0.1630667 0.6691518 255 0 0
-0.1137484 -0.1633172 0.6701795 255 0 0
-0.1121649 -0.1633178 0.6701822 255 0 0
-0.1106944 -0.1634854 0.6708700 255 0 0
-0.1093328 -0.1638210 0.6722472 255 0 0
-0.1077444 -0.1638217 0.6722498 255 0 0
-0.1062103 -0.1639063 0.6725969 255 0 0
-0.1047822 -0.1641593 0.6736354 255 0 0
-0.1032434 -0.1642443 0.6739839 255 0 0
-0.1017031 -0.1643293 0.6743328 255 0 0
-0.1000069 -0.1641612 0.6736432 255 0 0
-0.0985669 -0.1644150 0.6746848 255 0 0
-0.0969727 -0.1644157 0.6746873 255 0 0
-0.0953294 -0.1643318 0.6743433 255 0 0
-0.0937360 -0.1643324 0.6743459 255 0 0
-0.0921899 -0.1644176 0.6746952 255 0 0
-0.0906422 -0.1645028 0.6750449 255 0 0
-0.0890929 -0.1645881 0.6753948 255 0 0
-0.0874519 -0.1645041 0.6750501 255 0 0
-0.0859895 -0.1647590 0.6760960 255 0 0
-0.0844354 -0.1648445 0.6764472 255 0 0
-0.0829224 -0.1650153 0.6771477 255 0 0
-0.0814483 -0.1652717 0.6782002 255 0 0
-0.0800526 -0.1657005 0.6799597 255 0 0
-0.0784865 -0.1657871 0.6803149 255 0 0
-0.0769187 -0.1658737 0.6806704 255 0 0
-0.0753493 -0.1659604 0.6810262 255 0 0
-0.0737783 -0.1660472 0.6813824 255 0 0
-0.0721681 -0.1660478 0.6813850 255 0 0
-0.0705946 -0.1661347 0.6817416 255 0 0
-0.0690194 -0.1662217 0.6820986 255 0 0
-0.0674075 -0.1662224 0.6821012 255 0 0
-0.0658299 -0.1663094 0.6824585 255 0 0
-0.0642505 -0.1663966 0.6828162 255 0 0
-0.0626695 -0.1664839 0.6831743 255 0 0
-0.0610233 -0.1663979 0.6828215 255 0 0
-0.0595026 -0.1666587 0.6838916 255 0 0
-0.0579771 -0.1669203 0.6849650 255 0 0
-0.0564173 -0.1670953 0.6856834 255 0 0
-0.0548542 -0.1672707 0.6864032 255 0 0
-0.0532878 -0.1674465 0.6871246 255 0 0
-0.0517182 -0.1676227 0.6878475 255 0 0
-0.0501452 -0.1677992 0.6885719 255 0 0
-0.0485944 -0.1680644 0.6896601 255 0 0
-0.0470635 -0.1684190 0.6911154 255 0 0
-0.0456466 -0.1692217 0.6944090 255 0 0
-0.0440055 -0.1692223 0.6944116 255 0 0
-0.0425445 -0.1699423 0.6973661 255 0 0
-0.0409835 -0.1703049 0.6988541 255 0 0
-0.0377808 -0.1707602 0.7007224 255 0 0
-0.0362021 -0.1711263 0.7022248 255 0 0
-0.0347283 -0.1720475 0.7060049 255 0 0
-0.0330776 -0.1721408 0.7063876 255 0 0
-0.0314420 -0.1723269 0.7071515 255 0 0
-0.0297868 -0.1724205 0.7075355 255 0 0
-0.0281907 -0.1728872 0.7094505 255 0 0
-0.3826341 -0.1745613 0.7233434 255 0 0
-0.3790443 -0.1736997 0.7197731 255 0 0
-0.3767243 -0.1734148 0.7185926 255 0 0
-0.3744119 -0.1731309 0.7174161 255 0 0
-0.3717010 -0.1726593 0.7154620 255 0 0
-0.3696081 -0.1724718 0.7146849 255 0 0
-0.3671202 -0.1720973 0.7131332 255 0 0
-0.3652375 -0.1720044 0.7127483 255 0 0
-0.3631596 -0.1718183 0.7119772 255 0 0
-0.3612821 -0.1717258 0.7115937 255 0 0
-0.3592119 -0.1715403 0.7108251 255 0 0
-0.3575332 -0.1715410 0.7108278 255 0 0
-0.3560475 -0.1716346 0.7112160 255 0 0
-0.3541758 -0.1715423 0.7108333 255 0 0
-0.3530713 -0.1718223 0.7119938 255 0 0
-0.3515807 -0.1719163 0.7123833 255 0 0
-0.3500885 -0.1720104 0.7127732 255 0 0
-0.3484052 -0.1720111 0.7127759 255 0 0
-0.3470992 -0.1721989 0.7135543 255 0 0
-0.3454140 -0.1721996 0.7135571 255 0 0
-0.3441033 -0.1723879 0.7143372 255 0 0
-0.3427897 -0.1725765 0.7151189 255 0 0
-0.3414732 -0.1727656 0.7159024 255 0 0
-0.3399681 -0.1728606 0.7162962 255 0 0
-0.3384613 -0.1729557 0.7166904 255 0 0
-0.3367687 -0.1729564 0.7166932 255 0 0
-0.3352593 -0.1730517 0.7170878 255 0 0
-0.3335658 -0.1730523 0.7170906 255 0 0
-0.3322355 -0.1732424 0.7178783 255 0 0
-0.3307211 -0.1733380 0.7182743 255 0 0
-0.3290248 -0.1733387 0.7182771 255 0 0
-0.3269702 -0.1731497 0.7174940 255 0 0
-0.3250979 -0.1730557 0.7171044 255 0 0
-0.3235811 -0.1731510 0.7174995 255 0 0
-0.3217106 -0.1730570 0.7171100 255 0 0
-0.3194941 -0.1727750 0.7159413 255 0 0
-0.3179768 -0.1728700 0.7163351 255 0 0
-0.3161123 -0.1727763 0.7159468 255 0 0
-0.3144214 -0.1727770 0.7159495 255 0 0
-0.3129013 -0.1728720 0.7163434 255 0 0
-0.3112094 -0.1728727 0.7163461 255 0 0
-0.3095176 -0.1728733 0.7163489 255 0 0
-0.3074898 -0.1726854 0.7155701 255 0 0
-0.3061337 -0.1728747 0.7163545 255 0 0
-0.3042756 -0.1727810 0.7159662 255 0 0
-0.3025846 -0.1727816 0.7159690 255 0 0
-0.3010579 -0.1728767 0.7163628 255 0 0
-0.2993660 -0.1728774 0.7163656 255 0 0
-0.2975115 -0.1727837 0.7159773 255 0 0
-0.2958204 -0.1727843 0.7159801 255 0 0
-0.2939689 -0.1726907 0.7155923 255 0 0
-0.2924382 -0.1727857 0.7159856 255 0 0
-0.2905886 -0.1726921 0.7155978 255 0 0
-0.2888983 -0.1726927 0.7156006 255 0 0
-0.2873649 -0.1727877 0.7159939 255 0 0
-0.2856737 -0.1727883 0.7159967 255 0 0
-0.2839826 -0.1727890 0.7159995 255 0 0
-0.2826000 -0.1729785 0.7167848 255 0 0
-0.2813682 -0.1732633 0.7179646 255 0 0
-0.2798256 -0.1733588 0.7183606 255 0 0
-0.2788925 -0.1738355 0.7203358 255 0 0
-0.2776484 -0.1741230 0.7215273 255 0 0
-0.2757924 -0.1740280 0.7211334 255 0 0
-0.2743908 -0.1742202 0.7219300 255 0 0
-0.2725356 -0.1741250 0.7215357 255 0 0
-0.2706824 -0.1740300 0.7211418 255 0 0
-0.2685362 -0.1737441 0.7199572 255 0 0
-0.2669821 -0.1738402 0.7203553 255 0 0
-0.2651350 -0.1737455 0.7199627 255 0 0
-0.2631455 -0.1735556 0.7191761 255 0 0
-0.2614467 -0.1735563 0.7191789 255 0 0
-0.2596056 -0.1734619 0.7187876 255 0 0
-0.2576255 -0.1732726 0.7180035 255 0 0
-0.2560696 -0.1733682 0.7183995 255 0 0
-0.2542334 -0.1732740 0.7180091 255 0 0
-0.2525374 -0.1732747 0.7180119 255 0 0
-0.2508413 -0.1732753 0.7180147 255 0 0
-0.2491453 -0.1732760 0.7180174 255 0 0
-0.2474492 -0.1732767 0.7180202 255 0 0
-0.2456187 -0.1731825 0.7176302 255 0 0
-0.2439235 -0.1731832 0.7176330 255 0 0
-0.2419636 -0.1729946 0.7168515 255 0 0
-0.2402702 -0.1729953 0.7168542 255 0 0
-0.2387073 -0.1730905 0.7172489 255 0 0
-0.2368835 -0.1729966 0.7168598 255 0 0
-0.2351901 -0.1729973 0.7168625 255 0 0
-0.2334967 -0.1729980 0.7168653 255 0 0
-0.2320569 -0.1731879 0.7176524 255 0 0
-0.2140859 -0.1609523 0.6669507 255 0 0
-0.2128350 -0.1611988 0.6679720 255 0 0
-0.2112571 -0.1611994 0.6679745 255 0 0
-0.2102142 -0.1616114 0.6696819 255 0 0
-0.2087388 -0.1616946 0.6700265 255 0 0
-0.2075800 -0.1620262 0.6714006 255 0 0
-0.2057834 -0.1618611 0.6707168 255 0 0
-0.2041989 -0.1618618 0.6707194 255 0 0
-0.2027181 -0.1619452 0.6710650 255 0 0
-0.2013388 -0.1621116 0.6717548 255 0 0
-0.1994455 -0.1618636 0.6707271 255 0 0
-0.1976589 -0.1616989 0.6700447 255 0 0
-0.1958760 -0.1615346 0.6693636 255 0 0
-0.1942947 -0.1615352 0.6693662 255 0 0
-0.1925170 -0.1613712 0.6686865 255 0 0
-0.1908400 -0.1612896 0.6683484 255 0 0
-0.1891647 -0.1612081 0.6680108 255 0 0
-0.1873958 -0.1610447 0.6673338 255 0 0
-0.1855369 -0.1608006 0.6663223 255 0 0
-0.1838694 -0.1607196 0.6659867 255 0 0
-0.1822960 -0.1607203 0.6659892 255 0 0
-0.1804479 -0.1604765 0.6649793 255 0 0
-0.1787863 -0.1603959 0.6646450 255 0 0
-0.1772161 -0.1603965 0.6646476 255 0 0
-0.1755570 -0.1603159 0.6643137 255 0 0
-0.1738995 -0.1602354 0.6639801 255 0 0
-0.1722437 -0.1601550 0.6636468 255 0 0
-0.1705033 -0.1599937 0.6629786 255 0 0
-0.1688517 -0.1599136 0.6626465 255 0 0
-0.1669490 -0.1595918 0.6613131 255 0 0
-0.1653866 -0.1595924 0.6613157 255 0 0
-0.1638242 -0.1595930 0.6613182 255 0 0
-0.1620984 -0.1594329 0.6606549 255 0 0
-0.1604568 -0.1593533 0.6603250 255 0 0
-0.1588168 -0.1592738 0.6599954 255 0 0
-0.1571785 -0.1591944 0.6596662 255 0 0
-0.1555418 -0.1591150 0.6593373 255 0 0
-0.1539840 -0.1591156 0.6593398 255 0 0
-0.1524263 -0.1591162 0.6593424 255 0 0
-0.1510202 -0.1592769 0.6600082 255 0 0
-0.1493858 -0.1591974 0.6596790 255 0 0
-0.1479015 -0.1592781 0.6600133 255 0 0
-0.1464158 -0.1593589 0.6603480 255 0 0
-0.1449286 -0.1594397 0.6606830 255 0 0
-0.1433676 -0.1594404 0.6606856 255 0 0
-0.1419496 -0.1596017 0.6613541 255 0 0
-0.1403870 -0.1596023 0.6613566 255 0 0
-0.1389645 -0.1597640 0.6620265 255 0 0
-0.1376086 -0.1600067 0.6630326 255 0 0
-0.1361797 -0.1601692 0.6637059 255 0 0
-0.1346796 -0.1602509 0.6640443 255 0 0
-0.1331781 -0.1603327 0.6643831 255 0 0
-0.1316750 -0.1604145 0.6647223 255 0 0
-0.1301704 -0.1604964 0.6650617 255 0 0
-0.1286642 -0.1605784 0.6654015 255 0 0
-0.1271565 -0.1606605 0.6657416 255 0 0
-0.1257111 -0.1608243 0.6664204 255 0 0
-0.1242627 -0.1609885 0.6671005 255 0 0
-0.1226865 -0.1609891 0.6671031 255 0 0
-0.1211102 -0.1609897 0.6671057 255 0 0
-0.1197166 -0.1612362 0.6681272 255 0 0
-0.1181981 -0.1613190 0.6684701 255 0 0
-0.1166780 -0.1614018 0.6688134 255 0 0
-0.1152152 -0.1615671 0.6694984 255 0 0
-0.1136913 -0.1616502 0.6698427 255 0 0
-0.1122231 -0.1618160 0.6705298 255 0 0
-0.1107519 -0.1619822 0.6712183 255 0 0
-0.1093337 -0.1622317 0.6722525 255 0 0
-0.1078557 -0.1623988 0.6729445 255 0 0
-0.1062656 -0.1623994 0.6729471 255 0 0
-0.1047292 -0.1624833 0.6732950 255 0 0
-0.1031912 -0.1625674 0.6736432 255 0 0
-0.1015995 -0.1625680 0.6736459 255 0 0
-0.1000077 -0.1625686 0.6736485 255 0 0
-0.0984665 -0.1626527 0.6739970 255 0 0
-0.0969735 -0.1628206 0.6746927 255 0 0
-0.0953302 -0.1627376 0.6743486 255 0 0
-0.0937367 -0.1627382 0.6743512 255 0 0
-0.0922380 -0.1629063 0.6750476 255 0 0
-0.0905963 -0.1628231 0.6747031 255 0 0
-0.0890020 -0.1628238 0.6747057 255 0 0
-0.0874526 -0.1629082 0.6750554 255 0 0
-0.0859459 -0.1630765 0.6757532 255 0 0
-0.0844796 -0.1633295 0.6768012 255 0 0
-0.0827949 -0.1631618 0.6761065 255 0 0
-0.0813649 -0.1634994 0.6775053 255 0 0
-0.0800532 -0.1640930 0.6799651 255 0 0
-0.0783652 -0.1639238 0.6792638 255 0 0
-0.0767601 -0.1639244 0.6792665 255 0 0
-0.0751938 -0.1640099 0.6796208 255 0 0
-0.0735497 -0.1639257 0.6792717 255 0 0
-0.0720191 -0.1640962 0.6799783 255 0 0
-0.0704853 -0.1642670 0.6806862 255 0 0
-0.0688768 -0.1642677 0.6806889 255 0 0
-0.0673381 -0.1644389 0.6813983 255 0 0
-0.0657279 -0.1644395 0.6814010 255 0 0
-0.0642176 -0.1646966 0.6824665 255 0 0
-0.0625723 -0.1646117 0.6821145 255 0 0
-0.0609604 -0.1646123 0.6821171 255 0 0
-0.0593793 -0.1646986 0.6824744 255 0 0
-0.0578266 -0.1648707 0.6831876 255 0 0
-0.0563001 -0.1651292 0.6842588 255 0 0
-0.0547115 -0.1652159 0.6846184 255 0 0
-0.0533161 -0.1659089 0.6874900 255 0 0
-0.0517457 -0.1660836 0.6882136 255 0 0
-0.0501719 -0.1662586 0.6889388 255 0 0
-0.0486459 -0.1666090 0.6903911 255 0 0
-0.0470639 -0.1667852 0.6911208 255 0 0
-0.0455025 -0.1670497 0.6922170 255 0 0
-0.0439826 -0.1674920 0.6940500 255 0 0
-0.0424546 -0.1679367 0.6958926 255 0 0
-0.0409185 -0.1683837 0.6977450 255 0 0
-0.0393532 -0.1687432 0.6992346 255 0 0
-0.0377409 -0.1689239 0.6999832 255 0 0
-0.0345243 -0.1693762 0.7018575 255 0 0
-0.0330245 -0.1701960 0.7052544 255 0 0
-0.0314423 -0.1706551 0.7071570 255 0 0
-0.0297871 -0.1707478 0.7075410 255 0 0
-0.0281453 -0.1709327 0.7083074 255 0 0
-0.3813750 -0.1722810 0.7209631 255 0 0
-0.3788394 -0.1719037 0.7193840 255 0 0
-0.3769338 -0.1718101 0.7189923 255 0 0
-0.3746197 -0.1715286 0.7178144 255 0 0
-0.3717039 -0.1709678 0.7154676 255 0 0
-0.3696111 -0.1707821 0.7146905 255 0 0
-0.3671230 -0.1704113 0.7131388 255 0 0
-0.3648438 -0.1701344 0.7119800 255 0 0
-0.3629654 -0.1700428 0.7115965 255 0 0
-0.3610890 -0.1699512 0.7112134 255 0 0
-0.3594095 -0.1699519 0.7112161 255 0 0
-0.3577299 -0.1699525 0.7112188 255 0 0
-0.3556645 -0.1697691 0.7104511 255 0 0
-0.3541786 -0.1698618 0.7108389 255 0 0
-0.3528824 -0.1700467 0.7116131 255 0 0
-0.3513926 -0.1701397 0.7120022 255 0 0
-0.3499011 -0.1702328 0.7123917 255 0 0
-0.3482187 -0.1702335 0.7123944 255 0 0
-0.3469132 -0.1704193 0.7131720 255 0 0
-0.3454168 -0.1705126 0.7135627 255 0 0
-0.3441060 -0.1706990 0.7143428 255 0 0
-0.3422326 -0.1706068 0.7139567 255 0 0
-0.3412896 -0.1709797 0.7155175 255 0 0
-0.3392297 -0.1707940 0.7147403 255 0 0
-0.3380944 -0.1710744 0.7159135 255 0 0
-0.3364037 -0.1710751 0.7159163 255 0 0
-0.3348957 -0.1711692 0.7163101 255 0 0
-0.3332040 -0.1711698 0.7163129 255 0 0
-0.3315123 -0.1711705 0.7163157 255 0 0
-0.3298206 -0.1711712 0.7163185 255 0 0
-0.3283081 -0.1712653 0.7167127 255 0 0
-0.3262589 -0.1710790 0.7159330 255 0 0
-0.3243922 -0.1709870 0.7155480 255 0 0
-0.3223506 -0.1708013 0.7147709 255 0 0
-0.3206624 -0.1708020 0.7147736 255 0 0
-0.3191482 -0.1708958 0.7151662 255 0 0
-0.3172862 -0.1708033 0.7147791 255 0 0
-0.3159423 -0.1709903 0.7155618 255 0 0
-0.3140810 -0.1708978 0.7151744 255 0 0
-0.3125623 -0.1709917 0.7155674 255 0 0
-0.3105335 -0.1708060 0.7147902 255 0 0
-0.3090137 -0.1708997 0.7151827 255 0 0
-0.3073245 -0.1709004 0.7151855 255 0 0
-0.3058021 -0.1709943 0.7155784 255 0 0
-0.3041120 -0.1709950 0.7155812 255 0 0
-0.3022570 -0.1709024 0.7151938 255 0 0
-0.3007318 -0.1709963 0.7155868 255 0 0
-0.2988786 -0.1709037 0.7151994 255 0 0
-0.2971894 -0.1709044 0.7152022 255 0 0
-0.2956614 -0.1709983 0.7155951 255 0 0
-0.2938109 -0.1709057 0.7152077 255 0 0
-0.2921216 -0.1709064 0.7152104 255 0 0
-0.2904324 -0.1709071 0.7152132 255 0 0
-0.2887431 -0.1709077 0.7152160 255 0 0
-0.2872104 -0.1710016 0.7156090 255 0 0
-0.2855201 -0.1710023 0.7156117 255 0 0
-0.2841399 -0.1711897 0.7163962 255 0 0
-0.2829114 -0.1714713 0.7175747 255 0 0
-0.2819878 -0.1719423 0.7195456 255 0 0
-0.2804421 -0.1720373 0.7199433 255 0 0
-0.2796625 -0.1726064 0.7223248 255 0 0
-0.2781095 -0.1727022 0.7227256 255 0 0
-0.2765548 -0.1727981 0.7231268 255 0 0
-0.2746953 -0.1727035 0.7227312 255 0 0
-0.2729882 -0.1727042 0.7227340 255 0 0
-0.2709825 -0.1725148 0.7219412 255 0 0
-0.2694255 -0.1726104 0.7223416 255 0 0
-0.2672777 -0.1723264 0.7211530 255 0 0
-0.2654284 -0.1722324 0.7207596 255 0 0
-0.2632920 -0.1719496 0.7195763 255 0 0
-0.2615922 -0.1719503 0.7195790 255 0 0
-0.2597500 -0.1718567 0.7191873 255 0 0
-0.2580512 -0.1718573 0.7191901 255 0 0
-0.2563524 -0.1718580 0.7191929 255 0 0
-0.2546536 -0.1718587 0.7191956 255 0 0
-0.2529547 -0.1718593 0.7191984 255 0 0
-0.2511182 -0.1717658 0.7188071 255 0 0
-0.2495570 -0.1718607 0.7192040 255 0 0
-0.2475867 -0.1716731 0.7184191 255 0 0
-0.2456206 -0.1714859 0.7176358 255 0 0
-0.2441926 -0.1716744 0.7184246 255 0 0
-0.2422302 -0.1714873 0.7176414 255 0 0
-0.2404035 -0.1713942 0.7172518 255 0 0
-0.2389705 -0.1715825 0.7180398 255 0 0
-0.2370149 -0.1713955 0.7172573 255 0 0
-0.2351920 -0.1713025 0.7168682 255 0 0
-0.2194700 -0.1610113 0.6738014 255 0 0
-0.2162127 -0.1597810 0.6686529 255 0 0
-0.2144146 -0.1596189 0.6679746 255 0 0
-0.2131622 -0.1598637 0.6689990 255 0 0
-0.2115819 -0.1598643 0.6690016 255 0 0
-0.2098945 -0.1597835 0.6686633 255 0 0
-0.2082088 -0.1597027 0.6683252 255 0 0
-0.2069463 -0.1599478 0.6693507 255 0 0
-0.2053651 -0.1599484 0.6693533 255 0 0
-0.2037838 -0.1599490 0.6693559 255 0 0
-0.2027197 -0.1603587 0.6710703 255 0 0
-0.2010316 -0.1602773 0.6707298 255 0 0
-0.1992434 -0.1601142 0.6700473 255 0 0
-0.1975596 -0.1600331 0.6697079 255 0 0
-0.1959775 -0.1600337 0.6697105 255 0 0
-0.1941971 -0.1598711 0.6690301 255 0 0
-0.1925185 -0.1597903 0.6686918 255 0 0
-0.1907443 -0.1596282 0.6680135 255 0 0
-0.1891662 -0.1596288 0.6680160 255 0 0
-0.1873973 -0.1594671 0.6673391 255 0 0
-0.1857263 -0.1593866 0.6670024 255 0 0
-0.1838708 -0.1591451 0.6659918 255 0 0
-0.1822050 -0.1590650 0.6656566 255 0 0
-0.1805408 -0.1589850 0.6653216 255 0 0
-0.1789690 -0.1589856 0.6653243 255 0 0
-0.1773073 -0.1589056 0.6649896 255 0 0
-0.1756473 -0.1588258 0.6646554 255 0 0
-0.1740770 -0.1588264 0.6646580 255 0 0
-0.1722450 -0.1585860 0.6636519 255 0 0
-0.1705047 -0.1584263 0.6629839 255 0 0
-0.1689384 -0.1584270 0.6629865 255 0 0
-0.1672031 -0.1582676 0.6623197 255 0 0
-0.1655548 -0.1581884 0.6619881 255 0 0
-0.1639081 -0.1581092 0.6616569 255 0 0
-0.1620997 -0.1578711 0.6606601 255 0 0
-0.1604581 -0.1577922 0.6603302 255 0 0
-0.1589780 -0.1578723 0.6606652 255 0 0
-0.1573379 -0.1577934 0.6603352 255 0 0
-0.1556212 -0.1576354 0.6596739 255 0 0
-0.1541401 -0.1577153 0.6600083 255 0 0
-0.1524274 -0.1575574 0.6593475 255 0 0
-0.1510974 -0.1577959 0.6603455 255 0 0
-0.1494621 -0.1577171 0.6600159 255 0 0
-0.1479027 -0.1577177 0.6600185 255 0 0
-0.1464907 -0.1578772 0.6606857 255 0 0
-0.1450027 -0.1579573 0.6610210 255 0 0
-0.1433687 -0.1578784 0.6606908 255 0 0
-0.1418077 -0.1578790 0.6606933 255 0 0
-0.1404589 -0.1581184 0.6616954 255 0 0
-0.1390357 -0.1582787 0.6623659 255 0 0
-0.1375402 -0.1583592 0.6627030 255 0 0
-0.1361807 -0.1586001 0.6637111 255 0 0
-0.1346126 -0.1586007 0.6637137 255 0 0
-0.1332466 -0.1588424 0.6647249 255 0 0
-0.1317427 -0.1589235 0.6650643 255 0 0
-0.1303035 -0.1590853 0.6657417 255 0 0
-0.1286652 -0.1590053 0.6654067 255 0 0
-0.1272866 -0.1592482 0.6664230 255 0 0
-0.1257120 -0.1592488 0.6664256 255 0 0
-0.1242005 -0.1593303 0.6667668 255 0 0
-0.1227498 -0.1594930 0.6674476 255 0 0
-0.1211728 -0.1594936 0.6674502 255 0 0
-0.1197175 -0.1596566 0.6681324 255 0 0
-0.1182593 -0.1598200 0.6688161 255 0 0
-0.1166789 -0.1598206 0.6688187 255 0 0
-0.1152161 -0.1599843 0.6695037 255 0 0
-0.1136342 -0.1599849 0.6695063 255 0 0
-0.1122813 -0.1603127 0.6708779 255 0 0
-0.1107528 -0.1603953 0.6712236 255 0 0
-0.1093345 -0.1606424 0.6722577 255 0 0
-0.1078566 -0.1608078 0.6729498 255 0 0
-0.1063210 -0.1608909 0.6732976 255 0 0
-0.1047838 -0.1609741 0.6736459 255 0 0
-0.1032450 -0.1610574 0.6739945 255 0 0
-0.1016525 -0.1610581 0.6739971 255 0 0
-0.1000599 -0.1610587 0.6739997 255 0 0
-0.0985178 -0.1611421 0.6743486 255 0 0
-0.0968746 -0.1610599 0.6740049 255 0 0
-0.0953309 -0.1611433 0.6743538 255 0 0
-0.0937375 -0.1611439 0.6743565 255 0 0
-0.0920966 -0.1610618 0.6740128 255 0 0
-0.0905505 -0.1611452 0.6743617 255 0 0
-0.0889570 -0.1611458 0.6743643 255 0 0
-0.0874084 -0.1612293 0.6747136 255 0 0
-0.0857699 -0.1611470 0.6743695 255 0 0
-0.0843063 -0.1613965 0.6754133 255 0 0
-0.0826678 -0.1613141 0.6750686 255 0 0
-0.0811143 -0.1613977 0.6754186 255 0 0
-0.0796002 -0.1615646 0.6761171 255 0 0
-0.0780427 -0.1616485 0.6764682 255 0 0
-0.0764048 -0.1615659 0.6761223 255 0 0
-0.0748842 -0.1617332 0.6768222 255 0 0
-0.0733605 -0.1619008 0.6775237 255 0 0
-0.0717594 -0.1619014 0.6775263 255 0 0
-0.0702672 -0.1621532 0.6785799 255 0 0
-0.0687347 -0.1623216 0.6792849 255 0 0
-0.0673037 -0.1627434 0.6810501 255 0 0
-0.0656602 -0.1626596 0.6806995 255 0 0
-0.0641514 -0.1629138 0.6817629 255 0 0
-0.0625728 -0.1629991 0.6821198 255 0 0
-0.0609609 -0.1629997 0.6821225 255 0 0
-0.0593489 -0.1630003 0.6821252 255 0 0
-0.0577970 -0.1631706 0.6828375 255 0 0
-0.0562419 -0.1633412 0.6835515 255 0 0
-0.0547120 -0.1635974 0.6846238 255 0 0
-0.0531495 -0.1637689 0.6853414 255 0 0
-0.0516378 -0.1641123 0.6867785 255 0 0
-0.0500934 -0.1643709 0.6878609 255 0 0
-0.0485697 -0.1647169 0.6893086 255 0 0
-0.0469900 -0.1648908 0.6900362 255 0 0
-0.0454549 -0.1652389 0.6914930 255 0 0
-0.0438438 -0.1653266 0.6918602 255 0 0
-0.0423427 -0.1658518 0.6940581 255 0 0
-0.0408537 -0.1664687 0.6966394 255 0 0
-0.0392907 -0.1668235 0.6981243 255 0 0
-0.0376609 -0.1669129 0.6984986 255 0 0
-0.0361062 -0.1673589 0.7003649 255 0 0
-0.0329540 -0.1681672 0.7037473 255 0 0
-0.0313918 -0.1687106 0.7060214 255 0 0
-0.0297873 -0.1690750 0.7075466 255 0 0
-0.0281455 -0.1692582 0.7083130 255 0 0
-0.3815877 -0.1706704 0.7213653 255 0 0
-0.3788423 -0.1702029 0.7193896 255 0 0
-0.3769367 -0.1701103 0.7189979 255 0 0
-0.3744177 -0.1697387 0.7174274 255 0 0
-0.3717068 -0.1692763 0.7154732 255 0 0
-0.3694126 -0.1690004 0.7143068 255 0 0
-0.3671260 -0.1687254 0.7131444 255 0 0
-0.3654419 -0.1687260 0.7131472 255 0 0
-0.3633626 -0.1685434 0.7123752 255 0 0
-0.3612878 -0.1683611 0.7116049 255 0 0
-0.3590229 -0.1680881 0.7104511 255 0 0
-0.3575388 -0.1681799 0.7108389 255 0 0
-0.3558601 -0.1681805 0.7108417 255 0 0
-0.3541814 -0.1681812 0.7108445 255 0 0
-0.3528852 -0.1683644 0.7116187 255 0 0
-0.3513953 -0.1684564 0.7120077 255 0 0
-0.3499038 -0.1685486 0.7123972 255 0 0
-0.3484107 -0.1686408 0.7127872 255 0 0
-0.3467273 -0.1686415 0.7127899 255 0 0
-0.3450440 -0.1686421 0.7127927 255 0 0
-0.3437343 -0.1688263 0.7135711 255 0 0
-0.3422353 -0.1689189 0.7139623 255 0 0
-0.3409203 -0.1691036 0.7147432 255 0 0
-0.3392324 -0.1691043 0.7147460 255 0 0
-0.3377284 -0.1691971 0.7151385 255 0 0
-0.3365901 -0.1694750 0.7163130 255 0 0
-0.3347155 -0.1693832 0.7159247 255 0 0
-0.3332067 -0.1694763 0.7163185 255 0 0
-0.3313339 -0.1693845 0.7159303 255 0 0
-0.3298232 -0.1694776 0.7163241 255 0 0
-0.3277734 -0.1692934 0.7155452 255 0 0
-0.3255519 -0.1690181 0.7143816 255 0 0
-0.3240412 -0.1691108 0.7147737 255 0 0
-0.3221775 -0.1690194 0.7143871 255 0 0
-0.3204903 -0.1690200 0.7143899 255 0 0
-0.3186295 -0.1689287 0.7140038 255 0 0
-0.3171158 -0.1690213 0.7143954 255 0 0
-0.3156005 -0.1691141 0.7147875 255 0 0
-0.3137413 -0.1690226 0.7144009 255 0 0
-0.3123944 -0.1692076 0.7151828 255 0 0
-0.3105359 -0.1691161 0.7147958 255 0 0
-0.3088477 -0.1691167 0.7147986 255 0 0
-0.3073269 -0.1692096 0.7151911 255 0 0
-0.3054712 -0.1691180 0.7148042 255 0 0
-0.3039486 -0.1692109 0.7151967 255 0 0
-0.3022594 -0.1692116 0.7151994 255 0 0
-0.3007341 -0.1693045 0.7155924 255 0 0
-0.2988810 -0.1692129 0.7152050 255 0 0
-0.2970297 -0.1691213 0.7148179 255 0 0
-0.2955025 -0.1692142 0.7152105 255 0 0
-0.2936531 -0.1691226 0.7148235 255 0 0
-0.2919647 -0.1691233 0.7148263 255 0 0
-0.2905931 -0.1693085 0.7156090 255 0 0
-0.2887453 -0.1692168 0.7152216 255 0 0
-0.2872126 -0.1693098 0.7156146 255 0 0
-0.2856782 -0.1694029 0.7160079 255 0 0
-0.2838321 -0.1693111 0.7156201 255 0 0
-0.2824501 -0.1694967 0.7164046 255 0 0
-0.2815267 -0.1699615 0.7183691 255 0 0
-0.2813709 -0.1708981 0.7223277 255 0 0
-0.2805918 -0.1714652 0.7247249 255 0 0
-0.2791885 -0.1716556 0.7255295 255 0 0
-0.2771682 -0.1714666 0.7247306 255 0 0
-0.2754563 -0.1714672 0.7247334 255 0 0
-0.2735933 -0.1713732 0.7243360 255 0 0
-0.2714328 -0.1710905 0.7231409 255 0 0
-0.2697247 -0.1710911 0.7231437 255 0 0
-0.2677214 -0.1709034 0.7223501 255 0 0
-0.2657225 -0.1707160 0.7215582 255 0 0
-0.2635832 -0.1704354 0.7203722 255 0 0
-0.2621695 -0.1706235 0.7211670 255 0 0
-0.2601800 -0.1704367 0.7203778 255 0 0
-0.2584784 -0.1704374 0.7203806 255 0 0
-0.2566358 -0.1703445 0.7199880 255 0 0
-0.2549351 -0.1703452 0.7199908 255 0 0
-0.2532344 -0.1703458 0.7199936 255 0 0
-0.2513957 -0.1702531 0.7196015 255 0 0
-0.2498329 -0.1703471 0.7199991 255 0 0
-0.2479961 -0.1702544 0.7196070 255 0 0
-0.2460263 -0.1700684 0.7188211 255 0 0
-0.2441945 -0.1699760 0.7184303 255 0 0
-0.2426303 -0.1700697 0.7188267 255 0 0
-0.2408004 -0.1699773 0.7184358 255 0 0
-0.2389724 -0.1698849 0.7180454 255 0 0
-0.2370168 -0.1696998 0.7172629 255 0 0
-0.2184826 -0.1575566 0.6659378 255 0 0
-0.2164700 -0.1572379 0.6645911 255 0 0
-0.2155552 -0.1577179 0.6666197 255 0 0
-0.2141982 -0.1578790 0.6673004 255 0 0
-0.2122979 -0.1576390 0.6662863 255 0 0
-0.2109382 -0.1577999 0.6669663 255 0 0
-0.2094691 -0.1578808 0.6673082 255 0 0
-0.2079985 -0.1579617 0.6676503 255 0 0
-0.2066316 -0.1581233 0.6683331 255 0 0
-0.2050528 -0.1581239 0.6683356 255 0 0
-0.2034740 -0.1581245 0.6683382 255 0 0
-0.2019981 -0.1582057 0.6686814 255 0 0
-0.2005206 -0.1582870 0.6690250 255 0 0
-0.1991432 -0.1584492 0.6697105 255 0 0
-0.1974603 -0.1583690 0.6693715 255 0 0
-0.1957792 -0.1582888 0.6690328 255 0 0
-0.1941987 -0.1582894 0.6690354 255 0 0
-0.1924219 -0.1581288 0.6683563 255 0 0
-0.1907458 -0.1580489 0.6680186 255 0 0
-0.1890714 -0.1579691 0.6676813 255 0 0
-0.1874941 -0.1579697 0.6676839 255 0 0
-0.1855398 -0.1576500 0.6663328 255 0 0
-0.1839656 -0.1576506 0.6663353 255 0 0
-0.1822064 -0.1574913 0.6656619 255 0 0
-0.1805422 -0.1574120 0.6653269 255 0 0
-0.1790612 -0.1574925 0.6656670 255 0 0
-0.1773087 -0.1573335 0.6649948 255 0 0
-0.1757377 -0.1573341 0.6649974 255 0 0
-0.1741666 -0.1573347 0.6650000 255 0 0
-0.1723335 -0.1570964 0.6639930 255 0 0
-0.1705922 -0.1569382 0.6633242 255 0 0
-0.1689397 -0.1568595 0.6629916 255 0 0
-0.1672044 -0.1567018 0.6623249 255 0 0
-0.1657233 -0.1567815 0.6626620 255 0 0
-0.1639094 -0.1565450 0.6616621 255 0 0
-0.1622644 -0.1564667 0.6613312 255 0 0
-0.1605401 -0.1563097 0.6606678 255 0 0
-0.1588992 -0.1562317 0.6603379 255 0 0
-0.1573391 -0.1562323 0.6603404 255 0 0
-0.1557790 -0.1562329 0.6603430 255 0 0
-0.1541413 -0.1561549 0.6600134 255 0 0
-0.1525820 -0.1561555 0.6600160 255 0 0
-0.1510226 -0.1561561 0.6600186 255 0 0
-0.1495385 -0.1562353 0.6603532 255 0 0
-0.1479039 -0.1561573 0.6600236 255 0 0
-0.1464181 -0.1562365 0.6603583 255 0 0
-0.1450039 -0.1563945 0.6610262 255 0 0
-0.1434421 -0.1563951 0.6610287 255 0 0
-0.1419518 -0.1564745 0.6613644 255 0 0
-0.1405309 -0.1566330 0.6620343 255 0 0
-0.1389667 -0.1566336 0.6620369 255 0 0
-0.1375413 -0.1567925 0.6627082 255 0 0
-0.1361130 -0.1569516 0.6633807 255 0 0
-0.1346136 -0.1570316 0.6637189 255 0 0
-0.1332476 -0.1572708 0.6647301 255 0 0
-0.1317438 -0.1573512 0.6650695 255 0 0
-0.1301724 -0.1573517 0.6650721 255 0 0
-0.1286662 -0.1574322 0.6654119 255 0 0
-0.1272230 -0.1575926 0.6660900 255 0 0
-0.1256492 -0.1575932 0.6660925 255 0 0
-0.1242646 -0.1578341 0.6671110 255 0 0
-0.1227508 -0.1579150 0.6674529 255 0 0
-0.1212971 -0.1580764 0.6681350 255 0 0
-0.1197794 -0.1581576 0.6684780 255 0 0
-0.1182602 -0.1582388 0.6688213 255 0 0
-0.1167394 -0.1583201 0.6691650 255 0 0
-0.1152758 -0.1584823 0.6698506 255 0 0
-0.1138092 -0.1586449 0.6705377 255 0 0
-0.1122822 -0.1587266 0.6708831 255 0 0
-0.1108670 -0.1589710 0.6719162 255 0 0
-0.1093354 -0.1590531 0.6722630 255 0 0
-0.1078574 -0.1592168 0.6729551 255 0 0
-0.1063764 -0.1593809 0.6736486 255 0 0
-0.1047846 -0.1593815 0.6736512 255 0 0
-0.1032459 -0.1594640 0.6739998 255 0 0
-0.1017055 -0.1595465 0.6743487 255 0 0
-0.1000606 -0.1594652 0.6740050 255 0 0
-0.0985186 -0.1595478 0.6743539 255 0 0
-0.0968256 -0.1593846 0.6736643 255 0 0
-0.0953317 -0.1595490 0.6743591 255 0 0
-0.0937382 -0.1595496 0.6743617 255 0 0
-0.0921921 -0.1596323 0.6747110 255 0 0
-0.0905977 -0.1596329 0.6747137 255 0 0
-0.0889120 -0.1594695 0.6740233 255 0 0
-0.0872744 -0.1593883 0.6736799 255 0 0
-0.0857265 -0.1594708 0.6740285 255 0 0
-0.0842203 -0.1596354 0.6747241 255 0 0
-0.0826259 -0.1596360 0.6747267 255 0 0
-0.0811149 -0.1598009 0.6754238 255 0 0
-0.0795598 -0.1598838 0.6757742 255 0 0
-0.0779228 -0.1598021 0.6754290 255 0 0
-0.0763660 -0.1598850 0.6757795 255 0 0
-0.0746922 -0.1597212 0.6750869 255 0 0
-0.0732854 -0.1601336 0.6768302 255 0 0
-0.0717600 -0.1602996 0.6775317 255 0 0
-0.0701952 -0.1603830 0.6778842 255 0 0
-0.0687353 -0.1607157 0.6792903 255 0 0
-0.0671996 -0.1608828 0.6799967 255 0 0
-0.0655248 -0.1607169 0.6792955 255 0 0
-0.0639857 -0.1608841 0.6800020 255 0 0
-0.0623788 -0.1608847 0.6800047 255 0 0
-0.0608664 -0.1611358 0.6810659 255 0 0
-0.0592570 -0.1611364 0.6810685 255 0 0
-0.0576774 -0.1612207 0.6814248 255 0 0
-0.0560962 -0.1613051 0.6817814 255 0 0
-0.0545701 -0.1615575 0.6828482 255 0 0
-0.0530668 -0.1618950 0.6842749 255 0 0
-0.0515034 -0.1620646 0.6849917 255 0 0
-0.0499107 -0.1621499 0.6853521 255 0 0
-0.0484428 -0.1626601 0.6875087 255 0 0
-0.0468426 -0.1627460 0.6878717 255 0 0
-0.0453358 -0.1631742 0.6896816 255 0 0
-0.0437980 -0.1635185 0.6911370 255 0 0
-0.0422314 -0.1637779 0.6922332 255 0 0
-0.0407674 -0.1644725 0.6951690 255 0 0
-0.0391868 -0.1647349 0.6962780 255 0 0
-0.0376412 -0.1651736 0.6981325 255 0 0
-0.0360872 -0.1656147 0.6999968 255 0 0
-0.0328661 -0.1660582 0.7018712 255 0 0
-0.0313078 -0.1665933 0.7041331 255 0 0
-0.0297715 -0.1673120 0.7071708 255 0 0
-0.0281305 -0.1674932 0.7079365 255 0 0
-0.3820110 -0.1691510 0.7221654 255 0 0
-0.3792614 -0.1686872 0.7201853 255 0 0
-0.3771465 -0.1685028 0.7193980 255 0 0
-0.3746256 -0.1681345 0.7178257 255 0 0
-0.3723191 -0.1678595 0.7166517 255 0 0
-0.3694155 -0.1673116 0.7143124 255 0 0
-0.3673285 -0.1671302 0.7135379 255 0 0
-0.3656436 -0.1671308 0.7135407 255 0 0
-0.3633654 -0.1668591 0.7123807 255 0 0
-0.3614868 -0.1667692 0.7119968 255 0 0
-0.3592203 -0.1664987 0.7108418 255 0 0
-0.3575416 -0.1664993 0.7108445 255 0 0
-0.3558629 -0.1665000 0.7108473 255 0 0
-0.3543763 -0.1665909 0.7112355 255 0 0
-0.3528880 -0.1666820 0.7116243 255 0 0
-0.3512075 -0.1666826 0.7116270 255 0 0
-0.3499066 -0.1668643 0.7124028 255 0 0
-0.3482242 -0.1668650 0.7124056 255 0 0
-0.3467301 -0.1669563 0.7127955 255 0 0
-0.3450467 -0.1669569 0.7127982 255 0 0
-0.3435501 -0.1670484 0.7131886 255 0 0
-0.3422380 -0.1672309 0.7139679 255 0 0
-0.3409230 -0.1674138 0.7147488 255 0 0
-0.3392350 -0.1674145 0.7147516 255 0 0
-0.3373631 -0.1673239 0.7143650 255 0 0
-0.3362254 -0.1675984 0.7155370 255 0 0
-0.3343532 -0.1675077 0.7151496 255 0 0
-0.3328457 -0.1675997 0.7155426 255 0 0
-0.3309752 -0.1675090 0.7151552 255 0 0
-0.3291068 -0.1674184 0.7147682 255 0 0
-0.3270635 -0.1672374 0.7139956 255 0 0
-0.3252002 -0.1671470 0.7136099 255 0 0
-0.3236910 -0.1672387 0.7140011 255 0 0
-0.3221800 -0.1673304 0.7143927 255 0 0
-0.3203183 -0.1672400 0.7140066 255 0 0
-0.3186320 -0.1672406 0.7140094 255 0 0
-0.3172911 -0.1674235 0.7147903 255 0 0
-0.3156030 -0.1674242 0.7147931 255 0 0
-0.3139147 -0.1674248 0.7147959 255 0 0
-0.3120565 -0.1673343 0.7144093 255 0 0
-0.3105383 -0.1674261 0.7148014 255 0 0
-0.3090185 -0.1675181 0.7151939 255 0 0
-0.3071619 -0.1674274 0.7148070 255 0 0
-0.3054736 -0.1674281 0.7148097 255 0 0
-0.3041168 -0.1676114 0.7155924 255 0 0
-0.3020970 -0.1674294 0.7148153 255 0 0
-0.3004087 -0.1674300 0.7148181 255 0 0
-0.2987204 -0.1674307 0.7148208 255 0 0
-0.2968703 -0.1673401 0.7144343 255 0 0
-0.2953438 -0.1674320 0.7148263 255 0 0
-0.2936554 -0.1674326 0.7148291 255 0 0
-0.2921262 -0.1675246 0.7152217 255 0 0
-0.2902786 -0.1674339 0.7148346 255 0 0
-0.2890628 -0.1677088 0.7160080 255 0 0
-0.2872149 -0.1676179 0.7156202 255 0 0
-0.2855246 -0.1676185 0.7156229 255 0 0
-0.2841444 -0.1678023 0.7164074 255 0 0
-0.2832257 -0.1682624 0.7183719 255 0 0
-0.2829234 -0.1690965 0.7219329 255 0 0
-0.2812144 -0.1701272 0.7263330 255 0 0
-0.2796536 -0.1702221 0.7267383 255 0 0
-0.2782454 -0.1704116 0.7275473 255 0 0
-0.2763736 -0.1703178 0.7271467 255 0 0
-0.2742011 -0.1700363 0.7259451 255 0 0
-0.2720348 -0.1697551 0.7247447 255 0 0
-0.2704723 -0.1698496 0.7251481 255 0 0
-0.2687595 -0.1698503 0.7251509 255 0 0
-0.2663105 -0.1693828 0.7231550 255 0 0
-0.2641655 -0.1691038 0.7219638 255 0 0
-0.2623158 -0.1690114 0.7215694 255 0 0
-0.2607548 -0.1691051 0.7219693 255 0 0
-0.2589069 -0.1690127 0.7215750 255 0 0
-0.2569199 -0.1688276 0.7207848 255 0 0
-0.2552173 -0.1688283 0.7207876 255 0 0
-0.2535147 -0.1688289 0.7207904 255 0 0
-0.2518120 -0.1688296 0.7207932 255 0 0
-0.2496978 -0.1685524 0.7196099 255 0 0
-0.2479980 -0.1685531 0.7196127 255 0 0
-0.2461631 -0.1684613 0.7192209 255 0 0
-0.2444642 -0.1684619 0.7192236 255 0 0
-0.2424994 -0.1682781 0.7184387 255 0 0
-0.2410663 -0.1684632 0.7192292 255 0 0
-0.2398934 -0.1688342 0.7208128 255 0 0
-0.2198343 -0.1558234 0.6652651 255 0 0
-0.2178210 -0.1555085 0.6639211 255 0 0
-0.2162526 -0.1555092 0.6639237 255 0 0
-0.2152288 -0.1559042 0.6656103 255 0 0
-0.2134399 -0.1557468 0.6649382 255 0 0
-0.2122996 -0.1560638 0.6662915 255 0 0
-0.2106186 -0.1559852 0.6659559 255 0 0
-0.2091516 -0.1560650 0.6662967 255 0 0
-0.2075776 -0.1560656 0.6662993 255 0 0
-0.2060036 -0.1560662 0.6663018 255 0 0
-0.2045335 -0.1561461 0.6666430 255 0 0
-0.2031651 -0.1563056 0.6673237 255 0 0
-0.2017940 -0.1564653 0.6680058 255 0 0
-0.2003179 -0.1565456 0.6683486 255 0 0
-0.1988403 -0.1566260 0.6686919 255 0 0
-0.1970598 -0.1564671 0.6680136 255 0 0
-0.1955812 -0.1565474 0.6683564 255 0 0
-0.1940023 -0.1565480 0.6683590 255 0 0
-0.1924234 -0.1565486 0.6683615 255 0 0
-0.1905533 -0.1563104 0.6673444 255 0 0
-0.1889767 -0.1563110 0.6673470 255 0 0
-0.1874002 -0.1563116 0.6673495 255 0 0
-0.1857292 -0.1562327 0.6670129 255 0 0
-0.1838737 -0.1559961 0.6660023 255 0 0
-0.1823929 -0.1560759 0.6663432 255 0 0
-0.1807269 -0.1559972 0.6660075 255 0 0
-0.1790626 -0.1559187 0.6656722 255 0 0
-0.1774000 -0.1558403 0.6653373 255 0 0
-0.1759174 -0.1559199 0.6656774 255 0 0
-0.1743447 -0.1559206 0.6656800 255 0 0
-0.1725095 -0.1556842 0.6646709 255 0 0
-0.1706798 -0.1554486 0.6636649 255 0 0
-0.1691119 -0.1554492 0.6636675 255 0 0
-0.1672901 -0.1552143 0.6626646 255 0 0
-0.1656409 -0.1551365 0.6623327 255 0 0
-0.1639107 -0.1549807 0.6616673 255 0 0
-0.1622656 -0.1549031 0.6613364 255 0 0
-0.1606222 -0.1548257 0.6610057 255 0 0
-0.1590606 -0.1548263 0.6610083 255 0 0
-0.1573404 -0.1546711 0.6603456 255 0 0
-0.1558587 -0.1547496 0.6606807 255 0 0
-0.1542201 -0.1546723 0.6603507 255 0 0
-0.1526600 -0.1546729 0.6603533 255 0 0
-0.1510238 -0.1545957 0.6600237 255 0 0
-0.1495396 -0.1546741 0.6603584 255 0 0
-0.1479050 -0.1545969 0.6600288 255 0 0
-0.1464193 -0.1546753 0.6603636 255 0 0
-0.1449320 -0.1547538 0.6606986 255 0 0
-0.1433710 -0.1547544 0.6607012 255 0 0
-0.1418814 -0.1548329 0.6610365 255 0 0
-0.1403903 -0.1549115 0.6613722 255 0 0
-0.1389678 -0.1550685 0.6620421 255 0 0
-0.1376119 -0.1553041 0.6630482 255 0 0
-0.1360452 -0.1553047 0.6630508 255 0 0
-0.1346828 -0.1555411 0.6640599 255 0 0
-0.1331138 -0.1555417 0.6640625 255 0 0
-0.1316781 -0.1556999 0.6647379 255 0 0
-0.1302394 -0.1558584 0.6654146 255 0 0
-0.1287325 -0.1559381 0.6657547 255 0 0
-0.1272886 -0.1560970 0.6664335 255 0 0
-0.1257140 -0.1560976 0.6664360 255 0 0
-0.1242656 -0.1562569 0.6671162 255 0 0
-0.1228142 -0.1564166 0.6677977 255 0 0
-0.1212363 -0.1564172 0.6678003 255 0 0
-0.1197194 -0.1564974 0.6681429 255 0 0
-0.1182611 -0.1566576 0.6688266 255 0 0
-0.1167403 -0.1567380 0.6691702 255 0 0
-0.1153356 -0.1569788 0.6701980 255 0 0
-0.1138101 -0.1570596 0.6705430 255 0 0
-0.1124556 -0.1573819 0.6719189 255 0 0
-0.1109247 -0.1574631 0.6722656 255 0 0
-0.1093923 -0.1575444 0.6726128 255 0 0
-0.1079690 -0.1577876 0.6736512 255 0 0
-0.1064319 -0.1578693 0.6739998 255 0 0
-0.1048931 -0.1579510 0.6743487 255 0 0
-0.1033528 -0.1580328 0.6746981 255 0 0
-0.1017586 -0.1580334 0.6747007 255 0 0
-0.1001643 -0.1580341 0.6747033 255 0 0
-0.0985194 -0.1579535 0.6743592 255 0 0
-0.0968761 -0.1578730 0.6740155 255 0 0
-0.0952835 -0.1578736 0.6740181 255 0 0
-0.0936427 -0.1577931 0.6736747 255 0 0
-0.0920981 -0.1578748 0.6740233 255 0 0
-0.0904589 -0.1577944 0.6736799 255 0 0
-0.0889127 -0.1578760 0.6740286 255 0 0
-0.0873200 -0.1578766 0.6740312 255 0 0
-0.0857272 -0.1578772 0.6740338 255 0 0
-0.0841345 -0.1578778 0.6740364 255 0 0
-0.0825841 -0.1579596 0.6743853 255 0 0
-0.0810321 -0.1580414 0.6747346 255 0 0
-0.0794377 -0.1580420 0.6747372 255 0 0
-0.0779234 -0.1582053 0.6754343 255 0 0
-0.0763273 -0.1582059 0.6754369 255 0 0
-0.0747312 -0.1582065 0.6754395 255 0 0
-0.0731727 -0.1582886 0.6757900 255 0 0
-0.0716496 -0.1584524 0.6764893 255 0 0
-0.0700510 -0.1584530 0.6764919 255 0 0
-0.0685938 -0.1587810 0.6778921 255 0 0
-0.0671305 -0.1591103 0.6792982 255 0 0
-0.0655592 -0.1591933 0.6796526 255 0 0
-0.0639531 -0.1591939 0.6796552 255 0 0
-0.0623147 -0.1591122 0.6793061 255 0 0
-0.0607408 -0.1591952 0.6796605 255 0 0
-0.0591960 -0.1593608 0.6803678 255 0 0
-0.0575882 -0.1593615 0.6803705 255 0 0
-0.0560094 -0.1594447 0.6807259 255 0 0
-0.0544855 -0.1596938 0.6817893 255 0 0
-0.0529292 -0.1598605 0.6825010 255 0 0
-0.0513431 -0.1599443 0.6828588 255 0 0
-0.0498330 -0.1602785 0.6842855 255 0 0
-0.0482914 -0.1605302 0.6853601 255 0 0
-0.0467695 -0.1608668 0.6867972 255 0 0
-0.0452648 -0.1612894 0.6886015 255 0 0
-0.0437753 -0.1617993 0.6907787 255 0 0
-0.0422540 -0.1622269 0.6926039 255 0 0
-0.0407031 -0.1625707 0.6940717 255 0 0
-0.0391249 -0.1628296 0.6951771 255 0 0
-0.0375815 -0.1632626 0.6970257 255 0 0
-0.0344882 -0.1642225 0.7011241 255 0 0
-0.0329016 -0.1645748 0.7026281 255 0 0
-0.0313081 -0.1649286 0.7041386 255 0 0
-0.0296917 -0.1651951 0.7052765 255 0 0
-0.0281156 -0.1657301 0.7075604 255 0 0
-0.3822245 -0.1675359 0.7225690 255 0 0
-0.3792644 -0.1669845 0.7201909 255 0 0
-0.3771494 -0.1668020 0.7194036 255 0 0
-0.3748337 -0.1665286 0.7182245 255 0 0
-0.3725256 -0.1662561 0.7170492 255 0 0
-0.3702250 -0.1659844 0.7158777 255 0 0
-0.3675314 -0.1655333 0.7139320 255 0 0
-0.3660447 -0.1656241 0.7143236 255 0 0
-0.3637634 -0.1653545 0.7131611 255 0 0
-0.3614896 -0.1650859 0.7120023 255 0 0
-0.3590285 -0.1647288 0.7104623 255 0 0
-0.3575444 -0.1648187 0.7108501 255 0 0
-0.3556729 -0.1647301 0.7104678 255 0 0
-0.3539951 -0.1647307 0.7104705 255 0 0
-0.3526994 -0.1649100 0.7112439 255 0 0
-0.3508295 -0.1648213 0.7108611 255 0 0
-0.3495296 -0.1650008 0.7116354 255 0 0
-0.3478490 -0.1650014 0.7116381 255 0 0
-0.3461684 -0.1650021 0.7116408 255 0 0
-0.3444878 -0.1650027 0.7116436 255 0 0
-0.3429932 -0.1650929 0.7120327 255 0 0
-0.3416826 -0.1652730 0.7128094 255 0 0
-0.3398146 -0.1651839 0.7124250 255 0 0
-0.3383158 -0.1652743 0.7128149 255 0 0
-0.3369987 -0.1654548 0.7135934 255 0 0
-0.3349502 -0.1652762 0.7128232 255 0 0
-0.3327243 -0.1650078 0.7116656 255 0 0
-0.3310436 -0.1650085 0.7116684 255 0 0
-0.3286495 -0.1646517 0.7101299 255 0 0
-0.3266187 -0.1644743 0.7093645 255 0 0
-0.3258245 -0.1649209 0.7112907 255 0 0
-0.3243205 -0.1650110 0.7116795 255 0 0
-0.3226397 -0.1650117 0.7116822 255 0 0
-0.3211331 -0.1651019 0.7120713 255 0 0
-0.3194514 -0.1651025 0.7120741 255 0 0
-0.3181150 -0.1652826 0.7128508 255 0 0
-0.3164314 -0.1652832 0.7128536 255 0 0
-0.3150903 -0.1654638 0.7136320 255 0 0
-0.3132344 -0.1653744 0.7132468 255 0 0
-0.3115499 -0.1653751 0.7132496 255 0 0
-0.3102027 -0.1655558 0.7140288 255 0 0
-0.3085163 -0.1655564 0.7140316 255 0 0
-0.3068298 -0.1655570 0.7140343 255 0 0
-0.3051434 -0.1655577 0.7140371 255 0 0
-0.3036222 -0.1656485 0.7144287 255 0 0
-0.3016063 -0.1654689 0.7136541 255 0 0
-0.2999207 -0.1654695 0.7136569 255 0 0
-0.2982352 -0.1654702 0.7136596 255 0 0
-0.2968726 -0.1656510 0.7144398 255 0 0
-0.2950245 -0.1655615 0.7140537 255 0 0
-0.2934977 -0.1656523 0.7144454 255 0 0
-0.2918103 -0.1656530 0.7144482 255 0 0
-0.2899649 -0.1655634 0.7140620 255 0 0
-0.2884353 -0.1656543 0.7144537 255 0 0
-0.2872171 -0.1659260 0.7156258 255 0 0
-0.2856827 -0.1660172 0.7160192 255 0 0
-0.2841466 -0.1661086 0.7164130 255 0 0
-0.2849445 -0.1675735 0.7227314 255 0 0
-0.2829322 -0.1684093 0.7263359 255 0 0
-0.2815284 -0.1685966 0.7271439 255 0 0
-0.2802769 -0.1688781 0.7283580 255 0 0
-0.2787113 -0.1689726 0.7287655 255 0 0
-0.2766825 -0.1687857 0.7279595 255 0 0
-0.2746593 -0.1685999 0.7271581 255 0 0
-0.2723378 -0.1682276 0.7255521 255 0 0
-0.2707738 -0.1683213 0.7259564 255 0 0
-0.2689102 -0.1682288 0.7255577 255 0 0
-0.2667538 -0.1679508 0.7243586 255 0 0
-0.2646045 -0.1676737 0.7231634 255 0 0
-0.2630413 -0.1677669 0.7235651 255 0 0
-0.2610442 -0.1675826 0.7227706 255 0 0
-0.2589090 -0.1673067 0.7215807 255 0 0
-0.2573461 -0.1673995 0.7219806 255 0 0
-0.2559224 -0.1675846 0.7227790 255 0 0
-0.2540751 -0.1674930 0.7223838 255 0 0
-0.2520911 -0.1673093 0.7215918 255 0 0
-0.2502489 -0.1672180 0.7211979 255 0 0
-0.2489559 -0.1674949 0.7223921 255 0 0
-0.2471134 -0.1674033 0.7219973 255 0 0
-0.2451381 -0.1672199 0.7212062 255 0 0
-0.2437024 -0.1674046 0.7220029 255 0 0
-0.2419969 -0.1674053 0.7220057 255 0 0
-0.2209593 -0.1539377 0.6639212 255 0 0
-0.2189478 -0.1536273 0.6625825 255 0 0
-0.2171633 -0.1534729 0.6619166 255 0 0
-0.2158175 -0.1536285 0.6625877 255 0 0
-0.2149035 -0.1540961 0.6646041 255 0 0
-0.2131176 -0.1539407 0.6639341 255 0 0
-0.2123012 -0.1544885 0.6662968 255 0 0
-0.2104067 -0.1542541 0.6652858 255 0 0
-0.2087293 -0.1541765 0.6649512 255 0 0
-0.2073686 -0.1543336 0.6656284 255 0 0
-0.2059007 -0.1544125 0.6659688 255 0 0
-0.2043274 -0.1544131 0.6659714 255 0 0
-0.2027542 -0.1544137 0.6659740 255 0 0
-0.2011810 -0.1544143 0.6659766 255 0 0
-0.1998105 -0.1545718 0.6666559 255 0 0
-0.1983365 -0.1546510 0.6669974 255 0 0
-0.1967608 -0.1546516 0.6670001 255 0 0
-0.1953837 -0.1548096 0.6676814 255 0 0
-0.1939051 -0.1548890 0.6680239 255 0 0
-0.1922291 -0.1548108 0.6676866 255 0 0
-0.1907488 -0.1548902 0.6680291 255 0 0
-0.1890744 -0.1548120 0.6676918 255 0 0
-0.1873064 -0.1546552 0.6670156 255 0 0
-0.1858251 -0.1547344 0.6673574 255 0 0
-0.1840620 -0.1545784 0.6666843 255 0 0
-0.1823943 -0.1545005 0.6663484 255 0 0
-0.1809120 -0.1545796 0.6666895 255 0 0
-0.1791549 -0.1544233 0.6660153 255 0 0
-0.1775815 -0.1544238 0.6660178 255 0 0
-0.1758295 -0.1542679 0.6653451 255 0 0
-0.1741693 -0.1541903 0.6650104 255 0 0
-0.1725108 -0.1541128 0.6646761 255 0 0
-0.1708540 -0.1540353 0.6643422 255 0 0
-0.1690277 -0.1538023 0.6633372 255 0 0
-0.1675453 -0.1538807 0.6636753 255 0 0
-0.1658096 -0.1537258 0.6630072 255 0 0
-0.1640774 -0.1535712 0.6623404 255 0 0
-0.1624306 -0.1534943 0.6620088 255 0 0
-0.1607855 -0.1534175 0.6616776 255 0 0
-0.1591420 -0.1533408 0.6613467 255 0 0
-0.1574208 -0.1531870 0.6606833 255 0 0
-0.1558599 -0.1531876 0.6606858 255 0 0
-0.1542990 -0.1531882 0.6606884 255 0 0
-0.1527380 -0.1531888 0.6606910 255 0 0
-0.1511771 -0.1531894 0.6606935 255 0 0
-0.1496161 -0.1531899 0.6606961 255 0 0
-0.1481297 -0.1532677 0.6610314 255 0 0
-0.1465679 -0.1532683 0.6610340 255 0 0
-0.1449331 -0.1531917 0.6607037 255 0 0
-0.1433721 -0.1531923 0.6607063 255 0 0
-0.1419540 -0.1533473 0.6613748 255 0 0
-0.1404622 -0.1534252 0.6617109 255 0 0
-0.1390390 -0.1535807 0.6623815 255 0 0
-0.1376825 -0.1538142 0.6633886 255 0 0
-0.1361839 -0.1538926 0.6637267 255 0 0
-0.1346839 -0.1539711 0.6640652 255 0 0
-0.1332497 -0.1541277 0.6647405 255 0 0
-0.1318127 -0.1542846 0.6654172 255 0 0
-0.1302405 -0.1542852 0.6654198 255 0 0
-0.1287988 -0.1544424 0.6660978 255 0 0
-0.1272896 -0.1545214 0.6664387 255 0 0
-0.1257789 -0.1546005 0.6667798 255 0 0
-0.1243930 -0.1548372 0.6678004 255 0 0
-0.1228777 -0.1549166 0.6681430 255 0 0
-0.1212373 -0.1548383 0.6678055 255 0 0
-0.1197813 -0.1549967 0.6684884 255 0 0
-0.1183223 -0.1551554 0.6691728 255 0 0
-0.1168007 -0.1552351 0.6695168 255 0 0
-0.1153365 -0.1553943 0.6702032 255 0 0
-0.1138692 -0.1555538 0.6708910 255 0 0
-0.1123989 -0.1557136 0.6715803 255 0 0
-0.1109256 -0.1558737 0.6722710 255 0 0
-0.1093931 -0.1559542 0.6726181 255 0 0
-0.1079698 -0.1561950 0.6736565 255 0 0
-0.1064327 -0.1562758 0.6740052 255 0 0
-0.1048940 -0.1563567 0.6743540 255 0 0
-0.1033536 -0.1564377 0.6747034 255 0 0
-0.1017071 -0.1563579 0.6743593 255 0 0
-0.1002166 -0.1565194 0.6750557 255 0 0
-0.0985201 -0.1563591 0.6743644 255 0 0
-0.0968769 -0.1562794 0.6740208 255 0 0
-0.0953332 -0.1563603 0.6743697 255 0 0
-0.0937397 -0.1563609 0.6743723 255 0 0
-0.0920515 -0.1562010 0.6736826 255 0 0
-0.0905061 -0.1562818 0.6740312 255 0 0
-0.0888221 -0.1561221 0.6733422 255 0 0
-0.0872310 -0.1561227 0.6733448 255 0 0
-0.0856839 -0.1562034 0.6736931 255 0 0
-0.0840919 -0.1562041 0.6736957 255 0 0
-0.0824576 -0.1561245 0.6733526 255 0 0
-0.0810328 -0.1564462 0.6747400 255 0 0
-0.0794383 -0.1564468 0.6747425 255 0 0
-0.0778439 -0.1564474 0.6747451 255 0 0
-0.0763279 -0.1566090 0.6754423 255 0 0
-0.0747318 -0.1566096 0.6754449 255 0 0
-0.0730605 -0.1564492 0.6747530 255 0 0
-0.0715395 -0.1566108 0.6754501 255 0 0
-0.0700154 -0.1567728 0.6761487 255 0 0
-0.0685235 -0.1570161 0.6771979 255 0 0
-0.0669924 -0.1571789 0.6779001 255 0 0
-0.0654580 -0.1573420 0.6786036 255 0 0
-0.0638544 -0.1573426 0.6786063 255 0 0
-0.0622830 -0.1574246 0.6789600 255 0 0
-0.0607099 -0.1575067 0.6793140 255 0 0
-0.0591658 -0.1576706 0.6800206 255 0 0
-0.0575886 -0.1577529 0.6803758 255 0 0
-0.0560098 -0.1578353 0.6807313 255 0 0
-0.0544293 -0.1579178 0.6810871 255 0 0
-0.0529022 -0.1581647 0.6821517 255 0 0
-0.0512901 -0.1581653 0.6821544 255 0 0
-0.0497815 -0.1584954 0.6835781 255 0 0
-0.0482414 -0.1587441 0.6846505 255 0 0
-0.0467209 -0.1590766 0.6860846 255 0 0
-0.0451704 -0.1593270 0.6871648 255 0 0
-0.0437066 -0.1599137 0.6896951 255 0 0
-0.0421209 -0.1600826 0.6904234 255 0 0
-0.0406389 -0.1606748 0.6929777 255 0 0
-0.0390218 -0.1607603 0.6933464 255 0 0
-0.0374426 -0.1610161 0.6944496 255 0 0
-0.0359918 -0.1618732 0.6981462 255 0 0
-0.0344518 -0.1623921 0.7003840 255 0 0
-0.0313251 -0.1633515 0.7045221 255 0 0
-0.0296601 -0.1633521 0.7045248 255 0 0
-0.0281006 -0.1639689 0.7071847 255 0 0
-0.3805501 -0.1650998 0.7194037 255 0 0
-0.3790592 -0.1651911 0.7198013 255 0 0
-0.3771524 -0.1651011 0.7194093 255 0 0
-0.3742218 -0.1645601 0.7170520 255 0 0
-0.3727323 -0.1646508 0.7174470 255 0 0
-0.3702279 -0.1642919 0.7158833 255 0 0
-0.3677345 -0.1639346 0.7143264 255 0 0
-0.3660476 -0.1639353 0.7143292 255 0 0
-0.3637663 -0.1636685 0.7131667 255 0 0
-0.3614924 -0.1634025 0.7120079 255 0 0
-0.3596158 -0.1633145 0.7116244 255 0 0
-0.3573535 -0.1630497 0.7104706 255 0 0
-0.3554831 -0.1629621 0.7100887 255 0 0
-0.3541897 -0.1631394 0.7108612 255 0 0
-0.3527021 -0.1632285 0.7112495 255 0 0
-0.3508322 -0.1631406 0.7108667 255 0 0
-0.3493428 -0.1632297 0.7112549 255 0 0
-0.3478517 -0.1633189 0.7116436 255 0 0
-0.3463590 -0.1634082 0.7120327 255 0 0
-0.3444905 -0.1633202 0.7116492 255 0 0
-0.3428098 -0.1633208 0.7116519 255 0 0
-0.3413143 -0.1634101 0.7120410 255 0 0
-0.3398172 -0.1634995 0.7124305 255 0 0
-0.3366730 -0.1627934 0.7093536 255 0 0
-0.3314130 -0.1610520 0.7017657 255 0 0
-0.3297557 -0.1610526 0.7017684 255 0 0
-0.3280983 -0.1610532 0.7017711 255 0 0
-0.3262664 -0.1609677 0.7013986 255 0 0
-0.3242631 -0.1607964 0.7006519 255 0 0
-0.3226084 -0.1607970 0.7006546 255 0 0
-0.3211251 -0.1608836 0.7010319 255 0 0
-0.3201539 -0.1612289 0.7025365 255 0 0
-0.3176440 -0.1607989 0.7006627 255 0 0
-0.3158205 -0.1607136 0.7002914 255 0 0
-0.3151762 -0.1612308 0.7025446 255 0 0
-0.3138532 -0.1614043 0.7033007 255 0 0
-0.3111911 -0.1608873 0.7010481 255 0 0
-0.3097008 -0.1609740 0.7014257 255 0 0
-0.3090358 -0.1614928 0.7036862 255 0 0
-0.3075388 -0.1615800 0.7040666 255 0 0
-0.3052206 -0.1612345 0.7025610 255 0 0
-0.3038868 -0.1614080 0.7033171 255 0 0
-0.3043471 -0.1625417 0.7082567 255 0 0
-0.3028378 -0.1626301 0.7086421 255 0 0
-0.3000295 -0.1620180 0.7059750 255 0 0
-0.2986836 -0.1621932 0.7067385 255 0 0
-0.2984616 -0.1629842 0.7101850 255 0 0
-0.2972671 -0.1632500 0.7113431 255 0 0
-0.2957474 -0.1633392 0.7117319 255 0 0
-0.2942260 -0.1634285 0.7121210 255 0 0
-0.2930213 -0.1636957 0.7132855 255 0 0
-0.2913365 -0.1636964 0.7132882 255 0 0
-0.2898094 -0.1637861 0.7136791 255 0 0
-0.2882806 -0.1638759 0.7140704 255 0 0
-0.2870628 -0.1641446 0.7152412 255 0 0
-0.2856849 -0.1643244 0.7160248 255 0 0
-0.2841488 -0.1644148 0.7164186 255 0 0
-0.2849656 -0.1668762 0.7271440 255 0 0
-0.2838776 -0.1672477 0.7287628 255 0 0
-0.2821562 -0.1672484 0.7287656 255 0 0
-0.2807468 -0.1674350 0.7295791 255 0 0
-0.2790235 -0.1674357 0.7295820 255 0 0
-0.2769921 -0.1672503 0.7287741 255 0 0
-0.2751179 -0.1671581 0.7283722 255 0 0
-0.2730953 -0.1669739 0.7275699 255 0 0
-0.2712262 -0.1668820 0.7271694 255 0 0
-0.2692102 -0.1666979 0.7263669 255 0 0
-0.2674944 -0.1666985 0.7263697 255 0 0
-0.2653379 -0.1664227 0.7251679 255 0 0
-0.2634794 -0.1663314 0.7247701 255 0 0
-0.2617674 -0.1663320 0.7247729 255 0 0
-0.2599117 -0.1662408 0.7243754 255 0 0
-0.2580582 -0.1661497 0.7239785 255 0 0
-0.2563481 -0.1661504 0.7239813 255 0 0
-0.2546380 -0.1661510 0.7239841 255 0 0
-0.2526489 -0.1659685 0.7231887 255 0 0
-0.2508024 -0.1658777 0.7227930 255 0 0
-0.2492323 -0.1659698 0.7231943 255 0 0
-0.2476606 -0.1660619 0.7235960 255 0 0
-0.2459513 -0.1660626 0.7235988 255 0 0
-0.2443768 -0.1661549 0.7240010 255 0 0
-0.2430690 -0.1664311 0.7252045 255 0 0
-0.2205147 -0.1520602 0.6625851 255 0 0
-0.2189495 -0.1520608 0.6625877 255 0 0
-0.2178244 -0.1523692 0.6639315 255 0 0
-0.2160373 -0.1522157 0.6632627 255 0 0
-0.2143622 -0.1521394 0.6629302 255 0 0
-0.2126887 -0.1520632 0.6625980 255 0 0
-0.2115509 -0.1523716 0.6639418 255 0 0
-0.2097701 -0.1522181 0.6632730 255 0 0
-0.2083086 -0.1522957 0.6636111 255 0 0
-0.2070551 -0.1525277 0.6646221 255 0 0
-0.2055892 -0.1526056 0.6649615 255 0 0
-0.2040184 -0.1526062 0.6649641 255 0 0
-0.2024475 -0.1526068 0.6649667 255 0 0
-0.2009785 -0.1526848 0.6653065 255 0 0
-0.1995080 -0.1527628 0.6656466 255 0 0
-0.1981366 -0.1529186 0.6663252 255 0 0
-0.1965625 -0.1529192 0.6663278 255 0 0
-0.1951866 -0.1530752 0.6670078 255 0 0
-0.1936109 -0.1530758 0.6670104 255 0 0
-0.1920352 -0.1530764 0.6670130 255 0 0
-0.1906532 -0.1532328 0.6676944 255 0 0
-0.1888836 -0.1530776 0.6670182 255 0 0
-0.1874032 -0.1531560 0.6673600 255 0 0
-0.1857321 -0.1530788 0.6670234 255 0 0
-0.1842500 -0.1531572 0.6673652 255 0 0
-0.1824884 -0.1530028 0.6666921 255 0 0
-0.1809134 -0.1530034 0.6666947 255 0 0
-0.1792473 -0.1529263 0.6663588 255 0 0
-0.1776731 -0.1529268 0.6663613 255 0 0
-0.1760094 -0.1528498 0.6660256 255 0 0
-0.1742590 -0.1526954 0.6653529 255 0 0
-0.1726871 -0.1526960 0.6653554 255 0 0
-0.1709419 -0.1525419 0.6646839 255 0 0
-0.1692858 -0.1524653 0.6643500 255 0 0
-0.1674619 -0.1522346 0.6633449 255 0 0
-0.1658947 -0.1522352 0.6633475 255 0 0
-0.1641616 -0.1520820 0.6626801 255 0 0
-0.1623500 -0.1518526 0.6616802 255 0 0
-0.1608678 -0.1519298 0.6620166 255 0 0
-0.1591432 -0.1517772 0.6613519 255 0 0
-0.1575013 -0.1517013 0.6610212 255 0 0
-0.1559396 -0.1517019 0.6610238 255 0 0
-0.1543002 -0.1516261 0.6606936 255 0 0
-0.1527392 -0.1516267 0.6606961 255 0 0
-0.1511783 -0.1516273 0.6606987 255 0 0
-0.1496173 -0.1516279 0.6607013 255 0 0
-0.1480563 -0.1516285 0.6607038 255 0 0
-0.1464953 -0.1516291 0.6607064 255 0 0
-0.1450804 -0.1517825 0.6613749 255 0 0
-0.1435901 -0.1518596 0.6617110 255 0 0
-0.1420267 -0.1518602 0.6617135 255 0 0
-0.1406051 -0.1520141 0.6623841 255 0 0
-0.1391806 -0.1521683 0.6630560 255 0 0
-0.1375445 -0.1520920 0.6627237 255 0 0
-0.1362539 -0.1524005 0.6640678 255 0 0
-0.1347531 -0.1524782 0.6644065 255 0 0
-0.1332508 -0.1525561 0.6647457 255 0 0
-0.1317469 -0.1526340 0.6650851 255 0 0
-0.1303076 -0.1527894 0.6657625 255 0 0
-0.1288653 -0.1529452 0.6664413 255 0 0
-0.1274201 -0.1531013 0.6671215 255 0 0
-0.1259719 -0.1532577 0.6678030 255 0 0
-0.1244573 -0.1533363 0.6681456 255 0 0
-0.1228787 -0.1533369 0.6681482 255 0 0
-0.1214236 -0.1534938 0.6688319 255 0 0
-0.1198433 -0.1534944 0.6688344 255 0 0
-0.1183233 -0.1535733 0.6691781 255 0 0
-0.1168613 -0.1537306 0.6698638 255 0 0
-0.1152785 -0.1537312 0.6698664 255 0 0
-0.1138119 -0.1538889 0.6705534 255 0 0
-0.1124573 -0.1542047 0.6719294 255 0 0
-0.1109264 -0.1542843 0.6722762 255 0 0
-0.1095624 -0.1546017 0.6736592 255 0 0
-0.1079707 -0.1546023 0.6736618 255 0 0
-0.1065430 -0.1548413 0.6747034 255 0 0
-0.1049487 -0.1548419 0.6747060 255 0 0
-0.1034076 -0.1549222 0.6750557 255 0 0
-0.1018125 -0.1549228 0.6750583 255 0 0
-0.1002174 -0.1549234 0.6750609 255 0 0
-0.0985209 -0.1547648 0.6743698 255 0 0
-0.0969773 -0.1548449 0.6747191 255 0 0
-0.0953339 -0.1547659 0.6743750 255 0 0
-0.0936923 -0.1546871 0.6740313 255 0 0
-0.0920995 -0.1546877 0.6740339 255 0 0
-0.0904604 -0.1546089 0.6736905 255 0 0
-0.0888228 -0.1545301 0.6733475 255 0 0
-0.0872317 -0.1545307 0.6733500 255 0 0
-0.0856846 -0.1546107 0.6736983 255 0 0
-0.0841358 -0.1546907 0.6740469 255 0 0
-0.0825006 -0.1546119 0.6737036 255 0 0
-0.0809086 -0.1546125 0.6737061 255 0 0
-0.0793981 -0.1547719 0.6744011 255 0 0
-0.0778045 -0.1547725 0.6744037 255 0 0
-0.0762108 -0.1547731 0.6744063 255 0 0
-0.0746555 -0.1548533 0.6747556 255 0 0
-0.0730610 -0.1548539 0.6747583 255 0 0
-0.0715401 -0.1550139 0.6754554 255 0 0
-0.0699799 -0.1550943 0.6758058 255 0 0
-0.0684534 -0.1552548 0.6765051 255 0 0
-0.0669238 -0.1554156 0.6772058 255 0 0
-0.0654247 -0.1556572 0.6782584 255 0 0
-0.0638549 -0.1557382 0.6786116 255 0 0
-0.0622191 -0.1556584 0.6782636 255 0 0
-0.0606790 -0.1558200 0.6789680 255 0 0
-0.0591050 -0.1559013 0.6793220 255 0 0
-0.0575294 -0.1559826 0.6796764 255 0 0
-0.0559522 -0.1560640 0.6800312 255 0 0
-0.0544015 -0.1562265 0.6807392 255 0 0
-0.0528476 -0.1563893 0.6814487 255 0 0
-0.0512905 -0.1565525 0.6821597 255 0 0
-0.0497560 -0.1567976 0.6832276 255 0 0
-0.0481664 -0.1568799 0.6835861 255 0 0
-0.0466725 -0.1572901 0.6853735 255 0 0
-0.0451707 -0.1577024 0.6871702 255 0 0
-0.0436611 -0.1581169 0.6889765 255 0 0
-0.0420328 -0.1581175 0.6889791 255 0 0
-0.0405964 -0.1588687 0.6922521 255 0 0
-0.0390634 -0.1592893 0.6940852 255 0 0
-0.0374231 -0.1592900 0.6940879 255 0 0
-0.0358586 -0.1596282 0.6955618 255 0 0
-0.0343239 -0.1601380 0.6977832 255 0 0
-0.0312248 -0.1611668 0.7022660 255 0 0
-0.0296603 -0.1616865 0.7045303 255 0 0
-0.0280706 -0.1621222 0.7064290 255 0 0
-0.3805561 -0.1634003 0.7194150 255 0 0
-0.3790651 -0.1634906 0.7198126 255 0 0
-0.3775725 -0.1635810 0.7202107 255 0 0
-0.3750479 -0.1632231 0.7186349 255 0 0
-0.3725314 -0.1628655 0.7170604 255 0 0
-0.3704360 -0.1626895 0.7162856 255 0 0
-0.3679406 -0.1623355 0.7147269 255 0 0
-0.3658512 -0.1621581 0.7139459 255 0 0
-0.3639671 -0.1620705 0.7135603 255 0 0
-0.3618882 -0.1618949 0.7127874 255 0 0
-0.3592287 -0.1614568 0.7108585 255 0 0
-0.3573563 -0.1613700 0.7104762 255 0 0
-0.3556812 -0.1613719 0.7104844 255 0 0
-0.3540006 -0.1613712 0.7104816 255 0 0
-0.3523228 -0.1613719 0.7104844 255 0 0
-0.3506477 -0.1613737 0.7104927 255 0 0
-0.3493455 -0.1615481 0.7112605 255 0 0
-0.3474774 -0.1614612 0.7108778 255 0 0
-0.3459861 -0.1615494 0.7112660 255 0 0
-0.3443063 -0.1615500 0.7112688 255 0 0
-0.3424409 -0.1614631 0.7108861 255 0 0
-0.3402101 -0.1612022 0.7097375 255 0 0
-0.3365308 -0.1602490 0.7055406 255 0 0
-0.3334298 -0.1595630 0.7025202 255 0 0
-0.3310613 -0.1592225 0.7010210 255 0 0
-0.3295819 -0.1593082 0.7013986 255 0 0
-0.3275751 -0.1591386 0.7006519 255 0 0
-0.3255726 -0.1589694 0.6999069 255 0 0
-0.3242656 -0.1591399 0.7006574 255 0 0
-0.3220947 -0.1588859 0.6995391 255 0 0
-0.3206136 -0.1589713 0.6999151 255 0 0
-0.3191309 -0.1590568 0.7002915 255 0 0
-0.3173075 -0.1589725 0.6999205 255 0 0
-0.3154862 -0.1588883 0.6995499 255 0 0
-0.3141691 -0.1590586 0.7002996 255 0 0
-0.3128492 -0.1592292 0.7010509 255 0 0
-0.3111935 -0.1592299 0.7010537 255 0 0
-0.3095378 -0.1592305 0.7010564 255 0 0
-0.3075532 -0.1590611 0.7003105 255 0 0
-0.3062262 -0.1592317 0.7010618 255 0 0
-0.3044077 -0.1591473 0.7006900 255 0 0
-0.3029147 -0.1592329 0.7010672 255 0 0
-0.3014200 -0.1593187 0.7014448 255 0 0
-0.2999236 -0.1594046 0.7018228 255 0 0
-0.2979472 -0.1592348 0.7010754 255 0 0
-0.2964498 -0.1593206 0.7014530 255 0 0
-0.2951087 -0.1594917 0.7022067 255 0 0
-0.2942377 -0.1599204 0.7040940 255 0 0
-0.2922610 -0.1597495 0.7033417 255 0 0
-0.2907557 -0.1598359 0.7037218 255 0 0
-0.2892487 -0.1599223 0.7041022 255 0 0
-0.2878947 -0.1600948 0.7048616 255 0 0
-0.2865379 -0.1602676 0.7056227 255 0 0
-0.2851780 -0.1604408 0.7063854 255 0 0
-0.2841216 -0.1607878 0.7079129 255 0 0
-0.2836742 -0.1614856 0.7109852 255 0 0
-0.2839960 -0.1626322 0.7160332 255 0 0
-0.2844947 -0.1648829 0.7259425 255 0 0
-0.2845120 -0.1658934 0.7303916 255 0 0
-0.2824723 -0.1657095 0.7295820 255 0 0
-0.2805929 -0.1656180 0.7291793 255 0 0
-0.2791810 -0.1658030 0.7299937 255 0 0
-0.2768405 -0.1654354 0.7283751 255 0 0
-0.2754259 -0.1656199 0.7291877 255 0 0
-0.2732489 -0.1653455 0.7279794 255 0 0
-0.2713788 -0.1652544 0.7275785 255 0 0
-0.2695107 -0.1651635 0.7271779 255 0 0
-0.2674965 -0.1649812 0.7263755 255 0 0
-0.2654868 -0.1647993 0.7255747 255 0 0
-0.2639189 -0.1648912 0.7259791 255 0 0
-0.2617694 -0.1646185 0.7247786 255 0 0
-0.2602012 -0.1647101 0.7251821 255 0 0
-0.2582027 -0.1645289 0.7243840 255 0 0
-0.2564917 -0.1645295 0.7243868 255 0 0
-0.2549213 -0.1646210 0.7247898 255 0 0
-0.2529298 -0.1644400 0.7239926 255 0 0
-0.2512196 -0.1644406 0.7239954 255 0 0
-0.2493718 -0.1643505 0.7235988 255 0 0
-0.2483474 -0.1648057 0.7256028 255 0 0
-0.2462249 -0.1645333 0.7244036 255 0 0
-0.2447840 -0.1647159 0.7252073 255 0 0
-0.2216339 -0.1501897 0.6612520 255 0 0
-0.2202939 -0.1503419 0.6619218 255 0 0
-0.2188407 -0.1504183 0.6622584 255 0 0
-0.2172763 -0.1504189 0.6622610 255 0 0
-0.2156031 -0.1503436 0.6619295 255 0 0
-0.2142556 -0.1504961 0.6626006 255 0 0
-0.2126904 -0.1504966 0.6626032 255 0 0
-0.2113386 -0.1506494 0.6632757 255 0 0
-0.2097718 -0.1506499 0.6632782 255 0 0
-0.2083102 -0.1507267 0.6636163 255 0 0
-0.2066381 -0.1506511 0.6632833 255 0 0
-0.2052788 -0.1508042 0.6639573 255 0 0
-0.2038134 -0.1508811 0.6642960 255 0 0
-0.2023466 -0.1509581 0.6646351 255 0 0
-0.2007765 -0.1509587 0.6646376 255 0 0
-0.1994084 -0.1511124 0.6653143 255 0 0
-0.1980375 -0.1512664 0.6659922 255 0 0
-0.1963646 -0.1511902 0.6656569 255 0 0
-0.1949899 -0.1513444 0.6663356 255 0 0
-0.1934157 -0.1513450 0.6663381 255 0 0
-0.1922321 -0.1516536 0.6676971 255 0 0
-0.1903641 -0.1514230 0.6666819 255 0 0
-0.1890774 -0.1516548 0.6677023 255 0 0
-0.1875000 -0.1516554 0.6677048 255 0 0
-0.1858280 -0.1515788 0.6673679 255 0 0
-0.1839714 -0.1513491 0.6663562 255 0 0
-0.1823972 -0.1513496 0.6663588 255 0 0
-0.1808229 -0.1513502 0.6663614 255 0 0
-0.1792487 -0.1513508 0.6663640 255 0 0
-0.1776744 -0.1513514 0.6663665 255 0 0
-0.1761002 -0.1513520 0.6663691 255 0 0
-0.1744373 -0.1512758 0.6660334 255 0 0
-0.1726885 -0.1511229 0.6653606 255 0 0
-0.1708567 -0.1508940 0.6643526 255 0 0
-0.1692871 -0.1508946 0.6643552 255 0 0
-0.1675479 -0.1507425 0.6636857 255 0 0
-0.1658960 -0.1506669 0.6633527 255 0 0
-0.1641629 -0.1505153 0.6626853 255 0 0
-0.1625152 -0.1504399 0.6623534 255 0 0
-0.1607880 -0.1502888 0.6616880 255 0 0
-0.1591445 -0.1502136 0.6613570 255 0 0
-0.1576614 -0.1502899 0.6616931 255 0 0
-0.1559408 -0.1501391 0.6610290 255 0 0
-0.1543791 -0.1501397 0.6610315 255 0 0
-0.1528174 -0.1501403 0.6610341 255 0 0
-0.1511794 -0.1500652 0.6607038 255 0 0
-0.1496938 -0.1501414 0.6610392 255 0 0
-0.1481320 -0.1501420 0.6610418 255 0 0
-0.1465702 -0.1501426 0.6610444 255 0 0
-0.1450815 -0.1502188 0.6613801 255 0 0
-0.1435912 -0.1502952 0.6617162 255 0 0
-0.1419562 -0.1502200 0.6613852 255 0 0
-0.1405353 -0.1503722 0.6620551 255 0 0
-0.1391114 -0.1505246 0.6627264 255 0 0
-0.1376151 -0.1506012 0.6630638 255 0 0
-0.1361861 -0.1507542 0.6637371 255 0 0
-0.1346860 -0.1508311 0.6640756 255 0 0
-0.1331844 -0.1509080 0.6644143 255 0 0
-0.1318816 -0.1512148 0.6657652 255 0 0
-0.1304409 -0.1513690 0.6664439 255 0 0
-0.1288663 -0.1513696 0.6664465 255 0 0
-0.1274211 -0.1515241 0.6671267 255 0 0
-0.1259729 -0.1516789 0.6678082 255 0 0
-0.1244583 -0.1517567 0.6681508 255 0 0
-0.1230049 -0.1519119 0.6688345 255 0 0
-0.1214245 -0.1519125 0.6688371 255 0 0
-0.1199053 -0.1519906 0.6691808 255 0 0
-0.1183845 -0.1520687 0.6695247 255 0 0
-0.1168026 -0.1520693 0.6695273 255 0 0
-0.1153383 -0.1522252 0.6702138 255 0 0
-0.1138710 -0.1523814 0.6709016 255 0 0
-0.1124007 -0.1525380 0.6715908 255 0 0
-0.1110411 -0.1528515 0.6729710 255 0 0
-0.1095071 -0.1529305 0.6733189 255 0 0
-0.1080270 -0.1530882 0.6740131 255 0 0
-0.1065438 -0.1532462 0.6747087 255 0 0
-0.1050575 -0.1534045 0.6754057 255 0 0
-0.1034084 -0.1533262 0.6750610 255 0 0
-0.1018657 -0.1534057 0.6754110 255 0 0
-0.1001152 -0.1531698 0.6743724 255 0 0
-0.0985217 -0.1531704 0.6743751 255 0 0
-0.0969282 -0.1531710 0.6743776 255 0 0
-0.0953346 -0.1531716 0.6743802 255 0 0
-0.0936449 -0.1530149 0.6736906 255 0 0
-0.0920530 -0.1530155 0.6736932 255 0 0
-0.0904611 -0.1530161 0.6736958 255 0 0
-0.0887780 -0.1528597 0.6730074 255 0 0
-0.0871877 -0.1528603 0.6730101 255 0 0
-0.0856852 -0.1530179 0.6737036 255 0 0
-0.0840501 -0.1529400 0.6733606 255 0 0
-0.0825436 -0.1530976 0.6740549 255 0 0
-0.0809093 -0.1530196 0.6737114 255 0 0
-0.0793173 -0.1530202 0.6737140 255 0 0
-0.0777252 -0.1530208 0.6737167 255 0 0
-0.0762114 -0.1531787 0.6744116 255 0 0
-0.0745794 -0.1531006 0.6740679 255 0 0
-0.0730992 -0.1533374 0.6751106 255 0 0
-0.0714671 -0.1532592 0.6747662 255 0 0
-0.0699805 -0.1534965 0.6758111 255 0 0
-0.0684540 -0.1536554 0.6765104 255 0 0
-0.0668898 -0.1537352 0.6768619 255 0 0
-0.0653577 -0.1538945 0.6775634 255 0 0
-0.0637565 -0.1538951 0.6775660 255 0 0
-0.0622196 -0.1540548 0.6782689 255 0 0
-0.0606481 -0.1541350 0.6786222 255 0 0
-0.0590749 -0.1542154 0.6789759 255 0 0
-0.0574704 -0.1542160 0.6789786 255 0 0
-0.0559237 -0.1543763 0.6796843 255 0 0
-0.0543738 -0.1545369 0.6803917 255 0 0
-0.0528206 -0.1546979 0.6811005 255 0 0
-0.0512376 -0.1547788 0.6814567 255 0 0
-0.0497046 -0.1550209 0.6825224 255 0 0
-0.0481417 -0.1551829 0.6832356 255 0 0
-0.0466242 -0.1555073 0.6846638 255 0 0
-0.0451002 -0.1558330 0.6860980 255 0 0
-0.0435471 -0.1560784 0.6871783 255 0 0
-0.0419671 -0.1562425 0.6879012 255 0 0
-0.0405753 -0.1571491 0.6918927 255 0 0
-0.0390431 -0.1575650 0.6937237 255 0 0
-0.0374036 -0.1575656 0.6937264 255 0 0
-0.0358399 -0.1579001 0.6951988 255 0 0
-0.0342695 -0.1582359 0.6966775 255 0 0
-0.0327971 -0.1590809 0.7003977 255 0 0
-0.0296606 -0.1600208 0.7045358 255 0 0
-0.0281011 -0.1606249 0.7071958 255 0 0
-0.3792762 -0.1618776 0.7202135 255 0 0
-0.3773683 -0.1617894 0.7198210 255 0 0
-0.3754623 -0.1617012 0.7194290 255 0 0
-0.3725373 -0.1611714 0.7170717 255 0 0
-0.3694300 -0.1605575 0.7143404 255 0 0
-0.3675429 -0.1604708 0.7139544 255 0 0
-0.3656579 -0.1603841 0.7135687 255 0 0
-0.3639728 -0.1603847 0.7135714 255 0 0
-0.3618939 -0.1602110 0.7127986 255 0 0
-0.3600149 -0.1601246 0.7124142 255 0 0
-0.3581379 -0.1600382 0.7120302 255 0 0
-0.3556840 -0.1596921 0.7104900 255 0 0
-0.3538145 -0.1596063 0.7101082 255 0 0
-0.3517566 -0.1594342 0.7093428 255 0 0
-0.3498923 -0.1593487 0.7089621 255 0 0
-0.3480312 -0.1592638 0.7085846 255 0 0
-0.3465450 -0.1593505 0.7089704 255 0 0
-0.3448707 -0.1593511 0.7089731 255 0 0
-0.3431964 -0.1593518 0.7089759 255 0 0
-0.3382312 -0.1578169 0.7021469 255 0 0
-0.3356745 -0.1573962 0.7002753 255 0 0
-0.3327770 -0.1568108 0.6976707 255 0 0
-0.3306018 -0.1565615 0.6965618 255 0 0
-0.3293065 -0.1567286 0.6973051 255 0 0
-0.3273117 -0.1565628 0.6965672 255 0 0
-0.3254938 -0.1564803 0.6962003 255 0 0
-0.3248817 -0.1569796 0.6984217 255 0 0
-0.3232322 -0.1569802 0.6984244 255 0 0
-0.3214116 -0.1568972 0.6980554 255 0 0
-0.3202743 -0.1571487 0.6991743 255 0 0
-0.3181143 -0.1568985 0.6980608 255 0 0
-0.3164657 -0.1568991 0.6980636 255 0 0
-0.3149847 -0.1569832 0.6984379 255 0 0
-0.3135020 -0.1570675 0.6988127 255 0 0
-0.3118516 -0.1570681 0.6988154 255 0 0
-0.3100360 -0.1569850 0.6984460 255 0 0
-0.3087152 -0.1571530 0.6991934 255 0 0
-0.3073915 -0.1573213 0.6999422 255 0 0
-0.3055753 -0.1572380 0.6995717 255 0 0
-0.3035992 -0.1570711 0.6988289 255 0 0
-0.3019488 -0.1570717 0.6988317 255 0 0
-0.3004595 -0.1571567 0.6992096 255 0 0
-0.2988080 -0.1571573 0.6992123 255 0 0
-0.2971566 -0.1571579 0.6992150 255 0 0
-0.2959784 -0.1574102 0.7003376 255 0 0
-0.2943243 -0.1574108 0.7003403 255 0 0
-0.2923581 -0.1572435 0.6995960 255 0 0
-0.2907057 -0.1572441 0.6995988 255 0 0
-0.2898262 -0.1576652 0.7014720 255 0 0
-0.2883236 -0.1577501 0.7018501 255 0 0
-0.2862064 -0.1574980 0.7007281 255 0 0
-0.2847035 -0.1575827 0.7011053 255 0 0
-0.2835020 -0.1578364 0.7022339 255 0 0
-0.2818434 -0.1578370 0.7022367 255 0 0
-0.2795861 -0.1575004 0.7007389 255 0 0
-0.2774863 -0.1572490 0.6996205 255 0 0
-0.2835565 -0.1626271 0.7235485 255 0 0
-0.2827891 -0.1641672 0.7304002 255 0 0
-0.2807512 -0.1639852 0.7295905 255 0 0
-0.2791832 -0.1640771 0.7299994 255 0 0
-0.2773046 -0.1639865 0.7295962 255 0 0
-0.2755813 -0.1639871 0.7295991 255 0 0
-0.2737057 -0.1638966 0.7291963 255 0 0
-0.2716823 -0.1637158 0.7283921 255 0 0
-0.2698120 -0.1636256 0.7279907 255 0 0
-0.2677952 -0.1634448 0.7271864 255 0 0
-0.2660775 -0.1634455 0.7271892 255 0 0
-0.2639209 -0.1631747 0.7259848 255 0 0
-0.2623513 -0.1632657 0.7263896 255 0 0
-0.2606355 -0.1632663 0.7263924 255 0 0
-0.2589196 -0.1632670 0.7263952 255 0 0
-0.2572038 -0.1632676 0.7263981 255 0 0
-0.2553466 -0.1631779 0.7259988 255 0 0
-0.2540534 -0.1634499 0.7272090 255 0 0
-0.2520562 -0.1632695 0.7264065 255 0 0
-0.2504790 -0.1633606 0.7268117 255 0 0
-0.2489001 -0.1634518 0.7272174 255 0 0
-0.2470453 -0.1633619 0.7268174 255 0 0
-0.2453284 -0.1633625 0.7268202 255 0 0
-0.2216356 -0.1486264 0.6612572 255 0 0
-0.2204068 -0.1488520 0.6622611 255 0 0
-0.2187321 -0.1487775 0.6619295 255 0 0
-0.2170589 -0.1487030 0.6615983 255 0 0
-0.2154961 -0.1487036 0.6616009 255 0 0
-0.2141491 -0.1488543 0.6622713 255 0 0
-0.2123703 -0.1487048 0.6616060 255 0 0
-0.2110203 -0.1488555 0.6622765 255 0 0
-0.2093501 -0.1487809 0.6619449 255 0 0
-0.2081014 -0.1490070 0.6629509 255 0 0
-0.2066397 -0.1490829 0.6632886 255 0 0
-0.2050728 -0.1490835 0.6632912 255 0 0
-0.2038150 -0.1493105 0.6643012 255 0 0
-0.2022457 -0.1493111 0.6643038 255 0 0
-0.2007781 -0.1493873 0.6646429 255 0 0
-0.1993089 -0.1494636 0.6649822 255 0 0
-0.1977380 -0.1494642 0.6649848 255 0 0
-0.1963661 -0.1496164 0.6656621 255 0 0
-0.1946948 -0.1495411 0.6653272 255 0 0
-0.1933191 -0.1496935 0.6660051 255 0 0
-0.1919406 -0.1498462 0.6666845 255 0 0
-0.1904624 -0.1499230 0.6670260 255 0 0
-0.1889827 -0.1499998 0.6673679 255 0 0
-0.1875014 -0.1500767 0.6677100 255 0 0
-0.1860187 -0.1501537 0.6680526 255 0 0
-0.1841592 -0.1499253 0.6670364 255 0 0
-0.1825834 -0.1499259 0.6670390 255 0 0
-0.1809162 -0.1498509 0.6667052 255 0 0
-0.1793412 -0.1498514 0.6667078 255 0 0
-0.1775856 -0.1496999 0.6660335 255 0 0
-0.1760122 -0.1497005 0.6660361 255 0 0
-0.1743502 -0.1496251 0.6657008 255 0 0
-0.1726023 -0.1494740 0.6650286 255 0 0
-0.1711179 -0.1495504 0.6653684 255 0 0
-0.1693742 -0.1493995 0.6646969 255 0 0
-0.1677189 -0.1493244 0.6643630 255 0 0
-0.1660652 -0.1492494 0.6640294 255 0 0
-0.1642471 -0.1490238 0.6630253 255 0 0
-0.1625985 -0.1489491 0.6626931 255 0 0
-0.1610329 -0.1489497 0.6626956 255 0 0
-0.1592260 -0.1487249 0.6616957 255 0 0
-0.1576627 -0.1487255 0.6616983 255 0 0
-0.1561781 -0.1488011 0.6620346 255 0 0
-0.1544581 -0.1486517 0.6613699 255 0 0
-0.1528185 -0.1485774 0.6610393 255 0 0
-0.1512568 -0.1485780 0.6610419 255 0 0
-0.1497704 -0.1486534 0.6613776 255 0 0
-0.1481332 -0.1485791 0.6610470 255 0 0
-0.1467192 -0.1487295 0.6617162 255 0 0
-0.1451558 -0.1487301 0.6617188 255 0 0
-0.1435924 -0.1487307 0.6617213 255 0 0
-0.1420289 -0.1487312 0.6617239 255 0 0
-0.1406073 -0.1488820 0.6623945 255 0 0
-0.1391828 -0.1490330 0.6630664 255 0 0
-0.1378251 -0.1492598 0.6640756 255 0 0
-0.1362561 -0.1492604 0.6640782 255 0 0
-0.1346871 -0.1492610 0.6640808 255 0 0
-0.1333204 -0.1494885 0.6650930 255 0 0
-0.1319496 -0.1497167 0.6661083 255 0 0
-0.1305082 -0.1498694 0.6667878 255 0 0
-0.1289983 -0.1499462 0.6671294 255 0 0
-0.1276167 -0.1501758 0.6681509 255 0 0
-0.1260380 -0.1501764 0.6681535 255 0 0
-0.1245227 -0.1502535 0.6684964 255 0 0
-0.1230058 -0.1503306 0.6688398 255 0 0
-0.1214874 -0.1504079 0.6691834 255 0 0
-0.1199674 -0.1504852 0.6695274 255 0 0
-0.1183855 -0.1504858 0.6695300 255 0 0
-0.1168631 -0.1505632 0.6698743 255 0 0
-0.1152803 -0.1505637 0.6698769 255 0 0
-0.1138719 -0.1507952 0.6709068 255 0 0
-0.1124015 -0.1509501 0.6715961 255 0 0
-0.1109850 -0.1511828 0.6726313 255 0 0
-0.1095079 -0.1513385 0.6733241 255 0 0
-0.1080833 -0.1515724 0.6743646 255 0 0
-0.1066543 -0.1518070 0.6754084 255 0 0
-0.1050584 -0.1518076 0.6754110 255 0 0
-0.1034624 -0.1518082 0.6754137 255 0 0
-0.1018141 -0.1517307 0.6750689 255 0 0
-0.1002705 -0.1518094 0.6754189 255 0 0
-0.0986238 -0.1517319 0.6750742 255 0 0
-0.0969788 -0.1516545 0.6747296 255 0 0
-0.0952864 -0.1514993 0.6740392 255 0 0
-0.0936937 -0.1514999 0.6740419 255 0 0
-0.0921010 -0.1515004 0.6740444 255 0 0
-0.0904618 -0.1514233 0.6737010 255 0 0
-0.0888698 -0.1514239 0.6737037 255 0 0
-0.0872331 -0.1513467 0.6733606 255 0 0
-0.0856859 -0.1514250 0.6737089 255 0 0
-0.0840939 -0.1514256 0.6737115 255 0 0
-0.0825443 -0.1515040 0.6740601 255 0 0
-0.0808684 -0.1513491 0.6733710 255 0 0
-0.0793179 -0.1514274 0.6737193 255 0 0
-0.0777658 -0.1515057 0.6740680 255 0 0
-0.0761729 -0.1515063 0.6740705 255 0 0
-0.0746184 -0.1515848 0.6744195 255 0 0
-0.0730622 -0.1516633 0.6747689 255 0 0
-0.0715044 -0.1517419 0.6751186 255 0 0
-0.0699090 -0.1517425 0.6751212 255 0 0
-0.0684192 -0.1519776 0.6761672 255 0 0
-0.0668903 -0.1521349 0.6768672 255 0 0
-0.0653245 -0.1522140 0.6772191 255 0 0
-0.0637570 -0.1522931 0.6775712 255 0 0
-0.0621879 -0.1523724 0.6779239 255 0 0
-0.0606172 -0.1524517 0.6782768 255 0 0
-0.0590448 -0.1525311 0.6786301 255 0 0
-0.0575006 -0.1526896 0.6793352 255 0 0
-0.0559531 -0.1528485 0.6800418 255 0 0
-0.0543742 -0.1529283 0.6803970 255 0 0
-0.0528210 -0.1530876 0.6811058 255 0 0
-0.0512647 -0.1532472 0.6818160 255 0 0
-0.0497050 -0.1534072 0.6825277 255 0 0
-0.0481672 -0.1536475 0.6835968 255 0 0
-0.0465275 -0.1535681 0.6832436 255 0 0
-0.0450300 -0.1539694 0.6850291 255 0 0
-0.0435475 -0.1544537 0.6871837 255 0 0
-0.0420335 -0.1548597 0.6889899 255 0 0
-0.0405542 -0.1554314 0.6915336 255 0 0
-0.0389816 -0.1556780 0.6926309 255 0 0
-0.0374237 -0.1560079 0.6940988 255 0 0
-0.0359735 -0.1568379 0.6977913 255 0 0
-0.0343610 -0.1570054 0.6985368 255 0 0
-0.0328149 -0.1575090 0.7007771 255 0 0
-0.0296290 -0.1581852 0.7037858 255 0 0
-0.0273280 -0.1643547 0.7312346 255 0 0
-0.3790711 -0.1600869 0.7198239 255 0 0
-0.3775785 -0.1601754 0.7202220 255 0 0
-0.3756714 -0.1600881 0.7198295 255 0 0
-0.3709178 -0.1587815 0.7139544 255 0 0
-0.3692318 -0.1587821 0.7139573 255 0 0
-0.3675458 -0.1587828 0.7139600 255 0 0
-0.3656608 -0.1586970 0.7135743 255 0 0
-0.3639756 -0.1586976 0.7135771 255 0 0
-0.3618967 -0.1585257 0.7128041 255 0 0
-0.3598222 -0.1583542 0.7120330 255 0 0
-0.3544857 -0.1567387 0.7047690 255 0 0
-0.3518760 -0.1563193 0.7028832 255 0 0
-0.3498411 -0.1561525 0.7021334 255 0 0
-0.3489301 -0.1564882 0.7036428 255 0 0
-0.3461542 -0.1559868 0.7013879 255 0 0
-0.3435791 -0.1555714 0.6995203 255 0 0
-0.3422922 -0.1557381 0.7002699 255 0 0
-0.3410026 -0.1559052 0.7010213 255 0 0
-0.3373637 -0.1549946 0.6969267 255 0 0
-0.3353614 -0.1548306 0.6961895 255 0 0
-0.3337173 -0.1548312 0.6961922 255 0 0
-0.3318969 -0.1547497 0.6958256 255 0 0
-0.3297289 -0.1545044 0.6947227 255 0 0
-0.3284361 -0.1546689 0.6954620 255 0 0
-0.3266205 -0.1545875 0.6950962 255 0 0
-0.3249789 -0.1545881 0.6950989 255 0 0
-0.3233372 -0.1545887 0.6951016 255 0 0
-0.3211862 -0.1543445 0.6940036 255 0 0
-0.3195472 -0.1543451 0.6940063 255 0 0
-0.3182449 -0.1545092 0.6947442 255 0 0
-0.3167719 -0.1545917 0.6951150 255 0 0
-0.3147966 -0.1544286 0.6943818 255 0 0
-0.3131566 -0.1544292 0.6943845 255 0 0
-0.3116817 -0.1545116 0.6947550 255 0 0
-0.3102051 -0.1545941 0.6951258 255 0 0
-0.3085634 -0.1545947 0.6951285 255 0 0
-0.3069216 -0.1545953 0.6951312 255 0 0
-0.3049566 -0.1544322 0.6943979 255 0 0
-0.3042807 -0.1549236 0.6966077 255 0 0
-0.3027962 -0.1550066 0.6969806 255 0 0
-0.3011501 -0.1550072 0.6969833 255 0 0
-0.2993449 -0.1549255 0.6966158 255 0 0
-0.2980161 -0.1550908 0.6973592 255 0 0
-0.2965267 -0.1551739 0.6977329 255 0 0
-0.2947220 -0.1550920 0.6973646 255 0 0
-0.2929192 -0.1550102 0.6969968 255 0 0
-0.2915828 -0.1551757 0.6977410 255 0 0
-0.2899348 -0.1551763 0.6977437 255 0 0
-0.2884403 -0.1552595 0.6981177 255 0 0
-0.2867914 -0.1552601 0.6981204 255 0 0
-0.2851425 -0.1552607 0.6981232 255 0 0
-0.2833428 -0.1551787 0.6977545 255 0 0
-0.2816947 -0.1551793 0.6977572 255 0 0
-0.2797490 -0.1550150 0.6970184 255 0 0
-0.2767791 -0.1542778 0.6937038 255 0 0
-0.2747048 -0.1540341 0.6926077 255 0 0
-0.2735021 -0.1542790 0.6937091 255 0 0
-0.2718636 -0.1542796 0.6937119 255 0 0
-0.2696547 -0.1539546 0.6922503 255 0 0
-0.2703018 -0.1552661 0.6981475 255 0 0
-0.2692259 -0.1555979 0.6996395 255 0 0
-0.2692221 -0.1575309 0.7083310 255 0 0
-0.2734039 -0.1619924 0.7283922 255 0 0
-0.2721367 -0.1622633 0.7296104 255 0 0
-0.2708653 -0.1625352 0.7308326 255 0 0
-0.2680945 -0.1619051 0.7279993 255 0 0
-0.2662272 -0.1618159 0.7275983 255 0 0
-0.2649494 -0.1620862 0.7288138 255 0 0
-0.2627898 -0.1618171 0.7276039 255 0 0
-0.2609264 -0.1617280 0.7272034 255 0 0
-0.2590651 -0.1616391 0.7268033 255 0 0
-0.2573483 -0.1616397 0.7268062 255 0 0
-0.2559151 -0.1618196 0.7276152 255 0 0
-0.2541963 -0.1618203 0.7276180 255 0 0
-0.2526177 -0.1619107 0.7280246 255 0 0
-0.2507588 -0.1618215 0.7276237 255 0 0
-0.2490401 -0.1618221 0.7276265 255 0 0
-0.2263586 -0.1481068 0.6659562 255 0 0
-0.2231994 -0.1470624 0.6612598 255 0 0
-0.2215257 -0.1469889 0.6609293 255 0 0
-0.2200753 -0.1470635 0.6612650 255 0 0
-0.2185133 -0.1470641 0.6612675 255 0 0
-0.2168419 -0.1469906 0.6609370 255 0 0
-0.2153891 -0.1470652 0.6612726 255 0 0
-0.2138270 -0.1470658 0.6612751 255 0 0
-0.2123720 -0.1471405 0.6616112 255 0 0
-0.2108091 -0.1471411 0.6616138 255 0 0
-0.2093517 -0.1472159 0.6619501 255 0 0
-0.2078929 -0.1472908 0.6622868 255 0 0
-0.2064326 -0.1473657 0.6626238 255 0 0
-0.2050744 -0.1475153 0.6632963 255 0 0
-0.2034047 -0.1474413 0.6629637 255 0 0
-0.2020427 -0.1475911 0.6636370 255 0 0
-0.2005765 -0.1476663 0.6639754 255 0 0
-0.1992095 -0.1478165 0.6646507 255 0 0
-0.1977395 -0.1478920 0.6649901 255 0 0
-0.1962681 -0.1479675 0.6653299 255 0 0
-0.1946963 -0.1479681 0.6653324 255 0 0
-0.1932226 -0.1480438 0.6656725 255 0 0
-0.1918446 -0.1481947 0.6663512 255 0 0
-0.1904639 -0.1483459 0.6670313 255 0 0
-0.1889842 -0.1484220 0.6673731 255 0 0
-0.1875029 -0.1484980 0.6677153 255 0 0
-0.1859255 -0.1484986 0.6677178 255 0 0
-0.1842543 -0.1484237 0.6673809 255 0 0
-0.1825855 -0.1483494 0.6670468 255 0 0
-0.1808258 -0.1481993 0.6663718 255 0 0
-0.1793426 -0.1482751 0.6667129 255 0 0
-0.1776772 -0.1482004 0.6663770 255 0 0
-0.1761029 -0.1482010 0.6663796 255 0 0
-0.1745286 -0.1482016 0.6663821 255 0 0
-0.1728665 -0.1481269 0.6660465 255 0 0
-0.1711192 -0.1479773 0.6653736 255 0 0
-0.1695473 -0.1479779 0.6653762 255 0 0
-0.1677202 -0.1477537 0.6643682 255 0 0
-0.1660665 -0.1476795 0.6640345 255 0 0
-0.1644145 -0.1476053 0.6637012 255 0 0
-0.1626820 -0.1474568 0.6630331 255 0 0
-0.1611155 -0.1474573 0.6630356 255 0 0
-0.1593075 -0.1472347 0.6620347 255 0 0
-0.1576639 -0.1471610 0.6617035 255 0 0
-0.1561793 -0.1472358 0.6620398 255 0 0
-0.1545372 -0.1471622 0.6617086 255 0 0
-0.1528198 -0.1470145 0.6610445 255 0 0
-0.1513342 -0.1470891 0.6613802 255 0 0
-0.1496962 -0.1470156 0.6610496 255 0 0
-0.1482837 -0.1471645 0.6617188 255 0 0
-0.1467203 -0.1471650 0.6617214 255 0 0
-0.1450838 -0.1470914 0.6613904 255 0 0
-0.1436659 -0.1472404 0.6620604 255 0 0
-0.1421734 -0.1473153 0.6623971 255 0 0
-0.1406794 -0.1473903 0.6627342 255 0 0
-0.1392542 -0.1475399 0.6634068 255 0 0
-0.1377564 -0.1476151 0.6637449 255 0 0
-0.1363261 -0.1477651 0.6644197 255 0 0
-0.1348929 -0.1479155 0.6650956 255 0 0
-0.1334567 -0.1480661 0.6657730 255 0 0
-0.1320847 -0.1482924 0.6667904 255 0 0
-0.1305092 -0.1482929 0.6667930 255 0 0
-0.1290649 -0.1484444 0.6674739 255 0 0
-0.1276827 -0.1486718 0.6684965 255 0 0
-0.1261674 -0.1487481 0.6688398 255 0 0
-0.1246506 -0.1488246 0.6691834 255 0 0
-0.1230068 -0.1487493 0.6688450 255 0 0
-0.1214884 -0.1488257 0.6691886 255 0 0
-0.1199684 -0.1489022 0.6695326 255 0 0
-0.1183864 -0.1489028 0.6695352 255 0 0
-0.1168640 -0.1489794 0.6698795 255 0 0
-0.1153990 -0.1491322 0.6705667 255 0 0
-0.1138146 -0.1491328 0.6705692 255 0 0
-0.1124024 -0.1493623 0.6716014 255 0 0
-0.1109291 -0.1495159 0.6722920 255 0 0
-0.1095088 -0.1497466 0.6733294 255 0 0
-0.1081397 -0.1500551 0.6747167 255 0 0
-0.1067100 -0.1502875 0.6757615 255 0 0
-0.1051133 -0.1502881 0.6757641 255 0 0
-0.1035165 -0.1502887 0.6757667 255 0 0
-0.1019197 -0.1502893 0.6757693 255 0 0
-0.1002197 -0.1501352 0.6750768 255 0 0
-0.0986246 -0.1501358 0.6750794 255 0 0
-0.0969297 -0.1499821 0.6743882 255 0 0
-0.0953852 -0.1500598 0.6747376 255 0 0
-0.0936945 -0.1499062 0.6740471 255 0 0
-0.0920544 -0.1498299 0.6737037 255 0 0
-0.0904625 -0.1498304 0.6737064 255 0 0
-0.0889162 -0.1499080 0.6740550 255 0 0
-0.0872338 -0.1497547 0.6733659 255 0 0
-0.0856866 -0.1498322 0.6737142 255 0 0
-0.0840083 -0.1496791 0.6730258 255 0 0
-0.0824602 -0.1497565 0.6733737 255 0 0
-0.0808690 -0.1497571 0.6733763 255 0 0
-0.0792778 -0.1497576 0.6733789 255 0 0
-0.0776866 -0.1497582 0.6733815 255 0 0
-0.0760953 -0.1497588 0.6733841 255 0 0
-0.0746189 -0.1499902 0.6744248 255 0 0
-0.0730252 -0.1499908 0.6744274 255 0 0
-0.0715050 -0.1501457 0.6751239 255 0 0
-0.0699096 -0.1501463 0.6751264 255 0 0
-0.0683845 -0.1503015 0.6758243 255 0 0
-0.0668563 -0.1504570 0.6765236 255 0 0
-0.0653250 -0.1506128 0.6772243 255 0 0
-0.0637246 -0.1506134 0.6772270 255 0 0
-0.0621884 -0.1507696 0.6779292 255 0 0
-0.0605864 -0.1507702 0.6779318 255 0 0
-0.0590148 -0.1508487 0.6782848 255 0 0
-0.0575010 -0.1510835 0.6793406 255 0 0
-0.0558956 -0.1510841 0.6793432 255 0 0
-0.0543746 -0.1513196 0.6804023 255 0 0
-0.0527941 -0.1513987 0.6807579 255 0 0
-0.0511588 -0.1513208 0.6804076 255 0 0
-0.0496796 -0.1517146 0.6821784 255 0 0
-0.0481425 -0.1519521 0.6832463 255 0 0
-0.0465278 -0.1519527 0.6832489 255 0 0
-0.0449599 -0.1521116 0.6839637 255 0 0
-0.0435022 -0.1526691 0.6864702 255 0 0
-0.0420118 -0.1531503 0.6886338 255 0 0
-0.0404693 -0.1534729 0.6900847 255 0 0
-0.0389203 -0.1537970 0.6915417 255 0 0
-0.0373253 -0.1539598 0.6922737 255 0 0
-0.0358404 -0.1546127 0.6952097 255 0 0
-0.0343795 -0.1554366 0.6989142 255 0 0
-0.0312757 -0.1564368 0.7034115 255 0 0
-0.0296610 -0.1566893 0.7045469 255 0 0
-0.0267163 -0.1697175 0.7631275 255 0 0
-0.3790740 -0.1583850 0.7198295 255 0 0
-0.3777889 -0.1585596 0.7206234 255 0 0
-0.3758806 -0.1584732 0.7202304 255 0 0
-0.3709207 -0.1570935 0.7139601 255 0 0
-0.3692347 -0.1570941 0.7139628 255 0 0
-0.3673487 -0.1570092 0.7135771 255 0 0
-0.3656636 -0.1570099 0.7135799 255 0 0
-0.3575602 -0.1542418 0.7009996 255 0 0
-0.3553350 -0.1539955 0.6998801 255 0 0
-0.3533052 -0.1538319 0.6991367 255 0 0
-0.3516541 -0.1538325 0.6991394 255 0 0
-0.3500031 -0.1538331 0.6991421 255 0 0
-0.3481664 -0.1537517 0.6987723 255 0 0
-0.3459633 -0.1535070 0.6976600 255 0 0
-0.3441326 -0.1534260 0.6972918 255 0 0
-0.3419406 -0.1531823 0.6961842 255 0 0
-0.3404772 -0.1532642 0.6965566 255 0 0
-0.3384727 -0.1531022 0.6958202 255 0 0
-0.3362942 -0.1528595 0.6947173 255 0 0
-0.3346536 -0.1528601 0.6947200 255 0 0
-0.3330129 -0.1528607 0.6947227 255 0 0
-0.3313722 -0.1528613 0.6947254 255 0 0
-0.3299062 -0.1529429 0.6950963 255 0 0
-0.3277436 -0.1527007 0.6939957 255 0 0
-0.3257599 -0.1525399 0.6932647 255 0 0
-0.3241239 -0.1525411 0.6932701 255 0 0
-0.3228278 -0.1527031 0.6940064 255 0 0
-0.3208492 -0.1525422 0.6932755 255 0 0
-0.3193808 -0.1526235 0.6936448 255 0 0
-0.3174069 -0.1524629 0.6929147 255 0 0
-0.3159373 -0.1525440 0.6932836 255 0 0
-0.3144661 -0.1526253 0.6936529 255 0 0
-0.3126625 -0.1525452 0.6932889 255 0 0
-0.3111896 -0.1526265 0.6936582 255 0 0
-0.3097151 -0.1527078 0.6940279 255 0 0
-0.3079131 -0.1526276 0.6936636 255 0 0
-0.3062748 -0.1526282 0.6936663 255 0 0
-0.3044755 -0.1525481 0.6933023 255 0 0
-0.3028381 -0.1525487 0.6933050 255 0 0
-0.3012006 -0.1525493 0.6933077 255 0 0
-0.2997216 -0.1526306 0.6936771 255 0 0
-0.2979257 -0.1525505 0.6933131 255 0 0
-0.2962881 -0.1525511 0.6933157 255 0 0
-0.2946506 -0.1525517 0.6933184 255 0 0
-0.2928583 -0.1524717 0.6929549 255 0 0
-0.2912216 -0.1524723 0.6929576 255 0 0
-0.2895850 -0.1524729 0.6929603 255 0 0
-0.2881005 -0.1525541 0.6933292 255 0 0
-0.2863116 -0.1524741 0.6929656 255 0 0
-0.2846749 -0.1524747 0.6929683 255 0 0
-0.2831877 -0.1525558 0.6933372 255 0 0
-0.2821444 -0.1528784 0.6948034 255 0 0
-0.2809497 -0.1531223 0.6959118 255 0 0
-0.2787146 -0.1527987 0.6944410 255 0 0
-0.2760514 -0.1522352 0.6918799 255 0 0
-0.2745620 -0.1523161 0.6922476 255 0 0
-0.2735043 -0.1526389 0.6937146 255 0 0
-0.2705780 -0.1519164 0.6904314 255 0 0
-0.2685233 -0.1516776 0.6893457 255 0 0
-0.2664749 -0.1514394 0.6882633 255 0 0
-0.2641573 -0.1510444 0.6864679 255 0 0
-0.2622614 -0.1508870 0.6857529 255 0 0
-0.2599622 -0.1504943 0.6839679 255 0 0
-0.2568735 -0.1496367 0.6800705 255 0 0
-0.2548708 -0.1494050 0.6790171 255 0 0
-0.2533981 -0.1494829 0.6793714 255 0 0
-0.2515329 -0.1493288 0.6786712 255 0 0
-0.2492850 -0.1489442 0.6769229 255 0 0
-0.2476861 -0.1489448 0.6769255 255 0 0
-0.2459602 -0.1488685 0.6765791 255 0 0
-0.2444881 -0.1489459 0.6769308 255 0 0
-0.2425138 -0.1487163 0.6758872 255 0 0
-0.2393155 -0.1477281 0.6713960 255 0 0
-0.2376080 -0.1476531 0.6710552 255 0 0
-0.2351808 -0.1471269 0.6686638 255 0 0
-0.2332447 -0.1469029 0.6676455 255 0 0
-0.2316676 -0.1469034 0.6676481 255 0 0
-0.2298566 -0.1467546 0.6669719 255 0 0
-0.2277023 -0.1463831 0.6652835 255 0 0
-0.2256731 -0.1460874 0.6639395 255 0 0
-0.2233137 -0.1455723 0.6615984 255 0 0
-0.2214159 -0.1453530 0.6606017 255 0 0
-0.2200771 -0.1455001 0.6612701 255 0 0
-0.2182950 -0.1453541 0.6606068 255 0 0
-0.2167345 -0.1453547 0.6606094 255 0 0
-0.2150657 -0.1452821 0.6602795 255 0 0
-0.2138287 -0.1455023 0.6612804 255 0 0
-0.2122666 -0.1455029 0.6612830 255 0 0
-0.2108108 -0.1455768 0.6616189 255 0 0
-0.2092478 -0.1455774 0.6616215 255 0 0
-0.2076849 -0.1455780 0.6616241 255 0 0
-0.2064342 -0.1457991 0.6626291 255 0 0
-0.2049724 -0.1458733 0.6629664 255 0 0
-0.2034063 -0.1458739 0.6629689 255 0 0
-0.2020443 -0.1460220 0.6636422 255 0 0
-0.2005780 -0.1460965 0.6639806 255 0 0
-0.1990095 -0.1460970 0.6639832 255 0 0
-0.1976409 -0.1462456 0.6646584 255 0 0
-0.1961701 -0.1463203 0.6649978 255 0 0
-0.1946979 -0.1463950 0.6653376 255 0 0
-0.1933221 -0.1465442 0.6660156 255 0 0
-0.1917487 -0.1465448 0.6660181 255 0 0
-0.1902719 -0.1466198 0.6663590 255 0 0
-0.1888896 -0.1467694 0.6670391 255 0 0
-0.1873138 -0.1467700 0.6670417 255 0 0
-0.1859270 -0.1469199 0.6677231 255 0 0
-0.1843495 -0.1469205 0.6677257 255 0 0
-0.1825862 -0.1467717 0.6670494 255 0 0
-0.1810111 -0.1467728 0.6670546 255 0 0
-0.1793440 -0.1466988 0.6667182 255 0 0
-0.1777689 -0.1466994 0.6667207 255 0 0
-0.1761043 -0.1466254 0.6663848 255 0 0
-0.1744414 -0.1465516 0.6660491 255 0 0
-0.1728678 -0.1465522 0.6660517 255 0 0
-0.1711206 -0.1464041 0.6653789 255 0 0
-0.1696347 -0.1464790 0.6657190 255 0 0
-0.1678065 -0.1462569 0.6647099 255 0 0
-0.1661519 -0.1461834 0.6643760 255 0 0
-0.1644158 -0.1460361 0.6637064 255 0 0
-0.1629302 -0.1461106 0.6640449 255 0 0
-0.1611167 -0.1458897 0.6630409 255 0 0
-0.1594697 -0.1458166 0.6627086 255 0 0
-0.1579040 -0.1458171 0.6627111 255 0 0
-0.1561018 -0.1455971 0.6617112 255 0 0
-0.1544605 -0.1455243 0.6613803 255 0 0
-0.1529751 -0.1455982 0.6617163 255 0 0
-0.1514881 -0.1456723 0.6620528 255 0 0
-0.1498483 -0.1455994 0.6617215 255 0 0
-0.1482849 -0.1455999 0.6617240 255 0 0
-0.1467215 -0.1456005 0.6617266 255 0 0
-0.1452313 -0.1456745 0.6620629 255 0 0
-0.1437396 -0.1457486 0.6623997 255 0 0
-0.1422464 -0.1458228 0.6627368 255 0 0
-0.1407516 -0.1458970 0.6630743 255 0 0
-0.1392553 -0.1459713 0.6634120 255 0 0
-0.1378272 -0.1461197 0.6640860 255 0 0
-0.1363962 -0.1462683 0.6647614 255 0 0
-0.1349623 -0.1464172 0.6654381 255 0 0
-0.1334578 -0.1464920 0.6657783 255 0 0
-0.1321529 -0.1467905 0.6671347 255 0 0
-0.1306430 -0.1468657 0.6674766 255 0 0
-0.1291974 -0.1470158 0.6681588 255 0 0
-0.1277488 -0.1471662 0.6688425 255 0 0
-0.1261684 -0.1471668 0.6688451 255 0 0
-0.1247789 -0.1473927 0.6698718 255 0 0
-0.1230705 -0.1472430 0.6691912 255 0 0
-0.1216133 -0.1473939 0.6698770 255 0 0
-0.1200918 -0.1474697 0.6702217 255 0 0
-0.1184478 -0.1473950 0.6698822 255 0 0
-0.1169246 -0.1474708 0.6702269 255 0 0
-0.1153999 -0.1475468 0.6705719 255 0 0
-0.1139319 -0.1476983 0.6712605 255 0 0
-0.1124033 -0.1477744 0.6716066 255 0 0
-0.1109299 -0.1479264 0.6722972 255 0 0
-0.1095659 -0.1482307 0.6736803 255 0 0
-0.1080295 -0.1483074 0.6740289 255 0 0
-0.1067659 -0.1487664 0.6761150 255 0 0
-0.1052225 -0.1488437 0.6764661 255 0 0
-0.1035707 -0.1487676 0.6761202 255 0 0
-0.1019206 -0.1486915 0.6757747 255 0 0
-0.1003237 -0.1486921 0.6757773 255 0 0
-0.0986254 -0.1485397 0.6750847 255 0 0
-0.0969803 -0.1484639 0.6747402 255 0 0
-0.0952879 -0.1483120 0.6740498 255 0 0
-0.0937433 -0.1483888 0.6743987 255 0 0
-0.0921497 -0.1483894 0.6744013 255 0 0
-0.0905562 -0.1483899 0.6744040 255 0 0
-0.0888712 -0.1482382 0.6737142 255 0 0
-0.0872792 -0.1482387 0.6737168 255 0 0
-0.0856872 -0.1482393 0.6737194 255 0 0
-0.0840952 -0.1482399 0.6737220 255 0 0
-0.0824609 -0.1481644 0.6733790 255 0 0
-0.0809112 -0.1482410 0.6737273 255 0 0
-0.0793191 -0.1482416 0.6737299 255 0 0
-0.0777271 -0.1482422 0.6737325 255 0 0
-0.0760959 -0.1481667 0.6733894 255 0 0
-0.0745429 -0.1482433 0.6737377 255 0 0
-0.0730258 -0.1483963 0.6744327 255 0 0
-0.0713954 -0.1483206 0.6740890 255 0 0
-0.0698742 -0.1484737 0.6747847 255 0 0
-0.0683499 -0.1486271 0.6754817 255 0 0
-0.0668569 -0.1488575 0.6765289 255 0 0
-0.0652918 -0.1489348 0.6768804 255 0 0
-0.0637251 -0.1490122 0.6772323 255 0 0
-0.0621568 -0.1490898 0.6775845 255 0 0
-0.0605868 -0.1491673 0.6779371 255 0 0
-0.0590457 -0.1493222 0.6786408 255 0 0
-0.0574717 -0.1494000 0.6789945 255 0 0
-0.0559250 -0.1495553 0.6797003 255 0 0
-0.0543187 -0.1495559 0.6797029 255 0 0
-0.0527671 -0.1497115 0.6804103 255 0 0
-0.0511857 -0.1497897 0.6807659 255 0 0
-0.0496542 -0.1500237 0.6818293 255 0 0
-0.0480928 -0.1501803 0.6825411 255 0 0
-0.0465282 -0.1503373 0.6832543 255 0 0
-0.0449837 -0.1505730 0.6843256 255 0 0
-0.0435254 -0.1511251 0.6868349 255 0 0
-0.0420342 -0.1516017 0.6890007 255 0 0
-0.0404696 -0.1518414 0.6900901 255 0 0
-0.0389411 -0.1522421 0.6919116 255 0 0
-0.0372666 -0.1520824 0.6911856 255 0 0
-0.0357650 -0.1526456 0.6937454 255 0 0
-0.0343067 -0.1534573 0.6974342 255 0 0
-0.0312258 -0.1545253 0.7022880 255 0 0
-0.0296772 -0.1551068 0.7049308 255 0 0
-0.0266545 -0.1675235 0.7613627 255 0 0
-0.3777919 -0.1568559 0.7206290 255 0 0
-0.3756773 -0.1566843 0.7198408 255 0 0
-0.3713279 -0.1555748 0.7147438 255 0 0
-0.3688361 -0.1552371 0.7131920 255 0 0
-0.3599120 -0.1521765 0.6991313 255 0 0
-0.3573087 -0.1517726 0.6972756 255 0 0
-0.3560407 -0.1519348 0.6980205 255 0 0
-0.3540154 -0.1517738 0.6972810 255 0 0
-0.3514347 -0.1513720 0.6954352 255 0 0
-0.3497924 -0.1513726 0.6954379 255 0 0
-0.3483347 -0.1514535 0.6958095 255 0 0
-0.3463241 -0.1512936 0.6950748 255 0 0
-0.3455983 -0.1516961 0.6969241 255 0 0
-0.3428594 -0.1512146 0.6947120 255 0 0
-0.3406775 -0.1509753 0.6936126 255 0 0
-0.3395782 -0.1512158 0.6947174 255 0 0
-0.3372231 -0.1508967 0.6932514 255 0 0
-0.3354086 -0.1508176 0.6928878 255 0 0
-0.3335961 -0.1507385 0.6925247 255 0 0
-0.3323115 -0.1508984 0.6932594 255 0 0
-0.3306742 -0.1508990 0.6932621 255 0 0
-0.3283440 -0.1505818 0.6918049 255 0 0
-0.3267102 -0.1505824 0.6918076 255 0 0
-0.3252479 -0.1506625 0.6921753 255 0 0
-0.3236133 -0.1506630 0.6921780 255 0 0
-0.3221486 -0.1507432 0.6925462 255 0 0
-0.3203438 -0.1506642 0.6921834 255 0 0
-0.3188774 -0.1507444 0.6925516 255 0 0
-0.3174093 -0.1508246 0.6929201 255 0 0
-0.3157729 -0.1508252 0.6929228 255 0 0
-0.3143024 -0.1509055 0.6932917 255 0 0
-0.3124998 -0.1508263 0.6929281 255 0 0
-0.3110276 -0.1509066 0.6932970 255 0 0
-0.3092268 -0.1508275 0.6929335 255 0 0
-0.3075902 -0.1508281 0.6929362 255 0 0
-0.3059537 -0.1508287 0.6929389 255 0 0
-0.3043171 -0.1508292 0.6929415 255 0 0
-0.3025207 -0.1507502 0.6925784 255 0 0
-0.3008849 -0.1507508 0.6925811 255 0 0
-0.2994072 -0.1508310 0.6929496 255 0 0
-0.2977706 -0.1508316 0.6929523 255 0 0
-0.2962905 -0.1509119 0.6933212 255 0 0
-0.2943418 -0.1507531 0.6925918 255 0 0
-0.2927060 -0.1507537 0.6925945 255 0 0
-0.2910702 -0.1507543 0.6925972 255 0 0
-0.2891291 -0.1505958 0.6918693 255 0 0
-0.2874950 -0.1505964 0.6918719 255 0 0
-0.2858608 -0.1505970 0.6918746 255 0 0
-0.2840768 -0.1505182 0.6915126 255 0 0
-0.2824436 -0.1505188 0.6915153 255 0 0
-0.2808103 -0.1505194 0.6915179 255 0 0
-0.2787361 -0.1502823 0.6904288 255 0 0
-0.2773974 -0.1504412 0.6911590 255 0 0
-0.2748959 -0.1499678 0.6889837 255 0 0
-0.2735559 -0.1501260 0.6897109 255 0 0
-0.2719269 -0.1501266 0.6897135 255 0 0
-0.2701557 -0.1500483 0.6893538 255 0 0
-0.2681048 -0.1498127 0.6882714 255 0 0
-0.2661998 -0.1496563 0.6875526 255 0 0
-0.2638853 -0.1492663 0.6857610 255 0 0
-0.2617162 -0.1489543 0.6843274 255 0 0
-0.2598288 -0.1487996 0.6836169 255 0 0
-0.2572757 -0.1482594 0.6811351 255 0 0
-0.2548728 -0.1477996 0.6790225 255 0 0
-0.2535314 -0.1479533 0.6797287 255 0 0
-0.2519258 -0.1479538 0.6797313 255 0 0
-0.2494157 -0.1474198 0.6772776 255 0 0
-0.2475603 -0.1472683 0.6765817 255 0 0
-0.2458354 -0.1471929 0.6762356 255 0 0
-0.2443640 -0.1472694 0.6765869 255 0 0
-0.2409032 -0.1461401 0.6713986 255 0 0
-0.2393173 -0.1461407 0.6714012 255 0 0
-0.2376098 -0.1460665 0.6710604 255 0 0
-0.2355428 -0.1457688 0.6696929 255 0 0
-0.2330094 -0.1451766 0.6669720 255 0 0
-0.2313163 -0.1451034 0.6666356 255 0 0
-0.2292756 -0.1448096 0.6652862 255 0 0
-0.2275887 -0.1447368 0.6649515 255 0 0
-0.2253328 -0.1442986 0.6629382 255 0 0
-0.2233155 -0.1440081 0.6616037 255 0 0
-0.2215292 -0.1438635 0.6609396 255 0 0
-0.2199679 -0.1438641 0.6609422 255 0 0
-0.2182967 -0.1437922 0.6606120 255 0 0
-0.2166271 -0.1437204 0.6602821 255 0 0
-0.2149600 -0.1436493 0.6599551 255 0 0
-0.2120545 -0.1437945 0.6606222 255 0 0
-0.2091440 -0.1439405 0.6612932 255 0 0
-0.2062283 -0.1440874 0.6619682 255 0 0
-0.2033052 -0.1442335 0.6626394 255 0 0
-0.2019438 -0.1443799 0.6633119 255 0 0
-0.2005796 -0.1445266 0.6639858 255 0 0
-0.1991118 -0.1446003 0.6643246 255 0 0
-0.1975424 -0.1446009 0.6643271 255 0 0
-0.1960723 -0.1446747 0.6646662 255 0 0
-0.1946007 -0.1447486 0.6650056 255 0 0
-0.1931276 -0.1448225 0.6653454 255 0 0
-0.1916530 -0.1448966 0.6656855 255 0 0
-0.1902734 -0.1450443 0.6663642 255 0 0
-0.1888910 -0.1451923 0.6670443 255 0 0
-0.1874105 -0.1452667 0.6673862 255 0 0
-0.1861178 -0.1454893 0.6684086 255 0 0
-0.1842572 -0.1452678 0.6673913 255 0 0
-0.1826805 -0.1452684 0.6673939 255 0 0
-0.1811038 -0.1452690 0.6673965 255 0 0
-0.1795278 -0.1452701 0.6674017 255 0 0
-0.1778607 -0.1451968 0.6670650 255 0 0
-0.1762847 -0.1451974 0.6670676 255 0 0
-0.1746200 -0.1451242 0.6667312 255 0 0
-0.1729570 -0.1450510 0.6663952 255 0 0
-0.1712088 -0.1449044 0.6657217 255 0 0
-0.1696360 -0.1449050 0.6657242 255 0 0
-0.1678928 -0.1447587 0.6650520 255 0 0
-0.1662374 -0.1446859 0.6647177 255 0 0
-0.1646670 -0.1446864 0.6647202 255 0 0
-0.1630139 -0.1446138 0.6643863 255 0 0
-0.1612810 -0.1444680 0.6637167 255 0 0
-0.1596322 -0.1443955 0.6633838 255 0 0
-0.1579850 -0.1443232 0.6630512 255 0 0
-0.1562606 -0.1441780 0.6623844 255 0 0
-0.1546176 -0.1441058 0.6620528 255 0 0
-0.1530534 -0.1441064 0.6620553 255 0 0
-0.1515657 -0.1441797 0.6623921 255 0 0
-0.1498495 -0.1440348 0.6617267 255 0 0
-0.1484357 -0.1441808 0.6623972 255 0 0
-0.1467967 -0.1441086 0.6620656 255 0 0
-0.1453057 -0.1441819 0.6624023 255 0 0
-0.1438133 -0.1442553 0.6627395 255 0 0
-0.1423193 -0.1443287 0.6630769 255 0 0
-0.1408239 -0.1444023 0.6634147 255 0 0
-0.1394679 -0.1446221 0.6644248 255 0 0
-0.1379679 -0.1446960 0.6647640 255 0 0
-0.1364664 -0.1447699 0.6651034 255 0 0
-0.1349634 -0.1448438 0.6654433 255 0 0
-0.1335943 -0.1450651 0.6664597 255 0 0
-0.1321539 -0.1452131 0.6671399 255 0 0
-0.1307105 -0.1453615 0.6678214 255 0 0
-0.1293960 -0.1456585 0.6691862 255 0 0
-0.1277498 -0.1455849 0.6688477 255 0 0
-0.1263626 -0.1458083 0.6698744 255 0 0
-0.1247162 -0.1457345 0.6695353 255 0 0
-0.1231971 -0.1458095 0.6698796 255 0 0
-0.1217386 -0.1459590 0.6705668 255 0 0
-0.1201541 -0.1459596 0.6705694 255 0 0
-0.1185697 -0.1459602 0.6705720 255 0 0
-0.1170451 -0.1460354 0.6709175 255 0 0
-0.1154598 -0.1460359 0.6709200 255 0 0
-0.1138746 -0.1460365 0.6709226 255 0 0
-0.1124042 -0.1461865 0.6716118 255 0 0
-0.1110446 -0.1464869 0.6729921 255 0 0
-0.1095667 -0.1466379 0.6736856 255 0 0
-0.1081414 -0.1468646 0.6747272 255 0 0
-0.1067117 -0.1470920 0.6757721 255 0 0
-0.1052233 -0.1472443 0.6764714 255 0 0
-0.1035715 -0.1471690 0.6761255 255 0 0
-0.1020264 -0.1472454 0.6764766 255 0 0
-0.1004279 -0.1472460 0.6764792 255 0 0
-0.0987277 -0.1470949 0.6757852 255 0 0
-0.0970309 -0.1469442 0.6750926 255 0 0
-0.0953867 -0.1468692 0.6747481 255 0 0
-0.0937923 -0.1468697 0.6747507 255 0 0
-0.0921505 -0.1467948 0.6744066 255 0 0
-0.0905104 -0.1467200 0.6740629 255 0 0
-0.0889176 -0.1467206 0.6740655 255 0 0
-0.0872799 -0.1466459 0.6737221 255 0 0
-0.0856879 -0.1466464 0.6737247 255 0 0
-0.0840527 -0.1465717 0.6733816 255 0 0
-0.0825038 -0.1466475 0.6737299 255 0 0
-0.0809118 -0.1466481 0.6737325 255 0 0
-0.0793197 -0.1466487 0.6737351 255 0 0
-0.0776878 -0.1465740 0.6733921 255 0 0
-0.0760965 -0.1465746 0.6733947 255 0 0
-0.0745435 -0.1466504 0.6737429 255 0 0
-0.0729889 -0.1467263 0.6740916 255 0 0
-0.0714693 -0.1468777 0.6747873 255 0 0
-0.0698388 -0.1468028 0.6744432 255 0 0
-0.0683504 -0.1470300 0.6754871 255 0 0
-0.0668230 -0.1471821 0.6761857 255 0 0
-0.0652587 -0.1472585 0.6765369 255 0 0
-0.0636927 -0.1473350 0.6768883 255 0 0
-0.0621573 -0.1474877 0.6775898 255 0 0
-0.0605560 -0.1474883 0.6775925 255 0 0
-0.0590157 -0.1476413 0.6782954 255 0 0
-0.0574424 -0.1477182 0.6786487 255 0 0
-0.0558965 -0.1478717 0.6793538 255 0 0
-0.0543192 -0.1479488 0.6797082 255 0 0
-0.0527949 -0.1481796 0.6807685 255 0 0
-0.0512127 -0.1482571 0.6811244 255 0 0
-0.0496804 -0.1484888 0.6821890 255 0 0
-0.0481934 -0.1488762 0.6839691 255 0 0
-0.0466013 -0.1489545 0.6843283 255 0 0
-0.0450781 -0.1492663 0.6857611 255 0 0
-0.0436399 -0.1498934 0.6886420 255 0 0
-0.0421895 -0.1505257 0.6915472 255 0 0
-0.0405980 -0.1506851 0.6922792 255 0 0
-0.0390856 -0.1511640 0.6944796 255 0 0
-0.0374443 -0.1511646 0.6944823 255 0 0
-0.0358031 -0.1511652 0.6944850 255 0 0
-0.0343070 -0.1518084 0.6974397 255 0 0
-0.0312930 -0.1531927 0.7037997 255 0 0
-0.0283063 -0.1648621 0.7574115 255 0 0
-0.3784186 -0.1554082 0.7218245 255 0 0
-0.3758865 -0.1550674 0.7202417 255 0 0
-0.3717360 -0.1540528 0.7155293 255 0 0
-0.3609886 -0.1502827 0.6980179 255 0 0
-0.3572488 -0.1494086 0.6939581 255 0 0
-0.3557984 -0.1494883 0.6943282 255 0 0
-0.3543463 -0.1495680 0.6946986 255 0 0
-0.3517741 -0.1491735 0.6928664 255 0 0
-0.3506937 -0.1494109 0.6939689 255 0 0
-0.3492396 -0.1494906 0.6943389 255 0 0
-0.3475998 -0.1494911 0.6943416 255 0 0
-0.3454115 -0.1492547 0.6932433 255 0 0
-0.3441382 -0.1494132 0.6939796 255 0 0
-0.3419566 -0.1491770 0.6928825 255 0 0
-0.3397818 -0.1489415 0.6917889 255 0 0
-0.3386839 -0.1491782 0.6928879 255 0 0
-0.3363369 -0.1488642 0.6914296 255 0 0
-0.3350572 -0.1490219 0.6921620 255 0 0
-0.3335987 -0.1491011 0.6925302 255 0 0
-0.3319632 -0.1491017 0.6925328 255 0 0
-0.3298065 -0.1488671 0.6914430 255 0 0
-0.3281736 -0.1488677 0.6914457 255 0 0
-0.3263686 -0.1487898 0.6910841 255 0 0
-0.3247364 -0.1487904 0.6910868 255 0 0
-0.3231044 -0.1487910 0.6910895 255 0 0
-0.3216417 -0.1488700 0.6914564 255 0 0
-0.3200086 -0.1488705 0.6914591 255 0 0
-0.3185435 -0.1489496 0.6918264 255 0 0
-0.3167425 -0.1488717 0.6914644 255 0 0
-0.3152757 -0.1489508 0.6918318 255 0 0
-0.3138072 -0.1490300 0.6921995 255 0 0
-0.3121724 -0.1490305 0.6922022 255 0 0
-0.3105376 -0.1490311 0.6922049 255 0 0
-0.3085772 -0.1488746 0.6914778 255 0 0
-0.3074302 -0.1491110 0.6925758 255 0 0
-0.3054719 -0.1489542 0.6918479 255 0 0
-0.3039983 -0.1490334 0.6922156 255 0 0
-0.3022039 -0.1489554 0.6918532 255 0 0
-0.3002532 -0.1487990 0.6911269 255 0 0
-0.2987783 -0.1488780 0.6914939 255 0 0
-0.2969885 -0.1488002 0.6911323 255 0 0
-0.2952007 -0.1487224 0.6907710 255 0 0
-0.2937239 -0.1488013 0.6911377 255 0 0
-0.2920915 -0.1488019 0.6911404 255 0 0
-0.2901533 -0.1486459 0.6904155 255 0 0
-0.2885226 -0.1486464 0.6904181 255 0 0
-0.2865903 -0.1484907 0.6896949 255 0 0
-0.2851112 -0.1485694 0.6900603 255 0 0
-0.2833323 -0.1484919 0.6897002 255 0 0
-0.2815553 -0.1484144 0.6893405 255 0 0
-0.2797801 -0.1483370 0.6889811 255 0 0
-0.2780068 -0.1482597 0.6886221 255 0 0
-0.2763803 -0.1482603 0.6886248 255 0 0
-0.2746096 -0.1481831 0.6882662 255 0 0
-0.2725550 -0.1479508 0.6871873 255 0 0
-0.2707900 -0.1478739 0.6868301 255 0 0
-0.2687467 -0.1476432 0.6857584 255 0 0
-0.2669874 -0.1475666 0.6854028 255 0 0
-0.2649532 -0.1473363 0.6843328 255 0 0
-0.2626517 -0.1469536 0.6825553 255 0 0
-0.2610396 -0.1469541 0.6825580 255 0 0
-0.2590210 -0.1467245 0.6814916 255 0 0
-0.2566135 -0.1462704 0.6793821 255 0 0
-0.2546133 -0.1460440 0.6783309 255 0 0
-0.2530110 -0.1460446 0.6783335 255 0 0
-0.2512788 -0.1459697 0.6779856 255 0 0
-0.2491623 -0.1456692 0.6765897 255 0 0
-0.2469275 -0.1452951 0.6748523 255 0 0
-0.2454597 -0.1453704 0.6752021 255 0 0
-0.2436140 -0.1452215 0.6745105 255 0 0
-0.2406588 -0.1444049 0.6707175 255 0 0
-0.2393192 -0.1445532 0.6714064 255 0 0
-0.2371265 -0.1441849 0.6696955 255 0 0
-0.2354245 -0.1441119 0.6693565 255 0 0
-0.2328928 -0.1435266 0.6666383 255 0 0
-0.2313181 -0.1435272 0.6666408 255 0 0
-0.2296267 -0.1434549 0.6663049 255 0 0
-0.2277059 -0.1432372 0.6652939 255 0 0
-0.2252207 -0.1426591 0.6626086 255 0 0
-0.2232046 -0.1423720 0.6612754 255 0 0
-0.2215309 -0.1423008 0.6609448 255 0 0
-0.2199696 -0.1423014 0.6609474 255 0 0
-0.2182984 -0.1422303 0.6606172 255 0 0
-0.2167379 -0.1422309 0.6606197 255 0 0
-0.2150690 -0.1421598 0.6602898 255 0 0
-0.2136168 -0.1422320 0.6606249 255 0 0
-0.2121630 -0.1423042 0.6609602 255 0 0
-0.2106017 -0.1423047 0.6609628 255 0 0
-0.2091457 -0.1423770 0.6612985 255 0 0
-0.2076881 -0.1424493 0.6616344 255 0 0
-0.2064374 -0.1426657 0.6626394 255 0 0
-0.2047687 -0.1425942 0.6623075 255 0 0
-0.2034095 -0.1427389 0.6629794 255 0 0
-0.2019453 -0.1428116 0.6633171 255 0 0
-0.2003783 -0.1428121 0.6633196 255 0 0
-0.1990126 -0.1429572 0.6639936 255 0 0
-0.1975440 -0.1430302 0.6643323 255 0 0
-0.1960738 -0.1431032 0.6646714 255 0 0
-0.1946022 -0.1431762 0.6650108 255 0 0
-0.1931291 -0.1432494 0.6653506 255 0 0
-0.1916545 -0.1433226 0.6656908 255 0 0
-0.1902749 -0.1434688 0.6663694 255 0 0
-0.1888925 -0.1436152 0.6670495 255 0 0
-0.1874120 -0.1436888 0.6673914 255 0 0
-0.1858353 -0.1436893 0.6673940 255 0 0
-0.1843524 -0.1437630 0.6677362 255 0 0
-0.1825898 -0.1436180 0.6670625 255 0 0
-0.1809219 -0.1435455 0.6667261 255 0 0
-0.1794380 -0.1436191 0.6670676 255 0 0
-0.1777717 -0.1435467 0.6667312 255 0 0
-0.1762861 -0.1436202 0.6670728 255 0 0
-0.1747102 -0.1436208 0.6670754 255 0 0
-0.1729583 -0.1434754 0.6664004 255 0 0
-0.1712970 -0.1434031 0.6660647 255 0 0
-0.1696373 -0.1433310 0.6657294 255 0 0
-0.1680645 -0.1433315 0.6657320 255 0 0
-0.1663229 -0.1431868 0.6650597 255 0 0
-0.1646683 -0.1431148 0.6647255 255 0 0
-0.1629327 -0.1429705 0.6640553 255 0 0
-0.1612823 -0.1428988 0.6637220 255 0 0
-0.1597142 -0.1428993 0.6637245 255 0 0
-0.1579863 -0.1427555 0.6630564 255 0 0
-0.1564197 -0.1427560 0.6630589 255 0 0
-0.1546188 -0.1425405 0.6620579 255 0 0
-0.1532092 -0.1426850 0.6627292 255 0 0
-0.1515669 -0.1426136 0.6623973 255 0 0
-0.1500777 -0.1426861 0.6627344 255 0 0
-0.1485119 -0.1426867 0.6627370 255 0 0
-0.1469461 -0.1426872 0.6627395 255 0 0
-0.1453803 -0.1426878 0.6627421 255 0 0
-0.1440326 -0.1429048 0.6637502 255 0 0
-0.1423924 -0.1428332 0.6634173 255 0 0
-0.1410388 -0.1430507 0.6644275 255 0 0
-0.1395397 -0.1431237 0.6647667 255 0 0
-0.1381090 -0.1432694 0.6654434 255 0 0
-0.1366753 -0.1434154 0.6661215 255 0 0
-0.1351701 -0.1434888 0.6664624 255 0 0
-0.1337312 -0.1436352 0.6671426 255 0 0
-0.1322894 -0.1437819 0.6678241 255 0 0
-0.1307781 -0.1438557 0.6681667 255 0 0
-0.1293970 -0.1440763 0.6691914 255 0 0
-0.1279464 -0.1442240 0.6698771 255 0 0
-0.1264281 -0.1442982 0.6702218 255 0 0
-0.1248446 -0.1442987 0.6702244 255 0 0
-0.1233239 -0.1443730 0.6705694 255 0 0
-0.1217395 -0.1443736 0.6705720 255 0 0
-0.1202165 -0.1444479 0.6709175 255 0 0
-0.1185101 -0.1443010 0.6702348 255 0 0
-0.1169862 -0.1443752 0.6705798 255 0 0
-0.1154017 -0.1443758 0.6705824 255 0 0
-0.1139337 -0.1445241 0.6712710 255 0 0
-0.1125202 -0.1447467 0.6723052 255 0 0
-0.1111024 -0.1449701 0.6733426 255 0 0
-0.1096239 -0.1451195 0.6740369 255 0 0
-0.1080867 -0.1451947 0.6743858 255 0 0
-0.1067126 -0.1454943 0.6757774 255 0 0
-0.1052784 -0.1457199 0.6768255 255 0 0
-0.1037326 -0.1457957 0.6771774 255 0 0
-0.1020798 -0.1457211 0.6768308 255 0 0
-0.1005843 -0.1458721 0.6775321 255 0 0
-0.0987793 -0.1455721 0.6761386 255 0 0
-0.0970816 -0.1454228 0.6754453 255 0 0
-0.0954856 -0.1454233 0.6754479 255 0 0
-0.0937448 -0.1451997 0.6744093 255 0 0
-0.0921986 -0.1452749 0.6747586 255 0 0
-0.0905576 -0.1452009 0.6744145 255 0 0
-0.0889639 -0.1452014 0.6744171 255 0 0
-0.0872806 -0.1450529 0.6737274 255 0 0
-0.0857326 -0.1451280 0.6740760 255 0 0
-0.0840965 -0.1450540 0.6737326 255 0 0
-0.0825045 -0.1450546 0.6737352 255 0 0
-0.0808709 -0.1449807 0.6733922 255 0 0
-0.0793204 -0.1450557 0.6737404 255 0 0
-0.0777682 -0.1451308 0.6740891 255 0 0
-0.0761362 -0.1450568 0.6737456 255 0 0
-0.0745824 -0.1451319 0.6740943 255 0 0
-0.0730269 -0.1452070 0.6744432 255 0 0
-0.0714699 -0.1452823 0.6747926 255 0 0
-0.0699472 -0.1454324 0.6754897 255 0 0
-0.0683862 -0.1455078 0.6758402 255 0 0
-0.0668235 -0.1455833 0.6761910 255 0 0
-0.0652928 -0.1457340 0.6768910 255 0 0
-0.0637261 -0.1458098 0.6772429 255 0 0
-0.0621578 -0.1458856 0.6775951 255 0 0
-0.0606191 -0.1460370 0.6782981 255 0 0
-0.0590772 -0.1461886 0.6790025 255 0 0
-0.0575024 -0.1462649 0.6793566 255 0 0
-0.0559838 -0.1464929 0.6804157 255 0 0
-0.0544323 -0.1466455 0.6811245 255 0 0
-0.0528227 -0.1466461 0.6811271 255 0 0
-0.0512929 -0.1468753 0.6821918 255 0 0
-0.0497583 -0.1471052 0.6832597 255 0 0
-0.0482693 -0.1474897 0.6850453 255 0 0
-0.0467479 -0.1477988 0.6864811 255 0 0
-0.0452439 -0.1481868 0.6882835 255 0 0
-0.0437550 -0.1486551 0.6904585 255 0 0
-0.0421676 -0.1488123 0.6911884 255 0 0
-0.0407056 -0.1494424 0.6941151 255 0 0
-0.0391273 -0.1496804 0.6952207 255 0 0
-0.0374843 -0.1496810 0.6952234 255 0 0
-0.0359174 -0.1499994 0.6967021 255 0 0
-0.0328509 -0.1510421 0.7015455 255 0 0
-0.0314111 -0.1520995 0.7064567 255 0 0
-0.0282739 -0.1628833 0.7565442 255 0 0
-0.3796753 -0.1542108 0.7242217 255 0 0
-0.3662372 -0.1494264 0.7017526 255 0 0
-0.3586318 -0.1469890 0.6903059 255 0 0
-0.3566262 -0.1468350 0.6895827 255 0 0
-0.3563091 -0.1473779 0.6921325 255 0 0
-0.3546746 -0.1473785 0.6921352 255 0 0
-0.3526680 -0.1472237 0.6914083 255 0 0
-0.3508502 -0.1471467 0.6910467 255 0 0
-0.3492183 -0.1471473 0.6910493 255 0 0
-0.3477696 -0.1472254 0.6914163 255 0 0
-0.3457722 -0.1470709 0.6906908 255 0 0
-0.3439600 -0.1469941 0.6903300 255 0 0
-0.3425100 -0.1470721 0.6906962 255 0 0
-0.3406994 -0.1469952 0.6903353 255 0 0
-0.3390705 -0.1469964 0.6903407 255 0 0
-0.3374401 -0.1469969 0.6903434 255 0 0
-0.3359866 -0.1470749 0.6907095 255 0 0
-0.3343554 -0.1470755 0.6907122 255 0 0
-0.3327242 -0.1470760 0.6907148 255 0 0
-0.3310930 -0.1470766 0.6907175 255 0 0
-0.3292884 -0.1469998 0.6903567 255 0 0
-0.3276580 -0.1470004 0.6903594 255 0 0
-0.3261993 -0.1470783 0.6907256 255 0 0
-0.3245680 -0.1470789 0.6907282 255 0 0
-0.3231069 -0.1471570 0.6910949 255 0 0
-0.3211363 -0.1470026 0.6903701 255 0 0
-0.3196741 -0.1470806 0.6907363 255 0 0
-0.3180428 -0.1470812 0.6907390 255 0 0
-0.3167450 -0.1472368 0.6914699 255 0 0
-0.3151120 -0.1472374 0.6914726 255 0 0
-0.3136442 -0.1473156 0.6918399 255 0 0
-0.3121749 -0.1473939 0.6922076 255 0 0
-0.3103763 -0.1473168 0.6918452 255 0 0
-0.3087423 -0.1473173 0.6918479 255 0 0
-0.3071083 -0.1473179 0.6918506 255 0 0
-0.3054743 -0.1473185 0.6918533 255 0 0
-0.3036802 -0.1472414 0.6914913 255 0 0
-0.3017289 -0.1470869 0.6907657 255 0 0
-0.3002555 -0.1471650 0.6911324 255 0 0
-0.2983089 -0.1470106 0.6904075 255 0 0
-0.2968345 -0.1470886 0.6907737 255 0 0
-0.2953585 -0.1471667 0.6911404 255 0 0
-0.2934169 -0.1470123 0.6904156 255 0 0
-0.2914795 -0.1468583 0.6896923 255 0 0
-0.2898505 -0.1468589 0.6896949 255 0 0
-0.2880701 -0.1467823 0.6893352 255 0 0
-0.2861412 -0.1466288 0.6886142 255 0 0
-0.2843655 -0.1465524 0.6882555 255 0 0
-0.2825917 -0.1464761 0.6878973 255 0 0
-0.2808197 -0.1463999 0.6875395 255 0 0
-0.2789034 -0.1462472 0.6868222 255 0 0
-0.2771361 -0.1461712 0.6864655 255 0 0
-0.2755147 -0.1461718 0.6864681 255 0 0
-0.2734640 -0.1459433 0.6853949 255 0 0
-0.2714208 -0.1457160 0.6843276 255 0 0
-0.2696638 -0.1456406 0.6839735 255 0 0
-0.2680482 -0.1456411 0.6839761 255 0 0
-0.2661552 -0.1454900 0.6832663 255 0 0
-0.2641286 -0.1452636 0.6822031 255 0 0
-0.2625172 -0.1452642 0.6822057 255 0 0
-0.2606348 -0.1451138 0.6814996 255 0 0
-0.2587563 -0.1449638 0.6807950 255 0 0
-0.2566155 -0.1446641 0.6793875 255 0 0
-0.2547470 -0.1445150 0.6786872 255 0 0
-0.2528822 -0.1443662 0.6779884 255 0 0
-0.2511510 -0.1442921 0.6776408 255 0 0
-0.2487794 -0.1438469 0.6755499 255 0 0
-0.2468025 -0.1436256 0.6745106 255 0 0
-0.2450832 -0.1435524 0.6741666 255 0 0
-0.2428677 -0.1431856 0.6724441 255 0 0
-0.2411557 -0.1431128 0.6721023 255 0 0
-0.2390783 -0.1428207 0.6707305 255 0 0
-0.2371303 -0.1426026 0.6697060 255 0 0
-0.2347097 -0.1420954 0.6673243 255 0 0
-0.2330130 -0.1420226 0.6669825 255 0 0
-0.2309697 -0.1417361 0.6656367 255 0 0
-0.2291648 -0.1415930 0.6649646 255 0 0
-0.2273636 -0.1414501 0.6642938 255 0 0
-0.2249970 -0.1409511 0.6619504 255 0 0
-0.2232081 -0.1408096 0.6612858 255 0 0
-0.2215327 -0.1407381 0.6609500 255 0 0
-0.2198606 -0.1406678 0.6606198 255 0 0
-0.2184101 -0.1407392 0.6609551 255 0 0
-0.2167396 -0.1406689 0.6606249 255 0 0
-0.2151790 -0.1406695 0.6606275 255 0 0
-0.2136184 -0.1406700 0.6606300 255 0 0
-0.2121647 -0.1407414 0.6609654 255 0 0
-0.2104981 -0.1406716 0.6606377 255 0 0
-0.2090427 -0.1407430 0.6609731 255 0 0
-0.2062316 -0.1409571 0.6619785 255 0 0
-0.2047711 -0.1410288 0.6623152 255 0 0
-0.2018449 -0.1411719 0.6629871 255 0 0
-0.2003799 -0.1412438 0.6633248 255 0 0
-0.1991149 -0.1414589 0.6643350 255 0 0
-0.1977457 -0.1416028 0.6650109 255 0 0
-0.1960754 -0.1415316 0.6646766 255 0 0
-0.1947024 -0.1416757 0.6653532 255 0 0
-0.1931306 -0.1416763 0.6653559 255 0 0
-0.1917532 -0.1418206 0.6660338 255 0 0
-0.1902764 -0.1418932 0.6663746 255 0 0
-0.1887980 -0.1419659 0.6667158 255 0 0
-0.1874134 -0.1421108 0.6673966 255 0 0
-0.1858368 -0.1421114 0.6673992 255 0 0
-0.1842601 -0.1421119 0.6674018 255 0 0
-0.1827763 -0.1421848 0.6677440 255 0 0
-0.1811067 -0.1421130 0.6674070 255 0 0
-0.1796220 -0.1421864 0.6677517 255 0 0
-0.1780445 -0.1421870 0.6677543 255 0 0
-0.1763772 -0.1421152 0.6674173 255 0 0
-0.1748004 -0.1421158 0.6674199 255 0 0
-0.1730476 -0.1419719 0.6667442 255 0 0
-0.1713853 -0.1419004 0.6664082 255 0 0
-0.1697247 -0.1418289 0.6660725 255 0 0
-0.1681511 -0.1418294 0.6660751 255 0 0
-0.1664930 -0.1417580 0.6657398 255 0 0
-0.1647530 -0.1416149 0.6650676 255 0 0
-0.1631817 -0.1416154 0.6650701 255 0 0
-0.1615286 -0.1415443 0.6647359 255 0 0
-0.1597963 -0.1414016 0.6640657 255 0 0
-0.1581473 -0.1413306 0.6637323 255 0 0
-0.1565000 -0.1412597 0.6633993 255 0 0
-0.1547762 -0.1411176 0.6627319 255 0 0
-0.1532104 -0.1411181 0.6627344 255 0 0
-0.1516446 -0.1411186 0.6627370 255 0 0
-0.1501547 -0.1411905 0.6630744 255 0 0
-0.1485881 -0.1411910 0.6630770 255 0 0
-0.1471702 -0.1413344 0.6637504 255 0 0
-0.1455284 -0.1412635 0.6634173 255 0 0
-0.1440338 -0.1413355 0.6637555 255 0 0
-0.1425376 -0.1414076 0.6640939 255 0 0
-0.1411829 -0.1416231 0.6651062 255 0 0
-0.1396823 -0.1416955 0.6654460 255 0 0
-0.1382502 -0.1418399 0.6661241 255 0 0
-0.1368153 -0.1419846 0.6668036 255 0 0
-0.1353086 -0.1420573 0.6671452 255 0 0
-0.1338003 -0.1421301 0.6674871 255 0 0
-0.1323578 -0.1422754 0.6681693 255 0 0
-0.1309124 -0.1424209 0.6688530 255 0 0
-0.1293980 -0.1424941 0.6691967 255 0 0
-0.1280127 -0.1427130 0.6702245 255 0 0
-0.1264937 -0.1427864 0.6705695 255 0 0
-0.1248455 -0.1427141 0.6702297 255 0 0
-0.1233249 -0.1427875 0.6705747 255 0 0
-0.1217405 -0.1427881 0.6705773 255 0 0
-0.1201560 -0.1427886 0.6705799 255 0 0
-0.1185110 -0.1427163 0.6702400 255 0 0
-0.1170469 -0.1428628 0.6709279 255 0 0
-0.1154026 -0.1427903 0.6705877 255 0 0
-0.1138763 -0.1428639 0.6709331 255 0 0
-0.1123484 -0.1429375 0.6712788 255 0 0
-0.1111033 -0.1433780 0.6733479 255 0 0
-0.1096247 -0.1435259 0.6740422 255 0 0
-0.1080876 -0.1436002 0.6743911 255 0 0
-0.1067134 -0.1438965 0.6757827 255 0 0
-0.1052249 -0.1440454 0.6764820 255 0 0
-0.1037870 -0.1442690 0.6775323 255 0 0
-0.1021860 -0.1442696 0.6775349 255 0 0
-0.1005851 -0.1442702 0.6775375 255 0 0
-0.0988820 -0.1441219 0.6768413 255 0 0
-0.0972325 -0.1440482 0.6764951 255 0 0
-0.0955355 -0.1439004 0.6758010 255 0 0
-0.0939386 -0.1439010 0.6758037 255 0 0
-0.0921993 -0.1436796 0.6747639 255 0 0
-0.0905583 -0.1436063 0.6744198 255 0 0
-0.0890104 -0.1436807 0.6747692 255 0 0
-0.0873710 -0.1436074 0.6744250 255 0 0
-0.0857333 -0.1435342 0.6740813 255 0 0
-0.0841404 -0.1435348 0.6740839 255 0 0
-0.0825475 -0.1435353 0.6740865 255 0 0
-0.0809546 -0.1435359 0.6740891 255 0 0
-0.0793617 -0.1435364 0.6740918 255 0 0
-0.0778088 -0.1436107 0.6744407 255 0 0
-0.0761759 -0.1435376 0.6740969 255 0 0
-0.0745447 -0.1434644 0.6737536 255 0 0
-0.0729900 -0.1435387 0.6741022 255 0 0
-0.0715072 -0.1437607 0.6751450 255 0 0
-0.0699478 -0.1438352 0.6754950 255 0 0
-0.0683515 -0.1438358 0.6754977 255 0 0
-0.0668584 -0.1440588 0.6765448 255 0 0
-0.0652933 -0.1441336 0.6768963 255 0 0
-0.0637266 -0.1442086 0.6772482 255 0 0
-0.0621903 -0.1443581 0.6779504 255 0 0
-0.0606509 -0.1445079 0.6786541 255 0 0
-0.0591083 -0.1446581 0.6793593 255 0 0
-0.0575624 -0.1448085 0.6800658 255 0 0
-0.0560424 -0.1450345 0.6811272 255 0 0
-0.0544610 -0.1451104 0.6814834 255 0 0
-0.0529055 -0.1452618 0.6821945 255 0 0
-0.0513734 -0.1454892 0.6832624 255 0 0
-0.0498365 -0.1457173 0.6843337 255 0 0
-0.0482948 -0.1459461 0.6854084 255 0 0
-0.0467972 -0.1463287 0.6872053 255 0 0
-0.0452680 -0.1466364 0.6886501 255 0 0
-0.0437093 -0.1468681 0.6897383 255 0 0
-0.0423240 -0.1477225 0.6937510 255 0 0
-0.0408355 -0.1482717 0.6963299 255 0 0
-0.0392732 -0.1485876 0.6978133 255 0 0
-0.0376241 -0.1485881 0.6978160 255 0 0
-0.0344907 -0.1493030 0.7011735 255 0 0
-0.0330454 -0.1502669 0.7056999 255 0 0
-0.0299757 -0.1606310 0.7543731 255 0 0
-0.0281443 -0.1603551 0.7530775 255 0 0
-0.3560674 -0.1449759 0.6885022 255 0 0
-0.3548141 -0.1451288 0.6892285 255 0 0
-0.3533722 -0.1452057 0.6895935 255 0 0
-0.3515588 -0.1451299 0.6892338 255 0 0
-0.3497474 -0.1450543 0.6888745 255 0 0
-0.3481205 -0.1450548 0.6888771 255 0 0
-0.3468581 -0.1452079 0.6896042 255 0 0
-0.3446872 -0.1449804 0.6885235 255 0 0
-0.3432414 -0.1450571 0.6888878 255 0 0
-0.3414352 -0.1449815 0.6885289 255 0 0
-0.3399877 -0.1450582 0.6888931 255 0 0
-0.3385386 -0.1451350 0.6892579 255 0 0
-0.3367339 -0.1450593 0.6888985 255 0 0
-0.3351070 -0.1450599 0.6889012 255 0 0
-0.3336553 -0.1451367 0.6892658 255 0 0
-0.3322021 -0.1452135 0.6896309 255 0 0
-0.3302262 -0.1450616 0.6889092 255 0 0
-0.3289447 -0.1452147 0.6896362 255 0 0
-0.3271440 -0.1451389 0.6892765 255 0 0
-0.3255162 -0.1451395 0.6892792 255 0 0
-0.3240586 -0.1452164 0.6896443 255 0 0
-0.3225995 -0.1452933 0.6900097 255 0 0
-0.3209699 -0.1452939 0.6900123 255 0 0
-0.3195084 -0.1453709 0.6903782 255 0 0
-0.3178779 -0.1453715 0.6903809 255 0 0
-0.3162474 -0.1453720 0.6903835 255 0 0
-0.3146169 -0.1453726 0.6903862 255 0 0
-0.3133162 -0.1455263 0.6911163 255 0 0
-0.3116840 -0.1455269 0.6911190 255 0 0
-0.3102151 -0.1456042 0.6914860 255 0 0
-0.3085820 -0.1456047 0.6914887 255 0 0
-0.3067872 -0.1455286 0.6911271 255 0 0
-0.3051549 -0.1455292 0.6911297 255 0 0
-0.3032031 -0.1453765 0.6904050 255 0 0
-0.3017313 -0.1454536 0.6907712 255 0 0
-0.2999418 -0.1453777 0.6904103 255 0 0
-0.2981543 -0.1453017 0.6900498 255 0 0
-0.2963686 -0.1452259 0.6896897 255 0 0
-0.2947397 -0.1452265 0.6896924 255 0 0
-0.2932649 -0.1453034 0.6900578 255 0 0
-0.2913286 -0.1451513 0.6893352 255 0 0
-0.2893963 -0.1449995 0.6886142 255 0 0
-0.2876189 -0.1449239 0.6882556 255 0 0
-0.2856936 -0.1447726 0.6875368 255 0 0
-0.2837722 -0.1446216 0.6868196 255 0 0
-0.2818549 -0.1444709 0.6861038 255 0 0
-0.2800879 -0.1443959 0.6857479 255 0 0
-0.2781774 -0.1442457 0.6850344 255 0 0
-0.2762720 -0.1440963 0.6843250 255 0 0
-0.2746556 -0.1440969 0.6843277 255 0 0
-0.2728969 -0.1440223 0.6839736 255 0 0
-0.2711400 -0.1439478 0.6836198 255 0 0
-0.2689647 -0.1436489 0.6822005 255 0 0
-0.2672145 -0.1435748 0.6818486 255 0 0
-0.2654660 -0.1435008 0.6814970 255 0 0
-0.2637193 -0.1434269 0.6811459 255 0 0
-0.2617028 -0.1432044 0.6800892 255 0 0
-0.2599616 -0.1431307 0.6797395 255 0 0
-0.2580886 -0.1429831 0.6790385 255 0 0
-0.2562195 -0.1428358 0.6783389 255 0 0
-0.2540917 -0.1425416 0.6769415 255 0 0
-0.2522325 -0.1423952 0.6762463 255 0 0
-0.2505060 -0.1423224 0.6759006 255 0 0
-0.2486533 -0.1421764 0.6752075 255 0 0
-0.2465509 -0.1418849 0.6738231 255 0 0
-0.2448335 -0.1418126 0.6734797 255 0 0
-0.2426209 -0.1414507 0.6717608 255 0 0
-0.2404187 -0.1410901 0.6700481 255 0 0
-0.2384706 -0.1408748 0.6690258 255 0 0
-0.2364081 -0.1405886 0.6676665 255 0 0
-0.2344730 -0.1403748 0.6666514 255 0 0
-0.2324259 -0.1400906 0.6653019 255 0 0
-0.2306205 -0.1399493 0.6646304 255 0 0
-0.2288187 -0.1398082 0.6639603 255 0 0
-0.2269059 -0.1395968 0.6629564 255 0 0
-0.2247720 -0.1392455 0.6612883 255 0 0
-0.2230975 -0.1391759 0.6609578 255 0 0
-0.2217596 -0.1393168 0.6616269 255 0 0
-0.2198641 -0.1391069 0.6606302 255 0 0
-0.2183035 -0.1391075 0.6606327 255 0 0
-0.2167430 -0.1391080 0.6606353 255 0 0
-0.2149642 -0.1389675 0.6599681 255 0 0
-0.2136201 -0.1391080 0.6606352 255 0 0
-0.2120595 -0.1391085 0.6606377 255 0 0
-0.2106058 -0.1391797 0.6609756 255 0 0
-0.2091506 -0.1392509 0.6613140 255 0 0
-0.2076914 -0.1393206 0.6616448 255 0 0
-0.2062324 -0.1393914 0.6619812 255 0 0
-0.2047719 -0.1394623 0.6623179 255 0 0
-0.2033099 -0.1395333 0.6626549 255 0 0
-0.2018480 -0.1396054 0.6629975 255 0 0
-0.2005843 -0.1398168 0.6640014 255 0 0
-0.1991165 -0.1398881 0.6643401 255 0 0
-0.1976471 -0.1399596 0.6646793 255 0 0
-0.1961763 -0.1400310 0.6650187 255 0 0
-0.1947040 -0.1401026 0.6653585 255 0 0
-0.1932301 -0.1401742 0.6656986 255 0 0
-0.1915603 -0.1401037 0.6653637 255 0 0
-0.1901813 -0.1402464 0.6660416 255 0 0
-0.1887995 -0.1403895 0.6667210 255 0 0
-0.1872244 -0.1403900 0.6667236 255 0 0
-0.1859328 -0.1406049 0.6677440 255 0 0
-0.1842615 -0.1405339 0.6674070 255 0 0
-0.1826848 -0.1405345 0.6674096 255 0 0
-0.1811088 -0.1405356 0.6674148 255 0 0
-0.1796234 -0.1406076 0.6677569 255 0 0
-0.1779553 -0.1405367 0.6674200 255 0 0
-0.1764683 -0.1406087 0.6677621 255 0 0
-0.1747129 -0.1404663 0.6670858 255 0 0
-0.1731369 -0.1404668 0.6670884 255 0 0
-0.1714737 -0.1403960 0.6667520 255 0 0
-0.1698985 -0.1403966 0.6667546 255 0 0
-0.1682379 -0.1403258 0.6664186 255 0 0
-0.1665788 -0.1402551 0.6660829 255 0 0
-0.1650890 -0.1403269 0.6664237 255 0 0
-0.1633486 -0.1401851 0.6657502 255 0 0
-0.1616937 -0.1401145 0.6654152 255 0 0
-0.1598784 -0.1399022 0.6644070 255 0 0
-0.1583889 -0.1399736 0.6647462 255 0 0
-0.1565804 -0.1397618 0.6637401 255 0 0
-0.1549339 -0.1396917 0.6634071 255 0 0
-0.1534441 -0.1397629 0.6637452 255 0 0
-0.1518759 -0.1397634 0.6637478 255 0 0
-0.1502318 -0.1396933 0.6634148 255 0 0
-0.1485892 -0.1396233 0.6630822 255 0 0
-0.1471713 -0.1397650 0.6637555 255 0 0
-0.1456031 -0.1397656 0.6637581 255 0 0
-0.1442538 -0.1399785 0.6647694 255 0 0
-0.1426831 -0.1399790 0.6647719 255 0 0
-0.1411840 -0.1400505 0.6651114 255 0 0
-0.1398962 -0.1403356 0.6664650 255 0 0
-0.1383918 -0.1404074 0.6668062 255 0 0
-0.1369555 -0.1405508 0.6674871 255 0 0
-0.1353785 -0.1405513 0.6674898 255 0 0
-0.1338694 -0.1406234 0.6678320 255 0 0
-0.1322915 -0.1406239 0.6678345 255 0 0
-0.1309802 -0.1409113 0.6691993 255 0 0
-0.1295311 -0.1410557 0.6698850 255 0 0
-0.1280137 -0.1411283 0.6702297 255 0 0
-0.1264947 -0.1412009 0.6705747 255 0 0
-0.1249103 -0.1412015 0.6705773 255 0 0
-0.1234520 -0.1413465 0.6712659 255 0 0
-0.1218037 -0.1412748 0.6709254 255 0 0
-0.1201570 -0.1412031 0.6705852 255 0 0
-0.1186331 -0.1412759 0.6709306 255 0 0
-0.1169880 -0.1412042 0.6705903 255 0 0
-0.1154035 -0.1412048 0.6705929 255 0 0
-0.1138772 -0.1412775 0.6709384 255 0 0
-0.1124068 -0.1414226 0.6716276 255 0 0
-0.1111042 -0.1417860 0.6733532 255 0 0
-0.1096256 -0.1419322 0.6740475 255 0 0
-0.1080884 -0.1420057 0.6743964 255 0 0
-0.1066593 -0.1422254 0.6754402 255 0 0
-0.1052258 -0.1424459 0.6764873 255 0 0
-0.1037878 -0.1426671 0.6775376 255 0 0
-0.1022924 -0.1428151 0.6782404 255 0 0
-0.1006898 -0.1428156 0.6782430 255 0 0
-0.0989338 -0.1425951 0.6771958 255 0 0
-0.0972333 -0.1424487 0.6765004 255 0 0
-0.0956347 -0.1424492 0.6765030 255 0 0
-0.0938910 -0.1422299 0.6754611 255 0 0
-0.0923424 -0.1423036 0.6758115 255 0 0
-0.0906522 -0.1421578 0.6751189 255 0 0
-0.0890569 -0.1421583 0.6751215 255 0 0
-0.0874166 -0.1420858 0.6747771 255 0 0
-0.0858221 -0.1420864 0.6747797 255 0 0
-0.0842276 -0.1420869 0.6747823 255 0 0
-0.0826330 -0.1420875 0.6747849 255 0 0
-0.0809969 -0.1420150 0.6744407 255 0 0
-0.0794031 -0.1420155 0.6744434 255 0 0
-0.0778494 -0.1420891 0.6747927 255 0 0
-0.0762156 -0.1420166 0.6744485 255 0 0
-0.0746219 -0.1420172 0.6744512 255 0 0
-0.0730656 -0.1420908 0.6748006 255 0 0
-0.0715446 -0.1422376 0.6754977 255 0 0
-0.0699483 -0.1422381 0.6755003 255 0 0
-0.0683872 -0.1423119 0.6758507 255 0 0
-0.0668590 -0.1424592 0.6765501 255 0 0
-0.0653275 -0.1426067 0.6772509 255 0 0
-0.0638259 -0.1428284 0.6783035 255 0 0
-0.0622551 -0.1429028 0.6786568 255 0 0
-0.0606828 -0.1429772 0.6790105 255 0 0
-0.0592006 -0.1432743 0.6804211 255 0 0
-0.0576525 -0.1434235 0.6811299 255 0 0
-0.0560719 -0.1434985 0.6814862 255 0 0
-0.0545464 -0.1437229 0.6825519 255 0 0
-0.0529609 -0.1437983 0.6829097 255 0 0
-0.0514273 -0.1440236 0.6839799 255 0 0
-0.0498889 -0.1442497 0.6850533 255 0 0
-0.0483457 -0.1444764 0.6861303 255 0 0
-0.0467976 -0.1447039 0.6872106 255 0 0
-0.0453397 -0.1452367 0.6897411 255 0 0
-0.0436867 -0.1451610 0.6893815 255 0 0
-0.0421905 -0.1456205 0.6915634 255 0 0
-0.0406848 -0.1460828 0.6937591 255 0 0
-0.0392527 -0.1468596 0.6974480 255 0 0
-0.0376644 -0.1470946 0.6985642 255 0 0
-0.0360903 -0.1474090 0.7000571 255 0 0
-0.0336610 -0.1513652 0.7188457 255 0 0
-0.0299415 -0.1586650 0.7535129 255 0 0
-0.3475770 -0.1432010 0.6878015 255 0 0
-0.3457714 -0.1431265 0.6874437 255 0 0
-0.3441480 -0.1431270 0.6874464 255 0 0
-0.3427041 -0.1432026 0.6878095 255 0 0
-0.3409011 -0.1431281 0.6874517 255 0 0
-0.3392776 -0.1431287 0.6874543 255 0 0
-0.3376541 -0.1431292 0.6874570 255 0 0
-0.3362068 -0.1432048 0.6878201 255 0 0
-0.3347580 -0.1432805 0.6881837 255 0 0
-0.3333076 -0.1433563 0.6885476 255 0 0
-0.3315075 -0.1432817 0.6881890 255 0 0
-0.3300554 -0.1433574 0.6885529 255 0 0
-0.3284293 -0.1433580 0.6885556 255 0 0
-0.3268031 -0.1433585 0.6885583 255 0 0
-0.3250064 -0.1432839 0.6881997 255 0 0
-0.3235509 -0.1433596 0.6885636 255 0 0
-0.3219247 -0.1433602 0.6885663 255 0 0
-0.3208037 -0.1435869 0.6896550 255 0 0
-0.3191749 -0.1435874 0.6896577 255 0 0
-0.3178804 -0.1437391 0.6903863 255 0 0
-0.3162499 -0.1437397 0.6903890 255 0 0
-0.3146194 -0.1437402 0.6903917 255 0 0
-0.3133187 -0.1438923 0.6911218 255 0 0
-0.3115223 -0.1438170 0.6907605 255 0 0
-0.3100541 -0.1438934 0.6911271 255 0 0
-0.3084219 -0.1438939 0.6911298 255 0 0
-0.3069513 -0.1439703 0.6914968 255 0 0
-0.3049965 -0.1438193 0.6907712 255 0 0
-0.3032054 -0.1437441 0.6904103 255 0 0
-0.3014162 -0.1436691 0.6900498 255 0 0
-0.2996288 -0.1435941 0.6896898 255 0 0
-0.2979999 -0.1435947 0.6896924 255 0 0
-0.2965268 -0.1436707 0.6900579 255 0 0
-0.2945871 -0.1435203 0.6893353 255 0 0
-0.2928051 -0.1434455 0.6889759 255 0 0
-0.2910250 -0.1433707 0.6886170 255 0 0
-0.2892468 -0.1432961 0.6882583 255 0 0
-0.2873197 -0.1431464 0.6875396 255 0 0
-0.2852473 -0.1429223 0.6864629 255 0 0
-0.2836260 -0.1429228 0.6864656 255 0 0
-0.2818571 -0.1428486 0.6861092 255 0 0
-0.2797976 -0.1426254 0.6850371 255 0 0
-0.2776009 -0.1423292 0.6836146 255 0 0
-0.2759862 -0.1423298 0.6836172 255 0 0
-0.2739433 -0.1421082 0.6825528 255 0 0
-0.2723311 -0.1421087 0.6825555 255 0 0
-0.2702971 -0.1418878 0.6814945 255 0 0
-0.2688271 -0.1419621 0.6818513 255 0 0
-0.2669391 -0.1418153 0.6811460 255 0 0
-0.2649176 -0.1415953 0.6800893 255 0 0
-0.2631748 -0.1415225 0.6797396 255 0 0
-0.2614338 -0.1414497 0.6793902 255 0 0
-0.2592920 -0.1411579 0.6779885 255 0 0
-0.2574245 -0.1410127 0.6772911 255 0 0
-0.2555608 -0.1408678 0.6765952 255 0 0
-0.2537010 -0.1407232 0.6759006 255 0 0
-0.2518450 -0.1405789 0.6752076 255 0 0
-0.2501214 -0.1405071 0.6748629 255 0 0
-0.2480171 -0.1402192 0.6734798 255 0 0
-0.2456706 -0.1397897 0.6714171 255 0 0
-0.2437105 -0.1395760 0.6703905 255 0 0
-0.2418798 -0.1394340 0.6697087 255 0 0
-0.2400528 -0.1392924 0.6690284 255 0 0
-0.2379871 -0.1390094 0.6676691 255 0 0
-0.2360496 -0.1387980 0.6666540 255 0 0
-0.2339993 -0.1385171 0.6653045 255 0 0
-0.2321923 -0.1383773 0.6646330 255 0 0
-0.2302724 -0.1381678 0.6636271 255 0 0
-0.2284736 -0.1380287 0.6629590 255 0 0
-0.2265642 -0.1378204 0.6619582 255 0 0
-0.2247737 -0.1376820 0.6612936 255 0 0
-0.2232116 -0.1376825 0.6612961 255 0 0
-0.2215379 -0.1376137 0.6609656 255 0 0
-0.2197551 -0.1374757 0.6603029 255 0 0
-0.2183052 -0.1375455 0.6606379 255 0 0
-0.2166356 -0.1374768 0.6603079 255 0 0
-0.2151840 -0.1375465 0.6606430 255 0 0
-0.2136234 -0.1375471 0.6606455 255 0 0
-0.2120628 -0.1375476 0.6606481 255 0 0
-0.2107144 -0.1376868 0.6613166 255 0 0
-0.2092577 -0.1377567 0.6616526 255 0 0
-0.2076946 -0.1377573 0.6616552 255 0 0
-0.2063397 -0.1378969 0.6623257 255 0 0
-0.2048785 -0.1379671 0.6626627 255 0 0
-0.2035187 -0.1381071 0.6633353 255 0 0
-0.2020538 -0.1381775 0.6636734 255 0 0
-0.2004860 -0.1381780 0.6636760 255 0 0
-0.1990188 -0.1382485 0.6640144 255 0 0
-0.1977504 -0.1384592 0.6650265 255 0 0
-0.1960800 -0.1383896 0.6646923 255 0 0
-0.1945082 -0.1383891 0.6646896 255 0 0
-0.1932316 -0.1386002 0.6657038 255 0 0
-0.1917562 -0.1386711 0.6660442 255 0 0
-0.1901843 -0.1386727 0.6660520 255 0 0
-0.1887066 -0.1387437 0.6663929 255 0 0
-0.1872259 -0.1388136 0.6667289 255 0 0
-0.1857452 -0.1388847 0.6670704 255 0 0
-0.1844506 -0.1390974 0.6680918 255 0 0
-0.1828737 -0.1390990 0.6680996 255 0 0
-0.1812953 -0.1390996 0.6681023 255 0 0
-0.1796241 -0.1390282 0.6677596 255 0 0
-0.1781372 -0.1390996 0.6681022 255 0 0
-0.1766494 -0.1391715 0.6684476 255 0 0
-0.1748921 -0.1390304 0.6677699 255 0 0
-0.1733145 -0.1390309 0.6677725 255 0 0
-0.1717369 -0.1390314 0.6677751 255 0 0
-0.1698999 -0.1388201 0.6667598 255 0 0
-0.1683246 -0.1388206 0.6667624 255 0 0
-0.1667494 -0.1388211 0.6667650 255 0 0
-0.1650902 -0.1387512 0.6664290 255 0 0
-0.1635158 -0.1387517 0.6664315 255 0 0
-0.1617770 -0.1386115 0.6657580 255 0 0
-0.1601229 -0.1385417 0.6654230 255 0 0
-0.1583901 -0.1384019 0.6647514 255 0 0
-0.1568196 -0.1384024 0.6647540 255 0 0
-0.1550919 -0.1382629 0.6640838 255 0 0
-0.1534453 -0.1381935 0.6637504 255 0 0
-0.1519540 -0.1382640 0.6640889 255 0 0
-0.1503850 -0.1382645 0.6640915 255 0 0
-0.1488160 -0.1382651 0.6640941 255 0 0
-0.1473215 -0.1383356 0.6644328 255 0 0
-0.1458994 -0.1384763 0.6651089 255 0 0
-0.1442549 -0.1384067 0.6647745 255 0 0
-0.1429014 -0.1386179 0.6657889 255 0 0
-0.1414001 -0.1386888 0.6661294 255 0 0
-0.1398263 -0.1386894 0.6661320 255 0 0
-0.1386041 -0.1390428 0.6678294 255 0 0
-0.1370960 -0.1391141 0.6681721 255 0 0
-0.1355864 -0.1391855 0.6685150 255 0 0
-0.1340069 -0.1391860 0.6685175 255 0 0
-0.1325624 -0.1393285 0.6692020 255 0 0
-0.1310481 -0.1394001 0.6695459 255 0 0
-0.1296645 -0.1396144 0.6705748 255 0 0
-0.1281456 -0.1396863 0.6709203 255 0 0
-0.1265604 -0.1396868 0.6709229 255 0 0
-0.1249113 -0.1396160 0.6705826 255 0 0
-0.1233899 -0.1396879 0.6709281 255 0 0
-0.1218046 -0.1396884 0.6709306 255 0 0
-0.1202193 -0.1396890 0.6709332 255 0 0
-0.1185734 -0.1396181 0.6705930 255 0 0
-0.1169292 -0.1395474 0.6702532 255 0 0
-0.1154044 -0.1396192 0.6705981 255 0 0
-0.1138781 -0.1396911 0.6709436 255 0 0
-0.1123502 -0.1397631 0.6712894 255 0 0
-0.1109343 -0.1399785 0.6723236 255 0 0
-0.1095702 -0.1402664 0.6737067 255 0 0
-0.1080892 -0.1404111 0.6744016 255 0 0
-0.1066053 -0.1405561 0.6750981 255 0 0
-0.1052809 -0.1409191 0.6768414 255 0 0
-0.1039496 -0.1412839 0.6785938 255 0 0
-0.1025051 -0.1415039 0.6796507 255 0 0
-0.1008469 -0.1414313 0.6793016 255 0 0
-0.0991392 -0.1412856 0.6786017 255 0 0
-0.0974349 -0.1411402 0.6779034 255 0 0
-0.0956848 -0.1409223 0.6768572 255 0 0
-0.0940369 -0.1408502 0.6765109 255 0 0
-0.0923432 -0.1407057 0.6758168 255 0 0
-0.0907462 -0.1407063 0.6758195 255 0 0
-0.0891493 -0.1407068 0.6758220 255 0 0
-0.0875072 -0.1406350 0.6754768 255 0 0
-0.0858669 -0.1405632 0.6751320 255 0 0
-0.0842716 -0.1405637 0.6751347 255 0 0
-0.0826337 -0.1404920 0.6747902 255 0 0
-0.0810808 -0.1405648 0.6751399 255 0 0
-0.0795263 -0.1406377 0.6754900 255 0 0
-0.0778900 -0.1405659 0.6751451 255 0 0
-0.0762162 -0.1404220 0.6744539 255 0 0
-0.0746608 -0.1404947 0.6748033 255 0 0
-0.0731038 -0.1405675 0.6751530 255 0 0
-0.0715820 -0.1407128 0.6758509 255 0 0
-0.0699489 -0.1406410 0.6755056 255 0 0
-0.0684230 -0.1407864 0.6762043 255 0 0
-0.0668940 -0.1409322 0.6769043 255 0 0
-0.0653618 -0.1410782 0.6776058 255 0 0
-0.0638594 -0.1412976 0.6786594 255 0 0
-0.0622878 -0.1413712 0.6790132 255 0 0
-0.0607461 -0.1415182 0.6797190 255 0 0
-0.0592011 -0.1416655 0.6804264 255 0 0
-0.0577428 -0.1420342 0.6821973 255 0 0
-0.0561891 -0.1421825 0.6829097 255 0 0
-0.0546321 -0.1423312 0.6836237 255 0 0
-0.0530718 -0.1424801 0.6843392 255 0 0
-0.0515352 -0.1427038 0.6854138 255 0 0
-0.0499937 -0.1429283 0.6864919 255 0 0
-0.0484728 -0.1432285 0.6879337 255 0 0
-0.0468470 -0.1432290 0.6879364 255 0 0
-0.0454595 -0.1439842 0.6915635 255 0 0
-0.0438946 -0.1442127 0.6926609 255 0 0
-0.0421908 -0.1439853 0.6915689 255 0 0
-0.0407713 -0.1447485 0.6952344 255 0 0
-0.0392947 -0.1453650 0.6981955 255 0 0
-0.0376848 -0.1455204 0.6989416 255 0 0
-0.0361292 -0.1459094 0.7008101 255 0 0
-0.0317226 -0.1568828 0.7535158 255 0 0
-0.0299246 -0.1567933 0.7530864 255 0 0
-0.3520833 -0.1414247 0.6870784 255 0 0
-0.3502772 -0.1413512 0.6867213 255 0 0
-0.3488382 -0.1414258 0.6870837 255 0 0
-0.3473976 -0.1415005 0.6874464 255 0 0
-0.3455930 -0.1414269 0.6870890 255 0 0
-0.3437903 -0.1413534 0.6867319 255 0 0
-0.3421686 -0.1413540 0.6867346 255 0 0
-0.3403686 -0.1412806 0.6863779 255 0 0
-0.3389250 -0.1413551 0.6867399 255 0 0
-0.3371267 -0.1412817 0.6863832 255 0 0
-0.3358572 -0.1414302 0.6871050 255 0 0
-0.3340595 -0.1413567 0.6867479 255 0 0
-0.3326119 -0.1414313 0.6871104 255 0 0
-0.3313363 -0.1415802 0.6878335 255 0 0
-0.3297119 -0.1415807 0.6878362 255 0 0
-0.3279155 -0.1415071 0.6874784 255 0 0
-0.3262919 -0.1415076 0.6874810 255 0 0
-0.3246683 -0.1415082 0.6874837 255 0 0
-0.3232140 -0.1415829 0.6878468 255 0 0
-0.3215896 -0.1415835 0.6878495 255 0 0
-0.3204692 -0.1418071 0.6889360 255 0 0
-0.3188421 -0.1418076 0.6889386 255 0 0
-0.3175486 -0.1419573 0.6896657 255 0 0
-0.3160860 -0.1420325 0.6900312 255 0 0
-0.3146219 -0.1421078 0.6903970 255 0 0
-0.3131561 -0.1421832 0.6907632 255 0 0
-0.3113607 -0.1421089 0.6904024 255 0 0
-0.3100566 -0.1422592 0.6911325 255 0 0
-0.3080996 -0.1421100 0.6904078 255 0 0
-0.3066304 -0.1421854 0.6907740 255 0 0
-0.3049990 -0.1421860 0.6907766 255 0 0
-0.3030483 -0.1420369 0.6900526 255 0 0
-0.3015772 -0.1421122 0.6904184 255 0 0
-0.2997888 -0.1420380 0.6900579 255 0 0
-0.2978456 -0.1418893 0.6893354 255 0 0
-0.2959065 -0.1417409 0.6886144 255 0 0
-0.2944347 -0.1418159 0.6889787 255 0 0
-0.2925002 -0.1416676 0.6882584 255 0 0
-0.2907221 -0.1415939 0.6879001 255 0 0
-0.2889458 -0.1415202 0.6875423 255 0 0
-0.2868709 -0.1412986 0.6864657 255 0 0
-0.2849514 -0.1411515 0.6857507 255 0 0
-0.2830358 -0.1410046 0.6850372 255 0 0
-0.2812709 -0.1409315 0.6846823 255 0 0
-0.2789270 -0.1405658 0.6829056 255 0 0
-0.2770256 -0.1404202 0.6821980 255 0 0
-0.2754143 -0.1404207 0.6822006 255 0 0
-0.2736607 -0.1403483 0.6818488 255 0 0
-0.2716267 -0.1401304 0.6807899 255 0 0
-0.2698787 -0.1400582 0.6804395 255 0 0
-0.2679935 -0.1399136 0.6797370 255 0 0
-0.2663879 -0.1399142 0.6797396 255 0 0
-0.2645083 -0.1397699 0.6790386 255 0 0
-0.2626326 -0.1396259 0.6783391 255 0 0
-0.2607607 -0.1394822 0.6776410 255 0 0
-0.2586257 -0.1391952 0.6762465 255 0 0
-0.2568960 -0.1391240 0.6759007 255 0 0
-0.2550368 -0.1389813 0.6752076 255 0 0
-0.2533115 -0.1389104 0.6748630 255 0 0
-0.2513297 -0.1386969 0.6738258 255 0 0
-0.2494818 -0.1385551 0.6731369 255 0 0
-0.2472585 -0.1382017 0.6714198 255 0 0
-0.2451707 -0.1379199 0.6700509 255 0 0
-0.2432153 -0.1377094 0.6690285 255 0 0
-0.2415119 -0.1376398 0.6686901 255 0 0
-0.2396880 -0.1375002 0.6680118 255 0 0
-0.2376262 -0.1372212 0.6666567 255 0 0
-0.2356922 -0.1370129 0.6656446 255 0 0
-0.2338825 -0.1368746 0.6649725 255 0 0
-0.2319591 -0.1366673 0.6639656 255 0 0
-0.2300415 -0.1364607 0.6629617 255 0 0
-0.2282448 -0.1363235 0.6622950 255 0 0
-0.2265660 -0.1362552 0.6619634 255 0 0
-0.2247755 -0.1361184 0.6612987 255 0 0
-0.2231010 -0.1360504 0.6609682 255 0 0
-0.2214281 -0.1359824 0.6606380 255 0 0
-0.2197569 -0.1359145 0.6603081 255 0 0
-0.2181971 -0.1359150 0.6603106 255 0 0
-0.2165283 -0.1358472 0.6599811 255 0 0
-0.2150775 -0.1359161 0.6603158 255 0 0
-0.2136251 -0.1359850 0.6606507 255 0 0
-0.2121713 -0.1360540 0.6609861 255 0 0
-0.2106099 -0.1360546 0.6609886 255 0 0
-0.2092593 -0.1361923 0.6616578 255 0 0
-0.2078011 -0.1362616 0.6619942 255 0 0
-0.2064455 -0.1363997 0.6626654 255 0 0
-0.2049836 -0.1364691 0.6630027 255 0 0
-0.2035203 -0.1365387 0.6633404 255 0 0
-0.2021576 -0.1366774 0.6640145 255 0 0
-0.2005890 -0.1366779 0.6640170 255 0 0
-0.1990204 -0.1366784 0.6640196 255 0 0
-0.1977519 -0.1368868 0.6650317 255 0 0
-0.1961809 -0.1368873 0.6650343 255 0 0
-0.1948073 -0.1370267 0.6657117 255 0 0
-0.1933327 -0.1370968 0.6660521 255 0 0
-0.1918567 -0.1371670 0.6663930 255 0 0
-0.1902824 -0.1371675 0.6663955 255 0 0
-0.1888999 -0.1373075 0.6670757 255 0 0
-0.1873240 -0.1373080 0.6670783 255 0 0
-0.1857481 -0.1373086 0.6670809 255 0 0
-0.1844535 -0.1375188 0.6681023 255 0 0
-0.1827821 -0.1374494 0.6677649 255 0 0
-0.1813891 -0.1375899 0.6684478 255 0 0
-0.1799016 -0.1376606 0.6687911 255 0 0
-0.1782307 -0.1375910 0.6684529 255 0 0
-0.1765609 -0.1375209 0.6681126 255 0 0
-0.1749825 -0.1375215 0.6681152 255 0 0
-0.1733158 -0.1374520 0.6677778 255 0 0
-0.1716509 -0.1373826 0.6674408 255 0 0
-0.1699876 -0.1373133 0.6671041 255 0 0
-0.1684115 -0.1373139 0.6671066 255 0 0
-0.1667507 -0.1372446 0.6667702 255 0 0
-0.1653434 -0.1373848 0.6674511 255 0 0
-0.1636833 -0.1373155 0.6671144 255 0 0
-0.1620248 -0.1372462 0.6667779 255 0 0
-0.1602867 -0.1371074 0.6661036 255 0 0
-0.1586324 -0.1370384 0.6657683 255 0 0
-0.1569003 -0.1369000 0.6650960 255 0 0
-0.1553289 -0.1369005 0.6650986 255 0 0
-0.1537576 -0.1369011 0.6651012 255 0 0
-0.1520321 -0.1367630 0.6644303 255 0 0
-0.1505385 -0.1368328 0.6647695 255 0 0
-0.1489679 -0.1368333 0.6647720 255 0 0
-0.1476216 -0.1370421 0.6657864 255 0 0
-0.1459746 -0.1369732 0.6654514 255 0 0
-0.1446223 -0.1371824 0.6664677 255 0 0
-0.1431204 -0.1372526 0.6668090 255 0 0
-0.1415449 -0.1372531 0.6668115 255 0 0
-0.1401831 -0.1374632 0.6678321 255 0 0
-0.1386758 -0.1375337 0.6681747 255 0 0
-0.1372369 -0.1376744 0.6688583 255 0 0
-0.1357950 -0.1378154 0.6695434 255 0 0
-0.1343501 -0.1379567 0.6702299 255 0 0
-0.1328343 -0.1380277 0.6705748 255 0 0
-0.1312500 -0.1380283 0.6705775 255 0 0
-0.1297982 -0.1381700 0.6712661 255 0 0
-0.1282122 -0.1381706 0.6712686 255 0 0
-0.1266909 -0.1382418 0.6716148 255 0 0
-0.1249761 -0.1381010 0.6709307 255 0 0
-0.1233909 -0.1381015 0.6709333 255 0 0
-0.1218056 -0.1381021 0.6709359 255 0 0
-0.1200975 -0.1379615 0.6702532 255 0 0
-0.1185744 -0.1380326 0.6705983 255 0 0
-0.1169301 -0.1379626 0.6702584 255 0 0
-0.1153464 -0.1379631 0.6702610 255 0 0
-0.1137627 -0.1379637 0.6702636 255 0 0
-0.1122363 -0.1380347 0.6706086 255 0 0
-0.1109920 -0.1384597 0.6726735 255 0 0
-0.1096273 -0.1387447 0.6740580 255 0 0
-0.1080901 -0.1388165 0.6744069 255 0 0
-0.1066610 -0.1390314 0.6754507 255 0 0
-0.1053360 -0.1393906 0.6771959 255 0 0
-0.1040580 -0.1398240 0.6793016 255 0 0
-0.1025059 -0.1398970 0.6796560 255 0 0
-0.1008999 -0.1398975 0.6796586 255 0 0
-0.0992426 -0.1398256 0.6793095 255 0 0
-0.0974357 -0.1395373 0.6779086 255 0 0
-0.0957349 -0.1393938 0.6772117 255 0 0
-0.0941347 -0.1393944 0.6772143 255 0 0
-0.0924867 -0.1393230 0.6768677 255 0 0
-0.0908405 -0.1392518 0.6765215 255 0 0
-0.0891959 -0.1391806 0.6761755 255 0 0
-0.0875981 -0.1391811 0.6761782 255 0 0
-0.0859560 -0.1391100 0.6758326 255 0 0
-0.0843156 -0.1390389 0.6754874 255 0 0
-0.0827194 -0.1390395 0.6754900 255 0 0
-0.0811232 -0.1390400 0.6754926 255 0 0
-0.0795679 -0.1391121 0.6758431 255 0 0
-0.0779307 -0.1390411 0.6754978 255 0 0
-0.0763345 -0.1390416 0.6755005 255 0 0
-0.0747382 -0.1390421 0.6755031 255 0 0
-0.0732173 -0.1391860 0.6762017 255 0 0
-0.0716194 -0.1391865 0.6762043 255 0 0
-0.0700937 -0.1393306 0.6769044 255 0 0
-0.0685648 -0.1394750 0.6776059 255 0 0
-0.0669981 -0.1395476 0.6779585 255 0 0
-0.0654975 -0.1397647 0.6790133 255 0 0
-0.0639591 -0.1399100 0.6797191 255 0 0
-0.0624175 -0.1400556 0.6804265 255 0 0
-0.0609042 -0.1402742 0.6814889 255 0 0
-0.0593554 -0.1404206 0.6822000 255 0 0
-0.0578033 -0.1405672 0.6829124 255 0 0
-0.0563067 -0.1408609 0.6843392 255 0 0
-0.0548037 -0.1411559 0.6857720 255 0 0
-0.0531831 -0.1411564 0.6857746 255 0 0
-0.0516434 -0.1413785 0.6868538 255 0 0
-0.0500989 -0.1416014 0.6879364 255 0 0
-0.0483717 -0.1413057 0.6864999 255 0 0
-0.0468965 -0.1417510 0.6886636 255 0 0
-0.0453881 -0.1421244 0.6904775 255 0 0
-0.0438024 -0.1422746 0.6912073 255 0 0
-0.0422134 -0.1424252 0.6919388 255 0 0
-0.0410324 -0.1440200 0.6996868 255 0 0
-0.0392950 -0.1437142 0.6982009 255 0 0
-0.0362260 -0.1446379 0.7026888 255 0 0
-0.0331987 -0.1536888 0.7466605 255 0 0
-0.0315418 -0.1542158 0.7492206 255 0 0
-0.3531536 -0.1395803 0.6860030 255 0 0
-0.3513499 -0.1395079 0.6856471 255 0 0
-0.3499136 -0.1395814 0.6860084 255 0 0
-0.3481115 -0.1395090 0.6856525 255 0 0
-0.3466735 -0.1395825 0.6860137 255 0 0
-0.3448731 -0.1395101 0.6856578 255 0 0
-0.3434334 -0.1395835 0.6860190 255 0 0
-0.3416346 -0.1395111 0.6856630 255 0 0
-0.3398378 -0.1394388 0.6853075 255 0 0
-0.3383962 -0.1395122 0.6856684 255 0 0
-0.3369530 -0.1395857 0.6860296 255 0 0
-0.3353329 -0.1395863 0.6860323 255 0 0
-0.3338873 -0.1396598 0.6863939 255 0 0
-0.3322664 -0.1396604 0.6863966 255 0 0
-0.3308184 -0.1397340 0.6867586 255 0 0
-0.3291966 -0.1397346 0.6867613 255 0 0
-0.3277463 -0.1398083 0.6871237 255 0 0
-0.3261235 -0.1398088 0.6871263 255 0 0
-0.3245008 -0.1398094 0.6871290 255 0 0
-0.3227089 -0.1397367 0.6867719 255 0 0
-0.3215921 -0.1399571 0.6878549 255 0 0
-0.3201355 -0.1400311 0.6882185 255 0 0
-0.3188446 -0.1401787 0.6889440 255 0 0
-0.3173843 -0.1402529 0.6893088 255 0 0
-0.3157563 -0.1402535 0.6893114 255 0 0
-0.3144588 -0.1404015 0.6900392 255 0 0
-0.3129937 -0.1404760 0.6904051 255 0 0
-0.3113632 -0.1404765 0.6904078 255 0 0
-0.3097326 -0.1404771 0.6904104 255 0 0
-0.3082642 -0.1405516 0.6907766 255 0 0
-0.3066328 -0.1405521 0.6907793 255 0 0
-0.3048408 -0.1404787 0.6904185 255 0 0
-0.3033698 -0.1405532 0.6907847 255 0 0
-0.3014209 -0.1404059 0.6900607 255 0 0
-0.2994761 -0.1402589 0.6893381 255 0 0
-0.2978480 -0.1402594 0.6893408 255 0 0
-0.2959089 -0.1401127 0.6886198 255 0 0
-0.2942824 -0.1401133 0.6886224 255 0 0
-0.2925025 -0.1400403 0.6882638 255 0 0
-0.2908769 -0.1400408 0.6882665 255 0 0
-0.2886456 -0.1397481 0.6868278 255 0 0
-0.2868732 -0.1396755 0.6864710 255 0 0
-0.2848047 -0.1394572 0.6853978 255 0 0
-0.2828903 -0.1393121 0.6846850 255 0 0
-0.2805421 -0.1389506 0.6829082 255 0 0
-0.2784943 -0.1387345 0.6818461 255 0 0
-0.2767400 -0.1386630 0.6814946 255 0 0
-0.2751303 -0.1386635 0.6814972 255 0 0
-0.2732368 -0.1385201 0.6807926 255 0 0
-0.2713472 -0.1383771 0.6800894 255 0 0
-0.2694615 -0.1382343 0.6793877 255 0 0
-0.2675797 -0.1380918 0.6786875 255 0 0
-0.2658391 -0.1380209 0.6783391 255 0 0
-0.2641003 -0.1379501 0.6779912 255 0 0
-0.2622279 -0.1378082 0.6772938 255 0 0
-0.2603593 -0.1376666 0.6765979 255 0 0
-0.2584946 -0.1375253 0.6759034 255 0 0
-0.2563698 -0.1372431 0.6745161 255 0 0
-0.2546456 -0.1371731 0.6741720 255 0 0
-0.2529232 -0.1371031 0.6738284 255 0 0
-0.2508163 -0.1368226 0.6724496 255 0 0
-0.2487190 -0.1365437 0.6710790 255 0 0
-0.2468814 -0.1364047 0.6703959 255 0 0
-0.2450474 -0.1362660 0.6697140 255 0 0
-0.2428457 -0.1359196 0.6680118 255 0 0
-0.2412678 -0.1359202 0.6680144 255 0 0
-0.2394461 -0.1357824 0.6673375 255 0 0
-0.2372664 -0.1354385 0.6656473 255 0 0
-0.2355745 -0.1353704 0.6653123 255 0 0
-0.2337659 -0.1352338 0.6646409 255 0 0
-0.2319609 -0.1350974 0.6639708 255 0 0
-0.2300433 -0.1348932 0.6629669 255 0 0
-0.2282466 -0.1347575 0.6623002 255 0 0
-0.2264535 -0.1346221 0.6616349 255 0 0
-0.2247773 -0.1345548 0.6613039 255 0 0
-0.2228782 -0.1343522 0.6603081 255 0 0
-0.2215413 -0.1344880 0.6609759 255 0 0
-0.2198692 -0.1344209 0.6606457 255 0 0
-0.2181988 -0.1343537 0.6603158 255 0 0
-0.2165300 -0.1342867 0.6599862 255 0 0
-0.2152958 -0.1344901 0.6609861 255 0 0
-0.2138421 -0.1345584 0.6613218 255 0 0
-0.2122799 -0.1345590 0.6613244 255 0 0
-0.2108240 -0.1346273 0.6616604 255 0 0
-0.2092609 -0.1346278 0.6616630 255 0 0
-0.2076979 -0.1346284 0.6616656 255 0 0
-0.2065515 -0.1349010 0.6630054 255 0 0
-0.2048817 -0.1348334 0.6626732 255 0 0
-0.2036248 -0.1350385 0.6636812 255 0 0
-0.2020570 -0.1350390 0.6636838 255 0 0
-0.2005906 -0.1351079 0.6640223 255 0 0
-0.1992236 -0.1352453 0.6646975 255 0 0
-0.1977535 -0.1353144 0.6650370 255 0 0
-0.1963815 -0.1354522 0.6657143 255 0 0
-0.1948088 -0.1354527 0.6657169 255 0 0
-0.1933342 -0.1355220 0.6660573 255 0 0
-0.1918581 -0.1355913 0.6663982 255 0 0
-0.1903805 -0.1356607 0.6667393 255 0 0
-0.1889014 -0.1357302 0.6670809 255 0 0
-0.1873255 -0.1357308 0.6670835 255 0 0
-0.1859386 -0.1358694 0.6677650 255 0 0
-0.1845489 -0.1360084 0.6684479 255 0 0
-0.1830630 -0.1360782 0.6687912 255 0 0
-0.1814830 -0.1360787 0.6687937 255 0 0
-0.1799947 -0.1361487 0.6691374 255 0 0
-0.1787785 -0.1364274 0.6705075 255 0 0
-0.1771040 -0.1363583 0.6701677 255 0 0
-0.1751636 -0.1360814 0.6688067 255 0 0
-0.1734951 -0.1360126 0.6684686 255 0 0
-0.1718283 -0.1359439 0.6681308 255 0 0
-0.1702499 -0.1359444 0.6681334 255 0 0
-0.1686714 -0.1359449 0.6681360 255 0 0
-0.1670929 -0.1359454 0.6681386 255 0 0
-0.1654302 -0.1358768 0.6678011 255 0 0
-0.1636859 -0.1357392 0.6671248 255 0 0
-0.1621097 -0.1357397 0.6671274 255 0 0
-0.1605336 -0.1357402 0.6671300 255 0 0
-0.1588767 -0.1356718 0.6667935 255 0 0
-0.1573014 -0.1356723 0.6667961 255 0 0
-0.1554890 -0.1354663 0.6657839 255 0 0
-0.1539148 -0.1354658 0.6657813 255 0 0
-0.1521874 -0.1353290 0.6651090 255 0 0
-0.1506160 -0.1353295 0.6651115 255 0 0
-0.1490446 -0.1353301 0.6651141 255 0 0
-0.1476977 -0.1355366 0.6661295 255 0 0
-0.1461239 -0.1355372 0.6661321 255 0 0
-0.1445500 -0.1355377 0.6661347 255 0 0
-0.1432671 -0.1358140 0.6674925 255 0 0
-0.1417621 -0.1358836 0.6678347 255 0 0
-0.1403270 -0.1360226 0.6685176 255 0 0
-0.1388890 -0.1361618 0.6692021 255 0 0
-0.1373780 -0.1362318 0.6695461 255 0 0
-0.1357960 -0.1362323 0.6695487 255 0 0
-0.1343511 -0.1363720 0.6702351 255 0 0
-0.1328354 -0.1364422 0.6705801 255 0 0
-0.1314525 -0.1366522 0.6716123 255 0 0
-0.1299321 -0.1367227 0.6719587 255 0 0
-0.1284102 -0.1367933 0.6723055 255 0 0
-0.1267568 -0.1367238 0.6719639 255 0 0
-0.1251050 -0.1366543 0.6716226 255 0 0
-0.1233918 -0.1365151 0.6709386 255 0 0
-0.1218065 -0.1365157 0.6709412 255 0 0
-0.1200984 -0.1363768 0.6702585 255 0 0
-0.1184542 -0.1363077 0.6699189 255 0 0
-0.1169310 -0.1363778 0.6702636 255 0 0
-0.1153473 -0.1363783 0.6702663 255 0 0
-0.1137636 -0.1363789 0.6702688 255 0 0
-0.1123520 -0.1365887 0.6712999 255 0 0
-0.1109360 -0.1367991 0.6723341 255 0 0
-0.1095719 -0.1370805 0.6737173 255 0 0
-0.1080909 -0.1372219 0.6744122 255 0 0
-0.1067167 -0.1375051 0.6758039 255 0 0
-0.1053368 -0.1377894 0.6772013 255 0 0
-0.1040588 -0.1382179 0.6793069 255 0 0
-0.1024537 -0.1382184 0.6793095 255 0 0
-0.1009530 -0.1383621 0.6800161 255 0 0
-0.0992434 -0.1382194 0.6793148 255 0 0
-0.0975877 -0.1381485 0.6789660 255 0 0
-0.0958841 -0.1380062 0.6782669 255 0 0
-0.0942814 -0.1380068 0.6782695 255 0 0
-0.0925830 -0.1378648 0.6775718 255 0 0
-0.0909819 -0.1378653 0.6775745 255 0 0
-0.0893808 -0.1378659 0.6775771 255 0 0
-0.0877344 -0.1377953 0.6772301 255 0 0
-0.0860897 -0.1377247 0.6768835 255 0 0
-0.0844466 -0.1376543 0.6765372 255 0 0
-0.0828053 -0.1375839 0.6761913 255 0 0
-0.0812493 -0.1376554 0.6765425 255 0 0
-0.0796506 -0.1376559 0.6765451 255 0 0
-0.0780519 -0.1376564 0.6765477 255 0 0
-0.0764531 -0.1376570 0.6765503 255 0 0
-0.0748158 -0.1375866 0.6762044 255 0 0
-0.0732934 -0.1377290 0.6769044 255 0 0
-0.0717308 -0.1378006 0.6772563 255 0 0
-0.0702391 -0.1380148 0.6783089 255 0 0
-0.0686717 -0.1380867 0.6786622 255 0 0
-0.0671374 -0.1382301 0.6793674 255 0 0
-0.0655999 -0.1383739 0.6800740 255 0 0
-0.0640924 -0.1385899 0.6811354 255 0 0
-0.0625477 -0.1387344 0.6818456 255 0 0
-0.0609680 -0.1388070 0.6822026 255 0 0
-0.0594486 -0.1390243 0.6832706 255 0 0
-0.0579243 -0.1392423 0.6843420 255 0 0
-0.0563659 -0.1393882 0.6850589 255 0 0
-0.0548902 -0.1397534 0.6868539 255 0 0
-0.0532949 -0.1398271 0.6872162 255 0 0
-0.0517250 -0.1399742 0.6879391 255 0 0
-0.0501256 -0.1400482 0.6883025 255 0 0
-0.0486264 -0.1404169 0.6901146 255 0 0
-0.0470946 -0.1407133 0.6915717 255 0 0
-0.0456526 -0.1413095 0.6945015 255 0 0
-0.0440347 -0.1413848 0.6948718 255 0 0
-0.0424599 -0.1416102 0.6959798 255 0 0
-0.0395900 -0.1431286 0.7034419 255 0 0
-0.0381114 -0.1438228 0.7068539 255 0 0
-0.0371002 -0.1464254 0.7196451 255 0 0
-0.0331801 -0.1518370 0.7462419 255 0 0
-0.0314344 -0.1519240 0.7466692 255 0 0
-0.3538511 -0.1375979 0.6842166 255 0 0
-0.3526031 -0.1377421 0.6849338 255 0 0
-0.3506195 -0.1375990 0.6842219 255 0 0
-0.3491859 -0.1376713 0.6845816 255 0 0
-0.3475692 -0.1376719 0.6845843 255 0 0
-0.3463140 -0.1378163 0.6853023 255 0 0
-0.3445157 -0.1377448 0.6849471 255 0 0
-0.3428981 -0.1377454 0.6849498 255 0 0
-0.3414589 -0.1378179 0.6853102 255 0 0
-0.3394857 -0.1376745 0.6845976 255 0 0
-0.3378690 -0.1376751 0.6846002 255 0 0
-0.3364278 -0.1377475 0.6849604 255 0 0
-0.3349851 -0.1378200 0.6853209 255 0 0
-0.3335409 -0.1378926 0.6856818 255 0 0
-0.3319216 -0.1378931 0.6856844 255 0 0
-0.3306479 -0.1380379 0.6864046 255 0 0
-0.3288548 -0.1379663 0.6860483 255 0 0
-0.3274058 -0.1380390 0.6864100 255 0 0
-0.3257847 -0.1380395 0.6864126 255 0 0
-0.3241637 -0.1380401 0.6864153 255 0 0
-0.3227115 -0.1381129 0.6867773 255 0 0
-0.3212577 -0.1381858 0.6871397 255 0 0
-0.3198024 -0.1382587 0.6875024 255 0 0
-0.3186798 -0.1384770 0.6885878 255 0 0
-0.3172200 -0.1385502 0.6889521 255 0 0
-0.3157588 -0.1386236 0.6893168 255 0 0
-0.3144613 -0.1387700 0.6900447 255 0 0
-0.3128316 -0.1387705 0.6900474 255 0 0
-0.3112018 -0.1387710 0.6900500 255 0 0
-0.3098981 -0.1389177 0.6907794 255 0 0
-0.3081044 -0.1388451 0.6904185 255 0 0
-0.3066352 -0.1389188 0.6907848 255 0 0
-0.3046829 -0.1387732 0.6900607 255 0 0
-0.3030531 -0.1387737 0.6900634 255 0 0
-0.3012648 -0.1387013 0.6897033 255 0 0
-0.2994784 -0.1386290 0.6893435 255 0 0
-0.2976939 -0.1385567 0.6889842 255 0 0
-0.2960666 -0.1385572 0.6889868 255 0 0
-0.2941304 -0.1384124 0.6882665 255 0 0
-0.2923514 -0.1383403 0.6879082 255 0 0
-0.2905743 -0.1382684 0.6875504 255 0 0
-0.2883459 -0.1379796 0.6861147 255 0 0
-0.2865755 -0.1379081 0.6857588 255 0 0
-0.2845097 -0.1376927 0.6846877 255 0 0
-0.2827450 -0.1376214 0.6843333 255 0 0
-0.2802526 -0.1371931 0.6822034 255 0 0
-0.2783518 -0.1370511 0.6814973 255 0 0
-0.2763116 -0.1368383 0.6804396 255 0 0
-0.2747044 -0.1368389 0.6804423 255 0 0
-0.2728143 -0.1366976 0.6797398 255 0 0
-0.2707879 -0.1364860 0.6786875 255 0 0
-0.2689066 -0.1363455 0.6779886 255 0 0
-0.2671672 -0.1362756 0.6776411 255 0 0
-0.2654295 -0.1362057 0.6772939 255 0 0
-0.2634217 -0.1359957 0.6762492 255 0 0
-0.2616896 -0.1359261 0.6759034 255 0 0
-0.2598253 -0.1357867 0.6752104 255 0 0
-0.2578324 -0.1355779 0.6741721 255 0 0
-0.2558456 -0.1353698 0.6731371 255 0 0
-0.2541253 -0.1353009 0.6727945 255 0 0
-0.2522774 -0.1351628 0.6721078 255 0 0
-0.2501782 -0.1348875 0.6707386 255 0 0
-0.2484668 -0.1348191 0.6703985 255 0 0
-0.2463798 -0.1345446 0.6690338 255 0 0
-0.2446747 -0.1344766 0.6686954 255 0 0
-0.2427240 -0.1342718 0.6676771 255 0 0
-0.2409018 -0.1341358 0.6670009 255 0 0
-0.2389618 -0.1339320 0.6659877 255 0 0
-0.2371479 -0.1337968 0.6653150 255 0 0
-0.2354570 -0.1337295 0.6649804 255 0 0
-0.2336494 -0.1335946 0.6643096 255 0 0
-0.2316111 -0.1333251 0.6629695 255 0 0
-0.2298128 -0.1331910 0.6623028 255 0 0
-0.2281332 -0.1331243 0.6619712 255 0 0
-0.2264553 -0.1330577 0.6616400 255 0 0
-0.2247790 -0.1329912 0.6613091 255 0 0
-0.2229921 -0.1328578 0.6606458 255 0 0
-0.2214315 -0.1328583 0.6606483 255 0 0
-0.2198709 -0.1328588 0.6606508 255 0 0
-0.2182005 -0.1327924 0.6603209 255 0 0
-0.2165317 -0.1327262 0.6599914 255 0 0
-0.2152975 -0.1329273 0.6609913 255 0 0
-0.2137361 -0.1329278 0.6609939 255 0 0
-0.2121746 -0.1329283 0.6609964 255 0 0
-0.2107194 -0.1329958 0.6613321 255 0 0
-0.2092626 -0.1330634 0.6616682 255 0 0
-0.2079092 -0.1331982 0.6623387 255 0 0
-0.2065531 -0.1333333 0.6630106 255 0 0
-0.2050905 -0.1334012 0.6633483 255 0 0
-0.2035234 -0.1334018 0.6633509 255 0 0
-0.2020585 -0.1334697 0.6636890 255 0 0
-0.2006937 -0.1336054 0.6643636 255 0 0
-0.1993261 -0.1337414 0.6650396 255 0 0
-0.1979557 -0.1338776 0.6657169 255 0 0
-0.1963830 -0.1338781 0.6657196 255 0 0
-0.1950082 -0.1340146 0.6663982 255 0 0
-0.1936306 -0.1341514 0.6670784 255 0 0
-0.1919571 -0.1340837 0.6667420 255 0 0
-0.1904788 -0.1341524 0.6670836 255 0 0
-0.1889990 -0.1342212 0.6674255 255 0 0
-0.1875176 -0.1342900 0.6677676 255 0 0
-0.1861295 -0.1344273 0.6684505 255 0 0
-0.1845503 -0.1344278 0.6684530 255 0 0
-0.1831577 -0.1345655 0.6691374 255 0 0
-0.1818551 -0.1347721 0.6701651 255 0 0
-0.1804562 -0.1349104 0.6708530 255 0 0
-0.1792379 -0.1351874 0.6722301 255 0 0
-0.1777408 -0.1352572 0.6725773 255 0 0
-0.1762421 -0.1353271 0.6729248 255 0 0
-0.1743841 -0.1351198 0.6718938 255 0 0
-0.1721803 -0.1346383 0.6694995 255 0 0
-0.1703379 -0.1344330 0.6684790 255 0 0
-0.1687586 -0.1344336 0.6684816 255 0 0
-0.1671793 -0.1344341 0.6684842 255 0 0
-0.1656000 -0.1344346 0.6684867 255 0 0
-0.1639372 -0.1343667 0.6681490 255 0 0
-0.1623586 -0.1343672 0.6681516 255 0 0
-0.1606165 -0.1342310 0.6674746 255 0 0
-0.1590396 -0.1342316 0.6674771 255 0 0
-0.1573826 -0.1341638 0.6671404 255 0 0
-0.1556481 -0.1340281 0.6664653 255 0 0
-0.1542302 -0.1341649 0.6671456 255 0 0
-0.1526540 -0.1341654 0.6671481 255 0 0
-0.1510778 -0.1341659 0.6671507 255 0 0
-0.1493497 -0.1340302 0.6664757 255 0 0
-0.1480005 -0.1342352 0.6674952 255 0 0
-0.1464235 -0.1342357 0.6674978 255 0 0
-0.1451417 -0.1345099 0.6688612 255 0 0
-0.1437079 -0.1346477 0.6695462 255 0 0
-0.1421985 -0.1347169 0.6698905 255 0 0
-0.1406876 -0.1347862 0.6702352 255 0 0
-0.1391751 -0.1348556 0.6705803 255 0 0
-0.1377314 -0.1349941 0.6712689 255 0 0
-0.1362151 -0.1350637 0.6716149 255 0 0
-0.1348353 -0.1352719 0.6726502 255 0 0
-0.1330404 -0.1350637 0.6716149 255 0 0
-0.1314535 -0.1350642 0.6716175 255 0 0
-0.1299997 -0.1352031 0.6723081 255 0 0
-0.1284770 -0.1352729 0.6726553 255 0 0
-0.1268227 -0.1352042 0.6723134 255 0 0
-0.1251060 -0.1350663 0.6716279 255 0 0
-0.1233928 -0.1349287 0.6709439 255 0 0
-0.1217453 -0.1348603 0.6706036 255 0 0
-0.1201607 -0.1348608 0.6706062 255 0 0
-0.1185157 -0.1347925 0.6702663 255 0 0
-0.1168723 -0.1347242 0.6699268 255 0 0
-0.1153482 -0.1347935 0.6702715 255 0 0
-0.1137645 -0.1347940 0.6702741 255 0 0
-0.1122380 -0.1348634 0.6706191 255 0 0
-0.1108801 -0.1351402 0.6719952 255 0 0
-0.1096290 -0.1355571 0.6740686 255 0 0
-0.1080918 -0.1356273 0.6744175 255 0 0
-0.1066626 -0.1358372 0.6754614 255 0 0
-0.1053377 -0.1361882 0.6772066 255 0 0
-0.1039520 -0.1364704 0.6786097 255 0 0
-0.1026138 -0.1368246 0.6803713 255 0 0
-0.1010061 -0.1368251 0.6803739 255 0 0
-0.0992955 -0.1366840 0.6796719 255 0 0
-0.0975884 -0.1365431 0.6789714 255 0 0
-0.0959840 -0.1365436 0.6789740 255 0 0
-0.0943309 -0.1364735 0.6786255 255 0 0
-0.0927273 -0.1364741 0.6786281 255 0 0
-0.0911709 -0.1365452 0.6789819 255 0 0
-0.0895201 -0.1364751 0.6786334 255 0 0
-0.0878257 -0.1363347 0.6779350 255 0 0
-0.0862683 -0.1364056 0.6782879 255 0 0
-0.0846217 -0.1363357 0.6779402 255 0 0
-0.0829769 -0.1362659 0.6775929 255 0 0
-0.0813757 -0.1362664 0.6775955 255 0 0
-0.0796923 -0.1361264 0.6768993 255 0 0
-0.0781330 -0.1361971 0.6772511 255 0 0
-0.0765326 -0.1361977 0.6772537 255 0 0
-0.0749709 -0.1362685 0.6776060 255 0 0
-0.0734076 -0.1363394 0.6779586 255 0 0
-0.0718426 -0.1364104 0.6783116 255 0 0
-0.0703124 -0.1365521 0.6790161 255 0 0
-0.0687433 -0.1366233 0.6793701 255 0 0
-0.0672423 -0.1368363 0.6804293 255 0 0
-0.0657366 -0.1370499 0.6814917 255 0 0
-0.0642262 -0.1372643 0.6825575 255 0 0
-0.0626784 -0.1374077 0.6832707 255 0 0
-0.0611274 -0.1375514 0.6839854 255 0 0
-0.0596042 -0.1377673 0.6850590 255 0 0
-0.0580155 -0.1378398 0.6854193 255 0 0
-0.0565730 -0.1382735 0.6875762 255 0 0
-0.0550346 -0.1384917 0.6886610 255 0 0
-0.0533792 -0.1384196 0.6883026 255 0 0
-0.0516984 -0.1382751 0.6875842 255 0 0
-0.0500734 -0.1382757 0.6875868 255 0 0
-0.0487036 -0.1390043 0.6912102 255 0 0
-0.0473444 -0.1398147 0.6952399 255 0 0
-0.0458714 -0.1403356 0.6978298 255 0 0
-0.0442458 -0.1404108 0.6982037 255 0 0
-0.0426184 -0.1404860 0.6985781 255 0 0
-0.0399111 -0.1426117 0.7091480 255 0 0
-0.0379109 -0.1478854 0.7353718 255 0 0
-0.0349440 -0.1500720 0.7462448 255 0 0
-0.0332181 -0.1502434 0.7470972 255 0 0
-0.3538539 -0.1359801 0.6842220 255 0 0
-0.3522381 -0.1359806 0.6842246 255 0 0
-0.3502569 -0.1358394 0.6835142 255 0 0
-0.3488245 -0.1359108 0.6838732 255 0 0
-0.3473907 -0.1359822 0.6842326 255 0 0
-0.3457748 -0.1359827 0.6842352 255 0 0
-0.3441589 -0.1359833 0.6842378 255 0 0
-0.3423645 -0.1359129 0.6838838 255 0 0
-0.3409272 -0.1359843 0.6842431 255 0 0
-0.3393113 -0.1359849 0.6842458 255 0 0
-0.3378716 -0.1360563 0.6846055 255 0 0
-0.3366062 -0.1361990 0.6853236 255 0 0
-0.3348128 -0.1361284 0.6849684 255 0 0
-0.3333693 -0.1362001 0.6853289 255 0 0
-0.3317508 -0.1362006 0.6853315 255 0 0
-0.3301323 -0.1362011 0.6853342 255 0 0
-0.3288574 -0.1363441 0.6860537 255 0 0
-0.3272372 -0.1363447 0.6860563 255 0 0
-0.3257873 -0.1364165 0.6864180 255 0 0
-0.3241662 -0.1364171 0.6864207 255 0 0
-0.3227140 -0.1364890 0.6867827 255 0 0
-0.3210920 -0.1364895 0.6867853 255 0 0
-0.3199726 -0.1367048 0.6878684 255 0 0
-0.3185151 -0.1367770 0.6882319 255 0 0
-0.3170560 -0.1368494 0.6885959 255 0 0
-0.3157612 -0.1369937 0.6893222 255 0 0
-0.3141333 -0.1369942 0.6893249 255 0 0
-0.3128340 -0.1371389 0.6900527 255 0 0
-0.3112043 -0.1371394 0.6900554 255 0 0
-0.3097375 -0.1372121 0.6904213 255 0 0
-0.3082691 -0.1372849 0.6907875 255 0 0
-0.3066376 -0.1372855 0.6907902 255 0 0
-0.3046852 -0.1371416 0.6900661 255 0 0
-0.3028961 -0.1370700 0.6897060 255 0 0
-0.3011088 -0.1369985 0.6893463 255 0 0
-0.2993235 -0.1369271 0.6889869 255 0 0
-0.2976962 -0.1369276 0.6889896 255 0 0
-0.2957582 -0.1367844 0.6882693 255 0 0
-0.2939785 -0.1367133 0.6879110 255 0 0
-0.2922005 -0.1366421 0.6875532 255 0 0
-0.2902723 -0.1364996 0.6868359 255 0 0
-0.2883481 -0.1363573 0.6861201 255 0 0
-0.2862785 -0.1361443 0.6850480 255 0 0
-0.2842152 -0.1359318 0.6839792 255 0 0
-0.2818661 -0.1355795 0.6822061 255 0 0
-0.2799636 -0.1354392 0.6815000 255 0 0
-0.2779209 -0.1352289 0.6804423 255 0 0
-0.2761705 -0.1351594 0.6800922 255 0 0
-0.2742798 -0.1350199 0.6793904 255 0 0
-0.2723930 -0.1348807 0.6786902 255 0 0
-0.2703704 -0.1346723 0.6776412 255 0 0
-0.2689087 -0.1347424 0.6779940 255 0 0
-0.2670313 -0.1346038 0.6772966 255 0 0
-0.2650211 -0.1343962 0.6762519 255 0 0
-0.2632881 -0.1343274 0.6759061 255 0 0
-0.2614223 -0.1341897 0.6752130 255 0 0
-0.2595603 -0.1340522 0.6745214 255 0 0
-0.2575698 -0.1338463 0.6734853 255 0 0
-0.2553237 -0.1335042 0.6717637 255 0 0
-0.2538669 -0.1335731 0.6721104 255 0 0
-0.2516358 -0.1332329 0.6703985 255 0 0
-0.2500523 -0.1332334 0.6704012 255 0 0
-0.2482151 -0.1330979 0.6697193 255 0 0
-0.2462561 -0.1328949 0.6686980 255 0 0
-0.2444275 -0.1327601 0.6680197 255 0 0
-0.2424792 -0.1325582 0.6670035 255 0 0
-0.2407812 -0.1324913 0.6666672 255 0 0
-0.2389636 -0.1323573 0.6659930 255 0 0
-0.2371498 -0.1322236 0.6653202 255 0 0
-0.2351014 -0.1319565 0.6639761 255 0 0
-0.2335330 -0.1319570 0.6639786 255 0 0
-0.2317300 -0.1318241 0.6633099 255 0 0
-0.2299307 -0.1316915 0.6626425 255 0 0
-0.2281350 -0.1315591 0.6619765 255 0 0
-0.2264571 -0.1314933 0.6616452 255 0 0
-0.2246675 -0.1313613 0.6609811 255 0 0
-0.2229939 -0.1312957 0.6606509 255 0 0
-0.2213218 -0.1312301 0.6603210 255 0 0
-0.2199834 -0.1313628 0.6609888 255 0 0
-0.2182022 -0.1312311 0.6603261 255 0 0
-0.2167514 -0.1312977 0.6606612 255 0 0
-0.2151908 -0.1312982 0.6606637 255 0 0
-0.2137378 -0.1313649 0.6609991 255 0 0
-0.2121763 -0.1313654 0.6610016 255 0 0
-0.2109336 -0.1315647 0.6620046 255 0 0
-0.2092642 -0.1314989 0.6616734 255 0 0
-0.2080158 -0.1316986 0.6626784 255 0 0
-0.2064504 -0.1316991 0.6626810 255 0 0
-0.2049884 -0.1317662 0.6630183 255 0 0
-0.2037310 -0.1319667 0.6640275 255 0 0
-0.2022647 -0.1320340 0.6643662 255 0 0
-0.2007970 -0.1321014 0.6647054 255 0 0
-0.1993276 -0.1321689 0.6650448 255 0 0
-0.1979572 -0.1323035 0.6657221 255 0 0
-0.1965840 -0.1324384 0.6664008 255 0 0
-0.1951088 -0.1325062 0.6667420 255 0 0
-0.1936321 -0.1325741 0.6670836 255 0 0
-0.1921539 -0.1326420 0.6674255 255 0 0
-0.1906741 -0.1327100 0.6677676 255 0 0
-0.1891929 -0.1327781 0.6681103 255 0 0
-0.1878058 -0.1329140 0.6687939 255 0 0
-0.1863208 -0.1329823 0.6691375 255 0 0
-0.1849286 -0.1331185 0.6698231 255 0 0
-0.1835335 -0.1332551 0.6705102 255 0 0
-0.1821356 -0.1333919 0.6711987 255 0 0
-0.1808274 -0.1335974 0.6722328 255 0 0
-0.1796996 -0.1339410 0.6739617 255 0 0
-0.1782905 -0.1340792 0.6746573 255 0 0
-0.1767875 -0.1341487 0.6750069 255 0 0
-0.1748331 -0.1338738 0.6736236 255 0 0
-0.1731527 -0.1338056 0.6732805 255 0 0
-0.1705130 -0.1329879 0.6691660 255 0 0
-0.1689321 -0.1329884 0.6691685 255 0 0
-0.1674365 -0.1330568 0.6695126 255 0 0
-0.1658548 -0.1330573 0.6695151 255 0 0
-0.1641056 -0.1329222 0.6688353 255 0 0
-0.1623599 -0.1327874 0.6681568 255 0 0
-0.1608632 -0.1328555 0.6684997 255 0 0
-0.1592028 -0.1327884 0.6681620 255 0 0
-0.1575440 -0.1327213 0.6678246 255 0 0
-0.1559662 -0.1327218 0.6678271 255 0 0
-0.1543884 -0.1327224 0.6678298 255 0 0
-0.1528883 -0.1327905 0.6681724 255 0 0
-0.1512327 -0.1327234 0.6678349 255 0 0
-0.1496549 -0.1327239 0.6678375 255 0 0
-0.1482279 -0.1328596 0.6685205 255 0 0
-0.1466484 -0.1328601 0.6685230 255 0 0
-0.1452168 -0.1329962 0.6692074 255 0 0
-0.1437823 -0.1331324 0.6698931 255 0 0
-0.1422722 -0.1332010 0.6702379 255 0 0
-0.1408325 -0.1333377 0.6709257 255 0 0
-0.1394612 -0.1335430 0.6719589 255 0 0
-0.1378030 -0.1334752 0.6716176 255 0 0
-0.1364256 -0.1336809 0.6726528 255 0 0
-0.1349055 -0.1337500 0.6730004 255 0 0
-0.1333837 -0.1338191 0.6733483 255 0 0
-0.1318604 -0.1338883 0.6736966 255 0 0
-0.1302687 -0.1338888 0.6736992 255 0 0
-0.1286109 -0.1338207 0.6733561 255 0 0
-0.1268247 -0.1336155 0.6723239 255 0 0
-0.1251720 -0.1335476 0.6719823 255 0 0
-0.1233947 -0.1333433 0.6709543 255 0 0
-0.1216850 -0.1332077 0.6702716 255 0 0
-0.1200400 -0.1331402 0.6699321 255 0 0
-0.1183966 -0.1330728 0.6695929 255 0 0
-0.1168741 -0.1331412 0.6699373 255 0 0
-0.1152911 -0.1331417 0.6699398 255 0 0
-0.1138244 -0.1332783 0.6706271 255 0 0
-0.1122398 -0.1332788 0.6706296 255 0 0
-0.1109378 -0.1336197 0.6723447 255 0 0
-0.1095745 -0.1338956 0.6737331 255 0 0
-0.1080935 -0.1340337 0.6744280 255 0 0
-0.1065546 -0.1341031 0.6747774 255 0 0
-0.1053385 -0.1345869 0.6772119 255 0 0
-0.1039528 -0.1348658 0.6786150 255 0 0
-0.1026678 -0.1352860 0.6807295 255 0 0
-0.1011643 -0.1354270 0.6814390 255 0 0
-0.0992963 -0.1350769 0.6796772 255 0 0
-0.0977915 -0.1352175 0.6803845 255 0 0
-0.0962837 -0.1353583 0.6810933 255 0 0
-0.0944781 -0.1350785 0.6796851 255 0 0
-0.0929202 -0.1351490 0.6800399 255 0 0
-0.0913606 -0.1352196 0.6803951 255 0 0
-0.0896599 -0.1350800 0.6796930 255 0 0
-0.0879627 -0.1349408 0.6789925 255 0 0
-0.0863582 -0.1349413 0.6789951 255 0 0
-0.0847537 -0.1349418 0.6789977 255 0 0
-0.0831493 -0.1349424 0.6790003 255 0 0
-0.0815026 -0.1348731 0.6786519 255 0 0
-0.0798989 -0.1348736 0.6786545 255 0 0
-0.0782952 -0.1348742 0.6786571 255 0 0
-0.0766123 -0.1347354 0.6779587 255 0 0
-0.0750490 -0.1348055 0.6783116 255 0 0
-0.0735221 -0.1349455 0.6790161 255 0 0
-0.0720293 -0.1351558 0.6800741 255 0 0
-0.0704587 -0.1352264 0.6804293 255 0 0
-0.0689222 -0.1353672 0.6811381 255 0 0
-0.0673826 -0.1355084 0.6818483 255 0 0
-0.0658397 -0.1356498 0.6825601 255 0 0
-0.0643941 -0.1360040 0.6843421 255 0 0
-0.0628424 -0.1361465 0.6850590 255 0 0
-0.0612875 -0.1362892 0.6857775 255 0 0
-0.0597293 -0.1364323 0.6864974 255 0 0
-0.0581983 -0.1366473 0.6875789 255 0 0
-0.0566922 -0.1369347 0.6890253 255 0 0
-0.0552088 -0.1372956 0.6908411 255 0 0
-0.0535199 -0.1371517 0.6901174 255 0 0
-0.0518890 -0.1371523 0.6901201 255 0 0
-0.0503110 -0.1372972 0.6908492 255 0 0
-0.0486528 -0.1372255 0.6904884 255 0 0
-0.0473448 -0.1381709 0.6952454 255 0 0
-0.0459206 -0.1388332 0.6985781 255 0 0
-0.0426640 -0.1389817 0.6993251 255 0 0
-0.0411648 -0.1395025 0.7019456 255 0 0
-0.0398501 -0.1468867 0.7391014 255 0 0
-0.0366870 -0.1482226 0.7458237 255 0 0
-0.0349443 -0.1483075 0.7462506 255 0 0
-0.0331806 -0.1483081 0.7462536 255 0 0
-0.3549170 -0.1341518 0.6831557 255 0 0
-0.3534878 -0.1342222 0.6835142 255 0 0
-0.3516905 -0.1341528 0.6831610 255 0 0
-0.3502596 -0.1342233 0.6835195 255 0 0
-0.3484639 -0.1341539 0.6831662 255 0 0
-0.3470313 -0.1342243 0.6835248 255 0 0
-0.3454171 -0.1342248 0.6835275 255 0 0
-0.3438030 -0.1342254 0.6835302 255 0 0
-0.3423672 -0.1342959 0.6838892 255 0 0
-0.3405746 -0.1342264 0.6835355 255 0 0
-0.3391370 -0.1342969 0.6838945 255 0 0
-0.3375220 -0.1342974 0.6838971 255 0 0
-0.3359069 -0.1342979 0.6838998 255 0 0
-0.3346407 -0.1344386 0.6846163 255 0 0
-0.3331978 -0.1345094 0.6849764 255 0 0
-0.3315801 -0.1345099 0.6849790 255 0 0
-0.3301349 -0.1345807 0.6853396 255 0 0
-0.3286881 -0.1346515 0.6857005 255 0 0
-0.3270687 -0.1346520 0.6857031 255 0 0
-0.3256195 -0.1347230 0.6860644 255 0 0
-0.3241688 -0.1347940 0.6864260 255 0 0
-0.3225476 -0.1347945 0.6864287 255 0 0
-0.3209265 -0.1347951 0.6864313 255 0 0
-0.3196399 -0.1349368 0.6871532 255 0 0
-0.3185176 -0.1351497 0.6882374 255 0 0
-0.3168921 -0.1351502 0.6882400 255 0 0
-0.3157637 -0.1353638 0.6893277 255 0 0
-0.3141358 -0.1353643 0.6893303 255 0 0
-0.3126720 -0.1354360 0.6896954 255 0 0
-0.3110431 -0.1354365 0.6896981 255 0 0
-0.3097399 -0.1355796 0.6904267 255 0 0
-0.3079472 -0.1355088 0.6900662 255 0 0
-0.3064786 -0.1355807 0.6904320 255 0 0
-0.3046876 -0.1355099 0.6900715 255 0 0
-0.3028985 -0.1354392 0.6897114 255 0 0
-0.3014280 -0.1355109 0.6900769 255 0 0
-0.2993258 -0.1352980 0.6889923 255 0 0
-0.2975423 -0.1352275 0.6886333 255 0 0
-0.2957606 -0.1351570 0.6882747 255 0 0
-0.2938266 -0.1350159 0.6875558 255 0 0
-0.2920497 -0.1349457 0.6871984 255 0 0
-0.2901227 -0.1348050 0.6864819 255 0 0
-0.2881997 -0.1346646 0.6857669 255 0 0
-0.2861313 -0.1344543 0.6846958 255 0 0
-0.2834796 -0.1339659 0.6822088 255 0 0
-0.2815755 -0.1338272 0.6815027 255 0 0
-0.2796753 -0.1336889 0.6807981 255 0 0
-0.2777790 -0.1335508 0.6800949 255 0 0
-0.2758866 -0.1334130 0.6793931 255 0 0
-0.2739982 -0.1332754 0.6786929 255 0 0
-0.2721136 -0.1331382 0.6779940 255 0 0
-0.2703725 -0.1330700 0.6776465 255 0 0
-0.2683561 -0.1328646 0.6766007 255 0 0
-0.2666205 -0.1327966 0.6762546 255 0 0
-0.2648867 -0.1327287 0.6759088 255 0 0
-0.2631546 -0.1326609 0.6755634 255 0 0
-0.2611555 -0.1324568 0.6745241 255 0 0
-0.2594289 -0.1323893 0.6741801 255 0 0
-0.2571757 -0.1320505 0.6724550 255 0 0
-0.2553257 -0.1319158 0.6717690 255 0 0
-0.2534794 -0.1317814 0.6710844 255 0 0
-0.2515093 -0.1315805 0.6700615 255 0 0
-0.2496716 -0.1314468 0.6693804 255 0 0
-0.2478376 -0.1313133 0.6687007 255 0 0
-0.2461326 -0.1312469 0.6683626 255 0 0
-0.2443050 -0.1311138 0.6676850 255 0 0
-0.2423579 -0.1309145 0.6666698 255 0 0
-0.2405387 -0.1307821 0.6659956 255 0 0
-0.2387232 -0.1306500 0.6653228 255 0 0
-0.2370314 -0.1305842 0.6649882 255 0 0
-0.2352222 -0.1304525 0.6643174 255 0 0
-0.2335348 -0.1303870 0.6639838 255 0 0
-0.2316147 -0.1301899 0.6629799 255 0 0
-0.2298164 -0.1300590 0.6623132 255 0 0
-0.2281368 -0.1299938 0.6619816 255 0 0
-0.2263447 -0.1298633 0.6613169 255 0 0
-0.2247825 -0.1298638 0.6613194 255 0 0
-0.2229956 -0.1297335 0.6606561 255 0 0
-0.2214350 -0.1297341 0.6606587 255 0 0
-0.2197637 -0.1296693 0.6603287 255 0 0
-0.2183138 -0.1297351 0.6606638 255 0 0
-0.2167531 -0.1297356 0.6606663 255 0 0
-0.2151925 -0.1297361 0.6606689 255 0 0
-0.2138472 -0.1298673 0.6613374 255 0 0
-0.2122849 -0.1298678 0.6613399 255 0 0
-0.2107227 -0.1298683 0.6613425 255 0 0
-0.2094771 -0.1300655 0.6623465 255 0 0
-0.2079124 -0.1300660 0.6623490 255 0 0
-0.2064520 -0.1301322 0.6626862 255 0 0
-0.2050937 -0.1302643 0.6633587 255 0 0
-0.2037326 -0.1303966 0.6640327 255 0 0
-0.2022663 -0.1304632 0.6643715 255 0 0
-0.2009003 -0.1305959 0.6650474 255 0 0
-0.1995315 -0.1307289 0.6657248 255 0 0
-0.1980593 -0.1307958 0.6660653 255 0 0
-0.1966854 -0.1309292 0.6667447 255 0 0
-0.1952096 -0.1309962 0.6670862 255 0 0
-0.1937321 -0.1310634 0.6674281 255 0 0
-0.1922532 -0.1311306 0.6677703 255 0 0
-0.1908699 -0.1312647 0.6684532 255 0 0
-0.1892907 -0.1312652 0.6684558 255 0 0
-0.1879030 -0.1313996 0.6691401 255 0 0
-0.1864173 -0.1314671 0.6694841 255 0 0
-0.1851190 -0.1316691 0.6705129 255 0 0
-0.1837227 -0.1318043 0.6712013 255 0 0
-0.1824169 -0.1320074 0.6722354 255 0 0
-0.1811071 -0.1322111 0.6732728 255 0 0
-0.1798857 -0.1324835 0.6746599 255 0 0
-0.1785672 -0.1326887 0.6757047 255 0 0
-0.1768798 -0.1326209 0.6753595 255 0 0
-0.1751941 -0.1325532 0.6750148 255 0 0
-0.1735994 -0.1325537 0.6750174 255 0 0
-0.1718279 -0.1324180 0.6743263 255 0 0
-0.1694512 -0.1318089 0.6712248 255 0 0
-0.1676938 -0.1316748 0.6705415 255 0 0
-0.1661103 -0.1316758 0.6705467 255 0 0
-0.1643582 -0.1315419 0.6698647 255 0 0
-0.1626925 -0.1314753 0.6695256 255 0 0
-0.1610286 -0.1314087 0.6691868 255 0 0
-0.1594476 -0.1314092 0.6691893 255 0 0
-0.1577057 -0.1312759 0.6685101 255 0 0
-0.1559674 -0.1311428 0.6678324 255 0 0
-0.1545469 -0.1312769 0.6685153 255 0 0
-0.1529674 -0.1312774 0.6685179 255 0 0
-0.1513109 -0.1312111 0.6681802 255 0 0
-0.1498085 -0.1312784 0.6685231 255 0 0
-0.1483802 -0.1314128 0.6692075 255 0 0
-0.1467991 -0.1314133 0.6692101 255 0 0
-0.1454405 -0.1316151 0.6702380 255 0 0
-0.1438569 -0.1316157 0.6702405 255 0 0
-0.1424188 -0.1317507 0.6709284 255 0 0
-0.1411945 -0.1320889 0.6726503 255 0 0
-0.1396053 -0.1320894 0.6726530 255 0 0
-0.1380868 -0.1321576 0.6730005 255 0 0
-0.1365667 -0.1322259 0.6733484 255 0 0
-0.1351838 -0.1324303 0.6743889 255 0 0
-0.1334532 -0.1322948 0.6736992 255 0 0
-0.1318615 -0.1322954 0.6737018 255 0 0
-0.1302029 -0.1322280 0.6733588 255 0 0
-0.1286119 -0.1322285 0.6733614 255 0 0
-0.1267607 -0.1319582 0.6719849 255 0 0
-0.1249810 -0.1317564 0.6709570 255 0 0
-0.1232697 -0.1316223 0.6702743 255 0 0
-0.1216859 -0.1316228 0.6702769 255 0 0
-0.1201022 -0.1316233 0.6702794 255 0 0
-0.1184580 -0.1315566 0.6699399 255 0 0
-0.1169944 -0.1316916 0.6706271 255 0 0
-0.1152921 -0.1315576 0.6699451 255 0 0
-0.1137672 -0.1316253 0.6702899 255 0 0
-0.1122981 -0.1317604 0.6709778 255 0 0
-0.1108827 -0.1319633 0.6720110 255 0 0
-0.1096316 -0.1323705 0.6740844 255 0 0
-0.1080943 -0.1324390 0.6744334 255 0 0
-0.1065555 -0.1325076 0.6747827 255 0 0
-0.1050691 -0.1326445 0.6754798 255 0 0
-0.1038471 -0.1331246 0.6779247 255 0 0
-0.1032047 -0.1343744 0.6842892 255 0 0
-0.1016938 -0.1345152 0.6850061 255 0 0
-0.0998667 -0.1342355 0.6835818 255 0 0
-0.0982003 -0.1341661 0.6832285 255 0 0
-0.0964854 -0.1340271 0.6825206 255 0 0
-0.0948727 -0.1340276 0.6825233 255 0 0
-0.0932599 -0.1340281 0.6825259 255 0 0
-0.0916471 -0.1340287 0.6825286 255 0 0
-0.0897535 -0.1336113 0.6804030 255 0 0
-0.0881915 -0.1336811 0.6807585 255 0 0
-0.0865828 -0.1336816 0.6807612 255 0 0
-0.0849301 -0.1336128 0.6804109 255 0 0
-0.0832791 -0.1335441 0.6800610 255 0 0
-0.0817145 -0.1336139 0.6804162 255 0 0
-0.0800651 -0.1335451 0.6800663 255 0 0
-0.0784581 -0.1335457 0.6800689 255 0 0
-0.0768909 -0.1336154 0.6804241 255 0 0
-0.0752050 -0.1334775 0.6797220 255 0 0
-0.0736751 -0.1336164 0.6804294 255 0 0
-0.0721420 -0.1337556 0.6811382 255 0 0
-0.0706424 -0.1339647 0.6822029 255 0 0
-0.0690661 -0.1340349 0.6825602 255 0 0
-0.0675586 -0.1342448 0.6836293 255 0 0
-0.0660462 -0.1344554 0.6847017 255 0 0
-0.0645292 -0.1346667 0.6857776 255 0 0
-0.0629415 -0.1347376 0.6861387 255 0 0
-0.0613521 -0.1348086 0.6865001 255 0 0
-0.0597298 -0.1348091 0.6865028 255 0 0
-0.0582904 -0.1352340 0.6886665 255 0 0
-0.0567821 -0.1355189 0.6901174 255 0 0
-0.0552093 -0.1356621 0.6908465 255 0 0
-0.0536897 -0.1359488 0.6923066 255 0 0
-0.0522189 -0.1363809 0.6945071 255 0 0
-0.0505509 -0.1363093 0.6941425 255 0 0
-0.0488072 -0.1360221 0.6926800 255 0 0
-0.0460188 -0.1374735 0.7000711 255 0 0
-0.0443407 -0.1374008 0.6997007 255 0 0
-0.0430543 -0.1385832 0.7057222 255 0 0
-0.0409742 -0.1429650 0.7280359 255 0 0
-0.0382543 -0.1457134 0.7420321 255 0 0
-0.0365006 -0.1457140 0.7420349 255 0 0
-0.0347863 -0.1458795 0.7428777 255 0 0
-0.0331244 -0.1462940 0.7449887 255 0 0
-0.3547350 -0.1324675 0.6828054 255 0 0
-0.3531226 -0.1324680 0.6828080 255 0 0
-0.3518765 -0.1326066 0.6835223 255 0 0
-0.3498977 -0.1324690 0.6828133 255 0 0
-0.3482852 -0.1324695 0.6828159 255 0 0
-0.3468533 -0.1325390 0.6831742 255 0 0
-0.3450602 -0.1324705 0.6828212 255 0 0
-0.3436266 -0.1325401 0.6831795 255 0 0
-0.3423699 -0.1326788 0.6838945 255 0 0
-0.3403998 -0.1325411 0.6831848 255 0 0
-0.3389630 -0.1326107 0.6835434 255 0 0
-0.3375246 -0.1326803 0.6839024 255 0 0
-0.3359095 -0.1326808 0.6839051 255 0 0
-0.3342944 -0.1326814 0.6839077 255 0 0
-0.3328528 -0.1327511 0.6842672 255 0 0
-0.3314097 -0.1328209 0.6846269 255 0 0
-0.3297929 -0.1328214 0.6846296 255 0 0
-0.3281761 -0.1328219 0.6846322 255 0 0
-0.3270713 -0.1330307 0.6857085 255 0 0
-0.3254519 -0.1330312 0.6857111 255 0 0
-0.3238324 -0.1330317 0.6857138 255 0 0
-0.3223815 -0.1331018 0.6860750 255 0 0
-0.3209291 -0.1331720 0.6864367 255 0 0
-0.3196424 -0.1333120 0.6871585 255 0 0
-0.3181862 -0.1333824 0.6875213 255 0 0
-0.3165625 -0.1333829 0.6875240 255 0 0
-0.3154347 -0.1335935 0.6886094 255 0 0
-0.3139732 -0.1336642 0.6889737 255 0 0
-0.3125102 -0.1337349 0.6893384 255 0 0
-0.3110456 -0.1338057 0.6897035 255 0 0
-0.3094167 -0.1338063 0.6897061 255 0 0
-0.3079496 -0.1338772 0.6900716 255 0 0
-0.3064811 -0.1339481 0.6904375 255 0 0
-0.3045298 -0.1338078 0.6897142 255 0 0
-0.3027417 -0.1337380 0.6893544 255 0 0
-0.3012719 -0.1338089 0.6897195 255 0 0
-0.2991710 -0.1335987 0.6886361 255 0 0
-0.2973885 -0.1335291 0.6882774 255 0 0
-0.2957629 -0.1335296 0.6882801 255 0 0
-0.2936751 -0.1333203 0.6872011 255 0 0
-0.2917463 -0.1331813 0.6864846 255 0 0
-0.2898217 -0.1330425 0.6857696 255 0 0
-0.2879010 -0.1329041 0.6850560 255 0 0
-0.2855375 -0.1325586 0.6832748 255 0 0
-0.2833345 -0.1322840 0.6818596 255 0 0
-0.2812855 -0.1320786 0.6808008 255 0 0
-0.2793875 -0.1319422 0.6800976 255 0 0
-0.2776372 -0.1318743 0.6797478 255 0 0
-0.2758888 -0.1318065 0.6793984 255 0 0
-0.2738586 -0.1316026 0.6783472 255 0 0
-0.2721157 -0.1315351 0.6779993 255 0 0
-0.2702350 -0.1313998 0.6773019 255 0 0
-0.2683582 -0.1312648 0.6766060 255 0 0
-0.2664852 -0.1311300 0.6759115 255 0 0
-0.2646161 -0.1309956 0.6752184 255 0 0
-0.2627508 -0.1308614 0.6745268 255 0 0
-0.2608893 -0.1307275 0.6738365 255 0 0
-0.2592977 -0.1307280 0.6738392 255 0 0
-0.2571777 -0.1304605 0.6724603 255 0 0
-0.2550665 -0.1301941 0.6710871 255 0 0
-0.2529648 -0.1299293 0.6697221 255 0 0
-0.2513829 -0.1299298 0.6697247 255 0 0
-0.2494190 -0.1297316 0.6687033 255 0 0
-0.2475871 -0.1296000 0.6680250 255 0 0
-0.2458840 -0.1295346 0.6676876 255 0 0
-0.2441827 -0.1294692 0.6673506 255 0 0
-0.2423598 -0.1293381 0.6666750 255 0 0
-0.2405406 -0.1292073 0.6660008 255 0 0
-0.2386041 -0.1290114 0.6649908 255 0 0
-0.2367933 -0.1288812 0.6643201 255 0 0
-0.2351051 -0.1288165 0.6639865 255 0 0
-0.2333005 -0.1286868 0.6633177 255 0 0
-0.2317336 -0.1286873 0.6633202 255 0 0
-0.2299343 -0.1285578 0.6626529 255 0 0
-0.2283690 -0.1285583 0.6626554 255 0 0
-0.2264606 -0.1283643 0.6616555 255 0 0
-0.2247843 -0.1283001 0.6613246 255 0 0
-0.2229974 -0.1281714 0.6606613 255 0 0
-0.2214368 -0.1281719 0.6606638 255 0 0
-0.2199869 -0.1282370 0.6609992 255 0 0
-0.2183155 -0.1281729 0.6606690 255 0 0
-0.2166458 -0.1281089 0.6603391 255 0 0
-0.2153026 -0.1282385 0.6610069 255 0 0
-0.2138488 -0.1283036 0.6613426 255 0 0
-0.2122866 -0.1283041 0.6613451 255 0 0
-0.2107243 -0.1283046 0.6613477 255 0 0
-0.2093731 -0.1284346 0.6620176 255 0 0
-0.2079141 -0.1284999 0.6623543 255 0 0
-0.2063494 -0.1285004 0.6623569 255 0 0
-0.2053029 -0.1288260 0.6640354 255 0 0
-0.2037342 -0.1288265 0.6640379 255 0 0
-0.2020633 -0.1287618 0.6637046 255 0 0
-0.2010037 -0.1290888 0.6653899 255 0 0
-0.1995330 -0.1291548 0.6657300 255 0 0
-0.1981614 -0.1292865 0.6664087 255 0 0
-0.1967870 -0.1294184 0.6670889 255 0 0
-0.1953104 -0.1294847 0.6674308 255 0 0
-0.1938322 -0.1295511 0.6677729 255 0 0
-0.1925486 -0.1297497 0.6687966 255 0 0
-0.1910661 -0.1298164 0.6691402 255 0 0
-0.1894853 -0.1298169 0.6691428 255 0 0
-0.1880004 -0.1298836 0.6694868 255 0 0
-0.1866091 -0.1300168 0.6701731 255 0 0
-0.1853098 -0.1302168 0.6712040 255 0 0
-0.1837242 -0.1302173 0.6712067 255 0 0
-0.1826054 -0.1305517 0.6729302 255 0 0
-0.1812946 -0.1307533 0.6739696 255 0 0
-0.1798871 -0.1308883 0.6746652 255 0 0
-0.1785686 -0.1310909 0.6757100 255 0 0
-0.1769723 -0.1310914 0.6757126 255 0 0
-0.1753759 -0.1310920 0.6757152 255 0 0
-0.1736901 -0.1310250 0.6753700 255 0 0
-0.1719176 -0.1308908 0.6746783 255 0 0
-0.1699741 -0.1306227 0.6732963 255 0 0
-0.1679526 -0.1302890 0.6715761 255 0 0
-0.1662809 -0.1302228 0.6712352 255 0 0
-0.1645274 -0.1300907 0.6705545 255 0 0
-0.1628600 -0.1300248 0.6702147 255 0 0
-0.1612765 -0.1300253 0.6702173 255 0 0
-0.1595301 -0.1298932 0.6695360 255 0 0
-0.1579483 -0.1298937 0.6695386 255 0 0
-0.1562867 -0.1298279 0.6691998 255 0 0
-0.1548636 -0.1299610 0.6698855 255 0 0
-0.1533592 -0.1300278 0.6702302 255 0 0
-0.1517757 -0.1300283 0.6702328 255 0 0
-0.1502689 -0.1300953 0.6705778 255 0 0
-0.1487606 -0.1301623 0.6709233 255 0 0
-0.1472507 -0.1302294 0.6712690 255 0 0
-0.1457393 -0.1302965 0.6716151 255 0 0
-0.1441525 -0.1302970 0.6716177 255 0 0
-0.1428581 -0.1305648 0.6729980 255 0 0
-0.1414131 -0.1306993 0.6736915 255 0 0
-0.1398213 -0.1306998 0.6736941 255 0 0
-0.1382296 -0.1307003 0.6736967 255 0 0
-0.1367783 -0.1308352 0.6743916 255 0 0
-0.1351849 -0.1308357 0.6743942 255 0 0
-0.1335229 -0.1307690 0.6740506 255 0 0
-0.1318625 -0.1307024 0.6737071 255 0 0
-0.1300704 -0.1305019 0.6726738 255 0 0
-0.1283495 -0.1303688 0.6719877 255 0 0
-0.1264381 -0.1300364 0.6702744 255 0 0
-0.1247270 -0.1299042 0.6695930 255 0 0
-0.1231448 -0.1299047 0.6695956 255 0 0
-0.1216869 -0.1300379 0.6702821 255 0 0
-0.1199806 -0.1299057 0.6696008 255 0 0
-0.1183381 -0.1298400 0.6692620 255 0 0
-0.1168163 -0.1299067 0.6696060 255 0 0
-0.1154108 -0.1301064 0.6706349 255 0 0
-0.1138844 -0.1301734 0.6709805 255 0 0
-0.1122989 -0.1301739 0.6709830 255 0 0
-0.1108268 -0.1303076 0.6716723 255 0 0
-0.1095200 -0.1306424 0.6733980 255 0 0
-0.1081508 -0.1309116 0.6747854 255 0 0
-0.1065563 -0.1309121 0.6747880 255 0 0
-0.1050159 -0.1309799 0.6751378 255 0 0
-0.1037943 -0.1314538 0.6775801 255 0 0
-0.1028302 -0.1322737 0.6818063 255 0 0
-0.1016416 -0.1328262 0.6846542 255 0 0
-0.0998675 -0.1326191 0.6835871 255 0 0
-0.0982011 -0.1325506 0.6832339 255 0 0
-0.0966873 -0.1326893 0.6839486 255 0 0
-0.0950216 -0.1326207 0.6835950 255 0 0
-0.0934550 -0.1326903 0.6839539 255 0 0
-0.0918867 -0.1327600 0.6843131 255 0 0
-0.0902226 -0.1326913 0.6839591 255 0 0
-0.0885142 -0.1325537 0.6832497 255 0 0
-0.0869903 -0.1326924 0.6839644 255 0 0
-0.0853740 -0.1326929 0.6839671 255 0 0
-0.0837142 -0.1326243 0.6836136 255 0 0
-0.0820560 -0.1325557 0.6832603 255 0 0
-0.0803578 -0.1324184 0.6825524 255 0 0
-0.0788269 -0.1325568 0.6832656 255 0 0
-0.0772123 -0.1325573 0.6832682 255 0 0
-0.0755977 -0.1325578 0.6832709 255 0 0
-0.0740602 -0.1326965 0.6839857 255 0 0
-0.0725194 -0.1328354 0.6847019 255 0 0
-0.0709384 -0.1329053 0.6850619 255 0 0
-0.0695009 -0.1332535 0.6868569 255 0 0
-0.0679489 -0.1333936 0.6875791 255 0 0
-0.0661503 -0.1330446 0.6857803 255 0 0
-0.0646310 -0.1332540 0.6868595 255 0 0
-0.0631069 -0.1334640 0.6879420 255 0 0
-0.0615134 -0.1335345 0.6883054 255 0 0
-0.0599812 -0.1337454 0.6893926 255 0 0
-0.0584441 -0.1339570 0.6904832 255 0 0
-0.0569322 -0.1342400 0.6919418 255 0 0
-0.0555018 -0.1347377 0.6945071 255 0 0
-0.0539748 -0.1350240 0.6959828 255 0 0
-0.0524134 -0.1352396 0.6970942 255 0 0
-0.0510100 -0.1358901 0.7004475 255 0 0
-0.0490926 -0.1351689 0.6967297 255 0 0
-0.0477248 -0.1359637 0.7008269 255 0 0
-0.0464152 -0.1369871 0.7061019 255 0 0
-0.0451595 -0.1382519 0.7126213 255 0 0
-0.0434177 -0.1436335 0.7403609 255 0 0
-0.0416912 -0.1437140 0.7407758 255 0 0
-0.0399181 -0.1436341 0.7403637 255 0 0
-0.0381900 -0.1437157 0.7407844 255 0 0
-0.0364393 -0.1437162 0.7407873 255 0 0
-0.0347474 -0.1439605 0.7420465 255 0 0
-0.3559797 -0.1307164 0.6820979 255 0 0
-0.3543689 -0.1307169 0.6821006 255 0 0
-0.3527581 -0.1307174 0.6821032 255 0 0
-0.3511474 -0.1307179 0.6821059 255 0 0
-0.3495366 -0.1307184 0.6821085 255 0 0
-0.3481068 -0.1307869 0.6824660 255 0 0
-0.3464951 -0.1307874 0.6824687 255 0 0
-0.3448834 -0.1307879 0.6824713 255 0 0
-0.3434504 -0.1308565 0.6828293 255 0 0
-0.3420159 -0.1309252 0.6831875 255 0 0
-0.3404025 -0.1309257 0.6831902 255 0 0
-0.3387891 -0.1309262 0.6831928 255 0 0
-0.3371757 -0.1309267 0.6831955 255 0 0
-0.3355623 -0.1309272 0.6831981 255 0 0
-0.3341228 -0.1309959 0.6835567 255 0 0
-0.3326819 -0.1310647 0.6839157 255 0 0
-0.3312394 -0.1311336 0.6842752 255 0 0
-0.3294516 -0.1310657 0.6839210 255 0 0
-0.3280074 -0.1311346 0.6842805 255 0 0
-0.3267322 -0.1312721 0.6849977 255 0 0
-0.3252844 -0.1313412 0.6853583 255 0 0
-0.3240043 -0.1314791 0.6860778 255 0 0
-0.3222155 -0.1314108 0.6857218 255 0 0
-0.3209316 -0.1315489 0.6864421 255 0 0
-0.3194776 -0.1316183 0.6868042 255 0 0
-0.3178555 -0.1316188 0.6868068 255 0 0
-0.3163992 -0.1316882 0.6871693 255 0 0
-0.3154372 -0.1319652 0.6886148 255 0 0
-0.3139757 -0.1320350 0.6889791 255 0 0
-0.3126769 -0.1321744 0.6897062 255 0 0
-0.3108845 -0.1321055 0.6893464 255 0 0
-0.3094190 -0.1321754 0.6897115 255 0 0
-0.3081141 -0.1323151 0.6904402 255 0 0
-0.3063222 -0.1322460 0.6900797 255 0 0
-0.3045322 -0.1321770 0.6897196 255 0 0
-0.3027441 -0.1321080 0.6893598 255 0 0
-0.3009578 -0.1320391 0.6890004 255 0 0
-0.2991734 -0.1319703 0.6886414 255 0 0
-0.2972349 -0.1318324 0.6879218 255 0 0
-0.2953005 -0.1316949 0.6872039 255 0 0
-0.2935236 -0.1316264 0.6868467 255 0 0
-0.2914436 -0.1314205 0.6857723 255 0 0
-0.2893701 -0.1312152 0.6847012 255 0 0
-0.2874529 -0.1310789 0.6839899 255 0 0
-0.2849472 -0.1306712 0.6818624 255 0 0
-0.2830425 -0.1305360 0.6811569 255 0 0
-0.2811418 -0.1304011 0.6804530 255 0 0
-0.2792449 -0.1302665 0.6797505 255 0 0
-0.2774956 -0.1301995 0.6794011 255 0 0
-0.2757482 -0.1301327 0.6790521 255 0 0
-0.2738608 -0.1299986 0.6783525 255 0 0
-0.2719773 -0.1298648 0.6776544 255 0 0
-0.2700977 -0.1297313 0.6769578 255 0 0
-0.2683603 -0.1296649 0.6766113 255 0 0
-0.2663501 -0.1294651 0.6755688 255 0 0
-0.2643461 -0.1292659 0.6745294 255 0 0
-0.2627529 -0.1292664 0.6745321 255 0 0
-0.2608914 -0.1291342 0.6738418 255 0 0
-0.2589008 -0.1289360 0.6728078 255 0 0
-0.2570480 -0.1288044 0.6721210 255 0 0
-0.2549381 -0.1285415 0.6707493 255 0 0
-0.2529668 -0.1283457 0.6697273 255 0 0
-0.2511285 -0.1282153 0.6690470 255 0 0
-0.2492939 -0.1280851 0.6683679 255 0 0
-0.2477152 -0.1280856 0.6683705 255 0 0
-0.2457609 -0.1278907 0.6673533 255 0 0
-0.2440604 -0.1278262 0.6670166 255 0 0
-0.2421156 -0.1276320 0.6660035 255 0 0
-0.2404204 -0.1275678 0.6656682 255 0 0
-0.2386059 -0.1274390 0.6649960 255 0 0
-0.2369151 -0.1273749 0.6646618 255 0 0
-0.2351069 -0.1272465 0.6639917 255 0 0
-0.2333023 -0.1271183 0.6633229 255 0 0
-0.2317355 -0.1271188 0.6633254 255 0 0
-0.2299361 -0.1269909 0.6626580 255 0 0
-0.2281404 -0.1268633 0.6619920 255 0 0
-0.2264624 -0.1267998 0.6616607 255 0 0
-0.2248994 -0.1268003 0.6616633 255 0 0
-0.2229991 -0.1266093 0.6606665 255 0 0
-0.2215500 -0.1266735 0.6610018 255 0 0
-0.2198778 -0.1266102 0.6606716 255 0 0
-0.2183172 -0.1266107 0.6606741 255 0 0
-0.2168657 -0.1266750 0.6610095 255 0 0
-0.2151958 -0.1266117 0.6606792 255 0 0
-0.2139583 -0.1268037 0.6616812 255 0 0
-0.2123953 -0.1268042 0.6616838 255 0 0
-0.2108322 -0.1268047 0.6616864 255 0 0
-0.2094804 -0.1269332 0.6623569 255 0 0
-0.2081258 -0.1270620 0.6630288 255 0 0
-0.2064552 -0.1269983 0.6626965 255 0 0
-0.2050969 -0.1271272 0.6633691 255 0 0
-0.2036328 -0.1271920 0.6637072 255 0 0
-0.2022695 -0.1273213 0.6643819 255 0 0
-0.2009034 -0.1274508 0.6650578 255 0 0
-0.1997373 -0.1277102 0.6664114 255 0 0
-0.1982636 -0.1277756 0.6667526 255 0 0
-0.1968886 -0.1279061 0.6674334 255 0 0
-0.1956104 -0.1281020 0.6684560 255 0 0
-0.1941301 -0.1281678 0.6687992 255 0 0
-0.1927466 -0.1282991 0.6694842 255 0 0
-0.1913603 -0.1284306 0.6701706 255 0 0
-0.1897771 -0.1284311 0.6701732 255 0 0
-0.1884826 -0.1286287 0.6712041 255 0 0
-0.1868970 -0.1286292 0.6712067 255 0 0
-0.1855960 -0.1288273 0.6722408 255 0 0
-0.1842911 -0.1290261 0.6732781 255 0 0
-0.1829822 -0.1292255 0.6743186 255 0 0
-0.1815758 -0.1293590 0.6750149 255 0 0
-0.1800737 -0.1294260 0.6753649 255 0 0
-0.1786621 -0.1295599 0.6760634 255 0 0
-0.1771561 -0.1296272 0.6764145 255 0 0
-0.1754677 -0.1295609 0.6760687 255 0 0
-0.1738704 -0.1295614 0.6760713 255 0 0
-0.1721845 -0.1294952 0.6757258 255 0 0
-0.1701501 -0.1291632 0.6739932 255 0 0
-0.1684712 -0.1290974 0.6736498 255 0 0
-0.1667940 -0.1290316 0.6733068 255 0 0
-0.1646970 -0.1286366 0.6712457 255 0 0
-0.1630277 -0.1285714 0.6709052 255 0 0
-0.1612778 -0.1284406 0.6702225 255 0 0
-0.1596128 -0.1283755 0.6698830 255 0 0
-0.1581109 -0.1284416 0.6702277 255 0 0
-0.1565274 -0.1284420 0.6702303 255 0 0
-0.1552611 -0.1287055 0.6716048 255 0 0
-0.1539106 -0.1289039 0.6726400 255 0 0
-0.1523214 -0.1289044 0.6726426 255 0 0
-0.1506550 -0.1288388 0.6723007 255 0 0
-0.1493727 -0.1291039 0.6736837 255 0 0
-0.1477052 -0.1290381 0.6733407 255 0 0
-0.1460394 -0.1289725 0.6729980 255 0 0
-0.1445234 -0.1290391 0.6733459 255 0 0
-0.1430794 -0.1291722 0.6740402 255 0 0
-0.1415595 -0.1292391 0.6743891 255 0 0
-0.1397507 -0.1290406 0.6733537 255 0 0
-0.1383017 -0.1291737 0.6740479 255 0 0
-0.1369200 -0.1293735 0.6750907 255 0 0
-0.1351165 -0.1291747 0.6740532 255 0 0
-0.1333869 -0.1290426 0.6733641 255 0 0
-0.1316608 -0.1289108 0.6726765 255 0 0
-0.1298053 -0.1286476 0.6713029 255 0 0
-0.1280882 -0.1285166 0.6706194 255 0 0
-0.1263100 -0.1283205 0.6695957 255 0 0
-0.1246643 -0.1282555 0.6692569 255 0 0
-0.1231458 -0.1283214 0.6696009 255 0 0
-0.1215637 -0.1283219 0.6696035 255 0 0
-0.1199815 -0.1283224 0.6696061 255 0 0
-0.1183994 -0.1283229 0.6696087 255 0 0
-0.1168768 -0.1283889 0.6699530 255 0 0
-0.1153527 -0.1284550 0.6702977 255 0 0
-0.1138271 -0.1285211 0.6706429 255 0 0
-0.1123573 -0.1286531 0.6713315 255 0 0
-0.1108277 -0.1287194 0.6716776 255 0 0
-0.1094647 -0.1289839 0.6730579 255 0 0
-0.1080405 -0.1291832 0.6740975 255 0 0
-0.1065024 -0.1292500 0.6744465 255 0 0
-0.1050167 -0.1293835 0.6751430 255 0 0
-0.1037416 -0.1297846 0.6772357 255 0 0
-0.1023525 -0.1300535 0.6786389 255 0 0
-0.1017485 -0.1313443 0.6853746 255 0 0
-0.0998163 -0.1309346 0.6832366 255 0 0
-0.0983554 -0.1311399 0.6843079 255 0 0
-0.0967889 -0.1312088 0.6846675 255 0 0
-0.0950719 -0.1310725 0.6839566 255 0 0
-0.0936509 -0.1313468 0.6853878 255 0 0
-0.0921276 -0.1314846 0.6861070 255 0 0
-0.0904118 -0.1313478 0.6853932 255 0 0
-0.0886996 -0.1312113 0.6846808 255 0 0
-0.0872182 -0.1314175 0.6857566 255 0 0
-0.0855977 -0.1314180 0.6857591 255 0 0
-0.0838896 -0.1312813 0.6850460 255 0 0
-0.0822708 -0.1312818 0.6850486 255 0 0
-0.0806099 -0.1312139 0.6846940 255 0 0
-0.0789920 -0.1312144 0.6846966 255 0 0
-0.0773740 -0.1312149 0.6846993 255 0 0
-0.0758351 -0.1313524 0.6854170 255 0 0
-0.0742542 -0.1314216 0.6857777 255 0 0
-0.0725957 -0.1313534 0.6854223 255 0 0
-0.0711618 -0.1316978 0.6872192 255 0 0
-0.0696107 -0.1318363 0.6879421 255 0 0
-0.0680564 -0.1319752 0.6886667 255 0 0
-0.0664638 -0.1320450 0.6890309 255 0 0
-0.0650062 -0.1323930 0.6908467 255 0 0
-0.0634070 -0.1324632 0.6912132 255 0 0
-0.0619039 -0.1327433 0.6926748 255 0 0
-0.0603626 -0.1329543 0.6937758 255 0 0
-0.0588787 -0.1333071 0.6956168 255 0 0
-0.0555321 -0.1331670 0.6948856 255 0 0
-0.0526096 -0.1340903 0.6997035 255 0 0
-0.0510377 -0.1343056 0.7008269 255 0 0
-0.0493814 -0.1343061 0.7008296 255 0 0
-0.0482403 -0.1357562 0.7083966 255 0 0
-0.0451932 -0.1419624 0.7407817 255 0 0
-0.0434670 -0.1420431 0.7412028 255 0 0
-0.0416920 -0.1419641 0.7407902 255 0 0
-0.0398963 -0.1418046 0.7399579 255 0 0
-0.0381475 -0.1418051 0.7399608 255 0 0
-0.0364398 -0.1419657 0.7407989 255 0 0
-0.0346695 -0.1418862 0.7403839 255 0 0
-0.3593909 -0.1291697 0.6824529 255 0 0
-0.3574074 -0.1290359 0.6817462 255 0 0
-0.3556127 -0.1289694 0.6813947 255 0 0
-0.3540035 -0.1289699 0.6813973 255 0 0
-0.3525776 -0.1290374 0.6817541 255 0 0
-0.3509676 -0.1290379 0.6817567 255 0 0
-0.3493577 -0.1290384 0.6817594 255 0 0
-0.3479285 -0.1291060 0.6821165 255 0 0
-0.3461377 -0.1290394 0.6817647 255 0 0
-0.3447068 -0.1291070 0.6821218 255 0 0
-0.3432744 -0.1291747 0.6824793 255 0 0
-0.3414850 -0.1291080 0.6821271 255 0 0
-0.3400510 -0.1291757 0.6824846 255 0 0
-0.3386154 -0.1292434 0.6828425 255 0 0
-0.3371783 -0.1293112 0.6832008 255 0 0
-0.3355649 -0.1293117 0.6832035 255 0 0
-0.3339515 -0.1293122 0.6832061 255 0 0
-0.3323380 -0.1293127 0.6832088 255 0 0
-0.3308968 -0.1293806 0.6835674 255 0 0
-0.3296260 -0.1295161 0.6842832 255 0 0
-0.3281812 -0.1295842 0.6846430 255 0 0
-0.3263939 -0.1295171 0.6842884 255 0 0
-0.3251171 -0.1296529 0.6850057 255 0 0
-0.3238375 -0.1297889 0.6857246 255 0 0
-0.3222180 -0.1297894 0.6857272 255 0 0
-0.3207662 -0.1298578 0.6860884 255 0 0
-0.3194801 -0.1299943 0.6868095 255 0 0
-0.3180245 -0.1300629 0.6871720 255 0 0
-0.3165675 -0.1301315 0.6875347 255 0 0
-0.3152741 -0.1302686 0.6882588 255 0 0
-0.3139781 -0.1304059 0.6889845 255 0 0
-0.3123509 -0.1304064 0.6889871 255 0 0
-0.3110504 -0.1305441 0.6897143 255 0 0
-0.3092589 -0.1304760 0.6893545 255 0 0
-0.3079544 -0.1306137 0.6900824 255 0 0
-0.3061636 -0.1305456 0.6897223 255 0 0
-0.3042147 -0.1304090 0.6890005 255 0 0
-0.3025874 -0.1304095 0.6890032 255 0 0
-0.3008022 -0.1303415 0.6886442 255 0 0
-0.2988620 -0.1302053 0.6879246 255 0 0
-0.2967703 -0.1300013 0.6868467 255 0 0
-0.2949937 -0.1299338 0.6864900 255 0 0
-0.2930656 -0.1297985 0.6857750 255 0 0
-0.2906862 -0.1294606 0.6839900 255 0 0
-0.2890707 -0.1294611 0.6839927 255 0 0
-0.2871558 -0.1293268 0.6832829 255 0 0
-0.2848014 -0.1289919 0.6815134 255 0 0
-0.2830448 -0.1289254 0.6811623 255 0 0
-0.2812899 -0.1288590 0.6808115 255 0 0
-0.2795368 -0.1287927 0.6804610 255 0 0
-0.2776416 -0.1286597 0.6797585 255 0 0
-0.2758931 -0.1285936 0.6794091 255 0 0
-0.2738630 -0.1283946 0.6783579 255 0 0
-0.2722607 -0.1283951 0.6783605 255 0 0
-0.2702393 -0.1281967 0.6773126 255 0 0
-0.2685009 -0.1281311 0.6769657 255 0 0
-0.2664894 -0.1279336 0.6759221 255 0 0
-0.2644841 -0.1277367 0.6748817 255 0 0
-0.2627549 -0.1276715 0.6745373 255 0 0
-0.2608934 -0.1275408 0.6738471 255 0 0
-0.2587702 -0.1272798 0.6724682 255 0 0
-0.2569184 -0.1271500 0.6717822 255 0 0
-0.2549401 -0.1269555 0.6707546 255 0 0
-0.2529688 -0.1267621 0.6697326 255 0 0
-0.2511305 -0.1266333 0.6690522 255 0 0
-0.2494229 -0.1265692 0.6687138 255 0 0
-0.2475910 -0.1264408 0.6680354 255 0 0
-0.2458879 -0.1263770 0.6676981 255 0 0
-0.2440623 -0.1262490 0.6670219 255 0 0
-0.2422405 -0.1261213 0.6663470 255 0 0
-0.2405443 -0.1260577 0.6660113 255 0 0
-0.2387288 -0.1259304 0.6653385 255 0 0
-0.2369169 -0.1258033 0.6646670 255 0 0
-0.2352278 -0.1257401 0.6643330 255 0 0
-0.2335403 -0.1256769 0.6639994 255 0 0
-0.2317373 -0.1255503 0.6633306 255 0 0
-0.2299379 -0.1254240 0.6626632 255 0 0
-0.2282573 -0.1253612 0.6623313 255 0 0
-0.2266928 -0.1253617 0.6623338 255 0 0
-0.2249012 -0.1252358 0.6616685 255 0 0
-0.2233382 -0.1252362 0.6616710 255 0 0
-0.2217752 -0.1252367 0.6616736 255 0 0
-0.2199903 -0.1251110 0.6610096 255 0 0
-0.2184289 -0.1251115 0.6610121 255 0 0
-0.2168674 -0.1251120 0.6610147 255 0 0
-0.2155231 -0.1252387 0.6616839 255 0 0
-0.2138522 -0.1251760 0.6613529 255 0 0
-0.2123969 -0.1252396 0.6616890 255 0 0
-0.2109403 -0.1253033 0.6620254 255 0 0
-0.2094820 -0.1253670 0.6623621 255 0 0
-0.2080224 -0.1254308 0.6626992 255 0 0
-0.2066656 -0.1255581 0.6633717 255 0 0
-0.2050985 -0.1255586 0.6633743 255 0 0
-0.2037374 -0.1256862 0.6640483 255 0 0
-0.2023735 -0.1258140 0.6647236 255 0 0
-0.2008033 -0.1258145 0.6647262 255 0 0
-0.1996374 -0.1260704 0.6660783 255 0 0
-0.1985679 -0.1263917 0.6677756 255 0 0
-0.1973921 -0.1266500 0.6691403 255 0 0
-0.1961114 -0.1268445 0.6701680 255 0 0
-0.1947271 -0.1269747 0.6708559 255 0 0
-0.1934389 -0.1271702 0.6718889 255 0 0
-0.1918517 -0.1271707 0.6718915 255 0 0
-0.1904594 -0.1273015 0.6725828 255 0 0
-0.1892585 -0.1275636 0.6739672 255 0 0
-0.1876663 -0.1275640 0.6739697 255 0 0
-0.1864571 -0.1278271 0.6753597 255 0 0
-0.1847666 -0.1277619 0.6750150 255 0 0
-0.1832661 -0.1278281 0.6753649 255 0 0
-0.1817642 -0.1278944 0.6757153 255 0 0
-0.1801678 -0.1278949 0.6757179 255 0 0
-0.1786634 -0.1279613 0.6760687 255 0 0
-0.1771575 -0.1280278 0.6764198 255 0 0
-0.1755595 -0.1280283 0.6764224 255 0 0
-0.1739614 -0.1280288 0.6764250 255 0 0
-0.1720973 -0.1278316 0.6753833 255 0 0
-0.1703263 -0.1277006 0.6746914 255 0 0
-0.1685590 -0.1275700 0.6740011 255 0 0
-0.1668810 -0.1275050 0.6736577 255 0 0
-0.1652894 -0.1275055 0.6736603 255 0 0
-0.1635300 -0.1273752 0.6729720 255 0 0
-0.1617741 -0.1272452 0.6722851 255 0 0
-0.1605972 -0.1275724 0.6740142 255 0 0
-0.1589231 -0.1275075 0.6736708 255 0 0
-0.1570902 -0.1273124 0.6726401 255 0 0
-0.1544654 -0.1277713 0.6750646 255 0 0
-0.1529492 -0.1278375 0.6754146 255 0 0
-0.1510431 -0.1275759 0.6740324 255 0 0
-0.1480857 -0.1277733 0.6750751 255 0 0
-0.1462655 -0.1275774 0.6740402 255 0 0
-0.1445988 -0.1275124 0.6736968 255 0 0
-0.1419979 -0.1280387 0.6764774 255 0 0
-0.1408351 -0.1284364 0.6785786 255 0 0
-0.1389450 -0.1281723 0.6771833 255 0 0
-0.1372034 -0.1280407 0.6764879 255 0 0
-0.1353261 -0.1277777 0.6750987 255 0 0
-0.1332512 -0.1273198 0.6726792 255 0 0
-0.1317293 -0.1273856 0.6730267 255 0 0
-0.1298728 -0.1271253 0.6716517 255 0 0
-0.1280238 -0.1268661 0.6702822 255 0 0
-0.1263755 -0.1268018 0.6699427 255 0 0
-0.1246018 -0.1266085 0.6689210 255 0 0
-0.1230840 -0.1266735 0.6692647 255 0 0
-0.1215027 -0.1266740 0.6692673 255 0 0
-0.1199825 -0.1267391 0.6696113 255 0 0
-0.1184003 -0.1267396 0.6696139 255 0 0
-0.1168778 -0.1268048 0.6699582 255 0 0
-0.1153536 -0.1268700 0.6703030 255 0 0
-0.1137698 -0.1268705 0.6703056 255 0 0
-0.1123581 -0.1270657 0.6713367 255 0 0
-0.1108853 -0.1271963 0.6720268 255 0 0
-0.1094655 -0.1273925 0.6730632 255 0 0
-0.1080414 -0.1275892 0.6741028 255 0 0
-0.1065032 -0.1276553 0.6744518 255 0 0
-0.1050715 -0.1278529 0.6754957 255 0 0
-0.1037959 -0.1282494 0.6775907 255 0 0
-0.1023005 -0.1283824 0.6782936 255 0 0
-0.1006550 -0.1304046 0.6889775 255 0 0
-0.0989231 -0.1302684 0.6882576 255 0 0
-0.0970936 -0.1299967 0.6868224 255 0 0
-0.0953210 -0.1297935 0.6857486 255 0 0
-0.0938968 -0.1300658 0.6871873 255 0 0
-0.0922247 -0.1299982 0.6868304 255 0 0
-0.0905544 -0.1299307 0.6864738 255 0 0
-0.0889322 -0.1299312 0.6864765 255 0 0
-0.0873101 -0.1299317 0.6864792 255 0 0
-0.0856879 -0.1299322 0.6864818 255 0 0
-0.0840218 -0.1298648 0.6861256 255 0 0
-0.0824005 -0.1298653 0.6861283 255 0 0
-0.0807791 -0.1298658 0.6861310 255 0 0
-0.0791992 -0.1299343 0.6864924 255 0 0
-0.0776175 -0.1300028 0.6868544 255 0 0
-0.0759944 -0.1300032 0.6868570 255 0 0
-0.0744493 -0.1301400 0.6875793 255 0 0
-0.0728626 -0.1302087 0.6879422 255 0 0
-0.0713491 -0.1304142 0.6890283 255 0 0
-0.0698308 -0.1306204 0.6901177 255 0 0
-0.0682000 -0.1306209 0.6901203 255 0 0
-0.0666392 -0.1307589 0.6908494 255 0 0
-0.0652126 -0.1311736 0.6930406 255 0 0
-0.0636757 -0.1313822 0.6941428 255 0 0
-0.0604907 -0.1315915 0.6952484 255 0 0
-0.0573262 -0.1318719 0.6967298 255 0 0
-0.0556797 -0.1318724 0.6967325 255 0 0
-0.0541481 -0.1321535 0.6982176 255 0 0
-0.0530056 -0.1334315 0.7049699 255 0 0
-0.0511747 -0.1330035 0.7027083 255 0 0
-0.0490075 -0.1362124 0.7196624 255 0 0
-0.0468123 -0.1398163 0.7387030 255 0 0
-0.0451173 -0.1399744 0.7395382 255 0 0
-0.0434185 -0.1401328 0.7403753 255 0 0
-0.0415984 -0.1398966 0.7391275 255 0 0
-0.0398516 -0.1398972 0.7391304 255 0 0
-0.0380834 -0.1398190 0.7387173 255 0 0
-0.0363581 -0.1398983 0.7391361 255 0 0
-0.3590201 -0.1274234 0.6817489 255 0 0
-0.3572246 -0.1273577 0.6813974 255 0 0
-0.3556154 -0.1273582 0.6814000 255 0 0
-0.3541903 -0.1274249 0.6817568 255 0 0
-0.3522142 -0.1272930 0.6810516 255 0 0
-0.3506059 -0.1272935 0.6810542 255 0 0
-0.3491789 -0.1273601 0.6814106 255 0 0
-0.3477504 -0.1274268 0.6817674 255 0 0
-0.3461404 -0.1274273 0.6817700 255 0 0
-0.3443514 -0.1273616 0.6814185 255 0 0
-0.3429203 -0.1274283 0.6817753 255 0 0
-0.3414877 -0.1274951 0.6821324 255 0 0
-0.3400536 -0.1275619 0.6824899 255 0 0
-0.3384419 -0.1275624 0.6824926 255 0 0
-0.3368301 -0.1275629 0.6824952 255 0 0
-0.3352183 -0.1275634 0.6824979 255 0 0
-0.3337802 -0.1276303 0.6828558 255 0 0
-0.3323406 -0.1276972 0.6832141 255 0 0
-0.3308994 -0.1277643 0.6835728 255 0 0
-0.3294567 -0.1278314 0.6839318 255 0 0
-0.3278416 -0.1278319 0.6839345 255 0 0
-0.3265668 -0.1279658 0.6846510 255 0 0
-0.3251196 -0.1280331 0.6850111 255 0 0
-0.3235019 -0.1280336 0.6850138 255 0 0
-0.3220522 -0.1281010 0.6853743 255 0 0
-0.3207687 -0.1282355 0.6860939 255 0 0
-0.3193154 -0.1283031 0.6864555 255 0 0
-0.3181937 -0.1285053 0.6875375 255 0 0
-0.3167359 -0.1285732 0.6879007 255 0 0
-0.3154421 -0.1287087 0.6886255 255 0 0
-0.3138158 -0.1287092 0.6886282 255 0 0
-0.3121894 -0.1287097 0.6886309 255 0 0
-0.3110529 -0.1289132 0.6897197 255 0 0
-0.3092613 -0.1288459 0.6893599 255 0 0
-0.3076332 -0.1288464 0.6893626 255 0 0
-0.3061660 -0.1289147 0.6897277 255 0 0
-0.3042171 -0.1287797 0.6890059 255 0 0
-0.3024310 -0.1287126 0.6886469 255 0 0
-0.3006467 -0.1286456 0.6882883 255 0 0
-0.2988643 -0.1285787 0.6879300 255 0 0
-0.2966174 -0.1283100 0.6864927 255 0 0
-0.2945337 -0.1281094 0.6854195 255 0 0
-0.2927618 -0.1280430 0.6850642 255 0 0
-0.2906885 -0.1278432 0.6839954 255 0 0
-0.2887719 -0.1277106 0.6832856 255 0 0
-0.2868592 -0.1275782 0.6825773 255 0 0
-0.2846558 -0.1273142 0.6811650 255 0 0
-0.2830470 -0.1273147 0.6811676 255 0 0
-0.2811462 -0.1271832 0.6804637 255 0 0
-0.2795390 -0.1271836 0.6804663 255 0 0
-0.2777877 -0.1271182 0.6801162 255 0 0
-0.2758953 -0.1269870 0.6794144 255 0 0
-0.2741486 -0.1269218 0.6790654 255 0 0
-0.2722628 -0.1267911 0.6783658 255 0 0
-0.2703809 -0.1266606 0.6776677 255 0 0
-0.2683645 -0.1264651 0.6766219 255 0 0
-0.2666289 -0.1264004 0.6762758 255 0 0
-0.2646223 -0.1262057 0.6752343 255 0 0
-0.2627570 -0.1260765 0.6745426 255 0 0
-0.2610295 -0.1260122 0.6741986 255 0 0
-0.2591707 -0.1258833 0.6735091 255 0 0
-0.2569204 -0.1255615 0.6717874 255 0 0
-0.2550725 -0.1254336 0.6711029 255 0 0
-0.2529707 -0.1251784 0.6697378 255 0 0
-0.2511324 -0.1250513 0.6690574 255 0 0
-0.2492978 -0.1249243 0.6683784 255 0 0
-0.2475930 -0.1248612 0.6680407 255 0 0
-0.2458898 -0.1247982 0.6677033 255 0 0
-0.2441884 -0.1247352 0.6673663 255 0 0
-0.2423655 -0.1246089 0.6666907 255 0 0
-0.2405462 -0.1244829 0.6660165 255 0 0
-0.2387307 -0.1243571 0.6653437 255 0 0
-0.2370389 -0.1242946 0.6650090 255 0 0
-0.2352296 -0.1241692 0.6643383 255 0 0
-0.2335421 -0.1241069 0.6640047 255 0 0
-0.2318563 -0.1240446 0.6636714 255 0 0
-0.2300559 -0.1239197 0.6630033 255 0 0
-0.2282591 -0.1237951 0.6623365 255 0 0
-0.2266946 -0.1237956 0.6623391 255 0 0
-0.2249030 -0.1236712 0.6616737 255 0 0
-0.2232274 -0.1236093 0.6613427 255 0 0
-0.2217769 -0.1236721 0.6616788 255 0 0
-0.2201029 -0.1236103 0.6613479 255 0 0
-0.2185407 -0.1236108 0.6613504 255 0 0
-0.2169784 -0.1236112 0.6613530 255 0 0
-0.2154161 -0.1236117 0.6613556 255 0 0
-0.2140696 -0.1237369 0.6620254 255 0 0
-0.2126130 -0.1237999 0.6623622 255 0 0
-0.2110484 -0.1238003 0.6623647 255 0 0
-0.2094837 -0.1238008 0.6623673 255 0 0
-0.2082343 -0.1239891 0.6633744 255 0 0
-0.2066672 -0.1239895 0.6633769 255 0 0
-0.2052039 -0.1240527 0.6637151 255 0 0
-0.2038422 -0.1241788 0.6643897 255 0 0
-0.2025804 -0.1243682 0.6654029 255 0 0
-0.2012125 -0.1244949 0.6660810 255 0 0
-0.1997404 -0.1245586 0.6664218 255 0 0
-0.1988730 -0.1250035 0.6688019 255 0 0
-0.1975952 -0.1251954 0.6698286 255 0 0
-0.1965144 -0.1255162 0.6715451 255 0 0
-0.1950277 -0.1255810 0.6718915 255 0 0
-0.1937380 -0.1257746 0.6729277 255 0 0
-0.1923456 -0.1259043 0.6736212 255 0 0
-0.1908522 -0.1259694 0.6739698 255 0 0
-0.1894546 -0.1260994 0.6746654 255 0 0
-0.1878608 -0.1260999 0.6746680 255 0 0
-0.1864586 -0.1262302 0.6753650 255 0 0
-0.1849583 -0.1262957 0.6757154 255 0 0
-0.1834564 -0.1263612 0.6760662 255 0 0
-0.1819530 -0.1264268 0.6764172 255 0 0
-0.1804480 -0.1264925 0.6767687 255 0 0
-0.1789414 -0.1265583 0.6771205 255 0 0
-0.1774333 -0.1266241 0.6774727 255 0 0
-0.1756514 -0.1264940 0.6767765 255 0 0
-0.1740525 -0.1264945 0.6767792 255 0 0
-0.1720986 -0.1262346 0.6753885 255 0 0
-0.1701527 -0.1259757 0.6740037 255 0 0
-0.1687337 -0.1261058 0.6746994 255 0 0
-0.1670538 -0.1260415 0.6743553 255 0 0
-0.1652907 -0.1259125 0.6736656 255 0 0
-0.1636992 -0.1259130 0.6736682 255 0 0
-0.1624411 -0.1261726 0.6750569 255 0 0
-0.1620969 -0.1271542 0.6803085 255 0 0
-0.1604065 -0.1270888 0.6799586 255 0 0
-0.1587178 -0.1270234 0.6796091 255 0 0
-0.1568684 -0.1268269 0.6785576 255 0 0
-0.1555065 -0.1270244 0.6796144 255 0 0
-0.1539008 -0.1270249 0.6796170 255 0 0
-0.1522163 -0.1269597 0.6792679 255 0 0
-0.1504557 -0.1268289 0.6785681 255 0 0
-0.1490066 -0.1269607 0.6792732 255 0 0
-0.1474017 -0.1269611 0.6792759 255 0 0
-0.1456460 -0.1268303 0.6785761 255 0 0
-0.1441173 -0.1268964 0.6789297 255 0 0
-0.1426608 -0.1270284 0.6796355 255 0 0
-0.1412745 -0.1272265 0.6806956 255 0 0
-0.1398112 -0.1273591 0.6814051 255 0 0
-0.1369927 -0.1262458 0.6754487 255 0 0
-0.1348416 -0.1257287 0.6726818 255 0 0
-0.1331840 -0.1256648 0.6723399 255 0 0
-0.1316629 -0.1257297 0.6726871 255 0 0
-0.1296085 -0.1252807 0.6702849 255 0 0
-0.1280902 -0.1253452 0.6706300 255 0 0
-0.1263120 -0.1251538 0.6696062 255 0 0
-0.1244759 -0.1248994 0.6682451 255 0 0
-0.1230849 -0.1250910 0.6692699 255 0 0
-0.1215036 -0.1250915 0.6692725 255 0 0
-0.1198611 -0.1250282 0.6689340 255 0 0
-0.1184013 -0.1251563 0.6696192 255 0 0
-0.1168191 -0.1251567 0.6696218 255 0 0
-0.1152957 -0.1252211 0.6699661 255 0 0
-0.1137126 -0.1252216 0.6699687 255 0 0
-0.1123590 -0.1254783 0.6713420 255 0 0
-0.1108862 -0.1256072 0.6720320 255 0 0
-0.1094664 -0.1258009 0.6730685 255 0 0
-0.1080422 -0.1259953 0.6741081 255 0 0
-0.1063401 -0.1258665 0.6734190 255 0 0
-0.1050183 -0.1261907 0.6751536 255 0 0
-0.1036362 -0.1264513 0.6765482 255 0 0
-0.1024601 -0.1269754 0.6793521 255 0 0
-0.1009738 -0.1291823 0.6911598 255 0 0
-0.0993407 -0.1291828 0.6911625 255 0 0
-0.0976047 -0.1290474 0.6904380 255 0 0
-0.0958724 -0.1289123 0.6897151 255 0 0
-0.0941931 -0.1288451 0.6893555 255 0 0
-0.0926615 -0.1289811 0.6900830 255 0 0
-0.0909830 -0.1289138 0.6897231 255 0 0
-0.0893062 -0.1288466 0.6893635 255 0 0
-0.0876312 -0.1287795 0.6890043 255 0 0
-0.0860035 -0.1287805 0.6890097 255 0 0
-0.0842426 -0.1285785 0.6879290 255 0 0
-0.0825305 -0.1284443 0.6872113 255 0 0
-0.0809914 -0.1285795 0.6879343 255 0 0
-0.0793242 -0.1285126 0.6875767 255 0 0
-0.0777402 -0.1285805 0.6879396 255 0 0
-0.0761145 -0.1285810 0.6879423 255 0 0
-0.0746062 -0.1287839 0.6890283 255 0 0
-0.0729396 -0.1287169 0.6886695 255 0 0
-0.0714622 -0.1289881 0.6901205 255 0 0
-0.0699049 -0.1291243 0.6908495 255 0 0
-0.0683803 -0.1293290 0.6919447 255 0 0
-0.0668509 -0.1295344 0.6930434 255 0 0
-0.0652476 -0.1296033 0.6934121 255 0 0
-0.0637099 -0.1298095 0.6945155 255 0 0
-0.0606196 -0.1302234 0.6967299 255 0 0
-0.0590358 -0.1303623 0.6974730 255 0 0
-0.0574486 -0.1305015 0.6982177 255 0 0
-0.0558877 -0.1307106 0.6993363 255 0 0
-0.0541773 -0.1305720 0.6985947 255 0 0
-0.0531201 -0.1320482 0.7064931 255 0 0
-0.0514992 -0.1366073 0.7308852 255 0 0
-0.0502193 -0.1378358 0.7374580 255 0 0
-0.0484221 -0.1376816 0.7366331 255 0 0
-0.0467337 -0.1378368 0.7374637 255 0 0
-0.0450162 -0.1379149 0.7378811 255 0 0
-0.0432238 -0.1377605 0.7370554 255 0 0
-0.0415053 -0.1378384 0.7374723 255 0 0
-0.0397624 -0.1378390 0.7374752 255 0 0
-0.0380409 -0.1379170 0.7378926 255 0 0
-0.3604456 -0.1257455 0.6813974 255 0 0
-0.3586501 -0.1256807 0.6810463 255 0 0
-0.3574130 -0.1258118 0.6817569 255 0 0
-0.3554336 -0.1256816 0.6810516 255 0 0
-0.3536417 -0.1256169 0.6807008 255 0 0
-0.3522170 -0.1256826 0.6810569 255 0 0
-0.3504267 -0.1256179 0.6807061 255 0 0
-0.3486384 -0.1255532 0.6803557 255 0 0
-0.3473920 -0.1256841 0.6810648 255 0 0
-0.3457837 -0.1256846 0.6810674 255 0 0
-0.3441753 -0.1256851 0.6810700 255 0 0
-0.3427449 -0.1257508 0.6814265 255 0 0
-0.3413129 -0.1258167 0.6817833 255 0 0
-0.3397028 -0.1258172 0.6817859 255 0 0
-0.3382685 -0.1258831 0.6821430 255 0 0
-0.3364827 -0.1258181 0.6817912 255 0 0
-0.3350467 -0.1258840 0.6821483 255 0 0
-0.3334357 -0.1258845 0.6821510 255 0 0
-0.3321702 -0.1260161 0.6828638 255 0 0
-0.3305575 -0.1260166 0.6828664 255 0 0
-0.3291162 -0.1260827 0.6832247 255 0 0
-0.3276733 -0.1261489 0.6835834 255 0 0
-0.3265694 -0.1263469 0.6846563 255 0 0
-0.3249525 -0.1263473 0.6846589 255 0 0
-0.3238426 -0.1265460 0.6857353 255 0 0
-0.3220547 -0.1264804 0.6853797 255 0 0
-0.3209391 -0.1266794 0.6864582 255 0 0
-0.3193179 -0.1266799 0.6864609 255 0 0
-0.3181962 -0.1268795 0.6875429 255 0 0
-0.3167384 -0.1269466 0.6879060 255 0 0
-0.3154446 -0.1270804 0.6886309 255 0 0
-0.3139831 -0.1271476 0.6889952 255 0 0
-0.3125200 -0.1272149 0.6893600 255 0 0
-0.3108919 -0.1272154 0.6893627 255 0 0
-0.3092637 -0.1272159 0.6893653 255 0 0
-0.3079593 -0.1273502 0.6900932 255 0 0
-0.3060075 -0.1272169 0.6893707 255 0 0
-0.3042195 -0.1271505 0.6890113 255 0 0
-0.3022747 -0.1270176 0.6882910 255 0 0
-0.3004914 -0.1269515 0.6879327 255 0 0
-0.2985535 -0.1268190 0.6872147 255 0 0
-0.2966197 -0.1266868 0.6864981 255 0 0
-0.2946899 -0.1265548 0.6857831 255 0 0
-0.2927641 -0.1264231 0.6850696 255 0 0
-0.2908424 -0.1262917 0.6843575 255 0 0
-0.2887741 -0.1260949 0.6832910 255 0 0
-0.2870108 -0.1260297 0.6829379 255 0 0
-0.2849539 -0.1258342 0.6818784 255 0 0
-0.2830492 -0.1257041 0.6811730 255 0 0
-0.2814403 -0.1257045 0.6811756 255 0 0
-0.2795412 -0.1255746 0.6804717 255 0 0
-0.2777899 -0.1255100 0.6801215 255 0 0
-0.2761835 -0.1255105 0.6801242 255 0 0
-0.2744348 -0.1254460 0.6797744 255 0 0
-0.2725468 -0.1253166 0.6790733 255 0 0
-0.2705228 -0.1251228 0.6780232 255 0 0
-0.2687824 -0.1250586 0.6776756 255 0 0
-0.2666309 -0.1248013 0.6762811 255 0 0
-0.2647606 -0.1246733 0.6755872 255 0 0
-0.2627590 -0.1244815 0.6745479 255 0 0
-0.2610315 -0.1244180 0.6742039 255 0 0
-0.2590398 -0.1242270 0.6731688 255 0 0
-0.2570541 -0.1240365 0.6721368 255 0 0
-0.2550745 -0.1238467 0.6711081 255 0 0
-0.2531019 -0.1236579 0.6700851 255 0 0
-0.2512625 -0.1235322 0.6694040 255 0 0
-0.2494268 -0.1234068 0.6687243 255 0 0
-0.2477210 -0.1233444 0.6683862 255 0 0
-0.2458917 -0.1232193 0.6677086 255 0 0
-0.2441903 -0.1231571 0.6673716 255 0 0
-0.2422443 -0.1229700 0.6663574 255 0 0
-0.2406703 -0.1229704 0.6663600 255 0 0
-0.2388537 -0.1228462 0.6656864 255 0 0
-0.2372812 -0.1228466 0.6656890 255 0 0
-0.2352315 -0.1225983 0.6643435 255 0 0
-0.2335439 -0.1225368 0.6640099 255 0 0
-0.2319755 -0.1225372 0.6640124 255 0 0
-0.2301740 -0.1224138 0.6633436 255 0 0
-0.2284915 -0.1223524 0.6630110 255 0 0
-0.2269254 -0.1223529 0.6630136 255 0 0
-0.2251318 -0.1222299 0.6623468 255 0 0
-0.2233417 -0.1221071 0.6616814 255 0 0
-0.2220026 -0.1222308 0.6623520 255 0 0
-0.2202156 -0.1221080 0.6616865 255 0 0
-0.2186526 -0.1221085 0.6616891 255 0 0
-0.2171991 -0.1221706 0.6620255 255 0 0
-0.2155265 -0.1221094 0.6616942 255 0 0
-0.2139634 -0.1221099 0.6616969 255 0 0
-0.2125074 -0.1221720 0.6620331 255 0 0
-0.2111566 -0.1222958 0.6627044 255 0 0
-0.2095911 -0.1222963 0.6627070 255 0 0
-0.2081307 -0.1223586 0.6630444 255 0 0
-0.2067734 -0.1224828 0.6637177 255 0 0
-0.2052055 -0.1224833 0.6637203 255 0 0
-0.2040504 -0.1227321 0.6650683 255 0 0
-0.2025820 -0.1227948 0.6654082 255 0 0
-0.2011120 -0.1228576 0.6657483 255 0 0
-0.2000467 -0.1231705 0.6674439 255 0 0
-0.1990775 -0.1235480 0.6694896 255 0 0
-0.1981023 -0.1239278 0.6715478 255 0 0
-0.1968181 -0.1241188 0.6725829 255 0 0
-0.1955298 -0.1243105 0.6736213 255 0 0
-0.1941378 -0.1244387 0.6743162 255 0 0
-0.1928420 -0.1246313 0.6753598 255 0 0
-0.1914436 -0.1247602 0.6760584 255 0 0
-0.1898465 -0.1247607 0.6760610 255 0 0
-0.1883464 -0.1248255 0.6764120 255 0 0
-0.1869411 -0.1249548 0.6771126 255 0 0
-0.1851504 -0.1248264 0.6764173 255 0 0
-0.1836471 -0.1248913 0.6767687 255 0 0
-0.1820482 -0.1248918 0.6767713 255 0 0
-0.1805425 -0.1249567 0.6771231 255 0 0
-0.1790352 -0.1250217 0.6774753 255 0 0
-0.1773431 -0.1249577 0.6771284 255 0 0
-0.1757434 -0.1249581 0.6771310 255 0 0
-0.1741437 -0.1249586 0.6771336 255 0 0
-0.1721886 -0.1247017 0.6757416 255 0 0
-0.1702415 -0.1244459 0.6743553 255 0 0
-0.1687350 -0.1245104 0.6747047 255 0 0
-0.1671410 -0.1245109 0.6747073 255 0 0
-0.1654619 -0.1244474 0.6743632 255 0 0
-0.1636164 -0.1242563 0.6733279 255 0 0
-0.1642162 -0.1259367 0.6824337 255 0 0
-0.1624350 -0.1258064 0.6817274 255 0 0
-0.1606575 -0.1256763 0.6810225 255 0 0
-0.1591311 -0.1257420 0.6813787 255 0 0
-0.1574395 -0.1256773 0.6810278 255 0 0
-0.1559924 -0.1258083 0.6817380 255 0 0
-0.1542215 -0.1256782 0.6810331 255 0 0
-0.1524542 -0.1255484 0.6803296 255 0 0
-0.1509251 -0.1256140 0.6806852 255 0 0
-0.1493169 -0.1256145 0.6806878 255 0 0
-0.1477086 -0.1256150 0.6806904 255 0 0
-0.1459490 -0.1254853 0.6799877 255 0 0
-0.1441930 -0.1253559 0.6792864 255 0 0
-0.1428839 -0.1256165 0.6806983 255 0 0
-0.1414223 -0.1257474 0.6814077 255 0 0
-0.1398849 -0.1258132 0.6817644 255 0 0
-0.1362226 -0.1239470 0.6716518 255 0 0
-0.1347046 -0.1240109 0.6719983 255 0 0
-0.1330487 -0.1239480 0.6716570 255 0 0
-0.1314618 -0.1239484 0.6716596 255 0 0
-0.1295433 -0.1236326 0.6699480 255 0 0
-0.1278951 -0.1235700 0.6696088 255 0 0
-0.1261200 -0.1233816 0.6685881 255 0 0
-0.1245402 -0.1233821 0.6685907 255 0 0
-0.1229605 -0.1233826 0.6685933 255 0 0
-0.1213808 -0.1233831 0.6685959 255 0 0
-0.1199232 -0.1235094 0.6692804 255 0 0
-0.1182815 -0.1234469 0.6689419 255 0 0
-0.1168200 -0.1235733 0.6696270 255 0 0
-0.1153555 -0.1237000 0.6703135 255 0 0
-0.1138297 -0.1237637 0.6706586 255 0 0
-0.1123025 -0.1238275 0.6710041 255 0 0
-0.1107736 -0.1238913 0.6713499 255 0 0
-0.1093551 -0.1240822 0.6723841 255 0 0
-0.1079876 -0.1243374 0.6737674 255 0 0
-0.1064502 -0.1244018 0.6741161 255 0 0
-0.1050191 -0.1245942 0.6751589 255 0 0
-0.1036905 -0.1249159 0.6769024 255 0 0
-0.1024609 -0.1253690 0.6793574 255 0 0
-0.1014554 -0.1281554 0.6944563 255 0 0
-0.0996563 -0.1279528 0.6933585 255 0 0
-0.0979662 -0.1278857 0.6929951 255 0 0
-0.0964305 -0.1280214 0.6937303 255 0 0
-0.0946911 -0.1278867 0.6930005 255 0 0
-0.0931027 -0.1279548 0.6933692 255 0 0
-0.0912715 -0.1276855 0.6919100 255 0 0
-0.0895421 -0.1275515 0.6911839 255 0 0
-0.0878163 -0.1274178 0.6904594 255 0 0
-0.0863210 -0.1276197 0.6915535 255 0 0
-0.0845977 -0.1274858 0.6908282 255 0 0
-0.0828348 -0.1272859 0.6897445 255 0 0
-0.0812476 -0.1273533 0.6901098 255 0 0
-0.0796587 -0.1274208 0.6904755 255 0 0
-0.0780681 -0.1274883 0.6908416 255 0 0
-0.0764759 -0.1275559 0.6912080 255 0 0
-0.0732863 -0.1276914 0.6919421 255 0 0
-0.0701266 -0.1278941 0.6930407 255 0 0
-0.0685253 -0.1279627 0.6934122 255 0 0
-0.0653514 -0.1281663 0.6945155 255 0 0
-0.0637102 -0.1281668 0.6945182 255 0 0
-0.0621018 -0.1282351 0.6948885 255 0 0
-0.0607814 -0.1289181 0.6985894 255 0 0
-0.0592250 -0.1291247 0.6997091 255 0 0
-0.0575408 -0.1290564 0.6993391 255 0 0
-0.0559478 -0.1291946 0.7000878 255 0 0
-0.0544968 -0.1296792 0.7027139 255 0 0
-0.0532565 -0.1349536 0.7312952 255 0 0
-0.0518460 -0.1357863 0.7358074 255 0 0
-0.0501071 -0.1357868 0.7358102 255 0 0
-0.0484769 -0.1360925 0.7374666 255 0 0
-0.0466817 -0.1359403 0.7366418 255 0 0
-0.0449913 -0.1360936 0.7374723 255 0 0
-0.0431999 -0.1359413 0.7366474 255 0 0
-0.0414590 -0.1359419 0.7366503 255 0 0
-0.0396958 -0.1358662 0.7362400 255 0 0
-0.3611195 -0.1238122 0.6796349 255 0 0
-0.3595146 -0.1238126 0.6796376 255 0 0
-0.3582810 -0.1239416 0.6803452 255 0 0
-0.3566743 -0.1239420 0.6803479 255 0 0
-0.3548836 -0.1238783 0.6799978 255 0 0
-0.3538281 -0.1240717 0.6810596 255 0 0
-0.3520370 -0.1240078 0.6807088 255 0 0
-0.3502477 -0.1239440 0.6803584 255 0 0
-0.3484604 -0.1238802 0.6800084 255 0 0
-0.3473948 -0.1240736 0.6810701 255 0 0
-0.3452486 -0.1238811 0.6800136 255 0 0
-0.3438210 -0.1239459 0.6803689 255 0 0
-0.3425696 -0.1240751 0.6810780 255 0 0
-0.3411383 -0.1241400 0.6814345 255 0 0
-0.3393528 -0.1240760 0.6810833 255 0 0
-0.3380954 -0.1242055 0.6817939 255 0 0
-0.3364853 -0.1242060 0.6817966 255 0 0
-0.3348752 -0.1242064 0.6817992 255 0 0
-0.3334383 -0.1242715 0.6821563 255 0 0
-0.3318273 -0.1242720 0.6821589 255 0 0
-0.3307323 -0.1244666 0.6832275 255 0 0
-0.3291187 -0.1244671 0.6832301 255 0 0
-0.3278467 -0.1245974 0.6839452 255 0 0
-0.3262314 -0.1245979 0.6839478 255 0 0
-0.3247855 -0.1246633 0.6843072 255 0 0
-0.3235069 -0.1247940 0.6850246 255 0 0
-0.3223941 -0.1249903 0.6861020 255 0 0
-0.3207738 -0.1249908 0.6861046 255 0 0
-0.3193204 -0.1250567 0.6864663 255 0 0
-0.3180320 -0.1251882 0.6871881 255 0 0
-0.3167409 -0.1253199 0.6879114 255 0 0
-0.3154470 -0.1254520 0.6886363 255 0 0
-0.3139855 -0.1255184 0.6890007 255 0 0
-0.3126867 -0.1256508 0.6897278 255 0 0
-0.3112214 -0.1257174 0.6900933 255 0 0
-0.3092662 -0.1255858 0.6893708 255 0 0
-0.3079617 -0.1257184 0.6900986 255 0 0
-0.3061708 -0.1256528 0.6897385 255 0 0
-0.3042219 -0.1255213 0.6890167 255 0 0
-0.3021185 -0.1253243 0.6879354 255 0 0
-0.3001790 -0.1251935 0.6872174 255 0 0
-0.2983996 -0.1251284 0.6868603 255 0 0
-0.2964669 -0.1249980 0.6861445 255 0 0
-0.2945383 -0.1248679 0.6854302 255 0 0
-0.2924610 -0.1246730 0.6843603 255 0 0
-0.2905415 -0.1245435 0.6836497 255 0 0
-0.2889268 -0.1245440 0.6836523 255 0 0
-0.2870130 -0.1244149 0.6829432 255 0 0
-0.2849562 -0.1242218 0.6818837 255 0 0
-0.2836404 -0.1243516 0.6825958 255 0 0
-0.2815887 -0.1241583 0.6815348 255 0 0
-0.2799790 -0.1241587 0.6815374 255 0 0
-0.2782247 -0.1240948 0.6811862 255 0 0
-0.2764723 -0.1240309 0.6808354 255 0 0
-0.2747217 -0.1239670 0.6804849 255 0 0
-0.2728314 -0.1238390 0.6797824 255 0 0
-0.2708048 -0.1236473 0.6787301 255 0 0
-0.2689234 -0.1235200 0.6780311 255 0 0
-0.2669082 -0.1233293 0.6769843 255 0 0
-0.2648991 -0.1231392 0.6759406 255 0 0
-0.2628963 -0.1229496 0.6749002 255 0 0
-0.2613021 -0.1229501 0.6749028 255 0 0
-0.2593079 -0.1227611 0.6738656 255 0 0
-0.2571878 -0.1225099 0.6724866 255 0 0
-0.2552070 -0.1223223 0.6714568 255 0 0
-0.2531039 -0.1220734 0.6700904 255 0 0
-0.2512645 -0.1219493 0.6694093 255 0 0
-0.2494288 -0.1218255 0.6687295 255 0 0
-0.2477230 -0.1217639 0.6683915 255 0 0
-0.2460189 -0.1217024 0.6680537 255 0 0
-0.2440681 -0.1215172 0.6670375 255 0 0
-0.2423692 -0.1214560 0.6667011 255 0 0
-0.2405500 -0.1213331 0.6660269 255 0 0
-0.2388555 -0.1212721 0.6656917 255 0 0
-0.2371628 -0.1212110 0.6653567 255 0 0
-0.2355912 -0.1212115 0.6653593 255 0 0
-0.2337824 -0.1210892 0.6646878 255 0 0
-0.2320947 -0.1210283 0.6643538 255 0 0
-0.2302922 -0.1209064 0.6636844 255 0 0
-0.2286088 -0.1208457 0.6633514 255 0 0
-0.2269272 -0.1207851 0.6630188 255 0 0
-0.2252472 -0.1207246 0.6626865 255 0 0
-0.2235689 -0.1206641 0.6623546 255 0 0
-0.2221164 -0.1207255 0.6626917 255 0 0
-0.2202174 -0.1205434 0.6616917 255 0 0
-0.2187646 -0.1206046 0.6620281 255 0 0
-0.2172008 -0.1206051 0.6620307 255 0 0
-0.2156369 -0.1206056 0.6620333 255 0 0
-0.2140730 -0.1206061 0.6620358 255 0 0
-0.2127237 -0.1207283 0.6627071 255 0 0
-0.2110517 -0.1206679 0.6623751 255 0 0
-0.2096986 -0.1207903 0.6630470 255 0 0
-0.2083429 -0.1209129 0.6637203 255 0 0
-0.2069844 -0.1210358 0.6643950 255 0 0
-0.2054149 -0.1210363 0.6643976 255 0 0
-0.2041555 -0.1212209 0.6654108 255 0 0
-0.2029953 -0.1214677 0.6667657 255 0 0
-0.2017276 -0.1216536 0.6677862 255 0 0
-0.2005583 -0.1219022 0.6691508 255 0 0
-0.1996903 -0.1223394 0.6715504 255 0 0
-0.1987140 -0.1227166 0.6736214 255 0 0
-0.1973253 -0.1228432 0.6743162 255 0 0
-0.1963376 -0.1232236 0.6764042 255 0 0
-0.1945391 -0.1230972 0.6757103 255 0 0
-0.1934409 -0.1234154 0.6774570 255 0 0
-0.1919395 -0.1234796 0.6778095 255 0 0
-0.1903383 -0.1234801 0.6778122 255 0 0
-0.1888345 -0.1235444 0.6781651 255 0 0
-0.1873292 -0.1236088 0.6785184 255 0 0
-0.1858223 -0.1236732 0.6788720 255 0 0
-0.1841233 -0.1236097 0.6785236 255 0 0
-0.1826147 -0.1236741 0.6788773 255 0 0
-0.1811046 -0.1237386 0.6792313 255 0 0
-0.1794071 -0.1236751 0.6788825 255 0 0
-0.1777113 -0.1236116 0.6785341 255 0 0
-0.1760172 -0.1235482 0.6781861 255 0 0
-0.1741450 -0.1233575 0.6771389 255 0 0
-0.1719243 -0.1229140 0.6747047 255 0 0
-0.1704179 -0.1229777 0.6750544 255 0 0
-0.1688231 -0.1229782 0.6750570 255 0 0
-0.1669706 -0.1227892 0.6740195 255 0 0
-0.1654632 -0.1228527 0.6743684 255 0 0
-0.1640385 -0.1229796 0.6750649 255 0 0
-0.1648175 -0.1247772 0.6849322 255 0 0
-0.1633698 -0.1249081 0.6856506 255 0 0
-0.1615810 -0.1247782 0.6849375 255 0 0
-0.1597127 -0.1245836 0.6838694 255 0 0
-0.1577682 -0.1243249 0.6824496 255 0 0
-0.1564813 -0.1245845 0.6838747 255 0 0
-0.1547849 -0.1245202 0.6835213 255 0 0
-0.1532498 -0.1245855 0.6838800 255 0 0
-0.1514762 -0.1244563 0.6831707 255 0 0
-0.1500965 -0.1246514 0.6842419 255 0 0
-0.1480938 -0.1243278 0.6824655 255 0 0
-0.1460258 -0.1239416 0.6803455 255 0 0
-0.1446433 -0.1241351 0.6814078 255 0 0
-0.1429591 -0.1240712 0.6810569 255 0 0
-0.1414968 -0.1242006 0.6817670 255 0 0
-0.1380932 -0.1226093 0.6730321 255 0 0
-0.1359454 -0.1221089 0.6702850 255 0 0
-0.1344303 -0.1221717 0.6706301 255 0 0
-0.1327102 -0.1220475 0.6699480 255 0 0
-0.1311273 -0.1220479 0.6699507 255 0 0
-0.1293463 -0.1218618 0.6689290 255 0 0
-0.1278309 -0.1219244 0.6692727 255 0 0
-0.1260568 -0.1217387 0.6682530 255 0 0
-0.1244778 -0.1217391 0.6682556 255 0 0
-0.1230242 -0.1218637 0.6689394 255 0 0
-0.1214436 -0.1218642 0.6689419 255 0 0
-0.1198630 -0.1218646 0.6689445 255 0 0
-0.1182824 -0.1218651 0.6689471 255 0 0
-0.1167613 -0.1219277 0.6692908 255 0 0
-0.1152975 -0.1220527 0.6699766 255 0 0
-0.1137725 -0.1221155 0.6703213 255 0 0
-0.1123033 -0.1222408 0.6710093 255 0 0
-0.1107178 -0.1222413 0.6710119 255 0 0
-0.1094681 -0.1226178 0.6730790 255 0 0
-0.1079884 -0.1227442 0.6737726 255 0 0
-0.1065057 -0.1228708 0.6744677 255 0 0
-0.1051823 -0.1231878 0.6762077 255 0 0
-0.1037448 -0.1233790 0.6772569 255 0 0
-0.1025148 -0.1238267 0.6797146 255 0 0
-0.1006674 -0.1275939 0.7003936 255 0 0
-0.0989069 -0.1274583 0.6996496 255 0 0
-0.0973575 -0.1275949 0.7003990 255 0 0
-0.0953463 -0.1271205 0.6977953 255 0 0
-0.0936476 -0.1270535 0.6974272 255 0 0
-0.0918045 -0.1267845 0.6959508 255 0 0
-0.0900168 -0.1265837 0.6948482 255 0 0
-0.0881416 -0.1262500 0.6930166 255 0 0
-0.0866412 -0.1264507 0.6941187 255 0 0
-0.0849560 -0.1263844 0.6937546 255 0 0
-0.0832287 -0.1262514 0.6930247 255 0 0
-0.0814191 -0.1259859 0.6915669 255 0 0
-0.0799534 -0.1262524 0.6930301 255 0 0
-0.0781507 -0.1259868 0.6915722 255 0 0
-0.0765972 -0.1261202 0.6923044 255 0 0
-0.0750403 -0.1262539 0.6930381 255 0 0
-0.0734026 -0.1262544 0.6930408 255 0 0
-0.0718028 -0.1263216 0.6934096 255 0 0
-0.0701642 -0.1263220 0.6934122 255 0 0
-0.0685981 -0.1264561 0.6941484 255 0 0
-0.0669577 -0.1264566 0.6941510 255 0 0
-0.0654211 -0.1266581 0.6952567 255 0 0
-0.0638119 -0.1267256 0.6956277 255 0 0
-0.0622671 -0.1269279 0.6967381 255 0 0
-0.0607819 -0.1272662 0.6985948 255 0 0
-0.0591940 -0.1274023 0.6993418 255 0 0
-0.0576027 -0.1275387 0.7000905 255 0 0
-0.0566818 -0.1331492 0.7308881 255 0 0
-0.0553242 -0.1340454 0.7358074 255 0 0
-0.0535853 -0.1340459 0.7358102 255 0 0
-0.0518464 -0.1340464 0.7358131 255 0 0
-0.0501075 -0.1340469 0.7358159 255 0 0
-0.0483686 -0.1340474 0.7358188 255 0 0
-0.0466558 -0.1341231 0.7362344 255 0 0
-0.0449159 -0.1341237 0.7362372 255 0 0
-0.0431760 -0.1341242 0.7362400 255 0 0
-0.0413665 -0.1338994 0.7350062 255 0 0
-0.3613096 -0.1222684 0.6799926 255 0 0
-0.3595174 -0.1222055 0.6796429 255 0 0
-0.3580980 -0.1222694 0.6799979 255 0 0
-0.3564922 -0.1222699 0.6800005 255 0 0
-0.3550705 -0.1223337 0.6803558 255 0 0
-0.3534638 -0.1223342 0.6803585 255 0 0
-0.3514925 -0.1222079 0.6796560 255 0 0
-0.3498875 -0.1222084 0.6796587 255 0 0
-0.3482825 -0.1222089 0.6796613 255 0 0
-0.3466775 -0.1222093 0.6796640 255 0 0
-0.3452514 -0.1222732 0.6800190 255 0 0
-0.3436455 -0.1222736 0.6800216 255 0 0
-0.3420396 -0.1222741 0.6800242 255 0 0
-0.3407869 -0.1224015 0.6807326 255 0 0
-0.3391793 -0.1224020 0.6807352 255 0 0
-0.3377470 -0.1224660 0.6810913 255 0 0
-0.3363132 -0.1225301 0.6814477 255 0 0
-0.3347038 -0.1225305 0.6814503 255 0 0
-0.3330945 -0.1225310 0.6814530 255 0 0
-0.3318299 -0.1226589 0.6821643 255 0 0
-0.3302189 -0.1226594 0.6821669 255 0 0
-0.3289500 -0.1227876 0.6828798 255 0 0
-0.3273373 -0.1227881 0.6828824 255 0 0
-0.3262340 -0.1229806 0.6839532 255 0 0
-0.3247881 -0.1230452 0.6843126 255 0 0
-0.3235095 -0.1231742 0.6850299 255 0 0
-0.3218916 -0.1231747 0.6850325 255 0 0
-0.3206086 -0.1233039 0.6857514 255 0 0
-0.3193229 -0.1234334 0.6864717 255 0 0
-0.3182012 -0.1236280 0.6875536 255 0 0
-0.3167434 -0.1236933 0.6879168 255 0 0
-0.3154495 -0.1238236 0.6886417 255 0 0
-0.3139880 -0.1238891 0.6890061 255 0 0
-0.3125249 -0.1239547 0.6893708 255 0 0
-0.3110602 -0.1240204 0.6897359 255 0 0
-0.3095939 -0.1240861 0.6901013 255 0 0
-0.3079641 -0.1240866 0.6901040 255 0 0
-0.3056910 -0.1238265 0.6886577 255 0 0
-0.3042243 -0.1238920 0.6890221 255 0 0
-0.3022794 -0.1237625 0.6883017 255 0 0
-0.3003386 -0.1236332 0.6875829 255 0 0
-0.2984019 -0.1235043 0.6868656 255 0 0
-0.2966244 -0.1234401 0.6865089 255 0 0
-0.2946945 -0.1233116 0.6857939 255 0 0
-0.2929217 -0.1232476 0.6854382 255 0 0
-0.2909987 -0.1231194 0.6847254 255 0 0
-0.2892306 -0.1230557 0.6843709 255 0 0
-0.2874642 -0.1229920 0.6840168 255 0 0
-0.2854023 -0.1228004 0.6829512 255 0 0
-0.2836426 -0.1227375 0.6826012 255 0 0
-0.2818838 -0.1226741 0.6822489 255 0 0
-0.2802723 -0.1226746 0.6822515 255 0 0
-0.2785161 -0.1226113 0.6818996 255 0 0
-0.2766180 -0.1224845 0.6811942 255 0 0
-0.2748664 -0.1224214 0.6808434 255 0 0
-0.2729749 -0.1222950 0.6801401 255 0 0
-0.2710874 -0.1221688 0.6794383 255 0 0
-0.2689255 -0.1219167 0.6780365 255 0 0
-0.2670481 -0.1217913 0.6773390 255 0 0
-0.2649012 -0.1215408 0.6759459 255 0 0
-0.2630336 -0.1214162 0.6752527 255 0 0
-0.2611699 -0.1212918 0.6745611 255 0 0
-0.2593099 -0.1211677 0.6738709 255 0 0
-0.2574537 -0.1210438 0.6731820 255 0 0
-0.2553397 -0.1207964 0.6718059 255 0 0
-0.2536230 -0.1207350 0.6714647 255 0 0
-0.2513947 -0.1204278 0.6697562 255 0 0
-0.2495579 -0.1203055 0.6690758 255 0 0
-0.2478512 -0.1202447 0.6687374 255 0 0
-0.2461461 -0.1201839 0.6683993 255 0 0
-0.2443184 -0.1200620 0.6677216 255 0 0
-0.2423712 -0.1198795 0.6667064 255 0 0
-0.2409187 -0.1199409 0.6670479 255 0 0
-0.2391000 -0.1198195 0.6663730 255 0 0
-0.2374054 -0.1197592 0.6660373 255 0 0
-0.2357125 -0.1196989 0.6657020 255 0 0
-0.2340213 -0.1196386 0.6653671 255 0 0
-0.2323318 -0.1195785 0.6650324 255 0 0
-0.2305272 -0.1194578 0.6643616 255 0 0
-0.2288420 -0.1193979 0.6640280 255 0 0
-0.2271585 -0.1193379 0.6636947 255 0 0
-0.2253628 -0.1192178 0.6630266 255 0 0
-0.2237966 -0.1192183 0.6630291 255 0 0
-0.2221182 -0.1191585 0.6626968 255 0 0
-0.2205527 -0.1191590 0.6626995 255 0 0
-0.2189873 -0.1191594 0.6627020 255 0 0
-0.2174218 -0.1191599 0.6627045 255 0 0
-0.2159654 -0.1192206 0.6630419 255 0 0
-0.2145075 -0.1192813 0.6633797 255 0 0
-0.2129405 -0.1192818 0.6633822 255 0 0
-0.2114803 -0.1193426 0.6637204 255 0 0
-0.2099124 -0.1193430 0.6637229 255 0 0
-0.2087669 -0.1195854 0.6650710 255 0 0
-0.2071958 -0.1195859 0.6650736 255 0 0
-0.2059378 -0.1197684 0.6660889 255 0 0
-0.2046760 -0.1199516 0.6671073 255 0 0
-0.2034103 -0.1201352 0.6681288 255 0 0
-0.2024504 -0.1205038 0.6701787 255 0 0
-0.2017947 -0.1210607 0.6732758 255 0 0
-0.2008223 -0.1214350 0.6753573 255 0 0
-0.1996379 -0.1216860 0.6767531 255 0 0
-0.1984485 -0.1219380 0.6781546 255 0 0
-0.1969482 -0.1220015 0.6785079 255 0 0
-0.1954464 -0.1220651 0.6788616 255 0 0
-0.1939430 -0.1221287 0.6792155 255 0 0
-0.1924380 -0.1221924 0.6795698 255 0 0
-0.1908326 -0.1221929 0.6795725 255 0 0
-0.1892271 -0.1221934 0.6795751 255 0 0
-0.1878162 -0.1223205 0.6802824 255 0 0
-0.1860162 -0.1221943 0.6795804 255 0 0
-0.1845063 -0.1222581 0.6799352 255 0 0
-0.1829000 -0.1222586 0.6799378 255 0 0
-0.1810123 -0.1220693 0.6788852 255 0 0
-0.1797805 -0.1223229 0.6802955 255 0 0
-0.1779887 -0.1221967 0.6795936 255 0 0
-0.1760186 -0.1219446 0.6781914 255 0 0
-0.1741464 -0.1217563 0.6771442 255 0 0
-0.1720141 -0.1213810 0.6750571 255 0 0
-0.1703317 -0.1213190 0.6747126 255 0 0
-0.1685643 -0.1211949 0.6740222 255 0 0
-0.1669719 -0.1211954 0.6740248 255 0 0
-0.1654645 -0.1212581 0.6743737 255 0 0
-0.1650586 -0.1221372 0.6792629 255 0 0
-0.1650772 -0.1233507 0.6860117 255 0 0
-0.1637989 -0.1236096 0.6874517 255 0 0
-0.1619203 -0.1234162 0.6863757 255 0 0
-0.1597973 -0.1230306 0.6842313 255 0 0
-0.1582632 -0.1230953 0.6845909 255 0 0
-0.1568913 -0.1232887 0.6856666 255 0 0
-0.1550283 -0.1230962 0.6845962 255 0 0
-0.1534909 -0.1231609 0.6849561 255 0 0
-0.1517143 -0.1230330 0.6842446 255 0 0
-0.1500977 -0.1230335 0.6842473 255 0 0
-0.1487136 -0.1232267 0.6853218 255 0 0
-0.1467114 -0.1229063 0.6835399 255 0 0
-0.1450209 -0.1228428 0.6831867 255 0 0
-0.1431088 -0.1225880 0.6817698 255 0 0
-0.1396129 -0.1209553 0.6726899 255 0 0
-0.1376004 -0.1205850 0.6706302 255 0 0
-0.1358077 -0.1204009 0.6696064 255 0 0
-0.1340888 -0.1202786 0.6689264 255 0 0
-0.1325759 -0.1203404 0.6692701 255 0 0
-0.1309946 -0.1203409 0.6692727 255 0 0
-0.1292814 -0.1202188 0.6685934 255 0 0
-0.1277017 -0.1202192 0.6685960 255 0 0
-0.1261220 -0.1202197 0.6685986 255 0 0
-0.1244788 -0.1201590 0.6682608 255 0 0
-0.1228998 -0.1201594 0.6682634 255 0 0
-0.1213209 -0.1201599 0.6682660 255 0 0
-0.1198029 -0.1202216 0.6686090 255 0 0
-0.1182833 -0.1202833 0.6689523 255 0 0
-0.1168218 -0.1204065 0.6696375 255 0 0
-0.1152984 -0.1204684 0.6699818 255 0 0
-0.1137734 -0.1205304 0.6703267 255 0 0
-0.1123042 -0.1206541 0.6710146 255 0 0
-0.1107753 -0.1207163 0.6713604 255 0 0
-0.1093568 -0.1209023 0.6723947 255 0 0
-0.1080447 -0.1212132 0.6741239 255 0 0
-0.1064519 -0.1212137 0.6741266 255 0 0
-0.1050208 -0.1214012 0.6751695 255 0 0
-0.1039065 -0.1219663 0.6783122 255 0 0
-0.1026751 -0.1224096 0.6807775 255 0 0
-0.1012626 -0.1266813 0.7045345 255 0 0
-0.0994377 -0.1264781 0.7034045 255 0 0
-0.0975665 -0.1262081 0.7019027 255 0 0
-0.0957032 -0.1259392 0.7004072 255 0 0
-0.0941486 -0.1260742 0.7011582 255 0 0
-0.0921472 -0.1256050 0.6985489 255 0 0
-0.0903523 -0.1254053 0.6974381 255 0 0
-0.0885161 -0.1251398 0.6959617 255 0 0
-0.0869638 -0.1252731 0.6967031 255 0 0
-0.0852722 -0.1252072 0.6963363 255 0 0
-0.0834938 -0.1250087 0.6952325 255 0 0
-0.0817644 -0.1248769 0.6944995 255 0 0
-0.0802081 -0.1250097 0.6952379 255 0 0
-0.0784406 -0.1248118 0.6941376 255 0 0
-0.0768816 -0.1249444 0.6948752 255 0 0
-0.0752395 -0.1249449 0.6948779 255 0 0
-0.0736365 -0.1250116 0.6952486 255 0 0
-0.0719935 -0.1250121 0.6952513 255 0 0
-0.0703506 -0.1250126 0.6952540 255 0 0
-0.0687076 -0.1250131 0.6952567 255 0 0
-0.0671002 -0.1250798 0.6956278 255 0 0
-0.0655258 -0.1252130 0.6963686 255 0 0
-0.0640160 -0.1254797 0.6978521 255 0 0
-0.0624998 -0.1257476 0.6993419 255 0 0
-0.0612715 -0.1266251 0.7042220 255 0 0
-0.0596715 -0.1304034 0.7252348 255 0 0
-0.0586052 -0.1318609 0.7333410 255 0 0
-0.0569358 -0.1320089 0.7341642 255 0 0
-0.0551392 -0.1318620 0.7333467 255 0 0
-0.0534360 -0.1319362 0.7337595 255 0 0
-0.0517598 -0.1320844 0.7345836 255 0 0
-0.0500518 -0.1321588 0.7349977 255 0 0
-0.0482878 -0.1320854 0.7345892 255 0 0
-0.0464737 -0.1318645 0.7333609 255 0 0
-0.0447656 -0.1319387 0.7337736 255 0 0
-0.0429595 -0.1317184 0.7325481 255 0 0
-0.3611252 -0.1205980 0.6796456 255 0 0
-0.3595203 -0.1205984 0.6796482 255 0 0
-0.3577299 -0.1205364 0.6792989 255 0 0
-0.3563103 -0.1205994 0.6796535 255 0 0
-0.3547053 -0.1205998 0.6796561 255 0 0
-0.3532834 -0.1206628 0.6800111 255 0 0
-0.3514953 -0.1206008 0.6796614 255 0 0
-0.3497091 -0.1205388 0.6793120 255 0 0
-0.3481049 -0.1205392 0.6793147 255 0 0
-0.3466802 -0.1206022 0.6796693 255 0 0
-0.3450751 -0.1206026 0.6796719 255 0 0
-0.3434701 -0.1206031 0.6796746 255 0 0
-0.3420422 -0.1206661 0.6800295 255 0 0
-0.3404363 -0.1206666 0.6800321 255 0 0
-0.3388304 -0.1206670 0.6800348 255 0 0
-0.3372244 -0.1206675 0.6800374 255 0 0
-0.3359668 -0.1207932 0.6807458 255 0 0
-0.3343591 -0.1207937 0.6807485 255 0 0
-0.3330971 -0.1209196 0.6814584 255 0 0
-0.3318325 -0.1210458 0.6821697 255 0 0
-0.3300499 -0.1209834 0.6818178 255 0 0
-0.3286105 -0.1210468 0.6821750 255 0 0
-0.3271696 -0.1211102 0.6825325 255 0 0
-0.3260666 -0.1213000 0.6836022 255 0 0
-0.3247906 -0.1214270 0.6843179 255 0 0
-0.3233431 -0.1214909 0.6846777 255 0 0
-0.3218941 -0.1215548 0.6850379 255 0 0
-0.3206111 -0.1216823 0.6857567 255 0 0
-0.3193254 -0.1218102 0.6864771 255 0 0
-0.3182037 -0.1220021 0.6875590 255 0 0
-0.3170784 -0.1221948 0.6886445 255 0 0
-0.3157835 -0.1223236 0.6893709 255 0 0
-0.3143206 -0.1223884 0.6897359 255 0 0
-0.3128561 -0.1224533 0.6901014 255 0 0
-0.3112262 -0.1224538 0.6901041 255 0 0
-0.3095964 -0.1224542 0.6901068 255 0 0
-0.3081286 -0.1225192 0.6904727 255 0 0
-0.3060147 -0.1223265 0.6893869 255 0 0
-0.3042266 -0.1222627 0.6890275 255 0 0
-0.3021233 -0.1220708 0.6879462 255 0 0
-0.3004985 -0.1220713 0.6879489 255 0 0
-0.2982481 -0.1218163 0.6865116 255 0 0
-0.2967820 -0.1218805 0.6868737 255 0 0
-0.2948510 -0.1217535 0.6861579 255 0 0
-0.2930771 -0.1216903 0.6858019 255 0 0
-0.2911530 -0.1215637 0.6850883 255 0 0
-0.2895349 -0.1215642 0.6850910 255 0 0
-0.2877665 -0.1215012 0.6847361 255 0 0
-0.2860000 -0.1214383 0.6843815 255 0 0
-0.2842353 -0.1213755 0.6840274 255 0 0
-0.2823253 -0.1212495 0.6833176 255 0 0
-0.2805663 -0.1211873 0.6829671 255 0 0
-0.2788081 -0.1211248 0.6826145 255 0 0
-0.2769077 -0.1209993 0.6819076 255 0 0
-0.2751541 -0.1209370 0.6815560 255 0 0
-0.2732604 -0.1208119 0.6808513 255 0 0
-0.2712300 -0.1206246 0.6797957 255 0 0
-0.2694847 -0.1205626 0.6794463 255 0 0
-0.2671881 -0.1202517 0.6776942 255 0 0
-0.2653133 -0.1201281 0.6769975 255 0 0
-0.2633067 -0.1199429 0.6759538 255 0 0
-0.2614407 -0.1198199 0.6752607 255 0 0
-0.2594452 -0.1196357 0.6742224 255 0 0
-0.2577202 -0.1195747 0.6738787 255 0 0
-0.2554725 -0.1192689 0.6721553 255 0 0
-0.2536250 -0.1191473 0.6714699 255 0 0
-0.2515251 -0.1189048 0.6701035 255 0 0
-0.2498147 -0.1188446 0.6697640 255 0 0
-0.2481060 -0.1187844 0.6694250 255 0 0
-0.2463991 -0.1187243 0.6690862 255 0 0
-0.2445692 -0.1186038 0.6684071 255 0 0
-0.2426196 -0.1184233 0.6673899 255 0 0
-0.2410432 -0.1184237 0.6673924 255 0 0
-0.2392233 -0.1183038 0.6667168 255 0 0
-0.2375278 -0.1182442 0.6663808 255 0 0
-0.2359538 -0.1182447 0.6663834 255 0 0
-0.2341418 -0.1181252 0.6657098 255 0 0
-0.2323336 -0.1180059 0.6650376 255 0 0
-0.2307627 -0.1180063 0.6650402 255 0 0
-0.2289597 -0.1178873 0.6643693 255 0 0
-0.2273903 -0.1178878 0.6643719 255 0 0
-0.2257067 -0.1178286 0.6640383 255 0 0
-0.2240247 -0.1177694 0.6637050 255 0 0
-0.2223445 -0.1177103 0.6633720 255 0 0
-0.2207774 -0.1177108 0.6633746 255 0 0
-0.2192104 -0.1177113 0.6633772 255 0 0
-0.2175334 -0.1176522 0.6630446 255 0 0
-0.2162950 -0.1178313 0.6640537 255 0 0
-0.2146177 -0.1177722 0.6637204 255 0 0
-0.2132656 -0.1178919 0.6643951 255 0 0
-0.2118034 -0.1179521 0.6647342 255 0 0
-0.2102331 -0.1179525 0.6647368 255 0 0
-0.2088744 -0.1180726 0.6654135 255 0 0
-0.2076183 -0.1182529 0.6664298 255 0 0
-0.2061487 -0.1183135 0.6667710 255 0 0
-0.2051991 -0.1186757 0.6688125 255 0 0
-0.2038269 -0.1187973 0.6694975 255 0 0
-0.2033868 -0.1194682 0.6732785 255 0 0
-0.2025236 -0.1198992 0.6757078 255 0 0
-0.2019673 -0.1205203 0.6792077 255 0 0
-0.2007784 -0.1207708 0.6806194 255 0 0
-0.1994809 -0.1209594 0.6816827 255 0 0
-0.1979734 -0.1210228 0.6820397 255 0 0
-0.1963621 -0.1210232 0.6820423 255 0 0
-0.1948521 -0.1210866 0.6823996 255 0 0
-0.1932400 -0.1210871 0.6824022 255 0 0
-0.1916279 -0.1210876 0.6824049 255 0 0
-0.1898184 -0.1209622 0.6816986 255 0 0
-0.1884037 -0.1210885 0.6824101 255 0 0
-0.1866944 -0.1210261 0.6820582 255 0 0
-0.1851793 -0.1210895 0.6824154 255 0 0
-0.1833765 -0.1209641 0.6817091 255 0 0
-0.1818604 -0.1210275 0.6820660 255 0 0
-0.1802491 -0.1210279 0.6820687 255 0 0
-0.1785449 -0.1209655 0.6817170 255 0 0
-0.1767507 -0.1208405 0.6810122 255 0 0
-0.1744177 -0.1203413 0.6781994 255 0 0
-0.1719270 -0.1197231 0.6747153 255 0 0
-0.1702455 -0.1196621 0.6743712 255 0 0
-0.1687390 -0.1197241 0.6747205 255 0 0
-0.1670590 -0.1196630 0.6743764 255 0 0
-0.1660631 -0.1200954 0.6768134 255 0 0
-0.1666992 -0.1217281 0.6860144 255 0 0
-0.1651648 -0.1217922 0.6863758 255 0 0
-0.1638002 -0.1219841 0.6874571 255 0 0
-0.1620063 -0.1218569 0.6867403 255 0 0
-0.1601325 -0.1216663 0.6856666 255 0 0
-0.1585954 -0.1217304 0.6860277 255 0 0
-0.1572211 -0.1219221 0.6871079 255 0 0
-0.1555163 -0.1218587 0.6867509 255 0 0
-0.1538937 -0.1218592 0.6867536 255 0 0
-0.1521915 -0.1217960 0.6863971 255 0 0
-0.1505698 -0.1217964 0.6863997 255 0 0
-0.1491041 -0.1219244 0.6871211 255 0 0
-0.1475579 -0.1219888 0.6874837 255 0 0
-0.1460101 -0.1220532 0.6878467 255 0 0
-0.1411310 -0.1193030 0.6723479 255 0 0
-0.1391149 -0.1189379 0.6702904 255 0 0
-0.1375312 -0.1189384 0.6702929 255 0 0
-0.1355322 -0.1185755 0.6682479 255 0 0
-0.1337491 -0.1183952 0.6672314 255 0 0
-0.1322398 -0.1184558 0.6675734 255 0 0
-0.1305961 -0.1183961 0.6672366 255 0 0
-0.1290852 -0.1184568 0.6675785 255 0 0
-0.1276377 -0.1185778 0.6682609 255 0 0
-0.1259946 -0.1185180 0.6679234 255 0 0
-0.1244164 -0.1185184 0.6679260 255 0 0
-0.1228383 -0.1185189 0.6679285 255 0 0
-0.1213836 -0.1186401 0.6686116 255 0 0
-0.1197428 -0.1185801 0.6682738 255 0 0
-0.1182843 -0.1187015 0.6689576 255 0 0
-0.1168227 -0.1188230 0.6696427 255 0 0
-0.1152405 -0.1188235 0.6696453 255 0 0
-0.1137743 -0.1189453 0.6703318 255 0 0
-0.1122477 -0.1190066 0.6706769 255 0 0
-0.1107196 -0.1190678 0.6710224 255 0 0
-0.1093576 -0.1193123 0.6723999 255 0 0
-0.1079901 -0.1195577 0.6737832 255 0 0
-0.1063981 -0.1195582 0.6737858 255 0 0
-0.1049137 -0.1196815 0.6744809 255 0 0
-0.1035328 -0.1199285 0.6758727 255 0 0
-0.1027292 -0.1208625 0.6811361 255 0 0
-0.1012091 -0.1249482 0.7041621 255 0 0
-0.0995452 -0.1249487 0.7041647 255 0 0
-0.0979338 -0.1250163 0.7045454 255 0 0
-0.0961142 -0.1248158 0.7034155 255 0 0
-0.0945027 -0.1248832 0.7037954 255 0 0
-0.0926410 -0.1246164 0.7022919 255 0 0
-0.0907387 -0.1242844 0.7004208 255 0 0
-0.0889886 -0.1241524 0.6996768 255 0 0
-0.0874285 -0.1242853 0.7004262 255 0 0
-0.0856363 -0.1240872 0.6993095 255 0 0
-0.0837162 -0.1236923 0.6970840 255 0 0
-0.0821999 -0.1238901 0.6981990 255 0 0
-0.0805500 -0.1238906 0.6982018 255 0 0
-0.0787744 -0.1236937 0.6970921 255 0 0
-0.0772092 -0.1238257 0.6978359 255 0 0
-0.0756406 -0.1239580 0.6985815 255 0 0
-0.0741081 -0.1241567 0.6997012 255 0 0
-0.0725319 -0.1242897 0.7004507 255 0 0
-0.0707257 -0.1240254 0.6989615 255 0 0
-0.0690740 -0.1240259 0.6989642 255 0 0
-0.0675301 -0.1242248 0.7000852 255 0 0
-0.0661935 -0.1248244 0.7034645 255 0 0
-0.0647063 -0.1284740 0.7240319 255 0 0
-0.0634503 -0.1294024 0.7292640 255 0 0
-0.0618299 -0.1296189 0.7304844 255 0 0
-0.0600702 -0.1295473 0.7300809 255 0 0
-0.0583449 -0.1295478 0.7300837 255 0 0
-0.0566196 -0.1295483 0.7300865 255 0 0
-0.0549554 -0.1296931 0.7309024 255 0 0
-0.0533469 -0.1299831 0.7325368 255 0 0
-0.0516446 -0.1300562 0.7329486 255 0 0
-0.0499125 -0.1300567 0.7329515 255 0 0
-0.0480997 -0.1298397 0.7317286 255 0 0
-0.0464222 -0.1299851 0.7325481 255 0 0
-0.3632977 -0.1191756 0.6807063 255 0 0
-0.3611280 -0.1189908 0.6796509 255 0 0
-0.3593369 -0.1189297 0.6793016 255 0 0
-0.3579181 -0.1189917 0.6796561 255 0 0
-0.3563131 -0.1189922 0.6796588 255 0 0
-0.3547081 -0.1189927 0.6796615 255 0 0
-0.3529202 -0.1189315 0.6793121 255 0 0
-0.3513160 -0.1189320 0.6793147 255 0 0
-0.3495308 -0.1188709 0.6789658 255 0 0
-0.3477475 -0.1188099 0.6786172 255 0 0
-0.3463241 -0.1188718 0.6789711 255 0 0
-0.3448992 -0.1189338 0.6793253 255 0 0
-0.3432949 -0.1189343 0.6793279 255 0 0
-0.3418677 -0.1189964 0.6796826 255 0 0
-0.3402626 -0.1189968 0.6796852 255 0 0
-0.3388330 -0.1190590 0.6800401 255 0 0
-0.3372270 -0.1190594 0.6800427 255 0 0
-0.3359694 -0.1191835 0.6807511 255 0 0
-0.3341883 -0.1191221 0.6804007 255 0 0
-0.3325815 -0.1191226 0.6804034 255 0 0
-0.3313183 -0.1192467 0.6811125 255 0 0
-0.3300525 -0.1193711 0.6818231 255 0 0
-0.3286130 -0.1194337 0.6821803 255 0 0
-0.3270020 -0.1194341 0.6821829 255 0 0
-0.3257296 -0.1195589 0.6828958 255 0 0
-0.3242857 -0.1196217 0.6832541 255 0 0
-0.3231770 -0.1198093 0.6843260 255 0 0
-0.3217287 -0.1198723 0.6846858 255 0 0
-0.3202788 -0.1199354 0.6850460 255 0 0
-0.3189941 -0.1200612 0.6857648 255 0 0
-0.3182062 -0.1203763 0.6875644 255 0 0
-0.3170809 -0.1205663 0.6886499 255 0 0
-0.3157860 -0.1206935 0.6893763 255 0 0
-0.3144884 -0.1208209 0.6901041 255 0 0
-0.3130232 -0.1208850 0.6904700 255 0 0
-0.3113925 -0.1208855 0.6904727 255 0 0
-0.3097618 -0.1208859 0.6904754 255 0 0
-0.3082933 -0.1209501 0.6908417 255 0 0
-0.3061780 -0.1207598 0.6897547 255 0 0
-0.3040693 -0.1205701 0.6886712 255 0 0
-0.3022842 -0.1205073 0.6883125 255 0 0
-0.3005008 -0.1204446 0.6879542 255 0 0
-0.2985629 -0.1203188 0.6872362 255 0 0
-0.2969398 -0.1203193 0.6872389 255 0 0
-0.2950076 -0.1201939 0.6865223 255 0 0
-0.2933861 -0.1201943 0.6865250 255 0 0
-0.2914596 -0.1200691 0.6858100 255 0 0
-0.2898398 -0.1200696 0.6858126 255 0 0
-0.2880695 -0.1200073 0.6854570 255 0 0
-0.2861515 -0.1198825 0.6847441 255 0 0
-0.2843858 -0.1198205 0.6843896 255 0 0
-0.2827693 -0.1198209 0.6843922 255 0 0
-0.2811528 -0.1198214 0.6843949 255 0 0
-0.2791007 -0.1196351 0.6833309 255 0 0
-0.2773423 -0.1195733 0.6829778 255 0 0
-0.2752992 -0.1193873 0.6819156 255 0 0
-0.2734044 -0.1192638 0.6812102 255 0 0
-0.2715135 -0.1191406 0.6805062 255 0 0
-0.2694868 -0.1189559 0.6794516 255 0 0
-0.2674665 -0.1187719 0.6784003 255 0 0
-0.2654524 -0.1185884 0.6773523 255 0 0
-0.2634445 -0.1184055 0.6763076 255 0 0
-0.2615774 -0.1182840 0.6756136 255 0 0
-0.2597141 -0.1181628 0.6749213 255 0 0
-0.2577223 -0.1179812 0.6738840 255 0 0
-0.2557365 -0.1178001 0.6728499 255 0 0
-0.2538868 -0.1176799 0.6721631 255 0 0
-0.2521700 -0.1176201 0.6718216 255 0 0
-0.2499442 -0.1173207 0.6701113 255 0 0
-0.2482346 -0.1172612 0.6697719 255 0 0
-0.2465267 -0.1172019 0.6694328 255 0 0
-0.2446958 -0.1170829 0.6687530 255 0 0
-0.2429923 -0.1170237 0.6684149 255 0 0
-0.2414134 -0.1170241 0.6684175 255 0 0
-0.2393469 -0.1167866 0.6670610 255 0 0
-0.2377712 -0.1167871 0.6670635 255 0 0
-0.2360755 -0.1167282 0.6667272 255 0 0
-0.2343815 -0.1166694 0.6663912 255 0 0
-0.2326892 -0.1166106 0.6660555 255 0 0
-0.2311159 -0.1166110 0.6660581 255 0 0
-0.2291936 -0.1164342 0.6650480 255 0 0
-0.2276226 -0.1164347 0.6650506 255 0 0
-0.2259371 -0.1163761 0.6647163 255 0 0
-0.2241399 -0.1162588 0.6640461 255 0 0
-0.2224587 -0.1162004 0.6637127 255 0 0
-0.2207792 -0.1161421 0.6633798 255 0 0
-0.2194340 -0.1162601 0.6640538 255 0 0
-0.2178653 -0.1162606 0.6640564 255 0 0
-0.2165158 -0.1163788 0.6647317 255 0 0
-0.2149456 -0.1163793 0.6647343 255 0 0
-0.2133753 -0.1163797 0.6647369 255 0 0
-0.2121274 -0.1165573 0.6657512 255 0 0
-0.2107685 -0.1166761 0.6664299 255 0 0
-0.2094069 -0.1167952 0.6671100 255 0 0
-0.2078310 -0.1167957 0.6671126 255 0 0
-0.2067807 -0.1170938 0.6688152 255 0 0
-0.2056199 -0.1173334 0.6701840 255 0 0
-0.2046639 -0.1176945 0.6722465 255 0 0
-0.2037019 -0.1180578 0.6743217 255 0 0
-0.2031528 -0.1186680 0.6778072 255 0 0
-0.2023879 -0.1191609 0.6806222 255 0 0
-0.1996892 -0.1194711 0.6823943 255 0 0
-0.1981802 -0.1195338 0.6827520 255 0 0
-0.1966695 -0.1195964 0.6831101 255 0 0
-0.1951574 -0.1196592 0.6834685 255 0 0
-0.1938456 -0.1198469 0.6845407 255 0 0
-0.1922284 -0.1198474 0.6845433 255 0 0
-0.1906113 -0.1198478 0.6845460 255 0 0
-0.1889948 -0.1198488 0.6845513 255 0 0
-0.1871823 -0.1197243 0.6838405 255 0 0
-0.1856635 -0.1197872 0.6841997 255 0 0
-0.1839512 -0.1197253 0.6838458 255 0 0
-0.1821458 -0.1196011 0.6831365 255 0 0
-0.1802505 -0.1194151 0.6820741 255 0 0
-0.1785463 -0.1193535 0.6817223 255 0 0
-0.1768439 -0.1192920 0.6813711 255 0 0
-0.1743290 -0.1186763 0.6778544 255 0 0
-0.1719284 -0.1181277 0.6747206 255 0 0
-0.1702468 -0.1180674 0.6743765 255 0 0
-0.1686536 -0.1180679 0.6743791 255 0 0
-0.1673182 -0.1182506 0.6754228 255 0 0
-0.1678825 -0.1197923 0.6842288 255 0 0
-0.1666135 -0.1200431 0.6856614 255 0 0
-0.1651661 -0.1201691 0.6863812 255 0 0
-0.1638873 -0.1204215 0.6878228 255 0 0
-0.1620076 -0.1202330 0.6867457 255 0 0
-0.1604690 -0.1202964 0.6871079 255 0 0
-0.1589289 -0.1203599 0.6874705 255 0 0
-0.1575522 -0.1205498 0.6885552 255 0 0
-0.1557620 -0.1204239 0.6878361 255 0 0
-0.1541369 -0.1204243 0.6878387 255 0 0
-0.1525118 -0.1204248 0.6878414 255 0 0
-0.1508076 -0.1203622 0.6874838 255 0 0
-0.1492615 -0.1204257 0.6878467 255 0 0
-0.1474818 -0.1203001 0.6871292 255 0 0
-0.1460878 -0.1204898 0.6882128 255 0 0
-0.1406997 -0.1173525 0.6702930 255 0 0
-0.1391160 -0.1173529 0.6702956 255 0 0
-0.1374621 -0.1172935 0.6699560 255 0 0
-0.1353954 -0.1168763 0.6675734 255 0 0
-0.1337501 -0.1168174 0.6672366 255 0 0
-0.1322408 -0.1168773 0.6675786 255 0 0
-0.1306635 -0.1168777 0.6675811 255 0 0
-0.1290862 -0.1168782 0.6675838 255 0 0
-0.1274440 -0.1168192 0.6672470 255 0 0
-0.1259315 -0.1168791 0.6675889 255 0 0
-0.1243541 -0.1168795 0.6675915 255 0 0
-0.1228392 -0.1169394 0.6679338 255 0 0
-0.1211994 -0.1168804 0.6675967 255 0 0
-0.1196828 -0.1169403 0.6679389 255 0 0
-0.1182852 -0.1171196 0.6689628 255 0 0
-0.1167641 -0.1171798 0.6693065 255 0 0
-0.1153591 -0.1173597 0.6703345 255 0 0
-0.1137752 -0.1173602 0.6703371 255 0 0
-0.1122486 -0.1174206 0.6706822 255 0 0
-0.1107204 -0.1174811 0.6710277 255 0 0
-0.1092466 -0.1176018 0.6717170 255 0 0
-0.1079910 -0.1179645 0.6737885 255 0 0
-0.1063989 -0.1179649 0.6737911 255 0 0
-0.1048068 -0.1179654 0.6737937 255 0 0
-0.1033739 -0.1181478 0.6748355 255 0 0
-0.1026767 -0.1191899 0.6807882 255 0 0
-0.1013186 -0.1234155 0.7049239 255 0 0
-0.0997064 -0.1234823 0.7053055 255 0 0
-0.0980398 -0.1234828 0.7053081 255 0 0
-0.0963214 -0.1234170 0.7049321 255 0 0
-0.0946049 -0.1233512 0.7045565 255 0 0
-0.0928404 -0.1232194 0.7038037 255 0 0
-0.0910796 -0.1230879 0.7030525 255 0 0
-0.0892749 -0.1228909 0.7019273 255 0 0
-0.0876631 -0.1229571 0.7023056 255 0 0
-0.0860495 -0.1230234 0.7026842 255 0 0
-0.0842988 -0.1228923 0.7019354 255 0 0
-0.0825078 -0.1226960 0.7008138 255 0 0
-0.0809381 -0.1228276 0.7015657 255 0 0
-0.0794501 -0.1230912 0.7030715 255 0 0
-0.0776639 -0.1228942 0.7019463 255 0 0
-0.0759240 -0.1227634 0.7011991 255 0 0
-0.0744659 -0.1230927 0.7030796 255 0 0
-0.0730392 -0.1234900 0.7053491 255 0 0
-0.0717192 -0.1240906 0.7087796 255 0 0
-0.0700329 -0.1271110 0.7260315 255 0 0
-0.0685827 -0.1276055 0.7288563 255 0 0
-0.0669347 -0.1277479 0.7296695 255 0 0
-0.0651741 -0.1276774 0.7292669 255 0 0
-0.0634860 -0.1277489 0.7296751 255 0 0
-0.0617960 -0.1278204 0.7300838 255 0 0
-0.0601042 -0.1278921 0.7304929 255 0 0
-0.0583779 -0.1278926 0.7304958 255 0 0
-0.0566200 -0.1278219 0.7300922 255 0 0
-0.0549252 -0.1278936 0.7305014 255 0 0
-0.0531693 -0.1278229 0.7300979 255 0 0
-0.0515012 -0.1279658 0.7309138 255 0 0
-0.0497462 -0.1278950 0.7305099 255 0 0
-0.3631121 -0.1175050 0.6803586 255 0 0
-0.3609439 -0.1173229 0.6793043 255 0 0
-0.3593397 -0.1173233 0.6793069 255 0 0
-0.3573654 -0.1172024 0.6786067 255 0 0
-0.3563159 -0.1173850 0.6796641 255 0 0
-0.3543437 -0.1172640 0.6789632 255 0 0
-0.3527403 -0.1172644 0.6789658 255 0 0
-0.3513188 -0.1173256 0.6793200 255 0 0
-0.3489917 -0.1170835 0.6779185 255 0 0
-0.3479302 -0.1172658 0.6789737 255 0 0
-0.3461477 -0.1172056 0.6786252 255 0 0
-0.3447233 -0.1172667 0.6789790 255 0 0
-0.3431199 -0.1172671 0.6789816 255 0 0
-0.3415165 -0.1172676 0.6789843 255 0 0
-0.3400890 -0.1173288 0.6793385 255 0 0
-0.3386601 -0.1173900 0.6796931 255 0 0
-0.3368804 -0.1173297 0.6793438 255 0 0
-0.3356237 -0.1174518 0.6800507 255 0 0
-0.3341909 -0.1175132 0.6804061 255 0 0
-0.3327567 -0.1175746 0.6807618 255 0 0
-0.3309772 -0.1175141 0.6804113 255 0 0
-0.3297123 -0.1176366 0.6811205 255 0 0
-0.3282742 -0.1176981 0.6814770 255 0 0
-0.3266648 -0.1176986 0.6814796 255 0 0
-0.3255627 -0.1178827 0.6825458 255 0 0
-0.3242882 -0.1180060 0.6832595 255 0 0
-0.3228427 -0.1180679 0.6836181 255 0 0
-0.3213957 -0.1181299 0.6839772 255 0 0
-0.3202813 -0.1183155 0.6850513 255 0 0
-0.3193304 -0.1185635 0.6864878 255 0 0
-0.3183755 -0.1188127 0.6879303 255 0 0
-0.3172499 -0.1190004 0.6890169 255 0 0
-0.3157885 -0.1190633 0.6893817 255 0 0
-0.3144909 -0.1191891 0.6901096 255 0 0
-0.3131905 -0.1193151 0.6908391 255 0 0
-0.3115589 -0.1193155 0.6908417 255 0 0
-0.3097642 -0.1192532 0.6904808 255 0 0
-0.3082957 -0.1193164 0.6908471 255 0 0
-0.3063414 -0.1191914 0.6901230 255 0 0
-0.3042314 -0.1190040 0.6890383 255 0 0
-0.3024452 -0.1189420 0.6886793 255 0 0
-0.3006608 -0.1188801 0.6883206 255 0 0
-0.2987217 -0.1187559 0.6876017 255 0 0
-0.2970977 -0.1187564 0.6876044 255 0 0
-0.2953189 -0.1186947 0.6872469 255 0 0
-0.2936958 -0.1186951 0.6872496 255 0 0
-0.2919197 -0.1186334 0.6868924 255 0 0
-0.2899937 -0.1185098 0.6861766 255 0 0
-0.2882223 -0.1184483 0.6858206 255 0 0
-0.2867523 -0.1185107 0.6861819 255 0 0
-0.2846850 -0.1183255 0.6851097 255 0 0
-0.2830669 -0.1183260 0.6851124 255 0 0
-0.2813018 -0.1182647 0.6847574 255 0 0
-0.2796845 -0.1182652 0.6847601 255 0 0
-0.2776335 -0.1180812 0.6836950 255 0 0
-0.2754445 -0.1178360 0.6822755 255 0 0
-0.2738330 -0.1178365 0.6822782 255 0 0
-0.2717975 -0.1176534 0.6812181 255 0 0
-0.2697683 -0.1174709 0.6801614 255 0 0
-0.2677454 -0.1172889 0.6791078 255 0 0
-0.2658662 -0.1171681 0.6784082 255 0 0
-0.2638545 -0.1169871 0.6773602 255 0 0
-0.2617142 -0.1167465 0.6759670 255 0 0
-0.2597162 -0.1165668 0.6749265 255 0 0
-0.2581220 -0.1165672 0.6749291 255 0 0
-0.2561325 -0.1163881 0.6738919 255 0 0
-0.2541492 -0.1162095 0.6728578 255 0 0
-0.2523011 -0.1160909 0.6721710 255 0 0
-0.2502017 -0.1158544 0.6708018 255 0 0
-0.2483633 -0.1157365 0.6701192 255 0 0
-0.2466545 -0.1156779 0.6697797 255 0 0
-0.2448225 -0.1155604 0.6690993 255 0 0
-0.2431180 -0.1155019 0.6687609 255 0 0
-0.2412924 -0.1153848 0.6680825 255 0 0
-0.2398364 -0.1154440 0.6684253 255 0 0
-0.2380150 -0.1153269 0.6677476 255 0 0
-0.2364377 -0.1153274 0.6677502 255 0 0
-0.2346216 -0.1152106 0.6670739 255 0 0
-0.2326910 -0.1150356 0.6660607 255 0 0
-0.2313525 -0.1151529 0.6667401 255 0 0
-0.2295443 -0.1150365 0.6660659 255 0 0
-0.2278554 -0.1149786 0.6657306 255 0 0
-0.2261680 -0.1149207 0.6653956 255 0 0
-0.2244824 -0.1148629 0.6650609 255 0 0
-0.2226857 -0.1147470 0.6643901 255 0 0
-0.2213404 -0.1148638 0.6650661 255 0 0
-0.2197693 -0.1148642 0.6650686 255 0 0
-0.2181983 -0.1148647 0.6650712 255 0 0
-0.2167371 -0.1149234 0.6654111 255 0 0
-0.2153837 -0.1150405 0.6660891 255 0 0
-0.2140274 -0.1151578 0.6667686 255 0 0
-0.2125604 -0.1152168 0.6671101 255 0 0
-0.2110918 -0.1152759 0.6674520 255 0 0
-0.2100492 -0.1155702 0.6691563 255 0 0
-0.2086813 -0.1156886 0.6698419 255 0 0
-0.2076288 -0.1159851 0.6715584 255 0 0
-0.2063592 -0.1161639 0.6725937 255 0 0
-0.2055077 -0.1165826 0.6750180 255 0 0
-0.2048614 -0.1171253 0.6781601 255 0 0
-0.2042091 -0.1176730 0.6813316 255 0 0
-0.2014075 -0.1179183 0.6827521 255 0 0
-0.2003157 -0.1182263 0.6845354 255 0 0
-0.1992182 -0.1185360 0.6863281 255 0 0
-0.1975968 -0.1185364 0.6863307 255 0 0
-0.1958730 -0.1184749 0.6859747 255 0 0
-0.1942524 -0.1184754 0.6859773 255 0 0
-0.1927326 -0.1185378 0.6863387 255 0 0
-0.1914115 -0.1187245 0.6874200 255 0 0
-0.1893907 -0.1184768 0.6859853 255 0 0
-0.1877701 -0.1184772 0.6859880 255 0 0
-0.1861495 -0.1184777 0.6859906 255 0 0
-0.1842407 -0.1182931 0.6849219 255 0 0
-0.1825273 -0.1182318 0.6845672 255 0 0
-0.1806274 -0.1180476 0.6835003 255 0 0
-0.1787333 -0.1178639 0.6824366 255 0 0
-0.1768452 -0.1176808 0.6813764 255 0 0
-0.1744205 -0.1171339 0.6782100 255 0 0
-0.1719297 -0.1165321 0.6747258 255 0 0
-0.1701607 -0.1164129 0.6740354 255 0 0
-0.1686549 -0.1164732 0.6743844 255 0 0
-0.1682722 -0.1173176 0.6792736 255 0 0
-0.1681468 -0.1183594 0.6853061 255 0 0
-0.1665278 -0.1183599 0.6853087 255 0 0
-0.1655137 -0.1187946 0.6878255 255 0 0
-0.1640606 -0.1189197 0.6885499 255 0 0
-0.1623486 -0.1188578 0.6881915 255 0 0
-0.1606385 -0.1187959 0.6878334 255 0 0
-0.1590134 -0.1187964 0.6878361 255 0 0
-0.1578019 -0.1191090 0.6896460 255 0 0
-0.1561725 -0.1191095 0.6896487 255 0 0
-0.1544619 -0.1190474 0.6892892 255 0 0
-0.1530746 -0.1192357 0.6903796 255 0 0
-0.1512048 -0.1190483 0.6892945 255 0 0
-0.1493410 -0.1188615 0.6882128 255 0 0
-0.1477149 -0.1188619 0.6882154 255 0 0
-0.1422119 -0.1157079 0.6699535 255 0 0
-0.1407008 -0.1157674 0.6702983 255 0 0
-0.1389751 -0.1156498 0.6696169 255 0 0
-0.1374632 -0.1157092 0.6699613 255 0 0
-0.1356034 -0.1154739 0.6685988 255 0 0
-0.1338192 -0.1152982 0.6675813 255 0 0
-0.1321075 -0.1151815 0.6669054 255 0 0
-0.1304654 -0.1151234 0.6665693 255 0 0
-0.1289560 -0.1151823 0.6669105 255 0 0
-0.1274450 -0.1152414 0.6672522 255 0 0
-0.1258685 -0.1152418 0.6672547 255 0 0
-0.1244184 -0.1153595 0.6679364 255 0 0
-0.1227777 -0.1153013 0.6675993 255 0 0
-0.1212620 -0.1153604 0.6679416 255 0 0
-0.1196229 -0.1153022 0.6676045 255 0 0
-0.1182259 -0.1154788 0.6686273 255 0 0
-0.1167055 -0.1155382 0.6689706 255 0 0
-0.1151835 -0.1155975 0.6693143 255 0 0
-0.1137761 -0.1157751 0.6703424 255 0 0
-0.1123643 -0.1159532 0.6713735 255 0 0
-0.1107213 -0.1158943 0.6710330 255 0 0
-0.1093034 -0.1160728 0.6720662 255 0 0
-0.1079918 -0.1163712 0.6737938 255 0 0
-0.1063997 -0.1163716 0.6737964 255 0 0
-0.1048614 -0.1164318 0.6741450 255 0 0
-0.1033747 -0.1165520 0.6748408 255 0 0
-0.1024649 -0.1173367 0.6793841 255 0 0
-0.1020866 -0.1226705 0.7102670 255 0 0
-0.1008996 -0.1232713 0.7137458 255 0 0
-0.0979526 -0.1238108 0.7168699 255 0 0
-0.0962061 -0.1237437 0.7164813 255 0 0
-0.0941022 -0.1232062 0.7133690 255 0 0
-0.0921660 -0.1228728 0.7114384 255 0 0
-0.0905340 -0.1229399 0.7118270 255 0 0
-0.0890935 -0.1232746 0.7137652 255 0 0
-0.0875020 -0.1234093 0.7145451 255 0 0
-0.0858135 -0.1234098 0.7145478 255 0 0
-0.0841250 -0.1234103 0.7145506 255 0 0
-0.0824365 -0.1234108 0.7145534 255 0 0
-0.0808800 -0.1236131 0.7157249 255 0 0
-0.0794052 -0.1239515 0.7176843 255 0 0
-0.0780078 -0.1244282 0.7204444 255 0 0
-0.0765153 -0.1247711 0.7224298 255 0 0
-0.0749319 -0.1249779 0.7236274 255 0 0
-0.0734242 -0.1253238 0.7256302 255 0 0
-0.0719881 -0.1258112 0.7284519 255 0 0
-0.0703447 -0.1259515 0.7292641 255 0 0
-0.0686214 -0.1259519 0.7292669 255 0 0
-0.0669352 -0.1260224 0.7296752 255 0 0
-0.0651746 -0.1259529 0.7292726 255 0 0
-0.0635218 -0.1260935 0.7300867 255 0 0
-0.0617279 -0.1259539 0.7292783 255 0 0
-0.0600044 -0.1259544 0.7292811 255 0 0
-0.0582810 -0.1259549 0.7292839 255 0 0
-0.0565576 -0.1259554 0.7292867 255 0 0
-0.0548646 -0.1260259 0.7296950 255 0 0
-0.0530812 -0.1258864 0.7288874 255 0 0
-0.3631150 -0.1158961 0.6803640 255 0 0
-0.3611337 -0.1157765 0.6796616 255 0 0
-0.3593425 -0.1157170 0.6793122 255 0 0
-0.3577383 -0.1157174 0.6793149 255 0 0
-0.3559498 -0.1156580 0.6789659 255 0 0
-0.3543465 -0.1156584 0.6789685 255 0 0
-0.3525606 -0.1155991 0.6786200 255 0 0
-0.3509581 -0.1155995 0.6786226 255 0 0
-0.3491749 -0.1155402 0.6782743 255 0 0
-0.3475732 -0.1155406 0.6782770 255 0 0
-0.3457926 -0.1154814 0.6779290 255 0 0
-0.3441916 -0.1154818 0.6779317 255 0 0
-0.3425907 -0.1154823 0.6779343 255 0 0
-0.3413425 -0.1156022 0.6786383 255 0 0
-0.3397398 -0.1156026 0.6786410 255 0 0
-0.3383122 -0.1156629 0.6789948 255 0 0
-0.3368830 -0.1157232 0.6793491 255 0 0
-0.3354524 -0.1157837 0.6797037 255 0 0
-0.3340203 -0.1158441 0.6800587 255 0 0
-0.3327593 -0.1159648 0.6807671 255 0 0
-0.3311515 -0.1159652 0.6807697 255 0 0
-0.3295438 -0.1159657 0.6807724 255 0 0
-0.3282768 -0.1160866 0.6814823 255 0 0
-0.3268372 -0.1161474 0.6818391 255 0 0
-0.3252269 -0.1161479 0.6818418 255 0 0
-0.3241220 -0.1163297 0.6829091 255 0 0
-0.3230136 -0.1165121 0.6839799 255 0 0
-0.3215659 -0.1165733 0.6843393 255 0 0
-0.3202839 -0.1166955 0.6850567 255 0 0
-0.3195001 -0.1170014 0.6868526 255 0 0
-0.3185450 -0.1172474 0.6882967 255 0 0
-0.3175860 -0.1174944 0.6897469 255 0 0
-0.3161232 -0.1175567 0.6901123 255 0 0
-0.3148246 -0.1176810 0.6908418 255 0 0
-0.3133579 -0.1177434 0.6912084 255 0 0
-0.3117255 -0.1177439 0.6912111 255 0 0
-0.3104201 -0.1178685 0.6919429 255 0 0
-0.3086231 -0.1178069 0.6915808 255 0 0
-0.3068280 -0.1177453 0.6912192 255 0 0
-0.3047139 -0.1175599 0.6901310 255 0 0
-0.3027654 -0.1174368 0.6894084 255 0 0
-0.3009790 -0.1173756 0.6890490 255 0 0
-0.2990375 -0.1172529 0.6883287 255 0 0
-0.2974118 -0.1172533 0.6883314 255 0 0
-0.2957861 -0.1172538 0.6883340 255 0 0
-0.2936981 -0.1170700 0.6872550 255 0 0
-0.2920749 -0.1170704 0.6872577 255 0 0
-0.2904517 -0.1170709 0.6872603 255 0 0
-0.2885262 -0.1169488 0.6865437 255 0 0
-0.2867546 -0.1168881 0.6861873 255 0 0
-0.2851339 -0.1168886 0.6861899 255 0 0
-0.2832170 -0.1167669 0.6854756 255 0 0
-0.2815979 -0.1167673 0.6854783 255 0 0
-0.2798327 -0.1167068 0.6851230 255 0 0
-0.2776357 -0.1164645 0.6837003 255 0 0
-0.2758771 -0.1164043 0.6833469 255 0 0
-0.2739777 -0.1162836 0.6826385 255 0 0
-0.2722237 -0.1162236 0.6822861 255 0 0
-0.2700504 -0.1159828 0.6808726 255 0 0
-0.2681639 -0.1158630 0.6801693 255 0 0
-0.2661435 -0.1156835 0.6791158 255 0 0
-0.2639929 -0.1154450 0.6777154 255 0 0
-0.2622567 -0.1153858 0.6773682 255 0 0
-0.2601196 -0.1151485 0.6759750 255 0 0
-0.2581240 -0.1149712 0.6749344 255 0 0
-0.2561345 -0.1147945 0.6738971 255 0 0
-0.2544121 -0.1147361 0.6735538 255 0 0
-0.2524324 -0.1145601 0.6725208 255 0 0
-0.2507154 -0.1145018 0.6721789 255 0 0
-0.2486192 -0.1142686 0.6708096 255 0 0
-0.2469085 -0.1142106 0.6704694 255 0 0
-0.2451995 -0.1141528 0.6701296 255 0 0
-0.2432439 -0.1139786 0.6691071 255 0 0
-0.2416634 -0.1139790 0.6691097 255 0 0
-0.2399605 -0.1139214 0.6687713 255 0 0
-0.2383808 -0.1139218 0.6687739 255 0 0
-0.2366805 -0.1138642 0.6684358 255 0 0
-0.2348623 -0.1137488 0.6677580 255 0 0
-0.2332849 -0.1137492 0.6677607 255 0 0
-0.2317076 -0.1137497 0.6677632 255 0 0
-0.2297794 -0.1135767 0.6667479 255 0 0
-0.2282044 -0.1135772 0.6667506 255 0 0
-0.2265144 -0.1135199 0.6664145 255 0 0
-0.2247119 -0.1134052 0.6657410 255 0 0
-0.2232526 -0.1134632 0.6660814 255 0 0
-0.2217917 -0.1135212 0.6664222 255 0 0
-0.2201057 -0.1134640 0.6660866 255 0 0
-0.2187543 -0.1135798 0.6667660 255 0 0
-0.2170690 -0.1135226 0.6664300 255 0 0
-0.2156042 -0.1135807 0.6667712 255 0 0
-0.2143559 -0.1137545 0.6677917 255 0 0
-0.2129951 -0.1138708 0.6684746 255 0 0
-0.2116316 -0.1139874 0.6691589 255 0 0
-0.2103727 -0.1141625 0.6701867 255 0 0
-0.2093240 -0.1144552 0.6719050 255 0 0
-0.2081631 -0.1146905 0.6732865 255 0 0
-0.2073172 -0.1151044 0.6757159 255 0 0
-0.2059330 -0.1152235 0.6764151 255 0 0
-0.2055002 -0.1158809 0.6802747 255 0 0
-0.2035515 -0.1166067 0.6845355 255 0 0
-0.2024624 -0.1169121 0.6863282 255 0 0
-0.2007361 -0.1168514 0.6859721 255 0 0
-0.1996374 -0.1171581 0.6877723 255 0 0
-0.1980126 -0.1171585 0.6877750 255 0 0
-0.1965939 -0.1172819 0.6884993 255 0 0
-0.1951721 -0.1174056 0.6892251 255 0 0
-0.1935439 -0.1174060 0.6892278 255 0 0
-0.1917143 -0.1172833 0.6885073 255 0 0
-0.1901875 -0.1173453 0.6888714 255 0 0
-0.1885601 -0.1173458 0.6888741 255 0 0
-0.1868346 -0.1172847 0.6885153 255 0 0
-0.1851109 -0.1172236 0.6881569 255 0 0
-0.1830053 -0.1169175 0.6863601 255 0 0
-0.1811950 -0.1167963 0.6856483 255 0 0
-0.1792942 -0.1166140 0.6845779 255 0 0
-0.1767549 -0.1160093 0.6810282 255 0 0
-0.1744218 -0.1155301 0.6782153 255 0 0
-0.1720195 -0.1149957 0.6750782 255 0 0
-0.1703370 -0.1149371 0.6747338 255 0 0
-0.1690036 -0.1151150 0.6757786 255 0 0
-0.1688854 -0.1161320 0.6817489 255 0 0
-0.1678852 -0.1165563 0.6842396 255 0 0
-0.1667031 -0.1168614 0.6860305 255 0 0
-0.1654283 -0.1171067 0.6874706 255 0 0
-0.1641480 -0.1173530 0.6889167 255 0 0
-0.1623499 -0.1172304 0.6881968 255 0 0
-0.1608083 -0.1172924 0.6885606 255 0 0
-0.1590980 -0.1172313 0.6882022 255 0 0
-0.1577202 -0.1174165 0.6892892 255 0 0
-0.1562558 -0.1175404 0.6900167 255 0 0
-0.1545443 -0.1174791 0.6896568 255 0 0
-0.1529953 -0.1175413 0.6900221 255 0 0
-0.1515244 -0.1176655 0.6907510 255 0 0
-0.1443855 -0.1145911 0.6727031 255 0 0
-0.1422130 -0.1141236 0.6699587 255 0 0
-0.1405583 -0.1140659 0.6696196 255 0 0
-0.1389762 -0.1140663 0.6696222 255 0 0
-0.1373241 -0.1140086 0.6692833 255 0 0
-0.1354664 -0.1137770 0.6679235 255 0 0
-0.1336842 -0.1136040 0.6669080 255 0 0
-0.1321085 -0.1136044 0.6669106 255 0 0
-0.1305328 -0.1136049 0.6669132 255 0 0
-0.1288915 -0.1135476 0.6665771 255 0 0
-0.1273813 -0.1136057 0.6669183 255 0 0
-0.1257416 -0.1135485 0.6665823 255 0 0
-0.1241036 -0.1134913 0.6662465 255 0 0
-0.1227163 -0.1136648 0.6672652 255 0 0
-0.1211397 -0.1136653 0.6672678 255 0 0
-0.1196847 -0.1137814 0.6679494 255 0 0
-0.1181065 -0.1137818 0.6679520 255 0 0
-0.1166469 -0.1138982 0.6686351 255 0 0
-0.1151844 -0.1140148 0.6693196 255 0 0
-0.1137189 -0.1141316 0.6700054 255 0 0
-0.1122503 -0.1142487 0.6706927 255 0 0
-0.1107222 -0.1143075 0.6710382 255 0 0
-0.1092483 -0.1144250 0.6717275 255 0 0
-0.1077714 -0.1145426 0.6724184 255 0 0
-0.1062914 -0.1146606 0.6731106 255 0 0
-0.1048084 -0.1147787 0.6738043 255 0 0
-0.1033224 -0.1148971 0.6744993 255 0 0
-0.1024127 -0.1156702 0.6790379 255 0 0
-0.1025870 -0.1215830 0.7137487 255 0 0
-0.1015631 -0.1223821 0.7184395 255 0 0
-0.0982216 -0.1224500 0.7188385 255 0 0
-0.0965230 -0.1224505 0.7188413 255 0 0
-0.0947207 -0.1223170 0.7180576 255 0 0
-0.0929730 -0.1222506 0.7176677 255 0 0
-0.0914271 -0.1224519 0.7188496 255 0 0
-0.0897776 -0.1225195 0.7192462 255 0 0
-0.0881747 -0.1226544 0.7200382 255 0 0
-0.0864258 -0.1225876 0.7196462 255 0 0
-0.0847717 -0.1226553 0.7200437 255 0 0
-0.0831158 -0.1227231 0.7204417 255 0 0
-0.0816374 -0.1230613 0.7224270 255 0 0
-0.0799303 -0.1230618 0.7224298 255 0 0
-0.0783093 -0.1231979 0.7232287 255 0 0
-0.0766847 -0.1233343 0.7240294 255 0 0
-0.0750981 -0.1235392 0.7252322 255 0 0
-0.0734654 -0.1236763 0.7260373 255 0 0
-0.0718292 -0.1238138 0.7268442 255 0 0
-0.0702282 -0.1240203 0.7280564 255 0 0
-0.0683939 -0.1238147 0.7268499 255 0 0
-0.0668243 -0.1240901 0.7284661 255 0 0
-0.0650667 -0.1240217 0.7280649 255 0 0
-0.0634165 -0.1241599 0.7288762 255 0 0
-0.0616941 -0.1241604 0.7288790 255 0 0
-0.0598719 -0.1239544 0.7276697 255 0 0
-0.0581522 -0.1239549 0.7276725 255 0 0
-0.0564013 -0.1238867 0.7272722 255 0 0
-0.0547130 -0.1239558 0.7276781 255 0 0
-0.3633062 -0.1143466 0.6807224 255 0 0
-0.3613237 -0.1142284 0.6800193 255 0 0
-0.3593453 -0.1141106 0.6793175 255 0 0
-0.3575560 -0.1140520 0.6789686 255 0 0
-0.3557685 -0.1139934 0.6786200 255 0 0
-0.3541660 -0.1139939 0.6786227 255 0 0
-0.3523811 -0.1139353 0.6782743 255 0 0
-0.3507793 -0.1139358 0.6782770 255 0 0
-0.3491776 -0.1139362 0.6782796 255 0 0
-0.3473963 -0.1138778 0.6779317 255 0 0
-0.3456167 -0.1138194 0.6775842 255 0 0
-0.3441943 -0.1138787 0.6779370 255 0 0
-0.3425933 -0.1138791 0.6779396 255 0 0
-0.3408162 -0.1138207 0.6775921 255 0 0
-0.3395668 -0.1139389 0.6782954 255 0 0
-0.3381398 -0.1139983 0.6786489 255 0 0
-0.3367113 -0.1140577 0.6790028 255 0 0
-0.3354551 -0.1141763 0.6797090 255 0 0
-0.3340229 -0.1142360 0.6800640 255 0 0
-0.3322447 -0.1141772 0.6797143 255 0 0
-0.3309824 -0.1142961 0.6804220 255 0 0
-0.3293755 -0.1142965 0.6804246 255 0 0
-0.3282794 -0.1144751 0.6814876 255 0 0
-0.3266699 -0.1144755 0.6814902 255 0 0
-0.3252294 -0.1145355 0.6818471 255 0 0
-0.3239559 -0.1146551 0.6825592 255 0 0
-0.3226797 -0.1147750 0.6832728 255 0 0
-0.3215684 -0.1149550 0.6843447 255 0 0
-0.3206212 -0.1151958 0.6857783 255 0 0
-0.3196700 -0.1154377 0.6872178 255 0 0
-0.3185476 -0.1156198 0.6883021 255 0 0
-0.3174216 -0.1158025 0.6893898 255 0 0
-0.3164586 -0.1160469 0.6908445 255 0 0
-0.3149929 -0.1161085 0.6912112 255 0 0
-0.3135256 -0.1161701 0.6915782 255 0 0
-0.3118922 -0.1161706 0.6915809 255 0 0
-0.3104225 -0.1162323 0.6919483 255 0 0
-0.3087883 -0.1162327 0.6919510 255 0 0
-0.3069922 -0.1161719 0.6915889 255 0 0
-0.3053588 -0.1161724 0.6915916 255 0 0
-0.3032458 -0.1159894 0.6905023 255 0 0
-0.3014563 -0.1159288 0.6901418 255 0 0
-0.2995113 -0.1158074 0.6894192 255 0 0
-0.2978830 -0.1158079 0.6894218 255 0 0
-0.2960991 -0.1157475 0.6890624 255 0 0
-0.2941627 -0.1156265 0.6883421 255 0 0
-0.2923835 -0.1155663 0.6879838 255 0 0
-0.2907586 -0.1155668 0.6879864 255 0 0
-0.2889821 -0.1155066 0.6876285 255 0 0
-0.2872075 -0.1154466 0.6872711 255 0 0
-0.2852854 -0.1153262 0.6865544 255 0 0
-0.2836638 -0.1153267 0.6865571 255 0 0
-0.2817473 -0.1152065 0.6858420 255 0 0
-0.2802739 -0.1152672 0.6862033 255 0 0
-0.2783620 -0.1151472 0.6854890 255 0 0
-0.2763109 -0.1149679 0.6844215 255 0 0
-0.2744081 -0.1148486 0.6837109 255 0 0
-0.2725092 -0.1147294 0.6830018 255 0 0
-0.2704736 -0.1145510 0.6819395 255 0 0
-0.2685837 -0.1144325 0.6812341 255 0 0
-0.2665595 -0.1142550 0.6801773 255 0 0
-0.2646785 -0.1141371 0.6794754 255 0 0
-0.2626655 -0.1139605 0.6784241 255 0 0
-0.2606587 -0.1137845 0.6773761 255 0 0
-0.2586582 -0.1136089 0.6763313 255 0 0
-0.2567960 -0.1134924 0.6756374 255 0 0
-0.2548065 -0.1133178 0.6745980 255 0 0
-0.2529530 -0.1132018 0.6739077 255 0 0
-0.2508458 -0.1129702 0.6725287 255 0 0
-0.2491296 -0.1129128 0.6721867 255 0 0
-0.2472885 -0.1127976 0.6715014 255 0 0
-0.2453267 -0.1126256 0.6704772 255 0 0
-0.2434941 -0.1125111 0.6697954 255 0 0
-0.2419120 -0.1125115 0.6697980 255 0 0
-0.2400848 -0.1123972 0.6691175 255 0 0
-0.2386259 -0.1124550 0.6694615 255 0 0
-0.2369237 -0.1123981 0.6691227 255 0 0
-0.2352232 -0.1123412 0.6687843 255 0 0
-0.2335244 -0.1122844 0.6684462 255 0 0
-0.2319454 -0.1122849 0.6684487 255 0 0
-0.2300150 -0.1121140 0.6674315 255 0 0
-0.2284384 -0.1121144 0.6674340 255 0 0
-0.2268618 -0.1121148 0.6674366 255 0 0
-0.2251706 -0.1120583 0.6670999 255 0 0
-0.2237085 -0.1121157 0.6674418 255 0 0
-0.2222449 -0.1121732 0.6677840 255 0 0
-0.2205553 -0.1121166 0.6674470 255 0 0
-0.2192016 -0.1122312 0.6681291 255 0 0
-0.2177341 -0.1122888 0.6684721 255 0 0
-0.2163755 -0.1124037 0.6691564 255 0 0
-0.2150140 -0.1125189 0.6698421 255 0 0
-0.2136498 -0.1126343 0.6705292 255 0 0
-0.2123914 -0.1128077 0.6715612 255 0 0
-0.2112374 -0.1130395 0.6729413 255 0 0
-0.2101866 -0.1133305 0.6746737 255 0 0
-0.2090227 -0.1135645 0.6760666 255 0 0
-0.2082840 -0.1140349 0.6788671 255 0 0
-0.2058211 -0.1144498 0.6813369 255 0 0
-0.2050633 -0.1149276 0.6841813 255 0 0
-0.2040854 -0.1152887 0.6863309 255 0 0
-0.2032080 -0.1157127 0.6888555 255 0 0
-0.2014749 -0.1156525 0.6884967 255 0 0
-0.2003740 -0.1159571 0.6903102 255 0 0
-0.1986388 -0.1158966 0.6899500 255 0 0
-0.1972162 -0.1160190 0.6906789 255 0 0
-0.1955846 -0.1160195 0.6906816 255 0 0
-0.1940550 -0.1160810 0.6910479 255 0 0
-0.1921190 -0.1158984 0.6899606 255 0 0
-0.1904890 -0.1158988 0.6899633 255 0 0
-0.1891573 -0.1160824 0.6910559 255 0 0
-0.1873275 -0.1159607 0.6903316 255 0 0
-0.1857943 -0.1160222 0.6906976 255 0 0
-0.1842595 -0.1160837 0.6910639 255 0 0
-0.1820517 -0.1157186 0.6888901 255 0 0
-0.1800462 -0.1154765 0.6874494 255 0 0
-0.1774006 -0.1148159 0.6835163 255 0 0
-0.1742431 -0.1138087 0.6775204 255 0 0
-0.1725534 -0.1137504 0.6771734 255 0 0
-0.1705137 -0.1134581 0.6754335 255 0 0
-0.1697918 -0.1140455 0.6789302 255 0 0
-0.1702130 -0.1154192 0.6871081 255 0 0
-0.1681495 -0.1151183 0.6853168 255 0 0
-0.1667916 -0.1152994 0.6863947 255 0 0
-0.1654296 -0.1154810 0.6874760 255 0 0
-0.1638912 -0.1155420 0.6878389 255 0 0
-0.1625216 -0.1157244 0.6889248 255 0 0
-0.1610631 -0.1158465 0.6896515 255 0 0
-0.1595175 -0.1159078 0.6900167 255 0 0
-0.1578873 -0.1159083 0.6900194 255 0 0
-0.1554434 -0.1165213 0.6936690 255 0 0
-0.1538045 -0.1165218 0.6936716 255 0 0
-0.1521656 -0.1165222 0.6936743 255 0 0
-0.1506860 -0.1166460 0.6944111 255 0 0
-0.1442387 -0.1128847 0.6720195 255 0 0
-0.1420691 -0.1124246 0.6692808 255 0 0
-0.1404878 -0.1124251 0.6692834 255 0 0
-0.1386237 -0.1121966 0.6679236 255 0 0
-0.1369759 -0.1121400 0.6675866 255 0 0
-0.1353298 -0.1120834 0.6672497 255 0 0
-0.1338893 -0.1121979 0.6679313 255 0 0
-0.1321767 -0.1120843 0.6672549 255 0 0
-0.1305338 -0.1120278 0.6669184 255 0 0
-0.1288271 -0.1119145 0.6662440 255 0 0
-0.1273176 -0.1119718 0.6665849 255 0 0
-0.1255513 -0.1118019 0.6655735 255 0 0
-0.1240416 -0.1118590 0.6659138 255 0 0
-0.1225926 -0.1119731 0.6665927 255 0 0
-0.1210790 -0.1120304 0.6669339 255 0 0
-0.1195640 -0.1120878 0.6672755 255 0 0
-0.1181074 -0.1122023 0.6679572 255 0 0
-0.1165885 -0.1122599 0.6682999 255 0 0
-0.1151266 -0.1123747 0.6689838 255 0 0
-0.1136038 -0.1124325 0.6693274 255 0 0
-0.1121366 -0.1125477 0.6700133 255 0 0
-0.1106100 -0.1126056 0.6703581 255 0 0
-0.1090817 -0.1126636 0.6707032 255 0 0
-0.1077722 -0.1129526 0.6724237 255 0 0
-0.1062923 -0.1130688 0.6731158 255 0 0
-0.1047555 -0.1131273 0.6734638 255 0 0
-0.1033232 -0.1133021 0.6745046 255 0 0
-0.1023606 -0.1140055 0.6786921 255 0 0
-0.1026995 -0.1200257 0.7145313 255 0 0
-0.1016196 -0.1207492 0.7188385 255 0 0
-0.0984380 -0.1210153 0.7204223 255 0 0
-0.0966826 -0.1209494 0.7200299 255 0 0
-0.0950855 -0.1210827 0.7208235 255 0 0
-0.0932797 -0.1209503 0.7200354 255 0 0
-0.0917293 -0.1211501 0.7212251 255 0 0
-0.0900250 -0.1211506 0.7212279 255 0 0
-0.0883693 -0.1212177 0.7216272 255 0 0
-0.0866640 -0.1212181 0.7216300 255 0 0
-0.0849588 -0.1212186 0.7216328 255 0 0
-0.0832993 -0.1212858 0.7220325 255 0 0
-0.0816380 -0.1213530 0.7224327 255 0 0
-0.0799749 -0.1214203 0.7228333 255 0 0
-0.0783099 -0.1214876 0.7232344 255 0 0
-0.0767277 -0.1216893 0.7244346 255 0 0
-0.0750158 -0.1216897 0.7244374 255 0 0
-0.0733443 -0.1217574 0.7248402 255 0 0
-0.0716710 -0.1218251 0.7252435 255 0 0
-0.0699958 -0.1218930 0.7256472 255 0 0
-0.0682433 -0.1218261 0.7252491 255 0 0
-0.0666399 -0.1220288 0.7264560 255 0 0
-0.0649591 -0.1220969 0.7268611 255 0 0
-0.0631715 -0.1219623 0.7260599 255 0 0
-0.0614557 -0.1219627 0.7260627 255 0 0
-0.0597729 -0.1220307 0.7264673 255 0 0
-0.3643493 -0.1125612 0.6796669 255 0 0
-0.3627444 -0.1125616 0.6796696 255 0 0
-0.3611394 -0.1125620 0.6796722 255 0 0
-0.3593481 -0.1125042 0.6793229 255 0 0
-0.3573739 -0.1123882 0.6786227 255 0 0
-0.3559555 -0.1124468 0.6789766 255 0 0
-0.3543521 -0.1124473 0.6789792 255 0 0
-0.3523839 -0.1123314 0.6782797 255 0 0
-0.3506008 -0.1122738 0.6779318 255 0 0
-0.3488196 -0.1122162 0.6775843 255 0 0
-0.3472196 -0.1122167 0.6775869 255 0 0
-0.3454410 -0.1121592 0.6772397 255 0 0
-0.3440193 -0.1122175 0.6775922 255 0 0
-0.3424191 -0.1122180 0.6775948 255 0 0
-0.3406430 -0.1121605 0.6772476 255 0 0
-0.3392187 -0.1122188 0.6776000 255 0 0
-0.3379676 -0.1123353 0.6783033 255 0 0
-0.3365398 -0.1123939 0.6786569 255 0 0
-0.3351104 -0.1124525 0.6790107 255 0 0
-0.3336796 -0.1125111 0.6793650 255 0 0
-0.3320752 -0.1125116 0.6793676 255 0 0
-0.3308134 -0.1126287 0.6800746 255 0 0
-0.3297201 -0.1128045 0.6811365 255 0 0
-0.3281115 -0.1128050 0.6811392 255 0 0
-0.3266725 -0.1128640 0.6814956 255 0 0
-0.3254011 -0.1129818 0.6822070 255 0 0
-0.3242959 -0.1131588 0.6832756 255 0 0
-0.3230186 -0.1132772 0.6839907 255 0 0
-0.3219067 -0.1134551 0.6850647 255 0 0
-0.3207914 -0.1136335 0.6861422 255 0 0
-0.3196725 -0.1138126 0.6872232 255 0 0
-0.3185501 -0.1139921 0.6883075 255 0 0
-0.3177580 -0.1142924 0.6901205 255 0 0
-0.3166278 -0.1144735 0.6912139 255 0 0
-0.3149953 -0.1144739 0.6912166 255 0 0
-0.3136934 -0.1145951 0.6919484 255 0 0
-0.3122239 -0.1146560 0.6923162 255 0 0
-0.3107527 -0.1147170 0.6926844 255 0 0
-0.3091168 -0.1147174 0.6926871 255 0 0
-0.3071565 -0.1145969 0.6919591 255 0 0
-0.3055222 -0.1145973 0.6919618 255 0 0
-0.3034079 -0.1144167 0.6908714 255 0 0
-0.3014587 -0.1142968 0.6901472 255 0 0
-0.2998287 -0.1142973 0.6901499 255 0 0
-0.2981987 -0.1142977 0.6901526 255 0 0
-0.2965687 -0.1142981 0.6901552 255 0 0
-0.2944739 -0.1141185 0.6890705 255 0 0
-0.2925391 -0.1139992 0.6883501 255 0 0
-0.2910661 -0.1140595 0.6887141 255 0 0
-0.2894394 -0.1140599 0.6887168 255 0 0
-0.2876618 -0.1140005 0.6883581 255 0 0
-0.2857361 -0.1138815 0.6876392 255 0 0
-0.2839632 -0.1138223 0.6872817 255 0 0
-0.2820444 -0.1137036 0.6865651 255 0 0
-0.2804228 -0.1137040 0.6865678 255 0 0
-0.2786554 -0.1136450 0.6862113 255 0 0
-0.2768898 -0.1135860 0.6858553 255 0 0
-0.2746965 -0.1133499 0.6844296 255 0 0
-0.2727953 -0.1132322 0.6837190 255 0 0
-0.2708981 -0.1131148 0.6830098 255 0 0
-0.2690048 -0.1129976 0.6823021 255 0 0
-0.2668382 -0.1127635 0.6808886 255 0 0
-0.2649550 -0.1126470 0.6801853 255 0 0
-0.2629395 -0.1124725 0.6791317 255 0 0
-0.2609302 -0.1122986 0.6780815 255 0 0
-0.2590608 -0.1121831 0.6773840 255 0 0
-0.2570627 -0.1120100 0.6763392 255 0 0
-0.2550707 -0.1118375 0.6752976 255 0 0
-0.2532150 -0.1117230 0.6746058 255 0 0
-0.2512341 -0.1115514 0.6735696 255 0 0
-0.2493871 -0.1114374 0.6728814 255 0 0
-0.2476707 -0.1113807 0.6725391 255 0 0
-0.2455796 -0.1111537 0.6711684 255 0 0
-0.2438695 -0.1110973 0.6708279 255 0 0
-0.2421611 -0.1110410 0.6704877 255 0 0
-0.2405773 -0.1110414 0.6704903 255 0 0
-0.2388715 -0.1109851 0.6701505 255 0 0
-0.2370464 -0.1108723 0.6694694 255 0 0
-0.2354650 -0.1108727 0.6694719 255 0 0
-0.2338837 -0.1108732 0.6694745 255 0 0
-0.2321838 -0.1108171 0.6691357 255 0 0
-0.2304857 -0.1107610 0.6687973 255 0 0
-0.2287893 -0.1107050 0.6684592 255 0 0
-0.2270946 -0.1106491 0.6681215 255 0 0
-0.2256312 -0.1107059 0.6684644 255 0 0
-0.2240521 -0.1107063 0.6684669 255 0 0
-0.2224731 -0.1107067 0.6684695 255 0 0
-0.2208940 -0.1107071 0.6684721 255 0 0
-0.2197627 -0.1109336 0.6698396 255 0 0
-0.2184033 -0.1110474 0.6705266 255 0 0
-0.2167087 -0.1109911 0.6701868 255 0 0
-0.2154556 -0.1111619 0.6712178 255 0 0
-0.2141987 -0.1113331 0.6722519 255 0 0
-0.2129379 -0.1115049 0.6732892 255 0 0
-0.2115645 -0.1116199 0.6739835 255 0 0
-0.2104046 -0.1118501 0.6753734 255 0 0
-0.2090243 -0.1119658 0.6760719 255 0 0
-0.2082856 -0.1124296 0.6788724 255 0 0
-0.2060367 -0.1129559 0.6820505 255 0 0
-0.2051718 -0.1133688 0.6845436 255 0 0
-0.2037673 -0.1134876 0.6852611 255 0 0
-0.2028901 -0.1139044 0.6877777 255 0 0
-0.2021127 -0.1143844 0.6906762 255 0 0
-0.2009040 -0.1146262 0.6921359 255 0 0
-0.1993740 -0.1146871 0.6925039 255 0 0
-0.1979470 -0.1148087 0.6932382 255 0 0
-0.1962056 -0.1147486 0.6928749 255 0 0
-0.1943636 -0.1146279 0.6921467 255 0 0
-0.1929319 -0.1147494 0.6928803 255 0 0
-0.1910933 -0.1146288 0.6921521 255 0 0
-0.1894581 -0.1146293 0.6921548 255 0 0
-0.1877239 -0.1145693 0.6917926 255 0 0
-0.1861877 -0.1146302 0.6921601 255 0 0
-0.1846499 -0.1146911 0.6925280 255 0 0
-0.1826284 -0.1144500 0.6910720 255 0 0
-0.1803310 -0.1140301 0.6885367 255 0 0
-0.1781442 -0.1136732 0.6863814 255 0 0
-0.1743345 -0.1122645 0.6778756 255 0 0
-0.1725547 -0.1121491 0.6771787 255 0 0
-0.1706907 -0.1119762 0.6761348 255 0 0
-0.1697931 -0.1124400 0.6789355 255 0 0
-0.1707507 -0.1141530 0.6892787 255 0 0
-0.1687677 -0.1139141 0.6878363 255 0 0
-0.1668802 -0.1137357 0.6867592 255 0 0
-0.1652577 -0.1137362 0.6867619 255 0 0
-0.1638066 -0.1138558 0.6874841 255 0 0
-0.1624376 -0.1140354 0.6885688 255 0 0
-0.1612338 -0.1143358 0.6903824 255 0 0
-0.1596027 -0.1143362 0.6903851 255 0 0
-0.1579716 -0.1143367 0.6903878 255 0 0
-0.1557740 -0.1151244 0.6951441 255 0 0
-0.1541316 -0.1151248 0.6951467 255 0 0
-0.1525700 -0.1151862 0.6955178 255 0 0
-0.1456785 -0.1111812 0.6713347 255 0 0
-0.1437248 -0.1108981 0.6696249 255 0 0
-0.1417810 -0.1106163 0.6679236 255 0 0
-0.1402743 -0.1106731 0.6682664 255 0 0
-0.1386248 -0.1106172 0.6679288 255 0 0
-0.1370467 -0.1106176 0.6679314 255 0 0
-0.1351934 -0.1103933 0.6665772 255 0 0
-0.1337543 -0.1105060 0.6672575 255 0 0
-0.1319765 -0.1103382 0.6662440 255 0 0
-0.1304023 -0.1103386 0.6662466 255 0 0
-0.1286975 -0.1102271 0.6655736 255 0 0
-0.1270605 -0.1101717 0.6652388 255 0 0
-0.1254887 -0.1101721 0.6652414 255 0 0
-0.1239797 -0.1102284 0.6655813 255 0 0
-0.1225313 -0.1103407 0.6662595 255 0 0
-0.1208957 -0.1102852 0.6659241 255 0 0
-0.1195041 -0.1104537 0.6669417 255 0 0
-0.1178684 -0.1103980 0.6666056 255 0 0
-0.1164708 -0.1105669 0.6676254 255 0 0
-0.1150103 -0.1106799 0.6683077 255 0 0
-0.1135468 -0.1107932 0.6689916 255 0 0
-0.1120803 -0.1109066 0.6696767 255 0 0
-0.1105544 -0.1109637 0.6700211 255 0 0
-0.1091383 -0.1111343 0.6710513 255 0 0
-0.1078283 -0.1114195 0.6727735 255 0 0
-0.1061842 -0.1113629 0.6724315 255 0 0
-0.1047026 -0.1114775 0.6731238 255 0 0
-0.1032709 -0.1116497 0.6741635 255 0 0
-0.1022556 -0.1122845 0.6779963 255 0 0
-0.1030368 -0.1187238 0.7168784 255 0 0
-0.1017876 -0.1192453 0.7200271 255 0 0
-0.0984388 -0.1193117 0.7204279 255 0 0
-0.0966834 -0.1192467 0.7200355 255 0 0
-0.0950341 -0.1193126 0.7204335 255 0 0
-0.0933829 -0.1193786 0.7208319 255 0 0
-0.0917300 -0.1194446 0.7212307 255 0 0
-0.0899763 -0.1193795 0.7208375 255 0 0
-0.0883214 -0.1194456 0.7212363 255 0 0
-0.0866647 -0.1195117 0.7216356 255 0 0
-0.0850062 -0.1195779 0.7220353 255 0 0
-0.0832542 -0.1195126 0.7216412 255 0 0
-0.0816387 -0.1196446 0.7224383 255 0 0
-0.0799315 -0.1196451 0.7224411 255 0 0
-0.0782674 -0.1197114 0.7228418 255 0 0
-0.0766437 -0.1198439 0.7236416 255 0 0
-0.0749336 -0.1198444 0.7236444 255 0 0
-0.0732640 -0.1199109 0.7240463 255 0 0
-0.0715925 -0.1199776 0.7244487 255 0 0
-0.0698420 -0.1199118 0.7240520 255 0 0
-0.0680934 -0.1198462 0.7236556 255 0 0
-0.0664199 -0.1199128 0.7240575 255 0 0
-0.0647803 -0.1200457 0.7248600 255 0 0
-0.3637868 -0.1107817 0.6786175 255 0 0
-0.3625593 -0.1108969 0.6793229 255 0 0
-0.3607683 -0.1108399 0.6789740 255 0 0
-0.3587936 -0.1107257 0.6782745 255 0 0
-0.3571918 -0.1107261 0.6782771 255 0 0
-0.3557741 -0.1107839 0.6786307 255 0 0
-0.3539884 -0.1107270 0.6782824 255 0 0
-0.3523866 -0.1107274 0.6782850 255 0 0
-0.3504225 -0.1106135 0.6775870 255 0 0
-0.3484624 -0.1104998 0.6768904 255 0 0
-0.3470430 -0.1105572 0.6772424 255 0 0
-0.3454437 -0.1105577 0.6772450 255 0 0
-0.3438443 -0.1105581 0.6772476 255 0 0
-0.3422450 -0.1105585 0.6772503 255 0 0
-0.3406456 -0.1105589 0.6772529 255 0 0
-0.3392214 -0.1106165 0.6776053 255 0 0
-0.3377956 -0.1106741 0.6779581 255 0 0
-0.3363684 -0.1107317 0.6783113 255 0 0
-0.3347665 -0.1107321 0.6783139 255 0 0
-0.3335095 -0.1108472 0.6790187 255 0 0
-0.3322499 -0.1109625 0.6797249 255 0 0
-0.3306446 -0.1109629 0.6797276 255 0 0
-0.3292099 -0.1110209 0.6800826 255 0 0
-0.3279438 -0.1111365 0.6807910 255 0 0
-0.3266751 -0.1112524 0.6815009 255 0 0
-0.3254036 -0.1113685 0.6822123 255 0 0
-0.3246365 -0.1116593 0.6839933 255 0 0
-0.3233583 -0.1117763 0.6847099 255 0 0
-0.3222458 -0.1119520 0.6857864 255 0 0
-0.3209618 -0.1120696 0.6865067 255 0 0
-0.3201782 -0.1123640 0.6883102 255 0 0
-0.3190547 -0.1125416 0.6893979 255 0 0
-0.3179277 -0.1127197 0.6904891 255 0 0
-0.3167972 -0.1128984 0.6915837 255 0 0
-0.3154964 -0.1130180 0.6923162 255 0 0
-0.3138614 -0.1130184 0.6923189 255 0 0
-0.3125561 -0.1131383 0.6930530 255 0 0
-0.3109193 -0.1131387 0.6930557 255 0 0
-0.3094459 -0.1131989 0.6934247 255 0 0
-0.3074833 -0.1130798 0.6926952 255 0 0
-0.3056858 -0.1130206 0.6923323 255 0 0
-0.3042112 -0.1130807 0.6927006 255 0 0
-0.3022560 -0.1129619 0.6919726 255 0 0
-0.3003049 -0.1128433 0.6912461 255 0 0
-0.2986723 -0.1128437 0.6912488 255 0 0
-0.2968833 -0.1127847 0.6908875 255 0 0
-0.2950962 -0.1127258 0.6905265 255 0 0
-0.2933109 -0.1126670 0.6901660 255 0 0
-0.2913743 -0.1125490 0.6894433 255 0 0
-0.2895937 -0.1124903 0.6890839 255 0 0
-0.2879662 -0.1124907 0.6890866 255 0 0
-0.2861884 -0.1124321 0.6887276 255 0 0
-0.2842632 -0.1123147 0.6880079 255 0 0
-0.2826382 -0.1123151 0.6880106 255 0 0
-0.2808659 -0.1122567 0.6876526 255 0 0
-0.2789493 -0.1121395 0.6869352 255 0 0
-0.2770368 -0.1120227 0.6862194 255 0 0
-0.2752720 -0.1119646 0.6858634 255 0 0
-0.2732246 -0.1117901 0.6847948 255 0 0
-0.2713239 -0.1116740 0.6840834 255 0 0
-0.2692870 -0.1115000 0.6830178 255 0 0
-0.2673953 -0.1113845 0.6823101 255 0 0
-0.2653697 -0.1112115 0.6812500 255 0 0
-0.2634870 -0.1110965 0.6805460 255 0 0
-0.2616082 -0.1109818 0.6798434 255 0 0
-0.2594647 -0.1107527 0.6784400 255 0 0
-0.2574628 -0.1105816 0.6773919 255 0 0
-0.2553356 -0.1103542 0.6759987 255 0 0
-0.2534776 -0.1102410 0.6753055 255 0 0
-0.2516236 -0.1101281 0.6746138 255 0 0
-0.2499016 -0.1100719 0.6742697 255 0 0
-0.2479267 -0.1099030 0.6732345 255 0 0
-0.2458329 -0.1096787 0.6718609 255 0 0
-0.2443711 -0.1097353 0.6722077 255 0 0
-0.2425348 -0.1096234 0.6715223 255 0 0
-0.2408253 -0.1095678 0.6711814 255 0 0
-0.2389954 -0.1094562 0.6704981 255 0 0
-0.2375330 -0.1095126 0.6708435 255 0 0
-0.2357074 -0.1094012 0.6701609 255 0 0
-0.2343637 -0.1095135 0.6708487 255 0 0
-0.2325413 -0.1094021 0.6701661 255 0 0
-0.2307227 -0.1092909 0.6694850 255 0 0
-0.2292582 -0.1093471 0.6698292 255 0 0
-0.2275598 -0.1092917 0.6694902 255 0 0
-0.2259783 -0.1092921 0.6694927 255 0 0
-0.2245113 -0.1093483 0.6698370 255 0 0
-0.2229291 -0.1093488 0.6698396 255 0 0
-0.2212338 -0.1092934 0.6695005 255 0 0
-0.2201015 -0.1095173 0.6708721 255 0 0
-0.2185167 -0.1095177 0.6708747 255 0 0
-0.2171540 -0.1096302 0.6715639 255 0 0
-0.2156779 -0.1096868 0.6719103 255 0 0
-0.2145301 -0.1099123 0.6732919 255 0 0
-0.2131583 -0.1100256 0.6739861 255 0 0
-0.2115662 -0.1100261 0.6739887 255 0 0
-0.2105146 -0.1103098 0.6757265 255 0 0
-0.2094575 -0.1105949 0.6774732 255 0 0
-0.2077575 -0.1114005 0.6824079 255 0 0
-0.2060383 -0.1113430 0.6820559 255 0 0
-0.2057099 -0.1120422 0.6863390 255 0 0
-0.2043023 -0.1121600 0.6870603 255 0 0
-0.2039606 -0.1128695 0.6914068 255 0 0
-0.2025407 -0.1129890 0.6921387 255 0 0
-0.2011177 -0.1131087 0.6928723 255 0 0
-0.1994809 -0.1131092 0.6928750 255 0 0
-0.1979485 -0.1131694 0.6932436 255 0 0
-0.1963108 -0.1131698 0.6932463 255 0 0
-0.1945703 -0.1131105 0.6928830 255 0 0
-0.1929335 -0.1131109 0.6928857 255 0 0
-0.1913976 -0.1131711 0.6932544 255 0 0
-0.1895595 -0.1130521 0.6925254 255 0 0
-0.1880227 -0.1131122 0.6928937 255 0 0
-0.1863858 -0.1131127 0.6928964 255 0 0
-0.1847489 -0.1131131 0.6928991 255 0 0
-0.1827260 -0.1128752 0.6914416 255 0 0
-0.1807117 -0.1126382 0.6899902 255 0 0
-0.1787057 -0.1124023 0.6885448 255 0 0
-0.1749685 -0.1110630 0.6803408 255 0 0
-0.1729130 -0.1107763 0.6785845 255 0 0
-0.1713098 -0.1107768 0.6785871 255 0 0
-0.1699703 -0.1109493 0.6796440 255 0 0
-0.1707520 -0.1125230 0.6892841 255 0 0
-0.1689461 -0.1124053 0.6885635 255 0 0
-0.1667071 -0.1119945 0.6860467 255 0 0
-0.1650000 -0.1119364 0.6856909 255 0 0
-0.1638079 -0.1122300 0.6874894 255 0 0
-0.1624389 -0.1124071 0.6885741 255 0 0
-0.1613199 -0.1127625 0.6907512 255 0 0
-0.1596039 -0.1127036 0.6903905 255 0 0
-0.1575010 -0.1135402 0.6955152 255 0 0
-0.1573587 -0.1146341 0.7022161 255 0 0
-0.1545420 -0.1137823 0.6969980 255 0 0
-0.1528141 -0.1137223 0.6966308 255 0 0
-0.1453822 -0.1093699 0.6699693 255 0 0
-0.1437259 -0.1093146 0.6696302 255 0 0
-0.1416380 -0.1089260 0.6672499 255 0 0
-0.1399192 -0.1088158 0.6665747 255 0 0
-0.1384146 -0.1088715 0.6669160 255 0 0
-0.1368388 -0.1088719 0.6669185 255 0 0
-0.1349888 -0.1086515 0.6655685 255 0 0
-0.1335516 -0.1087622 0.6662467 255 0 0
-0.1318436 -0.1086523 0.6655736 255 0 0
-0.1301391 -0.1085427 0.6649019 255 0 0
-0.1286332 -0.1085981 0.6652414 255 0 0
-0.1270615 -0.1085985 0.6652440 255 0 0
-0.1252991 -0.1084341 0.6642367 255 0 0
-0.1239178 -0.1085994 0.6652492 255 0 0
-0.1223460 -0.1085998 0.6652517 255 0 0
-0.1208967 -0.1087104 0.6659293 255 0 0
-0.1193232 -0.1087108 0.6659319 255 0 0
-0.1178095 -0.1087664 0.6662725 255 0 0
-0.1162352 -0.1087668 0.6662750 255 0 0
-0.1147774 -0.1088778 0.6669547 255 0 0
-0.1133743 -0.1090444 0.6679755 255 0 0
-0.1119099 -0.1091559 0.6686586 255 0 0
-0.1103862 -0.1092120 0.6690019 255 0 0
-0.1091950 -0.1096034 0.6713998 255 0 0
-0.1077187 -0.1097161 0.6720899 255 0 0
-0.1061850 -0.1097727 0.6724368 255 0 0
-0.1047571 -0.1099421 0.6734744 255 0 0
-0.1033779 -0.1101686 0.6748620 255 0 0
-0.1025212 -0.1109677 0.6797571 255 0 0
-0.1030939 -0.1170925 0.7172757 255 0 0
-0.1018442 -0.1176071 0.7204279 255 0 0
-0.0967903 -0.1176731 0.7208320 255 0 0
-0.0950870 -0.1176735 0.7208348 255 0 0
-0.0933324 -0.1176094 0.7204419 255 0 0
-0.0916803 -0.1176744 0.7208403 255 0 0
-0.0900759 -0.1178043 0.7216357 255 0 0
-0.0883221 -0.1177400 0.7212420 255 0 0
-0.0866178 -0.1177405 0.7212448 255 0 0
-0.0849134 -0.1177409 0.7212476 255 0 0
-0.0832548 -0.1178061 0.7216468 255 0 0
-0.0815496 -0.1178065 0.7216496 255 0 0
-0.0798443 -0.1178070 0.7216524 255 0 0
-0.0782680 -0.1180021 0.7228475 255 0 0
-0.0765599 -0.1180025 0.7228503 255 0 0
-0.0748929 -0.1180680 0.7232513 255 0 0
-0.0731838 -0.1180685 0.7232541 255 0 0
-0.0714747 -0.1180689 0.7232569 255 0 0
-0.0697655 -0.1180694 0.7232597 255 0 0
-0.3623746 -0.1092339 0.6789767 255 0 0
-0.3603981 -0.1091213 0.6782772 255 0 0
-0.3587964 -0.1091217 0.6782798 255 0 0
-0.3570101 -0.1090658 0.6779319 255 0 0
-0.3552256 -0.1090099 0.6775844 255 0 0
-0.3536255 -0.1090103 0.6775870 255 0 0
-0.3522073 -0.1090671 0.6779398 255 0 0
-0.3504252 -0.1090111 0.6775923 255 0 0
-0.3484651 -0.1088991 0.6768956 255 0 0
-0.3466878 -0.1088433 0.6765492 255 0 0
-0.3452681 -0.1088999 0.6769009 255 0 0
-0.3436696 -0.1089003 0.6769035 255 0 0
-0.3420711 -0.1089007 0.6769061 255 0 0
-0.3404725 -0.1089012 0.6769087 255 0 0
-0.3392240 -0.1090141 0.6776106 255 0 0
-0.3376238 -0.1090145 0.6776133 255 0 0
-0.3361972 -0.1090713 0.6779661 255 0 0
-0.3349423 -0.1091845 0.6786702 255 0 0
-0.3335121 -0.1092415 0.6790240 255 0 0
-0.3320804 -0.1092985 0.6793783 255 0 0
-0.3306472 -0.1093555 0.6797329 255 0 0
-0.3293833 -0.1094694 0.6804407 255 0 0
-0.3281167 -0.1095835 0.6811498 255 0 0
-0.3268474 -0.1096978 0.6818605 255 0 0
-0.3259147 -0.1099268 0.6832836 255 0 0
-0.3249779 -0.1101567 0.6847126 255 0 0
-0.3242069 -0.1104453 0.6865067 255 0 0
-0.3230928 -0.1106194 0.6875888 255 0 0
-0.3216375 -0.1106778 0.6879520 255 0 0
-0.3206854 -0.1109109 0.6894007 255 0 0
-0.3195610 -0.1110864 0.6904919 255 0 0
-0.3180976 -0.1111453 0.6908581 255 0 0
-0.3169667 -0.1113216 0.6919538 255 0 0
-0.3154989 -0.1113808 0.6923217 255 0 0
-0.3143615 -0.1115578 0.6934221 255 0 0
-0.3127238 -0.1115583 0.6934248 255 0 0
-0.3112506 -0.1116177 0.6937942 255 0 0
-0.3096120 -0.1116181 0.6937969 255 0 0
-0.3081364 -0.1116776 0.6941666 255 0 0
-0.3061729 -0.1115600 0.6934355 255 0 0
-0.3042136 -0.1114426 0.6927060 255 0 0
-0.3025776 -0.1114431 0.6927087 255 0 0
-0.3007827 -0.1113847 0.6923458 255 0 0
-0.2989897 -0.1113264 0.6919833 255 0 0
-0.2975123 -0.1113855 0.6923512 255 0 0
-0.2952539 -0.1111514 0.6908956 255 0 0
-0.2936221 -0.1111518 0.6908982 255 0 0
-0.2916831 -0.1110353 0.6901740 255 0 0
-0.2902056 -0.1110942 0.6905400 255 0 0
-0.2882712 -0.1109778 0.6898165 255 0 0
-0.2861906 -0.1108034 0.6887329 255 0 0
-0.2845639 -0.1108039 0.6887356 255 0 0
-0.2827887 -0.1107462 0.6883769 255 0 0
-0.2813104 -0.1108047 0.6887409 255 0 0
-0.2795369 -0.1107470 0.6883823 255 0 0
-0.2774743 -0.1105734 0.6873032 255 0 0
-0.2757065 -0.1105160 0.6869460 255 0 0
-0.2737973 -0.1104008 0.6862301 255 0 0
-0.2718931 -0.1102863 0.6855184 255 0 0
-0.2698509 -0.1101141 0.6844482 255 0 0
-0.2678152 -0.1099425 0.6833815 255 0 0
-0.2657858 -0.1097714 0.6823181 255 0 0
-0.2637627 -0.1096009 0.6812580 255 0 0
-0.2618816 -0.1094876 0.6805540 255 0 0
-0.2598698 -0.1093179 0.6794993 255 0 0
-0.2577310 -0.1090924 0.6780974 255 0 0
-0.2559970 -0.1090365 0.6777498 255 0 0
-0.2540025 -0.1088682 0.6767038 255 0 0
-0.2521440 -0.1087565 0.6760092 255 0 0
-0.2502894 -0.1086449 0.6753160 255 0 0
-0.2484385 -0.1085336 0.6746243 255 0 0
-0.2467182 -0.1084783 0.6742802 255 0 0
-0.2447482 -0.1083117 0.6732450 255 0 0
-0.2430332 -0.1082566 0.6729024 255 0 0
-0.2413209 -0.1082020 0.6725627 255 0 0
-0.2397323 -0.1082024 0.6725653 255 0 0
-0.2377780 -0.1080367 0.6715354 255 0 0
-0.2360709 -0.1079819 0.6711945 255 0 0
-0.2344855 -0.1079823 0.6711971 255 0 0
-0.2329000 -0.1079827 0.6711997 255 0 0
-0.2310781 -0.1078728 0.6705164 255 0 0
-0.2297290 -0.1079835 0.6712049 255 0 0
-0.2277940 -0.1078185 0.6701792 255 0 0
-0.2263265 -0.1078740 0.6705242 255 0 0
-0.2249724 -0.1079848 0.6712127 255 0 0
-0.2233869 -0.1079852 0.6712153 255 0 0
-0.2219148 -0.1080409 0.6715614 255 0 0
-0.2205542 -0.1081520 0.6722520 255 0 0
-0.2190784 -0.1082078 0.6725991 255 0 0
-0.2172669 -0.1080975 0.6719130 255 0 0
-0.2157901 -0.1081532 0.6722598 255 0 0
-0.2146419 -0.1083757 0.6736428 255 0 0
-0.2131600 -0.1084318 0.6739914 255 0 0
-0.2115678 -0.1084322 0.6739940 255 0 0
-0.2106247 -0.1087678 0.6760799 255 0 0
-0.2101100 -0.1093315 0.6795835 255 0 0
-0.2079754 -0.1099010 0.6831236 255 0 0
-0.2067922 -0.1101308 0.6845517 255 0 0
-0.2061428 -0.1106507 0.6877832 255 0 0
-0.2051632 -0.1110001 0.6899555 255 0 0
-0.2042851 -0.1114106 0.6925067 255 0 0
-0.2027561 -0.1114698 0.6928750 255 0 0
-0.2014384 -0.1116471 0.6939769 255 0 0
-0.1996933 -0.1115885 0.6936128 255 0 0
-0.1981595 -0.1116480 0.6939823 255 0 0
-0.1966240 -0.1117075 0.6943521 255 0 0
-0.1949836 -0.1117079 0.6943548 255 0 0
-0.1931389 -0.1115903 0.6936235 255 0 0
-0.1915003 -0.1115907 0.6936262 255 0 0
-0.1898616 -0.1115911 0.6936289 255 0 0
-0.1880242 -0.1114737 0.6928992 255 0 0
-0.1863873 -0.1114741 0.6929018 255 0 0
-0.1848479 -0.1115334 0.6932705 255 0 0
-0.1837926 -0.1118885 0.6954775 255 0 0
-0.1831199 -0.1124850 0.6991854 255 0 0
-0.1819528 -0.1127859 0.7010556 255 0 0
-0.1802003 -0.1127261 0.7006840 255 0 0
-0.1801803 -0.1137591 0.7071046 255 0 0
-0.1759858 -0.1132110 0.7036977 255 0 0
-0.1742299 -0.1131508 0.7033234 255 0 0
-0.1736852 -0.1138836 0.7078783 255 0 0
-0.1693636 -0.1121301 0.6969792 255 0 0
-0.1661296 -0.1110693 0.6903852 255 0 0
-0.1641621 -0.1119530 0.6958786 255 0 0
-0.1637334 -0.1127907 0.7010854 255 0 0
-0.1627726 -0.1132752 0.7040971 255 0 0
-0.1610227 -0.1132149 0.7037223 255 0 0
-0.1611749 -0.1145047 0.7117391 255 0 0
-0.1585851 -0.1150667 0.7152327 255 0 0
-0.1564690 -0.1147545 0.7132919 255 0 0
-0.1448657 -0.1074019 0.6675893 255 0 0
-0.1432884 -0.1074023 0.6675919 255 0 0
-0.1414234 -0.1071846 0.6662390 255 0 0
-0.1399203 -0.1072395 0.6665799 255 0 0
-0.1382751 -0.1071854 0.6662441 255 0 0
-0.1367010 -0.1071859 0.6662467 255 0 0
-0.1349214 -0.1070233 0.6652364 255 0 0
-0.1332146 -0.1069154 0.6645653 255 0 0
-0.1315113 -0.1068076 0.6638957 255 0 0
-0.1298770 -0.1067540 0.6635626 255 0 0
-0.1283091 -0.1067545 0.6635652 255 0 0
-0.1268054 -0.1068089 0.6639034 255 0 0
-0.1253001 -0.1068633 0.6642419 255 0 0
-0.1237307 -0.1068637 0.6642445 255 0 0
-0.1221612 -0.1068642 0.6642470 255 0 0
-0.1205917 -0.1068646 0.6642496 255 0 0
-0.1191428 -0.1069732 0.6649252 255 0 0
-0.1175717 -0.1069737 0.6649277 255 0 0
-0.1161182 -0.1070826 0.6656046 255 0 0
-0.1146618 -0.1071917 0.6662828 255 0 0
-0.1132024 -0.1073010 0.6669625 255 0 0
-0.1117400 -0.1074106 0.6676435 255 0 0
-0.1103308 -0.1075751 0.6686664 255 0 0
-0.1089173 -0.1077402 0.6696924 255 0 0
-0.1076645 -0.1080714 0.6717512 255 0 0
-0.1061315 -0.1081272 0.6720977 255 0 0
-0.1047042 -0.1082939 0.6731343 255 0 0
-0.1031666 -0.1083499 0.6734823 255 0 0
-0.1031631 -0.1100441 0.6840130 255 0 0
-0.1031511 -0.1154594 0.7176735 255 0 0
-0.1018450 -0.1159035 0.7204336 255 0 0
-0.0882743 -0.1159707 0.7208516 255 0 0
-0.3623774 -0.1076282 0.6789820 255 0 0
-0.3605874 -0.1075730 0.6786334 255 0 0
-0.3584286 -0.1074067 0.6775845 255 0 0
-0.3570128 -0.1074626 0.6779372 255 0 0
-0.3548618 -0.1072967 0.6768905 255 0 0
-0.3536282 -0.1074079 0.6775923 255 0 0
-0.3518464 -0.1073529 0.6772451 255 0 0
-0.3500664 -0.1072979 0.6768984 255 0 0
-0.3484679 -0.1072983 0.6769010 255 0 0
-0.3468694 -0.1072988 0.6769036 255 0 0
-0.3449149 -0.1071886 0.6762084 255 0 0
-0.3434951 -0.1072442 0.6765597 255 0 0
-0.3420738 -0.1073000 0.6769115 255 0 0
-0.3402996 -0.1072451 0.6765650 255 0 0
-0.3390515 -0.1073562 0.6772661 255 0 0
-0.3376265 -0.1074121 0.6776186 255 0 0
-0.3363737 -0.1075236 0.6783219 255 0 0
-0.3347718 -0.1075240 0.6783245 255 0 0
-0.3333422 -0.1075800 0.6786781 255 0 0
-0.3322551 -0.1077477 0.6797356 255 0 0
-0.3304785 -0.1076923 0.6793862 255 0 0
-0.3293858 -0.1078603 0.6804460 255 0 0
-0.3282897 -0.1080288 0.6815090 255 0 0
-0.3270199 -0.1081415 0.6822204 255 0 0
-0.3262570 -0.1084239 0.6840014 255 0 0
-0.3251502 -0.1085941 0.6850756 255 0 0
-0.3243792 -0.1088788 0.6868715 255 0 0
-0.3232647 -0.1090505 0.6879547 255 0 0
-0.3221468 -0.1092228 0.6890413 255 0 0
-0.3210253 -0.1093955 0.6901314 255 0 0
-0.3200689 -0.1096266 0.6915892 255 0 0
-0.3186034 -0.1096849 0.6919566 255 0 0
-0.3176393 -0.1099172 0.6934221 255 0 0
-0.3158347 -0.1098595 0.6930586 255 0 0
-0.3146966 -0.1100343 0.6941613 255 0 0
-0.3130572 -0.1100348 0.6941640 255 0 0
-0.3119128 -0.1102101 0.6952702 255 0 0
-0.3101064 -0.1101522 0.6949047 255 0 0
-0.3087923 -0.1102694 0.6956443 255 0 0
-0.3069866 -0.1102114 0.6952783 255 0 0
-0.3051828 -0.1101535 0.6949128 255 0 0
-0.3033808 -0.1100956 0.6945476 255 0 0
-0.3015808 -0.1100378 0.6941828 255 0 0
-0.3001000 -0.1100964 0.6945530 255 0 0
-0.2983017 -0.1100386 0.6941882 255 0 0
-0.2961920 -0.1098647 0.6930908 255 0 0
-0.2942441 -0.1097491 0.6923620 255 0 0
-0.2929180 -0.1098655 0.6930962 255 0 0
-0.2908202 -0.1096921 0.6920022 255 0 0
-0.2887289 -0.1095192 0.6909117 255 0 0
-0.2870970 -0.1095197 0.6909143 255 0 0
-0.2854652 -0.1095201 0.6909170 255 0 0
-0.2833856 -0.1093478 0.6898299 255 0 0
-0.2816083 -0.1092907 0.6894702 255 0 0
-0.2796859 -0.1091764 0.6887490 255 0 0
-0.2779132 -0.1091196 0.6883903 255 0 0
-0.2759976 -0.1090056 0.6876714 255 0 0
-0.2743734 -0.1090060 0.6876740 255 0 0
-0.2724635 -0.1088923 0.6869566 255 0 0
-0.2702760 -0.1086656 0.6855264 255 0 0
-0.2682364 -0.1084960 0.6844563 255 0 0
-0.2662032 -0.1083269 0.6833895 255 0 0
-0.2643137 -0.1082146 0.6826811 255 0 0
-0.2621556 -0.1079903 0.6812660 255 0 0
-0.2602762 -0.1078787 0.6805620 255 0 0
-0.2581332 -0.1076557 0.6791556 255 0 0
-0.2563963 -0.1076005 0.6788069 255 0 0
-0.2543981 -0.1074341 0.6777577 255 0 0
-0.2525363 -0.1073237 0.6770609 255 0 0
-0.2506784 -0.1072135 0.6763656 255 0 0
-0.2486962 -0.1070483 0.6753239 255 0 0
-0.2469739 -0.1069937 0.6749792 255 0 0
-0.2453796 -0.1069941 0.6749818 255 0 0
-0.2434096 -0.1068297 0.6739445 255 0 0
-0.2416935 -0.1067753 0.6736011 255 0 0
-0.2402257 -0.1068305 0.6739497 255 0 0
-0.2382676 -0.1066670 0.6729181 255 0 0
-0.2366780 -0.1066674 0.6729207 255 0 0
-0.2349680 -0.1066131 0.6725784 255 0 0
-0.2332597 -0.1065589 0.6722364 255 0 0
-0.2314347 -0.1064503 0.6715510 255 0 0
-0.2300839 -0.1065598 0.6722417 255 0 0
-0.2283789 -0.1065056 0.6719001 255 0 0
-0.2265598 -0.1063971 0.6712154 255 0 0
-0.2252046 -0.1065065 0.6719053 255 0 0
-0.2236174 -0.1065069 0.6719078 255 0 0
-0.2222578 -0.1066164 0.6725992 255 0 0
-0.2210088 -0.1067811 0.6736376 255 0 0
-0.2194175 -0.1067815 0.6736403 255 0 0
-0.2177144 -0.1067271 0.6732972 255 0 0
-0.2161239 -0.1067275 0.6732998 255 0 0
-0.2150852 -0.1070024 0.6750341 255 0 0
-0.2133808 -0.1069478 0.6746897 255 0 0
-0.2118960 -0.1070032 0.6750394 255 0 0
-0.2108435 -0.1072796 0.6767825 255 0 0
-0.2101116 -0.1077244 0.6795889 255 0 0
-0.2079770 -0.1082856 0.6831290 255 0 0
-0.2073346 -0.1087957 0.6863471 255 0 0
-0.2072305 -0.1095986 0.6914123 255 0 0
-0.2083413 -0.1110618 0.7006434 255 0 0
-0.2052494 -0.1111810 0.7013951 255 0 0
-0.2050169 -0.1119593 0.7063052 255 0 0
-0.2024765 -0.1114798 0.7032799 255 0 0
-0.2013546 -0.1117797 0.7051721 255 0 0
-0.2000111 -0.1119606 0.7063134 255 0 0
-0.1985562 -0.1120817 0.7070772 255 0 0
-0.1966739 -0.1119615 0.7063189 255 0 0
-0.1950053 -0.1119619 0.7063216 255 0 0
-0.1932326 -0.1119021 0.7059444 255 0 0
-0.1929139 -0.1126906 0.7109185 255 0 0
-0.1929064 -0.1136763 0.7171370 255 0 0
-0.1919464 -0.1141133 0.7198936 255 0 0
-0.1903501 -0.1141763 0.7202914 255 0 0
-0.1887520 -0.1142395 0.7206898 255 0 0
-0.1871522 -0.1143027 0.7210886 255 0 0
-0.1855506 -0.1143660 0.7214878 255 0 0
-0.1837450 -0.1143036 0.7210942 255 0 0
-0.1819415 -0.1142413 0.7207010 255 0 0
-0.1801399 -0.1141790 0.7203082 255 0 0
-0.1784381 -0.1141794 0.7203109 255 0 0
-0.1765425 -0.1140547 0.7195239 255 0 0
-0.1748426 -0.1140551 0.7195266 255 0 0
-0.1728584 -0.1138683 0.7183480 255 0 0
-0.1712550 -0.1139311 0.7187442 255 0 0
-0.1695569 -0.1139315 0.7187470 255 0 0
-0.1681350 -0.1141194 0.7199326 255 0 0
-0.1662517 -0.1139948 0.7191463 255 0 0
-0.1644625 -0.1139328 0.7187553 255 0 0
-0.1628536 -0.1139957 0.7191519 255 0 0
-0.1611545 -0.1139961 0.7191547 255 0 0
-0.1594554 -0.1139966 0.7191575 255 0 0
-0.1461468 -0.1056079 0.6662365 255 0 0
-0.1444994 -0.1055547 0.6659011 255 0 0
-0.1429986 -0.1056087 0.6662416 255 0 0
-0.1411379 -0.1053951 0.6648943 255 0 0
-0.1394964 -0.1053422 0.6645603 255 0 0
-0.1379262 -0.1053426 0.6645628 255 0 0
-0.1361492 -0.1051832 0.6635575 255 0 0
-0.1345814 -0.1051836 0.6635600 255 0 0
-0.1329464 -0.1051309 0.6632274 255 0 0
-0.1313794 -0.1051313 0.6632299 255 0 0
-0.1296813 -0.1050256 0.6625630 255 0 0
-0.1281158 -0.1050260 0.6625655 255 0 0
-0.1264865 -0.1049734 0.6622338 255 0 0
-0.1250480 -0.1050798 0.6629053 255 0 0
-0.1235441 -0.1051333 0.6632428 255 0 0
-0.1219770 -0.1051337 0.6632453 255 0 0
-0.1204707 -0.1051873 0.6635832 255 0 0
-0.1189630 -0.1052409 0.6639214 255 0 0
-0.1174536 -0.1052946 0.6642600 255 0 0
-0.1160015 -0.1054016 0.6649355 255 0 0
-0.1144884 -0.1054555 0.6652750 255 0 0
-0.1130884 -0.1056165 0.6662906 255 0 0
-0.1115707 -0.1056705 0.6666316 255 0 0
-0.1102194 -0.1058860 0.6679910 255 0 0
-0.1088626 -0.1061024 0.6693562 255 0 0
-0.1076102 -0.1064284 0.6714129 255 0 0
-0.1059696 -0.1063744 0.6710722 255 0 0
-0.1044907 -0.1064837 0.6717617 255 0 0
-0.1031674 -0.1067573 0.6734875 255 0 0
-0.1043754 -0.1114464 0.7030692 255 0 0
-0.1031519 -0.1137623 0.7176791 255 0 0
-0.3639836 -0.1060221 0.6789847 255 0 0
-0.3621928 -0.1059677 0.6786361 255 0 0
-0.3604037 -0.1059133 0.6782878 255 0 0
-0.3584314 -0.1058043 0.6775898 255 0 0
-0.3568313 -0.1058047 0.6775924 255 0 0
-0.3550478 -0.1057505 0.6772452 255 0 0
-0.3534485 -0.1057509 0.6772478 255 0 0
-0.3514862 -0.1056423 0.6765519 255 0 0
-0.3500691 -0.1056972 0.6769036 255 0 0
-0.3482909 -0.1056431 0.6765572 255 0 0
-0.3465146 -0.1055890 0.6762111 255 0 0
-0.3449177 -0.1055895 0.6762137 255 0 0
-0.3434978 -0.1056443 0.6765651 255 0 0
-0.3419001 -0.1056447 0.6765677 255 0 0
-0.3404779 -0.1056996 0.6769194 255 0 0
-0.3390543 -0.1057546 0.6772715 255 0 0
-0.3376291 -0.1058096 0.6776239 255 0 0
-0.3363763 -0.1059195 0.6783272 255 0 0
-0.3349476 -0.1059747 0.6786808 255 0 0
-0.3333448 -0.1059751 0.6786835 255 0 0
-0.3319137 -0.1060304 0.6790373 255 0 0
-0.3308238 -0.1061957 0.6800960 255 0 0
-0.3293884 -0.1062511 0.6804513 255 0 0
-0.3284629 -0.1064724 0.6818686 255 0 0
-0.3273629 -0.1066391 0.6829360 255 0 0
-0.3266001 -0.1069178 0.6847207 255 0 0
-0.3254927 -0.1070859 0.6857972 255 0 0
-0.3245516 -0.1073107 0.6872367 255 0 0
-0.3236066 -0.1075364 0.6886824 255 0 0
-0.3223186 -0.1076498 0.6894088 255 0 0
-0.3211967 -0.1078202 0.6905000 255 0 0
-0.3202401 -0.1080481 0.6919593 255 0 0
-0.3191108 -0.1082198 0.6930586 255 0 0
-0.3179779 -0.1083919 0.6941614 255 0 0
-0.3160041 -0.1082778 0.6934302 255 0 0
-0.3150325 -0.1085076 0.6949021 255 0 0
-0.3133913 -0.1085080 0.6949048 255 0 0
-0.3120807 -0.1086235 0.6956444 255 0 0
-0.3102732 -0.1085664 0.6952784 255 0 0
-0.3086311 -0.1085668 0.6952811 255 0 0
-0.3073147 -0.1086824 0.6960214 255 0 0
-0.3058331 -0.1087405 0.6963935 255 0 0
-0.3038658 -0.1086256 0.6956578 255 0 0
-0.3022228 -0.1086260 0.6956605 255 0 0
-0.3005797 -0.1086265 0.6956632 255 0 0
-0.2987783 -0.1085693 0.6952972 255 0 0
-0.2971361 -0.1085697 0.6952999 255 0 0
-0.2951810 -0.1084552 0.6945665 255 0 0
-0.2933853 -0.1083982 0.6942017 255 0 0
-0.2912833 -0.1082269 0.6931043 255 0 0
-0.2896463 -0.1082273 0.6931069 255 0 0
-0.2877053 -0.1081135 0.6923781 255 0 0
-0.2860699 -0.1081139 0.6923808 255 0 0
-0.2845848 -0.1081714 0.6927490 255 0 0
-0.2823523 -0.1079439 0.6912919 255 0 0
-0.2804240 -0.1078307 0.6905668 255 0 0
-0.2787929 -0.1078311 0.6905695 255 0 0
-0.2767249 -0.1076615 0.6894836 255 0 0
-0.2749519 -0.1076054 0.6891241 255 0 0
-0.2728943 -0.1074365 0.6880427 255 0 0
-0.2711270 -0.1073806 0.6876848 255 0 0
-0.2689399 -0.1071568 0.6862515 255 0 0
-0.2667609 -0.1069335 0.6848215 255 0 0
-0.2647289 -0.1067668 0.6837536 255 0 0
-0.2628400 -0.1066561 0.6830444 255 0 0
-0.2606838 -0.1064349 0.6816278 255 0 0
-0.2585366 -0.1062146 0.6802171 255 0 0
-0.2569299 -0.1062150 0.6802198 255 0 0
-0.2547949 -0.1059956 0.6788149 255 0 0
-0.2529298 -0.1058865 0.6781159 255 0 0
-0.2510686 -0.1057776 0.6774184 255 0 0
-0.2492112 -0.1056689 0.6767223 255 0 0
-0.2473576 -0.1055604 0.6760277 255 0 0
-0.2456342 -0.1055064 0.6756822 255 0 0
-0.2439125 -0.1054526 0.6753371 255 0 0
-0.2420682 -0.1053445 0.6746452 255 0 0
-0.2403510 -0.1052908 0.6743012 255 0 0
-0.2387582 -0.1052912 0.6743038 255 0 0
-0.2370436 -0.1052376 0.6739601 255 0 0
-0.2354526 -0.1052384 0.6739654 255 0 0
-0.2337405 -0.1051848 0.6736220 255 0 0
-0.2320302 -0.1051312 0.6732790 255 0 0
-0.2305581 -0.1051856 0.6736273 255 0 0
-0.2288494 -0.1051320 0.6732842 255 0 0
-0.2273756 -0.1051864 0.6736325 255 0 0
-0.2262489 -0.1054032 0.6750211 255 0 0
-0.2246544 -0.1054036 0.6750237 255 0 0
-0.2230598 -0.1054040 0.6750263 255 0 0
-0.2214653 -0.1054044 0.6750289 255 0 0
-0.2199838 -0.1054591 0.6753789 255 0 0
-0.2183884 -0.1054595 0.6753815 255 0 0
-0.2170164 -0.1055686 0.6760800 255 0 0
-0.2155303 -0.1056234 0.6764311 255 0 0
-0.2138222 -0.1055694 0.6760852 255 0 0
-0.2124440 -0.1056787 0.6767852 255 0 0
-0.2114996 -0.1060071 0.6788884 255 0 0
-0.2087232 -0.1062273 0.6802987 255 0 0
-0.2118381 -0.1086496 0.6958114 255 0 0
-0.2154025 -0.1122201 0.7186775 255 0 0
-0.2129390 -0.1127143 0.7218428 255 0 0
-0.2113500 -0.1127768 0.7222428 255 0 0
-0.2097593 -0.1128393 0.7226434 255 0 0
-0.2077098 -0.1126541 0.7214571 255 0 0
-0.2062322 -0.1127786 0.7222540 255 0 0
-0.2045259 -0.1127790 0.7222568 255 0 0
-0.2027081 -0.1127174 0.7218624 255 0 0
-0.2011134 -0.1127799 0.7222624 255 0 0
-0.1992974 -0.1127183 0.7218680 255 0 0
-0.1977008 -0.1127807 0.7222680 255 0 0
-0.1957789 -0.1126572 0.7214766 255 0 0
-0.1939679 -0.1125957 0.7210830 255 0 0
-0.1922643 -0.1125961 0.7210858 255 0 0
-0.1905608 -0.1125966 0.7210886 255 0 0
-0.1887535 -0.1125352 0.7206954 255 0 0
-0.1871536 -0.1125975 0.7210942 255 0 0
-0.1854500 -0.1125979 0.7210970 255 0 0
-0.1837465 -0.1125983 0.7210998 255 0 0
-0.1819429 -0.1125369 0.7207066 255 0 0
-0.1802402 -0.1125374 0.7207094 255 0 0
-0.1784395 -0.1124760 0.7203166 255 0 0
-0.1768348 -0.1125382 0.7207150 255 0 0
-0.1746525 -0.1122305 0.7187443 255 0 0
-0.1731441 -0.1123540 0.7195351 255 0 0
-0.1713502 -0.1122929 0.7191436 255 0 0
-0.1695582 -0.1122318 0.7187526 255 0 0
-0.1679521 -0.1122938 0.7191492 255 0 0
-0.1663442 -0.1123557 0.7195463 255 0 0
-0.1644638 -0.1122331 0.7187609 255 0 0
-0.1627657 -0.1122335 0.7187637 255 0 0
-0.1610675 -0.1122340 0.7187665 255 0 0
-0.1476471 -0.1039792 0.6659012 255 0 0
-0.1460738 -0.1039796 0.6659037 255 0 0
-0.1445005 -0.1039800 0.6659063 255 0 0
-0.1429997 -0.1040331 0.6662468 255 0 0
-0.1407825 -0.1035605 0.6632197 255 0 0
-0.1391452 -0.1035086 0.6628874 255 0 0
-0.1373709 -0.1033524 0.6618872 255 0 0
-0.1358755 -0.1034049 0.6622236 255 0 0
-0.1341079 -0.1032491 0.6612254 255 0 0
-0.1327462 -0.1034057 0.6622288 255 0 0
-0.1311154 -0.1033540 0.6618974 255 0 0
-0.1294862 -0.1033023 0.6615663 255 0 0
-0.1279231 -0.1033027 0.6615689 255 0 0
-0.1264237 -0.1033552 0.6619051 255 0 0
-0.1247973 -0.1033039 0.6615766 255 0 0
-0.1233585 -0.1034085 0.6622467 255 0 0
-0.1217324 -0.1033568 0.6619154 255 0 0
-0.1202897 -0.1034615 0.6625861 255 0 0
-0.1188441 -0.1035665 0.6632583 255 0 0
-0.1173363 -0.1036192 0.6635961 255 0 0
-0.1158855 -0.1037245 0.6642703 255 0 0
-0.1129746 -0.1039353 0.6656202 255 0 0
-0.1114583 -0.1039884 0.6659605 255 0 0
-0.1099964 -0.1040944 0.6666394 255 0 0
-0.1086419 -0.1043067 0.6679989 255 0 0
-0.1075011 -0.1047335 0.6707320 255 0 0
-0.1058622 -0.1046804 0.6703921 255 0 0
-0.1044915 -0.1048951 0.6717669 255 0 0
-0.1031682 -0.1051646 0.6734928 255 0 0
-0.1034347 -0.1105535 0.7080045 255 0 0
-0.1030400 -0.1119427 0.7169009 255 0 0
-0.3641749 -0.1044705 0.6793416 255 0 0
-0.3621956 -0.1043628 0.6786414 255 0 0
-0.3602203 -0.1042554 0.6779426 255 0 0
-0.3584342 -0.1042019 0.6775951 255 0 0
-0.3566498 -0.1041485 0.6772479 255 0 0
-0.3550505 -0.1041489 0.6772505 255 0 0
-0.3530867 -0.1040419 0.6765546 255 0 0
-0.3513078 -0.1039887 0.6762086 255 0 0
-0.3497110 -0.1039891 0.6762112 255 0 0
-0.3481141 -0.1039895 0.6762138 255 0 0
-0.3463387 -0.1039363 0.6758680 255 0 0
-0.3449204 -0.1039903 0.6762190 255 0 0
-0.3433234 -0.1039907 0.6762217 255 0 0
-0.3419027 -0.1040447 0.6765729 255 0 0
-0.3404805 -0.1040988 0.6769246 255 0 0
-0.3392320 -0.1042068 0.6776266 255 0 0
-0.3376317 -0.1042072 0.6776292 255 0 0
-0.3363789 -0.1043153 0.6783325 255 0 0
-0.3349502 -0.1043697 0.6786861 255 0 0
-0.3335200 -0.1044241 0.6790400 255 0 0
-0.3319163 -0.1044245 0.6790426 255 0 0
-0.3308264 -0.1045873 0.6801013 255 0 0
-0.3297330 -0.1047506 0.6811632 255 0 0
-0.3288072 -0.1049690 0.6825834 255 0 0
-0.3277067 -0.1051335 0.6836531 255 0 0
-0.3272859 -0.1055188 0.6861585 255 0 0
-0.3261772 -0.1056851 0.6872395 255 0 0
-0.3250650 -0.1058518 0.6883238 255 0 0
-0.3242901 -0.1061306 0.6901368 255 0 0
-0.3230000 -0.1062428 0.6908664 255 0 0
-0.3217072 -0.1063552 0.6915973 255 0 0
-0.3204116 -0.1064679 0.6923299 255 0 0
-0.3196198 -0.1067499 0.6941641 255 0 0
-0.3181487 -0.1068069 0.6945342 255 0 0
-0.3166761 -0.1068638 0.6949048 255 0 0
-0.3152018 -0.1069209 0.6952757 255 0 0
-0.3135598 -0.1069213 0.6952785 255 0 0
-0.3120831 -0.1069784 0.6956498 255 0 0
-0.3104401 -0.1069788 0.6956525 255 0 0
-0.3089610 -0.1070360 0.6960242 255 0 0
-0.3074802 -0.1070932 0.6963964 255 0 0
-0.3058355 -0.1070936 0.6963990 255 0 0
-0.3040293 -0.1070372 0.6960323 255 0 0
-0.3023854 -0.1070377 0.6960350 255 0 0
-0.3005821 -0.1069813 0.6956687 255 0 0
-0.2989390 -0.1069817 0.6956714 255 0 0
-0.2972960 -0.1069821 0.6956741 255 0 0
-0.2954962 -0.1069259 0.6953081 255 0 0
-0.2936983 -0.1068696 0.6949425 255 0 0
-0.2922117 -0.1069267 0.6953135 255 0 0
-0.2899549 -0.1067009 0.6938454 255 0 0
-0.2883161 -0.1067014 0.6938481 255 0 0
-0.2866773 -0.1067018 0.6938508 255 0 0
-0.2848878 -0.1066458 0.6934867 255 0 0
-0.2828014 -0.1064774 0.6923916 255 0 0
-0.2808697 -0.1063655 0.6916643 255 0 0
-0.2792360 -0.1063659 0.6916670 255 0 0
-0.2771640 -0.1061984 0.6905776 255 0 0
-0.2752432 -0.1060871 0.6898541 255 0 0
-0.2730396 -0.1058649 0.6884091 255 0 0
-0.2712713 -0.1058098 0.6880507 255 0 0
-0.2693636 -0.1056994 0.6873326 255 0 0
-0.2669024 -0.1053690 0.6851845 255 0 0
-0.2652839 -0.1053694 0.6851872 255 0 0
-0.2631160 -0.1051502 0.6837617 255 0 0
-0.2610928 -0.1049865 0.6826971 255 0 0
-0.2590759 -0.1048233 0.6816358 255 0 0
-0.2573321 -0.1047693 0.6812845 255 0 0
-0.2553252 -0.1046068 0.6802277 255 0 0
-0.2534557 -0.1044988 0.6795258 255 0 0
-0.2513300 -0.1042832 0.6781238 255 0 0
-0.2495993 -0.1042298 0.6777762 255 0 0
-0.2476146 -0.1040689 0.6767302 255 0 0
-0.2461431 -0.1041230 0.6770820 255 0 0
-0.2442916 -0.1040161 0.6763867 255 0 0
-0.2426939 -0.1040165 0.6763893 255 0 0
-0.2407240 -0.1038563 0.6753476 255 0 0
-0.2392519 -0.1039102 0.6756980 255 0 0
-0.2372892 -0.1037503 0.6746584 255 0 0
-0.2358169 -0.1038041 0.6750081 255 0 0
-0.2336224 -0.1035386 0.6732817 255 0 0
-0.2320320 -0.1035390 0.6732843 255 0 0
-0.2309155 -0.1037523 0.6746715 255 0 0
-0.2293218 -0.1037527 0.6746741 255 0 0
-0.2278452 -0.1038065 0.6750237 255 0 0
-0.2264837 -0.1039138 0.6757215 255 0 0
-0.2245406 -0.1037539 0.6746819 255 0 0
-0.2231764 -0.1038611 0.6753790 255 0 0
-0.2216951 -0.1039150 0.6757293 255 0 0
-0.2200988 -0.1039154 0.6757320 255 0 0
-0.2186151 -0.1039694 0.6760827 255 0 0
-0.2173540 -0.1041307 0.6771318 255 0 0
-0.2156432 -0.1040774 0.6767852 255 0 0
-0.2144869 -0.1042929 0.6781868 255 0 0
-0.2150606 -0.1061586 0.6903186 255 0 0
-0.2197753 -0.1101573 0.7163210 255 0 0
-0.2179365 -0.1109450 0.7214432 255 0 0
-0.2164703 -0.1110675 0.7222401 255 0 0
-0.2148824 -0.1111291 0.7226407 255 0 0
-0.2132927 -0.1111908 0.7230415 255 0 0
-0.2114681 -0.1111300 0.7226462 255 0 0
-0.2098765 -0.1111916 0.7230471 255 0 0
-0.2079392 -0.1110697 0.7222541 255 0 0
-0.2062330 -0.1110701 0.7222569 255 0 0
-0.2046394 -0.1111317 0.7226574 255 0 0
-0.2028213 -0.1110714 0.7222653 255 0 0
-0.2011150 -0.1110718 0.7222681 255 0 0
-0.1994087 -0.1110723 0.7222709 255 0 0
-0.1977023 -0.1110727 0.7222737 255 0 0
-0.1958882 -0.1110120 0.7218792 255 0 0
-0.1939694 -0.1108905 0.7210887 255 0 0
-0.1923715 -0.1109518 0.7214879 255 0 0
-0.1906670 -0.1109523 0.7214907 255 0 0
-0.1888587 -0.1108918 0.7210971 255 0 0
-0.1871551 -0.1108922 0.7210999 255 0 0
-0.1853497 -0.1108317 0.7207067 255 0 0
-0.1835462 -0.1107713 0.7203138 255 0 0
-0.1819443 -0.1108326 0.7207122 255 0 0
-0.1802416 -0.1108330 0.7207150 255 0 0
-0.1784409 -0.1107726 0.7203223 255 0 0
-0.1767391 -0.1107730 0.7203250 255 0 0
-0.1749413 -0.1107127 0.7199327 255 0 0
-0.1731454 -0.1106524 0.7195407 255 0 0
-0.1713515 -0.1105922 0.7191492 255 0 0
-0.1695595 -0.1105321 0.7187582 255 0 0
-0.1679534 -0.1105931 0.7191548 255 0 0
-0.1663454 -0.1106541 0.7195519 255 0 0
-0.1645552 -0.1105939 0.7191604 255 0 0
-0.1445750 -0.1024572 0.6662495 255 0 0
-0.1429283 -0.1024056 0.6659141 255 0 0
-0.1407125 -0.1019405 0.6628900 255 0 0
-0.1389358 -0.1017867 0.6618898 255 0 0
-0.1372336 -0.1016846 0.6612255 255 0 0
-0.1356030 -0.1016338 0.6608952 255 0 0
-0.1339740 -0.1015830 0.6605651 255 0 0
-0.1324138 -0.1015838 0.6605702 255 0 0
-0.1308530 -0.1015842 0.6605728 255 0 0
-0.1292273 -0.1015335 0.6602431 255 0 0
-0.1277315 -0.1015850 0.6605779 255 0 0
-0.1261707 -0.1015854 0.6605805 255 0 0
-0.1246099 -0.1015858 0.6605830 255 0 0
-0.1231111 -0.1016373 0.6609182 255 0 0
-0.1216107 -0.1016889 0.6612536 255 0 0
-0.1201088 -0.1017405 0.6615894 255 0 0
-0.1186053 -0.1017922 0.6619256 255 0 0
-0.1171004 -0.1018440 0.6622621 255 0 0
-0.1157107 -0.1019988 0.6632686 255 0 0
-0.1143747 -0.1022057 0.6646144 255 0 0
-0.1113462 -0.1023097 0.6652906 255 0 0
-0.1098856 -0.1024139 0.6659682 255 0 0
-0.1088088 -0.1028841 0.6690255 255 0 0
-0.1073922 -0.1030420 0.6700525 255 0 0
-0.1057550 -0.1029899 0.6697133 255 0 0
-0.1043322 -0.1031481 0.6707425 255 0 0
-0.1030105 -0.1034127 0.6724631 255 0 0
-0.1038838 -0.1093510 0.7110783 255 0 0
-0.1029284 -0.1101270 0.7161242 255 0 0
-0.3623859 -0.1028111 0.6789980 255 0 0
-0.3602231 -0.1026521 0.6779479 255 0 0
-0.3584370 -0.1025995 0.6776004 255 0 0
-0.3568369 -0.1025999 0.6776030 255 0 0
-0.3548701 -0.1024944 0.6769063 255 0 0
-0.3530895 -0.1024420 0.6765599 255 0 0
-0.3514917 -0.1024424 0.6765625 255 0 0
-0.3497137 -0.1023900 0.6762165 255 0 0
-0.3482963 -0.1024432 0.6765678 255 0 0
-0.3465200 -0.1023908 0.6762217 255 0 0
-0.3445678 -0.1022857 0.6755279 255 0 0
-0.3433261 -0.1023916 0.6762270 255 0 0
-0.3419054 -0.1024448 0.6765783 255 0 0
-0.3406590 -0.1025509 0.6772795 255 0 0
-0.3390596 -0.1025513 0.6772821 255 0 0
-0.3374601 -0.1025517 0.6772847 255 0 0
-0.3363816 -0.1027112 0.6783379 255 0 0
-0.3349529 -0.1027647 0.6786914 255 0 0
-0.3333501 -0.1027651 0.6786941 255 0 0
-0.3319189 -0.1028187 0.6790479 255 0 0
-0.3306575 -0.1029256 0.6797542 255 0 0
-0.3299069 -0.1031934 0.6815224 255 0 0
-0.3289809 -0.1034086 0.6829440 255 0 0
-0.3278801 -0.1035708 0.6840149 255 0 0
-0.3276312 -0.1040050 0.6868824 255 0 0
-0.3265218 -0.1041690 0.6879655 255 0 0
-0.3259225 -0.1044981 0.6901395 255 0 0
-0.3244633 -0.1045535 0.6905054 255 0 0
-0.3235136 -0.1047745 0.6919648 255 0 0
-0.3222193 -0.1048856 0.6926982 255 0 0
-0.3210919 -0.1050524 0.6937998 255 0 0
-0.3184872 -0.1052755 0.6952732 255 0 0
-0.3168464 -0.1052763 0.6952785 255 0 0
-0.3148706 -0.1051652 0.6945451 255 0 0
-0.3124156 -0.1054447 0.6963910 255 0 0
-0.3109371 -0.1055015 0.6967662 255 0 0
-0.3094559 -0.1055580 0.6971391 255 0 0
-0.3078094 -0.1055584 0.6971419 255 0 0
-0.3061629 -0.1055588 0.6971446 255 0 0
-0.3043546 -0.1055032 0.6967770 255 0 0
-0.3027090 -0.1055036 0.6967797 255 0 0
-0.3010633 -0.1055040 0.6967824 255 0 0
-0.2994176 -0.1055044 0.6967851 255 0 0
-0.2979302 -0.1055609 0.6971581 255 0 0
-0.2961262 -0.1055052 0.6967905 255 0 0
-0.2944805 -0.1055056 0.6967932 255 0 0
-0.2928347 -0.1055060 0.6967959 255 0 0
-0.2910345 -0.1054504 0.6964288 255 0 0
-0.2892361 -0.1053949 0.6960620 255 0 0
-0.2880505 -0.1055633 0.6971743 255 0 0
-0.2862517 -0.1055077 0.6968067 255 0 0
-0.2835518 -0.1051173 0.6942287 255 0 0
-0.2814654 -0.1049511 0.6931312 255 0 0
-0.2799761 -0.1050070 0.6935002 255 0 0
-0.2777509 -0.1047859 0.6920398 255 0 0
-0.2755351 -0.1045657 0.6905857 255 0 0
-0.2737598 -0.1045111 0.6902251 255 0 0
-0.2721296 -0.1045115 0.6902277 255 0 0
-0.2700731 -0.1043472 0.6891429 255 0 0
-0.2680230 -0.1041835 0.6880615 255 0 0
-0.2659805 -0.1040207 0.6869861 255 0 0
-0.2640813 -0.1039123 0.6862702 255 0 0
-0.2615030 -0.1035336 0.6837696 255 0 0
-0.2596173 -0.1034262 0.6830604 255 0 0
-0.2577356 -0.1033191 0.6823527 255 0 0
-0.2561238 -0.1033195 0.6823553 255 0 0
-0.2539838 -0.1031054 0.6809417 255 0 0
-0.2518526 -0.1028923 0.6795338 255 0 0
-0.2502475 -0.1028927 0.6795364 255 0 0
-0.2485137 -0.1028398 0.6791873 255 0 0
-0.2466540 -0.1027339 0.6784876 255 0 0
-0.2449248 -0.1026812 0.6781396 255 0 0
-0.2430717 -0.1025755 0.6774421 255 0 0
-0.2414715 -0.1025759 0.6774447 255 0 0
-0.2397475 -0.1025234 0.6770978 255 0 0
-0.2377801 -0.1023654 0.6760539 255 0 0
-0.2361831 -0.1023658 0.6760566 255 0 0
-0.2341047 -0.1021560 0.6746715 255 0 0
-0.2325110 -0.1021564 0.6746742 255 0 0
-0.2311550 -0.1022620 0.6753712 255 0 0
-0.2296778 -0.1023150 0.6757216 255 0 0
-0.2279643 -0.1022628 0.6753764 255 0 0
-0.2266021 -0.1023685 0.6760749 255 0 0
-0.2247735 -0.1022636 0.6753817 255 0 0
-0.2234081 -0.1023693 0.6760802 255 0 0
-0.2219253 -0.1024225 0.6764313 255 0 0
-0.2204411 -0.1024757 0.6767827 255 0 0
-0.2184822 -0.1030607 0.6806465 255 0 0
-0.2245842 -0.1075225 0.7101136 255 0 0
-0.2236488 -0.1086993 0.7178857 255 0 0
-0.2221960 -0.1088188 0.7186748 255 0 0
-0.2207401 -0.1089386 0.7194656 255 0 0
-0.2189204 -0.1088793 0.7190741 255 0 0
-0.2174601 -0.1089992 0.7198659 255 0 0
-0.2158779 -0.1090594 0.7202637 255 0 0
-0.2142940 -0.1091197 0.7206621 255 0 0
-0.2127084 -0.1091801 0.7210609 255 0 0
-0.2112371 -0.1093007 0.7218569 255 0 0
-0.2093024 -0.1091814 0.7210692 255 0 0
-0.2075989 -0.1091818 0.7210720 255 0 0
-0.2058955 -0.1091822 0.7210748 255 0 0
-0.2041920 -0.1091827 0.7210776 255 0 0
-0.2024885 -0.1091831 0.7210804 255 0 0
-0.2008954 -0.1092435 0.7214795 255 0 0
-0.1989722 -0.1091240 0.7206900 255 0 0
-0.1972696 -0.1091244 0.7206928 255 0 0
-0.1956744 -0.1091848 0.7210916 255 0 0
-0.1937580 -0.1090653 0.7203028 255 0 0
-0.1920563 -0.1090658 0.7203056 255 0 0
-0.1902502 -0.1090064 0.7199132 255 0 0
-0.1886529 -0.1090666 0.7203112 255 0 0
-0.1868486 -0.1090072 0.7199188 255 0 0
-0.1850463 -0.1089479 0.7195269 255 0 0
-0.1831456 -0.1088289 0.7187416 255 0 0
-0.1817461 -0.1090085 0.7199272 255 0 0
-0.1797495 -0.1088298 0.7187472 255 0 0
-0.1780514 -0.1088302 0.7187499 255 0 0
-0.1762568 -0.1087711 0.7183593 255 0 0
-0.1746552 -0.1088311 0.7187555 255 0 0
-0.1729571 -0.1088315 0.7187583 255 0 0
-0.1712590 -0.1088319 0.7187611 255 0 0
-0.1693753 -0.1087132 0.7179774 255 0 0
-0.1678627 -0.1088327 0.7187666 255 0 0
-0.1661646 -0.1088332 0.7187694 255 0 0
-0.1645565 -0.1088932 0.7191660 255 0 0
-0.1443563 -0.1007282 0.6652417 255 0 0
-0.1427846 -0.1007286 0.6652443 255 0 0
-0.1405716 -0.1002716 0.6622263 255 0 0
-0.1386572 -0.1000197 0.6605626 255 0 0
-0.1368904 -0.0998697 0.6595720 255 0 0
-0.1354000 -0.0999203 0.6599061 255 0 0
-0.1337736 -0.0998705 0.6595771 255 0 0
-0.1320825 -0.0997706 0.6589175 255 0 0
-0.1305256 -0.0997710 0.6589200 255 0 0
-0.1290336 -0.0998215 0.6592535 255 0 0
-0.1274119 -0.0997718 0.6589251 255 0 0
-0.1259182 -0.0998223 0.6592586 255 0 0
-0.1244231 -0.0998728 0.6595924 255 0 0
-0.1229264 -0.0999234 0.6599266 255 0 0
-0.1213061 -0.0998736 0.6595975 255 0 0
-0.1199284 -0.1000248 0.6605958 255 0 0
-0.1183675 -0.1000251 0.6605984 255 0 0
-0.1168655 -0.1000759 0.6609336 255 0 0
-0.1154200 -0.1001771 0.6616023 255 0 0
-0.1141444 -0.1004306 0.6632763 255 0 0
-0.1127481 -0.1005835 0.6642859 255 0 0
-0.1113475 -0.1007368 0.6652984 255 0 0
-0.1084780 -0.1009931 0.6669912 255 0 0
-0.1072835 -0.1013540 0.6693745 255 0 0
-0.1056480 -0.1013027 0.6690359 255 0 0
-0.1042265 -0.1014582 0.6700630 255 0 0
-0.1028532 -0.1016662 0.6714365 255 0 0
-0.1043368 -0.1081381 0.7141789 255 0 0
-0.1028731 -0.1083744 0.7157394 255 0 0
-0.3641806 -0.1012574 0.6793522 255 0 0
-0.3623888 -0.1012054 0.6790033 255 0 0
-0.3605987 -0.1011534 0.6786547 255 0 0
-0.3584398 -0.1009971 0.6776057 255 0 0
-0.3570240 -0.1010496 0.6779585 255 0 0
-0.3548729 -0.1008936 0.6769117 255 0 0
-0.3530922 -0.1008420 0.6765652 255 0 0
-0.3513134 -0.1007904 0.6762192 255 0 0
-0.3495363 -0.1007389 0.6758734 255 0 0
-0.3477611 -0.1006874 0.6755280 255 0 0
-0.3461658 -0.1006878 0.6755306 255 0 0
-0.3447480 -0.1007400 0.6758813 255 0 0
-0.3433288 -0.1007923 0.6762322 255 0 0
-0.3419081 -0.1008447 0.6765835 255 0 0
-0.3404859 -0.1008971 0.6769353 255 0 0
-0.3392373 -0.1010018 0.6776372 255 0 0
-0.3378115 -0.1010543 0.6779900 255 0 0
-0.3365583 -0.1011593 0.6786941 255 0 0
-0.3347823 -0.1011074 0.6783458 255 0 0
-0.3335252 -0.1012124 0.6790506 255 0 0
-0.3322655 -0.1013177 0.6797569 255 0 0
-0.3311749 -0.1014758 0.6808178 255 0 0
-0.3300810 -0.1016344 0.6818820 255 0 0
-0.3293264 -0.1018996 0.6836612 255 0 0
-0.3282249 -0.1020596 0.6847342 255 0 0
-0.3278054 -0.1024342 0.6872476 255 0 0
-0.3273828 -0.1028116 0.6897795 255 0 0
-0.3269570 -0.1031917 0.6923300 255 0 0
-0.3254937 -0.1032466 0.6926982 255 0 0
-0.3240288 -0.1033015 0.6930668 255 0 0
-0.3227330 -0.1034112 0.6938025 255 0 0
-0.3203015 -0.1036858 0.6956446 255 0 0
-0.3191662 -0.1038513 0.6967555 255 0 0
-0.3178583 -0.1039622 0.6974990 255 0 0
-0.3160430 -0.1039073 0.6971312 255 0 0
-0.3145637 -0.1039630 0.6975044 255 0 0
-0.3132494 -0.1040740 0.6982496 255 0 0
-0.3125984 -0.1044078 0.7004890 255 0 0
-0.3126131 -0.1049686 0.7042516 255 0 0
-0.3114513 -0.1051384 0.7053903 255 0 0
-0.3106203 -0.1054222 0.7072943 255 0 0
-0.3081193 -0.1051392 0.7053958 255 0 0
-0.3069484 -0.1053094 0.7065381 255 0 0
-0.3057736 -0.1054802 0.7076840 255 0 0
-0.3042663 -0.1055376 0.7080687 255 0 0
-0.3024307 -0.1054811 0.7076895 255 0 0
-0.2994671 -0.1050283 0.7046517 255 0 0
-0.2974833 -0.1049160 0.7038984 255 0 0
-0.2956622 -0.1048601 0.7035237 255 0 0
-0.2935283 -0.1046921 0.7023965 255 0 0
-0.2918694 -0.1046925 0.7023993 255 0 0
-0.2897462 -0.1045255 0.7012785 255 0 0
-0.2882439 -0.1045818 0.7016562 255 0 0
-0.2852140 -0.1040813 0.6982982 255 0 0
-0.2834139 -0.1040263 0.6979295 255 0 0
-0.2805715 -0.1035860 0.6949750 255 0 0
-0.2789300 -0.1035864 0.6949776 255 0 0
-0.2764101 -0.1032586 0.6927788 255 0 0
-0.2744839 -0.1031501 0.6920506 255 0 0
-0.2725618 -0.1030418 0.6913242 255 0 0
-0.2706438 -0.1029337 0.6905991 255 0 0
-0.2685885 -0.1027719 0.6895131 255 0 0
-0.2662603 -0.1025029 0.6877089 255 0 0
-0.2642215 -0.1023428 0.6866347 255 0 0
-0.2621881 -0.1021828 0.6855612 255 0 0
-0.2600254 -0.1019701 0.6841341 255 0 0
-0.2582748 -0.1019174 0.6837803 255 0 0
-0.2562591 -0.1017587 0.6827157 255 0 0
-0.2542496 -0.1016005 0.6816544 255 0 0
-0.2521157 -0.1013903 0.6802437 255 0 0
-0.2506388 -0.1014432 0.6805991 255 0 0
-0.2486443 -0.1012860 0.6795443 255 0 0
-0.2470392 -0.1012864 0.6795470 255 0 0
-0.2446738 -0.1009731 0.6774448 255 0 0
-0.2433248 -0.1010778 0.6781476 255 0 0
-0.2417230 -0.1010782 0.6781502 255 0 0
-0.2399971 -0.1010264 0.6778026 255 0 0
-0.2381500 -0.1009225 0.6771057 255 0 0
-0.2366727 -0.1009750 0.6774579 255 0 0
-0.2348299 -0.1008713 0.6767617 255 0 0
-0.2331111 -0.1008197 0.6764156 255 0 0
-0.2315134 -0.1008201 0.6764182 255 0 0
-0.2300341 -0.1008724 0.6767696 255 0 0
-0.2286713 -0.1009770 0.6774710 255 0 0
-0.2269538 -0.1009253 0.6771241 255 0 0
-0.2255871 -0.1010299 0.6778262 255 0 0
-0.2236394 -0.1008740 0.6767801 255 0 0
-0.2229605 -0.1012923 0.6795865 255 0 0
-0.2261569 -0.1034900 0.6943309 255 0 0
-0.2283633 -0.1068251 0.7167068 255 0 0
-0.2270422 -0.1070008 0.7178858 255 0 0
-0.2253464 -0.1070012 0.7178886 255 0 0
-0.2236505 -0.1070016 0.7178913 255 0 0
-0.2220770 -0.1070610 0.7182899 255 0 0
-0.2205009 -0.1071201 0.7186860 255 0 0
-0.2186833 -0.1070619 0.7182953 255 0 0
-0.2169865 -0.1070623 0.7182981 255 0 0
-0.2155256 -0.1071800 0.7190881 255 0 0
-0.2137097 -0.1071217 0.7186971 255 0 0
-0.2123608 -0.1072984 0.7198827 255 0 0
-0.2106602 -0.1072989 0.7198855 255 0 0
-0.2087305 -0.1071817 0.7190993 255 0 0
-0.2070317 -0.1071821 0.7191020 255 0 0
-0.2054455 -0.1072413 0.7194991 255 0 0
-0.2036341 -0.1071829 0.7191076 255 0 0
-0.2018247 -0.1071246 0.7187166 255 0 0
-0.2002365 -0.1071838 0.7191132 255 0 0
-0.1985376 -0.1071842 0.7191160 255 0 0
-0.1967310 -0.1071259 0.7187250 255 0 0
-0.1950330 -0.1071263 0.7187278 255 0 0
-0.1931235 -0.1070095 0.7179441 255 0 0
-0.1917421 -0.1071858 0.7191271 255 0 0
-0.1899391 -0.1071276 0.7187361 255 0 0
-0.1881380 -0.1070693 0.7183454 255 0 0
-0.1863389 -0.1070112 0.7179552 255 0 0
-0.1847439 -0.1070701 0.7183510 255 0 0
-0.1830468 -0.1070706 0.7183538 255 0 0
-0.1811513 -0.1069539 0.7175711 255 0 0
-0.1793580 -0.1068959 0.7171817 255 0 0
-0.1777607 -0.1069547 0.7175766 255 0 0
-0.1759692 -0.1068967 0.7171873 255 0 0
-0.1742748 -0.1068971 0.7171900 255 0 0
-0.1725804 -0.1068975 0.7171928 255 0 0
-0.1709794 -0.1069564 0.7175877 255 0 0
-0.1687305 -0.1066071 0.7152442 255 0 0
-0.1668589 -0.1064914 0.7144682 255 0 0
-0.1657121 -0.1068408 0.7168123 255 0 0
-0.1453399 -0.0987542 0.6625581 255 0 0
-0.1432683 -0.0984069 0.6602278 255 0 0
-0.1417797 -0.0984568 0.6605626 255 0 0
-0.1402190 -0.0984572 0.6605652 255 0 0
-0.1387281 -0.0985071 0.6609004 255 0 0
-0.1368227 -0.0982605 0.6592459 255 0 0
-0.1351294 -0.0981623 0.6585869 255 0 0
-0.1335063 -0.0981135 0.6582593 255 0 0
-0.1319510 -0.0981139 0.6582618 255 0 0
-0.1302651 -0.0980159 0.6576048 255 0 0
-0.1287114 -0.0980163 0.6576074 255 0 0
-0.1271576 -0.0980167 0.6576099 255 0 0
-0.1256668 -0.0980662 0.6579421 255 0 0
-0.1242367 -0.0981650 0.6586047 255 0 0
-0.1226191 -0.0981161 0.6582771 255 0 0
-0.1211245 -0.0981657 0.6586099 255 0 0
-0.1195683 -0.0981661 0.6586124 255 0 0
-0.1181900 -0.0983145 0.6596078 255 0 0
-0.1167488 -0.0984138 0.6602738 255 0 0
-0.1152467 -0.0984637 0.6606087 255 0 0
-0.1139726 -0.0987124 0.6622776 255 0 0
-0.1125781 -0.0988624 0.6632841 255 0 0
-0.1111794 -0.0990129 0.6642936 255 0 0
-0.1083687 -0.0993148 0.6663193 255 0 0
-0.1070660 -0.0995679 0.6680172 255 0 0
-0.1055413 -0.0996190 0.6683599 255 0 0
-0.1041210 -0.0997718 0.6693850 255 0 0
-0.1027489 -0.0999761 0.6707556 255 0 0
-0.1044513 -0.1065651 0.7149625 255 0 0
-0.1028178 -0.1066236 0.7153549 255 0 0
-0.3645611 -0.0997541 0.6800619 255 0 0
-0.3625792 -0.0996512 0.6793602 255 0 0
-0.3606015 -0.0995485 0.6786600 255 0 0
-0.3582575 -0.0993433 0.6772612 255 0 0
-0.3564742 -0.0992924 0.6769144 255 0 0
-0.3546927 -0.0992416 0.6765679 255 0 0
-0.3529130 -0.0991908 0.6762218 255 0 0
-0.3514973 -0.0992424 0.6765732 255 0 0
-0.3495390 -0.0991405 0.6758787 255 0 0
-0.3479429 -0.0991409 0.6758813 255 0 0
-0.3461685 -0.0990902 0.6755359 255 0 0
-0.3447508 -0.0991417 0.6758866 255 0 0
-0.3433315 -0.0991931 0.6762376 255 0 0
-0.3417346 -0.0991935 0.6762402 255 0 0
-0.3401376 -0.0991939 0.6762428 255 0 0
-0.3388899 -0.0992967 0.6769432 255 0 0
-0.3378142 -0.0994510 0.6779953 255 0 0
-0.3363869 -0.0995028 0.6783485 255 0 0
-0.3349581 -0.0995546 0.6787021 255 0 0
-0.3337005 -0.0996581 0.6794075 255 0 0
-0.3322681 -0.0997102 0.6797622 255 0 0
-0.3310057 -0.0998140 0.6804700 255 0 0
-0.3302551 -0.1000739 0.6822418 255 0 0
-0.3295006 -0.1003351 0.6840229 255 0 0
-0.3287422 -0.1005978 0.6858133 255 0 0
-0.3284962 -0.1010206 0.6886960 255 0 0
-0.3279025 -0.1013402 0.6908745 255 0 0
-0.3273050 -0.1016617 0.6930669 255 0 0
-0.3254962 -0.1016085 0.6927037 255 0 0
-0.3242026 -0.1017163 0.6934386 255 0 0
-0.3214356 -0.1018782 0.6945425 255 0 0
-0.3203040 -0.1020406 0.6956500 255 0 0
-0.3193384 -0.1022579 0.6971312 255 0 0
-0.3180299 -0.1023671 0.6978756 255 0 0
-0.3163817 -0.1023675 0.6978782 255 0 0
-0.3149010 -0.1024224 0.6982523 255 0 0
-0.3147594 -0.1029157 0.7016155 255 0 0
-0.3190743 -0.1048790 0.7150005 255 0 0
-0.3182528 -0.1051660 0.7169569 255 0 0
-0.3163867 -0.1051090 0.7165681 255 0 0
-0.3146943 -0.1051094 0.7165709 255 0 0
-0.3128310 -0.1050524 0.7161825 255 0 0
-0.3116499 -0.1052251 0.7173600 255 0 0
-0.3096170 -0.1051106 0.7165792 255 0 0
-0.3077565 -0.1050536 0.7161908 255 0 0
-0.3063995 -0.1051689 0.7169763 255 0 0
-0.3045397 -0.1051118 0.7165875 255 0 0
-0.3028472 -0.1051122 0.7165903 255 0 0
-0.2998446 -0.1046554 0.7134758 255 0 0
-0.2976739 -0.1044853 0.7123165 255 0 0
-0.2966356 -0.1047131 0.7138695 255 0 0
-0.2938305 -0.1043163 0.7111638 255 0 0
-0.2896390 -0.1034198 0.7050523 255 0 0
-0.2873561 -0.1031984 0.7035428 255 0 0
-0.2840203 -0.1025941 0.6994230 255 0 0
-0.2811694 -0.1021588 0.6964559 255 0 0
-0.2787845 -0.1018888 0.6946151 255 0 0
-0.2774376 -0.1019972 0.6953540 255 0 0
-0.2749211 -0.1016743 0.6931528 255 0 0
-0.2727076 -0.1014603 0.6916940 255 0 0
-0.2706459 -0.1013006 0.6906046 255 0 0
-0.2687318 -0.1011944 0.6898811 255 0 0
-0.2666817 -0.1010355 0.6887974 255 0 0
-0.2642236 -0.1007190 0.6866401 255 0 0
-0.2626017 -0.1007194 0.6866428 255 0 0
-0.2604348 -0.1005094 0.6852112 255 0 0
-0.2586812 -0.1004574 0.6848562 255 0 0
-0.2567955 -0.1003530 0.6841448 255 0 0
-0.2549137 -0.1002489 0.6834348 255 0 0
-0.2530358 -0.1001449 0.6827263 255 0 0
-0.2512924 -0.1000933 0.6823739 255 0 0
-0.2492917 -0.0999377 0.6813138 255 0 0
-0.2478111 -0.0999900 0.6816703 255 0 0
-0.2454359 -0.0996798 0.6795549 255 0 0
-0.2437046 -0.0996286 0.6792059 255 0 0
-0.2421002 -0.0996289 0.6792085 255 0 0
-0.2403714 -0.0995778 0.6788598 255 0 0
-0.2387679 -0.0995782 0.6788625 255 0 0
-0.2370416 -0.0995271 0.6785140 255 0 0
-0.2355607 -0.0995789 0.6788677 255 0 0
-0.2338361 -0.0995278 0.6785192 255 0 0
-0.2318737 -0.0993741 0.6774711 255 0 0
-0.2303923 -0.0994258 0.6778236 255 0 0
-0.2292648 -0.0996320 0.6792296 255 0 0
-0.2277782 -0.0996840 0.6795839 255 0 0
-0.2298630 -0.1013108 0.6906741 255 0 0
-0.2336995 -0.1052439 0.7174878 255 0 0
-0.2320046 -0.1052443 0.7174906 255 0 0
-0.2304357 -0.1053023 0.7178859 255 0 0
-0.2286148 -0.1052451 0.7174961 255 0 0
-0.2270440 -0.1053031 0.7178914 255 0 0
-0.2254715 -0.1053611 0.7182871 255 0 0
-0.2237747 -0.1053615 0.7182899 255 0 0
-0.2220779 -0.1053619 0.7182927 255 0 0
-0.2203819 -0.1053628 0.7182983 255 0 0
-0.2185654 -0.1053055 0.7179081 255 0 0
-0.2168695 -0.1053059 0.7179109 255 0 0
-0.2151735 -0.1053063 0.7179136 255 0 0
-0.2134776 -0.1053068 0.7179164 255 0 0
-0.2117816 -0.1053072 0.7179192 255 0 0
-0.2100856 -0.1053076 0.7179220 255 0 0
-0.2083896 -0.1053080 0.7179248 255 0 0
-0.2068067 -0.1053660 0.7183205 255 0 0
-0.2051098 -0.1053664 0.7183232 255 0 0
-0.2033015 -0.1053092 0.7179331 255 0 0
-0.2017158 -0.1053673 0.7183288 255 0 0
-0.1999094 -0.1053100 0.7179387 255 0 0
-0.1467583 -0.0970890 0.6618925 255 0 0
-0.1452677 -0.0971383 0.6622290 255 0 0
-0.1437031 -0.0971387 0.6622316 255 0 0
-0.1420668 -0.0970901 0.6619002 255 0 0
-0.1400087 -0.0967490 0.6595747 255 0 0
-0.1382425 -0.0966041 0.6585870 255 0 0
-0.1365495 -0.0965076 0.6579294 255 0 0
-0.1348598 -0.0964113 0.6572730 255 0 0
-0.1332401 -0.0963635 0.6569467 255 0 0
-0.1315563 -0.0962675 0.6562923 255 0 0
-0.1300056 -0.0962679 0.6562949 255 0 0
-0.1284550 -0.0962682 0.6562974 255 0 0
-0.1269043 -0.0962686 0.6562999 255 0 0
-0.1253536 -0.0962690 0.6563025 255 0 0
-0.1238029 -0.0962694 0.6563050 255 0 0
-0.1223134 -0.0963179 0.6566358 255 0 0
-0.1208828 -0.0964147 0.6572959 255 0 0
-0.1193895 -0.0964634 0.6576278 255 0 0
-0.1179539 -0.0965605 0.6582899 255 0 0
-0.1165153 -0.0966578 0.6589534 255 0 0
-0.1150739 -0.0967553 0.6596181 255 0 0
-0.1138586 -0.0970483 0.6616153 255 0 0
-0.1124086 -0.0971466 0.6622854 255 0 0
-0.1110117 -0.0972942 0.6632918 255 0 0
-0.1083146 -0.0976895 0.6659865 255 0 0
-0.1069580 -0.0978885 0.6673433 255 0 0
-0.1053276 -0.0978391 0.6670067 255 0 0
-0.1039099 -0.0979889 0.6680276 255 0 0
-0.1028022 -0.0984401 0.6711038 255 0 0
-0.1038862 -0.1043062 0.7110950 255 0 0
-0.1028186 -0.1049319 0.7153605 255 0 0
-0.3629580 -0.0981462 0.6800699 255 0 0
-0.3604179 -0.0978929 0.6783144 255 0 0
-0.3586307 -0.0978427 0.6779665 255 0 0
-0.3570297 -0.0978430 0.6779692 255 0 0
-0.3550617 -0.0977424 0.6772718 255 0 0
-0.3530977 -0.0976420 0.6765758 255 0 0
-0.3515000 -0.0976423 0.6765784 255 0 0
-0.3497219 -0.0975924 0.6762323 255 0 0
-0.3481250 -0.0975928 0.6762350 255 0 0
-0.3465281 -0.0975931 0.6762376 255 0 0
-0.3451090 -0.0976438 0.6765889 255 0 0
-0.3436885 -0.0976946 0.6769407 255 0 0
-0.3419134 -0.0976446 0.6765942 255 0 0
-0.3403156 -0.0976450 0.6765968 255 0 0
-0.3390675 -0.0977462 0.6772980 255 0 0
-0.3376423 -0.0977970 0.6776505 255 0 0
-0.3363895 -0.0978985 0.6783538 255 0 0
-0.3349607 -0.0979496 0.6787074 255 0 0
-0.3337031 -0.0980514 0.6794129 255 0 0
-0.3326154 -0.0982043 0.6804727 255 0 0
-0.3310083 -0.0982047 0.6804754 255 0 0
-0.3302577 -0.0984604 0.6822472 255 0 0
-0.3303644 -0.0989755 0.6858160 255 0 0
-0.3302986 -0.0994437 0.6890603 255 0 0
-0.3293633 -0.0996534 0.6905137 255 0 0
-0.3285972 -0.0999167 0.6923382 255 0 0
-0.3271347 -0.0999699 0.6927064 255 0 0
-0.3245470 -0.1001818 0.6941751 255 0 0
-0.3234209 -0.1003415 0.6952814 255 0 0
-0.3219495 -0.1003951 0.6956527 255 0 0
-0.3211579 -0.1006623 0.6975045 255 0 0
-0.3196806 -0.1007163 0.6978783 255 0 0
-0.3193915 -0.1011471 0.7008633 255 0 0
-0.3211674 -0.1022398 0.7084347 255 0 0
-0.3212895 -0.1033563 0.7161714 255 0 0
-0.3197727 -0.1034131 0.7165654 255 0 0
-0.3180816 -0.1034140 0.7165710 255 0 0
-0.3165620 -0.1034709 0.7169653 255 0 0
-0.3148687 -0.1034713 0.7169681 255 0 0
-0.3130043 -0.1034152 0.7165793 255 0 0
-0.3113119 -0.1034156 0.7165820 255 0 0
-0.3097886 -0.1034725 0.7169763 255 0 0
-0.3082637 -0.1035294 0.7173712 255 0 0
-0.3065694 -0.1035298 0.7173739 255 0 0
-0.3048751 -0.1035302 0.7173767 255 0 0
-0.3031807 -0.1035306 0.7173795 255 0 0
-0.3011571 -0.1034180 0.7165987 255 0 0
-0.2994645 -0.1034184 0.7166014 255 0 0
-0.2979347 -0.1034753 0.7169958 255 0 0
-0.2960795 -0.1034192 0.7166070 255 0 0
-0.2942262 -0.1033631 0.7162186 255 0 0
-0.2922155 -0.1032508 0.7154403 255 0 0
-0.2903674 -0.1031949 0.7150532 255 0 0
-0.2882073 -0.1030269 0.7138889 255 0 0
-0.2855889 -0.1026921 0.7115688 255 0 0
-0.2780291 -0.1005659 0.6968366 255 0 0
-0.2755054 -0.1002469 0.6946260 255 0 0
-0.2722792 -0.0996669 0.6906072 255 0 0
-0.2706480 -0.0996673 0.6906099 255 0 0
-0.2687339 -0.0995629 0.6898865 255 0 0
-0.2669640 -0.0995110 0.6895266 255 0 0
-0.2643640 -0.0991471 0.6870049 255 0 0
-0.2624664 -0.0990437 0.6862890 255 0 0
-0.2607091 -0.0989923 0.6859329 255 0 0
-0.2588183 -0.0988893 0.6852192 255 0 0
-0.2567975 -0.0987351 0.6841502 255 0 0
-0.2551815 -0.0987354 0.6841528 255 0 0
-0.2533014 -0.0986330 0.6834428 255 0 0
-0.2515560 -0.0985820 0.6830897 255 0 0
-0.2495528 -0.0984287 0.6820273 255 0 0
-0.2479418 -0.0984291 0.6820300 255 0 0
-0.2458198 -0.0982253 0.6806177 255 0 0
-0.2440855 -0.0981747 0.6802675 255 0 0
-0.2423530 -0.0981242 0.6799176 255 0 0
-0.2406222 -0.0980738 0.6795681 255 0 0
-0.2391408 -0.0981250 0.6799229 255 0 0
-0.2372889 -0.0980238 0.6792217 255 0 0
-0.2359287 -0.0981258 0.6799282 255 0 0
-0.2343226 -0.0981261 0.6799308 255 0 0
-0.2325960 -0.0980757 0.6795813 255 0 0
-0.2317106 -0.0983818 0.6817020 255 0 0
-0.2369833 -0.1020396 0.7070475 255 0 0
-0.2372208 -0.1036029 0.7178804 255 0 0
-0.2355250 -0.1036033 0.7178831 255 0 0
-0.2338292 -0.1036037 0.7178859 255 0 0
-0.2321333 -0.1036041 0.7178887 255 0 0
-0.2304375 -0.1036045 0.7178915 255 0 0
-0.2288669 -0.1036616 0.7182872 255 0 0
-0.2271701 -0.1036620 0.7182900 255 0 0
-0.2253499 -0.1036057 0.7178998 255 0 0
-0.2235326 -0.1035499 0.7175128 255 0 0
-0.2219590 -0.1036069 0.7179081 255 0 0
-0.2202631 -0.1036073 0.7179109 255 0 0
-0.2185671 -0.1036077 0.7179137 255 0 0
-0.2166342 -0.1034949 0.7171319 255 0 0
-0.2149401 -0.1034953 0.7171347 255 0 0
-0.2132459 -0.1034957 0.7171374 255 0 0
-0.2116675 -0.1035527 0.7175323 255 0 0
-0.1466116 -0.0954274 0.6612309 255 0 0
-0.1447576 -0.0952359 0.6599038 255 0 0
-0.1431266 -0.0951884 0.6595747 255 0 0
-0.1409314 -0.0947606 0.6566105 255 0 0
-0.1395895 -0.0949034 0.6575998 255 0 0
-0.1378287 -0.0947613 0.6566156 255 0 0
-0.1362092 -0.0947143 0.6562899 255 0 0
-0.1344569 -0.0945728 0.6553095 255 0 0
-0.1328423 -0.0945260 0.6549851 255 0 0
-0.1311638 -0.0944322 0.6543347 255 0 0
-0.1296825 -0.0944796 0.6546635 255 0 0
-0.1280718 -0.0944329 0.6543397 255 0 0
-0.1265889 -0.0944803 0.6546686 255 0 0
-0.1249797 -0.0944336 0.6543447 255 0 0
-0.1236185 -0.0945754 0.6553273 255 0 0
-0.1220092 -0.0945286 0.6550028 255 0 0
-0.1205819 -0.0946234 0.6556597 255 0 0
-0.1192113 -0.0947657 0.6566461 255 0 0
-0.1177187 -0.0948135 0.6569772 255 0 0
-0.1162828 -0.0949089 0.6576380 255 0 0
-0.1149016 -0.0950521 0.6586304 255 0 0
-0.1136304 -0.0952915 0.6602893 255 0 0
-0.1120702 -0.0952919 0.6602919 255 0 0
-0.1107887 -0.0955325 0.6619592 255 0 0
-0.1097225 -0.0959684 0.6649796 255 0 0
-0.1069045 -0.0962613 0.6670094 255 0 0
-0.1052749 -0.0962128 0.6666732 255 0 0
-0.1039107 -0.0964090 0.6680328 255 0 0
-0.1024887 -0.0965568 0.6690569 255 0 0
-0.1034946 -0.1022368 0.7084143 255 0 0
-0.1025958 -0.1030155 0.7138101 255 0 0
-0.3629608 -0.0965379 0.6800752 255 0 0
-0.3609806 -0.0964383 0.6793735 255 0 0
-0.3590045 -0.0963389 0.6786733 255 0 0
-0.3568481 -0.0961900 0.6776243 255 0 0
-0.3552479 -0.0961903 0.6776269 255 0 0
-0.3531005 -0.0960419 0.6765811 255 0 0
-0.3513216 -0.0959928 0.6762351 255 0 0
-0.3502663 -0.0961418 0.6772850 255 0 0
-0.3488470 -0.0961918 0.6776374 255 0 0
-0.3472468 -0.0961922 0.6776400 255 0 0
-0.3454681 -0.0961429 0.6772928 255 0 0
-0.3438686 -0.0961433 0.6772954 255 0 0
-0.3424459 -0.0961933 0.6776479 255 0 0
-0.3408456 -0.0961937 0.6776505 255 0 0
-0.3390702 -0.0961444 0.6773033 255 0 0
-0.3379941 -0.0962939 0.6783565 255 0 0
-0.3372640 -0.0965439 0.6801174 255 0 0
-0.3365301 -0.0967951 0.6818874 255 0 0
-0.3361427 -0.0971489 0.6843799 255 0 0
-0.3355767 -0.0974543 0.6865312 255 0 0
-0.3348314 -0.0977103 0.6883348 255 0 0
-0.3344341 -0.0980709 0.6908746 255 0 0
-0.3331533 -0.0981747 0.6916057 255 0 0
-0.3315200 -0.0981750 0.6916084 255 0 0
-0.3302348 -0.0982790 0.6923410 255 0 0
-0.3287733 -0.0983313 0.6927092 255 0 0
-0.3258441 -0.0984356 0.6934441 255 0 0
-0.3252379 -0.0987492 0.6956528 255 0 0
-0.3239384 -0.0988544 0.6963940 255 0 0
-0.3229795 -0.0990651 0.6978784 255 0 0
-0.3216735 -0.0991710 0.6986243 255 0 0
-0.3219090 -0.0997556 0.7027431 255 0 0
-0.3233669 -0.1007271 0.7095869 255 0 0
-0.3237925 -0.1013855 0.7142250 255 0 0
-0.3226325 -0.1015517 0.7153960 255 0 0
-0.3209429 -0.1015521 0.7153988 255 0 0
-0.3194275 -0.1016079 0.7157919 255 0 0
-0.3177370 -0.1016083 0.7157947 255 0 0
-0.3160464 -0.1016087 0.7157974 255 0 0
-0.3140132 -0.1014984 0.7150201 255 0 0
-0.3126652 -0.1016095 0.7158030 255 0 0
-0.3108051 -0.1015545 0.7154155 255 0 0
-0.3091154 -0.1015549 0.7154182 255 0 0
-0.3075934 -0.1016107 0.7158113 255 0 0
-0.3060698 -0.1016666 0.7162048 255 0 0
-0.3038806 -0.1015007 0.7150367 255 0 0
-0.3023565 -0.1015565 0.7154293 255 0 0
-0.3009950 -0.1016677 0.7162131 255 0 0
-0.2991402 -0.1016127 0.7158252 255 0 0
-0.2971252 -0.1015023 0.7150477 255 0 0
-0.2954364 -0.1015027 0.7150505 255 0 0
-0.2942285 -0.1016693 0.7162242 255 0 0
-0.2925368 -0.1016697 0.7162270 255 0 0
-0.2908452 -0.1016701 0.7162297 255 0 0
-0.2883665 -0.1013938 0.7142831 255 0 0
-0.2865234 -0.1013390 0.7138972 255 0 0
-0.2846823 -0.1012843 0.7135118 255 0 0
-0.2825361 -0.1011197 0.7123525 255 0 0
-0.2800933 -0.1008464 0.7104268 255 0 0
-0.2732386 -0.0989717 0.6972204 255 0 0
-0.2698711 -0.0983450 0.6928058 255 0 0
-0.2675284 -0.0980865 0.6909844 255 0 0
-0.2657564 -0.0980352 0.6906234 255 0 0
-0.2626058 -0.0974717 0.6866535 255 0 0
-0.2608475 -0.0974211 0.6862970 255 0 0
-0.2589556 -0.0973197 0.6855826 255 0 0
-0.2567995 -0.0971171 0.6841555 255 0 0
-0.2551835 -0.0971175 0.6841581 255 0 0
-0.2534353 -0.0970672 0.6838043 255 0 0
-0.2520829 -0.0971689 0.6845204 255 0 0
-0.2500747 -0.0970174 0.6834535 255 0 0
-0.2479438 -0.0968161 0.6820353 255 0 0
-0.2463327 -0.0968165 0.6820379 255 0 0
-0.2445945 -0.0967666 0.6816863 255 0 0
-0.2428582 -0.0967167 0.6813350 255 0 0
-0.2413741 -0.0967673 0.6816916 255 0 0
-0.2402631 -0.0969692 0.6831136 255 0 0
-0.2404014 -0.0976814 0.6881310 255 0 0
-0.2419710 -0.0996678 0.7021243 255 0 0
-0.2435705 -0.1010194 0.7116460 255 0 0
-0.2424153 -0.1012394 0.7131958 255 0 0
-0.2398270 -0.1015710 0.7155318 255 0 0
-0.2381368 -0.1015714 0.7155346 255 0 0
-0.2364465 -0.1015718 0.7155374 255 0 0
-0.2350126 -0.1016831 0.7163213 255 0 0
-0.2331931 -0.1016280 0.7159333 255 0 0
-0.2316283 -0.1016839 0.7163268 255 0 0
-0.2299370 -0.1016847 0.7163324 255 0 0
-0.2281204 -0.1016296 0.7159443 255 0 0
-0.2263056 -0.1015746 0.7155567 255 0 0
-0.2248605 -0.1016858 0.7163407 255 0 0
-0.2231683 -0.1016862 0.7163435 255 0 0
-0.2217181 -0.1017978 0.7171292 255 0 0
-0.2197839 -0.1016870 0.7163490 255 0 0
-0.2178538 -0.1015765 0.7155706 255 0 0
-0.2161634 -0.1015769 0.7155734 255 0 0
-0.1461709 -0.0935808 0.6592435 255 0 0
-0.1445408 -0.0935342 0.6589152 255 0 0
-0.1429840 -0.0935345 0.6589177 255 0 0
-0.1409325 -0.0932078 0.6566156 255 0 0
-0.1391723 -0.0930685 0.6556343 255 0 0
-0.1373489 -0.0928833 0.6543296 255 0 0
-0.1356676 -0.0927911 0.6536805 255 0 0
-0.1341232 -0.0927915 0.6536830 255 0 0
-0.1325127 -0.0927457 0.6533602 255 0 0
-0.1309039 -0.0926999 0.6530377 255 0 0
-0.1293609 -0.0927002 0.6530402 255 0 0
-0.1277544 -0.0926545 0.6527181 255 0 0
-0.1262750 -0.0927009 0.6530453 255 0 0
-0.1247941 -0.0927474 0.6533729 255 0 0
-0.1233117 -0.0927940 0.6537008 255 0 0
-0.1218278 -0.0928406 0.6540290 255 0 0
-0.1204024 -0.0929335 0.6546839 255 0 0
-0.1189149 -0.0929803 0.6550130 255 0 0
-0.1174844 -0.0930735 0.6556699 255 0 0
-0.1159931 -0.0931204 0.6560000 255 0 0
-0.1145576 -0.0932139 0.6566588 255 0 0
-0.1132326 -0.0934011 0.6579779 255 0 0
-0.1119022 -0.0935891 0.6593022 255 0 0
-0.1106222 -0.0938251 0.6609645 255 0 0
-0.1095569 -0.0942525 0.6639758 255 0 0
-0.1083167 -0.0945398 0.6659995 255 0 0
-0.1067972 -0.0945882 0.6663401 255 0 0
-0.1037531 -0.0946846 0.6670198 255 0 0
-0.1024895 -0.0949746 0.6690621 255 0 0
-0.1033281 -0.1003989 0.7072748 255 0 0
-0.3633404 -0.0950281 0.6807864 255 0 0
-0.3611705 -0.0948807 0.6797308 255 0 0
-0.3588217 -0.0946849 0.6783277 255 0 0
-0.3572198 -0.0946852 0.6783302 255 0 0
-0.3556180 -0.0946856 0.6783329 255 0 0
-0.3534679 -0.0945393 0.6772850 255 0 0
-0.3518685 -0.0945397 0.6772876 255 0 0
-0.3506311 -0.0946378 0.6779903 255 0 0
-0.3490300 -0.0946381 0.6779929 255 0 0
-0.3476085 -0.0946874 0.6783460 255 0 0
-0.3458278 -0.0946389 0.6779981 255 0 0
-0.3444047 -0.0946882 0.6783513 255 0 0
-0.3428027 -0.0946885 0.6783539 255 0 0
-0.3417308 -0.0948360 0.6794104 255 0 0
-0.3411864 -0.0951319 0.6815306 255 0 0
-0.3413501 -0.0956291 0.6850920 255 0 0
-0.3400874 -0.0957294 0.6858109 255 0 0
-0.3389731 -0.0963341 0.6901426 255 0 0
-0.3378765 -0.0964867 0.6912361 255 0 0
-0.3364213 -0.0965379 0.6916031 255 0 0
-0.3351413 -0.0966402 0.6923356 255 0 0
-0.3336823 -0.0966916 0.6927038 255 0 0
-0.3318712 -0.0966409 0.6923410 255 0 0
-0.3304105 -0.0966923 0.6927092 255 0 0
-0.3287745 -0.0966927 0.6927119 255 0 0
-0.3276576 -0.0968465 0.6938136 255 0 0
-0.3270567 -0.0971551 0.6960246 255 0 0
-0.3255856 -0.0972070 0.6963967 255 0 0
-0.3244576 -0.0973625 0.6975101 255 0 0
-0.3261042 -0.0983563 0.7046301 255 0 0
-0.3253136 -0.0986215 0.7065301 255 0 0
-0.3245188 -0.0988882 0.7084403 255 0 0
-0.3249511 -0.0995335 0.7130633 255 0 0
-0.3234428 -0.0995880 0.7134538 255 0 0
-0.3219329 -0.0996425 0.7138448 255 0 0
-0.3202470 -0.0996429 0.7138475 255 0 0
-0.3187345 -0.0996976 0.7142389 255 0 0
-0.3173932 -0.0998066 0.7150201 255 0 0
-0.3157044 -0.0998070 0.7150229 255 0 0
-0.3136738 -0.0996987 0.7142472 255 0 0
-0.3119869 -0.0996991 0.7142500 255 0 0
-0.3104689 -0.0997538 0.7146417 255 0 0
-0.3086130 -0.0996999 0.7142555 255 0 0
-0.3072606 -0.0998089 0.7150367 255 0 0
-0.3054053 -0.0997550 0.7146500 255 0 0
-0.3037174 -0.0997553 0.7146528 255 0 0
-0.3020295 -0.0997557 0.7146556 255 0 0
-0.3003416 -0.0997561 0.7146583 255 0 0
-0.2983287 -0.0996479 0.7138835 255 0 0
-0.2969657 -0.0997569 0.7146639 255 0 0
-0.2951170 -0.0997030 0.7142776 255 0 0
-0.2934300 -0.0997034 0.7142804 255 0 0
-0.2915842 -0.0996495 0.7138945 255 0 0
-0.2900558 -0.0997041 0.7142860 255 0 0
-0.2880551 -0.0995961 0.7135119 255 0 0
-0.2863698 -0.0995965 0.7135146 255 0 0
-0.2843753 -0.0994886 0.7127422 255 0 0
-0.2822319 -0.0993272 0.7115854 255 0 0
-0.2805511 -0.0993275 0.7115881 255 0 0
-0.2790217 -0.0993818 0.7119771 255 0 0
-0.2771896 -0.0993283 0.7115937 255 0 0
-0.2755088 -0.0993287 0.7115964 255 0 0
-0.2733833 -0.0991678 0.7104434 255 0 0
-0.2715581 -0.0991145 0.7100617 255 0 0
-0.2695892 -0.0990077 0.7092968 255 0 0
-0.2644838 -0.0977405 0.7002185 255 0 0
-0.2592333 -0.0964034 0.6906395 255 0 0
-0.2558525 -0.0957491 0.6859517 255 0 0
-0.2546315 -0.0958998 0.6870317 255 0 0
-0.2536727 -0.0961519 0.6888375 255 0 0
-0.2524432 -0.0963039 0.6899267 255 0 0
-0.2510306 -0.0970184 0.6950452 255 0 0
-0.2515202 -0.0978480 0.7009883 255 0 0
-0.2532465 -0.0991727 0.7104791 255 0 0
-0.2518409 -0.0992806 0.7112520 255 0 0
-0.2500253 -0.0992272 0.7108695 255 0 0
-0.2484807 -0.0992814 0.7112576 255 0 0
-0.2468006 -0.0992818 0.7112603 255 0 0
-0.2453865 -0.0993899 0.7120349 255 0 0
-0.2439694 -0.0994983 0.7128112 255 0 0
-0.2421540 -0.0994447 0.7124270 255 0 0
-0.2404711 -0.0994450 0.7124298 255 0 0
-0.2391778 -0.0996077 0.7135948 255 0 0
-0.2373630 -0.0995539 0.7132097 255 0 0
-0.2358065 -0.0996084 0.7136003 255 0 0
-0.2342481 -0.0996630 0.7139913 255 0 0
-0.2328148 -0.0997719 0.7147718 255 0 0
-0.2313784 -0.0998811 0.7155541 255 0 0
-0.2295629 -0.0998271 0.7151669 255 0 0
-0.2275016 -0.0996645 0.7140023 255 0 0
-0.2260609 -0.0997735 0.7147828 255 0 0
-0.2244947 -0.0998283 0.7151752 255 0 0
-0.2228052 -0.0998286 0.7151780 255 0 0
-0.1479525 -0.0921602 0.6602409 255 0 0
-0.1460254 -0.0919294 0.6585872 255 0 0
-0.1443251 -0.0918379 0.6579321 255 0 0
-0.1426277 -0.0917463 0.6572757 255 0 0
-0.1405119 -0.0913806 0.6546561 255 0 0
-0.1387576 -0.0912445 0.6536806 255 0 0
-0.1370085 -0.0911087 0.6527081 255 0 0
-0.1353990 -0.0910638 0.6523862 255 0 0
-0.1337911 -0.0910189 0.6520647 255 0 0
-0.1321192 -0.0909289 0.6514200 255 0 0
-0.1306449 -0.0909744 0.6517459 255 0 0
-0.1289770 -0.0908845 0.6511019 255 0 0
-0.1275018 -0.0909300 0.6514275 255 0 0
-0.1260252 -0.0909755 0.6517535 255 0 0
-0.1244853 -0.0909758 0.6517560 255 0 0
-0.1230675 -0.0910666 0.6524063 255 0 0
-0.1215260 -0.0910670 0.6524089 255 0 0
-0.1201039 -0.0911579 0.6530605 255 0 0
-0.1186789 -0.0912491 0.6537135 255 0 0
-0.1173096 -0.0913859 0.6546940 255 0 0
-0.1158204 -0.0914319 0.6550232 255 0 0
-0.1143298 -0.0914779 0.6553528 255 0 0
-0.1131201 -0.0917531 0.6573241 255 0 0
-0.1116788 -0.0918454 0.6579856 255 0 0
-0.1105118 -0.0921691 0.6603048 255 0 0
-0.1093917 -0.0925419 0.6629751 255 0 0
-0.1080982 -0.0927765 0.6646559 255 0 0
-0.1066356 -0.0928709 0.6653321 255 0 0
-0.1052235 -0.0930127 0.6663479 255 0 0
-0.1023859 -0.0932971 0.6683860 255 0 0
-0.1036081 -0.0989929 0.7091909 255 0 0
-0.3613605 -0.0933215 0.6800885 255 0 0
-0.3597546 -0.0933219 0.6800912 255 0 0
-0.3579630 -0.0932739 0.6797414 255 0 0
-0.3565425 -0.0933226 0.6800964 255 0 0
-0.3549365 -0.0933230 0.6800991 255 0 0
-0.3538808 -0.0934687 0.6811610 255 0 0
-0.3522722 -0.0934691 0.6811637 255 0 0
-0.3502999 -0.0933725 0.6804597 255 0 0
-0.3494180 -0.0935670 0.6818770 255 0 0
-0.3478076 -0.0935673 0.6818796 255 0 0
-0.3460175 -0.0935191 0.6815280 255 0 0
-0.3458453 -0.0939097 0.6843747 255 0 0
-0.3453098 -0.0942049 0.6865260 255 0 0
-0.3447710 -0.0945019 0.6886908 255 0 0
-0.3422354 -0.0947012 0.6901426 255 0 0
-0.3413238 -0.0949012 0.6916004 255 0 0
-0.3396905 -0.0949016 0.6916031 255 0 0
-0.3384140 -0.0950021 0.6923357 255 0 0
-0.3369568 -0.0950526 0.6927040 255 0 0
-0.3353209 -0.0950530 0.6927066 255 0 0
-0.3335089 -0.0950032 0.6923438 255 0 0
-0.3320490 -0.0950537 0.6927120 255 0 0
-0.3302387 -0.0950039 0.6923491 255 0 0
-0.3289508 -0.0951047 0.6930833 255 0 0
-0.3280070 -0.0953064 0.6945536 255 0 0
-0.3272329 -0.0955597 0.6963995 255 0 0
-0.3268024 -0.0959165 0.6989992 255 0 0
-0.3300754 -0.0973693 0.7095870 255 0 0
-0.3285773 -0.0974224 0.7099738 255 0 0
-0.3269005 -0.0974228 0.7099765 255 0 0
-0.3261060 -0.0976874 0.7119054 255 0 0
-0.3249537 -0.0978471 0.7130689 255 0 0
-0.3236214 -0.0979539 0.7138476 255 0 0
-0.3222861 -0.0980610 0.7146279 255 0 0
-0.3200754 -0.0979014 0.7134650 255 0 0
-0.3187369 -0.0980084 0.7142445 255 0 0
-0.3167053 -0.0979022 0.7134705 255 0 0
-0.3153632 -0.0980092 0.7142500 255 0 0
-0.3135056 -0.0979562 0.7138641 255 0 0
-0.3116500 -0.0979033 0.7134788 255 0 0
-0.3099649 -0.0979037 0.7134815 255 0 0
-0.3081123 -0.0978509 0.7130965 255 0 0
-0.3067615 -0.0979577 0.7138752 255 0 0
-0.3049095 -0.0979049 0.7134898 255 0 0
-0.3033893 -0.0979585 0.7138808 255 0 0
-0.3017032 -0.0979589 0.7138835 255 0 0
-0.2998540 -0.0979060 0.7134981 255 0 0
-0.2983311 -0.0979596 0.7138891 255 0 0
-0.2961615 -0.0978004 0.7127285 255 0 0
-0.2944781 -0.0978008 0.7127312 255 0 0
-0.2929538 -0.0978543 0.7131214 255 0 0
-0.2912695 -0.0978547 0.7131241 255 0 0
-0.2894279 -0.0978019 0.7127395 255 0 0
-0.2877444 -0.0978023 0.7127423 255 0 0
-0.2863721 -0.0979090 0.7135202 255 0 0
-0.2839148 -0.0976439 0.7115882 255 0 0
-0.2820811 -0.0975914 0.7112053 255 0 0
-0.2805533 -0.0976447 0.7115937 255 0 0
-0.2788726 -0.0976451 0.7115965 255 0 0
-0.2773422 -0.0976984 0.7119854 255 0 0
-0.2753617 -0.0975929 0.7112163 255 0 0
-0.2736818 -0.0975933 0.7112191 255 0 0
-0.2720018 -0.0975936 0.7112218 255 0 0
-0.2703219 -0.0975940 0.7112246 255 0 0
-0.2684965 -0.0975415 0.7108420 255 0 0
-0.2665287 -0.0974363 0.7100755 255 0 0
-0.2645651 -0.0973314 0.7093106 255 0 0
-0.2631741 -0.0974371 0.7100810 255 0 0
-0.2616385 -0.0974902 0.7104682 255 0 0
-0.2598197 -0.0974379 0.7100865 255 0 0
-0.2582821 -0.0974910 0.7104737 255 0 0
-0.2570214 -0.0976500 0.7116323 255 0 0
-0.2553404 -0.0976503 0.7116351 255 0 0
-0.2537971 -0.0977037 0.7120240 255 0 0
-0.2517065 -0.0975457 0.7108724 255 0 0
-0.2501628 -0.0975989 0.7112604 255 0 0
-0.2486174 -0.0976522 0.7116489 255 0 0
-0.2472045 -0.0977587 0.7124243 255 0 0
-0.2453884 -0.0977060 0.7120405 255 0 0
-0.2439712 -0.0978125 0.7128168 255 0 0
-0.2422875 -0.0978129 0.7128196 255 0 0
-0.2408653 -0.0979196 0.7135976 255 0 0
-0.2389198 -0.0978136 0.7128251 255 0 0
-0.2374940 -0.0979204 0.7136031 255 0 0
-0.2358083 -0.0979208 0.7136059 255 0 0
-0.2338683 -0.0978148 0.7128334 255 0 0
-0.2320583 -0.0977621 0.7124492 255 0 0
-0.2306257 -0.0978687 0.7132263 255 0 0
-0.2289409 -0.0978691 0.7132291 255 0 0
-0.2272561 -0.0978694 0.7132318 255 0 0
-0.1478050 -0.0905077 0.6595826 255 0 0
-0.1460265 -0.0903718 0.6585923 255 0 0
-0.1435349 -0.0897869 0.6543297 255 0 0
-0.1419889 -0.0897873 0.6543323 255 0 0
-0.1399547 -0.0894754 0.6520596 255 0 0
-0.1385517 -0.0895648 0.6527106 255 0 0
-0.1368055 -0.0894317 0.6517410 255 0 0
-0.1351314 -0.0893433 0.6510969 255 0 0
-0.1334607 -0.0892551 0.6504543 255 0 0
-0.1318585 -0.0892113 0.6501346 255 0 0
-0.1302579 -0.0891675 0.6498153 255 0 0
-0.1287226 -0.0891678 0.6498178 255 0 0
-0.1272502 -0.0892123 0.6501422 255 0 0
-0.1257141 -0.0892127 0.6501447 255 0 0
-0.1242395 -0.0892572 0.6504694 255 0 0
-0.1227634 -0.0893018 0.6507943 255 0 0
-0.1213460 -0.0893908 0.6514428 255 0 0
-0.1198663 -0.0894355 0.6517687 255 0 0
-0.1184439 -0.0895247 0.6524190 255 0 0
-0.1170187 -0.0896142 0.6530707 255 0 0
-0.1155331 -0.0896591 0.6533983 255 0 0
-0.1143306 -0.0899280 0.6553579 255 0 0
-0.1130078 -0.0901083 0.6566716 255 0 0
-0.1116237 -0.0902441 0.6576611 255 0 0
-0.1104016 -0.0905165 0.6596464 255 0 0
-0.1093374 -0.0909280 0.6626456 255 0 0
-0.1079351 -0.0910663 0.6636531 255 0 0
-0.1063669 -0.0910666 0.6636556 255 0 0
-0.1050644 -0.0912977 0.6653399 255 0 0
-0.1024389 -0.0917632 0.6687317 255 0 0
-0.1032741 -0.0970013 0.7069051 255 0 0
-0.3621982 -0.0923357 0.6847107 255 0 0
-0.3603932 -0.0922879 0.6843562 255 0 0
-0.3587771 -0.0922883 0.6843588 255 0 0
-0.3559162 -0.0923854 0.6850789 255 0 0
-0.3542984 -0.0923857 0.6850815 255 0 0
-0.3523126 -0.0922897 0.6843694 255 0 0
-0.3516136 -0.0925314 0.6861617 255 0 0
-0.3501763 -0.0925802 0.6865234 255 0 0
-0.3483728 -0.0925321 0.6861670 255 0 0
-0.3472973 -0.0926779 0.6872480 255 0 0
-0.3451347 -0.0929705 0.6894174 255 0 0
-0.3438680 -0.0930686 0.6901454 255 0 0
-0.3425986 -0.0931670 0.6908749 255 0 0
-0.3411467 -0.0932164 0.6912416 255 0 0
-0.3398724 -0.0933151 0.6919733 255 0 0
-0.3384166 -0.0933647 0.6923411 255 0 0
-0.3367816 -0.0933651 0.6923438 255 0 0
-0.3351465 -0.0933654 0.6923465 255 0 0
-0.3336876 -0.0934151 0.6927148 255 0 0
-0.3322271 -0.0934648 0.6930833 255 0 0
-0.3307649 -0.0935146 0.6934523 255 0 0
-0.3294755 -0.0936139 0.6941888 255 0 0
-0.3283572 -0.0937631 0.6952951 255 0 0
-0.3302150 -0.0947679 0.7027460 255 0 0
-0.3315745 -0.0956391 0.7092063 255 0 0
-0.3307936 -0.0958986 0.7111310 255 0 0
-0.3291141 -0.0958990 0.7111338 255 0 0
-0.3274346 -0.0958994 0.7111365 255 0 0
-0.3261086 -0.0960038 0.7119110 255 0 0
-0.3247797 -0.0961085 0.7126872 255 0 0
-0.3232721 -0.0961611 0.7130772 255 0 0
-0.3217629 -0.0962137 0.7134678 255 0 0
-0.3200778 -0.0962141 0.7134705 255 0 0
-0.3185660 -0.0962668 0.7138615 255 0 0
-0.3167077 -0.0962148 0.7134761 255 0 0
-0.3148514 -0.0961629 0.7130910 255 0 0
-0.3131673 -0.0961633 0.7130938 255 0 0
-0.3114831 -0.0961637 0.7130966 255 0 0
-0.3097988 -0.0961640 0.7130993 255 0 0
-0.3081147 -0.0961644 0.7131021 255 0 0
-0.3065971 -0.0962171 0.7134926 255 0 0
-0.3047462 -0.0961652 0.7131076 255 0 0
-0.3030619 -0.0961655 0.7131104 255 0 0
-0.3013777 -0.0961659 0.7131131 255 0 0
-0.2995306 -0.0961140 0.7127286 255 0 0
-0.2976855 -0.0960622 0.7123444 255 0 0
-0.2960030 -0.0960626 0.7123471 255 0 0
-0.2943206 -0.0960630 0.7123500 255 0 0
-0.2924793 -0.0960112 0.7119662 255 0 0
-0.2911136 -0.0961159 0.7127424 255 0 0
-0.2892730 -0.0960641 0.7123582 255 0 0
-0.2874344 -0.0960123 0.7119744 255 0 0
-0.2855978 -0.0959606 0.7115910 255 0 0
-0.2839171 -0.0959610 0.7115938 255 0 0
-0.2822363 -0.0959614 0.7115965 255 0 0
-0.2804035 -0.0959097 0.7112136 255 0 0
-0.2788747 -0.0959621 0.7116020 255 0 0
-0.2770437 -0.0959105 0.7112191 255 0 0
-0.2755131 -0.0959629 0.7116076 255 0 0
-0.2736839 -0.0959112 0.7112246 255 0 0
-0.2721515 -0.0959636 0.7116131 255 0 0
-0.2703241 -0.0959120 0.7112302 255 0 0
-0.2680629 -0.0957049 0.7096943 255 0 0
-0.2660988 -0.0956018 0.7089303 255 0 0
-0.2647103 -0.0957056 0.7096998 255 0 0
-0.2633187 -0.0958096 0.7104710 255 0 0
-0.2616405 -0.0958100 0.7104738 255 0 0
-0.2599624 -0.0958103 0.7104765 255 0 0
-0.2582841 -0.0958107 0.7104793 255 0 0
-0.2568841 -0.0959149 0.7112522 255 0 0
-0.2554810 -0.0960194 0.7120268 255 0 0
-0.2539369 -0.0960719 0.7124161 255 0 0
-0.2519805 -0.0959681 0.7116461 255 0 0
-0.2501647 -0.0959168 0.7112659 255 0 0
-0.2484846 -0.0959172 0.7112687 255 0 0
-0.2469383 -0.0959696 0.7116572 255 0 0
-0.2451244 -0.0959179 0.7112742 255 0 0
-0.2438407 -0.0960745 0.7124354 255 0 0
-0.2421578 -0.0960749 0.7124382 255 0 0
-0.2404749 -0.0960753 0.7124410 255 0 0
-0.2389217 -0.0961278 0.7128307 255 0 0
-0.2373667 -0.0961804 0.7132208 255 0 0
-0.2355540 -0.0961286 0.7128362 255 0 0
-0.2337431 -0.0960767 0.7124520 255 0 0
-0.1478062 -0.0889478 0.6595877 255 0 0
-0.1454445 -0.0884596 0.6559672 255 0 0
-0.1431792 -0.0880201 0.6527082 255 0 0
-0.1416371 -0.0880204 0.6527107 255 0 0
-0.1397475 -0.0878025 0.6510945 255 0 0
-0.1384151 -0.0879337 0.6520673 255 0 0
-0.1364678 -0.0876727 0.6501322 255 0 0
-0.1349317 -0.0876730 0.6501347 255 0 0
-0.1331977 -0.0875433 0.6491727 255 0 0
-0.1316639 -0.0875436 0.6491752 255 0 0
-0.1300658 -0.0875007 0.6488568 255 0 0
-0.1284058 -0.0874146 0.6482186 255 0 0
-0.1269369 -0.0874582 0.6485413 255 0 0
-0.1254665 -0.0875017 0.6488644 255 0 0
-0.1238722 -0.0874588 0.6485464 255 0 0
-0.1225214 -0.0875890 0.6495115 255 0 0
-0.1210467 -0.0876327 0.6498355 255 0 0
-0.1196890 -0.0877634 0.6508045 255 0 0
-0.1182685 -0.0878508 0.6514529 255 0 0
-0.1168452 -0.0879384 0.6521026 255 0 0
-0.1153617 -0.0879825 0.6524292 255 0 0
-0.1140469 -0.0881580 0.6537313 255 0 0
-0.1127830 -0.0883784 0.6553656 255 0 0
-0.1114013 -0.0885113 0.6563511 255 0 0
-0.1102363 -0.0888225 0.6586587 255 0 0
-0.1091729 -0.0892258 0.6616488 255 0 0
-0.1078269 -0.0894063 0.6629880 255 0 0
-0.1062067 -0.0893616 0.6626559 255 0 0
-0.1049057 -0.0895880 0.6643351 255 0 0
-0.1023354 -0.0900898 0.6680563 255 0 0
-0.1044955 -0.0949206 0.7038783 255 0 0
-0.1029980 -0.0950738 0.7050151 255 0 0
-0.3609595 -0.0908112 0.6854315 255 0 0
-0.3595287 -0.0908590 0.6857925 255 0 0
-0.3579092 -0.0908594 0.6857951 255 0 0
-0.3566626 -0.0909548 0.6865155 255 0 0
-0.3552272 -0.0910028 0.6868775 255 0 0
-0.3536052 -0.0910031 0.6868802 255 0 0
-0.3521675 -0.0910511 0.6872427 255 0 0
-0.3505446 -0.0910515 0.6872454 255 0 0
-0.3494708 -0.0911952 0.6883297 255 0 0
-0.3480278 -0.0912434 0.6886936 255 0 0
-0.3467655 -0.0913396 0.6894201 255 0 0
-0.3456823 -0.0914842 0.6905113 255 0 0
-0.3447775 -0.0916775 0.6919707 255 0 0
-0.3429624 -0.0916296 0.6916086 255 0 0
-0.3416894 -0.0917266 0.6923412 255 0 0
-0.3405935 -0.0918724 0.6934416 255 0 0
-0.3387769 -0.0918243 0.6930780 255 0 0
-0.3371401 -0.0918246 0.6930807 255 0 0
-0.3355033 -0.0918250 0.6930834 255 0 0
-0.3338665 -0.0918253 0.6930861 255 0 0
-0.3325810 -0.0919228 0.6938218 255 0 0
-0.3312928 -0.0920205 0.6945590 255 0 0
-0.3294781 -0.0919721 0.6941943 255 0 0
-0.3285339 -0.0921676 0.6956692 255 0 0
-0.3318171 -0.0935569 0.7061555 255 0 0
-0.3317564 -0.0940126 0.7095954 255 0 0
-0.3302592 -0.0940638 0.7099822 255 0 0
-0.3287603 -0.0941151 0.7103693 255 0 0
-0.3272598 -0.0941665 0.7107568 255 0 0
-0.3255812 -0.0941668 0.7107596 255 0 0
-0.3242539 -0.0942693 0.7115332 255 0 0
-0.3227485 -0.0943209 0.7119221 255 0 0
-0.3210671 -0.0943212 0.7119249 255 0 0
-0.3193857 -0.0943216 0.7119277 255 0 0
-0.3175319 -0.0942708 0.7115443 255 0 0
-0.3158514 -0.0942712 0.7115470 255 0 0
-0.3140006 -0.0942204 0.7111641 255 0 0
-0.3124904 -0.0942719 0.7115526 255 0 0
-0.3106414 -0.0942212 0.7111697 255 0 0
-0.3091293 -0.0942726 0.7115580 255 0 0
-0.2849819 -0.0940737 0.7100564 255 0 0
-0.2833048 -0.0940740 0.7100592 255 0 0
-0.2817801 -0.0941253 0.7104464 255 0 0
-0.2801020 -0.0941257 0.7104491 255 0 0
-0.2785748 -0.0941771 0.7108367 255 0 0
-0.2770459 -0.0942285 0.7112247 255 0 0
-0.2753659 -0.0942288 0.7112274 255 0 0
-0.2733897 -0.0941272 0.7104601 255 0 0
-0.2718588 -0.0941785 0.7108477 255 0 0
-0.2700334 -0.0941279 0.7104656 255 0 0
-0.2680650 -0.0940264 0.7096999 255 0 0
-0.2661009 -0.0939252 0.7089358 255 0 0
-0.2644263 -0.0939256 0.7089385 255 0 0
-0.2628938 -0.0939767 0.7093245 255 0 0
-0.2612183 -0.0939771 0.7093272 255 0 0
-0.2594036 -0.0939270 0.7089495 255 0 0
-0.2564701 -0.0940802 0.7101059 255 0 0
-0.2549306 -0.0941315 0.7104931 255 0 0
-0.2529785 -0.0940301 0.7097273 255 0 0
-0.2513020 -0.0940304 0.7097301 255 0 0
-0.2496255 -0.0940308 0.7097328 255 0 0
-0.2478150 -0.0939803 0.7093519 255 0 0
-0.2468064 -0.0942354 0.7112770 255 0 0
-0.2448608 -0.0941337 0.7105096 255 0 0
-0.2430509 -0.0940831 0.7101279 255 0 0
-0.2415041 -0.0941344 0.7105151 255 0 0
-0.2400858 -0.0942369 0.7112880 255 0 0
-0.2384055 -0.0942372 0.7112908 255 0 0
-0.2363410 -0.0940846 0.7101389 255 0 0
-0.1470689 -0.0869513 0.6562977 255 0 0
-0.1449386 -0.0866053 0.6536858 255 0 0
-0.1430381 -0.0863905 0.6520648 255 0 0
-0.1414272 -0.0863480 0.6517436 255 0 0
-0.1396101 -0.0861771 0.6504544 255 0 0
-0.1378684 -0.0860496 0.6494914 255 0 0
-0.1361990 -0.0859648 0.6488519 255 0 0
-0.1344666 -0.0858379 0.6478937 255 0 0
-0.1328703 -0.0857959 0.6475766 255 0 0
-0.1312108 -0.0857117 0.6469409 255 0 0
-0.1296184 -0.0856698 0.6466248 255 0 0
-0.1280906 -0.0856701 0.6466273 255 0 0
-0.1266251 -0.0857126 0.6469484 255 0 0
-0.1251582 -0.0857552 0.6472699 255 0 0
-0.1236899 -0.0857979 0.6475917 255 0 0
-0.1222200 -0.0858405 0.6479138 255 0 0
-0.1208084 -0.0859257 0.6485565 255 0 0
-0.1193350 -0.0859685 0.6488795 255 0 0
-0.1180352 -0.0861391 0.6501675 255 0 0
-0.1165567 -0.0861821 0.6504921 255 0 0
-0.1151909 -0.0863108 0.6514630 255 0 0
-0.1138211 -0.0864398 0.6524369 255 0 0
-0.1124471 -0.0865692 0.6534136 255 0 0
-0.1111799 -0.0867855 0.6550462 255 0 0
-0.1102371 -0.0872648 0.6586638 255 0 0
-0.1089541 -0.0874846 0.6603228 255 0 0
-0.1077190 -0.0877497 0.6623242 255 0 0
-0.1061540 -0.0877501 0.6623268 255 0 0
-0.1048004 -0.0879279 0.6636686 255 0 0
-0.1022842 -0.0884649 0.6677219 255 0 0
-0.1044403 -0.0932059 0.7035066 255 0 0
-0.1028883 -0.0933063 0.7042642 255 0 0
-0.3617182 -0.0893769 0.6868723 255 0 0
-0.3600962 -0.0893772 0.6868749 255 0 0
-0.3582866 -0.0893308 0.6865182 255 0 0
-0.3572261 -0.0894716 0.6876003 255 0 0
-0.3557888 -0.0895189 0.6879634 255 0 0
-0.3541642 -0.0895192 0.6879661 255 0 0
-0.3525396 -0.0895196 0.6879688 255 0 0
-0.3512834 -0.0896139 0.6886938 255 0 0
-0.3500245 -0.0897084 0.6894202 255 0 0
-0.3485795 -0.0897559 0.6897854 255 0 0
-0.3476817 -0.0899454 0.6912417 255 0 0
-0.3465971 -0.0900882 0.6923386 255 0 0
-0.3451442 -0.0901361 0.6927068 255 0 0
-0.3435084 -0.0901364 0.6927095 255 0 0
-0.3420531 -0.0901844 0.6930781 255 0 0
-0.3405962 -0.0902324 0.6934471 255 0 0
-0.3387795 -0.0901851 0.6930835 255 0 0
-0.3371427 -0.0901854 0.6930861 255 0 0
-0.3355059 -0.0901858 0.6930888 255 0 0
-0.3342222 -0.0902815 0.6938246 255 0 0
-0.3327596 -0.0903296 0.6941943 255 0 0
-0.3311201 -0.0903300 0.6941970 255 0 0
-0.3298297 -0.0904260 0.6949351 255 0 0
-0.3325924 -0.0916398 0.7042631 255 0 0
-0.3327151 -0.0921347 0.7080665 255 0 0
-0.3319385 -0.0923844 0.7099850 255 0 0
-0.3300832 -0.0923347 0.7096037 255 0 0
-0.3284073 -0.0923351 0.7096065 255 0 0
-0.3265548 -0.0922856 0.7092257 255 0 0
-0.3252314 -0.0923858 0.7099960 255 0 0
-0.3240806 -0.0925364 0.7111531 255 0 0
-0.3222264 -0.0924866 0.7107707 255 0 0
-0.3208955 -0.0925873 0.7115443 255 0 0
-0.3190419 -0.0925374 0.7111614 255 0 0
-0.3171904 -0.0924877 0.7107790 255 0 0
-0.3155117 -0.0924880 0.7107817 255 0 0
-0.3138330 -0.0924884 0.7107844 255 0 0
-0.2730961 -0.0923469 0.7096972 255 0 0
-0.2711265 -0.0922475 0.7089331 255 0 0
-0.2693065 -0.0921980 0.7085531 255 0 0
-0.2677775 -0.0922482 0.7089386 255 0 0
-0.2656734 -0.0920996 0.7077969 255 0 0
-0.2626120 -0.0921995 0.7085640 255 0 0
-0.2592656 -0.0922005 0.7085723 255 0 0
-0.2577310 -0.0922507 0.7089578 255 0 0
-0.2561948 -0.0923009 0.7093438 255 0 0
-0.2546569 -0.0923512 0.7097301 255 0 0
-0.2525707 -0.0922020 0.7085832 255 0 0
-0.2507615 -0.0921526 0.7082036 255 0 0
-0.2494925 -0.0923023 0.7093548 255 0 0
-0.2476831 -0.0922528 0.7089743 255 0 0
-0.2458755 -0.0922034 0.7085942 255 0 0
-0.2439383 -0.0921043 0.7078326 255 0 0
-0.1482501 -0.0851859 0.6546639 255 0 0
-0.1460478 -0.0848056 0.6517411 255 0 0
-0.1446517 -0.0848902 0.6523914 255 0 0
-0.1429682 -0.0848062 0.6517462 255 0 0
-0.1412880 -0.0847224 0.6511022 255 0 0
-0.1394730 -0.0845550 0.6498155 255 0 0
-0.1376651 -0.0843882 0.6485339 255 0 0
-0.1359314 -0.0842637 0.6475767 255 0 0
-0.1342689 -0.0841810 0.6469409 255 0 0
-0.1326750 -0.0841398 0.6466248 255 0 0
-0.1309537 -0.0840160 0.6456732 255 0 0
-0.1294281 -0.0840163 0.6456757 255 0 0
-0.1278397 -0.0839754 0.6453608 255 0 0
-0.1263770 -0.0840170 0.6456807 255 0 0
-0.1248514 -0.0840173 0.6456832 255 0 0
-0.1233865 -0.0840590 0.6460034 255 0 0
-0.1219802 -0.0841421 0.6466423 255 0 0
-0.1203930 -0.0841010 0.6463265 255 0 0
-0.1191004 -0.0842673 0.6476043 255 0 0
-0.1177445 -0.0843925 0.6485666 255 0 0
-0.1163846 -0.0845181 0.6495317 255 0 0
-0.1149067 -0.0845602 0.6498558 255 0 0
-0.1136525 -0.0847704 0.6514707 255 0 0
-0.1123362 -0.0849393 0.6527689 255 0 0
-0.1110146 -0.0851089 0.6540723 255 0 0
-0.1099622 -0.0854926 0.6570208 255 0 0
-0.1089002 -0.0858797 0.6599961 255 0 0
-0.1075570 -0.0860531 0.6613285 255 0 0
-0.1059410 -0.0860101 0.6609981 255 0 0
-0.1044843 -0.0860971 0.6616669 255 0 0
-0.1023370 -0.0869299 0.6680668 255 0 0
-0.1044412 -0.0915421 0.7035121 255 0 0
-0.1028339 -0.0915915 0.7038921 255 0 0
-0.3659359 -0.0887749 0.6948813 255 0 0
-0.3639095 -0.0886813 0.6941487 255 0 0
-0.3611238 -0.0884010 0.6919547 255 0 0
-0.3585443 -0.0881689 0.6901375 255 0 0
-0.3571024 -0.0882156 0.6905034 255 0 0
-0.3556589 -0.0882624 0.6908697 255 0 0
-0.3538412 -0.0882163 0.6905088 255 0 0
-0.3523960 -0.0882631 0.6908750 255 0 0
-0.3511342 -0.0883565 0.6916061 255 0 0
-0.3493168 -0.0883103 0.6912444 255 0 0
-0.3482348 -0.0884504 0.6923413 255 0 0
-0.3469660 -0.0885442 0.6930755 255 0 0
-0.3455118 -0.0885914 0.6934444 255 0 0
-0.3436925 -0.0885449 0.6930808 255 0 0
-0.3422365 -0.0885920 0.6934498 255 0 0
-0.3409593 -0.0886861 0.6941863 255 0 0
-0.3389612 -0.0885927 0.6934552 255 0 0
-0.3375019 -0.0886399 0.6938246 255 0 0
-0.3363971 -0.0887811 0.6949298 255 0 0
-0.3358231 -0.0890645 0.6971479 255 0 0
-0.3348884 -0.0892545 0.6986354 255 0 0
-0.3337716 -0.0893977 0.6997559 255 0 0
-0.3356998 -0.0903619 0.7073031 255 0 0
-0.3343899 -0.0904597 0.7080692 255 0 0
-0.3327177 -0.0904601 0.7080719 255 0 0
-0.3315823 -0.0906072 0.7092230 255 0 0
-0.3299073 -0.0906075 0.7092257 255 0 0
-0.3284098 -0.0906569 0.7096120 255 0 0
-0.3265573 -0.0906082 0.7092312 255 0 0
-0.3248823 -0.0906086 0.7092339 255 0 0
-0.3233821 -0.0906579 0.7096203 255 0 0
-0.3220545 -0.0907564 0.7103914 255 0 0
-0.3202034 -0.0907077 0.7100098 255 0 0
-0.3186990 -0.0907571 0.7103969 255 0 0
-0.3170212 -0.0907575 0.7103997 255 0 0
-0.1483252 -0.0836793 0.6549956 255 0 0
-0.1459041 -0.0831816 0.6510997 255 0 0
-0.1445809 -0.0833059 0.6520725 255 0 0
-0.1428984 -0.0832235 0.6514279 255 0 0
-0.1410792 -0.0830590 0.6501399 255 0 0
-0.1393361 -0.0829361 0.6491779 255 0 0
-0.1373270 -0.0826503 0.6469410 255 0 0
-0.1357316 -0.0826099 0.6466249 255 0 0
-0.1340058 -0.0824883 0.6456733 255 0 0
-0.1322851 -0.0823671 0.6447245 255 0 0
-0.1305699 -0.0822466 0.6437810 255 0 0
-0.1291121 -0.0822872 0.6440993 255 0 0
-0.1275903 -0.0822876 0.6441018 255 0 0
-0.1260066 -0.0822475 0.6437885 255 0 0
-0.1246077 -0.0823286 0.6444229 255 0 0
-0.1232061 -0.0824098 0.6450588 255 0 0
-0.1217418 -0.0824507 0.6453784 255 0 0
-0.1203352 -0.0825321 0.6460159 255 0 0
-0.1174553 -0.0826544 0.6469736 255 0 0
-0.1160410 -0.0827363 0.6476144 255 0 0
-0.1146805 -0.0828593 0.6485767 255 0 0
-0.1134844 -0.0831059 0.6505074 255 0 0
-0.1121141 -0.0832300 0.6514783 255 0 0
-0.1109602 -0.0835204 0.6537517 255 0 0
-0.1096338 -0.0836874 0.6550590 255 0 0
-0.1086280 -0.0841074 0.6583464 255 0 0
-0.1073956 -0.0843615 0.6603358 255 0 0
-0.1057289 -0.0842771 0.6596748 255 0 0
-0.1043800 -0.0844471 0.6610059 255 0 0
-0.1026512 -0.0856113 0.6701180 255 0 0
-0.1044420 -0.0898783 0.7035176 255 0 0
-0.1027796 -0.0898786 0.7035203 255 0 0
-0.3689882 -0.0882537 0.7038363 255 0 0
-0.3655611 -0.0878299 0.7004570 255 0 0
-0.3623593 -0.0874567 0.6974807 255 0 0
-0.3601379 -0.0873178 0.6963729 255 0 0
-0.3583032 -0.0872718 0.6960061 255 0 0
-0.3564705 -0.0872259 0.6956398 255 0 0
-0.3544518 -0.0871338 0.6949056 255 0 0
-0.3524375 -0.0870420 0.6941730 255 0 0
-0.3506127 -0.0869963 0.6938086 255 0 0
-0.3491588 -0.0870426 0.6941783 255 0 0
-0.3477034 -0.0870891 0.6945484 255 0 0
-0.3462465 -0.0871355 0.6949190 255 0 0
-0.3444229 -0.0870897 0.6945539 255 0 0
-0.3426014 -0.0870440 0.6941891 255 0 0
-0.3413231 -0.0871365 0.6949271 255 0 0
-0.3398620 -0.0871831 0.6952981 255 0 0
-0.3385788 -0.0872759 0.6960384 255 0 0
-0.3380109 -0.0875549 0.6982637 255 0 0
-0.3387052 -0.0881652 0.7031310 255 0 0
-0.3383138 -0.0884975 0.7057813 255 0 0
-0.3371911 -0.0886409 0.7069248 255 0 0
-0.3360648 -0.0887848 0.7080721 255 0 0
-0.3345731 -0.0888331 0.7084572 255 0 0
-0.3329000 -0.0888334 0.7084599 255 0 0
-0.3312268 -0.0888338 0.7084627 255 0 0
-0.3297317 -0.0888821 0.7088482 255 0 0
-0.3282349 -0.0889305 0.7092341 255 0 0
-0.3265599 -0.0889308 0.7092367 255 0 0
-0.3248848 -0.0889312 0.7092395 255 0 0
-0.3230352 -0.0888835 0.7088591 255 0 0
-0.3215348 -0.0889319 0.7092450 255 0 0
-0.3200327 -0.0889803 0.7096313 255 0 0
-0.1495009 -0.0819255 0.6533682 255 0 0
-0.1480310 -0.0819666 0.6536961 255 0 0
-0.1455443 -0.0814397 0.6494942 255 0 0
-0.1441524 -0.0815207 0.6501399 255 0 0
-0.1424048 -0.0814001 0.6491780 255 0 0
-0.1408014 -0.0813602 0.6488596 255 0 0
-0.1387198 -0.0810400 0.6463066 255 0 0
-0.1369232 -0.0808811 0.6450388 255 0 0
-0.1351999 -0.0807623 0.6440919 255 0 0
-0.1336125 -0.0807231 0.6437786 255 0 0
-0.1318334 -0.0805656 0.6425232 255 0 0
-0.1302516 -0.0805265 0.6422114 255 0 0
-0.1288603 -0.0806057 0.6428428 255 0 0
-0.1272791 -0.0805666 0.6425306 255 0 0
-0.1257609 -0.0805669 0.6425331 255 0 0
-0.1243645 -0.0806461 0.6431652 255 0 0
-0.1227847 -0.0806070 0.6428528 255 0 0
-0.1215038 -0.0807655 0.6441168 255 0 0
-0.1200408 -0.0808054 0.6444355 255 0 0
-0.1185763 -0.0808454 0.6447545 255 0 0
-0.1172256 -0.0809650 0.6457083 255 0 0
-0.1159280 -0.0811249 0.6469836 255 0 0
-0.1130931 -0.0812855 0.6482640 255 0 0
-0.1118375 -0.0814870 0.6498709 255 0 0
-0.1106855 -0.0817706 0.6521332 255 0 0
-0.1095800 -0.0820972 0.6547375 255 0 0
-0.1085744 -0.0825090 0.6580216 255 0 0
-0.1073424 -0.0827582 0.6600090 255 0 0
-0.1057829 -0.0827585 0.6600115 255 0 0
-0.1043283 -0.0828421 0.6606783 255 0 0
-0.1031258 -0.0844142 0.6732160 255 0 0
-0.1042194 -0.0880257 0.7020183 255 0 0
-0.1024510 -0.0879320 0.7012710 255 0 0
-0.3675261 -0.0866359 0.7042223 255 0 0
-0.3641042 -0.0862197 0.7008395 255 0 0
-0.3618693 -0.0860821 0.6997208 255 0 0
-0.3594501 -0.0858991 0.6982340 255 0 0
-0.3574208 -0.0858082 0.6974943 255 0 0
-0.3552071 -0.0856718 0.6963864 255 0 0
-0.3533750 -0.0856267 0.6960196 255 0 0
-0.3515449 -0.0855817 0.6956533 255 0 0
-0.3500877 -0.0856274 0.6960251 255 0 0
-0.3484440 -0.0856277 0.6960278 255 0 0
-0.3468002 -0.0856281 0.6960304 255 0 0
-0.3453397 -0.0856738 0.6964026 255 0 0
-0.3433307 -0.0855833 0.6956668 255 0 0
-0.3416878 -0.0855837 0.6956695 255 0 0
-0.3400449 -0.0855840 0.6956722 255 0 0
-0.3393014 -0.0858118 0.6975240 255 0 0
-0.3398221 -0.0863631 0.7020051 255 0 0
-0.3396178 -0.0867347 0.7050256 255 0 0
-0.3383164 -0.0868283 0.7057868 255 0 0
-0.3366496 -0.0868287 0.7057896 255 0 0
-0.3355242 -0.0869693 0.7069331 255 0 0
-0.3338546 -0.0869697 0.7069358 255 0 0
-0.3321851 -0.0869700 0.7069386 255 0 0
-0.3306937 -0.0870172 0.7073224 255 0 0
-0.3290232 -0.0870176 0.7073252 255 0 0
-0.3273527 -0.0870179 0.7073279 255 0 0
-0.3256822 -0.0870182 0.7073306 255 0 0
-0.3240117 -0.0870186 0.7073334 255 0 0
-0.3223412 -0.0870189 0.7073361 255 0 0
-0.1495021 -0.0803802 0.6533734 255 0 0
-0.1478113 -0.0803006 0.6527261 255 0 0
-0.1456896 -0.0799828 0.6501426 255 0 0
-0.1435139 -0.0796282 0.6472601 255 0 0
-0.1417052 -0.0794717 0.6459886 255 0 0
-0.1398349 -0.0792770 0.6444057 255 0 0
-0.1380413 -0.0791220 0.6431454 255 0 0
-0.1362553 -0.0789678 0.6418925 255 0 0
-0.1346071 -0.0788910 0.6412679 255 0 0
-0.1330920 -0.0788913 0.6412703 255 0 0
-0.1315126 -0.0788531 0.6409597 255 0 0
-0.1300617 -0.0788919 0.6412753 255 0 0
-0.1285465 -0.0788922 0.6412778 255 0 0
-0.1269694 -0.0788540 0.6409672 255 0 0
-0.1255776 -0.0789314 0.6415962 255 0 0
-0.1241223 -0.0789703 0.6419123 255 0 0
-0.1227256 -0.0790479 0.6425431 255 0 0
-0.1212668 -0.0790869 0.6428603 255 0 0
-0.1198652 -0.0791647 0.6434929 255 0 0
-0.1184028 -0.0792038 0.6438110 255 0 0
-0.1169964 -0.0792819 0.6444455 255 0 0
-0.1157008 -0.0794382 0.6457159 255 0 0
-0.1143439 -0.0795559 0.6466725 255 0 0
-0.1129828 -0.0796739 0.6476321 255 0 0
-0.1104668 -0.0800692 0.6508451 255 0 0
-0.1095262 -0.0805085 0.6544162 255 0 0
-0.1084123 -0.0808312 0.6570388 255 0 0
-0.1070741 -0.0809936 0.6583593 255 0 0
-0.1055185 -0.0809939 0.6583619 255 0 0
-0.1043816 -0.0813205 0.6610162 255 0 0
-0.1037116 -0.0832918 0.6770402 255 0 0
-0.1039978 -0.0861810 0.7005253 255 0 0
-0.1022879 -0.0861354 0.7001544 255 0 0
-0.3654737 -0.0848795 0.7034754 255 0 0
-0.3632281 -0.0847435 0.7023484 255 0 0
-0.3609898 -0.0846080 0.7012250 255 0 0
-0.3587587 -0.0844729 0.7001051 255 0 0
-0.3563448 -0.0842933 0.6986167 255 0 0
-0.3543176 -0.0842039 0.6978762 255 0 0
-0.3526696 -0.0842042 0.6978789 255 0 0
-0.3506485 -0.0841151 0.6971400 255 0 0
-0.3490022 -0.0841154 0.6971427 255 0 0
-0.3471713 -0.0840711 0.6967751 255 0 0
-0.3455258 -0.0840714 0.6967778 255 0 0
-0.3438803 -0.0840717 0.6967805 255 0 0
-0.3418717 -0.0839828 0.6960440 255 0 0
-0.3411328 -0.0842065 0.6978979 255 0 0
-0.3403899 -0.0844314 0.6997616 255 0 0
-0.3400066 -0.0847481 0.7023864 255 0 0
-0.3394381 -0.0850215 0.7046525 255 0 0
-0.3385012 -0.0852049 0.7061722 255 0 0
-0.3366522 -0.0851594 0.7057951 255 0 0
-0.3349854 -0.0851597 0.7057979 255 0 0
-0.3333185 -0.0851601 0.7058006 255 0 0
-0.3316516 -0.0851604 0.7058033 255 0 0
-0.3303401 -0.0852524 0.7065662 255 0 0
-0.3286715 -0.0852528 0.7065689 255 0 0
-0.3270027 -0.0852531 0.7065716 255 0 0
-0.3251589 -0.0852075 0.7061941 255 0 0
-0.1510469 -0.0788346 0.6533760 255 0 0
-0.1494289 -0.0787957 0.6530534 255 0 0
-0.1474459 -0.0785615 0.6511125 255 0 0
-0.1449728 -0.0780585 0.6469437 255 0 0
-0.1430214 -0.0778287 0.6450390 255 0 0
-0.1413585 -0.0777526 0.6444082 255 0 0
-0.1390855 -0.0773356 0.6409523 255 0 0
-0.1373700 -0.0772228 0.6400174 255 0 0
-0.1357255 -0.0771479 0.6393964 255 0 0
-0.1340842 -0.0770731 0.6387767 255 0 0
-0.1325750 -0.0770734 0.6387792 255 0 0
-0.1311934 -0.0771488 0.6394039 255 0 0
-0.1295565 -0.0770740 0.6387842 255 0 0
-0.1281719 -0.0771494 0.6394088 255 0 0
-0.1266612 -0.0771497 0.6394113 255 0 0
-0.1252724 -0.0772252 0.6400372 255 0 0
-0.1239414 -0.0773386 0.6409772 255 0 0
-0.1224868 -0.0773767 0.6412928 255 0 0
-0.1209715 -0.0773770 0.6412953 255 0 0
-0.1195147 -0.0774151 0.6416111 255 0 0
-0.1181141 -0.0774912 0.6422413 255 0 0
-0.1167108 -0.0775673 0.6428728 255 0 0
-0.1153613 -0.0776818 0.6438210 255 0 0
-0.1141199 -0.0778730 0.6454060 255 0 0
-0.1127057 -0.0779499 0.6460437 255 0 0
-0.1114535 -0.0781425 0.6476396 255 0 0
-0.1090379 -0.0786081 0.6514986 255 0 0
-0.1081965 -0.0791188 0.6557313 255 0 0
-0.1069677 -0.0793569 0.6577048 255 0 0
-0.1054664 -0.0793970 0.6580370 255 0 0
-0.1041726 -0.0795968 0.6596928 255 0 0
-0.1041421 -0.0820290 0.6798503 255 0 0
-0.1039431 -0.0844791 0.7001572 255 0 0
-0.1022887 -0.0844795 0.7001600 255 0 0
-0.3615724 -0.0830827 0.7023566 255 0 0
-0.3591448 -0.0829055 0.7008586 255 0 0
-0.3569177 -0.0827732 0.6997399 255 0 0
-0.3552653 -0.0827735 0.6997427 255 0 0
-0.3532360 -0.0826856 0.6989998 255 0 0
-0.3515852 -0.0826859 0.6990024 255 0 0
-0.3497482 -0.0826422 0.6986330 255 0 0
-0.3480983 -0.0826426 0.6986357 255 0 0
-0.3464484 -0.0826429 0.6986384 255 0 0
-0.3446151 -0.0825992 0.6982693 255 0 0
-0.3436976 -0.0827757 0.6997616 255 0 0
-0.3427764 -0.0829530 0.7012603 255 0 0
-0.3414853 -0.0830421 0.7020134 255 0 0
-0.3405562 -0.0832205 0.7035218 255 0 0
-0.3396232 -0.0833997 0.7050366 255 0 0
-0.3377766 -0.0833553 0.7046607 255 0 0
-0.3361125 -0.0833556 0.7046635 255 0 0
-0.3346280 -0.0834007 0.7050448 255 0 0
-0.3331419 -0.0834459 0.7054266 255 0 0
-0.3316542 -0.0834911 0.7058088 255 0 0
-0.3298099 -0.0834465 0.7054321 255 0 0
-0.3281439 -0.0834468 0.7054348 255 0 0
-0.1510481 -0.0772893 0.6533810 255 0 0
-0.1489854 -0.0770213 0.6511151 255 0 0
-0.1473009 -0.0769453 0.6504723 255 0 0
-0.1444755 -0.0762654 0.6447247 255 0 0
-0.1430225 -0.0763031 0.6450440 255 0 0
-0.1406010 -0.0758194 0.6409549 255 0 0
-0.1387479 -0.0756351 0.6393965 255 0 0
-0.1371037 -0.0755618 0.6387768 255 0 0
-0.1351998 -0.0753421 0.6369199 255 0 0
-0.1336949 -0.0753424 0.6369223 255 0 0
-0.1321901 -0.0753427 0.6369248 255 0 0
-0.1308121 -0.0754162 0.6375459 255 0 0
-0.1291803 -0.0753433 0.6369298 255 0 0
-0.1277995 -0.0754167 0.6375508 255 0 0
-0.1265389 -0.0755638 0.6387941 255 0 0
-0.1250296 -0.0755641 0.6387966 255 0 0
-0.1236406 -0.0756380 0.6394213 255 0 0
-0.1221298 -0.0756383 0.6394237 255 0 0
-0.1207366 -0.0757123 0.6400497 255 0 0
-0.1193407 -0.0757865 0.6406769 255 0 0
-0.1178844 -0.0758238 0.6409922 255 0 0
-0.1164267 -0.0758612 0.6413077 255 0 0
-0.1150801 -0.0759728 0.6422514 255 0 0
-0.1138410 -0.0761594 0.6438286 255 0 0
-0.1125405 -0.0763093 0.6450965 255 0 0
-0.1113445 -0.0765353 0.6470063 255 0 0
-0.1087689 -0.0768765 0.6498913 255 0 0
-0.1079816 -0.0774133 0.6544290 255 0 0
-0.1068614 -0.0777235 0.6570516 255 0 0
-0.1053089 -0.0777238 0.6570542 255 0 0
-0.1041734 -0.0780366 0.6596979 255 0 0
-0.1038203 -0.0801719 0.6777499 255 0 0
-0.1038885 -0.0827790 0.6997895 255 0 0
-0.3558373 -0.0812485 0.7008695 255 0 0
-0.3541822 -0.0812488 0.7008722 255 0 0
-0.3523389 -0.0812058 0.7005007 255 0 0
-0.3503105 -0.0811195 0.6997563 255 0 0
-0.3486580 -0.0811198 0.6997589 255 0 0
-0.3473760 -0.0812067 0.7005088 255 0 0
-0.3460912 -0.0812938 0.7012604 255 0 0
-0.3451731 -0.0814683 0.7027655 255 0 0
-0.3436975 -0.0815123 0.7031448 255 0 0
-0.3420370 -0.0815126 0.7031476 255 0 0
-0.3405589 -0.0815566 0.7035273 255 0 0
-0.3392612 -0.0816445 0.7042853 255 0 0
-0.3374169 -0.0816010 0.7039102 255 0 0
-0.3357545 -0.0816013 0.7039130 255 0 0
-0.3344509 -0.0816893 0.7046717 255 0 0
-0.3329655 -0.0817335 0.7050531 255 0 0
-0.3313004 -0.0817338 0.7050558 255 0 0
-0.1507492 -0.0755935 0.6520879 255 0 0
-0.1483977 -0.0751830 0.6485468 255 0 0
-0.1464314 -0.0749611 0.6466327 255 0 0
-0.1441228 -0.0745574 0.6431505 255 0 0
-0.1419086 -0.0741945 0.6400200 255 0 0
-0.1401232 -0.0740504 0.6387768 255 0 0
-0.1382105 -0.0738351 0.6369199 255 0 0
-0.1365732 -0.0737639 0.6363050 255 0 0
-0.1346781 -0.0735502 0.6344624 255 0 0
-0.1331791 -0.0735505 0.6344649 255 0 0
-0.1316801 -0.0735508 0.6344674 255 0 0
-0.1304331 -0.0736936 0.6356987 255 0 0
-0.1289312 -0.0736938 0.6357011 255 0 0
-0.1275527 -0.0737656 0.6363198 255 0 0
-0.1261715 -0.0738374 0.6369396 255 0 0
-0.1247877 -0.0739094 0.6375607 255 0 0
-0.1234012 -0.0739816 0.6381830 255 0 0
-0.1220119 -0.0740538 0.6388065 255 0 0
-0.1205025 -0.0740541 0.6388090 255 0 0
-0.1189932 -0.0740544 0.6388115 255 0 0
-0.1175983 -0.0741268 0.6394362 255 0 0
-0.1162006 -0.0741994 0.6400622 255 0 0
-0.1148562 -0.0743084 0.6410021 255 0 0
-0.1134524 -0.0743813 0.6416311 255 0 0
-0.1122106 -0.0745638 0.6432053 255 0 0
-0.1109081 -0.0747105 0.6444707 255 0 0
-0.1098707 -0.0750423 0.6473330 255 0 0
-0.1075002 -0.0755267 0.6515114 255 0 0
-0.1066488 -0.0760173 0.6557441 255 0 0
-0.1052044 -0.0760936 0.6564023 255 0 0
-0.1040175 -0.0763612 0.6587102 255 0 0
-0.1044141 -0.0790177 0.6816259 255 0 0
-0.1039447 -0.0811672 0.7001682 255 0 0
-0.3527183 -0.0796340 0.7012551 255 0 0
-0.3508746 -0.0795918 0.7008831 255 0 0
-0.3492195 -0.0795921 0.7008858 255 0 0
-0.3475643 -0.0795924 0.7008885 255 0 0
-0.3464643 -0.0797205 0.7020163 255 0 0
-0.3448064 -0.0797208 0.7020190 255 0 0
-0.3435161 -0.0798065 0.7027737 255 0 0
-0.3414906 -0.0797214 0.7020245 255 0 0
-0.3403791 -0.0798499 0.7031558 255 0 0
-0.3387185 -0.0798502 0.7031586 255 0 0
-0.3368773 -0.0798077 0.7027847 255 0 0
-0.3355770 -0.0798936 0.7035410 255 0 0
-0.3337366 -0.0798511 0.7031667 255 0 0
-0.3320759 -0.0798514 0.7031694 255 0 0
-0.1520644 -0.0739407 0.6511202 255 0 0
-0.1498571 -0.0736124 0.6482292 255 0 0
-0.1476694 -0.0732870 0.6453637 255 0 0
-0.1460011 -0.0732153 0.6447324 255 0 0
-0.1430036 -0.0724685 0.6381559 255 0 0
-0.1409477 -0.0721881 0.6356865 255 0 0
-0.1391762 -0.0720488 0.6344600 255 0 0
-0.1375443 -0.0719795 0.6338499 255 0 0
-0.1357845 -0.0718411 0.6326306 255 0 0
-0.1344193 -0.0719106 0.6332433 255 0 0
-0.1327951 -0.0718416 0.6326355 255 0 0
-0.1311740 -0.0717727 0.6320288 255 0 0
-0.1298056 -0.0718422 0.6326404 255 0 0
-0.1285587 -0.0719812 0.6338646 255 0 0
-0.1271838 -0.0720510 0.6344796 255 0 0
-0.1256847 -0.0720513 0.6344821 255 0 0
-0.1244261 -0.0721912 0.6357135 255 0 0
-0.1230433 -0.0722614 0.6363322 255 0 0
-0.1216577 -0.0723318 0.6369520 255 0 0
-0.1202694 -0.0724023 0.6375732 255 0 0
-0.1186477 -0.0723324 0.6369570 255 0 0
-0.1173705 -0.0724733 0.6381979 255 0 0
-0.1159753 -0.0725441 0.6388214 255 0 0
-0.1145774 -0.0726150 0.6394461 255 0 0
-0.1130665 -0.0726153 0.6394486 255 0 0
-0.1117734 -0.0727573 0.6406993 255 0 0
-0.1105833 -0.0729713 0.6425831 255 0 0
-0.1097633 -0.0734388 0.6467003 255 0 0
-0.1072881 -0.0738392 0.6502258 255 0 0
-0.1061724 -0.0741332 0.6528148 255 0 0
-0.1048906 -0.0743182 0.6544443 255 0 0
-0.1049662 -0.0754849 0.6647183 255 0 0
-0.1047957 -0.0776879 0.6841175 255 0 0
-0.1037243 -0.0793419 0.6986832 255 0 0
-0.3510650 -0.0779757 0.7012632 255 0 0
-0.3497827 -0.0780595 0.7020164 255 0 0
-0.3479387 -0.0780180 0.7016437 255 0 0
-0.3464670 -0.0780601 0.7020218 255 0 0
-0.3449937 -0.0781021 0.7024003 255 0 0
-0.3433349 -0.0781024 0.7024030 255 0 0
-0.3414933 -0.0780610 0.7020300 255 0 0
-0.3398354 -0.0780613 0.7020327 255 0 0
-0.3383585 -0.0781034 0.7024112 255 0 0
-0.3365195 -0.0780619 0.7020381 255 0 0
-0.3350407 -0.0781040 0.7024166 255 0 0
-0.1511659 -0.0719724 0.6472729 255 0 0
-0.1494156 -0.0718663 0.6463194 255 0 0
-0.1475255 -0.0716901 0.6447349 255 0 0
-0.1443721 -0.0708900 0.6375387 255 0 0
-0.1423129 -0.0706159 0.6350739 255 0 0
-0.1406764 -0.0705479 0.6344625 255 0 0
-0.1389088 -0.0704121 0.6332409 255 0 0
-0.1372803 -0.0703445 0.6326331 255 0 0
-0.1355244 -0.0702095 0.6314185 255 0 0
-0.1339037 -0.0701423 0.6308142 255 0 0
-0.1322862 -0.0700752 0.6302111 255 0 0
-0.1309229 -0.0701428 0.6308191 255 0 0
-0.1295569 -0.0702105 0.6314283 255 0 0
-0.1280650 -0.0702108 0.6314307 255 0 0
-0.1269394 -0.0704143 0.6332605 255 0 0
-0.1254432 -0.0704145 0.6332629 255 0 0
-0.1240667 -0.0704828 0.6338769 255 0 0
-0.1226874 -0.0705512 0.6344920 255 0 0
-0.1213055 -0.0706197 0.6351083 255 0 0
-0.1198049 -0.0706200 0.6351107 255 0 0
-0.1184189 -0.0706887 0.6357283 255 0 0
-0.1171437 -0.0708261 0.6369644 255 0 0
-0.1156387 -0.0708264 0.6369669 255 0 0
-0.1143555 -0.0709644 0.6382079 255 0 0
-0.1128476 -0.0709647 0.6382103 255 0 0
-0.1115565 -0.0711032 0.6394561 255 0 0
-0.1100456 -0.0711035 0.6394586 255 0 0
-0.1089592 -0.0713819 0.6419623 255 0 0
-0.1082895 -0.0719450 0.6470266 255 0 0
-0.1060151 -0.0724810 0.6518476 255 0 0
-0.1045267 -0.0725173 0.6521739 255 0 0
-0.1038164 -0.0742133 0.6674268 255 0 0
-0.1037201 -0.0764683 0.6877064 255 0 0
-0.1035048 -0.0775244 0.6972045 255 0 0
-0.1509438 -0.0703374 0.6463220 255 0 0
-0.1479605 -0.0696521 0.6400251 255 0 0
-0.1463057 -0.0695845 0.6394042 255 0 0
-0.1435367 -0.0689801 0.6338500 255 0 0
-0.1421765 -0.0690470 0.6344650 255 0 0
-0.1402707 -0.0688477 0.6326331 255 0 0
-0.1385091 -0.0687155 0.6314186 255 0 0
-0.1368856 -0.0686497 0.6308143 255 0 0
-0.1351355 -0.0685183 0.6296066 255 0 0
-0.1336479 -0.0685186 0.6296090 255 0 0
-0.1320337 -0.0684532 0.6290082 255 0 0
-0.1305476 -0.0684535 0.6290107 255 0 0
-0.1291852 -0.0685194 0.6296164 255 0 0
-0.1276976 -0.0685196 0.6296188 255 0 0
-0.1264525 -0.0686516 0.6308314 255 0 0
-0.1250822 -0.0687179 0.6314406 255 0 0
-0.1237093 -0.0687843 0.6320510 255 0 0
-0.1224517 -0.0689173 0.6332728 255 0 0
-0.1209554 -0.0689176 0.6332753 255 0 0
-0.1195745 -0.0689844 0.6338893 255 0 0
-0.1181909 -0.0690513 0.6345043 255 0 0
-0.1168046 -0.0691184 0.6351206 255 0 0
-0.1154156 -0.0691856 0.6357382 255 0 0
-0.1140239 -0.0692529 0.6363569 255 0 0
-0.1127389 -0.0693877 0.6375955 255 0 0
-0.1114488 -0.0695230 0.6388388 255 0 0
-0.1100464 -0.0695910 0.6394635 255 0 0
-0.1087473 -0.0697271 0.6407143 255 0 0
-0.1079180 -0.0701726 0.6448073 255 0 0
-0.1058058 -0.0707987 0.6505607 255 0 0
-0.1043203 -0.0708341 0.6508858 255 0 0
-0.1040721 -0.0717232 0.6590563 255 0 0
-0.1045423 -0.0754344 0.6931581 255 0 0
-0.1035056 -0.0758754 0.6972100 255 0 0
-0.1509450 -0.0688087 0.6463270 255 0 0
-0.1471011 -0.0677420 0.6363077 255 0 0
-0.1451756 -0.0675459 0.6344651 255 0 0
-0.1431233 -0.0672860 0.6320241 255 0 0
-0.1417665 -0.0673511 0.6326357 255 0 0
-0.1397332 -0.0670927 0.6302087 255 0 0
-0.1382442 -0.0670930 0.6302112 255 0 0
-0.1364932 -0.0669647 0.6290058 255 0 0
-0.1348778 -0.0669008 0.6284062 255 0 0
-0.1332655 -0.0668371 0.6278076 255 0 0
-0.1316563 -0.0667735 0.6272102 255 0 0
-0.1301744 -0.0667738 0.6272126 255 0 0
-0.1288155 -0.0668379 0.6278149 255 0 0
-0.1274541 -0.0669021 0.6284183 255 0 0
-0.1262109 -0.0670307 0.6296262 255 0 0
-0.1247233 -0.0670310 0.6296286 255 0 0
-0.1233540 -0.0670956 0.6302356 255 0 0
-0.1220993 -0.0672249 0.6314504 255 0 0
-0.1207235 -0.0672899 0.6320608 255 0 0
-0.1192301 -0.0672902 0.6320633 255 0 0
-0.1178501 -0.0673553 0.6326749 255 0 0
-0.1164675 -0.0674205 0.6332876 255 0 0
-0.1150822 -0.0674859 0.6339016 255 0 0
-0.1135844 -0.0674861 0.6339040 255 0 0
-0.1124122 -0.0676825 0.6357481 255 0 0
-0.1112332 -0.0678799 0.6376030 255 0 0
-0.1099402 -0.0680123 0.6388463 255 0 0
-0.1087482 -0.0682117 0.6407193 255 0 0
-0.1077601 -0.0685465 0.6438637 255 0 0
-0.1066572 -0.0688167 0.6464021 255 0 0
-0.1054934 -0.0690549 0.6486400 255 0 0
-0.1037604 -0.0699537 0.6570824 255 0 0
-0.1045984 -0.0738339 0.6935297 255 0 0
-0.1533034 -0.0676461 0.6498489 255 0 0
-0.1503540 -0.0670161 0.6437966 255 0 0
-0.1469598 -0.0661729 0.6356965 255 0 0
-0.1450365 -0.0659814 0.6338574 255 0 0
-0.1429867 -0.0657278 0.6314211 255 0 0
-0.1410878 -0.0655390 0.6296067 255 0 0
-0.1394665 -0.0654764 0.6290059 255 0 0
-0.1377164 -0.0653514 0.6278052 255 0 0
-0.1361030 -0.0652893 0.6272078 255 0 0
-0.1346211 -0.0652895 0.6272103 255 0 0
-0.1328858 -0.0651655 0.6260189 255 0 0
-0.1314067 -0.0651657 0.6260213 255 0 0
-0.1300516 -0.0652282 0.6266212 255 0 0
-0.1285711 -0.0652284 0.6266237 255 0 0
-0.1272120 -0.0652910 0.6272249 255 0 0
-0.1257301 -0.0652913 0.6272272 255 0 0
-0.1244860 -0.0654165 0.6284306 255 0 0
-0.1216323 -0.0654795 0.6290351 255 0 0
-0.1202613 -0.0655425 0.6296408 255 0 0
-0.1188876 -0.0656057 0.6302478 255 0 0
-0.1175113 -0.0656690 0.6308559 255 0 0
-0.1161323 -0.0657324 0.6314651 255 0 0
-0.1148612 -0.0658594 0.6326847 255 0 0
-0.1133663 -0.0658596 0.6326872 255 0 0
-0.1120875 -0.0659871 0.6339114 255 0 0
-0.1109109 -0.0661790 0.6357555 255 0 0
-0.1096211 -0.0663077 0.6369917 255 0 0
-0.1085372 -0.0665663 0.6394761 255 0 0
-0.1075500 -0.0668924 0.6426083 255 0 0
-0.1062917 -0.0670567 0.6441872 255 0 0
-0.1050272 -0.0672219 0.6457739 255 0 0
-0.1051292 -0.0693013 0.6657504 255 0 0
-0.1047652 -0.0723082 0.6946360 255 0 0
-0.1032331 -0.0723851 0.6953745 255 0 0
-0.1505479 -0.0649203 0.6381686 255 0 0
-0.1486068 -0.0647317 0.6363152 255 0 0
-0.1463939 -0.0644198 0.6332485 255 0 0
-0.1444797 -0.0642341 0.6314237 255 0 0
-0.1425764 -0.0640495 0.6296092 255 0 0
-0.1408188 -0.0639272 0.6284063 255 0 0
-0.1392008 -0.0638663 0.6278077 255 0 0
-0.1374546 -0.0637446 0.6266116 255 0 0
-0.1358445 -0.0636841 0.6260165 255 0 0
-0.1342379 -0.0636239 0.6254249 255 0 0
-0.1326339 -0.0635636 0.6248321 255 0 0
-0.1311576 -0.0635638 0.6248345 255 0 0
-0.1296813 -0.0635641 0.6248369 255 0 0
-0.1282050 -0.0635643 0.6248394 255 0 0
-0.1267287 -0.0635646 0.6248418 255 0 0
-0.1253717 -0.0636254 0.6254395 255 0 0
-0.1241305 -0.0637471 0.6266358 255 0 0
-0.1226499 -0.0637473 0.6266383 255 0 0
-0.1212851 -0.0638085 0.6272395 255 0 0
-0.1200324 -0.0639309 0.6284428 255 0 0
-0.1186611 -0.0639924 0.6290473 255 0 0
-0.1173998 -0.0641155 0.6302576 255 0 0
-0.1145310 -0.0641774 0.6308657 255 0 0
-0.1117646 -0.0643014 0.6320854 255 0 0
-0.1105905 -0.0644880 0.6339188 255 0 0
-0.1090927 -0.0644882 0.6339213 255 0 0
-0.1080120 -0.0647385 0.6363817 255 0 0
-0.1073407 -0.0652447 0.6413578 255 0 0
-0.1062404 -0.0655009 0.6438763 255 0 0
-0.1047704 -0.0655333 0.6441947 255 0 0
-0.1040843 -0.0680718 0.6691486 255 0 0
-0.1046553 -0.0705905 0.6939071 255 0 0
-0.1030156 -0.0705908 0.6939098 255 0 0
-0.1501113 -0.0632264 0.6363177 255 0 0
-0.1483204 -0.0631043 0.6350889 255 0 0
-0.1459726 -0.0627404 0.6314262 255 0 0
-0.1442034 -0.0626202 0.6302162 255 0 0
-0.1421685 -0.0623809 0.6278078 255 0 0
-0.1405508 -0.0623215 0.6272104 255 0 0
-0.1386720 -0.0621439 0.6254226 255 0 0
-0.1370637 -0.0620850 0.6248298 255 0 0
-0.1355875 -0.0620852 0.6248322 255 0 0
-0.1339837 -0.0620264 0.6242404 255 0 0
-0.1323829 -0.0619677 0.6236498 255 0 0
-0.1309094 -0.0619680 0.6236523 255 0 0
-0.1294359 -0.0619682 0.6236547 255 0 0
-0.1280841 -0.0620274 0.6242501 255 0 0
-0.1264889 -0.0619687 0.6236595 255 0 0
-0.1251342 -0.0620278 0.6242549 255 0 0
-0.1237770 -0.0620871 0.6248515 255 0 0
-0.1224171 -0.0621465 0.6254492 255 0 0
-0.1209394 -0.0621467 0.6254516 255 0 0
-0.1196896 -0.0622656 0.6266481 255 0 0
-0.1183219 -0.0623254 0.6272492 255 0 0
-0.1170636 -0.0624449 0.6284525 255 0 0
-0.1156894 -0.0625050 0.6290571 255 0 0
-0.1143126 -0.0625652 0.6296629 255 0 0
-0.1116579 -0.0627460 0.6314824 255 0 0
-0.1103782 -0.0628672 0.6327020 255 0 0
-0.1088832 -0.0628674 0.6327044 255 0 0
-0.1076996 -0.0630499 0.6345415 255 0 0
-0.1069237 -0.0634797 0.6388663 255 0 0
-0.1061372 -0.0639153 0.6432505 255 0 0
-0.1047199 -0.0639782 0.6438839 255 0 0
-0.1053445 -0.0662864 0.6671138 255 0 0
-0.1046008 -0.0689128 0.6935460 255 0 0
-0.1499671 -0.0616616 0.6357065 255 0 0
-0.1477498 -0.0613647 0.6326457 255 0 0
-0.1454143 -0.0610121 0.6290110 255 0 0
-0.1436529 -0.0608957 0.6278103 255 0 0
-0.1418982 -0.0607797 0.6266142 255 0 0
-0.1400173 -0.0606066 0.6248298 255 0 0
-0.1385411 -0.0606068 0.6248322 255 0 0
-0.1369345 -0.0605494 0.6242405 255 0 0
-0.1353309 -0.0604921 0.6236499 255 0 0
-0.1337304 -0.0604350 0.6230603 255 0 0
-0.1321329 -0.0603779 0.6224720 255 0 0
-0.1306622 -0.0603781 0.6224745 255 0 0
-0.1291915 -0.0603784 0.6224769 255 0 0
-0.1277208 -0.0603786 0.6224793 255 0 0
-0.1262500 -0.0603788 0.6224817 255 0 0
-0.1248977 -0.0604364 0.6230748 255 0 0
-0.1234255 -0.0604366 0.6230773 255 0 0
-0.1220692 -0.0604942 0.6236716 255 0 0
-0.1207103 -0.0605520 0.6242670 255 0 0
-0.1192353 -0.0605522 0.6242695 255 0 0
-0.1179847 -0.0606679 0.6254614 255 0 0
-0.1167293 -0.0607839 0.6266578 255 0 0
-0.1152486 -0.0607841 0.6266602 255 0 0
-0.1139856 -0.0609006 0.6278613 255 0 0
-0.1128258 -0.0610761 0.6296703 255 0 0
-0.1115519 -0.0611937 0.6308829 255 0 0
-0.1100613 -0.0611940 0.6308853 255 0 0
-0.1073891 -0.0613711 0.6327118 255 0 0
-0.1064068 -0.0616685 0.6357779 255 0 0
-0.1059304 -0.0622718 0.6419975 255 0 0
-0.1046181 -0.0623941 0.6432580 255 0 0
-0.1044585 -0.0651388 0.6715549 255 0 0
-0.1044361 -0.0671659 0.6924540 255 0 0
-0.1520592 -0.0603917 0.6381810 255 0 0
-0.1495339 -0.0599837 0.6338699 255 0 0
-0.1473250 -0.0596957 0.6308268 255 0 0
-0.1452762 -0.0594674 0.6284137 255 0 0
-0.1433797 -0.0592973 0.6266167 255 0 0
-0.1418993 -0.0592975 0.6266190 255 0 0
-0.1400184 -0.0591287 0.6248347 255 0 0
-0.1382789 -0.0590166 0.6236500 255 0 0
-0.1366756 -0.0589608 0.6230605 255 0 0
-0.1350753 -0.0589051 0.6224721 255 0 0
-0.1334781 -0.0588495 0.6218849 255 0 0
-0.1318839 -0.0587941 0.6212987 255 0 0
-0.1302926 -0.0587387 0.6207137 255 0 0
-0.1289480 -0.0587945 0.6213035 255 0 0
-0.1274800 -0.0587947 0.6213059 255 0 0
-0.1260121 -0.0587950 0.6213083 255 0 0
-0.1245441 -0.0587952 0.6213108 255 0 0
-0.1231927 -0.0588511 0.6219017 255 0 0
-0.1218387 -0.0589072 0.6224938 255 0 0
-0.1203679 -0.0589074 0.6224962 255 0 0
-0.1190099 -0.0589635 0.6230894 255 0 0
-0.1176494 -0.0590198 0.6236838 255 0 0
-0.1163969 -0.0591323 0.6248734 255 0 0
-0.1150299 -0.0591889 0.6254711 255 0 0
-0.1137689 -0.0593021 0.6266676 255 0 0
-0.1125029 -0.0594158 0.6278687 255 0 0
-0.1112322 -0.0595299 0.6290743 255 0 0
-0.1098510 -0.0595872 0.6296801 255 0 0
-0.1085715 -0.0597020 0.6308928 255 0 0
-0.1058949 -0.0598748 0.6327192 255 0 0
-0.1051090 -0.0602817 0.6370191 255 0 0
-0.1042105 -0.0606349 0.6407518 255 0 0
-0.1050504 -0.0639099 0.6753598 255 0 0
-0.1044370 -0.0655281 0.6924595 255 0 0
-0.1514714 -0.0586541 0.6357141 255 0 0
-0.1482467 -0.0579805 0.6284139 255 0 0
-0.1470436 -0.0580920 0.6296217 255 0 0
-0.1451384 -0.0579255 0.6278177 255 0 0
-0.1433809 -0.0578152 0.6266215 255 0 0
-0.1413612 -0.0575957 0.6242430 255 0 0
-0.1397535 -0.0575412 0.6236524 255 0 0
-0.1381488 -0.0574868 0.6230629 255 0 0
-0.1364177 -0.0573781 0.6218849 255 0 0
-0.1349484 -0.0573784 0.6218873 255 0 0
-0.1333528 -0.0573243 0.6213012 255 0 0
-0.1317602 -0.0572703 0.6207162 255 0 0
-0.1302936 -0.0572705 0.6207185 255 0 0
-0.1287054 -0.0572166 0.6201346 255 0 0
-0.1272402 -0.0572169 0.6201370 255 0 0
-0.1257750 -0.0572171 0.6201394 255 0 0
-0.1243098 -0.0572173 0.6201418 255 0 0
-0.1229607 -0.0572716 0.6207306 255 0 0
-0.1214941 -0.0572718 0.6207330 255 0 0
-0.1201410 -0.0573263 0.6213229 255 0 0
-0.1188980 -0.0574352 0.6225035 255 0 0
-0.1175386 -0.0574899 0.6230966 255 0 0
-0.1161767 -0.0575448 0.6236910 255 0 0
-0.1148121 -0.0575997 0.6242865 255 0 0
-0.1136613 -0.0577647 0.6260749 255 0 0
-0.1122890 -0.0578201 0.6266749 255 0 0
-0.1111265 -0.0579864 0.6284770 255 0 0
-0.1096416 -0.0579866 0.6284795 255 0 0
-0.1082602 -0.0580424 0.6290841 255 0 0
-0.1071846 -0.0582659 0.6315070 255 0 0
-0.1047034 -0.0585477 0.6345612 255 0 0
-0.1037052 -0.0588323 0.6376452 255 0 0
-0.1051053 -0.0623445 0.6757127 255 0 0
-0.1039990 -0.0636218 0.6895555 255 0 0
-0.1510338 -0.0569848 0.6338775 255 0 0
-0.1481061 -0.0564401 0.6278177 255 0 0
-0.1470447 -0.0566027 0.6296266 255 0 0
-0.1450009 -0.0563866 0.6272227 255 0 0
-0.1433820 -0.0563330 0.6266265 255 0 0
-0.1410940 -0.0560126 0.6230630 255 0 0
-0.1396219 -0.0560128 0.6230654 255 0 0
-0.1378881 -0.0559069 0.6218874 255 0 0
-0.1362897 -0.0558543 0.6213013 255 0 0
-0.1348218 -0.0558545 0.6213037 255 0 0
-0.1332278 -0.0558019 0.6207186 255 0 0
-0.1316368 -0.0557494 0.6201347 255 0 0
-0.1301716 -0.0557496 0.6201370 255 0 0
-0.1285849 -0.0556972 0.6195542 255 0 0
-0.1270012 -0.0556449 0.6189725 255 0 0
-0.1256573 -0.0556976 0.6195590 255 0 0
-0.1241934 -0.0556978 0.6195614 255 0 0
-0.1227296 -0.0556981 0.6195638 255 0 0
-0.1212657 -0.0556983 0.6195663 255 0 0
-0.1199150 -0.0557511 0.6201538 255 0 0
-0.1185617 -0.0558040 0.6207426 255 0 0
-0.1173169 -0.0559100 0.6219211 255 0 0
-0.1158474 -0.0559102 0.6219235 255 0 0
-0.1145950 -0.0560165 0.6231064 255 0 0
-0.1134458 -0.0561767 0.6248881 255 0 0
-0.1122899 -0.0563378 0.6266798 255 0 0
-0.1109151 -0.0563918 0.6272810 255 0 0
-0.1095376 -0.0564460 0.6278834 255 0 0
-0.1080540 -0.0564462 0.6278858 255 0 0
-0.1069796 -0.0566632 0.6302993 255 0 0
-0.1045022 -0.0569367 0.6333419 255 0 0
-0.1033047 -0.0571022 0.6351826 255 0 0
-0.1051061 -0.0607463 0.6757180 255 0 0
-0.1501662 -0.0551663 0.6302361 255 0 0
-0.1479657 -0.0549026 0.6272228 255 0 0
-0.1460664 -0.0547463 0.6254374 255 0 0
-0.1443143 -0.0546426 0.6242529 255 0 0
-0.1424331 -0.0544874 0.6224796 255 0 0
-0.1406956 -0.0543844 0.6213038 255 0 0
-0.1390961 -0.0543332 0.6207187 255 0 0
-0.1374995 -0.0542821 0.6201348 255 0 0
-0.1359060 -0.0542311 0.6195520 255 0 0
-0.1344412 -0.0542309 0.6195495 255 0 0
-0.1329774 -0.0542311 0.6195519 255 0 0
-0.1313896 -0.0541802 0.6189702 255 0 0
-0.1298048 -0.0541294 0.6183895 255 0 0
-0.1283437 -0.0541296 0.6183919 255 0 0
-0.1268826 -0.0541298 0.6183944 255 0 0
-0.1253035 -0.0540790 0.6178148 255 0 0
-0.1239604 -0.0541302 0.6183991 255 0 0
-0.1224993 -0.0541304 0.6184015 255 0 0
-0.1210382 -0.0541306 0.6184039 255 0 0
-0.1196898 -0.0541819 0.6189893 255 0 0
-0.1183389 -0.0542332 0.6195759 255 0 0
-0.1169853 -0.0542846 0.6201635 255 0 0
-0.1156292 -0.0543362 0.6207523 255 0 0
-0.1142706 -0.0543878 0.6213422 255 0 0
-0.1130164 -0.0544912 0.6225229 255 0 0
-0.1119702 -0.0546988 0.6248953 255 0 0
-0.1107044 -0.0548034 0.6260896 255 0 0
-0.1094338 -0.0549083 0.6272883 255 0 0
-0.1080548 -0.0549610 0.6278907 255 0 0
-0.1068779 -0.0551194 0.6296998 255 0 0
-0.1057959 -0.0553319 0.6321273 255 0 0
-0.1032057 -0.0555460 0.6345736 255 0 0
-0.1050529 -0.0591175 0.6753758 255 0 0
-0.1497361 -0.0535214 0.6284311 255 0 0
-0.1475452 -0.0532667 0.6254399 255 0 0
-0.1456518 -0.0531153 0.6236623 255 0 0
-0.1439049 -0.0530148 0.6224820 255 0 0
-0.1422993 -0.0529648 0.6218948 255 0 0
-0.1404309 -0.0528149 0.6201348 255 0 0
-0.1388346 -0.0527652 0.6195520 255 0 0
-0.1372413 -0.0527157 0.6189703 255 0 0
-0.1356510 -0.0526662 0.6183897 255 0 0
-0.1341900 -0.0526664 0.6183921 255 0 0
-0.1326040 -0.0526171 0.6178125 255 0 0
-0.1310211 -0.0525678 0.6172341 255 0 0
-0.1294410 -0.0525186 0.6166568 255 0 0
-0.1279841 -0.0525188 0.6166592 255 0 0
-0.1266450 -0.0525680 0.6172364 255 0 0
-0.1250701 -0.0525193 0.6166639 255 0 0
-0.1236131 -0.0525195 0.6166663 255 0 0
-0.1222709 -0.0525690 0.6172484 255 0 0
-0.1208125 -0.0525692 0.6172508 255 0 0
-0.1194664 -0.0526189 0.6178340 255 0 0
-0.1180066 -0.0526191 0.6178364 255 0 0
-0.1165468 -0.0526193 0.6178388 255 0 0
-0.1153040 -0.0527187 0.6190062 255 0 0
-0.1140565 -0.0528185 0.6201780 255 0 0
-0.1126976 -0.0528687 0.6207668 255 0 0
-0.1114416 -0.0529691 0.6219453 255 0 0
-0.1104945 -0.0532209 0.6249026 255 0 0
-0.1091218 -0.0532718 0.6255004 255 0 0
-0.1080557 -0.0534758 0.6278956 255 0 0
-0.1068787 -0.0536299 0.6297047 255 0 0
-0.1057967 -0.0538366 0.6321323 255 0 0
-0.1032065 -0.0540450 0.6345786 255 0 0
-0.1049457 -0.0574609 0.6746869 255 0 0
-0.1509330 -0.0519353 0.6272327 255 0 0
-0.1484588 -0.0515907 0.6230704 255 0 0
-0.1471264 -0.0516399 0.6236648 255 0 0
-0.1455147 -0.0515911 0.6230752 255 0 0
-0.1437697 -0.0514935 0.6218973 255 0 0
-0.1420313 -0.0513963 0.6207236 255 0 0
-0.1402995 -0.0512995 0.6195545 255 0 0
-0.1387048 -0.0512514 0.6189727 255 0 0
-0.1371131 -0.0512033 0.6183921 255 0 0
-0.1355244 -0.0511553 0.6178126 255 0 0
-0.1339387 -0.0511074 0.6172341 255 0 0
-0.1324804 -0.0511076 0.6172366 255 0 0
-0.1308990 -0.0510598 0.6166592 255 0 0
-0.1294420 -0.0510600 0.6166615 255 0 0
-0.1278650 -0.0510123 0.6160853 255 0 0
-0.1264093 -0.0510125 0.6160877 255 0 0
-0.1249537 -0.0510127 0.6160901 255 0 0
-0.1234980 -0.0510129 0.6160924 255 0 0
-0.1221570 -0.0510610 0.6166735 255 0 0
-0.1207000 -0.0510612 0.6166759 255 0 0
-0.1192429 -0.0510614 0.6166783 255 0 0
-0.1178966 -0.0511096 0.6172605 255 0 0
-0.1165477 -0.0511579 0.6178437 255 0 0
-0.1151963 -0.0512063 0.6184280 255 0 0
-0.1138423 -0.0512547 0.6190134 255 0 0
-0.1124858 -0.0513033 0.6196000 255 0 0
-0.1113370 -0.0514492 0.6213616 255 0 0
-0.1101808 -0.0515954 0.6231282 255 0 0
-0.1086062 -0.0515471 0.6225447 255 0 0
-0.1074409 -0.0516944 0.6243230 255 0 0
-0.1066758 -0.0520410 0.6285090 255 0 0
-0.1056966 -0.0522915 0.6315342 255 0 0
-0.1031076 -0.0524932 0.6339709 255 0 0
-0.1048388 -0.0558076 0.6739995 255 0 0
-0.1505028 -0.0503074 0.6254449 255 0 0
-0.1481787 -0.0500219 0.6218949 255 0 0
-0.1469879 -0.0501170 0.6230777 255 0 0
-0.1451027 -0.0499749 0.6213111 255 0 0
-0.1434990 -0.0499279 0.6207261 255 0 0
-0.1418983 -0.0498809 0.6201422 255 0 0
-0.1401683 -0.0497871 0.6189752 255 0 0
-0.1384448 -0.0496935 0.6178126 255 0 0
-0.1369852 -0.0496937 0.6178150 255 0 0
-0.1352709 -0.0496006 0.6166568 255 0 0
-0.1338140 -0.0496008 0.6166592 255 0 0
-0.1322328 -0.0495544 0.6160830 255 0 0
-0.1306546 -0.0495082 0.6155078 255 0 0
-0.1293216 -0.0495548 0.6160877 255 0 0
-0.1276264 -0.0494622 0.6149360 255 0 0
-0.1262918 -0.0495087 0.6155149 255 0 0
-0.1248375 -0.0495089 0.6155173 255 0 0
-0.1233832 -0.0495091 0.6155197 255 0 0
-0.1219289 -0.0495093 0.6155221 255 0 0
-0.1204746 -0.0495095 0.6155245 255 0 0
-0.1190203 -0.0495097 0.6155269 255 0 0
-0.1176763 -0.0495563 0.6161068 255 0 0
-0.1163297 -0.0496031 0.6166879 255 0 0
-0.1148726 -0.0496033 0.6166903 255 0 0
-0.1136290 -0.0496968 0.6178533 255 0 0
-0.1123806 -0.0497907 0.6190207 255 0 0
-0.1111275 -0.0498850 0.6201925 255 0 0
-0.1100780 -0.0500744 0.6225472 255 0 0
-0.1085042 -0.0500271 0.6219599 255 0 0
-0.1071361 -0.0500748 0.6225520 255 0 0
-0.1066766 -0.0505543 0.6285139 255 0 0
-0.1057992 -0.0508465 0.6321471 255 0 0
-0.1031092 -0.0509940 0.6339808 255 0 0
-0.1060930 -0.0548615 0.6820628 255 0 0
-0.1048627 -0.0550619 0.6845546 255 0 0
-0.1502178 -0.0487351 0.6242603 255 0 0
-0.1483204 -0.0485969 0.6224895 255 0 0
-0.1467106 -0.0485510 0.6219022 255 0 0
-0.1449666 -0.0484594 0.6207286 255 0 0
-0.1430942 -0.0483225 0.6189752 255 0 0
-0.1414984 -0.0482772 0.6183946 255 0 0
-0.1399056 -0.0482320 0.6178151 255 0 0
-0.1383158 -0.0481868 0.6172366 255 0 0
-0.1367289 -0.0481417 0.6166593 255 0 0
-0.1351450 -0.0480967 0.6160830 255 0 0
-0.1336894 -0.0480969 0.6160854 255 0 0
-0.1322338 -0.0480971 0.6160878 255 0 0
-0.1306556 -0.0480522 0.6155126 255 0 0
-0.1292014 -0.0480524 0.6155150 255 0 0
-0.1277471 -0.0480526 0.6155174 255 0 0
-0.1261745 -0.0480078 0.6149432 255 0 0
-0.1247216 -0.0480079 0.6149456 255 0 0
-0.1232686 -0.0480081 0.6149480 255 0 0
-0.1218157 -0.0480083 0.6149504 255 0 0
-0.1204756 -0.0480535 0.6155293 255 0 0
-0.1190212 -0.0480537 0.6155316 255 0 0
-0.1175669 -0.0480539 0.6155340 255 0 0
-0.1162215 -0.0480992 0.6161140 255 0 0
-0.1147657 -0.0480994 0.6161164 255 0 0
-0.1135230 -0.0481900 0.6172773 255 0 0
-0.1122756 -0.0482809 0.6184425 255 0 0
-0.1109188 -0.0483266 0.6190279 255 0 0
-0.1098705 -0.0485098 0.6213737 255 0 0
-0.1086079 -0.0486020 0.6225545 255 0 0
-0.1071369 -0.0486022 0.6225569 255 0 0
-0.1060682 -0.0487874 0.6249295 255 0 0
-0.1055967 -0.0492564 0.6309372 255 0 0
-0.1033095 -0.0495901 0.6352124 255 0 0
-0.1060388 -0.0532205 0.6817141 255 0 0
-0.1047543 -0.0533870 0.6838470 255 0 0
-0.1500762 -0.0472136 0.6236722 255 0 0
-0.1481810 -0.0470798 0.6219046 255 0 0
-0.1465729 -0.0470354 0.6213185 255 0 0
-0.1446942 -0.0469024 0.6195619 255 0 0
-0.1428260 -0.0467702 0.6178151 255 0 0
-0.1413664 -0.0467704 0.6178175 255 0 0
-0.1397752 -0.0467266 0.6172391 255 0 0
-0.1383169 -0.0467268 0.6172415 255 0 0
-0.1366017 -0.0466392 0.6160855 255 0 0
-0.1350194 -0.0465957 0.6155103 255 0 0
-0.1335652 -0.0465959 0.6155127 255 0 0
-0.1319872 -0.0465524 0.6149385 255 0 0
-0.1305343 -0.0465526 0.6149409 255 0 0
-0.1292024 -0.0465964 0.6155198 255 0 0
-0.1275090 -0.0465094 0.6143702 255 0 0
-0.1261755 -0.0465531 0.6149480 255 0 0
-0.1246059 -0.0465098 0.6143750 255 0 0
-0.1231543 -0.0465099 0.6143774 255 0 0
-0.1217026 -0.0465101 0.6143798 255 0 0
-0.1202510 -0.0465103 0.6143821 255 0 0
-0.1187994 -0.0465105 0.6143845 255 0 0
-0.1174577 -0.0465542 0.6149623 255 0 0
-0.1160047 -0.0465544 0.6149647 255 0 0
-0.1145516 -0.0465546 0.6149671 255 0 0
-0.1134173 -0.0466859 0.6167023 255 0 0
-0.1120654 -0.0467300 0.6172845 255 0 0
-0.1108152 -0.0468182 0.6184497 255 0 0
-0.1095603 -0.0469068 0.6196194 255 0 0
-0.1080963 -0.0469070 0.6196218 255 0 0
-0.1068339 -0.0469958 0.6207958 255 0 0
-0.1062713 -0.0473994 0.6261262 255 0 0
-0.1054961 -0.0477181 0.6303363 255 0 0
-0.1047802 -0.0487718 0.6442552 255 0 0
-0.1056010 -0.0513944 0.6788995 255 0 0
-0.1046461 -0.0517155 0.6831407 255 0 0
-0.1515509 -0.0457381 0.6236747 255 0 0
-0.1499356 -0.0456951 0.6230875 255 0 0
-0.1480419 -0.0455655 0.6213209 255 0 0
-0.1462971 -0.0454796 0.6201495 255 0 0
-0.1445589 -0.0453940 0.6189826 255 0 0
-0.1428271 -0.0453088 0.6178200 255 0 0
-0.1412346 -0.0452663 0.6172416 255 0 0
-0.1395139 -0.0451816 0.6160855 255 0 0
-0.1380584 -0.0451817 0.6160879 255 0 0
-0.1363469 -0.0450973 0.6149362 255 0 0
-0.1348940 -0.0450975 0.6149386 255 0 0
-0.1334411 -0.0450976 0.6149409 255 0 0
-0.1318647 -0.0450556 0.6143679 255 0 0
-0.1304131 -0.0450558 0.6143703 255 0 0
-0.1288410 -0.0450138 0.6137983 255 0 0
-0.1275100 -0.0450561 0.6143751 255 0 0
-0.1259406 -0.0450142 0.6138031 255 0 0
-0.1244903 -0.0450144 0.6138055 255 0 0
-0.1230401 -0.0450145 0.6138078 255 0 0
-0.1215898 -0.0450147 0.6138102 255 0 0
-0.1201395 -0.0450149 0.6138126 255 0 0
-0.1188003 -0.0450572 0.6143893 255 0 0
-0.1173487 -0.0450573 0.6143917 255 0 0
-0.1145525 -0.0450999 0.6149719 255 0 0
-0.1132055 -0.0451424 0.6155508 255 0 0
-0.1119610 -0.0452273 0.6167095 255 0 0
-0.1107118 -0.0453126 0.6178726 255 0 0
-0.1093548 -0.0453555 0.6184570 255 0 0
-0.1079952 -0.0453984 0.6190425 255 0 0
-0.1069358 -0.0455705 0.6213883 255 0 0
-0.1061709 -0.0458745 0.6255347 255 0 0
-0.1055983 -0.0462715 0.6309471 255 0 0
-0.1036119 -0.0467206 0.6370714 255 0 0
-0.1057659 -0.0498659 0.6799595 255 0 0
-0.1047014 -0.0501256 0.6835017 255 0 0
-0.1512653 -0.0441791 0.6224992 255 0 0
-0.1496527 -0.0441374 0.6219119 255 0 0
-0.1479031 -0.0440541 0.6207383 255 0 0
-0.1462983 -0.0440127 0.6201544 255 0 0
-0.1444238 -0.0438885 0.6184044 255 0 0
-0.1426940 -0.0438061 0.6172440 255 0 0
-0.1411030 -0.0437651 0.6166666 255 0 0
-0.1395150 -0.0437242 0.6160904 255 0 0
-0.1379300 -0.0436834 0.6155152 255 0 0
-0.1363479 -0.0436427 0.6149410 255 0 0
-0.1347688 -0.0436020 0.6143680 255 0 0
-0.1333173 -0.0436022 0.6143703 255 0 0
-0.1319892 -0.0436432 0.6149482 255 0 0
-0.1304142 -0.0436025 0.6143751 255 0 0
-0.1288420 -0.0435619 0.6138031 255 0 0
-0.1273918 -0.0435621 0.6138055 255 0 0
-0.1259416 -0.0435622 0.6138079 255 0 0
-0.1244913 -0.0435624 0.6138102 255 0 0
-0.1229261 -0.0435219 0.6132393 255 0 0
-0.1215908 -0.0435627 0.6138150 255 0 0
-0.1202529 -0.0436037 0.6143917 255 0 0
-0.1188013 -0.0436038 0.6143941 255 0 0
-0.1173496 -0.0436040 0.6143965 255 0 0
-0.1145534 -0.0436452 0.6149767 255 0 0
-0.1131008 -0.0436455 0.6149815 255 0 0
-0.1106086 -0.0438098 0.6172965 255 0 0
-0.1093557 -0.0438925 0.6184618 255 0 0
-0.1082001 -0.0440171 0.6202168 255 0 0
-0.1069367 -0.0441006 0.6213931 255 0 0
-0.1061718 -0.0443948 0.6255395 255 0 0
-0.1052956 -0.0446502 0.6291382 255 0 0
-0.1033120 -0.0450824 0.6352273 255 0 0
-0.1050595 -0.0479347 0.6754181 255 0 0
-0.1044847 -0.0484080 0.6820868 255 0 0
-0.1509801 -0.0426257 0.6213259 255 0 0
-0.1495122 -0.0426259 0.6213282 255 0 0
-0.1476251 -0.0425054 0.6195716 255 0 0
-0.1461614 -0.0425055 0.6195740 255 0 0
-0.1442891 -0.0423857 0.6178272 255 0 0
-0.1425611 -0.0423062 0.6166691 255 0 0
-0.1409717 -0.0422667 0.6160927 255 0 0
-0.1393853 -0.0422272 0.6155176 255 0 0
-0.1378019 -0.0421878 0.6149434 255 0 0
-0.1362214 -0.0421485 0.6143704 255 0 0
-0.1347699 -0.0421487 0.6143728 255 0 0
-0.1333183 -0.0421489 0.6143752 255 0 0
-0.1317435 -0.0421096 0.6138032 255 0 0
-0.1302933 -0.0421098 0.6138056 255 0 0
-0.1288431 -0.0421099 0.6138080 255 0 0
-0.1272738 -0.0420708 0.6132370 255 0 0
-0.1257080 -0.0420318 0.6126695 255 0 0
-0.1229271 -0.0420713 0.6132441 255 0 0
-0.1201414 -0.0421109 0.6138222 255 0 0
-0.1185807 -0.0420719 0.6132536 255 0 0
-0.1171318 -0.0420721 0.6132560 255 0 0
-0.1158993 -0.0421510 0.6144060 255 0 0
-0.1131017 -0.0421908 0.6149863 255 0 0
-0.1104019 -0.0422701 0.6161429 255 0 0
-0.1094596 -0.0424696 0.6190497 255 0 0
-0.1085084 -0.0426709 0.6219842 255 0 0
-0.1069375 -0.0426307 0.6213980 255 0 0
-0.1059707 -0.0428335 0.6243548 255 0 0
-0.1050950 -0.0430795 0.6279398 255 0 0
-0.1039094 -0.0432036 0.6297490 255 0 0
-0.1047370 -0.0461945 0.6733452 255 0 0
-0.1038918 -0.0465287 0.6782168 255 0 0
-0.1521612 -0.0410780 0.6201545 255 0 0
-0.1508386 -0.0411170 0.6207433 255 0 0
-0.1493720 -0.0411172 0.6207457 255 0 0
-0.1477658 -0.0410785 0.6201617 255 0 0
-0.1458872 -0.0409626 0.6184117 255 0 0
-0.1444261 -0.0409627 0.6184140 255 0 0
-0.1424284 -0.0408092 0.6160952 255 0 0
-0.1408406 -0.0407711 0.6155200 255 0 0
-0.1392559 -0.0407330 0.6149459 255 0 0
-0.1378030 -0.0407332 0.6149483 255 0 0
-0.1360952 -0.0406572 0.6138009 255 0 0
-0.1347709 -0.0406954 0.6143776 255 0 0
-0.1331947 -0.0406575 0.6138057 255 0 0
-0.1317445 -0.0406577 0.6138080 255 0 0
-0.1301726 -0.0406198 0.6132370 255 0 0
-0.1287237 -0.0406200 0.6132394 255 0 0
-0.1271560 -0.0405822 0.6126696 255 0 0
-0.1257085 -0.0405824 0.6126720 255 0 0
-0.1226993 -0.0405450 0.6121079 255 0 0
-0.1214796 -0.0406209 0.6132537 255 0 0
-0.1201428 -0.0406591 0.6138294 255 0 0
-0.1185817 -0.0406213 0.6132584 255 0 0
-0.1171327 -0.0406214 0.6132607 255 0 0
-0.1157918 -0.0406595 0.6138365 255 0 0
-0.1143415 -0.0406597 0.6138389 255 0 0
-0.1128911 -0.0406599 0.6138412 255 0 0
-0.1116495 -0.0407362 0.6149935 255 0 0
-0.1096673 -0.0410826 0.6202241 255 0 0
-0.1087153 -0.0412778 0.6231697 255 0 0
-0.1076515 -0.0414352 0.6255469 255 0 0
-0.1065796 -0.0415939 0.6279423 255 0 0
-0.1048952 -0.0415146 0.6267459 255 0 0
-0.1033136 -0.0420771 0.6352373 255 0 0
-0.1050899 -0.0440817 0.6655015 255 0 0
-0.1032527 -0.0446476 0.6740444 255 0 0
-0.1521624 -0.0396110 0.6201593 255 0 0
-0.1506973 -0.0396112 0.6201617 255 0 0
-0.1492321 -0.0396113 0.6201642 255 0 0
-0.1476275 -0.0395741 0.6195813 255 0 0
-0.1458883 -0.0394997 0.6184165 255 0 0
-0.1444272 -0.0394999 0.6184189 255 0 0
-0.1422960 -0.0393149 0.6155225 255 0 0
-0.1407098 -0.0392782 0.6149483 255 0 0
-0.1391267 -0.0392416 0.6143753 255 0 0
-0.1375464 -0.0392051 0.6138033 255 0 0
-0.1362236 -0.0392419 0.6143801 255 0 0
-0.1346460 -0.0392054 0.6138081 255 0 0
-0.1329472 -0.0391323 0.6126649 255 0 0
-0.1314997 -0.0391325 0.6126673 255 0 0
-0.1300521 -0.0391326 0.6126696 255 0 0
-0.1283655 -0.0390601 0.6115331 255 0 0
-0.1270390 -0.0390966 0.6121056 255 0 0
-0.1255928 -0.0390968 0.6121079 255 0 0
-0.1241465 -0.0390969 0.6121103 255 0 0
-0.1227003 -0.0390971 0.6121127 255 0 0
-0.1212540 -0.0390972 0.6121151 255 0 0
-0.1199196 -0.0391339 0.6126886 255 0 0
-0.1183615 -0.0390975 0.6121198 255 0 0
-0.1170243 -0.0391342 0.6126934 255 0 0
-0.1155766 -0.0391343 0.6126957 255 0 0
-0.1143424 -0.0392076 0.6138437 255 0 0
-0.1127865 -0.0391712 0.6132727 255 0 0
-0.1114416 -0.0392079 0.6138484 255 0 0
-0.1090501 -0.0393922 0.6167336 255 0 0
-0.1079986 -0.0395409 0.6190618 255 0 0
-0.1076523 -0.0399555 0.6255518 255 0 0
-0.1045805 -0.0393559 0.6161644 255 0 0
-0.1021659 -0.0389901 0.6104386 255 0 0
-0.1005366 -0.0389179 0.6093081 255 0 0
-0.0988218 -0.0388100 0.6076190 255 0 0
-0.0973861 -0.0388102 0.6076213 255 0 0
-0.0959504 -0.0388104 0.6076237 255 0 0
-0.0946021 -0.0388464 0.6081888 255 0 0
-0.0931650 -0.0388466 0.6081912 255 0 0
-0.1520200 -0.0381080 0.6195790 255 0 0
-0.1506984 -0.0381442 0.6201666 255 0 0
-0.1490924 -0.0381083 0.6195838 255 0 0
-0.1473505 -0.0380367 0.6184189 255 0 0
-0.1457521 -0.0380010 0.6178393 255 0 0
-0.1442925 -0.0380012 0.6178418 255 0 0
-0.1421638 -0.0378233 0.6149507 255 0 0
-0.1408429 -0.0378590 0.6155297 255 0 0
-0.1392580 -0.0378236 0.6149555 255 0 0
-0.1375475 -0.0377531 0.6138081 255 0 0
-0.1362246 -0.0377885 0.6143848 255 0 0
-0.1345213 -0.0377181 0.6132395 255 0 0
-0.1330724 -0.0377182 0.6132419 255 0 0
-0.1315007 -0.0376832 0.6126720 255 0 0
-0.1296906 -0.0375783 0.6109665 255 0 0
-0.1277715 -0.0374391 0.6087033 255 0 0
-0.1266857 -0.0375436 0.6104032 255 0 0
-0.1251272 -0.0375089 0.6098387 255 0 0
-0.1238013 -0.0375439 0.6104080 255 0 0
-0.1224729 -0.0375790 0.6109784 255 0 0
-0.1212550 -0.0376492 0.6121199 255 0 0
-0.1198087 -0.0376494 0.6121222 255 0 0
-0.1183624 -0.0376495 0.6121246 255 0 0
-0.1169161 -0.0376497 0.6121269 255 0 0
-0.1155775 -0.0376849 0.6127005 255 0 0
-0.1141299 -0.0376851 0.6127028 255 0 0
-0.1125771 -0.0376501 0.6121341 255 0 0
-0.1103081 -0.0373715 0.6076049 255 0 0
-0.1084710 -0.0372339 0.6053666 255 0 0
-0.1074368 -0.0373718 0.6076096 255 0 0
-0.1060011 -0.0373720 0.6076120 255 0 0
-0.1046623 -0.0374067 0.6081771 255 0 0
-0.1031298 -0.0373723 0.6076167 255 0 0
-0.1016940 -0.0373724 0.6076190 255 0 0
-0.1002583 -0.0373725 0.6076214 255 0 0
-0.0988226 -0.0373727 0.6076238 255 0 0
-0.0972968 -0.0373383 0.6070644 255 0 0
-0.0959511 -0.0373730 0.6076285 255 0 0
-0.0946029 -0.0374077 0.6081936 255 0 0
-0.1521648 -0.0366770 0.6201690 255 0 0
-0.1506996 -0.0366771 0.6201714 255 0 0
-0.1492344 -0.0366772 0.6201739 255 0 0
-0.1473517 -0.0365737 0.6184238 255 0 0
-0.1458906 -0.0365739 0.6184262 255 0 0
-0.1441579 -0.0365053 0.6172658 255 0 0
-0.1425655 -0.0364711 0.6166884 255 0 0
-0.1409761 -0.0364370 0.6161121 255 0 0
-0.1391288 -0.0363349 0.6143849 255 0 0
-0.1375486 -0.0363011 0.6138129 255 0 0
-0.1340932 -0.0357664 0.6047717 255 0 0
-0.1314535 -0.0354401 0.5992545 255 0 0
-0.1294475 -0.0352793 0.5965369 255 0 0
-0.1279218 -0.0352475 0.5959978 255 0 0
-0.1265137 -0.0352476 0.5960001 255 0 0
-0.1251055 -0.0352477 0.5960025 255 0 0
-0.1238097 -0.0352799 0.5965462 255 0 0
-0.1225116 -0.0353121 0.5970910 255 0 0
-0.1212111 -0.0353444 0.5976368 255 0 0
-0.1199081 -0.0353767 0.5981835 255 0 0
-0.1176167 -0.0355387 0.6009230 255 0 0
-0.1164099 -0.0356040 0.6020272 255 0 0
-0.1151987 -0.0356696 0.6031355 255 0 0
-0.1138783 -0.0357025 0.6036924 255 0 0
-0.1124519 -0.0357027 0.6036947 255 0 0
-0.1112300 -0.0357686 0.6048092 255 0 0
-0.1101052 -0.0358678 0.6064873 255 0 0
-0.1086722 -0.0358680 0.6064896 255 0 0
-0.1074376 -0.0359345 0.6076144 255 0 0
-0.1060020 -0.0359346 0.6076167 255 0 0
-0.1043731 -0.0358684 0.6064967 255 0 0
-0.1028451 -0.0358354 0.6059394 255 0 0
-0.1016008 -0.0359018 0.6070620 255 0 0
-0.1000739 -0.0358688 0.6065037 255 0 0
-0.0987320 -0.0359021 0.6070668 255 0 0
-0.0972976 -0.0359022 0.6070691 255 0 0
-0.0958631 -0.0359024 0.6070715 255 0 0
-0.1524540 -0.0352765 0.6213478 255 0 0
-0.1507008 -0.0352100 0.6201763 255 0 0
-0.1492356 -0.0352102 0.6201787 255 0 0
-0.1480501 -0.0352769 0.6213550 255 0 0
-0.1461671 -0.0351772 0.6195983 255 0 0
-0.1437536 -0.0349465 0.6155345 255 0 0
-0.1420330 -0.0348812 0.6143849 255 0 0
-0.1386361 -0.0343987 0.6058855 255 0 0
-0.1345970 -0.0337450 0.5943725 255 0 0
-0.1331927 -0.0337452 0.5943748 255 0 0
-0.1316692 -0.0337148 0.5938395 255 0 0
-0.1303841 -0.0337454 0.5943794 255 0 0
-0.1290966 -0.0337761 0.5949202 255 0 0
-0.1274601 -0.0337152 0.5938464 255 0 0
-0.1261711 -0.0337458 0.5943863 255 0 0
-0.1248798 -0.0337765 0.5949271 255 0 0
-0.1233624 -0.0337461 0.5943908 255 0 0
-0.1219580 -0.0337462 0.5943931 255 0 0
-0.1206629 -0.0337769 0.5949340 255 0 0
-0.1192572 -0.0337770 0.5949363 255 0 0
-0.1180655 -0.0338385 0.5960186 255 0 0
-0.1167632 -0.0338694 0.5965624 255 0 0
-0.1156690 -0.0339621 0.5981951 255 0 0
-0.1145687 -0.0340553 0.5998368 255 0 0
-0.1121435 -0.0341803 0.6020389 255 0 0
-0.1111285 -0.0343062 0.6042573 255 0 0
-0.1102079 -0.0344649 0.6070527 255 0 0
-0.1088742 -0.0344970 0.6076168 255 0 0
-0.1073392 -0.0344652 0.6070575 255 0 0
-0.1060028 -0.0344972 0.6076215 255 0 0
-0.1043739 -0.0344336 0.6065015 255 0 0
-0.1027511 -0.0343703 0.6053855 255 0 0
-0.1013206 -0.0343704 0.6053879 255 0 0
-0.0999824 -0.0344023 0.6059489 255 0 0
-0.1515944 -0.0336158 0.6178443 255 0 0
-0.1499936 -0.0335843 0.6172659 255 0 0
-0.1461992 -0.0330563 0.6075605 255 0 0
-0.1427820 -0.0326038 0.5992453 255 0 0
-0.1402151 -0.0323385 0.5943679 255 0 0
-0.1386853 -0.0323093 0.5938327 255 0 0
-0.1371583 -0.0322803 0.5932984 255 0 0
-0.1358793 -0.0323096 0.5938373 255 0 0
-0.1343548 -0.0322805 0.5933030 255 0 0
-0.1329530 -0.0322807 0.5933053 255 0 0
-0.1314325 -0.0322516 0.5927719 255 0 0
-0.1301495 -0.0322809 0.5933099 255 0 0
-0.1287477 -0.0322810 0.5933122 255 0 0
-0.1273459 -0.0322812 0.5933145 255 0 0
-0.1259441 -0.0322813 0.5933168 255 0 0
-0.1246549 -0.0323106 0.5938556 255 0 0
-0.1232518 -0.0323107 0.5938579 255 0 0
-0.1219590 -0.0323401 0.5943978 255 0 0
-0.1205546 -0.0323402 0.5944001 255 0 0
-0.1193663 -0.0323990 0.5954804 255 0 0
-0.1180664 -0.0324285 0.5960233 255 0 0
-0.1166582 -0.0324287 0.5960256 255 0 0
-0.1153546 -0.0324582 0.5965694 255 0 0
-0.1141525 -0.0325175 0.5976577 255 0 0
-0.1129459 -0.0325769 0.5987499 255 0 0
-0.1118372 -0.0326664 0.6003945 255 0 0
-0.1096008 -0.0328467 0.6037088 255 0 0
-0.1083736 -0.0329073 0.6048233 255 0 0
-0.1466289 -0.0311007 0.5976068 255 0 0
-0.1452171 -0.0311009 0.5976092 255 0 0
-0.1435439 -0.0310445 0.5965255 255 0 0
-0.1416204 -0.0309323 0.5943702 255 0 0
-0.1403432 -0.0309604 0.5949111 255 0 0
-0.1388119 -0.0309325 0.5943748 255 0 0
-0.1371593 -0.0308768 0.5933031 255 0 0
-0.1356350 -0.0308490 0.5927697 255 0 0
-0.1343558 -0.0308770 0.5933077 255 0 0
-0.1329541 -0.0308771 0.5933100 255 0 0
-0.1315523 -0.0308772 0.5933123 255 0 0
-0.1300330 -0.0308495 0.5927789 255 0 0
-0.1466301 -0.0296870 0.5976115 255 0 0
-0.1450861 -0.0296601 0.5970704 255 0 0
-0.1430258 -0.0295261 0.5943726 255 0 0
-0.1416215 -0.0295262 0.5943749 255 0 0
-0.1402173 -0.0295263 0.5943772 255 0 0
-0.1386875 -0.0294997 0.5938420 255 0 0
-0.1370366 -0.0294466 0.5927721 255 0 0
-0.1356361 -0.0294467 0.5927744 255 0 0
