ply
format ascii 1.0
element vertex 13977
property float x
property float y
property float z
property uchar red
property uchar green
property uchar blue
end_header
0.0589808 -0.0578025 0.8363501 0 0 255
0.0609004 -0.0577661 0.8358224 0 0 255
0.0628576 -0.0577664 0.8358278 0 0 255
0.0649390 -0.0578775 0.8374344 0 0 255
0.0669428 -0.0579148 0.8379749 0 0 255
0.0689051 -0.0579152 0.8379803 0 0 255
0.0729226 -0.0579897 0.8390580 0 0 255
0.0749834 -0.0580644 0.8401384 0 0 255
0.0529036 -0.0556285 0.8331540 0 0 255
0.0548894 -0.0556642 0.8336890 0 0 255
0.0568055 -0.0556292 0.8331647 0 0 255
0.0587939 -0.0556649 0.8336998 0 0 255
0.0607848 -0.0557007 0.8342355 0 0 255
0.0627383 -0.0557011 0.8342409 0 0 255
0.0647330 -0.0557369 0.8347772 0 0 255
0.0667728 -0.0558083 0.8358467 0 0 255
0.0688179 -0.0558799 0.8369190 0 0 255
0.0708229 -0.0559159 0.8374588 0 0 255
0.0728305 -0.0559520 0.8379993 0 0 255
0.0768531 -0.0560240 0.8390770 0 0 255
0.0788685 -0.0560602 0.8396196 0 0 255
0.0810943 -0.0562406 0.8423213 0 0 255
0.0831203 -0.0562771 0.8428681 0 0 255
0.0852586 -0.0563862 0.8445018 0 0 255
0.0489091 -0.0535731 0.8315665 0 0 255
0.0508241 -0.0535395 0.8310449 0 0 255
0.0527700 -0.0535398 0.8310502 0 0 255
0.0547507 -0.0535741 0.8315825 0 0 255
0.0566980 -0.0535744 0.8315879 0 0 255
0.0586825 -0.0536088 0.8321209 0 0 255
0.0606696 -0.0536432 0.8326545 0 0 255
0.0626592 -0.0536776 0.8331890 0 0 255
0.0645692 -0.0536438 0.8326653 0 0 255
0.0665613 -0.0536783 0.8331996 0 0 255
0.0686870 -0.0538154 0.8353279 0 0 255
0.0706882 -0.0538500 0.8358656 0 0 255
0.0726919 -0.0538847 0.8364041 0 0 255
0.0747459 -0.0539539 0.8374778 0 0 255
0.0767561 -0.0539887 0.8380183 0 0 255
0.0809911 -0.0541968 0.8412490 0 0 255
0.0831211 -0.0543017 0.8428764 0 0 255
0.0850950 -0.0543020 0.8428819 0 0 255
0.0874624 -0.0545478 0.8466964 0 0 255
0.0468436 -0.0514932 0.8294653 0 0 255
0.0487550 -0.0514610 0.8289464 0 0 255
0.0506640 -0.0514288 0.8284280 0 0 255
0.0526371 -0.0514616 0.8289571 0 0 255
0.0546128 -0.0514945 0.8294867 0 0 255
0.0564837 -0.0514298 0.8284440 0 0 255
0.0585345 -0.0515278 0.8300224 0 0 255
0.0605165 -0.0515607 0.8305535 0 0 255
0.0624614 -0.0515611 0.8305588 0 0 255
0.0644880 -0.0516268 0.8316175 0 0 255
0.0664354 -0.0516271 0.8316228 0 0 255
0.0685132 -0.0517259 0.8332133 0 0 255
0.0704643 -0.0517262 0.8332186 0 0 255
0.0725538 -0.0518253 0.8348151 0 0 255
0.0745088 -0.0518256 0.8348205 0 0 255
0.0765124 -0.0518590 0.8353577 0 0 255
0.0808363 -0.0521249 0.8396415 0 0 255
0.0829620 -0.0522256 0.8412626 0 0 255
0.0849321 -0.0522259 0.8412681 0 0 255
0.0871258 -0.0523606 0.8434376 0 0 255
0.0894461 -0.0525637 0.8467101 0 0 255
0.0429053 -0.0494859 0.8284148 0 0 255
0.0447885 -0.0494238 0.8273749 0 0 255
0.0467258 -0.0494241 0.8273802 0 0 255
0.0486325 -0.0493933 0.8268639 0 0 255
0.0505050 -0.0493314 0.8258278 0 0 255
0.0524718 -0.0493628 0.8263535 0 0 255
0.0544411 -0.0493942 0.8268798 0 0 255
0.0564129 -0.0494257 0.8274068 0 0 255
0.0583873 -0.0494572 0.8279346 0 0 255
0.0603641 -0.0494888 0.8284628 0 0 255
0.0623041 -0.0494891 0.8284682 0 0 255
0.0643254 -0.0495520 0.8295215 0 0 255
0.0663099 -0.0495837 0.8300520 0 0 255
0.0683402 -0.0496469 0.8311093 0 0 255
0.0702864 -0.0496472 0.8311146 0 0 255
0.0723243 -0.0497105 0.8321747 0 0 255
0.0743675 -0.0497740 0.8332375 0 0 255
0.0763673 -0.0498060 0.8337726 0 0 255
0.0784695 -0.0499015 0.8353712 0 0 255
0.0828565 -0.0501895 0.8401930 0 0 255
0.0848241 -0.0501898 0.8401984 0 0 255
0.0868474 -0.0502223 0.8407424 0 0 255
0.0888733 -0.0502549 0.8412871 0 0 255
0.0918450 -0.0508092 0.8505677 0 0 255
0.0408884 -0.0474541 0.8268507 0 0 255
0.0427976 -0.0474245 0.8263350 0 0 255
0.0446762 -0.0473651 0.8253003 0 0 255
0.0466086 -0.0473654 0.8253056 0 0 255
0.0485106 -0.0473360 0.8247918 0 0 255
0.0504103 -0.0473065 0.8242787 0 0 255
0.0523733 -0.0473366 0.8248024 0 0 255
0.0543047 -0.0473369 0.8248077 0 0 255
0.0563069 -0.0473968 0.8258518 0 0 255
0.0582408 -0.0473971 0.8258572 0 0 255
0.0601747 -0.0473974 0.8258625 0 0 255
0.0621869 -0.0474575 0.8269092 0 0 255
0.0641637 -0.0474877 0.8274362 0 0 255
0.0661849 -0.0475480 0.8284869 0 0 255
0.0681680 -0.0475784 0.8290160 0 0 255
0.0701981 -0.0476389 0.8300707 0 0 255
0.0722334 -0.0476996 0.8311281 0 0 255
0.0741797 -0.0476999 0.8311335 0 0 255
0.0763195 -0.0478214 0.8332509 0 0 255
0.0784203 -0.0479131 0.8348475 0 0 255
0.0805805 -0.0480357 0.8369840 0 0 255
0.0826989 -0.0481281 0.8385949 0 0 255
0.0847169 -0.0481592 0.8391369 0 0 255
0.0888172 -0.0482522 0.8407560 0 0 255
0.0910781 -0.0484076 0.8434649 0 0 255
0.0950086 -0.0494251 0.8611932 0 0 255
0.0389773 -0.0455446 0.8273751 0 0 255
0.0408373 -0.0454589 0.8258174 0 0 255
0.0427441 -0.0454305 0.8253030 0 0 255
0.0446485 -0.0454023 0.8247892 0 0 255
0.0465213 -0.0453455 0.8237584 0 0 255
0.0484198 -0.0453173 0.8232465 0 0 255
0.0503159 -0.0452892 0.8227354 0 0 255
0.0523080 -0.0453464 0.8237743 0 0 255
0.0542370 -0.0453467 0.8237796 0 0 255
0.0561307 -0.0453185 0.8232677 0 0 255
0.0580585 -0.0453188 0.8232730 0 0 255
0.0600241 -0.0453476 0.8237955 0 0 255
0.0620311 -0.0454049 0.8248370 0 0 255
0.0640028 -0.0454338 0.8253614 0 0 255
0.0660187 -0.0454913 0.8264068 0 0 255
0.0680826 -0.0455778 0.8279774 0 0 255
0.0700215 -0.0455781 0.8279827 0 0 255
0.0720970 -0.0456648 0.8295591 0 0 255
0.0741334 -0.0457230 0.8306152 0 0 255
0.0761750 -0.0457812 0.8316740 0 0 255
0.0783213 -0.0458980 0.8337942 0 0 255
0.0805299 -0.0460446 0.8364584 0 0 255
0.0826997 -0.0461627 0.8386031 0 0 255
0.0847720 -0.0462221 0.8396824 0 0 255
0.0867940 -0.0462520 0.8402257 0 0 255
0.0910204 -0.0464009 0.8429312 0 0 255
0.0947607 -0.0472825 0.8589457 0 0 255
0.0970264 -0.0474070 0.8612073 0 0 255
0.0371106 -0.0436878 0.8289469 0 0 255
0.0389041 -0.0435231 0.8258201 0 0 255
0.0407607 -0.0434413 0.8242683 0 0 255
0.0426908 -0.0434415 0.8242736 0 0 255
0.0445648 -0.0433873 0.8232440 0 0 255
0.0463761 -0.0432789 0.8211873 0 0 255
0.0482989 -0.0432792 0.8211926 0 0 255
0.0502218 -0.0432794 0.8211979 0 0 255
0.0521774 -0.0433068 0.8217177 0 0 255
0.0541016 -0.0433071 0.8217230 0 0 255
0.0559907 -0.0432803 0.8212137 0 0 255
0.0579863 -0.0433348 0.8222488 0 0 255
0.0599118 -0.0433351 0.8222541 0 0 255
0.0619149 -0.0433898 0.8232917 0 0 255
0.0638829 -0.0434173 0.8238141 0 0 255
0.0658948 -0.0434722 0.8248556 0 0 255
0.0678691 -0.0434999 0.8253802 0 0 255
0.0698899 -0.0435550 0.8264257 0 0 255
0.0719158 -0.0436102 0.8274738 0 0 255
0.0739936 -0.0436932 0.8290483 0 0 255
0.0759831 -0.0437211 0.8295780 0 0 255
0.0781730 -0.0438601 0.8322153 0 0 255
0.0802747 -0.0439440 0.8338078 0 0 255
0.0824370 -0.0440563 0.8359389 0 0 255
0.0844485 -0.0440847 0.8364774 0 0 255
0.0865177 -0.0441413 0.8375511 0 0 255
0.0909628 -0.0443968 0.8423980 0 0 255
0.0947616 -0.0452693 0.8589541 0 0 255
0.0970274 -0.0453885 0.8612157 0 0 255
0.0351700 -0.0417447 0.8289496 0 0 255
0.0370174 -0.0416397 0.8268642 0 0 255
0.0388067 -0.0414830 0.8237533 0 0 255
0.0407100 -0.0414572 0.8232414 0 0 255
0.0425575 -0.0413796 0.8216993 0 0 255
0.0444258 -0.0413281 0.8206762 0 0 255
0.0462896 -0.0412767 0.8196556 0 0 255
0.0481487 -0.0412254 0.8186376 0 0 255
0.0500344 -0.0411999 0.8181322 0 0 255
0.0520475 -0.0412775 0.8196715 0 0 255
0.0539332 -0.0412519 0.8191648 0 0 255
0.0558863 -0.0412780 0.8196821 0 0 255
0.0578057 -0.0412783 0.8196874 0 0 255
0.0597625 -0.0413043 0.8202053 0 0 255
0.0617991 -0.0413822 0.8217523 0 0 255
0.0637234 -0.0413825 0.8217576 0 0 255
0.0657713 -0.0414607 0.8233104 0 0 255
0.0677844 -0.0415131 0.8243507 0 0 255
0.0697148 -0.0415134 0.8243560 0 0 255
0.0717806 -0.0415921 0.8259186 0 0 255
0.0738077 -0.0416448 0.8269654 0 0 255
0.0757921 -0.0416713 0.8274925 0 0 255
0.0778773 -0.0417506 0.8290671 0 0 255
0.0800211 -0.0418567 0.8311740 0 0 255
0.0821759 -0.0419633 0.8332915 0 0 255
0.0842344 -0.0420170 0.8343571 0 0 255
0.0861883 -0.0420173 0.8343624 0 0 255
0.0909053 -0.0423951 0.8418655 0 0 255
0.0947005 -0.0432278 0.8584003 0 0 255
0.0970283 -0.0433700 0.8612241 0 0 255
0.0990452 -0.0433703 0.8612297 0 0 255
0.0351260 -0.0397515 0.8279111 0 0 255
0.0369711 -0.0396517 0.8258309 0 0 255
0.0387341 -0.0394779 0.8222119 0 0 255
0.0406338 -0.0394534 0.8217021 0 0 255
0.0424515 -0.0393550 0.8196532 0 0 255
0.0443430 -0.0393307 0.8191465 0 0 255
0.0461746 -0.0392574 0.8176197 0 0 255
0.0480891 -0.0392576 0.8176250 0 0 255
0.0499414 -0.0392090 0.8166120 0 0 255
0.0519182 -0.0392582 0.8176355 0 0 255
0.0538664 -0.0392829 0.8181508 0 0 255
0.0557822 -0.0392831 0.8181561 0 0 255
0.0577341 -0.0393079 0.8186720 0 0 255
0.0596511 -0.0393082 0.8186773 0 0 255
0.0616452 -0.0393576 0.8197059 0 0 255
0.0636442 -0.0394071 0.8207371 0 0 255
0.0656072 -0.0394320 0.8212563 0 0 255
0.0676575 -0.0395065 0.8228073 0 0 255
0.0695843 -0.0395067 0.8228125 0 0 255
0.0716010 -0.0395566 0.8238515 0 0 255
0.0737154 -0.0396565 0.8259320 0 0 255
0.0757450 -0.0397068 0.8269788 0 0 255
0.0777797 -0.0397572 0.8280283 0 0 255
0.0798701 -0.0398329 0.8296049 0 0 255
0.0820204 -0.0399341 0.8317145 0 0 255
0.0840748 -0.0399851 0.8327760 0 0 255
0.0862441 -0.0400872 0.8349018 0 0 255
0.0908479 -0.0403960 0.8413337 0 0 255
0.0947014 -0.0412159 0.8584087 0 0 255
0.0970293 -0.0413514 0.8612325 0 0 255
0.0991113 -0.0413789 0.8618039 0 0 255
0.0351263 -0.0378110 0.8279192 0 0 255
0.0369482 -0.0376923 0.8253194 0 0 255
0.0387831 -0.0375979 0.8232523 0 0 255
0.0406088 -0.0375040 0.8211956 0 0 255
0.0424254 -0.0374105 0.8191492 0 0 255
0.0442330 -0.0373175 0.8171130 0 0 255
0.0461463 -0.0373178 0.8171183 0 0 255
0.0480297 -0.0372948 0.8166147 0 0 255
0.0498798 -0.0372486 0.8156043 0 0 255
0.0517896 -0.0372489 0.8156096 0 0 255
0.0536994 -0.0372491 0.8156148 0 0 255
0.0556093 -0.0372493 0.8156201 0 0 255
0.0575550 -0.0372728 0.8161328 0 0 255
0.0595402 -0.0373194 0.8171551 0 0 255
0.0614537 -0.0373197 0.8171603 0 0 255
0.0634464 -0.0373665 0.8181852 0 0 255
0.0654849 -0.0374368 0.8197244 0 0 255
0.0674888 -0.0374839 0.8207557 0 0 255
0.0694543 -0.0375076 0.8212749 0 0 255
0.0715118 -0.0375784 0.8228258 0 0 255
0.0734848 -0.0376023 0.8233476 0 0 255
0.0755552 -0.0376734 0.8249064 0 0 255
0.0777314 -0.0377925 0.8275139 0 0 255
0.0798204 -0.0378644 0.8290886 0 0 255
0.0819692 -0.0379607 0.8311955 0 0 255
0.0839690 -0.0379850 0.8317279 0 0 255
0.0862449 -0.0381303 0.8349099 0 0 255
0.0887652 -0.0383748 0.8402640 0 0 255
0.0947023 -0.0392039 0.8584171 0 0 255
0.0970302 -0.0393328 0.8612409 0 0 255
0.0991774 -0.0393848 0.8623791 0 0 255
0.1011306 -0.0393592 0.8618180 0 0 255
0.0350602 -0.0358027 0.8263623 0 0 255
0.0368327 -0.0356457 0.8227386 0 0 255
0.0386379 -0.0355345 0.8201713 0 0 255
0.0405077 -0.0354903 0.8191519 0 0 255
0.0423201 -0.0354021 0.8171158 0 0 255
0.0442058 -0.0353803 0.8166122 0 0 255
0.0459749 -0.0352707 0.8140830 0 0 255
0.0478811 -0.0352709 0.8140882 0 0 255
0.0498183 -0.0352931 0.8145992 0 0 255
0.0517258 -0.0352933 0.8146044 0 0 255
0.0536000 -0.0352716 0.8141040 0 0 255
0.0555063 -0.0352718 0.8141092 0 0 255
0.0574840 -0.0353159 0.8151264 0 0 255
0.0593928 -0.0353161 0.8151316 0 0 255
0.0613779 -0.0353603 0.8161513 0 0 255
0.0633284 -0.0353825 0.8166647 0 0 255
0.0653222 -0.0354269 0.8176883 0 0 255
0.0672789 -0.0354492 0.8182036 0 0 255
0.0693247 -0.0355159 0.8197430 0 0 255
0.0712889 -0.0355384 0.8202609 0 0 255
0.0733474 -0.0356054 0.8218080 0 0 255
0.0754136 -0.0356727 0.8233610 0 0 255
0.0774877 -0.0357402 0.8249199 0 0 255
0.0795196 -0.0357855 0.8259642 0 0 255
0.0817628 -0.0359214 0.8291021 0 0 255
0.0838634 -0.0359899 0.8306827 0 0 255
0.0860814 -0.0361044 0.8333268 0 0 255
0.0885958 -0.0363355 0.8386604 0 0 255
0.0946413 -0.0371675 0.8578641 0 0 255
0.0970312 -0.0373142 0.8612494 0 0 255
0.0990482 -0.0373145 0.8612550 0 0 255
0.1011316 -0.0373392 0.8618264 0 0 255
0.0350165 -0.0338232 0.8253303 0 0 255
0.0367869 -0.0336750 0.8217157 0 0 255
0.0385419 -0.0335282 0.8181327 0 0 255
0.0404072 -0.0334866 0.8171185 0 0 255
0.0422153 -0.0334036 0.8150924 0 0 255
0.0440691 -0.0333624 0.8140857 0 0 255
0.0459183 -0.0333212 0.8130816 0 0 255
0.0477630 -0.0332802 0.8120799 0 0 255
0.0496645 -0.0332804 0.8120851 0 0 255
0.0515342 -0.0332600 0.8115878 0 0 255
0.0534677 -0.0332808 0.8120956 0 0 255
0.0553694 -0.0332810 0.8121008 0 0 255
0.0572710 -0.0332812 0.8121060 0 0 255
0.0592094 -0.0333021 0.8126144 0 0 255
0.0611881 -0.0333436 0.8136278 0 0 255
0.0630934 -0.0333438 0.8136331 0 0 255
0.0651199 -0.0334062 0.8151554 0 0 255
0.0671539 -0.0334688 0.8166833 0 0 255
0.0691094 -0.0334899 0.8171974 0 0 255
0.0711117 -0.0335319 0.8182223 0 0 255
0.0731190 -0.0335740 0.8192496 0 0 255
0.0751784 -0.0336372 0.8207929 0 0 255
0.0772456 -0.0337007 0.8223420 0 0 255
0.0792708 -0.0337432 0.8233797 0 0 255
0.0813010 -0.0337859 0.8244200 0 0 255
0.0835468 -0.0339140 0.8275462 0 0 255
0.0858096 -0.0340431 0.8306962 0 0 255
0.0885400 -0.0343478 0.8381327 0 0 255
0.0945186 -0.0351109 0.8567518 0 0 255
0.0968414 -0.0352262 0.8595647 0 0 255
0.0991142 -0.0353190 0.8618293 0 0 255
0.1010662 -0.0352960 0.8612689 0 0 255
0.0366495 -0.0316301 0.8186461 0 0 255
0.0384224 -0.0315123 0.8155967 0 0 255
0.0403573 -0.0315321 0.8161095 0 0 255
0.0421371 -0.0314345 0.8135834 0 0 255
0.0439876 -0.0313958 0.8125805 0 0 255
0.0458052 -0.0313377 0.8110783 0 0 255
0.0476749 -0.0313185 0.8105823 0 0 255
0.0495729 -0.0313187 0.8105875 0 0 255
0.0514710 -0.0313190 0.8105927 0 0 255
0.0533362 -0.0312998 0.8100972 0 0 255
0.0552331 -0.0313000 0.8101025 0 0 255
0.0571654 -0.0313196 0.8106083 0 0 255
0.0591001 -0.0313391 0.8111148 0 0 255
0.0610372 -0.0313587 0.8116220 0 0 255
0.0629768 -0.0313783 0.8121297 0 0 255
0.0649590 -0.0314174 0.8131419 0 0 255
0.0669462 -0.0314566 0.8141566 0 0 255
0.0689383 -0.0314960 0.8151739 0 0 255
0.0709354 -0.0315354 0.8161936 0 0 255
0.0729830 -0.0315945 0.8177254 0 0 255
0.0748979 -0.0315947 0.8177307 0 0 255
0.0769568 -0.0316541 0.8192682 0 0 255
0.0790730 -0.0317336 0.8213254 0 0 255
0.0810979 -0.0317736 0.8223606 0 0 255
0.0832849 -0.0318737 0.8249519 0 0 255
0.0854856 -0.0319745 0.8275596 0 0 255
0.0881466 -0.0322391 0.8344087 0 0 255
0.0943347 -0.0330380 0.8550845 0 0 255
0.0967155 -0.0331679 0.8584479 0 0 255
0.0988554 -0.0332116 0.8595785 0 0 255
0.1007364 -0.0331684 0.8584589 0 0 255
0.0384228 -0.0296006 0.8156048 0 0 255
0.0402825 -0.0295640 0.8145969 0 0 255
0.0420853 -0.0294909 0.8125833 0 0 255
0.0439064 -0.0294364 0.8110811 0 0 255
0.0458056 -0.0294366 0.8110862 0 0 255
0.0476459 -0.0294004 0.8100895 0 0 255
0.0494820 -0.0293645 0.8091004 0 0 255
0.0513133 -0.0293285 0.8081086 0 0 255
0.0532056 -0.0293287 0.8081138 0 0 255
0.0551319 -0.0293470 0.8086173 0 0 255
0.0570254 -0.0293472 0.8086225 0 0 255
0.0589552 -0.0293655 0.8091264 0 0 255
0.0608875 -0.0293838 0.8096311 0 0 255
0.0628222 -0.0294021 0.8101364 0 0 255
0.0667397 -0.0294569 0.8116455 0 0 255
0.0686829 -0.0294753 0.8121533 0 0 255
0.0707161 -0.0295304 0.8136700 0 0 255
0.0727117 -0.0295672 0.8146860 0 0 255
0.0747589 -0.0296226 0.8162121 0 0 255
0.0768137 -0.0296782 0.8177439 0 0 255
0.0788270 -0.0297155 0.8187701 0 0 255
0.0808453 -0.0297528 0.8197988 0 0 255
0.0831288 -0.0298837 0.8234064 0 0 255
0.0858113 -0.0301489 0.8307124 0 0 255
0.0881475 -0.0302833 0.8344168 0 0 255
0.0930616 -0.0306146 0.8435447 0 0 255
0.0965900 -0.0311151 0.8573340 0 0 255
0.0987269 -0.0311560 0.8584618 0 0 255
0.1007374 -0.0311562 0.8584673 0 0 255
0.0383516 -0.0276373 0.8140939 0 0 255
0.0401582 -0.0275690 0.8120829 0 0 255
0.0420597 -0.0275692 0.8120881 0 0 255
0.0437718 -0.0274506 0.8085940 0 0 255
0.0456652 -0.0274507 0.8085992 0 0 255
0.0475000 -0.0274171 0.8076085 0 0 255
0.0493607 -0.0274004 0.8071167 0 0 255
0.0512191 -0.0273838 0.8066256 0 0 255
0.0530427 -0.0273503 0.8056399 0 0 255
0.0549630 -0.0273673 0.8061402 0 0 255
0.0568158 -0.0273506 0.8056502 0 0 255
0.0588107 -0.0274013 0.8071427 0 0 255
0.0607008 -0.0274015 0.8071479 0 0 255
0.0627066 -0.0274523 0.8086460 0 0 255
0.0646401 -0.0274694 0.8091500 0 0 255
0.0665760 -0.0274866 0.8096547 0 0 255
0.0685990 -0.0275378 0.8111620 0 0 255
0.0705422 -0.0275550 0.8116691 0 0 255
0.0744354 -0.0275893 0.8126801 0 0 255
0.0764332 -0.0276237 0.8136936 0 0 255
0.0785825 -0.0277098 0.8162305 0 0 255
0.0806948 -0.0277791 0.8182725 0 0 255
0.0829214 -0.0278837 0.8213520 0 0 255
0.0854873 -0.0280950 0.8275757 0 0 255
0.0874254 -0.0280952 0.8275812 0 0 255
0.0934230 -0.0287483 0.8468205 0 0 255
0.0964649 -0.0290675 0.8562232 0 0 255
0.0987279 -0.0291438 0.8584703 0 0 255
0.1006725 -0.0291249 0.8579143 0 0 255
0.0383282 -0.0257131 0.8135969 0 0 255
0.0401834 -0.0256814 0.8125940 0 0 255
0.0419562 -0.0256023 0.8100897 0 0 255
0.0437183 -0.0255238 0.8076060 0 0 255
0.0455253 -0.0254769 0.8061221 0 0 255
0.0473547 -0.0254458 0.8051376 0 0 255
0.0491796 -0.0254147 0.8041556 0 0 255
0.0510313 -0.0253993 0.8036680 0 0 255
0.0529781 -0.0254306 0.8046592 0 0 255
0.0547616 -0.0253841 0.8031862 0 0 255
0.0567466 -0.0254310 0.8046696 0 0 255
0.0585949 -0.0254155 0.8041815 0 0 255
0.0605523 -0.0254469 0.8051739 0 0 255
0.0625530 -0.0254940 0.8066646 0 0 255
0.0645213 -0.0255256 0.8076632 0 0 255
0.0664945 -0.0255572 0.8086643 0 0 255
0.0684304 -0.0255731 0.8091683 0 0 255
0.0703687 -0.0255891 0.8096731 0 0 255
0.0723094 -0.0256051 0.8101784 0 0 255
0.0742067 -0.0256052 0.8101836 0 0 255
0.0761981 -0.0256371 0.8111908 0 0 255
0.0801953 -0.0257008 0.8132077 0 0 255
0.0825604 -0.0258452 0.8177757 0 0 255
0.0851123 -0.0260402 0.8239451 0 0 255
0.0869326 -0.0260077 0.8229166 0 0 255
0.0931233 -0.0266773 0.8441041 0 0 255
0.0957161 -0.0268502 0.8495767 0 0 255
0.0986643 -0.0271138 0.8579171 0 0 255
0.1006735 -0.0271140 0.8579227 0 0 255
0.0400845 -0.0237179 0.8105931 0 0 255
0.0418535 -0.0236451 0.8081063 0 0 255
0.0436650 -0.0236017 0.8066206 0 0 255
0.0454419 -0.0235439 0.8046464 0 0 255
0.0472102 -0.0234864 0.8026819 0 0 255
0.0490898 -0.0234866 0.8026870 0 0 255
0.0509382 -0.0234724 0.8022013 0 0 255
0.0528167 -0.0234725 0.8022065 0 0 255
0.0546951 -0.0234727 0.8022117 0 0 255
0.0566083 -0.0234872 0.8027078 0 0 255
0.0585237 -0.0235017 0.8032045 0 0 255
0.0604046 -0.0235019 0.8032097 0 0 255
0.0624001 -0.0235453 0.8046930 0 0 255
0.0643239 -0.0235599 0.8051922 0 0 255
0.0663316 -0.0236035 0.8066829 0 0 255
0.0683047 -0.0236327 0.8076816 0 0 255
0.0702826 -0.0236620 0.8086827 0 0 255
0.0721764 -0.0236622 0.8086879 0 0 255
0.0740245 -0.0236477 0.8081948 0 0 255
0.0760108 -0.0236771 0.8091971 0 0 255
0.0778578 -0.0236626 0.8087035 0 0 255
0.0799488 -0.0237213 0.8107079 0 0 255
0.0842662 -0.0238689 0.8157547 0 0 255
0.0866616 -0.0240034 0.8203514 0 0 255
0.0895347 -0.0242615 0.8291721 0 0 255
0.0955314 -0.0248106 0.8479374 0 0 255
0.0977067 -0.0248590 0.8495905 0 0 255
0.1004118 -0.0250375 0.8556924 0 0 255
0.1027509 -0.0251196 0.8584981 0 0 255
0.0399370 -0.0217374 0.8076115 0 0 255
0.0417510 -0.0216975 0.8061276 0 0 255
0.0436118 -0.0216843 0.8056377 0 0 255
0.0454424 -0.0216578 0.8046543 0 0 255
0.0472686 -0.0216314 0.8036734 0 0 255
0.0490003 -0.0215655 0.8012240 0 0 255
0.0508765 -0.0215656 0.8012292 0 0 255
0.0527526 -0.0215658 0.8012343 0 0 255
0.0545955 -0.0215527 0.8007503 0 0 255
0.0565051 -0.0215660 0.8012446 0 0 255
0.0583813 -0.0215662 0.8012497 0 0 255
0.0602944 -0.0215795 0.8017447 0 0 255
0.0622861 -0.0216193 0.8032227 0 0 255
0.0642457 -0.0216459 0.8042127 0 0 255
0.0661695 -0.0216593 0.8047113 0 0 255
0.0680957 -0.0216728 0.8052104 0 0 255
0.0700243 -0.0216862 0.8057102 0 0 255
0.0719553 -0.0216997 0.8062106 0 0 255
0.0738887 -0.0217132 0.8067116 0 0 255
0.0757313 -0.0217000 0.8062209 0 0 255
0.0776670 -0.0217135 0.8067220 0 0 255
0.0797524 -0.0217671 0.8087165 0 0 255
0.0819495 -0.0218481 0.8117243 0 0 255
0.0865002 -0.0220392 0.8188232 0 0 255
0.0888615 -0.0221499 0.8229380 0 0 255
0.0951020 -0.0227202 0.8441260 0 0 255
0.0975812 -0.0228379 0.8484996 0 0 255
0.1004128 -0.0230318 0.8557007 0 0 255
0.1026847 -0.0230922 0.8579450 0 0 255
0.0379529 -0.0197954 0.8056300 0 0 255
0.0398638 -0.0198077 0.8061303 0 0 255
0.0416745 -0.0197714 0.8046519 0 0 255
0.0435587 -0.0197715 0.8046570 0 0 255
0.0453593 -0.0197353 0.8031840 0 0 255
0.0471823 -0.0197113 0.8022068 0 0 255
0.0490008 -0.0196874 0.8012319 0 0 255
0.0508149 -0.0196635 0.8002593 0 0 255
0.0526567 -0.0196516 0.7997765 0 0 255
0.0545294 -0.0196517 0.7997816 0 0 255
0.0564367 -0.0196639 0.8002747 0 0 255
0.0583463 -0.0196760 0.8007684 0 0 255
0.0602582 -0.0196881 0.8012627 0 0 255
0.0622105 -0.0197123 0.8022480 0 0 255
0.0641284 -0.0197245 0.8027441 0 0 255
0.0660486 -0.0197367 0.8032408 0 0 255
0.0680129 -0.0197611 0.8042309 0 0 255
0.0698962 -0.0197612 0.8042361 0 0 255
0.0717355 -0.0197492 0.8037485 0 0 255
0.0737081 -0.0197736 0.8047398 0 0 255
0.0756855 -0.0197980 0.8057336 0 0 255
0.0772875 -0.0197254 0.8027803 0 0 255
0.0792160 -0.0197376 0.8032770 0 0 255
0.0811966 -0.0197620 0.8042672 0 0 255
0.0837994 -0.0199332 0.8112355 0 0 255
0.0885292 -0.0201451 0.8198600 0 0 255
0.0927684 -0.0206618 0.8408875 0 0 255
0.0971423 -0.0207550 0.8446833 0 0 255
0.0995050 -0.0208357 0.8479649 0 0 255
0.1020848 -0.0209577 0.8529327 0 0 255
0.0398642 -0.0179181 0.8061382 0 0 255
0.0416749 -0.0178852 0.8046597 0 0 255
0.0434791 -0.0178525 0.8031867 0 0 255
0.0453043 -0.0178308 0.8022094 0 0 255
0.0471251 -0.0178091 0.8012345 0 0 255
0.0489116 -0.0177766 0.7997741 0 0 255
0.0506917 -0.0177443 0.7983189 0 0 255
0.0525930 -0.0177552 0.7988102 0 0 255
0.0544304 -0.0177445 0.7983292 0 0 255
0.0563684 -0.0177663 0.7993072 0 0 255
0.0582402 -0.0177664 0.7993124 0 0 255
0.0602588 -0.0178099 0.8012705 0 0 255
0.0621731 -0.0178209 0.8017655 0 0 255
0.0639334 -0.0177884 0.8003032 0 0 255
0.0658476 -0.0177994 0.8007969 0 0 255
0.0678887 -0.0178431 0.8027623 0 0 255
0.0697259 -0.0178323 0.8022765 0 0 255
0.0716923 -0.0178542 0.8032641 0 0 255
0.0735284 -0.0178434 0.8027778 0 0 255
0.0756862 -0.0179093 0.8057415 0 0 255
0.0772410 -0.0178327 0.8022972 0 0 255
0.0753864 -0.0169914 0.7644439 0 0 255
0.0705216 -0.0155263 0.6985294 0 0 255
0.0721959 -0.0155346 0.6989059 0 0 255
0.0738327 -0.0155347 0.6989105 0 0 255
0.0752290 -0.0154854 0.6966884 0 0 255
0.0769014 -0.0154937 0.6970630 0 0 255
0.0785339 -0.0154938 0.6970674 0 0 255
0.0801238 -0.0154857 0.6967019 0 0 255
0.0817121 -0.0154775 0.6963366 0 0 255
0.0833871 -0.0154859 0.6967108 0 0 255
0.0398156 -0.0160088 0.8051564 0 0 255
0.0416243 -0.0159794 0.8036815 0 0 255
0.0433733 -0.0159307 0.8012320 0 0 255
0.0452218 -0.0159211 0.8007481 0 0 255
0.0470394 -0.0159018 0.7997767 0 0 255
0.0488228 -0.0158729 0.7983215 0 0 255
0.0506305 -0.0158537 0.7973561 0 0 255
0.0525615 -0.0158731 0.7983318 0 0 255
0.0543648 -0.0158539 0.7973664 0 0 255
0.0562661 -0.0158636 0.7978565 0 0 255
0.0581345 -0.0158637 0.7978616 0 0 255
0.0601125 -0.0158928 0.7993253 0 0 255
0.0619465 -0.0158833 0.7988437 0 0 255
0.0637783 -0.0158737 0.7983627 0 0 255
0.0656879 -0.0158835 0.7988541 0 0 255
0.0677236 -0.0159223 0.8008099 0 0 255
0.0694716 -0.0158933 0.7993511 0 0 255
0.0713870 -0.0159031 0.7998437 0 0 255
0.0638430 -0.0138590 0.6970339 0 0 255
0.0654059 -0.0138444 0.6962987 0 0 255
0.0671077 -0.0138592 0.6970429 0 0 255
0.0687766 -0.0138666 0.6974179 0 0 255
0.0704473 -0.0138741 0.6977932 0 0 255
0.0721966 -0.0138963 0.6989128 0 0 255
0.0738334 -0.0138964 0.6989173 0 0 255
0.0752697 -0.0138596 0.6970653 0 0 255
0.0769022 -0.0138597 0.6970698 0 0 255
0.0785347 -0.0138598 0.6970743 0 0 255
0.0801246 -0.0138525 0.6967087 0 0 255
0.0817563 -0.0138526 0.6967131 0 0 255
0.0833879 -0.0138527 0.6967176 0 0 255
0.1418640 -0.0144942 0.7289831 0 0 255
0.1434919 -0.0144863 0.7285831 0 0 255
0.1454408 -0.0145105 0.7298033 0 0 255
0.1471504 -0.0145106 0.7298080 0 0 255
0.1487772 -0.0145027 0.7294070 0 0 255
0.1507372 -0.0145270 0.7306299 0 0 255
0.1523639 -0.0145190 0.7302281 0 0 255
0.1541603 -0.0145272 0.7306393 0 0 255
0.1558719 -0.0145273 0.7306440 0 0 255
0.1578471 -0.0145516 0.7318710 0 0 255
0.0397428 -0.0140954 0.8036842 0 0 255
0.0415992 -0.0140869 0.8031972 0 0 255
0.0433737 -0.0140526 0.8012398 0 0 255
0.0451395 -0.0140184 0.7992920 0 0 255
0.0470112 -0.0140185 0.7992972 0 0 255
0.0488530 -0.0140100 0.7988155 0 0 255
0.0506618 -0.0139931 0.7978490 0 0 255
0.0525621 -0.0140017 0.7983397 0 0 255
0.0543653 -0.0139848 0.7973742 0 0 255
0.0561642 -0.0139679 0.7964112 0 0 255
0.0579588 -0.0139510 0.7954504 0 0 255
0.0598941 -0.0139680 0.7964214 0 0 255
0.0617966 -0.0139766 0.7969104 0 0 255
0.0636627 -0.0139767 0.7969155 0 0 255
0.0654891 -0.0139683 0.7964368 0 0 255
0.0588842 -0.0122118 0.6962875 0 0 255
0.0605791 -0.0122249 0.6970318 0 0 255
0.0622113 -0.0122250 0.6970363 0 0 255
0.0638098 -0.0122186 0.6966707 0 0 255
0.0654760 -0.0122251 0.6970452 0 0 255
0.0671440 -0.0122317 0.6974202 0 0 255
0.0688871 -0.0122513 0.6985385 0 0 255
0.0704855 -0.0122449 0.6981713 0 0 255
0.0721589 -0.0122515 0.6985475 0 0 255
0.0737555 -0.0122450 0.6981803 0 0 255
0.0753505 -0.0122386 0.6978135 0 0 255
0.0769847 -0.0122387 0.6978180 0 0 255
0.0784937 -0.0122193 0.6967110 0 0 255
0.0801254 -0.0122194 0.6967155 0 0 255
0.0818005 -0.0122259 0.6970900 0 0 255
0.0834330 -0.0122260 0.6970945 0 0 255
0.1362884 -0.0127427 0.7265548 0 0 255
0.1381432 -0.0127569 0.7273647 0 0 255
0.1399246 -0.0127641 0.7277728 0 0 255
0.1417079 -0.0127712 0.7281813 0 0 255
0.1434933 -0.0127784 0.7285902 0 0 255
0.1449586 -0.0127572 0.7273834 0 0 255
0.1469067 -0.0127786 0.7285995 0 0 255
0.1486960 -0.0127857 0.7290090 0 0 255
0.1505710 -0.0128000 0.7298244 0 0 255
0.1521115 -0.0127859 0.7290183 0 0 255
0.1540760 -0.0128073 0.7302399 0 0 255
0.1558734 -0.0128145 0.7306512 0 0 255
0.1576728 -0.0128218 0.7310629 0 0 255
0.1593854 -0.0128218 0.7310676 0 0 255
0.1612777 -0.0128362 0.7318876 0 0 255
0.1648896 -0.0128506 0.7327095 0 0 255
0.0397189 -0.0122040 0.8032000 0 0 255
0.0415487 -0.0121892 0.8022227 0 0 255
0.0433476 -0.0121669 0.8007586 0 0 255
0.0450850 -0.0121300 0.7983270 0 0 255
0.0469544 -0.0121300 0.7983321 0 0 255
0.0488535 -0.0121375 0.7988234 0 0 255
0.0505701 -0.0121007 0.7964036 0 0 255
0.0525306 -0.0121229 0.7978619 0 0 255
0.0543328 -0.0121082 0.7968976 0 0 255
0.0561648 -0.0121010 0.7964189 0 0 255
0.0579242 -0.0120790 0.7949761 0 0 255
0.0534112 -0.0107912 0.7102171 0 0 255
0.0545136 -0.0106814 0.7029915 0 0 255
0.0558014 -0.0106133 0.6985094 0 0 255
0.0572543 -0.0105796 0.6962898 0 0 255
0.0589161 -0.0105853 0.6966640 0 0 255
0.0605475 -0.0105853 0.6966685 0 0 255
0.0622450 -0.0105967 0.6974136 0 0 255
0.0638104 -0.0105855 0.6966775 0 0 255
0.0654766 -0.0105912 0.6970520 0 0 255
0.0671447 -0.0105969 0.6974270 0 0 255
0.0688145 -0.0106026 0.6978024 0 0 255
0.0704487 -0.0106026 0.6978069 0 0 255
0.0721596 -0.0106140 0.6985543 0 0 255
0.0737562 -0.0106084 0.6981871 0 0 255
0.0753512 -0.0106028 0.6978204 0 0 255
0.0769037 -0.0105916 0.6970834 0 0 255
0.0785362 -0.0105917 0.6970879 0 0 255
0.0801262 -0.0105862 0.6967223 0 0 255
0.0817579 -0.0105862 0.6967269 0 0 255
0.0833453 -0.0105807 0.6963616 0 0 255
0.0850213 -0.0105864 0.6967358 0 0 255
0.1308220 -0.0110089 0.7245423 0 0 255
0.1327390 -0.0110272 0.7257490 0 0 255
0.1343646 -0.0110212 0.7253524 0 0 255
0.1361390 -0.0110273 0.7257583 0 0 255
0.1377628 -0.0110213 0.7253618 0 0 255
0.1395391 -0.0110275 0.7257676 0 0 255
0.1412391 -0.0110275 0.7257723 0 0 255
0.1430975 -0.0110398 0.7265806 0 0 255
0.1447995 -0.0110399 0.7265853 0 0 255
0.1465827 -0.0110461 0.7269924 0 0 255
0.1483679 -0.0110523 0.7274000 0 0 255
0.1502384 -0.0110646 0.7282119 0 0 255
0.1520286 -0.0110708 0.7286208 0 0 255
0.1539919 -0.0110894 0.7298411 0 0 255
0.1557016 -0.0110894 0.7298458 0 0 255
0.1576743 -0.0111080 0.7310700 0 0 255
0.1594758 -0.0111143 0.7314821 0 0 255
0.1610996 -0.0111082 0.7310795 0 0 255
0.1649833 -0.0111393 0.7331260 0 0 255
0.1667940 -0.0111456 0.7335404 0 0 255
0.1684183 -0.0111394 0.7331354 0 0 255
0.1701369 -0.0111396 0.7331448 0 0 255
0.0397193 -0.0103212 0.8032078 0 0 255
0.0415237 -0.0103023 0.8017402 0 0 255
0.0433745 -0.0102961 0.8012556 0 0 255
0.0451404 -0.0102711 0.7993077 0 0 255
0.0469549 -0.0102586 0.7983399 0 0 255
0.0487945 -0.0102524 0.7978594 0 0 255
0.0506013 -0.0102401 0.7968952 0 0 255
0.0524673 -0.0102401 0.7969003 0 0 255
0.0489524 -0.0092260 0.7179835 0 0 255
0.0496022 -0.0090382 0.7033616 0 0 255
0.0508949 -0.0089757 0.6985028 0 0 255
0.0523633 -0.0089472 0.6962832 0 0 255
0.0539651 -0.0089425 0.6959184 0 0 255
0.0555359 -0.0089331 0.6951855 0 0 255
0.0571941 -0.0089379 0.6955584 0 0 255
0.0587918 -0.0089332 0.6951944 0 0 255
0.0603558 -0.0089238 0.6944630 0 0 255
0.0619821 -0.0089239 0.6944674 0 0 255
0.0635747 -0.0089192 0.6941045 0 0 255
0.0651657 -0.0089145 0.6937420 0 0 255
0.0666494 -0.0088958 0.6922825 0 0 255
0.0683788 -0.0089099 0.6933844 0 0 255
0.0699657 -0.0089053 0.6930227 0 0 255
0.0717022 -0.0089195 0.6941269 0 0 255
0.0735613 -0.0089479 0.6963415 0 0 255
0.0751123 -0.0089385 0.6956077 0 0 255
0.0767414 -0.0089386 0.6956122 0 0 255
0.0781220 -0.0089103 0.6934112 0 0 255
0.0799571 -0.0089340 0.6952526 0 0 255
0.0815854 -0.0089340 0.6952571 0 0 255
0.0831696 -0.0089293 0.6948934 0 0 255
0.0846625 -0.0089152 0.6937956 0 0 255
0.0865161 -0.0089389 0.6956390 0 0 255
0.0880986 -0.0089342 0.6952749 0 0 255
0.1270782 -0.0092847 0.7225454 0 0 255
0.1288416 -0.0092898 0.7229481 0 0 255
0.1304631 -0.0092848 0.7225548 0 0 255
0.1324473 -0.0093053 0.7241542 0 0 255
0.1341435 -0.0093054 0.7241589 0 0 255
0.1359148 -0.0093106 0.7245634 0 0 255
0.1375361 -0.0093055 0.7241682 0 0 255
0.1394633 -0.0093210 0.7253736 0 0 255
0.1410845 -0.0093159 0.7249776 0 0 255
0.1430989 -0.0093366 0.7265877 0 0 255
0.1448009 -0.0093367 0.7265924 0 0 255
0.1465841 -0.0093419 0.7269995 0 0 255
0.1482871 -0.0093420 0.7270042 0 0 255
0.1502398 -0.0093576 0.7282190 0 0 255
0.1519457 -0.0093576 0.7282237 0 0 255
0.1537369 -0.0093629 0.7286326 0 0 255
0.1555301 -0.0093681 0.7290421 0 0 255
0.1574128 -0.0093786 0.7298576 0 0 255
0.1592112 -0.0093839 0.7302684 0 0 255
0.1607430 -0.0093735 0.7294613 0 0 255
0.1627232 -0.0093892 0.7306843 0 0 255
0.1646182 -0.0093998 0.7315034 0 0 255
0.1665175 -0.0094103 0.7323244 0 0 255
0.1684210 -0.0094209 0.7331473 0 0 255
0.1701386 -0.0094210 0.7331520 0 0 255
0.1737667 -0.0094316 0.7339767 0 0 255
0.1754862 -0.0094316 0.7339814 0 0 255
0.1775035 -0.0094475 0.7352195 0 0 255
0.2605896 -0.0093408 0.7269101 0 0 255
0.2627295 -0.0093563 0.7281241 0 0 255
0.2642893 -0.0093512 0.7277252 0 0 255
0.2658474 -0.0093461 0.7273268 0 0 255
0.2672558 -0.0093358 0.7265266 0 0 255
0.2692565 -0.0093462 0.7273362 0 0 255
0.2709611 -0.0093463 0.7273408 0 0 255
0.2728168 -0.0093515 0.7277486 0 0 255
0.2743703 -0.0093464 0.7273502 0 0 255
0.2763812 -0.0093568 0.7281615 0 0 255
0.2783965 -0.0093673 0.7289747 0 0 255
0.2801049 -0.0093673 0.7289793 0 0 255
0.2819700 -0.0093726 0.7293890 0 0 255
0.2839950 -0.0093831 0.7302049 0 0 255
0.0396711 -0.0084280 0.8022332 0 0 255
0.0414988 -0.0084177 0.8012583 0 0 255
0.0434015 -0.0084229 0.8017532 0 0 255
0.0452512 -0.0084178 0.8012686 0 0 255
0.0470125 -0.0083974 0.7993206 0 0 255
0.0432232 -0.0074250 0.7067603 0 0 255
0.0443292 -0.0073342 0.6981199 0 0 255
0.0459395 -0.0073304 0.6977532 0 0 255
0.0474976 -0.0073187 0.6966463 0 0 255
0.0491550 -0.0073227 0.6970208 0 0 255
0.0507064 -0.0073111 0.6959162 0 0 255
0.0522806 -0.0073034 0.6951833 0 0 255
0.0538514 -0.0072957 0.6944519 0 0 255
0.0554483 -0.0072919 0.6940891 0 0 255
0.0571039 -0.0072958 0.6944609 0 0 255
0.0586061 -0.0072804 0.6929983 0 0 255
0.0601653 -0.0072728 0.6922715 0 0 255
0.0616564 -0.0072575 0.6908180 0 0 255
0.0633742 -0.0072690 0.6919153 0 0 255
0.0649603 -0.0072652 0.6915551 0 0 255
0.0664048 -0.0072462 0.6897420 0 0 255
0.0680558 -0.0072500 0.6901092 0 0 255
0.0698188 -0.0072654 0.6915684 0 0 255
0.0713632 -0.0072578 0.6908447 0 0 255
0.0730195 -0.0072616 0.6912131 0 0 255
0.0745205 -0.0072502 0.6901269 0 0 255
0.0763777 -0.0072732 0.6923160 0 0 255
0.0779169 -0.0072656 0.6915907 0 0 255
0.0795365 -0.0072657 0.6915951 0 0 255
0.0811135 -0.0072619 0.6912353 0 0 255
0.0826887 -0.0072581 0.6908758 0 0 255
0.0844401 -0.0072696 0.6919731 0 0 255
0.0859701 -0.0072620 0.6912487 0 0 255
0.0875890 -0.0072621 0.6912531 0 0 255
0.0892549 -0.0072659 0.6916218 0 0 255
0.0909706 -0.0072737 0.6923561 0 0 255
0.0926411 -0.0072775 0.6927260 0 0 255
0.0941144 -0.0072661 0.6916351 0 0 255
0.1236846 -0.0074878 0.7127378 0 0 255
0.1263836 -0.0075493 0.7185963 0 0 255
0.1285596 -0.0075784 0.7213657 0 0 255
0.1301777 -0.0075743 0.7209741 0 0 255
0.1318665 -0.0075744 0.7209787 0 0 255
0.1337022 -0.0075827 0.7217764 0 0 255
0.1353929 -0.0075828 0.7217810 0 0 255
0.1372346 -0.0075912 0.7225804 0 0 255
0.1391570 -0.0076038 0.7237805 0 0 255
0.1407748 -0.0075996 0.7233862 0 0 255
0.1426265 -0.0076081 0.7241892 0 0 255
0.1445622 -0.0076207 0.7253947 0 0 255
0.1463424 -0.0076250 0.7258005 0 0 255
0.1482065 -0.0076335 0.7266088 0 0 255
0.1500747 -0.0076420 0.7274188 0 0 255
0.1517788 -0.0076421 0.7274235 0 0 255
0.1535679 -0.0076463 0.7278316 0 0 255
0.1553590 -0.0076506 0.7282401 0 0 255
0.1572395 -0.0076592 0.7290539 0 0 255
0.1589474 -0.0076592 0.7290585 0 0 255
0.1608340 -0.0076678 0.7298741 0 0 255
0.1625438 -0.0076679 0.7298787 0 0 255
0.1644365 -0.0076764 0.7306961 0 0 255
0.1662409 -0.0076808 0.7311078 0 0 255
0.1680472 -0.0076851 0.7315199 0 0 255
0.1698556 -0.0076894 0.7319326 0 0 255
0.1716660 -0.0076938 0.7323457 0 0 255
0.1734785 -0.0076981 0.7327592 0 0 255
0.1752930 -0.0077025 0.7331733 0 0 255
0.1770107 -0.0077025 0.7331780 0 0 255
0.1784294 -0.0076897 0.7319562 0 0 255
0.2561908 -0.0076578 0.7289209 0 0 255
0.2574702 -0.0076451 0.7277136 0 0 255
0.2588886 -0.0076367 0.7269126 0 0 255
0.2605921 -0.0076367 0.7269172 0 0 255
0.2621505 -0.0076326 0.7265196 0 0 255
0.2635615 -0.0076242 0.7257212 0 0 255
0.2654090 -0.0076284 0.7261273 0 0 255
0.2669647 -0.0076243 0.7257352 0 0 255
0.2686656 -0.0076244 0.7257398 0 0 255
0.2703664 -0.0076244 0.7257445 0 0 255
0.2720673 -0.0076245 0.7257492 0 0 255
0.2736169 -0.0076203 0.7253530 0 0 255
0.2754691 -0.0076246 0.7257585 0 0 255
0.2773233 -0.0076288 0.7261646 0 0 255
0.2793341 -0.0076373 0.7269732 0 0 255
0.2808824 -0.0076332 0.7265757 0 0 255
0.2828984 -0.0076417 0.7273853 0 0 255
0.2839739 -0.0076248 0.7257818 0 0 255
0.2864666 -0.0076460 0.7277977 0 0 255
0.0396472 -0.0065434 0.8017507 0 0 255
0.0414992 -0.0065394 0.8012661 0 0 255
0.0433489 -0.0065355 0.8007821 0 0 255
0.0395938 -0.0057219 0.7010932 0 0 255
0.0410821 -0.0057006 0.6984895 0 0 255
0.0426949 -0.0056976 0.6981224 0 0 255
0.0443297 -0.0056977 0.6981269 0 0 255
0.0459889 -0.0057007 0.6985030 0 0 255
0.0474226 -0.0056766 0.6955453 0 0 255
0.0491294 -0.0056857 0.6966577 0 0 255
0.0506800 -0.0056767 0.6955542 0 0 255
0.0523088 -0.0056767 0.6955587 0 0 255
0.0538520 -0.0056677 0.6944587 0 0 255
0.0553610 -0.0056558 0.6929961 0 0 255
0.0569838 -0.0056558 0.6930006 0 0 255
0.0586066 -0.0056559 0.6930050 0 0 255
0.0601659 -0.0056499 0.6922782 0 0 255
0.0616570 -0.0056381 0.6908248 0 0 255
0.0632414 -0.0056351 0.6904657 0 0 255
0.0647902 -0.0056293 0.6897443 0 0 255
0.0663706 -0.0056263 0.6893863 0 0 255
0.0679136 -0.0056205 0.6886672 0 0 255
0.0694899 -0.0056176 0.6883104 0 0 255
0.0711765 -0.0056235 0.6890376 0 0 255
0.0728284 -0.0056265 0.6894041 0 0 255
0.0744429 -0.0056265 0.6894085 0 0 255
0.0760974 -0.0056295 0.6897753 0 0 255
0.0776720 -0.0056266 0.6894174 0 0 255
0.0792866 -0.0056266 0.6894218 0 0 255
0.0809012 -0.0056267 0.6894262 0 0 255
0.0825592 -0.0056297 0.6897931 0 0 255
0.0841304 -0.0056267 0.6894351 0 0 255
0.0857451 -0.0056268 0.6894395 0 0 255
0.0873139 -0.0056238 0.6890820 0 0 255
0.0890680 -0.0056328 0.6901736 0 0 255
0.0906368 -0.0056298 0.6898152 0 0 255
0.0922524 -0.0056299 0.6898197 0 0 255
0.0938680 -0.0056299 0.6898241 0 0 255
0.0955841 -0.0056359 0.6905546 0 0 255
0.0972015 -0.0056359 0.6905590 0 0 255
0.0987669 -0.0056330 0.6902003 0 0 255
0.1003834 -0.0056330 0.6902047 0 0 255
0.1020000 -0.0056330 0.6902092 0 0 255
0.1037257 -0.0056390 0.6909403 0 0 255
0.1054550 -0.0056450 0.6916731 0 0 255
0.1069060 -0.0056361 0.6905857 0 0 255
0.1088672 -0.0056540 0.6927773 0 0 255
0.1108409 -0.0056720 0.6949829 0 0 255
0.1124688 -0.0056720 0.6949874 0 0 255
0.1148263 -0.0057084 0.6994365 0 0 255
0.1167757 -0.0057236 0.7013097 0 0 255
0.1194396 -0.0057730 0.7073621 0 0 255
0.1229513 -0.0057824 0.7085122 0 0 255
0.1254234 -0.0058202 0.7131367 0 0 255
0.1275095 -0.0058392 0.7154738 0 0 255
0.1295385 -0.0058552 0.7174340 0 0 255
0.1314346 -0.0058649 0.7186171 0 0 255
0.1334100 -0.0058778 0.7201991 0 0 255
0.1351712 -0.0058811 0.7205992 0 0 255
0.1371604 -0.0058941 0.7221898 0 0 255
0.1389285 -0.0058973 0.7225921 0 0 255
0.1407762 -0.0059039 0.7233933 0 0 255
0.1426279 -0.0059104 0.7241963 0 0 255
0.1444838 -0.0059170 0.7250010 0 0 255
0.1462629 -0.0059203 0.7254064 0 0 255
0.1480440 -0.0059236 0.7258123 0 0 255
0.1499100 -0.0059302 0.7266206 0 0 255
0.1516122 -0.0059303 0.7266252 0 0 255
0.1534843 -0.0059369 0.7274353 0 0 255
0.1552744 -0.0059402 0.7278434 0 0 255
0.1569795 -0.0059402 0.7278481 0 0 255
0.1588607 -0.0059469 0.7286609 0 0 255
0.1607462 -0.0059535 0.7294756 0 0 255
0.1624550 -0.0059536 0.7294802 0 0 255
0.1641640 -0.0059536 0.7294850 0 0 255
0.1659652 -0.0059569 0.7298954 0 0 255
0.1677684 -0.0059603 0.7303061 0 0 255
0.1696680 -0.0059670 0.7311245 0 0 255
0.1711902 -0.0059604 0.7303156 0 0 255
0.1729011 -0.0059604 0.7303203 0 0 255
0.1750015 -0.0059737 0.7319539 0 0 255
0.1769136 -0.0059805 0.7327759 0 0 255
0.1785307 -0.0059772 0.7323717 0 0 255
0.1802464 -0.0059772 0.7323765 0 0 255
0.1820638 -0.0059806 0.7327901 0 0 255
0.2522168 -0.0059358 0.7273036 0 0 255
0.2535000 -0.0059260 0.7261017 0 0 255
0.2550605 -0.0059227 0.7257050 0 0 255
0.2569031 -0.0059261 0.7261110 0 0 255
0.2583191 -0.0059195 0.7253135 0 0 255
0.2597336 -0.0059131 0.7245224 0 0 255
0.2614315 -0.0059131 0.7245270 0 0 255
0.2632748 -0.0059164 0.7249317 0 0 255
0.2646814 -0.0059099 0.7241367 0 0 255
0.2663784 -0.0059100 0.7241414 0 0 255
0.2679278 -0.0059068 0.7237469 0 0 255
0.2697726 -0.0059101 0.7241507 0 0 255
0.2710214 -0.0059003 0.7229592 0 0 255
0.2731669 -0.0059101 0.7241600 0 0 255
0.2750158 -0.0059134 0.7245643 0 0 255
0.2765613 -0.0059102 0.7241693 0 0 255
0.2785658 -0.0059168 0.7249737 0 0 255
0.2802649 -0.0059168 0.7249783 0 0 255
0.2822757 -0.0059234 0.7257843 0 0 255
0.2831941 -0.0059071 0.7237888 0 0 255
0.2853624 -0.0059169 0.7249923 0 0 255
0.2875378 -0.0059268 0.7261997 0 0 255
0.2895601 -0.0059334 0.7270085 0 0 255
0.0396234 -0.0046610 0.8012688 0 0 255
0.0363109 -0.0040783 0.7010911 0 0 255
0.0379120 -0.0040740 0.7003471 0 0 255
0.0395731 -0.0040762 0.7007257 0 0 255
0.0412139 -0.0040762 0.7007301 0 0 255
0.0426954 -0.0040611 0.6981292 0 0 255
0.0443301 -0.0040611 0.6981337 0 0 255
0.0459404 -0.0040590 0.6977669 0 0 255
0.0474230 -0.0040461 0.6955521 0 0 255
0.0491299 -0.0040526 0.6966645 0 0 255
0.0506269 -0.0040418 0.6948243 0 0 255
0.0521986 -0.0040376 0.6940937 0 0 255
0.0537104 -0.0040291 0.6926326 0 0 255
0.0553323 -0.0040291 0.6926370 0 0 255
0.0569844 -0.0040313 0.6930073 0 0 255
0.0585763 -0.0040292 0.6926460 0 0 255
0.0600714 -0.0040207 0.6911910 0 0 255
0.0615927 -0.0040144 0.6901049 0 0 255
0.0631424 -0.0040102 0.6893842 0 0 255
0.0647228 -0.0040081 0.6890267 0 0 255
0.0662668 -0.0040039 0.6883082 0 0 255
0.0677720 -0.0039977 0.6872313 0 0 255
0.0693814 -0.0039977 0.6872357 0 0 255
0.0709908 -0.0039977 0.6872401 0 0 255
0.0725623 -0.0039957 0.6868848 0 0 255
0.0741321 -0.0039936 0.6865299 0 0 255
0.0757399 -0.0039936 0.6865343 0 0 255
0.0774287 -0.0039978 0.6872578 0 0 255
0.0789555 -0.0039937 0.6865431 0 0 255
0.0805634 -0.0039937 0.6865475 0 0 255
0.0822142 -0.0039958 0.6869112 0 0 255
0.0839108 -0.0040000 0.6876355 0 0 255
0.0854765 -0.0039980 0.6872799 0 0 255
0.0870861 -0.0039980 0.6872844 0 0 255
0.0887422 -0.0040001 0.6876489 0 0 255
0.0903054 -0.0039980 0.6872932 0 0 255
0.0919151 -0.0039981 0.6872976 0 0 255
0.0934270 -0.0039939 0.6865829 0 0 255
0.0952343 -0.0040023 0.6880271 0 0 255
0.0967950 -0.0040002 0.6876710 0 0 255
0.0984056 -0.0040003 0.6876754 0 0 255
0.1000686 -0.0040024 0.6880404 0 0 255
0.1016269 -0.0040003 0.6876842 0 0 255
0.1032917 -0.0040024 0.6880492 0 0 255
0.1048482 -0.0040004 0.6876931 0 0 255
0.1065148 -0.0040025 0.6880581 0 0 255
0.1080697 -0.0040004 0.6877019 0 0 255
0.1096804 -0.0040004 0.6877064 0 0 255
0.1114664 -0.0040068 0.6887935 0 0 255
0.1132581 -0.0040131 0.6898841 0 0 255
0.1152982 -0.0040280 0.6924364 0 0 255
0.1177275 -0.0040558 0.6972228 0 0 255
0.1192340 -0.0040515 0.6964874 0 0 255
0.1215750 -0.0040753 0.7005814 0 0 255
0.1243444 -0.0041127 0.7070016 0 0 255
0.1286956 -0.0041462 0.7127655 0 0 255
0.1305069 -0.0041507 0.7135451 0 0 255
0.1326832 -0.0041666 0.7162756 0 0 255
0.1350243 -0.0041872 0.7198157 0 0 255
0.1370110 -0.0041965 0.7214031 0 0 255
0.1390064 -0.0042057 0.7229972 0 0 255
0.1407000 -0.0042058 0.7230019 0 0 255
0.1426293 -0.0042127 0.7242034 0 0 255
0.1443258 -0.0042128 0.7242081 0 0 255
0.1461835 -0.0042175 0.7250128 0 0 255
0.1480455 -0.0042221 0.7258193 0 0 255
0.1496629 -0.0042198 0.7254228 0 0 255
0.1514460 -0.0042222 0.7258288 0 0 255
0.1532310 -0.0042246 0.7262350 0 0 255
0.1551039 -0.0042293 0.7270443 0 0 255
0.1568940 -0.0042316 0.7274519 0 0 255
0.1585981 -0.0042317 0.7274565 0 0 255
0.1603912 -0.0042340 0.7278646 0 0 255
0.1621862 -0.0042364 0.7282732 0 0 255
0.1640744 -0.0042412 0.7290869 0 0 255
0.1656903 -0.0042388 0.7286868 0 0 255
0.1676767 -0.0042459 0.7299072 0 0 255
0.1693867 -0.0042460 0.7299119 0 0 255
0.1710015 -0.0042436 0.7295109 0 0 255
0.1729028 -0.0042484 0.7303274 0 0 255
0.1746137 -0.0042484 0.7303321 0 0 255
0.1765212 -0.0042532 0.7311504 0 0 255
0.1782341 -0.0042532 0.7311551 0 0 255
0.1800473 -0.0042556 0.7315672 0 0 255
0.1817612 -0.0042556 0.7315719 0 0 255
0.1834751 -0.0042556 0.7315766 0 0 255
0.1852924 -0.0042580 0.7319893 0 0 255
0.1869031 -0.0042557 0.7315860 0 0 255
0.2500993 -0.0042238 0.7260994 0 0 255
0.2515227 -0.0042191 0.7253019 0 0 255
0.2528051 -0.0042122 0.7241112 0 0 255
0.2545020 -0.0042122 0.7241158 0 0 255
0.2559167 -0.0042076 0.7233227 0 0 255
0.2576118 -0.0042077 0.7233274 0 0 255
0.2591641 -0.0042054 0.7229338 0 0 255
0.2607148 -0.0042031 0.7225406 0 0 255
0.2622637 -0.0042008 0.7221479 0 0 255
0.2641014 -0.0042031 0.7225499 0 0 255
0.2657948 -0.0042032 0.7225546 0 0 255
0.2674881 -0.0042032 0.7225593 0 0 255
0.2688856 -0.0041986 0.7217696 0 0 255
0.2705772 -0.0041986 0.7217743 0 0 255
0.2725683 -0.0042033 0.7225732 0 0 255
0.2741110 -0.0042010 0.7221805 0 0 255
0.2756519 -0.0041987 0.7217882 0 0 255
0.2773436 -0.0041987 0.7217928 0 0 255
0.2790352 -0.0041988 0.7217975 0 0 255
0.2810358 -0.0042034 0.7225964 0 0 255
0.2828850 -0.0042057 0.7229989 0 0 255
0.2847363 -0.0042081 0.7234018 0 0 255
0.2870644 -0.0042174 0.7250040 0 0 255
0.2889231 -0.0042198 0.7254092 0 0 255
0.2907839 -0.0042221 0.7258147 0 0 255
0.0348746 -0.0024491 0.7052388 0 0 255
0.0363113 -0.0024348 0.7010980 0 0 255
0.0379327 -0.0024335 0.7007280 0 0 255
0.0395735 -0.0024335 0.7007325 0 0 255
0.0411923 -0.0024322 0.7003630 0 0 255
0.0426504 -0.0024219 0.6973939 0 0 255
0.0442599 -0.0024206 0.6970279 0 0 255
0.0459165 -0.0024219 0.6974028 0 0 255
0.0474990 -0.0024194 0.6966668 0 0 255
0.0490783 -0.0024168 0.6959322 0 0 255
0.0505738 -0.0024104 0.6940960 0 0 255
0.0520889 -0.0024054 0.6926349 0 0 255
0.0536542 -0.0024029 0.6919089 0 0 255
0.0552163 -0.0024003 0.6911845 0 0 255
0.0568049 -0.0023991 0.6908249 0 0 255
0.0583612 -0.0023966 0.6901028 0 0 255
0.0598513 -0.0023916 0.6886585 0 0 255
0.0614318 -0.0023903 0.6883017 0 0 255
0.0629446 -0.0023866 0.6872247 0 0 255
0.0644864 -0.0023841 0.6865101 0 0 255
0.0660250 -0.0023816 0.6857969 0 0 255
0.0676310 -0.0023816 0.6858013 0 0 255
0.0692371 -0.0023817 0.6858057 0 0 255
0.0708061 -0.0023804 0.6854519 0 0 255
0.0723736 -0.0023792 0.6850984 0 0 255
0.0740553 -0.0023817 0.6858190 0 0 255
0.0755430 -0.0023780 0.6847498 0 0 255
0.0771466 -0.0023780 0.6847543 0 0 255
0.0787503 -0.0023780 0.6847587 0 0 255
0.0804379 -0.0023805 0.6854784 0 0 255
0.0819577 -0.0023781 0.6847675 0 0 255
0.0835614 -0.0023781 0.6847719 0 0 255
0.0868147 -0.0023794 0.6851426 0 0 255
0.0883271 -0.0023769 0.6844323 0 0 255
0.0898832 -0.0023757 0.6840800 0 0 255
0.0915809 -0.0023782 0.6847983 0 0 255
0.0931847 -0.0023782 0.6848027 0 0 255
0.0947886 -0.0023782 0.6848071 0 0 255
0.0962920 -0.0023757 0.6840976 0 0 255
0.0979964 -0.0023782 0.6848159 0 0 255
0.0995484 -0.0023770 0.6844631 0 0 255
0.1011515 -0.0023770 0.6844676 0 0 255
0.1025941 -0.0023733 0.6834027 0 0 255
0.1043034 -0.0023758 0.6841196 0 0 255
0.1059057 -0.0023758 0.6841239 0 0 255
0.1075642 -0.0023771 0.6844851 0 0 255
0.1092814 -0.0023796 0.6852042 0 0 255
0.1109442 -0.0023808 0.6855665 0 0 255
0.1126677 -0.0023833 0.6862879 0 0 255
0.1144547 -0.0023871 0.6873706 0 0 255
0.1161864 -0.0023896 0.6880957 0 0 255
0.1199120 -0.0023997 0.6909983 0 0 255
0.1223033 -0.0024150 0.6953961 0 0 255
0.1253937 -0.0024435 0.7036018 0 0 255
0.1274518 -0.0024514 0.7058768 0 0 255
0.1318212 -0.0024713 0.7116222 0 0 255
0.1346563 -0.0024930 0.7178543 0 0 255
0.1368618 -0.0025026 0.7206179 0 0 255
0.1387022 -0.0025053 0.7214148 0 0 255
0.1404693 -0.0025067 0.7218162 0 0 255
0.1423166 -0.0025095 0.7226156 0 0 255
0.1441681 -0.0025123 0.7234168 0 0 255
0.1460237 -0.0025151 0.7242199 0 0 255
0.1477201 -0.0025151 0.7242245 0 0 255
0.1495817 -0.0025179 0.7250293 0 0 255
0.1512801 -0.0025179 0.7250339 0 0 255
0.1529786 -0.0025179 0.7250386 0 0 255
0.1549338 -0.0025221 0.7262468 0 0 255
0.1566351 -0.0025221 0.7262514 0 0 255
0.1585118 -0.0025249 0.7270607 0 0 255
0.1603038 -0.0025263 0.7274683 0 0 255
0.1620979 -0.0025278 0.7278764 0 0 255
0.1638030 -0.0025278 0.7278811 0 0 255
0.1656000 -0.0025292 0.7282897 0 0 255
0.1672134 -0.0025278 0.7278904 0 0 255
0.1691062 -0.0025306 0.7287033 0 0 255
0.1709082 -0.0025321 0.7291127 0 0 255
0.1727123 -0.0025335 0.7295227 0 0 255
0.1743244 -0.0025321 0.7291221 0 0 255
0.1761304 -0.0025335 0.7295321 0 0 255
0.1779385 -0.0025349 0.7299424 0 0 255
0.1797485 -0.0025364 0.7303533 0 0 255
0.1813587 -0.0025350 0.7299518 0 0 255
0.1831707 -0.0025364 0.7303627 0 0 255
0.1849847 -0.0025378 0.7307739 0 0 255
0.1866968 -0.0025378 0.7307786 0 0 255
0.1884089 -0.0025379 0.7307833 0 0 255
0.1903330 -0.0025407 0.7316026 0 0 255
0.1919401 -0.0025393 0.7311998 0 0 255
0.2458828 -0.0025132 0.7236959 0 0 255
0.2477152 -0.0025146 0.7240996 0 0 255
0.2495497 -0.0025161 0.7245039 0 0 255
0.2508340 -0.0025119 0.7233159 0 0 255
0.2523900 -0.0025106 0.7229223 0 0 255
0.2540841 -0.0025106 0.7229270 0 0 255
0.2557783 -0.0025106 0.7229316 0 0 255
0.2573308 -0.0025092 0.7225385 0 0 255
0.2587393 -0.0025065 0.7217488 0 0 255
0.2604308 -0.0025065 0.7217535 0 0 255
0.2618344 -0.0025038 0.7209655 0 0 255
0.2636687 -0.0025052 0.7213662 0 0 255
0.2652136 -0.0025038 0.7209748 0 0 255
0.2669033 -0.0025038 0.7209795 0 0 255
0.2684456 -0.0025025 0.7205884 0 0 255
0.2701344 -0.0025025 0.7205931 0 0 255
0.2718232 -0.0025025 0.7205977 0 0 255
0.2733620 -0.0025011 0.7202070 0 0 255
0.2750499 -0.0025011 0.7202117 0 0 255
0.2767378 -0.0025012 0.7202163 0 0 255
0.2785786 -0.0025025 0.7206162 0 0 255
0.2802675 -0.0025026 0.7206209 0 0 255
0.2821112 -0.0025040 0.7210211 0 0 255
0.2842693 -0.0025081 0.7222154 0 0 255
0.2865925 -0.0025136 0.7238122 0 0 255
0.2886071 -0.0025164 0.7246157 0 0 255
0.2909476 -0.0025220 0.7262232 0 0 255
0.2964813 -0.0025403 0.7314866 0 0 255
0.0348001 -0.0007942 0.7037326 0 0 255
0.0362922 -0.0007908 0.7007303 0 0 255
0.0378723 -0.0007895 0.6996139 0 0 255
0.0394057 -0.0007874 0.6977626 0 0 255
0.0409960 -0.0007866 0.6970257 0 0 255
0.0426281 -0.0007866 0.6970302 0 0 255
0.0442838 -0.0007870 0.6974052 0 0 255
0.0458682 -0.0007862 0.6966691 0 0 255
0.0474743 -0.0007858 0.6963038 0 0 255
0.0489489 -0.0007833 0.6940983 0 0 255
0.0505743 -0.0007833 0.6941028 0 0 255
0.0520894 -0.0007816 0.6926417 0 0 255
0.0535700 -0.0007796 0.6908228 0 0 255
0.0551297 -0.0007788 0.6901006 0 0 255
0.0567457 -0.0007788 0.6901051 0 0 255
0.0583004 -0.0007780 0.6893843 0 0 255
0.0597892 -0.0007763 0.6879432 0 0 255
0.0613680 -0.0007759 0.6875871 0 0 255
0.0628465 -0.0007743 0.6861535 0 0 255
0.0643860 -0.0007735 0.6854411 0 0 255
0.0659223 -0.0007727 0.6847301 0 0 255
0.0675258 -0.0007727 0.6847345 0 0 255
0.0690933 -0.0007723 0.6843818 0 0 255
0.0705861 -0.0007711 0.6833215 0 0 255
0.0721487 -0.0007707 0.6829703 0 0 255
0.0737866 -0.0007711 0.6833303 0 0 255
0.0753477 -0.0007707 0.6829791 0 0 255
0.0769471 -0.0007707 0.6829835 0 0 255
0.0785058 -0.0007704 0.6826326 0 0 255
0.0801879 -0.0007712 0.6833479 0 0 255
0.0817883 -0.0007712 0.6833523 0 0 255
0.0833019 -0.0007704 0.6826457 0 0 255
0.0849007 -0.0007704 0.6826501 0 0 255
0.0864995 -0.0007704 0.6826546 0 0 255
0.0880067 -0.0007696 0.6819495 0 0 255
0.0896039 -0.0007696 0.6819539 0 0 255
0.0912010 -0.0007696 0.6819583 0 0 255
0.0927501 -0.0007692 0.6816084 0 0 255
0.0943955 -0.0007696 0.6819670 0 0 255
0.0959428 -0.0007692 0.6816172 0 0 255
0.0975393 -0.0007692 0.6816216 0 0 255
0.0990329 -0.0007684 0.6809187 0 0 255
0.1007845 -0.0007696 0.6819846 0 0 255
0.1023287 -0.0007692 0.6816347 0 0 255
0.1038713 -0.0007688 0.6812853 0 0 255
0.1055766 -0.0007696 0.6819977 0 0 255
0.1072297 -0.0007700 0.6823567 0 0 255
0.1087149 -0.0007692 0.6816522 0 0 255
0.1103688 -0.0007697 0.6820109 0 0 255
0.1119662 -0.0007697 0.6820152 0 0 255
0.1137410 -0.0007709 0.6830845 0 0 255
0.1155214 -0.0007721 0.6841571 0 0 255
0.1173686 -0.0007737 0.6855910 0 0 255
0.1194111 -0.0007765 0.6881114 0 0 255
0.1234754 -0.0007819 0.6928378 0 0 255
0.1256954 -0.0007856 0.6961495 0 0 255
0.1288985 -0.0007953 0.7047513 0 0 255
0.1336344 -0.0008040 0.7124063 0 0 255
0.1365633 -0.0008114 0.7190458 0 0 255
0.1387035 -0.0008141 0.7214218 0 0 255
0.1403934 -0.0008141 0.7214265 0 0 255
0.1422397 -0.0008150 0.7222250 0 0 255
0.1440901 -0.0008159 0.7230254 0 0 255
0.1457838 -0.0008159 0.7230300 0 0 255
0.1476401 -0.0008168 0.7238321 0 0 255
0.1494181 -0.0008173 0.7242362 0 0 255
0.1512816 -0.0008182 0.7250410 0 0 255
0.1530646 -0.0008187 0.7254463 0 0 255
0.1547640 -0.0008187 0.7254511 0 0 255
0.1565500 -0.0008191 0.7258569 0 0 255
0.1583380 -0.0008196 0.7262632 0 0 255
0.1600393 -0.0008196 0.7262679 0 0 255
0.1618302 -0.0008201 0.7266746 0 0 255
0.1637138 -0.0008210 0.7274848 0 0 255
0.1654181 -0.0008210 0.7274894 0 0 255
0.1670298 -0.0008205 0.7270912 0 0 255
0.1690140 -0.0008219 0.7283061 0 0 255
0.1708150 -0.0008224 0.7287151 0 0 255
0.1725222 -0.0008224 0.7287198 0 0 255
0.1742294 -0.0008224 0.7287245 0 0 255
0.1759366 -0.0008224 0.7287291 0 0 255
0.1778413 -0.0008233 0.7295439 0 0 255
0.1794507 -0.0008228 0.7291433 0 0 255
0.1812596 -0.0008233 0.7295532 0 0 255
0.1829689 -0.0008233 0.7295579 0 0 255
0.1846781 -0.0008233 0.7295627 0 0 255
0.1862838 -0.0008229 0.7291621 0 0 255
0.1879921 -0.0008229 0.7291668 0 0 255
0.1897005 -0.0008229 0.7291715 0 0 255
0.1915152 -0.0008233 0.7295815 0 0 255
0.1932246 -0.0008233 0.7295862 0 0 255
0.1949340 -0.0008233 0.7295908 0 0 255
0.1966433 -0.0008234 0.7295955 0 0 255
0.1984630 -0.0008238 0.7300059 0 0 255
0.2444588 -0.0008176 0.7244971 0 0 255
0.2456160 -0.0008158 0.7229108 0 0 255
0.2473101 -0.0008158 0.7229155 0 0 255
0.2484571 -0.0008140 0.7213316 0 0 255
0.2501474 -0.0008140 0.7213362 0 0 255
0.2516996 -0.0008136 0.7209448 0 0 255
0.2535283 -0.0008140 0.7213455 0 0 255
0.2549386 -0.0008132 0.7205584 0 0 255
0.2567681 -0.0008136 0.7209587 0 0 255
0.2583159 -0.0008132 0.7205677 0 0 255
0.2598619 -0.0008127 0.7201771 0 0 255
0.2614064 -0.0008123 0.7197870 0 0 255
0.2630932 -0.0008123 0.7197916 0 0 255
0.2646350 -0.0008118 0.7194019 0 0 255
0.2661752 -0.0008114 0.7190126 0 0 255
0.2678602 -0.0008114 0.7190172 0 0 255
0.2698408 -0.0008123 0.7198101 0 0 255
0.2712305 -0.0008114 0.7190264 0 0 255
0.2732148 -0.0008123 0.7198194 0 0 255
0.2744505 -0.0008110 0.7186422 0 0 255
0.2762859 -0.0008114 0.7190403 0 0 255
0.2779711 -0.0008114 0.7190449 0 0 255
0.2795033 -0.0008110 0.7186561 0 0 255
0.2810339 -0.0008106 0.7182676 0 0 255
0.2831819 -0.0008119 0.7194527 0 0 255
0.2851806 -0.0008128 0.7202465 0 0 255
0.2876575 -0.0008150 0.7222317 0 0 255
0.2906290 -0.0008186 0.7254280 0 0 255
0.2939530 -0.0008232 0.7294621 0 0 255
0.0330817 0.0008538 0.7022283 0 0 255
0.0346518 0.0008519 0.7007326 0 0 255
0.0362152 0.0008501 0.6992434 0 0 255
0.0378324 0.0008497 0.6988754 0 0 255
0.0394271 0.0008488 0.6981407 0 0 255
0.0410182 0.0008479 0.6974030 0 0 255
0.0426512 0.0008479 0.6974075 0 0 255
0.0442138 0.0008466 0.6963017 0 0 255
0.0458443 0.0008466 0.6963062 0 0 255
0.0473241 0.0008439 0.6941006 0 0 255
0.0489235 0.0008434 0.6937381 0 0 255
0.0504680 0.0008421 0.6926441 0 0 255
0.0520350 0.0008412 0.6919180 0 0 255
0.0535424 0.0008395 0.6904662 0 0 255
0.0551012 0.0008386 0.6897447 0 0 255
0.0566569 0.0008377 0.6890247 0 0 255
0.0581788 0.0008364 0.6879455 0 0 255
0.0597271 0.0008355 0.6872294 0 0 255
0.0612402 0.0008342 0.6861557 0 0 255
0.0628142 0.0008338 0.6858016 0 0 255
0.0642859 0.0008321 0.6843753 0 0 255
0.0658199 0.0008312 0.6836666 0 0 255
0.0673162 0.0008299 0.6826085 0 0 255
0.0688789 0.0008295 0.6822580 0 0 255
0.0704400 0.0008291 0.6819080 0 0 255
0.0721119 0.0008299 0.6826217 0 0 255
0.0735957 0.0008286 0.6815625 0 0 255
0.0751919 0.0008286 0.6815669 0 0 255
0.0767482 0.0008282 0.6812175 0 0 255
0.0783842 0.0008286 0.6815757 0 0 255
0.0799389 0.0008282 0.6812263 0 0 255
0.0815767 0.0008287 0.6815844 0 0 255
0.0830867 0.0008278 0.6808816 0 0 255
0.0847252 0.0008282 0.6812394 0 0 255
0.0862312 0.0008274 0.6805373 0 0 255
0.0878250 0.0008274 0.6805416 0 0 255
0.0893262 0.0008265 0.6798409 0 0 255
0.0908714 0.0008261 0.6794934 0 0 255
0.0924628 0.0008261 0.6794977 0 0 255
0.0941030 0.0008266 0.6798540 0 0 255
0.0955963 0.0008257 0.6791549 0 0 255
0.0971366 0.0008253 0.6788079 0 0 255
0.0987265 0.0008253 0.6788123 0 0 255
0.1003164 0.0008253 0.6788167 0 0 255
0.1019590 0.0008257 0.6791723 0 0 255
0.1034427 0.0008249 0.6784745 0 0 255
0.1051406 0.0008257 0.6791812 0 0 255
0.1067313 0.0008257 0.6791855 0 0 255
0.1083782 0.0008262 0.6795415 0 0 255
0.1100839 0.0008270 0.6802502 0 0 255
0.1116193 0.0008266 0.6799022 0 0 255
0.1133293 0.0008275 0.6806117 0 0 255
0.1151025 0.0008288 0.6816765 0 0 255
0.1168813 0.0008301 0.6827447 0 0 255
0.1186657 0.0008314 0.6838161 0 0 255
0.1208973 0.0008357 0.6874018 0 0 255
0.1228290 0.0008379 0.6892109 0 0 255
0.1280062 0.0008509 0.6998728 0 0 255
0.1304105 0.0008559 0.7040066 0 0 255
0.1355252 0.0008676 0.7135798 0 0 255
0.1377960 0.0008714 0.7167016 0 0 255
0.1402406 0.0008761 0.7206413 0 0 255
0.1420847 0.0008771 0.7214382 0 0 255
0.1440122 0.0008786 0.7226344 0 0 255
0.1457049 0.0008786 0.7226390 0 0 255
0.1476416 0.0008800 0.7238392 0 0 255
0.1494196 0.0008805 0.7242433 0 0 255
0.1512831 0.0008815 0.7250481 0 0 255
0.1528971 0.0008810 0.7246525 0 0 255
0.1547655 0.0008820 0.7254581 0 0 255
0.1564650 0.0008820 0.7254628 0 0 255
0.1582520 0.0008825 0.7258687 0 0 255
0.1600409 0.0008830 0.7262750 0 0 255
0.1617423 0.0008830 0.7262796 0 0 255
0.1635342 0.0008835 0.7266864 0 0 255
0.1652365 0.0008835 0.7266910 0 0 255
0.1668466 0.0008830 0.7262936 0 0 255
0.1688283 0.0008845 0.7275059 0 0 255
0.1704382 0.0008840 0.7271076 0 0 255
0.1722370 0.0008845 0.7275153 0 0 255
0.1739414 0.0008845 0.7275200 0 0 255
0.1757432 0.0008850 0.7279282 0 0 255
0.1775470 0.0008855 0.7283367 0 0 255
0.1792534 0.0008855 0.7283414 0 0 255
0.1808594 0.0008850 0.7279422 0 0 255
0.1826661 0.0008855 0.7283508 0 0 255
0.1843725 0.0008855 0.7283554 0 0 255
0.1859757 0.0008850 0.7279562 0 0 255
0.1876812 0.0008850 0.7279609 0 0 255
0.1893868 0.0008850 0.7279655 0 0 255
0.1910923 0.0008851 0.7279702 0 0 255
0.1927979 0.0008851 0.7279749 0 0 255
0.1946114 0.0008856 0.7283835 0 0 255
0.1964269 0.0008861 0.7287925 0 0 255
0.1980245 0.0008856 0.7283929 0 0 255
0.1997311 0.0008856 0.7283975 0 0 255
0.2015496 0.0008861 0.7288066 0 0 255
0.2031443 0.0008856 0.7284069 0 0 255
0.2049647 0.0008861 0.7288160 0 0 255
0.2066724 0.0008861 0.7288206 0 0 255
0.2409327 0.0008803 0.7240953 0 0 255
0.2420970 0.0008784 0.7225108 0 0 255
0.2437901 0.0008784 0.7225154 0 0 255
0.2452134 0.0008775 0.7217258 0 0 255
0.2466336 0.0008765 0.7209379 0 0 255
0.2483231 0.0008765 0.7209426 0 0 255
0.2496014 0.0008751 0.7197616 0 0 255
0.2514259 0.0008756 0.7201610 0 0 255
0.2529749 0.0008751 0.7197709 0 0 255
0.2545221 0.0008746 0.7193812 0 0 255
0.2560677 0.0008741 0.7189919 0 0 255
0.2577527 0.0008741 0.7189965 0 0 255
0.2591538 0.0008732 0.7182146 0 0 255
0.2609797 0.0008737 0.7186123 0 0 255
0.2626638 0.0008737 0.7186169 0 0 255
0.2643480 0.0008737 0.7186216 0 0 255
0.2658866 0.0008732 0.7182331 0 0 255
0.2674236 0.0008727 0.7178451 0 0 255
0.2689589 0.0008723 0.7174574 0 0 255
0.2706403 0.0008723 0.7174621 0 0 255
0.2723218 0.0008723 0.7174667 0 0 255
0.2738537 0.0008718 0.7170795 0 0 255
0.2756848 0.0008723 0.7174759 0 0 255
0.2775180 0.0008728 0.7178727 0 0 255
0.2793532 0.0008733 0.7182700 0 0 255
0.2805762 0.0008718 0.7170979 0 0 255
0.2824111 0.0008723 0.7174943 0 0 255
0.2845592 0.0008738 0.7186770 0 0 255
0.2870290 0.0008762 0.7206535 0 0 255
0.2888765 0.0008766 0.7210538 0 0 255
0.3090450 0.0009217 0.7581050 0 0 255
0.3163000 0.0009379 0.7714712 0 0 255
0.0329585 0.0024907 0.6996140 0 0 255
0.0344866 0.0024828 0.6973919 0 0 255
0.0361004 0.0024815 0.6970259 0 0 255
0.0377526 0.0024828 0.6974009 0 0 255
0.0393646 0.0024815 0.6970350 0 0 255
0.0409099 0.0024762 0.6955614 0 0 255
0.0425386 0.0024763 0.6955659 0 0 255
0.0441439 0.0024750 0.6952019 0 0 255
0.0457234 0.0024724 0.6944704 0 0 255
0.0472745 0.0024685 0.6933740 0 0 255
0.0488208 0.0024646 0.6922809 0 0 255
0.0503887 0.0024620 0.6915557 0 0 255
0.0518987 0.0024568 0.6901053 0 0 255
0.0534585 0.0024543 0.6893846 0 0 255
0.0549573 0.0024491 0.6879434 0 0 255
0.0565091 0.0024466 0.6872272 0 0 255
0.0580880 0.0024453 0.6868719 0 0 255
0.0596028 0.0024415 0.6857994 0 0 255
0.0611449 0.0024390 0.6850877 0 0 255
0.0626511 0.0024352 0.6840209 0 0 255
0.0640864 0.0024289 0.6822515 0 0 255
0.0656841 0.0024289 0.6822559 0 0 255
0.0672119 0.0024264 0.6815516 0 0 255
0.0687010 0.0024226 0.6804958 0 0 255
0.0702946 0.0024226 0.6805001 0 0 255
0.0718510 0.0024214 0.6801518 0 0 255
0.0734058 0.0024202 0.6798038 0 0 255
0.0749978 0.0024202 0.6798083 0 0 255
0.0765899 0.0024202 0.6798126 0 0 255
0.0781415 0.0024189 0.6794651 0 0 255
0.0797328 0.0024190 0.6794694 0 0 255
0.0813241 0.0024190 0.6794738 0 0 255
0.0828725 0.0024177 0.6791266 0 0 255
0.0844193 0.0024165 0.6787797 0 0 255
0.0859646 0.0024153 0.6784331 0 0 255
0.0875535 0.0024153 0.6784375 0 0 255
0.0890044 0.0024116 0.6773914 0 0 255
0.0905442 0.0024103 0.6770464 0 0 255
0.0920824 0.0024091 0.6767016 0 0 255
0.0936190 0.0024079 0.6763572 0 0 255
0.0952522 0.0024091 0.6767103 0 0 255
0.0967872 0.0024079 0.6763659 0 0 255
0.0983207 0.0024067 0.6760219 0 0 255
0.1000586 0.0024104 0.6770725 0 0 255
0.1016444 0.0024104 0.6770768 0 0 255
0.1032303 0.0024105 0.6770812 0 0 255
0.1048161 0.0024105 0.6770855 0 0 255
0.1064569 0.0024117 0.6774393 0 0 255
0.1080995 0.0024130 0.6777936 0 0 255
0.1096870 0.0024130 0.6777979 0 0 255
0.1112746 0.0024130 0.6778023 0 0 255
0.1129789 0.0024155 0.6785073 0 0 255
0.1145681 0.0024156 0.6785117 0 0 255
0.1162175 0.0024168 0.6788670 0 0 255
0.1179907 0.0024206 0.6799263 0 0 255
0.1197694 0.0024244 0.6809890 0 0 255
0.1214906 0.0024269 0.6817007 0 0 255
0.1241188 0.0024473 0.6874173 0 0 255
0.1286862 0.0024732 0.6946982 0 0 255
0.1323448 0.0025117 0.7055317 0 0 255
0.1365300 0.0025281 0.7101167 0 0 255
0.1394001 0.0025502 0.7163221 0 0 255
0.1418522 0.0025642 0.7202575 0 0 255
0.1440136 0.0025727 0.7226414 0 0 255
0.1456262 0.0025713 0.7222484 0 0 255
0.1473180 0.0025713 0.7222530 0 0 255
0.1492563 0.0025755 0.7234520 0 0 255
0.1510343 0.0025770 0.7238556 0 0 255
0.1528142 0.0025784 0.7242597 0 0 255
0.1545962 0.0025799 0.7246642 0 0 255
0.1564665 0.0025827 0.7254698 0 0 255
0.1580787 0.0025813 0.7250738 0 0 255
0.1597772 0.0025813 0.7250785 0 0 255
0.1616544 0.0025842 0.7258852 0 0 255
0.1633549 0.0025842 0.7258899 0 0 255
0.1649642 0.0025828 0.7254933 0 0 255
0.1668482 0.0025857 0.7263008 0 0 255
0.1685497 0.0025857 0.7263055 0 0 255
0.1702513 0.0025857 0.7263101 0 0 255
0.1720480 0.0025872 0.7267169 0 0 255
0.1736544 0.0025857 0.7263194 0 0 255
0.1755502 0.0025886 0.7271288 0 0 255
0.1772537 0.0025886 0.7271335 0 0 255
0.1788582 0.0025872 0.7267356 0 0 255
0.1806608 0.0025887 0.7271428 0 0 255
0.1823643 0.0025887 0.7271475 0 0 255
0.1840679 0.0025887 0.7271522 0 0 255
0.1857715 0.0025887 0.7271569 0 0 255
0.1873714 0.0025873 0.7267590 0 0 255
0.1889694 0.0025859 0.7263615 0 0 255
0.1907768 0.0025873 0.7267683 0 0 255
0.1925862 0.0025888 0.7271755 0 0 255
0.1941823 0.0025874 0.7267776 0 0 255
0.1958851 0.0025874 0.7267823 0 0 255
0.1976973 0.0025888 0.7271895 0 0 255
0.1994011 0.0025889 0.7271942 0 0 255
0.2009936 0.0025874 0.7267963 0 0 255
0.2028088 0.0025889 0.7272036 0 0 255
0.2046259 0.0025903 0.7276112 0 0 255
0.2063307 0.0025904 0.7276159 0 0 255
0.2079204 0.0025889 0.7272176 0 0 255
0.2096243 0.0025890 0.7272223 0 0 255
0.2114453 0.0025904 0.7276300 0 0 255
0.2133867 0.0025933 0.7284421 0 0 255
0.2149743 0.0025919 0.7280428 0 0 255
0.2168004 0.0025933 0.7284515 0 0 255
0.2181442 0.0025890 0.7272457 0 0 255
0.2197265 0.0025876 0.7268478 0 0 255
0.2391064 0.0025764 0.7236986 0 0 255
0.2401420 0.0025694 0.7217190 0 0 255
0.2417004 0.0025680 0.7213271 0 0 255
0.2431236 0.0025652 0.7205401 0 0 255
0.2446778 0.0025638 0.7201495 0 0 255
0.2460955 0.0025610 0.7193651 0 0 255
0.2475101 0.0025582 0.7185824 0 0 255
0.2491940 0.0025582 0.7185870 0 0 255
0.2508780 0.0025582 0.7185916 0 0 255
0.2522859 0.0025555 0.7178106 0 0 255
0.2541069 0.0025569 0.7182078 0 0 255
0.2557901 0.0025569 0.7182124 0 0 255
0.2573324 0.0025555 0.7178244 0 0 255
0.2588732 0.0025541 0.7174368 0 0 255
0.2604122 0.0025527 0.7170497 0 0 255
0.2620927 0.0025528 0.7170542 0 0 255
0.2637731 0.0025528 0.7170589 0 0 255
0.2651640 0.0025500 0.7162812 0 0 255
0.2668427 0.0025500 0.7162858 0 0 255
0.2685214 0.0025500 0.7162904 0 0 255
0.2700528 0.0025487 0.7159046 0 0 255
0.2717307 0.0025487 0.7159092 0 0 255
0.2732596 0.0025473 0.7155238 0 0 255
0.2750864 0.0025487 0.7159184 0 0 255
0.2767643 0.0025487 0.7159230 0 0 255
0.2782905 0.0025474 0.7155376 0 0 255
0.2801201 0.0025488 0.7159322 0 0 255
0.2817981 0.0025488 0.7159368 0 0 255
0.2836307 0.0025502 0.7163320 0 0 255
0.2859334 0.0025558 0.7179029 0 0 255
0.2885625 0.0025642 0.7202699 0 0 255
0.3095842 0.0027036 0.7594277 0 0 255
0.3161174 0.0027449 0.7710258 0 0 255
0.0344138 0.0041090 0.6959192 0 0 255
0.0360433 0.0041090 0.6959237 0 0 255
0.0376728 0.0041090 0.6959282 0 0 255
0.0392816 0.0041069 0.6955637 0 0 255
0.0408453 0.0041004 0.6944638 0 0 255
0.0424041 0.0040939 0.6933674 0 0 255
0.0439813 0.0040896 0.6926398 0 0 255
0.0455791 0.0040875 0.6922788 0 0 255
0.0471504 0.0040832 0.6915535 0 0 255
0.0486928 0.0040768 0.6904663 0 0 255
0.0502304 0.0040704 0.6893825 0 0 255
0.0517631 0.0040640 0.6883021 0 0 255
0.0533190 0.0040598 0.6875852 0 0 255
0.0549003 0.0040576 0.6872296 0 0 255
0.0564210 0.0040513 0.6861559 0 0 255
0.0579672 0.0040471 0.6854435 0 0 255
0.0595101 0.0040429 0.6847326 0 0 255
0.0610181 0.0040366 0.6836668 0 0 255
0.0624244 0.0040241 0.6815451 0 0 255
0.0639872 0.0040220 0.6811958 0 0 255
0.0654805 0.0040158 0.6801410 0 0 255
0.0670038 0.0040117 0.6794411 0 0 255
0.0685240 0.0040075 0.6787426 0 0 255
0.0700773 0.0040055 0.6783962 0 0 255
0.0717031 0.0040076 0.6787513 0 0 255
0.0732169 0.0040035 0.6780544 0 0 255
0.0748435 0.0040056 0.6784092 0 0 255
0.0763533 0.0040015 0.6777129 0 0 255
0.0779003 0.0039994 0.6773675 0 0 255
0.0795277 0.0040015 0.6777217 0 0 255
0.0810312 0.0039974 0.6770269 0 0 255
0.0825742 0.0039954 0.6766821 0 0 255
0.0841156 0.0039933 0.6763378 0 0 255
0.0856114 0.0039893 0.6756457 0 0 255
0.0872387 0.0039913 0.6759981 0 0 255
0.0886393 0.0039832 0.6746126 0 0 255
0.0901729 0.0039811 0.6742703 0 0 255
0.0917050 0.0039791 0.6739284 0 0 255
0.0932834 0.0039791 0.6739327 0 0 255
0.0948131 0.0039771 0.6735912 0 0 255
0.0963908 0.0039771 0.6735955 0 0 255
0.0980691 0.0039813 0.6742920 0 0 255
0.0996996 0.0039833 0.6746429 0 0 255
0.1012797 0.0039834 0.6746473 0 0 255
0.1029128 0.0039854 0.6749985 0 0 255
0.1045475 0.0039875 0.6753502 0 0 255
0.1061293 0.0039875 0.6753545 0 0 255
0.1077112 0.0039876 0.6753589 0 0 255
0.1094056 0.0039917 0.6760589 0 0 255
0.1110463 0.0039938 0.6764117 0 0 255
0.1126887 0.0039959 0.6767648 0 0 255
0.1142739 0.0039959 0.6767691 0 0 255
0.1159787 0.0040000 0.6774721 0 0 255
0.1175655 0.0040001 0.6774765 0 0 255
0.1192139 0.0040022 0.6778306 0 0 255
0.1211771 0.0040146 0.6799417 0 0 255
0.1232166 0.0040293 0.6824206 0 0 255
0.1252709 0.0040440 0.6849176 0 0 255
0.1307994 0.0041171 0.6972928 0 0 255
0.1339988 0.0041658 0.7055432 0 0 255
0.1385696 0.0042042 0.7120544 0 0 255
0.1410794 0.0042295 0.7163336 0 0 255
0.1433834 0.0042481 0.7194796 0 0 255
0.1451484 0.0042504 0.7198788 0 0 255
0.1470767 0.0042575 0.7210699 0 0 255
0.1490114 0.0042645 0.7222648 0 0 255
0.1508694 0.0042692 0.7230653 0 0 255
0.1525632 0.0042693 0.7230699 0 0 255
0.1543421 0.0042716 0.7234731 0 0 255
0.1562953 0.0042787 0.7246760 0 0 255
0.1581676 0.0042835 0.7254817 0 0 255
0.1596906 0.0042788 0.7246853 0 0 255
0.1613882 0.0042788 0.7246900 0 0 255
0.1632662 0.0042836 0.7254957 0 0 255
0.1648747 0.0042812 0.7250996 0 0 255
0.1666654 0.0042836 0.7255050 0 0 255
0.1682721 0.0042813 0.7251089 0 0 255
0.1701588 0.0042861 0.7259156 0 0 255
0.1719545 0.0042885 0.7263219 0 0 255
0.1736560 0.0042885 0.7263265 0 0 255
0.1754547 0.0042909 0.7267333 0 0 255
0.1770593 0.0042885 0.7263359 0 0 255
0.1786621 0.0042862 0.7259389 0 0 255
0.1804626 0.0042886 0.7263452 0 0 255
0.1821643 0.0042886 0.7263499 0 0 255
0.1838660 0.0042887 0.7263545 0 0 255
0.1853626 0.0042839 0.7255563 0 0 255
0.1870625 0.0042840 0.7255610 0 0 255
0.1888668 0.0042864 0.7259669 0 0 255
0.1904623 0.0042840 0.7255703 0 0 255
0.1923749 0.0042888 0.7263779 0 0 255
0.1939694 0.0042865 0.7259809 0 0 255
0.1955622 0.0042841 0.7255843 0 0 255
0.1972622 0.0042841 0.7255889 0 0 255
0.1989622 0.0042842 0.7255936 0 0 255
0.2007733 0.0042866 0.7259995 0 0 255
0.2024743 0.0042866 0.7260042 0 0 255
0.2042883 0.0042890 0.7264106 0 0 255
0.2058764 0.0042866 0.7260137 0 0 255
0.2074627 0.0042843 0.7256170 0 0 255
0.2092786 0.0042867 0.7260230 0 0 255
0.2110964 0.0042891 0.7264293 0 0 255
0.2125633 0.0042844 0.7256310 0 0 255
0.2142635 0.0042844 0.7256356 0 0 255
0.2160832 0.0042868 0.7260416 0 0 255
0.2175438 0.0042821 0.7252442 0 0 255
0.2193643 0.0042845 0.7256496 0 0 255
0.2211869 0.0042869 0.7260556 0 0 255
0.2227650 0.0042846 0.7256590 0 0 255
0.2244653 0.0042846 0.7256636 0 0 255
0.2351985 0.0042636 0.7221044 0 0 255
0.2366319 0.0042589 0.7213203 0 0 255
0.2381913 0.0042566 0.7209288 0 0 255
0.2394862 0.0042497 0.7197480 0 0 255
0.2410407 0.0042473 0.7193582 0 0 255
0.2424607 0.0042427 0.7185755 0 0 255
0.2442783 0.0042451 0.7189736 0 0 255
0.2455598 0.0042381 0.7177991 0 0 255
0.2471068 0.0042359 0.7174115 0 0 255
0.2486522 0.0042336 0.7170244 0 0 255
0.2503325 0.0042336 0.7170290 0 0 255
0.2520128 0.0042336 0.7170336 0 0 255
0.2534164 0.0042290 0.7162560 0 0 255
0.2550949 0.0042291 0.7162606 0 0 255
0.2566335 0.0042268 0.7158747 0 0 255
0.2584521 0.0042291 0.7162699 0 0 255
0.2599889 0.0042268 0.7158840 0 0 255
0.2615241 0.0042246 0.7154986 0 0 255
0.2633443 0.0042269 0.7158932 0 0 255
0.2648777 0.0042246 0.7155078 0 0 255
0.2664094 0.0042223 0.7151227 0 0 255
0.2677937 0.0042178 0.7143493 0 0 255
0.2696145 0.0042201 0.7147427 0 0 255
0.2711421 0.0042178 0.7143584 0 0 255
0.2726680 0.0042156 0.7139747 0 0 255
0.2744905 0.0042179 0.7143676 0 0 255
0.2760146 0.0042156 0.7139839 0 0 255
0.2778390 0.0042179 0.7143768 0 0 255
0.2795133 0.0042180 0.7143814 0 0 255
0.2813407 0.0042203 0.7147748 0 0 255
0.2833244 0.0042249 0.7155584 0 0 255
0.2856239 0.0042342 0.7171258 0 0 255
0.2887236 0.0042551 0.7206722 0 0 255
0.3071009 0.0044480 0.7533360 0 0 255
0.3144588 0.0045285 0.7669804 0 0 255
0.3188637 0.0045659 0.7733085 0 0 255
0.3206763 0.0045659 0.7733135 0 0 255
0.0328368 0.0057496 0.6970306 0 0 255
0.0343776 0.0057344 0.6951886 0 0 255
0.0359864 0.0057314 0.6948249 0 0 255
0.0376333 0.0057344 0.6951975 0 0 255
0.0392611 0.0057345 0.6952020 0 0 255
0.0407810 0.0057194 0.6933696 0 0 255
0.0423374 0.0057103 0.6922767 0 0 255
0.0439353 0.0057074 0.6919160 0 0 255
0.0455315 0.0057044 0.6915559 0 0 255
0.0470764 0.0056954 0.6904686 0 0 255
0.0485910 0.0056835 0.6890228 0 0 255
0.0501255 0.0056746 0.6879436 0 0 255
0.0517094 0.0056717 0.6875875 0 0 255
0.0531801 0.0056569 0.6857952 0 0 255
0.0547575 0.0056540 0.6854414 0 0 255
0.0563332 0.0056510 0.6850879 0 0 255
0.0578770 0.0056452 0.6843778 0 0 255
0.0593559 0.0056335 0.6829575 0 0 255
0.0608289 0.0056218 0.6815474 0 0 255
0.0623279 0.0056131 0.6804916 0 0 255
0.0638552 0.0056074 0.6797909 0 0 255
0.0653795 0.0056016 0.6790918 0 0 255
0.0669005 0.0055958 0.6783941 0 0 255
0.0683479 0.0055843 0.6769987 0 0 255
0.0699334 0.0055844 0.6770030 0 0 255
0.0714451 0.0055786 0.6763096 0 0 255
0.0730290 0.0055787 0.6763139 0 0 255
0.0745744 0.0055758 0.6759699 0 0 255
0.0761183 0.0055730 0.6756263 0 0 255
0.0776606 0.0055702 0.6752830 0 0 255
0.0792013 0.0055673 0.6749400 0 0 255
0.0806990 0.0055617 0.6742509 0 0 255
0.0822781 0.0055617 0.6742552 0 0 255
0.0838572 0.0055617 0.6742595 0 0 255
0.0853924 0.0055589 0.6739177 0 0 255
0.0869261 0.0055561 0.6735761 0 0 255
0.0884583 0.0055533 0.6732350 0 0 255
0.0898967 0.0055448 0.6722049 0 0 255
0.0914242 0.0055420 0.6718651 0 0 255
0.0929978 0.0055420 0.6718694 0 0 255
0.0945714 0.0055420 0.6718737 0 0 255
0.0960958 0.0055392 0.6715343 0 0 255
0.0977186 0.0055421 0.6718823 0 0 255
0.0992923 0.0055422 0.6718867 0 0 255
0.1009693 0.0055479 0.6725796 0 0 255
0.1025446 0.0055479 0.6725839 0 0 255
0.1042268 0.0055536 0.6732783 0 0 255
0.1059124 0.0055594 0.6739740 0 0 255
0.1074910 0.0055594 0.6739783 0 0 255
0.1091256 0.0055623 0.6743289 0 0 255
0.1107051 0.0055623 0.6743332 0 0 255
0.1124579 0.0055710 0.6753785 0 0 255
0.1141573 0.0055767 0.6760786 0 0 255
0.1156813 0.0055739 0.6757348 0 0 255
0.1173849 0.0055797 0.6764356 0 0 255
0.1190307 0.0055826 0.6767888 0 0 255
0.1209277 0.0055971 0.6785424 0 0 255
0.1227710 0.0056087 0.6799528 0 0 255
0.1250113 0.0056379 0.6834977 0 0 255
0.1294256 0.0056913 0.6899691 0 0 255
0.1328575 0.0057702 0.6995339 0 0 255
0.1381214 0.0058545 0.7097512 0 0 255
0.1410808 0.0059088 0.7163407 0 0 255
0.1431495 0.0059250 0.7183055 0 0 255
0.1449908 0.0059316 0.7190971 0 0 255
0.1466753 0.0059316 0.7191017 0 0 255
0.1486040 0.0059414 0.7202902 0 0 255
0.1507048 0.0059578 0.7222765 0 0 255
0.1524807 0.0059611 0.7226788 0 0 255
0.1541736 0.0059612 0.7226835 0 0 255
0.1560384 0.0059678 0.7234848 0 0 255
0.1579073 0.0059744 0.7242879 0 0 255
0.1596922 0.0059777 0.7246924 0 0 255
0.1613898 0.0059778 0.7246971 0 0 255
0.1631776 0.0059811 0.7251020 0 0 255
0.1648763 0.0059811 0.7251067 0 0 255
0.1665750 0.0059812 0.7251114 0 0 255
0.1682737 0.0059812 0.7251160 0 0 255
0.1698786 0.0059780 0.7247204 0 0 255
0.1716712 0.0059813 0.7251253 0 0 255
0.1734658 0.0059846 0.7255307 0 0 255
0.1752624 0.0059880 0.7259367 0 0 255
0.1768653 0.0059847 0.7255400 0 0 255
0.1786638 0.0059881 0.7259460 0 0 255
0.1803646 0.0059881 0.7259507 0 0 255
0.1818642 0.0059815 0.7251533 0 0 255
0.1835631 0.0059816 0.7251580 0 0 255
0.1851598 0.0059783 0.7247623 0 0 255
0.1867547 0.0059750 0.7243670 0 0 255
0.1885558 0.0059784 0.7247716 0 0 255
0.1901489 0.0059751 0.7243763 0 0 255
0.1918460 0.0059752 0.7243810 0 0 255
0.1934365 0.0059719 0.7239862 0 0 255
0.1953482 0.0059785 0.7247903 0 0 255
0.1970464 0.0059786 0.7247950 0 0 255
0.1986349 0.0059753 0.7243997 0 0 255
0.2004427 0.0059787 0.7248043 0 0 255
0.2019179 0.0059721 0.7240095 0 0 255
0.2037267 0.0059754 0.7244136 0 0 255
0.2054240 0.0059755 0.7244183 0 0 255
0.2070071 0.0059722 0.7240234 0 0 255
0.2087035 0.0059723 0.7240281 0 0 255
0.2102840 0.0059690 0.7236336 0 0 255
0.2122135 0.0059756 0.7244369 0 0 255
0.2139109 0.0059757 0.7244416 0 0 255
0.2156084 0.0059757 0.7244462 0 0 255
0.2170663 0.0059692 0.7236522 0 0 255
0.2188825 0.0059725 0.7240559 0 0 255
0.2205791 0.0059725 0.7240607 0 0 255
0.2223984 0.0059759 0.7244648 0 0 255
0.2239723 0.0059726 0.7240700 0 0 255
0.2257935 0.0059759 0.7244741 0 0 255
0.2268652 0.0059595 0.7224855 0 0 255
0.2285582 0.0059596 0.7224901 0 0 255
0.2303779 0.0059629 0.7228926 0 0 255
0.2318166 0.0059564 0.7221021 0 0 255
0.2332536 0.0059499 0.7213180 0 0 255
0.2346860 0.0059434 0.7205310 0 0 255
0.2365042 0.0059467 0.7209312 0 0 255
0.2378019 0.0059370 0.7197503 0 0 255
0.2392263 0.0059305 0.7189667 0 0 255
0.2405160 0.0059208 0.7177923 0 0 255
0.2419335 0.0059144 0.7170129 0 0 255
0.2434808 0.0059112 0.7166263 0 0 255
0.2450264 0.0059080 0.7162400 0 0 255
0.2465704 0.0059048 0.7158542 0 0 255
0.2482480 0.0059049 0.7158588 0 0 255
0.2497894 0.0059017 0.7154734 0 0 255
0.2514661 0.0059017 0.7154780 0 0 255
0.2531427 0.0059018 0.7154826 0 0 255
0.2546807 0.0058986 0.7150975 0 0 255
0.2562170 0.0058954 0.7147129 0 0 255
0.2580324 0.0058987 0.7151067 0 0 255
0.2597083 0.0058987 0.7151113 0 0 255
0.2610998 0.0058923 0.7143379 0 0 255
0.2629169 0.0058956 0.7147313 0 0 255
0.2644480 0.0058924 0.7143471 0 0 255
0.2658330 0.0058860 0.7135754 0 0 255
0.2675053 0.0058861 0.7135800 0 0 255
0.2691777 0.0058861 0.7135845 0 0 255
0.2707029 0.0058829 0.7132015 0 0 255
0.2723745 0.0058830 0.7132061 0 0 255
0.2740459 0.0058830 0.7132107 0 0 255
0.2755678 0.0058799 0.7128282 0 0 255
0.2775398 0.0058863 0.7136075 0 0 255
0.2790607 0.0058831 0.7132245 0 0 255
0.2808848 0.0058864 0.7136166 0 0 255
0.2827110 0.0058896 0.7140092 0 0 255
0.2848490 0.0058993 0.7151802 0 0 255
0.2884099 0.0059381 0.7198892 0 0 255
0.3071039 0.0062141 0.7533433 0 0 255
0.3161235 0.0063600 0.7710409 0 0 255
0.3188668 0.0063788 0.7733160 0 0 255
0.3203022 0.0063713 0.7724113 0 0 255
0.3223022 0.0063751 0.7728708 0 0 255
0.0311059 0.0073602 0.6948183 0 0 255
0.0327328 0.0073602 0.6948228 0 0 255
0.0343234 0.0073525 0.6940921 0 0 255
0.0359677 0.0073564 0.6944640 0 0 255
0.0375739 0.0073526 0.6941010 0 0 255
0.0391785 0.0073487 0.6937385 0 0 255
0.0406953 0.0073294 0.6919139 0 0 255
0.0422932 0.0073256 0.6915537 0 0 255
0.0438663 0.0073179 0.6908299 0 0 255
0.0454362 0.0073103 0.6901078 0 0 255
0.0469780 0.0072988 0.6890251 0 0 255
0.0485660 0.0072950 0.6886679 0 0 255
0.0500997 0.0072836 0.6875898 0 0 255
0.0516017 0.0072684 0.6861560 0 0 255
0.0530974 0.0072533 0.6847283 0 0 255
0.0546154 0.0072420 0.6836625 0 0 255
0.0561578 0.0072345 0.6829553 0 0 255
0.0576375 0.0072196 0.6815454 0 0 255
0.0591720 0.0072121 0.6808426 0 0 255
0.0607034 0.0072047 0.6801412 0 0 255
0.0622639 0.0072010 0.6797932 0 0 255
0.0636909 0.0071824 0.6780415 0 0 255
0.0652114 0.0071751 0.6773460 0 0 255
0.0667631 0.0071714 0.6770009 0 0 255
0.0682781 0.0071641 0.6763075 0 0 255
0.0697182 0.0071494 0.6749206 0 0 255
0.0712988 0.0071494 0.6749250 0 0 255
0.0728045 0.0071421 0.6742358 0 0 255
0.0743072 0.0071348 0.6735480 0 0 255
0.0759236 0.0071386 0.6738982 0 0 255
0.0773826 0.0071276 0.6728661 0 0 255
0.0789989 0.0071313 0.6732156 0 0 255
0.0804518 0.0071204 0.6721855 0 0 255
0.0820260 0.0071205 0.6721898 0 0 255
0.0835147 0.0071132 0.6715063 0 0 255
0.0850874 0.0071133 0.6715106 0 0 255
0.0866158 0.0071097 0.6711715 0 0 255
0.0880976 0.0071025 0.6704901 0 0 255
0.0896679 0.0071025 0.6704944 0 0 255
0.0911917 0.0070989 0.6701564 0 0 255
0.0928561 0.0071062 0.6708457 0 0 255
0.0943309 0.0070990 0.6701650 0 0 255
0.0959005 0.0070991 0.6701693 0 0 255
0.0975697 0.0071064 0.6708587 0 0 255
0.0991410 0.0071064 0.6708630 0 0 255
0.1008153 0.0071137 0.6715538 0 0 255
0.1023882 0.0071138 0.6715581 0 0 255
0.1040144 0.0071175 0.6719062 0 0 255
0.1056963 0.0071248 0.6725991 0 0 255
0.1073267 0.0071285 0.6729483 0 0 255
0.1089029 0.0071285 0.6729527 0 0 255
0.1105925 0.0071359 0.6736477 0 0 255
0.1122280 0.0071396 0.6739979 0 0 255
0.1138652 0.0071433 0.6743485 0 0 255
0.1155040 0.0071470 0.6746995 0 0 255
0.1173256 0.0071618 0.6760939 0 0 255
0.1188480 0.0071582 0.6757502 0 0 255
0.1206172 0.0071693 0.6767998 0 0 255
0.1226451 0.0071953 0.6792558 0 0 255
0.1245585 0.0072140 0.6810222 0 0 255
0.1272762 0.0072783 0.6870865 0 0 255
0.1318749 0.0073553 0.6943600 0 0 255
0.1349289 0.0074340 0.7017893 0 0 255
0.1401642 0.0075389 0.7116868 0 0 255
0.1427602 0.0075883 0.7163523 0 0 255
0.1446751 0.0076008 0.7175317 0 0 255
0.1466767 0.0076175 0.7191087 0 0 255
0.1485239 0.0076259 0.7199021 0 0 255
0.1507063 0.0076511 0.7222835 0 0 255
0.1525662 0.0076596 0.7230840 0 0 255
0.1544302 0.0076681 0.7238861 0 0 255
0.1559540 0.0076597 0.7230933 0 0 255
0.1579089 0.0076724 0.7242950 0 0 255
0.1596937 0.0076767 0.7246995 0 0 255
0.1613914 0.0076767 0.7247041 0 0 255
0.1630891 0.0076768 0.7247088 0 0 255
0.1647869 0.0076768 0.7247134 0 0 255
0.1664847 0.0076769 0.7247181 0 0 255
0.1682754 0.0076812 0.7251231 0 0 255
0.1698803 0.0076770 0.7247274 0 0 255
0.1716729 0.0076813 0.7251324 0 0 255
0.1734675 0.0076856 0.7255378 0 0 255
0.1751672 0.0076856 0.7255425 0 0 255
0.1768670 0.0076857 0.7255471 0 0 255
0.1785668 0.0076857 0.7255518 0 0 255
0.1801671 0.0076815 0.7251558 0 0 255
0.1818660 0.0076816 0.7251604 0 0 255
0.1832612 0.0076689 0.7239653 0 0 255
0.1848554 0.0076647 0.7235709 0 0 255
0.1866535 0.0076690 0.7239746 0 0 255
0.1882459 0.0076648 0.7235802 0 0 255
0.1899411 0.0076649 0.7235849 0 0 255
0.1915309 0.0076607 0.7231910 0 0 255
0.1931189 0.0076565 0.7227975 0 0 255
0.1950271 0.0076650 0.7235988 0 0 255
0.1966141 0.0076609 0.7232049 0 0 255
0.1983085 0.0076609 0.7232096 0 0 255
0.1998929 0.0076567 0.7228160 0 0 255
0.2016975 0.0076610 0.7232189 0 0 255
0.2032800 0.0076568 0.7228253 0 0 255
0.2049736 0.0076569 0.7228299 0 0 255
0.2066672 0.0076569 0.7228346 0 0 255
0.2083609 0.0076570 0.7228392 0 0 255
0.2100545 0.0076570 0.7228439 0 0 255
0.2116317 0.0076529 0.7224508 0 0 255
0.2133244 0.0076529 0.7224554 0 0 255
0.2151356 0.0076572 0.7228578 0 0 255
0.2165909 0.0076488 0.7220674 0 0 255
0.2184029 0.0076531 0.7224693 0 0 255
0.2198538 0.0076447 0.7216798 0 0 255
0.2217887 0.0076532 0.7224786 0 0 255
0.2234816 0.0076532 0.7224833 0 0 255
0.2252984 0.0076575 0.7228857 0 0 255
0.2266180 0.0076449 0.7216983 0 0 255
0.2279347 0.0076324 0.7205195 0 0 255
0.2296231 0.0076325 0.7205241 0 0 255
0.2310579 0.0076241 0.7197388 0 0 255
0.2326169 0.0076200 0.7193491 0 0 255
0.2341743 0.0076159 0.7189600 0 0 255
0.2358591 0.0076159 0.7189646 0 0 255
0.2374138 0.0076118 0.7185758 0 0 255
0.2385755 0.0075952 0.7170109 0 0 255
0.2401246 0.0075912 0.7166241 0 0 255
0.2415402 0.0075829 0.7158474 0 0 255
0.2429528 0.0075747 0.7150723 0 0 255
0.2446285 0.0075748 0.7150769 0 0 255
0.2460363 0.0075666 0.7143036 0 0 255
0.2477102 0.0075666 0.7143081 0 0 255
0.2493841 0.0075667 0.7143127 0 0 255
0.2509216 0.0075626 0.7139290 0 0 255
0.2524575 0.0075585 0.7135457 0 0 255
0.2541296 0.0075586 0.7135503 0 0 255
0.2556629 0.0075545 0.7131673 0 0 255
0.2573342 0.0075546 0.7131718 0 0 255
0.2590056 0.0075546 0.7131764 0 0 255
0.2605354 0.0075506 0.7127939 0 0 255
0.2623483 0.0075547 0.7131856 0 0 255
0.2637333 0.0075466 0.7124164 0 0 255
0.2652590 0.0075425 0.7120347 0 0 255
0.2669277 0.0075426 0.7120392 0 0 255
0.2685965 0.0075426 0.7120438 0 0 255
0.2702653 0.0075427 0.7120484 0 0 255
0.2719341 0.0075427 0.7120530 0 0 255
0.2734546 0.0075387 0.7116717 0 0 255
0.2751225 0.0075387 0.7116762 0 0 255
0.2772412 0.0075511 0.7128397 0 0 255
0.2789119 0.0075511 0.7128443 0 0 255
0.2810403 0.0075635 0.7140115 0 0 255
0.2825601 0.0075594 0.7136282 0 0 255
0.2846967 0.0075718 0.7147979 0 0 255
0.2882547 0.0076216 0.7195017 0 0 255
0.3110323 0.0080822 0.7629798 0 0 255
0.3159411 0.0081629 0.7705959 0 0 255
0.3179339 0.0081677 0.7710534 0 0 255
0.3195535 0.0081630 0.7706059 0 0 255
0.3215484 0.0081678 0.7710633 0 0 255
0.3243078 0.0081919 0.7733386 0 0 255
0.0152996 0.0092682 0.7163956 0 0 255
0.0169401 0.0092481 0.7148435 0 0 255
0.0185834 0.0092331 0.7136815 0 0 255
0.0202324 0.0092231 0.7129105 0 0 255
0.0218778 0.0092131 0.7121411 0 0 255
0.0234942 0.0091932 0.7106029 0 0 255
0.0250630 0.0091586 0.7079236 0 0 255
0.0264777 0.0090754 0.7014937 0 0 255
0.0280303 0.0090464 0.6992551 0 0 255
0.0295419 0.0090081 0.6962955 0 0 255
0.0310897 0.0089843 0.6944574 0 0 255
0.0326985 0.0089797 0.6940944 0 0 255
0.0342875 0.0089702 0.6933653 0 0 255
0.0359300 0.0089750 0.6937364 0 0 255
0.0374554 0.0089514 0.6919118 0 0 255
0.0390962 0.0089562 0.6922812 0 0 255
0.0406101 0.0089327 0.6904644 0 0 255
0.0422047 0.0089280 0.6901056 0 0 255
0.0437976 0.0089234 0.6897473 0 0 255
0.0453889 0.0089188 0.6893895 0 0 255
0.0469046 0.0089001 0.6879482 0 0 255
0.0484393 0.0088862 0.6868723 0 0 255
0.0499432 0.0088677 0.6854416 0 0 255
0.0514677 0.0088539 0.6843736 0 0 255
0.0529598 0.0088355 0.6829533 0 0 255
0.0545307 0.0088310 0.6826025 0 0 255
0.0559549 0.0088036 0.6804875 0 0 255
0.0575186 0.0087991 0.6801391 0 0 255
0.0590501 0.0087901 0.6794392 0 0 255
0.0605471 0.0087765 0.6783899 0 0 255
0.0620716 0.0087675 0.6776937 0 0 255
0.0636258 0.0087630 0.6773483 0 0 255
0.0650441 0.0087405 0.6756091 0 0 255
0.0665578 0.0087316 0.6749185 0 0 255
0.0681033 0.0087271 0.6745759 0 0 255
0.0696115 0.0087182 0.6738875 0 0 255
0.0711167 0.0087093 0.6732005 0 0 255
0.0726187 0.0087005 0.6725149 0 0 255
0.0741557 0.0086961 0.6721748 0 0 255
0.0756911 0.0086917 0.6718350 0 0 255
0.0771460 0.0086784 0.6708092 0 0 255
0.0786768 0.0086740 0.6704708 0 0 255
0.0802061 0.0086697 0.6701328 0 0 255
0.0817338 0.0086653 0.6697952 0 0 255
0.0832600 0.0086609 0.6694577 0 0 255
0.0847414 0.0086522 0.6687799 0 0 255
0.0863517 0.0086566 0.6691251 0 0 255
0.0878740 0.0086523 0.6687884 0 0 255
0.0894404 0.0086523 0.6687927 0 0 255
0.0909604 0.0086480 0.6684564 0 0 255
0.0925731 0.0086524 0.6688013 0 0 255
0.0941875 0.0086569 0.6691465 0 0 255
0.0957547 0.0086570 0.6691509 0 0 255
0.0973716 0.0086614 0.6694965 0 0 255
0.0989397 0.0086615 0.6695008 0 0 255
0.1005591 0.0086660 0.6698469 0 0 255
0.1021801 0.0086704 0.6701931 0 0 255
0.1038028 0.0086749 0.6705399 0 0 255
0.1054812 0.0086839 0.6712300 0 0 255
0.1070533 0.0086839 0.6712343 0 0 255
0.1087367 0.0086929 0.6719258 0 0 255
0.1103670 0.0086974 0.6722742 0 0 255
0.1120565 0.0087063 0.6729679 0 0 255
0.1136911 0.0087109 0.6733174 0 0 255
0.1153273 0.0087154 0.6736673 0 0 255
0.1170254 0.0087244 0.6743638 0 0 255
0.1187270 0.0087334 0.6750618 0 0 255
0.1203701 0.0087380 0.6754135 0 0 255
0.1220778 0.0087470 0.6761135 0 0 255
0.1237890 0.0087561 0.6768151 0 0 255
0.1255038 0.0087652 0.6775181 0 0 255
0.1273537 0.0087834 0.6789241 0 0 255
0.1297493 0.0088383 0.6831685 0 0 255
0.1318988 0.0088753 0.6860292 0 0 255
0.1334360 0.0088707 0.6856753 0 0 255
0.1390443 0.0090264 0.6977063 0 0 255
0.1409034 0.0090409 0.6988251 0 0 255
0.1441520 0.0091431 0.7067308 0 0 255
0.1484210 0.0092026 0.7113310 0 0 255
0.1503317 0.0092177 0.7124939 0 0 255
0.1535847 0.0093138 0.7199230 0 0 255
0.1559555 0.0093549 0.7231004 0 0 255
0.1578233 0.0093653 0.7239025 0 0 255
0.1596071 0.0093705 0.7243066 0 0 255
0.1612150 0.0093654 0.7239118 0 0 255
0.1630007 0.0093706 0.7243159 0 0 255
0.1647885 0.0093759 0.7247205 0 0 255
0.1663944 0.0093708 0.7243254 0 0 255
0.1680913 0.0093708 0.7243300 0 0 255
0.1698819 0.0093761 0.7247346 0 0 255
0.1715798 0.0093761 0.7247393 0 0 255
0.1732777 0.0093762 0.7247439 0 0 255
0.1748790 0.0093711 0.7243487 0 0 255
0.1766735 0.0093763 0.7247532 0 0 255
0.1783714 0.0093764 0.7247579 0 0 255
0.1799700 0.0093712 0.7243626 0 0 255
0.1815669 0.0093661 0.7239677 0 0 255
0.1830611 0.0093559 0.7231748 0 0 255
0.1847554 0.0093559 0.7231795 0 0 255
0.1862445 0.0093457 0.7223882 0 0 255
0.1879370 0.0093458 0.7223928 0 0 255
0.1895252 0.0093407 0.7220002 0 0 255
0.1911117 0.0093356 0.7216080 0 0 255
0.1929083 0.0093408 0.7220095 0 0 255
0.1944930 0.0093357 0.7216173 0 0 255
0.1961837 0.0093358 0.7216219 0 0 255
0.1978745 0.0093358 0.7216266 0 0 255
0.1996750 0.0093410 0.7220281 0 0 255
0.2011454 0.0093308 0.7212394 0 0 255
0.2029468 0.0093360 0.7216405 0 0 255
0.2045252 0.0093310 0.7212487 0 0 255
0.2064419 0.0093413 0.7220466 0 0 255
0.2080193 0.0093362 0.7216544 0 0 255
0.2095950 0.0093311 0.7212626 0 0 255
0.2112850 0.0093312 0.7212672 0 0 255
0.2130920 0.0093364 0.7216683 0 0 255
0.2146650 0.0093313 0.7212765 0 0 255
0.2163550 0.0093314 0.7212811 0 0 255
0.2178058 0.0093212 0.7204942 0 0 255
0.2196145 0.0093264 0.7208943 0 0 255
0.2213037 0.0093264 0.7208990 0 0 255
0.2228706 0.0093214 0.7205080 0 0 255
0.2245589 0.0093214 0.7205127 0 0 255
0.2257531 0.0093011 0.7189439 0 0 255
0.2274378 0.0093012 0.7189485 0 0 255
0.2292480 0.0093064 0.7193470 0 0 255
0.2305547 0.0092911 0.7181713 0 0 255
0.2321106 0.0092861 0.7177833 0 0 255
0.2336648 0.0092811 0.7173957 0 0 255
0.2352174 0.0092761 0.7170087 0 0 255
0.2365101 0.0092610 0.7158406 0 0 255
0.2379282 0.0092510 0.7150655 0 0 255
0.2394734 0.0092460 0.7146809 0 0 255
0.2408860 0.0092360 0.7139084 0 0 255
0.2425589 0.0092361 0.7139130 0 0 255
0.2439667 0.0092261 0.7131422 0 0 255
0.2455045 0.0092211 0.7127597 0 0 255
0.2471748 0.0092212 0.7127642 0 0 255
0.2488451 0.0092212 0.7127688 0 0 255
0.2502438 0.0092113 0.7120005 0 0 255
0.2519124 0.0092114 0.7120050 0 0 255
0.2534435 0.0092064 0.7116238 0 0 255
0.2551112 0.0092065 0.7116283 0 0 255
0.2566399 0.0092016 0.7112475 0 0 255
0.2583067 0.0092016 0.7112520 0 0 255
0.2599736 0.0092017 0.7112566 0 0 255
0.2616404 0.0092017 0.7112612 0 0 255
0.2631648 0.0091968 0.7108808 0 0 255
0.2646875 0.0091919 0.7105007 0 0 255
0.2663527 0.0091920 0.7105052 0 0 255
0.2677281 0.0091821 0.7097419 0 0 255
0.2693915 0.0091821 0.7097464 0 0 255
0.2710549 0.0091822 0.7097510 0 0 255
0.2727183 0.0091823 0.7097555 0 0 255
0.2745302 0.0091873 0.7101439 0 0 255
0.2761945 0.0091873 0.7101485 0 0 255
0.2780093 0.0091924 0.7105373 0 0 255
0.2802811 0.0092124 0.7120829 0 0 255
0.2817973 0.0092074 0.7117016 0 0 255
0.2842355 0.0092325 0.7136398 0 0 255
0.2874701 0.0092830 0.7175433 0 0 255
0.3071099 0.0097464 0.7533581 0 0 255
0.3133698 0.0098882 0.7643244 0 0 255
0.3162657 0.0099229 0.7670078 0 0 255
0.3180635 0.0099230 0.7670127 0 0 255
0.3206103 0.0099463 0.7688138 0 0 255
0.3229796 0.0099639 0.7701713 0 0 255
0.3261236 0.0100050 0.7733511 0 0 255
0.0084978 0.0108292 0.7086497 0 0 255
0.0101735 0.0108469 0.7098044 0 0 255
0.0118162 0.0108294 0.7086588 0 0 255
0.0134391 0.0108003 0.7067546 0 0 255
0.0151101 0.0108120 0.7075214 0 0 255
0.0167306 0.0107888 0.7060031 0 0 255
0.0184232 0.0108121 0.7075305 0 0 255
0.0200258 0.0107831 0.7056324 0 0 255
0.0216897 0.0107890 0.7060167 0 0 255
0.0233428 0.0107891 0.7060212 0 0 255
0.0249556 0.0107717 0.7048879 0 0 255
0.0263933 0.0106857 0.6992574 0 0 255
0.0280008 0.0106744 0.6985174 0 0 255
0.0295108 0.0106293 0.6955641 0 0 255
0.0310408 0.0105956 0.6933632 0 0 255
0.0326298 0.0105845 0.6926357 0 0 255
0.0342516 0.0105846 0.6926402 0 0 255
0.0358167 0.0105679 0.6915495 0 0 255
0.0373769 0.0105513 0.6904623 0 0 255
0.0389937 0.0105514 0.6904668 0 0 255
0.0405678 0.0105403 0.6897452 0 0 255
0.0421386 0.0105293 0.6890253 0 0 255
0.0437061 0.0105184 0.6883069 0 0 255
0.0452467 0.0105019 0.6872300 0 0 255
0.0467580 0.0104800 0.6857978 0 0 255
0.0482882 0.0104637 0.6847286 0 0 255
0.0498396 0.0104528 0.6840191 0 0 255
0.0513343 0.0104312 0.6826003 0 0 255
0.0527958 0.0104042 0.6808384 0 0 255
0.0543337 0.0103935 0.6801370 0 0 255
0.0558396 0.0103775 0.6790856 0 0 255
0.0574298 0.0103775 0.6790900 0 0 255
0.0589591 0.0103669 0.6783922 0 0 255
0.0604540 0.0103509 0.6773461 0 0 255
0.0619124 0.0103296 0.6759549 0 0 255
0.0634300 0.0103190 0.6752637 0 0 255
0.0649779 0.0103138 0.6749208 0 0 255
0.0664559 0.0102980 0.6738854 0 0 255
0.0679643 0.0102875 0.6731985 0 0 255
0.0694339 0.0102717 0.6721684 0 0 255
0.0709717 0.0102666 0.6718286 0 0 255
0.0724709 0.0102561 0.6711458 0 0 255
0.0739670 0.0102457 0.6704644 0 0 255
0.0754601 0.0102353 0.6697844 0 0 255
0.0770680 0.0102406 0.6701307 0 0 255
0.0784772 0.0102198 0.6687692 0 0 255
0.0800434 0.0102199 0.6687735 0 0 255
0.0815266 0.0102095 0.6680970 0 0 255
0.0831336 0.0102148 0.6684414 0 0 255
0.0846560 0.0102097 0.6681056 0 0 255
0.0861768 0.0102045 0.6677700 0 0 255
0.0877854 0.0102098 0.6681142 0 0 255
0.0893047 0.0102047 0.6677786 0 0 255
0.0909150 0.0102099 0.6681228 0 0 255
0.0924333 0.0102049 0.6677914 0 0 255
0.0940452 0.0102101 0.6681356 0 0 255
0.0956588 0.0102154 0.6684802 0 0 255
0.0971749 0.0102103 0.6681442 0 0 255
0.0988405 0.0102207 0.6688294 0 0 255
0.1020248 0.0102260 0.6691747 0 0 255
0.1036450 0.0102313 0.6695203 0 0 255
0.1053206 0.0102418 0.6702083 0 0 255
0.1068358 0.0102366 0.6698706 0 0 255
0.1084602 0.0102419 0.6702169 0 0 255
0.1101988 0.0102577 0.6712494 0 0 255
0.1118282 0.0102630 0.6715972 0 0 255
0.1135175 0.0102736 0.6722894 0 0 255
0.1150922 0.0102737 0.6722938 0 0 255
0.1167267 0.0102790 0.6726426 0 0 255
0.1184236 0.0102896 0.6733370 0 0 255
0.1200008 0.0102897 0.6733413 0 0 255
0.1218280 0.0103109 0.6747301 0 0 255
0.1234084 0.0103110 0.6747344 0 0 255
0.1249889 0.0103110 0.6747387 0 0 255
0.1267649 0.0103270 0.6757851 0 0 255
0.1284140 0.0103324 0.6761375 0 0 255
0.1303335 0.0103591 0.6778877 0 0 255
0.1321944 0.0103807 0.6792952 0 0 255
0.1340632 0.0104023 0.6807085 0 0 255
0.1399363 0.0106058 0.6940288 0 0 255
0.1439209 0.0107826 0.7055980 0 0 255
0.1465189 0.0108527 0.7101834 0 0 255
0.1483430 0.0108645 0.7109573 0 0 255
0.1520849 0.0108941 0.7128925 0 0 255
0.1546789 0.0109596 0.7171814 0 0 255
0.1572179 0.0110199 0.7211260 0 0 255
0.1592572 0.0110442 0.7227187 0 0 255
0.1611277 0.0110565 0.7235200 0 0 255
0.1630023 0.0110687 0.7243231 0 0 255
0.1647901 0.0110749 0.7247277 0 0 255
0.1663961 0.0110689 0.7243325 0 0 255
0.1680930 0.0110690 0.7243371 0 0 255
0.1697899 0.0110690 0.7243418 0 0 255
0.1715815 0.0110752 0.7247463 0 0 255
0.1732794 0.0110753 0.7247510 0 0 255
0.1747843 0.0110631 0.7239562 0 0 255
0.1765777 0.0110693 0.7243603 0 0 255
0.1781764 0.0110633 0.7239655 0 0 255
0.1797734 0.0110573 0.7235711 0 0 255
0.1814686 0.0110573 0.7235758 0 0 255
0.1828614 0.0110391 0.7223859 0 0 255
0.1845538 0.0110392 0.7223906 0 0 255
0.1861439 0.0110332 0.7219980 0 0 255
0.1878355 0.0110333 0.7220026 0 0 255
0.1894228 0.0110273 0.7216104 0 0 255
0.1910085 0.0110213 0.7212186 0 0 255
0.1925925 0.0110153 0.7208273 0 0 255
0.1943880 0.0110214 0.7212279 0 0 255
0.1959702 0.0110155 0.7208365 0 0 255
0.1976591 0.0110155 0.7208412 0 0 255
0.1994575 0.0110217 0.7212418 0 0 255
0.2010369 0.0110157 0.7208504 0 0 255
0.2027259 0.0110158 0.7208551 0 0 255
0.2043027 0.0110098 0.7204641 0 0 255
0.2059908 0.0110098 0.7204688 0 0 255
0.2076789 0.0110099 0.7204734 0 0 255
0.2093670 0.0110100 0.7204780 0 0 255
0.2108238 0.0109980 0.7196929 0 0 255
0.2125101 0.0109981 0.7196975 0 0 255
0.2143139 0.0110042 0.7200968 0 0 255
0.2158828 0.0109982 0.7197067 0 0 255
0.2174513 0.0109923 0.7193217 0 0 255
0.2191368 0.0109924 0.7193263 0 0 255
0.2207014 0.0109864 0.7189370 0 0 255
0.2222643 0.0109805 0.7185482 0 0 255
0.2238256 0.0109746 0.7181599 0 0 255
0.2251389 0.0109567 0.7169880 0 0 255
0.2268190 0.0109567 0.7169926 0 0 255
0.2282498 0.0109448 0.7162150 0 0 255
0.2298028 0.0109389 0.7158291 0 0 255
0.2314802 0.0109390 0.7158338 0 0 255
0.2329036 0.0109272 0.7150587 0 0 255
0.2343240 0.0109154 0.7142854 0 0 255
0.2359978 0.0109154 0.7142900 0 0 255
0.2375424 0.0109096 0.7139062 0 0 255
0.2388258 0.0108919 0.7127483 0 0 255
0.2403656 0.0108860 0.7123662 0 0 255
0.2420349 0.0108861 0.7123708 0 0 255
0.2434402 0.0108744 0.7116033 0 0 255
0.2451078 0.0108744 0.7116079 0 0 255
0.2466417 0.0108686 0.7112270 0 0 255
0.2480398 0.0108569 0.7104620 0 0 255
0.2499752 0.0108688 0.7112362 0 0 255
0.2515057 0.0108629 0.7108557 0 0 255
0.2530347 0.0108571 0.7104757 0 0 255
0.2545619 0.0108513 0.7100961 0 0 255
0.2560876 0.0108455 0.7097169 0 0 255
0.2577508 0.0108456 0.7097214 0 0 255
0.2591340 0.0108340 0.7089597 0 0 255
0.2607955 0.0108340 0.7089643 0 0 255
0.2623154 0.0108283 0.7085863 0 0 255
0.2636915 0.0108167 0.7078271 0 0 255
0.2653504 0.0108167 0.7078317 0 0 255
0.2667235 0.0108052 0.7070786 0 0 255
0.2697473 0.0107937 0.7063271 0 0 255
0.2714027 0.0107938 0.7063316 0 0 255
0.2733522 0.0108055 0.7070968 0 0 255
0.2750094 0.0108056 0.7071013 0 0 255
0.2771142 0.0108231 0.7082497 0 0 255
0.2810386 0.0108466 0.7097853 0 0 255
0.2837757 0.0108879 0.7124853 0 0 255
0.2873160 0.0109593 0.7171585 0 0 255
0.3029163 0.0114208 0.7473632 0 0 255
0.3124636 0.0116463 0.7621141 0 0 255
0.3158998 0.0117075 0.7661204 0 0 255
0.3186249 0.0117418 0.7683665 0 0 255
0.3204258 0.0117419 0.7683715 0 0 255
0.3226043 0.0117557 0.7692766 0 0 255
0.3257431 0.0118042 0.7724488 0 0 255
0.3281327 0.0118251 0.7738193 0 0 255
0.0035073 0.0124433 0.7059737 0 0 255
0.0051768 0.0124837 0.7082649 0 0 255
0.0068240 0.0124636 0.7071242 0 0 255
0.0084705 0.0124503 0.7063674 0 0 255
0.0101025 0.0124236 0.7048540 0 0 255
0.0117276 0.0123971 0.7033470 0 0 255
0.0133887 0.0124104 0.7041065 0 0 255
0.0150051 0.0123839 0.7026028 0 0 255
0.0166412 0.0123774 0.7022312 0 0 255
0.0183050 0.0123907 0.7029883 0 0 255
0.0199296 0.0123775 0.7022403 0 0 255
0.0215854 0.0123843 0.7026209 0 0 255
0.0232056 0.0123711 0.7018737 0 0 255
0.0248490 0.0123712 0.7018782 0 0 255
0.0264500 0.0123514 0.7007582 0 0 255
0.0278825 0.0122599 0.6955665 0 0 255
0.0294643 0.0122405 0.6944665 0 0 255
0.0310575 0.0122277 0.6937366 0 0 255
0.0326473 0.0122148 0.6930083 0 0 255
0.0342339 0.0122020 0.6922815 0 0 255
0.0357794 0.0121764 0.6908281 0 0 255
0.0373773 0.0121701 0.6904690 0 0 255
0.0389941 0.0121701 0.6904735 0 0 255
0.0405256 0.0121447 0.6890276 0 0 255
0.0420507 0.0121193 0.6875879 0 0 255
0.0436379 0.0121130 0.6872323 0 0 255
0.0451761 0.0120941 0.6861586 0 0 255
0.0467096 0.0120752 0.6850883 0 0 255
0.0482132 0.0120501 0.6836650 0 0 255
0.0496077 0.0120003 0.6808363 0 0 255
0.0511489 0.0119879 0.6801349 0 0 255
0.0526869 0.0119756 0.6794350 0 0 255
0.0542218 0.0119633 0.6787366 0 0 255
0.0557536 0.0119510 0.6780396 0 0 255
0.0572526 0.0119326 0.6769946 0 0 255
0.0588077 0.0119265 0.6766499 0 0 255
0.0603300 0.0119143 0.6759572 0 0 255
0.0618493 0.0119021 0.6752660 0 0 255
0.0633328 0.0118838 0.6742295 0 0 255
0.0648451 0.0118717 0.6735418 0 0 255
0.0663203 0.0118535 0.6725107 0 0 255
0.0678605 0.0118475 0.6721706 0 0 255
0.0693281 0.0118294 0.6711437 0 0 255
0.0708636 0.0118235 0.6708050 0 0 255
0.0723606 0.0118115 0.6701243 0 0 255
0.0738546 0.0117995 0.6694451 0 0 255
0.0753839 0.0117936 0.6691081 0 0 255
0.0769117 0.0117876 0.6687714 0 0 255
0.0783582 0.0117697 0.6677550 0 0 255
0.0798814 0.0117638 0.6674198 0 0 255
0.0813622 0.0117520 0.6667503 0 0 255
0.0828817 0.0117461 0.6664160 0 0 255
0.0843996 0.0117402 0.6660821 0 0 255
0.0860469 0.0117522 0.6667631 0 0 255
0.0876085 0.0117523 0.6667674 0 0 255
0.0891701 0.0117524 0.6667717 0 0 255
0.0907317 0.0117525 0.6667759 0 0 255
0.0923403 0.0117585 0.6671191 0 0 255
0.0938550 0.0117526 0.6667845 0 0 255
0.0955138 0.0117646 0.6674669 0 0 255
0.0971265 0.0117707 0.6678109 0 0 255
0.0986404 0.0117648 0.6674755 0 0 255
0.1003057 0.0117768 0.6681594 0 0 255
0.1019226 0.0117829 0.6685039 0 0 255
0.1035411 0.0117890 0.6688489 0 0 255
0.1051077 0.0117891 0.6688532 0 0 255
0.1067831 0.0118012 0.6695397 0 0 255
0.1100318 0.0118134 0.6702321 0 0 255
0.1133444 0.0118316 0.6712646 0 0 255
0.1149755 0.0118377 0.6716124 0 0 255
0.1166083 0.0118438 0.6719605 0 0 255
0.1182428 0.0118500 0.6723090 0 0 255
0.1199405 0.0118622 0.6730027 0 0 255
0.1215792 0.0118684 0.6733522 0 0 255
0.1230933 0.0118624 0.6730114 0 0 255
0.1247977 0.0118746 0.6737064 0 0 255
0.1265057 0.0118869 0.6744030 0 0 255
0.1282171 0.0118992 0.6751010 0 0 255
0.1299322 0.0119115 0.6758004 0 0 255
0.1320591 0.0119609 0.6785996 0 0 255
0.1342734 0.0120168 0.6817758 0 0 255
0.1364373 0.0120671 0.6846247 0 0 255
0.1384743 0.0121050 0.6867782 0 0 255
0.1437975 0.0122851 0.6969926 0 0 255
0.1473073 0.0124437 0.7059935 0 0 255
0.1496857 0.0125043 0.7094319 0 0 255
0.1517577 0.0125383 0.7113587 0 0 255
0.1559345 0.0126067 0.7152392 0 0 255
0.1589088 0.0127106 0.7211376 0 0 255
0.1607748 0.0127247 0.7219355 0 0 255
0.1626450 0.0127388 0.7227350 0 0 255
0.1644286 0.0127459 0.7231378 0 0 255
0.1663059 0.0127600 0.7239400 0 0 255
0.1678168 0.0127460 0.7231471 0 0 255
0.1696979 0.0127602 0.7239493 0 0 255
0.1715831 0.0127744 0.7247534 0 0 255
0.1730899 0.0127603 0.7239586 0 0 255
0.1747860 0.0127604 0.7239633 0 0 255
0.1764821 0.0127605 0.7239679 0 0 255
0.1779819 0.0127465 0.7231750 0 0 255
0.1797751 0.0127536 0.7235782 0 0 255
0.1812705 0.0127397 0.7227861 0 0 255
0.1829639 0.0127398 0.7227907 0 0 255
0.1843528 0.0127188 0.7216036 0 0 255
0.1859412 0.0127119 0.7212118 0 0 255
0.1876309 0.0127120 0.7212164 0 0 255
0.1892167 0.0127051 0.7208250 0 0 255
0.1906961 0.0126913 0.7200390 0 0 255
0.1924887 0.0126983 0.7204388 0 0 255
0.1940701 0.0126914 0.7200482 0 0 255
0.1957571 0.0126915 0.7200528 0 0 255
0.1974442 0.0126916 0.7200574 0 0 255
0.1990222 0.0126847 0.7196675 0 0 255
0.2007083 0.0126848 0.7196721 0 0 255
0.2023945 0.0126849 0.7196768 0 0 255
0.2040807 0.0126850 0.7196814 0 0 255
0.2056542 0.0126781 0.7192917 0 0 255
0.2073396 0.0126782 0.7192963 0 0 255
0.2089105 0.0126713 0.7189071 0 0 255
0.2105950 0.0126714 0.7189118 0 0 255
0.2121646 0.0126646 0.7185276 0 0 255
0.2138482 0.0126647 0.7185322 0 0 255
0.2154139 0.0126579 0.7181438 0 0 255
0.2169780 0.0126510 0.7177558 0 0 255
0.2186598 0.0126511 0.7177604 0 0 255
0.2201010 0.0126374 0.7169812 0 0 255
0.2216600 0.0126305 0.7165945 0 0 255
0.2233391 0.0126306 0.7165990 0 0 255
0.2247729 0.0126169 0.7158223 0 0 255
0.2263269 0.0126101 0.7154369 0 0 255
0.2278792 0.0126034 0.7150519 0 0 255
0.2293050 0.0125897 0.7142786 0 0 255
0.2308532 0.0125830 0.7138948 0 0 255
0.2323997 0.0125762 0.7135115 0 0 255
0.2340717 0.0125763 0.7135161 0 0 255
0.2354877 0.0125627 0.7127461 0 0 255
0.2369008 0.0125492 0.7119778 0 0 255
0.2383108 0.0125357 0.7112111 0 0 255
0.2398475 0.0125290 0.7108307 0 0 255
0.2412520 0.0125155 0.7100665 0 0 255
0.2430474 0.0125223 0.7104552 0 0 255
0.2444478 0.0125089 0.7096919 0 0 255
0.2459780 0.0125022 0.7093131 0 0 255
0.2475066 0.0124955 0.7089348 0 0 255
0.2490335 0.0124889 0.7085568 0 0 255
0.2508293 0.0124957 0.7089440 0 0 255
0.2522184 0.0124823 0.7081839 0 0 255
0.2537412 0.0124757 0.7078068 0 0 255
0.2552624 0.0124690 0.7074300 0 0 255
0.2569203 0.0124691 0.7074346 0 0 255
0.2585782 0.0124692 0.7074391 0 0 255
0.2599560 0.0124558 0.7066823 0 0 255
0.2614732 0.0124493 0.7063113 0 0 255
0.2629871 0.0124427 0.7059361 0 0 255
0.2646415 0.0124428 0.7059407 0 0 255
0.2658672 0.0124228 0.7048087 0 0 255
0.2675191 0.0124229 0.7048132 0 0 255
0.2690265 0.0124163 0.7044397 0 0 255
0.2705324 0.0124097 0.7040666 0 0 255
0.2724746 0.0124231 0.7048268 0 0 255
0.2745686 0.0124432 0.7059679 0 0 255
0.2762232 0.0124433 0.7059724 0 0 255
0.2775794 0.0124300 0.7052189 0 0 255
0.2796828 0.0124502 0.7063612 0 0 255
0.2842149 0.0125041 0.7094180 0 0 255
0.2990057 0.0130028 0.7377148 0 0 255
0.3119236 0.0134097 0.7607970 0 0 255
0.3148010 0.0134565 0.7634556 0 0 255
0.3175134 0.0134958 0.7656861 0 0 255
0.3198675 0.0135196 0.7670326 0 0 255
0.3218534 0.0135275 0.7674859 0 0 255
0.3242207 0.0135514 0.7688387 0 0 255
-0.0014458 0.0140453 0.7033177 0 0 255
0.0001995 0.0139482 0.6984547 0 0 255
0.0018298 0.0139113 0.6966050 0 0 255
0.0034700 0.0139484 0.6984637 0 0 255
0.0051408 0.0140457 0.7033358 0 0 255
0.0067513 0.0139709 0.6995900 0 0 255
0.0083892 0.0139710 0.6995945 0 0 255
0.0100165 0.0139562 0.6988537 0 0 255
0.0116342 0.0139340 0.6977433 0 0 255
0.0132678 0.0139341 0.6977478 0 0 255
0.0148777 0.0139120 0.6966409 0 0 255
0.0165088 0.0139121 0.6966454 0 0 255
0.0181592 0.0139269 0.6973904 0 0 255
0.0197921 0.0139270 0.6973948 0 0 255
0.0214477 0.0139419 0.6981415 0 0 255
0.0230701 0.0139346 0.6977747 0 0 255
0.0247170 0.0139421 0.6981505 0 0 255
0.0262541 0.0138906 0.6955688 0 0 255
0.0278238 0.0138613 0.6941015 0 0 255
0.0294023 0.0138394 0.6930062 0 0 255
0.0310250 0.0138395 0.6930106 0 0 255
0.0326304 0.0138323 0.6926492 0 0 255
0.0341981 0.0138105 0.6915585 0 0 255
0.0357609 0.0137888 0.6904714 0 0 255
0.0373384 0.0137744 0.6897499 0 0 255
0.0388921 0.0137528 0.6886683 0 0 255
0.0404835 0.0137456 0.6883115 0 0 255
0.0419851 0.0137098 0.6865155 0 0 255
0.0435016 0.0136812 0.6850862 0 0 255
0.0451058 0.0136813 0.6850906 0 0 255
0.0466370 0.0136600 0.6840237 0 0 255
0.0481134 0.0136246 0.6822500 0 0 255
0.0495567 0.0135824 0.6801372 0 0 255
0.0510700 0.0135614 0.6790857 0 0 255
0.0526058 0.0135475 0.6783880 0 0 255
0.0541104 0.0135266 0.6773419 0 0 255
0.0556105 0.0135057 0.6762991 0 0 255
0.0571353 0.0134919 0.6756071 0 0 255
0.0587477 0.0134990 0.6759595 0 0 255
0.0602375 0.0134782 0.6749209 0 0 255
0.0617545 0.0134645 0.6742318 0 0 255
0.0632036 0.0134369 0.6728535 0 0 255
0.0647129 0.0134233 0.6721686 0 0 255
0.0662192 0.0134096 0.6714851 0 0 255
0.0677224 0.0133960 0.6708031 0 0 255
0.0691873 0.0133756 0.6697804 0 0 255
0.0707197 0.0133688 0.6694430 0 0 255
0.0721770 0.0133485 0.6684245 0 0 255
0.0737424 0.0133486 0.6684288 0 0 255
0.0752695 0.0133419 0.6680928 0 0 255
0.0767560 0.0133284 0.6674177 0 0 255
0.0782395 0.0133149 0.6667439 0 0 255
0.0797205 0.0133016 0.6660758 0 0 255
0.0812804 0.0133017 0.6660800 0 0 255
0.0827984 0.0132950 0.6657465 0 0 255
0.0843576 0.0132951 0.6657507 0 0 255
0.0859168 0.0132952 0.6657550 0 0 255
0.0875204 0.0133020 0.6660972 0 0 255
0.0889901 0.0132886 0.6654260 0 0 255
0.0905486 0.0132887 0.6654303 0 0 255
0.0921538 0.0132955 0.6657721 0 0 255
0.0937607 0.0133024 0.6661143 0 0 255
0.0954177 0.0133160 0.6667953 0 0 255
0.0969794 0.0133160 0.6667996 0 0 255
0.0985912 0.0133229 0.6671427 0 0 255
0.1001029 0.0133162 0.6668082 0 0 255
0.1017681 0.0133298 0.6674907 0 0 255
0.1033840 0.0133367 0.6678345 0 0 255
0.1049483 0.0133368 0.6678388 0 0 255
0.1066210 0.0133505 0.6685233 0 0 255
0.1082971 0.0133642 0.6692092 0 0 255
0.1099206 0.0133711 0.6695549 0 0 255
0.1114889 0.0133712 0.6695592 0 0 255
0.1131727 0.0133849 0.6702473 0 0 255
0.1164307 0.0133987 0.6709368 0 0 255
0.1196962 0.0134125 0.6716320 0 0 255
0.1213314 0.0134195 0.6719801 0 0 255
0.1230945 0.0134402 0.6730180 0 0 255
0.1247349 0.0134472 0.6733676 0 0 255
0.1264419 0.0134611 0.6740633 0 0 255
0.1280209 0.0134612 0.6740677 0 0 255
0.1298666 0.0134890 0.6754594 0 0 255
0.1318559 0.0135308 0.6775554 0 0 255
0.1338576 0.0135730 0.6796646 0 0 255
0.1354497 0.0135730 0.6796690 0 0 255
0.1367586 0.0135451 0.6782687 0 0 255
0.1383474 0.0135452 0.6782730 0 0 255
0.1406631 0.0136156 0.6818000 0 0 255
0.1434522 0.0137298 0.6875175 0 0 255
0.1476778 0.0138240 0.6922348 0 0 255
0.1496941 0.0138606 0.6940691 0 0 255
0.1538415 0.0140917 0.7056391 0 0 255
0.1601598 0.0143620 0.7191738 0 0 255
0.1624677 0.0144173 0.7219471 0 0 255
0.1643397 0.0144333 0.7227467 0 0 255
0.1661243 0.0144414 0.7231495 0 0 255
0.1678184 0.0144414 0.7231542 0 0 255
0.1696060 0.0144495 0.7235574 0 0 255
0.1713956 0.0144576 0.7239611 0 0 255
0.1729962 0.0144497 0.7235667 0 0 255
0.1746913 0.0144498 0.7235713 0 0 255
0.1763865 0.0144499 0.7235759 0 0 255
0.1780817 0.0144500 0.7235806 0 0 255
0.1796779 0.0144421 0.7231867 0 0 255
0.1809734 0.0144104 0.7216013 0 0 255
0.1826640 0.0144105 0.7216060 0 0 255
0.1841521 0.0143948 0.7208182 0 0 255
0.1858409 0.0143949 0.7208228 0 0 255
0.1874268 0.0143871 0.7204320 0 0 255
0.1889074 0.0143714 0.7196468 0 0 255
0.1904890 0.0143636 0.7192571 0 0 255
0.1921742 0.0143637 0.7192618 0 0 255
0.1939656 0.0143717 0.7196606 0 0 255
0.1954375 0.0143560 0.7188772 0 0 255
0.1973379 0.0143719 0.7196699 0 0 255
0.1988062 0.0143562 0.7188864 0 0 255
0.2004905 0.0143563 0.7188910 0 0 255
0.2021749 0.0143564 0.7188957 0 0 255
0.2037477 0.0143486 0.7185069 0 0 255
0.2053201 0.0143410 0.7181231 0 0 255
0.2068896 0.0143332 0.7177352 0 0 255
0.2086854 0.0143412 0.7181323 0 0 255
0.2102530 0.0143334 0.7177444 0 0 255
0.2119347 0.0143335 0.7177490 0 0 255
0.2134998 0.0143258 0.7173614 0 0 255
0.2151807 0.0143259 0.7173660 0 0 255
0.2166249 0.0143103 0.7165877 0 0 255
0.2181849 0.0143026 0.7162014 0 0 255
0.2197432 0.0142949 0.7158155 0 0 255
0.2211793 0.0142794 0.7150405 0 0 255
0.2227335 0.0142717 0.7146559 0 0 255
0.2244081 0.0142718 0.7146605 0 0 255
0.2257142 0.0142487 0.7135001 0 0 255
0.2275097 0.0142565 0.7138926 0 0 255
0.2288094 0.0142334 0.7127347 0 0 255
0.2304795 0.0142335 0.7127393 0 0 255
0.2317722 0.0142104 0.7115852 0 0 255
0.2334397 0.0142105 0.7115898 0 0 255
0.2349799 0.0142029 0.7112089 0 0 255
0.2362626 0.0141800 0.7100598 0 0 255
0.2377979 0.0141724 0.7096806 0 0 255
0.2394610 0.0141725 0.7096852 0 0 255
0.2408637 0.0141573 0.7089235 0 0 255
0.2422635 0.0141421 0.7081635 0 0 255
0.2437915 0.0141346 0.7077864 0 0 255
0.2453179 0.0141270 0.7074097 0 0 255
0.2471088 0.0141347 0.7077954 0 0 255
0.2484996 0.0141196 0.7070379 0 0 255
0.2500219 0.0141121 0.7066619 0 0 255
0.2514074 0.0140970 0.7059067 0 0 255
0.2527916 0.0140821 0.7051578 0 0 255
0.2544441 0.0140821 0.7051623 0 0 255
0.2559593 0.0140747 0.7047884 0 0 255
0.2573348 0.0140597 0.7040372 0 0 255
0.2589847 0.0140598 0.7040418 0 0 255
0.2604951 0.0140523 0.7036691 0 0 255
0.2620038 0.0140449 0.7032968 0 0 255
0.2636521 0.0140450 0.7033013 0 0 255
0.2650165 0.0140300 0.7025533 0 0 255
0.2666630 0.0140301 0.7025579 0 0 255
0.2678797 0.0140077 0.7014368 0 0 255
0.2695236 0.0140078 0.7014412 0 0 255
0.2716027 0.0140304 0.7025714 0 0 255
0.2726659 0.0140005 0.7010759 0 0 255
0.2751904 0.0140456 0.7033330 0 0 255
0.2766907 0.0140382 0.7029610 0 0 255
0.2770039 0.0139710 0.6995956 0 0 255
0.2770205 0.0138897 0.6955249 0 0 255
0.2782087 0.0138677 0.6944262 0 0 255
0.2841937 0.0140838 0.7052438 0 0 255
0.2967393 0.0145366 0.7279184 0 0 255
0.3041960 0.0147327 0.7377362 0 0 255
0.3113467 0.0149938 0.7508152 0 0 255
0.3186904 0.0151761 0.7599435 0 0 255
-0.0047364 0.0156856 0.7029387 0 0 255
-0.0030677 0.0155690 0.6977097 0 0 255
-0.0014320 0.0155443 0.6966028 0 0 255
0.0001978 0.0154542 0.6925669 0 0 255
0.0018202 0.0154625 0.6929372 0 0 255
0.0050702 0.0154790 0.6936788 0 0 255
0.0066979 0.0154873 0.6940502 0 0 255
0.0083140 0.0154710 0.6933212 0 0 255
0.0099111 0.0154304 0.6914986 0 0 255
0.0115301 0.0154305 0.6915030 0 0 255
0.0131561 0.0154387 0.6918721 0 0 255
0.0147760 0.0154388 0.6918766 0 0 255
0.0163786 0.0154226 0.6911522 0 0 255
0.0179969 0.0154227 0.6911566 0 0 255
0.0196566 0.0154554 0.6926204 0 0 255
0.0212558 0.0154392 0.6918944 0 0 255
0.0228879 0.0154474 0.6922639 0 0 255
0.0244830 0.0154312 0.6915386 0 0 255
0.0261297 0.0154476 0.6922728 0 0 255
0.0276922 0.0154152 0.6908193 0 0 255
0.0292789 0.0153991 0.6900972 0 0 255
0.0309110 0.0154073 0.6904648 0 0 255
0.0325106 0.0153993 0.6901060 0 0 255
0.0340728 0.0153751 0.6890234 0 0 255
0.0356113 0.0153430 0.6875836 0 0 255
0.0372409 0.0153511 0.6879486 0 0 255
0.0388111 0.0153352 0.6872324 0 0 255
0.0403780 0.0153192 0.6865178 0 0 255
0.0418760 0.0152793 0.6847310 0 0 255
0.0434114 0.0152556 0.6836652 0 0 255
0.0449654 0.0152398 0.6829580 0 0 255
0.0464438 0.0152003 0.6811898 0 0 255
0.0479149 0.0151612 0.6794352 0 0 255
0.0494547 0.0151456 0.6787367 0 0 255
0.0509387 0.0151144 0.6773399 0 0 255
0.0524977 0.0151067 0.6769949 0 0 255
0.0539995 0.0150835 0.6759531 0 0 255
0.0555252 0.0150680 0.6752619 0 0 255
0.0571065 0.0150681 0.6752662 0 0 255
0.0585973 0.0150450 0.6742297 0 0 255
0.0601145 0.0150297 0.6735420 0 0 255
0.0615969 0.0150067 0.6725109 0 0 255
0.0631071 0.0149914 0.6718268 0 0 255
0.0646473 0.0149838 0.6714874 0 0 255
0.0661184 0.0149610 0.6704626 0 0 255
0.0675505 0.0149305 0.6690996 0 0 255
0.0690470 0.0149154 0.6684224 0 0 255
0.0705764 0.0149079 0.6680865 0 0 255
0.0721043 0.0149004 0.6677509 0 0 255
0.0735932 0.0148854 0.6670764 0 0 255
0.0751173 0.0148779 0.6667418 0 0 255
0.0766014 0.0148630 0.6660737 0 0 255
0.0781217 0.0148556 0.6657401 0 0 255
0.0796809 0.0148557 0.6657444 0 0 255
0.0811577 0.0148407 0.6650740 0 0 255
0.0826734 0.0148333 0.6647414 0 0 255
0.0842302 0.0148334 0.6647457 0 0 255
0.0858306 0.0148410 0.6650868 0 0 255
0.0873440 0.0148336 0.6647543 0 0 255
0.0889459 0.0148412 0.6650953 0 0 255
0.0904578 0.0148338 0.6647628 0 0 255
0.0920147 0.0148339 0.6647671 0 0 255
0.0936191 0.0148415 0.6651081 0 0 255
0.0952734 0.0148566 0.6657872 0 0 255
0.0969311 0.0148718 0.6664675 0 0 255
0.0984421 0.0148644 0.6661336 0 0 255
0.1000023 0.0148644 0.6661379 0 0 255
0.1016657 0.0148796 0.6668190 0 0 255
0.1032275 0.0148797 0.6668233 0 0 255
0.1048426 0.0148874 0.6671665 0 0 255
0.1064594 0.0148951 0.6675101 0 0 255
0.1081328 0.0149103 0.6681939 0 0 255
0.1096979 0.0149104 0.6681982 0 0 255
0.1113197 0.0149181 0.6685428 0 0 255
0.1130583 0.0149410 0.6695701 0 0 255
0.1146851 0.0149488 0.6699162 0 0 255
0.1163137 0.0149565 0.6702625 0 0 255
0.1179439 0.0149642 0.6706092 0 0 255
0.1195757 0.0149720 0.6709563 0 0 255
0.1228438 0.0149874 0.6716472 0 0 255
0.1246083 0.0150105 0.6726840 0 0 255
0.1264432 0.0150414 0.6740699 0 0 255
0.1280221 0.0150415 0.6740742 0 0 255
0.1298679 0.0150726 0.6754659 0 0 255
0.1316533 0.0150960 0.6765146 0 0 255
0.1335133 0.0151273 0.6779163 0 0 255
0.1351013 0.0151274 0.6779207 0 0 255
0.1365483 0.0151119 0.6772256 0 0 255
0.1379923 0.0150964 0.6765320 0 0 255
0.1397932 0.0151199 0.6775839 0 0 255
0.1417463 0.0151591 0.6793414 0 0 255
0.1429678 0.0151201 0.6775926 0 0 255
0.1449291 0.0151593 0.6793501 0 0 255
0.1468244 0.0151908 0.6807635 0 0 255
0.1488824 0.0152383 0.6828926 0 0 255
0.1507959 0.0152702 0.6843208 0 0 255
0.1584616 0.0157126 0.7041456 0 0 255
0.1659431 0.0161190 0.7223607 0 0 255
0.1679126 0.0161458 0.7235597 0 0 255
0.1696076 0.0161459 0.7235644 0 0 255
0.1713972 0.0161549 0.7239681 0 0 255
0.1729979 0.0161461 0.7235737 0 0 255
0.1746931 0.0161462 0.7235785 0 0 255
0.1762911 0.0161374 0.7231845 0 0 255
0.1779853 0.0161375 0.7231892 0 0 255
0.1795807 0.0161287 0.7227956 0 0 255
0.1810747 0.0161111 0.7220053 0 0 255
0.1826658 0.0161023 0.7216131 0 0 255
0.1841539 0.0160848 0.7208253 0 0 255
0.1857408 0.0160760 0.7204344 0 0 255
0.1872232 0.0160585 0.7196492 0 0 255
0.1889092 0.0160586 0.7196538 0 0 255
0.1903866 0.0160411 0.7188703 0 0 255
0.1920709 0.0160412 0.7188750 0 0 255
0.1936491 0.0160326 0.7184862 0 0 255
0.1952256 0.0160239 0.7180978 0 0 255
0.1969081 0.0160240 0.7181025 0 0 255
0.1984821 0.0160153 0.7177145 0 0 255
0.2002731 0.0160242 0.7181116 0 0 255
0.2017363 0.0160069 0.7173362 0 0 255
0.2034170 0.0160070 0.7173408 0 0 255
0.2049858 0.0159984 0.7169537 0 0 255
0.2066656 0.0159985 0.7169583 0 0 255
0.2082318 0.0159898 0.7165716 0 0 255
0.2099108 0.0159899 0.7165762 0 0 255
0.2114744 0.0159813 0.7161900 0 0 255
0.2130363 0.0159727 0.7158041 0 0 255
0.2147135 0.0159728 0.7158087 0 0 255
0.2162729 0.0159642 0.7154233 0 0 255
0.2177120 0.0159469 0.7146491 0 0 255
0.2192672 0.0159384 0.7142650 0 0 255
0.2208207 0.0159298 0.7138813 0 0 255
0.2222518 0.0159126 0.7131104 0 0 255
0.2236799 0.0158954 0.7123413 0 0 255
0.2252268 0.0158869 0.7119597 0 0 255
0.2267722 0.0158784 0.7115784 0 0 255
0.2281923 0.0158613 0.7108127 0 0 255
0.2298580 0.0158614 0.7108172 0 0 255
0.2311482 0.0158358 0.7096694 0 0 255
0.2329371 0.0158445 0.7100576 0 0 255
0.2342211 0.0158189 0.7089123 0 0 255
0.2357550 0.0158105 0.7085343 0 0 255
0.2371594 0.0157936 0.7077751 0 0 255
0.2388180 0.0157937 0.7077796 0 0 255
0.2403471 0.0157853 0.7074029 0 0 255
0.2418745 0.0157769 0.7070266 0 0 255
0.2432694 0.0157600 0.7062706 0 0 255
0.2447928 0.0157516 0.7058955 0 0 255
0.2461824 0.0157348 0.7051420 0 0 255
0.2475706 0.0157181 0.7043946 0 0 255
0.2490877 0.0157098 0.7040215 0 0 255
0.2507376 0.0157099 0.7040260 0 0 255
0.2522523 0.0157016 0.7036533 0 0 255
0.2537653 0.0156933 0.7032810 0 0 255
0.2551402 0.0156766 0.7025331 0 0 255
0.2566494 0.0156683 0.7021620 0 0 255
0.2581569 0.0156600 0.7017913 0 0 255
0.2595243 0.0156434 0.7010466 0 0 255
0.2611672 0.0156435 0.7010511 0 0 255
0.2626700 0.0156353 0.7006816 0 0 255
0.2641712 0.0156270 0.7003125 0 0 255
0.2655293 0.0156105 0.6995710 0 0 255
0.2668846 0.0155940 0.6988310 0 0 255
0.2685224 0.0155941 0.6988354 0 0 255
0.2701602 0.0155942 0.6988400 0 0 255
0.2713649 0.0155694 0.6977307 0 0 255
0.2732906 0.0155861 0.6984773 0 0 255
0.2750739 0.0155945 0.6988534 0 0 255
0.2756850 0.0155367 0.6962646 0 0 255
0.2765838 0.0154957 0.6944286 0 0 255
0.2777708 0.0154713 0.6933333 0 0 255
0.2798390 0.0154959 0.6944375 0 0 255
0.2828124 0.0155701 0.6977621 0 0 255
0.2850535 0.0156034 0.6992525 0 0 255
0.2866924 0.0156035 0.6992570 0 0 255
0.2886387 0.0156202 0.7000068 0 0 255
0.2926187 0.0157462 0.7056524 0 0 255
0.3119920 0.0165091 0.7398404 0 0 255
-0.0099016 0.0177420 0.7195047 0 0 255
-0.0081946 0.0176936 0.7175416 0 0 255
-0.0062549 0.0169878 0.6889194 0 0 255
-0.0046226 0.0169169 0.6860420 0 0 255
-0.0030054 0.0168553 0.6835444 0 0 255
-0.0014162 0.0169882 0.6889327 0 0 255
0.0001966 0.0169793 0.6885755 0 0 255
0.0018116 0.0170062 0.6896658 0 0 255
0.0034245 0.0169974 0.6893079 0 0 255
0.0050330 0.0169797 0.6885888 0 0 255
0.0066382 0.0169620 0.6878712 0 0 255
0.0082444 0.0169532 0.6875152 0 0 255
0.0098438 0.0169356 0.6867999 0 0 255
0.0114458 0.0169268 0.6864450 0 0 255
0.0130530 0.0169269 0.6864494 0 0 255
0.0146602 0.0169270 0.6864538 0 0 255
0.0162844 0.0169449 0.6871773 0 0 255
0.0178840 0.0169361 0.6868219 0 0 255
0.0195433 0.0169807 0.6886286 0 0 255
0.0211445 0.0169719 0.6882719 0 0 255
0.0227800 0.0169898 0.6889991 0 0 255
0.0243804 0.0169810 0.6886419 0 0 255
0.0260065 0.0169900 0.6890079 0 0 255
0.0275763 0.0169634 0.6879287 0 0 255
0.0292024 0.0169724 0.6882940 0 0 255
0.0308140 0.0169725 0.6882984 0 0 255
0.0324257 0.0169726 0.6883029 0 0 255
0.0339839 0.0169461 0.6872259 0 0 255
0.0355744 0.0169373 0.6868705 0 0 255
0.0371245 0.0169109 0.6857980 0 0 255
0.0386899 0.0168933 0.6850864 0 0 255
0.0402310 0.0168670 0.6840194 0 0 255
0.0417674 0.0168408 0.6829560 0 0 255
0.0432541 0.0167972 0.6811878 0 0 255
0.0447334 0.0167539 0.6794332 0 0 255
0.0462764 0.0167367 0.6787347 0 0 255
0.0478163 0.0167195 0.6780378 0 0 255
0.0493531 0.0167023 0.6773422 0 0 255
0.0508867 0.0166852 0.6766481 0 0 255
0.0524441 0.0166767 0.6763037 0 0 255
0.0539167 0.0166425 0.6749169 0 0 255
0.0554401 0.0166255 0.6742277 0 0 255
0.0569605 0.0166086 0.6735399 0 0 255
0.0584777 0.0165917 0.6728537 0 0 255
0.0600226 0.0165833 0.6725132 0 0 255
0.0615030 0.0165579 0.6714853 0 0 255
0.0630110 0.0165411 0.6708032 0 0 255
0.0645489 0.0165328 0.6704648 0 0 255
0.0660178 0.0165076 0.6694431 0 0 255
0.0674823 0.0164825 0.6684247 0 0 255
0.0690125 0.0164742 0.6680887 0 0 255
0.0705412 0.0164659 0.6677531 0 0 255
0.0720317 0.0164493 0.6670786 0 0 255
0.0734819 0.0164243 0.6660674 0 0 255
0.0750042 0.0164162 0.6657380 0 0 255
0.0765245 0.0164080 0.6654048 0 0 255
0.0780038 0.0163915 0.6647351 0 0 255
0.0796009 0.0163999 0.6650762 0 0 255
0.0811174 0.0163917 0.6647437 0 0 255
0.0826324 0.0163835 0.6644114 0 0 255
0.0841458 0.0163753 0.6640796 0 0 255
0.0857011 0.0163754 0.6640839 0 0 255
0.0872564 0.0163755 0.6640881 0 0 255
0.0888118 0.0163756 0.6640924 0 0 255
0.0903215 0.0163675 0.6637610 0 0 255
0.0919691 0.0163841 0.6644372 0 0 255
0.0935726 0.0163925 0.6647779 0 0 255
0.0951778 0.0164009 0.6651190 0 0 255
0.0967356 0.0164010 0.6651233 0 0 255
0.0983432 0.0164095 0.6654648 0 0 255
0.0999525 0.0164179 0.6658066 0 0 255
0.1015635 0.0164263 0.6661488 0 0 255
0.1031237 0.0164264 0.6661531 0 0 255
0.1046840 0.0164265 0.6661573 0 0 255
0.1063522 0.0164433 0.6668384 0 0 255
0.1079690 0.0164518 0.6671816 0 0 255
0.1095874 0.0164603 0.6675252 0 0 255
0.1112075 0.0164688 0.6678691 0 0 255
0.1129442 0.0164940 0.6688943 0 0 255
0.1146863 0.0165194 0.6699227 0 0 255
0.1161961 0.0165111 0.6695852 0 0 255
0.1177645 0.0165112 0.6695895 0 0 255
0.1193938 0.0165197 0.6699356 0 0 255
0.1211486 0.0165452 0.6709672 0 0 255
0.1244820 0.0165707 0.6720018 0 0 255
0.1261853 0.0165878 0.6726949 0 0 255
0.1278920 0.0166049 0.6733893 0 0 255
0.1295359 0.0166135 0.6737392 0 0 255
0.1315190 0.0166649 0.6758246 0 0 255
0.1332393 0.0166822 0.6765255 0 0 255
0.1347546 0.0166737 0.6761814 0 0 255
0.1362684 0.0166652 0.6758376 0 0 255
0.1377806 0.0166568 0.6754943 0 0 255
0.1395784 0.0166826 0.6765429 0 0 255
0.1410906 0.0166742 0.6761988 0 0 255
0.1425278 0.0166571 0.6755073 0 0 255
0.1442587 0.0166744 0.6762075 0 0 255
0.1464462 0.0167435 0.6790097 0 0 255
0.1481901 0.0167609 0.6797172 0 0 255
0.1488576 0.0166575 0.6755247 0 0 255
0.1502855 0.0166405 0.6748346 0 0 255
0.1588348 0.0172250 0.6985369 0 0 255
0.1676370 0.0178127 0.7223725 0 0 255
0.1691432 0.0177933 0.7215830 0 0 255
0.1708337 0.0177934 0.7215877 0 0 255
0.1726190 0.0178033 0.7219892 0 0 255
0.1745985 0.0178328 0.7231870 0 0 255
0.1762928 0.0178329 0.7231916 0 0 255
0.1779871 0.0178330 0.7231963 0 0 255
0.1794836 0.0178135 0.7224050 0 0 255
0.1810765 0.0178039 0.7220123 0 0 255
0.1824670 0.0177746 0.7208277 0 0 255
0.1840547 0.0177650 0.7204368 0 0 255
0.1857426 0.0177651 0.7204414 0 0 255
0.1872250 0.0177458 0.7196562 0 0 255
0.1886009 0.0177167 0.7184793 0 0 255
0.1903885 0.0177266 0.7188774 0 0 255
0.1919676 0.0177170 0.7184886 0 0 255
0.1933336 0.0176880 0.7173155 0 0 255
0.1950142 0.0176881 0.7173201 0 0 255
0.1965887 0.0176787 0.7169377 0 0 255
0.1983768 0.0176885 0.7173339 0 0 255
0.1997302 0.0176597 0.7161648 0 0 255
0.2015181 0.0176694 0.7165602 0 0 255
0.2029754 0.0176503 0.7157835 0 0 255
0.2047641 0.0176600 0.7161785 0 0 255
0.2063297 0.0176505 0.7157927 0 0 255
0.2077803 0.0176314 0.7150177 0 0 255
0.2095698 0.0176411 0.7154120 0 0 255
0.2111310 0.0176316 0.7150269 0 0 255
0.2128064 0.0176317 0.7150315 0 0 255
0.2142484 0.0176126 0.7142582 0 0 255
0.2158047 0.0176032 0.7138746 0 0 255
0.2172412 0.0175842 0.7131037 0 0 255
0.2189121 0.0175843 0.7131083 0 0 255
0.2204633 0.0175749 0.7127258 0 0 255
0.2218925 0.0175559 0.7119575 0 0 255
0.2231977 0.0175275 0.7108059 0 0 255
0.2248633 0.0175276 0.7108105 0 0 255
0.2262840 0.0175088 0.7100464 0 0 255
0.2279478 0.0175089 0.7100509 0 0 255
0.2293636 0.0174901 0.7092884 0 0 255
0.2307764 0.0174713 0.7085276 0 0 255
0.2321861 0.0174526 0.7077683 0 0 255
0.2338446 0.0174527 0.7077729 0 0 255
0.2352496 0.0174340 0.7070153 0 0 255
0.2369064 0.0174342 0.7070199 0 0 255
0.2383066 0.0174155 0.7062639 0 0 255
0.2397038 0.0173969 0.7055095 0 0 255
0.2410980 0.0173784 0.7047569 0 0 255
0.2424909 0.0173599 0.7040102 0 0 255
0.2440098 0.0173508 0.7036376 0 0 255
0.2455272 0.0173416 0.7032653 0 0 255
0.2469109 0.0173231 0.7025174 0 0 255
0.2484243 0.0173140 0.7021464 0 0 255
0.2498027 0.0172956 0.7014009 0 0 255
0.2514464 0.0172957 0.7014053 0 0 255
0.2529550 0.0172866 0.7010354 0 0 255
0.2543264 0.0172683 0.7002923 0 0 255
0.2556949 0.0172500 0.6995508 0 0 255
0.2571974 0.0172409 0.6991829 0 0 255
0.2588359 0.0172410 0.6991873 0 0 255
0.2600592 0.0172136 0.6980770 0 0 255
0.2615562 0.0172046 0.6977106 0 0 255
0.2629121 0.0171865 0.6969746 0 0 255
0.2644052 0.0171775 0.6966094 0 0 255
0.2657560 0.0171594 0.6958758 0 0 255
0.2669625 0.0171322 0.6947759 0 0 255
0.2685908 0.0171324 0.6947803 0 0 255
0.2697911 0.0171053 0.6936840 0 0 255
0.2717039 0.0171235 0.6944219 0 0 255
0.2731870 0.0171146 0.6940595 0 0 255
0.2749590 0.0171237 0.6944309 0 0 255
0.2757119 0.0170697 0.6922394 0 0 255
0.2770424 0.0170518 0.6915150 0 0 255
0.2792512 0.0170879 0.6929787 0 0 255
0.2805793 0.0170700 0.6922528 0 0 255
0.2819047 0.0170522 0.6915283 0 0 255
0.2835256 0.0170523 0.6915327 0 0 255
0.2858990 0.0170974 0.6933624 0 0 255
0.2858661 0.0169989 0.6893684 0 0 255
0.2862800 0.0169279 0.6864907 0 0 255
0.2889461 0.0169902 0.6890157 0 0 255
0.2971622 0.0172804 0.7007831 0 0 255
-0.0133511 0.0195466 0.7238695 0 0 255
-0.0116436 0.0195252 0.7230762 0 0 255
-0.0099234 0.0194717 0.7210937 0 0 255
-0.0077739 0.0183809 0.6807009 0 0 255
-0.0062158 0.0184865 0.6846123 0 0 255
-0.0046106 0.0184770 0.6842597 0 0 255
-0.0029992 0.0184195 0.6821296 0 0 255
-0.0014118 0.0185450 0.6867757 0 0 255
0.0001956 0.0184967 0.6849874 0 0 255
0.0017984 0.0184871 0.6846343 0 0 255
0.0034030 0.0184969 0.6849961 0 0 255
0.0050068 0.0184970 0.6850005 0 0 255
0.0066037 0.0184779 0.6842905 0 0 255
0.0081972 0.0184587 0.6835819 0 0 255
0.0098028 0.0184685 0.6839426 0 0 255
0.0113922 0.0184493 0.6832348 0 0 255
0.0130055 0.0184687 0.6839514 0 0 255
0.0146068 0.0184688 0.6839558 0 0 255
0.0162167 0.0184786 0.6843169 0 0 255
0.0178189 0.0184787 0.6843213 0 0 255
0.0194313 0.0184884 0.6846828 0 0 255
0.0210564 0.0185079 0.6854025 0 0 255
0.0226849 0.0185274 0.6861236 0 0 255
0.0242787 0.0185178 0.6857695 0 0 255
0.0258844 0.0185179 0.6857739 0 0 255
0.0274758 0.0185084 0.6854201 0 0 255
0.0290806 0.0185085 0.6854246 0 0 255
0.0307337 0.0185376 0.6865048 0 0 255
0.0323412 0.0185378 0.6865092 0 0 255
0.0338778 0.0184992 0.6850799 0 0 255
0.0354634 0.0184896 0.6847269 0 0 255
0.0369895 0.0184512 0.6833051 0 0 255
0.0385694 0.0184418 0.6829539 0 0 255
0.0401060 0.0184131 0.6818936 0 0 255
0.0415303 0.0183371 0.6790795 0 0 255
0.0431205 0.0183373 0.6790839 0 0 255
0.0446413 0.0183090 0.6780356 0 0 255
0.0461813 0.0182902 0.6773401 0 0 255
0.0477428 0.0182809 0.6769950 0 0 255
0.0492772 0.0182621 0.6763016 0 0 255
0.0508086 0.0182434 0.6756096 0 0 255
0.0523099 0.0182154 0.6745722 0 0 255
0.0538618 0.0182062 0.6742299 0 0 255
0.0553838 0.0181876 0.6735422 0 0 255
0.0569026 0.0181691 0.6728560 0 0 255
0.0583885 0.0181413 0.6718270 0 0 255
0.0599311 0.0181321 0.6714876 0 0 255
0.0614093 0.0181045 0.6704627 0 0 255
0.0629473 0.0180953 0.6701247 0 0 255
0.0644179 0.0180678 0.6691041 0 0 255
0.0659512 0.0180587 0.6687675 0 0 255
0.0674143 0.0180312 0.6677511 0 0 255
0.0689430 0.0180222 0.6674158 0 0 255
0.0704344 0.0180040 0.6667420 0 0 255
0.0718867 0.0179768 0.6657360 0 0 255
0.0734086 0.0179678 0.6654028 0 0 255
0.0748910 0.0179497 0.6647331 0 0 255
0.0764477 0.0179499 0.6647373 0 0 255
0.0780441 0.0179591 0.6650784 0 0 255
0.0795211 0.0179410 0.6644095 0 0 255
0.0809951 0.0179230 0.6637418 0 0 255
0.0825496 0.0179231 0.6637461 0 0 255
0.0841041 0.0179232 0.6637504 0 0 255
0.0857020 0.0179324 0.6640905 0 0 255
0.0871251 0.0179053 0.6630883 0 0 255
0.0887677 0.0179236 0.6637632 0 0 255
0.0902311 0.0179056 0.6630968 0 0 255
0.0919234 0.0179329 0.6641075 0 0 255
0.0934788 0.0179330 0.6641118 0 0 255
0.0950824 0.0179422 0.6644522 0 0 255
0.0966386 0.0179423 0.6644564 0 0 255
0.0981948 0.0179424 0.6644607 0 0 255
0.0998522 0.0179607 0.6651383 0 0 255
0.1014615 0.0179699 0.6654798 0 0 255
0.1030724 0.0179791 0.6658217 0 0 255
0.1045789 0.0179701 0.6654884 0 0 255
0.1062453 0.0179885 0.6661681 0 0 255
0.1079152 0.0180069 0.6668492 0 0 255
0.1094771 0.0180070 0.6668535 0 0 255
0.1110955 0.0180163 0.6671967 0 0 255
0.1127729 0.0180347 0.6678799 0 0 255
0.1144537 0.0180532 0.6685644 0 0 255
0.1160789 0.0180625 0.6689094 0 0 255
0.1178258 0.0180903 0.6699378 0 0 255
0.1193341 0.0180812 0.6696004 0 0 255
0.1210260 0.0180998 0.6702885 0 0 255
0.1227842 0.0181276 0.6713211 0 0 255
0.1261218 0.0181556 0.6723569 0 0 255
0.1278933 0.0181837 0.6733959 0 0 255
0.1296037 0.0182025 0.6740918 0 0 255
0.1313851 0.0182307 0.6751361 0 0 255
0.1330350 0.0182402 0.6754878 0 0 255
0.1345481 0.0182309 0.6751448 0 0 255
0.1360596 0.0182216 0.6748022 0 0 255
0.1377111 0.0182311 0.6751536 0 0 255
0.1393644 0.0182406 0.6755053 0 0 255
0.1408019 0.0182220 0.6748152 0 0 255
0.1422365 0.0182034 0.6741265 0 0 255
0.1438156 0.0182035 0.6741308 0 0 255
0.1458442 0.0182599 0.6762185 0 0 255
0.1468996 0.0181945 0.6737978 0 0 255
0.1484019 0.0181853 0.6734566 0 0 255
0.1520241 0.0182416 0.6755400 0 0 255
0.1633409 0.0192000 0.7110332 0 0 255
0.1691448 0.0194851 0.7215900 0 0 255
0.1710233 0.0195066 0.7223888 0 0 255
0.1726207 0.0194960 0.7219962 0 0 255
0.1743122 0.0194961 0.7220008 0 0 255
0.1761005 0.0195070 0.7224027 0 0 255
0.1778908 0.0195179 0.7228051 0 0 255
0.1792881 0.0194858 0.7216179 0 0 255
0.1810782 0.0194966 0.7220194 0 0 255
0.1824688 0.0194647 0.7208347 0 0 255
0.1840565 0.0194541 0.7204438 0 0 255
0.1855408 0.0194329 0.7196586 0 0 255
0.1872268 0.0194330 0.7196633 0 0 255
0.1887060 0.0194119 0.7188798 0 0 255
0.1901820 0.0193908 0.7180980 0 0 255
0.1919695 0.0194015 0.7184956 0 0 255
0.1933354 0.0193698 0.7173225 0 0 255
0.1948045 0.0193489 0.7165487 0 0 255
0.1964834 0.0193491 0.7165534 0 0 255
0.1980541 0.0193386 0.7161672 0 0 255
0.1996232 0.0193282 0.7157813 0 0 255
0.2013003 0.0193283 0.7157859 0 0 255
0.2029774 0.0193285 0.7157905 0 0 255
0.2044317 0.0193075 0.7150156 0 0 255
0.2062193 0.0193182 0.7154098 0 0 255
0.2076692 0.0192973 0.7146356 0 0 255
0.2092298 0.0192869 0.7142515 0 0 255
0.2109034 0.0192870 0.7142560 0 0 255
0.2122306 0.0192557 0.7130969 0 0 255
0.2137854 0.0192454 0.7127144 0 0 255
0.2154554 0.0192455 0.7127190 0 0 255
0.2168899 0.0192248 0.7119507 0 0 255
0.2186767 0.0192353 0.7123415 0 0 255
0.2199879 0.0192042 0.7111887 0 0 255
0.2215343 0.0191939 0.7108083 0 0 255
0.2230792 0.0191837 0.7104283 0 0 255
0.2243797 0.0191527 0.7092816 0 0 255
0.2259197 0.0191425 0.7089033 0 0 255
0.2272128 0.0191116 0.7077616 0 0 255
0.2288713 0.0191118 0.7077662 0 0 255
0.2301577 0.0190810 0.7066281 0 0 255
0.2316889 0.0190709 0.7062526 0 0 255
0.2334694 0.0190813 0.7066372 0 0 255
0.2347463 0.0190507 0.7055029 0 0 255
0.2362727 0.0190405 0.7051286 0 0 255
0.2377973 0.0190304 0.7047547 0 0 255
0.2390640 0.0190000 0.7036264 0 0 255
0.2405855 0.0189901 0.7032586 0 0 255
0.2418450 0.0189597 0.7021351 0 0 255
0.2432303 0.0189396 0.7013897 0 0 255
0.2448740 0.0189397 0.7013942 0 0 255
0.2463861 0.0189297 0.7010243 0 0 255
0.2476323 0.0188996 0.6999080 0 0 255
0.2492726 0.0188997 0.6999125 0 0 255
0.2507792 0.0188898 0.6995442 0 0 255
0.2522842 0.0188798 0.6991762 0 0 255
0.2536527 0.0188599 0.6984372 0 0 255
0.2550183 0.0188399 0.6976995 0 0 255
0.2565171 0.0188301 0.6973336 0 0 255
0.2578775 0.0188102 0.6965984 0 0 255
0.2593725 0.0188004 0.6962336 0 0 255
0.2608659 0.0187905 0.6958692 0 0 255
0.2620802 0.0187608 0.6947693 0 0 255
0.2637085 0.0187609 0.6947737 0 0 255
0.2649164 0.0187313 0.6936774 0 0 255
0.2664014 0.0187216 0.6933157 0 0 255
0.2676026 0.0186921 0.6922239 0 0 255
0.2690831 0.0186824 0.6918638 0 0 255
0.2705621 0.0186726 0.6915039 0 0 255
0.2720397 0.0186629 0.6911446 0 0 255
0.2735156 0.0186532 0.6907855 0 0 255
0.2747029 0.0186241 0.6897061 0 0 255
0.2758849 0.0185949 0.6886259 0 0 255
0.2770631 0.0185658 0.6875489 0 0 255
0.2785288 0.0185563 0.6871936 0 0 255
0.2802861 0.0185661 0.6875577 0 0 255
0.2818976 0.0185662 0.6875621 0 0 255
0.2826216 0.0185082 0.6854140 0 0 255
0.2830465 0.0184314 0.6825691 0 0 255
0.2843509 0.0184124 0.6818649 0 0 255
0.2862463 0.0184316 0.6825778 0 0 255
0.2866546 0.0183554 0.6797565 0 0 255
0.2880988 0.0183461 0.6794093 0 0 255
-0.0167220 0.0212201 0.7230693 0 0 255
-0.0150542 0.0212554 0.7242716 0 0 255
-0.0133881 0.0213025 0.7258792 0 0 255
-0.0116437 0.0212205 0.7230833 0 0 255
-0.0099399 0.0211973 0.7222916 0 0 255
-0.0078309 0.0201230 0.6856880 0 0 255
-0.0062353 0.0201548 0.6867691 0 0 255
-0.0045891 0.0199875 0.6810697 0 0 255
-0.0029915 0.0199669 0.6803677 0 0 255
-0.0014037 0.0200398 0.6828507 0 0 255
0.0001949 0.0200295 0.6824999 0 0 255
0.0017919 0.0200192 0.6821494 0 0 255
0.0033907 0.0200297 0.6825086 0 0 255
0.0049808 0.0199987 0.6814497 0 0 255
0.0065729 0.0199884 0.6811003 0 0 255
0.0081633 0.0199782 0.6807513 0 0 255
0.0097521 0.0199679 0.6804027 0 0 255
0.0113510 0.0199784 0.6807601 0 0 255
0.0129449 0.0199786 0.6807644 0 0 255
0.0145539 0.0199994 0.6814759 0 0 255
0.0161662 0.0200204 0.6821889 0 0 255
0.0177820 0.0200413 0.6829035 0 0 255
0.0193809 0.0200415 0.6829079 0 0 255
0.0210017 0.0200625 0.6836238 0 0 255
0.0226260 0.0200835 0.6843413 0 0 255
0.0242157 0.0200732 0.6839889 0 0 255
0.0258172 0.0200733 0.6839933 0 0 255
0.0274187 0.0200734 0.6839978 0 0 255
0.0290203 0.0200736 0.6840021 0 0 255
0.0306379 0.0200842 0.6843632 0 0 255
0.0322235 0.0200738 0.6840109 0 0 255
0.0338251 0.0200740 0.6840153 0 0 255
0.0353899 0.0200532 0.6833073 0 0 255
0.0368938 0.0200012 0.6815374 0 0 255
0.0384697 0.0199910 0.6811880 0 0 255
0.0399406 0.0199292 0.6790818 0 0 255
0.0414664 0.0198984 0.6780335 0 0 255
0.0430318 0.0198883 0.6776878 0 0 255
0.0445497 0.0198576 0.6766438 0 0 255
0.0461104 0.0198475 0.6762995 0 0 255
0.0476204 0.0198170 0.6752599 0 0 255
0.0492017 0.0198171 0.6752643 0 0 255
0.0507307 0.0197969 0.6745744 0 0 255
0.0522566 0.0197767 0.6738859 0 0 255
0.0537519 0.0197464 0.6728539 0 0 255
0.0552992 0.0197364 0.6725134 0 0 255
0.0568158 0.0197163 0.6718292 0 0 255
0.0583294 0.0196963 0.6711464 0 0 255
0.0598093 0.0196662 0.6701226 0 0 255
0.0613472 0.0196563 0.6697850 0 0 255
0.0628196 0.0196264 0.6687654 0 0 255
0.0643202 0.0196066 0.6680889 0 0 255
0.0658512 0.0195967 0.6677533 0 0 255
0.0673464 0.0195769 0.6670788 0 0 255
0.0688387 0.0195572 0.6664057 0 0 255
0.0702571 0.0195178 0.6650636 0 0 255
0.0717782 0.0195080 0.6647311 0 0 255
0.0733721 0.0195180 0.6650721 0 0 255
0.0748917 0.0195083 0.6647396 0 0 255
0.0763712 0.0194887 0.6640713 0 0 255
0.0778870 0.0194789 0.6637397 0 0 255
0.0794414 0.0194790 0.6637440 0 0 255
0.0809959 0.0194792 0.6637483 0 0 255
0.0824670 0.0194596 0.6630819 0 0 255
0.0840200 0.0194597 0.6630862 0 0 255
0.0855729 0.0194599 0.6630905 0 0 255
0.0870819 0.0194502 0.6627599 0 0 255
0.0886789 0.0194601 0.6630990 0 0 255
0.0901864 0.0194504 0.6627684 0 0 255
0.0917850 0.0194604 0.6631075 0 0 255
0.0933381 0.0194605 0.6631117 0 0 255
0.0949871 0.0194803 0.6637867 0 0 255
0.0965418 0.0194804 0.6637909 0 0 255
0.0981461 0.0194904 0.6641310 0 0 255
0.0997016 0.0194905 0.6641353 0 0 255
0.1013597 0.0195104 0.6648123 0 0 255
0.1029690 0.0195204 0.6651534 0 0 255
0.1045269 0.0195205 0.6651577 0 0 255
0.1061925 0.0195405 0.6658368 0 0 255
0.1077520 0.0195406 0.6658410 0 0 255
0.1093671 0.0195506 0.6661832 0 0 255
0.1110402 0.0195706 0.6668643 0 0 255
0.1127167 0.0195907 0.6675468 0 0 255
0.1143966 0.0196107 0.6682307 0 0 255
0.1159618 0.0196108 0.6682350 0 0 255
0.1175271 0.0196110 0.6682393 0 0 255
0.1192744 0.0196411 0.6692656 0 0 255
0.1209654 0.0196613 0.6699530 0 0 255
0.1226599 0.0196815 0.6706418 0 0 255
0.1244215 0.0197118 0.6716756 0 0 255
0.1278290 0.0197524 0.6730573 0 0 255
0.1294720 0.0197626 0.6734069 0 0 255
0.1311840 0.0197830 0.6741027 0 0 255
0.1329679 0.0198137 0.6751471 0 0 255
0.1344802 0.0198036 0.6748044 0 0 255
0.1360610 0.0198038 0.6748087 0 0 255
0.1376417 0.0198039 0.6748131 0 0 255
0.1391509 0.0197938 0.6744707 0 0 255
0.1405865 0.0197737 0.6737828 0 0 255
0.1420200 0.0197536 0.6731006 0 0 255
0.1438180 0.0197842 0.6741417 0 0 255
0.1466001 0.0197338 0.6724240 0 0 255
0.1482512 0.0197440 0.6727729 0 0 255
0.1500580 0.0197745 0.6738130 0 0 255
0.1537664 0.0198460 0.6762468 0 0 255
0.1551908 0.0198257 0.6755553 0 0 255
0.1640092 0.0205337 0.6996809 0 0 255
0.1721490 0.0211307 0.7200233 0 0 255
0.1743139 0.0211889 0.7220079 0 0 255
0.1761022 0.0212007 0.7224098 0 0 255
0.1778926 0.0212125 0.7228121 0 0 255
0.1790929 0.0211544 0.7208325 0 0 255
0.1806825 0.0211430 0.7204416 0 0 255
0.1822704 0.0211315 0.7200511 0 0 255
0.1838565 0.0211201 0.7196610 0 0 255
0.1854409 0.0211086 0.7192714 0 0 255
0.1870236 0.0210972 0.7188821 0 0 255
0.1885014 0.0210743 0.7181004 0 0 255
0.1901839 0.0210744 0.7181050 0 0 255
0.1917615 0.0210630 0.7177171 0 0 255
0.1929170 0.0210059 0.7157699 0 0 255
0.1945940 0.0210060 0.7157746 0 0 255
0.1961641 0.0209947 0.7153892 0 0 255
0.1977325 0.0209834 0.7150042 0 0 255
0.1994078 0.0209835 0.7150088 0 0 255
0.2009736 0.0209722 0.7146242 0 0 255
0.2025378 0.0209610 0.7142401 0 0 255
0.2042112 0.0209611 0.7142447 0 0 255
0.2057728 0.0209498 0.7138610 0 0 255
0.2074455 0.0209500 0.7138656 0 0 255
0.2091181 0.0209501 0.7138701 0 0 255
0.2104475 0.0209161 0.7127122 0 0 255
0.2121175 0.0209163 0.7127168 0 0 255
0.2135556 0.0208937 0.7119485 0 0 255
0.2151072 0.0208825 0.7115673 0 0 255
0.2167745 0.0208827 0.7115719 0 0 255
0.2182054 0.0208602 0.7108061 0 0 255
0.2196331 0.0208378 0.7100419 0 0 255
0.2210579 0.0208154 0.7092795 0 0 255
0.2225996 0.0208043 0.7089011 0 0 255
0.2240189 0.0207820 0.7081411 0 0 255
0.2255566 0.0207709 0.7077640 0 0 255
0.2269704 0.0207487 0.7070064 0 0 255
0.2282584 0.0207154 0.7058708 0 0 255
0.2297890 0.0207044 0.7054961 0 0 255
0.2313179 0.0206934 0.7051219 0 0 255
0.2328452 0.0206824 0.7047480 0 0 255
0.2343709 0.0206714 0.7043745 0 0 255
0.2357686 0.0206494 0.7036242 0 0 255
0.2370379 0.0206165 0.7025040 0 0 255
0.2384291 0.0205946 0.7017578 0 0 255
0.2399454 0.0205838 0.7013875 0 0 255
0.2413312 0.0205620 0.7006437 0 0 255
0.2428436 0.0205511 0.7002746 0 0 255
0.2443544 0.0205403 0.6999059 0 0 255
0.2454713 0.0204967 0.6984215 0 0 255
0.2469767 0.0204860 0.6980548 0 0 255
0.2486126 0.0204861 0.6980593 0 0 255
0.2499827 0.0204645 0.6973225 0 0 255
0.2514834 0.0204538 0.6969569 0 0 255
0.2528484 0.0204322 0.6962225 0 0 255
0.2542105 0.0204107 0.6954896 0 0 255
0.2557050 0.0204000 0.6951259 0 0 255
0.2569261 0.0203678 0.6940284 0 0 255
0.2584161 0.0203572 0.6936664 0 0 255
0.2600418 0.0203573 0.6936708 0 0 255
0.2612536 0.0203252 0.6925779 0 0 255
0.2627382 0.0203147 0.6922174 0 0 255
0.2642213 0.0203041 0.6918572 0 0 255
0.2657028 0.0202935 0.6914974 0 0 255
0.2670422 0.0202723 0.6907744 0 0 255
0.2683789 0.0202511 0.6900530 0 0 255
0.2695731 0.0202195 0.6889760 0 0 255
0.2710457 0.0202091 0.6886193 0 0 255
0.2725168 0.0201986 0.6882629 0 0 255
0.2736996 0.0201670 0.6871871 0 0 255
0.2750225 0.0201461 0.6864732 0 0 255
0.2763426 0.0201252 0.6857608 0 0 255
0.2773706 0.0200834 0.6843361 0 0 255
0.2789746 0.0200835 0.6843405 0 0 255
0.2808712 0.0201046 0.6850588 0 0 255
0.2815958 0.0200420 0.6829262 0 0 255
0.2824622 0.0199902 0.6811600 0 0 255
0.2837645 0.0199696 0.6804586 0 0 255
0.2853594 0.0199697 0.6804630 0 0 255
0.2866574 0.0199492 0.6797631 0 0 255
0.2882507 0.0199493 0.6797676 0 0 255
0.2896942 0.0199391 0.6794204 0 0 255
-0.0217285 0.0228394 0.7206792 0 0 255
-0.0200414 0.0228396 0.7206838 0 0 255
-0.0184760 0.0229913 0.7254709 0 0 255
-0.0167591 0.0229660 0.7246740 0 0 255
-0.0150294 0.0229155 0.7230810 0 0 255
-0.0132927 0.0228401 0.7207023 0 0 255
-0.0116374 0.0229032 0.7226920 0 0 255
-0.0094362 0.0217306 0.6856903 0 0 255
-0.0077499 0.0215059 0.6786018 0 0 255
-0.0061549 0.0214838 0.6779050 0 0 255
-0.0045772 0.0215285 0.6793132 0 0 255
-0.0029899 0.0215509 0.6800217 0 0 255
-0.0013979 0.0215511 0.6800261 0 0 255
0.0001939 0.0215177 0.6789748 0 0 255
0.0017808 0.0214845 0.6779267 0 0 255
0.0033662 0.0214736 0.6775810 0 0 255
0.0049526 0.0214737 0.6775854 0 0 255
0.0065458 0.0214961 0.6782904 0 0 255
0.0081254 0.0214740 0.6775942 0 0 255
0.0097119 0.0214741 0.6775985 0 0 255
0.0112983 0.0214743 0.6776029 0 0 255
0.0128982 0.0214966 0.6783078 0 0 255
0.0144713 0.0214745 0.6776116 0 0 255
0.0160911 0.0215191 0.6790186 0 0 255
0.0176901 0.0215304 0.6793745 0 0 255
0.0193308 0.0215864 0.6811421 0 0 255
0.0209365 0.0215978 0.6815002 0 0 255
0.0225556 0.0216204 0.6822132 0 0 255
0.0241279 0.0215981 0.6815090 0 0 255
0.0257370 0.0216094 0.6818675 0 0 255
0.0273051 0.0215871 0.6811640 0 0 255
0.0289151 0.0215985 0.6815221 0 0 255
0.0305267 0.0216098 0.6818807 0 0 255
0.0321568 0.0216325 0.6825944 0 0 255
0.0337025 0.0215989 0.6815352 0 0 255
0.0352434 0.0215654 0.6804794 0 0 255
0.0367608 0.0215211 0.6790797 0 0 255
0.0383112 0.0214990 0.6783819 0 0 255
0.0398379 0.0214658 0.6773359 0 0 255
0.0413599 0.0214328 0.6762931 0 0 255
0.0429214 0.0214219 0.6759490 0 0 255
0.0444813 0.0214110 0.6756054 0 0 255
0.0460634 0.0214111 0.6756098 0 0 255
0.0475964 0.0213892 0.6749192 0 0 255
0.0491516 0.0213784 0.6745766 0 0 255
0.0506531 0.0213456 0.6735424 0 0 255
0.0522035 0.0213348 0.6732013 0 0 255
0.0536974 0.0213021 0.6721712 0 0 255
0.0552148 0.0212805 0.6714877 0 0 255
0.0567292 0.0212588 0.6708056 0 0 255
0.0582406 0.0212373 0.6701249 0 0 255
0.0597793 0.0212266 0.6697873 0 0 255
0.0612853 0.0212051 0.6691086 0 0 255
0.0627562 0.0211728 0.6680912 0 0 255
0.0642554 0.0211514 0.6674160 0 0 255
0.0657849 0.0211408 0.6670811 0 0 255
0.0672446 0.0211088 0.6660698 0 0 255
0.0687351 0.0210876 0.6654030 0 0 255
0.0702222 0.0210664 0.6647333 0 0 255
0.0717426 0.0210559 0.6644011 0 0 255
0.0732615 0.0210454 0.6640692 0 0 255
0.0748546 0.0210561 0.6644096 0 0 255
0.0763333 0.0210350 0.6637419 0 0 255
0.0778484 0.0210245 0.6634107 0 0 255
0.0794021 0.0210246 0.6634150 0 0 255
0.0809149 0.0210141 0.6630841 0 0 255
0.0824262 0.0210037 0.6627536 0 0 255
0.0838936 0.0209826 0.6620892 0 0 255
0.0855305 0.0210039 0.6627621 0 0 255
0.0870388 0.0209935 0.6624319 0 0 255
0.0885903 0.0209936 0.6624362 0 0 255
0.0901418 0.0209937 0.6624404 0 0 255
0.0916933 0.0209939 0.6624447 0 0 255
0.0932918 0.0210046 0.6627834 0 0 255
0.0948442 0.0210047 0.6627877 0 0 255
0.0964939 0.0210261 0.6634619 0 0 255
0.0980479 0.0210262 0.6634662 0 0 255
0.0997026 0.0210477 0.6641418 0 0 255
0.1012582 0.0210478 0.6641461 0 0 255
0.1028657 0.0210586 0.6644865 0 0 255
0.1044221 0.0210587 0.6644908 0 0 255
0.1060322 0.0210695 0.6648315 0 0 255
0.1076985 0.0210910 0.6655099 0 0 255
0.1093127 0.0211019 0.6658519 0 0 255
0.1109286 0.0211127 0.6661940 0 0 255
0.1125461 0.0211236 0.6665366 0 0 255
0.1141653 0.0211344 0.6668795 0 0 255
0.1157862 0.0211453 0.6672227 0 0 255
0.1174684 0.0211670 0.6679059 0 0 255
0.1191541 0.0211886 0.6685905 0 0 255
0.1208433 0.0212104 0.6692765 0 0 255
0.1225985 0.0212430 0.6703060 0 0 255
0.1242320 0.0212540 0.6706527 0 0 255
0.1276993 0.0213086 0.6723744 0 0 255
0.1294732 0.0213415 0.6734135 0 0 255
0.1311179 0.0213526 0.6737633 0 0 255
0.1327643 0.0213637 0.6741136 0 0 255
0.1342056 0.0213419 0.6734264 0 0 255
0.1358528 0.0213530 0.6737763 0 0 255
0.1375017 0.0213641 0.6741266 0 0 255
0.1387256 0.0213097 0.6724090 0 0 255
0.1404446 0.0213316 0.6731028 0 0 255
0.1418759 0.0213099 0.6724176 0 0 255
0.1436718 0.0213429 0.6734567 0 0 255
0.1451750 0.0213321 0.6731158 0 0 255
0.1465265 0.0212994 0.6720864 0 0 255
0.1481009 0.0212996 0.6720907 0 0 255
0.1496754 0.0212997 0.6720950 0 0 255
0.1516380 0.0213545 0.6738240 0 0 255
0.1529026 0.0213109 0.6724479 0 0 255
0.1543989 0.0213001 0.6721080 0 0 255
0.1560533 0.0213112 0.6724565 0 0 255
0.1611843 0.0215765 0.6808296 0 0 255
0.1756208 0.0228317 0.7204347 0 0 255
0.1777964 0.0228946 0.7224215 0 0 255
0.1788982 0.0228194 0.7200488 0 0 255
0.1804862 0.0228071 0.7196588 0 0 255
0.1823722 0.0228323 0.7204533 0 0 255
0.1838583 0.0228074 0.7196681 0 0 255
0.1855444 0.0228075 0.7196727 0 0 255
0.1871279 0.0227952 0.7192830 0 0 255
0.1886065 0.0227704 0.7185004 0 0 255
0.1901858 0.0227581 0.7181121 0 0 255
0.1916586 0.0227333 0.7173319 0 0 255
0.1928138 0.0226717 0.7153870 0 0 255
0.1943840 0.0226595 0.7150020 0 0 255
0.1961660 0.0226720 0.7153962 0 0 255
0.1976268 0.0226475 0.7146220 0 0 255
0.1991928 0.0226353 0.7142379 0 0 255
0.2008662 0.0226354 0.7142425 0 0 255
0.2025397 0.0226356 0.7142470 0 0 255
0.2041022 0.0226234 0.7138633 0 0 255
0.2055513 0.0225990 0.7130925 0 0 255
0.2073348 0.0226114 0.7134846 0 0 255
0.2087796 0.0225870 0.7127146 0 0 255
0.2104496 0.0225872 0.7127192 0 0 255
0.2117747 0.0225506 0.7115651 0 0 255
0.2133264 0.0225385 0.7111843 0 0 255
0.2148764 0.0225265 0.7108039 0 0 255
0.2161909 0.0224901 0.7096560 0 0 255
0.2178537 0.0224902 0.7096606 0 0 255
0.2191613 0.0224540 0.7085164 0 0 255
0.2205834 0.0224299 0.7077572 0 0 255
0.2220026 0.0224059 0.7069997 0 0 255
0.2234186 0.0223819 0.7062437 0 0 255
0.2249526 0.0223700 0.7058687 0 0 255
0.2261204 0.0223222 0.7043587 0 0 255
0.2277709 0.0223223 0.7043632 0 0 255
0.2294215 0.0223225 0.7043678 0 0 255
0.2309481 0.0223107 0.7039947 0 0 255
0.2323487 0.0222869 0.7032453 0 0 255
0.2336229 0.0222515 0.7021264 0 0 255
0.2350169 0.0222278 0.7013809 0 0 255
0.2366605 0.0222280 0.7013854 0 0 255
0.2380498 0.0222044 0.7006416 0 0 255
0.2396917 0.0222045 0.7006460 0 0 255
0.2406916 0.0221456 0.6987865 0 0 255
0.2423291 0.0221457 0.6987910 0 0 255
0.2438370 0.0221341 0.6984239 0 0 255
0.2449526 0.0220873 0.6969458 0 0 255
0.2465859 0.0220874 0.6969503 0 0 255
0.2478247 0.0220524 0.6958470 0 0 255
0.2493233 0.0220409 0.6954830 0 0 255
0.2508203 0.0220294 0.6951193 0 0 255
0.2521824 0.0220062 0.6943887 0 0 255
0.2534078 0.0219715 0.6932936 0 0 255
0.2550326 0.0219717 0.6932980 0 0 255
0.2563867 0.0219486 0.6925713 0 0 255
0.2577381 0.0219257 0.6918462 0 0 255
0.2592229 0.0219143 0.6914864 0 0 255
0.2605691 0.0218913 0.6907635 0 0 255
0.2620502 0.0218800 0.6904048 0 0 255
0.2635297 0.0218686 0.6900465 0 0 255
0.2650078 0.0218573 0.6896886 0 0 255
0.2659277 0.0218003 0.6878915 0 0 255
0.2673999 0.0217891 0.6875358 0 0 255
0.2690113 0.0217892 0.6875402 0 0 255
0.2700573 0.0217438 0.6861081 0 0 255
0.2713818 0.0217213 0.6853965 0 0 255
0.2727036 0.0216988 0.6846864 0 0 255
0.2738801 0.0216650 0.6836218 0 0 255
0.2750529 0.0216314 0.6825605 0 0 255
0.2765090 0.0216203 0.6822103 0 0 255
0.2778195 0.0215980 0.6815069 0 0 255
0.2797070 0.0216206 0.6822192 0 0 255
0.2808684 0.0215871 0.6811623 0 0 255
0.2818803 0.0215425 0.6797568 0 0 255
0.2834736 0.0215427 0.6797611 0 0 255
0.2852145 0.0215540 0.6801174 0 0 255
0.2865119 0.0215318 0.6794183 0 0 255
0.2879555 0.0215208 0.6790714 0 0 255
0.2895472 0.0215209 0.6790758 0 0 255
0.2912895 0.0215322 0.6794313 0 0 255
-0.0234030 0.0245155 0.7202858 0 0 255
-0.0216100 0.0243951 0.7167487 0 0 255
-0.0200086 0.0244889 0.7195050 0 0 255
-0.0184660 0.0246786 0.7250770 0 0 255
-0.0167686 0.0246787 0.7250816 0 0 255
-0.0149965 0.0245567 0.7214974 0 0 255
-0.0132855 0.0245165 0.7203136 0 0 255
-0.0116375 0.0245976 0.7226990 0 0 255
-0.0093098 0.0230254 0.6765047 0 0 255
-0.0077260 0.0230255 0.6765091 0 0 255
-0.0061454 0.0230376 0.6768625 0 0 255
-0.0045584 0.0230258 0.6765179 0 0 255
-0.0029746 0.0230260 0.6765223 0 0 255
-0.0013871 0.0229671 0.6747913 0 0 255
0.0017753 0.0230027 0.6758384 0 0 255
0.0033576 0.0230030 0.6758471 0 0 255
0.0065256 0.0230151 0.6762040 0 0 255
0.0096969 0.0230272 0.6765570 0 0 255
0.0128651 0.0230276 0.6765701 0 0 255
0.0160497 0.0230515 0.6772729 0 0 255
0.0176537 0.0230755 0.6779770 0 0 255
0.0192610 0.0230995 0.6786827 0 0 255
0.0208501 0.0230997 0.6786870 0 0 255
0.0224740 0.0231357 0.6797461 0 0 255
0.0240656 0.0231359 0.6797504 0 0 255
0.0256572 0.0231360 0.6797548 0 0 255
0.0272488 0.0231362 0.6797592 0 0 255
0.0288405 0.0231363 0.6797636 0 0 255
0.0304006 0.0231125 0.6790645 0 0 255
0.0320072 0.0231246 0.6794204 0 0 255
0.0335462 0.0230891 0.6783755 0 0 255
0.0351165 0.0230773 0.6780294 0 0 255
0.0366663 0.0230536 0.6773338 0 0 255
0.0382325 0.0230419 0.6769887 0 0 255
0.0397562 0.0230064 0.6759470 0 0 255
0.0413390 0.0230065 0.6759513 0 0 255
0.0428777 0.0229830 0.6752601 0 0 255
0.0443904 0.0229477 0.6742237 0 0 255
0.0459455 0.0229361 0.6738818 0 0 255
0.0475480 0.0229480 0.6742324 0 0 255
0.0490512 0.0229129 0.6731992 0 0 255
0.0506017 0.0229013 0.6728584 0 0 255
0.0521506 0.0228897 0.6725179 0 0 255
0.0536704 0.0228664 0.6718338 0 0 255
0.0551872 0.0228432 0.6711509 0 0 255
0.0566430 0.0227967 0.6697853 0 0 255
0.0582114 0.0227968 0.6697896 0 0 255
0.0596885 0.0227621 0.6687700 0 0 255
0.0611923 0.0227391 0.6680934 0 0 255
0.0626930 0.0227161 0.6674182 0 0 255
0.0642233 0.0227047 0.6670833 0 0 255
0.0656854 0.0226703 0.6660720 0 0 255
0.0671434 0.0226361 0.6650680 0 0 255
0.0686661 0.0226248 0.6647355 0 0 255
0.0701518 0.0226021 0.6640672 0 0 255
0.0716345 0.0225794 0.6634001 0 0 255
0.0732251 0.0225909 0.6637399 0 0 255
0.0747418 0.0225796 0.6634086 0 0 255
0.0762569 0.0225684 0.6630778 0 0 255
0.0777705 0.0225571 0.6627473 0 0 255
0.0793627 0.0225687 0.6630864 0 0 255
0.0808340 0.0225460 0.6624213 0 0 255
0.0823854 0.0225462 0.6624256 0 0 255
0.0839368 0.0225463 0.6624299 0 0 255
0.0854451 0.0225351 0.6621000 0 0 255
0.0870397 0.0225466 0.6624384 0 0 255
0.0885018 0.0225240 0.6617748 0 0 255
0.0900972 0.0225355 0.6621127 0 0 255
0.0916479 0.0225357 0.6621170 0 0 255
0.0932457 0.0225472 0.6624554 0 0 255
0.0948451 0.0225587 0.6627942 0 0 255
0.0963488 0.0225475 0.6624639 0 0 255
0.0979993 0.0225704 0.6631376 0 0 255
0.0995525 0.0225706 0.6631418 0 0 255
0.1011568 0.0225821 0.6634812 0 0 255
0.1028147 0.0226051 0.6641569 0 0 255
0.1043703 0.0226053 0.6641612 0 0 255
0.1060332 0.0226283 0.6648381 0 0 255
0.1075904 0.0226284 0.6648424 0 0 255
0.1092030 0.0226401 0.6651835 0 0 255
0.1108734 0.0226632 0.6658626 0 0 255
0.1125472 0.0226863 0.6665431 0 0 255
0.1141664 0.0226980 0.6668860 0 0 255
0.1157285 0.0226981 0.6668903 0 0 255
0.1173501 0.0227098 0.6672335 0 0 255
0.1190340 0.0227331 0.6679167 0 0 255
0.1207214 0.0227564 0.6686013 0 0 255
0.1225371 0.0228030 0.6699705 0 0 255
0.1241698 0.0228148 0.6703168 0 0 255
0.1259329 0.0228499 0.6713495 0 0 255
0.1276360 0.0228735 0.6720411 0 0 255
0.1309176 0.0228970 0.6727341 0 0 255
0.1324265 0.0228856 0.6723983 0 0 255
0.1340702 0.0228975 0.6727471 0 0 255
0.1354380 0.0228625 0.6717189 0 0 255
0.1370816 0.0228743 0.6720670 0 0 255
0.1385850 0.0228628 0.6717275 0 0 255
0.1400153 0.0228396 0.6710452 0 0 255
0.1415149 0.0228280 0.6707066 0 0 255
0.1430861 0.0228282 0.6707110 0 0 255
0.1446573 0.0228283 0.6707153 0 0 255
0.1462285 0.0228285 0.6707196 0 0 255
0.1478753 0.0228403 0.6710667 0 0 255
0.1495237 0.0228521 0.6714142 0 0 255
0.1510194 0.0228406 0.6710753 0 0 255
0.1524357 0.0228174 0.6703944 0 0 255
0.1540849 0.0228292 0.6707412 0 0 255
0.1555768 0.0228177 0.6704030 0 0 255
0.1569870 0.0227946 0.6697235 0 0 255
0.1583138 0.0227599 0.6687045 0 0 255
0.1611111 0.0229353 0.6738566 0 0 255
0.1738766 0.0240461 0.7064945 0 0 255
0.1805870 0.0245078 0.7200605 0 0 255
0.1823740 0.0245214 0.7204604 0 0 255
0.1839609 0.0245082 0.7200698 0 0 255
0.1855462 0.0244949 0.7196798 0 0 255
0.1869250 0.0244548 0.7185029 0 0 255
0.1885052 0.0244416 0.7181145 0 0 255
0.1899798 0.0244151 0.7173343 0 0 255
0.1912438 0.0243621 0.7157794 0 0 255
0.1927107 0.0243357 0.7150044 0 0 255
0.1940688 0.0242962 0.7138428 0 0 255
0.1959544 0.0243228 0.7146244 0 0 255
0.1973066 0.0242833 0.7134641 0 0 255
0.1988702 0.0242703 0.7130811 0 0 255
0.2005409 0.0242704 0.7130857 0 0 255
0.2023216 0.0242838 0.7134778 0 0 255
0.2036613 0.0242444 0.7123212 0 0 255
0.2054418 0.0242577 0.7127124 0 0 255
0.2067750 0.0242185 0.7115583 0 0 255
0.2083293 0.0242055 0.7111775 0 0 255
0.2101095 0.0242188 0.7115675 0 0 255
0.2115475 0.0241927 0.7108017 0 0 255
0.2129824 0.0241667 0.7100375 0 0 255
0.2141829 0.0241147 0.7085097 0 0 255
0.2156104 0.0240889 0.7077505 0 0 255
0.2170348 0.0240631 0.7069929 0 0 255
0.2184562 0.0240373 0.7062370 0 0 255
0.2196385 0.0239859 0.7047255 0 0 255
0.2210526 0.0239603 0.7039745 0 0 255
0.2225829 0.0239477 0.7036018 0 0 255
0.2241115 0.0239350 0.7032296 0 0 255
0.2252783 0.0238841 0.7017355 0 0 255
0.2269226 0.0238843 0.7017400 0 0 255
0.2283230 0.0238589 0.7009953 0 0 255
0.2298430 0.0238464 0.7006259 0 0 255
0.2313613 0.0238338 0.7002568 0 0 255
0.2328781 0.0238213 0.6998881 0 0 255
0.2345182 0.0238214 0.6998926 0 0 255
0.2357813 0.0237835 0.6987798 0 0 255
0.2371664 0.0237584 0.6980415 0 0 255
0.2386754 0.0237459 0.6976752 0 0 255
0.2400553 0.0237209 0.6969392 0 0 255
0.2414323 0.0236959 0.6962048 0 0 255
0.2429350 0.0236835 0.6958404 0 0 255
0.2441776 0.0236461 0.6947405 0 0 255
0.2458057 0.0236462 0.6947450 0 0 255
0.2471723 0.0236214 0.6940153 0 0 255
0.2486673 0.0236090 0.6936532 0 0 255
0.2497652 0.0235594 0.6921953 0 0 255
0.2512550 0.0235472 0.6918352 0 0 255
0.2528764 0.0235473 0.6918396 0 0 255
0.2540962 0.0235103 0.6907524 0 0 255
0.2555806 0.0234981 0.6903938 0 0 255
0.2570635 0.0234859 0.6900355 0 0 255
0.2584091 0.0234614 0.6893157 0 0 255
0.2598883 0.0234493 0.6889585 0 0 255
0.2612306 0.0234250 0.6882454 0 0 255
0.2625684 0.0234006 0.6875293 0 0 255
0.2640415 0.0233885 0.6871740 0 0 255
0.2653744 0.0233642 0.6864601 0 0 255
0.2667045 0.0233400 0.6857479 0 0 255
0.2680318 0.0233158 0.6850370 0 0 255
0.2696374 0.0233159 0.6850414 0 0 255
0.2706783 0.0232675 0.6836197 0 0 255
0.2719974 0.0232435 0.6829133 0 0 255
0.2730302 0.0231954 0.6815004 0 0 255
0.2744851 0.0231835 0.6811514 0 0 255
0.2756528 0.0231477 0.6800978 0 0 255
0.2772468 0.0231478 0.6801022 0 0 255
0.2788409 0.0231480 0.6801066 0 0 255
0.2801448 0.0231242 0.6794074 0 0 255
0.2815917 0.0231124 0.6790606 0 0 255
0.2830370 0.0231006 0.6787141 0 0 255
0.2844808 0.0230888 0.6783680 0 0 255
0.2857757 0.0230651 0.6776724 0 0 255
0.2870679 0.0230415 0.6769783 0 0 255
0.2886547 0.0230416 0.6769826 0 0 255
0.2908411 0.0230894 0.6783854 0 0 255
0.2924312 0.0230895 0.6783898 0 0 255
0.2940214 0.0230897 0.6783941 0 0 255
-0.0249933 0.0261038 0.7175305 0 0 255
-0.0233647 0.0261612 0.7191084 0 0 255
-0.0215749 0.0260330 0.7155828 0 0 255
-0.0200088 0.0261759 0.7195120 0 0 255
-0.0183445 0.0262048 0.7203068 0 0 255
-0.0166582 0.0262050 0.7203114 0 0 255
-0.0149228 0.0261191 0.7179510 0 0 255
-0.0126668 0.0249848 0.6867716 0 0 255
-0.0108713 0.0245607 0.6751148 0 0 255
-0.0092907 0.0245609 0.6751191 0 0 255
-0.0077023 0.0245360 0.6744337 0 0 255
-0.0061234 0.0245361 0.6744381 0 0 255
-0.0029670 0.0245491 0.6747936 0 0 255
-0.0013871 0.0245492 0.6747979 0 0 255
0.0001925 0.0245241 0.6741089 0 0 255
0.0017707 0.0245243 0.6741132 0 0 255
0.0033473 0.0245119 0.6737714 0 0 255
0.0049247 0.0245120 0.6737757 0 0 255
0.0065022 0.0245122 0.6737801 0 0 255
0.0080839 0.0245249 0.6741306 0 0 255
0.0096672 0.0245377 0.6744814 0 0 255
0.0112464 0.0245379 0.6744857 0 0 255
0.0128190 0.0245254 0.6741436 0 0 255
0.0144048 0.0245382 0.6744944 0 0 255
0.0160004 0.0245636 0.6751929 0 0 255
0.0175994 0.0245890 0.6758927 0 0 255
0.0192017 0.0246146 0.6765941 0 0 255
0.0208181 0.0246528 0.6776466 0 0 255
0.0223932 0.0246403 0.6773012 0 0 255
0.0240038 0.0246659 0.6780055 0 0 255
0.0255781 0.0246533 0.6776597 0 0 255
0.0271789 0.0246662 0.6780142 0 0 255
0.0287664 0.0246664 0.6780185 0 0 255
0.0303383 0.0246538 0.6776727 0 0 255
0.0319251 0.0246540 0.6776771 0 0 255
0.0334773 0.0246287 0.6769823 0 0 255
0.0350444 0.0246161 0.6766376 0 0 255
0.0365911 0.0245909 0.6759450 0 0 255
0.0381738 0.0245911 0.6759493 0 0 255
0.0397157 0.0245660 0.6752581 0 0 255
0.0412544 0.0245409 0.6745682 0 0 255
0.0428340 0.0245410 0.6745726 0 0 255
0.0443680 0.0245160 0.6738841 0 0 255
0.0458989 0.0244910 0.6731972 0 0 255
0.0474509 0.0244786 0.6728563 0 0 255
0.0490014 0.0244662 0.6725158 0 0 255
0.0504986 0.0244288 0.6714879 0 0 255
0.0520444 0.0244165 0.6711488 0 0 255
0.0535612 0.0243917 0.6704674 0 0 255
0.0551032 0.0243794 0.6701294 0 0 255
0.0566146 0.0243547 0.6694501 0 0 255
0.0580934 0.0243176 0.6684316 0 0 255
0.0595677 0.0242807 0.6674162 0 0 255
0.0611618 0.0242932 0.6677600 0 0 255
0.0626299 0.0242563 0.6667467 0 0 255
0.0641262 0.0242318 0.6660742 0 0 255
0.0655534 0.0241831 0.6647334 0 0 255
0.0671101 0.0241832 0.6647377 0 0 255
0.0685626 0.0241467 0.6637336 0 0 255
0.0701170 0.0241468 0.6637378 0 0 255
0.0716352 0.0241348 0.6634066 0 0 255
0.0731888 0.0241350 0.6634109 0 0 255
0.0746670 0.0241107 0.6627452 0 0 255
0.0762191 0.0241109 0.6627495 0 0 255
0.0776928 0.0240867 0.6620852 0 0 255
0.0792834 0.0240990 0.6624236 0 0 255
0.0807940 0.0240870 0.6620936 0 0 255
0.0823446 0.0240872 0.6620979 0 0 255
0.0838530 0.0240752 0.6617684 0 0 255
0.0854029 0.0240754 0.6617727 0 0 255
0.0869528 0.0240755 0.6617770 0 0 255
0.0884581 0.0240635 0.6614478 0 0 255
0.0900526 0.0240758 0.6617855 0 0 255
0.0916026 0.0240760 0.6617898 0 0 255
0.0931526 0.0240761 0.6617940 0 0 255
0.0947026 0.0240763 0.6617983 0 0 255
0.0962526 0.0240764 0.6618025 0 0 255
0.0978520 0.0240887 0.6621405 0 0 255
0.0995032 0.0241132 0.6628135 0 0 255
0.1011067 0.0241256 0.6631526 0 0 255
0.1027118 0.0241379 0.6634920 0 0 255
0.1042658 0.0241381 0.6634963 0 0 255
0.1059270 0.0241626 0.6641719 0 0 255
0.1074826 0.0241628 0.6641762 0 0 255
0.1090935 0.0241752 0.6645166 0 0 255
0.1107621 0.0241998 0.6651943 0 0 255
0.1123771 0.0242123 0.6655358 0 0 255
0.1140516 0.0242370 0.6662156 0 0 255
0.1156708 0.0242494 0.6665581 0 0 255
0.1173513 0.0242743 0.6672400 0 0 255
0.1190352 0.0242991 0.6679232 0 0 255
0.1206611 0.0243116 0.6682675 0 0 255
0.1223510 0.0243366 0.6689528 0 0 255
0.1241710 0.0243864 0.6703233 0 0 255
0.1259341 0.0244240 0.6713560 0 0 255
0.1275067 0.0244242 0.6713603 0 0 255
0.1292115 0.0244493 0.6720520 0 0 255
0.1308527 0.0244620 0.6724005 0 0 255
0.1324278 0.0244622 0.6724048 0 0 255
0.1339343 0.0244498 0.6720650 0 0 255
0.1354393 0.0244374 0.6717255 0 0 255
0.1368727 0.0244126 0.6710431 0 0 255
0.1385155 0.0244252 0.6713905 0 0 255
0.1399451 0.0244005 0.6707089 0 0 255
0.1413719 0.0243757 0.6700287 0 0 255
0.1429414 0.0243759 0.6700330 0 0 255
0.1445110 0.0243760 0.6700373 0 0 255
0.1460807 0.0243762 0.6700417 0 0 255
0.1475750 0.0243639 0.6697041 0 0 255
0.1490678 0.0243516 0.6693670 0 0 255
0.1507128 0.0243642 0.6697127 0 0 255
0.1519716 0.0243148 0.6683535 0 0 255
0.1537722 0.0243521 0.6693799 0 0 255
0.1554196 0.0243647 0.6697257 0 0 255
0.1565096 0.0242905 0.6676866 0 0 255
0.1576729 0.0242291 0.6659976 0 0 255
0.1592331 0.0242292 0.6660019 0 0 255
0.1607934 0.0242294 0.6660061 0 0 255
0.1623537 0.0242295 0.6660104 0 0 255
0.1651707 0.0244154 0.6711208 0 0 255
0.1801038 0.0258841 0.7114921 0 0 255
0.1848388 0.0260822 0.7169359 0 0 255
0.1865185 0.0260824 0.7169405 0 0 255
0.1878916 0.0260400 0.7157771 0 0 255
0.1892591 0.0259977 0.7146130 0 0 255
0.1909333 0.0259979 0.7146176 0 0 255
0.1922937 0.0259556 0.7134573 0 0 255
0.1940707 0.0259699 0.7138497 0 0 255
0.1956369 0.0259560 0.7134665 0 0 255
0.1970943 0.0259280 0.7126965 0 0 255
0.1986563 0.0259141 0.7123144 0 0 255
0.2003253 0.0259142 0.7123190 0 0 255
0.2019943 0.0259144 0.7123235 0 0 255
0.2035529 0.0259005 0.7119420 0 0 255
0.2052210 0.0259007 0.7119465 0 0 255
0.2067770 0.0258868 0.7115653 0 0 255
0.2081059 0.0258450 0.7104149 0 0 255
0.2095438 0.0258172 0.7096517 0 0 255
0.2113208 0.0258313 0.7100400 0 0 255
0.2126396 0.0257897 0.7088946 0 0 255
0.2137237 0.0257204 0.7069908 0 0 255
0.2149175 0.0256653 0.7054761 0 0 255
0.2162221 0.0256242 0.7043454 0 0 255
0.2176390 0.0255969 0.7035952 0 0 255
0.2184697 0.0255015 0.7009752 0 0 255
0.2201122 0.0255017 0.7009797 0 0 255
0.2215183 0.0254747 0.7002366 0 0 255
0.2229214 0.0254477 0.6994951 0 0 255
0.2244410 0.0254343 0.6991273 0 0 255
0.2263202 0.0254616 0.6998769 0 0 255
0.2275963 0.0254211 0.6987642 0 0 255
0.2292337 0.0254213 0.6987687 0 0 255
0.2306257 0.0253944 0.6980304 0 0 255
0.2322615 0.0253946 0.6980349 0 0 255
0.2336488 0.0253678 0.6972981 0 0 255
0.2350333 0.0253410 0.6965629 0 0 255
0.2364148 0.0253143 0.6958293 0 0 255
0.2381716 0.0253279 0.6962026 0 0 255
0.2395491 0.0253013 0.6954697 0 0 255
0.2407964 0.0252613 0.6943711 0 0 255
0.2421675 0.0252348 0.6936421 0 0 255
0.2435358 0.0252083 0.6929146 0 0 255
0.2451596 0.0252085 0.6929191 0 0 255
0.2465234 0.0251821 0.6921932 0 0 255
0.2478842 0.0251557 0.6914687 0 0 255
0.2492423 0.0251294 0.6907459 0 0 255
0.2504659 0.0250900 0.6896622 0 0 255
0.2520821 0.0250901 0.6896666 0 0 255
0.2534322 0.0250640 0.6889476 0 0 255
0.2549132 0.0250510 0.6885908 0 0 255
0.2562582 0.0250249 0.6878740 0 0 255
0.2577370 0.0250121 0.6875228 0 0 255
0.2592127 0.0249992 0.6871676 0 0 255
0.2605505 0.0249732 0.6864537 0 0 255
0.2621593 0.0249734 0.6864581 0 0 255
0.2634927 0.0249475 0.6857457 0 0 255
0.2649616 0.0249346 0.6853923 0 0 255
0.2662900 0.0249088 0.6846822 0 0 255
0.2674765 0.0248701 0.6836176 0 0 255
0.2687989 0.0248444 0.6829112 0 0 255
0.2701186 0.0248187 0.6822062 0 0 255
0.2712948 0.0247803 0.6811493 0 0 255
0.2724675 0.0247419 0.6800957 0 0 255
0.2739196 0.0247293 0.6797482 0 0 255
0.2753703 0.0247167 0.6794009 0 0 255
0.2768196 0.0247041 0.6790541 0 0 255
0.2781236 0.0246787 0.6783572 0 0 255
0.2797136 0.0246789 0.6783615 0 0 255
0.2810133 0.0246536 0.6776660 0 0 255
0.2824560 0.0246410 0.6773209 0 0 255
0.2840436 0.0246412 0.6773252 0 0 255
0.2850433 0.0245906 0.6759356 0 0 255
0.2864802 0.0245781 0.6755923 0 0 255
0.2880638 0.0245783 0.6755967 0 0 255
0.2892030 0.0245407 0.6745646 0 0 255
0.2909336 0.0245535 0.6749155 0 0 255
0.2926659 0.0245663 0.6752667 0 0 255
0.2940975 0.0245538 0.6749241 0 0 255
0.2949220 0.0244911 0.6731992 0 0 255
0.2954403 0.0244037 0.6707974 0 0 255
0.2971644 0.0244163 0.6711444 0 0 255
-0.0266587 0.0277708 0.7171407 0 0 255
-0.0249526 0.0277407 0.7163622 0 0 255
-0.0233522 0.0278320 0.7187215 0 0 255
-0.0215633 0.0276957 0.7151998 0 0 255
-0.0199871 0.0278324 0.7187307 0 0 255
-0.0183145 0.0278478 0.7191294 0 0 255
-0.0166310 0.0278480 0.7191340 0 0 255
-0.0140541 0.0261837 0.6761563 0 0 255
-0.0124647 0.0261704 0.6758124 0 0 255
-0.0108658 0.0261302 0.6747741 0 0 255
-0.0092575 0.0260502 0.6727071 0 0 255
-0.0076827 0.0260503 0.6727114 0 0 255
-0.0061046 0.0260372 0.6723710 0 0 255
-0.0045421 0.0261042 0.6741025 0 0 255
-0.0029639 0.0261044 0.6741068 0 0 255
-0.0013843 0.0260777 0.6734192 0 0 255
0.0001922 0.0260645 0.6730782 0 0 255
0.0017671 0.0260513 0.6727374 0 0 255
0.0033405 0.0260382 0.6723970 0 0 255
0.0049172 0.0260517 0.6727461 0 0 255
0.0064890 0.0260385 0.6724056 0 0 255
0.0080633 0.0260387 0.6724099 0 0 255
0.0096376 0.0260388 0.6724142 0 0 255
0.0112119 0.0260390 0.6724185 0 0 255
0.0127928 0.0260525 0.6727677 0 0 255
0.0143754 0.0260660 0.6731171 0 0 255
0.0159759 0.0261064 0.6741588 0 0 255
0.0175725 0.0261334 0.6748566 0 0 255
0.0191624 0.0261470 0.6752082 0 0 255
0.0207647 0.0261741 0.6759080 0 0 255
0.0223703 0.0262013 0.6766094 0 0 255
0.0239422 0.0261879 0.6762651 0 0 255
0.0255388 0.0262016 0.6766182 0 0 255
0.0271511 0.0262288 0.6773210 0 0 255
0.0287074 0.0262020 0.6766269 0 0 255
0.0303230 0.0262292 0.6773297 0 0 255
0.0318596 0.0261888 0.6762869 0 0 255
0.0334604 0.0262025 0.6766399 0 0 255
0.0350267 0.0261891 0.6762956 0 0 255
0.0366103 0.0261893 0.6762999 0 0 255
0.0381546 0.0261625 0.6756079 0 0 255
0.0396957 0.0261358 0.6749174 0 0 255
0.0412337 0.0261091 0.6742283 0 0 255
0.0427685 0.0260824 0.6735405 0 0 255
0.0443457 0.0260826 0.6735448 0 0 255
0.0458758 0.0260560 0.6728586 0 0 255
0.0474271 0.0260428 0.6725181 0 0 255
0.0489517 0.0260164 0.6718339 0 0 255
0.0504991 0.0260032 0.6714945 0 0 255
0.0519917 0.0259635 0.6704697 0 0 255
0.0535071 0.0259372 0.6697897 0 0 255
0.0550194 0.0259109 0.6691110 0 0 255
0.0565287 0.0258847 0.6684338 0 0 255
0.0580940 0.0258849 0.6684381 0 0 255
0.0595683 0.0258455 0.6674227 0 0 255
0.0610692 0.0258194 0.6667489 0 0 255
0.0625987 0.0258065 0.6664146 0 0 255
0.0639973 0.0257415 0.6647357 0 0 255
0.0654546 0.0257026 0.6637315 0 0 255
0.0670089 0.0257028 0.6637358 0 0 255
0.0685633 0.0257029 0.6637401 0 0 255
0.0700115 0.0256642 0.6627389 0 0 255
0.0715636 0.0256643 0.6627432 0 0 255
0.0730788 0.0256515 0.6624130 0 0 255
0.0746301 0.0256517 0.6624174 0 0 255
0.0761814 0.0256519 0.6624216 0 0 255
0.0776936 0.0256391 0.6620917 0 0 255
0.0792042 0.0256263 0.6617622 0 0 255
0.0807134 0.0256136 0.6614330 0 0 255
0.0822210 0.0256008 0.6611041 0 0 255
0.0837693 0.0256010 0.6611084 0 0 255
0.0853177 0.0256012 0.6611126 0 0 255
0.0868660 0.0256013 0.6611168 0 0 255
0.0883699 0.0255886 0.6607883 0 0 255
0.0899628 0.0256017 0.6611254 0 0 255
0.0914652 0.0255889 0.6607968 0 0 255
0.0931535 0.0256278 0.6618005 0 0 255
0.0946558 0.0256151 0.6614712 0 0 255
0.0962535 0.0256281 0.6618090 0 0 255
0.0978529 0.0256412 0.6621470 0 0 255
0.0994540 0.0256543 0.6624855 0 0 255
0.1010056 0.0256545 0.6624897 0 0 255
0.1026091 0.0256676 0.6628284 0 0 255
0.1042142 0.0256808 0.6631676 0 0 255
0.1057675 0.0256809 0.6631718 0 0 255
0.1074837 0.0257201 0.6641827 0 0 255
0.1090946 0.0257332 0.6645231 0 0 255
0.1108193 0.0257725 0.6655380 0 0 255
0.1123213 0.0257597 0.6652051 0 0 255
0.1140528 0.0257990 0.6662221 0 0 255
0.1156720 0.0258123 0.6665646 0 0 255
0.1172928 0.0258256 0.6669075 0 0 255
0.1189758 0.0258520 0.6675901 0 0 255
0.1206009 0.0258653 0.6679341 0 0 255
0.1223522 0.0259050 0.6689594 0 0 255
0.1240456 0.0259316 0.6696460 0 0 255
0.1257424 0.0259583 0.6703342 0 0 255
0.1274428 0.0259850 0.6710238 0 0 255
0.1290806 0.0259984 0.6713712 0 0 255
0.1307870 0.0260252 0.6720629 0 0 255
0.1322936 0.0260121 0.6717234 0 0 255
0.1337986 0.0259989 0.6713842 0 0 255
0.1353022 0.0259858 0.6710454 0 0 255
0.1368041 0.0259727 0.6707069 0 0 255
0.1382341 0.0259464 0.6700267 0 0 255
0.1398036 0.0259465 0.6700310 0 0 255
0.1411571 0.0259070 0.6690110 0 0 255
0.1427971 0.0259204 0.6693563 0 0 255
0.1442915 0.0259074 0.6690196 0 0 255
0.1457845 0.0258943 0.6686832 0 0 255
0.1472010 0.0258682 0.6680071 0 0 255
0.1487659 0.0258683 0.6680114 0 0 255
0.1504840 0.0258948 0.6686960 0 0 255
0.1516643 0.0258292 0.6670019 0 0 255
0.1533827 0.0258557 0.6676846 0 0 255
0.1550257 0.0258690 0.6680285 0 0 255
0.1564315 0.0258429 0.6673537 0 0 255
0.1575945 0.0257775 0.6656665 0 0 255
0.1591540 0.0257777 0.6656707 0 0 255
0.1607135 0.0257779 0.6656750 0 0 255
0.1622730 0.0257780 0.6656793 0 0 255
0.1638325 0.0257782 0.6656836 0 0 255
0.1653083 0.0257653 0.6653505 0 0 255
0.1668671 0.0257655 0.6653548 0 0 255
0.1761421 0.0266991 0.6894650 0 0 255
0.1862164 0.0277181 0.7157795 0 0 255
0.1874846 0.0276580 0.7142267 0 0 255
0.1889524 0.0276281 0.7134551 0 0 255
0.1904170 0.0275983 0.7126851 0 0 255
0.1921911 0.0276135 0.7130767 0 0 255
0.1937566 0.0275986 0.7126943 0 0 255
0.1952145 0.0275689 0.7119260 0 0 255
0.1968825 0.0275691 0.7119306 0 0 255
0.1985506 0.0275693 0.7119352 0 0 255
0.2001102 0.0275545 0.7115540 0 0 255
0.2016681 0.0275397 0.7111732 0 0 255
0.2032243 0.0275250 0.7107928 0 0 255
0.2048897 0.0275252 0.7107974 0 0 255
0.2062203 0.0274807 0.7096495 0 0 255
0.2077708 0.0274661 0.7092708 0 0 255
0.2088686 0.0273923 0.7073650 0 0 255
0.2101863 0.0273483 0.7062282 0 0 255
0.2114999 0.0273044 0.7050951 0 0 255
0.2126952 0.0272460 0.7035885 0 0 255
0.2139998 0.0272025 0.7024639 0 0 255
0.2149573 0.0271158 0.7002255 0 0 255
0.2161371 0.0270583 0.6987396 0 0 255
0.2176585 0.0270440 0.6983725 0 0 255
0.2191784 0.0270298 0.6980058 0 0 255
0.2204625 0.0269870 0.6968991 0 0 255
0.2220955 0.0269872 0.6969035 0 0 255
0.2234913 0.0269587 0.6961691 0 0 255
0.2252420 0.0269732 0.6965428 0 0 255
0.2268742 0.0269734 0.6965473 0 0 255
0.2283853 0.0269592 0.6961825 0 0 255
0.2297731 0.0269309 0.6954497 0 0 255
0.2314028 0.0269310 0.6954542 0 0 255
0.2329092 0.0269170 0.6950906 0 0 255
0.2342900 0.0268887 0.6943600 0 0 255
0.2356679 0.0268604 0.6936311 0 0 255
0.2372934 0.0268606 0.6936355 0 0 255
0.2386668 0.0268324 0.6929080 0 0 255
0.2402905 0.0268326 0.6929125 0 0 255
0.2414049 0.0267763 0.6914577 0 0 255
0.2428974 0.0267624 0.6910983 0 0 255
0.2441316 0.0267203 0.6900135 0 0 255
0.2457487 0.0267205 0.6900180 0 0 255
0.2472359 0.0267067 0.6896601 0 0 255
0.2484607 0.0266648 0.6885799 0 0 255
0.2498125 0.0266371 0.6878631 0 0 255
0.2511631 0.0266095 0.6871522 0 0 255
0.2526413 0.0265958 0.6867973 0 0 255
0.2541180 0.0265821 0.6864427 0 0 255
0.2555932 0.0265684 0.6860886 0 0 255
0.2570668 0.0265547 0.6857348 0 0 255
0.2585389 0.0265410 0.6853814 0 0 255
0.2598740 0.0265135 0.6846713 0 0 255
0.2617515 0.0265413 0.6853902 0 0 255
0.2630833 0.0265138 0.6846801 0 0 255
0.2645501 0.0265002 0.6843278 0 0 255
0.2657386 0.0264590 0.6832643 0 0 255
0.2670621 0.0264317 0.6825586 0 0 255
0.2685223 0.0264181 0.6822085 0 0 255
0.2695613 0.0263635 0.6807986 0 0 255
0.2708761 0.0263364 0.6800980 0 0 255
0.2721883 0.0263093 0.6793988 0 0 255
0.2733565 0.0262687 0.6783507 0 0 255
0.2748045 0.0262553 0.6780049 0 0 255
0.2763936 0.0262555 0.6780093 0 0 255
0.2778394 0.0262421 0.6776639 0 0 255
0.2792836 0.0262288 0.6773188 0 0 255
0.2805818 0.0262019 0.6766254 0 0 255
0.2820225 0.0261886 0.6762815 0 0 255
0.2833160 0.0261618 0.6755902 0 0 255
0.2844606 0.0261217 0.6745538 0 0 255
0.2857501 0.0260952 0.6738705 0 0 255
0.2873296 0.0260954 0.6738749 0 0 255
0.2889091 0.0260956 0.6738791 0 0 255
0.2904887 0.0260957 0.6738835 0 0 255
0.2920683 0.0260959 0.6738879 0 0 255
0.2933469 0.0260693 0.6732016 0 0 255
0.2950762 0.0260828 0.6735511 0 0 255
0.2954432 0.0259765 0.6708040 0 0 255
0.2973192 0.0260032 0.6714941 0 0 255
0.2993523 0.0260433 0.6725296 0 0 255
-0.0266590 0.0294523 0.7171478 0 0 255
-0.0248714 0.0293243 0.7140298 0 0 255
-0.0232632 0.0294045 0.7159828 0 0 255
-0.0215283 0.0293246 0.7140390 0 0 255
-0.0198892 0.0293728 0.7152113 0 0 255
-0.0182547 0.0294372 0.7167789 0 0 255
-0.0159747 0.0283683 0.6907535 0 0 255
-0.0140253 0.0277120 0.6747720 0 0 255
-0.0124520 0.0277264 0.6751236 0 0 255
-0.0108548 0.0276840 0.6740917 0 0 255
-0.0092529 0.0276133 0.6723689 0 0 255
-0.0076709 0.0275852 0.6716849 0 0 255
-0.0060922 0.0275572 0.6710022 0 0 255
-0.0045305 0.0276138 0.6723819 0 0 255
-0.0029549 0.0275999 0.6720418 0 0 255
-0.0013808 0.0275859 0.6717021 0 0 255
0.0001917 0.0275720 0.6713628 0 0 255
0.0017635 0.0275722 0.6713672 0 0 255
0.0033337 0.0275582 0.6710281 0 0 255
0.0049022 0.0275443 0.6706895 0 0 255
0.0064791 0.0275727 0.6713801 0 0 255
0.0080510 0.0275729 0.6713845 0 0 255
0.0096179 0.0275589 0.6710454 0 0 255
0.0111948 0.0275732 0.6713932 0 0 255
0.0127667 0.0275734 0.6713974 0 0 255
0.0143387 0.0275736 0.6714018 0 0 255
0.0159189 0.0275879 0.6717498 0 0 255
0.0175186 0.0276305 0.6727873 0 0 255
0.0191134 0.0276590 0.6734821 0 0 255
0.0207009 0.0276734 0.6738323 0 0 255
0.0223016 0.0277020 0.6745294 0 0 255
0.0239178 0.0277450 0.6755754 0 0 255
0.0254996 0.0277452 0.6755798 0 0 255
0.0270536 0.0277168 0.6748893 0 0 255
0.0286486 0.0277312 0.6752409 0 0 255
0.0302452 0.0277457 0.6755928 0 0 255
0.0318435 0.0277602 0.6759451 0 0 255
0.0334090 0.0277461 0.6756015 0 0 255
0.0349730 0.0277320 0.6752582 0 0 255
0.0365541 0.0277321 0.6752626 0 0 255
0.0380961 0.0277038 0.6745727 0 0 255
0.0396146 0.0276613 0.6735384 0 0 255
0.0411706 0.0276473 0.6731973 0 0 255
0.0427470 0.0276475 0.6732017 0 0 255
0.0442779 0.0276193 0.6725160 0 0 255
0.0458058 0.0275912 0.6718318 0 0 255
0.0473305 0.0275632 0.6711490 0 0 255
0.0489021 0.0275634 0.6711533 0 0 255
0.0504222 0.0275354 0.6704719 0 0 255
0.0519392 0.0275075 0.6697919 0 0 255
0.0534803 0.0274936 0.6694546 0 0 255
0.0549359 0.0274378 0.6680958 0 0 255
0.0564430 0.0274101 0.6674206 0 0 255
0.0580059 0.0274103 0.6674249 0 0 255
0.0594781 0.0273687 0.6664126 0 0 255
0.0610078 0.0273550 0.6660787 0 0 255
0.0625042 0.0273274 0.6654076 0 0 255
0.0639332 0.0272725 0.6640697 0 0 255
0.0654552 0.0272588 0.6637381 0 0 255
0.0670096 0.0272590 0.6637424 0 0 255
0.0685293 0.0272454 0.6634111 0 0 255
0.0699769 0.0272043 0.6624110 0 0 255
0.0715282 0.0272045 0.6624153 0 0 255
0.0730426 0.0271910 0.6620854 0 0 255
0.0745932 0.0271911 0.6620896 0 0 255
0.0761437 0.0271913 0.6620939 0 0 255
0.0776160 0.0271641 0.6614309 0 0 255
0.0792050 0.0271780 0.6617687 0 0 255
0.0806735 0.0271508 0.6611063 0 0 255
0.0822218 0.0271509 0.6611106 0 0 255
0.0837280 0.0271374 0.6607820 0 0 255
0.0853185 0.0271513 0.6611190 0 0 255
0.0867358 0.0271105 0.6601259 0 0 255
0.0883263 0.0271243 0.6604623 0 0 255
0.0899184 0.0271381 0.6607990 0 0 255
0.0914661 0.0271383 0.6608033 0 0 255
0.0930137 0.0271385 0.6608075 0 0 255
0.0945614 0.0271387 0.6608118 0 0 255
0.0962060 0.0271662 0.6614819 0 0 255
0.0977553 0.0271664 0.6614861 0 0 255
0.0993547 0.0271802 0.6618240 0 0 255
0.1010066 0.0272078 0.6624961 0 0 255
0.1025066 0.0271943 0.6621662 0 0 255
0.1042152 0.0272357 0.6631740 0 0 255
0.1057685 0.0272359 0.6631783 0 0 255
0.1073761 0.0272498 0.6635177 0 0 255
0.1090404 0.0272775 0.6641935 0 0 255
0.1106521 0.0272915 0.6645339 0 0 255
0.1122655 0.0273055 0.6648747 0 0 255
0.1139960 0.0273472 0.6658907 0 0 255
0.1156144 0.0273613 0.6662329 0 0 255
0.1172344 0.0273754 0.6665755 0 0 255
0.1189165 0.0274034 0.6672574 0 0 255
0.1206021 0.0274314 0.6679406 0 0 255
0.1222288 0.0274456 0.6682850 0 0 255
0.1239836 0.0274877 0.6693113 0 0 255
0.1256795 0.0275160 0.6699988 0 0 255
0.1273789 0.0275442 0.6706876 0 0 255
0.1290159 0.0275585 0.6710347 0 0 255
0.1305877 0.0275587 0.6710390 0 0 255
0.1321596 0.0275589 0.6710433 0 0 255
0.1336632 0.0275450 0.6707048 0 0 255
0.1351653 0.0275311 0.6703666 0 0 255
0.1365961 0.0275032 0.6696871 0 0 255
0.1380945 0.0274893 0.6693500 0 0 255
0.1396625 0.0274895 0.6693543 0 0 255
0.1410148 0.0274477 0.6683365 0 0 255
0.1425079 0.0274339 0.6680008 0 0 255
0.1439995 0.0274201 0.6676654 0 0 255
0.1453418 0.0273785 0.6666526 0 0 255
0.1470529 0.0274065 0.6673346 0 0 255
0.1484653 0.0273789 0.6666612 0 0 255
0.1501032 0.0273930 0.6670042 0 0 255
0.1514350 0.0273515 0.6659935 0 0 255
0.1530729 0.0273655 0.6663357 0 0 255
0.1546339 0.0273657 0.6663400 0 0 255
0.1560365 0.0273381 0.6656687 0 0 255
0.1575162 0.0273244 0.6653356 0 0 255
0.1591555 0.0273385 0.6656772 0 0 255
0.1607150 0.0273387 0.6656815 0 0 255
0.1621923 0.0273250 0.6653484 0 0 255
0.1637511 0.0273251 0.6653527 0 0 255
0.1653099 0.0273253 0.6653570 0 0 255
0.1668687 0.0273255 0.6653613 0 0 255
0.1683422 0.0273118 0.6650286 0 0 255
0.1698143 0.0272982 0.6646962 0 0 255
0.1739247 0.0277051 0.6746035 0 0 255
0.1883402 0.0292057 0.7111436 0 0 255
0.1904189 0.0292693 0.7126921 0 0 255
0.1918804 0.0292378 0.7119239 0 0 255
0.1935484 0.0292380 0.7119285 0 0 255
0.1950050 0.0292065 0.7111619 0 0 255
0.1966712 0.0292067 0.7111664 0 0 255
0.1983375 0.0292068 0.7111710 0 0 255
0.2000037 0.0292070 0.7111756 0 0 255
0.2015609 0.0291914 0.7107952 0 0 255
0.2031163 0.0291758 0.7104152 0 0 255
0.2046702 0.0291602 0.7100356 0 0 255
0.2059997 0.0291132 0.7088903 0 0 255
0.2064348 0.0289415 0.7047100 0 0 255
0.2063158 0.0286955 0.6987195 0 0 255
0.2081745 0.0287262 0.6994684 0 0 255
0.2093673 0.0286653 0.6979857 0 0 255
0.2104436 0.0285896 0.6961402 0 0 255
0.2117380 0.0285443 0.6950393 0 0 255
0.2133666 0.0285445 0.6950437 0 0 255
0.2147679 0.0285145 0.6943132 0 0 255
0.2160521 0.0284695 0.6932182 0 0 255
0.2176765 0.0284697 0.6932226 0 0 255
0.2194167 0.0284850 0.6935933 0 0 255
0.2210420 0.0284851 0.6935977 0 0 255
0.2224323 0.0284553 0.6928703 0 0 255
0.2239377 0.0284404 0.6925094 0 0 255
0.2257986 0.0284706 0.6932449 0 0 255
0.2271832 0.0284408 0.6925182 0 0 255
0.2288060 0.0284410 0.6925227 0 0 255
0.2300649 0.0283962 0.6914334 0 0 255
0.2318072 0.0284114 0.6918021 0 0 255
0.2334284 0.0284116 0.6918065 0 0 255
0.2348022 0.0283819 0.6910830 0 0 255
0.2362974 0.0283671 0.6907240 0 0 255
0.2377910 0.0283524 0.6903653 0 0 255
0.2392830 0.0283377 0.6900070 0 0 255
0.2406471 0.0283081 0.6892872 0 0 255
0.2422624 0.0283083 0.6892916 0 0 255
0.2434944 0.0282640 0.6882125 0 0 255
0.2449789 0.0282494 0.6878566 0 0 255
0.2464618 0.0282347 0.6875009 0 0 255
0.2475562 0.0281761 0.6860732 0 0 255
0.2491641 0.0281763 0.6860777 0 0 255
0.2503796 0.0281324 0.6850086 0 0 255
0.2518536 0.0281179 0.6846560 0 0 255
0.2535903 0.0281328 0.6850175 0 0 255
0.2547971 0.0280890 0.6839517 0 0 255
0.2565336 0.0281038 0.6843125 0 0 255
0.2578686 0.0280747 0.6836046 0 0 255
0.2597411 0.0281042 0.6843212 0 0 255
0.2609372 0.0280605 0.6832578 0 0 255
0.2625385 0.0280607 0.6832622 0 0 255
0.2640025 0.0280463 0.6829113 0 0 255
0.2651894 0.0280028 0.6818523 0 0 255
0.2666491 0.0279884 0.6815029 0 0 255
0.2678294 0.0279451 0.6804482 0 0 255
0.2691454 0.0279164 0.6797484 0 0 255
0.2703189 0.0278733 0.6786991 0 0 255
0.2717693 0.0278591 0.6783530 0 0 255
0.2732181 0.0278449 0.6780072 0 0 255
0.2743823 0.0278020 0.6769633 0 0 255
0.2759690 0.0278022 0.6769677 0 0 255
0.2771273 0.0277594 0.6759271 0 0 255
0.2785682 0.0277453 0.6755838 0 0 255
0.2798639 0.0277170 0.6748940 0 0 255
0.2814457 0.0277172 0.6748983 0 0 255
0.2825939 0.0276749 0.6738685 0 0 255
0.2838822 0.0276467 0.6731822 0 0 255
0.2853139 0.0276327 0.6728417 0 0 255
0.2867441 0.0276187 0.6725016 0 0 255
0.2881729 0.0276048 0.6721619 0 0 255
0.2894523 0.0275768 0.6714791 0 0 255
0.2910262 0.0275769 0.6714834 0 0 255
0.2926001 0.0275771 0.6714877 0 0 255
0.2938737 0.0275491 0.6708063 0 0 255
0.2952954 0.0275352 0.6704683 0 0 255
0.2967155 0.0275214 0.6701306 0 0 255
0.2990490 0.0275919 0.6718483 0 0 255
0.2998572 0.0275217 0.6701392 0 0 255
0.3014280 0.0275219 0.6701435 0 0 255
-0.0282917 0.0310826 0.7159760 0 0 255
-0.0266156 0.0310828 0.7159806 0 0 255
-0.0248581 0.0309816 0.7136483 0 0 255
-0.0232254 0.0310324 0.7148195 0 0 255
-0.0215168 0.0309820 0.7136575 0 0 255
-0.0198353 0.0309653 0.7132741 0 0 255
-0.0181655 0.0309655 0.7132787 0 0 255
-0.0156292 0.0293392 0.6758170 0 0 255
-0.0140327 0.0293092 0.6751258 0 0 255
-0.0124521 0.0293094 0.6751302 0 0 255
-0.0108493 0.0292496 0.6737521 0 0 255
-0.0092530 0.0291898 0.6723755 0 0 255
-0.0076749 0.0291750 0.6720355 0 0 255
-0.0060985 0.0291603 0.6716958 0 0 255
-0.0045283 0.0291754 0.6720441 0 0 255
-0.0029503 0.0291308 0.6710174 0 0 255
-0.0013780 0.0291013 0.6703361 0 0 255
0.0001914 0.0291015 0.6703405 0 0 255
0.0017617 0.0291165 0.6706875 0 0 255
0.0033320 0.0291167 0.6706918 0 0 255
0.0048972 0.0290872 0.6700112 0 0 255
0.0064692 0.0291022 0.6703578 0 0 255
0.0080387 0.0291024 0.6703621 0 0 255
0.0096131 0.0291175 0.6707091 0 0 255
0.0111778 0.0291028 0.6703707 0 0 255
0.0127473 0.0291030 0.6703750 0 0 255
0.0143315 0.0291329 0.6710650 0 0 255
0.0158946 0.0291182 0.6707263 0 0 255
0.0174829 0.0291482 0.6714169 0 0 255
0.0190647 0.0291633 0.6717650 0 0 255
0.0206587 0.0291934 0.6724577 0 0 255
0.0222446 0.0292085 0.6728069 0 0 255
0.0238566 0.0292537 0.6738476 0 0 255
0.0254475 0.0292689 0.6741981 0 0 255
0.0270400 0.0292842 0.6745489 0 0 255
0.0286194 0.0292844 0.6745533 0 0 255
0.0302144 0.0292996 0.6749045 0 0 255
0.0317947 0.0292998 0.6749089 0 0 255
0.0333579 0.0292849 0.6745663 0 0 255
0.0349374 0.0292851 0.6745706 0 0 255
0.0364982 0.0292703 0.6742284 0 0 255
0.0380378 0.0292404 0.6735407 0 0 255
0.0395743 0.0292106 0.6728544 0 0 255
0.0411288 0.0291958 0.6725139 0 0 255
0.0426817 0.0291811 0.6721738 0 0 255
0.0442330 0.0291663 0.6718341 0 0 255
0.0457828 0.0291516 0.6714947 0 0 255
0.0473310 0.0291368 0.6711556 0 0 255
0.0488526 0.0291073 0.6704742 0 0 255
0.0503712 0.0290777 0.6697942 0 0 255
0.0518867 0.0290483 0.6691155 0 0 255
0.0533991 0.0290189 0.6684383 0 0 255
0.0549085 0.0289895 0.6677625 0 0 255
0.0564149 0.0289603 0.6670880 0 0 255
0.0579770 0.0289604 0.6670923 0 0 255
0.0594485 0.0289165 0.6660810 0 0 255
0.0609465 0.0288874 0.6654099 0 0 255
0.0624419 0.0288585 0.6647444 0 0 255
0.0639338 0.0288295 0.6640761 0 0 255
0.0653897 0.0287860 0.6630740 0 0 255
0.0670103 0.0288153 0.6637489 0 0 255
0.0684954 0.0287864 0.6630825 0 0 255
0.0699422 0.0287430 0.6620833 0 0 255
0.0715289 0.0287577 0.6624218 0 0 255
0.0730433 0.0287434 0.6620919 0 0 255
0.0745187 0.0287146 0.6614289 0 0 255
0.0761061 0.0287292 0.6617666 0 0 255
0.0775777 0.0287005 0.6611043 0 0 255
0.0791260 0.0287007 0.6611086 0 0 255
0.0806743 0.0287009 0.6611128 0 0 255
0.0821399 0.0286722 0.6604518 0 0 255
0.0836867 0.0286724 0.6604561 0 0 255
0.0851906 0.0286581 0.6601281 0 0 255
0.0867803 0.0286727 0.6604645 0 0 255
0.0882384 0.0286441 0.6598048 0 0 255
0.0898740 0.0286731 0.6604730 0 0 255
0.0914669 0.0286877 0.6608097 0 0 255
0.0930146 0.0286879 0.6608140 0 0 255
0.0945623 0.0286881 0.6608182 0 0 255
0.0961585 0.0287027 0.6611553 0 0 255
0.0977070 0.0287029 0.6611595 0 0 255
0.0992555 0.0287031 0.6611637 0 0 255
0.1009057 0.0287322 0.6618347 0 0 255
0.1025076 0.0287469 0.6621727 0 0 255
0.1041110 0.0287616 0.6625112 0 0 255
0.1057161 0.0287763 0.6628500 0 0 255
0.1074314 0.0288201 0.6638598 0 0 255
0.1089864 0.0288203 0.6638641 0 0 255
0.1105413 0.0288205 0.6638684 0 0 255
0.1123235 0.0288791 0.6652181 0 0 255
0.1138816 0.0288793 0.6652224 0 0 255
0.1154983 0.0288941 0.6655639 0 0 255
0.1171167 0.0289089 0.6659058 0 0 255
0.1187969 0.0289385 0.6665863 0 0 255
0.1204807 0.0289681 0.6672682 0 0 255
0.1222300 0.0290125 0.6682914 0 0 255
0.1239216 0.0290423 0.6689768 0 0 255
0.1256807 0.0290869 0.6700053 0 0 255
0.1272502 0.0290871 0.6700096 0 0 255
0.1288196 0.0290873 0.6700139 0 0 255
0.1304557 0.0291023 0.6703603 0 0 255
0.1320260 0.0291025 0.6703646 0 0 255
0.1334600 0.0290730 0.6696850 0 0 255
0.1349599 0.0290584 0.6693479 0 0 255
0.1363888 0.0290290 0.6686704 0 0 255
0.1378850 0.0290144 0.6683344 0 0 255
0.1393087 0.0289851 0.6676590 0 0 255
0.1408011 0.0289705 0.6673239 0 0 255
0.1422198 0.0289413 0.6666505 0 0 255
0.1436357 0.0289121 0.6659786 0 0 255
0.1451958 0.0289123 0.6659828 0 0 255
0.1466815 0.0288978 0.6656495 0 0 255
0.1480158 0.0288541 0.6646429 0 0 255
0.1495728 0.0288543 0.6646472 0 0 255
0.1512064 0.0288691 0.6649880 0 0 255
0.1526097 0.0288401 0.6643195 0 0 255
0.1540880 0.0288257 0.6639878 0 0 255
0.1557223 0.0288404 0.6643280 0 0 255
0.1571991 0.0288260 0.6639963 0 0 255
0.1587547 0.0288262 0.6640007 0 0 255
0.1605538 0.0288702 0.6650138 0 0 255
0.1620298 0.0288558 0.6646814 0 0 255
0.1635870 0.0288560 0.6646857 0 0 255
0.1651442 0.0288562 0.6646900 0 0 255
0.1666171 0.0288417 0.6643580 0 0 255
0.1681736 0.0288419 0.6643623 0 0 255
0.1690458 0.0287258 0.6616883 0 0 255
0.1705102 0.0287116 0.6613594 0 0 255
0.1726684 0.0288133 0.6637034 0 0 255
0.1746648 0.0288865 0.6653892 0 0 255
0.1773018 0.0290634 0.6694641 0 0 255
0.1840023 0.0296378 0.6826942 0 0 255
0.1888417 0.0301553 0.6946159 0 0 255
0.1930156 0.0303000 0.6979477 0 0 255
0.1958697 0.0302361 0.6964759 0 0 255
0.1972923 0.0302042 0.6957424 0 0 255
0.1986068 0.0301565 0.6946427 0 0 255
0.2001285 0.0301407 0.6942799 0 0 255
0.2012233 0.0300615 0.6924538 0 0 255
0.2022060 0.0299669 0.6902744 0 0 255
0.2040379 0.0299986 0.6910053 0 0 255
0.2055489 0.0299830 0.6906463 0 0 255
0.2069495 0.0299517 0.6899250 0 0 255
0.2083472 0.0299204 0.6892053 0 0 255
0.2098520 0.0299049 0.6888482 0 0 255
0.2114661 0.0299051 0.6888527 0 0 255
0.2129684 0.0298896 0.6884959 0 0 255
0.2145817 0.0298898 0.6885003 0 0 255
0.2161950 0.0298900 0.6885048 0 0 255
0.2179226 0.0299059 0.6888704 0 0 255
0.2194217 0.0298904 0.6885136 0 0 255
0.2210351 0.0298906 0.6885180 0 0 255
0.2226485 0.0298908 0.6885226 0 0 255
0.2244973 0.0299224 0.6892496 0 0 255
0.2259938 0.0299069 0.6888925 0 0 255
0.2277276 0.0299227 0.6892585 0 0 255
0.2293427 0.0299229 0.6892629 0 0 255
0.2307158 0.0298918 0.6885447 0 0 255
0.2324511 0.0299076 0.6889102 0 0 255
0.2340655 0.0299078 0.6889147 0 0 255
0.2353096 0.0298610 0.6878368 0 0 255
0.2370457 0.0298769 0.6882015 0 0 255
0.2382838 0.0298302 0.6871259 0 0 255
0.2398941 0.0298304 0.6871303 0 0 255
0.2411275 0.0297840 0.6860623 0 0 255
0.2423554 0.0297376 0.6849933 0 0 255
0.2440880 0.0297533 0.6853552 0 0 255
0.2453101 0.0297070 0.6842884 0 0 255
0.2469138 0.0297072 0.6842927 0 0 255
0.2483881 0.0296919 0.6839409 0 0 255
0.2496010 0.0296458 0.6828785 0 0 255
0.2513320 0.0296614 0.6832381 0 0 255
0.2526704 0.0296308 0.6825325 0 0 255
0.2542700 0.0296309 0.6825368 0 0 255
0.2557367 0.0296157 0.6821867 0 0 255
0.2576030 0.0296467 0.6829004 0 0 255
0.2592035 0.0296469 0.6829048 0 0 255
0.2605331 0.0296163 0.6821999 0 0 255
0.2621320 0.0296165 0.6822042 0 0 255
0.2635939 0.0296013 0.6818545 0 0 255
0.2647797 0.0295555 0.6807987 0 0 255
0.2662373 0.0295404 0.6804504 0 0 255
0.2675549 0.0295100 0.6797506 0 0 255
0.2690088 0.0294949 0.6794034 0 0 255
0.2700425 0.0294342 0.6780051 0 0 255
0.2716317 0.0294344 0.6780096 0 0 255
0.2727984 0.0293891 0.6769657 0 0 255
0.2743850 0.0293893 0.6769700 0 0 255
0.2755458 0.0293441 0.6759294 0 0 255
0.2769875 0.0293292 0.6755861 0 0 255
0.2782847 0.0292992 0.6748963 0 0 255
0.2795793 0.0292694 0.6742079 0 0 255
0.2807292 0.0292247 0.6731801 0 0 255
0.2821625 0.0292100 0.6728396 0 0 255
0.2834492 0.0291803 0.6721555 0 0 255
0.2848789 0.0291655 0.6718161 0 0 255
0.2863072 0.0291508 0.6714770 0 0 255
0.2877341 0.0291361 0.6711383 0 0 255
0.2890119 0.0291065 0.6704576 0 0 255
0.2902872 0.0290771 0.6697783 0 0 255
0.2915598 0.0290476 0.6691003 0 0 255
0.2932776 0.0290626 0.6694456 0 0 255
0.2945467 0.0290332 0.6687684 0 0 255
0.2964160 0.0290630 0.6694542 0 0 255
0.2982892 0.0290928 0.6701414 0 0 255
0.2995545 0.0290634 0.6694628 0 0 255
0.3012773 0.0290784 0.6698084 0 0 255
0.3030019 0.0290934 0.6701543 0 0 255
-0.0299354 0.0327255 0.7151977 0 0 255
-0.0282457 0.0327079 0.7148127 0 0 255
-0.0266159 0.0327616 0.7159876 0 0 255
-0.0248584 0.0326549 0.7136553 0 0 255
-0.0232130 0.0326907 0.7144372 0 0 255
-0.0215053 0.0326376 0.7132765 0 0 255
-0.0198355 0.0326378 0.7132811 0 0 255
-0.0172115 0.0309236 0.6758192 0 0 255
-0.0156213 0.0309079 0.6754756 0 0 255
-0.0140472 0.0309240 0.6758279 0 0 255
-0.0124651 0.0309242 0.6758322 0 0 255
-0.0108717 0.0308926 0.6751412 0 0 255
-0.0092721 0.0308295 0.6737632 0 0 255
-0.0076789 0.0307666 0.6723865 0 0 255
-0.0060985 0.0307352 0.6717024 0 0 255
-0.0045237 0.0307197 0.6713631 0 0 255
-0.0029474 0.0306728 0.6703385 0 0 255
-0.0013759 0.0306261 0.6693170 0 0 255
0.0001912 0.0306419 0.6696630 0 0 255
0.0017582 0.0306265 0.6693256 0 0 255
0.0033269 0.0306423 0.6696715 0 0 255
0.0048923 0.0306269 0.6693342 0 0 255
0.0064627 0.0306427 0.6696802 0 0 255
0.0080306 0.0306429 0.6696845 0 0 255
0.0095936 0.0306275 0.6693471 0 0 255
0.0111608 0.0306277 0.6693515 0 0 255
0.0127344 0.0306435 0.6696974 0 0 255
0.0143024 0.0306437 0.6697017 0 0 255
0.0158704 0.0306439 0.6697060 0 0 255
0.0174563 0.0306754 0.6703945 0 0 255
0.0190356 0.0306913 0.6707415 0 0 255
0.0206272 0.0307229 0.6714321 0 0 255
0.0222107 0.0307388 0.6717802 0 0 255
0.0238202 0.0307863 0.6728178 0 0 255
0.0253955 0.0307865 0.6728221 0 0 255
0.0269848 0.0308025 0.6731715 0 0 255
0.0285610 0.0308027 0.6731759 0 0 255
0.0301682 0.0308345 0.6738715 0 0 255
0.0317135 0.0308031 0.6731845 0 0 255
0.0332897 0.0308033 0.6731888 0 0 255
0.0348660 0.0308035 0.6731932 0 0 255
0.0364798 0.0308353 0.6738888 0 0 255
0.0379603 0.0307565 0.6721674 0 0 255
0.0395140 0.0307410 0.6718277 0 0 255
0.0411082 0.0307569 0.6721761 0 0 255
0.0426167 0.0307099 0.6711493 0 0 255
0.0441656 0.0306944 0.6708106 0 0 255
0.0457131 0.0306790 0.6704721 0 0 255
0.0472348 0.0306478 0.6697922 0 0 255
0.0487784 0.0306324 0.6694548 0 0 255
0.0502947 0.0306014 0.6687769 0 0 255
0.0518080 0.0305704 0.6681004 0 0 255
0.0533182 0.0305395 0.6674252 0 0 255
0.0548254 0.0305087 0.6667514 0 0 255
0.0563581 0.0304934 0.6664171 0 0 255
0.0578893 0.0304781 0.6660832 0 0 255
0.0593889 0.0304474 0.6654121 0 0 255
0.0608242 0.0303862 0.6640741 0 0 255
0.0623793 0.0303864 0.6640784 0 0 255
0.0638698 0.0303559 0.6634113 0 0 255
0.0653904 0.0303407 0.6630805 0 0 255
0.0669432 0.0303409 0.6630847 0 0 255
0.0684269 0.0303105 0.6624197 0 0 255
0.0699077 0.0302801 0.6617560 0 0 255
0.0714214 0.0302651 0.6614268 0 0 255
0.0730072 0.0302805 0.6617646 0 0 255
0.0744819 0.0302502 0.6611022 0 0 255
0.0760302 0.0302504 0.6611065 0 0 255
0.0775394 0.0302354 0.6607779 0 0 255
0.0790472 0.0302204 0.6604497 0 0 255
0.0806345 0.0302358 0.6607864 0 0 255
0.0820994 0.0302055 0.6601261 0 0 255
0.0836454 0.0302057 0.6601303 0 0 255
0.0851915 0.0302059 0.6601346 0 0 255
0.0867375 0.0302061 0.6601388 0 0 255
0.0882836 0.0302063 0.6601431 0 0 255
0.0897846 0.0301913 0.6598155 0 0 255
0.0913758 0.0302067 0.6601515 0 0 255
0.0928753 0.0301917 0.6598241 0 0 255
0.0944682 0.0302071 0.6601601 0 0 255
0.0960627 0.0302225 0.6604965 0 0 255
0.0975605 0.0302075 0.6601686 0 0 255
0.0992066 0.0302381 0.6608375 0 0 255
0.1008559 0.0302688 0.6615077 0 0 255
0.1024569 0.0302842 0.6618454 0 0 255
0.1040595 0.0302997 0.6621835 0 0 255
0.1055573 0.0302846 0.6618540 0 0 255
0.1072698 0.0303307 0.6628608 0 0 255
0.1089323 0.0303615 0.6635350 0 0 255
0.1105983 0.0303925 0.6642107 0 0 255
0.1120974 0.0303773 0.6638791 0 0 255
0.1138251 0.0304236 0.6648920 0 0 255
0.1154409 0.0304392 0.6652332 0 0 255
0.1170584 0.0304549 0.6655747 0 0 255
0.1187378 0.0304860 0.6662545 0 0 255
0.1204818 0.0305326 0.6672747 0 0 255
0.1221690 0.0305639 0.6679580 0 0 255
0.1237966 0.0305797 0.6683023 0 0 255
0.1255538 0.0306266 0.6693286 0 0 255
0.1271865 0.0306424 0.6696743 0 0 255
0.1286895 0.0306270 0.6693373 0 0 255
0.1303238 0.0306428 0.6696829 0 0 255
0.1318253 0.0306274 0.6693459 0 0 255
0.1333933 0.0306276 0.6693501 0 0 255
0.1348924 0.0306122 0.6690134 0 0 255
0.1362513 0.0305657 0.6679966 0 0 255
0.1376760 0.0305348 0.6673219 0 0 255
0.1390979 0.0305040 0.6666485 0 0 255
0.1405882 0.0304887 0.6663145 0 0 255
0.1420049 0.0304580 0.6656432 0 0 255
0.1434915 0.0304428 0.6653101 0 0 255
0.1449032 0.0304121 0.6646408 0 0 255
0.1462381 0.0303662 0.6636373 0 0 255
0.1478676 0.0303818 0.6639773 0 0 255
0.1494230 0.0303820 0.6639816 0 0 255
0.1508260 0.0303515 0.6633150 0 0 255
0.1523030 0.0303363 0.6629843 0 0 255
0.1538561 0.0303365 0.6629886 0 0 255
0.1553309 0.0303214 0.6626583 0 0 255
0.1570418 0.0303522 0.6633320 0 0 255
0.1584358 0.0303218 0.6626668 0 0 255
0.1599882 0.0303220 0.6626710 0 0 255
0.1614592 0.0303069 0.6623411 0 0 255
0.1631756 0.0303377 0.6630142 0 0 255
0.1646458 0.0303226 0.6626838 0 0 255
0.1663662 0.0303534 0.6633576 0 0 255
0.1676662 0.0303077 0.6623580 0 0 255
0.1688773 0.0302468 0.6610287 0 0 255
0.1703403 0.0302318 0.6607003 0 0 255
0.1718882 0.0302320 0.6607046 0 0 255
0.1736109 0.0302627 0.6613743 0 0 255
0.1750722 0.0302476 0.6610457 0 0 255
0.1768881 0.0302936 0.6620497 0 0 255
0.1788902 0.0303703 0.6637270 0 0 255
0.1830356 0.0308065 0.6732592 0 0 255
0.1882157 0.0311420 0.6805910 0 0 255
0.1896137 0.0311099 0.6798907 0 0 255
0.1912067 0.0311101 0.6798950 0 0 255
0.1933001 0.0311911 0.6816640 0 0 255
0.1950998 0.0312237 0.6823769 0 0 255
0.1969033 0.0312564 0.6830911 0 0 255
0.1987106 0.0312891 0.6838069 0 0 255
0.2005216 0.0313219 0.6845241 0 0 255
0.2023364 0.0313548 0.6852429 0 0 255
0.2041551 0.0313878 0.6859632 0 0 255
0.2056550 0.0313716 0.6856095 0 0 255
0.2069373 0.0313227 0.6845417 0 0 255
0.2085414 0.0313229 0.6845462 0 0 255
0.2103647 0.0313558 0.6852650 0 0 255
0.2117494 0.0313233 0.6845550 0 0 255
0.2134648 0.0313399 0.6849164 0 0 255
0.2150697 0.0313401 0.6849208 0 0 255
0.2167876 0.0313566 0.6852826 0 0 255
0.2183934 0.0313568 0.6852870 0 0 255
0.2201141 0.0313734 0.6856492 0 0 255
0.2217207 0.0313736 0.6856536 0 0 255
0.2234441 0.0313902 0.6860161 0 0 255
0.2249342 0.0313740 0.6856624 0 0 255
0.2264227 0.0313579 0.6853090 0 0 255
0.2281476 0.0313744 0.6856712 0 0 255
0.2298744 0.0313910 0.6860338 0 0 255
0.2314820 0.0313912 0.6860382 0 0 255
0.2329680 0.0313750 0.6856844 0 0 255
0.2343317 0.0313427 0.6849780 0 0 255
0.2359369 0.0313429 0.6849824 0 0 255
0.2374182 0.0313268 0.6846297 0 0 255
0.2387737 0.0312943 0.6839212 0 0 255
0.2402514 0.0312783 0.6835697 0 0 255
0.2418533 0.0312785 0.6835740 0 0 255
0.2430757 0.0312299 0.6825128 0 0 255
0.2448024 0.0312463 0.6828720 0 0 255
0.2462747 0.0312303 0.6825216 0 0 255
0.2477455 0.0312143 0.6821715 0 0 255
0.2492147 0.0311983 0.6818218 0 0 255
0.2509429 0.0312147 0.6821802 0 0 255
0.2522796 0.0311825 0.6814768 0 0 255
0.2538767 0.0311827 0.6814812 0 0 255
0.2554738 0.0311829 0.6814855 0 0 255
0.2570710 0.0311831 0.6814899 0 0 255
0.2585340 0.0311671 0.6811409 0 0 255
0.2602653 0.0311835 0.6814986 0 0 255
0.2618625 0.0311837 0.6815031 0 0 255
0.2630503 0.0311354 0.6804484 0 0 255
0.2645081 0.0311195 0.6801005 0 0 255
0.2659644 0.0311036 0.6797529 0 0 255
0.2671428 0.0310556 0.6787037 0 0 255
0.2685947 0.0310398 0.6783575 0 0 255
0.2697667 0.0309920 0.6773126 0 0 255
0.2712144 0.0309762 0.6769679 0 0 255
0.2726605 0.0309604 0.6766236 0 0 255
0.2739642 0.0309288 0.6759317 0 0 255
0.2752652 0.0308972 0.6752411 0 0 255
0.2765635 0.0308656 0.6745520 0 0 255
0.2777185 0.0308186 0.6735232 0 0 255
0.2790111 0.0307872 0.6728376 0 0 255
0.2804445 0.0307716 0.6724975 0 0 255
0.2815884 0.0307246 0.6714706 0 0 255
0.2830176 0.0307091 0.6711319 0 0 255
0.2841552 0.0306623 0.6701092 0 0 255
0.2857259 0.0306625 0.6701135 0 0 255
0.2871501 0.0306471 0.6697762 0 0 255
0.2884260 0.0306161 0.6690983 0 0 255
0.2899943 0.0306163 0.6691025 0 0 255
0.2912661 0.0305853 0.6684261 0 0 255
0.2925352 0.0305544 0.6677509 0 0 255
0.2942500 0.0305702 0.6680948 0 0 255
0.2956657 0.0305548 0.6677595 0 0 255
0.2972309 0.0305550 0.6677637 0 0 255
0.2987962 0.0305552 0.6677680 0 0 255
0.3005143 0.0305710 0.6681119 0 0 255
0.3020804 0.0305712 0.6681162 0 0 255
0.3036465 0.0305714 0.6681205 0 0 255
0.3047478 0.0305250 0.6671071 0 0 255
-0.0297733 0.0342159 0.7113269 0 0 255
-0.0281082 0.0342161 0.7113314 0 0 255
-0.0266016 0.0344216 0.7156040 0 0 255
-0.0247509 0.0341795 0.7105700 0 0 255
-0.0231501 0.0342725 0.7125041 0 0 255
-0.0215055 0.0343100 0.7132835 0 0 255
-0.0198249 0.0342916 0.7129006 0 0 255
-0.0171940 0.0324748 0.6751304 0 0 255
-0.0156295 0.0325085 0.6758302 0 0 255
-0.0140474 0.0325087 0.6758345 0 0 255
-0.0124588 0.0324921 0.6754910 0 0 255
-0.0108551 0.0324258 0.6741115 0 0 255
-0.0092627 0.0323761 0.6730785 0 0 255
-0.0076790 0.0323431 0.6723930 0 0 255
-0.0060955 0.0322937 0.6713653 0 0 255
-0.0045237 0.0322939 0.6713696 0 0 255
-0.0029489 0.0322611 0.6706877 0 0 255
-0.0013759 0.0321955 0.6693236 0 0 255
0.0001910 0.0321793 0.6689866 0 0 255
0.0017573 0.0321795 0.6689909 0 0 255
0.0033236 0.0321797 0.6689952 0 0 255
0.0048873 0.0321635 0.6686587 0 0 255
0.0064529 0.0321637 0.6686630 0 0 255
0.0080184 0.0321639 0.6686673 0 0 255
0.0095888 0.0321805 0.6690124 0 0 255
0.0111495 0.0321643 0.6686758 0 0 255
0.0127151 0.0321645 0.6686802 0 0 255
0.0143026 0.0322140 0.6697083 0 0 255
0.0158625 0.0321978 0.6693709 0 0 255
0.0174297 0.0321980 0.6693752 0 0 255
0.0190164 0.0322311 0.6700630 0 0 255
0.0205958 0.0322477 0.6704097 0 0 255
0.0221655 0.0322479 0.6704140 0 0 255
0.0237717 0.0322976 0.6714473 0 0 255
0.0253568 0.0323144 0.6717954 0 0 255
0.0269436 0.0323311 0.6721437 0 0 255
0.0285320 0.0323479 0.6724924 0 0 255
0.0301066 0.0323481 0.6724968 0 0 255
0.0316813 0.0323483 0.6725012 0 0 255
0.0332730 0.0323651 0.6728504 0 0 255
0.0348485 0.0323653 0.6728547 0 0 255
0.0364240 0.0323655 0.6728590 0 0 255
0.0379412 0.0323161 0.6718300 0 0 255
0.0394739 0.0322832 0.6711472 0 0 255
0.0410665 0.0322999 0.6714949 0 0 255
0.0425953 0.0322671 0.6708128 0 0 255
0.0441435 0.0322508 0.6704744 0 0 255
0.0456436 0.0322017 0.6694527 0 0 255
0.0471871 0.0321855 0.6691157 0 0 255
0.0487540 0.0321857 0.6691200 0 0 255
0.0502440 0.0321368 0.6681026 0 0 255
0.0517821 0.0321206 0.6677669 0 0 255
0.0532916 0.0320882 0.6670924 0 0 255
0.0547981 0.0320558 0.6664193 0 0 255
0.0563301 0.0320397 0.6660854 0 0 255
0.0578605 0.0320237 0.6657519 0 0 255
0.0592992 0.0319590 0.6644081 0 0 255
0.0608248 0.0319433 0.6640806 0 0 255
0.0623799 0.0319435 0.6640848 0 0 255
0.0638704 0.0319114 0.6634178 0 0 255
0.0653250 0.0318633 0.6624177 0 0 255
0.0668426 0.0318474 0.6620877 0 0 255
0.0683586 0.0318316 0.6617582 0 0 255
0.0699084 0.0318318 0.6617625 0 0 255
0.0714221 0.0318160 0.6614333 0 0 255
0.0729344 0.0318001 0.6611044 0 0 255
0.0744452 0.0317843 0.6607759 0 0 255
0.0759927 0.0317845 0.6607801 0 0 255
0.0775402 0.0317847 0.6607844 0 0 255
0.0790479 0.0317690 0.6604562 0 0 255
0.0805137 0.0317372 0.6597965 0 0 255
0.0821002 0.0317534 0.6601326 0 0 255
0.0836042 0.0317376 0.6598051 0 0 255
0.0851067 0.0317219 0.6594778 0 0 255
0.0866948 0.0317380 0.6598135 0 0 255
0.0881958 0.0317223 0.6594863 0 0 255
0.0897855 0.0317384 0.6598220 0 0 255
0.0913308 0.0317387 0.6598263 0 0 255
0.0928762 0.0317389 0.6598305 0 0 255
0.0944691 0.0317550 0.6601666 0 0 255
0.0959670 0.0317393 0.6598390 0 0 255
0.0975615 0.0317554 0.6601750 0 0 255
0.0992075 0.0317876 0.6608439 0 0 255
0.1007553 0.0317878 0.6608481 0 0 255
0.1024063 0.0318200 0.6615184 0 0 255
0.1039033 0.0318042 0.6611895 0 0 255
0.1055583 0.0318365 0.6618604 0 0 255
0.1072167 0.0318688 0.6625327 0 0 255
0.1088234 0.0318851 0.6628715 0 0 255
0.1104318 0.0319014 0.6632106 0 0 255
0.1120985 0.0319339 0.6638856 0 0 255
0.1137110 0.0319503 0.6642258 0 0 255
0.1153836 0.0319828 0.6649027 0 0 255
0.1170002 0.0319992 0.6652439 0 0 255
0.1187390 0.0320482 0.6662610 0 0 255
0.1204218 0.0320809 0.6669422 0 0 255
0.1220460 0.0320975 0.6672854 0 0 255
0.1237978 0.0321467 0.6683088 0 0 255
0.1254271 0.0321633 0.6686534 0 0 255
0.1270581 0.0321798 0.6689984 0 0 255
0.1286908 0.0321965 0.6693438 0 0 255
0.1301923 0.0321803 0.6690071 0 0 255
0.1318266 0.0321969 0.6693524 0 0 255
0.1332587 0.0321643 0.6686749 0 0 255
0.1346879 0.0321318 0.6679989 0 0 255
0.1361142 0.0320993 0.6673241 0 0 255
0.1375376 0.0320669 0.6666508 0 0 255
0.1390287 0.0320509 0.6663167 0 0 255
0.1403758 0.0320023 0.6653081 0 0 255
0.1417907 0.0319701 0.6646389 0 0 255
0.1433477 0.0319704 0.6646432 0 0 255
0.1446119 0.0319060 0.6633044 0 0 255
0.1460919 0.0318901 0.6629738 0 0 255
0.1475705 0.0318742 0.6626435 0 0 255
0.1491229 0.0318744 0.6626477 0 0 255
0.1505233 0.0318424 0.6619838 0 0 255
0.1522276 0.0318748 0.6626562 0 0 255
0.1537024 0.0318589 0.6623262 0 0 255
0.1550976 0.0318270 0.6616630 0 0 255
0.1567267 0.0318433 0.6620009 0 0 255
0.1582776 0.0318435 0.6620051 0 0 255
0.1597479 0.0318276 0.6616758 0 0 255
0.1614608 0.0318599 0.6623475 0 0 255
0.1630125 0.0318601 0.6623517 0 0 255
0.1644813 0.0318443 0.6620221 0 0 255
0.1659487 0.0318284 0.6616927 0 0 255
0.1675834 0.0318447 0.6620306 0 0 255
0.1690491 0.0318288 0.6617013 0 0 255
0.1706854 0.0318451 0.6620392 0 0 255
0.1724104 0.0318774 0.6627116 0 0 255
0.1737000 0.0318295 0.6617140 0 0 255
0.1750739 0.0317976 0.6610521 0 0 255
0.1769791 0.0318620 0.6623901 0 0 255
0.1787113 0.0318944 0.6630632 0 0 255
0.1812716 0.0320727 0.6667708 0 0 255
0.1837669 0.0322366 0.6701778 0 0 255
0.1860015 0.0323524 0.6725847 0 0 255
0.1882523 0.0324690 0.6750090 0 0 255
0.1899315 0.0324859 0.6753605 0 0 255
0.1921066 0.0325866 0.6774552 0 0 255
0.1940944 0.0326542 0.6788604 0 0 255
0.1958876 0.0326882 0.6795674 0 0 255
0.1994838 0.0327562 0.6809813 0 0 255
0.2012881 0.0327905 0.6816927 0 0 255
0.2026763 0.0327569 0.6809945 0 0 255
0.2060800 0.0327911 0.6817058 0 0 255
0.2076787 0.0327915 0.6817145 0 0 255
0.2091675 0.0327747 0.6813653 0 0 255
0.2109830 0.0328090 0.6820773 0 0 255
0.2142908 0.0328264 0.6824406 0 0 255
0.2157778 0.0328096 0.6820905 0 0 255
0.2174891 0.0328269 0.6824493 0 0 255
0.2193162 0.0328612 0.6831637 0 0 255
0.2209170 0.0328614 0.6831681 0 0 255
0.2224022 0.0328446 0.6828173 0 0 255
0.2241188 0.0328619 0.6831769 0 0 255
0.2256023 0.0328450 0.6828260 0 0 255
0.2273206 0.0328623 0.6831856 0 0 255
0.2288025 0.0328454 0.6828348 0 0 255
0.2305225 0.0328627 0.6831944 0 0 255
0.2317618 0.0328117 0.6821343 0 0 255
0.2333603 0.0328119 0.6821387 0 0 255
0.2349589 0.0328121 0.6821431 0 0 255
0.2364346 0.0327953 0.6817934 0 0 255
0.2381560 0.0328125 0.6821519 0 0 255
0.2396301 0.0327957 0.6818022 0 0 255
0.2409777 0.0327619 0.6810994 0 0 255
0.2425739 0.0327621 0.6811038 0 0 255
0.2441701 0.0327623 0.6811082 0 0 255
0.2457663 0.0327626 0.6811125 0 0 255
0.2471062 0.0327288 0.6804112 0 0 255
0.2487008 0.0327290 0.6804157 0 0 255
0.2501658 0.0327123 0.6800678 0 0 255
0.2520206 0.0327464 0.6807771 0 0 255
0.2536160 0.0327466 0.6807815 0 0 255
0.2550793 0.0327299 0.6804332 0 0 255
0.2565411 0.0327131 0.6800853 0 0 255
0.2582687 0.0327303 0.6804419 0 0 255
0.2597289 0.0327136 0.6800940 0 0 255
0.2611876 0.0326968 0.6797465 0 0 255
0.2626448 0.0326801 0.6793993 0 0 255
0.2641005 0.0326635 0.6790524 0 0 255
0.2654176 0.0326299 0.6783555 0 0 255
0.2668697 0.0326133 0.6780097 0 0 255
0.2684588 0.0326135 0.6780140 0 0 255
0.2694915 0.0325465 0.6766215 0 0 255
0.2710773 0.0325467 0.6766258 0 0 255
0.2722425 0.0324967 0.6755863 0 0 255
0.2736852 0.0324802 0.6752434 0 0 255
0.2751264 0.0324638 0.6749008 0 0 255
0.2760011 0.0323810 0.6731802 0 0 255
0.2775789 0.0323812 0.6731846 0 0 255
0.2788710 0.0323483 0.6724997 0 0 255
0.2800173 0.0322989 0.6714728 0 0 255
0.2814473 0.0322826 0.6711341 0 0 255
0.2825872 0.0322334 0.6701114 0 0 255
0.2838684 0.0322007 0.6694329 0 0 255
0.2851469 0.0321682 0.6687557 0 0 255
0.2867144 0.0321684 0.6687599 0 0 255
0.2879888 0.0321359 0.6680841 0 0 255
0.2892606 0.0321034 0.6674097 0 0 255
0.2909728 0.0321199 0.6677531 0 0 255
0.2923894 0.0321038 0.6674182 0 0 255
0.2936555 0.0320715 0.6667451 0 0 255
0.2950687 0.0320554 0.6664112 0 0 255
0.2969320 0.0320882 0.6670923 0 0 255
0.2986474 0.0321047 0.6674354 0 0 255
0.3000594 0.0320886 0.6671008 0 0 255
0.3017764 0.0321051 0.6674440 0 0 255
0.3031870 0.0320890 0.6671094 0 0 255
0.3045961 0.0320729 0.6667751 0 0 255
0.3060039 0.0320568 0.6664412 0 0 255
-0.0314559 0.0359031 0.7117152 0 0 255
-0.0297094 0.0358064 0.7097991 0 0 255
-0.0263576 0.0357682 0.7090410 0 0 255
-0.0231253 0.0359042 0.7117381 0 0 255
-0.0214591 0.0359044 0.7117427 0 0 255
-0.0189600 0.0343939 0.6817981 0 0 255
-0.0172563 0.0341810 0.6775775 0 0 255
-0.0156378 0.0341107 0.6761851 0 0 255
-0.0140475 0.0340934 0.6758412 0 0 255
-0.0124334 0.0340062 0.6741138 0 0 255
-0.0108441 0.0339715 0.6734262 0 0 255
-0.0092627 0.0339543 0.6730852 0 0 255
-0.0076752 0.0339024 0.6720552 0 0 255
-0.0060955 0.0338679 0.6713719 0 0 255
-0.0045191 0.0338335 0.6706899 0 0 255
-0.0029459 0.0337992 0.6700093 0 0 255
-0.0013752 0.0337477 0.6689889 0 0 255
0.0001910 0.0337479 0.6689932 0 0 255
0.0017555 0.0337137 0.6683160 0 0 255
0.0033185 0.0336968 0.6679802 0 0 255
0.0048849 0.0337142 0.6683246 0 0 255
0.0064463 0.0336972 0.6679888 0 0 255
0.0080144 0.0337146 0.6683332 0 0 255
0.0095791 0.0337148 0.6683375 0 0 255
0.0111383 0.0336979 0.6680017 0 0 255
0.0127023 0.0336981 0.6680059 0 0 255
0.0142736 0.0337155 0.6683504 0 0 255
0.0158303 0.0336985 0.6680145 0 0 255
0.0174121 0.0337331 0.6686996 0 0 255
0.0189778 0.0337333 0.6687040 0 0 255
0.0205750 0.0337852 0.6697321 0 0 255
0.0221431 0.0337854 0.6697364 0 0 255
0.0237355 0.0338201 0.6704249 0 0 255
0.0253311 0.0338549 0.6711149 0 0 255
0.0269300 0.0338898 0.6718063 0 0 255
0.0284885 0.0338727 0.6714669 0 0 255
0.0300915 0.0339076 0.6721590 0 0 255
0.0316491 0.0338905 0.6718193 0 0 255
0.0332052 0.0338734 0.6714799 0 0 255
0.0347953 0.0338909 0.6718279 0 0 255
0.0363684 0.0338911 0.6718322 0 0 255
0.0379222 0.0338740 0.6714928 0 0 255
0.0394541 0.0338396 0.6708107 0 0 255
0.0409830 0.0338053 0.6701300 0 0 255
0.0425522 0.0338055 0.6701342 0 0 255
0.0440764 0.0337712 0.6694549 0 0 255
0.0455975 0.0337370 0.6687770 0 0 255
0.0471635 0.0337372 0.6687813 0 0 255
0.0486800 0.0337031 0.6681048 0 0 255
0.0501934 0.0336690 0.6674296 0 0 255
0.0517037 0.0336350 0.6667558 0 0 255
0.0532651 0.0336353 0.6667601 0 0 255
0.0547708 0.0336013 0.6660876 0 0 255
0.0563020 0.0335845 0.6657541 0 0 255
0.0577151 0.0335000 0.6640785 0 0 255
0.0592402 0.0334833 0.6637470 0 0 255
0.0607639 0.0334665 0.6634157 0 0 255
0.0623175 0.0334668 0.6634200 0 0 255
0.0638066 0.0334332 0.6627543 0 0 255
0.0652598 0.0333828 0.6617562 0 0 255
0.0668432 0.0333999 0.6620942 0 0 255
0.0683248 0.0333664 0.6614313 0 0 255
0.0698386 0.0333499 0.6611024 0 0 255
0.0714228 0.0333669 0.6614398 0 0 255
0.0728617 0.0333167 0.6604457 0 0 255
0.0744459 0.0333337 0.6607824 0 0 255
0.0759170 0.0333004 0.6601221 0 0 255
0.0775019 0.0333174 0.6604584 0 0 255
0.0790090 0.0333008 0.6601306 0 0 255
0.0805550 0.0333010 0.6601348 0 0 255
0.0820185 0.0332678 0.6594757 0 0 255
0.0835211 0.0332513 0.6591489 0 0 255
0.0850648 0.0332515 0.6591531 0 0 255
0.0866956 0.0332852 0.6598200 0 0 255
0.0881524 0.0332519 0.6591616 0 0 255
0.0896962 0.0332522 0.6591658 0 0 255
0.0912400 0.0332524 0.6591700 0 0 255
0.0927838 0.0332526 0.6591743 0 0 255
0.0943277 0.0332528 0.6591785 0 0 255
0.0959198 0.0332697 0.6595139 0 0 255
0.0975625 0.0333034 0.6601815 0 0 255
0.0991087 0.0333036 0.6601858 0 0 255
0.1007056 0.0333206 0.6605222 0 0 255
0.1023042 0.0333376 0.6608589 0 0 255
0.1038520 0.0333378 0.6608631 0 0 255
0.1055062 0.0333716 0.6615334 0 0 255
0.1071636 0.0334055 0.6622049 0 0 255
0.1088245 0.0334394 0.6628779 0 0 255
0.1103771 0.0334396 0.6628822 0 0 255
0.1119863 0.0334567 0.6632213 0 0 255
0.1137121 0.0335077 0.6642323 0 0 255
0.1153263 0.0335249 0.6645727 0 0 255
0.1169421 0.0335421 0.6649135 0 0 255
0.1186799 0.0335934 0.6659296 0 0 255
0.1203619 0.0336277 0.6666101 0 0 255
0.1220472 0.0336621 0.6672920 0 0 255
0.1237361 0.0336966 0.6679753 0 0 255
0.1253645 0.0337139 0.6683197 0 0 255
0.1270594 0.0337485 0.6690050 0 0 255
0.1286265 0.0337487 0.6690093 0 0 255
0.1301273 0.0337318 0.6686729 0 0 255
0.1316266 0.0337148 0.6683369 0 0 255
0.1331244 0.0336979 0.6680011 0 0 255
0.1345523 0.0336638 0.6673264 0 0 255
0.1359773 0.0336299 0.6666530 0 0 255
0.1373298 0.0335789 0.6656434 0 0 255
0.1388187 0.0335621 0.6653104 0 0 255
0.1402351 0.0335284 0.6646411 0 0 255
0.1416487 0.0334947 0.6639732 0 0 255
0.1430594 0.0334610 0.6633067 0 0 255
0.1444673 0.0334275 0.6626414 0 0 255
0.1459460 0.0334108 0.6623114 0 0 255
0.1474232 0.0333942 0.6619818 0 0 255
0.1488989 0.0333776 0.6616524 0 0 255
0.1503731 0.0333610 0.6613235 0 0 255
0.1518459 0.0333444 0.6609948 0 0 255
0.1533944 0.0333446 0.6609991 0 0 255
0.1548650 0.0333281 0.6606708 0 0 255
0.1564915 0.0333451 0.6610076 0 0 255
0.1580401 0.0333453 0.6610118 0 0 255
0.1596690 0.0333623 0.6613490 0 0 255
0.1610562 0.0333289 0.6606877 0 0 255
0.1626859 0.0333459 0.6610246 0 0 255
0.1641519 0.0333294 0.6606963 0 0 255
0.1656165 0.0333128 0.6603683 0 0 255
0.1672477 0.0333298 0.6607047 0 0 255
0.1687956 0.0333300 0.6607090 0 0 255
0.1705152 0.0333638 0.6613787 0 0 255
0.1719781 0.0333472 0.6610501 0 0 255
0.1736142 0.0333642 0.6613873 0 0 255
0.1752521 0.0333812 0.6617247 0 0 255
0.1768916 0.0333983 0.6620627 0 0 255
0.1785327 0.0334154 0.6624008 0 0 255
0.1807228 0.0335340 0.6647522 0 0 255
0.1830215 0.0336705 0.6674594 0 0 255
0.1849613 0.0337393 0.6688234 0 0 255
0.1871957 0.0338603 0.6712206 0 0 255
0.1891551 0.0339299 0.6726000 0 0 255
0.1912207 0.0340172 0.6743311 0 0 255
0.1931975 0.0340874 0.6757234 0 0 255
0.1951825 0.0341579 0.6771213 0 0 255
0.1969722 0.0341934 0.6778246 0 0 255
0.1987655 0.0342290 0.6785294 0 0 255
0.2006664 0.0342823 0.6795871 0 0 255
0.2022588 0.0342826 0.6795915 0 0 255
0.2037457 0.0342650 0.6792443 0 0 255
0.2052311 0.0342475 0.6788976 0 0 255
0.2069289 0.0342655 0.6792531 0 0 255
0.2085205 0.0342657 0.6792575 0 0 255
0.2101121 0.0342659 0.6792618 0 0 255
0.2117037 0.0342661 0.6792662 0 0 255
0.2135163 0.0343018 0.6799739 0 0 255
0.2151096 0.0343021 0.6799783 0 0 255
0.2164788 0.0342668 0.6792793 0 0 255
0.2181834 0.0342848 0.6796352 0 0 255
0.2198897 0.0343027 0.6799914 0 0 255
0.2214832 0.0343029 0.6799958 0 0 255
0.2231922 0.0343209 0.6803523 0 0 255
0.2246701 0.0343034 0.6800045 0 0 255
0.2262636 0.0343036 0.6800088 0 0 255
0.2277392 0.0342861 0.6796614 0 0 255
0.2295694 0.0343218 0.6803698 0 0 255
0.2309246 0.0342865 0.6796701 0 0 255
0.2325173 0.0342867 0.6796744 0 0 255
0.2341101 0.0342870 0.6796788 0 0 255
0.2357029 0.0342872 0.6796832 0 0 255
0.2370503 0.0342519 0.6789849 0 0 255
0.2387649 0.0342699 0.6793404 0 0 255
0.2403569 0.0342701 0.6793448 0 0 255
0.2416990 0.0342349 0.6786472 0 0 255
0.2431638 0.0342175 0.6783011 0 0 255
0.2450064 0.0342530 0.6790067 0 0 255
0.2465977 0.0342533 0.6790110 0 0 255
0.2480608 0.0342358 0.6786646 0 0 255
0.2497803 0.0342537 0.6790198 0 0 255
0.2516318 0.0342894 0.6797270 0 0 255
0.2530938 0.0342719 0.6793797 0 0 255
0.2548178 0.0342898 0.6797357 0 0 255
0.2564109 0.0342900 0.6797400 0 0 255
0.2578705 0.0342725 0.6793928 0 0 255
0.2593286 0.0342550 0.6790460 0 0 255
0.2606506 0.0342199 0.6783490 0 0 255
0.2622404 0.0342201 0.6783534 0 0 255
0.2638303 0.0342203 0.6783577 0 0 255
0.2652832 0.0342029 0.6780120 0 0 255
0.2667346 0.0341854 0.6776665 0 0 255
0.2680463 0.0341504 0.6769724 0 0 255
0.2696330 0.0341506 0.6769768 0 0 255
0.2709404 0.0341157 0.6762841 0 0 255
0.2719654 0.0340458 0.6748987 0 0 255
0.2735473 0.0340460 0.6749030 0 0 255
0.2747058 0.0339939 0.6738688 0 0 255
0.2757213 0.0339247 0.6724976 0 0 255
0.2771556 0.0339076 0.6721579 0 0 255
0.2781618 0.0338385 0.6707894 0 0 255
0.2797340 0.0338387 0.6707937 0 0 255
0.2810193 0.0338044 0.6701137 0 0 255
0.2820146 0.0337358 0.6687536 0 0 255
0.2835822 0.0337360 0.6687579 0 0 255
0.2847149 0.0336848 0.6677426 0 0 255
0.2862801 0.0336850 0.6677468 0 0 255
0.2875530 0.0336510 0.6670731 0 0 255
0.2891166 0.0336513 0.6670774 0 0 255
0.2905327 0.0336344 0.6667431 0 0 255
0.2919474 0.0336176 0.6664092 0 0 255
0.2935095 0.0336178 0.6664135 0 0 255
0.2949220 0.0336009 0.6660799 0 0 255
0.2964833 0.0336012 0.6660842 0 0 255
0.2978936 0.0335843 0.6657509 0 0 255
0.2994542 0.0335846 0.6657552 0 0 255
0.3011674 0.0336018 0.6660970 0 0 255
0.3031899 0.0336532 0.6671159 0 0 255
0.3041361 0.0335852 0.6657680 0 0 255
0.3061621 0.0336366 0.6667859 0 0 255
0.3089796 0.0337739 0.6695083 0 0 255
-0.0313035 0.0373896 0.7082687 0 0 255
-0.0296936 0.0374505 0.7094222 0 0 255
-0.0280481 0.0374710 0.7098106 0 0 255
-0.0262444 0.0372696 0.7059956 0 0 255
-0.0244732 0.0370902 0.7025976 0 0 255
-0.0229637 0.0373102 0.7067654 0 0 255
-0.0205884 0.0360485 0.6828648 0 0 255
-0.0189504 0.0359739 0.6814506 0 0 255
-0.0173011 0.0358623 0.6793382 0 0 255
-0.0156379 0.0356962 0.6761917 0 0 255
-0.0140477 0.0356781 0.6758478 0 0 255
-0.0124335 0.0355869 0.6741204 0 0 255
-0.0108442 0.0355506 0.6734328 0 0 255
-0.0092533 0.0354962 0.6724018 0 0 255
-0.0076674 0.0354419 0.6713741 0 0 255
-0.0060925 0.0354240 0.6710351 0 0 255
-0.0045169 0.0353880 0.6703538 0 0 255
-0.0029444 0.0353522 0.6696739 0 0 255
-0.0013745 0.0352983 0.6686545 0 0 255
0.0001908 0.0352626 0.6679781 0 0 255
0.0017546 0.0352629 0.6679824 0 0 255
0.0033185 0.0352631 0.6679867 0 0 255
0.0048800 0.0352454 0.6676511 0 0 255
0.0064464 0.0352635 0.6679953 0 0 255
0.0080063 0.0352458 0.6676598 0 0 255
0.0095744 0.0352640 0.6680040 0 0 255
0.0111384 0.0352642 0.6680083 0 0 255
0.0126959 0.0352465 0.6676727 0 0 255
0.0142592 0.0352467 0.6676770 0 0 255
0.0158224 0.0352470 0.6676813 0 0 255
0.0173946 0.0352651 0.6680254 0 0 255
0.0189683 0.0352833 0.6683699 0 0 255
0.0205542 0.0353195 0.6690557 0 0 255
0.0221207 0.0353197 0.6690600 0 0 255
0.0237115 0.0353560 0.6697472 0 0 255
0.0252925 0.0353743 0.6700934 0 0 255
0.0268753 0.0353926 0.6704401 0 0 255
0.0284742 0.0354290 0.6711301 0 0 255
0.0300610 0.0354474 0.6714778 0 0 255
0.0316171 0.0354295 0.6711387 0 0 255
0.0331886 0.0354297 0.6711430 0 0 255
0.0347423 0.0354118 0.6708043 0 0 255
0.0363316 0.0354302 0.6711516 0 0 255
0.0378838 0.0354123 0.6708130 0 0 255
0.0394142 0.0353764 0.6701322 0 0 255
0.0409834 0.0353766 0.6701365 0 0 255
0.0425092 0.0353407 0.6694572 0 0 255
0.0440319 0.0353049 0.6687793 0 0 255
0.0455747 0.0352872 0.6684430 0 0 255
0.0471400 0.0352874 0.6684473 0 0 255
0.0486063 0.0352159 0.6670926 0 0 255
0.0501684 0.0352161 0.6670969 0 0 255
0.0516256 0.0351449 0.6657478 0 0 255
0.0532115 0.0351630 0.6660898 0 0 255
0.0547158 0.0351275 0.6654187 0 0 255
0.0562455 0.0351100 0.6650859 0 0 255
0.0577156 0.0350571 0.6640850 0 0 255
0.0592708 0.0350573 0.6640893 0 0 255
0.0607338 0.0350044 0.6630871 0 0 255
0.0622551 0.0349870 0.6627566 0 0 255
0.0637750 0.0349696 0.6624264 0 0 255
0.0652933 0.0349521 0.6620965 0 0 255
0.0667765 0.0349171 0.6614335 0 0 255
0.0683255 0.0349174 0.6614377 0 0 255
0.0698042 0.0348824 0.6607761 0 0 255
0.0713157 0.0348651 0.6604480 0 0 255
0.0728624 0.0348653 0.6604522 0 0 255
0.0744092 0.0348656 0.6604564 0 0 255
0.0759177 0.0348483 0.6601285 0 0 255
0.0774637 0.0348485 0.6601328 0 0 255
0.0790097 0.0348487 0.6601370 0 0 255
0.0804748 0.0348139 0.6594779 0 0 255
0.0820193 0.0348141 0.6594822 0 0 255
0.0835638 0.0348144 0.6594865 0 0 255
0.0850656 0.0347971 0.6591595 0 0 255
0.0865659 0.0347799 0.6588330 0 0 255
0.0881532 0.0347975 0.6591680 0 0 255
0.0896520 0.0347803 0.6588414 0 0 255
0.0911494 0.0347631 0.6585152 0 0 255
0.0927382 0.0347808 0.6588500 0 0 255
0.0942813 0.0347810 0.6588542 0 0 255
0.0958725 0.0347987 0.6591892 0 0 255
0.0975144 0.0348339 0.6598561 0 0 255
0.0990101 0.0348166 0.6595289 0 0 255
0.1006560 0.0348518 0.6601964 0 0 255
0.1023052 0.0348871 0.6608653 0 0 255
0.1038531 0.0348874 0.6608695 0 0 255
0.1054541 0.0349052 0.6612067 0 0 255
0.1071647 0.0349582 0.6622114 0 0 255
0.1087157 0.0349584 0.6622157 0 0 255
0.1103225 0.0349763 0.6625541 0 0 255
0.1119309 0.0349942 0.6628929 0 0 255
0.1135983 0.0350298 0.6635673 0 0 255
0.1152691 0.0350655 0.6642430 0 0 255
0.1170025 0.0351190 0.6652570 0 0 255
0.1185608 0.0351192 0.6652613 0 0 255
0.1203630 0.0351908 0.6666167 0 0 255
0.1220484 0.0352268 0.6672986 0 0 255
0.1236115 0.0352270 0.6673028 0 0 255
0.1254296 0.0352990 0.6686665 0 0 255
0.1269959 0.0352992 0.6686708 0 0 255
0.1285622 0.0352994 0.6686751 0 0 255
0.1299962 0.0352637 0.6679991 0 0 255
0.1314940 0.0352460 0.6676637 0 0 255
0.1330580 0.0352463 0.6676680 0 0 255
0.1343488 0.0351749 0.6663169 0 0 255
0.1357718 0.0351395 0.6656456 0 0 255
0.1372615 0.0351219 0.6653126 0 0 255
0.1385393 0.0350511 0.6639712 0 0 255
0.1399531 0.0350159 0.6633046 0 0 255
0.1414355 0.0349985 0.6629739 0 0 255
0.1428443 0.0349634 0.6623093 0 0 255
0.1442503 0.0349284 0.6616461 0 0 255
0.1457269 0.0349110 0.6613172 0 0 255
0.1472020 0.0348937 0.6609886 0 0 255
0.1487504 0.0348939 0.6609928 0 0 255
0.1501478 0.0348590 0.6603323 0 0 255
0.1516185 0.0348417 0.6600046 0 0 255
0.1532417 0.0348595 0.6603407 0 0 255
0.1548665 0.0348772 0.6606773 0 0 255
0.1563357 0.0348599 0.6603492 0 0 255
0.1578827 0.0348601 0.6603535 0 0 255
0.1593496 0.0348428 0.6600258 0 0 255
0.1608959 0.0348431 0.6600301 0 0 255
0.1624422 0.0348433 0.6600343 0 0 255
0.1639061 0.0348260 0.6597070 0 0 255
0.1669984 0.0348267 0.6597197 0 0 255
0.1702596 0.0348619 0.6603875 0 0 255
0.1733551 0.0348626 0.6604002 0 0 255
0.1749904 0.0348804 0.6607367 0 0 255
0.1782648 0.0349157 0.6614065 0 0 255
0.1800865 0.0349688 0.6624116 0 0 255
0.1819138 0.0350220 0.6634197 0 0 255
0.1839327 0.0351109 0.6651039 0 0 255
0.1863404 0.0352719 0.6681536 0 0 255
0.1880973 0.0353081 0.6688385 0 0 255
0.1900516 0.0353804 0.6702082 0 0 255
0.1920138 0.0354530 0.6715833 0 0 255
0.1941832 0.0355623 0.6736546 0 0 255
0.1961641 0.0356356 0.6750439 0 0 255
0.1979493 0.0356725 0.6757430 0 0 255
0.1998411 0.0357279 0.6767920 0 0 255
0.2015308 0.0357466 0.6771453 0 0 255
0.2032222 0.0357652 0.6774990 0 0 255
0.2047040 0.0357470 0.6771540 0 0 255
0.2063972 0.0357657 0.6775077 0 0 255
0.2079847 0.0357659 0.6775120 0 0 255
0.2095722 0.0357662 0.6775164 0 0 255
0.2112688 0.0357849 0.6778705 0 0 255
0.2129671 0.0358036 0.6782249 0 0 255
0.2144456 0.0357853 0.6778792 0 0 255
0.2159226 0.0357671 0.6775338 0 0 255
0.2176225 0.0357858 0.6778879 0 0 255
0.2192109 0.0357860 0.6778922 0 0 255
0.2207994 0.0357862 0.6778966 0 0 255
0.2225028 0.0358049 0.6782510 0 0 255
0.2240922 0.0358052 0.6782554 0 0 255
0.2256816 0.0358054 0.6782598 0 0 255
0.2272710 0.0358056 0.6782641 0 0 255
0.2288604 0.0358059 0.6782685 0 0 255
0.2303309 0.0357876 0.6779228 0 0 255
0.2319196 0.0357878 0.6779271 0 0 255
0.2335082 0.0357881 0.6779315 0 0 255
0.2349756 0.0357698 0.6775861 0 0 255
0.2365635 0.0357701 0.6775905 0 0 255
0.2381514 0.0357703 0.6775948 0 0 255
0.2397393 0.0357705 0.6775992 0 0 255
0.2412028 0.0357523 0.6772541 0 0 255
0.2427900 0.0357525 0.6772585 0 0 255
0.2446294 0.0357897 0.6779619 0 0 255
0.2459644 0.0357530 0.6772672 0 0 255
0.2476793 0.0357717 0.6776209 0 0 255
0.2493960 0.0357904 0.6779751 0 0 255
0.2511145 0.0358091 0.6783295 0 0 255
0.2527042 0.0358093 0.6783338 0 0 255
0.2544253 0.0358280 0.6786886 0 0 255
0.2558837 0.0358098 0.6783426 0 0 255
0.2573406 0.0357915 0.6779968 0 0 255
0.2589296 0.0357918 0.6780012 0 0 255
0.2603842 0.0357735 0.6776558 0 0 255
0.2619725 0.0357737 0.6776601 0 0 255
0.2636967 0.0357924 0.6780142 0 0 255
0.2650122 0.0357558 0.6773194 0 0 255
0.2664623 0.0357376 0.6769747 0 0 255
0.2677729 0.0357010 0.6762820 0 0 255
0.2692194 0.0356829 0.6759384 0 0 255
0.2705252 0.0356464 0.6752478 0 0 255
0.2718284 0.0356100 0.6745587 0 0 255
0.2732691 0.0355920 0.6742169 0 0 255
0.2741477 0.0355013 0.6724998 0 0 255
0.2755829 0.0354834 0.6721602 0 0 255
0.2767335 0.0354293 0.6711344 0 0 255
0.2780226 0.0353933 0.6704537 0 0 255
0.2794514 0.0353755 0.6701160 0 0 255
0.2808788 0.0353577 0.6697786 0 0 255
0.2818739 0.0352860 0.6684200 0 0 255
0.2831525 0.0352503 0.6677448 0 0 255
0.2847177 0.0352505 0.6677490 0 0 255
0.2859921 0.0352150 0.6670753 0 0 255
0.2872640 0.0351795 0.6664029 0 0 255
0.2885334 0.0351440 0.6657318 0 0 255
0.2900938 0.0351443 0.6657360 0 0 255
0.2915066 0.0351267 0.6654031 0 0 255
0.2930664 0.0351269 0.6654074 0 0 255
0.2944770 0.0351094 0.6650749 0 0 255
0.2958862 0.0350918 0.6647427 0 0 255
0.2972940 0.0350743 0.6644108 0 0 255
0.2985524 0.0350394 0.6637503 0 0 255
0.3004118 0.0350751 0.6644258 0 0 255
0.3024281 0.0351286 0.6654395 0 0 255
0.3039880 0.0351289 0.6654438 0 0 255
0.3058577 0.0351647 0.6661228 0 0 255
0.3078874 0.0352185 0.6671417 0 0 255
0.3105521 0.0353440 0.6695191 0 0 255
-0.0328731 0.0389450 0.7063645 0 0 255
-0.0311358 0.0388407 0.7044726 0 0 255
-0.0295342 0.0389036 0.7056137 0 0 255
-0.0279124 0.0389457 0.7063780 0 0 255
-0.0261042 0.0387167 0.7022238 0 0 255
-0.0243560 0.0385519 0.6992344 0 0 255
-0.0224442 0.0380855 0.6907762 0 0 255
-0.0205565 0.0375910 0.6818070 0 0 255
-0.0189604 0.0375913 0.6818114 0 0 255
-0.0173282 0.0375135 0.6804016 0 0 255
-0.0156785 0.0373781 0.6779451 0 0 255
-0.0140550 0.0372820 0.6762027 0 0 255
-0.0124272 0.0371485 0.6737808 0 0 255
-0.0108443 0.0371297 0.6734393 0 0 255
-0.0092629 0.0371109 0.6730983 0 0 255
-0.0076635 0.0369972 0.6710373 0 0 255
-0.0060925 0.0369975 0.6710416 0 0 255
-0.0045123 0.0369222 0.6696762 0 0 255
-0.0029430 0.0369036 0.6693389 0 0 255
-0.0013745 0.0368662 0.6686611 0 0 255
0.0001907 0.0368102 0.6676449 0 0 255
0.0017547 0.0368292 0.6679890 0 0 255
0.0033169 0.0368107 0.6676534 0 0 255
0.0048800 0.0368109 0.6676577 0 0 255
0.0064399 0.0367924 0.6673225 0 0 255
0.0080064 0.0368114 0.6676663 0 0 255
0.0095647 0.0367929 0.6673311 0 0 255
0.0111271 0.0367931 0.6673354 0 0 255
0.0126831 0.0367747 0.6670005 0 0 255
0.0142593 0.0368123 0.6676835 0 0 255
0.0158145 0.0367938 0.6673483 0 0 255
0.0173859 0.0368128 0.6676921 0 0 255
0.0189589 0.0368318 0.6680362 0 0 255
0.0205230 0.0368320 0.6680406 0 0 255
0.0220984 0.0368510 0.6683850 0 0 255
0.0236875 0.0368888 0.6690708 0 0 255
0.0252541 0.0368891 0.6690751 0 0 255
0.0268344 0.0369081 0.6694207 0 0 255
0.0284308 0.0369460 0.6701086 0 0 255
0.0300152 0.0369651 0.6704552 0 0 255
0.0315690 0.0369465 0.6701172 0 0 255
0.0331719 0.0369845 0.6708066 0 0 255
0.0347072 0.0369470 0.6701258 0 0 255
0.0362948 0.0369661 0.6704725 0 0 255
0.0378454 0.0369475 0.6701344 0 0 255
0.0393744 0.0369100 0.6694551 0 0 255
0.0409629 0.0369291 0.6698011 0 0 255
0.0424880 0.0368917 0.6691225 0 0 255
0.0439875 0.0368356 0.6681049 0 0 255
0.0455752 0.0368546 0.6684495 0 0 255
0.0470685 0.0367986 0.6674341 0 0 255
0.0486067 0.0367801 0.6670991 0 0 255
0.0501179 0.0367430 0.6664261 0 0 255
0.0515999 0.0366874 0.6654168 0 0 255
0.0531851 0.0367062 0.6657586 0 0 255
0.0547163 0.0366878 0.6654253 0 0 255
0.0561611 0.0366140 0.6640873 0 0 255
0.0577162 0.0366143 0.6640915 0 0 255
0.0592115 0.0365775 0.6634244 0 0 255
0.0607037 0.0365408 0.6627588 0 0 255
0.0622557 0.0365410 0.6627631 0 0 255
0.0637434 0.0365044 0.6620987 0 0 255
0.0652282 0.0364679 0.6614357 0 0 255
0.0667772 0.0364681 0.6614400 0 0 255
0.0682918 0.0364500 0.6611111 0 0 255
0.0698048 0.0364318 0.6607826 0 0 255
0.0713164 0.0364138 0.6604544 0 0 255
0.0728631 0.0364140 0.6604586 0 0 255
0.0744099 0.0364142 0.6604629 0 0 255
0.0758803 0.0363778 0.6598032 0 0 255
0.0774645 0.0363964 0.6601392 0 0 255
0.0789708 0.0363783 0.6598117 0 0 255
0.0804756 0.0363603 0.6594844 0 0 255
0.0819789 0.0363422 0.6591575 0 0 255
0.0835227 0.0363425 0.6591617 0 0 255
0.0850238 0.0363245 0.6588352 0 0 255
0.0865234 0.0363065 0.6585089 0 0 255
0.0881098 0.0363249 0.6588436 0 0 255
0.0896529 0.0363252 0.6588479 0 0 255
0.0911502 0.0363072 0.6585216 0 0 255
0.0927391 0.0363256 0.6588563 0 0 255
0.0942349 0.0363077 0.6585301 0 0 255
0.0958735 0.0363443 0.6591956 0 0 255
0.0974174 0.0363446 0.6591998 0 0 255
0.0989614 0.0363448 0.6592041 0 0 255
0.1005558 0.0363633 0.6595396 0 0 255
0.1022033 0.0364001 0.6602072 0 0 255
0.1037496 0.0364004 0.6602114 0 0 255
0.1054551 0.0364556 0.6612132 0 0 255
0.1070577 0.0364742 0.6615506 0 0 255
0.1086620 0.0364928 0.6618884 0 0 255
0.1103236 0.0365299 0.6625607 0 0 255
0.1119885 0.0365670 0.6632344 0 0 255
0.1135420 0.0365673 0.6632386 0 0 255
0.1152119 0.0366045 0.6639137 0 0 255
0.1170037 0.0366789 0.6652635 0 0 255
0.1185620 0.0366791 0.6652678 0 0 255
0.1203031 0.0367352 0.6662849 0 0 255
0.1219876 0.0367728 0.6669661 0 0 255
0.1236127 0.0367917 0.6673093 0 0 255
0.1252395 0.0368106 0.6676530 0 0 255
0.1269971 0.0368671 0.6686773 0 0 255
0.1284980 0.0368486 0.6683413 0 0 255
0.1299313 0.0368114 0.6676659 0 0 255
0.1313617 0.0367742 0.6669918 0 0 255
0.1328566 0.0367558 0.6666574 0 0 255
0.1342819 0.0367187 0.6659855 0 0 255
0.1357043 0.0366817 0.6653148 0 0 255
0.1369852 0.0366078 0.6639734 0 0 255
0.1385406 0.0366080 0.6639776 0 0 255
0.1399545 0.0365713 0.6633111 0 0 255
0.1413655 0.0365346 0.6626458 0 0 255
0.1426299 0.0364612 0.6613151 0 0 255
0.1441065 0.0364431 0.6609865 0 0 255
0.1455817 0.0364250 0.6606582 0 0 255
0.1470554 0.0364069 0.6603302 0 0 255
0.1485276 0.0363888 0.6600026 0 0 255
0.1500738 0.0363891 0.6600068 0 0 255
0.1516199 0.0363893 0.6600111 0 0 255
0.1530892 0.0363713 0.6596837 0 0 255
0.1545570 0.0363532 0.6593568 0 0 255
0.1561017 0.0363535 0.6593610 0 0 255
0.1578049 0.0363902 0.6600281 0 0 255
0.1591123 0.0363359 0.6590428 0 0 255
0.1606563 0.0363362 0.6590471 0 0 255
0.1622003 0.0363364 0.6590513 0 0 255
0.1636622 0.0363184 0.6587249 0 0 255
0.1652054 0.0363186 0.6587291 0 0 255
0.1668324 0.0363371 0.6590640 0 0 255
0.1682920 0.0363191 0.6587376 0 0 255
0.1699206 0.0363376 0.6590725 0 0 255
0.1714647 0.0363378 0.6590767 0 0 255
0.1731827 0.0363745 0.6597431 0 0 255
0.1746406 0.0363565 0.6594161 0 0 255
0.1763627 0.0363933 0.6600832 0 0 255
0.1779987 0.0364118 0.6604194 0 0 255
0.1797268 0.0364487 0.6610885 0 0 255
0.1834700 0.0365778 0.6634305 0 0 255
0.1855868 0.0366893 0.6654516 0 0 255
0.1877167 0.0368014 0.6674852 0 0 255
0.1895697 0.0368578 0.6685089 0 0 255
0.1917216 0.0369710 0.6705611 0 0 255
0.1936883 0.0370469 0.6719378 0 0 255
0.1955629 0.0371041 0.6729751 0 0 255
0.1974432 0.0371614 0.6740155 0 0 255
0.1993294 0.0372190 0.6750592 0 0 255
0.2010145 0.0372384 0.6754107 0 0 255
0.2027013 0.0372578 0.6757626 0 0 255
0.2044952 0.0372964 0.6764630 0 0 255
0.2060802 0.0372966 0.6764674 0 0 255
0.2077723 0.0373161 0.6768203 0 0 255
0.2092504 0.0372971 0.6764761 0 0 255
0.2108355 0.0372973 0.6764804 0 0 255
0.2124207 0.0372976 0.6764848 0 0 255
0.2140058 0.0372978 0.6764892 0 0 255
0.2154800 0.0372789 0.6761453 0 0 255
0.2169528 0.0372599 0.6758018 0 0 255
0.2187615 0.0372985 0.6765022 0 0 255
0.2202333 0.0372796 0.6761583 0 0 255
0.2218177 0.0372798 0.6761627 0 0 255
0.2234022 0.0372801 0.6761670 0 0 255
0.2248709 0.0372611 0.6758235 0 0 255
0.2265712 0.0372805 0.6761757 0 0 255
0.2282732 0.0373000 0.6765283 0 0 255
0.2298586 0.0373002 0.6765326 0 0 255
0.2314440 0.0373005 0.6765370 0 0 255
0.2329094 0.0372815 0.6761931 0 0 255
0.2344940 0.0372817 0.6761974 0 0 255
0.2359572 0.0372628 0.6758538 0 0 255
0.2374189 0.0372439 0.6755106 0 0 255
0.2392480 0.0372825 0.6762104 0 0 255
0.2408327 0.0372827 0.6762148 0 0 255
0.2421681 0.0372446 0.6755236 0 0 255
0.2440021 0.0372832 0.6762235 0 0 255
0.2455869 0.0372834 0.6762278 0 0 255
0.2470445 0.0372645 0.6758842 0 0 255
0.2488846 0.0373031 0.6765848 0 0 255
0.2507285 0.0373418 0.6772869 0 0 255
0.2520559 0.0373036 0.6765935 0 0 255
0.2537722 0.0373230 0.6769465 0 0 255
0.2556222 0.0373618 0.6776493 0 0 255
0.2569453 0.0373235 0.6769552 0 0 255
0.2586651 0.0373430 0.6773086 0 0 255
0.2599844 0.0373048 0.6766152 0 0 255
0.2617050 0.0373242 0.6769683 0 0 255
0.2632916 0.0373245 0.6769726 0 0 255
0.2646055 0.0372863 0.6762799 0 0 255
0.2661905 0.0372865 0.6762843 0 0 255
0.2676378 0.0372676 0.6759408 0 0 255
0.2688071 0.0372104 0.6749033 0 0 255
0.2703889 0.0372106 0.6749076 0 0 255
0.2715523 0.0371536 0.6738734 0 0 255
0.2728517 0.0371158 0.6731870 0 0 255
0.2740101 0.0370593 0.6721624 0 0 255
0.2753039 0.0370216 0.6714796 0 0 255
0.2765950 0.0369841 0.6707982 0 0 255
0.2778834 0.0369466 0.6701182 0 0 255
0.2790272 0.0368904 0.6690987 0 0 255
0.2800277 0.0368159 0.6677492 0 0 255
0.2811642 0.0367601 0.6667369 0 0 255
0.2827270 0.0367604 0.6667412 0 0 255
0.2840015 0.0367233 0.6660694 0 0 255
0.2852735 0.0366864 0.6653990 0 0 255
0.2865430 0.0366495 0.6647301 0 0 255
0.2879554 0.0366312 0.6643982 0 0 255
0.2893664 0.0366129 0.6640666 0 0 255
0.2907760 0.0365947 0.6637354 0 0 255
0.2921843 0.0365764 0.6634046 0 0 255
0.2938877 0.0365951 0.6637440 0 0 255
0.2952944 0.0365769 0.6634131 0 0 255
0.2968495 0.0365771 0.6634173 0 0 255
0.2984045 0.0365773 0.6634216 0 0 255
0.3002629 0.0366146 0.6640965 0 0 255
0.3021250 0.0366518 0.6647727 0 0 255
0.3042992 0.0367264 0.6661251 0 0 255
0.3057057 0.0367080 0.6657919 0 0 255
0.3077343 0.0367642 0.6668098 0 0 255
0.3102420 0.0368767 0.6688506 0 0 255
0.3124461 0.0369521 0.6702195 0 0 255
-0.0327676 0.0404706 0.7040969 0 0 255
-0.0311361 0.0404925 0.7044795 0 0 255
-0.0293608 0.0403196 0.7014707 0 0 255
-0.0277039 0.0402983 0.7011005 0 0 255
-0.0257598 0.0398303 0.6929587 0 0 255
-0.0239732 0.0395593 0.6882422 0 0 255
-0.0223386 0.0395181 0.6875254 0 0 255
-0.0206210 0.0393123 0.6839460 0 0 255
-0.0189902 0.0392512 0.6828825 0 0 255
-0.0173644 0.0391903 0.6818225 0 0 255
-0.0157111 0.0390485 0.6793557 0 0 255
-0.0140697 0.0389077 0.6769070 0 0 255
-0.0124210 0.0387085 0.6734416 0 0 255
-0.0108333 0.0386691 0.6727555 0 0 255
-0.0092441 0.0386100 0.6717266 0 0 255
-0.0076636 0.0385707 0.6710439 0 0 255
-0.0060864 0.0385316 0.6703627 0 0 255
-0.0045170 0.0385318 0.6703669 0 0 255
-0.0029460 0.0385124 0.6700290 0 0 255
-0.0013738 0.0384146 0.6683271 0 0 255
0.0001908 0.0383953 0.6679912 0 0 255
0.0017538 0.0383760 0.6676556 0 0 255
0.0033169 0.0383762 0.6676599 0 0 255
0.0048801 0.0383765 0.6676642 0 0 255
0.0064400 0.0383572 0.6673290 0 0 255
0.0079983 0.0383379 0.6669941 0 0 255
0.0095599 0.0383382 0.6669984 0 0 255
0.0111103 0.0382995 0.6663254 0 0 255
0.0126704 0.0382998 0.6663297 0 0 255
0.0142377 0.0383195 0.6666725 0 0 255
0.0157906 0.0383002 0.6663383 0 0 255
0.0173596 0.0383199 0.6666811 0 0 255
0.0189398 0.0383592 0.6673633 0 0 255
0.0205023 0.0383594 0.6673676 0 0 255
0.0220761 0.0383792 0.6677115 0 0 255
0.0236516 0.0383990 0.6680557 0 0 255
0.0252286 0.0384188 0.6684002 0 0 255
0.0268210 0.0384582 0.6690860 0 0 255
0.0283876 0.0384584 0.6690903 0 0 255
0.0299696 0.0384783 0.6694358 0 0 255
0.0315371 0.0384785 0.6694402 0 0 255
0.0331215 0.0384984 0.6697861 0 0 255
0.0346898 0.0384987 0.6697904 0 0 255
0.0362767 0.0385186 0.6701367 0 0 255
0.0378458 0.0385188 0.6701410 0 0 255
0.0393547 0.0384602 0.6691204 0 0 255
0.0409424 0.0384800 0.6694660 0 0 255
0.0425100 0.0384803 0.6694703 0 0 255
0.0440103 0.0384217 0.6684518 0 0 255
0.0455061 0.0383634 0.6674364 0 0 255
0.0470212 0.0383246 0.6667625 0 0 255
0.0485578 0.0383054 0.6664283 0 0 255
0.0501184 0.0383057 0.6664326 0 0 255
0.0516266 0.0382670 0.6657608 0 0 255
0.0531317 0.0382285 0.6650904 0 0 255
0.0546338 0.0381901 0.6644213 0 0 255
0.0561613 0.0381710 0.6640895 0 0 255
0.0576293 0.0381136 0.6630915 0 0 255
0.0591821 0.0381139 0.6630958 0 0 255
0.0606737 0.0380756 0.6624308 0 0 255
0.0621936 0.0380567 0.6621009 0 0 255
0.0637441 0.0380569 0.6621051 0 0 255
0.0651960 0.0379997 0.6611091 0 0 255
0.0667442 0.0379999 0.6611133 0 0 255
0.0683268 0.0380193 0.6614507 0 0 255
0.0697353 0.0379431 0.6601244 0 0 255
0.0713171 0.0379624 0.6604608 0 0 255
0.0728272 0.0379436 0.6601329 0 0 255
0.0743358 0.0379247 0.6598054 0 0 255
0.0758810 0.0379250 0.6598096 0 0 255
0.0774263 0.0379252 0.6598139 0 0 255
0.0788922 0.0378874 0.6591555 0 0 255
0.0804360 0.0378876 0.6591597 0 0 255
0.0819797 0.0378879 0.6591640 0 0 255
0.0834397 0.0378501 0.6585069 0 0 255
0.0849819 0.0378503 0.6585111 0 0 255
0.0865242 0.0378506 0.6585153 0 0 255
0.0880223 0.0378319 0.6581894 0 0 255
0.0896088 0.0378511 0.6585239 0 0 255
0.0911054 0.0378323 0.6581980 0 0 255
0.0926935 0.0378516 0.6585324 0 0 255
0.0941886 0.0378328 0.6582065 0 0 255
0.0958263 0.0378711 0.6588714 0 0 255
0.0974184 0.0378903 0.6592064 0 0 255
0.0990618 0.0379286 0.6598733 0 0 255
0.1005568 0.0379098 0.6595460 0 0 255
0.1021529 0.0379291 0.6598818 0 0 255
0.1037507 0.0379485 0.6602179 0 0 255
0.1054561 0.0380060 0.6612197 0 0 255
0.1070049 0.0380063 0.6612239 0 0 255
0.1086083 0.0380257 0.6615613 0 0 255
0.1102690 0.0380643 0.6622329 0 0 255
0.1119896 0.0381222 0.6632408 0 0 255
0.1136005 0.0381417 0.6635802 0 0 255
0.1152713 0.0381806 0.6642560 0 0 255
0.1168864 0.0382001 0.6645965 0 0 255
0.1186232 0.0382585 0.6656116 0 0 255
0.1201823 0.0382587 0.6656158 0 0 255
0.1219888 0.0383367 0.6669726 0 0 255
0.1236768 0.0383759 0.6676552 0 0 255
0.1253044 0.0383957 0.6679992 0 0 255
0.1268692 0.0383960 0.6680035 0 0 255
0.1284339 0.0383962 0.6680078 0 0 255
0.1298665 0.0383574 0.6673330 0 0 255
0.1314297 0.0383577 0.6673373 0 0 255
0.1328579 0.0383190 0.6666639 0 0 255
0.1341471 0.0382415 0.6653170 0 0 255
0.1356369 0.0382224 0.6649843 0 0 255
0.1369866 0.0381647 0.6639798 0 0 255
0.1384020 0.0381264 0.6633133 0 0 255
0.1397440 0.0380689 0.6623138 0 0 255
0.1411532 0.0380308 0.6616505 0 0 255
0.1424878 0.0379736 0.6606563 0 0 255
0.1440354 0.0379739 0.6606605 0 0 255
0.1455099 0.0379550 0.6603325 0 0 255
0.1469091 0.0379171 0.6596733 0 0 255
0.1484544 0.0379174 0.6596775 0 0 255
0.1499998 0.0379176 0.6596817 0 0 255
0.1513931 0.0378798 0.6590238 0 0 255
0.1530907 0.0379181 0.6596902 0 0 255
0.1544809 0.0378803 0.6590323 0 0 255
0.1559466 0.0378615 0.6587059 0 0 255
0.1574908 0.0378620 0.6587144 0 0 255
0.1590340 0.0378623 0.6587186 0 0 255
0.1604967 0.0378435 0.6583926 0 0 255
0.1619580 0.0378248 0.6580669 0 0 255
0.1634997 0.0378251 0.6580712 0 0 255
0.1651242 0.0378443 0.6584053 0 0 255
0.1667503 0.0378635 0.6587398 0 0 255
0.1682936 0.0378637 0.6587440 0 0 255
0.1700076 0.0379020 0.6594098 0 0 255
0.1715525 0.0379022 0.6594141 0 0 255
0.1728370 0.0378455 0.6584265 0 0 255
0.1746424 0.0379027 0.6594225 0 0 255
0.1760989 0.0378840 0.6590958 0 0 255
0.1779110 0.0379413 0.6600939 0 0 255
0.1795478 0.0379606 0.6604301 0 0 255
0.1814601 0.0380374 0.6617654 0 0 255
0.1850262 0.0381337 0.6634412 0 0 255
0.1872427 0.0382693 0.6657998 0 0 255
0.1891864 0.0383473 0.6671570 0 0 255
0.1911379 0.0384256 0.6685197 0 0 255
0.1930974 0.0385043 0.6698879 0 0 255
0.1951648 0.0386030 0.6716051 0 0 255
0.1970407 0.0386625 0.6726413 0 0 255
0.1989224 0.0387223 0.6736807 0 0 255
0.2006038 0.0387424 0.6740308 0 0 255
0.2022870 0.0387625 0.6743813 0 0 255
0.2038672 0.0387628 0.6743856 0 0 255
0.2057643 0.0388228 0.6754304 0 0 255
0.2071339 0.0387832 0.6747407 0 0 255
0.2088223 0.0388034 0.6750919 0 0 255
0.2104041 0.0388036 0.6750962 0 0 255
0.2119860 0.0388039 0.6751006 0 0 255
0.2134582 0.0387842 0.6747581 0 0 255
0.2152605 0.0388243 0.6754565 0 0 255
0.2166205 0.0387847 0.6747667 0 0 255
0.2180896 0.0387650 0.6744246 0 0 255
0.2198958 0.0388051 0.6751223 0 0 255
0.2213641 0.0387855 0.6747798 0 0 255
0.2228308 0.0387658 0.6744376 0 0 255
0.2244112 0.0387660 0.6744419 0 0 255
0.2259917 0.0387663 0.6744462 0 0 255
0.2276891 0.0387864 0.6747971 0 0 255
0.2291527 0.0387668 0.6744549 0 0 255
0.2308517 0.0387869 0.6748058 0 0 255
0.2324331 0.0387872 0.6748101 0 0 255
0.2338943 0.0387675 0.6744679 0 0 255
0.2354749 0.0387678 0.6744722 0 0 255
0.2369338 0.0387481 0.6741304 0 0 255
0.2386361 0.0387683 0.6744809 0 0 255
0.2402167 0.0387685 0.6744853 0 0 255
0.2417974 0.0387688 0.6744896 0 0 255
0.2432531 0.0387491 0.6741477 0 0 255
0.2450846 0.0387892 0.6748447 0 0 255
0.2466661 0.0387894 0.6748491 0 0 255
0.2485030 0.0388296 0.6755475 0 0 255
0.2502149 0.0388498 0.6758995 0 0 255
0.2519286 0.0388701 0.6762518 0 0 255
0.2536440 0.0388903 0.6766044 0 0 255
0.2550983 0.0388706 0.6762605 0 0 255
0.2565512 0.0388508 0.6759170 0 0 255
0.2582682 0.0388711 0.6762692 0 0 255
0.2598531 0.0388713 0.6762735 0 0 255
0.2613036 0.0388516 0.6759300 0 0 255
0.2627526 0.0388318 0.6755867 0 0 255
0.2642001 0.0388121 0.6752437 0 0 255
0.2653760 0.0387530 0.6742150 0 0 255
0.2669562 0.0387532 0.6742193 0 0 255
0.2683987 0.0387336 0.6738779 0 0 255
0.2694270 0.0386548 0.6725066 0 0 255
0.2708646 0.0386353 0.6721669 0 0 255
0.2724374 0.0386351 0.6721647 0 0 255
0.2734558 0.0385569 0.6708027 0 0 255
0.2746075 0.0384981 0.6697811 0 0 255
0.2760366 0.0384788 0.6694441 0 0 255
0.2774643 0.0384594 0.6691074 0 0 255
0.2787460 0.0384202 0.6684244 0 0 255
0.2800305 0.0383817 0.6677557 0 0 255
0.2811669 0.0383235 0.6667434 0 0 255
0.2822999 0.0382655 0.6657341 0 0 255
0.2835730 0.0382270 0.6650645 0 0 255
0.2849877 0.0382079 0.6647323 0 0 255
0.2864009 0.0381889 0.6644004 0 0 255
0.2875220 0.0381313 0.6633983 0 0 255
0.2890770 0.0381315 0.6634025 0 0 255
0.2903389 0.0380933 0.6627376 0 0 255
0.2918924 0.0380935 0.6627418 0 0 255
0.2934458 0.0380938 0.6627461 0 0 255
0.2949994 0.0380940 0.6627504 0 0 255
0.2962541 0.0380559 0.6620867 0 0 255
0.2978060 0.0380561 0.6620910 0 0 255
0.2996600 0.0380947 0.6627631 0 0 255
0.3013656 0.0381142 0.6631019 0 0 255
0.3036864 0.0382109 0.6647836 0 0 255
0.3058637 0.0382886 0.6661359 0 0 255
0.3077372 0.0383277 0.6668163 0 0 255
0.3100872 0.0384255 0.6685169 0 0 255
0.3124491 0.0385237 0.6702260 0 0 255
0.3146623 0.0386027 0.6716006 0 0 255
-0.0327152 0.0420539 0.7029719 0 0 255
-0.0310530 0.0420316 0.7026001 0 0 255
-0.0292828 0.0418526 0.6996074 0 0 255
-0.0274257 0.0415208 0.6940606 0 0 255
-0.0256653 0.0413028 0.6904175 0 0 255
-0.0240112 0.0412380 0.6893337 0 0 255
-0.0224092 0.0412599 0.6897005 0 0 255
-0.0206967 0.0410659 0.6864575 0 0 255
-0.0190300 0.0409377 0.6843139 0 0 255
-0.0173917 0.0408527 0.6828937 0 0 255
-0.0157684 0.0407893 0.6818336 0 0 255
-0.0140626 0.0404741 0.6765646 0 0 255
-0.0124275 0.0403084 0.6737940 0 0 255
-0.0108389 0.0402673 0.6731071 0 0 255
-0.0092489 0.0402057 0.6720772 0 0 255
-0.0076637 0.0401442 0.6710505 0 0 255
-0.0060927 0.0401445 0.6710548 0 0 255
-0.0045170 0.0401037 0.6703735 0 0 255
-0.0029445 0.0400631 0.6696936 0 0 255
-0.0013731 0.0399614 0.6679935 0 0 255
0.0001908 0.0399616 0.6679978 0 0 255
0.0017538 0.0399415 0.6676622 0 0 255
0.0033153 0.0399215 0.6673270 0 0 255
0.0048752 0.0399014 0.6669921 0 0 255
0.0064368 0.0399017 0.6669964 0 0 255
0.0079943 0.0398817 0.6666619 0 0 255
0.0095552 0.0398819 0.6666662 0 0 255
0.0111104 0.0398620 0.6663319 0 0 255
0.0126641 0.0398420 0.6659980 0 0 255
0.0142306 0.0398625 0.6663405 0 0 255
0.0157828 0.0398425 0.6660066 0 0 255
0.0173597 0.0398832 0.6666875 0 0 255
0.0189015 0.0398430 0.6660151 0 0 255
0.0204817 0.0398837 0.6666961 0 0 255
0.0220539 0.0399043 0.6670392 0 0 255
0.0236157 0.0399045 0.6670435 0 0 255
0.0252032 0.0399454 0.6677266 0 0 255
0.0267667 0.0399456 0.6677309 0 0 255
0.0283446 0.0399662 0.6680751 0 0 255
0.0299241 0.0399868 0.6684197 0 0 255
0.0315213 0.0400279 0.6691055 0 0 255
0.0331049 0.0400485 0.6694511 0 0 255
0.0346371 0.0400080 0.6687732 0 0 255
0.0362585 0.0400695 0.6698014 0 0 255
0.0378076 0.0400493 0.6694639 0 0 255
0.0393351 0.0400088 0.6687860 0 0 255
0.0409011 0.0400090 0.6687903 0 0 255
0.0424671 0.0400093 0.6687946 0 0 255
0.0439660 0.0399485 0.6677781 0 0 255
0.0454834 0.0399081 0.6671036 0 0 255
0.0470455 0.0399084 0.6671079 0 0 255
0.0485830 0.0398884 0.6667733 0 0 255
0.0500681 0.0398279 0.6657630 0 0 255
0.0515748 0.0397878 0.6650926 0 0 255
0.0530784 0.0397478 0.6644235 0 0 255
0.0545794 0.0397081 0.6637601 0 0 255
0.0561054 0.0396883 0.6634289 0 0 255
0.0576590 0.0396885 0.6634331 0 0 255
0.0591528 0.0396487 0.6627675 0 0 255
0.0606436 0.0396090 0.6621031 0 0 255
0.0621942 0.0396092 0.6621073 0 0 255
0.0636804 0.0395696 0.6614444 0 0 255
0.0651966 0.0395499 0.6611155 0 0 255
0.0667448 0.0395501 0.6611198 0 0 255
0.0682587 0.0395305 0.6607912 0 0 255
0.0697711 0.0395109 0.6604630 0 0 255
0.0712103 0.0394516 0.6594719 0 0 255
0.0727913 0.0394716 0.6598076 0 0 255
0.0743365 0.0394719 0.6598118 0 0 255
0.0758818 0.0394722 0.6598161 0 0 255
0.0773882 0.0394526 0.6594889 0 0 255
0.0788534 0.0394132 0.6588312 0 0 255
0.0803964 0.0394135 0.6588354 0 0 255
0.0819394 0.0394137 0.6588396 0 0 255
0.0834824 0.0394140 0.6588439 0 0 255
0.0849402 0.0393747 0.6581875 0 0 255
0.0864817 0.0393750 0.6581917 0 0 255
0.0880232 0.0393752 0.6581960 0 0 255
0.0895648 0.0393755 0.6582002 0 0 255
0.0911063 0.0393757 0.6582044 0 0 255
0.0926944 0.0393957 0.6585388 0 0 255
0.0942368 0.0393960 0.6585430 0 0 255
0.0957311 0.0393765 0.6582171 0 0 255
0.0973704 0.0394163 0.6588820 0 0 255
0.0989633 0.0394363 0.6592171 0 0 255
0.1004569 0.0394168 0.6588905 0 0 255
0.1021026 0.0394566 0.6595567 0 0 255
0.1037517 0.0394966 0.6602243 0 0 255
0.1053510 0.0395167 0.6605607 0 0 255
0.1070059 0.0395568 0.6612303 0 0 255
0.1086094 0.0395769 0.6615677 0 0 255
0.1102145 0.0395972 0.6619056 0 0 255
0.1118212 0.0396174 0.6622436 0 0 255
0.1135442 0.0396777 0.6632515 0 0 255
0.1152725 0.0397382 0.6642625 0 0 255
0.1168875 0.0397585 0.6646030 0 0 255
0.1185643 0.0397991 0.6652808 0 0 255
0.1203055 0.0398599 0.6662979 0 0 255
0.1219281 0.0398804 0.6666405 0 0 255
0.1235523 0.0399009 0.6669834 0 0 255
0.1251783 0.0399215 0.6673267 0 0 255
0.1268059 0.0399420 0.6676704 0 0 255
0.1283046 0.0399220 0.6673353 0 0 255
0.1298019 0.0399020 0.6670006 0 0 255
0.1311644 0.0398415 0.6659899 0 0 255
0.1326572 0.0398216 0.6656566 0 0 255
0.1340805 0.0397815 0.6649866 0 0 255
0.1355010 0.0397415 0.6643181 0 0 255
0.1368495 0.0396815 0.6633155 0 0 255
0.1381939 0.0396217 0.6623160 0 0 255
0.1396750 0.0396020 0.6619865 0 0 255
0.1411546 0.0395823 0.6616571 0 0 255
0.1424175 0.0395029 0.6603305 0 0 255
0.1439644 0.0395032 0.6603347 0 0 255
0.1453651 0.0394637 0.6596754 0 0 255
0.1468367 0.0394442 0.6593484 0 0 255
0.1483069 0.0394246 0.6590218 0 0 255
0.1499260 0.0394447 0.6593569 0 0 255
0.1513187 0.0394054 0.6586997 0 0 255
0.1527852 0.0393859 0.6583737 0 0 255
0.1544050 0.0394059 0.6587082 0 0 255
0.1557928 0.0393669 0.6580564 0 0 255
0.1572557 0.0393474 0.6577311 0 0 255
0.1587171 0.0393280 0.6574060 0 0 255
0.1603375 0.0393479 0.6577395 0 0 255
0.1617974 0.0393285 0.6574144 0 0 255
0.1633376 0.0393287 0.6574187 0 0 255
0.1648778 0.0393290 0.6574229 0 0 255
0.1665014 0.0393489 0.6577564 0 0 255
0.1680424 0.0393492 0.6577607 0 0 255
0.1696684 0.0393692 0.6580945 0 0 255
0.1711245 0.0393497 0.6577691 0 0 255
0.1726656 0.0393500 0.6577733 0 0 255
0.1742067 0.0393502 0.6577775 0 0 255
0.1759240 0.0393899 0.6584414 0 0 255
0.1773778 0.0393704 0.6581156 0 0 255
0.1790992 0.0394102 0.6587801 0 0 255
0.1808241 0.0394500 0.6594459 0 0 255
0.1825526 0.0394899 0.6601132 0 0 255
0.1845630 0.0395897 0.6617805 0 0 255
0.1882320 0.0397100 0.6637916 0 0 255
0.1902681 0.0398108 0.6654776 0 0 255
0.1922170 0.0398920 0.6668334 0 0 255
0.1941738 0.0399734 0.6681948 0 0 255
0.1963387 0.0400960 0.6702451 0 0 255
0.1985170 0.0402195 0.6723079 0 0 255
0.1999900 0.0401991 0.6719683 0 0 255
0.2017709 0.0402406 0.6726609 0 0 255
0.2035556 0.0402821 0.6733550 0 0 255
0.2053439 0.0403237 0.6740504 0 0 255
0.2068172 0.0403033 0.6737090 0 0 255
0.2082890 0.0402829 0.6733680 0 0 255
0.2098668 0.0402831 0.6733723 0 0 255
0.2116617 0.0403247 0.6740677 0 0 255
0.2132412 0.0403250 0.6740720 0 0 255
0.2146005 0.0402839 0.6733853 0 0 255
0.2161784 0.0402842 0.6733896 0 0 255
0.2177563 0.0402844 0.6733939 0 0 255
0.2192219 0.0402640 0.6730531 0 0 255
0.2206860 0.0402437 0.6727127 0 0 255
0.2223762 0.0402645 0.6730617 0 0 255
0.2240683 0.0402855 0.6734112 0 0 255
0.2255307 0.0402651 0.6730704 0 0 255
0.2271079 0.0402653 0.6730747 0 0 255
0.2286852 0.0402656 0.6730791 0 0 255
0.2302625 0.0402658 0.6730834 0 0 255
0.2318398 0.0402661 0.6730877 0 0 255
0.2332976 0.0402457 0.6727473 0 0 255
0.2351150 0.0402873 0.6734415 0 0 255
0.2366932 0.0402875 0.6734458 0 0 255
0.2380273 0.0402465 0.6727602 0 0 255
0.2396039 0.0402468 0.6727646 0 0 255
0.2411805 0.0402470 0.6727689 0 0 255
0.2428816 0.0402679 0.6731181 0 0 255
0.2445844 0.0402888 0.6734675 0 0 255
0.2457871 0.0402276 0.6724441 0 0 255
0.2472364 0.0402073 0.6721044 0 0 255
0.2490664 0.0402487 0.6727971 0 0 255
0.2509002 0.0402903 0.6734914 0 0 255
0.2524786 0.0402905 0.6734957 0 0 255
0.2541873 0.0403114 0.6738455 0 0 255
0.2558978 0.0403324 0.6741956 0 0 255
0.2574779 0.0403326 0.6741999 0 0 255
0.2590580 0.0403329 0.6742043 0 0 255
0.2606381 0.0403332 0.6742086 0 0 255
0.2620838 0.0403127 0.6738672 0 0 255
0.2636631 0.0403130 0.6738715 0 0 255
0.2651066 0.0402926 0.6735303 0 0 255
0.2665485 0.0402722 0.6731895 0 0 255
0.2682637 0.0402931 0.6735390 0 0 255
0.2692918 0.0402112 0.6721691 0 0 255
0.2707287 0.0401908 0.6718297 0 0 255
0.2720252 0.0401500 0.6711476 0 0 255
0.2731795 0.0400889 0.6701249 0 0 255
0.2744702 0.0400483 0.6694463 0 0 255
0.2758987 0.0400281 0.6691096 0 0 255
0.2770437 0.0399673 0.6680933 0 0 255
0.2786097 0.0399676 0.6680976 0 0 255
0.2794651 0.0398665 0.6664075 0 0 255
0.2807423 0.0398263 0.6657364 0 0 255
0.2821597 0.0398064 0.6654035 0 0 255
0.2834324 0.0397664 0.6647346 0 0 255
0.2847024 0.0397264 0.6640669 0 0 255
0.2861143 0.0397066 0.6637357 0 0 255
0.2875249 0.0396868 0.6634048 0 0 255
0.2886427 0.0396271 0.6624057 0 0 255
0.2903417 0.0396473 0.6627440 0 0 255
0.2916011 0.0396076 0.6620804 0 0 255
0.2930054 0.0395879 0.6617513 0 0 255
0.2945566 0.0395882 0.6617555 0 0 255
0.2958098 0.0395486 0.6610938 0 0 255
0.2976590 0.0395887 0.6617640 0 0 255
0.2993610 0.0396089 0.6621017 0 0 255
0.3013686 0.0396691 0.6631083 0 0 255
0.3033823 0.0397295 0.6641180 0 0 255
0.3055568 0.0398102 0.6654676 0 0 255
0.3077402 0.0398913 0.6668228 0 0 255
0.3100902 0.0399931 0.6685234 0 0 255
0.3126116 0.0401158 0.6705747 0 0 255
0.3148263 0.0401981 0.6719506 0 0 255
0.3162397 0.0401778 0.6716115 0 0 255
0.3178141 0.0401780 0.6716158 0 0 255
-0.0349603 0.0444641 0.7152330 0 0 255
-0.0327858 0.0437961 0.7044888 0 0 255
-0.0310533 0.0436791 0.7026070 0 0 255
-0.0293300 0.0435628 0.7007353 0 0 255
-0.0275279 0.0433086 0.6966471 0 0 255
-0.0256521 0.0428992 0.6900611 0 0 255
-0.0240114 0.0428544 0.6893405 0 0 255
-0.0223859 0.0428322 0.6889829 0 0 255
-0.0207078 0.0426979 0.6868235 0 0 255
-0.0190600 0.0426090 0.6853929 0 0 255
-0.0174100 0.0424983 0.6836119 0 0 255
-0.0157849 0.0424322 0.6825495 0 0 255
-0.0140990 0.0421693 0.6783199 0 0 255
-0.0124659 0.0420175 0.6758786 0 0 255
-0.0108446 0.0418671 0.6734591 0 0 255
-0.0092490 0.0417816 0.6720838 0 0 255
-0.0076755 0.0417819 0.6720881 0 0 255
-0.0060990 0.0417608 0.6717484 0 0 255
-0.0045193 0.0416970 0.6707227 0 0 255
-0.0029416 0.0415910 0.6690173 0 0 255
-0.0013739 0.0415489 0.6683401 0 0 255
0.0001909 0.0415491 0.6683444 0 0 255
0.0017538 0.0415071 0.6676687 0 0 255
0.0033153 0.0414863 0.6673335 0 0 255
0.0048777 0.0414866 0.6673378 0 0 255
0.0064368 0.0414657 0.6670029 0 0 255
0.0079985 0.0414660 0.6670071 0 0 255
0.0095504 0.0414242 0.6663342 0 0 255
0.0110936 0.0413614 0.6653250 0 0 255
0.0126578 0.0413827 0.6656668 0 0 255
0.0142091 0.0413620 0.6653336 0 0 255
0.0157669 0.0413622 0.6653379 0 0 255
0.0173423 0.0414045 0.6660175 0 0 255
0.0188921 0.0413837 0.6656839 0 0 255
0.0204507 0.0413840 0.6656882 0 0 255
0.0220206 0.0414053 0.6660303 0 0 255
0.0236040 0.0414476 0.6667113 0 0 255
0.0251778 0.0414689 0.6670544 0 0 255
0.0267397 0.0414692 0.6670587 0 0 255
0.0283016 0.0414695 0.6670629 0 0 255
0.0298939 0.0415119 0.6677461 0 0 255
0.0314895 0.0415545 0.6684304 0 0 255
0.0330546 0.0415548 0.6684347 0 0 255
0.0346198 0.0415550 0.6684390 0 0 255
0.0362219 0.0415977 0.6691249 0 0 255
0.0377887 0.0415979 0.6691292 0 0 255
0.0393354 0.0415770 0.6687925 0 0 255
0.0409015 0.0415773 0.6687969 0 0 255
0.0424459 0.0415564 0.6684605 0 0 255
0.0439441 0.0414932 0.6674451 0 0 255
0.0454838 0.0414724 0.6671101 0 0 255
0.0469982 0.0414306 0.6664370 0 0 255
0.0485095 0.0413888 0.6657652 0 0 255
0.0500178 0.0413471 0.6650948 0 0 255
0.0515753 0.0413474 0.6650991 0 0 255
0.0531327 0.0413476 0.6651033 0 0 255
0.0545800 0.0412645 0.6637666 0 0 255
0.0561060 0.0412440 0.6634353 0 0 255
0.0576013 0.0412026 0.6627697 0 0 255
0.0591235 0.0411820 0.6624395 0 0 255
0.0606442 0.0411615 0.6621096 0 0 255
0.0621634 0.0411410 0.6617801 0 0 255
0.0636811 0.0411206 0.6614508 0 0 255
0.0651972 0.0411001 0.6611220 0 0 255
0.0667455 0.0411004 0.6611263 0 0 255
0.0682250 0.0410593 0.6604653 0 0 255
0.0697367 0.0410389 0.6601374 0 0 255
0.0712468 0.0410186 0.6598098 0 0 255
0.0727920 0.0410188 0.6598141 0 0 255
0.0742999 0.0409985 0.6594868 0 0 255
0.0758825 0.0410194 0.6598226 0 0 255
0.0773501 0.0409784 0.6591642 0 0 255
0.0788542 0.0409581 0.6588376 0 0 255
0.0803569 0.0409378 0.6585113 0 0 255
0.0818991 0.0409381 0.6585156 0 0 255
0.0834413 0.0409384 0.6585198 0 0 255
0.0849410 0.0409181 0.6581939 0 0 255
0.0864825 0.0409184 0.6581981 0 0 255
0.0880241 0.0409186 0.6582024 0 0 255
0.0895656 0.0409189 0.6582066 0 0 255
0.0911072 0.0409192 0.6582108 0 0 255
0.0926488 0.0409194 0.6582150 0 0 255
0.0942377 0.0409402 0.6585494 0 0 255
0.0957801 0.0409405 0.6585537 0 0 255
0.0973714 0.0409613 0.6588884 0 0 255
0.0989643 0.0409821 0.6592235 0 0 255
0.1005083 0.0409824 0.6592277 0 0 255
0.1021549 0.0410238 0.6598946 0 0 255
0.1037005 0.0410241 0.6598989 0 0 255
0.1054051 0.0410863 0.6608997 0 0 255
0.1069531 0.0410866 0.6609039 0 0 255
0.1086104 0.0411283 0.6615742 0 0 255
0.1101600 0.0411285 0.6615784 0 0 255
0.1118223 0.0411703 0.6622501 0 0 255
0.1134880 0.0412121 0.6629231 0 0 255
0.1151571 0.0412540 0.6635975 0 0 255
0.1167704 0.0412752 0.6639373 0 0 255
0.1185654 0.0413591 0.6652873 0 0 255
0.1201847 0.0413803 0.6656289 0 0 255
0.1218674 0.0414226 0.6663088 0 0 255
0.1235536 0.0414649 0.6669900 0 0 255
0.1251159 0.0414652 0.6669943 0 0 255
0.1266783 0.0414655 0.6669986 0 0 255
0.1282407 0.0414657 0.6670029 0 0 255
0.1296714 0.0414239 0.6663302 0 0 255
0.1310992 0.0413822 0.6656588 0 0 255
0.1324570 0.0413196 0.6646523 0 0 255
0.1340140 0.0413199 0.6646565 0 0 255
0.1352970 0.0412366 0.6633177 0 0 255
0.1368508 0.0412369 0.6633220 0 0 255
0.1381256 0.0411540 0.6619887 0 0 255
0.1396060 0.0411335 0.6616593 0 0 255
0.1410848 0.0411131 0.6613303 0 0 255
0.1425623 0.0410927 0.6610017 0 0 255
0.1438212 0.0410103 0.6596776 0 0 255
0.1452935 0.0409900 0.6593506 0 0 255
0.1467645 0.0409697 0.6590240 0 0 255
0.1482339 0.0409494 0.6586977 0 0 255
0.1497770 0.0409497 0.6587019 0 0 255
0.1511695 0.0409092 0.6580502 0 0 255
0.1527111 0.0409094 0.6580544 0 0 255
0.1541754 0.0408892 0.6577290 0 0 255
0.1557163 0.0408895 0.6577333 0 0 255
0.1570999 0.0408488 0.6570793 0 0 255
0.1587186 0.0408695 0.6574124 0 0 255
0.1601786 0.0408493 0.6570877 0 0 255
0.1617990 0.0408701 0.6574209 0 0 255
0.1632575 0.0408499 0.6570961 0 0 255
0.1647969 0.0408501 0.6571004 0 0 255
0.1663364 0.0408504 0.6571046 0 0 255
0.1679599 0.0408711 0.6574377 0 0 255
0.1693307 0.0408305 0.6567845 0 0 255
0.1710405 0.0408716 0.6574463 0 0 255
0.1724945 0.0408514 0.6571215 0 0 255
0.1740341 0.0408517 0.6571258 0 0 255
0.1754859 0.0408315 0.6568014 0 0 255
0.1771133 0.0408522 0.6571342 0 0 255
0.1787423 0.0408729 0.6574674 0 0 255
0.1803731 0.0408937 0.6578010 0 0 255
0.1822795 0.0409760 0.6591257 0 0 255
0.1841010 0.0410381 0.6601238 0 0 255
0.1861154 0.0411417 0.6617911 0 0 255
0.1896933 0.0412459 0.6634670 0 0 255
0.1916351 0.0413297 0.6648147 0 0 255
0.1937813 0.0414559 0.6668442 0 0 255
0.1954430 0.0414772 0.6671873 0 0 255
0.1977093 0.0416255 0.6695725 0 0 255
0.1994816 0.0416682 0.6702602 0 0 255
0.2013604 0.0417324 0.6712922 0 0 255
0.2030371 0.0417540 0.6716398 0 0 255
0.2049252 0.0418184 0.6726761 0 0 255
0.2065014 0.0418187 0.6726804 0 0 255
0.2080777 0.0418190 0.6726847 0 0 255
0.2096539 0.0418192 0.6726890 0 0 255
0.2111220 0.0417981 0.6723490 0 0 255
0.2128064 0.0418198 0.6726977 0 0 255
0.2143827 0.0418200 0.6727020 0 0 255
0.2157381 0.0417775 0.6720180 0 0 255
0.2174240 0.0417992 0.6723663 0 0 255
0.2189996 0.0417994 0.6723706 0 0 255
0.2205752 0.0417997 0.6723750 0 0 255
0.2220371 0.0417786 0.6720353 0 0 255
0.2236119 0.0417789 0.6720396 0 0 255
0.2250715 0.0417578 0.6717002 0 0 255
0.2267615 0.0417794 0.6720482 0 0 255
0.2281053 0.0417374 0.6713722 0 0 255
0.2295612 0.0417163 0.6710335 0 0 255
0.2312519 0.0417379 0.6713808 0 0 255
0.2327062 0.0417168 0.6710421 0 0 255
0.2342788 0.0417171 0.6710464 0 0 255
0.2358514 0.0417174 0.6710507 0 0 255
0.2375453 0.0417390 0.6713980 0 0 255
0.2391187 0.0417392 0.6714023 0 0 255
0.2406922 0.0417395 0.6714067 0 0 255
0.2422656 0.0417398 0.6714110 0 0 255
0.2438391 0.0417400 0.6714153 0 0 255
0.2452872 0.0417190 0.6710766 0 0 255
0.2471124 0.0417619 0.6717672 0 0 255
0.2488140 0.0417836 0.6721153 0 0 255
0.2502611 0.0417625 0.6717759 0 0 255
0.2520933 0.0418055 0.6724679 0 0 255
0.2536694 0.0418058 0.6724723 0 0 255
0.2555069 0.0418489 0.6731657 0 0 255
0.2570846 0.0418491 0.6731701 0 0 255
0.2587949 0.0418709 0.6735196 0 0 255
0.2603734 0.0418711 0.6735239 0 0 255
0.2618177 0.0418499 0.6731830 0 0 255
0.2633955 0.0418502 0.6731874 0 0 255
0.2648376 0.0418290 0.6728469 0 0 255
0.2662781 0.0418079 0.6725068 0 0 255
0.2675821 0.0417657 0.6718276 0 0 255
0.2691568 0.0417659 0.6718320 0 0 255
0.2705930 0.0417449 0.6714930 0 0 255
0.2718889 0.0417025 0.6708115 0 0 255
0.2730430 0.0416390 0.6697899 0 0 255
0.2743331 0.0415969 0.6691120 0 0 255
0.2759014 0.0415971 0.6691163 0 0 255
0.2770465 0.0415339 0.6680998 0 0 255
0.2783293 0.0414920 0.6674253 0 0 255
0.2796097 0.0414502 0.6667522 0 0 255
0.2807450 0.0413874 0.6657429 0 0 255
0.2818770 0.0413249 0.6647368 0 0 255
0.2831486 0.0412834 0.6640691 0 0 255
0.2845613 0.0412628 0.6637379 0 0 255
0.2856841 0.0412006 0.6627377 0 0 255
0.2870928 0.0411801 0.6624079 0 0 255
0.2887911 0.0412011 0.6627463 0 0 255
0.2901982 0.0411806 0.6624165 0 0 255
0.2914570 0.0411394 0.6617534 0 0 255
0.2928607 0.0411189 0.6614246 0 0 255
0.2945594 0.0411399 0.6617619 0 0 255
0.2958127 0.0410988 0.6611003 0 0 255
0.2973624 0.0410991 0.6611046 0 0 255
0.2989120 0.0410993 0.6611088 0 0 255
0.3009160 0.0411617 0.6621124 0 0 255
0.3029260 0.0412243 0.6631191 0 0 255
0.3052506 0.0413288 0.6648008 0 0 255
0.3077433 0.0414549 0.6668293 0 0 255
0.3100932 0.0415607 0.6685299 0 0 255
0.3124552 0.0416669 0.6702391 0 0 255
0.3145077 0.0417310 0.6712706 0 0 255
0.3155976 0.0416675 0.6702477 0 0 255
0.3174927 0.0417103 0.6709365 0 0 255
0.3185776 0.0416468 0.6699147 0 0 255
-0.0346586 0.0457425 0.7090598 0 0 255
-0.0327334 0.0453750 0.7033626 0 0 255
-0.0310038 0.0452540 0.7014869 0 0 255
-0.0292834 0.0451336 0.6996211 0 0 255
-0.0275428 0.0449661 0.6970240 0 0 255
-0.0258836 0.0449187 0.6962887 0 0 255
-0.0240243 0.0444942 0.6897095 0 0 255
-0.0223861 0.0444478 0.6889896 0 0 255
-0.0207405 0.0443782 0.6879105 0 0 255
-0.0190701 0.0442393 0.6857578 0 0 255
-0.0174283 0.0441473 0.6843317 0 0 255
-0.0157687 0.0439870 0.6818469 0 0 255
-0.0141430 0.0438960 0.6804370 0 0 255
-0.0124982 0.0437150 0.6776303 0 0 255
-0.0108781 0.0435802 0.6755416 0 0 255
-0.0092538 0.0433798 0.6724347 0 0 255
-0.0076795 0.0433801 0.6724390 0 0 255
-0.0061021 0.0433581 0.6720990 0 0 255
-0.0045171 0.0432477 0.6703866 0 0 255
-0.0029431 0.0431818 0.6693650 0 0 255
-0.0013746 0.0431380 0.6686872 0 0 255
0.0001909 0.0431163 0.6683510 0 0 255
0.0017538 0.0430728 0.6676752 0 0 255
0.0033170 0.0430730 0.6676796 0 0 255
0.0048802 0.0430733 0.6676839 0 0 255
0.0064336 0.0430079 0.6666706 0 0 255
0.0079904 0.0429864 0.6663364 0 0 255
0.0095457 0.0429648 0.6660026 0 0 255
0.0110937 0.0429216 0.6653315 0 0 255
0.0126579 0.0429436 0.6656733 0 0 255
0.0142093 0.0429221 0.6653401 0 0 255
0.0157671 0.0429224 0.6653444 0 0 255
0.0173161 0.0429009 0.6650115 0 0 255
0.0188731 0.0429012 0.6650158 0 0 255
0.0204302 0.0429015 0.6650200 0 0 255
0.0220096 0.0429453 0.6656990 0 0 255
0.0235803 0.0429673 0.6660411 0 0 255
0.0251398 0.0429676 0.6660454 0 0 255
0.0267264 0.0430115 0.6667264 0 0 255
0.0282875 0.0430118 0.6667306 0 0 255
0.0298790 0.0430558 0.6674130 0 0 255
0.0314258 0.0430342 0.6670781 0 0 255
0.0330381 0.0431002 0.6681011 0 0 255
0.0345849 0.0430786 0.6677654 0 0 255
0.0361853 0.0431227 0.6684499 0 0 255
0.0377506 0.0431230 0.6684542 0 0 255
0.0393358 0.0431453 0.6687991 0 0 255
0.0408602 0.0431016 0.6681225 0 0 255
0.0424031 0.0430800 0.6677869 0 0 255
0.0439222 0.0430364 0.6671124 0 0 255
0.0454381 0.0429930 0.6664392 0 0 255
0.0469987 0.0429933 0.6664435 0 0 255
0.0485100 0.0429500 0.6657717 0 0 255
0.0500183 0.0429067 0.6651013 0 0 255
0.0515496 0.0428853 0.6647687 0 0 255
0.0530261 0.0428207 0.6637688 0 0 255
0.0545529 0.0427994 0.6634375 0 0 255
0.0560216 0.0427349 0.6624375 0 0 255
0.0575728 0.0427351 0.6624418 0 0 255
0.0591241 0.0427354 0.6624460 0 0 255
0.0606448 0.0427141 0.6621161 0 0 255
0.0621327 0.0426714 0.6614531 0 0 255
0.0636817 0.0426716 0.6614574 0 0 255
0.0651651 0.0426289 0.6607957 0 0 255
0.0666790 0.0426078 0.6604675 0 0 255
0.0682257 0.0426080 0.6604717 0 0 255
0.0697374 0.0425869 0.6601439 0 0 255
0.0713192 0.0426086 0.6604803 0 0 255
0.0727562 0.0425447 0.6594890 0 0 255
0.0743007 0.0425449 0.6594933 0 0 255
0.0758451 0.0425452 0.6594975 0 0 255
0.0773897 0.0425455 0.6595017 0 0 255
0.0788946 0.0425244 0.6591749 0 0 255
0.0803576 0.0424820 0.6585178 0 0 255
0.0818999 0.0424823 0.6585220 0 0 255
0.0834422 0.0424825 0.6585262 0 0 255
0.0848993 0.0424402 0.6578705 0 0 255
0.0864400 0.0424405 0.6578747 0 0 255
0.0879808 0.0424408 0.6578789 0 0 255
0.0895665 0.0424623 0.6582130 0 0 255
0.0911081 0.0424626 0.6582173 0 0 255
0.0926497 0.0424629 0.6582215 0 0 255
0.0941914 0.0424632 0.6582257 0 0 255
0.0957810 0.0424847 0.6585601 0 0 255
0.0973723 0.0425063 0.6588948 0 0 255
0.0990149 0.0425493 0.6595611 0 0 255
0.1004588 0.0425069 0.6589033 0 0 255
0.1020533 0.0425285 0.6592384 0 0 255
0.1037015 0.0425715 0.6599054 0 0 255
0.1053001 0.0425932 0.6602414 0 0 255
0.1069003 0.0426149 0.6605779 0 0 255
0.1085568 0.0426581 0.6612476 0 0 255
0.1102166 0.0427014 0.6619186 0 0 255
0.1117671 0.0427017 0.6619228 0 0 255
0.1134891 0.0427666 0.6629297 0 0 255
0.1152164 0.0428318 0.6639397 0 0 255
0.1168898 0.0428754 0.6646160 0 0 255
0.1185065 0.0428974 0.6649569 0 0 255
0.1202468 0.0429629 0.6659730 0 0 255
0.1218068 0.0429632 0.6659773 0 0 255
0.1234294 0.0429853 0.6663195 0 0 255
0.1249902 0.0429856 0.6663238 0 0 255
0.1265510 0.0429859 0.6663281 0 0 255
0.1281118 0.0429861 0.6663324 0 0 255
0.1295412 0.0429428 0.6656610 0 0 255
0.1310340 0.0429213 0.6653280 0 0 255
0.1323913 0.0428565 0.6643225 0 0 255
0.1338798 0.0428351 0.6639909 0 0 255
0.1352300 0.0427705 0.6629893 0 0 255
0.1366451 0.0427276 0.6623247 0 0 255
0.1381269 0.0427063 0.6619951 0 0 255
0.1394668 0.0426421 0.6609997 0 0 255
0.1410152 0.0426424 0.6610039 0 0 255
0.1424919 0.0426212 0.6606756 0 0 255
0.1438949 0.0425786 0.6600157 0 0 255
0.1452949 0.0425361 0.6593571 0 0 255
0.1467659 0.0425151 0.6590304 0 0 255
0.1482354 0.0424940 0.6587040 0 0 255
0.1496294 0.0424520 0.6580524 0 0 255
0.1510952 0.0424310 0.6577270 0 0 255
0.1527126 0.0424525 0.6580608 0 0 255
0.1540998 0.0424103 0.6574062 0 0 255
0.1555620 0.0423893 0.6570815 0 0 255
0.1571800 0.0424108 0.6574146 0 0 255
0.1586408 0.0423899 0.6570899 0 0 255
0.1601001 0.0423690 0.6567656 0 0 255
0.1617196 0.0423904 0.6570984 0 0 255
0.1630959 0.0423483 0.6564457 0 0 255
0.1646338 0.0423486 0.6564500 0 0 255
0.1662549 0.0423701 0.6567825 0 0 255
0.1677097 0.0423491 0.6564584 0 0 255
0.1692477 0.0423494 0.6564627 0 0 255
0.1707857 0.0423497 0.6564668 0 0 255
0.1722376 0.0423288 0.6561431 0 0 255
0.1737749 0.0423291 0.6561473 0 0 255
0.1753999 0.0423505 0.6564795 0 0 255
0.1769379 0.0423508 0.6564837 0 0 255
0.1783869 0.0423299 0.6561599 0 0 255
0.1801042 0.0423725 0.6568205 0 0 255
0.1818250 0.0424152 0.6574823 0 0 255
0.1836413 0.0424793 0.6584755 0 0 255
0.1854630 0.0425435 0.6594715 0 0 255
0.1874789 0.0426509 0.6611356 0 0 255
0.1893138 0.0427157 0.6621398 0 0 255
0.1928043 0.0428022 0.6634820 0 0 255
0.1947524 0.0428892 0.6648297 0 0 255
0.1965091 0.0429329 0.6655076 0 0 255
0.1983700 0.0429986 0.6665251 0 0 255
0.2004403 0.0431082 0.6682250 0 0 255
0.2024180 0.0431964 0.6695919 0 0 255
0.2041952 0.0432408 0.6702797 0 0 255
0.2058708 0.0432631 0.6706262 0 0 255
0.2075482 0.0432855 0.6709731 0 0 255
0.2092273 0.0433079 0.6713203 0 0 255
0.2104797 0.0432423 0.6703035 0 0 255
0.2119422 0.0432205 0.6699659 0 0 255
0.2136211 0.0432429 0.6703121 0 0 255
0.2151918 0.0432431 0.6703164 0 0 255
0.2166519 0.0432214 0.6699787 0 0 255
0.2182219 0.0432216 0.6699831 0 0 255
0.2200163 0.0432661 0.6706715 0 0 255
0.2214749 0.0432443 0.6703336 0 0 255
0.2229319 0.0432225 0.6699960 0 0 255
0.2245020 0.0432227 0.6700003 0 0 255
0.2260720 0.0432230 0.6700046 0 0 255
0.2277583 0.0432454 0.6703508 0 0 255
0.2293292 0.0432456 0.6703551 0 0 255
0.2309001 0.0432459 0.6703595 0 0 255
0.2324710 0.0432462 0.6703638 0 0 255
0.2340420 0.0432465 0.6703681 0 0 255
0.2357333 0.0432688 0.6707146 0 0 255
0.2371840 0.0432470 0.6703767 0 0 255
0.2386332 0.0432252 0.6700390 0 0 255
0.2404487 0.0432697 0.6707276 0 0 255
0.2420206 0.0432699 0.6707318 0 0 255
0.2434682 0.0432481 0.6703939 0 0 255
0.2452896 0.0432926 0.6710832 0 0 255
0.2467363 0.0432708 0.6707448 0 0 255
0.2484351 0.0432932 0.6710917 0 0 255
0.2500079 0.0432934 0.6710961 0 0 255
0.2519668 0.0433602 0.6721305 0 0 255
0.2534123 0.0433383 0.6717910 0 0 255
0.2551173 0.0433607 0.6721391 0 0 255
0.2568239 0.0433832 0.6724874 0 0 255
0.2582678 0.0433613 0.6721478 0 0 255
0.2599761 0.0433838 0.6724961 0 0 255
0.2615523 0.0433840 0.6725005 0 0 255
0.2628610 0.0433402 0.6718213 0 0 255
0.2644356 0.0433405 0.6718256 0 0 255
0.2660102 0.0433408 0.6718299 0 0 255
0.2674480 0.0433189 0.6714909 0 0 255
0.2688844 0.0432971 0.6711522 0 0 255
0.2703193 0.0432752 0.6708138 0 0 255
0.2716142 0.0432314 0.6701338 0 0 255
0.2730456 0.0432096 0.6697964 0 0 255
0.2741962 0.0431439 0.6687779 0 0 255
0.2754832 0.0431003 0.6681021 0 0 255
0.2767677 0.0430568 0.6674275 0 0 255
0.2781908 0.0430352 0.6670930 0 0 255
0.2794706 0.0429918 0.6664205 0 0 255
0.2803217 0.0428833 0.6647390 0 0 255
0.2818798 0.0428836 0.6647432 0 0 255
0.2830083 0.0428189 0.6637401 0 0 255
0.2845641 0.0428192 0.6637443 0 0 255
0.2858311 0.0427762 0.6630787 0 0 255
0.2870956 0.0427334 0.6624144 0 0 255
0.2885028 0.0427121 0.6620848 0 0 255
0.2900548 0.0427124 0.6620890 0 0 255
0.2913132 0.0426697 0.6614268 0 0 255
0.2927162 0.0426485 0.6610982 0 0 255
0.2942659 0.0426487 0.6611025 0 0 255
0.2958156 0.0426490 0.6611068 0 0 255
0.2972157 0.0426278 0.6607785 0 0 255
0.2989150 0.0426496 0.6611152 0 0 255
0.3004647 0.0426498 0.6611195 0 0 255
0.3026235 0.0427361 0.6624569 0 0 255
0.3049451 0.0428444 0.6641352 0 0 255
0.3075902 0.0429968 0.6664976 0 0 255
0.3102541 0.0431503 0.6688767 0 0 255
0.3115050 0.0431067 0.6682009 0 0 255
0.3130714 0.0431069 0.6682051 0 0 255
0.3147979 0.0431291 0.6685494 0 0 255
0.3165262 0.0431514 0.6688940 0 0 255
0.3179324 0.0431297 0.6685579 0 0 255
0.3196623 0.0431519 0.6689026 0 0 255
-0.0344726 0.0471504 0.7052553 0 0 255
-0.0325939 0.0468235 0.7003659 0 0 255
-0.0309379 0.0467989 0.6999968 0 0 255
-0.0291903 0.0466250 0.6973968 0 0 255
-0.0275431 0.0466006 0.6970308 0 0 255
-0.0258017 0.0464037 0.6940855 0 0 255
-0.0240119 0.0460873 0.6893539 0 0 255
-0.0223629 0.0460151 0.6882736 0 0 255
-0.0206865 0.0458710 0.6861187 0 0 255
-0.0190504 0.0457995 0.6850485 0 0 255
-0.0174194 0.0457282 0.6839816 0 0 255
-0.0157688 0.0455859 0.6818535 0 0 255
-0.0141285 0.0454445 0.6797386 0 0 255
-0.0124984 0.0453040 0.6776369 0 0 255
-0.0109007 0.0452575 0.6769422 0 0 255
-0.0092729 0.0450490 0.6738224 0 0 255
-0.0076875 0.0450030 0.6731356 0 0 255
-0.0061116 0.0450033 0.6731399 0 0 255
-0.0045241 0.0448885 0.6714222 0 0 255
-0.0029446 0.0447742 0.6697133 0 0 255
-0.0013760 0.0447517 0.6693760 0 0 255
0.0001909 0.0446836 0.6683576 0 0 255
0.0017539 0.0446384 0.6676818 0 0 255
0.0033171 0.0446387 0.6676861 0 0 255
0.0048778 0.0446163 0.6673509 0 0 255
0.0064337 0.0445713 0.6666772 0 0 255
0.0079865 0.0445263 0.6660048 0 0 255
0.0095409 0.0445040 0.6656713 0 0 255
0.0110882 0.0444592 0.6650009 0 0 255
0.0126452 0.0444595 0.6650051 0 0 255
0.0142022 0.0444598 0.6650094 0 0 255
0.0157512 0.0444375 0.6646770 0 0 255
0.0173075 0.0444378 0.6646812 0 0 255
0.0188542 0.0444156 0.6643490 0 0 255
0.0204408 0.0444834 0.6653637 0 0 255
0.0219875 0.0444612 0.6650308 0 0 255
0.0235446 0.0444615 0.6650351 0 0 255
0.0251018 0.0444618 0.6650394 0 0 255
0.0266860 0.0445071 0.6657183 0 0 255
0.0282447 0.0445074 0.6657226 0 0 255
0.0298187 0.0445303 0.6660647 0 0 255
0.0313623 0.0445080 0.6657312 0 0 255
0.0329881 0.0445988 0.6670889 0 0 255
0.0345501 0.0445991 0.6670932 0 0 255
0.0361857 0.0446902 0.6684564 0 0 255
0.0377317 0.0446677 0.6681204 0 0 255
0.0392762 0.0446453 0.6677849 0 0 255
0.0408606 0.0446683 0.6681291 0 0 255
0.0424036 0.0446459 0.6677935 0 0 255
0.0439449 0.0446235 0.6674581 0 0 255
0.0454155 0.0445332 0.6661076 0 0 255
0.0469991 0.0445561 0.6664501 0 0 255
0.0485105 0.0445112 0.6657783 0 0 255
0.0499935 0.0444438 0.6647710 0 0 255
0.0515241 0.0444216 0.6644388 0 0 255
0.0530266 0.0443773 0.6637754 0 0 255
0.0545534 0.0443551 0.6634441 0 0 255
0.0560221 0.0442882 0.6624440 0 0 255
0.0575444 0.0442662 0.6621141 0 0 255
0.0590651 0.0442442 0.6617846 0 0 255
0.0605843 0.0442221 0.6614553 0 0 255
0.0621646 0.0442447 0.6617931 0 0 255
0.0636182 0.0441782 0.6607979 0 0 255
0.0651657 0.0441785 0.6608022 0 0 255
0.0667132 0.0441788 0.6608064 0 0 255
0.0682607 0.0441790 0.6608106 0 0 255
0.0697731 0.0441571 0.6604825 0 0 255
0.0712840 0.0441352 0.6601545 0 0 255
0.0727935 0.0441133 0.6598270 0 0 255
0.0743387 0.0441136 0.6598312 0 0 255
0.0758459 0.0440917 0.6595039 0 0 255
0.0773516 0.0440698 0.6591770 0 0 255
0.0788557 0.0440480 0.6588505 0 0 255
0.0804391 0.0440704 0.6591855 0 0 255
0.0819418 0.0440486 0.6588590 0 0 255
0.0834430 0.0440267 0.6585327 0 0 255
0.0849427 0.0440050 0.6582068 0 0 255
0.0864842 0.0440052 0.6582110 0 0 255
0.0880258 0.0440055 0.6582152 0 0 255
0.0895674 0.0440058 0.6582195 0 0 255
0.0911090 0.0440061 0.6582237 0 0 255
0.0926506 0.0440064 0.6582279 0 0 255
0.0941923 0.0440067 0.6582322 0 0 255
0.0957339 0.0440069 0.6582364 0 0 255
0.0973733 0.0440514 0.6589013 0 0 255
0.0989165 0.0440517 0.6589056 0 0 255
0.1005607 0.0440962 0.6595718 0 0 255
0.1021056 0.0440965 0.6595761 0 0 255
0.1037547 0.0441411 0.6602437 0 0 255
0.1053541 0.0441636 0.6605802 0 0 255
0.1069552 0.0441861 0.6609169 0 0 255
0.1085579 0.0442087 0.6612540 0 0 255
0.1102177 0.0442535 0.6619250 0 0 255
0.1118245 0.0442761 0.6622631 0 0 255
0.1134329 0.0442988 0.6626016 0 0 255
0.1151593 0.0443662 0.6636105 0 0 255
0.1168318 0.0444114 0.6642863 0 0 255
0.1185077 0.0444567 0.6649634 0 0 255
0.1201261 0.0444795 0.6653046 0 0 255
0.1217462 0.0445023 0.6656461 0 0 255
0.1233680 0.0445252 0.6659881 0 0 255
0.1249280 0.0445255 0.6659924 0 0 255
0.1264880 0.0445258 0.6659967 0 0 255
0.1280481 0.0445260 0.6660009 0 0 255
0.1294112 0.0444587 0.6649933 0 0 255
0.1309026 0.0444365 0.6646609 0 0 255
0.1323257 0.0443918 0.6639931 0 0 255
0.1337458 0.0443472 0.6633264 0 0 255
0.1351631 0.0443028 0.6626612 0 0 255
0.1365775 0.0442584 0.6619973 0 0 255
0.1379892 0.0442141 0.6613348 0 0 255
0.1394681 0.0441921 0.6610061 0 0 255
0.1408748 0.0441479 0.6603456 0 0 255
0.1423501 0.0441260 0.6600179 0 0 255
0.1438240 0.0441042 0.6596905 0 0 255
0.1450778 0.0440160 0.6583718 0 0 255
0.1466202 0.0440163 0.6583760 0 0 255
0.1480151 0.0439727 0.6577250 0 0 255
0.1495559 0.0439730 0.6577293 0 0 255
0.1510967 0.0439733 0.6577335 0 0 255
0.1525612 0.0439516 0.6574084 0 0 255
0.1540242 0.0439299 0.6570837 0 0 255
0.1555635 0.0439302 0.6570879 0 0 255
0.1570244 0.0439085 0.6567636 0 0 255
0.1584838 0.0438868 0.6564395 0 0 255
0.1599417 0.0438652 0.6561158 0 0 255
0.1615595 0.0438874 0.6564479 0 0 255
0.1630975 0.0438877 0.6564522 0 0 255
0.1645532 0.0438660 0.6561284 0 0 255
0.1661734 0.0438882 0.6564606 0 0 255
0.1676276 0.0438666 0.6561368 0 0 255
0.1691648 0.0438669 0.6561410 0 0 255
0.1707874 0.0438891 0.6564733 0 0 255
0.1722393 0.0438674 0.6561494 0 0 255
0.1736899 0.0438458 0.6558260 0 0 255
0.1752264 0.0438461 0.6558303 0 0 255
0.1767630 0.0438464 0.6558345 0 0 255
0.1782106 0.0438248 0.6555114 0 0 255
0.1799260 0.0438688 0.6561705 0 0 255
0.1816449 0.0439130 0.6568311 0 0 255
0.1835510 0.0440013 0.6581519 0 0 255
0.1851859 0.0440236 0.6584861 0 0 255
0.1870100 0.0440902 0.6594822 0 0 255
0.1889347 0.0441792 0.6608137 0 0 255
0.1901023 0.0440912 0.6594972 0 0 255
0.1918402 0.0441358 0.6601644 0 0 255
0.1938742 0.0442473 0.6618319 0 0 255
0.1957208 0.0443146 0.6628382 0 0 255
0.1978699 0.0444487 0.6648447 0 0 255
0.1991272 0.0443821 0.6638474 0 0 255
0.2012932 0.0445174 0.6658710 0 0 255
0.2030593 0.0445628 0.6665511 0 0 255
0.2049332 0.0446311 0.6675717 0 0 255
0.2067075 0.0446768 0.6682553 0 0 255
0.2081675 0.0446543 0.6679198 0 0 255
0.2099461 0.0447001 0.6686040 0 0 255
0.2116205 0.0447231 0.6689488 0 0 255
0.2131880 0.0447234 0.6689531 0 0 255
0.2148649 0.0447465 0.6692982 0 0 255
0.2164333 0.0447468 0.6693025 0 0 255
0.2180017 0.0447471 0.6693069 0 0 255
0.2194582 0.0447246 0.6689702 0 0 255
0.2210258 0.0447248 0.6689746 0 0 255
0.2225935 0.0447251 0.6689789 0 0 255
0.2241611 0.0447254 0.6689832 0 0 255
0.2259590 0.0447713 0.6696696 0 0 255
0.2274123 0.0447488 0.6693326 0 0 255
0.2289808 0.0447491 0.6693369 0 0 255
0.2305494 0.0447494 0.6693413 0 0 255
0.2321179 0.0447497 0.6693456 0 0 255
0.2338056 0.0447728 0.6696911 0 0 255
0.2352551 0.0447502 0.6693541 0 0 255
0.2369444 0.0447733 0.6696997 0 0 255
0.2383923 0.0447508 0.6693627 0 0 255
0.2400833 0.0447739 0.6697083 0 0 255
0.2416528 0.0447742 0.6697125 0 0 255
0.2432223 0.0447745 0.6697168 0 0 255
0.2447918 0.0447748 0.6697212 0 0 255
0.2463613 0.0447751 0.6697255 0 0 255
0.2480574 0.0447982 0.6700714 0 0 255
0.2496278 0.0447985 0.6700757 0 0 255
0.2514547 0.0448445 0.6707643 0 0 255
0.2531559 0.0448677 0.6711113 0 0 255
0.2549893 0.0449139 0.6718020 0 0 255
0.2565638 0.0449142 0.6718063 0 0 255
0.2580063 0.0448915 0.6714672 0 0 255
0.2598457 0.0449377 0.6721587 0 0 255
0.2612873 0.0449150 0.6718192 0 0 255
0.2627292 0.0448927 0.6714845 0 0 255
0.2641680 0.0448700 0.6711458 0 0 255
0.2657410 0.0448703 0.6711501 0 0 255
0.2671775 0.0448477 0.6708117 0 0 255
0.2687497 0.0448480 0.6708160 0 0 255
0.2700462 0.0448025 0.6701360 0 0 255
0.2716168 0.0448028 0.6701403 0 0 255
0.2729092 0.0447574 0.6694617 0 0 255
0.2739200 0.0446667 0.6681043 0 0 255
0.2754859 0.0446669 0.6681086 0 0 255
0.2764895 0.0445766 0.6667566 0 0 255
0.2780523 0.0445769 0.6667609 0 0 255
0.2790487 0.0444868 0.6654145 0 0 255
0.2801827 0.0444196 0.6644093 0 0 255
0.2817400 0.0444199 0.6644136 0 0 255
0.2830111 0.0443753 0.6637465 0 0 255
0.2842796 0.0443308 0.6630809 0 0 255
0.2854018 0.0442641 0.6620828 0 0 255
0.2870984 0.0442867 0.6624209 0 0 255
0.2882152 0.0442201 0.6614248 0 0 255
0.2896198 0.0441981 0.6610962 0 0 255
0.2910230 0.0441762 0.6607680 0 0 255
0.2924248 0.0441543 0.6604401 0 0 255
0.2939729 0.0441546 0.6604444 0 0 255
0.2955211 0.0441548 0.6604486 0 0 255
0.2967709 0.0441108 0.6597896 0 0 255
0.2986175 0.0441554 0.6604572 0 0 255
0.3003166 0.0441779 0.6607935 0 0 255
0.3024740 0.0442672 0.6621296 0 0 255
0.3041794 0.0442898 0.6624677 0 0 255
0.3063501 0.0443796 0.6638106 0 0 255
0.3085296 0.0444697 0.6651589 0 0 255
0.3102459 0.0444926 0.6655000 0 0 255
0.3122804 0.0445605 0.6665170 0 0 255
0.3140022 0.0445834 0.6668595 0 0 255
0.3157257 0.0446064 0.6672024 0 0 255
0.3177738 0.0446747 0.6682245 0 0 255
0.3195028 0.0446977 0.6685687 0 0 255
-0.0362603 0.0489882 0.7079214 0 0 255
-0.0343438 0.0486213 0.7026185 0 0 255
-0.0325248 0.0483626 0.6988805 0 0 255
-0.0308231 0.0482601 0.6973991 0 0 255
-0.0291132 0.0481325 0.6955552 0 0 255
-0.0274558 0.0480818 0.6948229 0 0 255
-0.0256528 0.0477537 0.6900813 0 0 255
-0.0239869 0.0476538 0.6886371 0 0 255
-0.0223163 0.0475294 0.6868392 0 0 255
-0.0206651 0.0474304 0.6854086 0 0 255
-0.0190109 0.0473071 0.6836276 0 0 255
-0.0173743 0.0472090 0.6822104 0 0 255
-0.0157526 0.0471358 0.6811524 0 0 255
-0.0141287 0.0470385 0.6797454 0 0 255
-0.0125049 0.0469172 0.6779937 0 0 255
-0.0109008 0.0468449 0.6769488 0 0 255
-0.0093016 0.0467728 0.6759071 0 0 255
-0.0077034 0.0466773 0.6745262 0 0 255
-0.0061242 0.0466776 0.6745305 0 0 255
-0.0045334 0.0465582 0.6728057 0 0 255
-0.0029522 0.0464632 0.6714331 0 0 255
-0.0013767 0.0463450 0.6697242 0 0 255
0.0001911 0.0462980 0.6690456 0 0 255
0.0017557 0.0462512 0.6683684 0 0 255
0.0033171 0.0462044 0.6676927 0 0 255
0.0048778 0.0461812 0.6673574 0 0 255
0.0064338 0.0461346 0.6666837 0 0 255
0.0079946 0.0461349 0.6666880 0 0 255
0.0095410 0.0460650 0.6656778 0 0 255
0.0110939 0.0460419 0.6653445 0 0 255
0.0126453 0.0460189 0.6650116 0 0 255
0.0141808 0.0459493 0.6640067 0 0 255
0.0157434 0.0459729 0.6643470 0 0 255
0.0172902 0.0459499 0.6640152 0 0 255
0.0188544 0.0459735 0.6643555 0 0 255
0.0204099 0.0459738 0.6643598 0 0 255
0.0219544 0.0459508 0.6640280 0 0 255
0.0235091 0.0459511 0.6640323 0 0 255
0.0250766 0.0459747 0.6643726 0 0 255
0.0266322 0.0459750 0.6643769 0 0 255
0.0282021 0.0459985 0.6647176 0 0 255
0.0297736 0.0460221 0.6650587 0 0 255
0.0313309 0.0460224 0.6650630 0 0 255
0.0329382 0.0460928 0.6660798 0 0 255
0.0345154 0.0461165 0.6664223 0 0 255
0.0361492 0.0462106 0.6677828 0 0 255
0.0377321 0.0462345 0.6681271 0 0 255
0.0392766 0.0462112 0.6677914 0 0 255
0.0408610 0.0462351 0.6681356 0 0 255
0.0424040 0.0462118 0.6678000 0 0 255
0.0439230 0.0461652 0.6671255 0 0 255
0.0453929 0.0460718 0.6657763 0 0 255
0.0469758 0.0460955 0.6661184 0 0 255
0.0484373 0.0460024 0.6647732 0 0 255
0.0499939 0.0460027 0.6647775 0 0 255
0.0514985 0.0459564 0.6641092 0 0 255
0.0530004 0.0459106 0.6634463 0 0 255
0.0544989 0.0458645 0.6627806 0 0 255
0.0560227 0.0458416 0.6624504 0 0 255
0.0575159 0.0457957 0.6617868 0 0 255
0.0590657 0.0457960 0.6617910 0 0 255
0.0605849 0.0457732 0.6614618 0 0 255
0.0621026 0.0457505 0.6611329 0 0 255
0.0636509 0.0457508 0.6611372 0 0 255
0.0651663 0.0457280 0.6608086 0 0 255
0.0666803 0.0457053 0.6604804 0 0 255
0.0681927 0.0456826 0.6601525 0 0 255
0.0697037 0.0456600 0.6598249 0 0 255
0.0712489 0.0456603 0.6598292 0 0 255
0.0727942 0.0456605 0.6598334 0 0 255
0.0743395 0.0456608 0.6598377 0 0 255
0.0758466 0.0456382 0.6595104 0 0 255
0.0773135 0.0455927 0.6588527 0 0 255
0.0788565 0.0455930 0.6588569 0 0 255
0.0803996 0.0455933 0.6588612 0 0 255
0.0818604 0.0455478 0.6582047 0 0 255
0.0834438 0.0455710 0.6585391 0 0 255
0.0849435 0.0455484 0.6582133 0 0 255
0.0864851 0.0455487 0.6582175 0 0 255
0.0880267 0.0455490 0.6582217 0 0 255
0.0895683 0.0455493 0.6582260 0 0 255
0.0911099 0.0455496 0.6582302 0 0 255
0.0926980 0.0455727 0.6585646 0 0 255
0.0942405 0.0455730 0.6585688 0 0 255
0.0957829 0.0455733 0.6585730 0 0 255
0.0973254 0.0455736 0.6585773 0 0 255
0.0989175 0.0455968 0.6589120 0 0 255
0.1005617 0.0456429 0.6595783 0 0 255
0.1020553 0.0456203 0.6592513 0 0 255
0.1037036 0.0456664 0.6599183 0 0 255
0.1053022 0.0456897 0.6602544 0 0 255
0.1068487 0.0456900 0.6602587 0 0 255
0.1085589 0.0457593 0.6612605 0 0 255
0.1101632 0.0457827 0.6615979 0 0 255
0.1118256 0.0458291 0.6622695 0 0 255
0.1134913 0.0458757 0.6629426 0 0 255
0.1151604 0.0459224 0.6636170 0 0 255
0.1167739 0.0459459 0.6639569 0 0 255
0.1184489 0.0459927 0.6646333 0 0 255
0.1200665 0.0460163 0.6649742 0 0 255
0.1216241 0.0460166 0.6649784 0 0 255
0.1233066 0.0460635 0.6656569 0 0 255
0.1248659 0.0460638 0.6656612 0 0 255
0.1263611 0.0460408 0.6653281 0 0 255
0.1279196 0.0460411 0.6653324 0 0 255
0.1292815 0.0459715 0.6643269 0 0 255
0.1307715 0.0459485 0.6639953 0 0 255
0.1322601 0.0459256 0.6636639 0 0 255
0.1336121 0.0458564 0.6626634 0 0 255
0.1350281 0.0458104 0.6619995 0 0 255
0.1365100 0.0457877 0.6616701 0 0 255
0.1379905 0.0457649 0.6613412 0 0 255
0.1393993 0.0457191 0.6606801 0 0 255
0.1408053 0.0456735 0.6600202 0 0 255
0.1423515 0.0456738 0.6600244 0 0 255
0.1436810 0.0456053 0.6590349 0 0 255
0.1451520 0.0455827 0.6587085 0 0 255
0.1464757 0.0455148 0.6577272 0 0 255
0.1480165 0.0455151 0.6577315 0 0 255
0.1494077 0.0454698 0.6570775 0 0 255
0.1509470 0.0454701 0.6570817 0 0 255
0.1524101 0.0454477 0.6567574 0 0 255
0.1539487 0.0454480 0.6567615 0 0 255
0.1553319 0.0454029 0.6561095 0 0 255
0.1568690 0.0454031 0.6561137 0 0 255
0.1584853 0.0454261 0.6564459 0 0 255
0.1600232 0.0454264 0.6564502 0 0 255
0.1614804 0.0454040 0.6561264 0 0 255
0.1630176 0.0454043 0.6561306 0 0 255
0.1644726 0.0453819 0.6558071 0 0 255
0.1660090 0.0453822 0.6558114 0 0 255
0.1675455 0.0453825 0.6558156 0 0 255
0.1690820 0.0453828 0.6558198 0 0 255
0.1706185 0.0453831 0.6558240 0 0 255
0.1720691 0.0453607 0.6555009 0 0 255
0.1733470 0.0452937 0.6545315 0 0 255
0.1749677 0.0453165 0.6548620 0 0 255
0.1764140 0.0452942 0.6545399 0 0 255
0.1780364 0.0453171 0.6548706 0 0 255
0.1794812 0.0452948 0.6545484 0 0 255
0.1811954 0.0453403 0.6552056 0 0 255
0.1830026 0.0454081 0.6561854 0 0 255
0.1845419 0.0454088 0.6561961 0 0 255
0.1863587 0.0454773 0.6571853 0 0 255
0.1881810 0.0455460 0.6581775 0 0 255
0.1899134 0.0455919 0.6588420 0 0 255
0.1915532 0.0456151 0.6591769 0 0 255
0.1935835 0.0457302 0.6608394 0 0 255
0.1953285 0.0457765 0.6615093 0 0 255
0.1970770 0.0458230 0.6621805 0 0 255
0.1989294 0.0458927 0.6631878 0 0 255
0.2024449 0.0459858 0.6645342 0 0 255
0.2044157 0.0460794 0.6658860 0 0 255
0.2061850 0.0461265 0.6665661 0 0 255
0.2079580 0.0461736 0.6672477 0 0 255
0.2096280 0.0461974 0.6675910 0 0 255
0.2112997 0.0462212 0.6679348 0 0 255
0.2129731 0.0462450 0.6682789 0 0 255
0.2146483 0.0462688 0.6686234 0 0 255
0.2162151 0.0462691 0.6686277 0 0 255
0.2177819 0.0462694 0.6686320 0 0 255
0.2194604 0.0462933 0.6689768 0 0 255
0.2209155 0.0462700 0.6686406 0 0 255
0.2223691 0.0462468 0.6683047 0 0 255
0.2240492 0.0462706 0.6686492 0 0 255
0.2257310 0.0462945 0.6689939 0 0 255
0.2272987 0.0462948 0.6689982 0 0 255
0.2288664 0.0462951 0.6690025 0 0 255
0.2304342 0.0462954 0.6690069 0 0 255
0.2318839 0.0462721 0.6686707 0 0 255
0.2338079 0.0463431 0.6696976 0 0 255
0.2352574 0.0463198 0.6693607 0 0 255
0.2368260 0.0463201 0.6693650 0 0 255
0.2385162 0.0463440 0.6697106 0 0 255
0.2398427 0.0462974 0.6690370 0 0 255
0.2429785 0.0462980 0.6690456 0 0 255
0.2445465 0.0462983 0.6690499 0 0 255
0.2462398 0.0463222 0.6693951 0 0 255
0.2496302 0.0463698 0.6700823 0 0 255
0.2512022 0.0463704 0.6700909 0 0 255
0.2546012 0.0464180 0.6707795 0 0 255
0.2563042 0.0464420 0.6711265 0 0 255
0.2578771 0.0464423 0.6711308 0 0 255
0.2594517 0.0464429 0.6711394 0 0 255
0.2610246 0.0464432 0.6711437 0 0 255
0.2624635 0.0464198 0.6708053 0 0 255
0.2640357 0.0464201 0.6708096 0 0 255
0.2654724 0.0463967 0.6704717 0 0 255
0.2669075 0.0463733 0.6701339 0 0 255
0.2686152 0.0463973 0.6704803 0 0 255
0.2700489 0.0463739 0.6701425 0 0 255
0.2714810 0.0463506 0.6698052 0 0 255
0.2726340 0.0462801 0.6687867 0 0 255
0.2739227 0.0462333 0.6681108 0 0 255
0.2753486 0.0462101 0.6677755 0 0 255
0.2766325 0.0461635 0.6671017 0 0 255
0.2777731 0.0460936 0.6660914 0 0 255
0.2790514 0.0460472 0.6654209 0 0 255
0.2803271 0.0460009 0.6647519 0 0 255
0.2817427 0.0459779 0.6644201 0 0 255
0.2828709 0.0459086 0.6634179 0 0 255
0.2839958 0.0458395 0.6624188 0 0 255
0.2854046 0.0458167 0.6620893 0 0 255
0.2866677 0.0457708 0.6614270 0 0 255
0.2879282 0.0457251 0.6607660 0 0 255
0.2894770 0.0457254 0.6607703 0 0 255
0.2908796 0.0457027 0.6604424 0 0 255
0.2919874 0.0456342 0.6594523 0 0 255
0.2936806 0.0456574 0.6597876 0 0 255
0.2949329 0.0456122 0.6591341 0 0 255
0.2984703 0.0456812 0.6601318 0 0 255
0.3001686 0.0457045 0.6604679 0 0 255
0.3021724 0.0457738 0.6614695 0 0 255
0.3035702 0.0457510 0.6611409 0 0 255
0.3060439 0.0458899 0.6631470 0 0 255
0.3080648 0.0459597 0.6641568 0 0 255
0.3097783 0.0459833 0.6644970 0 0 255
0.3118090 0.0460534 0.6655108 0 0 255
0.3136869 0.0461004 0.6661898 0 0 255
0.3155685 0.0461475 0.6668703 0 0 255
0.3172929 0.0461712 0.6672131 0 0 255
0.3191811 0.0462185 0.6678956 0 0 255
0.3210732 0.0462658 0.6685796 0 0 255
-0.0362607 0.0506483 0.7079283 0 0 255
-0.0343809 0.0503228 0.7033787 0 0 255
-0.0325772 0.0500815 0.7000059 0 0 255
-0.0308071 0.0498690 0.6970354 0 0 255
-0.0290981 0.0497372 0.6951935 0 0 255
-0.0273836 0.0495799 0.6929950 0 0 255
-0.0256127 0.0492942 0.6890011 0 0 255
-0.0239369 0.0491654 0.6872013 0 0 255
-0.0222815 0.0490629 0.6857691 0 0 255
-0.0206330 0.0489609 0.6843430 0 0 255
-0.0189913 0.0488593 0.6829227 0 0 255
-0.0173654 0.0487834 0.6818625 0 0 255
-0.0157364 0.0486826 0.6804526 0 0 255
-0.0141215 0.0486073 0.6794001 0 0 255
-0.0124922 0.0484571 0.6773005 0 0 255
-0.0108841 0.0483575 0.6759094 0 0 255
-0.0093017 0.0483578 0.6759138 0 0 255
-0.0077113 0.0483084 0.6752226 0 0 255
-0.0061243 0.0482594 0.6745371 0 0 255
-0.0045427 0.0482349 0.6741949 0 0 255
-0.0029583 0.0481363 0.6728166 0 0 255
-0.0013809 0.0480626 0.6717877 0 0 255
0.0001916 0.0479893 0.6707619 0 0 255
0.0017575 0.0478672 0.6690564 0 0 255
0.0033205 0.0478188 0.6683792 0 0 255
0.0048779 0.0477462 0.6673639 0 0 255
0.0064338 0.0476980 0.6666902 0 0 255
0.0079866 0.0476498 0.6660178 0 0 255
0.0095314 0.0475777 0.6650096 0 0 255
0.0110884 0.0475780 0.6650139 0 0 255
0.0126390 0.0475542 0.6646814 0 0 255
0.0141953 0.0475545 0.6646857 0 0 255
0.0157197 0.0474587 0.6633461 0 0 255
0.0172728 0.0474590 0.6633504 0 0 255
0.0188355 0.0474833 0.6636901 0 0 255
0.0203895 0.0474836 0.6636944 0 0 255
0.0219435 0.0474839 0.6636987 0 0 255
0.0234975 0.0474842 0.6637030 0 0 255
0.0250642 0.0475086 0.6640431 0 0 255
0.0266325 0.0475329 0.6643835 0 0 255
0.0282024 0.0475573 0.6647242 0 0 255
0.0297588 0.0475576 0.6647285 0 0 255
0.0313153 0.0475579 0.6647327 0 0 255
0.0329218 0.0476306 0.6657485 0 0 255
0.0344807 0.0476309 0.6657528 0 0 255
0.0361128 0.0477280 0.6671105 0 0 255
0.0376749 0.0477283 0.6671148 0 0 255
0.0392570 0.0477529 0.6674584 0 0 255
0.0408407 0.0477775 0.6678023 0 0 255
0.0424044 0.0477778 0.6678066 0 0 255
0.0439011 0.0477053 0.6667931 0 0 255
0.0454625 0.0477056 0.6667974 0 0 255
0.0469524 0.0476333 0.6657870 0 0 255
0.0484377 0.0475613 0.6647797 0 0 255
0.0499439 0.0475135 0.6641114 0 0 255
0.0514473 0.0474660 0.6634486 0 0 255
0.0529474 0.0474184 0.6627828 0 0 255
0.0544994 0.0474187 0.6627871 0 0 255
0.0560232 0.0473951 0.6624569 0 0 255
0.0574875 0.0473237 0.6614597 0 0 255
0.0590662 0.0473479 0.6617975 0 0 255
0.0605550 0.0473005 0.6611351 0 0 255
0.0621032 0.0473008 0.6611394 0 0 255
0.0636195 0.0472773 0.6608108 0 0 255
0.0651670 0.0472776 0.6608151 0 0 255
0.0666809 0.0472541 0.6604869 0 0 255
0.0682277 0.0472544 0.6604911 0 0 255
0.0697394 0.0472310 0.6601632 0 0 255
0.0712854 0.0472313 0.6601674 0 0 255
0.0728315 0.0472316 0.6601717 0 0 255
0.0743402 0.0472082 0.6598442 0 0 255
0.0758855 0.0472085 0.6598484 0 0 255
0.0773143 0.0471377 0.6588592 0 0 255
0.0788969 0.0471617 0.6591942 0 0 255
0.0804003 0.0471383 0.6588677 0 0 255
0.0819434 0.0471386 0.6588719 0 0 255
0.0834446 0.0471153 0.6585456 0 0 255
0.0849443 0.0470919 0.6582197 0 0 255
0.0865293 0.0471159 0.6585541 0 0 255
0.0880717 0.0471162 0.6585583 0 0 255
0.0895243 0.0470692 0.6579025 0 0 255
0.0911108 0.0470931 0.6582366 0 0 255
0.0926524 0.0470934 0.6582409 0 0 255
0.0941941 0.0470937 0.6582451 0 0 255
0.0957838 0.0471177 0.6585795 0 0 255
0.0973263 0.0471180 0.6585837 0 0 255
0.0989185 0.0471419 0.6589184 0 0 255
0.1005627 0.0471896 0.6595847 0 0 255
0.1021076 0.0471899 0.6595889 0 0 255
0.1037046 0.0472139 0.6599247 0 0 255
0.1052503 0.0472142 0.6599290 0 0 255
0.1069035 0.0472620 0.6605973 0 0 255
0.1085053 0.0472861 0.6609340 0 0 255
0.1101643 0.0473341 0.6616043 0 0 255
0.1118267 0.0473821 0.6622760 0 0 255
0.1134352 0.0474064 0.6626145 0 0 255
0.1151616 0.0474785 0.6636235 0 0 255
0.1167750 0.0475029 0.6639633 0 0 255
0.1183901 0.0475272 0.6643035 0 0 255
0.1200676 0.0475756 0.6649806 0 0 255
0.1216869 0.0476001 0.6653218 0 0 255
0.1231829 0.0475763 0.6649892 0 0 255
0.1247406 0.0475766 0.6649935 0 0 255
0.1263623 0.0476010 0.6653346 0 0 255
0.1278560 0.0475772 0.6650020 0 0 255
0.1293483 0.0475534 0.6646698 0 0 255
0.1306407 0.0474576 0.6633310 0 0 255
0.1321278 0.0474340 0.6630003 0 0 255
0.1336134 0.0474103 0.6626700 0 0 255
0.1348934 0.0473151 0.6613392 0 0 255
0.1363740 0.0472916 0.6610106 0 0 255
0.1379224 0.0472919 0.6610148 0 0 255
0.1394007 0.0472684 0.6606865 0 0 255
0.1407360 0.0471975 0.6596950 0 0 255
0.1422814 0.0471978 0.6596992 0 0 255
0.1436103 0.0471271 0.6587107 0 0 255
0.1450807 0.0471037 0.6583847 0 0 255
0.1466230 0.0471040 0.6583890 0 0 255
0.1480179 0.0470575 0.6577379 0 0 255
0.1494839 0.0470342 0.6574128 0 0 255
0.1509485 0.0470110 0.6570881 0 0 255
0.1524116 0.0469878 0.6567637 0 0 255
0.1537963 0.0469411 0.6561117 0 0 255
0.1553349 0.0469419 0.6561223 0 0 255
0.1567937 0.0469187 0.6557989 0 0 255
0.1583301 0.0469190 0.6558031 0 0 255
0.1597852 0.0468955 0.6554736 0 0 255
0.1613224 0.0468962 0.6554843 0 0 255
0.1629394 0.0469199 0.6558157 0 0 255
0.1644758 0.0469202 0.6558200 0 0 255
0.1659295 0.0468971 0.6554970 0 0 255
0.1672982 0.0468507 0.6548475 0 0 255
0.1689149 0.0468739 0.6551719 0 0 255
0.1704499 0.0468742 0.6551760 0 0 255
0.1719009 0.0468516 0.6548601 0 0 255
0.1734352 0.0468519 0.6548643 0 0 255
0.1748822 0.0468288 0.6545421 0 0 255
0.1764158 0.0468291 0.6545464 0 0 255
0.1778607 0.0468061 0.6542245 0 0 255
0.1793936 0.0468064 0.6542287 0 0 255
0.1810166 0.0468300 0.6545590 0 0 255
0.1828235 0.0469005 0.6555433 0 0 255
0.1842675 0.0468774 0.6552204 0 0 255
0.1860812 0.0469479 0.6562067 0 0 255
0.1879003 0.0470187 0.6571959 0 0 255
0.1897249 0.0470897 0.6581881 0 0 255
0.1913630 0.0471136 0.6585224 0 0 255
0.1933908 0.0472323 0.6601815 0 0 255
0.1953304 0.0473277 0.6615157 0 0 255
0.1968804 0.0473281 0.6615200 0 0 255
0.1986305 0.0473761 0.6621913 0 0 255
0.2005866 0.0474721 0.6635336 0 0 255
0.2040040 0.0475445 0.6645449 0 0 255
0.2059780 0.0476412 0.6658968 0 0 255
0.2076436 0.0476657 0.6662388 0 0 255
0.2094172 0.0477144 0.6669196 0 0 255
0.2109799 0.0477147 0.6669239 0 0 255
0.2129752 0.0478121 0.6682854 0 0 255
0.2144321 0.0477881 0.6679499 0 0 255
0.2161072 0.0478127 0.6682940 0 0 255
0.2175625 0.0477887 0.6679585 0 0 255
0.2191277 0.0477890 0.6679628 0 0 255
0.2208053 0.0478136 0.6683069 0 0 255
0.2224845 0.0478383 0.6686514 0 0 255
0.2238235 0.0477899 0.6679757 0 0 255
0.2256183 0.0478389 0.6686600 0 0 255
0.2270697 0.0478149 0.6683242 0 0 255
0.2287522 0.0478395 0.6686687 0 0 255
0.2302020 0.0478155 0.6683328 0 0 255
0.2318862 0.0478401 0.6686773 0 0 255
0.2334532 0.0478404 0.6686816 0 0 255
0.2350202 0.0478407 0.6686859 0 0 255
0.2365873 0.0478410 0.6686901 0 0 255
0.2381559 0.0478416 0.6686987 0 0 255
0.2397230 0.0478420 0.6687030 0 0 255
0.2411673 0.0478179 0.6683671 0 0 255
0.2429809 0.0478669 0.6690521 0 0 255
0.2444244 0.0478429 0.6687159 0 0 255
0.2459915 0.0478432 0.6687202 0 0 255
0.2478110 0.0478922 0.6694059 0 0 255
0.2493799 0.0478926 0.6694103 0 0 255
0.2509487 0.0478929 0.6694146 0 0 255
0.2529041 0.0479665 0.6704438 0 0 255
0.2544754 0.0479668 0.6704481 0 0 255
0.2561774 0.0479916 0.6707946 0 0 255
0.2576180 0.0479674 0.6704566 0 0 255
0.2594542 0.0480167 0.6711459 0 0 255
0.2608939 0.0479925 0.6708075 0 0 255
0.2621983 0.0479439 0.6701276 0 0 255
0.2637689 0.0479442 0.6701319 0 0 255
0.2654749 0.0479690 0.6704782 0 0 255
0.2667741 0.0479204 0.6697989 0 0 255
0.2684808 0.0479451 0.6701447 0 0 255
0.2696389 0.0478722 0.6691252 0 0 255
0.2710691 0.0478481 0.6687889 0 0 255
0.2724979 0.0478241 0.6684529 0 0 255
0.2737861 0.0477758 0.6677777 0 0 255
0.2752114 0.0477518 0.6674428 0 0 255
0.2762145 0.0476553 0.6660936 0 0 255
0.2777758 0.0476556 0.6660979 0 0 255
0.2790541 0.0476076 0.6654275 0 0 255
0.2800465 0.0475117 0.6640865 0 0 255
0.2813187 0.0474640 0.6634202 0 0 255
0.2827310 0.0474404 0.6630896 0 0 255
0.2839986 0.0473928 0.6624253 0 0 255
0.2851201 0.0473216 0.6614292 0 0 255
0.2863821 0.0472743 0.6607682 0 0 255
0.2877863 0.0472508 0.6604404 0 0 255
0.2893344 0.0472511 0.6604446 0 0 255
0.2907363 0.0472277 0.6601170 0 0 255
0.2918457 0.0471572 0.6591321 0 0 255
0.2933907 0.0471575 0.6591364 0 0 255
0.2949358 0.0471578 0.6591406 0 0 255
0.2963322 0.0471345 0.6588144 0 0 255
0.2981755 0.0471821 0.6594799 0 0 255
0.3018714 0.0472773 0.6608106 0 0 255
0.3035732 0.0473014 0.6611474 0 0 255
0.3055842 0.0473732 0.6621510 0 0 255
0.3079122 0.0474932 0.6638278 0 0 255
0.3097813 0.0475415 0.6645034 0 0 255
0.3113391 0.0475418 0.6645077 0 0 255
0.3133722 0.0476143 0.6655215 0 0 255
0.3154116 0.0476871 0.6665385 0 0 255
0.3172960 0.0477358 0.6672196 0 0 255
0.3191842 0.0477847 0.6679022 0 0 255
0.3207499 0.0477850 0.6679064 0 0 255
0.3226437 0.0478339 0.6685904 0 0 255
-0.0360665 0.0520277 0.7041361 0 0 255
-0.0344182 0.0520280 0.7041406 0 0 255
-0.0326996 0.0519169 0.7026368 0 0 255
-0.0308401 0.0515583 0.6977837 0 0 255
-0.0290829 0.0513402 0.6948321 0 0 255
-0.0272832 0.0510167 0.6904536 0 0 255
-0.0255727 0.0508298 0.6879241 0 0 255
-0.0239246 0.0507503 0.6868483 0 0 255
-0.0222701 0.0506446 0.6854177 0 0 255
-0.0206332 0.0505657 0.6843497 0 0 255
-0.0189816 0.0504345 0.6825742 0 0 255
-0.0173566 0.0503563 0.6815150 0 0 255
-0.0157448 0.0503043 0.6808123 0 0 255
-0.0141143 0.0501745 0.6790552 0 0 255
-0.0124923 0.0500453 0.6773071 0 0 255
-0.0108842 0.0499425 0.6759160 0 0 255
-0.0093018 0.0499429 0.6759203 0 0 255
-0.0077114 0.0498918 0.6752291 0 0 255
-0.0061180 0.0497900 0.6738509 0 0 255
-0.0045405 0.0497903 0.6738552 0 0 255
-0.0029583 0.0497140 0.6728232 0 0 255
-0.0013817 0.0496634 0.6721383 0 0 255
0.0001916 0.0495622 0.6707684 0 0 255
0.0017593 0.0494866 0.6697459 0 0 255
0.0033188 0.0493610 0.6680456 0 0 255
0.0048779 0.0493111 0.6673704 0 0 255
0.0064371 0.0492864 0.6670355 0 0 255
0.0079867 0.0492117 0.6660243 0 0 255
0.0095412 0.0491870 0.6656908 0 0 255
0.0110885 0.0491375 0.6650205 0 0 255
0.0126392 0.0491129 0.6646879 0 0 255
0.0141882 0.0490884 0.6643558 0 0 255
0.0157278 0.0490391 0.6636882 0 0 255
0.0172643 0.0489898 0.6630219 0 0 255
0.0188167 0.0489901 0.6630262 0 0 255
0.0203691 0.0489904 0.6630304 0 0 255
0.0219215 0.0489908 0.6630347 0 0 255
0.0234740 0.0489911 0.6630389 0 0 255
0.0250391 0.0490161 0.6633782 0 0 255
0.0266058 0.0490413 0.6637180 0 0 255
0.0281741 0.0490664 0.6640581 0 0 255
0.0297290 0.0490667 0.6640624 0 0 255
0.0313156 0.0491167 0.6647392 0 0 255
0.0328888 0.0491419 0.6650803 0 0 255
0.0344635 0.0491671 0.6654218 0 0 255
0.0360765 0.0492424 0.6664397 0 0 255
0.0376562 0.0492677 0.6667825 0 0 255
0.0392574 0.0493181 0.6674649 0 0 255
0.0408411 0.0493435 0.6678088 0 0 255
0.0423617 0.0492937 0.6671342 0 0 255
0.0439016 0.0492689 0.6667996 0 0 255
0.0454168 0.0492193 0.6661271 0 0 255
0.0469290 0.0491697 0.6654560 0 0 255
0.0484627 0.0491451 0.6651230 0 0 255
0.0499949 0.0491205 0.6647905 0 0 255
0.0514478 0.0490218 0.6634550 0 0 255
0.0529746 0.0489974 0.6631241 0 0 255
0.0544999 0.0489729 0.6627936 0 0 255
0.0559955 0.0489239 0.6621292 0 0 255
0.0574880 0.0488749 0.6614662 0 0 255
0.0590371 0.0488752 0.6614704 0 0 255
0.0605861 0.0488755 0.6614747 0 0 255
0.0620726 0.0488266 0.6608131 0 0 255
0.0636201 0.0488269 0.6608173 0 0 255
0.0651348 0.0488027 0.6604891 0 0 255
0.0666816 0.0488030 0.6604934 0 0 255
0.0682627 0.0488279 0.6608301 0 0 255
0.0697401 0.0487791 0.6601697 0 0 255
0.0713220 0.0488039 0.6605061 0 0 255
0.0727956 0.0487552 0.6598464 0 0 255
0.0743409 0.0487555 0.6598506 0 0 255
0.0759244 0.0487803 0.6601866 0 0 255
0.0774316 0.0487561 0.6598591 0 0 255
0.0788977 0.0487075 0.6592007 0 0 255
0.0804011 0.0486833 0.6588741 0 0 255
0.0819853 0.0487081 0.6592091 0 0 255
0.0834036 0.0486352 0.6582219 0 0 255
0.0850304 0.0486843 0.6588868 0 0 255
0.0864868 0.0486358 0.6582303 0 0 255
0.0880725 0.0486605 0.6585647 0 0 255
0.0896150 0.0486608 0.6585690 0 0 255
0.0911574 0.0486611 0.6585732 0 0 255
0.0927463 0.0486858 0.6589079 0 0 255
0.0942896 0.0486862 0.6589122 0 0 255
0.0957848 0.0486620 0.6585859 0 0 255
0.0974250 0.0487112 0.6592515 0 0 255
0.0989691 0.0487115 0.6592557 0 0 255
0.1005637 0.0487363 0.6595911 0 0 255
0.1021086 0.0487366 0.6595954 0 0 255
0.1037056 0.0487614 0.6599312 0 0 255
0.1053042 0.0487863 0.6602673 0 0 255
0.1069045 0.0488111 0.6606038 0 0 255
0.1085610 0.0488606 0.6612734 0 0 255
0.1101099 0.0488609 0.6612777 0 0 255
0.1118278 0.0489352 0.6622825 0 0 255
0.1134935 0.0489849 0.6629555 0 0 255
0.1151045 0.0490100 0.6632947 0 0 255
0.1168352 0.0490847 0.6643058 0 0 255
0.1185112 0.0491347 0.6649829 0 0 255
0.1200688 0.0491350 0.6649872 0 0 255
0.1215649 0.0491105 0.6646549 0 0 255
0.1231841 0.0491357 0.6649957 0 0 255
0.1246156 0.0490863 0.6643271 0 0 255
0.1262356 0.0491114 0.6646677 0 0 255
0.1277926 0.0491117 0.6646720 0 0 255
0.1292187 0.0490624 0.6640040 0 0 255
0.1306420 0.0490131 0.6633374 0 0 255
0.1321291 0.0489887 0.6630067 0 0 255
0.1335473 0.0489396 0.6623421 0 0 255
0.1348947 0.0488660 0.6613457 0 0 255
0.1365127 0.0488909 0.6616831 0 0 255
0.1378544 0.0488174 0.6606887 0 0 255
0.1391933 0.0487446 0.6597036 0 0 255
0.1405975 0.0486960 0.6590457 0 0 255
0.1421413 0.0486963 0.6590499 0 0 255
0.1435412 0.0486478 0.6583933 0 0 255
0.1450835 0.0486481 0.6583976 0 0 255
0.1464066 0.0485757 0.6574172 0 0 255
0.1478727 0.0485517 0.6570925 0 0 255
0.1494106 0.0485515 0.6570903 0 0 255
0.1508005 0.0485038 0.6564441 0 0 255
0.1522608 0.0484794 0.6561139 0 0 255
0.1537978 0.0484797 0.6561181 0 0 255
0.1553365 0.0484805 0.6561288 0 0 255
0.1567953 0.0484566 0.6558053 0 0 255
0.1582527 0.0484327 0.6554823 0 0 255
0.1598681 0.0484572 0.6558138 0 0 255
0.1613239 0.0484333 0.6554907 0 0 255
0.1628596 0.0484337 0.6554949 0 0 255
0.1643133 0.0484098 0.6551721 0 0 255
0.1659311 0.0484343 0.6555033 0 0 255
0.1673833 0.0484104 0.6551805 0 0 255
0.1689182 0.0484107 0.6551847 0 0 255
0.1703683 0.0483869 0.6548623 0 0 255
0.1719026 0.0483872 0.6548665 0 0 255
0.1733504 0.0483634 0.6545444 0 0 255
0.1748839 0.0483637 0.6545485 0 0 255
0.1763296 0.0483400 0.6542267 0 0 255
0.1778625 0.0483403 0.6542309 0 0 255
0.1793060 0.0483165 0.6539094 0 0 255
0.1809282 0.0483409 0.6542393 0 0 255
0.1826430 0.0483894 0.6548960 0 0 255
0.1842693 0.0484139 0.6552268 0 0 255
0.1858972 0.0484383 0.6555581 0 0 255
0.1879021 0.0485598 0.6572023 0 0 255
0.1896318 0.0486088 0.6578649 0 0 255
0.1911732 0.0486091 0.6578691 0 0 255
0.1932955 0.0487559 0.6598563 0 0 255
0.1950376 0.0488053 0.6605242 0 0 255
0.1969815 0.0489039 0.6618598 0 0 255
0.1986324 0.0489289 0.6621977 0 0 255
0.2004872 0.0490033 0.6632050 0 0 255
0.2022455 0.0490532 0.6638796 0 0 255
0.2056672 0.0491280 0.6648920 0 0 255
0.2074352 0.0491781 0.6655701 0 0 255
0.2092068 0.0492283 0.6662496 0 0 255
0.2107679 0.0492286 0.6662539 0 0 255
0.2126527 0.0493040 0.6672736 0 0 255
0.2143252 0.0493293 0.6676170 0 0 255
0.2159994 0.0493548 0.6679608 0 0 255
0.2174540 0.0493300 0.6676255 0 0 255
0.2190185 0.0493303 0.6676298 0 0 255
0.2205830 0.0493306 0.6676341 0 0 255
0.2222605 0.0493560 0.6679780 0 0 255
0.2238258 0.0493563 0.6679823 0 0 255
0.2252765 0.0493316 0.6676470 0 0 255
0.2268411 0.0493319 0.6676513 0 0 255
0.2284057 0.0493322 0.6676556 0 0 255
0.2316541 0.0493582 0.6680080 0 0 255
0.2332195 0.0493586 0.6680123 0 0 255
0.2346657 0.0493338 0.6676770 0 0 255
0.2364707 0.0493843 0.6683607 0 0 255
0.2380370 0.0493846 0.6683650 0 0 255
0.2396033 0.0493849 0.6683693 0 0 255
0.2411696 0.0493852 0.6683736 0 0 255
0.2427360 0.0493856 0.6683779 0 0 255
0.2443024 0.0493859 0.6683822 0 0 255
0.2457438 0.0493611 0.6680466 0 0 255
0.2474352 0.0493865 0.6683908 0 0 255
0.2492553 0.0494371 0.6690758 0 0 255
0.2510791 0.0494879 0.6697624 0 0 255
0.2527776 0.0495134 0.6701083 0 0 255
0.2543481 0.0495137 0.6701126 0 0 255
0.2560492 0.0495393 0.6704589 0 0 255
0.2576205 0.0495396 0.6704632 0 0 255
0.2593242 0.0495653 0.6708098 0 0 255
0.2607633 0.0495403 0.6704718 0 0 255
0.2620672 0.0494901 0.6697925 0 0 255
0.2637714 0.0495156 0.6701384 0 0 255
0.2652068 0.0494907 0.6698011 0 0 255
0.2666408 0.0494658 0.6694642 0 0 255
0.2680732 0.0494410 0.6691275 0 0 255
0.2693672 0.0493910 0.6684510 0 0 255
0.2709339 0.0493913 0.6684552 0 0 255
0.2723621 0.0493665 0.6681196 0 0 255
0.2736497 0.0493166 0.6674451 0 0 255
0.2749348 0.0492669 0.6667719 0 0 255
0.2762173 0.0492173 0.6661001 0 0 255
0.2774971 0.0491677 0.6654297 0 0 255
0.2786335 0.0490935 0.6644246 0 0 255
0.2797664 0.0490194 0.6634224 0 0 255
0.2810377 0.0489703 0.6627574 0 0 255
0.2825911 0.0489706 0.6627616 0 0 255
0.2837153 0.0488969 0.6617646 0 0 255
0.2849794 0.0488480 0.6611029 0 0 255
0.2862410 0.0487992 0.6604425 0 0 255
0.2876445 0.0487750 0.6601150 0 0 255
0.2889015 0.0487264 0.6594567 0 0 255
0.2901580 0.0486782 0.6588039 0 0 255
0.2918485 0.0487029 0.6591386 0 0 255
0.2930996 0.0486544 0.6584822 0 0 255
0.2946431 0.0486547 0.6584864 0 0 255
0.2963351 0.0486794 0.6588208 0 0 255
0.2978795 0.0486797 0.6588250 0 0 255
0.3017227 0.0488024 0.6604850 0 0 255
0.3055872 0.0489259 0.6621575 0 0 255
0.3072943 0.0489509 0.6624956 0 0 255
0.3096277 0.0490749 0.6641740 0 0 255
0.3110275 0.0490505 0.6638428 0 0 255
0.3133752 0.0491750 0.6655280 0 0 255
0.3150950 0.0492002 0.6658695 0 0 255
0.3171380 0.0492755 0.6668876 0 0 255
0.3188632 0.0493008 0.6672305 0 0 255
0.3209163 0.0493763 0.6682527 0 0 255
0.3223189 0.0493515 0.6679173 0 0 255
-0.0359126 0.0534494 0.7011328 0 0 255
-0.0344555 0.0537369 0.7049041 0 0 255
-0.0327000 0.0535646 0.7026437 0 0 255
-0.0308733 0.0532513 0.6985335 0 0 255
-0.0290986 0.0529977 0.6952071 0 0 255
-0.0273264 0.0527187 0.6915475 0 0 255
-0.0255997 0.0524981 0.6886529 0 0 255
-0.0239248 0.0523610 0.6868550 0 0 255
-0.0222703 0.0522519 0.6854243 0 0 255
-0.0206011 0.0520890 0.6832873 0 0 255
-0.0189621 0.0519811 0.6818715 0 0 255
-0.0173477 0.0519275 0.6811680 0 0 255
-0.0157286 0.0518471 0.6801132 0 0 255
-0.0141072 0.0517401 0.6787106 0 0 255
-0.0124924 0.0516336 0.6773137 0 0 255
-0.0108955 0.0515807 0.6766196 0 0 255
-0.0093019 0.0515279 0.6759269 0 0 255
-0.0076996 0.0513962 0.6741993 0 0 255
-0.0061244 0.0514230 0.6745502 0 0 255
-0.0045358 0.0513178 0.6731706 0 0 255
-0.0029598 0.0513181 0.6731749 0 0 255
-0.0013817 0.0512396 0.6721449 0 0 255
0.0001917 0.0511613 0.6711181 0 0 255
0.0017602 0.0510833 0.6700944 0 0 255
0.0033239 0.0510055 0.6690738 0 0 255
0.0048829 0.0509279 0.6680564 0 0 255
0.0064372 0.0508506 0.6670421 0 0 255
0.0079949 0.0508251 0.6667076 0 0 255
0.0095461 0.0507738 0.6660351 0 0 255
0.0110887 0.0506970 0.6650270 0 0 255
0.0126457 0.0506973 0.6650312 0 0 255
0.0141884 0.0506463 0.6643623 0 0 255
0.0157200 0.0505698 0.6633592 0 0 255
0.0172645 0.0505446 0.6630284 0 0 255
0.0188169 0.0505449 0.6630326 0 0 255
0.0203796 0.0505708 0.6633719 0 0 255
0.0219217 0.0505456 0.6630411 0 0 255
0.0234861 0.0505715 0.6633805 0 0 255
0.0250393 0.0505718 0.6633847 0 0 255
0.0266061 0.0505977 0.6637245 0 0 255
0.0281602 0.0505980 0.6637288 0 0 255
0.0297293 0.0506239 0.6640689 0 0 255
0.0313001 0.0506499 0.6644092 0 0 255
0.0328558 0.0506502 0.6644135 0 0 255
0.0344464 0.0507019 0.6650911 0 0 255
0.0360586 0.0507794 0.6661080 0 0 255
0.0376183 0.0507797 0.6661122 0 0 255
0.0392577 0.0508833 0.6674714 0 0 255
0.0408207 0.0508837 0.6674757 0 0 255
0.0423621 0.0508581 0.6671407 0 0 255
0.0439020 0.0508326 0.6668061 0 0 255
0.0454173 0.0507814 0.6661336 0 0 255
0.0469295 0.0507302 0.6654625 0 0 255
0.0484387 0.0506791 0.6647927 0 0 255
0.0499448 0.0506282 0.6641244 0 0 255
0.0514483 0.0505777 0.6634616 0 0 255
0.0529484 0.0505269 0.6627959 0 0 255
0.0544730 0.0505017 0.6624657 0 0 255
0.0559960 0.0504766 0.6621357 0 0 255
0.0575466 0.0504769 0.6621400 0 0 255
0.0590376 0.0504264 0.6614770 0 0 255
0.0605257 0.0503759 0.6608153 0 0 255
0.0620732 0.0503762 0.6608195 0 0 255
0.0636207 0.0503766 0.6608238 0 0 255
0.0651682 0.0503769 0.6608281 0 0 255
0.0666822 0.0503519 0.6604998 0 0 255
0.0682290 0.0503522 0.6605040 0 0 255
0.0697408 0.0503272 0.6601762 0 0 255
0.0712868 0.0503275 0.6601804 0 0 255
0.0728696 0.0503532 0.6605168 0 0 255
0.0743416 0.0503029 0.6598570 0 0 255
0.0758870 0.0503032 0.6598613 0 0 255
0.0773934 0.0502782 0.6595340 0 0 255
0.0789777 0.0503038 0.6598698 0 0 255
0.0804423 0.0502536 0.6592113 0 0 255
0.0819450 0.0502287 0.6588848 0 0 255
0.0834881 0.0502291 0.6588890 0 0 255
0.0850313 0.0502294 0.6588932 0 0 255
0.0866179 0.0502549 0.6592283 0 0 255
0.0881176 0.0502300 0.6589017 0 0 255
0.0896608 0.0502304 0.6589059 0 0 255
0.0912040 0.0502307 0.6589102 0 0 255
0.0927938 0.0502562 0.6592452 0 0 255
0.0942905 0.0502313 0.6589186 0 0 255
0.0959301 0.0502821 0.6595849 0 0 255
0.0973771 0.0502320 0.6589271 0 0 255
0.0990696 0.0503080 0.6599249 0 0 255
0.1006152 0.0503084 0.6599292 0 0 255
0.1021096 0.0502834 0.6596018 0 0 255
0.1037066 0.0503090 0.6599377 0 0 255
0.1054113 0.0503853 0.6609386 0 0 255
0.1069056 0.0503603 0.6606103 0 0 255
0.1085621 0.0504113 0.6612799 0 0 255
0.1101665 0.0504371 0.6616173 0 0 255
0.1118853 0.0505137 0.6626233 0 0 255
0.1134947 0.0505396 0.6629621 0 0 255
0.1151638 0.0505910 0.6636365 0 0 255
0.1167773 0.0506169 0.6639764 0 0 255
0.1184524 0.0506685 0.6646528 0 0 255
0.1200700 0.0506945 0.6649937 0 0 255
0.1216277 0.0506948 0.6649979 0 0 255
0.1230607 0.0506438 0.6643294 0 0 255
0.1245550 0.0506190 0.6640042 0 0 255
0.1261730 0.0506445 0.6643379 0 0 255
0.1276646 0.0506192 0.6640062 0 0 255
0.1290894 0.0505684 0.6633396 0 0 255
0.1305786 0.0505436 0.6630154 0 0 255
0.1319971 0.0504925 0.6623443 0 0 255
0.1334140 0.0504419 0.6616811 0 0 255
0.1348961 0.0504168 0.6613522 0 0 255
0.1363093 0.0503669 0.6606973 0 0 255
0.1377185 0.0503166 0.6600375 0 0 255
0.1393347 0.0503422 0.6603736 0 0 255
0.1407401 0.0502920 0.6597143 0 0 255
0.1421427 0.0502418 0.6590564 0 0 255
0.1436146 0.0502170 0.6587300 0 0 255
0.1451577 0.0502173 0.6587343 0 0 255
0.1464081 0.0501174 0.6574237 0 0 255
0.1479482 0.0501177 0.6574279 0 0 255
0.1494883 0.0501180 0.6574321 0 0 255
0.1508020 0.0500432 0.6564505 0 0 255
0.1521877 0.0499935 0.6557992 0 0 255
0.1538009 0.0500188 0.6561310 0 0 255
0.1552604 0.0499942 0.6558076 0 0 255
0.1567186 0.0499695 0.6554845 0 0 255
0.1583332 0.0499948 0.6558160 0 0 255
0.1597101 0.0499452 0.6551659 0 0 255
0.1613255 0.0499705 0.6554971 0 0 255
0.1626988 0.0499210 0.6548476 0 0 255
0.1643149 0.0499462 0.6551785 0 0 255
0.1657672 0.0499216 0.6548560 0 0 255
0.1673014 0.0499219 0.6548603 0 0 255
0.1688357 0.0499223 0.6548645 0 0 255
0.1702850 0.0498977 0.6545423 0 0 255
0.1717330 0.0498732 0.6542205 0 0 255
0.1732658 0.0498735 0.6542247 0 0 255
0.1747985 0.0498738 0.6542289 0 0 255
0.1763314 0.0498741 0.6542331 0 0 255
0.1777756 0.0498496 0.6539116 0 0 255
0.1792185 0.0498251 0.6535904 0 0 255
0.1810201 0.0499000 0.6545718 0 0 255
0.1826448 0.0499252 0.6549023 0 0 255
0.1841792 0.0499255 0.6549065 0 0 255
0.1857137 0.0499258 0.6549107 0 0 255
0.1877161 0.0500509 0.6565517 0 0 255
0.1893491 0.0500762 0.6568843 0 0 255
0.1909837 0.0501016 0.6572171 0 0 255
0.1928131 0.0501773 0.6582094 0 0 255
0.1950395 0.0503542 0.6605306 0 0 255
0.1966861 0.0503799 0.6608672 0 0 255
0.1985343 0.0504564 0.6618705 0 0 255
0.2003880 0.0505331 0.6628768 0 0 255
0.2021453 0.0505845 0.6635509 0 0 255
0.2038031 0.0506103 0.6638904 0 0 255
0.2054625 0.0506363 0.6642305 0 0 255
0.2088910 0.0507135 0.6652439 0 0 255
0.2105564 0.0507395 0.6655852 0 0 255
0.2123312 0.0507913 0.6662647 0 0 255
0.2138925 0.0507917 0.6662690 0 0 255
0.2156725 0.0508436 0.6669499 0 0 255
0.2173457 0.0508697 0.6672930 0 0 255
0.2190207 0.0508959 0.6676364 0 0 255
0.2205851 0.0508962 0.6676406 0 0 255
0.2219241 0.0508449 0.6669670 0 0 255
0.2236005 0.0508710 0.6673101 0 0 255
0.2251643 0.0508714 0.6673144 0 0 255
0.2267281 0.0508717 0.6673187 0 0 255
0.2282933 0.0508723 0.6673272 0 0 255
0.2315386 0.0508988 0.6676750 0 0 255
0.2331033 0.0508992 0.6676793 0 0 255
0.2346679 0.0508995 0.6676835 0 0 255
0.2362326 0.0508998 0.6676878 0 0 255
0.2377974 0.0509002 0.6676921 0 0 255
0.2394838 0.0509264 0.6680360 0 0 255
0.2409268 0.0509008 0.6677007 0 0 255
0.2423685 0.0508753 0.6673658 0 0 255
0.2440564 0.0509015 0.6677093 0 0 255
0.2456212 0.0509018 0.6677135 0 0 255
0.2474376 0.0509539 0.6683973 0 0 255
0.2491308 0.0509802 0.6687418 0 0 255
0.2506981 0.0509805 0.6687461 0 0 255
0.2527801 0.0510848 0.6701148 0 0 255
0.2542209 0.0510591 0.6697776 0 0 255
0.2557907 0.0510595 0.6697819 0 0 255
0.2576231 0.0511119 0.6704698 0 0 255
0.2593268 0.0511383 0.6708164 0 0 255
0.2605000 0.0510604 0.6697947 0 0 255
0.2619362 0.0510348 0.6694578 0 0 255
0.2635053 0.0510351 0.6694621 0 0 255
0.2649393 0.0510094 0.6691254 0 0 255
0.2665076 0.0510098 0.6691297 0 0 255
0.2678031 0.0509582 0.6684532 0 0 255
0.2692328 0.0509326 0.6681176 0 0 255
0.2707988 0.0509329 0.6681219 0 0 255
0.2720880 0.0508815 0.6674473 0 0 255
0.2735134 0.0508560 0.6671127 0 0 255
0.2747980 0.0508047 0.6664402 0 0 255
0.2760800 0.0507536 0.6657691 0 0 255
0.2774999 0.0507282 0.6654362 0 0 255
0.2783547 0.0506004 0.6637598 0 0 255
0.2797692 0.0505752 0.6634288 0 0 255
0.2810404 0.0505245 0.6627638 0 0 255
0.2823091 0.0504739 0.6621001 0 0 255
0.2837181 0.0504488 0.6617710 0 0 255
0.2848389 0.0503730 0.6607769 0 0 255
0.2862438 0.0503480 0.6604490 0 0 255
0.2876473 0.0503230 0.6601214 0 0 255
0.2886165 0.0502228 0.6588061 0 0 255
0.2900154 0.0501979 0.6584802 0 0 255
0.2917051 0.0502234 0.6588145 0 0 255
0.2929556 0.0501734 0.6581588 0 0 255
0.2942037 0.0501235 0.6575044 0 0 255
0.2960412 0.0501741 0.6581672 0 0 255
0.2977331 0.0501995 0.6585013 0 0 255
0.2992767 0.0501998 0.6585055 0 0 255
0.3009712 0.0502253 0.6588399 0 0 255
0.3028193 0.0502761 0.6595055 0 0 255
0.3046710 0.0503269 0.6601723 0 0 255
0.3083839 0.0504286 0.6615059 0 0 255
0.3100907 0.0504543 0.6618433 0 0 255
0.3124290 0.0505820 0.6635184 0 0 255
0.3147791 0.0507103 0.6652020 0 0 255
0.3164987 0.0507363 0.6655431 0 0 255
0.3185429 0.0508139 0.6665602 0 0 255
0.3204305 0.0508658 0.6672413 0 0 255
0.3223221 0.0509178 0.6679238 0 0 255
0.3245477 0.0510219 0.6692888 0 0 255
-0.0377966 0.0554488 0.7056601 0 0 255
-0.0359322 0.0551231 0.7015145 0 0 255
-0.0343635 0.0552416 0.7030225 0 0 255
-0.0325955 0.0550355 0.7004002 0 0 255
-0.0308736 0.0548894 0.6985403 0 0 255
-0.0290681 0.0545702 0.6944779 0 0 255
-0.0272407 0.0541695 0.6893788 0 0 255
-0.0255597 0.0540279 0.6875771 0 0 255
-0.0238876 0.0538871 0.6857848 0 0 255
-0.0222357 0.0537750 0.6843586 0 0 255
-0.0205906 0.0536634 0.6829383 0 0 255
-0.0189622 0.0535801 0.6818781 0 0 255
-0.0173299 0.0534693 0.6804681 0 0 255
-0.0157206 0.0534143 0.6797675 0 0 255
-0.0141073 0.0533317 0.6787172 0 0 255
-0.0124925 0.0532220 0.6773203 0 0 255
-0.0108956 0.0531674 0.6766263 0 0 255
-0.0092972 0.0530857 0.6755856 0 0 255
-0.0076958 0.0529501 0.6738598 0 0 255
-0.0061182 0.0529504 0.6738641 0 0 255
-0.0045382 0.0529236 0.6735227 0 0 255
-0.0029583 0.0528696 0.6728364 0 0 255
-0.0013810 0.0527888 0.6718074 0 0 255
0.0001917 0.0527351 0.6711246 0 0 255
0.0017602 0.0526547 0.6701009 0 0 255
0.0033240 0.0525745 0.6690804 0 0 255
0.0048880 0.0525481 0.6687438 0 0 255
0.0064373 0.0524149 0.6670486 0 0 255
0.0079950 0.0523886 0.6667141 0 0 255
0.0095511 0.0523623 0.6663798 0 0 255
0.0110888 0.0522565 0.6650335 0 0 255
0.0126586 0.0523099 0.6657124 0 0 255
0.0141885 0.0522043 0.6643687 0 0 255
0.0157440 0.0522046 0.6643730 0 0 255
0.0172908 0.0521785 0.6640412 0 0 255
0.0188266 0.0521261 0.6633742 0 0 255
0.0203798 0.0521265 0.6633784 0 0 255
0.0219330 0.0521268 0.6633827 0 0 255
0.0234744 0.0521008 0.6630518 0 0 255
0.0250396 0.0521275 0.6633912 0 0 255
0.0265929 0.0521278 0.6633955 0 0 255
0.0281462 0.0521281 0.6633998 0 0 255
0.0296995 0.0521285 0.6634040 0 0 255
0.0312687 0.0521552 0.6637438 0 0 255
0.0328395 0.0521819 0.6640839 0 0 255
0.0344467 0.0522615 0.6650975 0 0 255
0.0360041 0.0522619 0.6651018 0 0 255
0.0375615 0.0522622 0.6651061 0 0 255
0.0391983 0.0523687 0.6664612 0 0 255
0.0408211 0.0524489 0.6674823 0 0 255
0.0423625 0.0524226 0.6671473 0 0 255
0.0439247 0.0524229 0.6671516 0 0 255
0.0454177 0.0523435 0.6661402 0 0 255
0.0469300 0.0522907 0.6654691 0 0 255
0.0483901 0.0521853 0.6641266 0 0 255
0.0498699 0.0521068 0.6631287 0 0 255
0.0513968 0.0520809 0.6627981 0 0 255
0.0529757 0.0521075 0.6631372 0 0 255
0.0544735 0.0520552 0.6624721 0 0 255
0.0559966 0.0520293 0.6621422 0 0 255
0.0575472 0.0520297 0.6621464 0 0 255
0.0590382 0.0519776 0.6614834 0 0 255
0.0605873 0.0519779 0.6614877 0 0 255
0.0620738 0.0519259 0.6608260 0 0 255
0.0636213 0.0519262 0.6608303 0 0 255
0.0651033 0.0518743 0.6601698 0 0 255
0.0667165 0.0519269 0.6608387 0 0 255
0.0682297 0.0519011 0.6605105 0 0 255
0.0697765 0.0519014 0.6605148 0 0 255
0.0712517 0.0518496 0.6598550 0 0 255
0.0728336 0.0518760 0.6601911 0 0 255
0.0743797 0.0518763 0.6601953 0 0 255
0.0758496 0.0518246 0.6595362 0 0 255
0.0773942 0.0518249 0.6595405 0 0 255
0.0788992 0.0517992 0.6592135 0 0 255
0.0804431 0.0517995 0.6592178 0 0 255
0.0819458 0.0517739 0.6588911 0 0 255
0.0834889 0.0517742 0.6588954 0 0 255
0.0850321 0.0517745 0.6588997 0 0 255
0.0866187 0.0518009 0.6592347 0 0 255
0.0882070 0.0518272 0.6595701 0 0 255
0.0897067 0.0518015 0.6592432 0 0 255
0.0912049 0.0517759 0.6589166 0 0 255
0.0927947 0.0518022 0.6592517 0 0 255
0.0943388 0.0518025 0.6592560 0 0 255
0.0958347 0.0517769 0.6589293 0 0 255
0.0974759 0.0518292 0.6595956 0 0 255
0.0990705 0.0518556 0.6599314 0 0 255
0.1005657 0.0518299 0.6596041 0 0 255
0.1021106 0.0518302 0.6596084 0 0 255
0.1037598 0.0518827 0.6602760 0 0 255
0.1053593 0.0519091 0.6606125 0 0 255
0.1069604 0.0519356 0.6609492 0 0 255
0.1086179 0.0519883 0.6616195 0 0 255
0.1101676 0.0519886 0.6616238 0 0 255
0.1117736 0.0520151 0.6619616 0 0 255
0.1134958 0.0520943 0.6629686 0 0 255
0.1152232 0.0521736 0.6639786 0 0 255
0.1167784 0.0521740 0.6639829 0 0 255
0.1184535 0.0522271 0.6646593 0 0 255
0.1199497 0.0522010 0.6643273 0 0 255
0.1215070 0.0522019 0.6643381 0 0 255
0.1231254 0.0522286 0.6646786 0 0 255
0.1246193 0.0522025 0.6643466 0 0 255
0.1261754 0.0522029 0.6643509 0 0 255
0.1276671 0.0521768 0.6640192 0 0 255
0.1290919 0.0521244 0.6633525 0 0 255
0.1304481 0.0520459 0.6623530 0 0 255
0.1319331 0.0520200 0.6620234 0 0 255
0.1334166 0.0519941 0.6616940 0 0 255
0.1347630 0.0519160 0.6606997 0 0 255
0.1363107 0.0519163 0.6607039 0 0 255
0.1377891 0.0518905 0.6603758 0 0 255
0.1391262 0.0518127 0.6593853 0 0 255
0.1406708 0.0518130 0.6593896 0 0 255
0.1421441 0.0517874 0.6590629 0 0 255
0.1436160 0.0517617 0.6587365 0 0 255
0.1450864 0.0517361 0.6584105 0 0 255
0.1464095 0.0516591 0.6574301 0 0 255
0.1479496 0.0516594 0.6574343 0 0 255
0.1494150 0.0516339 0.6571096 0 0 255
0.1508789 0.0516084 0.6567852 0 0 255
0.1521892 0.0515314 0.6558055 0 0 255
0.1536488 0.0515060 0.6554825 0 0 255
0.1552619 0.0515321 0.6558139 0 0 255
0.1567983 0.0515324 0.6558182 0 0 255
0.1583348 0.0515327 0.6558224 0 0 255
0.1597914 0.0515073 0.6554993 0 0 255
0.1613271 0.0515077 0.6555035 0 0 255
0.1627004 0.0514566 0.6548540 0 0 255
0.1643165 0.0514826 0.6551849 0 0 255
0.1658515 0.0514830 0.6551891 0 0 255
0.1673031 0.0514576 0.6548666 0 0 255
0.1688373 0.0514580 0.6548709 0 0 255
0.1703716 0.0514583 0.6548750 0 0 255
0.1718202 0.0514330 0.6545529 0 0 255
0.1732674 0.0514077 0.6542311 0 0 255
0.1748002 0.0514080 0.6542352 0 0 255
0.1763331 0.0514084 0.6542395 0 0 255
0.1778659 0.0514087 0.6542436 0 0 255
0.1793095 0.0513834 0.6539221 0 0 255
0.1811121 0.0514606 0.6549045 0 0 255
0.1826465 0.0514609 0.6549087 0 0 255
0.1840892 0.0514356 0.6545866 0 0 255
0.1857155 0.0514616 0.6549172 0 0 255
0.1875305 0.0515390 0.6559025 0 0 255
0.1893510 0.0516167 0.6568908 0 0 255
0.1908901 0.0516170 0.6568950 0 0 255
0.1927184 0.0516949 0.6578863 0 0 255
0.1947476 0.0518250 0.6595421 0 0 255
0.1966881 0.0519297 0.6608738 0 0 255
0.1983363 0.0519561 0.6612107 0 0 255
0.1999863 0.0519826 0.6615479 0 0 255
0.2019432 0.0520879 0.6628876 0 0 255
0.2035993 0.0521145 0.6632265 0 0 255
0.2051533 0.0521149 0.6632308 0 0 255
0.2070210 0.0521943 0.6642412 0 0 255
0.2087886 0.0522474 0.6649179 0 0 255
0.2121181 0.0523007 0.6655960 0 0 255
0.2137861 0.0523276 0.6659377 0 0 255
0.2156746 0.0524076 0.6669564 0 0 255
0.2170185 0.0523551 0.6662884 0 0 255
0.2202515 0.0523820 0.6666307 0 0 255
0.2219262 0.0524090 0.6669735 0 0 255
0.2234892 0.0524093 0.6669778 0 0 255
0.2250536 0.0524100 0.6669863 0 0 255
0.2267317 0.0524369 0.6673295 0 0 255
0.2298594 0.0524376 0.6673380 0 0 255
0.2314232 0.0524379 0.6673423 0 0 255
0.2328688 0.0524116 0.6670077 0 0 255
0.2345510 0.0524386 0.6673509 0 0 255
0.2361149 0.0524389 0.6673552 0 0 255
0.2377997 0.0524659 0.6676986 0 0 255
0.2393644 0.0524663 0.6677029 0 0 255
0.2409292 0.0524666 0.6677072 0 0 255
0.2426173 0.0524936 0.6680511 0 0 255
0.2440588 0.0524673 0.6677158 0 0 255
0.2457486 0.0524943 0.6680597 0 0 255
0.2471885 0.0524680 0.6677244 0 0 255
0.2488799 0.0524950 0.6680683 0 0 255
0.2507006 0.0525488 0.6687527 0 0 255
0.2526537 0.0526295 0.6697798 0 0 255
0.2542234 0.0526298 0.6697841 0 0 255
0.2557932 0.0526301 0.6697884 0 0 255
0.2574942 0.0526573 0.6701343 0 0 255
0.2591970 0.0526845 0.6704807 0 0 255
0.2605025 0.0526312 0.6698013 0 0 255
0.2620723 0.0526315 0.6698056 0 0 255
0.2635078 0.0526050 0.6694686 0 0 255
0.2646723 0.0525251 0.6684511 0 0 255
0.2662390 0.0525254 0.6684554 0 0 255
0.2676695 0.0524990 0.6681198 0 0 255
0.2690986 0.0524727 0.6677845 0 0 255
0.2706637 0.0524730 0.6677887 0 0 255
0.2719525 0.0524201 0.6671149 0 0 255
0.2733773 0.0523938 0.6667807 0 0 255
0.2746613 0.0523410 0.6661088 0 0 255
0.2760827 0.0523148 0.6657756 0 0 255
0.2772218 0.0522358 0.6647694 0 0 255
0.2784981 0.0521833 0.6641017 0 0 255
0.2797719 0.0521309 0.6634353 0 0 255
0.2810431 0.0520787 0.6627703 0 0 255
0.2821697 0.0520003 0.6617732 0 0 255
0.2835780 0.0519745 0.6614443 0 0 255
0.2845554 0.0518704 0.6601194 0 0 255
0.2859591 0.0518447 0.6597922 0 0 255
0.2872172 0.0517930 0.6591345 0 0 255
0.2883302 0.0517158 0.6581525 0 0 255
0.2898730 0.0517162 0.6581569 0 0 255
0.2914157 0.0517165 0.6581610 0 0 255
0.2928118 0.0516909 0.6578358 0 0 255
0.2942066 0.0516654 0.6575109 0 0 255
0.2958959 0.0516916 0.6578442 0 0 255
0.2974379 0.0516919 0.6578485 0 0 255
0.2991298 0.0517182 0.6581822 0 0 255
0.3008233 0.0517444 0.6585162 0 0 255
0.3026703 0.0517966 0.6591811 0 0 255
0.3043682 0.0518230 0.6595162 0 0 255
0.3063755 0.0519015 0.6605149 0 0 255
0.3099377 0.0519802 0.6615166 0 0 255
0.3124320 0.0521380 0.6635249 0 0 255
0.3144638 0.0522174 0.6645358 0 0 255
0.3168227 0.0523501 0.6662244 0 0 255
0.3187077 0.0524036 0.6669049 0 0 255
0.3209225 0.0525105 0.6682658 0 0 255
0.3228174 0.0525643 0.6689504 0 0 255
0.3245509 0.0525914 0.6692953 0 0 255
0.3262861 0.0526185 0.6696407 0 0 255
0.3278559 0.0526189 0.6696450 0 0 255
-0.0377767 0.0570730 0.7052877 0 0 255
-0.0360095 0.0568899 0.7030249 0 0 255
-0.0343454 0.0568598 0.7026529 0 0 255
-0.0325785 0.0566478 0.7000334 0 0 255
-0.0308410 0.0564674 0.6978042 0 0 255
-0.0290684 0.0561988 0.6944847 0 0 255
-0.0271981 0.0556984 0.6883007 0 0 255
-0.0255332 0.0555821 0.6868640 0 0 255
-0.0238504 0.0554084 0.6847180 0 0 255
-0.0222127 0.0553222 0.6836523 0 0 255
-0.0205908 0.0552650 0.6829451 0 0 255
-0.0189329 0.0550933 0.6808236 0 0 255
-0.0173032 0.0549796 0.6794180 0 0 255
-0.0157045 0.0549515 0.6790708 0 0 255
-0.0140929 0.0548666 0.6780226 0 0 255
-0.0124798 0.0547538 0.6766285 0 0 255
-0.0108845 0.0546978 0.6759359 0 0 255
-0.0092973 0.0546700 0.6755922 0 0 255
-0.0076998 0.0545583 0.6742126 0 0 255
-0.0061182 0.0545307 0.6738707 0 0 255
-0.0045359 0.0544751 0.6731838 0 0 255
-0.0029553 0.0543917 0.6721537 0 0 255
-0.0013803 0.0543364 0.6714703 0 0 255
0.0001917 0.0543090 0.6711312 0 0 255
0.0017620 0.0542816 0.6707925 0 0 255
0.0033291 0.0542265 0.6701118 0 0 255
0.0048880 0.0541163 0.6687503 0 0 255
0.0064472 0.0540616 0.6680738 0 0 255
0.0079991 0.0539795 0.6670594 0 0 255
0.0095560 0.0539524 0.6667249 0 0 255
0.0111001 0.0538707 0.6657146 0 0 255
0.0126588 0.0538710 0.6657189 0 0 255
0.0142030 0.0538168 0.6650485 0 0 255
0.0157442 0.0537626 0.6643795 0 0 255
0.0172910 0.0537358 0.6640477 0 0 255
0.0188363 0.0537089 0.6637161 0 0 255
0.0203903 0.0537093 0.6637204 0 0 255
0.0219443 0.0537096 0.6637247 0 0 255
0.0234984 0.0537100 0.6637290 0 0 255
0.0250525 0.0537103 0.6637332 0 0 255
0.0265931 0.0536835 0.6634020 0 0 255
0.0281607 0.0537110 0.6637417 0 0 255
0.0297149 0.0537114 0.6637461 0 0 255
0.0312690 0.0537117 0.6637504 0 0 255
0.0328398 0.0537392 0.6640905 0 0 255
0.0344122 0.0537668 0.6644308 0 0 255
0.0359680 0.0537671 0.6644351 0 0 255
0.0375809 0.0538492 0.6654499 0 0 255
0.0391193 0.0538223 0.6651170 0 0 255
0.0407800 0.0539594 0.6668106 0 0 255
0.0423629 0.0539871 0.6671538 0 0 255
0.0438806 0.0539327 0.6664807 0 0 255
0.0453951 0.0538783 0.6658089 0 0 255
0.0469304 0.0538513 0.6654755 0 0 255
0.0484151 0.0537699 0.6644692 0 0 255
0.0499458 0.0537430 0.6641374 0 0 255
0.0513973 0.0536352 0.6628045 0 0 255
0.0529227 0.0536085 0.6624743 0 0 255
0.0545015 0.0536359 0.6628131 0 0 255
0.0560254 0.0536091 0.6624829 0 0 255
0.0575477 0.0535824 0.6621529 0 0 255
0.0590388 0.0535288 0.6614899 0 0 255
0.0605879 0.0535291 0.6614941 0 0 255
0.0621057 0.0535025 0.6611652 0 0 255
0.0636219 0.0534759 0.6608367 0 0 255
0.0651695 0.0534763 0.6608409 0 0 255
0.0667171 0.0534766 0.6608452 0 0 255
0.0682647 0.0534770 0.6608495 0 0 255
0.0697772 0.0534504 0.6605212 0 0 255
0.0712882 0.0534239 0.6601933 0 0 255
0.0728710 0.0534511 0.6605297 0 0 255
0.0743805 0.0534245 0.6602017 0 0 255
0.0758503 0.0533712 0.6595426 0 0 255
0.0774339 0.0533984 0.6598784 0 0 255
0.0789793 0.0533987 0.6598827 0 0 255
0.0806058 0.0534528 0.6605510 0 0 255
0.0821114 0.0534263 0.6602231 0 0 255
0.0835736 0.0533729 0.6595639 0 0 255
0.0851184 0.0533733 0.6595681 0 0 255
0.0867067 0.0534005 0.6599039 0 0 255
0.0882079 0.0533740 0.6595767 0 0 255
0.0897076 0.0533475 0.6592497 0 0 255
0.0912983 0.0533752 0.6595916 0 0 255
0.0928423 0.0533750 0.6595894 0 0 255
0.0943397 0.0533485 0.6592624 0 0 255
0.0959320 0.0533757 0.6595978 0 0 255
0.0975258 0.0534029 0.6599336 0 0 255
0.0990715 0.0534032 0.6599379 0 0 255
0.1006678 0.0534304 0.6602740 0 0 255
0.1022143 0.0534307 0.6602782 0 0 255
0.1038653 0.0534849 0.6609472 0 0 255
0.1054664 0.0535122 0.6612843 0 0 255
0.1071243 0.0535670 0.6619618 0 0 255
0.1086747 0.0535673 0.6619660 0 0 255
0.1102808 0.0535947 0.6623042 0 0 255
0.1118886 0.0536221 0.6626427 0 0 255
0.1135553 0.0536766 0.6633164 0 0 255
0.1152837 0.0537584 0.6643275 0 0 255
0.1168398 0.0537588 0.6643317 0 0 255
0.1183959 0.0537591 0.6643360 0 0 255
0.1200127 0.0537867 0.6646765 0 0 255
0.1215697 0.0537870 0.6646808 0 0 255
0.1230643 0.0537601 0.6643489 0 0 255
0.1246836 0.0537877 0.6646894 0 0 255
0.1261767 0.0537608 0.6643574 0 0 255
0.1276038 0.0537068 0.6636901 0 0 255
0.1289629 0.0536259 0.6626896 0 0 255
0.1304494 0.0535992 0.6623595 0 0 255
0.1319344 0.0535725 0.6620299 0 0 255
0.1334180 0.0535458 0.6617005 0 0 255
0.1348321 0.0534923 0.6610386 0 0 255
0.1362435 0.0534388 0.6603780 0 0 255
0.1377904 0.0534392 0.6603823 0 0 255
0.1391974 0.0533858 0.6597230 0 0 255
0.1406722 0.0533593 0.6593960 0 0 255
0.1420742 0.0533062 0.6587387 0 0 255
0.1435454 0.0532798 0.6584127 0 0 255
0.1450878 0.0532801 0.6584169 0 0 255
0.1464109 0.0532008 0.6574365 0 0 255
0.1478770 0.0531745 0.6571118 0 0 255
0.1493417 0.0531483 0.6567874 0 0 255
0.1508804 0.0531486 0.6567916 0 0 255
0.1523428 0.0531224 0.6564676 0 0 255
0.1538039 0.0530962 0.6561438 0 0 255
0.1552635 0.0530700 0.6558204 0 0 255
0.1567216 0.0530439 0.6554973 0 0 255
0.1581783 0.0530177 0.6551744 0 0 255
0.1597930 0.0530445 0.6555057 0 0 255
0.1614092 0.0530714 0.6558372 0 0 255
0.1627832 0.0530188 0.6551871 0 0 255
0.1643181 0.0530191 0.6551912 0 0 255
0.1657705 0.0529930 0.6548688 0 0 255
0.1673882 0.0530198 0.6551997 0 0 255
0.1688390 0.0529937 0.6548772 0 0 255
0.1702884 0.0529676 0.6545551 0 0 255
0.1718219 0.0529680 0.6545593 0 0 255
0.1734419 0.0529947 0.6548899 0 0 255
0.1748891 0.0529686 0.6545678 0 0 255
0.1765106 0.0529954 0.6548983 0 0 255
0.1779563 0.0529693 0.6545762 0 0 255
0.1794006 0.0529433 0.6542543 0 0 255
0.1808434 0.0529173 0.6539328 0 0 255
0.1826483 0.0529968 0.6549152 0 0 255
0.1840910 0.0529707 0.6545930 0 0 255
0.1858100 0.0530239 0.6552503 0 0 255
0.1874387 0.0530507 0.6555816 0 0 255
0.1891636 0.0531040 0.6562408 0 0 255
0.1907966 0.0531309 0.6565731 0 0 255
0.1926238 0.0532110 0.6575633 0 0 255
0.1945541 0.0533182 0.6588869 0 0 255
0.1964922 0.0534257 0.6602159 0 0 255
0.1981388 0.0534529 0.6605521 0 0 255
0.1998876 0.0535071 0.6612213 0 0 255
0.2017416 0.0535883 0.6622257 0 0 255
0.2033959 0.0536157 0.6625639 0 0 255
0.2049484 0.0536160 0.6625682 0 0 255
0.2067094 0.0536705 0.6632415 0 0 255
0.2084741 0.0537251 0.6639162 0 0 255
0.2103487 0.0538071 0.6649287 0 0 255
0.2120141 0.0538347 0.6652697 0 0 255
0.2136812 0.0538623 0.6656110 0 0 255
0.2169106 0.0538903 0.6659570 0 0 255
0.2202536 0.0539453 0.6666372 0 0 255
0.2217047 0.0539187 0.6663077 0 0 255
0.2233794 0.0539464 0.6666501 0 0 255
0.2250558 0.0539741 0.6669928 0 0 255
0.2267339 0.0540019 0.6673360 0 0 255
0.2280661 0.0539474 0.6666629 0 0 255
0.2297450 0.0539751 0.6670058 0 0 255
0.2313080 0.0539755 0.6670101 0 0 255
0.2328711 0.0539758 0.6670144 0 0 255
0.2344343 0.0539762 0.6670187 0 0 255
0.2361173 0.0540040 0.6673618 0 0 255
0.2375605 0.0539769 0.6670272 0 0 255
0.2392452 0.0540046 0.6673703 0 0 255
0.2408092 0.0540050 0.6673746 0 0 255
0.2424964 0.0540328 0.6677181 0 0 255
0.2439373 0.0540057 0.6673832 0 0 255
0.2455013 0.0540060 0.6673875 0 0 255
0.2473167 0.0540613 0.6680706 0 0 255
0.2488824 0.0540617 0.6680748 0 0 255
0.2504480 0.0540620 0.6680791 0 0 255
0.2525274 0.0541725 0.6694450 0 0 255
0.2542259 0.0542005 0.6697906 0 0 255
0.2559261 0.0542285 0.6701366 0 0 255
0.2574967 0.0542288 0.6701409 0 0 255
0.2590673 0.0542292 0.6701452 0 0 255
0.2605051 0.0542019 0.6698079 0 0 255
0.2618079 0.0541470 0.6691298 0 0 255
0.2633762 0.0541474 0.6691341 0 0 255
0.2648096 0.0541202 0.6687979 0 0 255
0.2662416 0.0540930 0.6684619 0 0 255
0.2676721 0.0540658 0.6681263 0 0 255
0.2689646 0.0540112 0.6674518 0 0 255
0.2703916 0.0539842 0.6671172 0 0 255
0.2718171 0.0539571 0.6667829 0 0 255
0.2733800 0.0539575 0.6667871 0 0 255
0.2743858 0.0538485 0.6654407 0 0 255
0.2759455 0.0538488 0.6654449 0 0 255
0.2772245 0.0537947 0.6647759 0 0 255
0.2783602 0.0537135 0.6637727 0 0 255
0.2793515 0.0536055 0.6624384 0 0 255
0.2807627 0.0535789 0.6621088 0 0 255
0.2818885 0.0534984 0.6611138 0 0 255
0.2832956 0.0534718 0.6607856 0 0 255
0.2845583 0.0534184 0.6601259 0 0 255
0.2856751 0.0533384 0.6591368 0 0 255
0.2870761 0.0533120 0.6588106 0 0 255
0.2883331 0.0532592 0.6581590 0 0 255
0.2898758 0.0532596 0.6581632 0 0 255
0.2911269 0.0532066 0.6575089 0 0 255
0.2925218 0.0531804 0.6571842 0 0 255
0.2937685 0.0531276 0.6565318 0 0 255
0.2956028 0.0531811 0.6571927 0 0 255
0.2972920 0.0532080 0.6575257 0 0 255
0.2988333 0.0532083 0.6575300 0 0 255
0.3003747 0.0532087 0.6575342 0 0 255
0.3022185 0.0532623 0.6581970 0 0 255
0.3039136 0.0532894 0.6585311 0 0 255
0.3057638 0.0533432 0.6591960 0 0 255
0.3073091 0.0533435 0.6592003 0 0 255
0.3096309 0.0534780 0.6608620 0 0 255
0.3133577 0.0535861 0.6621982 0 0 255
0.3158650 0.0537490 0.6642106 0 0 255
0.3183876 0.0539128 0.6662352 0 0 255
0.3210889 0.0541051 0.6686122 0 0 255
0.3229850 0.0541606 0.6692975 0 0 255
0.3245540 0.0541609 0.6693018 0 0 255
0.3261231 0.0541613 0.6693061 0 0 255
0.3280263 0.0542169 0.6699929 0 0 255
0.3297651 0.0542449 0.6703389 0 0 255
0.3313366 0.0542452 0.6703432 0 0 255
-0.0394492 0.0587582 0.7056693 0 0 255
-0.0377770 0.0587269 0.7052945 0 0 255
-0.0359137 0.0583821 0.7011534 0 0 255
-0.0342724 0.0583825 0.7011580 0 0 255
-0.0325267 0.0581963 0.6989216 0 0 255
-0.0307922 0.0580113 0.6966996 0 0 255
-0.0290533 0.0577968 0.6941242 0 0 255
-0.0272126 0.0573426 0.6886687 0 0 255
-0.0255201 0.0571630 0.6865115 0 0 255
-0.0238382 0.0569844 0.6843677 0 0 255
-0.0221667 0.0568071 0.6822373 0 0 255
-0.0205696 0.0568074 0.6822416 0 0 255
-0.0189135 0.0566311 0.6801245 0 0 255
-0.0172944 0.0565436 0.6790730 0 0 255
-0.0156965 0.0565147 0.6787261 0 0 255
-0.0140857 0.0564275 0.6776791 0 0 255
-0.0124735 0.0563116 0.6762865 0 0 255
-0.0108790 0.0562539 0.6755945 0 0 255
-0.0092783 0.0561391 0.6742148 0 0 255
-0.0076920 0.0560818 0.6735271 0 0 255
-0.0061120 0.0560534 0.6731860 0 0 255
-0.0045290 0.0559676 0.6721560 0 0 255
-0.0029539 0.0559393 0.6718162 0 0 255
-0.0013803 0.0559111 0.6714768 0 0 255
0.0001916 0.0558543 0.6707947 0 0 255
0.0017602 0.0557976 0.6701140 0 0 255
0.0033274 0.0557695 0.6697764 0 0 255
0.0048906 0.0557130 0.6690977 0 0 255
0.0064472 0.0556283 0.6680803 0 0 255
0.0080032 0.0555720 0.6674051 0 0 255
0.0095513 0.0554878 0.6663928 0 0 255
0.0111059 0.0554600 0.6660590 0 0 255
0.0126589 0.0554322 0.6657254 0 0 255
0.0142032 0.0553764 0.6650550 0 0 255
0.0157443 0.0553207 0.6643860 0 0 255
0.0173087 0.0553490 0.6647267 0 0 255
0.0188555 0.0553214 0.6643946 0 0 255
0.0204008 0.0552937 0.6640627 0 0 255
0.0219556 0.0552941 0.6640670 0 0 255
0.0234986 0.0552665 0.6637355 0 0 255
0.0250654 0.0552948 0.6640756 0 0 255
0.0266203 0.0552952 0.6640798 0 0 255
0.0281610 0.0552676 0.6637483 0 0 255
0.0297302 0.0552959 0.6640884 0 0 255
0.0312851 0.0552962 0.6640927 0 0 255
0.0328235 0.0552686 0.6637611 0 0 255
0.0343951 0.0552969 0.6641012 0 0 255
0.0359866 0.0553533 0.6647781 0 0 255
0.0375622 0.0553817 0.6651192 0 0 255
0.0391395 0.0554101 0.6654606 0 0 255
0.0407390 0.0554667 0.6661404 0 0 255
0.0423849 0.0555799 0.6674996 0 0 255
0.0438587 0.0554674 0.6661489 0 0 255
0.0453956 0.0554397 0.6658154 0 0 255
0.0469071 0.0553838 0.6651448 0 0 255
0.0484401 0.0553562 0.6648123 0 0 255
0.0499210 0.0552725 0.6638080 0 0 255
0.0514498 0.0552453 0.6634810 0 0 255
0.0529499 0.0551899 0.6628153 0 0 255
0.0545296 0.0552181 0.6631544 0 0 255
0.0559977 0.0551349 0.6621552 0 0 255
0.0575193 0.0551075 0.6618256 0 0 255
0.0590394 0.0550800 0.6614963 0 0 255
0.0606190 0.0551082 0.6618341 0 0 255
0.0621689 0.0551085 0.6618384 0 0 255
0.0636867 0.0550811 0.6615091 0 0 255
0.0652687 0.0551092 0.6618469 0 0 255
0.0667850 0.0550818 0.6615176 0 0 255
0.0682998 0.0550544 0.6611887 0 0 255
0.0698130 0.0550271 0.6608602 0 0 255
0.0713248 0.0549998 0.6605320 0 0 255
0.0729084 0.0550278 0.6608687 0 0 255
0.0744561 0.0550281 0.6608729 0 0 255
0.0760038 0.0550285 0.6608772 0 0 255
0.0776297 0.0550843 0.6615474 0 0 255
0.0791399 0.0550575 0.6612250 0 0 255
0.0806065 0.0550019 0.6605574 0 0 255
0.0821536 0.0550022 0.6605617 0 0 255
0.0836165 0.0549473 0.6599019 0 0 255
0.0852048 0.0549753 0.6602380 0 0 255
0.0867511 0.0549756 0.6602422 0 0 255
0.0882087 0.0549207 0.6595831 0 0 255
0.0898447 0.0549769 0.6602572 0 0 255
0.0914370 0.0550049 0.6605936 0 0 255
0.0930310 0.0550329 0.6609303 0 0 255
0.0945314 0.0550056 0.6606021 0 0 255
0.0960786 0.0550059 0.6606063 0 0 255
0.0976259 0.0550063 0.6606106 0 0 255
0.0992230 0.0550343 0.6609473 0 0 255
0.1007204 0.0550070 0.6606191 0 0 255
0.1023192 0.0550350 0.6609558 0 0 255
0.1038673 0.0550354 0.6609601 0 0 255
0.1054685 0.0550635 0.6612972 0 0 255
0.1070713 0.0550916 0.6616347 0 0 255
0.1087855 0.0551753 0.6626406 0 0 255
0.1103376 0.0551757 0.6626449 0 0 255
0.1119462 0.0552039 0.6629838 0 0 255
0.1136138 0.0552601 0.6636582 0 0 255
0.1152849 0.0553163 0.6643341 0 0 255
0.1168410 0.0553167 0.6643383 0 0 255
0.1185170 0.0553731 0.6650155 0 0 255
0.1200747 0.0553734 0.6650197 0 0 255
0.1216940 0.0554018 0.6653609 0 0 255
0.1231278 0.0553461 0.6646916 0 0 255
0.1246217 0.0553185 0.6643597 0 0 255
0.1261779 0.0553188 0.6643639 0 0 255
0.1276696 0.0552912 0.6640322 0 0 255
0.1290293 0.0552078 0.6630306 0 0 255
0.1304507 0.0551525 0.6623660 0 0 255
0.1319357 0.0551250 0.6620364 0 0 255
0.1332849 0.0550421 0.6610408 0 0 255
0.1346978 0.0549871 0.6603802 0 0 255
0.1363133 0.0550151 0.6607168 0 0 255
0.1377225 0.0549602 0.6600568 0 0 255
0.1391289 0.0549053 0.6593982 0 0 255
0.1406030 0.0548781 0.6590715 0 0 255
0.1420044 0.0548235 0.6584149 0 0 255
0.1433321 0.0547418 0.6574345 0 0 255
0.1448722 0.0547422 0.6574387 0 0 255
0.1464124 0.0547425 0.6574429 0 0 255
0.1478045 0.0546881 0.6567896 0 0 255
0.1493432 0.0546885 0.6567938 0 0 255
0.1507311 0.0546342 0.6561418 0 0 255
0.1523443 0.0546619 0.6564739 0 0 255
0.1536518 0.0545804 0.6554952 0 0 255
0.1551875 0.0545807 0.6554995 0 0 255
0.1566450 0.0545538 0.6551766 0 0 255
0.1582588 0.0545814 0.6555079 0 0 255
0.1596352 0.0545273 0.6548584 0 0 255
0.1613303 0.0545821 0.6555163 0 0 255
0.1627848 0.0545552 0.6551935 0 0 255
0.1643198 0.0545556 0.6551977 0 0 255
0.1658548 0.0545559 0.6552019 0 0 255
0.1672230 0.0545019 0.6545532 0 0 255
0.1689249 0.0545566 0.6552104 0 0 255
0.1703750 0.0545298 0.6548879 0 0 255
0.1718236 0.0545030 0.6545658 0 0 255
0.1734436 0.0545305 0.6548963 0 0 255
0.1748037 0.0544765 0.6542481 0 0 255
0.1764244 0.0545040 0.6545784 0 0 255
0.1779581 0.0545044 0.6545826 0 0 255
0.1794023 0.0544776 0.6542607 0 0 255
0.1809352 0.0544779 0.6542649 0 0 255
0.1825591 0.0545054 0.6545952 0 0 255
0.1840928 0.0545058 0.6545994 0 0 255
0.1858118 0.0545605 0.6552566 0 0 255
0.1874406 0.0545881 0.6555880 0 0 255
0.1891655 0.0546430 0.6562472 0 0 255
0.1907984 0.0546706 0.6565795 0 0 255
0.1926257 0.0547531 0.6575697 0 0 255
0.1944585 0.0548358 0.6585630 0 0 255
0.1964942 0.0549740 0.6602223 0 0 255
0.1980411 0.0549743 0.6602265 0 0 255
0.1996885 0.0550023 0.6605628 0 0 255
0.2016419 0.0551135 0.6618984 0 0 255
0.2032953 0.0551417 0.6622364 0 0 255
0.2048470 0.0551420 0.6622406 0 0 255
0.2067114 0.0552259 0.6632480 0 0 255
0.2082656 0.0552263 0.6632522 0 0 255
0.2100318 0.0552824 0.6639269 0 0 255
0.2119089 0.0553667 0.6649394 0 0 255
0.2134670 0.0553671 0.6649437 0 0 255
0.2153522 0.0554517 0.6659592 0 0 255
0.2170227 0.0554801 0.6663014 0 0 255
0.2184733 0.0554524 0.6659679 0 0 255
0.2201455 0.0554809 0.6663100 0 0 255
0.2217069 0.0554812 0.6663142 0 0 255
0.2232683 0.0554816 0.6663185 0 0 255
0.2248297 0.0554819 0.6663228 0 0 255
0.2265061 0.0555104 0.6666653 0 0 255
0.2280683 0.0555108 0.6666695 0 0 255
0.2295141 0.0554830 0.6663356 0 0 255
0.2311929 0.0555115 0.6666781 0 0 255
0.2328734 0.0555401 0.6670209 0 0 255
0.2344365 0.0555404 0.6670251 0 0 255
0.2358799 0.0555126 0.6666909 0 0 255
0.2375629 0.0555411 0.6670337 0 0 255
0.2392475 0.0555697 0.6673769 0 0 255
0.2406893 0.0555418 0.6670423 0 0 255
0.2423756 0.0555704 0.6673854 0 0 255
0.2438158 0.0555425 0.6670508 0 0 255
0.2455037 0.0555711 0.6673940 0 0 255
0.2471933 0.0555997 0.6677374 0 0 255
0.2487582 0.0556001 0.6677417 0 0 255
0.2504505 0.0556287 0.6680856 0 0 255
0.2525299 0.0557425 0.6694516 0 0 255
0.2544879 0.0558282 0.6704808 0 0 255
0.2557982 0.0557716 0.6698015 0 0 255
0.2574992 0.0558004 0.6701474 0 0 255
0.2590698 0.0558007 0.6701517 0 0 255
0.2606404 0.0558011 0.6701560 0 0 255
0.2619439 0.0557446 0.6694774 0 0 255
0.2633788 0.0557166 0.6691407 0 0 255
0.2649471 0.0557169 0.6691450 0 0 255
0.2662442 0.0556606 0.6684684 0 0 255
0.2675387 0.0556044 0.6677932 0 0 255
0.2689672 0.0555765 0.6674583 0 0 255
0.2705316 0.0555768 0.6674626 0 0 255
0.2716820 0.0554926 0.6664513 0 0 255
0.2731055 0.0554648 0.6661177 0 0 255
0.2743886 0.0554090 0.6654472 0 0 255
0.2756691 0.0553533 0.6647782 0 0 255
0.2770870 0.0553257 0.6644463 0 0 255
0.2780820 0.0552144 0.6631093 0 0 255
0.2793543 0.0551590 0.6624449 0 0 255
0.2804828 0.0550761 0.6614488 0 0 255
0.2817495 0.0550211 0.6607878 0 0 255
0.2830137 0.0549661 0.6601281 0 0 255
0.2841328 0.0548838 0.6591390 0 0 255
0.2853934 0.0548295 0.6584868 0 0 255
0.2867931 0.0548023 0.6581612 0 0 255
0.2881915 0.0547753 0.6578360 0 0 255
0.2895886 0.0547482 0.6575111 0 0 255
0.2909842 0.0547212 0.6571864 0 0 255
0.2923785 0.0546942 0.6568622 0 0 255
0.2940652 0.0547219 0.6571949 0 0 255
0.2954579 0.0546949 0.6568706 0 0 255
0.2969977 0.0546952 0.6568748 0 0 255
0.2986868 0.0547229 0.6572075 0 0 255
0.3002274 0.0547233 0.6572118 0 0 255
0.3019190 0.0547510 0.6575448 0 0 255
0.3036123 0.0547788 0.6578782 0 0 255
0.3056135 0.0548615 0.6588719 0 0 255
0.3071580 0.0548619 0.6588762 0 0 255
0.3091675 0.0549449 0.6598729 0 0 255
0.3111832 0.0550281 0.6608726 0 0 255
0.3153899 0.0552229 0.6632115 0 0 255
0.3187139 0.0555315 0.6669179 0 0 255
0.3209288 0.0556448 0.6682788 0 0 255
0.3228237 0.0557018 0.6689634 0 0 255
0.3245572 0.0557305 0.6693084 0 0 255
0.3262925 0.0557593 0.6696537 0 0 255
0.3276954 0.0557312 0.6693170 0 0 255
0.3296002 0.0557884 0.6700038 0 0 255
-0.0393227 0.0602187 0.7034065 0 0 255
-0.0377166 0.0602837 0.7041660 0 0 255
-0.0357993 0.0598346 0.6989195 0 0 255
-0.0342727 0.0600268 0.7011648 0 0 255
-0.0325270 0.0598354 0.6989284 0 0 255
-0.0307925 0.0596451 0.6967064 0 0 255
-0.0290536 0.0594246 0.6941310 0 0 255
-0.0272415 0.0590195 0.6893991 0 0 255
-0.0255337 0.0588037 0.6868775 0 0 255
-0.0238509 0.0586199 0.6847314 0 0 255
-0.0221670 0.0584070 0.6822439 0 0 255
-0.0205591 0.0583770 0.6818938 0 0 255
-0.0189235 0.0582563 0.6804838 0 0 255
-0.0172946 0.0581361 0.6790797 0 0 255
-0.0156967 0.0581064 0.6787328 0 0 255
-0.0140713 0.0579569 0.6769865 0 0 255
-0.0124607 0.0578379 0.6755967 0 0 255
-0.0108735 0.0578085 0.6752535 0 0 255
-0.0092736 0.0576905 0.6738752 0 0 255
-0.0076920 0.0576613 0.6735337 0 0 255
-0.0061089 0.0576026 0.6728474 0 0 255
-0.0045290 0.0575439 0.6721625 0 0 255
-0.0029569 0.0575738 0.6725113 0 0 255
-0.0013803 0.0574858 0.6714834 0 0 255
0.0001917 0.0574568 0.6711443 0 0 255
0.0017612 0.0573984 0.6704629 0 0 255
0.0033292 0.0573695 0.6701249 0 0 255
0.0048906 0.0572821 0.6691043 0 0 255
0.0064539 0.0572533 0.6687678 0 0 255
0.0080115 0.0571954 0.6680912 0 0 255
0.0095562 0.0570795 0.6667380 0 0 255
0.0111116 0.0570509 0.6664037 0 0 255
0.0126719 0.0570513 0.6664080 0 0 255
0.0142105 0.0569649 0.6653987 0 0 255
0.0157605 0.0569364 0.6650658 0 0 255
0.0173089 0.0569079 0.6647333 0 0 255
0.0188652 0.0569083 0.6647375 0 0 255
0.0204320 0.0569375 0.6650786 0 0 255
0.0219559 0.0568514 0.6640735 0 0 255
0.0235107 0.0568518 0.6640778 0 0 255
0.0250783 0.0568809 0.6644182 0 0 255
0.0266206 0.0568525 0.6640863 0 0 255
0.0282040 0.0569105 0.6647632 0 0 255
0.0297305 0.0568532 0.6640949 0 0 255
0.0313013 0.0568824 0.6644353 0 0 255
0.0328571 0.0568828 0.6644395 0 0 255
0.0344303 0.0569119 0.6647803 0 0 255
0.0360052 0.0569411 0.6651214 0 0 255
0.0375246 0.0568838 0.6644523 0 0 255
0.0391002 0.0569130 0.6647931 0 0 255
0.0407601 0.0570579 0.6664851 0 0 255
0.0423853 0.0571453 0.6675062 0 0 255
0.0439037 0.0570876 0.6668322 0 0 255
0.0453960 0.0570011 0.6658219 0 0 255
0.0469313 0.0569726 0.6654885 0 0 255
0.0484651 0.0569441 0.6651556 0 0 255
0.0499468 0.0568580 0.6641504 0 0 255
0.0513983 0.0567439 0.6628175 0 0 255
0.0529505 0.0567443 0.6628218 0 0 255
0.0544476 0.0566874 0.6621574 0 0 255
0.0560265 0.0567163 0.6624958 0 0 255
0.0574914 0.0566315 0.6615050 0 0 255
0.0590697 0.0566599 0.6618364 0 0 255
0.0606196 0.0566603 0.6618407 0 0 255
0.0562715 0.0512852 0.5990556 0 0 255
0.0574646 0.0510991 0.5968810 0 0 255
0.0588624 0.0510994 0.5968848 0 0 255
0.0602602 0.0510997 0.5968887 0 0 255
0.0620530 0.0514273 0.6007154 0 0 255
0.0699193 0.0566625 0.6618662 0 0 255
0.0713973 0.0566057 0.6612037 0 0 255
0.0729091 0.0565776 0.6608751 0 0 255
0.0751728 0.0559592 0.6536514 0 0 255
0.0776704 0.0566648 0.6618939 0 0 255
0.0791009 0.0565796 0.6608986 0 0 255
0.0806081 0.0565515 0.6605703 0 0 255
0.0821552 0.0565519 0.6605746 0 0 255
0.0837444 0.0565807 0.6609113 0 0 255
0.0852922 0.0565811 0.6609156 0 0 255
0.0867528 0.0565245 0.6602551 0 0 255
0.0883436 0.0565533 0.6605915 0 0 255
0.0898907 0.0565537 0.6605958 0 0 255
0.0913919 0.0565256 0.6602678 0 0 255
0.0929851 0.0565544 0.6606043 0 0 255
0.0945323 0.0565548 0.6606085 0 0 255
0.0960796 0.0565551 0.6606128 0 0 255
0.0977252 0.0566125 0.6612824 0 0 255
0.0992740 0.0566128 0.6612867 0 0 255
0.1008229 0.0566132 0.6612910 0 0 255
0.1023202 0.0565851 0.6609623 0 0 255
0.1039730 0.0566425 0.6616327 0 0 255
0.1055759 0.0566714 0.6619706 0 0 255
0.1071804 0.0567003 0.6623086 0 0 255
0.1088415 0.0567580 0.6629817 0 0 255
0.1105060 0.0568157 0.6636561 0 0 255
0.1121171 0.0568448 0.6639960 0 0 255
0.1137299 0.0568739 0.6643363 0 0 255
0.1154028 0.0569319 0.6650134 0 0 255
0.1170197 0.0569611 0.6653546 0 0 255
0.1185181 0.0569326 0.6650219 0 0 255
0.1200151 0.0569042 0.6646896 0 0 255
0.1216952 0.0569622 0.6653674 0 0 255
0.1231914 0.0569337 0.6650348 0 0 255
0.1246860 0.0569053 0.6647024 0 0 255
0.1261153 0.0568481 0.6640344 0 0 255
0.1276708 0.0568484 0.6640387 0 0 255
0.1290305 0.0567627 0.6630371 0 0 255
0.1305178 0.0567344 0.6627068 0 0 255
0.1318705 0.0566490 0.6617092 0 0 255
0.1333534 0.0566208 0.6613802 0 0 255
0.1348348 0.0565927 0.6610516 0 0 255
0.1362461 0.0565362 0.6603910 0 0 255
0.1376547 0.0564797 0.6597316 0 0 255
0.1392001 0.0564801 0.6597359 0 0 255
0.1405338 0.0563954 0.6587473 0 0 255
0.1420057 0.0563675 0.6584213 0 0 255
0.1435482 0.0563679 0.6584255 0 0 255
0.1448736 0.0562840 0.6574451 0 0 255
0.1464138 0.0562843 0.6574494 0 0 255
0.1478060 0.0562284 0.6567960 0 0 255
0.1494193 0.0562569 0.6571288 0 0 255
0.1508079 0.0562010 0.6564762 0 0 255
0.1522697 0.0561733 0.6561524 0 0 255
0.1537301 0.0561456 0.6558290 0 0 255
0.1551890 0.0561179 0.6555059 0 0 255
0.1566465 0.0560903 0.6551831 0 0 255
0.1582604 0.0561187 0.6555144 0 0 255
0.1597961 0.0561190 0.6555185 0 0 255
0.1612514 0.0560914 0.6551957 0 0 255
0.1627863 0.0560917 0.6551999 0 0 255
0.1643213 0.0560921 0.6552041 0 0 255
0.1657737 0.0560645 0.6548817 0 0 255
0.1673080 0.0560649 0.6548859 0 0 255
0.1688423 0.0560652 0.6548901 0 0 255
0.1704616 0.0560936 0.6552210 0 0 255
0.1719110 0.0560659 0.6548985 0 0 255
0.1734453 0.0560663 0.6549027 0 0 255
0.1749797 0.0560667 0.6549069 0 0 255
0.1765141 0.0560670 0.6549111 0 0 255
0.1778712 0.0560115 0.6542629 0 0 255
0.1795830 0.0560677 0.6549196 0 0 255
0.1812078 0.0560961 0.6552504 0 0 255
0.1826519 0.0560685 0.6549280 0 0 255
0.1841864 0.0560688 0.6549321 0 0 255
0.1858136 0.0560972 0.6552631 0 0 255
0.1874424 0.0561255 0.6555943 0 0 255
0.1890729 0.0561539 0.6559259 0 0 255
0.1908003 0.0562104 0.6565859 0 0 255
0.1925312 0.0562670 0.6572471 0 0 255
0.1945579 0.0564085 0.6588998 0 0 255
0.1961018 0.0564089 0.6589040 0 0 255
0.1978442 0.0564659 0.6595699 0 0 255
0.1995901 0.0565230 0.6602372 0 0 255
0.2013395 0.0565802 0.6609058 0 0 255
0.2030925 0.0566376 0.6615758 0 0 255
0.2047458 0.0566665 0.6619133 0 0 255
0.2062968 0.0566669 0.6619177 0 0 255
0.2081625 0.0567530 0.6629241 0 0 255
0.2098218 0.0567820 0.6632630 0 0 255
0.2115896 0.0568398 0.6639377 0 0 255
0.2133611 0.0568977 0.6646138 0 0 255
0.2150273 0.0569268 0.6649545 0 0 255
0.2168049 0.0569849 0.6656327 0 0 255
0.2183647 0.0569853 0.6656369 0 0 255
0.2199245 0.0569856 0.6656412 0 0 255
0.2217090 0.0570438 0.6663207 0 0 255
0.2231573 0.0570153 0.6659872 0 0 255
0.2248319 0.0570445 0.6663293 0 0 255
0.2263934 0.0570449 0.6663336 0 0 255
0.2279549 0.0570453 0.6663379 0 0 255
0.2295164 0.0570456 0.6663421 0 0 255
0.2311951 0.0570750 0.6666846 0 0 255
0.2326394 0.0570464 0.6663507 0 0 255
0.2344388 0.0571047 0.6670316 0 0 255
0.2357626 0.0570471 0.6663593 0 0 255
0.2375652 0.0571054 0.6670402 0 0 255
0.2392499 0.0571348 0.6673834 0 0 255
0.2406916 0.0571061 0.6670488 0 0 255
0.2421319 0.0570775 0.6667145 0 0 255
0.2439420 0.0571359 0.6673962 0 0 255
0.2456309 0.0571653 0.6677397 0 0 255
0.2471958 0.0571656 0.6677440 0 0 255
0.2488872 0.0571951 0.6680878 0 0 255
0.2508356 0.0572828 0.6691129 0 0 255
0.2525323 0.0573124 0.6694581 0 0 255
0.2543605 0.0573712 0.6701453 0 0 255
0.2560617 0.0574009 0.6704917 0 0 255
0.2575017 0.0573720 0.6701539 0 0 255
0.2590723 0.0573723 0.6701582 0 0 255
0.2603774 0.0573142 0.6694796 0 0 255
0.2620800 0.0573438 0.6698253 0 0 255
0.2633814 0.0572858 0.6691473 0 0 255
0.2648148 0.0572570 0.6688110 0 0 255
0.2662468 0.0572282 0.6684750 0 0 255
0.2676774 0.0571995 0.6681394 0 0 255
0.2689698 0.0571418 0.6674649 0 0 255
0.2705342 0.0571421 0.6674691 0 0 255
0.2718225 0.0570845 0.6667960 0 0 255
0.2729698 0.0569981 0.6657866 0 0 255
0.2743912 0.0569696 0.6654537 0 0 255
0.2756718 0.0569123 0.6647847 0 0 255
0.2768098 0.0568264 0.6637815 0 0 255
0.2780847 0.0567694 0.6631157 0 0 255
0.2790756 0.0566554 0.6617841 0 0 255
0.2803444 0.0565988 0.6611225 0 0 255
0.2817523 0.0565707 0.6607943 0 0 255
0.2830165 0.0565142 0.6601346 0 0 255
0.2841356 0.0564295 0.6591454 0 0 255
0.2851104 0.0563172 0.6578339 0 0 255
0.2866524 0.0563176 0.6578382 0 0 255
0.2879061 0.0562616 0.6571844 0 0 255
0.2894466 0.0562620 0.6571887 0 0 255
0.2908416 0.0562342 0.6568643 0 0 255
0.2922352 0.0562065 0.6565404 0 0 255
0.2939211 0.0562350 0.6568728 0 0 255
0.2953132 0.0562072 0.6565488 0 0 255
0.2970006 0.0562357 0.6568812 0 0 255
0.2985404 0.0562360 0.6568854 0 0 255
0.2999303 0.0562083 0.6565614 0 0 255
0.3017709 0.0562649 0.6572224 0 0 255
0.3031600 0.0562371 0.6568981 0 0 255
0.3051575 0.0563219 0.6578888 0 0 255
0.3066997 0.0563223 0.6578931 0 0 255
0.3083963 0.0563509 0.6582269 0 0 255
0.3100947 0.0563795 0.6585609 0 0 255
-0.0393020 0.0618352 0.7030365 0 0 255
-0.0376563 0.0618356 0.7030410 0 0 255
-0.0358760 0.0616049 0.7004186 0 0 255
-0.0342364 0.0616053 0.7004231 0 0 255
-0.0325274 0.0614744 0.6989353 0 0 255
-0.0307928 0.0612790 0.6967131 0 0 255
-0.0290232 0.0609880 0.6934041 0 0 255
-0.0272132 0.0605726 0.6886822 0 0 255
-0.0255206 0.0603829 0.6865249 0 0 255
-0.0238262 0.0601630 0.6840243 0 0 255
-0.0221672 0.0600070 0.6822506 0 0 255
-0.0205486 0.0599450 0.6815463 0 0 255
-0.0188845 0.0597283 0.6790819 0 0 255
-0.0172768 0.0596669 0.6783842 0 0 255
-0.0156725 0.0596056 0.6776879 0 0 255
-0.0140715 0.0595445 0.6769931 0 0 255
-0.0124673 0.0594529 0.6759513 0 0 255
-0.0108680 0.0593616 0.6749128 0 0 255
-0.0092737 0.0592709 0.6738818 0 0 255
-0.0076921 0.0592408 0.6735403 0 0 255
-0.0061027 0.0591199 0.6721647 0 0 255
-0.0045268 0.0590900 0.6718251 0 0 255
-0.0029539 0.0590904 0.6718294 0 0 255
-0.0013803 0.0590605 0.6714900 0 0 255
0.0001917 0.0590307 0.6711509 0 0 255
0.0017612 0.0589708 0.6704695 0 0 255
0.0033326 0.0590013 0.6708165 0 0 255
0.0048981 0.0589414 0.6701358 0 0 255
0.0064506 0.0587917 0.6684337 0 0 255
0.0080116 0.0587621 0.6680977 0 0 255
0.0095612 0.0586729 0.6670833 0 0 255
0.0111061 0.0585840 0.6660720 0 0 255
0.0126720 0.0586141 0.6664145 0 0 255
0.0142179 0.0585550 0.6657428 0 0 255
0.0157766 0.0585554 0.6657470 0 0 255
0.0173354 0.0585558 0.6657513 0 0 255
0.0188750 0.0584968 0.6650808 0 0 255
0.0204115 0.0584380 0.6644118 0 0 255
0.0219672 0.0584383 0.6644161 0 0 255
0.0235348 0.0584683 0.6647568 0 0 255
0.0250786 0.0584391 0.6644247 0 0 255
0.0266343 0.0584395 0.6644289 0 0 255
0.0281900 0.0584398 0.6644332 0 0 255
0.0297458 0.0584402 0.6644375 0 0 255
0.0313016 0.0584406 0.6644417 0 0 255
0.0328740 0.0584706 0.6647825 0 0 255
0.0344306 0.0584709 0.6647868 0 0 255
0.0359873 0.0584713 0.6647910 0 0 255
0.0375439 0.0584717 0.6647953 0 0 255
0.0391601 0.0585610 0.6658112 0 0 255
0.0408019 0.0586805 0.6671690 0 0 255
0.0423642 0.0586808 0.6671733 0 0 255
0.0439041 0.0586514 0.6668388 0 0 255
0.0454199 0.0585928 0.6661728 0 0 255
0.0469080 0.0585036 0.6651578 0 0 255
0.0484165 0.0584447 0.6644888 0 0 255
0.0498220 0.0582691 0.6624917 0 0 255
0.0513988 0.0582983 0.6628240 0 0 255
0.0528981 0.0582404 0.6621661 0 0 255
0.0544213 0.0582114 0.6618366 0 0 255
0.0559424 0.0581819 0.6615008 0 0 255
0.0574920 0.0581829 0.6615115 0 0 255
0.0536621 0.0528824 0.6012482 0 0 255
0.0548191 0.0526417 0.5985115 0 0 255
0.0558642 0.0523083 0.5947203 0 0 255
0.0573609 0.0524036 0.5958035 0 0 255
0.0585966 0.0522616 0.5941897 0 0 255
0.0600425 0.0523093 0.5947318 0 0 255
0.0612688 0.0521679 0.5931238 0 0 255
0.0626578 0.0521682 0.5931276 0 0 255
0.0640468 0.0521685 0.5931314 0 0 255
0.0653179 0.0520748 0.5920656 0 0 255
0.0769335 0.0565362 0.6427899 0 0 255
0.0821147 0.0580718 0.6602488 0 0 255
0.0837031 0.0581014 0.6605853 0 0 255
0.0854221 0.0582189 0.6619216 0 0 255
0.0868847 0.0581607 0.6612591 0 0 255
0.0883445 0.0581025 0.6605981 0 0 255
0.0899369 0.0581321 0.6609349 0 0 255
0.0914388 0.0581033 0.6606066 0 0 255
0.0930328 0.0581329 0.6609433 0 0 255
0.0946285 0.0581625 0.6612805 0 0 255
0.0961289 0.0581336 0.6609519 0 0 255
0.0977754 0.0581926 0.6616222 0 0 255
0.0993250 0.0581930 0.6616264 0 0 255
0.1008746 0.0581933 0.6616306 0 0 255
0.1024243 0.0581937 0.6616349 0 0 255
0.1040264 0.0582234 0.6619728 0 0 255
0.1056835 0.0582826 0.6626451 0 0 255
0.1072356 0.0582829 0.6626494 0 0 255
0.1090077 0.0584012 0.6639940 0 0 255
0.1106189 0.0584311 0.6643342 0 0 255
0.1122317 0.0584611 0.6646747 0 0 255
0.1137310 0.0584319 0.6643428 0 0 255
0.1154624 0.0585211 0.6653568 0 0 255
0.1170802 0.0585511 0.6656984 0 0 255
0.1185794 0.0585218 0.6653654 0 0 255
0.1200770 0.0584926 0.6650327 0 0 255
0.1217581 0.0585522 0.6657113 0 0 255
0.1231926 0.0584933 0.6650412 0 0 255
0.1246872 0.0584641 0.6647089 0 0 255
0.1261804 0.0584349 0.6643769 0 0 255
0.1276075 0.0583762 0.6637095 0 0 255
0.1290318 0.0583176 0.6630436 0 0 255
0.1304532 0.0582592 0.6623790 0 0 255
0.1319383 0.0582302 0.6620493 0 0 255
0.1333547 0.0581719 0.6613867 0 0 255
0.1348361 0.0581430 0.6610580 0 0 255
0.1363160 0.0581141 0.6607296 0 0 255
0.1377945 0.0580852 0.6604016 0 0 255
0.1392015 0.0580272 0.6597423 0 0 255
0.1406057 0.0579694 0.6590844 0 0 255
0.1421497 0.0579698 0.6590887 0 0 255
0.1435496 0.0579120 0.6584321 0 0 255
0.1450920 0.0579124 0.6584362 0 0 255
0.1463420 0.0577972 0.6571269 0 0 255
0.1478814 0.0577976 0.6571311 0 0 255
0.1494208 0.0577980 0.6571353 0 0 255
0.1508848 0.0577694 0.6568109 0 0 255
0.1524235 0.0577698 0.6568152 0 0 255
0.1538084 0.0577124 0.6561630 0 0 255
0.1551905 0.0576552 0.6555123 0 0 255
0.1568045 0.0576844 0.6558439 0 0 255
0.1583409 0.0576847 0.6558480 0 0 255
0.1597179 0.0576275 0.6551979 0 0 255
0.1614140 0.0576855 0.6558565 0 0 255
0.1628692 0.0576571 0.6555334 0 0 255
0.1643230 0.0576287 0.6552105 0 0 255
0.1659408 0.0576578 0.6555418 0 0 255
0.1673096 0.0576007 0.6548923 0 0 255
0.1689281 0.0576298 0.6552231 0 0 255
0.1703783 0.0576014 0.6549007 0 0 255
0.1719984 0.0576305 0.6552315 0 0 255
0.1734470 0.0576021 0.6549091 0 0 255
0.1749814 0.0576025 0.6549133 0 0 255
0.1765158 0.0576029 0.6549175 0 0 255
0.1780503 0.0576033 0.6549217 0 0 255
0.1796743 0.0576324 0.6552526 0 0 255
0.1811192 0.0576040 0.6549301 0 0 255
0.1826537 0.0576044 0.6549343 0 0 255
0.1842801 0.0576335 0.6552652 0 0 255
0.1858154 0.0576338 0.6552694 0 0 255
0.1875378 0.0576918 0.6559281 0 0 255
0.1890747 0.0576921 0.6559323 0 0 255
0.1908976 0.0577791 0.6569206 0 0 255
0.1926295 0.0578373 0.6575826 0 0 255
0.1943649 0.0578956 0.6582459 0 0 255
0.1961038 0.0579541 0.6589105 0 0 255
0.1978461 0.0580127 0.6595764 0 0 255
0.1994918 0.0580422 0.6599120 0 0 255
0.2012403 0.0581009 0.6605800 0 0 255
0.2029923 0.0581598 0.6612493 0 0 255
0.2045417 0.0581602 0.6612535 0 0 255
0.2062988 0.0582191 0.6619241 0 0 255
0.2078499 0.0582195 0.6619284 0 0 255
0.2097179 0.0583080 0.6629348 0 0 255
0.2114848 0.0583673 0.6636088 0 0 255
0.2132553 0.0584267 0.6642843 0 0 255
0.2148119 0.0584271 0.6642885 0 0 255
0.2165876 0.0584866 0.6649653 0 0 255
0.2183668 0.0585463 0.6656434 0 0 255
0.2200382 0.0585763 0.6659852 0 0 255
0.2215988 0.0585767 0.6659895 0 0 255
0.2230464 0.0585474 0.6656562 0 0 255
0.2246062 0.0585478 0.6656605 0 0 255
0.2262808 0.0585778 0.6660023 0 0 255
0.2278415 0.0585782 0.6660066 0 0 255
0.2294022 0.0585786 0.6660108 0 0 255
0.2311974 0.0586384 0.6666911 0 0 255
0.2327598 0.0586388 0.6666954 0 0 255
0.2342033 0.0586094 0.6663615 0 0 255
0.2358845 0.0586396 0.6667039 0 0 255
0.2375675 0.0586697 0.6670467 0 0 255
0.2390094 0.0586403 0.6667125 0 0 255
0.2408162 0.0587003 0.6673942 0 0 255
0.2423803 0.0587006 0.6673985 0 0 255
0.2438205 0.0586712 0.6670638 0 0 255
0.2455085 0.0587014 0.6674070 0 0 255
0.2474497 0.0587914 0.6684300 0 0 255
0.2491430 0.0588217 0.6687745 0 0 255
0.2508380 0.0588520 0.6691194 0 0 255
0.2527924 0.0589424 0.6701476 0 0 255
0.2544928 0.0589729 0.6704940 0 0 255
0.2560643 0.0589733 0.6704983 0 0 255
0.2576357 0.0589737 0.6705026 0 0 255
0.2592071 0.0589740 0.6705069 0 0 255
0.2605127 0.0589143 0.6698275 0 0 255
0.2619490 0.0588846 0.6694905 0 0 255
0.2635181 0.0588850 0.6694948 0 0 255
0.2649522 0.0588554 0.6691581 0 0 255
0.2663849 0.0588258 0.6688218 0 0 255
0.2676800 0.0587664 0.6681459 0 0 255
0.2691091 0.0587369 0.6678106 0 0 255
0.2703995 0.0586776 0.6671367 0 0 255
0.2716872 0.0586185 0.6664643 0 0 255
0.2731108 0.0585891 0.6661307 0 0 255
0.2745329 0.0585598 0.6657974 0 0 255
0.2755350 0.0584418 0.6644550 0 0 255
0.2768125 0.0583831 0.6637879 0 0 255
0.2782278 0.0583540 0.6634570 0 0 255
0.2792189 0.0582367 0.6621240 0 0 255
0.2803471 0.0581492 0.6611289 0 0 255
0.2816134 0.0580911 0.6604686 0 0 255
0.2828771 0.0580332 0.6598095 0 0 255
0.2841384 0.0579753 0.6591518 0 0 255
0.2851132 0.0578600 0.6578403 0 0 255
0.2865117 0.0578314 0.6575154 0 0 255
0.2879089 0.0578028 0.6571909 0 0 255
0.2891602 0.0577454 0.6565384 0 0 255
0.2908444 0.0577747 0.6568708 0 0 255
0.2922381 0.0577462 0.6565468 0 0 255
0.2936304 0.0577177 0.6562232 0 0 255
0.2954637 0.0577758 0.6568834 0 0 255
0.2968552 0.0577473 0.6565595 0 0 255
0.2983942 0.0577477 0.6565637 0 0 255
0.2999333 0.0577480 0.6565679 0 0 255
0.3014724 0.0577484 0.6565722 0 0 255
0.3033146 0.0578066 0.6572331 0 0 255
0.3048553 0.0578069 0.6572374 0 0 255
0.3063959 0.0578073 0.6572415 0 0 255
0.3080907 0.0578366 0.6575746 0 0 255
0.3100977 0.0579239 0.6585674 0 0 255
0.3117978 0.0579533 0.6589018 0 0 255
0.3136569 0.0580119 0.6595674 0 0 255
0.3158372 0.0581289 0.6608983 0 0 255
-0.0393235 0.0635179 0.7034202 0 0 255
-0.0376567 0.0634843 0.7030479 0 0 255
-0.0359339 0.0633490 0.7015489 0 0 255
-0.0341638 0.0631132 0.6989376 0 0 255
-0.0324758 0.0630129 0.6978270 0 0 255
-0.0307604 0.0628462 0.6959808 0 0 255
-0.0290388 0.0626472 0.6937775 0 0 255
-0.0272420 0.0622531 0.6894125 0 0 255
-0.0255342 0.0620254 0.6868909 0 0 255
-0.0238389 0.0617993 0.6843877 0 0 255
-0.0221559 0.0615749 0.6819028 0 0 255
-0.0205169 0.0614476 0.6804927 0 0 255
-0.0188847 0.0613208 0.6790886 0 0 255
-0.0172592 0.0611945 0.6776902 0 0 255
-0.0156646 0.0611634 0.6773449 0 0 255
-0.0140643 0.0611007 0.6766507 0 0 255
-0.0124546 0.0609753 0.6752625 0 0 255
-0.0108681 0.0609444 0.6749195 0 0 255
-0.0092643 0.0607888 0.6731972 0 0 255
-0.0076883 0.0607892 0.6732015 0 0 255
-0.0060997 0.0606651 0.6718273 0 0 255
-0.0045268 0.0606655 0.6718317 0 0 255
-0.0029524 0.0606349 0.6714923 0 0 255
-0.0013796 0.0606043 0.6711531 0 0 255
0.0001916 0.0605737 0.6708145 0 0 255
0.0017612 0.0605431 0.6704761 0 0 255
0.0033275 0.0604817 0.6697961 0 0 255
0.0048907 0.0604204 0.6691174 0 0 255
0.0064540 0.0603900 0.6687808 0 0 255
0.0080157 0.0603597 0.6684445 0 0 255
0.0095661 0.0602680 0.6674291 0 0 255
0.0111118 0.0601766 0.6664167 0 0 255
0.0126721 0.0601770 0.6664210 0 0 255
0.0142324 0.0601773 0.6664253 0 0 255
0.0157928 0.0601777 0.6664296 0 0 255
0.0173355 0.0601171 0.6657578 0 0 255
0.0188847 0.0600870 0.6654245 0 0 255
0.0204324 0.0600569 0.6650916 0 0 255
0.0220008 0.0600877 0.6654331 0 0 255
0.0235469 0.0600577 0.6651002 0 0 255
0.0250915 0.0600277 0.6647676 0 0 255
0.0266346 0.0599977 0.6644354 0 0 255
0.0281903 0.0599980 0.6644397 0 0 255
0.0297461 0.0599984 0.6644440 0 0 255
0.0313019 0.0599988 0.6644482 0 0 255
0.0328744 0.0600296 0.6647890 0 0 255
0.0344484 0.0600604 0.6651301 0 0 255
0.0360241 0.0600912 0.6654716 0 0 255
0.0376205 0.0601526 0.6661514 0 0 255
0.0392202 0.0602141 0.6668324 0 0 255
0.0408027 0.0602457 0.6671821 0 0 255
0.0423650 0.0602461 0.6671864 0 0 255
0.0439273 0.0602465 0.6671907 0 0 255
0.0454204 0.0601551 0.6661793 0 0 255
0.0469089 0.0600641 0.6651708 0 0 255
0.0483930 0.0599733 0.6641656 0 0 255
0.0498477 0.0598529 0.6628327 0 0 255
0.0513739 0.0598231 0.6625025 0 0 255
0.0528719 0.0597632 0.6618388 0 0 255
0.0543944 0.0597334 0.6615095 0 0 255
0.0558871 0.0596737 0.6608478 0 0 255
0.0574636 0.0597041 0.6611848 0 0 255
0.0536136 0.0542428 0.6007040 0 0 255
0.0545709 0.0538001 0.5958017 0 0 255
0.0558142 0.0536544 0.5941879 0 0 255
0.0572057 0.0536547 0.5941917 0 0 255
0.0585442 0.0536066 0.5936583 0 0 255
0.0599345 0.0536069 0.5936621 0 0 255
0.0611589 0.0534622 0.5920599 0 0 255
0.0626584 0.0535592 0.5931334 0 0 255
0.0638744 0.0534148 0.5915342 0 0 255
0.0652009 0.0533670 0.5910055 0 0 255
0.0666450 0.0534155 0.5915418 0 0 255
0.0679691 0.0533677 0.5910131 0 0 255
0.0727001 0.0548492 0.6074195 0 0 255
0.0844438 0.0590861 0.6543410 0 0 255
0.0871049 0.0598622 0.6629350 0 0 255
0.0883453 0.0596517 0.6606045 0 0 255
0.0901647 0.0598327 0.6626090 0 0 255
0.0916241 0.0597728 0.6619452 0 0 255
0.0931275 0.0597431 0.6616158 0 0 255
0.0948683 0.0598641 0.6629564 0 0 255
0.0963238 0.0598041 0.6622918 0 0 255
0.0978750 0.0598045 0.6622961 0 0 255
0.0993760 0.0597747 0.6619664 0 0 255
0.1009774 0.0598052 0.6623045 0 0 255
0.1024770 0.0597755 0.6619750 0 0 255
0.1041324 0.0598362 0.6626473 0 0 255
0.1057913 0.0598970 0.6633211 0 0 255
0.1074535 0.0599580 0.6639962 0 0 255
0.1091744 0.0600495 0.6650093 0 0 255
0.1106759 0.0600195 0.6646769 0 0 255
0.1123465 0.0600807 0.6653548 0 0 255
0.1139628 0.0601115 0.6656964 0 0 255
0.1154635 0.0600814 0.6653633 0 0 255
0.1170813 0.0601123 0.6657049 0 0 255
0.1187008 0.0601432 0.6660469 0 0 255
0.1202000 0.0601131 0.6657135 0 0 255
0.1217593 0.0601135 0.6657178 0 0 255
0.1231938 0.0600529 0.6650477 0 0 255
0.1246884 0.0600229 0.6647153 0 0 255
0.1261816 0.0599930 0.6643834 0 0 255
0.1276733 0.0599630 0.6640517 0 0 255
0.1290983 0.0599028 0.6633850 0 0 255
0.1303888 0.0597824 0.6620516 0 0 255
0.1318731 0.0597527 0.6617222 0 0 255
0.1333560 0.0597230 0.6613932 0 0 255
0.1348374 0.0596933 0.6610645 0 0 255
0.1362488 0.0596336 0.6604039 0 0 255
0.1377958 0.0596340 0.6604081 0 0 255
0.1392728 0.0596044 0.6600805 0 0 255
0.1407484 0.0595748 0.6597531 0 0 255
0.1422224 0.0595453 0.6594260 0 0 255
0.1436230 0.0594860 0.6587687 0 0 255
0.1449481 0.0593970 0.6577831 0 0 255
0.1464900 0.0593977 0.6577916 0 0 255
0.1479569 0.0593684 0.6574665 0 0 255
0.1494971 0.0593688 0.6574707 0 0 255
0.1509618 0.0593394 0.6571460 0 0 255
0.1524250 0.0593101 0.6568215 0 0 255
0.1538099 0.0592513 0.6561695 0 0 255
0.1553471 0.0592516 0.6561736 0 0 255
0.1568060 0.0592224 0.6558502 0 0 255
0.1584216 0.0592524 0.6561821 0 0 255
0.1598790 0.0592232 0.6558586 0 0 255
0.1614155 0.0592236 0.6558629 0 0 255
0.1629521 0.0592239 0.6558671 0 0 255
0.1644066 0.0591948 0.6555440 0 0 255
0.1661082 0.0592543 0.6562032 0 0 255
0.1674782 0.0591955 0.6555524 0 0 255
0.1690141 0.0591959 0.6555566 0 0 255
0.1704649 0.0591668 0.6552337 0 0 255
0.1720001 0.0591671 0.6552380 0 0 255
0.1735352 0.0591675 0.6552421 0 0 255
0.1749831 0.0591384 0.6549197 0 0 255
0.1765175 0.0591388 0.6549239 0 0 255
0.1780520 0.0591392 0.6549281 0 0 255
0.1795865 0.0591395 0.6549323 0 0 255
0.1812114 0.0591694 0.6552633 0 0 255
0.1826555 0.0591403 0.6549408 0 0 255
0.1842819 0.0591702 0.6552717 0 0 255
0.1860028 0.0592297 0.6559303 0 0 255
0.1875397 0.0592300 0.6559346 0 0 255
0.1892656 0.0592896 0.6565946 0 0 255
0.1908040 0.0592900 0.6565987 0 0 255
0.1925350 0.0593497 0.6572600 0 0 255
0.1942694 0.0594096 0.6579226 0 0 255
0.1960073 0.0594695 0.6585866 0 0 255
0.1976496 0.0594997 0.6589212 0 0 255
0.1994937 0.0595898 0.6599184 0 0 255
0.2011411 0.0596201 0.6602544 0 0 255
0.2027901 0.0596505 0.6605906 0 0 255
0.2044408 0.0596809 0.6609273 0 0 255
0.2061970 0.0597414 0.6615973 0 0 255
0.2077472 0.0597418 0.6616015 0 0 255
0.2095086 0.0598024 0.6622729 0 0 255
0.2113801 0.0598933 0.6632802 0 0 255
0.2131496 0.0599543 0.6639550 0 0 255
0.2148140 0.0599850 0.6642950 0 0 255
0.2163706 0.0599854 0.6642992 0 0 255
0.2180376 0.0600161 0.6646397 0 0 255
0.2198174 0.0600773 0.6653171 0 0 255
0.2214887 0.0601081 0.6656585 0 0 255
0.2230485 0.0601085 0.6656627 0 0 255
0.2246084 0.0601089 0.6656670 0 0 255
0.2261683 0.0601093 0.6656713 0 0 255
0.2277283 0.0601096 0.6656756 0 0 255
0.2292882 0.0601100 0.6656798 0 0 255
0.2308482 0.0601104 0.6656841 0 0 255
0.2327620 0.0602023 0.6667019 0 0 255
0.2343244 0.0602027 0.6667061 0 0 255
0.2357672 0.0601726 0.6663723 0 0 255
0.2374493 0.0602035 0.6667148 0 0 255
0.2392546 0.0602650 0.6673964 0 0 255
0.2406963 0.0602348 0.6670619 0 0 255
0.2423827 0.0602658 0.6674050 0 0 255
0.2438229 0.0602356 0.6670704 0 0 255
0.2456357 0.0602972 0.6677528 0 0 255
0.2473263 0.0603283 0.6680967 0 0 255
0.2492723 0.0604208 0.6691217 0 0 255
0.2510962 0.0604828 0.6698082 0 0 255
0.2530531 0.0605759 0.6708385 0 0 255
0.2544953 0.0605453 0.6705005 0 0 255
0.2561975 0.0605766 0.6708471 0 0 255
0.2577697 0.0605770 0.6708514 0 0 255
0.2593420 0.0605774 0.6708558 0 0 255
0.2606481 0.0605160 0.6701757 0 0 255
0.2623526 0.0605473 0.6705220 0 0 255
0.2636551 0.0604859 0.6698427 0 0 255
0.2650899 0.0604555 0.6695057 0 0 255
0.2665232 0.0604251 0.6691689 0 0 255
0.2676826 0.0603333 0.6681525 0 0 255
0.2693856 0.0603644 0.6684967 0 0 255
0.2706770 0.0603034 0.6678214 0 0 255
0.2716899 0.0601814 0.6664708 0 0 255
0.2731135 0.0601513 0.6661372 0 0 255
0.2745356 0.0601212 0.6658039 0 0 255
0.2756771 0.0600304 0.6647977 0 0 255
0.2768152 0.0599398 0.6637944 0 0 255
0.2780901 0.0598797 0.6631287 0 0 255
0.2793624 0.0598197 0.6624643 0 0 255
0.2802089 0.0596696 0.6608029 0 0 255
0.2814746 0.0596101 0.6601431 0 0 255
0.2828799 0.0595805 0.6598159 0 0 255
0.2835740 0.0594023 0.6578425 0 0 255
0.2852588 0.0594325 0.6581762 0 0 255
0.2865146 0.0593734 0.6575219 0 0 255
0.2879117 0.0593441 0.6571973 0 0 255
0.2891630 0.0592852 0.6565449 0 0 255
0.2905568 0.0592559 0.6562212 0 0 255
0.2919493 0.0592267 0.6558979 0 0 255
0.2936333 0.0592567 0.6562296 0 0 255
0.2953190 0.0592867 0.6565617 0 0 255
0.2965617 0.0592279 0.6559106 0 0 255
0.2983971 0.0592874 0.6565701 0 0 255
0.2997864 0.0592582 0.6562465 0 0 255
0.3013248 0.0592586 0.6562507 0 0 255
0.3030145 0.0592886 0.6565828 0 0 255
0.3045536 0.0592890 0.6565870 0 0 255
0.3063989 0.0593486 0.6572480 0 0 255
0.3079397 0.0593490 0.6572522 0 0 255
0.3096352 0.0593791 0.6575852 0 0 255
0.3116446 0.0594687 0.6585780 0 0 255
0.3133455 0.0594989 0.6589124 0 0 255
0.3156815 0.0596488 0.6605726 0 0 255
0.3170707 0.0596193 0.6602449 0 0 255
-0.0393239 0.0651676 0.7034271 0 0 255
-0.0376772 0.0651680 0.7034316 0 0 255
-0.0358767 0.0648901 0.7004322 0 0 255
-0.0341460 0.0647178 0.6985723 0 0 255
-0.0324761 0.0646494 0.6978338 0 0 255
-0.0307607 0.0644784 0.6959876 0 0 255
-0.0290544 0.0643082 0.6941513 0 0 255
-0.0272423 0.0638699 0.6894193 0 0 255
-0.0255345 0.0636363 0.6868977 0 0 255
-0.0238640 0.0634705 0.6851090 0 0 255
-0.0221446 0.0631413 0.6815553 0 0 255
-0.0205065 0.0630108 0.6801468 0 0 255
-0.0188849 0.0629134 0.6790953 0 0 255
-0.0172593 0.0627839 0.6776969 0 0 255
-0.0156647 0.0627519 0.6773515 0 0 255
-0.0140717 0.0627199 0.6770064 0 0 255
-0.0124547 0.0625589 0.6752690 0 0 255
-0.0108626 0.0624950 0.6745791 0 0 255
-0.0092691 0.0623996 0.6735492 0 0 255
-0.0076883 0.0623680 0.6732081 0 0 255
-0.0061029 0.0622726 0.6721780 0 0 255
-0.0045269 0.0622411 0.6718382 0 0 255
-0.0029540 0.0622415 0.6718425 0 0 255
-0.0013797 0.0621782 0.6711597 0 0 255
0.0001916 0.0621469 0.6708210 0 0 255
0.0017603 0.0620838 0.6701403 0 0 255
0.0033276 0.0620525 0.6698026 0 0 255
0.0048932 0.0620213 0.6694652 0 0 255
0.0064508 0.0619269 0.6684467 0 0 255
0.0080158 0.0619273 0.6684510 0 0 255
0.0095662 0.0618332 0.6674356 0 0 255
0.0111176 0.0617708 0.6667618 0 0 255
0.0126787 0.0617712 0.6667660 0 0 255
0.0142254 0.0617089 0.6660936 0 0 255
0.0157929 0.0617406 0.6664361 0 0 255
0.0173533 0.0617410 0.6664404 0 0 255
0.0188945 0.0616788 0.6657686 0 0 255
0.0204533 0.0616792 0.6657729 0 0 255
0.0220012 0.0616489 0.6654462 0 0 255
0.0235591 0.0616487 0.6654438 0 0 255
0.0251172 0.0616491 0.6654482 0 0 255
0.0266618 0.0616183 0.6651153 0 0 255
0.0282337 0.0616505 0.6654633 0 0 255
0.0297768 0.0616197 0.6651303 0 0 255
0.0313501 0.0616513 0.6654719 0 0 255
0.0328917 0.0616205 0.6651389 0 0 255
0.0344491 0.0616209 0.6651432 0 0 255
0.0360797 0.0617464 0.6664983 0 0 255
0.0376212 0.0617155 0.6661644 0 0 255
0.0392409 0.0618099 0.6671844 0 0 255
0.0408239 0.0618418 0.6675280 0 0 255
0.0423654 0.0618107 0.6671929 0 0 255
0.0439054 0.0617798 0.6668584 0 0 255
0.0454439 0.0617488 0.6665241 0 0 255
0.0469808 0.0617178 0.6661901 0 0 255
0.0484179 0.0615620 0.6645082 0 0 255
0.0498482 0.0614074 0.6628392 0 0 255
0.0513744 0.0613768 0.6625090 0 0 255
0.0528991 0.0613462 0.6621790 0 0 255
0.0543675 0.0612539 0.6611828 0 0 255
0.0558877 0.0612235 0.6608542 0 0 255
0.0574352 0.0612239 0.6608585 0 0 255
0.0535651 0.0556007 0.6001608 0 0 255
0.0546707 0.0552978 0.5968909 0 0 255
0.0561195 0.0553484 0.5974379 0 0 255
0.0572581 0.0550981 0.5947358 0 0 255
0.0585978 0.0550486 0.5942014 0 0 255
0.0599351 0.0549992 0.5936679 0 0 255
0.0611595 0.0548507 0.5920658 0 0 255
0.0624334 0.0547523 0.5910037 0 0 255
0.0638750 0.0548020 0.5915400 0 0 255
0.0651429 0.0547038 0.5904798 0 0 255
0.0665258 0.0547042 0.5904836 0 0 255
0.0677872 0.0546067 0.5894310 0 0 255
0.0689818 0.0544603 0.5878518 0 0 255
0.0705481 0.0546074 0.5894386 0 0 255
0.0818752 0.0587762 0.6344372 0 0 255
0.0905770 0.0616668 0.6656387 0 0 255
0.0917175 0.0613871 0.6626197 0 0 255
0.0932224 0.0613565 0.6622897 0 0 255
0.0947735 0.0613569 0.6622940 0 0 255
0.0962761 0.0613264 0.6619644 0 0 255
0.0979253 0.0613886 0.6626368 0 0 255
0.0993770 0.0613271 0.6619729 0 0 255
0.1009784 0.0613585 0.6623110 0 0 255
0.1025296 0.0613589 0.6623152 0 0 255
0.1041860 0.0614212 0.6629884 0 0 255
0.1058993 0.0615148 0.6639984 0 0 255
0.1075633 0.0615775 0.6646749 0 0 255
0.1091754 0.0616090 0.6650158 0 0 255
0.1108453 0.0616719 0.6656943 0 0 255
0.1124046 0.0616723 0.6656986 0 0 255
0.1139639 0.0616727 0.6657029 0 0 255
0.1155818 0.0617044 0.6660448 0 0 255
0.1172013 0.0617361 0.6663871 0 0 255
0.1187020 0.0617052 0.6660534 0 0 255
0.1202011 0.0616743 0.6657200 0 0 255
0.1217605 0.0616747 0.6657243 0 0 255
0.1233199 0.0616751 0.6657286 0 0 255
0.1246897 0.0615818 0.6647219 0 0 255
0.1261829 0.0615511 0.6643899 0 0 255
0.1276746 0.0615203 0.6640582 0 0 255
0.1291648 0.0614896 0.6637268 0 0 255
0.1305216 0.0613969 0.6627262 0 0 255
0.1320074 0.0613664 0.6623962 0 0 255
0.1333573 0.0612740 0.6613997 0 0 255
0.1347709 0.0612128 0.6607384 0 0 255
0.1363187 0.0612132 0.6607426 0 0 255
0.1377972 0.0611828 0.6604146 0 0 255
0.1392742 0.0611524 0.6600869 0 0 255
0.1406085 0.0610607 0.6590973 0 0 255
0.1422238 0.0610918 0.6594325 0 0 255
0.1436244 0.0610309 0.6587752 0 0 255
0.1450949 0.0610007 0.6584491 0 0 255
0.1465639 0.0609705 0.6581234 0 0 255
0.1479583 0.0609103 0.6574729 0 0 255
0.1494237 0.0608802 0.6571481 0 0 255
0.1509632 0.0608806 0.6571524 0 0 255
0.1525027 0.0608809 0.6571566 0 0 255
0.1538883 0.0608205 0.6565039 0 0 255
0.1553486 0.0607905 0.6561801 0 0 255
0.1568859 0.0607909 0.6561843 0 0 255
0.1583440 0.0607609 0.6558608 0 0 255
0.1598806 0.0607613 0.6558651 0 0 255
0.1613366 0.0607314 0.6555420 0 0 255
0.1628724 0.0607318 0.6555462 0 0 255
0.1644903 0.0607625 0.6558777 0 0 255
0.1660269 0.0607629 0.6558819 0 0 255
0.1675635 0.0607632 0.6558861 0 0 255
0.1691002 0.0607636 0.6558904 0 0 255
0.1705517 0.0607337 0.6555673 0 0 255
0.1720876 0.0607341 0.6555715 0 0 255
0.1735369 0.0607042 0.6552486 0 0 255
0.1750721 0.0607046 0.6552528 0 0 255
0.1766073 0.0607050 0.6552570 0 0 255
0.1782315 0.0607357 0.6555883 0 0 255
0.1796778 0.0607057 0.6552655 0 0 255
0.1813036 0.0607364 0.6555968 0 0 255
0.1828396 0.0607368 0.6556010 0 0 255
0.1843757 0.0607372 0.6556052 0 0 255
0.1860046 0.0607679 0.6559368 0 0 255
0.1876352 0.0607987 0.6562687 0 0 255
0.1892674 0.0608295 0.6566010 0 0 255
0.1909013 0.0608603 0.6569335 0 0 255
0.1925368 0.0608911 0.6572664 0 0 255
0.1943686 0.0609831 0.6582587 0 0 255
0.1960092 0.0610140 0.6585930 0 0 255
0.1976515 0.0610450 0.6589276 0 0 255
0.1994957 0.0611374 0.6599249 0 0 255
0.2010420 0.0611378 0.6599291 0 0 255
0.2026902 0.0611689 0.6602651 0 0 255
0.2042373 0.0611693 0.6602693 0 0 255
0.2057844 0.0611697 0.6602736 0 0 255
0.2076447 0.0612625 0.6612749 0 0 255
0.2092995 0.0612937 0.6616122 0 0 255
0.2112755 0.0614179 0.6629520 0 0 255
0.2130440 0.0614803 0.6636261 0 0 255
0.2144907 0.0614496 0.6632952 0 0 255
0.2162634 0.0615122 0.6639699 0 0 255
0.2179294 0.0615437 0.6643100 0 0 255
0.2197083 0.0616064 0.6649868 0 0 255
0.2212666 0.0616068 0.6649911 0 0 255
0.2229377 0.0616384 0.6653321 0 0 255
0.2243832 0.0616075 0.6649996 0 0 255
0.2259416 0.0616080 0.6650040 0 0 255
0.2276152 0.0616395 0.6653450 0 0 255
0.2291744 0.0616399 0.6653492 0 0 255
0.2310847 0.0617341 0.6663660 0 0 255
0.2325283 0.0617032 0.6660324 0 0 255
0.2342079 0.0617349 0.6663746 0 0 255
0.2357695 0.0617353 0.6663789 0 0 255
0.2374516 0.0617670 0.6667213 0 0 255
0.2391354 0.0617988 0.6670641 0 0 255
0.2406987 0.0617992 0.6670684 0 0 255
0.2425082 0.0618624 0.6677507 0 0 255
0.2440732 0.0618628 0.6677550 0 0 255
0.2458880 0.0619262 0.6684388 0 0 255
0.2475805 0.0619581 0.6687834 0 0 255
0.2495289 0.0620532 0.6698105 0 0 255
0.2510987 0.0620536 0.6698148 0 0 255
0.2547562 0.0621808 0.6711878 0 0 255
0.2563292 0.0621812 0.6711920 0 0 255
0.2577722 0.0621503 0.6708580 0 0 255
0.2596096 0.0622142 0.6715481 0 0 255
0.2609168 0.0621511 0.6708666 0 0 255
0.2623552 0.0621198 0.6705286 0 0 255
0.2640615 0.0621519 0.6708752 0 0 255
0.2653629 0.0620889 0.6701951 0 0 255
0.2665258 0.0619944 0.6691754 0 0 255
0.2679577 0.0619633 0.6688392 0 0 255
0.2693882 0.0619321 0.6685032 0 0 255
0.2706796 0.0618696 0.6678279 0 0 255
0.2718304 0.0617758 0.6668155 0 0 255
0.2733933 0.0617762 0.6668198 0 0 255
0.2746775 0.0617139 0.6661479 0 0 255
0.2756798 0.0615894 0.6648042 0 0 255
0.2769578 0.0615276 0.6641364 0 0 255
0.2780928 0.0614348 0.6631352 0 0 255
0.2790838 0.0613115 0.6618035 0 0 255
0.2802116 0.0612194 0.6608094 0 0 255
0.2814775 0.0611582 0.6601497 0 0 255
0.2821761 0.0609752 0.6581743 0 0 255
0.2837188 0.0609756 0.6581785 0 0 255
0.2851188 0.0609455 0.6578532 0 0 255
0.2865173 0.0609154 0.6575283 0 0 255
0.2877707 0.0608549 0.6568753 0 0 255
0.2891658 0.0608249 0.6565512 0 0 255
0.2907048 0.0608253 0.6565555 0 0 255
0.2920979 0.0607953 0.6562318 0 0 255
0.2936361 0.0607957 0.6562361 0 0 255
0.2948799 0.0607354 0.6555855 0 0 255
0.2967127 0.0607964 0.6562445 0 0 255
0.2982510 0.0607968 0.6562487 0 0 255
0.2997894 0.0607972 0.6562529 0 0 255
0.3011773 0.0607673 0.6559296 0 0 255
0.3030174 0.0608284 0.6565892 0 0 255
0.3045566 0.0608288 0.6565934 0 0 255
0.3064019 0.0608900 0.6572543 0 0 255
0.3079427 0.0608904 0.6572586 0 0 255
0.3094834 0.0608908 0.6572628 0 0 255
0.3114915 0.0609827 0.6582546 0 0 255
0.3130346 0.0609831 0.6582588 0 0 255
0.3148932 0.0610446 0.6589231 0 0 255
0.3165966 0.0610756 0.6592578 0 0 255
0.3187818 0.0611988 0.6605875 0 0 255
0.3209757 0.0613225 0.6619225 0 0 255
0.3228527 0.0613847 0.6625942 0 0 255
0.3259594 0.0613855 0.6626027 0 0 255
0.3275128 0.0613859 0.6626070 0 0 255
0.3293983 0.0614482 0.6632800 0 0 255
-0.0392611 0.0667100 0.7023045 0 0 255
-0.0376171 0.0667104 0.7023091 0 0 255
-0.0357626 0.0663204 0.6982030 0 0 255
-0.0342009 0.0664623 0.6996967 0 0 255
-0.0324592 0.0662507 0.6974698 0 0 255
-0.0307447 0.0660756 0.6956256 0 0 255
-0.0290240 0.0658665 0.6934246 0 0 255
-0.0272712 0.0655556 0.6901512 0 0 255
-0.0255883 0.0653841 0.6883456 0 0 255
-0.0239017 0.0651794 0.6861904 0 0 255
-0.0221909 0.0648745 0.6829808 0 0 255
-0.0205279 0.0646730 0.6808591 0 0 255
-0.0188948 0.0645394 0.6794535 0 0 255
-0.0172506 0.0643400 0.6773537 0 0 255
-0.0156568 0.0643072 0.6770086 0 0 255
-0.0140501 0.0642082 0.6759669 0 0 255
-0.0124484 0.0641096 0.6749283 0 0 255
-0.0108683 0.0641100 0.6749327 0 0 255
-0.0092692 0.0639792 0.6735557 0 0 255
-0.0076845 0.0639140 0.6728695 0 0 255
-0.0060998 0.0638163 0.6718404 0 0 255
-0.0045223 0.0637521 0.6711642 0 0 255
-0.0029480 0.0636873 0.6704828 0 0 255
-0.0013790 0.0637203 0.6708298 0 0 255
0.0001913 0.0636231 0.6698071 0 0 255
0.0017594 0.0636229 0.6698049 0 0 255
0.0033242 0.0635591 0.6691328 0 0 255
0.0048883 0.0635265 0.6687896 0 0 255
0.0064509 0.0634952 0.6684598 0 0 255
0.0080118 0.0634626 0.6681173 0 0 255
0.0095712 0.0634308 0.6677817 0 0 255
0.0111348 0.0634318 0.6677926 0 0 255
0.0126918 0.0633999 0.6674573 0 0 255
0.0142473 0.0633681 0.6671223 0 0 255
0.0158013 0.0633363 0.6667877 0 0 255
0.0173448 0.0632725 0.6661152 0 0 255
0.0189333 0.0633693 0.6671351 0 0 255
0.0204745 0.0633054 0.6664620 0 0 255
0.0220238 0.0632737 0.6661280 0 0 255
0.0235955 0.0633062 0.6664706 0 0 255
0.0251432 0.0632745 0.6661366 0 0 255
0.0266759 0.0632107 0.6654655 0 0 255
0.0282483 0.0632432 0.6658073 0 0 255
0.0298073 0.0632436 0.6658116 0 0 255
0.0313663 0.0632440 0.6658159 0 0 255
0.0329253 0.0632444 0.6658202 0 0 255
0.0344844 0.0632448 0.6658245 0 0 255
0.0360617 0.0632773 0.6661666 0 0 255
0.0376407 0.0633099 0.6665091 0 0 255
0.0392612 0.0634069 0.6675302 0 0 255
0.0408243 0.0634073 0.6675345 0 0 255
0.0423874 0.0634077 0.6675388 0 0 255
0.0439059 0.0633437 0.6668649 0 0 255
0.0454213 0.0632798 0.6661923 0 0 255
0.0469098 0.0631840 0.6651838 0 0 255
0.0484429 0.0631524 0.6648512 0 0 255
0.0498235 0.0629301 0.6625112 0 0 255
0.0513490 0.0628988 0.6621812 0 0 255
0.0528463 0.0628358 0.6615182 0 0 255
0.0543133 0.0627414 0.6605240 0 0 255
0.0558320 0.0627102 0.6601961 0 0 255
0.0574358 0.0627738 0.6608650 0 0 255
0.0535656 0.0570082 0.6001666 0 0 255
0.0548207 0.0568526 0.5985291 0 0 255
0.0560690 0.0566980 0.5969005 0 0 255
0.0572587 0.0564929 0.5947416 0 0 255
0.0585984 0.0564421 0.5942072 0 0 255
0.0600442 0.0564936 0.5947493 0 0 255
0.0612153 0.0562900 0.5926059 0 0 255
0.0624903 0.0561890 0.5915419 0 0 255
0.0638181 0.0561387 0.5910133 0 0 255
0.0652022 0.0561391 0.5910171 0 0 255
0.0667064 0.0562407 0.5920867 0 0 255
0.0677879 0.0559890 0.5894368 0 0 255
0.0690443 0.0558890 0.5883842 0 0 255
0.0702963 0.0557894 0.5873354 0 0 255
0.0716719 0.0557897 0.5873392 0 0 255
0.0731783 0.0558901 0.5883955 0 0 255
0.0881649 0.0615435 0.6479127 0 0 255
0.0933174 0.0629732 0.6629650 0 0 255
0.0949181 0.0630055 0.6633042 0 0 255
0.0963743 0.0629423 0.6626390 0 0 255
0.0979757 0.0629745 0.6629778 0 0 255
0.0995285 0.0629749 0.6629820 0 0 255
0.1010813 0.0629753 0.6629863 0 0 255
0.1025306 0.0629121 0.6623217 0 0 255
0.1042397 0.0630079 0.6633298 0 0 255
0.1060075 0.0631359 0.6646771 0 0 255
0.1076189 0.0631683 0.6650180 0 0 255
0.1092872 0.0632327 0.6656966 0 0 255
0.1108464 0.0632331 0.6657009 0 0 255
0.1125198 0.0632977 0.6663808 0 0 255
0.1140228 0.0632660 0.6660472 0 0 255
0.1157003 0.0633307 0.6667277 0 0 255
0.1172620 0.0633311 0.6667320 0 0 255
0.1187634 0.0632993 0.6663980 0 0 255
0.1202633 0.0632676 0.6660643 0 0 255
0.1217000 0.0632039 0.6653935 0 0 255
0.1232586 0.0632043 0.6653978 0 0 255
0.1245648 0.0630769 0.6640562 0 0 255
0.1261841 0.0631092 0.6643964 0 0 255
0.1276758 0.0630777 0.6640647 0 0 255
0.1290356 0.0629826 0.6630630 0 0 255
0.1305888 0.0629830 0.6630673 0 0 255
0.1318757 0.0628564 0.6617351 0 0 255
0.1333586 0.0628252 0.6614061 0 0 255
0.1347722 0.0627623 0.6607448 0 0 255
0.1363200 0.0627628 0.6607491 0 0 255
0.1378678 0.0627632 0.6607533 0 0 255
0.1392756 0.0627005 0.6600934 0 0 255
0.1407511 0.0626694 0.6597660 0 0 255
0.1423682 0.0627013 0.6601018 0 0 255
0.1436979 0.0626073 0.6591122 0 0 255
0.1452419 0.0626077 0.6591164 0 0 255
0.1467124 0.0625767 0.6587901 0 0 255
0.1480339 0.0624834 0.6578086 0 0 255
0.1496498 0.0625152 0.6581424 0 0 255
0.1509647 0.0624217 0.6571588 0 0 255
0.1525806 0.0624534 0.6574920 0 0 255
0.1540437 0.0624225 0.6571672 0 0 255
0.1553501 0.0623294 0.6561865 0 0 255
0.1569658 0.0623609 0.6565187 0 0 255
0.1584247 0.0623302 0.6561950 0 0 255
0.1599620 0.0623306 0.6561992 0 0 255
0.1614994 0.0623310 0.6562034 0 0 255
0.1630367 0.0623314 0.6562076 0 0 255
0.1644919 0.0623006 0.6558841 0 0 255
0.1660285 0.0623010 0.6558884 0 0 255
0.1676489 0.0623326 0.6562203 0 0 255
0.1691863 0.0623330 0.6562245 0 0 255
0.1705534 0.0622712 0.6555737 0 0 255
0.1721752 0.0623026 0.6559052 0 0 255
0.1737119 0.0623030 0.6559094 0 0 255
0.1753362 0.0623346 0.6562414 0 0 255
0.1766972 0.0622728 0.6555905 0 0 255
0.1783222 0.0623042 0.6559221 0 0 255
0.1797693 0.0622736 0.6555989 0 0 255
0.1814865 0.0623362 0.6562582 0 0 255
0.1828414 0.0622744 0.6556074 0 0 255
0.1844696 0.0623058 0.6559389 0 0 255
0.1860994 0.0623374 0.6562709 0 0 255
0.1876370 0.0623378 0.6562751 0 0 255
0.1894587 0.0624318 0.6572644 0 0 255
0.1909987 0.0624322 0.6572686 0 0 255
0.1926351 0.0624638 0.6576018 0 0 255
0.1942732 0.0624955 0.6579354 0 0 255
0.1960112 0.0625586 0.6585994 0 0 255
0.1976534 0.0625903 0.6589340 0 0 255
0.1991974 0.0625907 0.6589382 0 0 255
0.2009430 0.0626540 0.6596042 0 0 255
0.2025903 0.0626859 0.6599398 0 0 255
0.2043420 0.0627493 0.6606078 0 0 255
0.2058899 0.0627497 0.6606120 0 0 255
0.2074379 0.0627501 0.6606163 0 0 255
0.2093016 0.0628453 0.6616186 0 0 255
0.2109582 0.0628774 0.6619563 0 0 255
0.2128311 0.0629730 0.6629628 0 0 255
0.2144928 0.0630052 0.6633018 0 0 255
0.2160471 0.0630056 0.6633061 0 0 255
0.2178214 0.0630697 0.6639808 0 0 255
0.2194883 0.0631020 0.6643208 0 0 255
0.2211569 0.0631344 0.6646612 0 0 255
0.2228271 0.0631667 0.6650019 0 0 255
0.2242719 0.0631352 0.6646698 0 0 255
0.2259438 0.0631675 0.6650105 0 0 255
0.2276174 0.0631999 0.6653515 0 0 255
0.2291766 0.0632003 0.6653557 0 0 255
0.2309698 0.0632648 0.6660346 0 0 255
0.2325306 0.0632652 0.6660389 0 0 255
0.2342102 0.0632977 0.6663811 0 0 255
0.2357718 0.0632981 0.6663854 0 0 255
0.2376952 0.0633950 0.6674052 0 0 255
0.2391377 0.0633632 0.6670706 0 0 255
0.2408233 0.0633958 0.6674138 0 0 255
0.2426339 0.0634607 0.6680968 0 0 255
0.2441997 0.0634611 0.6681011 0 0 255
0.2457654 0.0634615 0.6681054 0 0 255
0.2478352 0.0635913 0.6694714 0 0 255
0.2495314 0.0636241 0.6698170 0 0 255
0.2512292 0.0636569 0.6701629 0 0 255
0.2547587 0.0637549 0.6711943 0 0 255
0.2564628 0.0637879 0.6715417 0 0 255
0.2581685 0.0638209 0.6718894 0 0 255
0.2596105 0.0637887 0.6715503 0 0 255
0.2610526 0.0637570 0.6712158 0 0 255
0.2624917 0.0637248 0.6708775 0 0 255
0.2640640 0.0637252 0.6708817 0 0 255
0.2655009 0.0636931 0.6705437 0 0 255
0.2668001 0.0636286 0.6698643 0 0 255
0.2680968 0.0635642 0.6691863 0 0 255
0.2695280 0.0635322 0.6688501 0 0 255
0.2708200 0.0634680 0.6681741 0 0 255
0.2721093 0.0634040 0.6674995 0 0 255
0.2735349 0.0633722 0.6671649 0 0 255
0.2745410 0.0632441 0.6658170 0 0 255
0.2758221 0.0631805 0.6651472 0 0 255
0.2768206 0.0630533 0.6638074 0 0 255
0.2780955 0.0629900 0.6631417 0 0 255
0.2789460 0.0628319 0.6614769 0 0 255
0.2800735 0.0627375 0.6604837 0 0 255
0.2814802 0.0627064 0.6601561 0 0 255
0.2821788 0.0625188 0.6581807 0 0 255
0.2837216 0.0625192 0.6581849 0 0 255
0.2848364 0.0624258 0.6572017 0 0 255
0.2865201 0.0624574 0.6575347 0 0 255
0.2876297 0.0623642 0.6565534 0 0 255
0.2890243 0.0623335 0.6562298 0 0 255
0.2905625 0.0623339 0.6562340 0 0 255
0.2919550 0.0623032 0.6559107 0 0 255
0.2934925 0.0623036 0.6559149 0 0 255
0.2950300 0.0623040 0.6559191 0 0 255
0.2964196 0.0622733 0.6555961 0 0 255
0.2981051 0.0623048 0.6559275 0 0 255
0.2996427 0.0623052 0.6559318 0 0 255
0.3013306 0.0623367 0.6562635 0 0 255
0.3027179 0.0623060 0.6559402 0 0 255
0.3045595 0.0623686 0.6565998 0 0 255
0.3062517 0.0624002 0.6569322 0 0 255
0.3077917 0.0624006 0.6569365 0 0 255
0.3094864 0.0624322 0.6572692 0 0 255
0.3111828 0.0624638 0.6576023 0 0 255
0.3127244 0.0624642 0.6576065 0 0 255
0.3145809 0.0625272 0.6582695 0 0 255
0.3164410 0.0625903 0.6589338 0 0 255
0.3183049 0.0626535 0.6595994 0 0 255
0.3206559 0.0628116 0.6612630 0 0 255
0.3226932 0.0629069 0.6622669 0 0 255
0.3244092 0.0629390 0.6626050 0 0 255
0.3259626 0.0629395 0.6626093 0 0 255
0.3273510 0.0629081 0.6622796 0 0 255
0.3290694 0.0629403 0.6626177 0 0 255
0.3312910 0.0630678 0.6639609 0 0 255
-0.0391986 0.0682475 0.7011856 0 0 255
-0.0375572 0.0682479 0.7011901 0 0 255
-0.0357629 0.0679578 0.6982098 0 0 255
-0.0341285 0.0679583 0.6982143 0 0 255
-0.0324422 0.0678504 0.6971061 0 0 255
-0.0307450 0.0677070 0.6956324 0 0 255
-0.0290243 0.0674928 0.6934313 0 0 255
-0.0272572 0.0671388 0.6897952 0 0 255
-0.0255752 0.0669633 0.6879915 0 0 255
-0.0239019 0.0667886 0.6861972 0 0 255
-0.0222027 0.0665108 0.6833431 0 0 255
-0.0205495 0.0663386 0.6815730 0 0 255
-0.0188950 0.0661329 0.6794601 0 0 255
-0.0172508 0.0659285 0.6773604 0 0 255
-0.0156490 0.0658616 0.6766728 0 0 255
-0.0140430 0.0657597 0.6756254 0 0 255
-0.0124359 0.0656256 0.6742480 0 0 255
-0.0108463 0.0655591 0.6735646 0 0 255
-0.0092552 0.0654587 0.6725335 0 0 255
-0.0076767 0.0654256 0.6721934 0 0 255
-0.0060967 0.0653585 0.6715033 0 0 255
-0.0045224 0.0653261 0.6711708 0 0 255
-0.0029480 0.0652598 0.6704894 0 0 255
-0.0013790 0.0652936 0.6708364 0 0 255
0.0001913 0.0651940 0.6698137 0 0 255
0.0017586 0.0651612 0.6694763 0 0 255
0.0033260 0.0651616 0.6694806 0 0 255
0.0048884 0.0650956 0.6688027 0 0 255
0.0064542 0.0650960 0.6688070 0 0 255
0.0080119 0.0650302 0.6681304 0 0 255
0.0095714 0.0649975 0.6677948 0 0 255
0.0111349 0.0649979 0.6677991 0 0 255
0.0126855 0.0649323 0.6671245 0 0 255
0.0142547 0.0649657 0.6674681 0 0 255
0.0158094 0.0649331 0.6671331 0 0 255
0.0173715 0.0649335 0.6671374 0 0 255
0.0189239 0.0649010 0.6668028 0 0 255
0.0204643 0.0648355 0.6661303 0 0 255
0.0220352 0.0648688 0.6664728 0 0 255
0.0235837 0.0648363 0.6661388 0 0 255
0.0251562 0.0648697 0.6664814 0 0 255
0.0267032 0.0648372 0.6661474 0 0 255
0.0282773 0.0648705 0.6664899 0 0 255
0.0298379 0.0648709 0.6664942 0 0 255
0.0313825 0.0648384 0.6661603 0 0 255
0.0329424 0.0648388 0.6661645 0 0 255
0.0345022 0.0648393 0.6661688 0 0 255
0.0360804 0.0648726 0.6665114 0 0 255
0.0376411 0.0648730 0.6665156 0 0 255
0.0392616 0.0649724 0.6675367 0 0 255
0.0408247 0.0649728 0.6675410 0 0 255
0.0423447 0.0649072 0.6668671 0 0 255
0.0438840 0.0648747 0.6665328 0 0 255
0.0454448 0.0648751 0.6665371 0 0 255
0.0469341 0.0647768 0.6655276 0 0 255
0.0483214 0.0645486 0.6631828 0 0 255
0.0498240 0.0644839 0.6625177 0 0 255
0.0513495 0.0644518 0.6621878 0 0 255
0.0528468 0.0643872 0.6615247 0 0 255
0.0543139 0.0642905 0.6605304 0 0 255
0.0558045 0.0642262 0.6598707 0 0 255
0.0520655 0.0583088 0.5990734 0 0 255
0.0533710 0.0582029 0.5979860 0 0 255
0.0541792 0.0575740 0.5915249 0 0 255
0.0554645 0.0574709 0.5904648 0 0 255
0.0648530 0.0572165 0.5878519 0 0 255
0.0663485 0.0573195 0.5889101 0 0 255
0.0676065 0.0572173 0.5878595 0 0 255
0.0689832 0.0572176 0.5878632 0 0 255
0.0701715 0.0570647 0.5862923 0 0 255
0.0710372 0.0566604 0.5821380 0 0 255
0.0722724 0.0565605 0.5811114 0 0 255
0.0737639 0.0566611 0.5821455 0 0 255
0.0760032 0.0573221 0.5889366 0 0 255
0.0943471 0.0641721 0.6593139 0 0 255
0.0968640 0.0648235 0.6660066 0 0 255
0.0980757 0.0645945 0.6636545 0 0 255
0.0995798 0.0645623 0.6633235 0 0 255
0.1010823 0.0645301 0.6629928 0 0 255
0.1026870 0.0645631 0.6633320 0 0 255
0.1043989 0.0646616 0.6643431 0 0 255
0.1060623 0.0647275 0.6650203 0 0 255
0.1076744 0.0647607 0.6653615 0 0 255
0.1093992 0.0648597 0.6663788 0 0 255
0.1109600 0.0648601 0.6663830 0 0 255
0.1125780 0.0648935 0.6667257 0 0 255
0.1141977 0.0649268 0.6670687 0 0 255
0.1157014 0.0648943 0.6667342 0 0 255
0.1173823 0.0649607 0.6674163 0 0 255
0.1188248 0.0648951 0.6667428 0 0 255
0.1202645 0.0648297 0.6660708 0 0 255
0.1218247 0.0648301 0.6660751 0 0 255
0.1232598 0.0647648 0.6654043 0 0 255
0.1245660 0.0646343 0.6640627 0 0 255
0.1261853 0.0646674 0.6644029 0 0 255
0.1276771 0.0646351 0.6640712 0 0 255
0.1292326 0.0646355 0.6640754 0 0 255
0.1307882 0.0646359 0.6640797 0 0 255
0.1319434 0.0644408 0.6620752 0 0 255
0.1334944 0.0644412 0.6620795 0 0 255
0.1349772 0.0644092 0.6617501 0 0 255
0.1365274 0.0644096 0.6617543 0 0 255
0.1377998 0.0642804 0.6604275 0 0 255
0.1393470 0.0642809 0.6604317 0 0 255
0.1408232 0.0642490 0.6601040 0 0 255
0.1422266 0.0641848 0.6594453 0 0 255
0.1437714 0.0641853 0.6594496 0 0 255
0.1452433 0.0641535 0.6591229 0 0 255
0.1467138 0.0641217 0.6587965 0 0 255
0.1481828 0.0640900 0.6584705 0 0 255
0.1497254 0.0640904 0.6584747 0 0 255
0.1511174 0.0640270 0.6578236 0 0 255
0.1525057 0.0639633 0.6571695 0 0 255
0.1540453 0.0639637 0.6571737 0 0 255
0.1554293 0.0639002 0.6565210 0 0 255
0.1570459 0.0639326 0.6568535 0 0 255
0.1585055 0.0639010 0.6565294 0 0 255
0.1601236 0.0639334 0.6568620 0 0 255
0.1615817 0.0639018 0.6565378 0 0 255
0.1630383 0.0638703 0.6562140 0 0 255
0.1646580 0.0639027 0.6565463 0 0 255
0.1662793 0.0639350 0.6568788 0 0 255
0.1677343 0.0639035 0.6565547 0 0 255
0.1692725 0.0639039 0.6565589 0 0 255
0.1706402 0.0638405 0.6559074 0 0 255
0.1721769 0.0638409 0.6559116 0 0 255
0.1738004 0.0638732 0.6562436 0 0 255
0.1753380 0.0638736 0.6562477 0 0 255
0.1768755 0.0638740 0.6562520 0 0 255
0.1784131 0.0638744 0.6562562 0 0 255
0.1798608 0.0638430 0.6559327 0 0 255
0.1814882 0.0638753 0.6562646 0 0 255
0.1830259 0.0638757 0.6562688 0 0 255
0.1845635 0.0638761 0.6562731 0 0 255
0.1862873 0.0639404 0.6569337 0 0 255
0.1878265 0.0639408 0.6569379 0 0 255
0.1894605 0.0639732 0.6572708 0 0 255
0.1910006 0.0639736 0.6572750 0 0 255
0.1925406 0.0639740 0.6572793 0 0 255
0.1942751 0.0640385 0.6579419 0 0 255
0.1959148 0.0640710 0.6582758 0 0 255
0.1975563 0.0641036 0.6586101 0 0 255
0.1990995 0.0641040 0.6586143 0 0 255
0.2009450 0.0642009 0.6596107 0 0 255
0.2024906 0.0642013 0.6596149 0 0 255
0.2043440 0.0642986 0.6606143 0 0 255
0.2057885 0.0642667 0.6602865 0 0 255
0.2075443 0.0643318 0.6609552 0 0 255
0.2091983 0.0643646 0.6612921 0 0 255
0.2108540 0.0643974 0.6616294 0 0 255
0.2127258 0.0644953 0.6626348 0 0 255
0.2143867 0.0645282 0.6629735 0 0 255
0.2160492 0.0645612 0.6633125 0 0 255
0.2176036 0.0645617 0.6633168 0 0 255
0.2194904 0.0646600 0.6643273 0 0 255
0.2210472 0.0646604 0.6643316 0 0 255
0.2228293 0.0647263 0.6650084 0 0 255
0.2243876 0.0647267 0.6650127 0 0 255
0.2259460 0.0647271 0.6650169 0 0 255
0.2277350 0.0647931 0.6656951 0 0 255
0.2292950 0.0647936 0.6656994 0 0 255
0.2309720 0.0648268 0.6660411 0 0 255
0.2325328 0.0648272 0.6660454 0 0 255
0.2343313 0.0648935 0.6667258 0 0 255
0.2358937 0.0648939 0.6667300 0 0 255
0.2375768 0.0649272 0.6670728 0 0 255
0.2391401 0.0649277 0.6670771 0 0 255
0.2409481 0.0649941 0.6677595 0 0 255
0.2425130 0.0649945 0.6677637 0 0 255
0.2443263 0.0650610 0.6684476 0 0 255
0.2460180 0.0650946 0.6687921 0 0 255
0.2478377 0.0651613 0.6694779 0 0 255
0.2496611 0.0652282 0.6701652 0 0 255
0.2533175 0.0653620 0.6715396 0 0 255
0.2552828 0.0654628 0.6725752 0 0 255
0.2568591 0.0654632 0.6725795 0 0 255
0.2581711 0.0653967 0.6718959 0 0 255
0.2598787 0.0654306 0.6722441 0 0 255
0.2614543 0.0654310 0.6722484 0 0 255
0.2628970 0.0653984 0.6719133 0 0 255
0.2643366 0.0653654 0.6715742 0 0 255
0.2657748 0.0653324 0.6712354 0 0 255
0.2672115 0.0652995 0.6708970 0 0 255
0.2685097 0.0652333 0.6702169 0 0 255
0.2696679 0.0651340 0.6691972 0 0 255
0.2712364 0.0651344 0.6692015 0 0 255
0.2723887 0.0650355 0.6681849 0 0 255
0.2735375 0.0649368 0.6671714 0 0 255
0.2745437 0.0648056 0.6658235 0 0 255
0.2759644 0.0647732 0.6654905 0 0 255
0.2768233 0.0646100 0.6638139 0 0 255
0.2780983 0.0645452 0.6631482 0 0 255
0.2790892 0.0644156 0.6618165 0 0 255
0.2803581 0.0643512 0.6611548 0 0 255
0.2819078 0.0643516 0.6611590 0 0 255
0.2826044 0.0641584 0.6591734 0 0 255
0.2834404 0.0639987 0.6575327 0 0 255
0.2851243 0.0640311 0.6578661 0 0 255
0.2862365 0.0639355 0.6568838 0 0 255
0.2876325 0.0639040 0.6565598 0 0 255
0.2891715 0.0639044 0.6565641 0 0 255
0.2905653 0.0638729 0.6562404 0 0 255
0.2919578 0.0638414 0.6559171 0 0 255
0.2934953 0.0638418 0.6559213 0 0 255
0.2950328 0.0638423 0.6559255 0 0 255
0.2964224 0.0638108 0.6556025 0 0 255
0.2981080 0.0638431 0.6559340 0 0 255
0.2997952 0.0638754 0.6562657 0 0 255
0.3014841 0.0639077 0.6565977 0 0 255
0.3030233 0.0639081 0.6566020 0 0 255
0.3045625 0.0639085 0.6566063 0 0 255
0.3065612 0.0640049 0.6575961 0 0 255
0.3081028 0.0640053 0.6576003 0 0 255
0.3097993 0.0640377 0.6579337 0 0 255
0.3111859 0.0640061 0.6576087 0 0 255
0.3127275 0.0640065 0.6576130 0 0 255
0.3144265 0.0640390 0.6579464 0 0 255
0.3161271 0.0640714 0.6582802 0 0 255
0.3178295 0.0641040 0.6586143 0 0 255
0.3198544 0.0642009 0.6596101 0 0 255
0.3223714 0.0643952 0.6616066 0 0 255
0.3242489 0.0644605 0.6622775 0 0 255
0.3259658 0.0644934 0.6626157 0 0 255
0.3275192 0.0644938 0.6626199 0 0 255
0.3290727 0.0644943 0.6626242 0 0 255
0.3312941 0.0646250 0.6639674 0 0 255
-0.0392619 0.0700042 0.7023183 0 0 255
-0.0375379 0.0698557 0.7008293 0 0 255
-0.0357636 0.0695960 0.6982235 0 0 255
-0.0340925 0.0695218 0.6974789 0 0 255
-0.0323912 0.0693754 0.6960104 0 0 255
-0.0307131 0.0692657 0.6949092 0 0 255
-0.0290249 0.0691197 0.6934448 0 0 255
-0.0272577 0.0687573 0.6898087 0 0 255
-0.0255888 0.0686128 0.6883591 0 0 255
-0.0238897 0.0683622 0.6858453 0 0 255
-0.0222260 0.0681845 0.6840621 0 0 255
-0.0205926 0.0680791 0.6830052 0 0 255
-0.0189346 0.0678676 0.6808835 0 0 255
-0.0172779 0.0676225 0.6784241 0 0 255
-0.0156734 0.0675531 0.6777278 0 0 255
-0.0140505 0.0673795 0.6759867 0 0 255
-0.0124297 0.0671728 0.6739128 0 0 255
-0.0108408 0.0671043 0.6732258 0 0 255
-0.0092552 0.0670360 0.6725401 0 0 255
-0.0076729 0.0669678 0.6718559 0 0 255
-0.0060969 0.0669340 0.6715165 0 0 255
-0.0045224 0.0669002 0.6711774 0 0 255
-0.0029481 0.0668323 0.6704959 0 0 255
-0.0013776 0.0667986 0.6701579 0 0 255
0.0001913 0.0667649 0.6698202 0 0 255
0.0017595 0.0667653 0.6698245 0 0 255
0.0033243 0.0666977 0.6691458 0 0 255
0.0048909 0.0666981 0.6691502 0 0 255
0.0064543 0.0666646 0.6688135 0 0 255
0.0080120 0.0665971 0.6681370 0 0 255
0.0095763 0.0665975 0.6681412 0 0 255
0.0111407 0.0665980 0.6681455 0 0 255
0.0126856 0.0664968 0.6671310 0 0 255
0.0142476 0.0664973 0.6671353 0 0 255
0.0158096 0.0664977 0.6671396 0 0 255
0.0173716 0.0664981 0.6671439 0 0 255
0.0189240 0.0664648 0.6668093 0 0 255
0.0204749 0.0664315 0.6664750 0 0 255
0.0220466 0.0664656 0.6668178 0 0 255
0.0236079 0.0664661 0.6668221 0 0 255
0.0251692 0.0664665 0.6668264 0 0 255
0.0267170 0.0664332 0.6664922 0 0 255
0.0282919 0.0664673 0.6668350 0 0 255
0.0298382 0.0664340 0.6665007 0 0 255
0.0313829 0.0664007 0.6661668 0 0 255
0.0329427 0.0664012 0.6661711 0 0 255
0.0345026 0.0664016 0.6661754 0 0 255
0.0361174 0.0665033 0.6671954 0 0 255
0.0376606 0.0664699 0.6668608 0 0 255
0.0392819 0.0665718 0.6678829 0 0 255
0.0408251 0.0665384 0.6675476 0 0 255
0.0423667 0.0665050 0.6672125 0 0 255
0.0438622 0.0664042 0.6662011 0 0 255
0.0453991 0.0663709 0.6658674 0 0 255
0.0469345 0.0663377 0.6655341 0 0 255
0.0483218 0.0661040 0.6631893 0 0 255
0.0498496 0.0660710 0.6628587 0 0 255
0.0513759 0.0660381 0.6625285 0 0 255
0.0528474 0.0659387 0.6615312 0 0 255
0.0542871 0.0658065 0.6602048 0 0 255
0.0504789 0.0594962 0.5968968 0 0 255
0.0512707 0.0588016 0.5899286 0 0 255
0.0526049 0.0587492 0.5894029 0 0 255
0.0539368 0.0586969 0.5888780 0 0 255
0.0687606 0.0572642 0.5745043 0 0 255
0.0699226 0.0571147 0.5730041 0 0 255
0.0716396 0.0574156 0.5760235 0 0 255
0.0724800 0.0570159 0.5720131 0 0 255
0.0731823 0.0565239 0.5670774 0 0 255
0.0842403 0.0606628 0.6086006 0 0 255
0.0985248 0.0664533 0.6666936 0 0 255
0.1001372 0.0664874 0.6670366 0 0 255
0.1016995 0.0664879 0.6670409 0 0 255
0.1032094 0.0664545 0.6667065 0 0 255
0.1048775 0.0665225 0.6673884 0 0 255
0.1063326 0.0664554 0.6667150 0 0 255
0.1080588 0.0665572 0.6677365 0 0 255
0.1096228 0.0665576 0.6677408 0 0 255
0.1111868 0.0665581 0.6677451 0 0 255
0.1127509 0.0665585 0.6677493 0 0 255
0.1142568 0.0665251 0.6674142 0 0 255
0.1158790 0.0665593 0.6677579 0 0 255
0.1173834 0.0665259 0.6674228 0 0 255
0.1190678 0.0665940 0.6681062 0 0 255
0.1205714 0.0665606 0.6677707 0 0 255
0.1220735 0.0665272 0.6674356 0 0 255
0.1235114 0.0664601 0.6667622 0 0 255
0.1248830 0.0663594 0.6657524 0 0 255
0.1261866 0.0662256 0.6644094 0 0 255
0.1278723 0.0662931 0.6650866 0 0 255
0.1294958 0.0663271 0.6654279 0 0 255
0.1309882 0.0662939 0.6650951 0 0 255
0.1323451 0.0661938 0.6640905 0 0 255
0.1337654 0.0661273 0.6634238 0 0 255
0.1350466 0.0659944 0.6620902 0 0 255
0.1365287 0.0659616 0.6617607 0 0 255
0.1378706 0.0658624 0.6607663 0 0 255
0.1393483 0.0658297 0.6604382 0 0 255
0.1410373 0.0658964 0.6611074 0 0 255
0.1425143 0.0658637 0.6607791 0 0 255
0.1439898 0.0658310 0.6604510 0 0 255
0.1453907 0.0657653 0.6597916 0 0 255
0.1469363 0.0657657 0.6597958 0 0 255
0.1482586 0.0656672 0.6588072 0 0 255
0.1496528 0.0656022 0.6581554 0 0 255
0.1511189 0.0655698 0.6578300 0 0 255
0.1526600 0.0655702 0.6578342 0 0 255
0.1541239 0.0655378 0.6575091 0 0 255
0.1555864 0.0655054 0.6571844 0 0 255
0.1570474 0.0654731 0.6568599 0 0 255
0.1586656 0.0655062 0.6571928 0 0 255
0.1602053 0.0655067 0.6571970 0 0 255
0.1615832 0.0654416 0.6565443 0 0 255
0.1631214 0.0654420 0.6565484 0 0 255
0.1647419 0.0654752 0.6568810 0 0 255
0.1662809 0.0654756 0.6568853 0 0 255
0.1678198 0.0654760 0.6568894 0 0 255
0.1693588 0.0654764 0.6568937 0 0 255
0.1708979 0.0654769 0.6568979 0 0 255
0.1723507 0.0654446 0.6565738 0 0 255
0.1738890 0.0654450 0.6565780 0 0 255
0.1754273 0.0654454 0.6565822 0 0 255
0.1769656 0.0654458 0.6565864 0 0 255
0.1785932 0.0654790 0.6569190 0 0 255
0.1799524 0.0654140 0.6562668 0 0 255
0.1816716 0.0654798 0.6569275 0 0 255
0.1832107 0.0654802 0.6569316 0 0 255
0.1848423 0.0655134 0.6572645 0 0 255
0.1863823 0.0655138 0.6572688 0 0 255
0.1880164 0.0655470 0.6576020 0 0 255
0.1896522 0.0655803 0.6579357 0 0 255
0.1910980 0.0655479 0.6576105 0 0 255
0.1927354 0.0655811 0.6579441 0 0 255
0.1944718 0.0656473 0.6586081 0 0 255
0.1961133 0.0656807 0.6589427 0 0 255
0.1976573 0.0656811 0.6589469 0 0 255
0.1992013 0.0656815 0.6589512 0 0 255
0.2008461 0.0657149 0.6592861 0 0 255
0.2024925 0.0657483 0.6596214 0 0 255
0.2041406 0.0657818 0.6599570 0 0 255
0.2056871 0.0657822 0.6599612 0 0 255
0.2074420 0.0658488 0.6606293 0 0 255
0.2092003 0.0659155 0.6612986 0 0 255
0.2108561 0.0659491 0.6616359 0 0 255
0.2125135 0.0659828 0.6619735 0 0 255
0.2143887 0.0660831 0.6629800 0 0 255
0.2160514 0.0661169 0.6633190 0 0 255
0.2176057 0.0661173 0.6633232 0 0 255
0.2193816 0.0661846 0.6639980 0 0 255
0.2209376 0.0661850 0.6640022 0 0 255
0.2226061 0.0662189 0.6643423 0 0 255
0.2243898 0.0662863 0.6650192 0 0 255
0.2259482 0.0662868 0.6650234 0 0 255
0.2275066 0.0662872 0.6650277 0 0 255
0.2292972 0.0663548 0.6657059 0 0 255
0.2309743 0.0663889 0.6660476 0 0 255
0.2326531 0.0664230 0.6663898 0 0 255
0.2340960 0.0663897 0.6660562 0 0 255
0.2358960 0.0664575 0.6667365 0 0 255
0.2374585 0.0664579 0.6667408 0 0 255
0.2393855 0.0665597 0.6677617 0 0 255
0.2409504 0.0665601 0.6677660 0 0 255
0.2426387 0.0665944 0.6681098 0 0 255
0.2442044 0.0665948 0.6681141 0 0 255
0.2462711 0.0667310 0.6694803 0 0 255
0.2479665 0.0667655 0.6698259 0 0 255
0.2516176 0.0669023 0.6711988 0 0 255
0.2534495 0.0669712 0.6718896 0 0 255
0.2556780 0.0671433 0.6736163 0 0 255
0.2572567 0.0671437 0.6736206 0 0 255
0.2588354 0.0671441 0.6736250 0 0 255
0.2600143 0.0670415 0.6725948 0 0 255
0.2617246 0.0670762 0.6729436 0 0 255
0.2634367 0.0671110 0.6732927 0 0 255
0.2644743 0.0669746 0.6719241 0 0 255
0.2659132 0.0669408 0.6715851 0 0 255
0.2674872 0.0669412 0.6715894 0 0 255
0.2690613 0.0669417 0.6715937 0 0 255
0.2702210 0.0668396 0.6705698 0 0 255
0.2712390 0.0667039 0.6692080 0 0 255
0.2728075 0.0667043 0.6692123 0 0 255
0.2740969 0.0666369 0.6685357 0 0 255
0.2749643 0.0664682 0.6668437 0 0 255
0.2759671 0.0663340 0.6654970 0 0 255
0.2771060 0.0662338 0.6644917 0 0 255
0.2782414 0.0661339 0.6634895 0 0 255
0.2793733 0.0660343 0.6624902 0 0 255
0.2800790 0.0658356 0.6604966 0 0 255
0.2817688 0.0658691 0.6608329 0 0 255
0.2821843 0.0656060 0.6581935 0 0 255
0.2835851 0.0655736 0.6578683 0 0 255
0.2849844 0.0655412 0.6575433 0 0 255
0.2866692 0.0655744 0.6578767 0 0 255
0.2877791 0.0654765 0.6568944 0 0 255
0.2891743 0.0654442 0.6565704 0 0 255
0.2904231 0.0653793 0.6559193 0 0 255
0.2918150 0.0653471 0.6555963 0 0 255
0.2936448 0.0654128 0.6562553 0 0 255
0.2948886 0.0653480 0.6556047 0 0 255
0.2965733 0.0653810 0.6559362 0 0 255
0.2981109 0.0653814 0.6559404 0 0 255
0.2996486 0.0653818 0.6559446 0 0 255
0.3011862 0.0653823 0.6559489 0 0 255
0.3030263 0.0654480 0.6566085 0 0 255
0.3047177 0.0654811 0.6569409 0 0 255
0.3062578 0.0654816 0.6569451 0 0 255
0.3077978 0.0654820 0.6569493 0 0 255
0.3094925 0.0655152 0.6572821 0 0 255
0.3111889 0.0655484 0.6576152 0 0 255
0.3125742 0.0655160 0.6572905 0 0 255
0.3144295 0.0655820 0.6579528 0 0 255
0.3164472 0.0656811 0.6589467 0 0 255
0.3178326 0.0656486 0.6586207 0 0 255
0.3195368 0.0656819 0.6589552 0 0 255
0.3217268 0.0658143 0.6602835 0 0 255
0.3242521 0.0660137 0.6622840 0 0 255
0.3261334 0.0660807 0.6629564 0 0 255
0.3275224 0.0660479 0.6626264 0 0 255
0.3292418 0.0660816 0.6629649 0 0 255
0.3314648 0.0662156 0.6643094 0 0 255
-0.0374982 0.0714231 0.7000884 0 0 255
-0.0357640 0.0712335 0.6982303 0 0 255
-0.0340570 0.0710827 0.6967519 0 0 255
-0.0323744 0.0709701 0.6956483 0 0 255
-0.0306971 0.0708579 0.6945483 0 0 255
-0.0290251 0.0707460 0.6934517 0 0 255
-0.0272580 0.0703751 0.6898155 0 0 255
-0.0256027 0.0702647 0.6887338 0 0 255
-0.0239151 0.0700446 0.6865764 0 0 255
-0.0222381 0.0698259 0.6844323 0 0 255
-0.0206143 0.0697536 0.6837236 0 0 255
-0.0189446 0.0695006 0.6812436 0 0 255
-0.0173138 0.0693570 0.6798364 0 0 255
-0.0156898 0.0692140 0.6784351 0 0 255
-0.0140579 0.0690005 0.6763417 0 0 255
-0.0124361 0.0687882 0.6742612 0 0 255
-0.0108409 0.0686833 0.6732323 0 0 255
-0.0092506 0.0685782 0.6722022 0 0 255
-0.0076730 0.0685435 0.6718624 0 0 255
-0.0060969 0.0685089 0.6715230 0 0 255
-0.0045225 0.0684743 0.6711839 0 0 255
-0.0029496 0.0684397 0.6708452 0 0 255
-0.0013776 0.0683703 0.6701644 0 0 255
0.0001914 0.0683707 0.6701688 0 0 255
0.0017595 0.0683363 0.6698311 0 0 255
0.0033243 0.0682670 0.6691524 0 0 255
0.0048885 0.0682327 0.6688157 0 0 255
0.0064478 0.0681636 0.6681392 0 0 255
0.0080121 0.0681641 0.6681435 0 0 255
0.0095764 0.0681645 0.6681477 0 0 255
0.0111351 0.0681303 0.6678121 0 0 255
0.0126922 0.0680961 0.6674768 0 0 255
0.0142622 0.0681312 0.6678207 0 0 255
0.0158178 0.0680970 0.6674854 0 0 255
0.0173718 0.0680628 0.6671504 0 0 255
0.0189338 0.0680632 0.6671547 0 0 255
0.0204959 0.0680636 0.6671590 0 0 255
0.0220468 0.0680295 0.6668245 0 0 255
0.0236201 0.0680645 0.6671676 0 0 255
0.0251695 0.0680304 0.6668330 0 0 255
0.0267308 0.0680308 0.6668373 0 0 255
0.0282922 0.0680313 0.6668416 0 0 255
0.0298536 0.0680317 0.6668459 0 0 255
0.0313991 0.0679976 0.6665116 0 0 255
0.0329598 0.0679980 0.6665159 0 0 255
0.0345380 0.0680330 0.6668587 0 0 255
0.0361178 0.0680680 0.6672019 0 0 255
0.0376992 0.0681031 0.6675456 0 0 255
0.0392624 0.0681035 0.6675498 0 0 255
0.0408047 0.0680693 0.6672148 0 0 255
0.0423671 0.0680698 0.6672191 0 0 255
0.0439072 0.0680356 0.6668845 0 0 255
0.0454226 0.0679670 0.6662119 0 0 255
0.0469350 0.0678985 0.6655406 0 0 255
0.0482979 0.0676252 0.6628609 0 0 255
0.0498250 0.0675915 0.6625307 0 0 255
0.0513505 0.0675578 0.6622007 0 0 255
0.0528745 0.0675242 0.6618711 0 0 255
0.0486394 0.0603471 0.5915213 0 0 255
0.0497556 0.0600230 0.5883448 0 0 255
0.0512712 0.0601852 0.5899344 0 0 255
0.0523707 0.0598632 0.5867787 0 0 255
0.0537929 0.0599172 0.5873073 0 0 255
0.0716403 0.0587666 0.5760291 0 0 255
0.0724177 0.0583066 0.5715209 0 0 255
0.0731830 0.0578539 0.5670829 0 0 255
0.0745755 0.0579042 0.5675766 0 0 255
0.0762343 0.0581559 0.5700436 0 0 255
0.1001891 0.0680864 0.6673821 0 0 255
0.1018039 0.0681215 0.6677258 0 0 255
0.1033679 0.0681219 0.6677301 0 0 255
0.1049318 0.0681223 0.6677344 0 0 255
0.1065500 0.0681574 0.6680784 0 0 255
0.1081148 0.0681579 0.6680827 0 0 255
0.1096796 0.0681583 0.6680869 0 0 255
0.1112445 0.0681588 0.6680913 0 0 255
0.1127520 0.0681245 0.6677558 0 0 255
0.1142579 0.0680903 0.6674207 0 0 255
0.1159981 0.0681948 0.6684442 0 0 255
0.1175638 0.0681952 0.6684485 0 0 255
0.1191296 0.0681956 0.6684528 0 0 255
0.1206953 0.0681961 0.6684571 0 0 255
0.1224481 0.0683008 0.6694837 0 0 255
0.1238269 0.0681970 0.6684657 0 0 255
0.1250744 0.0680243 0.6667730 0 0 255
0.1263796 0.0678868 0.6654258 0 0 255
0.1279383 0.0678873 0.6654301 0 0 255
0.1294971 0.0678877 0.6654344 0 0 255
0.1309894 0.0678538 0.6651017 0 0 255
0.1324804 0.0678199 0.6647693 0 0 255
0.1340376 0.0678203 0.6647736 0 0 255
0.1351842 0.0676154 0.6627650 0 0 255
0.1364613 0.0674796 0.6614341 0 0 255
0.1380108 0.0674800 0.6614383 0 0 255
0.1395602 0.0674805 0.6614426 0 0 255
0.1410387 0.0674469 0.6611139 0 0 255
0.1428030 0.0675494 0.6621180 0 0 255
0.1440636 0.0674139 0.6607897 0 0 255
0.1455384 0.0673804 0.6604617 0 0 255
0.1470856 0.0673808 0.6604659 0 0 255
0.1484835 0.0673136 0.6598065 0 0 255
0.1499538 0.0672802 0.6594794 0 0 255
0.1513468 0.0672131 0.6588221 0 0 255
0.1527380 0.0671466 0.6581703 0 0 255
0.1542026 0.0671134 0.6578448 0 0 255
0.1557437 0.0671139 0.6578491 0 0 255
0.1572062 0.0670807 0.6575239 0 0 255
0.1588261 0.0671147 0.6578575 0 0 255
0.1602068 0.0670480 0.6572034 0 0 255
0.1616656 0.0670149 0.6568790 0 0 255
0.1632862 0.0670488 0.6572118 0 0 255
0.1649085 0.0670828 0.6575451 0 0 255
0.1663657 0.0670497 0.6572203 0 0 255
0.1679054 0.0670501 0.6572245 0 0 255
0.1693605 0.0670170 0.6569001 0 0 255
0.1709850 0.0670510 0.6572329 0 0 255
0.1723524 0.0669844 0.6565802 0 0 255
0.1740647 0.0670519 0.6572414 0 0 255
0.1755168 0.0670188 0.6569170 0 0 255
0.1771445 0.0670527 0.6572499 0 0 255
0.1785950 0.0670196 0.6569255 0 0 255
0.1802243 0.0670536 0.6572584 0 0 255
0.1816733 0.0670205 0.6569339 0 0 255
0.1833960 0.0670880 0.6575958 0 0 255
0.1850293 0.0671220 0.6579294 0 0 255
0.1864775 0.0670889 0.6576043 0 0 255
0.1881124 0.0671229 0.6579379 0 0 255
0.1897491 0.0671570 0.6582718 0 0 255
0.1914834 0.0672248 0.6589364 0 0 255
0.1929305 0.0671915 0.6586103 0 0 255
0.1944737 0.0671920 0.6586146 0 0 255
0.1962137 0.0672598 0.6592798 0 0 255
0.1976592 0.0672265 0.6589534 0 0 255
0.1993032 0.0672607 0.6592883 0 0 255
0.2009489 0.0672949 0.6596236 0 0 255
0.2024945 0.0672953 0.6596278 0 0 255
0.2042453 0.0673634 0.6602952 0 0 255
0.2056891 0.0673300 0.6599677 0 0 255
0.2073397 0.0673643 0.6603037 0 0 255
0.2092024 0.0674664 0.6613050 0 0 255
0.2108581 0.0675008 0.6616423 0 0 255
0.2124085 0.0675013 0.6616466 0 0 255
0.2142827 0.0676038 0.6626520 0 0 255
0.2159444 0.0676384 0.6629907 0 0 255
0.2176078 0.0676730 0.6633297 0 0 255
0.2193837 0.0677418 0.6640044 0 0 255
0.2209397 0.0677423 0.6640087 0 0 255
0.2226083 0.0677770 0.6643488 0 0 255
0.2242785 0.0678117 0.6646892 0 0 255
0.2260648 0.0678808 0.6653666 0 0 255
0.2275089 0.0678469 0.6650342 0 0 255
0.2292994 0.0679161 0.6657124 0 0 255
0.2309765 0.0679509 0.6660541 0 0 255
0.2326554 0.0679858 0.6663964 0 0 255
0.2342171 0.0679863 0.6664007 0 0 255
0.2357787 0.0679867 0.6664049 0 0 255
0.2377021 0.0680908 0.6674248 0 0 255
0.2395096 0.0681605 0.6681079 0 0 255
0.2410753 0.0681609 0.6681122 0 0 255
0.2428881 0.0682307 0.6687966 0 0 255
0.2444554 0.0682312 0.6688009 0 0 255
0.2463991 0.0683360 0.6698281 0 0 255
0.2499193 0.0684411 0.6708584 0 0 255
0.2517486 0.0685115 0.6715485 0 0 255
0.2538414 0.0686523 0.6729285 0 0 255
0.2555494 0.0686879 0.6732777 0 0 255
0.2573912 0.0687588 0.6739728 0 0 255
0.2588380 0.0687240 0.6736315 0 0 255
0.2604167 0.0687244 0.6736359 0 0 255
0.2619956 0.0687249 0.6736402 0 0 255
0.2635744 0.0687253 0.6736445 0 0 255
0.2650173 0.0686905 0.6733036 0 0 255
0.2663241 0.0686211 0.6726229 0 0 255
0.2676266 0.0685513 0.6719393 0 0 255
0.2690639 0.0685167 0.6716002 0 0 255
0.2704997 0.0684822 0.6712614 0 0 255
0.2717953 0.0684127 0.6705806 0 0 255
0.2730883 0.0683434 0.6699012 0 0 255
0.2742390 0.0682395 0.6688825 0 0 255
0.2752464 0.0681013 0.6675277 0 0 255
0.2762496 0.0679636 0.6661783 0 0 255
0.2775297 0.0678952 0.6655077 0 0 255
0.2783847 0.0677241 0.6638311 0 0 255
0.2796580 0.0676562 0.6631653 0 0 255
0.2803636 0.0674524 0.6611677 0 0 255
0.2817715 0.0674189 0.6608394 0 0 255
0.2828937 0.0673178 0.6598482 0 0 255
0.2838721 0.0671837 0.6585341 0 0 255
0.2848448 0.0670498 0.6572210 0 0 255
0.2863853 0.0670502 0.6572252 0 0 255
0.2877819 0.0670171 0.6569009 0 0 255
0.2890327 0.0669506 0.6562490 0 0 255
0.2905710 0.0669511 0.6562533 0 0 255
0.2921093 0.0669515 0.6562575 0 0 255
0.2933547 0.0668851 0.6556069 0 0 255
0.2948914 0.0668855 0.6556112 0 0 255
0.2964283 0.0668860 0.6556153 0 0 255
0.2979651 0.0668864 0.6556196 0 0 255
0.2995020 0.0668868 0.6556237 0 0 255
0.3013395 0.0669541 0.6562828 0 0 255
0.3028779 0.0669545 0.6562870 0 0 255
0.3045685 0.0669884 0.6566191 0 0 255
0.3062607 0.0670223 0.6569515 0 0 255
0.3079547 0.0670562 0.6572843 0 0 255
0.3096504 0.0670902 0.6576173 0 0 255
0.3110363 0.0670571 0.6572927 0 0 255
0.3127336 0.0670911 0.6576258 0 0 255
0.3141181 0.0670580 0.6573012 0 0 255
0.3159750 0.0671255 0.6579635 0 0 255
0.3179951 0.0672269 0.6589573 0 0 255
0.3193797 0.0671937 0.6586313 0 0 255
0.3217299 0.0673629 0.6602899 0 0 255
0.3240919 0.0675329 0.6619569 0 0 255
0.3259721 0.0676015 0.6626287 0 0 255
0.3273605 0.0675678 0.6622990 0 0 255
0.3316336 0.0678074 0.6646476 0 0 255
0.3338671 0.0679453 0.6659989 0 0 255
0.3374805 0.0683614 0.6700776 0 0 255
-0.0375186 0.0731040 0.7004690 0 0 255
-0.0356694 0.0726778 0.6963845 0 0 255
-0.0341480 0.0729104 0.6986134 0 0 255
-0.0323747 0.0726017 0.6956552 0 0 255
-0.0306974 0.0724868 0.6945551 0 0 255
-0.0290254 0.0723724 0.6934585 0 0 255
-0.0273443 0.0722202 0.6920002 0 0 255
-0.0256030 0.0718800 0.6887406 0 0 255
-0.0239154 0.0716548 0.6865830 0 0 255
-0.0222383 0.0714311 0.6844391 0 0 255
-0.0206145 0.0713571 0.6837302 0 0 255
-0.0189645 0.0711722 0.6819583 0 0 255
-0.0173320 0.0710250 0.6805481 0 0 255
-0.0156818 0.0707686 0.6780912 0 0 255
-0.0140653 0.0706231 0.6766970 0 0 255
-0.0124235 0.0702978 0.6735801 0 0 255
-0.0108411 0.0702622 0.6732389 0 0 255
-0.0092507 0.0701547 0.6722088 0 0 255
-0.0076691 0.0700833 0.6715253 0 0 255
-0.0060939 0.0700480 0.6711861 0 0 255
-0.0045202 0.0700126 0.6708474 0 0 255
-0.0029481 0.0699773 0.6705090 0 0 255
-0.0013769 0.0699063 0.6698290 0 0 255
0.0001911 0.0698355 0.6691503 0 0 255
0.0017586 0.0698716 0.6694959 0 0 255
0.0033244 0.0698364 0.6691589 0 0 255
0.0048861 0.0697657 0.6684816 0 0 255
0.0064544 0.0698017 0.6688266 0 0 255
0.0080163 0.0697666 0.6684902 0 0 255
0.0095765 0.0697315 0.6681544 0 0 255
0.0111409 0.0697320 0.6681587 0 0 255
0.0126988 0.0696970 0.6678230 0 0 255
0.0142551 0.0696620 0.6674877 0 0 255
0.0158260 0.0696979 0.6678316 0 0 255
0.0173631 0.0695921 0.6668181 0 0 255
0.0189340 0.0696279 0.6671613 0 0 255
0.0205065 0.0696638 0.6675048 0 0 255
0.0220582 0.0696288 0.6671699 0 0 255
0.0236204 0.0696292 0.6671742 0 0 255
0.0251825 0.0696297 0.6671785 0 0 255
0.0267447 0.0696301 0.6671827 0 0 255
0.0283069 0.0696306 0.6671870 0 0 255
0.0298843 0.0696664 0.6675306 0 0 255
0.0314473 0.0696669 0.6675349 0 0 255
0.0329936 0.0696319 0.6671999 0 0 255
0.0345558 0.0696324 0.6672041 0 0 255
0.0361181 0.0696328 0.6672084 0 0 255
0.0376996 0.0696687 0.6675521 0 0 255
0.0392627 0.0696691 0.6675563 0 0 255
0.0408259 0.0696696 0.6675606 0 0 255
0.0423675 0.0696346 0.6672256 0 0 255
0.0439076 0.0695997 0.6668910 0 0 255
0.0454461 0.0695648 0.6665567 0 0 255
0.0469117 0.0694242 0.6652099 0 0 255
0.0482497 0.0691100 0.6621986 0 0 255
0.0498003 0.0691104 0.6622029 0 0 255
0.0513510 0.0691109 0.6622071 0 0 255
0.0473400 0.0618454 0.5925909 0 0 255
0.0483784 0.0614025 0.5883467 0 0 255
0.0497561 0.0614029 0.5883505 0 0 255
0.0511339 0.0614033 0.5883543 0 0 255
0.0522312 0.0610757 0.5852156 0 0 255
0.0536017 0.0610761 0.5852193 0 0 255
0.0731837 0.0591839 0.5670885 0 0 255
0.0745763 0.0592354 0.5675822 0 0 255
0.0761029 0.0593898 0.5690613 0 0 255
0.0776375 0.0595449 0.5705481 0 0 255
0.0977077 0.0679260 0.6508535 0 0 255
0.1034741 0.0697589 0.6684164 0 0 255
0.1050397 0.0697593 0.6684207 0 0 255
0.1064969 0.0696888 0.6677452 0 0 255
0.1080609 0.0696893 0.6677495 0 0 255
0.1096807 0.0697252 0.6680935 0 0 255
0.1112456 0.0697256 0.6680978 0 0 255
0.1128104 0.0697261 0.6681021 0 0 255
0.1144335 0.0697620 0.6684465 0 0 255
0.1161175 0.0698336 0.6691321 0 0 255
0.1178650 0.0699409 0.6701608 0 0 255
0.1224409 0.0707721 0.6781247 0 0 255
0.1302584 0.0733875 0.7031852 0 0 255
0.1329736 0.0739823 0.7088839 0 0 255
0.1268952 0.0697301 0.6681408 0 0 255
0.1282645 0.0696243 0.6671268 0 0 255
0.1295640 0.0694836 0.6657783 0 0 255
0.1311235 0.0694840 0.6657826 0 0 255
0.1324146 0.0693438 0.6644395 0 0 255
0.1340389 0.0693794 0.6647801 0 0 255
0.1353905 0.0692746 0.6637763 0 0 255
0.1367381 0.0691702 0.6627757 0 0 255
0.1381513 0.0691009 0.6621117 0 0 255
0.1395616 0.0690317 0.6614490 0 0 255
0.1411111 0.0690322 0.6614532 0 0 255
0.1427325 0.0690674 0.6617908 0 0 255
0.1442101 0.0690331 0.6614618 0 0 255
0.1455398 0.0689294 0.6604681 0 0 255
0.1470131 0.0688952 0.6601404 0 0 255
0.1485596 0.0688956 0.6601446 0 0 255
0.1500306 0.0688614 0.6598172 0 0 255
0.1515003 0.0688273 0.6594901 0 0 255
0.1528917 0.0687587 0.6588327 0 0 255
0.1543587 0.0687251 0.6585109 0 0 255
0.1558233 0.0686911 0.6581851 0 0 255
0.1573653 0.0686916 0.6581894 0 0 255
0.1589072 0.0686920 0.6581936 0 0 255
0.1603689 0.0686580 0.6578681 0 0 255
0.1619913 0.0686929 0.6582021 0 0 255
0.1634514 0.0686589 0.6578766 0 0 255
0.1648276 0.0685906 0.6572225 0 0 255
0.1665340 0.0686598 0.6578851 0 0 255
0.1679071 0.0685915 0.6572310 0 0 255
0.1694469 0.0685920 0.6572352 0 0 255
0.1710723 0.0686268 0.6575685 0 0 255
0.1725266 0.0685929 0.6572437 0 0 255
0.1741536 0.0686276 0.6575769 0 0 255
0.1756063 0.0685937 0.6572521 0 0 255
0.1772349 0.0686285 0.6575854 0 0 255
0.1787755 0.0686290 0.6575896 0 0 255
0.1804066 0.0686638 0.6579232 0 0 255
0.1818570 0.0686298 0.6575980 0 0 255
0.1835815 0.0686991 0.6582613 0 0 255
0.1852167 0.0687340 0.6585956 0 0 255
0.1868535 0.0687689 0.6589302 0 0 255
0.1883974 0.0687693 0.6589344 0 0 255
0.1898461 0.0687353 0.6586083 0 0 255
0.1914852 0.0687702 0.6589429 0 0 255
0.1930292 0.0687706 0.6589471 0 0 255
0.1946708 0.0688056 0.6592820 0 0 255
0.1961172 0.0687715 0.6589556 0 0 255
0.1976612 0.0687720 0.6589598 0 0 255
0.1994053 0.0688415 0.6596258 0 0 255
0.2008500 0.0688074 0.6592990 0 0 255
0.2024965 0.0688423 0.6596342 0 0 255
0.2041446 0.0688774 0.6599699 0 0 255
0.2057945 0.0689124 0.6603059 0 0 255
0.2074460 0.0689475 0.6606421 0 0 255
0.2092044 0.0690174 0.6613115 0 0 255
0.2106480 0.0689831 0.6609830 0 0 255
0.2124106 0.0690530 0.6616530 0 0 255
0.2141768 0.0691231 0.6623244 0 0 255
0.2159465 0.0691933 0.6629972 0 0 255
0.2176099 0.0692287 0.6633362 0 0 255
0.2193859 0.0692991 0.6640109 0 0 255
0.2211655 0.0693697 0.6646872 0 0 255
0.2224979 0.0693000 0.6640195 0 0 255
0.2241673 0.0693355 0.6643596 0 0 255
0.2258383 0.0693710 0.6647000 0 0 255
0.2275111 0.0694066 0.6650407 0 0 255
0.2291856 0.0694422 0.6653818 0 0 255
0.2308618 0.0694778 0.6657232 0 0 255
0.2325397 0.0695135 0.6660650 0 0 255
0.2342193 0.0695492 0.6664072 0 0 255
0.2361403 0.0696556 0.6674270 0 0 255
0.2378253 0.0696915 0.6677705 0 0 255
0.2393902 0.0696919 0.6677748 0 0 255
0.2410777 0.0697278 0.6681187 0 0 255
0.2430141 0.0698348 0.6691437 0 0 255
0.2465256 0.0699421 0.6701719 0 0 255
0.2484764 0.0700497 0.6712033 0 0 255
0.2504332 0.0701577 0.6722379 0 0 255
0.2522668 0.0702300 0.6729308 0 0 255
0.2542346 0.0703386 0.6739707 0 0 255
0.2559454 0.0703751 0.6743209 0 0 255
0.2576580 0.0704117 0.6746714 0 0 255
0.2593724 0.0704483 0.6750224 0 0 255
0.2610886 0.0704850 0.6753737 0 0 255
0.2624017 0.0704131 0.6746844 0 0 255
0.2639829 0.0704135 0.6746888 0 0 255
0.2654279 0.0703778 0.6743468 0 0 255
0.2670084 0.0703783 0.6743512 0 0 255
0.2681760 0.0702705 0.6733188 0 0 255
0.2696177 0.0702354 0.6729826 0 0 255
0.2707790 0.0701281 0.6719545 0 0 255
0.2722147 0.0700928 0.6716154 0 0 255
0.2732303 0.0699502 0.6702494 0 0 255
0.2746611 0.0699150 0.6699120 0 0 255
0.2755290 0.0697377 0.6682131 0 0 255
0.2766731 0.0696319 0.6671996 0 0 255
0.2778138 0.0695264 0.6661891 0 0 255
0.2789511 0.0694213 0.6651818 0 0 255
0.2798020 0.0692465 0.6635067 0 0 255
0.2806487 0.0690726 0.6618401 0 0 255
0.2823422 0.0691078 0.6621779 0 0 255
0.2830386 0.0689000 0.6601862 0 0 255
0.2843004 0.0688312 0.6595278 0 0 255
0.2854185 0.0687286 0.6585447 0 0 255
0.2866748 0.0686603 0.6578896 0 0 255
0.2877847 0.0685578 0.6569073 0 0 255
0.2893245 0.0685582 0.6569116 0 0 255
0.2907190 0.0685244 0.6565875 0 0 255
0.2922581 0.0685248 0.6565918 0 0 255
0.2936505 0.0684910 0.6562681 0 0 255
0.2951888 0.0684915 0.6562723 0 0 255
0.2965791 0.0684577 0.6559490 0 0 255
0.2982656 0.0684924 0.6562808 0 0 255
0.2999538 0.0685270 0.6566128 0 0 255
0.3014930 0.0685275 0.6566170 0 0 255
0.3031837 0.0685622 0.6569495 0 0 255
0.3045714 0.0685283 0.6566254 0 0 255
0.3062637 0.0685630 0.6569579 0 0 255
0.3078038 0.0685635 0.6569622 0 0 255
0.3096534 0.0686325 0.6576238 0 0 255
0.3113508 0.0686673 0.6579572 0 0 255
0.3125803 0.0685991 0.6573033 0 0 255
0.3141212 0.0685995 0.6573076 0 0 255
0.3158200 0.0686343 0.6576406 0 0 255
0.3178388 0.0687379 0.6586335 0 0 255
0.3205071 0.0689803 0.6609563 0 0 255
0.3254041 0.0693645 0.6646370 0 0 255
0.3276249 0.0695055 0.6659883 0 0 255
0.3301902 0.0697179 0.6680236 0 0 255
0.3332807 0.0700387 0.6710977 0 0 255
0.3386582 0.0708349 0.6787262 0 0 255
0.3407774 0.0709452 0.6797836 0 0 255
0.3434369 0.0711665 0.6819041 0 0 255
0.3493508 0.0717252 0.6872569 0 0 255
-0.0374589 0.0746274 0.6993558 0 0 255
-0.0358028 0.0745881 0.6989878 0 0 255
-0.0341483 0.0745489 0.6986202 0 0 255
-0.0323407 0.0741546 0.6949252 0 0 255
-0.0306815 0.0740766 0.6941944 0 0 255
-0.0290257 0.0739988 0.6934652 0 0 255
-0.0272585 0.0736108 0.6898289 0 0 255
-0.0256301 0.0735726 0.6894709 0 0 255
-0.0239281 0.0733035 0.6869491 0 0 255
-0.0222501 0.0730744 0.6848028 0 0 255
-0.0206147 0.0729607 0.6837369 0 0 255
-0.0189647 0.0727716 0.6819649 0 0 255
-0.0173411 0.0726588 0.6809078 0 0 255
-0.0157226 0.0725463 0.6798540 0 0 255
-0.0140654 0.0722102 0.6767036 0 0 255
-0.0124620 0.0720991 0.6756629 0 0 255
-0.0108412 0.0718412 0.6732455 0 0 255
-0.0092508 0.0717312 0.6722153 0 0 255
-0.0076692 0.0716583 0.6715318 0 0 255
-0.0060939 0.0716221 0.6711927 0 0 255
-0.0045156 0.0715129 0.6701689 0 0 255
-0.0029466 0.0715133 0.6701732 0 0 255
-0.0013769 0.0714773 0.6698356 0 0 255
0.0001912 0.0714413 0.6694982 0 0 255
0.0017577 0.0714053 0.6691612 0 0 255
0.0033210 0.0713331 0.6684839 0 0 255
0.0048861 0.0713335 0.6684882 0 0 255
0.0064512 0.0713340 0.6684925 0 0 255
0.0080123 0.0712981 0.6681566 0 0 255
0.0095717 0.0712623 0.6678209 0 0 255
0.0111353 0.0712628 0.6678252 0 0 255
0.0127054 0.0712995 0.6681694 0 0 255
0.0142625 0.0712637 0.6678338 0 0 255
0.0158181 0.0712279 0.6674985 0 0 255
0.0173810 0.0712284 0.6675028 0 0 255
0.0189535 0.0712651 0.6678467 0 0 255
0.0204963 0.0711931 0.6671721 0 0 255
0.0220809 0.0712660 0.6678553 0 0 255
0.0236206 0.0711940 0.6671807 0 0 255
0.0251956 0.0712306 0.6675242 0 0 255
0.0267450 0.0711949 0.6671892 0 0 255
0.0283072 0.0711954 0.6671935 0 0 255
0.0298694 0.0711958 0.6671978 0 0 255
0.0314636 0.0712687 0.6678810 0 0 255
0.0330107 0.0712329 0.6675457 0 0 255
0.0345386 0.0711610 0.6668718 0 0 255
0.0361185 0.0711976 0.6672149 0 0 255
0.0376808 0.0711981 0.6672192 0 0 255
0.0392631 0.0712348 0.6675628 0 0 255
0.0408055 0.0711990 0.6672278 0 0 255
0.0423895 0.0712357 0.6675714 0 0 255
0.0439303 0.0711999 0.6672364 0 0 255
0.0454235 0.0710920 0.6662249 0 0 255
0.0469121 0.0709844 0.6652164 0 0 255
0.0482501 0.0706631 0.6622051 0 0 255
0.0497506 0.0705923 0.6615421 0 0 255
0.0461193 0.0634640 0.5947402 0 0 255
0.0469173 0.0626700 0.5873000 0 0 255
0.0539900 0.0700641 0.6565921 0 0 255
0.0497121 0.0627265 0.5878296 0 0 255
0.0509976 0.0626152 0.5867864 0 0 255
0.0521388 0.0623371 0.5841800 0 0 255
0.0764434 0.0599460 0.5617725 0 0 255
0.0937149 0.0666136 0.6242563 0 0 255
0.1071511 0.0716919 0.6718472 0 0 255
0.1083374 0.0714370 0.6694582 0 0 255
0.1098494 0.0714011 0.6691214 0 0 255
0.1137950 0.0719146 0.6739333 0 0 255
0.1163288 0.0725104 0.6795174 0 0 255
0.1191536 0.0732692 0.6866280 0 0 255
0.1229481 0.0736161 0.6898789 0 0 255
0.1257532 0.0743194 0.6964697 0 0 255
0.1286125 0.0750362 0.7031875 0 0 255
0.1309609 0.0754407 0.7069780 0 0 255
0.1327599 0.0755225 0.7077446 0 0 255
0.1347082 0.0756862 0.7092783 0 0 255
0.1363696 0.0756867 0.7092828 0 0 255
0.1378821 0.0756055 0.7085220 0 0 255
0.1387185 0.0751599 0.7043462 0 0 255
0.1326844 0.0710459 0.6657933 0 0 255
0.1342440 0.0710464 0.6657976 0 0 255
0.1353918 0.0708314 0.6637828 0 0 255
0.1368085 0.0707603 0.6631168 0 0 255
0.1383619 0.0707608 0.6631210 0 0 255
0.1398447 0.0707255 0.6627907 0 0 255
0.1414687 0.0707617 0.6631296 0 0 255
0.1429500 0.0707264 0.6627992 0 0 255
0.1442842 0.0706200 0.6618015 0 0 255
0.1457611 0.0705849 0.6614724 0 0 255
0.1471625 0.0705143 0.6608111 0 0 255
0.1487105 0.0705148 0.6608154 0 0 255
0.1501075 0.0704443 0.6601553 0 0 255
0.1517303 0.0704802 0.6604915 0 0 255
0.1529699 0.0703392 0.6591699 0 0 255
0.1546694 0.0704103 0.6598364 0 0 255
0.1559030 0.0702700 0.6585217 0 0 255
0.1574457 0.0702704 0.6585259 0 0 255
0.1589088 0.0702357 0.6582001 0 0 255
0.1604508 0.0702361 0.6582043 0 0 255
0.1619117 0.0702014 0.6578789 0 0 255
0.1635349 0.0702370 0.6582128 0 0 255
0.1649943 0.0702023 0.6578873 0 0 255
0.1664522 0.0701676 0.6575622 0 0 255
0.1680769 0.0702032 0.6578958 0 0 255
0.1697033 0.0702388 0.6582297 0 0 255
0.1712455 0.0702393 0.6582339 0 0 255
0.1727011 0.0702046 0.6579085 0 0 255
0.1742425 0.0702050 0.6579127 0 0 255
0.1757839 0.0702055 0.6579169 0 0 255
0.1774142 0.0702411 0.6582508 0 0 255
0.1790462 0.0702768 0.6585851 0 0 255
0.1804987 0.0702420 0.6582593 0 0 255
0.1821323 0.0702777 0.6585935 0 0 255
0.1836754 0.0702781 0.6585978 0 0 255
0.1853114 0.0703138 0.6589324 0 0 255
0.1868553 0.0703143 0.6589366 0 0 255
0.1885884 0.0703853 0.6596025 0 0 255
0.1900385 0.0703505 0.6592758 0 0 255
0.1917757 0.0704216 0.6599424 0 0 255
0.1933220 0.0704221 0.6599466 0 0 255
0.1948683 0.0704225 0.6599509 0 0 255
0.1963160 0.0703876 0.6596237 0 0 255
0.1977623 0.0703527 0.6592969 0 0 255
0.1994072 0.0703885 0.6596322 0 0 255
0.2011548 0.0704597 0.6602995 0 0 255
0.2026002 0.0704248 0.6599721 0 0 255
0.2043519 0.0704961 0.6606401 0 0 255
0.2057965 0.0704611 0.6603123 0 0 255
0.2075524 0.0705324 0.6609810 0 0 255
0.2091012 0.0705329 0.6609853 0 0 255
0.2107561 0.0705688 0.6613222 0 0 255
0.2124127 0.0706048 0.6616596 0 0 255
0.2142869 0.0707121 0.6626650 0 0 255
0.2159486 0.0707483 0.6630037 0 0 255
0.2178321 0.0708560 0.6640132 0 0 255
0.2194990 0.0708923 0.6643533 0 0 255
0.2212796 0.0709645 0.6650301 0 0 255
0.2228380 0.0709650 0.6650344 0 0 255
0.2242829 0.0709295 0.6647022 0 0 255
0.2260693 0.0710018 0.6653797 0 0 255
0.2276285 0.0710023 0.6653840 0 0 255
0.2291878 0.0710027 0.6653883 0 0 255
0.2310982 0.0711112 0.6664051 0 0 255
0.2330145 0.0712201 0.6674250 0 0 255
0.2346978 0.0712567 0.6677684 0 0 255
0.2362627 0.0712572 0.6677727 0 0 255
0.2377068 0.0712214 0.6674378 0 0 255
0.2392709 0.0712219 0.6674421 0 0 255
0.2413254 0.0713674 0.6688054 0 0 255
0.2449574 0.0715134 0.6701742 0 0 255
0.2470320 0.0716601 0.6715487 0 0 255
0.2489876 0.0717706 0.6725842 0 0 255
0.2509493 0.0718815 0.6736231 0 0 255
0.2529170 0.0719926 0.6746650 0 0 255
0.2546289 0.0720301 0.6750160 0 0 255
0.2563426 0.0720676 0.6753673 0 0 255
0.2580580 0.0721051 0.6757190 0 0 255
0.2596417 0.0721056 0.6757233 0 0 255
0.2612254 0.0721060 0.6757276 0 0 255
0.2628091 0.0721065 0.6757320 0 0 255
0.2642569 0.0720699 0.6753889 0 0 255
0.2661134 0.0721445 0.6760883 0 0 255
0.2672854 0.0720338 0.6750506 0 0 255
0.2687295 0.0719973 0.6747084 0 0 255
0.2701721 0.0719608 0.6743665 0 0 255
0.2711977 0.0718143 0.6729936 0 0 255
0.2726355 0.0717780 0.6726534 0 0 255
0.2739316 0.0717050 0.6719698 0 0 255
0.2752251 0.0716322 0.6712875 0 0 255
0.2763749 0.0715231 0.6702646 0 0 255
0.2776627 0.0714507 0.6695859 0 0 255
0.2788059 0.0713421 0.6685682 0 0 255
0.2799457 0.0712338 0.6675536 0 0 255
0.2805129 0.0709818 0.6651925 0 0 255
0.2813600 0.0708031 0.6635175 0 0 255
0.2830581 0.0708393 0.6638569 0 0 255
0.2841835 0.0707326 0.6628566 0 0 255
0.2847319 0.0704842 0.6605287 0 0 255
0.2858492 0.0703785 0.6595384 0 0 255
0.2875394 0.0704143 0.6598738 0 0 255
0.2886532 0.0703093 0.6588898 0 0 255
0.2896169 0.0701690 0.6575753 0 0 255
0.2914499 0.0702398 0.6582382 0 0 255
0.2925532 0.0701348 0.6572549 0 0 255
0.2939469 0.0701002 0.6569306 0 0 255
0.2954868 0.0701007 0.6569348 0 0 255
0.2970268 0.0701011 0.6569390 0 0 255
0.2987160 0.0701366 0.6572718 0 0 255
0.3002567 0.0701371 0.6572760 0 0 255
0.3020996 0.0702077 0.6579382 0 0 255
0.3031867 0.0701029 0.6569559 0 0 255
0.3047267 0.0701034 0.6569601 0 0 255
0.3065732 0.0701740 0.6576217 0 0 255
0.3081148 0.0701744 0.6576260 0 0 255
0.3098114 0.0702100 0.6579594 0 0 255
0.3111980 0.0701753 0.6576344 0 0 255
0.3130530 0.0702461 0.6582975 0 0 255
0.3145963 0.0702465 0.6583017 0 0 255
0.3164565 0.0703174 0.6589660 0 0 255
0.3199261 0.0707435 0.6629588 0 0 255
0.3266572 0.0715378 0.6704024 0 0 255
0.3280616 0.0715018 0.6700649 0 0 255
0.3296325 0.0715022 0.6700692 0 0 255
0.3320498 0.0716854 0.6717860 0 0 255
0.3363755 0.0722769 0.6773294 0 0 255
0.3391870 0.0725391 0.6797859 0 0 255
0.3411336 0.0726147 0.6804942 0 0 255
0.3466553 0.0731072 0.6851097 0 0 255
0.3499030 0.0734522 0.6883434 0 0 255
-0.0357080 0.0760250 0.6971380 0 0 255
-0.0340399 0.0759448 0.6964026 0 0 255
-0.0323239 0.0757443 0.6945642 0 0 255
-0.0306818 0.0757047 0.6942012 0 0 255
-0.0289954 0.0755454 0.6927399 0 0 255
-0.0272588 0.0752286 0.6898357 0 0 255
-0.0256169 0.0751501 0.6891156 0 0 255
-0.0239409 0.0749538 0.6873156 0 0 255
-0.0222619 0.0747195 0.6851670 0 0 255
-0.0206256 0.0746032 0.6841000 0 0 255
-0.0189747 0.0744097 0.6823261 0 0 255
-0.0173323 0.0742173 0.6805614 0 0 255
-0.0157146 0.0741025 0.6795087 0 0 255
-0.0140801 0.0738735 0.6774088 0 0 255
-0.0124749 0.0737597 0.6763659 0 0 255
-0.0108691 0.0736085 0.6749790 0 0 255
-0.0092556 0.0733454 0.6725664 0 0 255
-0.0076693 0.0732333 0.6715385 0 0 255
-0.0060909 0.0731589 0.6708563 0 0 255
-0.0045180 0.0731220 0.6705179 0 0 255
-0.0029452 0.0730478 0.6698379 0 0 255
-0.0013762 0.0730110 0.6695005 0 0 255
0.0001912 0.0730115 0.6695048 0 0 255
0.0017578 0.0729747 0.6691678 0 0 255
0.0033210 0.0729009 0.6684905 0 0 255
0.0048837 0.0728643 0.6681545 0 0 255
0.0064447 0.0728277 0.6678188 0 0 255
0.0080123 0.0728652 0.6681631 0 0 255
0.0095767 0.0728657 0.6681674 0 0 255
0.0111411 0.0728661 0.6681717 0 0 255
0.0126990 0.0728295 0.6678360 0 0 255
0.0142627 0.0728300 0.6678403 0 0 255
0.0158263 0.0728305 0.6678446 0 0 255
0.0173900 0.0728309 0.6678489 0 0 255
0.0189344 0.0727574 0.6671743 0 0 255
0.0205174 0.0728319 0.6678575 0 0 255
0.0220811 0.0728323 0.6678618 0 0 255
0.0236449 0.0728328 0.6678661 0 0 255
0.0251958 0.0727962 0.6675308 0 0 255
0.0267724 0.0728337 0.6678746 0 0 255
0.0283218 0.0727972 0.6675394 0 0 255
0.0299001 0.0728347 0.6678832 0 0 255
0.0314479 0.0727981 0.6675479 0 0 255
0.0329942 0.0727616 0.6672129 0 0 255
0.0345741 0.0727990 0.6675565 0 0 255
0.0361372 0.0727995 0.6675608 0 0 255
0.0376620 0.0727260 0.6668869 0 0 255
0.0392435 0.0727634 0.6672301 0 0 255
0.0408059 0.0727639 0.6672344 0 0 255
0.0423468 0.0727274 0.6668998 0 0 255
0.0439084 0.0727279 0.6669041 0 0 255
0.0454009 0.0726177 0.6658936 0 0 255
0.0469364 0.0725813 0.6655602 0 0 255
0.0483237 0.0723256 0.6632152 0 0 255
0.0444052 0.0643918 0.5904633 0 0 255
0.0457879 0.0643922 0.5904671 0 0 255
0.0468758 0.0639902 0.5867808 0 0 255
0.0482931 0.0640479 0.5873095 0 0 255
0.0496684 0.0640483 0.5873132 0 0 255
0.0509071 0.0638773 0.5857453 0 0 255
0.0520467 0.0635940 0.5831481 0 0 255
0.0929214 0.0675006 0.6189706 0 0 255
0.1105930 0.0745265 0.6833966 0 0 255
0.1119606 0.0743721 0.6819813 0 0 255
0.1163023 0.0751138 0.6887824 0 0 255
0.1199287 0.0763966 0.7005458 0 0 255
0.1217645 0.0765196 0.7016733 0 0 255
0.1238050 0.0767662 0.7039347 0 0 255
0.1255212 0.0768079 0.7043168 0 0 255
0.1271709 0.0768084 0.7043213 0 0 255
0.1291671 0.0770154 0.7062199 0 0 255
0.1309622 0.0770988 0.7069849 0 0 255
0.1325469 0.0770578 0.7066090 0 0 255
0.1343467 0.0771413 0.7073748 0 0 255
0.1361503 0.0772250 0.7081422 0 0 255
0.1376607 0.0771423 0.7073839 0 0 255
0.1390181 0.0769770 0.7058675 0 0 255
0.1408988 0.0771018 0.7070121 0 0 255
0.1425550 0.0771023 0.7070166 0 0 255
0.1356674 0.0725349 0.6651340 0 0 255
0.1370174 0.0724253 0.6641293 0 0 255
0.1385731 0.0724258 0.6641335 0 0 255
0.1401289 0.0724262 0.6641378 0 0 255
0.1414701 0.0723170 0.6631360 0 0 255
0.1429514 0.0722810 0.6628057 0 0 255
0.1444312 0.0722449 0.6624756 0 0 255
0.1459095 0.0722090 0.6621460 0 0 255
0.1473864 0.0721731 0.6618165 0 0 255
0.1487120 0.0720646 0.6608219 0 0 255
0.1501845 0.0720288 0.6604938 0 0 255
0.1517318 0.0720293 0.6604980 0 0 255
0.1531251 0.0719574 0.6598386 0 0 255
0.1547487 0.0719940 0.6601745 0 0 255
0.1562168 0.0719583 0.6598471 0 0 255
0.1576053 0.0718870 0.6591933 0 0 255
0.1590698 0.0718514 0.6588668 0 0 255
0.1606134 0.0718519 0.6588711 0 0 255
0.1621569 0.0718523 0.6588753 0 0 255
0.1637006 0.0718528 0.6588795 0 0 255
0.1651613 0.0718172 0.6585534 0 0 255
0.1667878 0.0718537 0.6588880 0 0 255
0.1681628 0.0717822 0.6582319 0 0 255
0.1697900 0.0718186 0.6585661 0 0 255
0.1714189 0.0718551 0.6589007 0 0 255
0.1727893 0.0717835 0.6582446 0 0 255
0.1744189 0.0718200 0.6585788 0 0 255
0.1758737 0.0717845 0.6582530 0 0 255
0.1777723 0.0719291 0.6595793 0 0 255
0.1790479 0.0718214 0.6585915 0 0 255
0.1807723 0.0718939 0.6592568 0 0 255
0.1822255 0.0718583 0.6589303 0 0 255
0.1839539 0.0719310 0.6595963 0 0 255
0.1854062 0.0718953 0.6592695 0 0 255
0.1872328 0.0720042 0.6602678 0 0 255
0.1886850 0.0719685 0.6599404 0 0 255
0.1903269 0.0720051 0.6602763 0 0 255
0.1918740 0.0720056 0.6602806 0 0 255
0.1933239 0.0719699 0.6599531 0 0 255
0.1949681 0.0720065 0.6602890 0 0 255
0.1964166 0.0719708 0.6599616 0 0 255
0.1980624 0.0720074 0.6602976 0 0 255
0.1994092 0.0719356 0.6596387 0 0 255
0.2011568 0.0720084 0.6603061 0 0 255
0.2028060 0.0720450 0.6606424 0 0 255
0.2042513 0.0720093 0.6603146 0 0 255
0.2059020 0.0720460 0.6606508 0 0 255
0.2074500 0.0720464 0.6606551 0 0 255
0.2089981 0.0720469 0.6606593 0 0 255
0.2107582 0.0721199 0.6613287 0 0 255
0.2125218 0.0721930 0.6619994 0 0 255
0.2142890 0.0722663 0.6626714 0 0 255
0.2160598 0.0723398 0.6633449 0 0 255
0.2176142 0.0723402 0.6633492 0 0 255
0.2196122 0.0724871 0.6646959 0 0 255
0.2210580 0.0724509 0.6643640 0 0 255
0.2228402 0.0725247 0.6650409 0 0 255
0.2246260 0.0725987 0.6657191 0 0 255
0.2260715 0.0725624 0.6653862 0 0 255
0.2276308 0.0725628 0.6653905 0 0 255
0.2293062 0.0726001 0.6657319 0 0 255
0.2309833 0.0726373 0.6660737 0 0 255
0.2328984 0.0727484 0.6670926 0 0 255
0.2348194 0.0728599 0.6681145 0 0 255
0.2365054 0.0728974 0.6684588 0 0 255
0.2379509 0.0728608 0.6681231 0 0 255
0.2415722 0.0730098 0.6694891 0 0 255
0.2435134 0.0731220 0.6705185 0 0 255
0.2452099 0.0731599 0.6708651 0 0 255
0.2472872 0.0733101 0.6722424 0 0 255
0.2496290 0.0735363 0.6743167 0 0 255
0.2512093 0.0735367 0.6743210 0 0 255
0.2530493 0.0736128 0.6750182 0 0 255
0.2548933 0.0736890 0.6757169 0 0 255
0.2568732 0.0738033 0.6767653 0 0 255
0.2581934 0.0737278 0.6760733 0 0 255
0.2599116 0.0737662 0.6764256 0 0 255
0.2613624 0.0737288 0.6760820 0 0 255
0.2630823 0.0737672 0.6764343 0 0 255
0.2646676 0.0737677 0.6764387 0 0 255
0.2659791 0.0736923 0.6757473 0 0 255
0.2678384 0.0737686 0.6764473 0 0 255
0.2691467 0.0736932 0.6757560 0 0 255
0.2705914 0.0736558 0.6754130 0 0 255
0.2718949 0.0735806 0.6747237 0 0 255
0.2731958 0.0735056 0.6740358 0 0 255
0.2746347 0.0734684 0.6736946 0 0 255
0.2757913 0.0733565 0.6726686 0 0 255
0.2769427 0.0732445 0.6716415 0 0 255
0.2782325 0.0731702 0.6709599 0 0 255
0.2796624 0.0731333 0.6706219 0 0 255
0.2808043 0.0730220 0.6696010 0 0 255
0.2816562 0.0728369 0.6679037 0 0 255
0.2829341 0.0727634 0.6672297 0 0 255
0.2842095 0.0726901 0.6665571 0 0 255
0.2857718 0.0726905 0.6665614 0 0 255
0.2863177 0.0724338 0.6642074 0 0 255
0.2877292 0.0723977 0.6638762 0 0 255
0.2889933 0.0723251 0.6632104 0 0 255
0.2899626 0.0721798 0.6618786 0 0 255
0.2909279 0.0720352 0.6605521 0 0 255
0.2920359 0.0719272 0.6595618 0 0 255
0.2931425 0.0718200 0.6585787 0 0 255
0.2943912 0.0717485 0.6579236 0 0 255
0.2960817 0.0717849 0.6582573 0 0 255
0.2976247 0.0717854 0.6582615 0 0 255
0.2991678 0.0717859 0.6582658 0 0 255
0.3011634 0.0718943 0.6592606 0 0 255
0.3025570 0.0718588 0.6589344 0 0 255
0.3041017 0.0718592 0.6589386 0 0 255
0.3059531 0.0719318 0.6596043 0 0 255
0.3071910 0.0718602 0.6589471 0 0 255
0.3090456 0.0719327 0.6596127 0 0 255
0.3110602 0.0720417 0.6606116 0 0 255
0.3126089 0.0720421 0.6606158 0 0 255
0.3143155 0.0720788 0.6609522 0 0 255
0.3183730 0.0722974 0.6629568 0 0 255
0.3230229 0.0729975 0.6693761 0 0 255
0.3254208 0.0731843 0.6710892 0 0 255
0.3268271 0.0731474 0.6707511 0 0 255
0.3283997 0.0731479 0.6707554 0 0 255
0.3304781 0.0732605 0.6717882 0 0 255
0.3334163 0.0735618 0.6745507 0 0 255
0.3374221 0.0740946 0.6794368 0 0 255
0.3397174 0.0742486 0.6808489 0 0 255
0.3445138 0.0745969 0.6840424 0 0 255
0.3468395 0.0747530 0.6854737 0 0 255
0.3495404 0.0749881 0.6876299 0 0 255
-0.0355761 0.0773723 0.6945620 0 0 255
-0.0339322 0.0773319 0.6941990 0 0 255
-0.0322901 0.0772915 0.6938365 0 0 255
-0.0306497 0.0772512 0.6934744 0 0 255
-0.0289498 0.0770481 0.6916513 0 0 255
-0.0272590 0.0768466 0.6898424 0 0 255
-0.0256037 0.0767261 0.6887607 0 0 255
-0.0239411 0.0765659 0.6873224 0 0 255
-0.0222622 0.0763265 0.6851738 0 0 255
-0.0206366 0.0762474 0.6844636 0 0 255
-0.0189848 0.0760496 0.6826878 0 0 255
-0.0173415 0.0758528 0.6809213 0 0 255
-0.0157229 0.0757354 0.6798674 0 0 255
-0.0140875 0.0755012 0.6777653 0 0 255
-0.0124750 0.0753461 0.6763725 0 0 255
-0.0108748 0.0752302 0.6753328 0 0 255
-0.0092557 0.0749228 0.6725730 0 0 255
-0.0076733 0.0748466 0.6718888 0 0 255
-0.0060940 0.0747705 0.6712059 0 0 255
-0.0045180 0.0746946 0.6705244 0 0 255
-0.0029467 0.0746569 0.6701863 0 0 255
-0.0013756 0.0745432 0.6691657 0 0 255
0.0001911 0.0745437 0.6691700 0 0 255
0.0017569 0.0745062 0.6688333 0 0 255
0.0033211 0.0744687 0.6684970 0 0 255
0.0048837 0.0744313 0.6681610 0 0 255
0.0064513 0.0744697 0.6685055 0 0 255
0.0080083 0.0743944 0.6678297 0 0 255
0.0095671 0.0743571 0.6674944 0 0 255
0.0111355 0.0743954 0.6678383 0 0 255
0.0126927 0.0743580 0.6675029 0 0 255
0.0142628 0.0743963 0.6678469 0 0 255
0.0158023 0.0742834 0.6668333 0 0 255
0.0173725 0.0743217 0.6671765 0 0 255
0.0189442 0.0743599 0.6675201 0 0 255
0.0205071 0.0743604 0.6675244 0 0 255
0.0220701 0.0743609 0.6675287 0 0 255
0.0236451 0.0743992 0.6678726 0 0 255
0.0252089 0.0743997 0.6678769 0 0 255
0.0267591 0.0743623 0.6675416 0 0 255
0.0283365 0.0744006 0.6678855 0 0 255
0.0298852 0.0743633 0.6675502 0 0 255
0.0314642 0.0744016 0.6678941 0 0 255
0.0329945 0.0743264 0.6672195 0 0 255
0.0345569 0.0743269 0.6672238 0 0 255
0.0361192 0.0743274 0.6672280 0 0 255
0.0376624 0.0742901 0.6668934 0 0 255
0.0392439 0.0743283 0.6672366 0 0 255
0.0407649 0.0742534 0.6665634 0 0 255
0.0423688 0.0743293 0.6672452 0 0 255
0.0439089 0.0742920 0.6669106 0 0 255
0.0454013 0.0741795 0.6659001 0 0 255
0.0469607 0.0741799 0.6659043 0 0 255
0.0483242 0.0738811 0.6632217 0 0 255
0.0443658 0.0657175 0.5899385 0 0 255
0.0456652 0.0656001 0.5888841 0 0 255
0.0468763 0.0653664 0.5867866 0 0 255
0.0495802 0.0653089 0.5862702 0 0 255
0.0508623 0.0651929 0.5852289 0 0 255
0.0970100 0.0698082 0.6266596 0 0 255
0.1151128 0.0770115 0.6913230 0 0 255
0.1175989 0.0775838 0.6964608 0 0 255
0.1205085 0.0784162 0.7039325 0 0 255
0.1222885 0.0785009 0.7046927 0 0 255
0.1239391 0.0785014 0.7046972 0 0 255
0.1255897 0.0785019 0.7047017 0 0 255
0.1274456 0.0786289 0.7058426 0 0 255
0.1291684 0.0786717 0.7062268 0 0 255
0.1309635 0.0787570 0.7069918 0 0 255
0.1325482 0.0787151 0.7066159 0 0 255
0.1341312 0.0786733 0.7062404 0 0 255
0.1360050 0.0788009 0.7073863 0 0 255
0.1373660 0.0786320 0.7058698 0 0 255
0.1389448 0.0785902 0.7054951 0 0 255
0.1406730 0.0786330 0.7058789 0 0 255
0.1425564 0.0787605 0.7070236 0 0 255
0.1439800 0.0786340 0.7058880 0 0 255
0.1382068 0.0746244 0.6698945 0 0 255
0.1388553 0.0741333 0.6654861 0 0 255
0.1403432 0.0740963 0.6651533 0 0 255
0.1414715 0.0738723 0.6631426 0 0 255
0.1428806 0.0737982 0.6624779 0 0 255
0.1445784 0.0738732 0.6631511 0 0 255
0.1459845 0.0737992 0.6624864 0 0 255
0.1473878 0.0737253 0.6618230 0 0 255
0.1488632 0.0736886 0.6614940 0 0 255
0.1503371 0.0736520 0.6611652 0 0 255
0.1517333 0.0735784 0.6605045 0 0 255
0.1533578 0.0736159 0.6608410 0 0 255
0.1546724 0.0735054 0.6598493 0 0 255
0.1563754 0.0735798 0.6605172 0 0 255
0.1576058 0.0734326 0.6591955 0 0 255
0.1592301 0.0734699 0.6595307 0 0 255
0.1607752 0.0734704 0.6595349 0 0 255
0.1622399 0.0734345 0.6592124 0 0 255
0.1637843 0.0734349 0.6592166 0 0 255
0.1653287 0.0734354 0.6592209 0 0 255
0.1667895 0.0733991 0.6588944 0 0 255
0.1683331 0.0733995 0.6588987 0 0 255
0.1698769 0.0734000 0.6589029 0 0 255
0.1715066 0.0734373 0.6592378 0 0 255
0.1729643 0.0734009 0.6589113 0 0 255
0.1746833 0.0734751 0.6595773 0 0 255
0.1760519 0.0734019 0.6589198 0 0 255
0.1777740 0.0734761 0.6595858 0 0 255
0.1793194 0.0734765 0.6595900 0 0 255
0.1808648 0.0734770 0.6595942 0 0 255
0.1825019 0.0735144 0.6599298 0 0 255
0.1840481 0.0735149 0.6599340 0 0 255
0.1857810 0.0735893 0.6606022 0 0 255
0.1874230 0.0736268 0.6609387 0 0 255
0.1889717 0.0736273 0.6609430 0 0 255
0.1904245 0.0735907 0.6606148 0 0 255
0.1920689 0.0736282 0.6609515 0 0 255
0.1936176 0.0736287 0.6609557 0 0 255
0.1952645 0.0736662 0.6612927 0 0 255
0.1966160 0.0735926 0.6606318 0 0 255
0.1983635 0.0736672 0.6613012 0 0 255
0.1997119 0.0735935 0.6606403 0 0 255
0.2013612 0.0736310 0.6609769 0 0 255
0.2029100 0.0736315 0.6609812 0 0 255
0.2043560 0.0735950 0.6606531 0 0 255
0.2060076 0.0736325 0.6609897 0 0 255
0.2075565 0.0736329 0.6609939 0 0 255
0.2093159 0.0737076 0.6616639 0 0 255
0.2109726 0.0737452 0.6620016 0 0 255
0.2127383 0.0738200 0.6626737 0 0 255
0.2145075 0.0738951 0.6633471 0 0 255
0.2162803 0.0739702 0.6640219 0 0 255
0.2176163 0.0738960 0.6633556 0 0 255
0.2196143 0.0740460 0.6647024 0 0 255
0.2212839 0.0740840 0.6650431 0 0 255
0.2230682 0.0741595 0.6657213 0 0 255
0.2247421 0.0741976 0.6660631 0 0 255
0.2263029 0.0741981 0.6660674 0 0 255
0.2280951 0.0742739 0.6667477 0 0 255
0.2296575 0.0742744 0.6667520 0 0 255
0.2312200 0.0742748 0.6667563 0 0 255
0.2333747 0.0744643 0.6684567 0 0 255
0.2368677 0.0745786 0.6694828 0 0 255
0.2383152 0.0745411 0.6691461 0 0 255
0.2403730 0.0746937 0.6705164 0 0 255
0.2425633 0.0748853 0.6722360 0 0 255
0.2442637 0.0749241 0.6725845 0 0 255
0.2458400 0.0749246 0.6725888 0 0 255
0.2479239 0.0750788 0.6739731 0 0 255
0.2496314 0.0751178 0.6743233 0 0 255
0.2515991 0.0752341 0.6753675 0 0 255
0.2535729 0.0753508 0.6764148 0 0 255
0.2550269 0.0753125 0.6760712 0 0 255
0.2568757 0.0753906 0.6767719 0 0 255
0.2584618 0.0753910 0.6767763 0 0 255
0.2600480 0.0753915 0.6767806 0 0 255
0.2614995 0.0753532 0.6764366 0 0 255
0.2632203 0.0753925 0.6767893 0 0 255
0.2649430 0.0754318 0.6771425 0 0 255
0.2665300 0.0754323 0.6771469 0 0 255
0.2681171 0.0754328 0.6771512 0 0 255
0.2691494 0.0752781 0.6757626 0 0 255
0.2707332 0.0752786 0.6757669 0 0 255
0.2720373 0.0752017 0.6750769 0 0 255
0.2737601 0.0752409 0.6754282 0 0 255
0.2749193 0.0751255 0.6743926 0 0 255
0.2762182 0.0750494 0.6737098 0 0 255
0.2775127 0.0749730 0.6730240 0 0 255
0.2789474 0.0749352 0.6726838 0 0 255
0.2800939 0.0748207 0.6716567 0 0 255
0.2815243 0.0747830 0.6713179 0 0 255
0.2825205 0.0746310 0.6699532 0 0 255
0.2839461 0.0745934 0.6696162 0 0 255
0.2853702 0.0745559 0.6692794 0 0 255
0.2865012 0.0744427 0.6682627 0 0 255
0.2874829 0.0742920 0.6669105 0 0 255
0.2890461 0.0742925 0.6669148 0 0 255
0.2903147 0.0742176 0.6662428 0 0 255
0.2911384 0.0740305 0.6645626 0 0 255
0.2919580 0.0738442 0.6628908 0 0 255
0.2932160 0.0737703 0.6622271 0 0 255
0.2943234 0.0736594 0.6612318 0 0 255
0.2958734 0.0736599 0.6612360 0 0 255
0.2969770 0.0735498 0.6602479 0 0 255
0.2985248 0.0735503 0.6602522 0 0 255
0.3000725 0.0735508 0.6602564 0 0 255
0.3034728 0.0736257 0.6609290 0 0 255
0.3048689 0.0735892 0.6606010 0 0 255
0.3067258 0.0736637 0.6612700 0 0 255
0.3106055 0.0738499 0.6629419 0 0 255
0.3140605 0.0743001 0.6669833 0 0 255
0.3156241 0.0743006 0.6669876 0 0 255
0.3196206 0.0748710 0.6721081 0 0 255
0.3220196 0.0750634 0.6738353 0 0 255
0.3239314 0.0751409 0.6745312 0 0 255
0.3256799 0.0751800 0.6748819 0 0 255
0.3270940 0.0751419 0.6745399 0 0 255
0.3276664 0.0749117 0.6724735 0 0 255
0.3292429 0.0749122 0.6724778 0 0 255
0.3318382 0.0751434 0.6745529 0 0 255
0.3360062 0.0757268 0.6797904 0 0 255
0.3404239 0.0760025 0.6822649 0 0 255
0.3423789 0.0760819 0.6829783 0 0 255
0.3448761 0.0762806 0.6847618 0 0 255
0.3463010 0.0762414 0.6844096 0 0 255
0.3486318 0.0764010 0.6858425 0 0 255
-0.0355388 0.0789178 0.6938344 0 0 255
-0.0338967 0.0788766 0.6934723 0 0 255
-0.0322904 0.0789188 0.6938434 0 0 255
-0.0306824 0.0789611 0.6942148 0 0 255
-0.0288894 0.0785053 0.6902076 0 0 255
-0.0272450 0.0784233 0.6894868 0 0 255
-0.0256040 0.0783415 0.6887676 0 0 255
-0.0239288 0.0781370 0.6869693 0 0 255
-0.0222740 0.0779742 0.6855384 0 0 255
-0.0206153 0.0777716 0.6837570 0 0 255
-0.0189948 0.0776912 0.6830497 0 0 255
-0.0173326 0.0774096 0.6805748 0 0 255
-0.0157149 0.0772899 0.6795221 0 0 255
-0.0140804 0.0770511 0.6774221 0 0 255
-0.0124752 0.0769324 0.6763791 0 0 255
-0.0108749 0.0768142 0.6753395 0 0 255
-0.0092653 0.0765788 0.6732696 0 0 255
-0.0076773 0.0764616 0.6722394 0 0 255
-0.0060972 0.0763838 0.6715559 0 0 255
-0.0045204 0.0763062 0.6708737 0 0 255
-0.0029452 0.0761899 0.6698509 0 0 255
-0.0013756 0.0761127 0.6691722 0 0 255
0.0001912 0.0761520 0.6695178 0 0 255
0.0017560 0.0760362 0.6684992 0 0 255
0.0033194 0.0759979 0.6681632 0 0 255
0.0048813 0.0759598 0.6678276 0 0 255
0.0064448 0.0759603 0.6678319 0 0 255
0.0080043 0.0759221 0.6674966 0 0 255
0.0095671 0.0759226 0.6675009 0 0 255
0.0111300 0.0759231 0.6675052 0 0 255
0.0126928 0.0759236 0.6675095 0 0 255
0.0142484 0.0758855 0.6671745 0 0 255
0.0158025 0.0758474 0.6668398 0 0 255
0.0173726 0.0758865 0.6671831 0 0 255
0.0189444 0.0759255 0.6675267 0 0 255
0.0204969 0.0758874 0.6671917 0 0 255
0.0220479 0.0758494 0.6668571 0 0 255
0.0236093 0.0758499 0.6668614 0 0 255
0.0251835 0.0758889 0.6672046 0 0 255
0.0267593 0.0759280 0.6675482 0 0 255
0.0283080 0.0758899 0.6672131 0 0 255
0.0298855 0.0759290 0.6675568 0 0 255
0.0314326 0.0758909 0.6672217 0 0 255
0.0329781 0.0758528 0.6668871 0 0 255
0.0345572 0.0758918 0.6672302 0 0 255
0.0360829 0.0758152 0.6665570 0 0 255
0.0376437 0.0758157 0.6665613 0 0 255
0.0391846 0.0757777 0.6662273 0 0 255
0.0407446 0.0757782 0.6662316 0 0 255
0.0423261 0.0758172 0.6665742 0 0 255
0.0438870 0.0758177 0.6665785 0 0 255
0.0454018 0.0757413 0.6659065 0 0 255
0.0469611 0.0757417 0.6659108 0 0 255
0.0436117 0.0680795 0.5985451 0 0 255
0.0443264 0.0670410 0.5894147 0 0 255
0.0457066 0.0670414 0.5894185 0 0 255
0.0469187 0.0668024 0.5873172 0 0 255
0.0482940 0.0668028 0.5873209 0 0 255
0.0494482 0.0665058 0.5847098 0 0 255
0.0507271 0.0663880 0.5836741 0 0 255
0.0823421 0.0643957 0.5661584 0 0 255
0.1152960 0.0787573 0.6924234 0 0 255
0.1186065 0.0798953 0.7024286 0 0 255
0.1207038 0.0801962 0.7050734 0 0 255
0.1224211 0.0802398 0.7054567 0 0 255
0.1240069 0.0801972 0.7050825 0 0 255
0.1255910 0.0801547 0.7047086 0 0 255
0.1272417 0.0801552 0.7047131 0 0 255
0.1291002 0.0802849 0.7058540 0 0 255
0.1308943 0.0803719 0.7066182 0 0 255
0.1324782 0.0803292 0.7062427 0 0 255
0.1340604 0.0802865 0.7058677 0 0 255
0.1357869 0.0803302 0.7062519 0 0 255
0.1374412 0.0803307 0.7062564 0 0 255
0.1388716 0.0802018 0.7051233 0 0 255
0.1407500 0.0803318 0.7062655 0 0 255
0.1424045 0.0803323 0.7062700 0 0 255
0.1440589 0.0803328 0.7062746 0 0 255
0.1457918 0.0803765 0.7066591 0 0 255
0.1472887 0.0802906 0.7059040 0 0 255
0.1486227 0.0801189 0.7043940 0 0 255
0.1501118 0.0800335 0.7036437 0 0 255
0.1433158 0.0755808 0.6644954 0 0 255
0.1444340 0.0753525 0.6624886 0 0 255
0.1460596 0.0753910 0.6628272 0 0 255
0.1473150 0.0752396 0.6614962 0 0 255
0.1488647 0.0752401 0.6615004 0 0 255
0.1503386 0.0752027 0.6611717 0 0 255
0.1518875 0.0752032 0.6611759 0 0 255
0.1533593 0.0751658 0.6608475 0 0 255
0.1549074 0.0751663 0.6608517 0 0 255
0.1565344 0.0752046 0.6611887 0 0 255
0.1579244 0.0751295 0.6605279 0 0 255
0.1593917 0.0750922 0.6602001 0 0 255
0.1609384 0.0750927 0.6602044 0 0 255
0.1624851 0.0750932 0.6602086 0 0 255
0.1639505 0.0750564 0.6598854 0 0 255
0.1654965 0.0750569 0.6598896 0 0 255
0.1668748 0.0749820 0.6592315 0 0 255
0.1685038 0.0750202 0.6595668 0 0 255
0.1701345 0.0750583 0.6599023 0 0 255
0.1716806 0.0750588 0.6599066 0 0 255
0.1731397 0.0750216 0.6595796 0 0 255
0.1746851 0.0750221 0.6595838 0 0 255
0.1763189 0.0750603 0.6599194 0 0 255
0.1779545 0.0750985 0.6602554 0 0 255
0.1795917 0.0751367 0.6605916 0 0 255
0.1810484 0.0750995 0.6602638 0 0 255
0.1827791 0.0751755 0.6609325 0 0 255
0.1844205 0.0752138 0.6612694 0 0 255
0.1859698 0.0752143 0.6612737 0 0 255
0.1876137 0.0752527 0.6616110 0 0 255
0.1892591 0.0752911 0.6619486 0 0 255
0.1909063 0.0753295 0.6622866 0 0 255
0.1923611 0.0752920 0.6619570 0 0 255
0.1940099 0.0753305 0.6622950 0 0 255
0.1954632 0.0752930 0.6619655 0 0 255
0.1971136 0.0753314 0.6623036 0 0 255
0.1986654 0.0753319 0.6623078 0 0 255
0.2000156 0.0752565 0.6616449 0 0 255
0.2015660 0.0752570 0.6616492 0 0 255
0.2030141 0.0752196 0.6613204 0 0 255
0.2046667 0.0752580 0.6616577 0 0 255
0.2061133 0.0752206 0.6613289 0 0 255
0.2078722 0.0752969 0.6619995 0 0 255
0.2096347 0.0753733 0.6626716 0 0 255
0.2111875 0.0753738 0.6626759 0 0 255
0.2128477 0.0754123 0.6630146 0 0 255
0.2146179 0.0754890 0.6636887 0 0 255
0.2163918 0.0755658 0.6643642 0 0 255
0.2180589 0.0756046 0.6647046 0 0 255
0.2198389 0.0756816 0.6653821 0 0 255
0.2217350 0.0757973 0.6663989 0 0 255
0.2234100 0.0758362 0.6667414 0 0 255
0.2252010 0.0759137 0.6674231 0 0 255
0.2267650 0.0759142 0.6674273 0 0 255
0.2303597 0.0760693 0.6687906 0 0 255
0.2321633 0.0761473 0.6694765 0 0 255
0.2338514 0.0761866 0.6698221 0 0 255
0.2359021 0.0763428 0.6711951 0 0 255
0.2377179 0.0764214 0.6718858 0 0 255
0.2396602 0.0765393 0.6729226 0 0 255
0.2416084 0.0766575 0.6739624 0 0 255
0.2431878 0.0766580 0.6739668 0 0 255
0.2451445 0.0767767 0.6750098 0 0 255
0.2468533 0.0768166 0.6753611 0 0 255
0.2486917 0.0768962 0.6760604 0 0 255
0.2505339 0.0769759 0.6767612 0 0 255
0.2529015 0.0772150 0.6788635 0 0 255
0.2551516 0.0774155 0.6806261 0 0 255
0.2568798 0.0774561 0.6809832 0 0 255
0.2587440 0.0775370 0.6816943 0 0 255
0.2600718 0.0774571 0.6809920 0 0 255
0.2609915 0.0772574 0.6792362 0 0 255
0.2628552 0.0773379 0.6799436 0 0 255
0.2643120 0.0772984 0.6795962 0 0 255
0.2659048 0.0772988 0.6796006 0 0 255
0.2672212 0.0772195 0.6789027 0 0 255
0.2686735 0.0771801 0.6785565 0 0 255
0.2697068 0.0770215 0.6771621 0 0 255
0.2708752 0.0769031 0.6761212 0 0 255
0.2727405 0.0769828 0.6768220 0 0 255
0.2741856 0.0769437 0.6764779 0 0 255
0.2757711 0.0769442 0.6764823 0 0 255
0.2769290 0.0768260 0.6754435 0 0 255
0.2782261 0.0767476 0.6747541 0 0 255
0.2792359 0.0765913 0.6733797 0 0 255
0.2805268 0.0765134 0.6726947 0 0 255
0.2821035 0.0765138 0.6726990 0 0 255
0.2832453 0.0763970 0.6716719 0 0 255
0.2846741 0.0763585 0.6713331 0 0 255
0.2858097 0.0762421 0.6703101 0 0 255
0.2872344 0.0762038 0.6699727 0 0 255
0.2883638 0.0760879 0.6689540 0 0 255
0.2899318 0.0760884 0.6689582 0 0 255
0.2914998 0.0760889 0.6689625 0 0 255
0.2924723 0.0759347 0.6676075 0 0 255
0.2937388 0.0758581 0.6669342 0 0 255
0.2944057 0.0756284 0.6649140 0 0 255
0.2959643 0.0756288 0.6649182 0 0 255
0.2972221 0.0755529 0.6642503 0 0 255
0.2983269 0.0754390 0.6632489 0 0 255
0.2995792 0.0753634 0.6625844 0 0 255
0.3009807 0.0753259 0.6622548 0 0 255
0.3023808 0.0752885 0.6619256 0 0 255
0.3046997 0.0754790 0.6636008 0 0 255
0.3065648 0.0755558 0.6642759 0 0 255
0.3082778 0.0755945 0.6646161 0 0 255
0.3103065 0.0757098 0.6656301 0 0 255
0.3132949 0.0760570 0.6686823 0 0 255
0.3151832 0.0761349 0.6693676 0 0 255
0.3188635 0.0766429 0.6738333 0 0 255
0.3214318 0.0768798 0.6759167 0 0 255
0.3228504 0.0768408 0.6755736 0 0 255
0.3246009 0.0768808 0.6759254 0 0 255
0.3263534 0.0769209 0.6762776 0 0 255
0.3284457 0.0770403 0.6773274 0 0 255
0.3305447 0.0771601 0.6783805 0 0 255
0.3333393 0.0774404 0.6808447 0 0 255
0.3352828 0.0775212 0.6815552 0 0 255
0.3388277 0.0776021 0.6822672 0 0 255
0.3409582 0.0777237 0.6833357 0 0 255
0.3425602 0.0777242 0.6833400 0 0 255
0.3445205 0.0778056 0.6840557 0 0 255
0.3461242 0.0778061 0.6840601 0 0 255
0.3480903 0.0778877 0.6847773 0 0 255
-0.0338612 0.0804181 0.6927469 0 0 255
-0.0322396 0.0804186 0.6927513 0 0 255
-0.0306503 0.0805041 0.6934879 0 0 255
-0.0288593 0.0800399 0.6894891 0 0 255
-0.0272166 0.0799564 0.6887698 0 0 255
-0.0256042 0.0799569 0.6887742 0 0 255
-0.0239416 0.0797900 0.6873358 0 0 255
-0.0222859 0.0796237 0.6859034 0 0 255
-0.0206263 0.0794167 0.6841201 0 0 255
-0.0189753 0.0792107 0.6823462 0 0 255
-0.0173418 0.0790469 0.6809345 0 0 255
-0.0157069 0.0788429 0.6791771 0 0 255
-0.0140951 0.0787212 0.6781287 0 0 255
-0.0124753 0.0785188 0.6763858 0 0 255
-0.0108750 0.0783981 0.6753460 0 0 255
-0.0092701 0.0781979 0.6736217 0 0 255
-0.0076813 0.0780782 0.6725904 0 0 255
-0.0061004 0.0779988 0.6719062 0 0 255
-0.0045204 0.0778797 0.6708803 0 0 255
-0.0029483 0.0778404 0.6705418 0 0 255
-0.0013763 0.0777218 0.6695201 0 0 255
0.0001912 0.0777223 0.6695244 0 0 255
0.0017569 0.0776436 0.6688464 0 0 255
0.0033228 0.0776441 0.6688507 0 0 255
0.0048838 0.0775656 0.6681741 0 0 255
0.0064482 0.0775661 0.6681784 0 0 255
0.0080085 0.0775271 0.6678428 0 0 255
0.0095624 0.0774488 0.6671682 0 0 255
0.0111301 0.0774887 0.6675118 0 0 255
0.0126994 0.0775286 0.6678557 0 0 255
0.0142413 0.0774110 0.6668422 0 0 255
0.0158107 0.0774508 0.6671853 0 0 255
0.0173728 0.0774513 0.6671896 0 0 255
0.0189253 0.0774124 0.6668550 0 0 255
0.0204971 0.0774523 0.6671982 0 0 255
0.0220481 0.0774134 0.6668636 0 0 255
0.0235975 0.0773746 0.6665292 0 0 255
0.0251837 0.0774538 0.6672111 0 0 255
0.0267460 0.0774543 0.6672153 0 0 255
0.0282939 0.0774154 0.6668807 0 0 255
0.0298706 0.0774553 0.6672239 0 0 255
0.0314169 0.0774164 0.6668893 0 0 255
0.0329952 0.0774563 0.6672325 0 0 255
0.0345575 0.0774568 0.6672368 0 0 255
0.0361016 0.0774179 0.6669022 0 0 255
0.0376249 0.0773398 0.6662295 0 0 255
0.0391850 0.0773403 0.6662338 0 0 255
0.0407450 0.0773408 0.6662381 0 0 255
0.0423266 0.0773806 0.6665807 0 0 255
0.0438652 0.0773418 0.6662467 0 0 255
0.0454022 0.0773031 0.6659130 0 0 255
0.0469854 0.0773428 0.6662552 0 0 255
0.0434932 0.0692938 0.5969185 0 0 255
0.0443666 0.0684849 0.5899500 0 0 255
0.0457481 0.0684853 0.5899539 0 0 255
0.0467936 0.0679974 0.5857512 0 0 255
0.0481652 0.0679979 0.5857550 0 0 255
0.0491424 0.0674567 0.5810934 0 0 255
0.1103027 0.0779960 0.6718820 0 0 255
0.1189896 0.0818054 0.7046973 0 0 255
0.1207050 0.0818499 0.7050803 0 0 255
0.1224223 0.0818944 0.7054636 0 0 255
0.1240081 0.0818509 0.7050894 0 0 255
0.1255248 0.0817636 0.7043375 0 0 255
0.1273112 0.0818520 0.7050985 0 0 255
0.1289628 0.0818525 0.7051030 0 0 255
0.1306846 0.0818970 0.7054863 0 0 255
0.1322661 0.0818535 0.7051120 0 0 255
0.1339897 0.0818980 0.7054954 0 0 255
0.1357882 0.0819867 0.7062588 0 0 255
0.1372949 0.0818991 0.7055045 0 0 255
0.1388729 0.0818556 0.7051302 0 0 255
0.1406758 0.0819442 0.7058927 0 0 255
0.1422528 0.0819007 0.7055181 0 0 255
0.1439055 0.0819012 0.7055226 0 0 255
0.1454801 0.0818577 0.7051483 0 0 255
0.1472901 0.0819463 0.7059109 0 0 255
0.1489437 0.0819468 0.7059154 0 0 255
0.1505165 0.0819033 0.7055407 0 0 255
0.1519244 0.0817720 0.7044099 0 0 255
0.1453888 0.0774139 0.6668679 0 0 255
0.1462086 0.0770233 0.6635033 0 0 255
0.1475393 0.0769073 0.6625035 0 0 255
0.1489411 0.0768303 0.6618401 0 0 255
0.1504916 0.0768308 0.6618444 0 0 255
0.1520421 0.0768313 0.6618486 0 0 255
0.1537475 0.0769093 0.6625205 0 0 255
0.1552213 0.0768710 0.6621909 0 0 255
0.1566148 0.0767941 0.6615281 0 0 255
0.1580849 0.0767559 0.6611993 0 0 255
0.1594734 0.0766792 0.6605386 0 0 255
0.1611019 0.0767183 0.6608752 0 0 255
0.1625684 0.0766802 0.6605471 0 0 255
0.1640334 0.0766421 0.6602194 0 0 255
0.1655802 0.0766426 0.6602236 0 0 255
0.1672111 0.0766817 0.6605599 0 0 255
0.1685902 0.0766056 0.6599047 0 0 255
0.1703073 0.0766831 0.6605726 0 0 255
0.1718550 0.0766836 0.6605768 0 0 255
0.1734026 0.0766841 0.6605811 0 0 255
0.1749503 0.0766846 0.6605853 0 0 255
0.1764093 0.0766466 0.6602575 0 0 255
0.1780457 0.0766856 0.6605938 0 0 255
0.1797743 0.0767633 0.6612631 0 0 255
0.1811412 0.0766866 0.6606023 0 0 255
0.1828729 0.0767643 0.6612716 0 0 255
0.1845151 0.0768034 0.6616089 0 0 255
0.1860653 0.0768039 0.6616132 0 0 255
0.1877100 0.0768431 0.6619508 0 0 255
0.1893564 0.0768824 0.6622888 0 0 255
0.1910045 0.0769216 0.6626270 0 0 255
0.1925571 0.0769221 0.6626313 0 0 255
0.1942076 0.0769614 0.6629699 0 0 255
0.1957610 0.0769619 0.6629742 0 0 255
0.1974141 0.0770013 0.6633132 0 0 255
0.1989683 0.0770018 0.6633174 0 0 255
0.2004213 0.0769634 0.6629870 0 0 255
0.2018729 0.0769251 0.6626568 0 0 255
0.2035283 0.0769644 0.6629955 0 0 255
0.2049784 0.0769261 0.6626653 0 0 255
0.2065312 0.0769266 0.6626696 0 0 255
0.2080840 0.0769271 0.6626738 0 0 255
0.2098484 0.0770052 0.6633473 0 0 255
0.2115096 0.0770446 0.6636866 0 0 255
0.2132803 0.0771231 0.6643622 0 0 255
0.2151635 0.0772407 0.6653758 0 0 255
0.2167227 0.0772412 0.6653801 0 0 255
0.2186140 0.0773593 0.6663969 0 0 255
0.2202873 0.0773990 0.6667393 0 0 255
0.2238652 0.0775569 0.6680998 0 0 255
0.2256603 0.0776364 0.6687843 0 0 255
0.2271119 0.0775974 0.6684483 0 0 255
0.2290279 0.0777165 0.6694744 0 0 255
0.2311857 0.0779155 0.6711887 0 0 255
0.2331159 0.0780356 0.6722233 0 0 255
0.2348113 0.0780761 0.6725717 0 0 255
0.2371158 0.0783171 0.6746481 0 0 255
0.2389421 0.0783981 0.6753460 0 0 255
0.2407724 0.0784793 0.6760454 0 0 255
0.2427313 0.0786011 0.6770948 0 0 255
0.2441923 0.0785612 0.6767504 0 0 255
0.2461586 0.0786832 0.6778021 0 0 255
0.2478750 0.0787244 0.6781563 0 0 255
0.2497220 0.0788062 0.6788614 0 0 255
0.2517031 0.0789291 0.6799197 0 0 255
0.2538220 0.0790933 0.6813343 0 0 255
0.2552864 0.0790528 0.6809855 0 0 255
0.2570156 0.0790943 0.6813430 0 0 255
0.2591499 0.0792592 0.6827636 0 0 255
0.2603442 0.0791363 0.6817053 0 0 255
0.2616704 0.0790548 0.6810030 0 0 255
0.2635396 0.0791374 0.6817141 0 0 255
0.2649999 0.0790968 0.6813649 0 0 255
0.2660450 0.0789336 0.6799589 0 0 255
0.2673619 0.0788525 0.6792603 0 0 255
0.2686762 0.0787716 0.6785631 0 0 255
0.2701271 0.0787314 0.6782173 0 0 255
0.2717167 0.0787319 0.6782216 0 0 255
0.2728837 0.0786107 0.6771774 0 0 255
0.2744709 0.0786112 0.6771818 0 0 255
0.2759159 0.0785712 0.6768373 0 0 255
0.2772168 0.0784909 0.6761453 0 0 255
0.2785149 0.0784107 0.6754545 0 0 255
0.2796686 0.0782910 0.6744232 0 0 255
0.2808170 0.0781711 0.6733907 0 0 255
0.2822508 0.0781316 0.6730502 0 0 255
0.2835379 0.0780522 0.6723658 0 0 255
0.2849681 0.0780127 0.6720263 0 0 255
0.2862505 0.0779335 0.6713440 0 0 255
0.2875304 0.0778545 0.6706631 0 0 255
0.2892500 0.0778947 0.6710098 0 0 255
0.2908228 0.0778952 0.6710141 0 0 255
0.2920974 0.0778163 0.6703339 0 0 255
0.2933694 0.0777375 0.6696551 0 0 255
0.2946388 0.0776588 0.6689776 0 0 255
0.2957552 0.0775409 0.6679618 0 0 255
0.2968684 0.0774234 0.6669492 0 0 255
0.2979781 0.0773062 0.6659396 0 0 255
0.2992359 0.0772284 0.6652697 0 0 255
0.2998845 0.0769951 0.6632596 0 0 255
0.3011354 0.0769179 0.6625952 0 0 255
0.3026886 0.0769184 0.6625994 0 0 255
0.3047026 0.0770354 0.6636073 0 0 255
0.3065678 0.0771138 0.6642823 0 0 255
0.3092190 0.0773881 0.6666452 0 0 255
0.3110974 0.0774672 0.6673265 0 0 255
0.3132980 0.0776253 0.6686888 0 0 255
0.3151863 0.0777049 0.6693742 0 0 255
0.3177263 0.0779435 0.6714302 0 0 255
0.3211047 0.0783845 0.6752288 0 0 255
0.3228535 0.0784253 0.6755803 0 0 255
0.3246041 0.0784662 0.6759320 0 0 255
0.3263566 0.0785070 0.6762842 0 0 255
0.3291274 0.0787913 0.6787331 0 0 255
0.3310605 0.0788733 0.6794393 0 0 255
0.3329976 0.0789554 0.6801469 0 0 255
0.3349388 0.0790377 0.6808558 0 0 255
0.3367094 0.0790792 0.6812131 0 0 255
0.3384818 0.0791207 0.6815707 0 0 255
0.3402562 0.0791623 0.6819287 0 0 255
0.3422100 0.0792450 0.6826414 0 0 255
0.3436319 0.0792044 0.6822914 0 0 255
0.3452315 0.0792049 0.6822958 0 0 255
0.3468311 0.0792054 0.6823002 0 0 255
-0.0338794 0.0820863 0.6931196 0 0 255
-0.0322569 0.0820868 0.6931240 0 0 255
-0.0305859 0.0819574 0.6920319 0 0 255
-0.0288899 0.0817430 0.6902211 0 0 255
-0.0272169 0.0815719 0.6887766 0 0 255
-0.0255777 0.0814869 0.6880588 0 0 255
-0.0239544 0.0814447 0.6877027 0 0 255
-0.0222744 0.0811900 0.6855518 0 0 255
-0.0206372 0.0810635 0.6844836 0 0 255
-0.0189853 0.0808532 0.6827078 0 0 255
-0.0173420 0.0806440 0.6809412 0 0 255
-0.0157152 0.0804775 0.6795353 0 0 255
-0.0140879 0.0802702 0.6777852 0 0 255
-0.0124754 0.0801052 0.6763923 0 0 255
-0.0108751 0.0799821 0.6753526 0 0 255
-0.0092750 0.0798189 0.6739742 0 0 255
-0.0076774 0.0796150 0.6722525 0 0 255
-0.0060973 0.0795340 0.6715690 0 0 255
-0.0045251 0.0795345 0.6715734 0 0 255
-0.0029468 0.0793726 0.6702061 0 0 255
-0.0013777 0.0793731 0.6702104 0 0 255
0.0001912 0.0792927 0.6695310 0 0 255
0.0017578 0.0792527 0.6691940 0 0 255
0.0033229 0.0792129 0.6688573 0 0 255
0.0048839 0.0791327 0.6681806 0 0 255
0.0064450 0.0790930 0.6678450 0 0 255
0.0080086 0.0790935 0.6678493 0 0 255
0.0095673 0.0790538 0.6675140 0 0 255
0.0111245 0.0790141 0.6671790 0 0 255
0.0126866 0.0790146 0.6671833 0 0 255
0.0142560 0.0790553 0.6675268 0 0 255
0.0158108 0.0790156 0.6671919 0 0 255
0.0173642 0.0789760 0.6668572 0 0 255
0.0189255 0.0789765 0.6668615 0 0 255
0.0204869 0.0789770 0.6668658 0 0 255
0.0220483 0.0789775 0.6668701 0 0 255
0.0236218 0.0790182 0.6672133 0 0 255
0.0251712 0.0789785 0.6668786 0 0 255
0.0267191 0.0789389 0.6665443 0 0 255
0.0282798 0.0789395 0.6665486 0 0 255
0.0298557 0.0789801 0.6668915 0 0 255
0.0314012 0.0789405 0.6665572 0 0 255
0.0329955 0.0790212 0.6672390 0 0 255
0.0345228 0.0789415 0.6665658 0 0 255
0.0360653 0.0789019 0.6662318 0 0 255
0.0376444 0.0789425 0.6665743 0 0 255
0.0391655 0.0788629 0.6659024 0 0 255
0.0407661 0.0789435 0.6665829 0 0 255
0.0422840 0.0788639 0.6659110 0 0 255
0.0439102 0.0789846 0.6669301 0 0 255
0.0454257 0.0789050 0.6662574 0 0 255
0.0467018 0.0784284 0.6622333 0 0 255
0.0430630 0.0699939 0.5910141 0 0 255
0.0442875 0.0697432 0.5888976 0 0 255
0.0458309 0.0699948 0.5910217 0 0 255
0.0466691 0.0691861 0.5841935 0 0 255
0.0481228 0.0693099 0.5852386 0 0 255
0.1188632 0.0833688 0.7039487 0 0 255
0.1207711 0.0835484 0.7054660 0 0 255
0.1223577 0.0835041 0.7050918 0 0 255
0.1240759 0.0835495 0.7054751 0 0 255
0.1257284 0.0835501 0.7054796 0 0 255
0.1273809 0.0835506 0.7054842 0 0 255
0.1288258 0.0834167 0.7043535 0 0 255
0.1306859 0.0835517 0.7054932 0 0 255
0.1322674 0.0835073 0.7051190 0 0 255
0.1338472 0.0834631 0.7047451 0 0 255
0.1356436 0.0835533 0.7055068 0 0 255
0.1372225 0.0835090 0.7051325 0 0 255
0.1387998 0.0834647 0.7047586 0 0 255
0.1406015 0.0835549 0.7055204 0 0 255
0.1421779 0.0835106 0.7051461 0 0 255
0.1435983 0.0833768 0.7040166 0 0 255
0.1450920 0.0832880 0.7032671 0 0 255
0.1468967 0.0833779 0.7040256 0 0 255
0.1484663 0.0833337 0.7036529 0 0 255
0.1499540 0.0832451 0.7029042 0 0 255
0.1516818 0.0832902 0.7032852 0 0 255
0.1531653 0.0832016 0.7025372 0 0 255
0.1548111 0.0832021 0.7025418 0 0 255
0.1562897 0.0831137 0.7017955 0 0 255
0.1495454 0.0786998 0.6645254 0 0 255
0.1507970 0.0785414 0.6631876 0 0 255
0.1523506 0.0785419 0.6631918 0 0 255
0.1538266 0.0785028 0.6628615 0 0 255
0.1552229 0.0784241 0.6621974 0 0 255
0.1566952 0.0783851 0.6618679 0 0 255
0.1583256 0.0784251 0.6622059 0 0 255
0.1597964 0.0783861 0.6618764 0 0 255
0.1612658 0.0783472 0.6615474 0 0 255
0.1627337 0.0783082 0.6612186 0 0 255
0.1642828 0.0783087 0.6612228 0 0 255
0.1659154 0.0783487 0.6615601 0 0 255
0.1674653 0.0783492 0.6615644 0 0 255
0.1688452 0.0782708 0.6609029 0 0 255
0.1704794 0.0783107 0.6612399 0 0 255
0.1719431 0.0782723 0.6609157 0 0 255
0.1734916 0.0782728 0.6609199 0 0 255
0.1767653 0.0783522 0.6615899 0 0 255
0.1782267 0.0783138 0.6612653 0 0 255
0.1799572 0.0783932 0.6619359 0 0 255
0.1830590 0.0783942 0.6619444 0 0 255
0.1863475 0.0784738 0.6626165 0 0 255
0.1879948 0.0785139 0.6629552 0 0 255
0.1895481 0.0785144 0.6629594 0 0 255
0.1911980 0.0785545 0.6632984 0 0 255
0.1928495 0.0785947 0.6636377 0 0 255
0.1945027 0.0786349 0.6639774 0 0 255
0.1961576 0.0786752 0.6643174 0 0 255
0.1978143 0.0787155 0.6646578 0 0 255
0.1992721 0.0786767 0.6643302 0 0 255
0.2023854 0.0786777 0.6643388 0 0 255
0.2040452 0.0787181 0.6646792 0 0 255
0.2054987 0.0786788 0.6643474 0 0 255
0.2069508 0.0786395 0.6640158 0 0 255
0.2086121 0.0786798 0.6643559 0 0 255
0.2102752 0.0787201 0.6646963 0 0 255
0.2120473 0.0788003 0.6653738 0 0 255
0.2137147 0.0788408 0.6657152 0 0 255
0.2170532 0.0789213 0.6663949 0 0 255
0.2188368 0.0790019 0.6670758 0 0 255
0.2206240 0.0790827 0.6677582 0 0 255
0.2225281 0.0792040 0.6687822 0 0 255
0.2243236 0.0792852 0.6694680 0 0 255
0.2260076 0.0793261 0.6698136 0 0 255
0.2281588 0.0795294 0.6715297 0 0 255
0.2300853 0.0796520 0.6725653 0 0 255
0.2321367 0.0798160 0.6739496 0 0 255
0.2340762 0.0799395 0.6749926 0 0 255
0.2360218 0.0800634 0.6760389 0 0 255
0.2380961 0.0802290 0.6774375 0 0 255
0.2398073 0.0802709 0.6777913 0 0 255
0.2413957 0.0802714 0.6777956 0 0 255
0.2431096 0.0803134 0.6781499 0 0 255
0.2449516 0.0803969 0.6788549 0 0 255
0.2465426 0.0803974 0.6788593 0 0 255
0.2485187 0.0805227 0.6799176 0 0 255
0.2503712 0.0806067 0.6806263 0 0 255
0.2520970 0.0806490 0.6809834 0 0 255
0.2540880 0.0807751 0.6820483 0 0 255
0.2556864 0.0807756 0.6820527 0 0 255
0.2575523 0.0808601 0.6827659 0 0 255
0.2591524 0.0808606 0.6827703 0 0 255
0.2606172 0.0808191 0.6824200 0 0 255
0.2620804 0.0807777 0.6820702 0 0 255
0.2639530 0.0808621 0.6827834 0 0 255
0.2654153 0.0808207 0.6824331 0 0 255
0.2664613 0.0806536 0.6810229 0 0 255
0.2679185 0.0806124 0.6806744 0 0 255
0.2690957 0.0804878 0.6796227 0 0 255
0.2704088 0.0804052 0.6789248 0 0 255
0.2717193 0.0803227 0.6782283 0 0 255
0.2731680 0.0802818 0.6778828 0 0 255
0.2747568 0.0802823 0.6778871 0 0 255
0.2760608 0.0802000 0.6771928 0 0 255
0.2776480 0.0802006 0.6771972 0 0 255
0.2789478 0.0801185 0.6765043 0 0 255
0.2803891 0.0800778 0.6761605 0 0 255
0.2815393 0.0799549 0.6751227 0 0 255
0.2828330 0.0798738 0.6744384 0 0 255
0.2839765 0.0797516 0.6734059 0 0 255
0.2851167 0.0796297 0.6723767 0 0 255
0.2865461 0.0795895 0.6720371 0 0 255
0.2878269 0.0795087 0.6713548 0 0 255
0.2894005 0.0795092 0.6713591 0 0 255
0.2908256 0.0794691 0.6710206 0 0 255
0.2922493 0.0794290 0.6706825 0 0 255
0.2938214 0.0794295 0.6706868 0 0 255
0.2950923 0.0793491 0.6700073 0 0 255
0.2965117 0.0793091 0.6696702 0 0 255
0.2979296 0.0792693 0.6693334 0 0 255
0.2987379 0.0790684 0.6676376 0 0 255
0.2998459 0.0789486 0.6666260 0 0 255
0.3006461 0.0787494 0.6649440 0 0 255
0.3015944 0.0785909 0.6636053 0 0 255
0.3031500 0.0785914 0.6636095 0 0 255
0.3053223 0.0787509 0.6649567 0 0 255
0.3073475 0.0788711 0.6659718 0 0 255
0.3095361 0.0790318 0.6673287 0 0 255
0.3118922 0.0792335 0.6690314 0 0 255
0.3145814 0.0795173 0.6714281 0 0 255
0.3163171 0.0795585 0.6717756 0 0 255
0.3178919 0.0795590 0.6717800 0 0 255
0.3204494 0.0798042 0.6738508 0 0 255
0.3230228 0.0800510 0.6759344 0 0 255
0.3247744 0.0800927 0.6762865 0 0 255
0.3273704 0.0803413 0.6783851 0 0 255
0.3294709 0.0804664 0.6794415 0 0 255
0.3310637 0.0804669 0.6794459 0 0 255
0.3323130 0.0803843 0.6787485 0 0 255
0.3344224 0.0805095 0.6798061 0 0 255
0.3361900 0.0805517 0.6801622 0 0 255
-0.0322402 0.0836683 0.6927649 0 0 255
-0.0305862 0.0835806 0.6920387 0 0 255
-0.0288750 0.0833181 0.6898650 0 0 255
-0.0272172 0.0831874 0.6887833 0 0 255
-0.0255913 0.0831443 0.6884264 0 0 255
-0.0239045 0.0828840 0.6862710 0 0 255
-0.0222630 0.0827547 0.6852006 0 0 255
-0.0206159 0.0825828 0.6837770 0 0 255
-0.0189658 0.0823688 0.6820049 0 0 255
-0.0173331 0.0821984 0.6805947 0 0 255
-0.0157073 0.0820288 0.6791905 0 0 255
-0.0140953 0.0819022 0.6781420 0 0 255
-0.0124755 0.0816917 0.6763990 0 0 255
-0.0108752 0.0815661 0.6753593 0 0 255
-0.0092608 0.0812745 0.6729442 0 0 255
-0.0076814 0.0812333 0.6726037 0 0 255
-0.0061068 0.0812338 0.6726080 0 0 255
-0.0045274 0.0811512 0.6719237 0 0 255
-0.0029498 0.0810273 0.6708977 0 0 255
-0.0013784 0.0809864 0.6705593 0 0 255
0.0001914 0.0809456 0.6702212 0 0 255
0.0017587 0.0808635 0.6695418 0 0 255
0.0033229 0.0807817 0.6688638 0 0 255
0.0048839 0.0806999 0.6681872 0 0 255
0.0064483 0.0807004 0.6681915 0 0 255
0.0080127 0.0807010 0.6681958 0 0 255
0.0095674 0.0806194 0.6675205 0 0 255
0.0111360 0.0806609 0.6678644 0 0 255
0.0126932 0.0806205 0.6675291 0 0 255
0.0142561 0.0806210 0.6675334 0 0 255
0.0158190 0.0806215 0.6675377 0 0 255
0.0173732 0.0805810 0.6672027 0 0 255
0.0189353 0.0805815 0.6672069 0 0 255
0.0205080 0.0806230 0.6675506 0 0 255
0.0220485 0.0805416 0.6668766 0 0 255
0.0236100 0.0805422 0.6668809 0 0 255
0.0251587 0.0805018 0.6665466 0 0 255
0.0267329 0.0805432 0.6668895 0 0 255
0.0282944 0.0805437 0.6668937 0 0 255
0.0298408 0.0805033 0.6665594 0 0 255
0.0314016 0.0805039 0.6665637 0 0 255
0.0329791 0.0805453 0.6669066 0 0 255
0.0344881 0.0804232 0.6658961 0 0 255
0.0360656 0.0804646 0.6662384 0 0 255
0.0376257 0.0804651 0.6662427 0 0 255
0.0391857 0.0804656 0.6662469 0 0 255
0.0407665 0.0805070 0.6665895 0 0 255
0.0423059 0.0804666 0.6662555 0 0 255
0.0438660 0.0804671 0.6662598 0 0 255
0.0454954 0.0805904 0.6672799 0 0 255
0.0466787 0.0799413 0.6619059 0 0 255
0.0428704 0.0710603 0.5883719 0 0 255
0.0439727 0.0706182 0.5847119 0 0 255
0.0453419 0.0706187 0.5847157 0 0 255
0.0464629 0.0702439 0.5816120 0 0 255
0.1095211 0.0805712 0.6671211 0 0 255
0.1207722 0.0852031 0.7054729 0 0 255
0.1224247 0.0852036 0.7054774 0 0 255
0.1240105 0.0851584 0.7051032 0 0 255
0.1257296 0.0852047 0.7054865 0 0 255
0.1274506 0.0852511 0.7058702 0 0 255
0.1289654 0.0851601 0.7051167 0 0 255
0.1307574 0.0852522 0.7058793 0 0 255
0.1323398 0.0852069 0.7055046 0 0 255
0.1338485 0.0851160 0.7047519 0 0 255
0.1349923 0.0847980 0.7021189 0 0 255
0.1364910 0.0847080 0.7013734 0 0 255
0.1382816 0.0847991 0.7021279 0 0 255
0.1400761 0.0848904 0.7028840 0 0 255
0.1415711 0.0848002 0.7021369 0 0 255
0.1432158 0.0848007 0.7021414 0 0 255
0.1447832 0.0847560 0.7017707 0 0 255
0.1465054 0.0848018 0.7021504 0 0 255
0.1482295 0.0848477 0.7025306 0 0 255
0.1497951 0.0848029 0.7021595 0 0 255
0.1514400 0.0848035 0.7021640 0 0 255
0.1530031 0.0847587 0.7017934 0 0 255
0.1547298 0.0848045 0.7021731 0 0 255
0.1562912 0.0847598 0.7018024 0 0 255
0.1576825 0.0846247 0.7006837 0 0 255
0.1568975 0.0833364 0.6900170 0 0 255
0.1541422 0.0810385 0.6709905 0 0 255
0.1539058 0.0800979 0.6632026 0 0 255
0.1553810 0.0800580 0.6628722 0 0 255
0.1570132 0.0800989 0.6632111 0 0 255
0.1584070 0.0800187 0.6625463 0 0 255
0.1599591 0.0800192 0.6625506 0 0 255
0.1615114 0.0800197 0.6625549 0 0 255
0.1628172 0.0798993 0.6615581 0 0 255
0.1646158 0.0800207 0.6625633 0 0 255
0.1660843 0.0799809 0.6622337 0 0 255
0.1676358 0.0799814 0.6622379 0 0 255
0.1691021 0.0799416 0.6619084 0 0 255
0.1707389 0.0799824 0.6622464 0 0 255
0.1722036 0.0799426 0.6619169 0 0 255
0.1739297 0.0800238 0.6625889 0 0 255
0.1753936 0.0799840 0.6622592 0 0 255
0.1769452 0.0799845 0.6622634 0 0 255
0.1785869 0.0800253 0.6626016 0 0 255
0.1802302 0.0800662 0.6629403 0 0 255
0.1816918 0.0800264 0.6626102 0 0 255
0.1834293 0.0801077 0.6632835 0 0 255
0.1849834 0.0801082 0.6632878 0 0 255
0.1865375 0.0801087 0.6632921 0 0 255
0.1882817 0.0801902 0.6639668 0 0 255
0.1899334 0.0802313 0.6643069 0 0 255
0.1914899 0.0802318 0.6643111 0 0 255
0.1931441 0.0802729 0.6646515 0 0 255
0.1948000 0.0803140 0.6649922 0 0 255
0.1966568 0.0804367 0.6660079 0 0 255
0.1981169 0.0803965 0.6656747 0 0 255
0.1995755 0.0803563 0.6653419 0 0 255
0.2013384 0.0804383 0.6660207 0 0 255
0.2026935 0.0803573 0.6653504 0 0 255
0.2043561 0.0803986 0.6656918 0 0 255
0.2058116 0.0803583 0.6653589 0 0 255
0.2074758 0.0803996 0.6657003 0 0 255
0.2090356 0.0804001 0.6657046 0 0 255
0.2107023 0.0804414 0.6660464 0 0 255
0.2123707 0.0804827 0.6663885 0 0 255
0.2141495 0.0805649 0.6670695 0 0 255
0.2157126 0.0805655 0.6670738 0 0 255
0.2176072 0.0806889 0.6680957 0 0 255
0.2193959 0.0807715 0.6687801 0 0 255
0.2210755 0.0808132 0.6691250 0 0 255
0.2230980 0.0809787 0.6704953 0 0 255
0.2246692 0.0809792 0.6704996 0 0 255
0.2267032 0.0811454 0.6718753 0 0 255
0.2287456 0.0813122 0.6732568 0 0 255
0.2305596 0.0813962 0.6739519 0 0 255
0.2323773 0.0814803 0.6746482 0 0 255
0.2345605 0.0816905 0.6763892 0 0 255
0.2363890 0.0817752 0.6770906 0 0 255
0.2383442 0.0819024 0.6781434 0 0 255
0.2400573 0.0819452 0.6784980 0 0 255
0.2415227 0.0819034 0.6781521 0 0 255
0.2433631 0.0819886 0.6788572 0 0 255
0.2452074 0.0820739 0.6795638 0 0 255
0.2468000 0.0820745 0.6795681 0 0 255
0.2489076 0.0822451 0.6809813 0 0 255
0.2506334 0.0822883 0.6813388 0 0 255
0.2522301 0.0822888 0.6813432 0 0 255
0.2540905 0.0823748 0.6820549 0 0 255
0.2556889 0.0823753 0.6820594 0 0 255
0.2572874 0.0823759 0.6820638 0 0 255
0.2587516 0.0823337 0.6817143 0 0 255
0.2604845 0.0823769 0.6820725 0 0 255
0.2620830 0.0823775 0.6820769 0 0 255
0.2635448 0.0823352 0.6817274 0 0 255
0.2652802 0.0823785 0.6820856 0 0 255
0.2661879 0.0821658 0.6803243 0 0 255
0.2679211 0.0822089 0.6806810 0 0 255
0.2693770 0.0821668 0.6803331 0 0 255
0.2705513 0.0820399 0.6792824 0 0 255
0.2718623 0.0819557 0.6785852 0 0 255
0.2734528 0.0819563 0.6785895 0 0 255
0.2747594 0.0818722 0.6778938 0 0 255
0.2762058 0.0818305 0.6775486 0 0 255
0.2777939 0.0818311 0.6775529 0 0 255
0.2790941 0.0817473 0.6768593 0 0 255
0.2803918 0.0816637 0.6761671 0 0 255
0.2816868 0.0815803 0.6754763 0 0 255
0.2825457 0.0813722 0.6737535 0 0 255
0.2839793 0.0813310 0.6734125 0 0 255
0.2854115 0.0812899 0.6730719 0 0 255
0.2868422 0.0812488 0.6727317 0 0 255
0.2879768 0.0811247 0.6717045 0 0 255
0.2895513 0.0811253 0.6717088 0 0 255
0.2909770 0.0810843 0.6713700 0 0 255
0.2925507 0.0810848 0.6713743 0 0 255
0.2938243 0.0810026 0.6706934 0 0 255
0.2952457 0.0809618 0.6703556 0 0 255
0.2966657 0.0809211 0.6700181 0 0 255
0.2982363 0.0809216 0.6700224 0 0 255
0.2990446 0.0807163 0.6683232 0 0 255
0.3004584 0.0806758 0.6679878 0 0 255
0.3014115 0.0805127 0.6666368 0 0 255
0.3025138 0.0803909 0.6656283 0 0 255
0.3043825 0.0804729 0.6663074 0 0 255
0.3065661 0.0806369 0.6676657 0 0 255
0.3084446 0.0807195 0.6683490 0 0 255
0.3101690 0.0807611 0.6686933 0 0 255
0.3128507 0.0810502 0.6710876 0 0 255
0.3145845 0.0810921 0.6714347 0 0 255
0.3159971 0.0810513 0.6710961 0 0 255
0.3182203 0.0812177 0.6724740 0 0 255
0.3209461 0.0815101 0.6748953 0 0 255
0.3225283 0.0815106 0.6748997 0 0 255
0.3244436 0.0815949 0.6755978 0 0 255
0.3272047 0.0818901 0.6780418 0 0 255
0.3284554 0.0818062 0.6773473 0 0 255
0.3302135 0.0818489 0.6777009 0 0 255
0.3318022 0.0818495 0.6777052 0 0 255
0.3335630 0.0818922 0.6780592 0 0 255
-0.0322405 0.0852932 0.6927716 0 0 255
-0.0304742 0.0848910 0.6895049 0 0 255
-0.0288601 0.0848915 0.6895094 0 0 255
-0.0272317 0.0848475 0.6891518 0 0 255
-0.0255916 0.0847590 0.6884332 0 0 255
-0.0238922 0.0844495 0.6859192 0 0 255
-0.0222632 0.0843618 0.6852073 0 0 255
-0.0205947 0.0840990 0.6830721 0 0 255
-0.0189758 0.0840121 0.6823663 0 0 255
-0.0173333 0.0837948 0.6806014 0 0 255
-0.0156993 0.0835786 0.6788458 0 0 255
-0.0140882 0.0834497 0.6777984 0 0 255
-0.0124821 0.0833211 0.6767544 0 0 255
-0.0108753 0.0831502 0.6753659 0 0 255
-0.0092657 0.0828953 0.6732960 0 0 255
-0.0076815 0.0828109 0.6726102 0 0 255
-0.0061006 0.0827267 0.6719260 0 0 255
-0.0045229 0.0826426 0.6712430 0 0 255
-0.0029483 0.0825587 0.6705616 0 0 255
-0.0013777 0.0825171 0.6702235 0 0 255
0.0001915 0.0825597 0.6705702 0 0 255
0.0017588 0.0824339 0.6695483 0 0 255
0.0033246 0.0823924 0.6692113 0 0 255
0.0048889 0.0823510 0.6688746 0 0 255
0.0064517 0.0823096 0.6685383 0 0 255
0.0080128 0.0822682 0.6682023 0 0 255
0.0095724 0.0822269 0.6678666 0 0 255
0.0111361 0.0822274 0.6678709 0 0 255
0.0126869 0.0821443 0.6671963 0 0 255
0.0142562 0.0821867 0.6675399 0 0 255
0.0158111 0.0821454 0.6672049 0 0 255
0.0173645 0.0821042 0.6668702 0 0 255
0.0189355 0.0821465 0.6672134 0 0 255
0.0204977 0.0821470 0.6672177 0 0 255
0.0220600 0.0821475 0.6672220 0 0 255
0.0236102 0.0821063 0.6668874 0 0 255
0.0251589 0.0820652 0.6665531 0 0 255
0.0267332 0.0821074 0.6668960 0 0 255
0.0282804 0.0820662 0.6665617 0 0 255
0.0298260 0.0820251 0.6662278 0 0 255
0.0313859 0.0820256 0.6662320 0 0 255
0.0329459 0.0820262 0.6662363 0 0 255
0.0344884 0.0819851 0.6659027 0 0 255
0.0360477 0.0819856 0.6659070 0 0 255
0.0376069 0.0819861 0.6659112 0 0 255
0.0391861 0.0820283 0.6662534 0 0 255
0.0407462 0.0820288 0.6662577 0 0 255
0.0423063 0.0820293 0.6662620 0 0 255
0.0439110 0.0821132 0.6669432 0 0 255
0.0455190 0.0821972 0.6676258 0 0 255
0.0465618 0.0812889 0.6602481 0 0 255
0.0429093 0.0725053 0.5889054 0 0 255
0.0436621 0.0714805 0.5805817 0 0 255
0.0450216 0.0714809 0.5805854 0 0 255
0.1207086 0.0868111 0.7051010 0 0 255
0.1224917 0.0869050 0.7058635 0 0 255
0.1240783 0.0868589 0.7054889 0 0 255
0.1257308 0.0868594 0.7054934 0 0 255
0.1273150 0.0868134 0.7051191 0 0 255
0.1287592 0.0866743 0.7039896 0 0 255
0.1299207 0.0863508 0.7013622 0 0 255
0.1316339 0.0863975 0.7017415 0 0 255
0.1331354 0.0863058 0.7009969 0 0 255
0.1347055 0.0862603 0.7006274 0 0 255
0.1362740 0.0862149 0.7002583 0 0 255
0.1379879 0.0862615 0.7006364 0 0 255
0.1397036 0.0863081 0.7010149 0 0 255
0.1414213 0.0863547 0.7013938 0 0 255
0.1430643 0.0863553 0.7013984 0 0 255
0.1447073 0.0863558 0.7014028 0 0 255
0.1463504 0.0863564 0.7014074 0 0 255
0.1482310 0.0864955 0.7025375 0 0 255
0.1497166 0.0864036 0.7017912 0 0 255
0.1514415 0.0864504 0.7021709 0 0 255
0.1530864 0.0864509 0.7021754 0 0 255
0.1546486 0.0864053 0.7018047 0 0 255
0.1562092 0.0863597 0.7014344 0 0 255
0.1578525 0.0863603 0.7014389 0 0 255
0.1570641 0.0850442 0.6907496 0 0 255
0.1587658 0.0850895 0.6911175 0 0 255
0.1600480 0.0849113 0.6896703 0 0 255
0.1563293 0.0821100 0.6669174 0 0 255
0.1569355 0.0816133 0.6628829 0 0 255
0.1585685 0.0816550 0.6632218 0 0 255
0.1599607 0.0815732 0.6625571 0 0 255
0.1615944 0.0816149 0.6628957 0 0 255
0.1631475 0.0816154 0.6629000 0 0 255
0.1647005 0.0816159 0.6629042 0 0 255
0.1663375 0.0816576 0.6632432 0 0 255
0.1679762 0.0816994 0.6635825 0 0 255
0.1694452 0.0816587 0.6632517 0 0 255
0.1709129 0.0816180 0.6629212 0 0 255
0.1724660 0.0816185 0.6629255 0 0 255
0.1741950 0.0817015 0.6635996 0 0 255
0.1756610 0.0816608 0.6632687 0 0 255
0.1772150 0.0816613 0.6632730 0 0 255
0.1786788 0.0816206 0.6629425 0 0 255
0.1801411 0.0815800 0.6626124 0 0 255
0.1818770 0.0816629 0.6632857 0 0 255
0.1836165 0.0817460 0.6639606 0 0 255
0.1850787 0.0817052 0.6636294 0 0 255
0.1867279 0.0817470 0.6639691 0 0 255
0.1883788 0.0817889 0.6643091 0 0 255
0.1901276 0.0818722 0.6649859 0 0 255
0.1917827 0.0819142 0.6653270 0 0 255
0.1933417 0.0819147 0.6653312 0 0 255
0.1950982 0.0819983 0.6660101 0 0 255
0.1966587 0.0819988 0.6660144 0 0 255
0.1983198 0.0820410 0.6663565 0 0 255
0.1999826 0.0820831 0.6666989 0 0 255
0.2015448 0.0820836 0.6667032 0 0 255
0.2032101 0.0821259 0.6670460 0 0 255
0.2047731 0.0821264 0.6670503 0 0 255
0.2063361 0.0821269 0.6670546 0 0 255
0.2081105 0.0822109 0.6677369 0 0 255
0.2096751 0.0822114 0.6677412 0 0 255
0.2113472 0.0822538 0.6680850 0 0 255
0.2130210 0.0822962 0.6684293 0 0 255
0.2146966 0.0823386 0.6687738 0 0 255
0.2164841 0.0824230 0.6694596 0 0 255
0.2181640 0.0824656 0.6698052 0 0 255
0.2199578 0.0825503 0.6704932 0 0 255
0.2219821 0.0827196 0.6718689 0 0 255
0.2236709 0.0827625 0.6722170 0 0 255
0.2254769 0.0828478 0.6729099 0 0 255
0.2274032 0.0829758 0.6739498 0 0 255
0.2294533 0.0831470 0.6753397 0 0 255
0.2310359 0.0831475 0.6753440 0 0 255
0.2328579 0.0832336 0.6760434 0 0 255
0.2349256 0.0834058 0.6774420 0 0 255
0.2366352 0.0834494 0.6777958 0 0 255
0.2384696 0.0835361 0.6785002 0 0 255
0.2401837 0.0835798 0.6788551 0 0 255
0.2417746 0.0835803 0.6788595 0 0 255
0.2434913 0.0836241 0.6792148 0 0 255
0.2453367 0.0837111 0.6799222 0 0 255
0.2468024 0.0836684 0.6795748 0 0 255
0.2490391 0.0838859 0.6813412 0 0 255
0.2506358 0.0838864 0.6813455 0 0 255
0.2522326 0.0838869 0.6813499 0 0 255
0.2539611 0.0839310 0.6817078 0 0 255
0.2556914 0.0839751 0.6820660 0 0 255
0.2570231 0.0838885 0.6813630 0 0 255
0.2587541 0.0839326 0.6817209 0 0 255
0.2602169 0.0838896 0.6813718 0 0 255
0.2619496 0.0839337 0.6817297 0 0 255
0.2632742 0.0838472 0.6810274 0 0 255
0.2650077 0.0838912 0.6813849 0 0 255
0.2666046 0.0838918 0.6813893 0 0 255
0.2680626 0.0838488 0.6810405 0 0 255
0.2695191 0.0838059 0.6806921 0 0 255
0.2708339 0.0837197 0.6799920 0 0 255
0.2721460 0.0836337 0.6792933 0 0 255
0.2735967 0.0835911 0.6789467 0 0 255
0.2750459 0.0835484 0.6786005 0 0 255
0.2763510 0.0834628 0.6779047 0 0 255
0.2776534 0.0833773 0.6772103 0 0 255
0.2790969 0.0833349 0.6768659 0 0 255
0.2802503 0.0832068 0.6758260 0 0 255
0.2818344 0.0832074 0.6758303 0 0 255
0.2825485 0.0829525 0.6737601 0 0 255
0.2839821 0.0829105 0.6734191 0 0 255
0.2852682 0.0828261 0.6727340 0 0 255
0.2869919 0.0828691 0.6730828 0 0 255
0.2882743 0.0827848 0.6723984 0 0 255
0.2898504 0.0827854 0.6724027 0 0 255
0.2909799 0.0826590 0.6713765 0 0 255
0.2925536 0.0826596 0.6713809 0 0 255
0.2941273 0.0826601 0.6713852 0 0 255
0.2953993 0.0825763 0.6707043 0 0 255
0.2971230 0.0826189 0.6710510 0 0 255
0.2986960 0.0826195 0.6710553 0 0 255
0.3001158 0.0825778 0.6707172 0 0 255
0.3010734 0.0824101 0.6693552 0 0 255
0.3023345 0.0823268 0.6686783 0 0 255
0.3037475 0.0822855 0.6683426 0 0 255
0.3054695 0.0823279 0.6686869 0 0 255
0.3075064 0.0824543 0.6697134 0 0 255
0.3090762 0.0824548 0.6697177 0 0 255
0.3106462 0.0824553 0.6697220 0 0 255
0.3128538 0.0826242 0.6710941 0 0 255
0.3145876 0.0826670 0.6714413 0 0 255
0.3164850 0.0827521 0.6721323 0 0 255
0.3180606 0.0827526 0.6721366 0 0 255
0.3202914 0.0829227 0.6735186 0 0 255
0.3220354 0.0829658 0.6738682 0 0 255
0.3241136 0.0830941 0.6749106 0 0 255
0.3260306 0.0831801 0.6756088 0 0 255
0.3279516 0.0832662 0.6763084 0 0 255
0.3295371 0.0832667 0.6763127 0 0 255
0.3312930 0.0833101 0.6766652 0 0 255
-0.0344403 0.0928475 0.7400392 0 0 255
-0.0304745 0.0865082 0.6895117 0 0 255
-0.0288453 0.0864633 0.6891540 0 0 255
-0.0272034 0.0863732 0.6884356 0 0 255
-0.0256053 0.0864191 0.6888012 0 0 255
-0.0238800 0.0860134 0.6855676 0 0 255
-0.0222171 0.0857899 0.6837861 0 0 255
-0.0205841 0.0856565 0.6827235 0 0 255
-0.0189760 0.0856126 0.6823729 0 0 255
-0.0173425 0.0854354 0.6809612 0 0 255
-0.0157157 0.0852591 0.6795553 0 0 255
-0.0140956 0.0850834 0.6781552 0 0 255
-0.0124822 0.0849085 0.6767610 0 0 255
-0.0108810 0.0847779 0.6757201 0 0 255
-0.0092705 0.0845179 0.6736481 0 0 255
-0.0076776 0.0843453 0.6722723 0 0 255
-0.0061006 0.0843027 0.6719325 0 0 255
-0.0045275 0.0843032 0.6719368 0 0 255
-0.0029529 0.0842606 0.6715974 0 0 255
-0.0013799 0.0842181 0.6712582 0 0 255
0.0001914 0.0840896 0.6702343 0 0 255
0.0017597 0.0840472 0.6698966 0 0 255
0.0033264 0.0840049 0.6695592 0 0 255
0.0048890 0.0839198 0.6688812 0 0 255
0.0064550 0.0839204 0.6688855 0 0 255
0.0080210 0.0839209 0.6688898 0 0 255
0.0095774 0.0838360 0.6682131 0 0 255
0.0111305 0.0837513 0.6675378 0 0 255
0.0126999 0.0837945 0.6678818 0 0 255
0.0142564 0.0837524 0.6675465 0 0 255
0.0158193 0.0837529 0.6675508 0 0 255
0.0173647 0.0836684 0.6668769 0 0 255
0.0189357 0.0837114 0.6672201 0 0 255
0.0204979 0.0837120 0.6672243 0 0 255
0.0220602 0.0837125 0.6672286 0 0 255
0.0235985 0.0836280 0.6665553 0 0 255
0.0251592 0.0836286 0.6665596 0 0 255
0.0267199 0.0836291 0.6665639 0 0 255
0.0282806 0.0836297 0.6665682 0 0 255
0.0298262 0.0835878 0.6662343 0 0 255
0.0313703 0.0835459 0.6659006 0 0 255
0.0329295 0.0835464 0.6659049 0 0 255
0.0344888 0.0835470 0.6659092 0 0 255
0.0360480 0.0835475 0.6659135 0 0 255
0.0376455 0.0836329 0.6665939 0 0 255
0.0391865 0.0835910 0.6662599 0 0 255
0.0407466 0.0835915 0.6662642 0 0 255
0.0423067 0.0835920 0.6662685 0 0 255
0.0438892 0.0836350 0.6666111 0 0 255
0.0455194 0.0837632 0.6676323 0 0 255
0.0465622 0.0828375 0.6602545 0 0 255
0.0427184 0.0735572 0.5862858 0 0 255
0.0437786 0.0730360 0.5821315 0 0 255
0.0426118 0.0689431 0.5495093 0 0 255
0.1207097 0.0884650 0.7051079 0 0 255
0.1219684 0.0881814 0.7028480 0 0 255
0.1234165 0.0880406 0.7017258 0 0 255
0.1252610 0.0881826 0.7028571 0 0 255
0.1266362 0.0879947 0.7013600 0 0 255
0.1280056 0.0878077 0.6998695 0 0 255
0.1295760 0.0877615 0.6995012 0 0 255
0.1310748 0.0876687 0.6987613 0 0 255
0.1324298 0.0874831 0.6972818 0 0 255
0.1339920 0.0874372 0.6969162 0 0 255
0.1359130 0.0876238 0.6984032 0 0 255
0.1374028 0.0875312 0.6976656 0 0 255
0.1391110 0.0875783 0.6980409 0 0 255
0.1407461 0.0875789 0.6980454 0 0 255
0.1423057 0.0875329 0.6976790 0 0 255
0.1440165 0.0875800 0.6980544 0 0 255
0.1458067 0.0876738 0.6988017 0 0 255
0.1475222 0.0877210 0.6991782 0 0 255
0.1491601 0.0877216 0.6991827 0 0 255
0.1508783 0.0877689 0.6995596 0 0 255
0.1528427 0.0879568 0.7010578 0 0 255
0.1544851 0.0879574 0.7010623 0 0 255
0.1561274 0.0879579 0.7010668 0 0 255
0.1574336 0.0877711 0.6995776 0 0 255
0.1592421 0.0878653 0.7003282 0 0 255
0.1600294 0.0873998 0.6966181 0 0 255
0.1618331 0.0874932 0.6973624 0 0 255
0.1617502 0.0865750 0.6900438 0 0 255
0.1628535 0.0863035 0.6878800 0 0 255
0.1587303 0.0832947 0.6638987 0 0 255
0.1601238 0.0832112 0.6632326 0 0 255
0.1615960 0.0831697 0.6629022 0 0 255
0.1633964 0.0832963 0.6639115 0 0 255
0.1652023 0.0834234 0.6649240 0 0 255
0.1668446 0.0834661 0.6652650 0 0 255
0.1683179 0.0834244 0.6649325 0 0 255
0.1698757 0.0834250 0.6649368 0 0 255
0.1713469 0.0833833 0.6646047 0 0 255
0.1729915 0.0834261 0.6649454 0 0 255
0.1743729 0.0833422 0.6642773 0 0 255
0.1758403 0.0833006 0.6639457 0 0 255
0.1774856 0.0833433 0.6642858 0 0 255
0.1790419 0.0833438 0.6642900 0 0 255
0.1805070 0.0833022 0.6639585 0 0 255
0.1820627 0.0833028 0.6639628 0 0 255
0.1837112 0.0833454 0.6643028 0 0 255
0.1854552 0.0834303 0.6649796 0 0 255
0.1871080 0.0834731 0.6653206 0 0 255
0.1887624 0.0835160 0.6656620 0 0 255
0.1904186 0.0835588 0.6660038 0 0 255
0.1922715 0.0836866 0.6670225 0 0 255
0.1937360 0.0836447 0.6666883 0 0 255
0.1954965 0.0837302 0.6673700 0 0 255
0.1970602 0.0837308 0.6673743 0 0 255
0.1988260 0.0838165 0.6680573 0 0 255
0.2005953 0.0839023 0.6687416 0 0 255
0.2021623 0.0839029 0.6687459 0 0 255
0.2036256 0.0838607 0.6684100 0 0 255
0.2052963 0.0839040 0.6687546 0 0 255
0.2069686 0.0839472 0.6690994 0 0 255
0.2083243 0.0838623 0.6684229 0 0 255
0.2099974 0.0839056 0.6687675 0 0 255
0.2117801 0.0839916 0.6694533 0 0 255
0.2134575 0.0840350 0.6697989 0 0 255
0.2151367 0.0840784 0.6701447 0 0 255
0.2172611 0.0842939 0.6718625 0 0 255
0.2188355 0.0842944 0.6718668 0 0 255
0.2205227 0.0843381 0.6722150 0 0 255
0.2224393 0.0844683 0.6732526 0 0 255
0.2243619 0.0845989 0.6742935 0 0 255
0.2260580 0.0846429 0.6746441 0 0 255
0.2278729 0.0847304 0.6753420 0 0 255
0.2296917 0.0848182 0.6760414 0 0 255
0.2313950 0.0848624 0.6763937 0 0 255
0.2332202 0.0849504 0.6770952 0 0 255
0.2350491 0.0850386 0.6777982 0 0 255
0.2370043 0.0851710 0.6788531 0 0 255
0.2385952 0.0851715 0.6788574 0 0 255
0.2401861 0.0851720 0.6788618 0 0 255
0.2419020 0.0852166 0.6792171 0 0 255
0.2436197 0.0852612 0.6795728 0 0 255
0.2454661 0.0853501 0.6802808 0 0 255
0.2470604 0.0853506 0.6802852 0 0 255
0.2489124 0.0854396 0.6809947 0 0 255
0.2503786 0.0853959 0.6806463 0 0 255
0.2519737 0.0853965 0.6806507 0 0 255
0.2539636 0.0855299 0.6817145 0 0 255
0.2551641 0.0853976 0.6806594 0 0 255
0.2567593 0.0853981 0.6806638 0 0 255
0.2583545 0.0853987 0.6806681 0 0 255
0.2602194 0.0854878 0.6813784 0 0 255
0.2616806 0.0854440 0.6810297 0 0 255
0.2630041 0.0853561 0.6803288 0 0 255
0.2647357 0.0854009 0.6806856 0 0 255
0.2664690 0.0854457 0.6810428 0 0 255
0.2677877 0.0853577 0.6803420 0 0 255
0.2692428 0.0853141 0.6799943 0 0 255
0.2706965 0.0852705 0.6796469 0 0 255
0.2721486 0.0852270 0.6793000 0 0 255
0.2733169 0.0850956 0.6782525 0 0 255
0.2746231 0.0850084 0.6775574 0 0 255
0.2760689 0.0849651 0.6772126 0 0 255
0.2775131 0.0849219 0.6768681 0 0 255
0.2788124 0.0848351 0.6761760 0 0 255
0.2803973 0.0848356 0.6761803 0 0 255
0.2816923 0.0847489 0.6754895 0 0 255
0.2828412 0.0846196 0.6744582 0 0 255
0.2839848 0.0844900 0.6734257 0 0 255
0.2854171 0.0844473 0.6730852 0 0 255
0.2869948 0.0844478 0.6730894 0 0 255
0.2882772 0.0843620 0.6724051 0 0 255
0.2898532 0.0843625 0.6724094 0 0 255
0.2912803 0.0843199 0.6720698 0 0 255
0.2925564 0.0842343 0.6713874 0 0 255
0.2941302 0.0842348 0.6713918 0 0 255
0.2957040 0.0842354 0.6713961 0 0 255
0.2972777 0.0842359 0.6714004 0 0 255
0.2990043 0.0842795 0.6717479 0 0 255
0.3005790 0.0842801 0.6717522 0 0 255
0.3018450 0.0841945 0.6710705 0 0 255
0.3031085 0.0841092 0.6703902 0 0 255
0.3046800 0.0841097 0.6703945 0 0 255
0.3057836 0.0839817 0.6693745 0 0 255
0.3078230 0.0841108 0.6704031 0 0 255
0.3093945 0.0841113 0.6704074 0 0 255
0.3109661 0.0841119 0.6704117 0 0 255
0.3130167 0.0842413 0.6714435 0 0 255
0.3144301 0.0841988 0.6711050 0 0 255
0.3161647 0.0842424 0.6714521 0 0 255
0.3179011 0.0842860 0.6717996 0 0 255
0.3201305 0.0844592 0.6731802 0 0 255
0.3220385 0.0845464 0.6738748 0 0 255
0.3237842 0.0845903 0.6742248 0 0 255
0.3256990 0.0846777 0.6749215 0 0 255
0.3272812 0.0846782 0.6749258 0 0 255
-0.0304588 0.0880792 0.6891564 0 0 255
-0.0288153 0.0879874 0.6884378 0 0 255
-0.0272037 0.0879879 0.6884422 0 0 255
-0.0255921 0.0879885 0.6884467 0 0 255
-0.0238678 0.0875757 0.6852163 0 0 255
-0.0222405 0.0874849 0.6845060 0 0 255
-0.0205843 0.0872579 0.6827301 0 0 255
-0.0189663 0.0871678 0.6820250 0 0 255
-0.0173607 0.0871231 0.6816751 0 0 255
-0.0157077 0.0868080 0.6792103 0 0 255
-0.0141030 0.0867188 0.6785125 0 0 255
-0.0124823 0.0864958 0.6767676 0 0 255
-0.0108811 0.0863628 0.6757267 0 0 255
-0.0092801 0.0861859 0.6743425 0 0 255
-0.0076856 0.0860103 0.6729683 0 0 255
-0.0061038 0.0859227 0.6722832 0 0 255
-0.0045276 0.0858793 0.6719434 0 0 255
-0.0029529 0.0858359 0.6716039 0 0 255
-0.0013785 0.0857049 0.6705790 0 0 255
0.0001915 0.0857054 0.6705832 0 0 255
0.0017615 0.0857060 0.6705877 0 0 255
0.0033281 0.0856191 0.6699076 0 0 255
0.0048940 0.0855759 0.6695701 0 0 255
0.0064584 0.0855329 0.6692331 0 0 255
0.0080170 0.0854463 0.6685557 0 0 255
0.0095823 0.0854468 0.6685600 0 0 255
0.0111363 0.0853605 0.6678841 0 0 255
0.0127065 0.0854045 0.6682283 0 0 255
0.0142710 0.0854050 0.6682326 0 0 255
0.0158195 0.0853187 0.6675573 0 0 255
0.0173825 0.0853193 0.6675616 0 0 255
0.0189359 0.0852764 0.6672266 0 0 255
0.0204877 0.0852337 0.6668919 0 0 255
0.0220492 0.0852342 0.6668962 0 0 255
0.0235987 0.0851915 0.6665618 0 0 255
0.0251722 0.0852353 0.6669047 0 0 255
0.0267201 0.0851926 0.6665704 0 0 255
0.0282522 0.0851067 0.6658986 0 0 255
0.0298265 0.0851504 0.6662408 0 0 255
0.0313865 0.0851510 0.6662450 0 0 255
0.0328965 0.0850221 0.6652365 0 0 255
0.0344542 0.0850226 0.6652408 0 0 255
0.0360484 0.0851094 0.6659200 0 0 255
0.0376268 0.0851532 0.6662621 0 0 255
0.0391869 0.0851537 0.6662664 0 0 255
0.0407470 0.0851543 0.6662707 0 0 255
0.0422857 0.0851116 0.6659371 0 0 255
0.0438673 0.0851554 0.6662793 0 0 255
0.0455662 0.0854160 0.6683185 0 0 255
0.0412355 0.0747317 0.5847216 0 0 255
0.0422287 0.0740726 0.5795646 0 0 255
0.0421721 0.0716704 0.5607689 0 0 255
0.1215143 0.0894947 0.7002316 0 0 255
0.1229578 0.0893523 0.6991177 0 0 255
0.1238700 0.0888327 0.6950520 0 0 255
0.1256977 0.0889746 0.6961618 0 0 255
0.1272609 0.0889280 0.6957974 0 0 255
0.1289590 0.0889757 0.6961707 0 0 255
0.1304514 0.0888820 0.6954378 0 0 255
0.1322906 0.0890240 0.6965489 0 0 255
0.1339933 0.0890719 0.6969230 0 0 255
0.1356258 0.0890724 0.6969275 0 0 255
0.1371128 0.0889786 0.6961931 0 0 255
0.1388172 0.0890263 0.6965668 0 0 255
0.1403745 0.0889797 0.6962020 0 0 255
0.1420053 0.0889803 0.6962065 0 0 255
0.1437124 0.0890280 0.6965802 0 0 255
0.1453441 0.0890286 0.6965846 0 0 255
0.1471320 0.0891237 0.6973289 0 0 255
0.1487656 0.0891243 0.6973334 0 0 255
0.1504790 0.0891722 0.6977082 0 0 255
0.1521135 0.0891728 0.6977128 0 0 255
0.1537479 0.0891734 0.6977172 0 0 255
0.1553824 0.0891739 0.6977217 0 0 255
0.1566010 0.0889383 0.6958779 0 0 255
0.1583990 0.0890332 0.6966205 0 0 255
0.1597768 0.0888923 0.6955183 0 0 255
0.1614917 0.0889400 0.6958913 0 0 255
0.1620071 0.0883327 0.6911399 0 0 255
0.1631969 0.0881015 0.6893306 0 0 255
0.1612585 0.0862026 0.6744730 0 0 255
0.1607748 0.0851106 0.6659290 0 0 255
0.1620884 0.0849819 0.6649220 0 0 255
0.1642281 0.0852846 0.6672907 0 0 255
0.1657072 0.0852419 0.6669562 0 0 255
0.1670154 0.0851128 0.6659461 0 0 255
0.1686611 0.0851565 0.6662882 0 0 255
0.1701358 0.0851139 0.6659546 0 0 255
0.1716090 0.0850713 0.6656215 0 0 255
0.1731685 0.0850718 0.6656258 0 0 255
0.1745511 0.0849863 0.6649562 0 0 255
0.1760199 0.0849438 0.6646241 0 0 255
0.1774873 0.0849014 0.6642922 0 0 255
0.1790437 0.0849019 0.6642965 0 0 255
0.1806001 0.0849025 0.6643008 0 0 255
0.1823409 0.0849890 0.6649776 0 0 255
0.1838059 0.0849465 0.6646454 0 0 255
0.1854570 0.0849901 0.6649861 0 0 255
0.1872995 0.0851199 0.6660017 0 0 255
0.1888600 0.0851204 0.6660060 0 0 255
0.1907105 0.0852506 0.6670247 0 0 255
0.1924688 0.0853378 0.6677070 0 0 255
0.1938363 0.0852517 0.6670333 0 0 255
0.1956972 0.0853823 0.6680552 0 0 255
0.1972626 0.0853829 0.6680595 0 0 255
0.1990303 0.0854704 0.6687439 0 0 255
0.2005973 0.0854709 0.6687482 0 0 255
0.2021643 0.0854715 0.6687525 0 0 255
0.2039389 0.0855591 0.6694383 0 0 255
0.2055075 0.0855597 0.6694426 0 0 255
0.2070761 0.0855602 0.6694469 0 0 255
0.2086448 0.0855608 0.6694512 0 0 255
0.2102134 0.0855613 0.6694555 0 0 255
0.2117821 0.0855618 0.6694598 0 0 255
0.2135685 0.0856497 0.6701470 0 0 255
0.2152486 0.0856939 0.6704934 0 0 255
0.2172633 0.0858698 0.6718692 0 0 255
0.2190617 0.0859582 0.6725613 0 0 255
0.2209771 0.0860910 0.6736001 0 0 255
0.2225555 0.0860916 0.6736045 0 0 255
0.2245946 0.0862690 0.6749930 0 0 255
0.2261764 0.0862696 0.6749973 0 0 255
0.2279924 0.0863589 0.6756960 0 0 255
0.2298121 0.0864483 0.6763960 0 0 255
0.2315164 0.0864934 0.6767487 0 0 255
0.2334631 0.0866278 0.6778004 0 0 255
0.2351727 0.0866731 0.6781546 0 0 255
0.2370066 0.0867632 0.6788597 0 0 255
0.2385975 0.0867638 0.6788641 0 0 255
0.2405613 0.0868990 0.6799223 0 0 255
0.2422801 0.0869446 0.6802787 0 0 255
0.2440006 0.0869902 0.6806355 0 0 255
0.2454685 0.0869457 0.6802874 0 0 255
0.2470628 0.0869463 0.6802918 0 0 255
0.2486571 0.0869468 0.6802962 0 0 255
0.2501219 0.0869024 0.6799485 0 0 255
0.2517155 0.0869029 0.6799529 0 0 255
0.2533090 0.0869035 0.6799573 0 0 255
0.2550345 0.0869491 0.6803136 0 0 255
0.2566289 0.0869496 0.6803180 0 0 255
0.2580897 0.0869052 0.6799704 0 0 255
0.2596833 0.0869057 0.6799747 0 0 255
0.2614122 0.0869513 0.6803311 0 0 255
0.2627346 0.0868619 0.6796317 0 0 255
0.2643275 0.0868625 0.6796361 0 0 255
0.2659204 0.0868630 0.6796405 0 0 255
0.2675132 0.0868636 0.6796448 0 0 255
0.2689671 0.0868192 0.6792979 0 0 255
0.2704194 0.0867749 0.6789513 0 0 255
0.2720107 0.0867755 0.6789556 0 0 255
0.2734608 0.0867312 0.6786094 0 0 255
0.2747675 0.0866423 0.6779137 0 0 255
0.2762139 0.0865982 0.6775685 0 0 255
0.2773730 0.0864650 0.6765264 0 0 255
0.2789586 0.0864656 0.6765307 0 0 255
0.2802558 0.0863772 0.6758392 0 0 255
0.2816950 0.0863333 0.6754962 0 0 255
0.2828440 0.0862015 0.6744648 0 0 255
0.2844249 0.0862021 0.6744691 0 0 255
0.2855661 0.0860701 0.6734366 0 0 255
0.2868507 0.0859826 0.6727515 0 0 255
0.2884275 0.0859831 0.6727558 0 0 255
0.2900045 0.0859837 0.6727601 0 0 255
0.2911343 0.0858524 0.6717328 0 0 255
0.2927088 0.0858529 0.6717372 0 0 255
0.2942834 0.0858535 0.6717415 0 0 255
0.2957068 0.0858102 0.6714026 0 0 255
0.2974326 0.0858546 0.6717501 0 0 255
0.2990072 0.0858551 0.6717544 0 0 255
0.3005818 0.0858557 0.6717587 0 0 255
0.3021565 0.0858562 0.6717631 0 0 255
0.3034210 0.0857691 0.6710814 0 0 255
0.3051499 0.0858135 0.6714285 0 0 255
0.3064108 0.0857264 0.6707475 0 0 255
0.3079831 0.0857270 0.6707518 0 0 255
0.3093976 0.0856838 0.6704140 0 0 255
0.3111279 0.0857281 0.6707605 0 0 255
0.3127002 0.0857286 0.6707647 0 0 255
0.3144331 0.0857729 0.6711115 0 0 255
0.3161678 0.0858173 0.6714587 0 0 255
0.3179042 0.0858617 0.6718062 0 0 255
0.3201336 0.0860382 0.6731868 0 0 255
0.3218766 0.0860828 0.6735360 0 0 255
0.3234555 0.0860834 0.6735404 0 0 255
0.3252012 0.0861281 0.6738901 0 0 255
0.3267811 0.0861286 0.6738945 0 0 255
-0.0288156 0.0896022 0.6884446 0 0 255
-0.0272182 0.0896497 0.6888102 0 0 255
-0.0255923 0.0896033 0.6884534 0 0 255
-0.0238183 0.0889970 0.6837950 0 0 255
-0.0222175 0.0889976 0.6837994 0 0 255
-0.0205845 0.0888593 0.6827368 0 0 255
-0.0189665 0.0887675 0.6820317 0 0 255
-0.0173248 0.0885380 0.6802686 0 0 255
-0.0157241 0.0884927 0.6799206 0 0 255
-0.0141032 0.0883103 0.6785191 0 0 255
-0.0124889 0.0881287 0.6771233 0 0 255
-0.0108868 0.0879931 0.6760814 0 0 255
-0.0092754 0.0877231 0.6740072 0 0 255
-0.0076857 0.0875887 0.6729749 0 0 255
-0.0061039 0.0874996 0.6722898 0 0 255
-0.0045276 0.0874554 0.6719500 0 0 255
-0.0029545 0.0874559 0.6719543 0 0 255
-0.0013806 0.0874117 0.6716149 0 0 255
0.0001916 0.0873230 0.6709327 0 0 255
0.0017615 0.0872789 0.6705942 0 0 255
0.0033281 0.0871904 0.6699141 0 0 255
0.0048966 0.0871909 0.6699184 0 0 255
0.0064650 0.0871915 0.6699227 0 0 255
0.0080212 0.0870588 0.6689029 0 0 255
0.0095873 0.0870593 0.6689072 0 0 255
0.0111421 0.0869713 0.6682305 0 0 255
0.0127131 0.0870161 0.6685751 0 0 255
0.0142567 0.0868839 0.6675595 0 0 255
0.0158277 0.0869287 0.6679034 0 0 255
0.0173827 0.0868850 0.6675681 0 0 255
0.0189361 0.0868414 0.6672330 0 0 255
0.0204879 0.0867979 0.6668984 0 0 255
0.0220494 0.0867984 0.6669027 0 0 255
0.0236109 0.0867990 0.6669070 0 0 255
0.0251597 0.0867555 0.6665726 0 0 255
0.0267204 0.0867560 0.6665769 0 0 255
0.0282525 0.0866686 0.6659051 0 0 255
0.0298117 0.0866691 0.6659093 0 0 255
0.0313550 0.0866258 0.6655760 0 0 255
0.0328968 0.0865824 0.6652430 0 0 255
0.0344720 0.0866269 0.6655845 0 0 255
0.0360487 0.0866714 0.6659265 0 0 255
0.0376080 0.0866719 0.6659307 0 0 255
0.0391475 0.0866286 0.6655974 0 0 255
0.0407474 0.0867170 0.6662772 0 0 255
0.0422861 0.0866736 0.6659436 0 0 255
0.0438900 0.0867622 0.6666241 0 0 255
0.0455899 0.0870279 0.6686654 0 0 255
0.0466805 0.0861515 0.6619319 0 0 255
0.0398059 0.0711035 0.5463132 0 0 255
0.0401830 0.0695426 0.5343198 0 0 255
0.0946915 0.0784254 0.6025698 0 0 255
0.1202968 0.0902231 0.6932153 0 0 255
0.1221785 0.0904146 0.6946866 0 0 255
0.1235443 0.0902242 0.6932243 0 0 255
0.1254329 0.0904157 0.6946955 0 0 255
0.1269930 0.0903685 0.6943327 0 0 255
0.1283479 0.0901784 0.6928719 0 0 255
0.1299709 0.0901789 0.6928763 0 0 255
0.1318025 0.0903225 0.6939791 0 0 255
0.1336400 0.0904665 0.6950855 0 0 255
0.1351966 0.0904192 0.6947223 0 0 255
0.1366794 0.0903242 0.6939926 0 0 255
0.1383782 0.0903726 0.6943639 0 0 255
0.1400788 0.0904209 0.6947356 0 0 255
0.1418563 0.0905173 0.6954759 0 0 255
0.1434095 0.0904700 0.6951123 0 0 255
0.1450379 0.0904705 0.6951168 0 0 255
0.1535048 0.0906654 0.6966138 0 0 255
0.1549723 0.0905699 0.6958802 0 0 255
0.1564368 0.0904746 0.6951481 0 0 255
0.1581489 0.0905231 0.6955206 0 0 255
0.1593575 0.0902852 0.6936929 0 0 255
0.1608976 0.0902382 0.6933312 0 0 255
0.1623504 0.0901436 0.6926044 0 0 255
0.1638866 0.0900966 0.6922439 0 0 255
0.1649000 0.0897661 0.6897039 0 0 255
0.1626732 0.0876951 0.6737921 0 0 255
0.1629976 0.0870261 0.6686516 0 0 255
0.1644804 0.0869824 0.6683158 0 0 255
0.1659617 0.0869387 0.6679802 0 0 255
0.1671865 0.0867628 0.6666285 0 0 255
0.1687483 0.0867633 0.6666328 0 0 255
0.1702238 0.0867199 0.6662990 0 0 255
0.1717848 0.0867204 0.6663033 0 0 255
0.1730825 0.0865892 0.6652951 0 0 255
0.1746412 0.0865898 0.6652994 0 0 255
0.1762892 0.0866342 0.6656408 0 0 255
0.1777587 0.0865909 0.6653079 0 0 255
0.1794083 0.0866353 0.6656494 0 0 255
0.1809679 0.0866359 0.6656536 0 0 255
0.1825275 0.0866364 0.6656579 0 0 255
0.1841805 0.0866809 0.6659997 0 0 255
0.1855527 0.0865937 0.6653293 0 0 255
0.1873963 0.0867260 0.6663461 0 0 255
0.1891495 0.0868146 0.6670269 0 0 255
0.1908092 0.0868593 0.6673701 0 0 255
0.1925686 0.0869482 0.6680532 0 0 255
0.1940352 0.0869045 0.6677178 0 0 255
0.1955997 0.0869051 0.6677221 0 0 255
0.1972645 0.0869499 0.6680660 0 0 255
0.1991336 0.0870833 0.6690910 0 0 255
0.2008037 0.0871282 0.6694362 0 0 255
0.2024754 0.0871732 0.6697818 0 0 255
0.2041489 0.0872182 0.6701278 0 0 255
0.2060344 0.0873524 0.6711591 0 0 255
0.2075011 0.0873084 0.6708207 0 0 255
0.2089663 0.0872644 0.6704828 0 0 255
0.2106448 0.0873095 0.6708294 0 0 255
0.2124337 0.0873993 0.6715194 0 0 255
0.2138979 0.0873552 0.6711807 0 0 255
0.2154706 0.0873558 0.6711850 0 0 255
0.2177107 0.0876249 0.6732529 0 0 255
0.2195133 0.0877154 0.6739479 0 0 255
0.2213196 0.0878060 0.6746443 0 0 255
0.2230150 0.0878517 0.6749952 0 0 255
0.2248278 0.0879426 0.6756939 0 0 255
0.2265277 0.0879884 0.6760459 0 0 255
0.2285824 0.0881705 0.6774445 0 0 255
0.2301699 0.0881710 0.6774489 0 0 255
0.2319967 0.0882626 0.6781525 0 0 255
0.2338272 0.0883544 0.6788576 0 0 255
0.2356616 0.0884464 0.6795642 0 0 255
0.2372541 0.0884469 0.6795685 0 0 255
0.2388466 0.0884475 0.6795729 0 0 255
0.2405636 0.0884938 0.6799290 0 0 255
0.2422824 0.0885402 0.6802853 0 0 255
0.2437505 0.0884950 0.6799377 0 0 255
0.2453439 0.0884955 0.6799421 0 0 255
0.2468096 0.0884503 0.6795947 0 0 255
0.2484023 0.0884509 0.6795991 0 0 255
0.2501244 0.0884972 0.6799552 0 0 255
0.2517179 0.0884978 0.6799595 0 0 255
0.2530496 0.0884069 0.6792608 0 0 255
0.2546415 0.0884074 0.6792653 0 0 255
0.2562334 0.0884080 0.6792696 0 0 255
0.2576922 0.0883629 0.6789230 0 0 255
0.2595515 0.0884549 0.6796296 0 0 255
0.2610094 0.0884097 0.6792827 0 0 255
0.2623302 0.0883190 0.6785856 0 0 255
0.2641935 0.0884109 0.6792915 0 0 255
0.2655110 0.0883201 0.6785943 0 0 255
0.2669636 0.0882751 0.6782484 0 0 255
0.2685533 0.0882757 0.6782528 0 0 255
0.2702824 0.0883218 0.6786073 0 0 255
0.2717326 0.0882768 0.6782615 0 0 255
0.2730404 0.0881863 0.6775663 0 0 255
0.2744870 0.0881415 0.6772215 0 0 255
0.2760743 0.0881420 0.6772259 0 0 255
0.2775186 0.0880972 0.6768814 0 0 255
0.2789614 0.0880524 0.6765373 0 0 255
0.2802586 0.0879624 0.6758458 0 0 255
0.2816978 0.0879178 0.6755028 0 0 255
0.2827017 0.0877385 0.6741254 0 0 255
0.2842818 0.0877391 0.6741298 0 0 255
0.2855689 0.0876497 0.6734431 0 0 255
0.2871474 0.0876503 0.6734475 0 0 255
0.2884303 0.0875611 0.6727623 0 0 255
0.2898589 0.0875169 0.6724225 0 0 255
0.2912860 0.0874727 0.6720829 0 0 255
0.2928614 0.0874732 0.6720872 0 0 255
0.2944368 0.0874738 0.6720915 0 0 255
0.2961636 0.0875191 0.6724398 0 0 255
0.2974355 0.0874302 0.6717567 0 0 255
0.2993161 0.0875202 0.6724484 0 0 255
0.3007385 0.0874760 0.6721088 0 0 255
0.3023140 0.0874766 0.6721131 0 0 255
0.3037342 0.0874324 0.6717739 0 0 255
0.3053089 0.0874330 0.6717782 0 0 255
0.3064138 0.0872997 0.6707541 0 0 255
0.3079861 0.0873003 0.6707584 0 0 255
0.3097165 0.0873454 0.6711051 0 0 255
0.3112898 0.0873460 0.6711095 0 0 255
0.3128630 0.0873465 0.6711138 0 0 255
0.3144362 0.0873471 0.6711181 0 0 255
0.3161709 0.0873923 0.6714653 0 0 255
0.3179074 0.0874375 0.6718128 0 0 255
0.3194823 0.0874381 0.6718171 0 0 255
0.3212214 0.0874833 0.6721649 0 0 255
0.3231276 0.0875735 0.6728575 0 0 255
0.3248713 0.0876189 0.6732063 0 0 255
-0.0305798 0.0968007 0.7305943 0 0 255
-0.0272185 0.0912654 0.6888170 0 0 255
-0.0255926 0.0912181 0.6884601 0 0 255
-0.0237937 0.0905066 0.6830900 0 0 255
-0.0222409 0.0906960 0.6845194 0 0 255
-0.0205955 0.0905078 0.6830989 0 0 255
-0.0189766 0.0904142 0.6823930 0 0 255
-0.0173250 0.0901337 0.6802753 0 0 255
-0.0157080 0.0899943 0.6792237 0 0 255
-0.0141033 0.0899019 0.6785257 0 0 255
-0.0124890 0.0897169 0.6771300 0 0 255
-0.0108869 0.0895789 0.6760880 0 0 255
-0.0092850 0.0893953 0.6747023 0 0 255
-0.0076936 0.0892588 0.6736722 0 0 255
-0.0061008 0.0890309 0.6719522 0 0 255
-0.0045323 0.0891227 0.6726452 0 0 255
-0.0029545 0.0890320 0.6719609 0 0 255
-0.0013806 0.0889871 0.6716214 0 0 255
0.0001917 0.0889421 0.6712823 0 0 255
0.0017615 0.0888518 0.6706007 0 0 255
0.0033316 0.0888524 0.6706051 0 0 255
0.0048966 0.0887623 0.6699249 0 0 255
0.0064585 0.0886723 0.6692461 0 0 255
0.0080254 0.0886729 0.6692504 0 0 255
0.0095874 0.0886283 0.6689137 0 0 255
0.0111422 0.0885386 0.6682370 0 0 255
0.0127067 0.0885392 0.6682414 0 0 255
0.0142641 0.0884947 0.6679057 0 0 255
0.0158198 0.0884503 0.6675704 0 0 255
0.0173828 0.0884509 0.6675746 0 0 255
0.0189266 0.0883616 0.6669006 0 0 255
0.0204881 0.0883621 0.6669049 0 0 255
0.0220384 0.0883178 0.6665706 0 0 255
0.0235992 0.0883184 0.6665749 0 0 255
0.0251599 0.0883190 0.6665792 0 0 255
0.0267071 0.0882747 0.6662452 0 0 255
0.0282671 0.0882753 0.6662495 0 0 255
0.0297969 0.0881864 0.6655782 0 0 255
0.0313553 0.0881869 0.6655825 0 0 255
0.0329138 0.0881875 0.6655868 0 0 255
0.0344898 0.0882328 0.6659287 0 0 255
0.0360308 0.0881886 0.6655954 0 0 255
0.0376084 0.0882339 0.6659373 0 0 255
0.0391678 0.0882345 0.6659416 0 0 255
0.0407478 0.0882798 0.6662838 0 0 255
0.0423080 0.0882804 0.6662881 0 0 255
0.0439127 0.0883707 0.6669693 0 0 255
0.0366384 0.0712000 0.5373750 0 0 255
0.0378040 0.0710261 0.5360626 0 0 255
0.0432602 0.0786656 0.5937209 0 0 255
0.0399882 0.0704520 0.5317296 0 0 255
0.1016162 0.0831975 0.6279253 0 0 255
0.1201711 0.0917522 0.6924910 0 0 255
0.1217931 0.0917528 0.6924954 0 0 255
0.1234803 0.0918018 0.6928653 0 0 255
0.1249055 0.0916573 0.6917748 0 0 255
0.1265926 0.0917062 0.6921438 0 0 255
0.1282139 0.0917068 0.6921483 0 0 255
0.1297668 0.0916591 0.6917881 0 0 255
0.1315258 0.0917563 0.6925221 0 0 255
0.1332886 0.0918538 0.6932577 0 0 255
0.1347702 0.0917575 0.6925310 0 0 255
0.1364644 0.0918065 0.6929008 0 0 255
0.1578162 0.0919597 0.6940573 0 0 255
0.1592749 0.0918638 0.6933335 0 0 255
0.1608991 0.0918644 0.6933380 0 0 255
0.1624377 0.0918165 0.6929766 0 0 255
0.1641477 0.0918656 0.6933469 0 0 255
0.1654228 0.0916726 0.6918905 0 0 255
0.1663428 0.0912885 0.6889915 0 0 255
0.1649301 0.0896440 0.6765793 0 0 255
0.1662583 0.0895062 0.6755399 0 0 255
0.1676685 0.0894148 0.6748500 0 0 255
0.1691626 0.0893695 0.6745079 0 0 255
0.1704803 0.0892326 0.6734748 0 0 255
0.1720581 0.0892332 0.6734791 0 0 255
0.1730151 0.0889147 0.6710750 0 0 255
0.1737000 0.0884633 0.6676686 0 0 255
0.1748200 0.0882397 0.6659805 0 0 255
0.1764698 0.0882850 0.6663226 0 0 255
0.1780309 0.0882856 0.6663269 0 0 255
0.1795921 0.0882861 0.6663312 0 0 255
0.1812452 0.0883315 0.6666735 0 0 255
0.1825293 0.0881978 0.6656644 0 0 255
0.1841823 0.0882431 0.6660061 0 0 255
0.1857427 0.0882436 0.6660104 0 0 255
0.1874933 0.0883338 0.6666907 0 0 255
0.1895363 0.0885590 0.6683909 0 0 255
0.1910051 0.0885146 0.6680554 0 0 255
0.1927665 0.0886053 0.6687399 0 0 255
0.1941358 0.0885157 0.6680640 0 0 255
0.1957011 0.0885163 0.6680683 0 0 255
0.1972664 0.0885169 0.6680726 0 0 255
0.1990342 0.0886075 0.6687570 0 0 255
0.2012158 0.0888796 0.6708100 0 0 255
0.2029949 0.0889710 0.6715001 0 0 255
0.2045683 0.0889716 0.6715044 0 0 255
0.2063527 0.0890632 0.6721959 0 0 255
0.2081407 0.0891550 0.6728887 0 0 255
0.2097175 0.0891555 0.6728930 0 0 255
0.2112942 0.0891561 0.6728973 0 0 255
0.2130892 0.0892481 0.6735917 0 0 255
0.2147777 0.0892945 0.6739415 0 0 255
0.2164680 0.0893409 0.6742917 0 0 255
0.2183843 0.0894792 0.6753358 0 0 255
0.2203065 0.0896180 0.6763831 0 0 255
0.2222347 0.0897572 0.6774337 0 0 255
0.2239376 0.0898040 0.6777875 0 0 255
0.2255259 0.0898046 0.6777919 0 0 255
0.2271142 0.0898052 0.6777962 0 0 255
0.2290570 0.0899450 0.6788512 0 0 255
0.2305287 0.0898991 0.6785049 0 0 255
0.2323587 0.0899926 0.6792108 0 0 255
0.2340714 0.0900397 0.6795664 0 0 255
0.2359079 0.0901336 0.6802745 0 0 255
0.2376251 0.0901808 0.6806312 0 0 255
0.2390963 0.0901347 0.6802832 0 0 255
0.2406905 0.0901353 0.6802876 0 0 255
0.2420341 0.0900426 0.6795883 0 0 255
0.2437529 0.0900898 0.6799443 0 0 255
0.2452194 0.0900438 0.6795970 0 0 255
0.2468121 0.0900444 0.6796014 0 0 255
0.2482763 0.0899984 0.6792544 0 0 255
0.2499975 0.0900455 0.6796101 0 0 255
0.2515902 0.0900461 0.6796145 0 0 255
0.2530521 0.0900001 0.6792676 0 0 255
0.2545124 0.0899542 0.6789210 0 0 255
0.2559713 0.0899083 0.6785747 0 0 255
0.2575616 0.0899089 0.6785791 0 0 255
0.2743483 0.0896837 0.6768793 0 0 255
0.2757927 0.0896381 0.6765352 0 0 255
0.2773784 0.0896387 0.6765395 0 0 255
0.2788206 0.0895931 0.6761958 0 0 255
0.2801172 0.0895016 0.6755050 0 0 255
0.2817005 0.0895022 0.6755093 0 0 255
0.2828495 0.0893655 0.6744779 0 0 255
0.2842845 0.0893203 0.6741363 0 0 255
0.2857181 0.0892751 0.6737950 0 0 255
0.2871502 0.0892299 0.6734540 0 0 255
0.2885809 0.0891848 0.6731135 0 0 255
0.2898617 0.0890941 0.6724290 0 0 255
0.2914379 0.0890946 0.6724333 0 0 255
0.2930141 0.0890952 0.6724377 0 0 255
0.2945903 0.0890958 0.6724420 0 0 255
0.2961665 0.0890964 0.6724463 0 0 255
0.2977428 0.0890969 0.6724506 0 0 255
0.2990130 0.0890064 0.6717675 0 0 255
0.3008953 0.0890981 0.6724593 0 0 255
0.3023169 0.0890531 0.6721197 0 0 255
0.3038925 0.0890537 0.6721240 0 0 255
0.3056243 0.0890998 0.6724723 0 0 255
0.3072007 0.0891004 0.6724766 0 0 255
0.3086191 0.0890554 0.6721370 0 0 255
0.3098778 0.0889650 0.6714546 0 0 255
0.3114519 0.0889655 0.6714589 0 0 255
0.3130259 0.0889661 0.6714632 0 0 255
0.3145999 0.0889667 0.6714675 0 0 255
0.3163356 0.0890127 0.6718150 0 0 255
0.3177481 0.0889678 0.6714761 0 0 255
0.3194854 0.0890139 0.6718237 0 0 255
0.3212245 0.0890599 0.6721715 0 0 255
0.3226353 0.0890150 0.6718323 0 0 255
-0.0288058 0.0982968 0.7289876 0 0 255
-0.0255928 0.0928330 0.6884669 0 0 255
-0.0239059 0.0925423 0.6863114 0 0 255
-0.0222295 0.0922535 0.6841693 0 0 255
-0.0205849 0.0920622 0.6827502 0 0 255
-0.0189866 0.0920627 0.6827546 0 0 255
-0.0173342 0.0917769 0.6806347 0 0 255
-0.0157082 0.0915875 0.6792303 0 0 255
-0.0140962 0.0914461 0.6781818 0 0 255
-0.0124891 0.0913052 0.6771366 0 0 255
-0.0109039 0.0913058 0.6771410 0 0 255
-0.0092994 0.0911184 0.6757509 0 0 255
-0.0076937 0.0908390 0.6736788 0 0 255
-0.0061103 0.0907464 0.6729923 0 0 255
-0.0045323 0.0907005 0.6726518 0 0 255
-0.0029560 0.0906546 0.6723116 0 0 255
-0.0013813 0.0906088 0.6719718 0 0 255
0.0001917 0.0905167 0.6712888 0 0 255
0.0017624 0.0904710 0.6709501 0 0 255
0.0033333 0.0904716 0.6709543 0 0 255
0.0048992 0.0903798 0.6702735 0 0 255
0.0064618 0.0902882 0.6695940 0 0 255
0.0080336 0.0903348 0.6699401 0 0 255
0.0095924 0.0902433 0.6692613 0 0 255
0.0111536 0.0901979 0.6689246 0 0 255
0.0127133 0.0901525 0.6685882 0 0 255
0.0142715 0.0901072 0.6682522 0 0 255
0.0158280 0.0900620 0.6679165 0 0 255
0.0173830 0.0900167 0.6675811 0 0 255
0.0189461 0.0900173 0.6675854 0 0 255
0.0205092 0.0900179 0.6675898 0 0 255
0.0220498 0.0899270 0.6669158 0 0 255
0.0235994 0.0898819 0.6665815 0 0 255
0.0251474 0.0898369 0.6662475 0 0 255
0.0267074 0.0898375 0.6662518 0 0 255
0.0282674 0.0898381 0.6662560 0 0 255
0.0297972 0.0897476 0.6655847 0 0 255
0.0313715 0.0897937 0.6659267 0 0 255
0.0329308 0.0897942 0.6659309 0 0 255
0.0344901 0.0897948 0.6659352 0 0 255
0.0360312 0.0897499 0.6656018 0 0 255
0.0376088 0.0897960 0.6659438 0 0 255
0.0391681 0.0897966 0.6659481 0 0 255
0.0407069 0.0897516 0.6656147 0 0 255
0.0422655 0.0897522 0.6656190 0 0 255
0.0438464 0.0897983 0.6659609 0 0 255
0.0363120 0.0718141 0.5325869 0 0 255
0.0374680 0.0716403 0.5312977 0 0 255
0.0387748 0.0717568 0.5321621 0 0 255
0.1200457 0.0932781 0.6917682 0 0 255
0.1216660 0.0932787 0.6917727 0 0 255
0.1233513 0.0933285 0.6921417 0 0 255
0.1248410 0.0932308 0.6914173 0 0 255
0.1264606 0.0932314 0.6914217 0 0 255
0.1280127 0.0931830 0.6910625 0 0 255
0.1295633 0.0931346 0.6907034 0 0 255
0.1313194 0.0932332 0.6914351 0 0 255
0.1328691 0.0931848 0.6910757 0 0 255
0.1622681 0.0933435 0.6922529 0 0 255
0.1639762 0.0933933 0.6926224 0 0 255
0.1652503 0.0931974 0.6911691 0 0 255
0.1668696 0.0931979 0.6911735 0 0 255
0.1677825 0.0928079 0.6882806 0 0 255
0.1679867 0.0920369 0.6825626 0 0 255
0.1692340 0.0918465 0.6811512 0 0 255
0.1697745 0.0912797 0.6769477 0 0 255
0.1711840 0.0911863 0.6762550 0 0 255
0.1726795 0.0911400 0.6759114 0 0 255
0.1740839 0.0910469 0.6752208 0 0 255
0.1753954 0.0909073 0.6741856 0 0 255
0.1765220 0.0906752 0.6724644 0 0 255
0.1773711 0.0903060 0.6697260 0 0 255
0.1785761 0.0901228 0.6683674 0 0 255
0.1801420 0.0901233 0.6683717 0 0 255
0.1818931 0.0902157 0.6690568 0 0 255
0.1834607 0.0902163 0.6690611 0 0 255
0.1847460 0.0900793 0.6680448 0 0 255
0.1865959 0.0902175 0.6690697 0 0 255
0.1881635 0.0902180 0.6690740 0 0 255
0.1900215 0.0903567 0.6701021 0 0 255
0.1915916 0.0903573 0.6701064 0 0 255
0.1931617 0.0903578 0.6701107 0 0 255
0.1946325 0.0903124 0.6697734 0 0 255
0.1960020 0.0902210 0.6690955 0 0 255
0.1976704 0.0902675 0.6694407 0 0 255
0.1995441 0.0904063 0.6704700 0 0 255
0.2015264 0.0905918 0.6718457 0 0 255
0.2034127 0.0907316 0.6728823 0 0 255
0.2049894 0.0907321 0.6728866 0 0 255
0.2067779 0.0908258 0.6735809 0 0 255
0.2085700 0.0909196 0.6742766 0 0 255
0.2101500 0.0909202 0.6742809 0 0 255
0.2117300 0.0909207 0.6742852 0 0 255
0.2135292 0.0910147 0.6749824 0 0 255
0.2153321 0.0911089 0.6756810 0 0 255
0.2171387 0.0912033 0.6763810 0 0 255
0.2190620 0.0913450 0.6774316 0 0 255
0.2206494 0.0913456 0.6774359 0 0 255
0.2224663 0.0914405 0.6781396 0 0 255
0.2241711 0.0914883 0.6784942 0 0 255
0.2258776 0.0915361 0.6788490 0 0 255
0.2274684 0.0915367 0.6788535 0 0 255
0.2291776 0.0915846 0.6792087 0 0 255
0.2307693 0.0915852 0.6792130 0 0 255
0.2324811 0.0916332 0.6795687 0 0 255
0.2340737 0.0916337 0.6795731 0 0 255
0.2355444 0.0915870 0.6792262 0 0 255
0.2371361 0.0915876 0.6792305 0 0 255
0.2387279 0.0915881 0.6792349 0 0 255
0.2401955 0.0915414 0.6788884 0 0 255
0.2419114 0.0915893 0.6792437 0 0 255
0.2433774 0.0915426 0.6788971 0 0 255
0.2447156 0.0914487 0.6782007 0 0 255
0.2464321 0.0914965 0.6785553 0 0 255
0.2478944 0.0914499 0.6782094 0 0 255
0.2493551 0.0914033 0.6778638 0 0 255
0.2506850 0.0913096 0.6771695 0 0 255
0.2525324 0.0914044 0.6778725 0 0 255
0.2541210 0.0914050 0.6778769 0 0 255
0.2755117 0.0911312 0.6758460 0 0 255
0.2766690 0.0909914 0.6748092 0 0 255
0.2782506 0.0909920 0.6748135 0 0 255
0.2796887 0.0909458 0.6744715 0 0 255
0.2812714 0.0909470 0.6744802 0 0 255
0.2827072 0.0909010 0.6741386 0 0 255
0.2839959 0.0908084 0.6734520 0 0 255
0.2852821 0.0907160 0.6727668 0 0 255
0.2868590 0.0907166 0.6727712 0 0 255
0.2881410 0.0906244 0.6720874 0 0 255
0.2898646 0.0906713 0.6724356 0 0 255
0.2912917 0.0906255 0.6720961 0 0 255
0.2927175 0.0905798 0.6717569 0 0 255
0.2941417 0.0905341 0.6714180 0 0 255
0.2958667 0.0905810 0.6717655 0 0 255
0.2974413 0.0905816 0.6717699 0 0 255
0.2988632 0.0905359 0.6714309 0 0 255
0.3002837 0.0904902 0.6710925 0 0 255
0.3020110 0.0905370 0.6714396 0 0 255
0.3037401 0.0905839 0.6717871 0 0 255
0.3051589 0.0905382 0.6714482 0 0 255
0.3068897 0.0905850 0.6717957 0 0 255
0.3081494 0.0904931 0.6711140 0 0 255
0.3095646 0.0904475 0.6707758 0 0 255
0.3111370 0.0904481 0.6707801 0 0 255
0.3125499 0.0904025 0.6704422 0 0 255
0.3138015 0.0903110 0.6697633 0 0 255
0.3153715 0.0903116 0.6697676 0 0 255
0.3169416 0.0903122 0.6697719 0 0 255
0.3186741 0.0903588 0.6701177 0 0 255
0.3202451 0.0903594 0.6701220 0 0 255
0.3218160 0.0903599 0.6701263 0 0 255
-0.0287582 0.0998404 0.7277820 0 0 255
-0.0269499 0.0994549 0.7249725 0 0 255
-0.0239061 0.0941522 0.6863180 0 0 255
-0.0222297 0.0938583 0.6841760 0 0 255
-0.0206281 0.0938589 0.6841804 0 0 255
-0.0190264 0.0938595 0.6841848 0 0 255
-0.0173794 0.0936161 0.6824107 0 0 255
-0.0157246 0.0932773 0.6799406 0 0 255
-0.0141036 0.0930850 0.6785390 0 0 255
-0.0124957 0.0929415 0.6774927 0 0 255
-0.0109153 0.0929901 0.6778470 0 0 255
-0.0093043 0.0927512 0.6761056 0 0 255
-0.0076977 0.0924666 0.6740313 0 0 255
-0.0061166 0.0924197 0.6736897 0 0 255
-0.0045347 0.0923256 0.6730033 0 0 255
-0.0029591 0.0923262 0.6730076 0 0 255
-0.0013820 0.0922322 0.6723225 0 0 255
0.0001919 0.0921856 0.6719826 0 0 255
0.0017625 0.0920448 0.6709566 0 0 255
0.0033367 0.0921396 0.6716475 0 0 255
0.0049067 0.0920931 0.6713083 0 0 255
0.0064718 0.0919996 0.6706268 0 0 255
0.0080378 0.0919532 0.6702886 0 0 255
0.0095974 0.0918600 0.6696092 0 0 255
0.0111594 0.0918137 0.6692722 0 0 255
0.0127135 0.0917208 0.6685948 0 0 255
0.0142789 0.0917214 0.6685991 0 0 255
0.0158362 0.0916753 0.6682631 0 0 255
0.0173743 0.0915361 0.6672484 0 0 255
0.0189366 0.0915367 0.6672527 0 0 255
0.0204989 0.0915373 0.6672570 0 0 255
0.0220389 0.0914449 0.6665837 0 0 255
0.0235996 0.0914455 0.6665879 0 0 255
0.0251349 0.0913533 0.6659160 0 0 255
0.0267076 0.0914003 0.6662583 0 0 255
0.0282390 0.0913082 0.6655870 0 0 255
0.0297975 0.0913088 0.6655912 0 0 255
0.0313719 0.0913557 0.6659332 0 0 255
0.0329311 0.0913563 0.6659374 0 0 255
0.0344905 0.0913568 0.6659417 0 0 255
0.0360315 0.0913111 0.6656083 0 0 255
0.0376092 0.0913580 0.6659503 0 0 255
0.0391685 0.0913586 0.6659546 0 0 255
0.0407279 0.0913592 0.6659588 0 0 255
0.0336272 0.0726500 0.5295792 0 0 255
0.0348954 0.0727091 0.5300099 0 0 255
0.0360203 0.0724756 0.5283080 0 0 255
0.0372274 0.0724179 0.5278869 0 0 255
0.0385255 0.0725349 0.5287402 0 0 255
0.1196066 0.0945527 0.6892380 0 0 255
0.1230931 0.0947523 0.6906925 0 0 255
0.1247765 0.0948027 0.6910604 0 0 255
0.1264618 0.0948532 0.6914286 0 0 255
0.1279467 0.0947541 0.6907058 0 0 255
0.1294965 0.0947049 0.6903471 0 0 255
0.1632033 0.0945691 0.6893576 0 0 255
0.1643869 0.0943222 0.6875579 0 0 255
0.1663460 0.0945208 0.6890049 0 0 255
0.1677842 0.0944223 0.6882873 0 0 255
0.1686895 0.0940287 0.6854185 0 0 255
0.1702065 0.0939803 0.6850654 0 0 255
0.1713647 0.0937365 0.6832881 0 0 255
0.1723380 0.0933970 0.6808136 0 0 255
0.1732160 0.0930126 0.6780112 0 0 255
0.1745342 0.0928694 0.6769674 0 0 255
0.1754872 0.0925362 0.6745384 0 0 255
0.1772496 0.0926319 0.6752362 0 0 255
0.1784647 0.0924424 0.6738551 0 0 255
0.1799512 0.0923956 0.6735139 0 0 255
0.1813432 0.0923016 0.6728284 0 0 255
0.1828260 0.0922549 0.6724883 0 0 255
0.1843073 0.0922083 0.6721485 0 0 255
0.1861678 0.0923507 0.6731861 0 0 255
0.1877451 0.0923513 0.6731904 0 0 255
0.1893224 0.0923518 0.6731947 0 0 255
0.1907043 0.0922579 0.6725098 0 0 255
0.1924770 0.0923530 0.6732033 0 0 255
0.1938557 0.0922591 0.6725185 0 0 255
0.1955316 0.0923069 0.6728672 0 0 255
0.1973103 0.0924022 0.6735616 0 0 255
0.1989905 0.0924502 0.6739114 0 0 255
0.2010853 0.0926885 0.6756486 0 0 255
0.2026684 0.0926891 0.6756529 0 0 255
0.2041466 0.0926420 0.6753100 0 0 255
0.2058347 0.0926903 0.6756616 0 0 255
0.2076315 0.0927863 0.6763616 0 0 255
0.2093241 0.0928347 0.6767142 0 0 255
0.2111273 0.0929310 0.6774164 0 0 255
0.2128243 0.0929795 0.6777703 0 0 255
0.2145232 0.0930281 0.6781244 0 0 255
0.2161122 0.0930287 0.6781288 0 0 255
0.2180388 0.0931736 0.6791848 0 0 255
0.2198576 0.0932706 0.6798921 0 0 255
0.2212219 0.0931748 0.6791935 0 0 255
0.2229287 0.0932236 0.6795492 0 0 255
0.2246373 0.0932724 0.6799052 0 0 255
0.2261135 0.0932248 0.6795579 0 0 255
0.2275883 0.0931772 0.6792110 0 0 255
0.2292984 0.0932260 0.6795667 0 0 255
0.2306523 0.0931302 0.6788688 0 0 255
0.2321233 0.0930827 0.6785226 0 0 255
0.2337133 0.0930833 0.6785270 0 0 255
0.2353034 0.0930839 0.6785313 0 0 255
0.2368935 0.0930845 0.6785357 0 0 255
0.2383606 0.0930371 0.6781899 0 0 255
0.2397024 0.0929417 0.6774948 0 0 255
0.2414146 0.0929903 0.6778487 0 0 255
0.2430031 0.0929909 0.6778530 0 0 255
0.2445917 0.0929915 0.6778574 0 0 255
0.2459265 0.0928962 0.6771631 0 0 255
0.2475135 0.0928968 0.6771674 0 0 255
0.2492289 0.0929453 0.6775209 0 0 255
0.2504294 0.0928024 0.6764789 0 0 255
0.2521446 0.0928508 0.6768317 0 0 255
0.2761064 0.0923851 0.6734369 0 0 255
0.2776848 0.0923857 0.6734413 0 0 255
0.2792633 0.0923863 0.6734456 0 0 255
0.2805542 0.0922923 0.6727605 0 0 255
0.2822756 0.0923401 0.6731094 0 0 255
0.2838533 0.0923407 0.6731137 0 0 255
0.2851390 0.0922468 0.6724293 0 0 255
0.2864220 0.0921531 0.6717462 0 0 255
0.2879965 0.0921537 0.6717505 0 0 255
0.2895711 0.0921543 0.6717548 0 0 255
0.2909969 0.0921078 0.6714159 0 0 255
0.2924213 0.0920614 0.6710774 0 0 255
0.2939944 0.0920620 0.6710817 0 0 255
0.2957184 0.0921096 0.6714289 0 0 255
0.2971404 0.0920632 0.6710904 0 0 255
0.2987135 0.0920637 0.6710947 0 0 255
0.2999803 0.0919704 0.6704143 0 0 255
0.3017057 0.0920180 0.6707609 0 0 255
0.3032781 0.0920185 0.6707652 0 0 255
0.3046949 0.0919722 0.6704273 0 0 255
0.3062665 0.0919728 0.6704316 0 0 255
0.3076811 0.0919265 0.6700941 0 0 255
0.3092519 0.0919271 0.6700984 0 0 255
0.3106644 0.0918808 0.6697612 0 0 255
0.3122345 0.0918814 0.6697656 0 0 255
0.3134851 0.0917885 0.6690880 0 0 255
0.3150536 0.0917891 0.6690923 0 0 255
0.3164610 0.0917429 0.6687562 0 0 255
0.3181906 0.0917902 0.6691009 0 0 255
0.3197591 0.0917908 0.6691052 0 0 255
0.3214913 0.0918382 0.6694502 0 0 255
0.3230607 0.0918387 0.6694545 0 0 255
-0.0269353 0.1010996 0.7245793 0 0 255
-0.0251696 0.1008220 0.7225893 0 0 255
-0.0222415 0.0955129 0.6845395 0 0 255
-0.0206283 0.0954638 0.6841871 0 0 255
-0.0190266 0.0954644 0.6841915 0 0 255
-0.0173165 0.0948716 0.6799428 0 0 255
-0.0157329 0.0949214 0.6802996 0 0 255
-0.0141183 0.0947746 0.6792479 0 0 255
-0.0124958 0.0945306 0.6774994 0 0 255
-0.0109041 0.0944825 0.6771542 0 0 255
-0.0093044 0.0943371 0.6761122 0 0 255
-0.0077176 0.0942891 0.6757684 0 0 255
-0.0061229 0.0940960 0.6743841 0 0 255
-0.0045394 0.0940006 0.6737006 0 0 255
-0.0029606 0.0939530 0.6733595 0 0 255
-0.0013821 0.0938092 0.6723291 0 0 255
0.0001921 0.0938579 0.6726779 0 0 255
0.0017652 0.0937624 0.6719936 0 0 255
0.0033402 0.0938110 0.6723421 0 0 255
0.0049068 0.0936677 0.6713150 0 0 255
0.0064719 0.0935726 0.6706334 0 0 255
0.0080420 0.0935732 0.6706377 0 0 255
0.0096024 0.0934783 0.6699575 0 0 255
0.0111652 0.0934312 0.6696201 0 0 255
0.0127136 0.0932891 0.6686013 0 0 255
0.0142790 0.0932897 0.6686056 0 0 255
0.0158364 0.0932428 0.6682696 0 0 255
0.0173922 0.0931960 0.6679339 0 0 255
0.0189368 0.0931018 0.6672592 0 0 255
0.0204887 0.0930551 0.6669245 0 0 255
0.0220615 0.0931030 0.6672677 0 0 255
0.0235879 0.0929619 0.6662562 0 0 255
0.0251351 0.0929153 0.6659226 0 0 255
0.0267079 0.0929631 0.6662648 0 0 255
0.0282536 0.0929165 0.6659311 0 0 255
0.0298129 0.0929171 0.6659354 0 0 255
0.0313722 0.0929177 0.6659397 0 0 255
0.0329315 0.0929183 0.6659439 0 0 255
0.0344908 0.0929189 0.6659482 0 0 255
0.0360684 0.0929667 0.6662905 0 0 255
0.0375905 0.0928730 0.6656191 0 0 255
0.0391689 0.0929207 0.6659611 0 0 255
0.0321799 0.0734182 0.5261869 0 0 255
0.0333588 0.0733017 0.5253519 0 0 255
0.0345613 0.0732436 0.5249354 0 0 255
0.0358478 0.0733613 0.5257792 0 0 255
0.0439782 0.0870119 0.6236126 0 0 255
0.0384331 0.0735974 0.5274715 0 0 255
0.1178079 0.0960177 0.6881570 0 0 255
0.1210951 0.0960692 0.6885266 0 0 255
0.1227722 0.0961202 0.6888921 0 0 255
0.1245165 0.0962218 0.6896200 0 0 255
0.1659125 0.0958855 0.6872094 0 0 255
0.1676980 0.0959865 0.6879336 0 0 255
0.1687793 0.0956865 0.6857831 0 0 255
0.1702970 0.0956371 0.6854297 0 0 255
0.1718132 0.0955879 0.6850766 0 0 255
0.1732375 0.0954889 0.6843672 0 0 255
0.1747498 0.0954398 0.6840152 0 0 255
0.1763524 0.0954404 0.6840196 0 0 255
0.1779550 0.0954410 0.6840240 0 0 255
0.1788127 0.0950457 0.6811908 0 0 255
0.1801284 0.0948987 0.6801372 0 0 255
0.1820046 0.0950469 0.6811996 0 0 255
0.1827489 0.0946066 0.6780440 0 0 255
0.1839578 0.0944123 0.6766514 0 0 255
0.1852569 0.0942672 0.6756117 0 0 255
0.1867438 0.0942194 0.6752688 0 0 255
0.1882292 0.0941716 0.6749262 0 0 255
0.1898106 0.0941722 0.6749306 0 0 255
0.1916874 0.0943182 0.6759768 0 0 255
0.1931718 0.0942703 0.6756334 0 0 255
0.1948551 0.0943194 0.6759855 0 0 255
0.1966413 0.0944172 0.6766861 0 0 255
0.1979210 0.0942721 0.6756465 0 0 255
0.1998124 0.0944184 0.6766948 0 0 255
0.2017097 0.0945651 0.6777464 0 0 255
0.2030881 0.0944682 0.6770522 0 0 255
0.2047801 0.0945176 0.6774057 0 0 255
0.2063674 0.0945182 0.6774100 0 0 255
0.2080620 0.0945675 0.6777638 0 0 255
0.2096501 0.0945681 0.6777682 0 0 255
0.2115656 0.0947153 0.6788231 0 0 255
0.2132665 0.0947649 0.6791784 0 0 255
0.2146361 0.0946676 0.6784813 0 0 255
0.2163376 0.0947172 0.6788362 0 0 255
0.2180410 0.0947667 0.6791915 0 0 255
0.2197461 0.0948163 0.6795471 0 0 255
0.2212241 0.0947680 0.6792002 0 0 255
0.2229309 0.0948176 0.6795558 0 0 255
0.2242913 0.0947202 0.6788580 0 0 255
0.2258821 0.0947208 0.6788624 0 0 255
0.2274729 0.0947214 0.6788667 0 0 255
0.2290637 0.0947220 0.6788711 0 0 255
0.2308932 0.0948206 0.6795776 0 0 255
0.2323655 0.0947722 0.6792307 0 0 255
0.2334745 0.0945773 0.6778336 0 0 255
0.2349417 0.0945291 0.6774884 0 0 255
0.2366514 0.0945785 0.6778423 0 0 255
0.2383629 0.0946279 0.6781965 0 0 255
0.2395812 0.0944822 0.6771523 0 0 255
0.2412925 0.0945315 0.6775058 0 0 255
0.2426300 0.0944348 0.6768122 0 0 255
0.2443420 0.0944840 0.6771653 0 0 255
0.2455494 0.0943388 0.6761245 0 0 255
0.2472611 0.0943879 0.6764768 0 0 255
0.2786947 0.0937737 0.6720747 0 0 255
0.2802700 0.0937743 0.6720790 0 0 255
0.2815573 0.0936791 0.6713966 0 0 255
0.2831310 0.0936797 0.6714010 0 0 255
0.2847047 0.0936803 0.6714053 0 0 255
0.2862785 0.0936809 0.6714095 0 0 255
0.2877052 0.0936337 0.6710711 0 0 255
0.2889831 0.0935388 0.6703908 0 0 255
0.2905545 0.0935394 0.6703951 0 0 255
0.2921259 0.0935400 0.6703994 0 0 255
0.2933981 0.0934453 0.6697205 0 0 255
0.2952688 0.0935412 0.6704080 0 0 255
0.2966889 0.0934941 0.6700705 0 0 255
0.2981076 0.0934471 0.6697334 0 0 255
0.2995249 0.0934001 0.6693966 0 0 255
0.3012474 0.0934483 0.6697420 0 0 255
0.3028174 0.0934489 0.6697463 0 0 255
0.3042323 0.0934019 0.6694095 0 0 255
0.3058015 0.0934025 0.6694137 0 0 255
0.3072143 0.0933555 0.6690773 0 0 255
0.3087827 0.0933561 0.6690816 0 0 255
0.3103512 0.0933567 0.6690859 0 0 255
0.3114440 0.0932150 0.6680700 0 0 255
0.3128511 0.0931682 0.6677350 0 0 255
0.3144164 0.0931688 0.6677392 0 0 255
0.3161424 0.0932168 0.6680829 0 0 255
0.3175472 0.0931700 0.6677479 0 0 255
0.3191126 0.0931706 0.6677522 0 0 255
0.3210041 0.0932660 0.6684356 0 0 255
-0.0251559 0.1024605 0.7221987 0 0 255
-0.0234911 0.1025741 0.7229991 0 0 255
-0.0217866 0.1025182 0.7226056 0 0 255
-0.0190665 0.0972721 0.6856277 0 0 255
-0.0172898 0.0963168 0.6788945 0 0 255
-0.0157005 0.0963174 0.6788988 0 0 255
-0.0141404 0.0965177 0.6803106 0 0 255
-0.0125218 0.0963187 0.6789076 0 0 255
-0.0109381 0.0963691 0.6792634 0 0 255
-0.0093141 0.0960219 0.6768161 0 0 255
-0.0077176 0.0958743 0.6757751 0 0 255
-0.0061261 0.0957270 0.6747375 0 0 255
-0.0045418 0.0956300 0.6740531 0 0 255
-0.0029622 0.0955815 0.6737115 0 0 255
-0.0013842 0.0955331 0.6733704 0 0 255
0.0001920 0.0953869 0.6723400 0 0 255
0.0017661 0.0953875 0.6723443 0 0 255
0.0033385 0.0953393 0.6720045 0 0 255
0.0049118 0.0953399 0.6720088 0 0 255
0.0064752 0.0951943 0.6709827 0 0 255
0.0080421 0.0951463 0.6706442 0 0 255
0.0096172 0.0951956 0.6709914 0 0 255
0.0111653 0.0950019 0.6696266 0 0 255
0.0127267 0.0949541 0.6692895 0 0 255
0.0142864 0.0949064 0.6689528 0 0 255
0.0158446 0.0948586 0.6686164 0 0 255
0.0173835 0.0947145 0.6676008 0 0 255
0.0189563 0.0947633 0.6679447 0 0 255
0.0204993 0.0946676 0.6672700 0 0 255
0.0220393 0.0945721 0.6665967 0 0 255
0.0236121 0.0946207 0.6669396 0 0 255
0.0251609 0.0945733 0.6666052 0 0 255
0.0266946 0.0944780 0.6659333 0 0 255
0.0282395 0.0944307 0.6656000 0 0 255
0.0297980 0.0944313 0.6656042 0 0 255
0.0313566 0.0944319 0.6656085 0 0 255
0.0329318 0.0944804 0.6659505 0 0 255
0.0344911 0.0944810 0.6659547 0 0 255
0.0360322 0.0944337 0.6656213 0 0 255
0.0301999 0.0758671 0.5347535 0 0 255
0.0308741 0.0744735 0.5249304 0 0 255
0.0321290 0.0745335 0.5253537 0 0 255
0.0333058 0.0744149 0.5245180 0 0 255
0.0344790 0.0742968 0.5236850 0 0 255
0.0357623 0.0744159 0.5245247 0 0 255
0.0370201 0.0744759 0.5249473 0 0 255
0.0383413 0.0746553 0.5262123 0 0 255
0.1686928 0.0972443 0.6854320 0 0 255
0.1702987 0.0972449 0.6854364 0 0 255
0.1719045 0.0972456 0.6854408 0 0 255
0.1734199 0.0971955 0.6850877 0 0 255
0.1748426 0.0970948 0.6843782 0 0 255
0.1764460 0.0970954 0.6843826 0 0 255
0.1780494 0.0970961 0.6843870 0 0 255
0.1793725 0.0969452 0.6833234 0 0 255
0.1808794 0.0968954 0.6829726 0 0 255
0.1822900 0.0967954 0.6822675 0 0 255
0.1838885 0.0967960 0.6822720 0 0 255
0.1853907 0.0967464 0.6819222 0 0 255
0.1869885 0.0967470 0.6819265 0 0 255
0.1884884 0.0966974 0.6815771 0 0 255
0.1898882 0.0965978 0.6808750 0 0 255
0.1913844 0.0965484 0.6805267 0 0 255
0.1929788 0.0965490 0.6805310 0 0 255
0.1962695 0.0966003 0.6808925 0 0 255
0.1977637 0.0965515 0.6805485 0 0 255
0.1995650 0.0966522 0.6812587 0 0 255
0.2012657 0.0967030 0.6816165 0 0 255
0.2026525 0.0966034 0.6809143 0 0 255
0.2043539 0.0966541 0.6812719 0 0 255
0.2057368 0.0965546 0.6805704 0 0 255
0.2071170 0.0964553 0.6798705 0 0 255
0.2088181 0.0965058 0.6802269 0 0 255
0.2101943 0.0964066 0.6795276 0 0 255
0.2118962 0.0964571 0.6798836 0 0 255
0.2133789 0.0964079 0.6795363 0 0 255
0.2149712 0.0964085 0.6795406 0 0 255
0.2164516 0.0963593 0.6791937 0 0 255
0.2181559 0.0964097 0.6795494 0 0 255
0.2197482 0.0964103 0.6795537 0 0 255
0.2213406 0.0964110 0.6795581 0 0 255
0.2230484 0.0964615 0.6799142 0 0 255
0.2242935 0.0963126 0.6788647 0 0 255
0.2261179 0.0964128 0.6795712 0 0 255
0.2273577 0.0962641 0.6785228 0 0 255
0.2289477 0.0962647 0.6785272 0 0 255
0.2305377 0.0962653 0.6785315 0 0 255
0.2320080 0.0962162 0.6781856 0 0 255
0.2335973 0.0962169 0.6781900 0 0 255
0.2349440 0.0961183 0.6774950 0 0 255
0.2365317 0.0961189 0.6774994 0 0 255
0.2377516 0.0959710 0.6764573 0 0 255
0.2393369 0.0959717 0.6764617 0 0 255
0.2407982 0.0959229 0.6761180 0 0 255
0.2422581 0.0958742 0.6757746 0 0 255
0.2438417 0.0958748 0.6757790 0 0 255
0.2811292 0.0951082 0.6703758 0 0 255
0.2828448 0.0951574 0.6707222 0 0 255
0.2841269 0.0950610 0.6700426 0 0 255
0.2856975 0.0950616 0.6700469 0 0 255
0.2871217 0.0950138 0.6697099 0 0 255
0.2885444 0.0949660 0.6693730 0 0 255
0.2899657 0.0949182 0.6690366 0 0 255
0.2915339 0.0949189 0.6690409 0 0 255
0.2931022 0.0949195 0.6690452 0 0 255
0.2946705 0.0949201 0.6690495 0 0 255
0.2960880 0.0948724 0.6687135 0 0 255
0.2975042 0.0948248 0.6683777 0 0 255
0.2990709 0.0948254 0.6683820 0 0 255
0.3007906 0.0948742 0.6687263 0 0 255
0.3023582 0.0948748 0.6687306 0 0 255
0.3039258 0.0948754 0.6687349 0 0 255
0.3051828 0.0947796 0.6680593 0 0 255
0.3065930 0.0947321 0.6677244 0 0 255
0.3080018 0.0946846 0.6673896 0 0 255
0.3097236 0.0947333 0.6677330 0 0 255
0.3108152 0.0945898 0.6667212 0 0 255
0.3123781 0.0945904 0.6667255 0 0 255
0.3137819 0.0945430 0.6663917 0 0 255
0.3184685 0.0945448 0.6664045 0 0 255
0.3203556 0.0946414 0.6670852 0 0 255
-0.0234526 0.1040980 0.7218133 0 0 255
-0.0217509 0.1040414 0.7214212 0 0 255
-0.0200620 0.1040421 0.7214259 0 0 255
-0.0173889 0.0984695 0.6827857 0 0 255
-0.0157414 0.0981638 0.6806657 0 0 255
-0.0141406 0.0981135 0.6803173 0 0 255
-0.0125414 0.0980633 0.6799693 0 0 255
-0.0109382 0.0979625 0.6792700 0 0 255
-0.0093190 0.0976599 0.6771718 0 0 255
-0.0077297 0.0976102 0.6768271 0 0 255
-0.0061325 0.0974099 0.6754384 0 0 255
-0.0045535 0.0974607 0.6757904 0 0 255
-0.0029653 0.0972616 0.6744103 0 0 255
-0.0013849 0.0971624 0.6737224 0 0 255
0.0001922 0.0970635 0.6730360 0 0 255
0.0017679 0.0970641 0.6730403 0 0 255
0.0033402 0.0969653 0.6723552 0 0 255
0.0049144 0.0969659 0.6723595 0 0 255
0.0064852 0.0969169 0.6720197 0 0 255
0.0080504 0.0968184 0.6713367 0 0 255
0.0096173 0.0967695 0.6709979 0 0 255
0.0111712 0.0966220 0.6699749 0 0 255
0.0127398 0.0966226 0.6699792 0 0 255
0.0142938 0.0965247 0.6693004 0 0 255
0.0158448 0.0964270 0.6686229 0 0 255
0.0174102 0.0964276 0.6686272 0 0 255
0.0189758 0.0964282 0.6686316 0 0 255
0.0205308 0.0963798 0.6682955 0 0 255
0.0220844 0.0963314 0.6679598 0 0 255
0.0236003 0.0961363 0.6666075 0 0 255
0.0251739 0.0961858 0.6669504 0 0 255
0.0267220 0.0961376 0.6666160 0 0 255
0.0282828 0.0961382 0.6666204 0 0 255
0.0298135 0.0960413 0.6659485 0 0 255
0.0313569 0.0959932 0.6656151 0 0 255
0.0329321 0.0960425 0.6659570 0 0 255
0.0344740 0.0959945 0.6656237 0 0 255
0.0360509 0.0960438 0.6659656 0 0 255
0.0299080 0.0763753 0.5295845 0 0 255
0.0308744 0.0757048 0.5249355 0 0 255
0.0320524 0.0755845 0.5241011 0 0 255
0.0332796 0.0755849 0.5241045 0 0 255
0.0345069 0.0755854 0.5241079 0 0 255
0.0357056 0.0755257 0.5236934 0 0 255
0.0369614 0.0755864 0.5241146 0 0 255
0.1712806 0.0984936 0.6829529 0 0 255
0.1733312 0.0987510 0.6847373 0 0 255
0.1747532 0.0986488 0.6840286 0 0 255
0.1761724 0.0985468 0.6833214 0 0 255
0.1775886 0.0984450 0.6826156 0 0 255
0.1793742 0.0985480 0.6833301 0 0 255
0.1806933 0.0983951 0.6822698 0 0 255
0.1821026 0.0982937 0.6815663 0 0 255
0.1836995 0.0982943 0.6815706 0 0 255
0.1852003 0.0982440 0.6812216 0 0 255
0.1863145 0.0979911 0.6794687 0 0 255
0.1878093 0.0979411 0.6791218 0 0 255
0.1894985 0.0979924 0.6794774 0 0 255
0.1907945 0.0978412 0.6784292 0 0 255
0.1925830 0.0979430 0.6791350 0 0 255
0.1941742 0.0979436 0.6791393 0 0 255
0.1959681 0.0980456 0.6798466 0 0 255
0.1973567 0.0979449 0.6791480 0 0 255
0.1988452 0.0978949 0.6788015 0 0 255
0.2006431 0.0979968 0.6795080 0 0 255
0.2019219 0.0978456 0.6784597 0 0 255
0.2031969 0.0976949 0.6774146 0 0 255
0.2048898 0.0977459 0.6777684 0 0 255
0.2066911 0.0978475 0.6784728 0 0 255
0.2081734 0.0977976 0.6781269 0 0 255
0.2095461 0.0976974 0.6774320 0 0 255
0.2111335 0.0976980 0.6774364 0 0 255
0.2129404 0.0977995 0.6781400 0 0 255
0.2145295 0.0978002 0.6781444 0 0 255
0.2162301 0.0978513 0.6784989 0 0 255
0.2178200 0.0978519 0.6785033 0 0 255
0.2194099 0.0978525 0.6785076 0 0 255
0.2211141 0.0979037 0.6788626 0 0 255
0.2225899 0.0978538 0.6785163 0 0 255
0.2239485 0.0977535 0.6778206 0 0 255
0.2255369 0.0977541 0.6778250 0 0 255
0.2271253 0.0977547 0.6778293 0 0 255
0.2287137 0.0977554 0.6778337 0 0 255
0.2299463 0.0976049 0.6767907 0 0 255
0.2312940 0.0975051 0.6760985 0 0 255
0.2328784 0.0975057 0.6761029 0 0 255
0.2343422 0.0974562 0.6757595 0 0 255
0.2356834 0.0973567 0.6750695 0 0 255
0.2371435 0.0973073 0.6747272 0 0 255
0.2386022 0.0972580 0.6743852 0 0 255
0.2851188 0.0964367 0.6686899 0 0 255
0.2862493 0.0962903 0.6676751 0 0 255
0.2878143 0.0962909 0.6676794 0 0 255
0.2892324 0.0962427 0.6673447 0 0 255
0.2909444 0.0962922 0.6676880 0 0 255
0.2922126 0.0961950 0.6670146 0 0 255
0.2939253 0.0962445 0.6673576 0 0 255
0.2954896 0.0962451 0.6673619 0 0 255
0.2969032 0.0961969 0.6670275 0 0 255
0.2983154 0.0961487 0.6666934 0 0 255
0.3000303 0.0961981 0.6670361 0 0 255
0.3015939 0.0961988 0.6670403 0 0 255
0.3030038 0.0961506 0.6667063 0 0 255
0.3045667 0.0961512 0.6667106 0 0 255
0.3058193 0.0960544 0.6660392 0 0 255
0.3076924 0.0961524 0.6667191 0 0 255
0.3087854 0.0960070 0.6657104 0 0 255
-0.0216796 0.1053861 0.7190568 0 0 255
-0.0199416 0.1050989 0.7170972 0 0 255
-0.0181538 0.1044717 0.7128178 0 0 255
-0.0157989 0.1001239 0.6831521 0 0 255
-0.0141334 0.0996577 0.6799716 0 0 255
-0.0125545 0.0997617 0.6806812 0 0 255
-0.0109157 0.0993502 0.6778735 0 0 255
-0.0093095 0.0991461 0.6764805 0 0 255
-0.0077297 0.0991978 0.6768336 0 0 255
-0.0061357 0.0990452 0.6757926 0 0 255
-0.0045582 0.0991480 0.6764935 0 0 255
-0.0029668 0.0988944 0.6747636 0 0 255
-0.0013864 0.0988443 0.6744213 0 0 255
0.0001926 0.0988449 0.6744256 0 0 255
0.0017689 0.0986934 0.6733922 0 0 255
0.0033420 0.0985929 0.6727063 0 0 255
0.0049170 0.0985935 0.6727106 0 0 255
0.0064886 0.0985437 0.6723704 0 0 255
0.0080587 0.0984939 0.6720306 0 0 255
0.0096272 0.0984441 0.6716911 0 0 255
0.0111884 0.0983441 0.6710088 0 0 255
0.0127529 0.0982945 0.6706703 0 0 255
0.0143159 0.0982449 0.6703321 0 0 255
0.0158692 0.0981454 0.6696526 0 0 255
0.0174282 0.0980960 0.6693156 0 0 255
0.0189856 0.0980466 0.6689789 0 0 255
0.0205415 0.0979973 0.6686424 0 0 255
0.0220958 0.0979481 0.6683064 0 0 255
0.0236125 0.0977497 0.6669527 0 0 255
0.0251742 0.0977503 0.6669570 0 0 255
0.0267358 0.0977509 0.6669613 0 0 255
0.0282831 0.0977019 0.6666269 0 0 255
0.0298289 0.0976529 0.6662929 0 0 255
0.0313890 0.0976536 0.6662972 0 0 255
0.0329324 0.0976047 0.6659635 0 0 255
0.0344394 0.0974570 0.6649559 0 0 255
0.0289248 0.0783116 0.5343255 0 0 255
0.0298121 0.0773680 0.5278872 0 0 255
0.0308501 0.0768747 0.5245214 0 0 255
0.0320527 0.0768138 0.5241063 0 0 255
0.0333065 0.0768757 0.5245281 0 0 255
0.0345072 0.0768148 0.5241130 0 0 255
0.0356775 0.0766929 0.5232813 0 0 255
0.0368442 0.0765714 0.5224522 0 0 255
0.1740300 0.0998374 0.6811976 0 0 255
0.1757171 0.0998898 0.6815554 0 0 255
0.1772219 0.0998387 0.6812063 0 0 255
0.1787252 0.0997876 0.6808577 0 0 255
0.1802270 0.0997365 0.6805093 0 0 255
0.1817273 0.0996855 0.6801615 0 0 255
0.1832260 0.0996346 0.6798139 0 0 255
0.1843430 0.0993788 0.6780682 0 0 255
0.1860277 0.0994307 0.6784227 0 0 255
0.1876172 0.0994314 0.6784271 0 0 255
0.1889141 0.0992782 0.6773821 0 0 255
0.1905995 0.0993300 0.6777359 0 0 255
0.1922867 0.0993820 0.6780900 0 0 255
0.1938754 0.0993826 0.6780944 0 0 255
0.1952627 0.0992807 0.6773995 0 0 255
0.1967484 0.0992302 0.6770547 0 0 255
0.1987445 0.0994358 0.6784576 0 0 255
0.2004377 0.0994878 0.6788125 0 0 255
0.2015077 0.0992321 0.6770678 0 0 255
0.2031988 0.0992839 0.6774212 0 0 255
0.2049975 0.0993871 0.6781248 0 0 255
0.2063735 0.0992852 0.6774299 0 0 255
0.2076396 0.0991325 0.6763880 0 0 255
0.2092245 0.0991331 0.6763924 0 0 255
0.2109180 0.0991848 0.6767451 0 0 255
0.2123944 0.0991344 0.6764010 0 0 255
0.2140895 0.0991861 0.6767538 0 0 255
0.2156754 0.0991867 0.6767581 0 0 255
0.2172612 0.0991874 0.6767625 0 0 255
0.2187344 0.0991370 0.6764184 0 0 255
0.2203194 0.0991376 0.6764228 0 0 255
0.2219045 0.0991382 0.6764271 0 0 255
0.2233746 0.0990879 0.6760834 0 0 255
0.2250747 0.0991395 0.6764358 0 0 255
0.2264267 0.0990382 0.6757444 0 0 255
0.2281275 0.0990898 0.6760964 0 0 255
0.2294757 0.0989885 0.6754057 0 0 255
0.2310585 0.0989892 0.6754101 0 0 255
0.2324024 0.0988882 0.6747209 0 0 255
0.2341037 0.0989396 0.6750718 0 0 255
0.2353230 0.0987880 0.6740373 0 0 255
0.2900632 0.0975610 0.6656656 0 0 255
0.2919192 0.0976606 0.6663448 0 0 255
0.2933324 0.0976117 0.6660115 0 0 255
0.2947442 0.0975629 0.6656784 0 0 255
0.2961546 0.0975141 0.6653458 0 0 255
0.2978650 0.0975641 0.6656870 0 0 255
0.2994254 0.0975648 0.6656913 0 0 255
0.3009859 0.0975654 0.6656955 0 0 255
0.3023932 0.0975166 0.6653628 0 0 255
0.3037992 0.0974679 0.6650305 0 0 255
0.3053581 0.0974686 0.6650348 0 0 255
0.3069170 0.0974692 0.6650391 0 0 255
-0.0199092 0.1066063 0.7159308 0 0 255
-0.0181638 0.1062015 0.7132122 0 0 255
-0.0165031 0.1062599 0.7136045 0 0 255
-0.0148487 0.1063763 0.7143859 0 0 255
-0.0125546 0.1013584 0.6806878 0 0 255
-0.0109102 0.1008882 0.6775302 0 0 255
-0.0093048 0.1006810 0.6761386 0 0 255
-0.0077298 0.1007855 0.6768402 0 0 255
-0.0061389 0.1006823 0.6761473 0 0 255
-0.0045559 0.1006830 0.6761517 0 0 255
-0.0029729 0.1006836 0.6761560 0 0 255
-0.0013885 0.1005807 0.6754646 0 0 255
0.0001928 0.1005302 0.6751259 0 0 255
0.0017725 0.1004792 0.6747832 0 0 255
0.0033489 0.1003767 0.6740946 0 0 255
0.0049195 0.1002229 0.6730622 0 0 255
0.0064920 0.1001722 0.6727216 0 0 255
0.0080753 0.1002756 0.6734161 0 0 255
0.0096372 0.1001222 0.6723857 0 0 255
0.0112000 0.1000204 0.6717020 0 0 255
0.0127661 0.0999699 0.6713628 0 0 255
0.0143233 0.0998684 0.6706812 0 0 255
0.0158855 0.0998180 0.6703430 0 0 255
0.0174372 0.0997168 0.6696635 0 0 255
0.0190149 0.0997684 0.6700096 0 0 255
0.0205626 0.0996673 0.6693307 0 0 255
0.0221073 0.0995664 0.6686532 0 0 255
0.0236248 0.0993646 0.6672982 0 0 255
0.0251744 0.0993148 0.6669635 0 0 255
0.0267089 0.0992146 0.6662908 0 0 255
0.0282690 0.0992153 0.6662951 0 0 255
0.0298443 0.0992663 0.6666377 0 0 255
0.0313734 0.0991662 0.6659657 0 0 255
0.0328994 0.0990664 0.6652951 0 0 255
0.0344747 0.0991172 0.6656367 0 0 255
0.0288780 0.0794357 0.5334627 0 0 255
0.0297885 0.0785431 0.5274684 0 0 255
0.0308750 0.0781675 0.5249458 0 0 255
0.0320530 0.0780433 0.5241114 0 0 255
0.0332802 0.0780438 0.5241148 0 0 255
0.0345075 0.0780443 0.5241182 0 0 255
0.0356495 0.0778584 0.5228699 0 0 255
0.0368445 0.0777970 0.5224574 0 0 255
0.1829450 0.1010730 0.6787712 0 0 255
0.1842497 0.1009173 0.6777251 0 0 255
0.1856460 0.1008139 0.6770309 0 0 255
0.1872323 0.1008145 0.6770352 0 0 255
0.1888186 0.1008152 0.6770396 0 0 255
0.1904049 0.1008158 0.6770439 0 0 255
0.1917936 0.1007127 0.6763512 0 0 255
0.1932788 0.1006615 0.6760076 0 0 255
0.1949630 0.1007140 0.6763598 0 0 255
0.1964466 0.1006628 0.6760162 0 0 255
0.1980306 0.1006634 0.6760206 0 0 255
0.1996146 0.1006641 0.6760249 0 0 255
0.2009918 0.1005613 0.6753343 0 0 255
0.2026783 0.1006136 0.6756859 0 0 255
0.2040517 0.1005109 0.6749960 0 0 255
0.2056333 0.1005115 0.6750003 0 0 255
0.2073215 0.1005638 0.6753516 0 0 255
0.2087966 0.1005128 0.6750090 0 0 255
0.2104864 0.1005651 0.6753603 0 0 255
0.2120689 0.1005658 0.6753646 0 0 255
0.2134320 0.1004631 0.6746753 0 0 255
0.2152340 0.1005671 0.6753733 0 0 255
0.2168166 0.1005677 0.6753776 0 0 255
0.2183992 0.1005683 0.6753820 0 0 255
0.2198688 0.1005173 0.6750393 0 0 255
0.2215645 0.1005697 0.6753907 0 0 255
0.2230325 0.1005186 0.6750481 0 0 255
0.2246144 0.1005193 0.6750524 0 0 255
0.2259641 0.1004167 0.6743639 0 0 255
-0.0181443 0.1077574 0.7124449 0 0 255
-0.0164854 0.1078166 0.7128364 0 0 255
-0.0148246 0.1078759 0.7132283 0 0 255
-0.0131620 0.1079352 0.7136207 0 0 255
-0.0109046 0.1024247 0.6771873 0 0 255
-0.0093049 0.1022671 0.6761453 0 0 255
-0.0077259 0.1023204 0.6764981 0 0 255
-0.0061421 0.1023211 0.6765024 0 0 255
-0.0045583 0.1023218 0.6765068 0 0 255
-0.0029714 0.1022171 0.6758146 0 0 255
-0.0013892 0.1022177 0.6758190 0 0 255
0.0001928 0.1021133 0.6751282 0 0 255
0.0017725 0.1020621 0.6747898 0 0 255
0.0033472 0.1019056 0.6737552 0 0 255
0.0049196 0.1018018 0.6730688 0 0 255
0.0064954 0.1018024 0.6730731 0 0 255
0.0080795 0.1019076 0.6737682 0 0 255
0.0096422 0.1017516 0.6727368 0 0 255
0.0112001 0.1015960 0.6717086 0 0 255
0.0127858 0.1017007 0.6724009 0 0 255
0.0143381 0.1015454 0.6713737 0 0 255
0.0159019 0.1014941 0.6710349 0 0 255
0.0174552 0.1013911 0.6703539 0 0 255
0.0190248 0.1013918 0.6703582 0 0 255
0.0205943 0.1013924 0.6703625 0 0 255
0.0221188 0.1011864 0.6690005 0 0 255
0.0236370 0.1009813 0.6676440 0 0 255
0.0251619 0.1008281 0.6666313 0 0 255
0.0267363 0.1008800 0.6669743 0 0 255
0.0282837 0.1008294 0.6666399 0 0 255
0.0298295 0.1007789 0.6663059 0 0 255
0.0313896 0.1007795 0.6663102 0 0 255
0.0329164 0.1006780 0.6656389 0 0 255
0.0344575 0.1006276 0.6653059 0 0 255
0.0285537 0.0797800 0.5274702 0 0 255
0.0297888 0.0797805 0.5274736 0 0 255
0.0310239 0.0797810 0.5274770 0 0 255
0.0321302 0.0794629 0.5253742 0 0 255
0.0332276 0.0791469 0.5232849 0 0 255
0.0344804 0.0792105 0.5237055 0 0 255
0.0356215 0.0790220 0.5224591 0 0 255
0.1946643 0.1021428 0.6753235 0 0 255
0.1959444 0.1019862 0.6742880 0 0 255
0.1977273 0.1020916 0.6749852 0 0 255
0.1993089 0.1020923 0.6749896 0 0 255
0.2007873 0.1020405 0.6746473 0 0 255
0.2022642 0.1019888 0.6743054 0 0 255
0.2038442 0.1019895 0.6743097 0 0 255
0.2052136 0.1018855 0.6736227 0 0 255
0.2068981 0.1019385 0.6739725 0 0 255
0.2083704 0.1018868 0.6736313 0 0 255
0.2099489 0.1018875 0.6736357 0 0 255
0.2116359 0.1019404 0.6739856 0 0 255
0.2132152 0.1019411 0.6739899 0 0 255
-0.0147766 0.1091930 0.7109176 0 0 255
-0.0130137 0.1083727 0.7055767 0 0 255
-0.0113986 0.1087240 0.7078642 0 0 255
-0.0093194 0.1040139 0.6771984 0 0 255
-0.0077379 0.1040683 0.6775522 0 0 255
-0.0061549 0.1041227 0.6779065 0 0 255
-0.0045631 0.1040159 0.6772114 0 0 255
-0.0029745 0.1039094 0.6765178 0 0 255
-0.0013892 0.1038031 0.6758255 0 0 255
0.0001930 0.1038037 0.6758299 0 0 255
0.0017735 0.1036983 0.6751435 0 0 255
0.0033507 0.1035924 0.6744541 0 0 255
0.0049272 0.1035399 0.6741121 0 0 255
0.0065122 0.1036470 0.6748095 0 0 255
0.0080921 0.1036477 0.6748138 0 0 255
0.0096423 0.1033297 0.6727434 0 0 255
0.0112174 0.1033303 0.6727477 0 0 255
0.0128056 0.1034370 0.6734422 0 0 255
0.0143676 0.1033316 0.6727563 0 0 255
0.0159346 0.1032794 0.6724161 0 0 255
0.0174822 0.1031216 0.6713889 0 0 255
0.0190736 0.1032278 0.6720805 0 0 255
0.0206578 0.1032814 0.6724291 0 0 255
0.0221868 0.1030709 0.6710587 0 0 255
0.0237217 0.1029138 0.6700356 0 0 255
0.0252905 0.1029144 0.6700399 0 0 255
0.0268183 0.1027578 0.6690199 0 0 255
0.0283271 0.1025494 0.6676635 0 0 255
0.0298752 0.1024979 0.6673284 0 0 255
0.0314378 0.1024986 0.6673326 0 0 255
0.0330004 0.1024993 0.6673369 0 0 255
0.0273628 0.0811471 0.5283205 0 0 255
0.0285539 0.0810173 0.5274754 0 0 255
0.0297891 0.0810178 0.5274788 0 0 255
0.0309250 0.0807594 0.5257965 0 0 255
0.0320281 0.0804380 0.5237038 0 0 255
0.0331750 0.0802466 0.5224575 0 0 255
0.0343984 0.0802471 0.5224609 0 0 255
-0.0147369 0.1105620 0.7090091 0 0 255
-0.0129998 0.1099097 0.7048259 0 0 255
-0.0113559 0.1099694 0.7052091 0 0 255
-0.0097310 0.1102663 0.7071131 0 0 255
-0.0080453 0.1098528 0.7044612 0 0 255
-0.0063926 0.1097946 0.7040879 0 0 255
-0.0047340 0.1095602 0.7025850 0 0 255
-0.0030875 0.1095023 0.7022137 0 0 255
-0.0014412 0.1093276 0.7010931 0 0 255
0.0001958 0.1069304 0.6857209 0 0 255
0.0017891 0.1062099 0.6811004 0 0 255
0.0033785 0.1060456 0.6800463 0 0 255
0.0049475 0.1055541 0.6768950 0 0 255
0.0065156 0.1052841 0.6751631 0 0 255
0.0080963 0.1052848 0.6751674 0 0 255
0.0096622 0.1051233 0.6741317 0 0 255
0.0112348 0.1050700 0.6737900 0 0 255
0.0128123 0.1050707 0.6737944 0 0 255
0.0143825 0.1050174 0.6734532 0 0 255
0.0159593 0.1050181 0.6734574 0 0 255
0.0175271 0.1049649 0.6731165 0 0 255
0.0191032 0.1049656 0.6731209 0 0 255
0.0207111 0.1051280 0.6741620 0 0 255
0.0222439 0.1049132 0.6727845 0 0 255
0.0238192 0.1049139 0.6727889 0 0 255
0.0254205 0.1050222 0.6734835 0 0 255
0.0269974 0.1050228 0.6734878 0 0 255
0.0285305 0.1048622 0.6724573 0 0 255
0.0300589 0.1047020 0.6714300 0 0 255
0.0315503 0.1044356 0.6697219 0 0 255
0.0331693 0.1045963 0.6707526 0 0 255
0.0273191 0.0822541 0.5274771 0 0 255
0.0285542 0.0822546 0.5274805 0 0 255
0.0298133 0.0823213 0.5279078 0 0 255
0.0309006 0.0819273 0.5253811 0 0 255
0.0319774 0.0815365 0.5228752 0 0 255
0.0331490 0.0814074 0.5220474 0 0 255
-0.0113682 0.1117438 0.7059745 0 0 255
-0.0097102 0.1116844 0.7055995 0 0 255
-0.0080453 0.1115054 0.7044681 0 0 255
-0.0063892 0.1113865 0.7037173 0 0 255
-0.0047366 0.1112679 0.7029682 0 0 255
-0.0030875 0.1111496 0.7022206 0 0 255
-0.0014389 0.1107947 0.6999785 0 0 255
0.0001999 0.1107954 0.6999829 0 0 255
0.0018348 0.1105603 0.6984976 0 0 255
0.0034463 0.1098022 0.6937082 0 0 255
0.0065056 0.1067033 0.6741296 0 0 255
0.0080881 0.1067588 0.6744803 0 0 255
0.0096722 0.1068144 0.6748313 0 0 255
0.0112522 0.1068150 0.6748356 0 0 255
0.0128190 0.1067060 0.6741470 0 0 255
0.0143974 0.1067067 0.6741514 0 0 255
0.0159759 0.1067074 0.6741557 0 0 255
0.0175543 0.1067081 0.6741600 0 0 255
0.0191328 0.1067088 0.6741644 0 0 255
0.0207326 0.1068192 0.6748617 0 0 255
0.0222898 0.1067102 0.6741730 0 0 255
0.0238683 0.1067108 0.6741773 0 0 255
0.0254207 0.1066021 0.6734901 0 0 255
0.0270254 0.1067122 0.6741860 0 0 255
0.0285600 0.1065488 0.6731535 0 0 255
0.0301362 0.1065495 0.6731578 0 0 255
0.0316151 0.1062234 0.6710977 0 0 255
0.0331696 0.1061698 0.6707591 0 0 255
0.0273633 0.0836258 0.5283308 0 0 255
0.0285774 0.0835591 0.5279096 0 0 255
0.0298376 0.0836269 0.5283376 0 0 255
0.0308269 0.0829607 0.5241286 0 0 255
0.0320287 0.0828951 0.5237141 0 0 255
0.0331757 0.0826978 0.5224677 0 0 255
-0.0097051 0.1132788 0.7052274 0 0 255
-0.0080411 0.1130972 0.7040971 0 0 255
-0.0063893 0.1130373 0.7037241 0 0 255
-0.0047341 0.1128566 0.7025988 0 0 255
-0.0030909 0.1129177 0.7029796 0 0 255
-0.0014420 0.1126771 0.7014815 0 0 255
0.0002001 0.1125575 0.7007371 0 0 255
0.0018397 0.1124982 0.7003677 0 0 255
0.0034739 0.1123191 0.6992531 0 0 255
0.0051001 0.1120811 0.6977710 0 0 255
0.0067302 0.1120223 0.6974047 0 0 255
0.0080923 0.1083967 0.6748337 0 0 255
0.0096723 0.1083974 0.6748379 0 0 255
0.0112465 0.1083424 0.6744956 0 0 255
0.0128323 0.1083988 0.6748466 0 0 255
0.0143976 0.1082882 0.6741579 0 0 255
0.0176723 0.1090166 0.6786927 0 0 255
0.0191526 0.1084016 0.6748640 0 0 255
0.0207221 0.1083466 0.6745216 0 0 255
0.0223129 0.1084030 0.6748727 0 0 255
0.0239300 0.1085711 0.6759192 0 0 255
0.0272212 0.1090772 0.6790699 0 0 255
0.0286779 0.1085732 0.6759323 0 0 255
0.0302139 0.1084065 0.6748943 0 0 255
0.0319750 0.1090236 0.6787363 0 0 255
0.0273636 0.0848652 0.5283359 0 0 255
0.0286237 0.0849340 0.5287647 0 0 255
0.0298378 0.0848663 0.5283427 0 0 255
0.0308519 0.0842574 0.5245523 0 0 255
0.0320035 0.0840566 0.5233020 0 0 255
-0.0080240 0.1145033 0.7025967 0 0 255
-0.0063654 0.1142594 0.7011002 0 0 255
-0.0047215 0.1141992 0.7007305 0 0 255
-0.0030810 0.1141999 0.7007350 0 0 255
-0.0014359 0.1138361 0.6985024 0 0 255
0.0001989 0.1135347 0.6966535 0 0 255
0.0018300 0.1135355 0.6966580 0 0 255
0.0034684 0.1137777 0.6981444 0 0 255
0.0050867 0.1134166 0.6959283 0 0 255
0.0067089 0.1132972 0.6951957 0 0 255
0.0083366 0.1132979 0.6952002 0 0 255
0.0099222 0.1128214 0.6922764 0 0 255
0.0114346 0.1117613 0.6857719 0 0 255
0.0129120 0.1106638 0.6790373 0 0 255
0.0145470 0.1110090 0.6811554 0 0 255
0.0162855 0.1119975 0.6872209 0 0 255
0.0180266 0.1128250 0.6922986 0 0 255
0.0196165 0.1126475 0.6912096 0 0 255
0.0211237 0.1120583 0.6875942 0 0 255
0.0224399 0.1106109 0.6787124 0 0 255
0.0241038 0.1109557 0.6808285 0 0 255
0.0257513 0.1111870 0.6822479 0 0 255
0.0274916 0.1117685 0.6858159 0 0 255
0.0291584 0.1120033 0.6872563 0 0 255
0.0308160 0.1121801 0.6883416 0 0 255
0.0323937 0.1120634 0.6876251 0 0 255
0.0339150 0.1117714 0.6858336 0 0 255
0.0273859 0.0861739 0.5287665 0 0 255
0.0286010 0.0861052 0.5283446 0 0 255
0.0298381 0.0861057 0.5283480 0 0 255
0.0310753 0.0861063 0.5283514 0 0 255
-0.0047166 0.1157195 0.6999900 0 0 255
-0.0030712 0.1154739 0.6985047 0 0 255
-0.0014328 0.1152294 0.6970257 0 0 255
0.0001990 0.1151690 0.6966603 0 0 255
0.0018300 0.1151698 0.6966648 0 0 255
0.0034574 0.1150484 0.6959306 0 0 255
0.0050813 0.1149273 0.6951981 0 0 255
0.0067090 0.1149280 0.6952025 0 0 255
0.0083411 0.1149897 0.6955754 0 0 255
0.0099590 0.1148687 0.6948435 0 0 255
0.0115859 0.1148694 0.6948479 0 0 255
0.0131919 0.1146888 0.6937554 0 0 255
0.0148240 0.1147502 0.6941266 0 0 255
0.0164405 0.1146903 0.6937643 0 0 255
0.0180745 0.1147516 0.6941355 0 0 255
0.0196581 0.1145102 0.6926751 0 0 255
0.0212912 0.1145714 0.6930452 0 0 255
0.0227816 0.1139107 0.6890487 0 0 255
0.0243950 0.1139114 0.6890531 0 0 255
0.0260220 0.1139720 0.6894193 0 0 255
0.0276073 0.1138531 0.6887006 0 0 255
0.0292352 0.1139136 0.6890664 0 0 255
0.0308486 0.1139144 0.6890708 0 0 255
0.0324621 0.1139151 0.6890752 0 0 255
0.0340220 0.1137368 0.6879966 0 0 255
0.0273641 0.0873440 0.5283463 0 0 255
0.0285783 0.0872744 0.5279251 0 0 255
0.0298384 0.0873452 0.5283531 0 0 255
0.0308278 0.0866493 0.5241439 0 0 255
-0.0014344 0.1169888 0.6977735 0 0 255
0.0001990 0.1168033 0.6966671 0 0 255
0.0018300 0.1168041 0.6966715 0 0 255
0.0034611 0.1168048 0.6966760 0 0 255
0.0050814 0.1165582 0.6952048 0 0 255
0.0067090 0.1165589 0.6952093 0 0 255
0.0083367 0.1165597 0.6952137 0 0 255
0.0099591 0.1164987 0.6948503 0 0 255
0.0115738 0.1163770 0.6941245 0 0 255
0.0131990 0.1163778 0.6941289 0 0 255
0.0148164 0.1163170 0.6937666 0 0 255
0.0164494 0.1163793 0.6941378 0 0 255
0.0180746 0.1163800 0.6941423 0 0 255
0.0196895 0.1163193 0.6937799 0 0 255
0.0213139 0.1163200 0.6937844 0 0 255
0.0229383 0.1163208 0.6937889 0 0 255
0.0243952 0.1155279 0.6890599 0 0 255
0.0260086 0.1155286 0.6890643 0 0 255
0.0275353 0.1151668 0.6869059 0 0 255
0.0291437 0.1151675 0.6869103 0 0 255
0.0308004 0.1153493 0.6879944 0 0 255
0.0323944 0.1152896 0.6876386 0 0 255
0.0339867 0.1152300 0.6872830 0 0 255
0.0273424 0.0885123 0.5279268 0 0 255
0.0285327 0.0883708 0.5270830 0 0 255
0.0298147 0.0885134 0.5279336 0 0 255
0.0034574 0.1183136 0.6959442 0 0 255
0.0050787 0.1181265 0.6948436 0 0 255
0.0067056 0.1181273 0.6948481 0 0 255
0.0083368 0.1181906 0.6952205 0 0 255
0.0099645 0.1181914 0.6952250 0 0 255
0.0115801 0.1180678 0.6944985 0 0 255
0.0131991 0.1180062 0.6941357 0 0 255
0.0148322 0.1180694 0.6945074 0 0 255
0.0164583 0.1180701 0.6945118 0 0 255
0.0180844 0.1180709 0.6945163 0 0 255
0.0197001 0.1180092 0.6941536 0 0 255
0.0213141 0.1179476 0.6937913 0 0 255
0.0229264 0.1178861 0.6934293 0 0 255
0.0244083 0.1172059 0.6894284 0 0 255
0.0259680 0.1169610 0.6879879 0 0 255
0.0275500 0.1168393 0.6872721 0 0 255
0.0291745 0.1169013 0.6876364 0 0 255
0.0307846 0.1169020 0.6876408 0 0 255
0.0323777 0.1168416 0.6872853 0 0 255
0.0264897 0.0910677 0.5356782 0 0 255
0.0272988 0.0896068 0.5270848 0 0 255
0.0285101 0.0895355 0.5266655 0 0 255
0.0099489 0.1196331 0.6941336 0 0 255
0.0115802 0.1196971 0.6945053 0 0 255
0.0131993 0.1196346 0.6941425 0 0 255
0.0148245 0.1196354 0.6941470 0 0 255
0.0164497 0.1196361 0.6941515 0 0 255
0.0180750 0.1196369 0.6941559 0 0 255
0.0196899 0.1195745 0.6937936 0 0 255
0.0213143 0.1195752 0.6937981 0 0 255
0.0229146 0.1194497 0.6930700 0 0 255
0.0243957 0.1187609 0.6890734 0 0 255
0.0259410 0.1184509 0.6872743 0 0 255
0.0275359 0.1183897 0.6869193 0 0 255
0.0291443 0.1183904 0.6869237 0 0 255
0.0307688 0.1184532 0.6872876 0 0 255
0.0252563 0.0923991 0.5361173 0 0 255
0.0264684 0.0922491 0.5352470 0 0 255
0.0272553 0.0906977 0.5262454 0 0 255
0.0285104 0.0907710 0.5266708 0 0 255
0.0148168 0.1211998 0.6937870 0 0 255
0.0164325 0.1211365 0.6934250 0 0 255
0.0180752 0.1212654 0.6941627 0 0 255
0.0196797 0.1211381 0.6934339 0 0 255
0.0212920 0.1210749 0.6930723 0 0 255
0.0228906 0.1209480 0.6923458 0 0 255
0.0244344 0.1205673 0.6901667 0 0 255
0.0259821 0.1202521 0.6883620 0 0 255
0.0275650 0.1201269 0.6876454 0 0 255
0.0291598 0.1200648 0.6872899 0 0 255
0.0307852 0.1201284 0.6876543 0 0 255
