{
  "timestamp_utc": "2026-05-02T04:38:40.772662+00:00",
  "model_id": "yonigozlan/EdgeTAM-hf",
  "environment": "edgetam-hf-stream",
  "aggregate": {
    "job_count": 1,
    "passed": 1,
    "failed": 0,
    "mode_summary": {
      "previous_mask": {
        "job_count": 1,
        "first_frame_latency_ms": {
          "mean": 23.312948003876954,
          "median": 23.312948003876954,
          "p90": 23.312948003876954,
          "p95": 23.312948003876954,
          "min": 23.312948003876954,
          "max": 23.312948003876954
        },
        "subsequent_frame_latency_median_ms": {
          "mean": 24.227644000347937,
          "median": 24.227644000347937,
          "p90": 24.227644000347937,
          "p95": 24.227644000347937,
          "min": 24.227644000347937,
          "max": 24.227644000347937
        },
        "end_to_end_streaming_fps": {
          "mean": 41.80122247687473,
          "median": 41.80122247687473,
          "p90": 41.80122247687473,
          "p95": 41.80122247687473,
          "min": 41.80122247687473,
          "max": 41.80122247687473
        },
        "model_only_streaming_fps": {
          "mean": 58.47813347381342,
          "median": 58.47813347381342,
          "p90": 58.47813347381342,
          "p95": 58.47813347381342,
          "min": 58.47813347381342,
          "max": 58.47813347381342
        },
        "area_std_over_mean": {
          "mean": 0.00017138423627499491,
          "median": 0.00017138423627499491,
          "p90": 0.00017138423627499491,
          "p95": 0.00017138423627499491,
          "min": 0.00017138423627499491,
          "max": 0.00017138423627499491
        },
        "iou_to_frame0_min": {
          "mean": 0.9988749323535275,
          "median": 0.9988749323535275,
          "p90": 0.9988749323535275,
          "p95": 0.9988749323535275,
          "min": 0.9988749323535275,
          "max": 0.9988749323535275
        }
      }
    }
  },
  "quality": [
    {
      "case_key": "still_object_round1",
      "camera_idx": 0,
      "prompt_mode": "previous_mask",
      "status": "pass",
      "quality": {
        "frame_count": 3,
        "area_mean": 70180.0,
        "area_std": 12.027745701779143,
        "area_std_over_mean": 0.00017138423627499491,
        "area_min": 70164,
        "area_max": 70193,
        "centroid_drift_px_max": 0.01663091129710911,
        "centroid_drift_px_mean": 0.006489354548007642,
        "bbox_linf_drift_px_max": 0.0,
        "bbox_linf_drift_px_mean": 0.0,
        "iou_to_frame0_mean": 0.9993828087593141,
        "iou_to_frame0_min": 0.9988749323535275,
        "sam21_iou": {
          "small": {
            "variant": "small",
            "available": true,
            "frame_count": 3,
            "missing_frames": [],
            "iou_mean": 0.9873565475136296,
            "iou_min": 0.9860512300278975,
            "iou_median": 0.9874853619650945
          },
          "tiny": {
            "variant": "tiny",
            "available": true,
            "frame_count": 3,
            "missing_frames": [],
            "iou_mean": 0.9897047756702051,
            "iou_min": 0.9891910985517485,
            "iou_median": 0.9897975044865545
          }
        },
        "ffs_point_counts": {
          "output_mean": 61088.333333333336,
          "sam31_mean": 61011.666666666664,
          "delta_mean": 76.66666666666667,
          "delta_min": 7,
          "delta_max": 140
        },
        "failure_frames": [],
        "per_frame": [
          {
            "frame_token": "0",
            "area": 70164,
            "centroid": [
              448.77652357334244,
              329.5054728920814
            ],
            "bbox_xyxy": [
              290.0,
              152.0,
              618.0,
              479.0
            ],
            "centroid_drift_px": 0.0,
            "bbox_linf_drift_px": 0.0,
            "iou_to_frame0": 1.0,
            "ffs_output_point_count": 61010,
            "ffs_sam31_point_count": 61003,
            "ffs_point_count_delta": 7
          },
          {
            "frame_token": "1",
            "area": 70183,
            "centroid": [
              448.7737201316558,
              329.50503683228135
            ],
            "bbox_xyxy": [
              290.0,
              152.0,
              618.0,
              479.0
            ],
            "centroid_drift_px": 0.0028371523469138153,
            "bbox_linf_drift_px": 0.0,
            "iou_to_frame0": 0.9992734939244149,
            "ffs_output_point_count": 61173,
            "ffs_sam31_point_count": 61090,
            "ffs_point_count_delta": 83
          },
          {
            "frame_token": "2",
            "area": 70193,
            "centroid": [
              448.76969213454333,
              329.5206359608508
            ],
            "bbox_xyxy": [
              290.0,
              152.0,
              618.0,
              479.0
            ],
            "centroid_drift_px": 0.01663091129710911,
            "bbox_linf_drift_px": 0.0,
            "iou_to_frame0": 0.9988749323535275,
            "ffs_output_point_count": 61082,
            "ffs_sam31_point_count": 60942,
            "ffs_point_count_delta": 140
          }
        ]
      }
    }
  ]
}