{
  "timestamp_utc": "2026-05-02T04:36:04.767708+00:00",
  "model_id": "yonigozlan/EdgeTAM-hf",
  "environment": "edgetam-hf-stream",
  "aggregate": {
    "job_count": 3,
    "passed": 3,
    "failed": 0,
    "mode_summary": {
      "box": {
        "job_count": 1,
        "first_frame_latency_ms": {
          "mean": 56.353024003328755,
          "median": 56.353024003328755,
          "p90": 56.353024003328755,
          "p95": 56.353024003328755,
          "min": 56.353024003328755,
          "max": 56.353024003328755
        },
        "subsequent_frame_latency_median_ms": {
          "mean": 18.588447499496397,
          "median": 18.588447499496397,
          "p90": 18.588447499496397,
          "p95": 18.588447499496397,
          "min": 18.588447499496397,
          "max": 18.588447499496397
        },
        "end_to_end_streaming_fps": {
          "mean": 32.07529774430293,
          "median": 32.07529774430293,
          "p90": 32.07529774430293,
          "p95": 32.07529774430293,
          "min": 32.07529774430293,
          "max": 32.07529774430293
        },
        "model_only_streaming_fps": {
          "mean": 34.06109286297994,
          "median": 34.06109286297994,
          "p90": 34.06109286297994,
          "p95": 34.06109286297994,
          "min": 34.06109286297994,
          "max": 34.06109286297994
        },
        "area_std_over_mean": {
          "mean": 0.0023122676180130208,
          "median": 0.0023122676180130208,
          "p90": 0.0023122676180130208,
          "p95": 0.0023122676180130208,
          "min": 0.0023122676180130208,
          "max": 0.0023122676180130208
        },
        "iou_to_frame0_min": {
          "mean": 0.983409009009009,
          "median": 0.983409009009009,
          "p90": 0.983409009009009,
          "p95": 0.983409009009009,
          "min": 0.983409009009009,
          "max": 0.983409009009009
        }
      },
      "mask": {
        "job_count": 1,
        "first_frame_latency_ms": {
          "mean": 42.73674899741309,
          "median": 42.73674899741309,
          "p90": 42.73674899741309,
          "p95": 42.73674899741309,
          "min": 42.73674899741309,
          "max": 42.73674899741309
        },
        "subsequent_frame_latency_median_ms": {
          "mean": 19.299725998280337,
          "median": 19.299725998280337,
          "p90": 19.299725998280337,
          "p95": 19.299725998280337,
          "min": 19.299725998280337,
          "max": 19.299725998280337
        },
        "end_to_end_streaming_fps": {
          "mean": 36.88394544296791,
          "median": 36.88394544296791,
          "p90": 36.88394544296791,
          "p95": 36.88394544296791,
          "min": 36.88394544296791,
          "max": 36.88394544296791
        },
        "model_only_streaming_fps": {
          "mean": 42.06982590073588,
          "median": 42.06982590073588,
          "p90": 42.06982590073588,
          "p95": 42.06982590073588,
          "min": 42.06982590073588,
          "max": 42.06982590073588
        },
        "area_std_over_mean": {
          "mean": 0.0034428976839678536,
          "median": 0.0034428976839678536,
          "p90": 0.0034428976839678536,
          "p95": 0.0034428976839678536,
          "min": 0.0034428976839678536,
          "max": 0.0034428976839678536
        },
        "iou_to_frame0_min": {
          "mean": 0.988449753604157,
          "median": 0.988449753604157,
          "p90": 0.988449753604157,
          "p95": 0.988449753604157,
          "min": 0.988449753604157,
          "max": 0.988449753604157
        }
      },
      "point": {
        "job_count": 1,
        "first_frame_latency_ms": {
          "mean": 20.289698004489765,
          "median": 20.289698004489765,
          "p90": 20.289698004489765,
          "p95": 20.289698004489765,
          "min": 20.289698004489765,
          "max": 20.289698004489765
        },
        "subsequent_frame_latency_median_ms": {
          "mean": 19.87512699633953,
          "median": 19.87512699633953,
          "p90": 19.87512699633953,
          "p95": 19.87512699633953,
          "min": 19.87512699633953,
          "max": 19.87512699633953
        },
        "end_to_end_streaming_fps": {
          "mean": 49.96672882319201,
          "median": 49.96672882319201,
          "p90": 49.96672882319201,
          "p95": 49.96672882319201,
          "min": 49.96672882319201,
          "max": 49.96672882319201
        },
        "model_only_streaming_fps": {
          "mean": 54.80585709789757,
          "median": 54.80585709789757,
          "p90": 54.80585709789757,
          "p95": 54.80585709789757,
          "min": 54.80585709789757,
          "max": 54.80585709789757
        },
        "area_std_over_mean": {
          "mean": 0.012595680076722425,
          "median": 0.012595680076722425,
          "p90": 0.012595680076722425,
          "p95": 0.012595680076722425,
          "min": 0.012595680076722425,
          "max": 0.012595680076722425
        },
        "iou_to_frame0_min": {
          "mean": 0.9623393187257276,
          "median": 0.9623393187257276,
          "p90": 0.9623393187257276,
          "p95": 0.9623393187257276,
          "min": 0.9623393187257276,
          "max": 0.9623393187257276
        }
      }
    }
  },
  "quality": [
    {
      "case_key": "still_object_round1",
      "camera_idx": 0,
      "prompt_mode": "point",
      "status": "pass",
      "quality": {
        "frame_count": 3,
        "area_mean": 68739.0,
        "area_std": 865.8144527938227,
        "area_std_over_mean": 0.012595680076722425,
        "area_min": 67517,
        "area_max": 69417,
        "centroid_drift_px_max": 0.8194378109625097,
        "centroid_drift_px_mean": 0.4925428917630759,
        "bbox_linf_drift_px_max": 1.0,
        "bbox_linf_drift_px_mean": 0.6666666666666666,
        "iou_to_frame0_mean": 0.9748995801153696,
        "iou_to_frame0_min": 0.9623393187257276,
        "sam21_iou": {
          "small": {
            "variant": "small",
            "available": true,
            "frame_count": 3,
            "missing_frames": [],
            "iou_mean": 0.9639251527257734,
            "iou_min": 0.9465069804098176,
            "iou_median": 0.9719864655293952
          },
          "tiny": {
            "variant": "tiny",
            "available": true,
            "frame_count": 3,
            "missing_frames": [],
            "iou_mean": 0.9650948651144547,
            "iou_min": 0.9481299712303266,
            "iou_median": 0.9730894343289257
          }
        },
        "ffs_point_counts": {
          "output_mean": 60324.666666666664,
          "sam31_mean": 61011.666666666664,
          "delta_mean": -687.0,
          "delta_min": -1227,
          "delta_max": -414
        },
        "failure_frames": [],
        "per_frame": [
          {
            "frame_token": "0",
            "area": 67517,
            "centroid": [
              447.9032984285439,
              330.8637528326199
            ],
            "bbox_xyxy": [
              289.0,
              152.0,
              619.0,
              479.0
            ],
            "centroid_drift_px": 0.0,
            "bbox_linf_drift_px": 0.0,
            "iou_to_frame0": 1.0,
            "ffs_output_point_count": 59776,
            "ffs_sam31_point_count": 61003,
            "ffs_point_count_delta": -1227
          },
          {
            "frame_token": "1",
            "area": 69417,
            "centroid": [
              448.4884682426495,
              331.4373856548108
            ],
            "bbox_xyxy": [
              290.0,
              152.0,
              618.0,
              479.0
            ],
            "centroid_drift_px": 0.8194378109625097,
            "bbox_linf_drift_px": 1.0,
            "iou_to_frame0": 0.9623393187257276,
            "ffs_output_point_count": 60676,
            "ffs_sam31_point_count": 61090,